path,sha256,size
LICENSE_EE.txt,f459a0a68660ccc9b7809f73f7c6deb22e622603754a18e866496b59db020569,30634
README_EE.md,8d93bdb25ac523532fd82cd842d3c8663d19850417fcd7cf52e84626800226f1,2207
app/design/adminhtml/Magento/backend/Magento_GiftRegistry/web/css/source/_module.less,fa92c092073eeef5fd7b812cceefca681454f2b86db6bc84bad929d4e56b934d,870
composer.json,afcf1556d1fefc1d69cf5a0020359ca8d4c6b16a67db6f8b914354dfbde150c4,3537
dev/tests/api-functional/testsuite/Magento/CustomerBalance/Api/BalanceManagementTest.php,f6aef7175f95058f784a87142b4fde8dfd120683e813542f3e0fb091c012701f,660
dev/tests/api-functional/testsuite/Magento/GiftCard/Api/CartItemRepositoryTest.php,87e330d43fce06749d070d2fcf30ca5cdb940055ec5db81f897cf660804577c1,19919
dev/tests/api-functional/testsuite/Magento/GiftCard/Api/OrderItemRepositoryTest.php,23a0d812633a05587e1119b2df1f5f80c7e1b84dfac884e94b383a20535258d4,4847
dev/tests/api-functional/testsuite/Magento/GiftCard/Api/ProductRepositoryInterfaceTest.php,7a96e9248124c71da42b1f68e64e63149ed4f7c10d0a4abec13abcca84b9ef50,5945
dev/tests/api-functional/testsuite/Magento/GiftCardAccount/Service/V1/ReadServiceTest.php,fbbc7c9b0004484f5bb98637a72494786658c8b95c77c41aa2163a2646033d8e,2196
dev/tests/api-functional/testsuite/Magento/GiftCardAccount/Service/V1/WriteServiceTest.php,0f0eafc1cdab465a9b811986dd88f791d7c810dd82b3aa9abb296710d675ea47,3508
dev/tests/api-functional/testsuite/Magento/GiftWrapping/Api/MessageCartRepositoryTest.php,3f365082cd6a363018a66b28cb5f18e132a97424ff212dfed3af52a257d91126,5479
dev/tests/api-functional/testsuite/Magento/GiftWrapping/Api/MessageGuestCartRepositoryTest.php,cd48f90508776eeb085131e4bbcbba857f9afce646c2c7e337a65938c9f44b81,3360
dev/tests/api-functional/testsuite/Magento/GiftWrapping/Api/MessageGuestItemRepositoryTest.php,7841db8a09e31282636c419dfc1824617c30f5b932c4384374c04b910406a298,3341
dev/tests/api-functional/testsuite/Magento/GiftWrapping/Api/MessageItemRepositoryTest.php,e56a00282dbe6bdac65b2f320838875fbb4ea964a6eec0c9b26330629a328c12,5442
dev/tests/api-functional/testsuite/Magento/GiftWrapping/Api/WrappingRepositoryTest.php,57678a337a1adddb1d4170fb2f8796ec14e86b7c7e5c77aee8dbfa6b3ee77f89,13608
dev/tests/api-functional/testsuite/Magento/GiftWrapping/Api/_files/test_image.jpg,223c210eed5f417924a0d3f9ebc61fd357e7d88661ff3146746db801b56ca64a,1779
dev/tests/api-functional/testsuite/Magento/Rma/Service/V1/CommentReadTest.php,92e8fd3c01417d1ae0a0e20f7a5dc0eee5227df9f87bb66ca7f17a3724472cb6,1678
dev/tests/api-functional/testsuite/Magento/Rma/Service/V1/CommentWriteTest.php,f235de30073b34b2c23aba4bcb6f794cdb0d2a38dd845c5f5d9f5ca550f232b9,2208
dev/tests/api-functional/testsuite/Magento/Rma/Service/V1/RmaReadTest.php,a856e6f17af990817a35260c4b1ebf1c7fe2038170c9e4b51037eacb31ea1702,2887
dev/tests/api-functional/testsuite/Magento/Rma/Service/V1/RmaWriteTest.php,307bf9cb68a0c7fe2763400f7119f799ed5d633e7048073f4d7c4b7b648a882d,6534
dev/tests/api-functional/testsuite/Magento/Rma/Service/V1/TrackReadTest.php,67a64671fd6835a5ab199c96b59747b3253e920948e30684a097394bfe29e5ee,1648
dev/tests/api-functional/testsuite/Magento/Rma/Service/V1/TrackWriteTest.php,42c05ac9074f2bd73839a40fe189f4f868f2cc465d5798425da69b965abf7f7c,2857
dev/tests/functional/tests/app/Magento/AdminGws/Test/Constraint/AssertAdminGwsSalesGrid.php,3a51ea68c82ad6087af875225558618730e62a306c442571d9ce1f92f2ebae8d,1753
dev/tests/functional/tests/app/Magento/AdminGws/Test/Fixture/AdminGwsRole.xml,6306181a5f4e4617089dd4742e4cac7b1d3c5c2ae96a3991ceb7afd92ebc6a24,1100
dev/tests/functional/tests/app/Magento/AdminGws/Test/Fixture/AdminGwsRole/GwsStoreGroups.php,27e49491ece7e505553f88e112f07b3caf9fadaedc245d721084866a619ee856,1354
dev/tests/functional/tests/app/Magento/AdminGws/Test/Fixture/AdminGwsRole/GwsWebsites.php,25f1bf14fb2e91df3b52af49eb6ae408931f73de240421619ea130e7480cfee8,1305
dev/tests/functional/tests/app/Magento/AdminGws/Test/Handler/AdminGwsRole/AdminGwsRoleInterface.php,6968438cf2145fb873308f17823551b1407309e170ee41aaaf08a5e7831e62e5,316
dev/tests/functional/tests/app/Magento/AdminGws/Test/Handler/AdminGwsRole/Curl.php,7540b456508d040d24a4caf914fca37fea5c253be6ecb76418c7ebfdc0052e03,1483
dev/tests/functional/tests/app/Magento/AdminGws/Test/Repository/AdminGwsRole.xml,656a0072fd982878c71e9089108c3c2517b7e20302fd74bf0a4567e9f65a4265,2578
dev/tests/functional/tests/app/Magento/AdminGws/Test/TestCase/UpdateAdminUserEntityTest.xml,fb75bb332d6724e5c8dbf94dd28545229163741033fdb65a294329518f18be96,1685
dev/tests/functional/tests/app/Magento/AdminGws/Test/etc/curl/di.xml,2471c6ef730a9398645c260edd681dc800b04aaa3123168b2486968975df768e,432
dev/tests/functional/tests/app/Magento/AdvancedCheckout/Test/Block/Adminhtml/Widget/Instance/Edit/Tab/Parameters.php,84c5d7e67b574a3417e02f24591bdd28bd3a392c19b75b03c6fd2b39d12c5748,514
dev/tests/functional/tests/app/Magento/AdvancedCheckout/Test/Block/Adminhtml/Widget/Instance/Edit/Tab/ParametersType/OrderBySku.php,00c4b4715b566c3a18cb934fa47d42369eee23bb74a504e251792e2207e08a40,415
dev/tests/functional/tests/app/Magento/AdvancedCheckout/Test/Block/Adminhtml/Widget/Instance/Edit/Tab/ParametersType/OrderBySku.xml,a400bd3d514bcc660778556248be44fa15766f4a62889ac77ca4458fafb90cd5,461
dev/tests/functional/tests/app/Magento/AdvancedCheckout/Test/Block/Adminhtml/Widget/Instance/Edit/WidgetForm.xml,d311d7bddca99ba1712a8d4487bba98ff8e22c34e8df1879bbdbbf97771f2411,437
dev/tests/functional/tests/app/Magento/AdvancedCheckout/Test/Block/AdvancedCheckoutCart.php,8eed3f092bd4e0ac1dccf66bb1b1b0bfa0d6e8f205e1ff0f8a3fe4eebe0c7eea,3483
dev/tests/functional/tests/app/Magento/AdvancedCheckout/Test/Block/Customer/Sku.php,08b2fd5f990694ae827d4270b185c5a84f61d07c2666c0eff7d78989e89af06e,284
dev/tests/functional/tests/app/Magento/AdvancedCheckout/Test/Block/Customer/Sku.xml,eda187bf2443bfb69754bf94c8d2312ef8b9f0f6c8d2eea1c536b9bd2c5aba63,346
dev/tests/functional/tests/app/Magento/AdvancedCheckout/Test/Block/Sku/AbstractSku.php,63d07effd6b5941c89933a48c3de0f072f055afe139f2f4c041d12f662d3f0b6,1862
dev/tests/functional/tests/app/Magento/AdvancedCheckout/Test/Block/Sku/Products/Info.php,c39f83b248f54c55ca2cb405636e8d96e8b00db278aed1a54e50c8a3fc63f440,2309
dev/tests/functional/tests/app/Magento/AdvancedCheckout/Test/Block/Widget/OrderBySku.php,3a977d361c705c5ea1c0f09f415a4d12db49c744d9f6c8c3a5c1b8f88e062bd1,287
dev/tests/functional/tests/app/Magento/AdvancedCheckout/Test/Block/Widget/OrderBySku.xml,eda187bf2443bfb69754bf94c8d2312ef8b9f0f6c8d2eea1c536b9bd2c5aba63,346
dev/tests/functional/tests/app/Magento/AdvancedCheckout/Test/Block/WidgetView.php,630f938937a573942fe0a6361095b84be31c5bd73e80da6f8d055af39d0386f2,465
dev/tests/functional/tests/app/Magento/AdvancedCheckout/Test/Constraint/AssertMaxRequestedQtyFailMessage.php,7ae54e7a19ec1390af4ddf5701bf2e04d097bfc2763b52930da8b0488badafcd,2031
dev/tests/functional/tests/app/Magento/AdvancedCheckout/Test/Constraint/AssertMinRequestedQtyFailMessage.php,b0fa53f37abe1de694093effc7a0ed9db025b5210ce60727be5c4702260ef85a,2035
dev/tests/functional/tests/app/Magento/AdvancedCheckout/Test/Constraint/AssertMsrpNotice.php,9a61a8c7e1fd11b1099346e229979bfbca10789529109717bb03d5e30d113ae8,1268
dev/tests/functional/tests/app/Magento/AdvancedCheckout/Test/Constraint/AssertProductConfiguringFromRequiringAttention.php,7c1887cbe139e0b35648527145d33b064cc93f08a06fe77785cd63cf8458d53f,1817
dev/tests/functional/tests/app/Magento/AdvancedCheckout/Test/Constraint/AssertProductIsOutOfStockFailMessage.php,b3ddc82dea1feedba2f113e254d326a53d299842a624bb9ac8e6700a25117db7,1463
dev/tests/functional/tests/app/Magento/AdvancedCheckout/Test/Constraint/AssertProductRequiredAttentionFailMessage.php,a0f7537859e94cf0bc345e5d1635093de2b680b15088bb1b88109d5025597422,1514
dev/tests/functional/tests/app/Magento/AdvancedCheckout/Test/Constraint/AssertProductTierPriceMessage.php,3ce393d394560abc882aabc69a3278204aaaccca13a25c9310c430fdee6c8f96,2394
dev/tests/functional/tests/app/Magento/AdvancedCheckout/Test/Constraint/AssertProductWithPaymentAgreementsOrderFailMessage.php,9ffd74c8edb1262acbc7f1267a09e1daa270278d4214be11b397c6e694bb5135,1820
dev/tests/functional/tests/app/Magento/AdvancedCheckout/Test/Constraint/AssertProductsAbsentInRequiringAttention.php,6ed67603bd37f9e82e32b725f40eca6c0686ccd84c27117fc45de7bc06be0874,1240
dev/tests/functional/tests/app/Magento/AdvancedCheckout/Test/Constraint/AssertProductsAddBySkuSuccessMessage.php,bd3214957adde228621f3c4505a7e8bc83ad934477bbd204cd047c7be28fdb99,1443
dev/tests/functional/tests/app/Magento/AdvancedCheckout/Test/Constraint/AssertQtyIncrementsFailMessage.php,332727217844be1894f7e47a615e15385269d630dc2b111a4ae615d4f4b89aad,1707
dev/tests/functional/tests/app/Magento/AdvancedCheckout/Test/Constraint/AssertQtyIsNotEnoughFailMessage.php,a1007668be2731f5f803089e86f7157985a375e675436246522f0fa9cca38059,2065
dev/tests/functional/tests/app/Magento/AdvancedCheckout/Test/Constraint/AssertRequiringAttentionProductSuccessDeleteMessage.php,94698d9ef3ba8f8863d20b54547a5fdbba3b7acce02d06e08d4e56438281f598,1271
dev/tests/functional/tests/app/Magento/AdvancedCheckout/Test/Constraint/AssertSkuNotFoundFailMessage.php,2d433c31e31b7bf68a83f68418f24b4979c047404c33893c1213762ba00cf54f,1481
dev/tests/functional/tests/app/Magento/AdvancedCheckout/Test/Constraint/AssertSpecifyProductOptionsLink.php,106d372fcf04b1660cc276543ffc5ea8291e1bbc7a6ea33dfa9f2ab6f583e9b4,1348
dev/tests/functional/tests/app/Magento/AdvancedCheckout/Test/Constraint/AssertWidgetOrderBySkuOnCategoryPage.php,711d056313de774179c8ab7c4e71a992e31758016ce3a10d45bc03aa3dfea2bd,1826
dev/tests/functional/tests/app/Magento/AdvancedCheckout/Test/Fixture/AdvancedCheckoutWidget.xml,3ca71e302171609efb8af9c59ecf98c158fad1f06fbeaf6bcd5f4544dad72ce6,814
dev/tests/functional/tests/app/Magento/AdvancedCheckout/Test/Handler/AdvancedCheckoutWidget/AdvancedCheckoutWidgetInterface.php,1c83e3c249a3b277d402dbc762be1f00007b32d44e521a416bcf69866314d89a,338
dev/tests/functional/tests/app/Magento/AdvancedCheckout/Test/Handler/AdvancedCheckoutWidget/Curl.php,9b39867737852d72e557d64f1203fc6a76261aca4bf7b995301b73b60b5ded1b,642
dev/tests/functional/tests/app/Magento/AdvancedCheckout/Test/Page/Category/CatalogCategoryView.xml,e5cb0c5a5a5a51bcf00eba684bdf23a0fb759887ebaf9aa628b91ff6326aaa77,548
dev/tests/functional/tests/app/Magento/AdvancedCheckout/Test/Page/CheckoutCart.xml,cb0dd74676af885323dbd223067602c79453b533b791b57fb51ba4f703dbb0f8,532
dev/tests/functional/tests/app/Magento/AdvancedCheckout/Test/Page/CustomerAccountIndex.xml,0257adb0d6da0f4a8d434ea5caad51da0b80d7153798d78afae8aeabf2195428,546
dev/tests/functional/tests/app/Magento/AdvancedCheckout/Test/Page/CustomerOrderSku.xml,22e134fa1b0f0ca560802e754aaa702ee441aff92193f9a15bfc4d03480dc8cd,550
dev/tests/functional/tests/app/Magento/AdvancedCheckout/Test/Repository/Widget.xml,92c8d51e59ac164cf18204c2b0e38222f361b65228567792caf3fb75f3e30be7,1163
dev/tests/functional/tests/app/Magento/AdvancedCheckout/Test/Repository/Widget/Parameters.xml,9591cd8e52ba0c85003e01f88156f7c947d55347fa772ae13026cae44009284c,612
dev/tests/functional/tests/app/Magento/AdvancedCheckout/Test/Repository/Widget/WidgetInstance.xml,d919da90454c90e382746a04aaeafa8472593c21693c0ef51d86456970cabd02,713
dev/tests/functional/tests/app/Magento/AdvancedCheckout/Test/TestCase/AbstractAdvancedCheckoutEntityTest.php,3beed9efa85ebce8a4348a0d5376fd65368eeaeedddf45aef2e4a564d9a0a358,3760
dev/tests/functional/tests/app/Magento/AdvancedCheckout/Test/TestCase/AddProductsToCartBySkuFromCustomerAccountTest.php,c9eb6db41973c06b31fd66e3fb396b8699de77e1776abaec69b520e3ce3b30be,3391
dev/tests/functional/tests/app/Magento/AdvancedCheckout/Test/TestCase/AddProductsToCartBySkuFromCustomerAccountTest.xml,e3801e960d6301c653ba6b9b85e8fb8906ae0ef8688967744cb6831e6a5a7de3,16778
dev/tests/functional/tests/app/Magento/AdvancedCheckout/Test/TestCase/AddProductsToCartBySkuFromWidgetTest.php,85aa04b6ef71ce18b98e8fbfb8ee96728fff76a60b7cf4b7adbd7d2e585fcb27,5387
dev/tests/functional/tests/app/Magento/AdvancedCheckout/Test/TestCase/AddProductsToCartBySkuFromWidgetTest.xml,0a2c80c902e91a2c8dc21721d7a2304fc309a9b8859279e3b022e5a64c12d687,6588
dev/tests/functional/tests/app/Magento/AdvancedCheckout/Test/TestCase/CreateWidgetOrderBySkuTest.php,d54afe67012372d64b057176ef132c0b15a64a26a6aa7feab72d9ec001d8037d,1242
dev/tests/functional/tests/app/Magento/AdvancedCheckout/Test/TestCase/CreateWidgetOrderBySkuTest.xml,aca2708b42f434771db5d415f3594404b93bc9cf53894390455eab213da028a4,1389
dev/tests/functional/tests/app/Magento/AdvancedCheckout/Test/TestCase/DeleteProductsFromCartOfAdvancedCheckoutEntityTest.php,aefc726d0bd9f52985ab3e022de3cdf131dae7da6a99873eb2b46d7a60d1adf5,3169
dev/tests/functional/tests/app/Magento/AdvancedCheckout/Test/TestCase/DeleteProductsFromCartOfAdvancedCheckoutEntityTest.xml,e4c441d1b18e2d3f4428263bcc73217ff41b438138a1fcdc964b2e63b4f6807b,3840
dev/tests/functional/tests/app/Magento/AdvancedCheckout/Test/etc/curl/di.xml,545ddeeb361551fa6e4b9eafc72f26d08d6fecfbcc3a584efc3c760ec9314bfa,479
dev/tests/functional/tests/app/Magento/Banner/Test/Block/Adminhtml/Banner/BannerForm.php,3978567c5dcfa7ac564f4e642e47af2f7c59a77d557691d7e7c1d89c6161236f,306
dev/tests/functional/tests/app/Magento/Banner/Test/Block/Adminhtml/Banner/BannerForm.xml,90681e125baca8fcde0c47f09eabf5d8e150e240c7eafe3451446335f1228592,1429
dev/tests/functional/tests/app/Magento/Banner/Test/Block/Adminhtml/Banner/Edit/Tab/Content.php,a863f4138a1e9d8437ae792850adf246d251194b8c20d2ecb121c8971dfd07ac,4225
dev/tests/functional/tests/app/Magento/Banner/Test/Block/Adminhtml/Banner/Edit/Tab/RelatedPromotions.php,e8aae30cb3caddc13ff8a46cf05a0aae9b5c6ee88e7a6356b30d6b990c27c7a3,1612
dev/tests/functional/tests/app/Magento/Banner/Test/Block/Adminhtml/Banner/Grid.php,339a0b0d6b1fe280d5e523e68f7a824904c3fb4a8c43815d4ded96c16a273841,1060
dev/tests/functional/tests/app/Magento/Banner/Test/Block/Adminhtml/Promo/CartPriceRulesGrid.php,aaf4109e6e2e33bb35f18a081b9743d4bd720110c9dc34508fb9b9dd67455df7,620
dev/tests/functional/tests/app/Magento/Banner/Test/Block/Adminhtml/Promo/Catalog/Edit/PromoForm.xml,4571fbc237b60eb60a6475e0d455036a06d7401d0e2ec92f5eb7b6e480427acb,394
dev/tests/functional/tests/app/Magento/Banner/Test/Block/Adminhtml/Promo/Catalog/Edit/Tab/Banners.php,f8d185039373578d5dd99edbe5c2cfc0a01c2c839b45372dee856ec50fa4b9d9,887
dev/tests/functional/tests/app/Magento/Banner/Test/Block/Adminhtml/Promo/Catalog/Edit/Tab/BannersGrid.php,c07774074d9b3db940198725715a06746b3937fbbfc72eecb57fd31bfe34caea,527
dev/tests/functional/tests/app/Magento/Banner/Test/Block/Adminhtml/Promo/CatalogPriceRulesGrid.php,a5a25252d9f5402fc592361561fa7960eb0ff697356f07acd028d3a73416d6af,638
dev/tests/functional/tests/app/Magento/Banner/Test/Block/Adminhtml/Promo/Quote/Edit/PromoQuoteForm.xml,e445d2677e3ba1a5bf1b2355834080dc244225243a22bd46f8a773d34c6320ef,392
dev/tests/functional/tests/app/Magento/Banner/Test/Block/Adminhtml/Promo/Quote/Edit/Tab/Banners.php,ab8331f92d03d2222890a568b457e8f27a26ac24395826036dd657c0e31b2d0d,879
dev/tests/functional/tests/app/Magento/Banner/Test/Block/Adminhtml/Promo/Quote/Edit/Tab/BannersGrid.php,6c09a7d1ca9b7bd687cf4964c04f10f1907042ae815191824f709dd1a70aed2a,522
dev/tests/functional/tests/app/Magento/Banner/Test/Block/Adminhtml/Widget/Instance/Edit/Tab/Parameters.php,211b3a4cdd1e2f88d5d1f2213c895ace99a8ff977be16292aa7039bce0164278,517
dev/tests/functional/tests/app/Magento/Banner/Test/Block/Adminhtml/Widget/Instance/Edit/Tab/ParametersType/BannerRotator.php,ad56a41ba5da13e0000c946300f608daaecfdc351b12ecf9c59d639521498f8b,1308
dev/tests/functional/tests/app/Magento/Banner/Test/Block/Adminhtml/Widget/Instance/Edit/Tab/ParametersType/BannerRotator.xml,093fe0d1e140fca857eeb725e7db80bb93caaf5f8ad3b2f9004271f755d78f8d,624
dev/tests/functional/tests/app/Magento/Banner/Test/Block/Adminhtml/Widget/Instance/Edit/WidgetForm.xml,fd276d9854bc1d592eb53fe2cedc60f7fec08b25b7278a627098036ced9d50dd,415
dev/tests/functional/tests/app/Magento/Banner/Test/Block/Banners.php,329f0ad1415d592887f67d58c6ede732066a07935715da113ada7206c3765727,730
dev/tests/functional/tests/app/Magento/Banner/Test/Block/Cart.php,5c3f837edcdb759dbd6603b3cd9cadf64be79fc5bb4ee7481f8a502e7cd47f58,1466
dev/tests/functional/tests/app/Magento/Banner/Test/Block/Category/View.php,51c8528865b5a2608e1dd2fd1b0950430805419725b0d9af259655a30a1ab7f9,1505
dev/tests/functional/tests/app/Magento/Banner/Test/Block/WidgetView.php,a644c90a47cea781c2efa2379abbf7e0c6b381f7c9f2efa4849e4f1e65a89dc5,458
dev/tests/functional/tests/app/Magento/Banner/Test/Constraint/AssertBannerDeleteMessage.php,d78cbaf21cc131cfc2beb558741ee3677e9efa1c110ae365fdae7c01818383f8,1288
dev/tests/functional/tests/app/Magento/Banner/Test/Constraint/AssertBannerInGrid.php,c54603b7cecb6492f3f7b2cdc103af70fb788e6f0799910b521fbc5af4f96245,1815
dev/tests/functional/tests/app/Magento/Banner/Test/Constraint/AssertBannerInShoppingCart.php,233c0d537d5bc281680b775072713ab16b878028357138424700d7613457a4d3,2470
dev/tests/functional/tests/app/Magento/Banner/Test/Constraint/AssertBannerMassDeleteMessage.php,e9cce65785f7312119f5d4e688e7a901f36cc7ecefd0e4b53ca0024b7284e626,1467
dev/tests/functional/tests/app/Magento/Banner/Test/Constraint/AssertBannerNotInCartRule.php,859737abc38510267e8a27ed9695ddda15ebe86ca084e309f729c8c59f856597,1612
dev/tests/functional/tests/app/Magento/Banner/Test/Constraint/AssertBannerNotInCatalogRule.php,7517af48c8cb22e22f5d5f7993290bdf6cda871c7e36cff8035455179815ce47,1616
dev/tests/functional/tests/app/Magento/Banner/Test/Constraint/AssertBannerNotInGrid.php,8a0b9321a004d7778ad11ead17f9068c0fc9681125dcd3ffc2917ec922ee12c1,1144
dev/tests/functional/tests/app/Magento/Banner/Test/Constraint/AssertBannerNotInShoppingCart.php,4998e60f1fcf7ac9fd67327c5f1973c02a5ffb53b313aa1c17916aca0c67a1e4,2441
dev/tests/functional/tests/app/Magento/Banner/Test/Constraint/AssertBannerNotInWidgetOptions.php,b1b1ebddf6e5979e6c9c714db12fe7123e3e79f4c16e184a7ed484e2ea963e90,1856
dev/tests/functional/tests/app/Magento/Banner/Test/Constraint/AssertBannerNotOnCategoryPage.php,d79df5ebaa73a36d34614d8255f5feb6ea73e368cf2fc67af44443e51378f9f8,1899
dev/tests/functional/tests/app/Magento/Banner/Test/Constraint/AssertBannerOnCategoryPage.php,3d0d13ed607e5993e571c886bd70fd892cac7973bfb4db8b18c768b393601384,2015
dev/tests/functional/tests/app/Magento/Banner/Test/Constraint/AssertBannerSuccessSaveMessage.php,ad771ca3e0286ff1385b23778c24087538401629d273453ad5b39def381d18ab,1603
dev/tests/functional/tests/app/Magento/Banner/Test/Constraint/AssertWidgetBannerRotator.php,20a2ba4bbc2a796ad95dcf97f4015ebcba033f0b8a9c46cf788cce44545c050f,2221
dev/tests/functional/tests/app/Magento/Banner/Test/Constraint/AssertWidgetBannerRotatorOnProductPage.php,d1b210b07011336b821018d9cc01b9cd8b98f047c038f87463d795b5e0d3d045,2029
dev/tests/functional/tests/app/Magento/Banner/Test/Fixture/Banner.xml,e8fb9c38e636fedad371b306cfcd087ead66a29e88b14282efcbf58f434f20f0,1619
dev/tests/functional/tests/app/Magento/Banner/Test/Fixture/Banner/CatalogRules.php,abd5ab34c4faa084505de78ee8bea6d22ed8e07eb2f57cd2ba43078cbdb27f0e,1508
dev/tests/functional/tests/app/Magento/Banner/Test/Fixture/Banner/Content.php,b31de68c5431886cd45f157498939003db59bc4df6b176054e1b022511cb6396,1008
dev/tests/functional/tests/app/Magento/Banner/Test/Fixture/Banner/CustomerSegment.php,7d3852d1385d2bfcc5af4398b8911b7dc93800b4931be4e9c4add144da757ec5,1622
dev/tests/functional/tests/app/Magento/Banner/Test/Fixture/Banner/SalesRules.php,ff406c40fb84380792d29bc9d3b7a7d4690732d1f1971dcbe81116e369f2fe05,1537
dev/tests/functional/tests/app/Magento/Banner/Test/Fixture/BannerWidget.xml,453d1d70650e1926399dbe64b1c41a83c727990e1ea53c2d93247560e37c9c4d,748
dev/tests/functional/tests/app/Magento/Banner/Test/Handler/Banner/BannerInterface.php,c081a6303735e6e8d82e7ad3ffadca221b9425505e0bd0a0141ef9acd18e5706,295
dev/tests/functional/tests/app/Magento/Banner/Test/Handler/Banner/Curl.php,9c414441e9c6edd0f8ff4069028a04b0468029880f9789183ac8c5e7c76fe0ea,4114
dev/tests/functional/tests/app/Magento/Banner/Test/Handler/BannerWidget/BannerWidgetInterface.php,2897ceb142e148ea608ce950e054d2bcc0cdc40aa9b7e8ce2b6dcbcfa20a3a30,314
dev/tests/functional/tests/app/Magento/Banner/Test/Handler/BannerWidget/Curl.php,7a9623ed2e307aa467f13230792eb91e8516c88f83a74fa2d9360837bc12616a,1512
dev/tests/functional/tests/app/Magento/Banner/Test/Handler/Curl/CreateBanner.php,04fd072ec1c85ed55544d9b122e0a90e9544dd926159409bb896bda98c22c53f,1744
dev/tests/functional/tests/app/Magento/Banner/Test/Handler/Curl/UpdateBanner.php,da47ea1b784bfa4846532926add53f9549d68da537673eb47c2dc19114bebe5e,783
dev/tests/functional/tests/app/Magento/Banner/Test/Page/Adminhtml/BannerIndex.xml,b721326ce49c39185891423b1560f33770c395f73f368b117637107e163ed8b0,810
dev/tests/functional/tests/app/Magento/Banner/Test/Page/Adminhtml/BannerNew.xml,ba4dd1d9eeb74d772138dd65dd1c10bec7a9c5b88668e00ddabf2c6f360eb57d,852
dev/tests/functional/tests/app/Magento/Banner/Test/Page/Adminhtml/WidgetInstanceEdit.xml,55a6910b7ba90f1e63ec7f473c7f5b9454cef2d911facb06abe7247891e5a71a,545
dev/tests/functional/tests/app/Magento/Banner/Test/Page/AdvancedSearch.xml,c1dc70da7402cd1a64f6323bad34b5c5752c21b7cd92a91b2cafe91f5acdbfdb,499
dev/tests/functional/tests/app/Magento/Banner/Test/Page/Category/CatalogCategoryView.xml,e38ac549aebb8729b456cde2cc5ed58ca6e724c9dbec6f4dbb7cccfbc5bac3ff,653
dev/tests/functional/tests/app/Magento/Banner/Test/Page/CheckoutCart.xml,9aea2c53fbc23da8850fcccfcdc56e42b0ad0808e27b2bd07b058aedbc8d9021,485
dev/tests/functional/tests/app/Magento/Banner/Test/Page/CmsIndex.xml,d474298abceed13b307ac624888c483e36058a9ef46a67dc67d294d24721d24f,617
dev/tests/functional/tests/app/Magento/Banner/Test/Page/Product/CatalogProductView.xml,e09798f77b9d7ff5a22fe458cb8258ca85d178526050120a99331dce4f1cc0a9,519
dev/tests/functional/tests/app/Magento/Banner/Test/Repository/Banner.xml,b9ab8cf391932ad99980ae1997d0d4fb5e4076e109dd4e9ed7b5d835b3b9864e,3356
dev/tests/functional/tests/app/Magento/Banner/Test/Repository/Widget.xml,205100e2af5568fd0d6e42368a138601d034106b838f83f150540b8464241afa,3821
dev/tests/functional/tests/app/Magento/Banner/Test/Repository/Widget/Parameters.xml,a4153f68a0a893f32d2e5e4534892e017ed151d779c541e323a39b9221fa4331,1623
dev/tests/functional/tests/app/Magento/Banner/Test/Repository/Widget/WidgetInstance.xml,54cf681d270c94d1de8ca6b0316a60a268e70b16bbe193f4d10f4b737aa6a7f7,1338
dev/tests/functional/tests/app/Magento/Banner/Test/TestCase/AssignCatalogRuleToBannerEntityTest.php,2b8e27401e86ccb47b3f7f9c4bc23bee02e0479ea32cb859fd05faee3066d334,5591
dev/tests/functional/tests/app/Magento/Banner/Test/TestCase/AssignCatalogRuleToBannerEntityTest.xml,6d6de13e767571af5a35081ee7654842690916541a2906cda1f0c9a1a15ae75c,3509
dev/tests/functional/tests/app/Magento/Banner/Test/TestCase/AssignRelatedPromotionsToBannerEntityWithCustomerSegmentTest.php,231e5b630656ba1d6778268ede575737faf59fee8a9e5194fcbed7ffcf011ef0,8023
dev/tests/functional/tests/app/Magento/Banner/Test/TestCase/AssignRelatedPromotionsToBannerEntityWithCustomerSegmentTest.xml,1bb6b82a2cb95c56404cd49423a3d9cf7f083b0eea0ccdb6022962b85da1fca3,3609
dev/tests/functional/tests/app/Magento/Banner/Test/TestCase/CreateBannerEntityTest.php,646cfd4ea86f241a00a8320209a77495e0b892eadb18bd6c3e41def52dc9a693,1667
dev/tests/functional/tests/app/Magento/Banner/Test/TestCase/CreateBannerEntityTest.xml,f05f09a727211f8b05bf53edf2de51b8905634eddf3892862de42805452e79fc,3757
dev/tests/functional/tests/app/Magento/Banner/Test/TestCase/CreateWidgetBannerTest.php,2362e9c92b51e740ea326ffc9c6a8b879e2e30b832bf0ce7407189eeabe933ce,2050
dev/tests/functional/tests/app/Magento/Banner/Test/TestCase/CreateWidgetBannerTest.xml,8cfcc3db9d7a05f6ff04dd201862a22a5678aca5ad789f631cb85da9e5737842,2292
dev/tests/functional/tests/app/Magento/Banner/Test/TestCase/DeleteBannerEntityTest.php,51d0c36f49ad5616a32fd65299c9e53faa9c90d69a0ef33b68bd74ac175770a4,1763
dev/tests/functional/tests/app/Magento/Banner/Test/TestCase/DeleteBannerEntityTest.xml,4793393a8660f9b2af50827db810001819a0248bd830f01473e7b1ae5ae25fe3,965
dev/tests/functional/tests/app/Magento/Banner/Test/TestCase/MassDeleteBannerEntityTest.php,4f07d37fb9a731aee29ed0d8a30ae6d74f351c7c161cb47d9161d3606cbaa1fd,1757
dev/tests/functional/tests/app/Magento/Banner/Test/TestCase/MassDeleteBannerEntityTest.xml,bee77c10b5ff0dffbb26007b17cc1acbd9725ceab89d6cbcba8e3cc42a9cc888,1079
dev/tests/functional/tests/app/Magento/Banner/Test/TestCase/NavigateMenuTest.xml,5b571aefb078d0481922fe7d7bd35aa5e129b38522c80f6fd6dbbbb321927ee3,699
dev/tests/functional/tests/app/Magento/Banner/Test/TestCase/UpdateBannerEntityTest.php,b82af46485614f269cabb85a692f5f21ef2d67570482f4e9e9045a00ccb988c9,1852
dev/tests/functional/tests/app/Magento/Banner/Test/TestCase/UpdateBannerEntityTest.xml,b320e5c22c7fcc20068862c9a5c50d5b646d1bed16399f038fb2bef11dd9d6f4,1266
dev/tests/functional/tests/app/Magento/Banner/Test/etc/curl/di.xml,79e3524a2a1733e793b016cb58b4bd9123dc6748acfddd9d34e7ee1749b36a36,553
dev/tests/functional/tests/app/Magento/Banner/Test/etc/fixture.xml,d0bd0bc858ad9cc0e8650780492837745ec505af54ece1d72f016198fb8d3e71,364
dev/tests/functional/tests/app/Magento/Catalog/Test/TestCase/Product/ManageProductsStockTest.php,be8d228f5997f7453dc4e764c283b1ee5fe7842257bb702bf55ce7c3904e5d0a,2208
dev/tests/functional/tests/app/Magento/Catalog/Test/TestCase/Product/ManageProductsStockTest.xml,86174189a78be7695d0966b827632008f670925c5e2841272192468989496396,1045
dev/tests/functional/tests/app/Magento/CatalogEvent/Test/Block/Adminhtml/Category/FormPageActions.php,4fa144f5c3fbc7519bce9703ace63c15732abdaeda83b3dbae5a7ba57f8e8bb9,714
dev/tests/functional/tests/app/Magento/CatalogEvent/Test/Block/Adminhtml/Category/TreeBlock.php,70842585775b6fc243549d2a31c06a895a6bcacad58dfbb50798c0347c997445,693
dev/tests/functional/tests/app/Magento/CatalogEvent/Test/Block/Adminhtml/Event/Edit/Form.php,51a4ab776420c06fc8c3f4c8955ed1f1450adb86497e95fdaa60ef786e9e0285,303
dev/tests/functional/tests/app/Magento/CatalogEvent/Test/Block/Adminhtml/Event/Edit/Form.xml,203825c9f5649a267561c8ffdd0089285c66885a734c55f48e1cf490aff42b9f,1014
dev/tests/functional/tests/app/Magento/CatalogEvent/Test/Block/Adminhtml/Event/Grid.php,db26e7192cc3b945a155bc788c2aa54a07ed3d6f1b093ff3fe3f96c59eaf6c4c,1207
dev/tests/functional/tests/app/Magento/CatalogEvent/Test/Block/Adminhtml/Widget/Instance/Edit/Tab/Parameters.php,f72cc76ef8ab3f38bb531c01d37a343bb2f24f230c49a7e71578f0b26b141c55,504
dev/tests/functional/tests/app/Magento/CatalogEvent/Test/Block/Adminhtml/Widget/Instance/Edit/Tab/ParametersType/CatalogEventsCarousel.php,70ab170600fef1912b2c7d5f20a4173cfc1af3f4295dc25d632f89b61fa76e08,432
dev/tests/functional/tests/app/Magento/CatalogEvent/Test/Block/Adminhtml/Widget/Instance/Edit/Tab/ParametersType/CatalogEventsCarousel.xml,9ffa21f58a9a28a1fdf22e96245d04589a8aa4788dd9399252340288d23a6d61,499
dev/tests/functional/tests/app/Magento/CatalogEvent/Test/Block/Adminhtml/Widget/Instance/Edit/WidgetForm.xml,b811e2c54b91ac0d05361f7d8441d27ad5b66d7347fa794748b759e8971479eb,449
dev/tests/functional/tests/app/Magento/CatalogEvent/Test/Block/Catalog/Event.php,4bc9485dd58d1eca471225514430010fc8ec250db0995833c7099707b4f42d2f,616
dev/tests/functional/tests/app/Magento/CatalogEvent/Test/Block/WidgetView.php,1da35eec6c90b2d586851f9c81184ced9e253f77d1d0f82a952b6eadf13c0df8,498
dev/tests/functional/tests/app/Magento/CatalogEvent/Test/Constraint/AssertCatalogEventBlockAbsent.php,11d8a78ff3059d3d8109bcd65932b2321b56d00ddd4c744ed45967bf309f2c4c,3300
dev/tests/functional/tests/app/Magento/CatalogEvent/Test/Constraint/AssertCatalogEventBlockVisible.php,348f189a0901b8cb4bcbeae826dac56a57cb428104e5735f4478c9a3c16c7367,5295
dev/tests/functional/tests/app/Magento/CatalogEvent/Test/Constraint/AssertCatalogEventInGrid.php,5eb3f037ae22eb454a4cbac565a6729a6abc6a1fe2de3781873b0b019e7623c9,3908
dev/tests/functional/tests/app/Magento/CatalogEvent/Test/Constraint/AssertCatalogEventIsClosed.php,435b0db33db813f0a36272d69a66739313ce5eb37bf7b8c394df2aedb0fe50b1,527
dev/tests/functional/tests/app/Magento/CatalogEvent/Test/Constraint/AssertCatalogEventIsOpen.php,e7a4134f7ad5f2f0e6fdd89d8bf2393b565bd35b0dec055b4c9761a7254aae24,543
dev/tests/functional/tests/app/Magento/CatalogEvent/Test/Constraint/AssertCatalogEventIsUpcoming.php,e5a6a0b5206a2dde592a15b8c17ee3d719ef416e7e33d5c67ccc9e910a1c75b6,481
dev/tests/functional/tests/app/Magento/CatalogEvent/Test/Constraint/AssertCatalogEventStatus.php,3f32507816c4dd28819870a3d68b8fec43719e93e3247217877c506538104081,3943
dev/tests/functional/tests/app/Magento/CatalogEvent/Test/Constraint/AssertCatalogEventSuccessCreateMessage.php,2107c71c951e7370465457d74f71495d18fee4adafc271f1b78dae1bfe34f3a6,1295
dev/tests/functional/tests/app/Magento/CatalogEvent/Test/Constraint/AssertCatalogEventSuccessDeleteMessage.php,43d3bdb7e974b3d439e463bbe190d43ec377b322c5857b4e29d48454fa197d4c,1281
dev/tests/functional/tests/app/Magento/CatalogEvent/Test/Constraint/AssertWidgetCatalogEventsCarousel.php,673b42f4ddf41b6e1a0d0cbadc916f36bd43811bc2dc884bb428e246299be7f8,2483
dev/tests/functional/tests/app/Magento/CatalogEvent/Test/Fixture/CatalogEventEntity.xml,ff3bc84d23cf806d25227753a6fe03e5f6d14956dd9d71c54c89a4de5b443ac3,1284
dev/tests/functional/tests/app/Magento/CatalogEvent/Test/Fixture/CatalogEventEntity/CategoryId.php,4097a551c722a0500c3c0876916bdc1a8f1ab341a2ed9d962b2d91fe26d35876,1335
dev/tests/functional/tests/app/Magento/CatalogEvent/Test/Fixture/CatalogEventWidget.xml,2fea3cf3439e0bdf07f88f97d1ddf1ef314af233e3d41637fcb78456e0defeaa,697
dev/tests/functional/tests/app/Magento/CatalogEvent/Test/Handler/CatalogEventEntity/CatalogEventEntityInterface.php,6914b6cc93e962af0695ee7a43307254ce702af497c1510865a3e683a6529042,337
dev/tests/functional/tests/app/Magento/CatalogEvent/Test/Handler/CatalogEventEntity/Curl.php,cfcd84903376c1b9729c77dc4abb02e795e586c8359abcf7f2c1e646013849aa,2039
dev/tests/functional/tests/app/Magento/CatalogEvent/Test/Page/Adminhtml/CatalogCategoryIndex.xml,d0d1b4ad2abcdcfbf9aab17c64bb7892d13fae381c275ca5dac0f0adb6be9611,560
dev/tests/functional/tests/app/Magento/CatalogEvent/Test/Page/Adminhtml/CatalogEventIndex.xml,fbd9414cff29cafeb9c98cd87d0cbee6dba03cb858125d119156f22ea0f20281,831
dev/tests/functional/tests/app/Magento/CatalogEvent/Test/Page/Adminhtml/CatalogEventNew.xml,0c69d369cf2c4d326e67f838d06256781336b751eef9b98bb343f7189a32e349,1006
dev/tests/functional/tests/app/Magento/CatalogEvent/Test/Page/Category/CatalogCategoryView.xml,080eaabeb86263b5134c495942fe732ebeb692122e880b39a4eca2d9fcd48497,701
dev/tests/functional/tests/app/Magento/CatalogEvent/Test/Page/CmsIndex.xml,9eef57288d6c97728840d148966c9d8b46430bdf013fa647d2ceb8de595395d6,519
dev/tests/functional/tests/app/Magento/CatalogEvent/Test/Page/Product/CatalogProductView.xml,a4b90ef9a70d1cb2fe51f2333145a6e043da7a23b4864132932f5323ca1250b5,535
dev/tests/functional/tests/app/Magento/CatalogEvent/Test/Repository/CatalogEventEntity.xml,9ad3f49401e05ea3309f6df7d0be638712dc154f817665812da2eb225e9d5ca7,1228
dev/tests/functional/tests/app/Magento/CatalogEvent/Test/Repository/Widget/Parameters.xml,784f3a870351ac770e664251a3750b237def77a2be0507635229b4556305e318,596
dev/tests/functional/tests/app/Magento/CatalogEvent/Test/TestCase/CreateCatalogEventEntityFromCatalogEventPageTest.php,f2483bb29c5616de2deb03a5532ed93ae9e355cf577ac7ea11d82058574f47a0,2848
dev/tests/functional/tests/app/Magento/CatalogEvent/Test/TestCase/CreateCatalogEventEntityFromCatalogEventPageTest.xml,7ed3d6e819ae53e32c55ee616a466159cdfbeed3b96b3da5258bb81ebcc7a098,4735
dev/tests/functional/tests/app/Magento/CatalogEvent/Test/TestCase/CreateCatalogEventEntityFromCategoryPageTest.php,a03db6b8a1abb3939d3e86d80e6835e20faa3b9b37e0c751c2d5817b1f259f51,2913
dev/tests/functional/tests/app/Magento/CatalogEvent/Test/TestCase/CreateCatalogEventEntityFromCategoryPageTest.xml,5d1d0b88211d81e10f56cc9156e5364345d52787bb159cdf2bcd64b7eb0605a1,4691
dev/tests/functional/tests/app/Magento/CatalogEvent/Test/TestCase/CreateWidgetCatalogEventCarouselTest.php,289169d8fe337f83ec791221bf9e39c55724fce998af0ebb2c1a449fa094b916,1477
dev/tests/functional/tests/app/Magento/CatalogEvent/Test/TestCase/CreateWidgetCatalogEventCarouselTest.xml,e50750ea4746e1b6221acce56ae615853a08a182563b1a6670ec424cf8ca0bc2,1403
dev/tests/functional/tests/app/Magento/CatalogEvent/Test/TestCase/DeleteCatalogEventEntityTest.php,63a778368b07704a044836cbd5bbd3a4ebcb5ded641b078ef17a95950b1c3ad7,2968
dev/tests/functional/tests/app/Magento/CatalogEvent/Test/TestCase/DeleteCatalogEventEntityTest.xml,a8feb063d3a3930408a9b36f667bf142c6b3c240a85587da51069a9884255cee,860
dev/tests/functional/tests/app/Magento/CatalogEvent/Test/TestCase/NavigateMenuTest.xml,1de6b254c3639777593a937bbaa7085284f53af088c5725213c3021d2b323c71,700
dev/tests/functional/tests/app/Magento/CatalogEvent/Test/TestCase/UpdateCatalogEventEntityTest.php,3a361c38dda9beff44d657f7f92999a715975aae1a059822cfe74333a6d78ef2,3340
dev/tests/functional/tests/app/Magento/CatalogEvent/Test/TestCase/UpdateCatalogEventEntityTest.xml,21f003439dc23b3c097481e866a34232ca014e776e5e0b8ceb78879b62fe69f6,4614
dev/tests/functional/tests/app/Magento/CatalogEvent/Test/TestStep/DeleteAllCatalogEventsStep.php,3a9d628446261ab1dda8b4b32817699a3030c9e63376661661ab2d7fd9fc5498,1548
dev/tests/functional/tests/app/Magento/CatalogEvent/Test/etc/curl/di.xml,f7e23f2c8ca4be96cabb7b102f5b5b7abd7d9036230f9b763ccc82f6d618a622,459
dev/tests/functional/tests/app/Magento/CatalogEvent/Test/etc/fixture.xml,85c6251fa53852b0ce5399ad4dd26c844d87a57f73f880e35ea4ea13170eb691,412
dev/tests/functional/tests/app/Magento/Checkout/Test/Fixture/AutomaticTaxApplying.php,0200d885ce31ed5d3fe53cdadb91fb4cb3c84a839640e3e4649caf1a0fc42652,3618
dev/tests/functional/tests/app/Magento/Checkout/Test/Fixture/CheckMoneyOrder.php,c0821216cf18f88d4cd7d9b8e24b7f6943c97cfed20b6e21aaec9594c708a4a4,3757
dev/tests/functional/tests/app/Magento/Checkout/Test/Fixture/CheckMoneyOrderFlat.php,55b7347868741fad66102aef7b4ff8fd97b5d338a6754aa7efe23342f5809dff,1820
dev/tests/functional/tests/app/Magento/Checkout/Test/Fixture/Checkout.php,e617a100acc5324c8167a606f1dcf9ea90f90fb017b27eb16c7309727d16ab54,5218
dev/tests/functional/tests/app/Magento/Checkout/Test/Fixture/ExpressPayPalPayflow.php,a7a4cc50b5f2d58cef4f6cb7f81d648855d3b773ec5f1e4cfed3c45e8cefa2a6,3085
dev/tests/functional/tests/app/Magento/Checkout/Test/Fixture/GuestAuthorizenet.php,38dcab3cebdd17fa2aa4dd84a16252e0ae085d6b529eaeeebd260c890f0ce0e3,2620
dev/tests/functional/tests/app/Magento/Checkout/Test/Fixture/GuestPayPalAdvanced.php,22d24dd4565164235b0bbc7a8f6638f87f42f27211ecf9ede7d9c6b91eb7a47c,2680
dev/tests/functional/tests/app/Magento/Checkout/Test/Fixture/GuestPayPalPayflowLink.php,536dae539daebf8ff7c02d18dfbab69e53518fec3ada03502c6ed8a90ea84aec,3175
dev/tests/functional/tests/app/Magento/Checkout/Test/Fixture/GuestPayPalPayflowLinkExpress.php,3ff4f62518e99400054f7528806760280086805af00657a48acfd2b7a024868a,3211
dev/tests/functional/tests/app/Magento/Checkout/Test/Fixture/GuestPayPalPayflowPro.php,e6ab7132adb33e209d33781d12cb6194a14e371e9eb54ed0ab4258601bcc9e74,2756
dev/tests/functional/tests/app/Magento/Checkout/Test/Fixture/GuestPayPalStandard.php,9f3c6c9804ddd51039dae2c012100ba282f62eb548565550744a7f8817d550c2,2984
dev/tests/functional/tests/app/Magento/Checkout/Test/Fixture/GuestPaypalDirect.php,3c43fa706e97c38e1ff7b74968a8ac880e7ff535045588ab2e98c88debe91900,2728
dev/tests/functional/tests/app/Magento/Checkout/Test/Fixture/GuestPaypalExpress.php,f62a842484ff07c30450eb1afa8fe4d37346afb8ac610ad09bf66b6c5e2be5fc,3668
dev/tests/functional/tests/app/Magento/Checkout/Test/Fixture/PaypalExpress.php,be5d13578aee5871e47f8b2f2126558da00c0219f2e9bce983a925ebc58972b2,3133
dev/tests/functional/tests/app/Magento/Checkout/Test/Fixture/PaypalPayflowPro.php,9225754001a4cee18668e644072d3f81737aadd3dcb3aab642fe127b3eecdb79,2804
dev/tests/functional/tests/app/Magento/Checkout/Test/Fixture/RegisteredPaypalExpress.php,1bb7c8414a64a02daf24f28cd614f4f89714f1b452bcd6813b69b770a4c06b54,912
dev/tests/functional/tests/app/Magento/Checkout/Test/Fixture/SpecialPriceCheckMoneyOrder.php,191c005b108a0ef1aaadce673d2bfd4ee5cc64069d5d054b62790f14608b06ec,3519
dev/tests/functional/tests/app/Magento/Checkout/Test/Handler/Ui/CreateOrder.php,f6e46cbb03afebd003eeaf000a8d2bf76e665c6de11220a36e356064211727d2,2878
dev/tests/functional/tests/app/Magento/Checkout/Test/Handler/Ui/CreatePaypalExpressOrder.php,740e589054440f64ac7cee738d3a9240f75ed7a9be8c1e43729620fe404154bd,2081
dev/tests/functional/tests/app/Magento/Checkout/Test/TestCase/Guest/PaypalCreditCardTest.php,6569a3619540725e15a62b89fca7dc75d1bae055885619e7472e634c3e726381,5898
dev/tests/functional/tests/app/Magento/Checkout/Test/TestCase/Guest/PaypalStandardTest.php,ae612c06fb27367acaa4b035e7b312cf983f1ae77dbcf025f6d40c8abdbdbee3,4736
dev/tests/functional/tests/app/Magento/Config/Test/Fixture/Config.php,3aa79f5c0c5b6895833e40ad1068bb23a1f51af4492e9ef912ad8cd7c7e5eeaa,689
dev/tests/functional/tests/app/Magento/Config/Test/Handler/Curl/ApplyConfig.php,b5abe27bfc7abc2f3b393332a7cb9cba38514d0d1ca1b04c990a0a1839c0f683,1134
dev/tests/functional/tests/app/Magento/Config/Test/Repository/Config.php,8ed03dc036819334fdfdedae6894d80a964134c10e897fcc458d96e365eb9acf,99537
dev/tests/functional/tests/app/Magento/Customer/Test/TestCase/CreateOrderFromCustomerPageTest.php,c1cff571ec07a2d1c4c64600e3adb11af785af135bdaea2ae0ea91576be903d9,1007
dev/tests/functional/tests/app/Magento/Customer/Test/TestCase/CreateOrderFromCustomerPageTest.xml,632a3dda09bce3cbc2a75b5fc3947ee67b658ae6f7e7ad85c5c90dd423cb6441,8443
dev/tests/functional/tests/app/Magento/CustomerBalance/Test/Block/Account/History.php,fdedc4bfed7d9d25844803bee6be87837e265adf76edb9934055dc51ec713aa6,774
dev/tests/functional/tests/app/Magento/CustomerBalance/Test/Block/Adminhtml/Customer/Edit/Tab/Balance/History/Grid.php,db333e4fa4ca8917f177d2b7ad6cbff809d681d0e403564d803f679a2bfb462f,2154
dev/tests/functional/tests/app/Magento/CustomerBalance/Test/Block/Adminhtml/Customer/Edit/Tab/Tab.php,49a896baac2a0e6880b8a0baef946f7ac0de521c021d2f345a216258b59df833,1789
dev/tests/functional/tests/app/Magento/CustomerBalance/Test/Block/Adminhtml/Edit/CustomerForm.php,69145091713285c89adf9c4b86ea148be143050f4bcabcf58de54e5ff32cb625,594
dev/tests/functional/tests/app/Magento/CustomerBalance/Test/Block/Adminhtml/Edit/CustomerForm.xml,1a52153c46bdab6564ba9d561eb7b40ae63aa4b9bc60bac36c2aad2028c999ad,1099
dev/tests/functional/tests/app/Magento/CustomerBalance/Test/Block/Adminhtml/Order/Creditmemo/Form.xml,ec9325eb4050fc7f82c2df9035eb65c8d86fd52cb55f1a5e16a3ed3e8df614cb,472
dev/tests/functional/tests/app/Magento/CustomerBalance/Test/Block/Cart/Totals/CustomerBalance.php,badacc659e51381da2ae54460b097f8e50e95f1c9acaacca9052fe14096b943c,636
dev/tests/functional/tests/app/Magento/CustomerBalance/Test/Block/Checkout/Onepage/Payment/Additional.php,0803f19d2656e843b24cbbb76f3d04764292d58119692c9e3ac90877b906b04d,809
dev/tests/functional/tests/app/Magento/CustomerBalance/Test/Block/Checkout/Onepage/Payment/Additional.xml,fcaea8f4ed8b4b8d14322fc92f8e3e8e45eaa90646f2a07e9925a4d833cacfdb,375
dev/tests/functional/tests/app/Magento/CustomerBalance/Test/Constraint/AssertCustomerBalanceAmount.php,a9ff1f49586fd0e5a22da08498975571bc8a2e371a430bc69437c4103af316fe,1783
dev/tests/functional/tests/app/Magento/CustomerBalance/Test/Constraint/AssertCustomerBalanceHistory.php,a7db92b5d43dcf5b1dbc3104c8f56cb11246184b98ff9aa096d4f90a6c4798bf,1839
dev/tests/functional/tests/app/Magento/CustomerBalance/Test/Constraint/AssertRemoveStoreCreditSuccessMessage.php,f2ff36c374bfc4c290656075ac91e68be1c19c6858b4862f159399210d72ae80,1275
dev/tests/functional/tests/app/Magento/CustomerBalance/Test/Fixture/CustomerBalance.xml,eb3ed44e4894823995b04e100aa139794aea3573963e24b621ef1b5f2359157f,1540
dev/tests/functional/tests/app/Magento/CustomerBalance/Test/Fixture/CustomerBalance/CustomerId.php,4261ce7c4fb43ff03e7b3f8815fa9f1759b44aa04eb9a864b892ee9dd4bd0950,1555
dev/tests/functional/tests/app/Magento/CustomerBalance/Test/Fixture/CustomerBalance/WebsiteId.php,fa77e736bdbc97879730705ea6ae9ff45d3834db4a0b38e48da17f7b1e4a5527,306
dev/tests/functional/tests/app/Magento/CustomerBalance/Test/Handler/CustomerBalance/Curl.php,cf0bbd0eaacc039e2b43b0dc3d2fe8f4767799b6e47c93a02067b86674184477,2272
dev/tests/functional/tests/app/Magento/CustomerBalance/Test/Handler/CustomerBalance/CustomerBalanceInterface.php,e95909e5d25aa7832ef7ee388f22045c1f43ca21d1dff63f86210e31f42ac239,331
dev/tests/functional/tests/app/Magento/CustomerBalance/Test/Page/Adminhtml/CustomerIndexEdit.xml,912b966617d058fee2dbe29e95e70b4d46c2f9aacd544abf5ee5d9708d83d749,750
dev/tests/functional/tests/app/Magento/CustomerBalance/Test/Page/CheckoutCart.xml,166981ee24d6a87150738a36b1beb871f1bd49973d570a076789592c540e4c33,543
dev/tests/functional/tests/app/Magento/CustomerBalance/Test/Page/CheckoutOnepage.xml,e8c8f7d805705e354de8aff7b00c4ff260d7b273c5024bdc64c40c5a920c3ed9,536
dev/tests/functional/tests/app/Magento/CustomerBalance/Test/Repository/Customer.xml,7e929855eeaa2f3a8c0322402248ce64abc84dc8bcaf7c23e46c0df2f11be50c,1038
dev/tests/functional/tests/app/Magento/CustomerBalance/Test/Repository/CustomerBalance.xml,d857b4efbd09ed0ced18b8f4fa832e7f10b550d75d994c6033daf89cf869643a,1863
dev/tests/functional/tests/app/Magento/CustomerBalance/Test/TestCase/CreateCreditMemoEntityTest.xml,7a18a125a0ad22bade51e93a7248be312db10f7f0e84b537098c348cf1e89e63,2048
dev/tests/functional/tests/app/Magento/CustomerBalance/Test/TestCase/CreateCustomerBalanceEntityTest.php,fca657ba5560dcbe5b18e9d355e634cc929e2aefb234c283fe2900760a34a914,2702
dev/tests/functional/tests/app/Magento/CustomerBalance/Test/TestCase/CreateCustomerBalanceEntityTest.xml,bc9c4924c7c099ede5d4188bdb7e8066295a25878410e50e5bd8a27c7c6036a3,2117
dev/tests/functional/tests/app/Magento/CustomerBalance/Test/TestCase/CreateOrderBackendTest.xml,fd2cea8c0834d75d3c8b87e69b3e1674baf61733b85ac387f74fea83e133d9fe,4362
dev/tests/functional/tests/app/Magento/CustomerBalance/Test/TestCase/DeleteStoreCreditFromCurrentQuoteTest.php,e3f3fec1fe73b0b86c6ed8e14440e3b2416f1781dc2995359be71e034e40e2cb,5096
dev/tests/functional/tests/app/Magento/CustomerBalance/Test/TestCase/DeleteStoreCreditFromCurrentQuoteTest.xml,c856fee0a62e5c2e263dbe1a8cfc716f8e940e405fed053724de4b7ca1b91d79,1309
dev/tests/functional/tests/app/Magento/CustomerBalance/Test/TestCase/OnePageCheckoutTest.xml,735e9eceed5c26958a297d78c3c315bfd80d2bf0d9ff0b2a76c4f284784baa38,4125
dev/tests/functional/tests/app/Magento/CustomerBalance/Test/TestStep/ApplyCustomerBalanceToCustomerStep.php,751feac87c7b5f4ce04c7b931a4366d018f53927adfa423e19e4f0289897e14c,1608
dev/tests/functional/tests/app/Magento/CustomerBalance/Test/TestStep/SelectStoreCreditStep.php,3fed124a8da752cafe5b66bed8018ba295a12ca6c03e02217c96a887d8883409,1207
dev/tests/functional/tests/app/Magento/CustomerBalance/Test/etc/curl/di.xml,0042a565cbd2c2678eb5a6aa68f5306d0ada8e0abddbf0d5e864ff5ef9c3aa84,457
dev/tests/functional/tests/app/Magento/CustomerBalance/Test/etc/di.xml,43e21ac34033bcfc485800135e788a33d5108343bddc7cf14e4b76055125244d,507
dev/tests/functional/tests/app/Magento/CustomerBalance/Test/etc/fixture.xml,7da01ac7d62ecc618c4983ebf2e148a1f24753de961d011a1483b9748ce1b083,455
dev/tests/functional/tests/app/Magento/CustomerBalance/Test/etc/testcase.xml,c2465d3e76e95b06656792ff9dd66f6609b2a1f70edcad1345ed46c2b916db65,632
dev/tests/functional/tests/app/Magento/CustomerCustomAttributes/Test/Block/Adminhtml/Customer/Attribute/CustomerCustomAttributesGrid.php,237fd9e82e621a5f962c6658b9ed0e81207cc501f95d48346aada10feaa0b879,1378
dev/tests/functional/tests/app/Magento/CustomerCustomAttributes/Test/Block/Adminhtml/Customer/Attribute/Edit/CustomerCustomAttributesForm.php,dd083d6ae57d3f69e29f98c05396ec7a47cc5617e186029059e2be2345ada087,344
dev/tests/functional/tests/app/Magento/CustomerCustomAttributes/Test/Block/Adminhtml/Customer/Attribute/Edit/CustomerCustomAttributesForm.xml,9a76f8fbec70f09a783e8514cc7d073bc154c8eab12ae2338bb86014a12c3825,2797
dev/tests/functional/tests/app/Magento/CustomerCustomAttributes/Test/Block/Adminhtml/Customer/Attribute/Edit/Tab/Options.php,12fab6f2ffa859378dda2f47df83463dc6eed1cbba784cd5a2d4c636be823261,3449
dev/tests/functional/tests/app/Magento/CustomerCustomAttributes/Test/Block/Adminhtml/Customer/Attribute/Edit/Tab/Options/Option.php,0a24d1fa6eab43415cdda5c468944f9e56764d58aa36e2242e12652d5b73e2bf,557
dev/tests/functional/tests/app/Magento/CustomerCustomAttributes/Test/Block/Adminhtml/Customer/Attribute/Edit/Tab/Options/Option.xml,ebf6fa5318efd79f5d958cbd58bc901715b61faa868abb7e55cad66f868158f1,479
dev/tests/functional/tests/app/Magento/CustomerCustomAttributes/Test/Block/Adminhtml/Order/Create.php,5ffaefe2de9e29cf670bcd60ef37c1f01e27ff650cf3235211170931aab80977,960
dev/tests/functional/tests/app/Magento/CustomerCustomAttributes/Test/Block/Form/CustomerForm.php,b025623f42ac0ea3a62a63d6b914502ba11dfd35f064fd45ada5351d9213c7f1,1194
dev/tests/functional/tests/app/Magento/CustomerCustomAttributes/Test/Block/Form/Register.php,0e2e1248b7726bb617bedaca0be828947907d3b46c7ebd7e775b3f1682ea0ded,781
dev/tests/functional/tests/app/Magento/CustomerCustomAttributes/Test/Block/Onepage/Billing.php,c0704538e18a4a666da591e7e3bde53fa5c463b5d28fd4f084bf5ce18be615c4,966
dev/tests/functional/tests/app/Magento/CustomerCustomAttributes/Test/Constraint/AssertCustomerCustomAttributeErrorDuplicateMessage.php,704f0e3d0259c35860d9185b90933a3c924768966713e3570ceeb5ab411d15c7,1304
dev/tests/functional/tests/app/Magento/CustomerCustomAttributes/Test/Constraint/AssertCustomerCustomAttributeInCustomerSegment.php,e6e2a3e56a9a1bebc17d1e731add7d6a0fc5edfd554f3e11e4697ec8370b09a4,2464
dev/tests/functional/tests/app/Magento/CustomerCustomAttributes/Test/Constraint/AssertCustomerCustomAttributeInGrid.php,a16b51a95f5f6c2227e092923a8a84d0bc001c4443c1f255aeadf4d9bf715fb1,2373
dev/tests/functional/tests/app/Magento/CustomerCustomAttributes/Test/Constraint/AssertCustomerCustomAttributeNotInCustomerSegment.php,26d684a97837530362b97ea513795962f11172fba10ee8d7ca781d239afbc85d,2240
dev/tests/functional/tests/app/Magento/CustomerCustomAttributes/Test/Constraint/AssertCustomerCustomAttributeNotInGrid.php,6a73affa9e0628aebcdef2a34a1cbda766a3472db17d33d5c6392aea97a8e253,1673
dev/tests/functional/tests/app/Magento/CustomerCustomAttributes/Test/Constraint/AssertCustomerCustomAttributeNotOnCreateOrderBackend.php,eca3a6da261856f2668b27798c360db1ece5ecd63996a5c78dda73b26febb4a3,2039
dev/tests/functional/tests/app/Magento/CustomerCustomAttributes/Test/Constraint/AssertCustomerCustomAttributeNotOnCustomerEditPage.php,b78590aecdccf0a398ce0f585f286f1fe7e490c5cf06a5beaa829aae92365560,2583
dev/tests/functional/tests/app/Magento/CustomerCustomAttributes/Test/Constraint/AssertCustomerCustomAttributeNotOnCustomerRegister.php,6c0086d74e7cfb078c1c8dad337f662402ad83db72103bf6992223535d96ede3,1771
dev/tests/functional/tests/app/Magento/CustomerCustomAttributes/Test/Constraint/AssertCustomerCustomAttributeOnCreateOrderBackend.php,23e1cb33442f08e8ccdc4275b8f177f0f8f1c305557643f4e936c962b581b722,2219
dev/tests/functional/tests/app/Magento/CustomerCustomAttributes/Test/Constraint/AssertCustomerCustomAttributeOnCustomerEditPage.php,f0a0c57313d747c129b5aadfbad51839553076c544119b911f6a423c545b110d,2532
dev/tests/functional/tests/app/Magento/CustomerCustomAttributes/Test/Constraint/AssertCustomerCustomAttributeOnCustomerRegister.php,7c11a5c2a86e62792f6abe4f8507587018bb14017497e2fcb27f4dcd9b9988f7,2077
dev/tests/functional/tests/app/Magento/CustomerCustomAttributes/Test/Constraint/AssertCustomerCustomAttributeSuccessDeleteMessage.php,fbe34446e64a58b86c495297609efbebed1c566146b7828ddf2d2ac495ae5c62,1437
dev/tests/functional/tests/app/Magento/CustomerCustomAttributes/Test/Constraint/AssertCustomerCustomAttributeSuccessSaveMessage.php,0df8012f11cfc3eaf118b59e7891749921f0bfeed5194314ce3c6745c2727b01,1357
dev/tests/functional/tests/app/Magento/CustomerCustomAttributes/Test/Fixture/CustomerCustomAttribute.xml,8f1cdaa047280a7499c667296e15167585e1ff707dd4dfa1ccb17cb66a22cd5e,3976
dev/tests/functional/tests/app/Magento/CustomerCustomAttributes/Test/Handler/CustomerCustomAttribute/Curl.php,8e22259af8b0f9b813d697748d350948a45384c80db7550e439210b5fd8a4f11,2554
dev/tests/functional/tests/app/Magento/CustomerCustomAttributes/Test/Handler/CustomerCustomAttribute/CustomerCustomAttributeInterface.php,d61b333ccf64a2c4e9d2033c2402984a6bfe1a76b93306ec34b058b207937840,364
dev/tests/functional/tests/app/Magento/CustomerCustomAttributes/Test/Page/Adminhtml/CustomerAttributeIndex.xml,99d4e72ba8f68e98bb5bf664f479f102fc9642be261dcc88e154c241d69cba64,930
dev/tests/functional/tests/app/Magento/CustomerCustomAttributes/Test/Page/Adminhtml/CustomerAttributeNew.xml,4f0ab6e44be5f678b5e1cd6b4afc16a0bbc2b718058ab4b0375ffa7da97e888b,1090
dev/tests/functional/tests/app/Magento/CustomerCustomAttributes/Test/Page/Adminhtml/OrderCreateIndex.xml,b1b21d135df796973a504bbab7e870dcdc70a589cb89bf34c44cc3b7d54c2ef2,583
dev/tests/functional/tests/app/Magento/CustomerCustomAttributes/Test/Page/CheckoutOnepage.xml,af9f29d540c7e0e5c374656e6463ca5db148e10405bf1dce1c3ca5528278aafc,542
dev/tests/functional/tests/app/Magento/CustomerCustomAttributes/Test/Page/CustomerAccountCreate.xml,8bb952d2dbdc57d4748b8a35b5fae50898bf89d458bd43bdc7729a652fe1ee8c,548
dev/tests/functional/tests/app/Magento/CustomerCustomAttributes/Test/Page/CustomerAccountEdit.xml,efcdfcf43b1fbc236d1e89af4d4ff1da1bcce12ff6b676d09d021335549de37f,533
dev/tests/functional/tests/app/Magento/CustomerCustomAttributes/Test/Repository/CustomerCustomAttribute.xml,ae7dfcdc189a28b0c538625b4623d92dc1b704bad0e188d7112490a3d690ef67,5295
dev/tests/functional/tests/app/Magento/CustomerCustomAttributes/Test/Repository/CustomerCustomAttribute/Option.xml,32f2428ad3aca522e49b3d6aa1a549729a7c74f82f3019cd6798c028d38ae910,1288
dev/tests/functional/tests/app/Magento/CustomerCustomAttributes/Test/TestCase/AbstractCustomerCustomAttributesEntityTest.php,36b6e780f5255ff50ebdbedf60bd007a475d393404f4bdacad6cc46bdaaf408f,2629
dev/tests/functional/tests/app/Magento/CustomerCustomAttributes/Test/TestCase/CreateCustomerCustomAttributesEntityTest.php,1135493e0e662540125a848a2b99a7e63e67b604f43c7d6d3c0d2a4510e71447,1376
dev/tests/functional/tests/app/Magento/CustomerCustomAttributes/Test/TestCase/CreateCustomerCustomAttributesEntityTest.xml,4893232d73191a877e7b50b28dcd543334a4d954081312a1b5d29023e09d1825,13630
dev/tests/functional/tests/app/Magento/CustomerCustomAttributes/Test/TestCase/DeleteCustomerCustomAttributesEntityTest.php,bbca8a5510946afcf62887c382b2d50c18dddbb97629e56a160f36c8a112ae89,2729
dev/tests/functional/tests/app/Magento/CustomerCustomAttributes/Test/TestCase/DeleteCustomerCustomAttributesEntityTest.xml,630ae32fd4d87197ae405d011943cba10f567577b2818f630791f174cae89b08,5526
dev/tests/functional/tests/app/Magento/CustomerCustomAttributes/Test/TestCase/NavigateMenuTest.xml,65e8d9842957686b99fe3b3bb380a2ebf7e1395b7b50c017b59956def37173ca,1046
dev/tests/functional/tests/app/Magento/CustomerCustomAttributes/Test/TestCase/UpdateCustomerCustomAttributesEntityTest.php,8aa8d3857398152a1432273ff24065ae0e4cd4734647fdc5887b78e18f2c9da7,1745
dev/tests/functional/tests/app/Magento/CustomerCustomAttributes/Test/TestCase/UpdateCustomerCustomAttributesEntityTest.xml,834e71b1b102e23885540b776ef8ab253b434df8fd538e2f95b221edfda867cc,12127
dev/tests/functional/tests/app/Magento/CustomerCustomAttributes/Test/TestCase/ValidationAttributeCodeCustomerCustomAttributesEntityTest.php,6c0c5e18ab67650c7cdbbe8fc7dd7388be2cb2f235a23da78d3e9649e426951e,2917
dev/tests/functional/tests/app/Magento/CustomerCustomAttributes/Test/TestCase/ValidationAttributeCodeCustomerCustomAttributesEntityTest.xml,a5b87cbe88fea7cf1893ac23c0af50bdefd0ef444414bb66ef6bf79c2cb0ea8d,2533
dev/tests/functional/tests/app/Magento/CustomerCustomAttributes/Test/etc/curl/di.xml,bd1a830f686025a380de1dd1bdda861052225cc49d4f193340f7f723534e4768,499
dev/tests/functional/tests/app/Magento/CustomerCustomAttributes/Test/etc/di.xml,fd90cd93b64cc6c11e04e4d2c562e8c0deba46b46af935d11b164326a5a209c6,750
dev/tests/functional/tests/app/Magento/CustomerCustomAttributes/Test/etc/fixture.xml,c2c04e54e08906e51dda8cabe941f11520d14b1346c7547eea1bcc44cb587f54,557
dev/tests/functional/tests/app/Magento/CustomerSegment/Test/Block/Adminhtml/Banner/BannerForm.php,8a0dbbf17da500ebeff1035ffb3c6bce8e50a2a028e3ceba1b586beee39c2b00,1285
dev/tests/functional/tests/app/Magento/CustomerSegment/Test/Block/Adminhtml/Customersegment.php,a9269a7a8e4482b7c6a46c55786b3deb3a3cfe126763e8354ff154f847935a29,515
dev/tests/functional/tests/app/Magento/CustomerSegment/Test/Block/Adminhtml/Customersegment/CustomerGrid.php,75d05bfb09dfb76b51587b033e0a775238ac587f961c5fd908fe8bf77e5c69d2,1192
dev/tests/functional/tests/app/Magento/CustomerSegment/Test/Block/Adminhtml/Customersegment/CustomerSegmentForm.php,85becbb4b1e0f461c4db156db285dd898aa37a01af208c79c337f167b7c8ad94,364
dev/tests/functional/tests/app/Magento/CustomerSegment/Test/Block/Adminhtml/Customersegment/CustomerSegmentForm.xml,fced6f88fb0d4b15106ffe6b94032f977d1f581223fde6cc804cf4de2cde8ca3,926
dev/tests/functional/tests/app/Magento/CustomerSegment/Test/Block/Adminhtml/Customersegment/Edit/CustomerSegmentForm.php,eccc24eca8a51f886e596135fe362c79ceb259afb859d6bb85b9256011af9668,3276
dev/tests/functional/tests/app/Magento/CustomerSegment/Test/Block/Adminhtml/Customersegment/Edit/CustomerSegmentForm.xml,74d0b2540afe2038c3194082bede252ae834f0dddb7b0378eb3a9e88828360fa,1518
dev/tests/functional/tests/app/Magento/CustomerSegment/Test/Block/Adminhtml/Customersegment/Edit/FormPageActions.php,544ec18180e13c94a840d357d20d6cc4e61515fc9ef684fa3e5251daa2cee0ca,899
dev/tests/functional/tests/app/Magento/CustomerSegment/Test/Block/Adminhtml/Customersegment/Edit/Tab/Conditions.php,40a5db70d95b5f31091e264a404de232892051a520e7a1525cd23a96d726352f,2017
dev/tests/functional/tests/app/Magento/CustomerSegment/Test/Block/Adminhtml/Customersegment/Edit/Tab/General.php,1935a9accda773056d108cd4040a8b52a5feb8a8b37f785ac629e0f599ee61b2,325
dev/tests/functional/tests/app/Magento/CustomerSegment/Test/Block/Adminhtml/Customersegment/Edit/Tab/General.xml,44f1a93286fe3c1e4ff305e6e67a35452752e79e24e15558cd47f0f9e040f7d2,514
dev/tests/functional/tests/app/Magento/CustomerSegment/Test/Block/Adminhtml/Customersegment/Edit/Tab/MatchedCustomers.php,0ecdbf8f6d8d900a5f8805202a666df6941f60f56b0fb82644245886051a2001,904
dev/tests/functional/tests/app/Magento/CustomerSegment/Test/Block/Adminhtml/Customersegment/EditActions.php,1835059662a5fec0d993bff2144130280ca344f4a9aeada53e8f624f1fb27df6,533
dev/tests/functional/tests/app/Magento/CustomerSegment/Test/Block/Adminhtml/Customersegment/Grid.php,2e1f5642be0cd14bab063f2c2da8a5b13bef919c724416f6c5ae777926cab66a,1145
dev/tests/functional/tests/app/Magento/CustomerSegment/Test/Block/Adminhtml/Customersegment/Grid/Chooser.php,2a90e4b753358c6a4ca77b31b07f55508d34a3ecb12ff3b2c8cb272c5b2e6ad7,672
dev/tests/functional/tests/app/Magento/CustomerSegment/Test/Block/Adminhtml/Report/Customer/Segment/DetailGrid.php,a9614ffe6fcbc9b687105e1484fc25c4db550c08689c2f1954d1638b3fdf2e8c,3253
dev/tests/functional/tests/app/Magento/CustomerSegment/Test/Block/Adminhtml/Report/Customer/Segment/ReportGrid.php,d2405f288f48b5acbb87449d97f0b67c84ee4cc388803f2c46fafd0f6881267b,1090
dev/tests/functional/tests/app/Magento/CustomerSegment/Test/Constraint/AssertCustomerSegmentAvailableInBannerForm.php,8ff2e0b00063964d887470e3a64dcac024d3803466c261c679293d29173a93ea,1318
dev/tests/functional/tests/app/Magento/CustomerSegment/Test/Constraint/AssertCustomerSegmentForm.php,3d28c23416cd9b123353da25547f8e841ee44a1421bbb48338c83f1100e08f76,2022
dev/tests/functional/tests/app/Magento/CustomerSegment/Test/Constraint/AssertCustomerSegmentInGrid.php,d136d0d13a71173c2aba9027cced643bd8ab314ec7be12034b50de26d1e16226,1570
dev/tests/functional/tests/app/Magento/CustomerSegment/Test/Constraint/AssertCustomerSegmentMatchedCustomer.php,703907ab4d61ef3ddce02538f9ab9641ddf2c2625a071abd99fd81c12f2bae10,2638
dev/tests/functional/tests/app/Magento/CustomerSegment/Test/Constraint/AssertCustomerSegmentMatchedCustomerWithCart.php,9a44b0f14f964296f6e562b90fd2fbb599398a32f617da33efad0e80e9c20076,3083
dev/tests/functional/tests/app/Magento/CustomerSegment/Test/Constraint/AssertCustomerSegmentMatchedCustomersInGrid.php,f0920eb9cf47be377e03c7e9d8e0c86124cad4805d9cbc407af6890c474fb737,3151
dev/tests/functional/tests/app/Magento/CustomerSegment/Test/Constraint/AssertCustomerSegmentNotApplicableToBanner.php,9b6ef74806addca1e55a842fd54e0c29e31526bb24d8074317dd25e5b74dae69,1333
dev/tests/functional/tests/app/Magento/CustomerSegment/Test/Constraint/AssertCustomerSegmentNotInGrid.php,d2d8fe97ad7de2939974e02bb2f1d05f25b301487b1cdd9404e8661df51ba583,1308
dev/tests/functional/tests/app/Magento/CustomerSegment/Test/Constraint/AssertCustomerSegmentPriceRule.php,925e66d313c1363cd83b3de9be92ef44be4d2454f1cb59c3074a7792e8d8b9fe,4735
dev/tests/functional/tests/app/Magento/CustomerSegment/Test/Constraint/AssertCustomerSegmentReportInGrid.php,5940ab874c34421624cdf16f6ec44b78b6c74de492282639989be68b6a9e10b6,2577
dev/tests/functional/tests/app/Magento/CustomerSegment/Test/Constraint/AssertCustomerSegmentReportMessage.php,6e601719531ed7154f4ceaf3234a667c337ef108b77a2b1e42e7dfddcb79d2a8,1867
dev/tests/functional/tests/app/Magento/CustomerSegment/Test/Constraint/AssertCustomerSegmentReportNotInGrid.php,3da42618d2da7a14ef5d2d800f02b95fdfce8cf38eaed1a574a2db1de6ca56cf,2459
dev/tests/functional/tests/app/Magento/CustomerSegment/Test/Constraint/AssertCustomerSegmentSuccessDeleteMessage.php,56bdfb26e524eed6436b5841e54d83337179e608f6e1a15cbfd20fbd3c410a09,1344
dev/tests/functional/tests/app/Magento/CustomerSegment/Test/Constraint/AssertCustomerSegmentSuccessSaveMessage.php,a5e132a06d059758f797e259e781b6b7f321225174aae218f7e1e3926c92a6c2,1370
dev/tests/functional/tests/app/Magento/CustomerSegment/Test/Fixture/CustomerSegment.xml,39667a5d9f5b339699ba4f6b4d60608fd8763f97a6a41430d2c33a86079fa1ff,1506
dev/tests/functional/tests/app/Magento/CustomerSegment/Test/Fixture/CustomerSegmentSalesRule/ConditionsSerialized.php,3b20141ea189d97c042e3310b3f6471168cf6efee2a3c8995740bd65ad6d850f,636
dev/tests/functional/tests/app/Magento/CustomerSegment/Test/Fixture/CustomerSegmetSalesRule.xml,66044d6cfd321a5e0831155612283bd77d0b47e3651a8bb228b582c321b1be31,891
dev/tests/functional/tests/app/Magento/CustomerSegment/Test/Handler/CustomerSegment/Curl.php,e3157eb95bb0a4c5264a1f868e4c8b7ea495ba607b4439c0e75b1fe8c9cdd7d6,4795
dev/tests/functional/tests/app/Magento/CustomerSegment/Test/Handler/CustomerSegment/CustomerSegmentInterface.php,d4ee995ee0ca5e407b9f081b553e5e6ea311b2fdb8c75fbb5d52ac40e7893fa0,331
dev/tests/functional/tests/app/Magento/CustomerSegment/Test/Handler/CustomerSegmentSalesRule/Curl.php,0f0c78f72d85f77095d1362125fd02e220d31810d25c5fcd72c67dff1ee08e07,555
dev/tests/functional/tests/app/Magento/CustomerSegment/Test/Handler/CustomerSegmentSalesRule/CustomerSegmentSalesRuleInterface.php,da93388e80c97ae3bdf41ecf93a9a05f664443c95df67c53180348738a533519,359
dev/tests/functional/tests/app/Magento/CustomerSegment/Test/Page/Adminhtml/BannerNew.xml,efa2765043f95bbba26d42f36f862c063e25c9f690c3ce1ceba551e295ccc682,559
dev/tests/functional/tests/app/Magento/CustomerSegment/Test/Page/Adminhtml/CustomerSegmentIndex.xml,cb263a1a917f23cdeb1fe7c438151af17354abe9bf36b0a8de9213ebbf4f1545,858
dev/tests/functional/tests/app/Magento/CustomerSegment/Test/Page/Adminhtml/CustomerSegmentNew.xml,c411e5b35fb00083911680a488780920491a9af63e6aa906160c8f6be45fa079,1267
dev/tests/functional/tests/app/Magento/CustomerSegment/Test/Page/Adminhtml/CustomerSegmentReportDetail.xml,76bcb471d61482dcde00f085eff23c039e5bbc73d6bdbe1a036735406b0147ab,910
dev/tests/functional/tests/app/Magento/CustomerSegment/Test/Page/Adminhtml/CustomerSegmentReportIndex.xml,1d80536472dd3a94caed0ea83974650d6d1af12c6b89d1395b037fab3d14d5b6,925
dev/tests/functional/tests/app/Magento/CustomerSegment/Test/Repository/CustomerSegment.xml,f28c81b0e2e7fbdbfd830384b7e9d95ee29cbfdb2bde2e2786adc07ebe00c772,3522
dev/tests/functional/tests/app/Magento/CustomerSegment/Test/TestCase/CreateCustomerSegmentEntityTest.php,c59586a93ef3608d87ad80f894413b7f3ae50fc3440b1942caf9b5922ccf662c,4425
dev/tests/functional/tests/app/Magento/CustomerSegment/Test/TestCase/CreateCustomerSegmentEntityTest.xml,5bce6bfe669019b25b62e27a9df013e85e2089af2a99b0d9c5c9e41c8236382a,39911
dev/tests/functional/tests/app/Magento/CustomerSegment/Test/TestCase/DeleteCustomerSegmentEntityTest.php,e088a07376dc3cef616dae71aeed62c845e7a88fbc19b3bc625a023e684d07fe,2201
dev/tests/functional/tests/app/Magento/CustomerSegment/Test/TestCase/DeleteCustomerSegmentEntityTest.xml,5b1dad3e1700a713ecc517bf42212839d5a1ebcaad7a837c5849f8f7803ed11a,1532
dev/tests/functional/tests/app/Magento/CustomerSegment/Test/TestCase/NavigateMenuTest.xml,1859e0deef01ad533466ee1d2e712d86567c650341388093274fb21dd61a43f6,1036
dev/tests/functional/tests/app/Magento/CustomerSegment/Test/TestCase/RefreshCustomerSegmentEntityTest.php,4475d61051d4c8f5f243c26d2aaa8d908d2e86b997d43b9d55439b4119226784,2980
dev/tests/functional/tests/app/Magento/CustomerSegment/Test/TestCase/RefreshCustomerSegmentEntityTest.xml,9308105acf3a46f948e321097b14a3988fcf2d249d102e693d09a55caf2941fa,887
dev/tests/functional/tests/app/Magento/CustomerSegment/Test/TestCase/ReportCustomerSegmentEntityTest.php,3e01ee1ee26170d6577e6adf9e0048c9087fe7623a7ffe54a4952663e043d7c4,5479
dev/tests/functional/tests/app/Magento/CustomerSegment/Test/TestCase/ReportCustomerSegmentEntityTest.xml,a514c0bbe0ee5fb2375025ac0a6e7de8b555331358b0bae13875476d6b423f67,2499
dev/tests/functional/tests/app/Magento/CustomerSegment/Test/TestCase/UpdateCustomerSegmentEntityTest.php,f1770783a19abaf76d52a3d8290406ccb8e015a277c6e04740e5924d2178fcec,4913
dev/tests/functional/tests/app/Magento/CustomerSegment/Test/TestCase/UpdateCustomerSegmentEntityTest.xml,782f113f2c41e5d4e34a6a4a656d7ef5d720975c60b291780ca52648f87fbfa5,9297
dev/tests/functional/tests/app/Magento/CustomerSegment/Test/TestStep/DeleteAllCustomerSegmentsStep.php,9bf9cebafac40104fe1d0b3cd17dd954a33e2f1db312b871fca2be3eb729f5ba,1639
dev/tests/functional/tests/app/Magento/CustomerSegment/Test/etc/curl/di.xml,c31004ca518be111b9464aa9f3876a9e180461b94153e055f97f3eb6493a81a2,652
dev/tests/functional/tests/app/Magento/CustomerSegment/Test/etc/di.xml,d2457c2560230262abe87ce38a768ab3926dd28969939c9b2a924ab06fa3415d,905
dev/tests/functional/tests/app/Magento/GiftCard/Test/Block/Adminhtml/Product/Composite/Configure.php,7cca2c88187dea14d27011d1262b67831afee28aa094fe556351fce9ae73d834,1368
dev/tests/functional/tests/app/Magento/GiftCard/Test/Block/Adminhtml/Product/Composite/Configure.xml,9dcb44bc08f5bea6af7be3dfa3d819595a7b0c052a5685f63f1439905ad279c3,462
dev/tests/functional/tests/app/Magento/GiftCard/Test/Block/Adminhtml/Product/Edit/Tab/ProductDetails/Amount.php,a79b0d6e99a22e61ba9d60c68ce640b5fda415f99b6f388c07d141efb4670629,3468
dev/tests/functional/tests/app/Magento/GiftCard/Test/Block/Adminhtml/Product/ProductForm.xml,de5a7b9c8797b6b3cf5562fde57b5589747289b89bf97aa7750f74c9bcd4cf64,3062
dev/tests/functional/tests/app/Magento/GiftCard/Test/Block/Catalog/Product/View.php,3d48de49ba69b83c6f6d4d5302c0b14af66b32065b61e65b375aa5bf3f0aeebb,1081
dev/tests/functional/tests/app/Magento/GiftCard/Test/Block/Catalog/Product/View/Type/GiftCard.php,3500d74244602fbfbf6d288608a4b242162999c8d0112c9637a039cca3ebb4a0,6081
dev/tests/functional/tests/app/Magento/GiftCard/Test/Block/Catalog/Product/View/Type/GiftCard.xml,91d4be745ff4b54615decc95480fac007807f207105a6024896c24cf5441704c,1410
dev/tests/functional/tests/app/Magento/GiftCard/Test/Constraint/AssertGiftCardDuplicateForm.php,1440fc706948d47c126b6450a4c3b0fadbfadb07db454e845b288a56e41b280a,1322
dev/tests/functional/tests/app/Magento/GiftCard/Test/Constraint/AssertGiftCardDuplicatedInGrid.php,d4acbb869ded47761a80492abf3ea8f2020cb0f776bfbf9ca8869cc535ac01c9,1604
dev/tests/functional/tests/app/Magento/GiftCard/Test/Constraint/AssertGiftCardInGrid.php,5ef590322d6c06e2776c41c9fdf2be2d789be40b10683a213ccfb64040e0dc23,573
dev/tests/functional/tests/app/Magento/GiftCard/Test/Constraint/AssertGiftCardProductAddToCartForm.php,0554cd5fe0c38a3fe9f3e78213e21864b9e078b5b840356581151bf2577deab3,5355
dev/tests/functional/tests/app/Magento/GiftCard/Test/Constraint/AssertGiftCardProductForm.php,a5a485b8960cf9d889f302a6fb3d0242e00dbbdcc55bc3aa16112bc7ab89b04f,470
dev/tests/functional/tests/app/Magento/GiftCard/Test/Constraint/AssertGiftCardProductInCustomerWishlistOnBackendGrid.php,08bccabfe73ebf684c0dde324ef3aa5a3a4c58ce8bc00b2bd491aeae1df71081,1676
dev/tests/functional/tests/app/Magento/GiftCard/Test/Constraint/AssertGiftCardProductPage.php,ddcadd9d1ebf3ec681851a78c4dbc505de9e3caed8c9493dac27a7ed96532f3a,1189
dev/tests/functional/tests/app/Magento/GiftCard/Test/Fixture/Cart/Item.php,989e5c5d04fc55f2ac25424420ed4945f423c7ec092d6afb461319379ddefbc8,1497
dev/tests/functional/tests/app/Magento/GiftCard/Test/Fixture/GiftCardProduct.xml,fe591a5d5689227dcfb690b0ceca471505551e99aa2428eb562f7155dc2211e1,4616
dev/tests/functional/tests/app/Magento/GiftCard/Test/Handler/GiftCardProduct/Curl.php,f6cfc89fe44ffba086acf541c11a756a13f753877ea61fbb6097e244537062af,2677
dev/tests/functional/tests/app/Magento/GiftCard/Test/Handler/GiftCardProduct/GiftCardProductInterface.php,082d9a43407ca95db0526cb25a1e348e39c47f894046048b9e04f25c451cf82a,324
dev/tests/functional/tests/app/Magento/GiftCard/Test/Page/Adminhtml/CustomerIndexEdit.xml,2eb5a925aa5358c880e0e0b82d5c026d6d62535d3dc138276f94d158d6c448eb,554
dev/tests/functional/tests/app/Magento/GiftCard/Test/Page/Adminhtml/OrderCreateIndex.xml,41dcacca74e372c37f5d587ae9e99115e1a1bc6faf1992423c82ecf518758fda,558
dev/tests/functional/tests/app/Magento/GiftCard/Test/Page/Product/CatalogProductView.xml,6eb7867455094f057534cc8af272900ac40d75ed523b32e4a9b1b90139252e05,683
dev/tests/functional/tests/app/Magento/GiftCard/Test/Repository/GiftCardProduct.xml,27850d2f142b7a1b5b926c00d7e0f00c39202bb578a6c7ed379c39bc342b82b4,9265
dev/tests/functional/tests/app/Magento/GiftCard/Test/Repository/GiftCardProduct/CheckoutData.xml,bc94b251e6dc50f95e6ce479c414fde94fb83624cc7a27e688ffab2270080e8c,1606
dev/tests/functional/tests/app/Magento/GiftCard/Test/Repository/GiftCardProduct/Price.xml,50b919cb53a9a2b1b721807aa2dce874693f6bd3983a30b2e5c1ed74d91b8c06,626
dev/tests/functional/tests/app/Magento/GiftCard/Test/TestCase/AddCompareProductsTest.xml,a87a2ebeb3d5cab6e5719a5f3f4aa34ec86119f39b7ecd08414372a0ca0670a7,919
dev/tests/functional/tests/app/Magento/GiftCard/Test/TestCase/AddGiftCardProductToCartFromCustomerWishlistOnFrontendTest.xml,1b6194a530e4073e0556d1b0775e5cc9597edcfd938359fb0c887ea23cc2840f,885
dev/tests/functional/tests/app/Magento/GiftCard/Test/TestCase/AddProductToMultipleWishListTest.xml,d655fb76c9d625513174dfdfa3f9afea9d98168445bc8de0f9c1324fee5e5755,1217
dev/tests/functional/tests/app/Magento/GiftCard/Test/TestCase/AddProductToWishlistEntityTest.xml,3c8fad470d02e4fe3c674f2f8a80f807def95ddfc3f705df4ffd5746a07252a5,971
dev/tests/functional/tests/app/Magento/GiftCard/Test/TestCase/AddProductsToShoppingCartEntityTest.xml,10ea2f40e57045b1ed8285d986cc6008f0c99cce2314010c8d3dc5b12b218377,1212
dev/tests/functional/tests/app/Magento/GiftCard/Test/TestCase/ConfigureProductInCustomerWishlistOnBackendTest.xml,b2541d33aeac5122f8e75239777a76ac90236d209c3f408a7fdfc7ec4305d59e,814
dev/tests/functional/tests/app/Magento/GiftCard/Test/TestCase/ConfigureProductInCustomerWishlistOnFrontendTest.xml,a684b5859ba705eb434b3974006e1d30ca2533448c15e2487b99702ad1d5d268,895
dev/tests/functional/tests/app/Magento/GiftCard/Test/TestCase/CopyProductToAnotherWishlistEntityTest.xml,e276a3cee339898a69ff03c63d7af80fbfaf45160ca093483d3b79a247d767da,1095
dev/tests/functional/tests/app/Magento/GiftCard/Test/TestCase/CreateGiftCardProductEntityTest.php,2212c6c4491348ddbf9e78934c1de910bd16d60104e4a528876799890a65839a,1521
dev/tests/functional/tests/app/Magento/GiftCard/Test/TestCase/CreateGiftCardProductEntityTest.xml,8fd73f76b9d8759ae99da277c316688a33d5d75aebcc673fc29c08b5c8d9fcb2,15083
dev/tests/functional/tests/app/Magento/GiftCard/Test/TestCase/DeleteProductEntityTest.xml,24ff326721c40f69f1c04844216bd31d39c4912fc3d4c57f4ebb9ed0a5a9c7bb,937
dev/tests/functional/tests/app/Magento/GiftCard/Test/TestCase/DeleteProductFromMiniShoppingCartTest.xml,f56124e3be68a37738302348e97ef871b09c30776d20b4bf37a0bd4e29a458f8,843
dev/tests/functional/tests/app/Magento/GiftCard/Test/TestCase/DeleteProductsFromShoppingCartTest.xml,60d932af92c88a2c95939472a9e7463209f561eb938c8394f24c77183749475f,749
dev/tests/functional/tests/app/Magento/GiftCard/Test/TestCase/DeleteProductsFromWishlistOnFrontendTest.xml,f0f6eb347019fa57413105ae4c9ceab0f1851446b741327667658eaa11ee5bef,906
dev/tests/functional/tests/app/Magento/GiftCard/Test/TestCase/DuplicateProductEntityTest.xml,d31633b66b8e79d6bfc0077350961bd7f8498b5295e2fcf801e2d808129ce7c4,1025
dev/tests/functional/tests/app/Magento/GiftCard/Test/TestCase/MoveProductFromCustomerActivityToOrderTest.xml,b710f8079ff51d943caa9b6bc44e6dc4797d54d99779840f85f92ad3a543b14d,1038
dev/tests/functional/tests/app/Magento/GiftCard/Test/TestCase/MoveProductFromShoppingCartToWishlistTest.xml,fd2928f7e8b1d31773301cceec349884a83caabfcf460763271dbf41ae3bfde8,1083
dev/tests/functional/tests/app/Magento/GiftCard/Test/TestCase/MoveProductToAnotherWishlistEntityTest.xml,a6c2790ae90ba2488da3bb79d1095ee332c1462f747f254a97b1bbad503bfaab,1094
dev/tests/functional/tests/app/Magento/GiftCard/Test/TestCase/PrintGiftCardOrderFrontendGuestTest.xml,941d95a812fe5a855bf1e0a76f7db9341803c0ad9fc2bf520b0cbaf25374506a,1828
dev/tests/functional/tests/app/Magento/GiftCard/Test/TestCase/UpdateGiftCardProductEntityTest.php,fd2768170c3a1ec021658a964efeb619571353728fed93f814f33c5482bcce2a,2051
dev/tests/functional/tests/app/Magento/GiftCard/Test/TestCase/UpdateGiftCardProductEntityTest.xml,481a9add68be705737fb61b4250321ef6832901127e4575c4fecb8b7a1a39e61,4780
dev/tests/functional/tests/app/Magento/GiftCard/Test/TestCase/ValidateOrderOfProductTypeTest.xml,2c93cee70451f6d85b5462d45e010dde0f1623f10d7f9908344d205824e88152,575
dev/tests/functional/tests/app/Magento/GiftCard/Test/TestCase/ViewProductInCustomerWishlistOnBackendTest.xml,fd2055bbfdc24d2789b67bb17c840c224f3e9cb2842ffd7d43ce70d362e0a356,790
dev/tests/functional/tests/app/Magento/GiftCard/Test/etc/curl/di.xml,53ff0ff4803d21d3c7d6c68c8da1c5ba10d108f13b27825c9d75cfdb84bff9fd,442
dev/tests/functional/tests/app/Magento/GiftCard/Test/etc/di.xml,1320a0457250c75855de9006e85273b704d5c49f35eccd4e1032cc7e90f4149a,1058
dev/tests/functional/tests/app/Magento/GiftCard/Test/etc/testcase.xml,83dc5ef1a6426cbe68bc949bc298916d7f952fc0288b36572e782af3217f2c3d,1799
dev/tests/functional/tests/app/Magento/GiftCardAccount/Test/Block/Account/Redeem.php,b80511e85c9a8d4b66471b8856e5c0480e5e7f966f4ec143fb1ebd3fa0a255b2,1602
dev/tests/functional/tests/app/Magento/GiftCardAccount/Test/Block/Adminhtml/Giftcardaccount/Edit/GiftCardAccountForm.php,3f020979575f57684683b46f91b60ccb651dd5bf8932b7ab82360c5ea1ad4773,361
dev/tests/functional/tests/app/Magento/GiftCardAccount/Test/Block/Adminhtml/Giftcardaccount/Edit/GiftCardAccountForm.xml,f2bdcf6e6d59ae6564beac326a4c4c92b8a3a9be0bbcb888fbb8c8d85a170cdd,715
dev/tests/functional/tests/app/Magento/GiftCardAccount/Test/Block/Adminhtml/Giftcardaccount/Grid.php,fe2983ded9836cb069b95a30789224581e47a1045fdd92b249cc0dd98647df26,2245
dev/tests/functional/tests/app/Magento/GiftCardAccount/Test/Block/Adminhtml/Sales/Order/Create/Payment.php,01654dfb6b3e3eb4885e8c39f342b8e25680bc2fc12e2f49ec695628509733e0,1640
dev/tests/functional/tests/app/Magento/GiftCardAccount/Test/Block/Adminhtml/Sales/Order/Create/Payment.xml,23b96297227b4db5405b8535c5aebf3150dd9d0c528404141729c6a3a71e9bfc,281
dev/tests/functional/tests/app/Magento/GiftCardAccount/Test/Block/Check.php,a99df75be45bd81f0ede3b0c0560037046c06ecd6b447464b55ba27d2eb9f443,1657
dev/tests/functional/tests/app/Magento/GiftCardAccount/Test/Block/Checkout/Cart/Giftcardaccount.php,69dde3d4745bb7259a775347fb8fd27640d4d13602a3bf80d942f3c2cd579759,1527
dev/tests/functional/tests/app/Magento/GiftCardAccount/Test/Block/Checkout/Cart/Giftcardaccount.xml,1c3cc46125aae14d6f03f5c7d45f68d5526472326a14ab134babfaa7501e68d7,277
dev/tests/functional/tests/app/Magento/GiftCardAccount/Test/Block/Checkout/Cart/Total.php,d4dc1db94326e027750600f0ca1f5b3a20f4a52b46430fbf7389172fdcb32c4c,959
dev/tests/functional/tests/app/Magento/GiftCardAccount/Test/Block/Order/Items.php,02ddab751f4ea947b6485c0851c44dafec081efb1cfb6f155da2051d1a611509,646
dev/tests/functional/tests/app/Magento/GiftCardAccount/Test/Block/Order/View.php,e871e0557c1cc853180b90628204e732375c3cf8df91aa8ea972e8cc75b275b3,774
dev/tests/functional/tests/app/Magento/GiftCardAccount/Test/Constraint/AbstractAssertGiftCardAccountOnFrontend.php,a508018a5687096fb30887faba77618df5d27bcdcfaa55993f2502e708391f0a,2719
dev/tests/functional/tests/app/Magento/GiftCardAccount/Test/Constraint/AssertGiftCardAccountForm.php,9d24feee8a1e343d2d656288881450e5fa7047db9200090e4fd5aa6a576cc55c,1751
dev/tests/functional/tests/app/Magento/GiftCardAccount/Test/Constraint/AssertGiftCardAccountInGrid.php,1a0d205e8a94bc8bc60608972c1454cb5e30a6b3bfdc97827d68000f44de51e9,1557
dev/tests/functional/tests/app/Magento/GiftCardAccount/Test/Constraint/AssertGiftCardAccountIsNotUsableInCartOnFrontend.php,c1d4ad2f28a07112584aebca1bd022405ff75db32229890c2acecaa4d249b98d,1853
dev/tests/functional/tests/app/Magento/GiftCardAccount/Test/Constraint/AssertGiftCardAccountNotInGrid.php,72645b89bae9957848337f9a68e2c7602734c3d0c65703c610e9b007c4b87be0,1581
dev/tests/functional/tests/app/Magento/GiftCardAccount/Test/Constraint/AssertGiftCardAccountNotRedeemableOnFrontend.php,dd531f7831cda52d5002b33a6616dac7a9207eb56894e8ed8600b186242961d4,1566
dev/tests/functional/tests/app/Magento/GiftCardAccount/Test/Constraint/AssertGiftCardAccountOnPrintOrder.php,7e010161c25bc8450862dac0a1ed8e11ccebc56579e0d5774b98a7c507dee13b,1217
dev/tests/functional/tests/app/Magento/GiftCardAccount/Test/Constraint/AssertGiftCardAccountRedeemableOnFrontend.php,c16f1010d8e64674570daada57069483ed9e69659bdf31fa0b977da520ea0ee2,2262
dev/tests/functional/tests/app/Magento/GiftCardAccount/Test/Constraint/AssertGiftCardAccountSaveMessage.php,4a0585ae3874a210f7e46de22d652f6042a41611a9596281817f01edd745d5e1,1214
dev/tests/functional/tests/app/Magento/GiftCardAccount/Test/Constraint/AssertGiftCardAccountStatusInCustomerAccount.php,f4153772dee801808350aaafb711ad561bde717a688c5830ea7679777daac7d3,1970
dev/tests/functional/tests/app/Magento/GiftCardAccount/Test/Constraint/AssertGiftCardAccountStatusInShoppingCart.php,d36de00ff878ae77cc0c64e36e50862bab5d0d321c78d786563018ff71b87a2b,2280
dev/tests/functional/tests/app/Magento/GiftCardAccount/Test/Constraint/AssertGiftCardAccountSuccessDeleteMessage.php,f17e7b37b180ac0223927f0077a6183763765844c62b292ead9225313c39fc93,1229
dev/tests/functional/tests/app/Magento/GiftCardAccount/Test/Constraint/AssertGiftCardAccountUsableInCartOnFrontend.php,3e36ae5ff1bbefd8434eb3760d2c1e016f74e998ba5e556fa63e70d1ce2b063f,1725
dev/tests/functional/tests/app/Magento/GiftCardAccount/Test/Constraint/AssertGiftCardDiscount.php,fc3b554406ed6e776100f79b5eced09e16938a397b115a75d4789f3b94e9d962,1351
dev/tests/functional/tests/app/Magento/GiftCardAccount/Test/Constraint/AssertGiftCardSuccessAddMessage.php,858dd531190f1633a0882c230cfd62d105dc5c428fb167a24a91242b86311740,1370
dev/tests/functional/tests/app/Magento/GiftCardAccount/Test/Fixture/GiftCardAccount.xml,42fb28263b3c984a38a7d05a9027d8cc9a63693c4cc8b1210f5953964010c4c8,1606
dev/tests/functional/tests/app/Magento/GiftCardAccount/Test/Fixture/GiftCardAccount/WebsiteId.php,9059171541b7e5b0d7602ec57ccfa6e98ca5670620d18b47725cf780aa594193,1319
dev/tests/functional/tests/app/Magento/GiftCardAccount/Test/Handler/GiftCardAccount/Curl.php,fe7550f489101d8956e230ce040afc8bd128736ca3f1f90a3785a09ef5fbe847,2282
dev/tests/functional/tests/app/Magento/GiftCardAccount/Test/Handler/GiftCardAccount/GiftCardAccountInterface.php,53f3374bac479daf425de294b12d9c4aae825e61f0268b58a736ffc188fe098c,331
dev/tests/functional/tests/app/Magento/GiftCardAccount/Test/Page/Adminhtml/Index.xml,da8336010cbfdf0f597507322a9a166b447a6ebe6739eea59cb43f5c37ade921,860
dev/tests/functional/tests/app/Magento/GiftCardAccount/Test/Page/Adminhtml/NewIndex.xml,80fefc9d1baff01451f07f782da5be100619892e3df84b478d2f4b1ce318feb2,909
dev/tests/functional/tests/app/Magento/GiftCardAccount/Test/Page/Adminhtml/OrderCreateIndex.xml,fe1fbf4403af339ebb05fdbcc282170aa61fea36275891a63e77fa12bc076e56,568
dev/tests/functional/tests/app/Magento/GiftCardAccount/Test/Page/CheckoutCart.xml,1d1b84879078ce679cc1c0884629a81450445b5d8533ed616668c31f13205e9e,837
dev/tests/functional/tests/app/Magento/GiftCardAccount/Test/Page/CustomerAccountIndex.xml,301cc601380bddf05a171d2b58f3c41fff4a3ecad46b78b30661634b18c62623,923
dev/tests/functional/tests/app/Magento/GiftCardAccount/Test/Page/SalesGuestPrint.xml,8366a1f4d0eebcbf85e904824e5e5e52b9d1a531dda6404954e6676fb8d0ebf4,512
dev/tests/functional/tests/app/Magento/GiftCardAccount/Test/Repository/GiftCardAccount.xml,37552649960ddcbd61d997f7f3c778b167013bc7c88839a90f39d33fd0272993,2264
dev/tests/functional/tests/app/Magento/GiftCardAccount/Test/TestCase/AddGiftCardInShoppingCartTest.php,841d8d4db0900bbaacc2ba823d2db2438b60bef1b3756b3b37c039f3f013f838,5004
dev/tests/functional/tests/app/Magento/GiftCardAccount/Test/TestCase/AddGiftCardInShoppingCartTest.xml,5225c4264b0e3abd3dd2295bb9a6af3371ea9622b2c81b0dd5af7079bc78f21c,1496
dev/tests/functional/tests/app/Magento/GiftCardAccount/Test/TestCase/CreateGiftCardAccountEntityTest.php,3a000d385ec1b42c85aa8d93c94c4c4b493e79bfbd3a2cf1f96c490f19017be9,2786
dev/tests/functional/tests/app/Magento/GiftCardAccount/Test/TestCase/CreateGiftCardAccountEntityTest.xml,3dd23a243f9554e9aca35d9f72af08b0a10f919ebf3edfa74ad0ac5cf0251d93,4999
dev/tests/functional/tests/app/Magento/GiftCardAccount/Test/TestCase/CreateOrderBackendTest.xml,0129d164c0243eebfcc06547abea552ed40574e0dab5ea589902b544a60b8a8f,11622
dev/tests/functional/tests/app/Magento/GiftCardAccount/Test/TestCase/DeleteGiftCardAccountEntityTest.php,1346fbf44bac3eee1213b068b68baae6596eace4f9e68ee5b91db212c8f8c199,2602
dev/tests/functional/tests/app/Magento/GiftCardAccount/Test/TestCase/DeleteGiftCardAccountEntityTest.xml,931050716240556b8fde9f5df5f445e987cfe1dacc93c75145e68ac3c91a4029,1511
dev/tests/functional/tests/app/Magento/GiftCardAccount/Test/TestCase/NavigateMenuTest.xml,ba26a1c06893774f20c257bdd779e20c8fbdac1fd3faa73a370418a0f40d00cc,724
dev/tests/functional/tests/app/Magento/GiftCardAccount/Test/TestCase/OnePageCheckoutTest.xml,83304a4a668db799fb14c6f169e4b95f70ee88fe4f78a52e486c6c8de3ff5c24,9962
dev/tests/functional/tests/app/Magento/GiftCardAccount/Test/TestCase/UpdateGiftCardAccountEntityTest.php,618a4208a73bdb65dec9ed9fe4c49a6f0774cab0e6d14cd688e462dabf6e5208,3553
dev/tests/functional/tests/app/Magento/GiftCardAccount/Test/TestCase/UpdateGiftCardAccountEntityTest.xml,390d1e34c214d707ae37edddf8cd7b7f5646be1159a3c4aeed837e89a702ea00,3755
dev/tests/functional/tests/app/Magento/GiftCardAccount/Test/TestStep/ApplyGiftCardAccountOnBackendStep.php,48c71a429155a781cc7fa341b2b54800558cab33b7df64b6a9a9a71a1bed7fdf,1319
dev/tests/functional/tests/app/Magento/GiftCardAccount/Test/TestStep/ApplyGiftCardStep.php,9b1caf488ccea9e6bb00046f8dc869a13aab34c730719d994f1bfd16b8997c76,1474
dev/tests/functional/tests/app/Magento/GiftCardAccount/Test/TestStep/CreateGiftCardAccountStep.php,34c53597ead3f9b13c50543ffbb57f89cf25354998e2ffd4b09a5865b815580d,1477
dev/tests/functional/tests/app/Magento/GiftCardAccount/Test/etc/curl/di.xml,560a43ea0d6a1c9c22c776d426f8d6fc9b6d2c98c7426cc4b7448468f89acc08,457
dev/tests/functional/tests/app/Magento/GiftCardAccount/Test/etc/fixture.xml,6d7d49d0f35246d5f740e7a7c0100197552ee2504d71b80594ba78dd349d621a,457
dev/tests/functional/tests/app/Magento/GiftCardAccount/Test/etc/testcase.xml,b233cc1389fc8d1188b30319f0d592fd84e1ac89a49287b55fca2c61267daf44,1782
dev/tests/functional/tests/app/Magento/GiftMessage/Test/TestCase/CreateGiftMessageOnBackendTest.php,827eb27ee381ff3bca247a3572be2bb2039c03c43336fa6dadc16bc89a9cb0c1,832
dev/tests/functional/tests/app/Magento/GiftMessage/Test/TestCase/CreateGiftMessageOnBackendTest.xml,e96b5f327a1ac34375c51332f404623a44ede38885aa4bdda59d34b34a66af52,5465
dev/tests/functional/tests/app/Magento/GiftRegistry/Test/Block/Adminhtml/Customer/Edit/CartItems.php,d762885f3fe2fe259bb72807d4a101545abe9ed585762a413d8438e5a011a87c,1191
dev/tests/functional/tests/app/Magento/GiftRegistry/Test/Block/Adminhtml/Customer/Edit/Items.php,9d0f530f35bbf4a360c47a64900321d8f2a0e839eaf0f00ef6142a8d562b3184,1623
dev/tests/functional/tests/app/Magento/GiftRegistry/Test/Block/Adminhtml/Customer/Edit/Sharing.php,41c6c56e8b664f1a5e8edd9d9f0d098d21632201deea704a08073fd4d742285a,895
dev/tests/functional/tests/app/Magento/GiftRegistry/Test/Block/Adminhtml/Customer/Edit/Sharing.xml,47bb47daf8f62502fad662a1e471a783d858cbb4e23ed6a0405da29cfd4a7d5c,355
dev/tests/functional/tests/app/Magento/GiftRegistry/Test/Block/Adminhtml/Customer/Edit/Tab/GiftRegistry.php,a0bcb2a6d6ff42a32882be8c177b5faf746c8ab7b6de9f4c08dc2c3a38c72788,908
dev/tests/functional/tests/app/Magento/GiftRegistry/Test/Block/Adminhtml/Customer/Edit/Tab/GiftRegistry/Grid.php,c37326b02a1fb313d7a556c3efa7346055386309ef16a766dff1a14740fb09cd,744
dev/tests/functional/tests/app/Magento/GiftRegistry/Test/Block/Adminhtml/Customer/Wishlist.php,26c86ae22bebef84e60f4aee87b83c8658d3aea9d8f7c872fa57485588bc3c6c,1552
dev/tests/functional/tests/app/Magento/GiftRegistry/Test/Block/Adminhtml/Edit/ActionsToolbar.php,16c7692a21f8b7b6a87be69b864c2a199a5bbcb0a910f9b7698058eae1243535,1023
dev/tests/functional/tests/app/Magento/GiftRegistry/Test/Block/Adminhtml/Edit/CustomerForm.xml,109612cffc9b5d4a76b6b11d0d92401c820373dae87c73e2d25c9c30bd846aa2,379
dev/tests/functional/tests/app/Magento/GiftRegistry/Test/Block/Adminhtml/Giftregistry/Edit/Attribute/Attribute.php,efb03c90ce6e5b80540b50fff2e3e5b4dedc74c66bf1c47052ca6ff79335c8c4,3643
dev/tests/functional/tests/app/Magento/GiftRegistry/Test/Block/Adminhtml/Giftregistry/Edit/Attribute/Type/AttributeForm.php,00d534b1c5a5540247cd95b86be337045ab4a1f770a03935368e7e8b0b4ff502,1264
dev/tests/functional/tests/app/Magento/GiftRegistry/Test/Block/Adminhtml/Giftregistry/Edit/Attribute/Type/Country.php,76f3dc8efed7b813f51904f26a06f9d289fd0fc4a601d28705ea679a4de0d196,300
dev/tests/functional/tests/app/Magento/GiftRegistry/Test/Block/Adminhtml/Giftregistry/Edit/Attribute/Type/Country.xml,fc1e4dc3495ca84f703234a6c3fb5e4e978443b40b0f43b298b601d25ed368a5,967
dev/tests/functional/tests/app/Magento/GiftRegistry/Test/Block/Adminhtml/Giftregistry/Edit/Attribute/Type/Date.php,8c344370394fa4836071c448d1abc18b7d052fea646dcb2e626b1d88b3793121,289
dev/tests/functional/tests/app/Magento/GiftRegistry/Test/Block/Adminhtml/Giftregistry/Edit/Attribute/Type/Date.xml,9ec257a5bd74c2b9076fbcefcaddbcbd373308d74074a35694bb2f64724810f8,967
dev/tests/functional/tests/app/Magento/GiftRegistry/Test/Block/Adminhtml/Giftregistry/Edit/Attribute/Type/EventCountry.php,0cf0c2e503690164e6cd1e46a512c666d504c26c341a259d662d5cdabd9e334b,314
dev/tests/functional/tests/app/Magento/GiftRegistry/Test/Block/Adminhtml/Giftregistry/Edit/Attribute/Type/EventCountry.xml,2435ba4c105e6c72559c766ee5c77130e37a722519d6c658d390582c34e27966,1043
dev/tests/functional/tests/app/Magento/GiftRegistry/Test/Block/Adminhtml/Giftregistry/Edit/Attribute/Type/EventDate.php,d8f2b6ee04b8daab8a154d81fb0af782ffd4217a52cb878ed7a39bff3bf58cc1,306
dev/tests/functional/tests/app/Magento/GiftRegistry/Test/Block/Adminhtml/Giftregistry/Edit/Attribute/Type/EventDate.xml,ae9fa2f6dfe92e48915d0abbef16683479c838df5b7927582fa9cd5b6124438b,1043
dev/tests/functional/tests/app/Magento/GiftRegistry/Test/Block/Adminhtml/Giftregistry/Edit/Attribute/Type/EventLocation.php,0cf5f2f6e44255b62791674cd2f6afaa89f356760f7f9b839e7fa32e11e436e6,317
dev/tests/functional/tests/app/Magento/GiftRegistry/Test/Block/Adminhtml/Giftregistry/Edit/Attribute/Type/EventLocation.xml,d016ca1250d3cff18619162bdb4fbdddd1979a0d55af15e2dd3f31d73a00070f,907
dev/tests/functional/tests/app/Magento/GiftRegistry/Test/Block/Adminhtml/Giftregistry/Edit/Attribute/Type/Option.php,3255ea14695775d710a846cb79f8230e901bc8b33401abbd74653888d9db8da7,292
dev/tests/functional/tests/app/Magento/GiftRegistry/Test/Block/Adminhtml/Giftregistry/Edit/Attribute/Type/Option.xml,42eda7c9a724fa9d14a6942680f8038f8980af7094a09625d141d72c9785b83c,490
dev/tests/functional/tests/app/Magento/GiftRegistry/Test/Block/Adminhtml/Giftregistry/Edit/Attribute/Type/Role.php,b5b1c822e344d12018e9804a254449dd9fd655fc127b1cdb51f368885e737aa9,279
dev/tests/functional/tests/app/Magento/GiftRegistry/Test/Block/Adminhtml/Giftregistry/Edit/Attribute/Type/Role.xml,5ad708b430729e40bb9f8dba092244c46d75c31cd64787c91ca9ccc2c44ee8ae,907
dev/tests/functional/tests/app/Magento/GiftRegistry/Test/Block/Adminhtml/Giftregistry/Edit/Attribute/Type/Select.php,723755094aed81ec44d85a40540406b51dd2918a2ca45bff5a8d140f32db52f4,3187
dev/tests/functional/tests/app/Magento/GiftRegistry/Test/Block/Adminhtml/Giftregistry/Edit/Attribute/Type/Select.xml,852a5b64a4cec1838661b78168bc3762c356c404cf3149a9adaa4029a1788412,831
dev/tests/functional/tests/app/Magento/GiftRegistry/Test/Block/Adminhtml/Giftregistry/Edit/Attribute/Type/Text.php,d8ee085c936a6b493f8499e1a94691c2fb7231ac64a165520ca270c968458004,291
dev/tests/functional/tests/app/Magento/GiftRegistry/Test/Block/Adminhtml/Giftregistry/Edit/Attribute/Type/Text.xml,076b5e99ef0e2de35b66bf8aa41344209e36fc21a4d2309537a0417e9aac7862,831
dev/tests/functional/tests/app/Magento/GiftRegistry/Test/Block/Adminhtml/Giftregistry/Edit/GiftRegistryForm.php,f32d2f71fa2ccc45c7ad8e197e9823a63fa5c82ebb3db39e02d7f59a118de567,341
dev/tests/functional/tests/app/Magento/GiftRegistry/Test/Block/Adminhtml/Giftregistry/Edit/GiftRegistryForm.xml,f78caa368bac05ef79202ba9b12f8f4efccdb03086f8fd347bde8362c241a434,832
dev/tests/functional/tests/app/Magento/GiftRegistry/Test/Block/Adminhtml/Giftregistry/Grid.php,121c95dbc14b7c6eb5bb4bd9ebac2444496ae6f8b6d867022d911f5c6cfc6809,606
dev/tests/functional/tests/app/Magento/GiftRegistry/Test/Block/Cart/Link.php,f7392221897728af3579af4975892e0cdaf0dfa35e54a3aa613b5eae667c4aa6,1615
dev/tests/functional/tests/app/Magento/GiftRegistry/Test/Block/Customer/ActionsToolbar.php,a8d20b431293be22f30878f285eac3133d0ddf35ffcc4ad05d153e5b1f536521,587
dev/tests/functional/tests/app/Magento/GiftRegistry/Test/Block/Customer/Edit.php,db487c32b21c2d218d8c4f8f50337eda1d15d04f0a9633d439ec9219733185fd,1766
dev/tests/functional/tests/app/Magento/GiftRegistry/Test/Block/Customer/Edit.xml,789a89d2fe6c2aec27fc48610900aba4947ea26e21195ac738acead4778002eb,1364
dev/tests/functional/tests/app/Magento/GiftRegistry/Test/Block/Customer/Edit/ActionsToolbar.php,8a86588a1cb31a35c3a9dc3b0444d2070dcae6387bcafd802be9888669f9adbe,606
dev/tests/functional/tests/app/Magento/GiftRegistry/Test/Block/Customer/Edit/Address.php,c06698ee8754e8bfb5a1c673a1a1f2666f8862cad7de79aaceeb91792a0ecf40,2379
dev/tests/functional/tests/app/Magento/GiftRegistry/Test/Block/Customer/Edit/Registrants.php,390a06843bfec20fcc0b11255f8664089b986733b8e67c9c7df7f98f16f5a775,2642
dev/tests/functional/tests/app/Magento/GiftRegistry/Test/Block/Customer/Grid.php,9d3b70a47e21f9763b2cb7d008f7e08d16699bcb3d5d53e67d2dffcc2ec86854,1913
dev/tests/functional/tests/app/Magento/GiftRegistry/Test/Block/Customer/Share.php,1de65b12cc17bdbd0af01fb554ce7e1835edff9254da4ad7f40b88dc198ab7e3,1638
dev/tests/functional/tests/app/Magento/GiftRegistry/Test/Block/Customer/Share.xml,2db0aecd6ad47568e8a27ac2fde3209727caa8de3e0904a0fff99a478e84c3ab,352
dev/tests/functional/tests/app/Magento/GiftRegistry/Test/Block/Customer/Wishlist.php,117f8a502acc071da0b2fccad394ec3b2b1fb2a5038e6427bd08baf0f7725aca,2177
dev/tests/functional/tests/app/Magento/GiftRegistry/Test/Block/Items.php,1d1b291e3b4b3c729123e7e8929bc0321f1f25119064eba9a97dbb62af54b93a,3201
dev/tests/functional/tests/app/Magento/GiftRegistry/Test/Block/Items/ItemForm.php,5922d7dac9141abfae7f68bace7a25ed242320b2dbfd8bca76f7b738de807652,564
dev/tests/functional/tests/app/Magento/GiftRegistry/Test/Block/Items/ItemForm.xml,179dc3b974d522f6c1efbe88b50f17bea9678c855c0bbfe4fe1abaad65520216,508
dev/tests/functional/tests/app/Magento/GiftRegistry/Test/Constraint/AssertGiftRegistryActiveInShoppingCart.php,610945f09ebe2741e4f5636489e4deae81e966e86b8b3ca102488d20241820a5,2207
dev/tests/functional/tests/app/Magento/GiftRegistry/Test/Constraint/AssertGiftRegistryActiveInWishlist.php,389c9afbf020fbdf7a2965d47b01e6c9dc783860416e77cbece0daf524dea431,2785
dev/tests/functional/tests/app/Magento/GiftRegistry/Test/Constraint/AssertGiftRegistryForm.php,0ddf3fce76b2772fea52a2a10bde5c09073b54c354afcbb0d412b370ceb4e84e,2253
dev/tests/functional/tests/app/Magento/GiftRegistry/Test/Constraint/AssertGiftRegistryInGrid.php,c8c400283cf06fc6dcfe71093efdf8d9ef0a8d5892a49e116e4783af3f1f3c14,1236
dev/tests/functional/tests/app/Magento/GiftRegistry/Test/Constraint/AssertGiftRegistryInactiveNotInShoppingCart.php,5eeed0d528066c4921d854fc85766ff7c03e0638c69d13858c2cdbc7b5c233c4,1919
dev/tests/functional/tests/app/Magento/GiftRegistry/Test/Constraint/AssertGiftRegistryInactiveNotInWishlist.php,b3fcfb470a5751deb7c2af278e59e9552c4dc024ce40f38695dc8ba5fd702652,1910
dev/tests/functional/tests/app/Magento/GiftRegistry/Test/Constraint/AssertGiftRegistryIsEmptyMessage.php,7ee65f696fdb5c9b9f39b827bb55de0110d628ea40612bf69ad343d91308b071,1352
dev/tests/functional/tests/app/Magento/GiftRegistry/Test/Constraint/AssertGiftRegistryItemsForm.php,860d6baf298f016518329554edfe6d933507ee8efe41e71f3a6efd7b322e7c64,2147
dev/tests/functional/tests/app/Magento/GiftRegistry/Test/Constraint/AssertGiftRegistryItemsUpdatedFrontendSuccessMessage.php,54797505f75bd741878ddc586c89ab7cb30f90363529dd3d16aa1390e7a95cbb,1332
dev/tests/functional/tests/app/Magento/GiftRegistry/Test/Constraint/AssertGiftRegistryItemsUpdatedSuccessMessage.php,b37d5f3b7445bc9370762052f6db1e6f27405c2cdfc20262a7b0c8845d3c427d,1435
dev/tests/functional/tests/app/Magento/GiftRegistry/Test/Constraint/AssertGiftRegistryManageItemsTab.php,30acdd9d54842284fea00493a1d1d974ab2abcc55497e938c369107595af96b9,2250
dev/tests/functional/tests/app/Magento/GiftRegistry/Test/Constraint/AssertGiftRegistryNotInGrid.php,0558a072c2db39882932b524305b6101cc61696c3dd33977e4640e62ec2d4c4e,1304
dev/tests/functional/tests/app/Magento/GiftRegistry/Test/Constraint/AssertGiftRegistrySuccessAddedItemsMessage.php,d2f012eaf0923e9802809865b6ffa0692873fefbd0d445e2caff5517560d7a43,1439
dev/tests/functional/tests/app/Magento/GiftRegistry/Test/Constraint/AssertGiftRegistrySuccessDeleteMessageOnBackend.php,dda19db4d675c7f1f1415dc9cba28cb68510f8f1e6573717bc739f419a3aea43,1302
dev/tests/functional/tests/app/Magento/GiftRegistry/Test/Constraint/AssertGiftRegistrySuccessSaveMessage.php,92cbee8437d8c255d124de96d5bab2ac6e2cefbd34a1e4fbd6729edb801ab3d4,1263
dev/tests/functional/tests/app/Magento/GiftRegistry/Test/Constraint/AssertGiftRegistrySuccessShareMessageOnBackend.php,a1ad96d7dd109e07c6b7d78e837566f1d27ae5aae6c3d97f539c8c43025f5f0a,1461
dev/tests/functional/tests/app/Magento/GiftRegistry/Test/Constraint/AssertGiftRegistrySuccessShareMessageOnFrontend.php,f790fa681516d1aeb965236cefa0a1554bd70b977645a0f7b3643d22a183ee34,1409
dev/tests/functional/tests/app/Magento/GiftRegistry/Test/Constraint/AssertGiftRegistryTypeForm.php,e1e85b30d6fafb057ff5b709598a6a953a370b17bb35ab7765b33843555fe0b4,1571
dev/tests/functional/tests/app/Magento/GiftRegistry/Test/Constraint/AssertGiftRegistryTypeInGrid.php,0a80cef5ec2c683b19788442e36ac17502c2d5729b59fce2211dec0005ba7823,1431
dev/tests/functional/tests/app/Magento/GiftRegistry/Test/Constraint/AssertGiftRegistryTypeNotInGrid.php,2e2393f5b09121f214c81ba4112f5d5f0724bdb58a60c62eb0ca1164ab78aca7,1484
dev/tests/functional/tests/app/Magento/GiftRegistry/Test/Constraint/AssertGiftRegistryTypeNotOnFrontend.php,91ce6eb4bc96586d278c498ea1247d3100d747f7eafd88dfbce2bd82a48aca25,2203
dev/tests/functional/tests/app/Magento/GiftRegistry/Test/Constraint/AssertGiftRegistryTypeOnFrontend.php,20156d2ec7266b4bd295fc279c6e1a3eddf5d6a8559bf0a91b4014506f89bdfd,2153
dev/tests/functional/tests/app/Magento/GiftRegistry/Test/Constraint/AssertGiftRegistryTypeSuccessDeleteMessage.php,b99b9ba728f86c07c5325d3bf8bff6d77b2870e724a3823c9db294342405e9dd,1313
dev/tests/functional/tests/app/Magento/GiftRegistry/Test/Constraint/AssertGiftRegistryTypeSuccessSaveMessage.php,39ca3dc5c26ff4db08c601f9c6a8f0c5cd9a8b0bea33789d39a26f0516e02422,1260
dev/tests/functional/tests/app/Magento/GiftRegistry/Test/Fixture/GiftRegistry.xml,a5795cf1172cf2cc87b3718d6aea448f101aab6092fe89d1234a2b54d0d3df15,1926
dev/tests/functional/tests/app/Magento/GiftRegistry/Test/Fixture/GiftRegistry/Address.php,649c7fa72a0712604b3c06f4bf018c60cae721ccab29b95af15832b63807d3c3,857
dev/tests/functional/tests/app/Magento/GiftRegistry/Test/Fixture/GiftRegistryType.xml,3b76f8103553eb70717480a8f631cb1cf79cdff5c4dafa4ebdac392b37b35a05,1304
dev/tests/functional/tests/app/Magento/GiftRegistry/Test/Handler/GiftRegistry/GiftRegistryInterface.php,68037a31b4f287e924a3874d9f8e6297c9309e1bbe47d444dfdf37d4abcf8153,319
dev/tests/functional/tests/app/Magento/GiftRegistry/Test/Handler/GiftRegistry/Ui.php,21a17fcb8265097254d4127bfb8f42f5d02a1ceb0b693f67978f5b3f6b93b31a,2804
dev/tests/functional/tests/app/Magento/GiftRegistry/Test/Handler/GiftRegistryType/Curl.php,11a34152bab1ccce0eee6d3d7726deae0d1ab726e0ada0cc53ed84a3948f2dc8,3892
dev/tests/functional/tests/app/Magento/GiftRegistry/Test/Handler/GiftRegistryType/GiftRegistryTypeInterface.php,33791bfd61ab5d7e2b867c4a544be9cb4e4a5b9e90e6b67dfc171bcc884ed38f,331
dev/tests/functional/tests/app/Magento/GiftRegistry/Test/Page/Adminhtml/GiftRegistryCustomerEdit.xml,64c1a0ec8e9e16e56e7fbf6240f36662ca171498fb61072dcd947716b33fe42f,1339
dev/tests/functional/tests/app/Magento/GiftRegistry/Test/Page/Adminhtml/GiftRegistryIndex.xml,d6c9f2861b65bf36cd8a55badeb7ac443dfaf47113e673ba7a0ea1a6c6cf328b,865
dev/tests/functional/tests/app/Magento/GiftRegistry/Test/Page/Adminhtml/GiftRegistryNew.xml,5955e524e69267148fe6b80f1c4b1f6922aaa64dc6c5832be9f1c88cae4c5368,1021
dev/tests/functional/tests/app/Magento/GiftRegistry/Test/Page/CheckoutCart.xml,94ed1f6e57631391ca772a87fbbaa2b76957e26dab1a23152132e57f7ce7d5bf,517
dev/tests/functional/tests/app/Magento/GiftRegistry/Test/Page/GiftRegistryAddSelect.xml,abc25303eac9184ba4eab91a60f5821126463b25fc9fe22dfae88007ee22a70d,562
dev/tests/functional/tests/app/Magento/GiftRegistry/Test/Page/GiftRegistryEdit.xml,b95cb72f28b59311a217189c248b078830c1a4608b5e68dd513ad1aa509efb9f,729
dev/tests/functional/tests/app/Magento/GiftRegistry/Test/Page/GiftRegistryIndex.xml,e7715a23f92323191c586736b157b9396fc50586d132d023be114d617f15da1a,820
dev/tests/functional/tests/app/Magento/GiftRegistry/Test/Page/GiftRegistryItems.xml,292ed024c91a644e2612e0612145d77145df9ca7c4afc8fb20a7a85bb55bbc83,696
dev/tests/functional/tests/app/Magento/GiftRegistry/Test/Page/GiftRegistryShare.xml,28348b2cd980330b3f73d39820c8f73ee72e33572ac9a6992cba36b103339793,567
dev/tests/functional/tests/app/Magento/GiftRegistry/Test/Page/WishlistIndex.xml,7c1799b12dc0be30bb028f01057883b48d12425270847e53fd46097e8e487aed,523
dev/tests/functional/tests/app/Magento/GiftRegistry/Test/Repository/GiftRegistry.xml,b01ff330d68c936e5f17c546b649e2280cc75ca90ecf36f630c50724dd5e5d03,9991
dev/tests/functional/tests/app/Magento/GiftRegistry/Test/Repository/GiftRegistryType.xml,0f9e658a392dfcb3e1b0b045da693ee2b0564e086ae6ce1d80f9c6f51d2df964,4135
dev/tests/functional/tests/app/Magento/GiftRegistry/Test/Repository/GiftRegistryType/Attributes.xml,f05c30d97b0675cb7ebaa243bf98d120ee047d5cfc0320b492bba2c3c92a3f42,7384
dev/tests/functional/tests/app/Magento/GiftRegistry/Test/TestCase/AddProductsToGiftRegistryBackendEntityTest.php,afb94e827422b19a32bbc0bfae0964ad46f219c56b2d4ba4cca76ac0bbf5e33e,6341
dev/tests/functional/tests/app/Magento/GiftRegistry/Test/TestCase/AddProductsToGiftRegistryBackendEntityTest.xml,7a359966e053ed9163bf3c302fd429132c59dddbf815b7c7c0cbf77f0d54e313,2444
dev/tests/functional/tests/app/Magento/GiftRegistry/Test/TestCase/CreateGiftRegistryFrontendEntityTest.php,5b005e62debae4716886a60efbfe0f424801fa8bf507447e1a027b77f9bf106f,4170
dev/tests/functional/tests/app/Magento/GiftRegistry/Test/TestCase/CreateGiftRegistryFrontendEntityTest.xml,5c25a9ec0411bed91852956adfccb4593f9e9fed451b368e143559d2ddefdca4,13270
dev/tests/functional/tests/app/Magento/GiftRegistry/Test/TestCase/CreateGiftRegistryTypeEntityTest.php,a6e131f1548875c03a230603453de50e6456be8badd6254a65740dd646e7235d,2746
dev/tests/functional/tests/app/Magento/GiftRegistry/Test/TestCase/CreateGiftRegistryTypeEntityTest.xml,efc0bdc6890cfee74d051ae8780bac401e8eb02307fd450dbef6e17eeb2f5dd3,7693
dev/tests/functional/tests/app/Magento/GiftRegistry/Test/TestCase/DeleteGiftRegistryBackendEntityTest.php,cfc99720fbf9746a87a6a5b7bd07f4dd032323adf339718f8342b2eecf8e92e8,4337
dev/tests/functional/tests/app/Magento/GiftRegistry/Test/TestCase/DeleteGiftRegistryBackendEntityTest.xml,28ae3a419d35a512321d484e643fc5661e794ab5b5f0eb8f3331b6a2fb064249,1739
dev/tests/functional/tests/app/Magento/GiftRegistry/Test/TestCase/DeleteGiftRegistryFrontendEntityTest.php,4924fe6c17a94eed342117d5c7477098c261ce5511e869a583b074005f278b6b,3654
dev/tests/functional/tests/app/Magento/GiftRegistry/Test/TestCase/DeleteGiftRegistryFrontendEntityTest.xml,dea8c62223bca74d28b87fe92a37196392910ba750790f98f348c388d03380dc,1988
dev/tests/functional/tests/app/Magento/GiftRegistry/Test/TestCase/DeleteGiftRegistryTypeEntityTest.php,651097e249b568455764a1a4624e870b57563e2536313ceab148f8809cb98c32,3026
dev/tests/functional/tests/app/Magento/GiftRegistry/Test/TestCase/DeleteGiftRegistryTypeEntityTest.xml,8488dc2110a81e038de680584aef4dc79369ceafdafefe2cd8fbafb3c8c07b18,1976
dev/tests/functional/tests/app/Magento/GiftRegistry/Test/TestCase/NavigateMenuTest.xml,74359f3bcfecbcf17a4e26c0112f77ecf72675f992568f10b9bab8680923835f,717
dev/tests/functional/tests/app/Magento/GiftRegistry/Test/TestCase/ShareGiftRegistryBackendEntityTest.php,76e3681ab990c865f8cd29521084c1e26e3271e3c57ebe83897c73340e89c9e4,4294
dev/tests/functional/tests/app/Magento/GiftRegistry/Test/TestCase/ShareGiftRegistryBackendEntityTest.xml,83e6ec5992d6fa3f7b02cc2be97b2b124bc5da303da7674a9dbbfbec3c8a104a,4008
dev/tests/functional/tests/app/Magento/GiftRegistry/Test/TestCase/ShareGiftRegistryFrontendEntityTest.php,fdf3c093ad96615b4133a8c285da23c338415e13786d2926b1c5af857a0663c1,4135
dev/tests/functional/tests/app/Magento/GiftRegistry/Test/TestCase/ShareGiftRegistryFrontendEntityTest.xml,24a0de205c060398805a55c2ad2b0c4d13dbf403effb751090693618388170a4,12493
dev/tests/functional/tests/app/Magento/GiftRegistry/Test/TestCase/UpdateGiftRegistryFrontendEntityTest.php,5e3b735c007cc96f9ddb968850a1e2762e5b9645b512ae20f68d28cc180c1093,3931
dev/tests/functional/tests/app/Magento/GiftRegistry/Test/TestCase/UpdateGiftRegistryFrontendEntityTest.xml,ccf47a1a1a4bd5700cb8ed1c358d6cff46d4ef29a8de70660a94b7e24075994f,13298
dev/tests/functional/tests/app/Magento/GiftRegistry/Test/TestCase/UpdateGiftRegistryItemsBackendEntityTest.php,63fc4a9c15c41c40b2a79d236cedbabc0a9fe66eb980ee6f4c9b19dae29bee26,7732
dev/tests/functional/tests/app/Magento/GiftRegistry/Test/TestCase/UpdateGiftRegistryItemsBackendEntityTest.xml,1b348a2aa59dd8368f08705602c1a3d51023beaf5f9183d3a8738f56e1a93510,2736
dev/tests/functional/tests/app/Magento/GiftRegistry/Test/TestCase/UpdateGiftRegistryItemsFrontendEntityTest.php,39a998c94c3ab37ed2e2f4084af6bb5fb66db64ed11013de633f035300529145,5432
dev/tests/functional/tests/app/Magento/GiftRegistry/Test/TestCase/UpdateGiftRegistryItemsFrontendEntityTest.xml,7c4f1b66d451cf038523a082ca38519b79c6ad7153606b93f9041bbb97574558,1941
dev/tests/functional/tests/app/Magento/GiftRegistry/Test/TestCase/UpdateGiftRegistryTypeEntityTest.php,f77c34cfa7d4b72d788448602e3015e097e38dd5995a51750afc9869afdb75a8,2979
dev/tests/functional/tests/app/Magento/GiftRegistry/Test/TestCase/UpdateGiftRegistryTypeEntityTest.xml,cc1fc99332ca742943e5dc1733c30bae9e5ac606334eed8554f0d2416737c4ec,7629
dev/tests/functional/tests/app/Magento/GiftRegistry/Test/etc/curl/di.xml,719fd8608be88becc7f455f94745192298f8721396c3cfff1095d7641d39c3e9,454
dev/tests/functional/tests/app/Magento/GiftRegistry/Test/etc/fixture.xml,fe7e4ce670b804c7f7b8c9580c807a271ba7140e20add3277ba736bd4e67b214,1118
dev/tests/functional/tests/app/Magento/GiftRegistry/Test/etc/ui/di.xml,bc1e123d770f743224f2616530e39049b016f54319fd55def0522fe15c57f219,439
dev/tests/functional/tests/app/Magento/GiftWrapping/Test/Block/Adminhtml/Edit/Form.php,49957c6476962cf58bc5e1a6e7cac8bce4f8da79b684fd9d6e9d301b15340323,314
dev/tests/functional/tests/app/Magento/GiftWrapping/Test/Block/Adminhtml/Edit/Form.xml,5eabe45fde8772a415b309dd768926a476c8730716495dc40c3b3dd978aac8e7,463
dev/tests/functional/tests/app/Magento/GiftWrapping/Test/Block/Adminhtml/Grid.php,b56bdeabc6b1bcb2bbcbba800b6cb60ec4c8ed6c14c70e0de3356c9d42bbbeea,1254
dev/tests/functional/tests/app/Magento/GiftWrapping/Test/Block/Adminhtml/Order/Create.php,47814524d2169fadafc3e1e7cdfc5604624cf68fe18044900bc57d5913af04ec,836
dev/tests/functional/tests/app/Magento/GiftWrapping/Test/Block/Cart/GiftOptions.php,b4b927a5cb1b076a66cf73b1bd4d1797a50cb391319ae80f4178626adab53c8d,1352
dev/tests/functional/tests/app/Magento/GiftWrapping/Test/Block/Cart/Item/GiftOptions.php,f88faf8310c9c94828274e31525d7c67fbde656535646ce3176e84fecc323629,1376
dev/tests/functional/tests/app/Magento/GiftWrapping/Test/Constraint/AssertGiftWrappingForm.php,e35168b494f1743e645d7f0ac7dd3039f42c9b38aefacc66d10cadfacfe0a414,2072
dev/tests/functional/tests/app/Magento/GiftWrapping/Test/Constraint/AssertGiftWrappingInGrid.php,613e579dc36dddb647c58aa7372ecdca075b89335be766ec26775e75291a70a0,1839
dev/tests/functional/tests/app/Magento/GiftWrapping/Test/Constraint/AssertGiftWrappingMassActionForm.php,9053f1972ad848f12523ef173529085ef01777cc4d12d9b30df3c7b73c91a8cd,1445
dev/tests/functional/tests/app/Magento/GiftWrapping/Test/Constraint/AssertGiftWrappingMassActionInGrid.php,b23a46bff2f9ec1136ce6e9a85c0c9863f3ebc6ffa3071cc320b47e58a9dcc67,1355
dev/tests/functional/tests/app/Magento/GiftWrapping/Test/Constraint/AssertGiftWrappingMassActionNotInGrid.php,4a0c3e4848c28b5ee8aed9b2f5c5765f86d2b83621878235503a07e251bd1c1d,1206
dev/tests/functional/tests/app/Magento/GiftWrapping/Test/Constraint/AssertGiftWrappingMassActionSuccessDeleteMessage.php,7890cc3f991e7264b597e5689086a236dc8374ede7a4089a93341200585d5173,1386
dev/tests/functional/tests/app/Magento/GiftWrapping/Test/Constraint/AssertGiftWrappingNotInGrid.php,8687647e6902266aa0826c0b3a2befb4cf9b88477121893572c3c889a4e546fe,1738
dev/tests/functional/tests/app/Magento/GiftWrapping/Test/Constraint/AssertGiftWrappingNotOnFrontendCheckoutCart.php,9d5ad88fed15de9403b33a75fa0059b117be9f29a23469824b4fdaf0e62497ad,2824
dev/tests/functional/tests/app/Magento/GiftWrapping/Test/Constraint/AssertGiftWrappingNotOnOrderCreationPage.php,85d1755e67c726e0ca4f3bb96e8c54d6482de85e2e0389537b0a23b23321d661,1765
dev/tests/functional/tests/app/Magento/GiftWrapping/Test/Constraint/AssertGiftWrappingOnFrontendCheckoutCart.php,f2b5c87b805e78f4b0c9d16144cc8db6fc634312cf2c4688b2b4c9245ddc5ab6,2759
dev/tests/functional/tests/app/Magento/GiftWrapping/Test/Constraint/AssertGiftWrappingSuccessDeleteMessage.php,e5b7b8ca3a0943ca9b9eb523d50b94a6e85d93454be6b5112b96031bdbab8a8e,1291
dev/tests/functional/tests/app/Magento/GiftWrapping/Test/Constraint/AssertGiftWrappingSuccessSaveMessage.php,ce3a3985f4ef7535799eff85545adace02b5c95fd410d50b6e129bb664fb5740,1307
dev/tests/functional/tests/app/Magento/GiftWrapping/Test/Constraint/AssertGiftWrappingSuccessUpdateMessage.php,0ca2b6878ac3d041cfcadec0d4aad7b83e80b68cabd96eb81f307c5184f90c86,1351
dev/tests/functional/tests/app/Magento/GiftWrapping/Test/Fixture/GiftWrapping.xml,bb2480e485a42f6b451a6b97272cfe1530159f62016082c669b18097b1412cb4,1174
dev/tests/functional/tests/app/Magento/GiftWrapping/Test/Fixture/GiftWrapping/WebsiteIds.php,6dae84f2cc4dd6d57a5101a8c594eacecae102da1e5953daa0e02e10f15ed907,1508
dev/tests/functional/tests/app/Magento/GiftWrapping/Test/Handler/GiftWrapping/Curl.php,7c8f2d928ad200736823f0541519d075f245567dd253a80ce80e06e414b2c348,2220
dev/tests/functional/tests/app/Magento/GiftWrapping/Test/Handler/GiftWrapping/GiftWrappingInterface.php,3c46284b80030ec259e4b289c5db6714728004662a039defcc3f330878215260,319
dev/tests/functional/tests/app/Magento/GiftWrapping/Test/Page/Adminhtml/GiftWrappingIndex.xml,cea3f5e36086a4797f0df6743eb1aec35f086a339a00f68accb2f0426aab894d,835
dev/tests/functional/tests/app/Magento/GiftWrapping/Test/Page/Adminhtml/GiftWrappingNew.xml,eca1b1cc22c59430aedb5e2ffee4ad15cc787da18a181abbe00ed0dff3740925,990
dev/tests/functional/tests/app/Magento/GiftWrapping/Test/Page/Adminhtml/OrderCreateIndex.xml,c598602baf394095c1f5cc855db584a53e7966628313bdc388531ecbd9051d65,557
dev/tests/functional/tests/app/Magento/GiftWrapping/Test/Page/CheckoutCart.xml,b20980d7c943c62d6dca623b4f1a96f77854e07f65ac87a63364d571511f8b70,715
dev/tests/functional/tests/app/Magento/GiftWrapping/Test/Repository/ConfigData.xml,d87199833e18074a4743858014daf53d36685bb0237aaa369c7fef67929a6fe5,1069
dev/tests/functional/tests/app/Magento/GiftWrapping/Test/Repository/GiftWrapping.xml,66d8ab76289dabbfabaffbaa68e3272997fcc2e6b72fcc6e9c129da25a80e52e,1675
dev/tests/functional/tests/app/Magento/GiftWrapping/Test/TestCase/CreateGiftWrappingEntityTest.php,26298ed5f5d214997d06f6c33f12f0b34188c8e701cde79e9fca4707d27761e1,1996
dev/tests/functional/tests/app/Magento/GiftWrapping/Test/TestCase/CreateGiftWrappingEntityTest.xml,0da10c664d5553decf66b3b062a7fe616c71e166f10ec1ee9571d5f833cab4c4,1968
dev/tests/functional/tests/app/Magento/GiftWrapping/Test/TestCase/DeleteGiftWrappingEntityTest.php,bac02d4153adc3b62de5461372d22dbfbbf3dacd96f78fa60b1a31ce754fd9b7,2311
dev/tests/functional/tests/app/Magento/GiftWrapping/Test/TestCase/DeleteGiftWrappingEntityTest.xml,ac811efd6df289cfc8130aed38e7ef47370b8dfe3b3da2cfc1bf1be3825c3d11,1169
dev/tests/functional/tests/app/Magento/GiftWrapping/Test/TestCase/MassActionsGiftWrappingEntityTest.php,84f9e263ef59bce7bd4711ff8912883a5d7077d16a1fa182314fafbd9b71d38b,5966
dev/tests/functional/tests/app/Magento/GiftWrapping/Test/TestCase/MassActionsGiftWrappingEntityTest.xml,966c05aa4afe903effba04595f7c7b0bb2cae7d48b4cc0cc0144aad25446eb0e,4411
dev/tests/functional/tests/app/Magento/GiftWrapping/Test/TestCase/NavigateMenuTest.xml,2c3e83a43f3a633c7793f7721f6f6e3897e68ebf1e97414e22108aad6ea79a3d,711
dev/tests/functional/tests/app/Magento/GiftWrapping/Test/TestCase/UpdateGiftWrappingEntityTest.php,8fe246e177914f7c4b34e60dcf9dc3c5f1b9ed1fbaee4deb019b9635321d7bbc,2300
dev/tests/functional/tests/app/Magento/GiftWrapping/Test/TestCase/UpdateGiftWrappingEntityTest.xml,1d668d68edf1b635d24a12416da4f4085533f23d0321f64c61e8df6b47f60ef1,2145
dev/tests/functional/tests/app/Magento/GiftWrapping/Test/etc/curl/di.xml,46011ea51b2f788b75d8ee25cb640dbe71e5e82abd5e2962c3c97bd03801a033,442
dev/tests/functional/tests/app/Magento/GiftWrapping/Test/etc/di.xml,d677e95ec0a4d7503f1f741803169cc1dde03483915e88a2264374a03d1caa6a,716
dev/tests/functional/tests/app/Magento/GoogleTagManager/Test/Constraint/AssertGtmJsPresentOnHome.php,2173076e596c3c6f282d07bfda08e247b0ab26b9f844a0ca7a423dc9e0bdfe24,1699
dev/tests/functional/tests/app/Magento/GoogleTagManager/Test/Constraint/AssertGtmJsPresentOnProduct.php,2c2461b4dc6eeeff0565266c1faf8978ba4b4bc7e661deddd95574ad5f59eba3,2894
dev/tests/functional/tests/app/Magento/GoogleTagManager/Test/Repository/ConfigData.xml,25d9d1f6a06b0cb2aa96405b4b1715e6cafa4ed6b24090ef90f3de704e67be56,1818
dev/tests/functional/tests/app/Magento/GoogleTagManager/Test/TestCase/GtmHomePageTest.php,528f86b9084a6977e1ac1d78b93d33c19b3d73d1a76c64ea1ff62ff81cbe7f66,1335
dev/tests/functional/tests/app/Magento/GoogleTagManager/Test/TestCase/GtmHomePageTest.xml,868677266ad87add17600e5b0b1e6740ce2ea2487cb14759e02848260dd997ac,736
dev/tests/functional/tests/app/Magento/GoogleTagManager/Test/TestCase/GtmProductPageTest.php,633d6879e8adc4aa99e01b82e55315ebfe2b7f712c0ed96d05627c7681e86d98,4631
dev/tests/functional/tests/app/Magento/GoogleTagManager/Test/TestCase/GtmProductPageTest.xml,5361d6e6399d96b3649c245c0feb98cd4e2981182e84f0135562c05df39bbefa,935
dev/tests/functional/tests/app/Magento/Invitation/Test/Block/Adminhtml/Invitation/Add/Form.php,22c4f8ce8ef8711306aa4bc64632f93a7399d405cc0bccc016c54d4efa55625b,840
dev/tests/functional/tests/app/Magento/Invitation/Test/Block/Adminhtml/Invitation/Add/Form.xml,864ecc60f5bfbab2a0512c118b770d5990819278b41654e8231605fc296ccfd1,611
dev/tests/functional/tests/app/Magento/Invitation/Test/Block/Adminhtml/Invitation/Grid.php,c4b5f1b0733caaa40f10b8af41d3b4de9f8874e4fc1492f8031b8f28dabf7264,942
dev/tests/functional/tests/app/Magento/Invitation/Test/Block/Adminhtml/Invitation/InvitationForm.php,ac870cca9c5f6ded881dd4b27396a36d544b19e95dcc7e3f5c1069bf24769ed6,311
dev/tests/functional/tests/app/Magento/Invitation/Test/Block/Adminhtml/Invitation/InvitationForm.xml,b524abc6f705d056735f80d900864bd34ce675f44c2cdcd40c1c19ee487c5276,1134
dev/tests/functional/tests/app/Magento/Invitation/Test/Block/Adminhtml/Invitation/View/Tab/General.php,89f92f0c10ba18b86e73b88762ba2f1c44360d86778b62f6e90847e194f8e7f0,1006
dev/tests/functional/tests/app/Magento/Invitation/Test/Block/Customer/ListCustomer.php,298727282832d8b9b030dd3bac54b17387f549a5aba5d6b8d79b3aa56bbfb210,2501
dev/tests/functional/tests/app/Magento/Invitation/Test/Block/Form.php,bc9bd5f5c2ddd8f51c07130ab1c5d70731a3719ae0563d6e665d3c3739f9ae1b,1346
dev/tests/functional/tests/app/Magento/Invitation/Test/Block/Form.xml,82282e261742abc5e87fbed2036785e77f69df824971217d39701ace8645a76c,824
dev/tests/functional/tests/app/Magento/Invitation/Test/Constraint/AssertInvitationErrorSentMessage.php,6901ad834560b03d55de420cde5af2b6a5eb8f2583555411bfb913583f4a94ed,1451
dev/tests/functional/tests/app/Magento/Invitation/Test/Constraint/AssertInvitationForm.php,2f1b457ec0b6de090a0fb16fbc4ba8bef102b921029214947fbdb993825914e3,2548
dev/tests/functional/tests/app/Magento/Invitation/Test/Constraint/AssertInvitationFrontendNoticeSendDuplicateMessage.php,73f10dcd66dcf47e3b7143908826777b0567f3ac57f826014a8c8ae620eb217a,1281
dev/tests/functional/tests/app/Magento/Invitation/Test/Constraint/AssertInvitationFrontendSuccessSentMessage.php,45242ba073694d9ed3c8bafd12331546f0533689bb8a8351005e9611a16188fb,1542
dev/tests/functional/tests/app/Magento/Invitation/Test/Constraint/AssertInvitationInGrid.php,36fe28920711362dc0d46317e93c10f6c7bc7a335f1721c3bf24716d9652d1da,2310
dev/tests/functional/tests/app/Magento/Invitation/Test/Constraint/AssertInvitationInGridOnFrontend.php,e24330e8db9a6ea30996cc68901d47f5a4cfcab0a246cd01f963f1c4b245aae9,1974
dev/tests/functional/tests/app/Magento/Invitation/Test/Constraint/AssertInvitationNoticeMessage.php,9ee20e153910d1e628010c68dd1a8af373f44b36a715a477945322197ec5ec60,1531
dev/tests/functional/tests/app/Magento/Invitation/Test/Constraint/AssertInvitationOneEntry.php,1370ae4b5210c03e3512d0d5d196cd1dea1db3e2ba30537ab0f54e50f46f2f7e,1895
dev/tests/functional/tests/app/Magento/Invitation/Test/Constraint/AssertInvitationSuccessDiscardMessage.php,0a21fc48a64877664e7d729d027636db5a5d51fe8b253cd2a235639cb1c6f4d9,1506
dev/tests/functional/tests/app/Magento/Invitation/Test/Constraint/AssertInvitationSuccessSentMessage.php,7b77cab75871cee92a1dc751e4bf2de9470f3bab7a76520642c9bb098e99c777,1442
dev/tests/functional/tests/app/Magento/Invitation/Test/Constraint/AssertInvitationSuccessSentMessageOnBackend.php,959cd663236122764f5cdd050de9c62f22ef10705666e302f6e828040b78e965,1297
dev/tests/functional/tests/app/Magento/Invitation/Test/Fixture/Invitation.xml,a31b6937378a9f4c1c434df3ca58e28e957177fcb25b5fdfec63dc001ed37c3a,1530
dev/tests/functional/tests/app/Magento/Invitation/Test/Fixture/Invitation/Email.php,ad5db2fe647805907eb580c6668856e1f1cb4c03f6f49f969024545f72cab4a4,687
dev/tests/functional/tests/app/Magento/Invitation/Test/Fixture/Invitation/GroupId.php,700552305faa0d0480dabbccc2569ab26042bff84867b41e79490e882f4f4fe0,1644
dev/tests/functional/tests/app/Magento/Invitation/Test/Fixture/Invitation/StoreId.php,d0b027bc6d0ce4d2587104aa6a88bdab9b3f88622d8a5d777f965cdf26ffe92d,1200
dev/tests/functional/tests/app/Magento/Invitation/Test/Handler/Invitation/Curl.php,2175d07e9c00368b1fe6ce2a28637e813aee7a59f9d6b6f19f7905a981148748,2005
dev/tests/functional/tests/app/Magento/Invitation/Test/Handler/Invitation/InvitationInterface.php,f94dce35567741dda1254567b751378ea6a9bdf15be98e52528a69e2901d9670,312
dev/tests/functional/tests/app/Magento/Invitation/Test/Page/Adminhtml/InvitationsIndex.xml,edac32c2ecb6402431e0e0ba701b9dd443d9d212c0465f53a313391566279d06,840
dev/tests/functional/tests/app/Magento/Invitation/Test/Page/Adminhtml/InvitationsIndexNew.xml,f96dfdc7efa8d97950d7de005134523cdbeec22c7fe396b97e6753c5d11c75c7,709
dev/tests/functional/tests/app/Magento/Invitation/Test/Page/Adminhtml/InvitationsIndexView.xml,bd50acb972927304839b788600a1fbc8c4507574ca59464ef16e5f0633ebda21,738
dev/tests/functional/tests/app/Magento/Invitation/Test/Page/InvitationIndex.xml,066ef60a4114db55cd03180e3b0829690708b2edf3b5b2bb25930880166e90b4,663
dev/tests/functional/tests/app/Magento/Invitation/Test/Page/InvitationSend.xml,9454c13dba9afbf534f85c8f671986776f4a37a3b1286f6f2540809526ae8baa,531
dev/tests/functional/tests/app/Magento/Invitation/Test/Repository/Invitation.xml,14d535c8f11d9019fb5875ac96d56f966d52250d90b99df9b85c8694d416ef67,1473
dev/tests/functional/tests/app/Magento/Invitation/Test/TestCase/CreateCustomerInvitationBackendEntityTest.php,e11acdf782e12f2c8d9c2e7fe470c6c595ff93e6c09e32fec7ed12e8ba6d25d0,1874
dev/tests/functional/tests/app/Magento/Invitation/Test/TestCase/CreateCustomerInvitationBackendEntityTest.xml,ebd5a7a7f37b70fdfd0cf91660a282f19fdf51350d54ac7b729959c458407d9b,2562
dev/tests/functional/tests/app/Magento/Invitation/Test/TestCase/CreateCustomerInvitationForExistedEmailBackendTest.php,128ecd5cc8f91d88ad372a4cecfa139c68dfff2e30e5aae2a4985f3d67d0c1b6,2608
dev/tests/functional/tests/app/Magento/Invitation/Test/TestCase/CreateCustomerInvitationForExistedEmailBackendTest.xml,85df515d31290091be4448f6ed1242a70dfd1de567a0fdfec47d04e5f12bce4e,1644
dev/tests/functional/tests/app/Magento/Invitation/Test/TestCase/CreateCustomerInvitationFrontendEntityTest.php,3af50674b9bc9d82d52b04974ff5478ddf5ca3f8e3835d5d5302aff6e51f29b4,2638
dev/tests/functional/tests/app/Magento/Invitation/Test/TestCase/CreateCustomerInvitationFrontendEntityTest.xml,391e6d2905fc63133945f8e84bdc31c3e222f81f48d326f77d61ec8dbf4f1d3a,1999
dev/tests/functional/tests/app/Magento/Invitation/Test/TestCase/MassActionCustomerInvitationBackendTest.php,dfb18156ecb7b00e9bcc51749f1b01143f36f6f2ba145b89024656ea6d11464b,1818
dev/tests/functional/tests/app/Magento/Invitation/Test/TestCase/MassActionCustomerInvitationBackendTest.xml,b973af958c35976b41df81a6946eb6c333c3b22f51b133dc52030179d4c638a4,2013
dev/tests/functional/tests/app/Magento/Invitation/Test/TestCase/NavigateMenuTest.xml,a49bcfa26cc1c08253b300a5eaf9590b8f3e81ca198ea04314160b4bc6f9507a,1689
dev/tests/functional/tests/app/Magento/Invitation/Test/etc/curl/di.xml,7f2763fac8729c3873e78060239e16bc58e691b948668b9985030bb1d5ee0419,431
dev/tests/functional/tests/app/Magento/Invitation/Test/etc/fixture.xml,4b3a112ca377b6edbeaabdeda239f9fc5c1568be44309264918cee9b8d64d8e3,389
dev/tests/functional/tests/app/Magento/Logging/Test/Block/Adminhtml/Details.php,b1ff52d9d4b07e697dce8b7c089f23c750ec2c5986090a20b1745996864bfde6,1379
dev/tests/functional/tests/app/Magento/Logging/Test/Block/Grid.php,4d49de9c28068057bdf2e848e2f6020cefde6661ccf261202448a13bd4510502,2114
dev/tests/functional/tests/app/Magento/Logging/Test/Constraint/AssertAdminLoggingGrid.php,7409c75003e2e54500ff6dbdff3810d83c06c9f083a76818834da77d76cb0fe8,1767
dev/tests/functional/tests/app/Magento/Logging/Test/Constraint/AssertAdminLoggingLastEntry.php,58070047451e967c4b005b5c89ad99f0660379514fe300b155c17e116de11261,1861
dev/tests/functional/tests/app/Magento/Logging/Test/Fixture/Logging.xml,6938c3a114174858df53048e9e774c354863a379657f62e1c2d400e3eb5df3c3,1385
dev/tests/functional/tests/app/Magento/Logging/Test/Page/Adminhtml/Details.xml,de43b7a4d38bd59bd67e4898c89f3ab23a0f11abc52802b36b9d656284d6b6a4,558
dev/tests/functional/tests/app/Magento/Logging/Test/Page/Adminhtml/Logging.xml,20a36e5f4e883db1207a7401c6460c9312d2e537f562e9da0b114f6117b40b20,526
dev/tests/functional/tests/app/Magento/Logging/Test/TestCase/NavigateMenuTest.xml,19ef3fd5ee9e57ca562cb96159f3ba1e23db0a760bcf7d86310ad9a393340ee9,1016
dev/tests/functional/tests/app/Magento/Logging/Test/TestCase/ViewAdminLoggingEntityTest.php,cb1196bfbb17bef36910e91ec5b6753aef4ca913a78146ea8e77d3dadcf40454,1150
dev/tests/functional/tests/app/Magento/Logging/Test/TestCase/ViewAdminLoggingEntityTest.xml,d8258f03fe626faf3fa142c3df67c9e83b9290dc39b0f4534db81685c799cc44,3919
dev/tests/functional/tests/app/Magento/Logging/Test/etc/fixture.xml,296195cc253526e1b7ca964321bf240dbc847dce6d5d903c325e33660d958208,375
dev/tests/functional/tests/app/Magento/MultipleWishlist/Test/Block/Adminhtml/Report/Customer/Wishlist/Grid.php,d732c6e2b124c6f9418bc7a9edf46fde3f18911e16f49cc1522d84377cef567c,1150
dev/tests/functional/tests/app/Magento/MultipleWishlist/Test/Block/Adminhtml/Sales/Order/Create/Sidebar/Wishlist.php,dc456975d16e0235e4a2b736ee95ce6b8a84e4c094310b82346163da5d8d7971,1415
dev/tests/functional/tests/app/Magento/MultipleWishlist/Test/Block/Adminhtml/Sales/Order/Create/Sidebar/Wishlist/Items.php,8860e7ea7f2bc915fe1156e77f1909f2551aa6ecb04875cdf5a637fe9b1cb356,1872
dev/tests/functional/tests/app/Magento/MultipleWishlist/Test/Block/Behaviour.php,f6f1e574830c170fec048287849383ddcbeb83c87022aa1c88e1c40175b6b878,568
dev/tests/functional/tests/app/Magento/MultipleWishlist/Test/Block/Behaviour.xml,d754d737acecda53b9f7aa128175404fd020293c9fa698796611fa72f1b9a60e,286
dev/tests/functional/tests/app/Magento/MultipleWishlist/Test/Block/Customer/Wishlist/Items.php,ed44931a83b92dfdf3ea5a8a018f15c7b4b10739d47f64d5c41d2ec7641ece2c,999
dev/tests/functional/tests/app/Magento/MultipleWishlist/Test/Block/Customer/Wishlist/Items/Product.php,795076dc4ab41cbaf809c9bbe8c645449dcafa6e4a594d1d31fd609f18ba0d87,1585
dev/tests/functional/tests/app/Magento/MultipleWishlist/Test/Block/Customer/Wishlist/Items/Product.xml,1b00e0a588deaccb8b8a7aa10a20e75087978cdda0337f206980db48cf516628,357
dev/tests/functional/tests/app/Magento/MultipleWishlist/Test/Block/Customer/Wishlist/Management.php,d191c9271b7fc19d5b7e1241bfff8f278fe77bc322127346596fbd0ec614c450,3841
dev/tests/functional/tests/app/Magento/MultipleWishlist/Test/Block/Product/View.php,f8c5b06f0f19777565875c603fc0ea7d0e0b03c101e6195f6abb4a2df3907f6e,1188
dev/tests/functional/tests/app/Magento/MultipleWishlist/Test/Block/Widget/Search.php,f6609aa7490b1c5673c1dd4849c60aecf29c10b60d4cf828d3d8545576146a53,1654
dev/tests/functional/tests/app/Magento/MultipleWishlist/Test/Block/Widget/Search/Result.php,c14c66e8354376b87257266c6bb5e04c635929daa5b193d119407948241a179b,748
dev/tests/functional/tests/app/Magento/MultipleWishlist/Test/Constraint/AbstractAssertMultipleWishlistExist.php,d14219d5e3f3f22b2472177f99bac991ab290306f8777c5303819218eadfb40c,1576
dev/tests/functional/tests/app/Magento/MultipleWishlist/Test/Constraint/AbstractAssertMultipleWishlistState.php,47c2dd882a1fa17a22f98e278b4b142f2a964ec5f0ca5efd1ccdd26dd25a0b0c,3672
dev/tests/functional/tests/app/Magento/MultipleWishlist/Test/Constraint/AbstractAssertMultipleWishlistSuccessMessage.php,b0c6c611a962026d74a86e24d2798a1f624b902e7ae8e1ec9b74326b4757027c,1136
dev/tests/functional/tests/app/Magento/MultipleWishlist/Test/Constraint/AssertDeleteMultipleWishlistButtonIsAbsent.php,cffdc67cea8f9c7c3d6a48b0a2d7552254f11f19cde9f396493263ac14563f92,1136
dev/tests/functional/tests/app/Magento/MultipleWishlist/Test/Constraint/AssertMultipleWishlistAbsentInMyAccount.php,5e71d973a32351a227a44f28ed282210d8ecb0ec9ede9a79cd3a8ac44f309f1f,920
dev/tests/functional/tests/app/Magento/MultipleWishlist/Test/Constraint/AssertMultipleWishlistIsPrivate.php,392d9e39a93cc082b6082e10aaa6e2064641af2f713412cc93d810ed0f66a84d,1295
dev/tests/functional/tests/app/Magento/MultipleWishlist/Test/Constraint/AssertMultipleWishlistIsPublic.php,49597eaf762adae550f418e298bae2cdc17d44deb0fa229e5845531aa10337d9,1285
dev/tests/functional/tests/app/Magento/MultipleWishlist/Test/Constraint/AssertMultipleWishlistPresentInMyAccount.php,e19b94e960c7acf86c55aac5ee387169984cc55193bf73fc5f14d4d4f08b015a,914
dev/tests/functional/tests/app/Magento/MultipleWishlist/Test/Constraint/AssertMultipleWishlistSuccessDeleteMessage.php,62eb9cf019464fdd1fd724779efc1afff54489467bfbda8247a4f9bf1a241a07,695
dev/tests/functional/tests/app/Magento/MultipleWishlist/Test/Constraint/AssertMultipleWishlistSuccessSaveMessage.php,c74a8900b5d8edaa50ac72456c14d0259175d3ce04d26174bc5930043dfcf46d,696
dev/tests/functional/tests/app/Magento/MultipleWishlist/Test/Constraint/AssertProductAbsentInDefaultWishlist.php,8d898966ab155c027571714b9314cede4a49b4e49150f2b7e8c9fb61d7f38241,1631
dev/tests/functional/tests/app/Magento/MultipleWishlist/Test/Constraint/AssertProductDetailsInMultipleWishlist.php,247ae13ee8d9b739f450759e219f9ccf7cc70783cd469b8a16ccf4338dbdf83f,1973
dev/tests/functional/tests/app/Magento/MultipleWishlist/Test/Constraint/AssertProductInCustomWishlist.php,a6291226403e98674031aac91a72b6095012a06985190723afec56638bb0b08b,2222
dev/tests/functional/tests/app/Magento/MultipleWishlist/Test/Constraint/AssertProductInDefaultWishlist.php,f80d9d8f39ad171d725735c0b3492e176823d8f2b2845e3b0f69ba8939edf3e9,2112
dev/tests/functional/tests/app/Magento/MultipleWishlist/Test/Constraint/AssertWishlistReportGrid.php,efb2f87e562af40e3f35a4996d4dd8f8c365ae2b384c7e249f9eb4bf47f20a7e,2334
dev/tests/functional/tests/app/Magento/MultipleWishlist/Test/Fixture/MultipleWishlist.xml,c26277ffb1496d8881339aa272faf2abb7951eaf9ab261555592e398cbe85d23,1040
dev/tests/functional/tests/app/Magento/MultipleWishlist/Test/Fixture/MultipleWishlist/CustomerId.php,96fd49d0030707c210e14ab06cb2087d1a51637ee7ab67c500229b373c474b5e,318
dev/tests/functional/tests/app/Magento/MultipleWishlist/Test/Fixture/WishlistWidget.xml,bdd30eaf1d5c178efab0eacc1693524c0631ed61ff30f41763e9abff4b99ab9c,600
dev/tests/functional/tests/app/Magento/MultipleWishlist/Test/Handler/MultipleWishlist/Curl.php,fc864cef8c30ea93cd68ca2df22866d3c9204a519aa91ad8b4e4a0800dd7ac51,2308
dev/tests/functional/tests/app/Magento/MultipleWishlist/Test/Handler/MultipleWishlist/MultipleWishlistInterface.php,89489d53a2f272c5010c5f75b781b956c692461b49844f40b917a157ce58542b,335
dev/tests/functional/tests/app/Magento/MultipleWishlist/Test/Handler/WishlistWidget/Curl.php,794f12129d5b4142562b22beabec9494a9543922823d86d76a689c38ec9b2db4,653
dev/tests/functional/tests/app/Magento/MultipleWishlist/Test/Handler/WishlistWidget/WishlistWidgetInterface.php,5d1890feb3fe1895f2bfb8c4687a3a405fd59baaa2c7ded0cce48d853c908ca9,330
dev/tests/functional/tests/app/Magento/MultipleWishlist/Test/Page/Adminhtml/CustomerWishlistReport.xml,95eade2d302cf410fdfb1e6ec9004eb3e1ab3041a9435364d672465b7e800074,642
dev/tests/functional/tests/app/Magento/MultipleWishlist/Test/Page/Adminhtml/OrderCreateIndex.xml,962ed782bbe01a83d062e5f9d5f174519d7c14e22f0879863d76fbc295353dd7,597
dev/tests/functional/tests/app/Magento/MultipleWishlist/Test/Page/Category/CatalogCategoryView.xml,c7de8483c04a88047ef726a50c11105fc62a01779591aaf589415f88e64170d5,574
dev/tests/functional/tests/app/Magento/MultipleWishlist/Test/Page/Product/CatalogProductView.xml,b057b5506ec3ce9df7fc0974b173a9eed91dcd54d1251fc1740fa03fb466f92b,553
dev/tests/functional/tests/app/Magento/MultipleWishlist/Test/Page/SearchResult.xml,e5065f34664e0536570ea4f0b8514317e6ec33fc984d37e56cb0b00e3b3224b0,592
dev/tests/functional/tests/app/Magento/MultipleWishlist/Test/Page/WishlistIndex.xml,c7c02cffa0eef5742a88bb7295a2371340fa80329324708d07e5b17268db855c,1223
dev/tests/functional/tests/app/Magento/MultipleWishlist/Test/Repository/ConfigData.xml,219699174ac53400fdb7d6796e08e67d25d1bd7e1d5fd0c65c58ff283f3100f0,1626
dev/tests/functional/tests/app/Magento/MultipleWishlist/Test/Repository/MultipleWishlist.xml,744691f0ce33e2872d8b94873760a45d166bd66610383c52c86295090584e3dc,1770
dev/tests/functional/tests/app/Magento/MultipleWishlist/Test/Repository/Widget.xml,25ad40caa8e959bbdc63bc5391b80bf8bf84b55a98f6684c5691aa74e3958d5d,1452
dev/tests/functional/tests/app/Magento/MultipleWishlist/Test/TestCase/AbstractActionProductToAnotherWishlistTest.php,fab3487cfca1c4ac5c324ed8f18af54f8058415b66bcaa0af46727039cf9b26b,2249
dev/tests/functional/tests/app/Magento/MultipleWishlist/Test/TestCase/AbstractMultipleWishlistEntityTest.php,7cc51f8dcac6b7ac558ec2d92d0b9e2d11537f38c4c58e28fc175cd372c1d5e4,5576
dev/tests/functional/tests/app/Magento/MultipleWishlist/Test/TestCase/AddProductToMultipleWishListTest.php,4f6e07895fe00c032f1ff73f4ee1121c3ac36d2a9a6ad7954f7d46a879aaa5b9,2912
dev/tests/functional/tests/app/Magento/MultipleWishlist/Test/TestCase/AddProductToMultipleWishListTest.xml,86eaf284d2ec580df1d8c50c3fc8bda6c47d044e83bc70ba52d0eb71b1ce7e12,5013
dev/tests/functional/tests/app/Magento/MultipleWishlist/Test/TestCase/CopyProductToAnotherWishlistEntityTest.php,be9a8b4caa34c18c6e124487d89fabb76518f6dc76c3fe2b010ba6283199a99a,1853
dev/tests/functional/tests/app/Magento/MultipleWishlist/Test/TestCase/CopyProductToAnotherWishlistEntityTest.xml,078095994231c85b07063e11f093b18546756d078f34662984f742d8c0141758,3592
dev/tests/functional/tests/app/Magento/MultipleWishlist/Test/TestCase/CreateMultipleWishlistEntityTest.php,c57085893c480582fa72522006e55442013175be0f1ce86ae5949163f7a0ddec,1867
dev/tests/functional/tests/app/Magento/MultipleWishlist/Test/TestCase/CreateMultipleWishlistEntityTest.xml,9261492ca92e6228b49c742956619461a376bd401253057a25b2492e7f312734,1705
dev/tests/functional/tests/app/Magento/MultipleWishlist/Test/TestCase/DeleteMultipleWishlistEntityTest.php,ad5f033fea70ac2e8175f515b2f39d2382460ee772c659ff66901d5d8ed621d7,1519
dev/tests/functional/tests/app/Magento/MultipleWishlist/Test/TestCase/DeleteMultipleWishlistEntityTest.xml,268be93bb468e20e4df55489fd70fe940b7388314f18174bad576c240d3bfc38,1866
dev/tests/functional/tests/app/Magento/MultipleWishlist/Test/TestCase/MoveProductFromCustomerActivityToOrderTest.php,564a51768629cf56a4401a7806218a1dbf5bd64b8c01493cf9ff9c4f07abd88a,4992
dev/tests/functional/tests/app/Magento/MultipleWishlist/Test/TestCase/MoveProductFromCustomerActivityToOrderTest.xml,c6860439eb31b120a5e39cbec7e2d757d397eeb200c17c846d99aff9ac4f71c5,3616
dev/tests/functional/tests/app/Magento/MultipleWishlist/Test/TestCase/MoveProductToAnotherWishlistEntityTest.php,c85445891f2ace310eb25482eb46ce953a359f6f9b78fe2af114365aa7c55fb6,1782
dev/tests/functional/tests/app/Magento/MultipleWishlist/Test/TestCase/MoveProductToAnotherWishlistEntityTest.xml,6dda87ae9e493d9f7f37a86b8fc9123b5dac4f02e252af828c12cd69759ea6e1,3546
dev/tests/functional/tests/app/Magento/MultipleWishlist/Test/TestCase/NavigateMenuTest.xml,5b2820ddf5fdf473c014125773fbc83d3c2127995bc5d660a9eecf4452bfa326,722
dev/tests/functional/tests/app/Magento/MultipleWishlist/Test/TestCase/ShareMultipleWishlistTest.php,a8c9148753017e82f5937adfa1ea52237629a3083ca91a0ca6a87fdda01d5ef1,3976
dev/tests/functional/tests/app/Magento/MultipleWishlist/Test/TestCase/ShareMultipleWishlistTest.xml,ed64f4817c53de11e21421261329ed172b852ed585e6b4bc766c5308a5947fb6,983
dev/tests/functional/tests/app/Magento/MultipleWishlist/Test/TestCase/UpdateMultipleWishlistEntityTest.php,ac66d1db1b2676d7d9f0fdb4b894c8239134bf498368552e0473c5875dca5efc,2213
dev/tests/functional/tests/app/Magento/MultipleWishlist/Test/TestCase/UpdateMultipleWishlistEntityTest.xml,b43df71905065b4e016af8072dd2792aa386ed9ceeb4220cb6cec762694c311a,1940
dev/tests/functional/tests/app/Magento/MultipleWishlist/Test/TestCase/WishlistReportEntityTest.php,822d3f3eaf498b8c2bd5f9cad6f02d431e07898f141fed9406349d7e8ce19927,5357
dev/tests/functional/tests/app/Magento/MultipleWishlist/Test/TestCase/WishlistReportEntityTest.xml,c30c8b3942748c7526751d3bdc3e01dd92de727c9a89f4b7e88288f594c8e47a,1401
dev/tests/functional/tests/app/Magento/MultipleWishlist/Test/TestStep/AddProductToMultipleWishlistStep.php,d91f8e70883f9f6abbcdb9704159b404f58d69b735bb7fe5793b4fea0143c140,3255
dev/tests/functional/tests/app/Magento/MultipleWishlist/Test/etc/curl/di.xml,60104d8b81484253c32cf275012df5d1cab24afb703e799bdc68248da21075fe,631
dev/tests/functional/tests/app/Magento/MultipleWishlist/Test/etc/di.xml,07a68e22162ad808a171bdd265cba2b663a2a5ed5f8fdcdc5cdb15a7268ff76d,1431
dev/tests/functional/tests/app/Magento/MultipleWishlist/Test/etc/fixture.xml,d1c143e7a17f3ba8917ba95bceb8b96bac4c13449f12e75d8059d0dd1af37f1f,406
dev/tests/functional/tests/app/Magento/Multishipping/Test/Fixture/GuestPaypalDirect.php,447a2294c765da77b45a6dffe9d1a06210610d7e4b3072bfe191b96663e37755,4757
dev/tests/functional/tests/app/Magento/Multishipping/Test/TestCase/MultishippingTest.php,b8dfcc6e3038d4ea53ef5f0fb699317acde21a6b221334cb9bd7ef4b7396d61c,4877
dev/tests/functional/tests/app/Magento/Payment/Test/Fixture/Cc.php,fe4f9a188764ece60e6949a70e76116507b1653f8a18f9885aa00331d096356d,806
dev/tests/functional/tests/app/Magento/Payment/Test/Fixture/Method.php,285d12c58df6a5187fc16d3d1b186bd58f91873914e803ed1af739659b3eb416,947
dev/tests/functional/tests/app/Magento/Payment/Test/Repository/Cc.php,35d54a9f2dcaba15b41dc3e49e2df848fda77693022acda4508000fd59a8b88b,4296
dev/tests/functional/tests/app/Magento/Payment/Test/Repository/Method.php,4ff74d461a1e752112e0b0c7354f93eabbd59261d1fa48e1bb1da104420231da,4469
dev/tests/functional/tests/app/Magento/Paypal/Test/Block/Billing.php,96166a569e9e1c0acaf75413bae83dd02463175e38f3aecbc8f11dc037d861c8,636
dev/tests/functional/tests/app/Magento/Paypal/Test/Block/Form/PayflowAdvanced/CcAdvanced.php,69f39dd6118ea64502f4ad3dab2df2621a750db5164905dfe38c4ad6a36a339f,1434
dev/tests/functional/tests/app/Magento/Paypal/Test/Block/Form/PayflowAdvanced/CcAdvanced.xml,925ba59155a123cccc74994f4b37b692349586b65ddf65de07e73d99169dd59d,543
dev/tests/functional/tests/app/Magento/Paypal/Test/Block/Form/PayflowAdvanced/CcLink.php,884ac82b59e2276bd87543a8e907a11f090cc8fb68440ec86cfd9a970a35731b,1390
dev/tests/functional/tests/app/Magento/Paypal/Test/Block/Form/PayflowAdvanced/CcLink.xml,925ba59155a123cccc74994f4b37b692349586b65ddf65de07e73d99169dd59d,543
dev/tests/functional/tests/app/Magento/Paypal/Test/Block/Login.php,bfbab940b246e570b989d6d0717243296362dff507ed849a8cb195988d948f39,1131
dev/tests/functional/tests/app/Magento/Paypal/Test/Block/Login.xml,1e0f4e1f04a77e0b496b8d0704ee7e1cc3d818dbccc1fb3d5898c24e010d7993,241
dev/tests/functional/tests/app/Magento/Paypal/Test/Block/LoginExpress.php,4dcc2a5fd58faeabfa1363363ba85d7e4d8381c13f7260b934fcb0eacf1814b3,2143
dev/tests/functional/tests/app/Magento/Paypal/Test/Block/LoginExpress.xml,e5a66639c03df51445dbfe90d68326eee79f2d58f57371a342bf3e125bb05b19,383
dev/tests/functional/tests/app/Magento/Paypal/Test/Block/MainPanel.php,16aed7ae24f8a57e0bb6cde1f4fdfc4ef8a19a46e51f5737fb882bccdf3feaf8,571
dev/tests/functional/tests/app/Magento/Paypal/Test/Block/Review.php,249deb373e0c1dccfa986b9e7783ceec569ddf5698fd4fca698dbbfa1fafc302,590
dev/tests/functional/tests/app/Magento/Paypal/Test/Block/ReviewExpress.php,4a9bfd350a9dc13622a0831952b79ba95f437d0f3d344a43032242804645bbb9,1875
dev/tests/functional/tests/app/Magento/Paypal/Test/Fixture/Customer.php,7119d3e9c0f95292544984a0cb198fa7e397167473232ed27afd935f1f2edf7d,597
dev/tests/functional/tests/app/Magento/Paypal/Test/Page/CheckoutOnepage.xml,a2f544b776deefb424df513a07c834d378fb3a012a6ef32fb87d5b78f72e967b,655
dev/tests/functional/tests/app/Magento/Paypal/Test/Page/Paypal.php,913bc9f2c45c3741a727ba5337df40eb023cfb291b837d99de1d5f508cf0c6b2,2749
dev/tests/functional/tests/app/Magento/Paypal/Test/Repository/Address.xml,1c39790c1cc85e49747173bdee1f836f1625bcba24669d9c5e35d7af0c106e66,959
dev/tests/functional/tests/app/Magento/Paypal/Test/Repository/CreditCard.xml,582604f52219cf94f1b35fa0120371d6f87c7d3d6e37045b4ab1cafa21982dff,1223
dev/tests/functional/tests/app/Magento/Paypal/Test/Repository/Customer.php,fdd1423b7af4726ee34a79fc30587cf255ed128de95ff2f36bedb3442b935c44,2101
dev/tests/functional/tests/app/Magento/Paypal/Test/TestCase/NavigateMenuTest.xml,9e9982775fe24f12b21a4894c52eece998c4d7bdcaf13de768ef07ed492a99f8,1054
dev/tests/functional/tests/app/Magento/Paypal/Test/TestCase/OnePageCheckoutTest.xml,ec7b708b77d452f8b32842700b303cc732bd14b4d6e8dd594b95f410635fc5f3,3620
dev/tests/functional/tests/app/Magento/Reminder/Test/Block/Adminhtml/Reminder/Edit.php,9e6b2afd888c32ad0bb545709a5ed0c5c0e90bbca818c07059a3f3f7d4a88b23,287
dev/tests/functional/tests/app/Magento/Reminder/Test/Block/Adminhtml/Reminder/Edit.xml,e1a66ab0d6d102a767107a14bc6ff68c4ff6a829a3c65ee3172efc68020d659d,1795
dev/tests/functional/tests/app/Magento/Reminder/Test/Block/Adminhtml/Reminder/Edit/Customers.php,ca72f40fc0bc8ae13c1dc0f67c48f84be3788038f55416199667a41401bf5bf3,838
dev/tests/functional/tests/app/Magento/Reminder/Test/Block/Adminhtml/Reminder/Edit/Customers/CustomersGrid.php,340a5cb0e4483e3f13c78bd1f964519bac859a0e15c9d59f36ecc812d484441f,763
dev/tests/functional/tests/app/Magento/Reminder/Test/Block/Adminhtml/Reminder/Edit/General/SalesruleId.php,dbdd0da3aea8d2434959886c05455fe8488bbcc27e4751f89469e909d90be2de,2517
dev/tests/functional/tests/app/Magento/Reminder/Test/Block/Adminhtml/Reminder/FormPageActions.php,1fa763865dfc6cd1fcdb680329732d75f805edccc57f990af2480b1358798e47,1010
dev/tests/functional/tests/app/Magento/Reminder/Test/Block/Adminhtml/Reminder/Grid.php,e6c6088749b4eed2c64231b09929d00a16983948b0931d071250f1b54f268fb9,1438
dev/tests/functional/tests/app/Magento/Reminder/Test/Constraint/AssertReminderForm.php,b9e1519276cce9103f2f92fd27f15bfe2da73bc1df722493329663faaba87b81,2197
dev/tests/functional/tests/app/Magento/Reminder/Test/Constraint/AssertReminderInGrid.php,626bd38e322c52262264566cccfbd05040ec9b4467f32ee4378604c430e1f46c,1749
dev/tests/functional/tests/app/Magento/Reminder/Test/Constraint/AssertReminderMatchedCustomers.php,cfc339235821fa6ac52aaa8e74825b76946b9144ec6537a9d60573f64aa1b512,5555
dev/tests/functional/tests/app/Magento/Reminder/Test/Constraint/AssertReminderSuccessSaveMessage.php,a0f0d5dcbc732347c829b2db36d66ef7a574a37d81b3b04b772f4d31741e0d03,1161
dev/tests/functional/tests/app/Magento/Reminder/Test/Fixture/Reminder.xml,20e66bf400da5a0ab05f0f3ba38bc4a377dcd6ef69a023145c2a89f79b4b6d6e,1816
dev/tests/functional/tests/app/Magento/Reminder/Test/Fixture/Reminder/SalesruleId.php,5549a3b6e4ee30523619e4e342f85ca668bac425537bd7012b8bb4c3cb9c6906,1139
dev/tests/functional/tests/app/Magento/Reminder/Test/Page/Adminhtml/ReminderIndex.xml,940463bff27e6ffabd32add8da3381c35df4c79525b6b5b87d8bc25a8a9201b4,825
dev/tests/functional/tests/app/Magento/Reminder/Test/Page/Adminhtml/ReminderView.xml,9cf14daa6b8ccee065b9841c19a74d64313e0a80eaf7057bbe058043abe34ca2,860
dev/tests/functional/tests/app/Magento/Reminder/Test/Repository/Reminder.xml,39de03604d227ebcd7425ed5d53106030ee932ad78e05c47507c61867d429c06,698
dev/tests/functional/tests/app/Magento/Reminder/Test/TestCase/CreateAutomatedEmailReminderRuleTest.php,95586a8c856be6c564b27a9d5ef868b8b8f6c534ad966b5ebce25b4b6256766e,2567
dev/tests/functional/tests/app/Magento/Reminder/Test/TestCase/CreateAutomatedEmailReminderRuleTest.xml,3d416c61d68cd612e617fc0b607851e7cdaa7971d2d85cdca406bf322d922925,3058
dev/tests/functional/tests/app/Magento/Reminder/Test/TestCase/NavigateMenuTest.xml,04b1fb4e3d7db0279dd6e01204189829a6a6f02e89baaa10cf4cec19cabb78e0,718
dev/tests/functional/tests/app/Magento/Reminder/Test/etc/di.xml,39ca44cf68bbc36701e0562e6f4d78c839cdc7afa9b12d9ce614ec009e3845f3,483
dev/tests/functional/tests/app/Magento/Reminder/Test/etc/fixture.xml,1ecea0a3a053c7e20e44c4b79ba9bae4f5d110a41e7d09625937443d672457fc,382
dev/tests/functional/tests/app/Magento/Reward/Test/Block/Adminhtml/Edit/CustomerForm.xml,3f9c216fdaa352f958cb7046ca894a610cb08d844dd1f4ab60aa541554586673,830
dev/tests/functional/tests/app/Magento/Reward/Test/Block/Adminhtml/Edit/Tab/Reward.php,43e772ae67322e3447ad575605a1514237d7f0b3f2521d64e4a63ba56f5412d8,1663
dev/tests/functional/tests/app/Magento/Reward/Test/Block/Adminhtml/Edit/Tab/Reward/Grid.php,a7f1f22bb1e1cedb9895fd523a1773f468b989e293827a3661f75759854c1b8c,326
dev/tests/functional/tests/app/Magento/Reward/Test/Block/Adminhtml/Reward/Rate/Edit/RewardRateForm.php,91423661b7dcc4bc8891141d64fce447cccdbf98a2d3661bba3cb5461b087041,351
dev/tests/functional/tests/app/Magento/Reward/Test/Block/Adminhtml/Reward/Rate/Edit/RewardRateForm.xml,c973c4296a73fd62adb442ed616ef41b90639af1cc1b0fe3a245d44b099a88d6,503
dev/tests/functional/tests/app/Magento/Reward/Test/Block/Adminhtml/Reward/Rate/Grid.php,bb36235ffba36d6256e318ed4fba82757d2c456786edf28b37b8d9c083820969,1085
dev/tests/functional/tests/app/Magento/Reward/Test/Block/Checkout/Payment/Additional.php,26d6c0de4fe158c2348a1487eb918727d837f055299a43ecf75001228fd64d67,624
dev/tests/functional/tests/app/Magento/Reward/Test/Block/Customer/RewardPoints.php,257f6473316aafdb458b40ec382bf7bad3ae60994067f8e4d54466303fb1c2de,2296
dev/tests/functional/tests/app/Magento/Reward/Test/Block/Customer/RewardPoints/RewardPointsInformation.php,65db51e658a836f38dc95908254fd198c6f4f9e0cd0d13ce5a2ee78dd17a8d86,1153
dev/tests/functional/tests/app/Magento/Reward/Test/Block/Customer/RewardPoints/Subscription.php,e2d9844d5661ca4975d9d317838f49bcdd2f49b1bbc2d47fc9e635809bf28a13,660
dev/tests/functional/tests/app/Magento/Reward/Test/Block/Customer/RewardPoints/Subscription.xml,91c155d9daae1c66904a6f79b66ccf3cc21e3ba5cd9adc70752475688e45fe00,535
dev/tests/functional/tests/app/Magento/Reward/Test/Block/Onepage/Review.php,b261f4e8dbed802fe7266a7b8790d9609a58f3084c56c9d2672baf1423b181b9,628
dev/tests/functional/tests/app/Magento/Reward/Test/Block/Tooltip.php,d00d0103e0d10d69ef24f12f23f9b6ac62b6cccec9836a63217242bc7b18fae9,762
dev/tests/functional/tests/app/Magento/Reward/Test/Block/Tooltip/Checkout.php,a5479247250a1a906b645ed5ed55a46d439bcda6487eed112b87713db9390ba8,475
dev/tests/functional/tests/app/Magento/Reward/Test/Constraint/AssertRateSuccessSaveMessage.php,ed8f89aa98a2607916fa71b641a289fd04ed654c70992ed6450f5bb3bcc779bf,1238
dev/tests/functional/tests/app/Magento/Reward/Test/Constraint/AssertRewardInHistoryGrid.php,5ed99bc023df6683a3aa7e82b20c5d1268fd91cac4c7279c37f880ed62121acf,2126
dev/tests/functional/tests/app/Magento/Reward/Test/Constraint/AssertRewardNoExchangeMessageForCurrencyToPoints.php,222ad283091f51979b9c861a5277df51f9a2b3b5c98e257b4fc569e8177750a4,1884
dev/tests/functional/tests/app/Magento/Reward/Test/Constraint/AssertRewardNoExchangeMessageForPointsToCurrency.php,cd0612767b239f3e04585e2f4271b4966b6f0ec9ef0c9d0f92775b3296687930,1900
dev/tests/functional/tests/app/Magento/Reward/Test/Constraint/AssertRewardPointsBalance.php,475a010e2322f77d98061c15bd771525d94dce41fd1d6e0c4fcf7794d2c505ca,2775
dev/tests/functional/tests/app/Magento/Reward/Test/Constraint/AssertRewardPointsMessageOnCustomerRegistration.php,dd1ed91b927442d3c79cfecc2b79b1ee9629a635ca26415d2024f313bcbe6444,1753
dev/tests/functional/tests/app/Magento/Reward/Test/Constraint/AssertRewardPointsMessageOnShoppingCart.php,4bed98bc531fb61b50f4f0ddef3ce2649cc5a1d4336bbad1e7ef5dbbfd674f28,2362
dev/tests/functional/tests/app/Magento/Reward/Test/Constraint/AssertRewardPointsSuccessDeleteMessage.php,2e9b33ce1e0cf6236da3b42adaf396932592fdf75ba7c7c15046676dc7218e08,1334
dev/tests/functional/tests/app/Magento/Reward/Test/Constraint/AssertRewardSubscriptionOnBackend.php,a32703bc58575b9d18a5bcc1ec0f819f51bcd48895380972b1486caea4d326b4,1828
dev/tests/functional/tests/app/Magento/Reward/Test/Constraint/AssertRewardSubscriptionSaveMessage.php,4c9b0c014f55c1dedea25dbfe2e036db25cd59ca428e057104f92c48b0c4fa53,1267
dev/tests/functional/tests/app/Magento/Reward/Test/Fixture/OrderInjectable.xml,2ed27db8576f3529c1a7968950314a3bdfa9aa6e595c812edea9ed7c68c4927b,1031
dev/tests/functional/tests/app/Magento/Reward/Test/Fixture/Reward.xml,7b7a3b4c8db60ae5ed20292e47ccb7796c71ddc292821739e7ec218c7e7f3b16,1231
dev/tests/functional/tests/app/Magento/Reward/Test/Fixture/Reward/CustomerId.php,7e54d34c03d551a4b816760a0f96ac26c1c620e692ed5a21db941e373c79f6ee,1531
dev/tests/functional/tests/app/Magento/Reward/Test/Fixture/RewardRate.xml,027abf6568cc53a49b2599ca7178560e091ac0ff2a6a7369e0d370e7fdd25d3b,1271
dev/tests/functional/tests/app/Magento/Reward/Test/Fixture/RewardRate/CustomerGroup.php,88795695bddf0a50560eecfa5ea160a309d19b614eb2f20e164565b49ffcaa2f,1484
dev/tests/functional/tests/app/Magento/Reward/Test/Fixture/RewardRate/WebsiteId.php,c64f93b2389a36a1ee4cab164b6cd817dae76fcd93b1689fdcf1453ad59d54c5,1312
dev/tests/functional/tests/app/Magento/Reward/Test/Fixture/SalesRule.xml,78589cf3f94be65d0aac13f967d16462cd826a50035eccd53c603778c9976ecd,413
dev/tests/functional/tests/app/Magento/Reward/Test/Handler/Reward/Curl.php,14fc658a85530c041be1a7048fe85e2717fe01af786612a09c3d272bec9da9cc,1918
dev/tests/functional/tests/app/Magento/Reward/Test/Handler/Reward/RewardInterface.php,b4a40465e547e203d4b7e7e426007e32e8a8d01708e3417be42da0d015ae967e,295
dev/tests/functional/tests/app/Magento/Reward/Test/Handler/RewardRate/Curl.php,23ca14a959b2f16f1df6fe8292254f574a8fc727a343a064d983fe359be2f96f,2570
dev/tests/functional/tests/app/Magento/Reward/Test/Handler/RewardRate/RewardRateInterface.php,3bb52b7c20f3a08f21084ac874350eb6959f32eb24bd3ca390dd7a0cce38f647,307
dev/tests/functional/tests/app/Magento/Reward/Test/Page/Adminhtml/RewardRateIndex.xml,19adb9b52c77ef41ea724804827488fc5f731a93007a6b1224af5e23169e0ff1,829
dev/tests/functional/tests/app/Magento/Reward/Test/Page/Adminhtml/RewardRateNew.xml,daf08e16a4be7a43586aa786d139eb859bbcf98d2776c9aec8ac0d4fc2bbdb4a,989
dev/tests/functional/tests/app/Magento/Reward/Test/Page/CheckoutCart.xml,71b2f9ffa725236fa714c19024690ec701ca5b4f11c033af95d3cd1f11a12071,504
dev/tests/functional/tests/app/Magento/Reward/Test/Page/CheckoutOnepage.xml,0039362c5d0b4c8a9c6e1bd90c6b4deef4067ba88eb0b88f914adc8fc146ba09,672
dev/tests/functional/tests/app/Magento/Reward/Test/Page/CustomerAccountCreate.xml,23025ca35734c3a98f87284695d8cd47e8118af70a261c9ec72f9a92ea7b710f,522
dev/tests/functional/tests/app/Magento/Reward/Test/Page/RewardCustomerInfo.xml,5fd7a73baa2219b5b7e256314e310997c8fa7bee526260756dad2d8692c44e4a,830
dev/tests/functional/tests/app/Magento/Reward/Test/Repository/ConfigData.xml,4611d8ab3b90ac419a2221fdbf728f634deb610a93d7a9e47475afe33370406b,2840
dev/tests/functional/tests/app/Magento/Reward/Test/Repository/Reward.xml,b555d37914e232b0af00d46115714457f4c937eaa5f2b8d81241e5c7468379f3,925
dev/tests/functional/tests/app/Magento/Reward/Test/Repository/RewardRate.xml,b2e8f75f6f4f8b78e6ce09946e4aed70fab26d5bb6ac5d354128b1a931383f78,2162
dev/tests/functional/tests/app/Magento/Reward/Test/Repository/SalesRule.xml,52a6ffaf48cf829707e73f05bc1334091dda822377901b6f9cbabf9b52f9821c,1922
dev/tests/functional/tests/app/Magento/Reward/Test/TestCase/CreateExchangeRateForRewardPointsEntityTest.php,6f0690e5fc9235a50f1f55fc1d43f93fbf4d0a516806e61de0c93214ab2d2043,3249
dev/tests/functional/tests/app/Magento/Reward/Test/TestCase/CreateExchangeRateForRewardPointsEntityTest.xml,5335a9e7efb7fec4a27b4d73b6233be8a35b5f07fa3a1683f00f02d184d5f3b2,2907
dev/tests/functional/tests/app/Magento/Reward/Test/TestCase/CreateOrderBackendTest.xml,707a336c021c609c733f0bffca490080281165a4cd305ec047510c50169d4c02,4684
dev/tests/functional/tests/app/Magento/Reward/Test/TestCase/CreateOrderFromCustomerPageTest.xml,1f654a51c92a9346f381357536f09c9d6d2fbb59a86fadfbb4c2890e682c35bd,3511
dev/tests/functional/tests/app/Magento/Reward/Test/TestCase/DeleteExchangeRateForRewardPointsEntityTest.php,5ad94ec029c676992642254a46d885d8529dbc78c5f161c303dba8267d872998,3322
dev/tests/functional/tests/app/Magento/Reward/Test/TestCase/DeleteExchangeRateForRewardPointsEntityTest.xml,d5d702bdcaad523468d9052b5961847b78061d2836ba2e5106643b392a87db1b,1307
dev/tests/functional/tests/app/Magento/Reward/Test/TestCase/OnePageCheckoutTest.xml,a5d00c06b8565f4b29582187a0e7257cfa4b6fad6ae65e7dc814824357bb54b9,6436
dev/tests/functional/tests/app/Magento/Reward/Test/TestCase/UnsubscribeRewardPointsEntityOnFrontendTest.php,23e89ef2684a2eeb0cb93af672d6f7957843d0fd0d29a59a9829da3556f2abe5,2345
dev/tests/functional/tests/app/Magento/Reward/Test/TestCase/UnsubscribeRewardPointsEntityOnFrontendTest.xml,de694d7dd9b1aeec0f063645b68701048db35604f66d114642e2796e9a001ab2,1065
dev/tests/functional/tests/app/Magento/Reward/Test/TestCase/UpdateExchangeRateForRewardPointsEntityTest.php,21d7c09a2cfb58429050ca444b71b66e96408371ae67142c52a7076fa8a77b26,3513
dev/tests/functional/tests/app/Magento/Reward/Test/TestCase/UpdateExchangeRateForRewardPointsEntityTest.xml,f8272e262727f481bf3ad9cd7e91090efa5c7e13ba3b32c7268cd5dc1bd83bb8,3288
dev/tests/functional/tests/app/Magento/Reward/Test/TestCase/UpdateRewardPointsBackendHistoryEntityTest.php,f8f68f54219796367cc458711ed0c2e45ca630d4e64226a27556492c4e19f236,2227
dev/tests/functional/tests/app/Magento/Reward/Test/TestCase/UpdateRewardPointsBackendHistoryEntityTest.xml,eea1bfeb7fdca8bb37b31ad5e7c97f0342665fad5e14e994c215c2087bc32053,1534
dev/tests/functional/tests/app/Magento/Reward/Test/TestStep/ApplyRewardPointsToCustomerStep.php,b6a2a7ccacd604ee4ac00b9a38500c9f469956e26859ecde28dcf16b7895befa,1516
dev/tests/functional/tests/app/Magento/Reward/Test/TestStep/CreateRewardExchangeRatesStep.php,77368b7e8c491d0abdd86740898b67416371c541bc700f42a9c2051fb8e1c520,1847
dev/tests/functional/tests/app/Magento/Reward/Test/TestStep/DeleteAllRewardRatesStep.php,92ef1b6b270ce78fc8856b7e6da125da2b20d07572a51e34cda9d23ad0d980e8,1555
dev/tests/functional/tests/app/Magento/Reward/Test/TestStep/NavigateMenuTest.xml,872ab58a7ce0df62001c00d658b406719e8065762916e3e77210b140f1742399,727
dev/tests/functional/tests/app/Magento/Reward/Test/TestStep/SelectRewardPointsStep.php,1cac37a7d3a7f225e6583500db34063a878f34f92fb209f6a388f783bcc20480,1249
dev/tests/functional/tests/app/Magento/Reward/Test/etc/curl/di.xml,741eb87d554eb979b2b658fe091954ccde98db3ebf060269ebdf7e8d43041e87,549
dev/tests/functional/tests/app/Magento/Reward/Test/etc/di.xml,1b9d2373a0d9c74f48a28176e8198836382ab73fdf5c8483fb057231f33696ac,693
dev/tests/functional/tests/app/Magento/Reward/Test/etc/testcase.xml,851d70601a0a1b9ad7d061a36bdd2e56733a2517c9a98e80ecd694220f9ed5fe,1020
dev/tests/functional/tests/app/Magento/Rma/Test/Block/Adminhtml/Order/View/Tab/Rma.php,aeafbd5b41d3fd0d0ef3ec99aa1465ca01003708748eb1a92d4a85ce61bfd40e,569
dev/tests/functional/tests/app/Magento/Rma/Test/Block/Adminhtml/Product/Bundle/Items.php,bb6100c509811935f3d435c9828596811540395279bf885c327536dc124a1a3d,1476
dev/tests/functional/tests/app/Magento/Rma/Test/Block/Adminhtml/Rma/Create/Order/Grid.php,f3412af3dcfb2dcd622a71ddaa29156f745d3230b095bce95d01873d785652f8,634
dev/tests/functional/tests/app/Magento/Rma/Test/Block/Adminhtml/Rma/Edit.php,9e20d4d6bd664e760fb292643725159c0a0e1bac06229c641d1479e561176078,793
dev/tests/functional/tests/app/Magento/Rma/Test/Block/Adminhtml/Rma/Edit.xml,43e2d9dc574264f874c2bbf720b0e667fe3cd2b918bb4e3b8a14f239c48c1e6d,2112
dev/tests/functional/tests/app/Magento/Rma/Test/Block/Adminhtml/Rma/Edit/Tab/General.php,8e394e5c326fea3b371f2b727ce0101f3caebc8a030224f5d8fc9917428c6482,2400
dev/tests/functional/tests/app/Magento/Rma/Test/Block/Adminhtml/Rma/Edit/Tab/Items.php,66939bc9bc5b0790f7e44610f68845d046e4a96ac1e1c20becf66cda31050be9,2446
dev/tests/functional/tests/app/Magento/Rma/Test/Block/Adminhtml/Rma/Edit/Tab/Items/Item.php,36157e9fad95e182871719d6707171a4d140fd6b4be1f1b8a5232f8001a4e6bf,1751
dev/tests/functional/tests/app/Magento/Rma/Test/Block/Adminhtml/Rma/Edit/Tab/Items/Item.xml,cf9b566a7eeb489e6cc245e403d581b60f4f156957090534101754fdd0072809,1249
dev/tests/functional/tests/app/Magento/Rma/Test/Block/Adminhtml/Rma/FormPageActions.php,abfcd9b39fdf78b5936ca0b82be8f82f183ab85ad081314506be7dc4ac37de74,435
dev/tests/functional/tests/app/Magento/Rma/Test/Block/Adminhtml/Rma/Grid.php,f61b1f3a34894f32614cfe3f85467e80122ca524d814f753554d7caea370099f,761
dev/tests/functional/tests/app/Magento/Rma/Test/Block/Adminhtml/Rma/NewRma.php,77b32ef0bc6238b10414541f693d75fffda84a31827f55de593f4dfc27aa6847,2005
dev/tests/functional/tests/app/Magento/Rma/Test/Block/Adminhtml/Rma/NewRma.xml,3771d5d633401c3cb69c00838ad4545a2307f0e3e826ac7d328f355664f2ccda,1190
dev/tests/functional/tests/app/Magento/Rma/Test/Block/Adminhtml/Rma/NewRma/Tab/BundleItems.php,47b8797391a1391bc6bb6f027bf30ba2837c7223c8495f2c41cbe0c87cf10cd6,1407
dev/tests/functional/tests/app/Magento/Rma/Test/Block/Adminhtml/Rma/NewRma/Tab/BundleItems.xml,da2cc9627bad1bfaea6e312a6dcd1e2dedbd9c62afa7203ea456a134709ba745,682
dev/tests/functional/tests/app/Magento/Rma/Test/Block/Adminhtml/Rma/NewRma/Tab/ConfigurableItems.php,b1807530454fc1495607f55f326b8d87102a80bcf50c6389ec00e8a285328864,272
dev/tests/functional/tests/app/Magento/Rma/Test/Block/Adminhtml/Rma/NewRma/Tab/ConfigurableItems.xml,3cd05c2ea690abe57932750816b055344f05533942d2bfcbad7d201082a0e896,787
dev/tests/functional/tests/app/Magento/Rma/Test/Block/Adminhtml/Rma/NewRma/Tab/Items.php,4846fdd36db629404c0193a4412eb84e78967c2402836c45a301c16e4e862002,4597
dev/tests/functional/tests/app/Magento/Rma/Test/Block/Adminhtml/Rma/NewRma/Tab/Items/Grid.php,7dd5d3a5f76e5299b8a86ba547e65ade872b48956e450f6d84a737ec83db6fa6,875
dev/tests/functional/tests/app/Magento/Rma/Test/Block/Adminhtml/Rma/NewRma/Tab/Items/Order/BundleGrid.php,7e4df786fda6693466dacf86a0914d9b23429c21362832df6d088ea96041d6ce,1884
dev/tests/functional/tests/app/Magento/Rma/Test/Block/Adminhtml/Rma/NewRma/Tab/Items/Order/ConfigurableGrid.php,db9af31afccd9e104b1df595ce985c16d9ed335a496a9dcd30d6477fd6c83334,1617
dev/tests/functional/tests/app/Magento/Rma/Test/Block/Adminhtml/Rma/NewRma/Tab/Items/Order/Grid.php,d4f754994ab16d928b3fe2b0581d7d8b6d6981d0b597e6010712b8fe0a681334,1027
dev/tests/functional/tests/app/Magento/Rma/Test/Block/Adminhtml/Rma/NewRma/Tab/Items/Order/SimpleGrid.php,401616e6946a4cc085224ed7b5e5ee4b6b46f99bdc9d0a6b1c258c146ecfea91,804
dev/tests/functional/tests/app/Magento/Rma/Test/Block/Adminhtml/Rma/NewRma/Tab/SimpleItems.php,41475d01bfe4e783002c0ea8a1034b80d3daa02af0c64e55b51f3cb8769b017b,737
dev/tests/functional/tests/app/Magento/Rma/Test/Block/Adminhtml/Rma/NewRma/Tab/SimpleItems.xml,3cd05c2ea690abe57932750816b055344f05533942d2bfcbad7d201082a0e896,787
dev/tests/functional/tests/app/Magento/Rma/Test/Block/Returns/Create.php,c28d1a18fdd874938111be5f204220ac61e9e577acd5090554a6da46eed56ef4,3328
dev/tests/functional/tests/app/Magento/Rma/Test/Block/Returns/Create.xml,5efd4792a42e4963617307187e822c5aa5506e5b76876ba61fe1099dae4bad82,303
dev/tests/functional/tests/app/Magento/Rma/Test/Block/Returns/Create/Item.php,9dd056c63507c229e41b86d768a3d30ba4f6224c5a6fee72972fa9452b29bdd8,271
dev/tests/functional/tests/app/Magento/Rma/Test/Block/Returns/Create/Item.xml,e1a2f6065b0bd29143b5124dacebf198fd80b6fd10515001e405a8fd2fa65d82,816
dev/tests/functional/tests/app/Magento/Rma/Test/Block/Returns/History.php,87bd07f007b2e56bc40f94a565e0729a07ac2c0e0d3145ddf48b1544aa70b10f,956
dev/tests/functional/tests/app/Magento/Rma/Test/Block/Returns/History/RmaRow.php,75a70037a34ba61cce65f8a71e4c96b355122fd8a67dfa3431570df703c9bd52,1263
dev/tests/functional/tests/app/Magento/Rma/Test/Block/Returns/History/RmaRow.xml,2c0765e11a1b549c128b359d5f53514a65e523591932471896c6584960a0a79c,514
dev/tests/functional/tests/app/Magento/Rma/Test/Block/Returns/Returns.php,863ffbbbb3910af5cda9bcd20c666fb4be5779f26ff87a1a0c07aad85134a010,230
dev/tests/functional/tests/app/Magento/Rma/Test/Block/Returns/View.php,268652459d69fb495a9b558896e2ad57cfa5ff0b462ebf4b1b63da19dd5577b5,727
dev/tests/functional/tests/app/Magento/Rma/Test/Block/Returns/View/RmaItems.php,222680cb1e01f51ace01ffe1eb362515bb3f1bffa0f1f2f743178a50d6beb7c3,1281
dev/tests/functional/tests/app/Magento/Rma/Test/Block/Returns/View/RmaItems.xml,b05b42f856df1d56dae3ccb19ee7ab26180dd47d13f59e332f6904ec831891c5,770
dev/tests/functional/tests/app/Magento/Rma/Test/Constraint/AbstractAssertRmaOnBackend.php,1cfe0ce2aaabaa9cfa82a0fcdff9805ba2d69cf7aa49082938e438c30b2bbaa0,2092
dev/tests/functional/tests/app/Magento/Rma/Test/Constraint/AbstractAssertRmaOnFrontend.php,fc17cec72db3eb6bc602b7ac39042ee9b3add5cc6964ea615abf790e341ddb48,1479
dev/tests/functional/tests/app/Magento/Rma/Test/Constraint/AssertRmaApprove.php,c068d373c86c93e7be7b8beebd8c8796c89bd337073ba19454afb8b306a02e3d,2161
dev/tests/functional/tests/app/Magento/Rma/Test/Constraint/AssertRmaAuthorize.php,ecc8dc5447e370a6a77959b166f5e7b44e91ccefb4ce1572cda2e6cf19320b9e,2181
dev/tests/functional/tests/app/Magento/Rma/Test/Constraint/AssertRmaBundleOnFrontendForCustomer.php,14246a04c0976673a95f2980b9cc0d9fd5a43aecf2cc573efeb8d9d5b15ef1e8,2731
dev/tests/functional/tests/app/Magento/Rma/Test/Constraint/AssertRmaConfigurableForm.php,51d01337b722a844ee13c8719bfcf4d289a71fe723b8683de842b0a098e1722f,1258
dev/tests/functional/tests/app/Magento/Rma/Test/Constraint/AssertRmaConfigurableOnFrontendForCustomer.php,eee1b377595287d0e90520a7c67d8372febcff515bf34dfb1600e0a42f6a1a2b,2422
dev/tests/functional/tests/app/Magento/Rma/Test/Constraint/AssertRmaForm.php,7986e2e0263f43b743ab9e0081b119ea38444391a8a8e1208ca1fe69800acddd,3701
dev/tests/functional/tests/app/Magento/Rma/Test/Constraint/AssertRmaInGrid.php,986eafc33bb2e373e14aa6fc84ec64d803ed31d0f20f588e57cf550f46638c39,1667
dev/tests/functional/tests/app/Magento/Rma/Test/Constraint/AssertRmaOnFrontendForCustomer.php,d4612f4443a0ed1d05b6b2e05b3b236eb48b954c700bb1529599540c149cf7fb,3332
dev/tests/functional/tests/app/Magento/Rma/Test/Constraint/AssertRmaOnFrontendForGuest.php,2be6a8fd3a7f2afcf1b5156f3d8ba67f37a5cbd4386af6c58041f16ec7840ed8,3290
dev/tests/functional/tests/app/Magento/Rma/Test/Constraint/AssertRmaProcess.php,7d0a09c393cf20a4abc5657a3094b844a78a1de94ae989b16fee0e37e34561a7,2163
dev/tests/functional/tests/app/Magento/Rma/Test/Constraint/AssertRmaSuccessSaveMessage.php,38c893baf9df9984c694830e7bf9f96fcbdc02758ba12abc0c4693e42b62605a,1365
dev/tests/functional/tests/app/Magento/Rma/Test/Constraint/AssertRmaSuccessSaveMessageOnFrontend.php,f4e0ae88d57ef9b27e36acf65521f795da3ee35e06d4dc30797ee02225066db9,1361
dev/tests/functional/tests/app/Magento/Rma/Test/Fixture/Rma.xml,25cf8d4f26da8cc59be01323d2239a0ca84c9f9cd4acd812f27291720c2b4116,1558
dev/tests/functional/tests/app/Magento/Rma/Test/Fixture/Rma/OrderId.php,357d76debfbd0768f7aa4ef4a7f20ac0d49a506dee43e9c375476a963a533989,1431
dev/tests/functional/tests/app/Magento/Rma/Test/Page/Adminhtml/RmaChooseOrder.xml,182581f553b0f78cf5e3276f1738ec14b697cb77675c33df31cf7821cef16559,576
dev/tests/functional/tests/app/Magento/Rma/Test/Page/Adminhtml/RmaIndex.xml,546e905b0358dc155785e134690182fae38c38605093b0e78b07ea26336853cb,785
dev/tests/functional/tests/app/Magento/Rma/Test/Page/Adminhtml/RmaNew.xml,4599000acc4745f515d55461c52b443090b7b4a809b955b01782e6c637cb1a4e,685
dev/tests/functional/tests/app/Magento/Rma/Test/Page/Adminhtml/RmaView.xml,efd3a4ebff15be9714fc3f9e3f17f87dcf3d45daf71f153a3b082cf3b0e154c6,807
dev/tests/functional/tests/app/Magento/Rma/Test/Page/CustomerAccountRmaIndex.xml,2372e2d5469c0266e93a5f7f90f8ba64c8be0c7e2c999a44f6ed780c10c7c5de,531
dev/tests/functional/tests/app/Magento/Rma/Test/Page/CustomerAccountRmaView.xml,431b4f5df309bc6269a37e80aef3a3afe6978694ec4d90a2113a7f1a03e5249d,516
dev/tests/functional/tests/app/Magento/Rma/Test/Page/RmaGuestCreate.xml,9fce185b9d7a5a3a694b75d9383b35008efca09f8cc9afeb7ca735eac14eb047,525
dev/tests/functional/tests/app/Magento/Rma/Test/Page/RmaGuestIndex.xml,d5abd2d12de30e2fc411196c506e73b682a0855ba52258e93836dda636392914,528
dev/tests/functional/tests/app/Magento/Rma/Test/Page/RmaGuestView.xml,a66baf4cd1cfc7dfe69be00ce63e562e043a95614c86f101dd49e6f56a9dade5,504
dev/tests/functional/tests/app/Magento/Rma/Test/Repository/ConfigData.xml,8629a3bbdd337cd76a4b27fb3b57041fe5324a78d6d18f2328992f4cf9d4672e,5700
dev/tests/functional/tests/app/Magento/Rma/Test/Repository/Rma/Items.xml,23378646e61ec9de2842e4d56c09aa70a279dc22659e1c8c0afbbd87657c7086,805
dev/tests/functional/tests/app/Magento/Rma/Test/TestCase/AbstractRmaEntityTest.php,46c7ad1b1f76ca39b5f932b19cb87e7dfcd281b5d7bc49c76a56ba05f81ef76c,2647
dev/tests/functional/tests/app/Magento/Rma/Test/TestCase/CreateRmaEntityOnBackendTest.php,bcb0a704db78c0fa0ecf463d2233561e154d52e2a268dbf4d072f3d435905647,2938
dev/tests/functional/tests/app/Magento/Rma/Test/TestCase/CreateRmaEntityOnBackendTest.xml,6e2b2c7f4bc363a26bfc47aa501cbeab7aa6d2f028d6d084a63443f73116a222,6393
dev/tests/functional/tests/app/Magento/Rma/Test/TestCase/CreateRmaEntityOnFrontendTest.php,1411f8110c73cf46fdd8cd17677523fa2e28feb3f137be169736a8f46e3ed776,2763
dev/tests/functional/tests/app/Magento/Rma/Test/TestCase/CreateRmaEntityOnFrontendTest.xml,e280e51b89d3a4234493e7636d30a87b6b85f60d2796380a8fa55ec7f296ad01,3307
dev/tests/functional/tests/app/Magento/Rma/Test/TestCase/NavigateMenuTest.xml,c20bad9c26e5185ca0c84d97c68261c1df6cb2d77b44f2099c69c424acd39cc5,1014
dev/tests/functional/tests/app/Magento/Rma/Test/etc/di.xml,1ec9f3dd2e984336f1e6301df23033567a559676756827ebc72be309ea49023f,1590
dev/tests/functional/tests/app/Magento/Sales/Test/Fixture/AuthorizeNetOrder.php,e38051ddebaea0b5f64d21d653d6b178ba765128a9040b39a0f9f11574690906,678
dev/tests/functional/tests/app/Magento/Sales/Test/Fixture/Order.php,23686b2c65bc13a358e0f1181b7e2a8de02152884e3682adfa9dc10bb3e013e5,5369
dev/tests/functional/tests/app/Magento/Sales/Test/Fixture/OrderCheckout.php,eb1f1423236aee965882d2d65bd77d37594b449b54f4ca8e0c28bf95f9459bcc,1827
dev/tests/functional/tests/app/Magento/Sales/Test/Fixture/OrderWithCustomer.php,472910ba8bb30d7c69818d27fd9077a4e52412c52aa35fcb69c8d68b26e49eef,637
dev/tests/functional/tests/app/Magento/Sales/Test/Fixture/PaypalExpressOrder.php,324f34a1124ff0838d63cf1a830ca3498da9b923c9a4e50676597b6c0333954c,2132
dev/tests/functional/tests/app/Magento/Sales/Test/Fixture/PaypalPayflowLinkOrder.php,a5ffcbe54050fc949fc909115ce373f56435074b149dfdf9d4a644f274dfb5ac,1408
dev/tests/functional/tests/app/Magento/Sales/Test/Fixture/PaypalPayflowProOrder.php,c1c0e4d26acecaa5bc76a14587591d17941c38dd912bd149da80559e866465fb,707
dev/tests/functional/tests/app/Magento/Sales/Test/Fixture/PaypalPaymentsAdvancedOrder.php,3f8953d1ac8102b6fc681503dbe19de16f44f695d178d70dc37be162ac76fa43,1438
dev/tests/functional/tests/app/Magento/Sales/Test/Fixture/PaypalPaymentsProOrder.php,457193c0f4ba1bac4346025e15d53690800150a05193601f4c956c737f38484f,707
dev/tests/functional/tests/app/Magento/Sales/Test/Fixture/PaypalStandardOrder.php,cfd942d69d4b186198b34aea321669e409abd8ec4bc790e559577e4443f250f9,1431
dev/tests/functional/tests/app/Magento/Sales/Test/Handler/Curl/CloseOrder.php,89578021eaf9ad7e95d39566ccdf55be68bcd078838d224ba398091ee6f16913,4836
dev/tests/functional/tests/app/Magento/Sales/Test/Handler/Ui/CloseOrder.php,642ccb986718d4c2a0cfd162e311cfe5ffba3b4d42517ef7a680e0d25bc0e2ea,1357
dev/tests/functional/tests/app/Magento/Sales/Test/Page/Returns.php,8b64e336521cad6845257d5b141bea91ca6fd7f028d52055e8742e380e7dfe6e,1452
dev/tests/functional/tests/app/Magento/Sales/Test/Page/SalesOrder.php,b0fac8d5201bef3db9aa87d85e4cc6cb23426c639fd58193ed9051e6815a0f46,4887
dev/tests/functional/tests/app/Magento/Sales/Test/TestCase/AbstractRefundTest.php,4316986aa2a01c721eeb7c78816a3e27dde41427d434a2d84ab325b82cf230d8,990
dev/tests/functional/tests/app/Magento/Sales/Test/TestCase/CloseOrderTest.php,b335de5957c5c40ba827c41b6ee881c6e03a032562b121c761903ab8f22484c4,4840
dev/tests/functional/tests/app/Magento/Sales/Test/TestCase/OfflineRefundTest.php,c0a9f306b3860db5fed58e9403a6f74aa1dc3ae0091c94cdc9e3cf474309c18f,2813
dev/tests/functional/tests/app/Magento/Sales/Test/TestCase/OnlineRefundTest.php,2462075c84862dc2343f0adb4155e1287d76cca82584ff54a289927738207005,3323
dev/tests/functional/tests/app/Magento/SalesArchive/Test/Block/Adminhtml/Sales/Archive/Order/Creditmemo/Grid.php,5bac29ee8cc7cedccfb7d15c5dfe51f643eddfc08929260f9fb97e49ab94cb30,598
dev/tests/functional/tests/app/Magento/SalesArchive/Test/Block/Adminhtml/Sales/Archive/Order/Grid.php,c5b7de9efc82d2b5f44ada87aa81a8d7b4f3c2c287a4c063177f7425b6c4851d,2021
dev/tests/functional/tests/app/Magento/SalesArchive/Test/Block/Adminhtml/Sales/Archive/Order/Invoice/Grid.php,65aee6fc44cbf38df9c1e8464cad11ac30a2660f5b33654747b3f1dd7e3b54db,588
dev/tests/functional/tests/app/Magento/SalesArchive/Test/Block/Adminhtml/Sales/Archive/Order/Shipment/Grid.php,9384b95eaa203267153c4514e571929df2df688a72a82ae99a73ba0f046d16a6,581
dev/tests/functional/tests/app/Magento/SalesArchive/Test/Constraint/AssertArchiveCreditMemoInGrid.php,a1877497a7e03079b80482c572533805ad19e274cccb662a4bff0e78784929f8,1704
dev/tests/functional/tests/app/Magento/SalesArchive/Test/Constraint/AssertArchiveCreditMemoItems.php,7f9f174abc7697475bd90ee11df436623755f4e9de5c08a0c1a29a8ac5d3e404,1734
dev/tests/functional/tests/app/Magento/SalesArchive/Test/Constraint/AssertArchiveInvoiceInGrid.php,1f48773a8317135ebbd3a24268a2967701b88f906a7a2f40d0f052160eccec27,1584
dev/tests/functional/tests/app/Magento/SalesArchive/Test/Constraint/AssertArchiveInvoiceItems.php,07a28f8dcaa40549c76f9654941fc083da4b0d61e5b4efa03f860fcc8aaa3e1b,1834
dev/tests/functional/tests/app/Magento/SalesArchive/Test/Constraint/AssertArchiveOrderAvailableButtons.php,0843362d2ecfee2809ea23fa8dc3dd6863fb0da502dcdd06f7a186c8334cbe06,2023
dev/tests/functional/tests/app/Magento/SalesArchive/Test/Constraint/AssertArchiveOrderCancelMassActionErrorMessage.php,711db8685b92979a430221f85ca3c473d147d34eedeaec02097744b3b2a594b5,1250
dev/tests/functional/tests/app/Magento/SalesArchive/Test/Constraint/AssertArchiveOrderCancelMassActionSuccessMessage.php,ef0860f3040eed09dcf0f0d919377cb39770eff9f8d4c7b783b5d94c8d20f70a,1400
dev/tests/functional/tests/app/Magento/SalesArchive/Test/Constraint/AssertArchiveOrderInGrid.php,c77b395b0a41f09b0a1c62341eed3149726232a7816e69215542ebe57bd14811,1430
dev/tests/functional/tests/app/Magento/SalesArchive/Test/Constraint/AssertArchiveOrderNotInGrid.php,e899f7a2270bf954df5c1cc70e0ee10d71d8e1cdbabd87950d155a90f290537b,1423
dev/tests/functional/tests/app/Magento/SalesArchive/Test/Constraint/AssertArchiveOrderOnHoldErrorMessage.php,4ca1e036472f87a7b7c94b9e22ac789b8f36c7af7d899b385433d632db727cc4,1137
dev/tests/functional/tests/app/Magento/SalesArchive/Test/Constraint/AssertArchiveOrderOnHoldSuccessMessage.php,6eaf3e8c8a8212eb793229b8f71c33884b237ddf5f25af084263a953ab7f5299,1255
dev/tests/functional/tests/app/Magento/SalesArchive/Test/Constraint/AssertArchiveOrderReleaseErrorMessage.php,b95b7c46d4a47e42486cd04d616e10461337fc8cc3a6b69a858397c6eda73ee5,1229
dev/tests/functional/tests/app/Magento/SalesArchive/Test/Constraint/AssertArchiveOrderReleaseSuccessMessage.php,f85472ba843292e42f7ff9b2aaa48c1c540cd5fbdb0f12ae994c2c5f569171a9,1271
dev/tests/functional/tests/app/Magento/SalesArchive/Test/Constraint/AssertArchiveOrderStatusInGrid.php,53f55705a611ae852d959a2799478143a61f6226e3ef06995630e17d5b3b0ce7,1692
dev/tests/functional/tests/app/Magento/SalesArchive/Test/Constraint/AssertArchiveOrderSuccessMessage.php,dd3cb45668e5d72304915a8fd3856ab73d8207448b5eb89b479d9e848e41f8f0,1222
dev/tests/functional/tests/app/Magento/SalesArchive/Test/Constraint/AssertArchiveOrderSuccessRemoveMessage.php,c620aad091f889e6bb3eff4e808c2e4b04119f426e8babc968e78f6527ab113f,1223
dev/tests/functional/tests/app/Magento/SalesArchive/Test/Constraint/AssertArchiveOrderWarningMessage.php,5047445091ff01e7fce949c6870ef0a8fe91948a57ae1527440b2294d474d15a,1177
dev/tests/functional/tests/app/Magento/SalesArchive/Test/Constraint/AssertArchiveOrdersCancelMassActionsMessages.php,5a75c38690290a57ca617a58808cdeedd9d29ae1d426ae57c8f9114f5f0e1deb,1807
dev/tests/functional/tests/app/Magento/SalesArchive/Test/Constraint/AssertArchiveOrdersInGrid.php,bc351274c8d40d15cad02c6601cc183ac4317f82fde13f54ce58fa34ca8ebab8,1209
dev/tests/functional/tests/app/Magento/SalesArchive/Test/Constraint/AssertArchiveShipmentInGrid.php,7fc055856882fdf6374837a688217c1236b436c0e4f6a0217d0475e369f2c812,1613
dev/tests/functional/tests/app/Magento/SalesArchive/Test/Constraint/AssertArchiveShipmentItems.php,fe0c98fa5ca5e2581700ef315673eca3530fbf2eabc93790f48e07678fdf12f4,1660
dev/tests/functional/tests/app/Magento/SalesArchive/Test/Page/Adminhtml/ArchiveCreditMemos.xml,d122332a035e79c63b07b9aeb25d55f09b8c2eb0aad0b4dbe2ec79881bee60d7,645
dev/tests/functional/tests/app/Magento/SalesArchive/Test/Page/Adminhtml/ArchiveInvoices.xml,144dc620894fc12940a01f249eb73a8aeebd8d2c67dc7fba0d2a6620db9da5b9,630
dev/tests/functional/tests/app/Magento/SalesArchive/Test/Page/Adminhtml/ArchiveOrders.xml,b97ac9708f796e99e38d3d803ed959a7c28f0c307b88292a9ac3087a9ec25613,746
dev/tests/functional/tests/app/Magento/SalesArchive/Test/Page/Adminhtml/ArchiveShipments.xml,5f68bc4e3415a9a04dbcc8b6df107a4717ffec981a829c24eec523b8735980df,635
dev/tests/functional/tests/app/Magento/SalesArchive/Test/Repository/ConfigData.xml,005141a126c6882ea7eeb33a909025d1a80f4d70ce9d0b014b3f3e36f502aa0d,3266
dev/tests/functional/tests/app/Magento/SalesArchive/Test/TestCase/CreditMemoSalesArchiveEntityTest.php,35c791da4a7f8bad49f7d67180673b3833d2a795e2458f713dcca1ace6bb2538,4199
dev/tests/functional/tests/app/Magento/SalesArchive/Test/TestCase/CreditMemoSalesArchiveEntityTest.xml,77ade30c68ecea48ab366db2bf31d1cbf5f0404e7e33931cde1e0dc946878b65,2460
dev/tests/functional/tests/app/Magento/SalesArchive/Test/TestCase/InvoiceSalesArchiveEntityTest.php,dea6d4450fcc7ef6b94ee4b4745e76c3cde0dec0be99c5ede38a3ff9aa63cb63,3783
dev/tests/functional/tests/app/Magento/SalesArchive/Test/TestCase/InvoiceSalesArchiveEntityTest.xml,bf021313cc28ef2690e4a4311d813ef2858d8bbd57fb733a54cdfb3956b52402,2515
dev/tests/functional/tests/app/Magento/SalesArchive/Test/TestCase/MassActionArchiveOrderEntityTest.php,4c172109d6defdc1bfd630c400ef787f12b9e395efaa53b015a166d76e842bd9,4334
dev/tests/functional/tests/app/Magento/SalesArchive/Test/TestCase/MassActionArchiveOrderEntityTest.xml,cc0d0a0bc96d7db993a60728355afe616a545f950e9fa93c47b96a57b8501616,7049
dev/tests/functional/tests/app/Magento/SalesArchive/Test/TestCase/MoveToArchiveTest.php,d7cde5cba01a52cb4dd0738044d6b6fcd8a5fc0cddc291885a74072f4717437f,3666
dev/tests/functional/tests/app/Magento/SalesArchive/Test/TestCase/MoveToArchiveTest.xml,7471c130ea3ad7becbeed37dcd78e689c0b067b3f66a2007234d50fa0ccd060c,7759
dev/tests/functional/tests/app/Magento/SalesArchive/Test/TestCase/ShipmentSalesArchiveEntityTest.php,af505561b198be7401b8710595d11d5ebc9c4a424a519247f4b6bff53011a2fc,3879
dev/tests/functional/tests/app/Magento/SalesArchive/Test/TestCase/ShipmentSalesArchiveEntityTest.xml,99d6118a6cffbd9c13ec157485b9a102f48fcf4e9b944ab157c9b016da56f2f1,3420
dev/tests/functional/tests/app/Magento/SalesArchive/Test/etc/di.xml,972861accd21264cc07c8b49c0ea5f5d3ecd361bc004b09054b4bf51c5cf9274,882
dev/tests/functional/tests/app/Magento/SampleData/Test/TestCase/PredefineExtendedProductsListTest.php,28e0e3e945d3b43324728e72fca308b5b3b9077ba1e3e6b406c883a34f3dab54,2211
dev/tests/functional/tests/app/Magento/SampleData/Test/TestCase/PredefineExtendedProductsListTest.xml,552aa956b537c6ddd709e54f8c0b15558c84eafb09910eb0169340edba7c9f8a,1075
dev/tests/functional/tests/app/Magento/SampleData/Test/TestCase/PredefinePaymentShippingTest.php,e96039981d401aaff9002916988120e30da8109964a10095fe09884202bcd90a,1721
dev/tests/functional/tests/app/Magento/SampleData/Test/TestCase/PredefinePaymentShippingTest.xml,5c4011b11a0d768f2c2f42812bf9cf8addd4ea111e5b867bc2368d1c25a361c9,1311
dev/tests/functional/tests/app/Magento/SampleData/Test/TestCase/PredefineProductsTest.php,e3976bd91cb8e877940fab4107e46e5022c8f2f33f898b69249d95637fa94e4d,2289
dev/tests/functional/tests/app/Magento/SampleData/Test/TestCase/PredefineProductsTest.xml,d5850ffec40d1b3cd865bd2961e0212134c78cca6e148bcd336bfbc6288ecff3,2915
dev/tests/functional/tests/app/Magento/SampleData/Test/TestCase/PredefineTaxDiscountTest.php,466a9f5c9a855002cd56a57d3d03e9a992924e3d2b5be687dc46966a327118ff,951
dev/tests/functional/tests/app/Magento/SampleData/Test/TestCase/PredefineTaxDiscountTest.xml,722b4afd687196550022b6dccfb2650f22db2ff7193304227e4b06cb1dd97f56,931
dev/tests/functional/tests/app/Magento/ScheduledImportExport/Test/TestCase/NavigateMenuTest.xml,66d5da34694196574e033a9280f68cf842160ae5223ff48f7f0bec220cbaacec,733
dev/tests/functional/tests/app/Magento/Sitemap/Test/TestCase/GenerateSitemapEntityTest.php,6e41bc1be936a4a1e726c85bf92caf32a1bb635d23580e5bdacd108aff0ec876,2353
dev/tests/functional/tests/app/Magento/Sitemap/Test/TestCase/GenerateSitemapEntityTest.xml,517954b490b414b810816f60f779288a70cb17eb6f978d34437c6e6b66432088,1226
dev/tests/functional/tests/app/Magento/Sitemap/Test/TestCase/UpdateSitemapEntityTest.php,45c99326e4a6ad0ff68b4d6abb0bfa427a8e9401b5589edb3ddcf4c399302df8,2167
dev/tests/functional/tests/app/Magento/Sitemap/Test/TestCase/UpdateSitemapEntityTest.xml,ca87580ac536a674b64da5667b07dcb182e349716e3a08055cf7b6d22a6b1e26,1030
dev/tests/functional/tests/app/Magento/TargetRule/Test/Block/Adminhtml/Grid.php,dd126a5466a7374e50a80f74c8199726b37c2f6fb08ce081603db129b737a50c,1012
dev/tests/functional/tests/app/Magento/TargetRule/Test/Block/Adminhtml/Targetrule/Edit/Tab/Main.php,6b3537518f35ff4d45c5e1f105bfded77be509c332c5b688ff64bd7fdea00ca8,860
dev/tests/functional/tests/app/Magento/TargetRule/Test/Block/Adminhtml/Targetrule/Edit/TargetRuleForm.php,bf00d2be3b7edddc25e2dae2ec05a37d02442d870b34259b0283ea986d32a8ff,1607
dev/tests/functional/tests/app/Magento/TargetRule/Test/Block/Adminhtml/Targetrule/Edit/TargetRuleForm.xml,daf17f380b60ec8f8970b3ea91e837b2cc98baae3d67c4db84668b7ed8b43cbf,2026
dev/tests/functional/tests/app/Magento/TargetRule/Test/Constraint/AssertProductCrossSellsForCustomerSegment.php,1d52ab134dd6494d4682def1d5d9fad0a63f492548915ce3d2b3753ca8550242,3097
dev/tests/functional/tests/app/Magento/TargetRule/Test/Constraint/AssertTargetRuleForm.php,bd89baf3738567bfd605174d2fe5854ced42101c3715fba3899852c72b8e6898,4963
dev/tests/functional/tests/app/Magento/TargetRule/Test/Constraint/AssertTargetRuleInGrid.php,480410f1300988251ab63db2444b0a87ea393e2f62104bf2dd190cd5cde83c2c,2326
dev/tests/functional/tests/app/Magento/TargetRule/Test/Constraint/AssertTargetRuleIsNotPresentedInGrid.php,5ec047b2a6169970b47f46db5bf5ab2df7d6e21eea6d64f6b214c7427697b462,2001
dev/tests/functional/tests/app/Magento/TargetRule/Test/Constraint/AssertTargetRuleSuccessDeleteMessage.php,1a072d6122281225a9e7c5c3e81e97b5c84d909bf3272c848b507a313960f110,1264
dev/tests/functional/tests/app/Magento/TargetRule/Test/Constraint/AssertTargetRuleSuccessSaveMessage.php,26506fcbee37ee537a04af6b27b20890d730d18c716e6e65c14ca0d7686817a9,1350
dev/tests/functional/tests/app/Magento/TargetRule/Test/Fixture/TargetRule.xml,3e28ca80639356a1d4a63cceb4c806af9ea37fec62751e11e869432420e22c1c,1948
dev/tests/functional/tests/app/Magento/TargetRule/Test/Handler/TargetRule/Curl.php,ccee7dbb14f6902cb62d58bc5d75ef392d30b5944b9eb5c9cb9027dcd5d13355,3515
dev/tests/functional/tests/app/Magento/TargetRule/Test/Handler/TargetRule/TargetRuleInterface.php,91a5915176996d3cc77758f5895f0d1d8ac43b92dc3711bd668ec7fbc5a4275e,311
dev/tests/functional/tests/app/Magento/TargetRule/Test/Page/Adminhtml/TargetRuleEdit.xml,a72c578d2d501aa8b6b01ebdf0cde0db6c10058390e87abc32bda2709e0b6fa8,885
dev/tests/functional/tests/app/Magento/TargetRule/Test/Page/Adminhtml/TargetRuleIndex.xml,eeb70910a34ed5d5fba7bc04780fdaaae52e2dc5c2f179a34e11c101eadf1f5e,853
dev/tests/functional/tests/app/Magento/TargetRule/Test/Page/Adminhtml/TargetRuleNew.xml,a5e22e0136344bbe951268664143d7b05413ce6934a233f1e8c2737800b88228,744
dev/tests/functional/tests/app/Magento/TargetRule/Test/Repository/TargetRule.xml,0d01ca3533c8ebe1fb643a948f16c99737cfaeae50bc9b3b4a0fa84685fb7aaf,5622
dev/tests/functional/tests/app/Magento/TargetRule/Test/TestCase/AbstractTargetRuleEntityTest.php,81f062bca2f0b49a8d4ba302377edb1068d626d2d85a0626f1ddc435c0e81132,3805
dev/tests/functional/tests/app/Magento/TargetRule/Test/TestCase/CreateTargetRuleEntityTest.php,e20e869a5a7eda51ff12cacdf5edd6548d6f6a8fe56e0573edc4486f2481a08e,2057
dev/tests/functional/tests/app/Magento/TargetRule/Test/TestCase/CreateTargetRuleEntityTest.xml,4da029e025787e37222e84252cb00eb981b608a88d7d8f85e11ae14616b1ac70,6894
dev/tests/functional/tests/app/Magento/TargetRule/Test/TestCase/DeleteTargetRuleEntityTest.php,fced4290cd3f7930fc8d168c5fd3c3f77596d0ff4d71a528e2faaab5714414e4,4588
dev/tests/functional/tests/app/Magento/TargetRule/Test/TestCase/DeleteTargetRuleEntityTest.xml,a291f7a82b4b4f52e7871f7f515496e18e5da74d65ddcbf63c9c92ce6926c032,2581
dev/tests/functional/tests/app/Magento/TargetRule/Test/TestCase/NavigateMenuTest.xml,211a4d3d8862dd96968caa69e6fb868d3849125df07292e4a9ea62dbf6f8ac67,732
dev/tests/functional/tests/app/Magento/TargetRule/Test/TestCase/UpdateTargetRuleEntityTest.php,942b5183d561047e101ca62db3adcdd33e4d170df9b133f4288b8531436fb263,2228
dev/tests/functional/tests/app/Magento/TargetRule/Test/TestCase/UpdateTargetRuleEntityTest.xml,cf11c52f6bffbc3945c2ab6cd9944bea01fa2e7c2e54f497866b96a4c4f92773,7694
dev/tests/functional/tests/app/Magento/TargetRule/Test/etc/curl/di.xml,2ef24a38da2f7bda8485d1b25ee508caea39c8297ead79666f3343ccf24f9c67,432
dev/tests/functional/tests/app/Magento/TargetRule/Test/etc/di.xml,65f6891c2e1e23413858aeaec99aec772b5a07a5e7501b522792054c85b73c06,1463
dev/tests/functional/tests/app/Magento/TargetRule/Test/etc/fixture.xml,0b720fc44bdbe0c020db79a3ba7a0eac39de1132e43c7b5a4367ac826205d70d,420
dev/tests/functional/tests/app/Magento/UrlRewrite/Test/TestCase/CreateCustomUrlRewriteEntityTest.php,be278f9d8a6f876770466482da08579b6ca5c1b54fbc5e09bbffe19f0f91000b,1934
dev/tests/functional/tests/app/Magento/UrlRewrite/Test/TestCase/CreateCustomUrlRewriteEntityTest.xml,867a618ede31cd6004b4e85b5a8320816ce5ca9acb409fd7f632211ad7451b42,4620
dev/tests/functional/tests/app/Magento/VersionsCms/Test/Block/Adminhtml/Cms/Page/Revision/Edit/PageActions.php,665076a6108657c3534c84dc15c12cde55d43f4763b0de4d5fcfaac5281d0626,1812
dev/tests/functional/tests/app/Magento/VersionsCms/Test/Block/Adminhtml/Cms/Page/Revision/Edit/Preview.php,bbe15e6cba9025c562cb92f643bb22263a0baf65b19c370795b3cfa2596bb583,938
dev/tests/functional/tests/app/Magento/VersionsCms/Test/Block/Adminhtml/Cms/Page/Revision/Edit/RevisionForm.php,3ed50f36e9d0a27b225851b9b98e3ed21327fcd5d2058ff8a00274398bf4c6e9,1054
dev/tests/functional/tests/app/Magento/VersionsCms/Test/Block/Adminhtml/Cms/Page/Revision/Edit/RevisionForm.xml,214ed471e29e06e5e7e29069a36bf089dfc19283c087a9c61d9d043535778110,1210
dev/tests/functional/tests/app/Magento/VersionsCms/Test/Block/Adminhtml/Cms/Page/Revision/Edit/Tab/Content.php,ec38eb46a6c09b5a96bfddae75d6fe4b2f9ed3dff2b5c799bedc89fc724d122d,2867
dev/tests/functional/tests/app/Magento/VersionsCms/Test/Block/Adminhtml/Cms/Page/Version/Edit/RevisionsGrid.php,48fed3f8b6ae9e29622542dec4cd541f4dc1f307aaa83c9c3af4e89a70e70808,968
dev/tests/functional/tests/app/Magento/VersionsCms/Test/Block/Adminhtml/Cms/Page/Version/Edit/VersionForm.php,76bb00458a9b64aa841f59ab825cb27029e9ccdeea09f5ef59735d8a30ca6616,315
dev/tests/functional/tests/app/Magento/VersionsCms/Test/Block/Adminhtml/Cms/Page/Version/Edit/VersionForm.xml,482010c164db0255605904eccef950b0ff8e5a9e4e171e1db590c6f94b7278bb,360
dev/tests/functional/tests/app/Magento/VersionsCms/Test/Block/Adminhtml/Cms/Page/Version/FormPageActions.php,a42c528e8259464384761d769a5c7b5b745a73e4e5836151ea8595576b275280,686
dev/tests/functional/tests/app/Magento/VersionsCms/Test/Block/Adminhtml/Page/Edit/PageForm.php,6564385a3bfc1c4bb3dfccfe4936520dcf17c28d994a87d6baa9d83d4aa3f993,1758
dev/tests/functional/tests/app/Magento/VersionsCms/Test/Block/Adminhtml/Page/Edit/PageForm.xml,a0bd4b464b8b98f44e7ac1e13e94b6ff39c85e2ed32f3eb0aeb1b60433d0e8db,951
dev/tests/functional/tests/app/Magento/VersionsCms/Test/Block/Adminhtml/Page/Edit/Tab/Versions.php,4f16616aa63c7c8cbe95d743563b000fe6641bfc0d1aad55d8b699d00452451c,846
dev/tests/functional/tests/app/Magento/VersionsCms/Test/Block/Adminhtml/Page/Edit/Tab/VersionsGrid.php,83a891247d59700bd776b1c050d0c1e8da5ad4bdc8b2c46f6ca5092e248f67ab,1012
dev/tests/functional/tests/app/Magento/VersionsCms/Test/Block/Adminhtml/Widget/Instance/Edit/Tab/Parameters.php,d8f8ba27877cc20b9f40e2b018a7a30e338f4fce7841bc8d8cc6d1369a728208,543
dev/tests/functional/tests/app/Magento/VersionsCms/Test/Block/Adminhtml/Widget/Instance/Edit/Tab/ParametersType/CmsHierarchyNodeLink.php,9a1399bfada569daece89772618303573e56cf9994039f1242b6e4dd4160eb9d,1993
dev/tests/functional/tests/app/Magento/VersionsCms/Test/Block/Adminhtml/Widget/Instance/Edit/Tab/ParametersType/CmsHierarchyNodeLink.xml,40373765c51cfa7bb04545733a78fddb1e5dbaa4290096cd68dc75e91169815b,533
dev/tests/functional/tests/app/Magento/VersionsCms/Test/Block/Adminhtml/Widget/Instance/Edit/Tab/ParametersType/HierarchyNodeLinkForm/Form.php,80bd9314480815e38c7b26fdfc2aee6ff905f4f17c76bf7e161eedd60957f0e2,312
dev/tests/functional/tests/app/Magento/VersionsCms/Test/Block/Adminhtml/Widget/Instance/Edit/Tab/ParametersType/HierarchyNodeLinkForm/Form.xml,e07d10b59856f76982c0e039c2de34fc335ecab8822d870b7fb5b7fffd6c1be3,307
dev/tests/functional/tests/app/Magento/VersionsCms/Test/Block/Adminhtml/Widget/Instance/Edit/WidgetForm.xml,0afd320464362e6d9dfa17d24f9b0ea3397c286e24d4feb0deca01e8b38a5a63,460
dev/tests/functional/tests/app/Magento/VersionsCms/Test/Block/Page.php,f517d9d06a497d8a19674ed1332131974e6be5aaf1d43d31c015b7dcd69b47b0,555
dev/tests/functional/tests/app/Magento/VersionsCms/Test/Block/WidgetView.php,046de9abfa100d4c0ad72834074b127315b9d0bb1144e259cd9053b524b66b6e,471
dev/tests/functional/tests/app/Magento/VersionsCms/Test/Constraint/AssertCmsPageCurrentlyPublishedRevision.php,362e8deede23c2eb8e2b12aadb58b0465e8984ca76fd2eaeda635208dcb44cda,2553
dev/tests/functional/tests/app/Magento/VersionsCms/Test/Constraint/AssertCmsPageInitialVersionInGrid.php,3dc291e1e0ad317afe47b1836ab29601267db35b74e321ca85fdabbad1d1e7dc,3105
dev/tests/functional/tests/app/Magento/VersionsCms/Test/Constraint/AssertCmsPageNewVersionSuccessSaveMessage.php,83e299f15f8ea453dc21b36bea82347f91ed6f44fd2c84854a752a06528ddb3a,1191
dev/tests/functional/tests/app/Magento/VersionsCms/Test/Constraint/AssertCmsPageRevisionAsVersionSuccessSaveMessage.php,2cb26380dac37f69c32fcafdcbd4f7799a51f74aae866e34e40355e7775b9b2f,1498
dev/tests/functional/tests/app/Magento/VersionsCms/Test/Constraint/AssertCmsPageRevisionErrorDeleteMessage.php,4c6267614f7ac019554ff5357ffbf59beddbf6fc3c75ff9c716b3f8a2a90156c,1286
dev/tests/functional/tests/app/Magento/VersionsCms/Test/Constraint/AssertCmsPageRevisionInGrid.php,bd80abf807dd9d7590d59b440413e4e5a33eff276d8ee140cca93c46c32f3d07,2335
dev/tests/functional/tests/app/Magento/VersionsCms/Test/Constraint/AssertCmsPageRevisionNotInGrid.php,ca778743e23225bc1f600bfa5cda8bedbd03fddfc9d7f465cdaed052d57e1f2c,2342
dev/tests/functional/tests/app/Magento/VersionsCms/Test/Constraint/AssertCmsPageRevisionPreview.php,a612d3012f4cfb04123cc336b016ce1b0a03018329e0ea5093d7037b9e07369b,2810
dev/tests/functional/tests/app/Magento/VersionsCms/Test/Constraint/AssertCmsPageRevisionSuccessMassDeleteMessage.php,8f2668667af080b9f65a8158b16aa608966b63a6866697c9ff2fc79e0a90d6ad,1315
dev/tests/functional/tests/app/Magento/VersionsCms/Test/Constraint/AssertCmsPageRevisionSuccessPublishMessage.php,5fec57386f353071c3bcee792716e64be8d24d262f4625c89425fafe8553ac62,1244
dev/tests/functional/tests/app/Magento/VersionsCms/Test/Constraint/AssertCmsPageRevisionSuccessSaveMessage.php,1712d855758da849e5f5a59a9149f4a1bdbf367e9f65c881f0c06ddaf5754b15,1219
dev/tests/functional/tests/app/Magento/VersionsCms/Test/Constraint/AssertCmsPageVersionErrorDeleteMessage.php,28d2864490e5c12f03a2ce0088cd146993ddaacc7fd770cd3bfc8937ccfa4bb4,1258
dev/tests/functional/tests/app/Magento/VersionsCms/Test/Constraint/AssertCmsPageVersionErrorSaveMessage.php,fdc36820edac295006e08d08255f89c76c24c4374a34015b7d1d40c1b026c2a8,1258
dev/tests/functional/tests/app/Magento/VersionsCms/Test/Constraint/AssertCmsPageVersionInGrid.php,85805cd2d4b9e05add492893b836c2b1647075740eb1ac306fc59ab98506858b,1622
dev/tests/functional/tests/app/Magento/VersionsCms/Test/Constraint/AssertCmsPageVersionNotInGrid.php,005492138c1eb15d04df30ded167299d16540954fb1322825e8c34b6cf5a5547,2107
dev/tests/functional/tests/app/Magento/VersionsCms/Test/Constraint/AssertCmsPageVersionSuccessDeleteMessage.php,d178597c97a8c0b6d684f2b590a11cfa7f3142e643aaeb0f0d7c64df73bcc863,1163
dev/tests/functional/tests/app/Magento/VersionsCms/Test/Constraint/AssertCmsPageVersionSuccessMassDeleteMessage.php,90ec2ab5089639362a624b760a4ba8a34aafe0f66853fcc9636bca2d1f36c5d0,1256
dev/tests/functional/tests/app/Magento/VersionsCms/Test/Constraint/AssertCmsPageVersionSuccessSaveMessage.php,c3dce0fab8117f3232b964381bcedb850c43d18ff017d743c6cf3998814648c9,1101
dev/tests/functional/tests/app/Magento/VersionsCms/Test/Constraint/AssertWidgetHierarchyNodeLinkOnHomePage.php,dfe07272024fbdb6a6a012aa944242f355ad0560ea4026e2cc811ed01ad83120,1997
dev/tests/functional/tests/app/Magento/VersionsCms/Test/Fixture/CmsHierarchy.xml,6b541afead45930389edad0b9b60895e564720cd1f7f16c6c1cbe473918d5139,1861
dev/tests/functional/tests/app/Magento/VersionsCms/Test/Fixture/Revision.xml,48b9ae52546982da758380b6852e4a01b11a518483503f3676561c9ebe5f87f6,1558
dev/tests/functional/tests/app/Magento/VersionsCms/Test/Fixture/Version.xml,cd1f7765a6ddb794d96d602260e0284a0e4dccdc90bc4ee49cdc68a56681d662,996
dev/tests/functional/tests/app/Magento/VersionsCms/Test/Fixture/Version/UserId.php,146855697f9b2eb13f0a2d950ef0433e6e891776b224a809c214dfa1896d0de6,2096
dev/tests/functional/tests/app/Magento/VersionsCms/Test/Fixture/VersionsCmsPage.xml,2952e1c45aab8736f5b37f9f8f3472e4257825e863d0fa5ef39f7e50813113d0,861
dev/tests/functional/tests/app/Magento/VersionsCms/Test/Fixture/VersionsCmsWidget.xml,a9e5a7e262b4d5a41e9037203e22537da2d6cb53ad50c071917ce5f7b9e2b23a,700
dev/tests/functional/tests/app/Magento/VersionsCms/Test/Handler/CmsHierarchy/CmsHierarchyInterface.php,cb0087e6cc2eea85bf55dd106bff99600d3a21dcf667d852dc200f6061083c72,318
dev/tests/functional/tests/app/Magento/VersionsCms/Test/Handler/CmsHierarchy/Curl.php,458e86196d011ce83c93da43f24e2b772395285de7b2a7319114813c2589fedd,3032
dev/tests/functional/tests/app/Magento/VersionsCms/Test/Handler/VersionsCmsPage/Curl.php,b6f870db43dfd085c12f6e21a8d27a116520945715f52d82c8bb216fe562aef5,774
dev/tests/functional/tests/app/Magento/VersionsCms/Test/Handler/VersionsCmsPage/VersionsCmsPageInterface.php,e36f07c10532c2156a9f8f69857d201a22e322a27780b70e44520c2eb746b2bc,327
dev/tests/functional/tests/app/Magento/VersionsCms/Test/Page/Adminhtml/CmsPageIndex.xml,c4a83a2ee94ce37ab4b69e60fb73e7739cc4ebfe7d280ead5fca692a4ca19319,471
dev/tests/functional/tests/app/Magento/VersionsCms/Test/Page/Adminhtml/CmsPageNew.xml,3893d740e278a44e41d7626520bb50d7a6a1b5f0dac5265283bc4c6c98ff2724,698
dev/tests/functional/tests/app/Magento/VersionsCms/Test/Page/Adminhtml/CmsRevisionEdit.xml,6fda621a069b8b1d0eb4f07d84436221974fef990e984736f1aa812359951437,796
dev/tests/functional/tests/app/Magento/VersionsCms/Test/Page/Adminhtml/CmsRevisionPreview.xml,b8c0ac9cbceffcad3018eb8242266ddf774fa01745b76f4d7ec6456e8a57b880,615
dev/tests/functional/tests/app/Magento/VersionsCms/Test/Page/Adminhtml/CmsVersionEdit.xml,9b561db1e75f62c88b4a6212269eaed597c56f368a9c919fd87e4c45fd6fb0c9,1222
dev/tests/functional/tests/app/Magento/VersionsCms/Test/Page/CmsIndex.xml,974907067166352bd18ee5fe157ab9fb41e7fa32da118b83b7ac146a09b7909b,655
dev/tests/functional/tests/app/Magento/VersionsCms/Test/Repository/CmsHierarchy.xml,5d5367b853f4ee62da1f81e523aeb89c8c8c9d99baeeba55274fb9adb63d6b2f,1512
dev/tests/functional/tests/app/Magento/VersionsCms/Test/Repository/CmsHierarchy/Nodes.xml,6a05bf9ef9fca366f6c917cebbb517e5ab784b69dd40d39b3d24ab4d6b68db92,2444
dev/tests/functional/tests/app/Magento/VersionsCms/Test/Repository/CmsPage.xml,c58ba23e2051078cc5c3f8f28271f3ebc32d81f6cd48b64dcca586e3832f5da0,2225
dev/tests/functional/tests/app/Magento/VersionsCms/Test/Repository/Revision.xml,4af33a8f046415f0d579c45a9335a64d8b9a9336025a84551b9c571b925aaa6a,589
dev/tests/functional/tests/app/Magento/VersionsCms/Test/Repository/Version.xml,b71d3f464a0410e09876bd92d7851036f039a43f6ec8cf1e8581029cd799a8a8,737
dev/tests/functional/tests/app/Magento/VersionsCms/Test/Repository/Widget/Parameters.xml,c1ae4d62203e7688c7a584420b17dcb175c852ad194d7457162ca973905cc0c7,862
dev/tests/functional/tests/app/Magento/VersionsCms/Test/TestCase/AbstractVersionsCmsTest.php,541c74f049ab27b74e645222ef9d2f500fc767b46766438c447ebf66af522c01,1586
dev/tests/functional/tests/app/Magento/VersionsCms/Test/TestCase/CreateCmsPageEntityTest.xml,2c4a7a8597756135b2dc7f54a485c78ded38abd54e2c87edc900e39de1249961,1357
dev/tests/functional/tests/app/Magento/VersionsCms/Test/TestCase/CreateCmsPageVersionsEntityForExistingCmsPageTest.php,2937af760d7bc425beebfe367843b6449245920959bf357be33e2d57c623ccc5,1368
dev/tests/functional/tests/app/Magento/VersionsCms/Test/TestCase/CreateCmsPageVersionsEntityForExistingCmsPageTest.xml,65ca0a22455c70e1329ec55cbf40621fafd684191245530d9aadc552fab7a61e,3334
dev/tests/functional/tests/app/Magento/VersionsCms/Test/TestCase/CreateCmsPageVersionsEntityForNewCmsPageTest.php,be81b117496452f9bce6f52694309aa541d3cdd45121a0b818bc161c6115616c,1064
dev/tests/functional/tests/app/Magento/VersionsCms/Test/TestCase/CreateCmsPageVersionsEntityForNewCmsPageTest.xml,ce5ea7af9dacdba8ad586a0620a24bd0e4f749a1ed638ac7cd9bcef17482d566,3042
dev/tests/functional/tests/app/Magento/VersionsCms/Test/TestCase/CreateWidgetHierarchyNodeLinkTest.php,58efc39ebb09de3d5a4096a72e6b73fd7eea1fcd0359f7077a21fdb141aeac0a,1232
dev/tests/functional/tests/app/Magento/VersionsCms/Test/TestCase/CreateWidgetHierarchyNodeLinkTest.xml,077ad5971952b9f235d8e5c07335fd93c5952d3071fa56c23e9f43c3b2f85dc6,1398
dev/tests/functional/tests/app/Magento/VersionsCms/Test/TestCase/DeleteCmsPageVersionsEntityTest.php,537809834afe103830c6700858013a38e9b7f5b5dda7a700a2aa28fbf90a1932,2677
dev/tests/functional/tests/app/Magento/VersionsCms/Test/TestCase/DeleteCmsPageVersionsEntityTest.xml,a4aa813628378a424a77bef033974e09bc68aa2f80ffd0b6293b0923dbc6f3c2,2217
dev/tests/functional/tests/app/Magento/VersionsCms/Test/TestCase/MassDeleteCmsPageRevisionEntityTest.php,63a849c329b8fcdc63e647e59c1b439bf7cb08f9f8f64bebd163f1ef232eca46,3269
dev/tests/functional/tests/app/Magento/VersionsCms/Test/TestCase/MassDeleteCmsPageRevisionEntityTest.xml,0f677db1dc3f30eecd2ccc1227ce093f6d713559b81ec1f01901cfa898c4b647,2080
dev/tests/functional/tests/app/Magento/VersionsCms/Test/TestCase/MassDeleteCmsVersionsEntityTest.php,e91f7c3c575b8cd7f43b9f09dff193cf708fa61722d77fa8f3ff354008a11ec5,2602
dev/tests/functional/tests/app/Magento/VersionsCms/Test/TestCase/MassDeleteCmsVersionsEntityTest.xml,a8c29ed1ca0b530cd859f198790fce4efa30cdc9128598d2a35030d1f22e6db5,2115
dev/tests/functional/tests/app/Magento/VersionsCms/Test/TestCase/NavigateMenuTest.xml,2293896fabad6b7a9c50c393a693056c88e8ae3378a9e6463b122d705379c408,704
dev/tests/functional/tests/app/Magento/VersionsCms/Test/TestCase/PublishCmsPageRevisionEntityTest.php,6149e26aebe106b0bf6f5cb5c7ad6f026e301f1a4ab031a4d850995bc7579e3e,2647
dev/tests/functional/tests/app/Magento/VersionsCms/Test/TestCase/PublishCmsPageRevisionEntityTest.xml,baea34504926e875a05cbbab7150cfcee756d28316329303fe01caa56a4f03a8,1248
dev/tests/functional/tests/app/Magento/VersionsCms/Test/TestCase/SaveNewRevisionInNewVersionTest.php,ba586f21b26d627f12055e32365557f70ffc69ed8d3039a90c14cec0e9b85b1f,1980
dev/tests/functional/tests/app/Magento/VersionsCms/Test/TestCase/SaveNewRevisionInNewVersionTest.xml,7dcdbd16f28e7a99da34224b55555bad24921fbb8c64783deb7d58d08d2655ae,1409
dev/tests/functional/tests/app/Magento/VersionsCms/Test/TestCase/SaveNewVersionOfVersionsCmsEntityTest.php,8c15e0070d87dce0f4b41731a460f5d7012b20afa29476ec97622b68ad22c4af,1937
dev/tests/functional/tests/app/Magento/VersionsCms/Test/TestCase/SaveNewVersionOfVersionsCmsEntityTest.xml,cf57898e1a76e3a6d44e343166959c9b42120fc7cb4ea5de26b66609fb188d38,2140
dev/tests/functional/tests/app/Magento/VersionsCms/Test/TestCase/UpdateCmsPageRevisionEntityTest.php,bb1be9632e7aa3ff67d4d168db5294e2796070ca244b6522f329120f75f9e8e6,2099
dev/tests/functional/tests/app/Magento/VersionsCms/Test/TestCase/UpdateCmsPageRevisionEntityTest.xml,2debad4105b490e5cddd8c598cf4d93a3cfb2a8712ad5a0647ab1b54cfc5f599,2091
dev/tests/functional/tests/app/Magento/VersionsCms/Test/TestCase/UpdateCmsPageVersionsEntityTest.php,20bcbd3e84e7fce9695cf22ee97603e996ee2178d784ab3c90e03d57658e501f,1964
dev/tests/functional/tests/app/Magento/VersionsCms/Test/TestCase/UpdateCmsPageVersionsEntityTest.xml,40b19d954546cf8b677cd1f3ea40cbc8c6a3a124e1a709aa887b584f7897f6c2,1900
dev/tests/functional/tests/app/Magento/VersionsCms/Test/etc/curl/di.xml,2076c112cc9a78bc52ad40c486bdf0636df6a61549394a8305e8a37760c22a46,602
dev/tests/functional/tests/app/Magento/VersionsCms/Test/etc/di.xml,6ff493702d82304975fbe3bf5e3b59d56da09539c334edbc0ad15cf1b9c4c556,2313
dev/tests/functional/tests/app/Magento/VersionsCms/Test/etc/fixture.xml,32c64b47e632b6b3d7ea5548d452e16cb123b1a5d17fdb5acc6f82d67c908bc0,900
dev/tests/functional/tests/app/Magento/VisualMerchandiser/Test/Block/Adminhtml/Category/AddProduct.php,fa323a11fbf0e6c2e7edfa575af3e11cf58a9d9b13fa4684de9d8b402b68e02b,1040
dev/tests/functional/tests/app/Magento/VisualMerchandiser/Test/Block/Adminhtml/Category/AddProduct.xml,da1cc972f7325757f6324c79f0215e18e34615ffe3b6dbe0ab503a15ef99309a,640
dev/tests/functional/tests/app/Magento/VisualMerchandiser/Test/Block/Adminhtml/Category/AddProduct/DataGrid.php,0f40a3067796f86cf3e3f89ae21559282293f0967aee82179c785b5df3652dbe,1916
dev/tests/functional/tests/app/Magento/VisualMerchandiser/Test/Block/Adminhtml/Category/AddProduct/NameTab.php,246610d3e088833190631504c00272f31f4b39ee786d252b203be0b2a06453ed,709
dev/tests/functional/tests/app/Magento/VisualMerchandiser/Test/Block/Adminhtml/Category/AddProduct/SkuTab.php,1947e13dabeed2ab864db364677151f6e30340506fec75f5a63b24eafbf0053c,260
dev/tests/functional/tests/app/Magento/VisualMerchandiser/Test/Block/Adminhtml/Category/Edit/CategoryForm.php,34db526189e9c1fc68ae764797ae16a03bc719dd32fa22d6a8ab0d7bfdbe6eb2,335
dev/tests/functional/tests/app/Magento/VisualMerchandiser/Test/Block/Adminhtml/Category/Edit/CategoryForm.xml,dc397bbdc3cef1191bddb08bee6da67f90317a1f85f7f7eb40a8b655d8b420ad,397
dev/tests/functional/tests/app/Magento/VisualMerchandiser/Test/Block/Adminhtml/Category/Edit/Tab/Product.php,6901f8edd75140646576f52cd1b7382060985a9c6a948f8fbba831484220f41d,677
dev/tests/functional/tests/app/Magento/VisualMerchandiser/Test/Block/Adminhtml/Category/Tab/Merchandiser.php,5ab379297b1391bf67103871bd5bda6ebb2c99d2ad35f35e9b581c02eb865e63,299
dev/tests/functional/tests/app/Magento/VisualMerchandiser/Test/Block/Adminhtml/Category/Tab/Merchandiser.xml,0175fe864070af96b194ac95781e892e3c359b8e08cef65bb0b464244acedf17,582
dev/tests/functional/tests/app/Magento/VisualMerchandiser/Test/Block/Adminhtml/Category/Tab/Merchandiser/Grid.php,c8ebebf2099e1803b6afe012097a607c1908b31699ae4d1c84a1058248769652,749
dev/tests/functional/tests/app/Magento/VisualMerchandiser/Test/Block/Adminhtml/Category/Tab/Merchandiser/Tile.php,e4e28e5199b091452c4ff174d47b2d2a477658b17f7f9d08b22ac398ccd01831,817
dev/tests/functional/tests/app/Magento/VisualMerchandiser/Test/Block/Adminhtml/Category/Tab/ProductGrid.php,e285992a1a56230df1a340cc89d9c5d4abf6220fa5adef1106645d80be2411b3,1668
dev/tests/functional/tests/app/Magento/VisualMerchandiser/Test/Block/Adminhtml/Widget/Grid/ProductGrid.php,0c9cfca01e7d52edc44b6c51a9cf7c9f3a2f888ba7d87307f39b8eb17cf5d42e,1635
dev/tests/functional/tests/app/Magento/VisualMerchandiser/Test/Block/Adminhtml/Widget/Grid/TileGrid.php,2f4028ecf1a6fec982ba238067af91b1536680f7e30b5e7251cec7ec5cc58881,2040
dev/tests/functional/tests/app/Magento/VisualMerchandiser/Test/Constraint/AssertDragPositions.php,508a2c8a1f8ce7e80e63ef817c709715d5df5c5b6fb86266ebf7e916942a9039,2128
dev/tests/functional/tests/app/Magento/VisualMerchandiser/Test/Constraint/AssertProductsNotInCategory.php,ff9541caf5b2e19747f13bfc128e00a0d55af151a88079ae07b35f6509e10ada,1970
dev/tests/functional/tests/app/Magento/VisualMerchandiser/Test/Page/Adminhtml/CatalogCategoryEdit.xml,cef235c92312bcfc1fc7f2ca73d44e1c6864a2ceda76875ec9a3e0799727be37,602
dev/tests/functional/tests/app/Magento/VisualMerchandiser/Test/Page/Adminhtml/CatalogCategoryMerchandiser.xml,70a9dfb8c80dfff9c8b97319eb297e1c48a27398eaad0a056197d75a3310bb2e,1106
dev/tests/functional/tests/app/Magento/VisualMerchandiser/Test/TestCase/DragDropTest.php,9f338a40527de1688c7a092bf21079fec4c80e7e2ed270b237a57fe05a05f908,1559
dev/tests/functional/tests/app/Magento/VisualMerchandiser/Test/TestCase/DragDropTest.xml,06b1a37d1756495d968b1d7638d3999128f1fe8d17cd8ede3e88eb5a9d3ad26f,987
dev/tests/functional/tests/app/Magento/VisualMerchandiser/Test/TestCase/RemoveProductTest.php,3df4bc5b28ea1c20ac9b4825a66215a4af052155d6d587a70ae5ca55ebff803c,3581
dev/tests/functional/tests/app/Magento/VisualMerchandiser/Test/TestCase/RemoveProductTest.xml,15f1a6be5589a013aa5a06d71b643ffc7c532e23cb35047563afc8b838d3ff39,1487
dev/tests/functional/tests/app/Magento/VisualMerchandiser/Test/TestCase/UnassignProductTest.php,fb2239f42027a041edce3031cfdaa4589964df5d62298d6fc9ded22825a79ff8,3664
dev/tests/functional/tests/app/Magento/VisualMerchandiser/Test/TestCase/UnassignProductTest.xml,f59177fa31a29b57afa06bfd6b9332ad41e0ebd942e5d80b39216c6d23b01007,919
dev/tests/functional/testsuites/Magento/Mtf/TestSuite/InjectableTests/3rd_party.xml,011b6d0558a8541f3754161bb7a41ea2830c457d9ee52236bf6155ad93e3faa6,588
dev/tests/integration/etc/di/preferences/ee.php,d298347ae6b4c87d1cc590affb845f6ad7f65f47c7ebac2bde8e71bf9461c89a,419
dev/tests/integration/framework/Magento/TestFramework/ResourceConnections/Db/Adapter/MysqlProxy.php,236d63111d50eef369fee68f30527a4d24b6c0a10d22b98d29ebb823ac660a81,2136
dev/tests/integration/framework/Magento/TestFramework/ResourceConnections/Db/ConnectionAdapter/Mysql.php,9dda63ac69832f8ad95b191174a3d4be1c22402b5c2eb996bcfe68a132672b3b,550
dev/tests/integration/testsuite/Magento/AdminGws/Magento/CatalogEvent/Block/Adminhtml/Event/Edit/FormTest.php,10eb896a0a43520ef5347e3c244a7f66cf16b168f8d09c22a2024c273de30cc1,2133
dev/tests/integration/testsuite/Magento/AdminGws/Magento/CatalogEvent/Controller/Adminhtml/Catalog/EventTest.php,db80ad811de865297e766916197e33acc43ac8be50dd839e78507d041e8dc677,1028
dev/tests/integration/testsuite/Magento/AdminGws/Model/BlocksTest.php,7d55ed4da374ae5ea464fbf418e45a43e9ce4f5c3b1794fb72f08aaa51f0ee8b,3656
dev/tests/integration/testsuite/Magento/AdminGws/Model/ControllersTest.php,fd7426e4c9203e527fe2046e3faf53cae977bf77b1b094d5ebe1e3f5660bb721,19925
dev/tests/integration/testsuite/Magento/AdminGws/_files/role_stores_login.php,12905acafa63726acc8ad7a0b3fc932c84eb8d8dc166f121c0f053d672a966a0,171
dev/tests/integration/testsuite/Magento/AdminGws/_files/role_websites_login.php,2875a2982bcf5830f6f7e39f5d41e7715976ebf079213014b50c1e04083cdb82,1748
dev/tests/integration/testsuite/Magento/AdvancedCheckout/Block/Adminhtml/Manage/Accordion/ProductsTest.php,921a0fe0af26595e7152cb634e8016ea7f69d3cee4118ea7cfe1eaf1e85182a0,987
dev/tests/integration/testsuite/Magento/AdvancedCheckout/Block/Adminhtml/Manage/AccordionTest.php,170c97f8bfc917d02ba866cc09dfbf3c95b78131db671cffe403c23572e2ed91,3646
dev/tests/integration/testsuite/Magento/AdvancedCheckout/Block/Adminhtml/Manage/LoadTest.php,ceb182a4b08576ab8123624a62bcf82d3f6a7da38276aec349306a514957bc8d,2009
dev/tests/integration/testsuite/Magento/AdvancedCheckout/Block/Sku/ProductsTest.php,2c64e7e6ffcbc52da2da31b92f52c66b6f1b2211a41f6f087d1d705ddcfcf570,1395
dev/tests/integration/testsuite/Magento/AdvancedCheckout/Controller/Adminhtml/IndexTest.php,e109efe6ad8f3ffcd66a118fc1540511ebce68acf5d226b44e40510b002f2ae8,664
dev/tests/integration/testsuite/Magento/AdvancedCheckout/Controller/CartTest.php,a11ef4be9d600469d4e94cf16bf61fabedb1be42799eff2788410e2e7b40706a,5724
dev/tests/integration/testsuite/Magento/AdvancedCheckout/LayoutTest.php,d966824c4c0a9d06b819fd2ee37fbb9b17ea4c50fe100eda94e364fce435f0be,853
dev/tests/integration/testsuite/Magento/AdvancedCheckout/_files/product_gift.php,ee856dce4382f86d2011e7e4577db3b7ecdd1e6dc4cc527cfb326ca3e7f3dfb5,1728
dev/tests/integration/testsuite/Magento/AdvancedCheckout/_files/quote_with_gift_card_product.php,91a56a8b60e1ebb3ad9c6875b04473e28efc9731df21b87ccbe48ef6879088c8,1459
dev/tests/integration/testsuite/Magento/AdvancedSearch/Block/SuggestionsTest.php,a88c875d68e9965b62ef5e0d0bc8929ceabba356c09c3c7e2e3d2307957baf17,1475
dev/tests/integration/testsuite/Magento/Banner/Block/Adminhtml/Banner/Edit/Tab/ContentTest.php,4cec4185be1c1acfe7d49b759f9cb534e781497c129c9d16a012635a303e5789,671
dev/tests/integration/testsuite/Magento/Banner/Block/Adminhtml/Banner/Edit/Tab/Promotions/CatalogruleTest.php,93fad02aaa716100dc20d945b758976c283351c1edb770cf833a5ce397f0a878,1126
dev/tests/integration/testsuite/Magento/Banner/Block/Adminhtml/Banner/Edit/Tab/Promotions/SalesruleTest.php,ceb1ee0ba02a5a9ee074983e82779a5994e1b2fd56d434c84b563a053a252470,1570
dev/tests/integration/testsuite/Magento/Banner/Block/Adminhtml/Permission/MonitorTest.php,cb28faab57baf02316a15720308c665d20f10858129b3b74718207449d1e7e38,2459
dev/tests/integration/testsuite/Magento/Banner/Block/Widget/BannerTest.php,5c3347a17541f2d0dda2e9ffe47062321fe8a3d0bd2c44ac98ec1b181efc8229,922
dev/tests/integration/testsuite/Magento/Banner/Model/ResourceModel/BannerTest.php,1ee682826db2cec041403e08e6ff5f580a438be1f75726db0ab02aa5cf36fe89,3850
dev/tests/integration/testsuite/Magento/Banner/Model/ResourceModel/Catalogrule/CollectionTest.php,5409232dfacd409359c8bb2eacc24e614e4fc8947088271be64ef90a6be901b3,2603
dev/tests/integration/testsuite/Magento/Banner/Model/ResourceModel/Salesrule/CollectionTest.php,ada428b1b53caaefc3141a3867aa48cac1660e3aad873dfad154613db9cff092,1834
dev/tests/integration/testsuite/Magento/Banner/_files/banner.php,00593cd613ce1d527597f1206f846721d6b19ce91ac31eb0f54afb1b00cb4ca4,512
dev/tests/integration/testsuite/Magento/Banner/_files/banner_catalog_rule.php,dbaecbe31902020d81b688a919f7dd5d7a9bc45831716bd86ef54e9bd461ee97,657
dev/tests/integration/testsuite/Magento/Banner/_files/banner_disabled_40_percent_off.php,96c1b96435a7caf0d4570385ad117b5cc32cf3007d0cc25b1d1466c3f9f99c2b,912
dev/tests/integration/testsuite/Magento/Banner/_files/banner_enabled_40_to_50_percent_off.php,29ffc02a05a01986bc002cbf7d908ca8e9eabc27f2f2f69f2961965f20f72ff9,1260
dev/tests/integration/testsuite/Magento/BannerCustomerSegment/Model/ResourceModel/BannerSegmentLinkTest.php,75962fc39be59e52d68e86fd47f93be188259287280cd90588bb2eaf85f2113a,5509
dev/tests/integration/testsuite/Magento/BannerCustomerSegment/_files/banner_40_percent_off_on_graphic_editor.php,2566a06564c278ba9624a754422754bbbf62096c4c0482d9b991aa5068ffbf82,1296
dev/tests/integration/testsuite/Magento/BannerCustomerSegment/_files/banner_50_percent_off_on_ide.php,804a26eac8a220f6926040fc402ebeca1172292c70e1ea070aff3101d6935a6d,1287
dev/tests/integration/testsuite/Magento/CatalogEvent/Block/Adminhtml/Event/Edit/FormTest.php,3dd31d9921f0d1df561ea027c86a60f07ae4ae1c72a26979549825f4f07f40f1,1999
dev/tests/integration/testsuite/Magento/CatalogEvent/Controller/Adminhtml/Catalog/EventTest.php,fc5c376f2dfd22f6b9e0d19c7e8c786c781ba35d5fb0f02f47bc213450ba45c2,1370
dev/tests/integration/testsuite/Magento/CatalogEvent/Controller/CategoryTest.php,75bf36c51615afade41787240b9d86a1982b89275ff716a0f8acd3e7bbc56cd5,1824
dev/tests/integration/testsuite/Magento/CatalogEvent/Model/EventTest.php,1c8b545114aae2244c8e43a7bc18a5462aab416963afd74a5810a36c5c779280,1391
dev/tests/integration/testsuite/Magento/CatalogEvent/Model/ResourceModel/Event/CollectionTest.php,a6488ac5f61db3f9d27be58f875923dbedb06e492e1a15674ca20e72921c8535,5305
dev/tests/integration/testsuite/Magento/CatalogEvent/_files/events.php,d14fcfbc8d62a8a18bc30dc5c635b115a0ee7609e01654778891a3c410a99af1,1754
dev/tests/integration/testsuite/Magento/CatalogPermissions/Controller/ProductTest.php,b9b9dfec96c2934bcb989fd0177c01c42b9dff18720c7835c28fe55ce013a73c,2155
dev/tests/integration/testsuite/Magento/CatalogPermissions/Model/Indexer/CategoryTest.php,fd19eedb8a17d9ce98432199e4ce735ed3ef0aa5f9e2199e57453a57258b86c1,10423
dev/tests/integration/testsuite/Magento/CatalogPermissions/Model/Indexer/Plugin/CategoryTest.php,cd36ed7d270d8c8e7e3b4f925038bbcb55b95852340a866e920029bc65c63a6e,3776
dev/tests/integration/testsuite/Magento/CatalogPermissions/Model/Indexer/ProductTest.php,3bf318bfb932c138320bdd1efa1c0761a9798ce23d8b1735fe7f0281403729cc,2541
dev/tests/integration/testsuite/Magento/CatalogPermissions/Model/Permission/IndexTest.php,524d2773711dc128c5eef0544f6034531983774a0ffb960fa852e690b0d6a4ca,25369
dev/tests/integration/testsuite/Magento/CatalogPermissions/_files/additional_permissions.php,c374dee455e2ebb51f9bf4e5e06654d70c4ac0f8e6fb3e5bb4521bf6ef6392bd,863
dev/tests/integration/testsuite/Magento/CatalogPermissions/_files/permission.php,baab058f6a6032ee5813e43cd658f564f6bca73245948a9a33ec85b72475d8c9,2498
dev/tests/integration/testsuite/Magento/CatalogPermissions/_files/permission_rollback.php,8392d376043ac8e34d33813cd4d76fda6afc146a9602d0d4ee6c45c563ad2977,666
dev/tests/integration/testsuite/Magento/CatalogPermissions/_files/product.php,a0d1f387767877a2b1f819fb4117bfdc8f713a44fe0898f93b703c4b0a24626a,1009
dev/tests/integration/testsuite/Magento/CatalogPermissions/_files/product_rollback.php,18a39eb1e88540626f231636b2a52742d2802f2eb60a4397eda3e321f569bbbe,694
dev/tests/integration/testsuite/Magento/CustomerBalance/Block/Account/WrapperTest.php,33c7848b1d203c339a82fcbe42378c66d7804409464ccdf71922174167ffbdda,1883
dev/tests/integration/testsuite/Magento/CustomerBalance/Model/Adminhtml/Balance/HistoryTest.php,5d6441e74125bc7215ac9b200c3b96737a2fe82c094fa6207019ea23a101d0b9,2750
dev/tests/integration/testsuite/Magento/CustomerBalance/_files/history.php,cef46f4077621883e0fbe1aa8a9b291a3d8a050d5302604e20614ea060c90b01,1211
dev/tests/integration/testsuite/Magento/CustomerBalance/_files/magento_customerbalance_info_index.xml,1c61befbdffd169402e935a2a17f170ab52cf9f9acdc2f1c695b4136b20edeed,712
dev/tests/integration/testsuite/Magento/CustomerCustomAttributes/Block/Adminhtml/Customer/Address/Attribute/Edit/Tab/GeneralTest.php,5cf8f054be3b8ce9927dae71f925c54770b8305d1165c693e1a589c98014dc3a,2436
dev/tests/integration/testsuite/Magento/CustomerCustomAttributes/Block/Adminhtml/Customer/Attribute/Edit/Tab/MainTest.php,686eb2d32ef8a98dcf37fe45cf646efadcec608265b70ced647067687c9e7234,2334
dev/tests/integration/testsuite/Magento/CustomerCustomAttributes/Block/Adminhtml/Customer/Formtype/GridTest.php,2d292701e6e30e6710e2e2e8c1372cfb25163137c92c34085bb71d2a1e6ec7ee,981
dev/tests/integration/testsuite/Magento/CustomerCustomAttributes/Model/Sales/Order/AddressTest.php,91090909ccb1f6d0e81f314f4692c3b4af64c79d56b9556d133a3b422542faee,1247
dev/tests/integration/testsuite/Magento/CustomerCustomAttributes/_files/order_address_with_attribute.php,4d147273573c163b577229cf7fe264076e9c35c39ddac3019b4b0d47faf31216,2328
dev/tests/integration/testsuite/Magento/CustomerCustomAttributes/_files/order_address_with_attribute_rollback.php,38e4b3a393023a8c93fb54d04f39f6cba6fc2eb7752ee0e3b8db67b3c48d02cf,616
dev/tests/integration/testsuite/Magento/CustomerFinance/Helper/DataTest.php,2c863cf2a6b12e7d9b35420b9fbfa319cc48890356685b5dd6e0390d5f44074c,5528
dev/tests/integration/testsuite/Magento/CustomerFinance/Model/Export/Customer/FinanceTest.php,f2b63c5f8c64f700357a8090356e7928582601ddc0a531de0c035023f2896931,7862
dev/tests/integration/testsuite/Magento/CustomerFinance/Model/Import/Eav/Customer/FinanceTest.php,e0930cdae2cd6091ddb20c1cb667f94b2d9e2ad61a074a5e2076a9edbfe53058,9754
dev/tests/integration/testsuite/Magento/CustomerFinance/Model/Import/Eav/_files/customer_finance.csv,dc5c83534e6464fe68243a8469c4d99eaeac5e19c93a8b3ad2758b8ac75a274a,323
dev/tests/integration/testsuite/Magento/CustomerFinance/Model/Import/Eav/_files/customer_finance_delete.csv,b6cb9e51f881743672f79663232a539c6c2981652becb0621ea3b4a58015112b,273
dev/tests/integration/testsuite/Magento/CustomerFinance/Model/ResourceModel/Customer/CollectionTest.php,b22bc820a76f84e834a09f6051f5564f2ad7e75c21961e7ecdaeded9070301bc,11823
dev/tests/integration/testsuite/Magento/CustomerSegment/Controller/Adminhtml/IndexTest.php,e44ef04df92e5de30c81887bdeb86f8596af6ba59f5feeb8cf3085ce375ffe66,2264
dev/tests/integration/testsuite/Magento/CustomerSegment/Controller/Adminhtml/Report/Customer/CustomersegmentTest.php,497762ac494d25261580fb3be3545e52fde02fcdd91f75ca8a58ec842ff6be2b,1062
dev/tests/integration/testsuite/Magento/CustomerSegment/Model/Condition/Combine/AbstractTest.php,cd1f9954d87f29aaf895ddd045a380a81552db94388fc1e6f90af5d0a253c965,2089
dev/tests/integration/testsuite/Magento/CustomerSegment/Model/ResourceModel/SegmentTest.php,00db4469d52adac829c505b5c1b1c47d37a7d1efadd204634e1a0158cb289b28,1920
dev/tests/integration/testsuite/Magento/CustomerSegment/Model/Segment/Condition/Combine/RootTest.php,04ab45f364cde1ee7e798ad689539e86892c3e2edce81577d4a5aba1ce35b6b1,1726
dev/tests/integration/testsuite/Magento/CustomerSegment/_files/segment.php,4cc6c67929a881a96b947927e8a1e39f7b0e32a85674320e06f65bf8f5b8a9c2,422
dev/tests/integration/testsuite/Magento/CustomerSegment/_files/segment_designers.php,cd79c8e117bf052e9bcead7beac5961156bab357a51054ddbb0b2151c370f629,376
dev/tests/integration/testsuite/Magento/CustomerSegment/_files/segment_developers.php,51c2cb56291acfc928c5a4722473509c51a1767696f1d5a2bc4c1febb01e1312,377
dev/tests/integration/testsuite/Magento/Enterprise/CodeIntegrityTest.php,ee06efd8973e7b252e51f39519635232375b931c6fda13114dadfbee3305d65f,695
dev/tests/integration/testsuite/Magento/Framework/ForeignKey/ForeignKeyResolverTest.php,ee0a0d2a262254483a9e98820d91fd02854043f1b6f72845ed9696531f1dc2d2,12646
dev/tests/integration/testsuite/Magento/Framework/ForeignKey/_files/entity_tables.php,53e462e2fcf22f5b48692f79c0f5dcb421deffc49869bfb57a0c5ea4f7fc9a5b,3750
dev/tests/integration/testsuite/Magento/Framework/ForeignKey/_files/entity_tables_rollback.php,e424876566b768046348b449174786ad03bb0484c4626bad9c6345a981eba2dd,813
dev/tests/integration/testsuite/Magento/Framework/ForeignKey/_files/entity_tables_values.php,22e11cba24f57b5adfa3bf1786a4082aa1d57a75f4377fb890beaaddc7a19aad,1087
dev/tests/integration/testsuite/Magento/Framework/ForeignKey/_files/entity_tables_values_rollback.php,297db319b91142e49b681e4e1027e3adbe3cf10046aec17fa5f450b0bd4c5daa,795
dev/tests/integration/testsuite/Magento/Framework/ForeignKey/etc/constraints_cascade.xml,eb6e77fe1d3f604dbbf64529d2b92d1192e2b9c7f7e91b40aa66f98b01f0fe84,1061
dev/tests/integration/testsuite/Magento/Framework/ForeignKey/etc/constraints_mixed.xml,ee69cb3b03407241c1f0d099e196119e756e96ee01168303a0a66f5c9fa74de9,1063
dev/tests/integration/testsuite/Magento/Framework/ForeignKey/etc/constraints_restrict.xml,3face291521f6d926c9b112945cd99f20c89da8aa8f5a500d2d7db64ea862289,1064
dev/tests/integration/testsuite/Magento/Framework/ForeignKey/etc/constraints_set_null.xml,95f7cd5016d8283fc2b1966c1ade1e0ad23d3f55371ca19425971ac19359f6e0,1064
dev/tests/integration/testsuite/Magento/Framework/MessageQueue/MessageEncoderTest.php,8db2d9bfe5771e0b30083fa940484dbea2b0ff497b274a3e15443fc834fc9bc2,8012
dev/tests/integration/testsuite/Magento/Framework/MessageQueue/etc/queue.xml,b88e3cb1f57fdfb6d05508424a9b1e91c1af43312bc441f5d14fe932c2097cff,1006
dev/tests/integration/testsuite/Magento/GiftCard/Helper/DataTest.php,fa04972d83b9f670616cd5923bf1982080ac195b6e0cdfa38b875a5c91214f51,727
dev/tests/integration/testsuite/Magento/GiftCard/_files/gift_card.php,bb0fcd7bbb727a238dabbe31e1b288b3b89692f162fadd030ef148f06f86e72b,1067
dev/tests/integration/testsuite/Magento/GiftCard/_files/gift_card_rollback.php,6d91db54ac4fbd10cf9b2b569959118f010fe31d1ede7acf52535885dd3fe265,663
dev/tests/integration/testsuite/Magento/GiftCard/_files/gift_card_with_available_message.php,4ccb22180e84e605d4268bca144522d93dd8675e3b4ea5ece2c0005fd8dce810,1101
dev/tests/integration/testsuite/Magento/GiftCard/_files/gift_card_with_available_message_rollback.php,38d11514a171e0e05296aee0a9ab4c15e89d4184c5f4285be1a9385d9bdda0ec,604
dev/tests/integration/testsuite/Magento/GiftCard/_files/order_item_with_gift_card_and_options.php,0263269bb8460f42c7008a031436abf3d0ae7cf28053625642967d406dd040f4,2575
dev/tests/integration/testsuite/Magento/GiftCard/_files/order_item_with_gift_card_and_options_rollback.php,67ffaf942c3360c1ea5b8f5bf5bdfdeb7aabd3da6ed570cc79b4381590142f99,179
dev/tests/integration/testsuite/Magento/GiftCard/_files/order_with_gift_card.php,e7073db30f512da5598049a56a125332a7243adaecfa3bd31517cab319d8fc40,2827
dev/tests/integration/testsuite/Magento/GiftCard/_files/quote_with_items_saved.php,ff67c84ff113a446ca50d411a357a5478b3d4e2524d58789c63505258ad52ba3,3056
dev/tests/integration/testsuite/Magento/GiftCard/_files/quote_with_items_saved_rollback.php,acdea12c4a088e9db10c6202cca5ca5b38fb2b8bcb5161ed2578cada4e99fcb9,828
dev/tests/integration/testsuite/Magento/GiftCardAccount/Block/Adminhtml/Giftcardaccount/Edit/Tab/InfoTest.php,270e1a6c14e1a038b431cddbf9d252091213182491f30dda00f548638a2d7f44,4490
dev/tests/integration/testsuite/Magento/GiftCardAccount/Block/Adminhtml/Giftcardaccount/Edit/Tab/SendTest.php,605cd8537f218af718ade9bfd8f81de09a484e1d9f4885ea3259881c43ddaf50,2531
dev/tests/integration/testsuite/Magento/GiftCardAccount/Controller/Adminhtml/GiftcardaccountTest.php,dc40dc1bb0091712c3727a1b045e21e7a2f906f2371242b07c29a385e2517799,538
dev/tests/integration/testsuite/Magento/GiftCardAccount/Controller/CartTest.php,939ac4d493ba26b4d78db213776e715edb4c92e727c081ecd3fcf901722852bb,682
dev/tests/integration/testsuite/Magento/GiftCardAccount/Model/Backend/HistoryTest.php,22a402d12d95b8b1e5a3fffe25d84069b69e6ce59c7bd678974e0c9e080d5d06,3261
dev/tests/integration/testsuite/Magento/GiftCardAccount/Model/CollectorPositionsTest.php,7cccfa55842bce572951ab75813c2c77e5f766c0994023a9b4bac48f1bd50fae,1115
dev/tests/integration/testsuite/Magento/GiftCardAccount/Model/PoolTest.php,8ef1d6e24ad3ce8eb09a6ae14c29200b220c5d90d7e93141a2f8a6c2e002c142,1069
dev/tests/integration/testsuite/Magento/GiftCardAccount/_files/codes_pool.php,4a970619769d8fa7be661ffe41c3f31cdb64e111ee83bbc641714e4048238126,1033
dev/tests/integration/testsuite/Magento/GiftCardAccount/_files/giftcardaccount.php,ad35f9fe40189b08509cf27f5232ca3218d567f5c55896c31a55ed85027f87a8,859
dev/tests/integration/testsuite/Magento/GiftCardAccount/_files/quote_with_giftcard_saved.php,23fc7be0358432d9cac90e0aca6cc3928bfbd696a851c8cf486569fb2899c36e,775
dev/tests/integration/testsuite/Magento/GiftCardAccount/_files/quote_with_giftcard_saved_rollback.php,8e53f55f7064541e47e00af778b2cf07b84e585efa153822c6631f1721d90d93,680
dev/tests/integration/testsuite/Magento/GiftRegistry/Block/Adminhtml/Giftregistry/Edit/Attribute/AttributeTest.php,90c04c611c62ff3be453533b3c65b8add1ab1082a769c44ef1f30d84d8497022,1157
dev/tests/integration/testsuite/Magento/GiftRegistry/Block/Customer/Edit/AbstractTest.php,848ac5fcf2ba5725b3a2d02b237292a82ca64e9dd88e8e2978ee7adf337713ff,1847
dev/tests/integration/testsuite/Magento/GiftRegistry/Block/Customer/EditTest.php,ae69636da356b67cd64ab1c1965ef434507860dc59508faabb2be2c396d159e6,1136
dev/tests/integration/testsuite/Magento/GiftRegistry/Block/Form/ElementTest.php,80d3c947905db1940ccafea48593be3916607c60d6cdb1572b4784775c9bf76d,1207
dev/tests/integration/testsuite/Magento/GiftRegistry/Controller/Adminhtml/GiftregistryTest.php,18bd9bebac72ea5bbb4b7ae987d8c0c3349eaf739bd38745ce21ea14c65ef1d9,1874
dev/tests/integration/testsuite/Magento/GiftRegistry/Controller/Magento/Catalog/ProductTest.php,b6620c08336f141ddc8f8bbb2dac716d4f3626951610df987775594f8357e881,749
dev/tests/integration/testsuite/Magento/GiftRegistry/Controller/Magento/Wishlist/IndexTest.php,55f7e31c72fad2753d0f30903bcbf128eeb35f6358caa917ccaa354e14dd0dcd,1189
dev/tests/integration/testsuite/Magento/GiftRegistry/Model/Config/ReaderTest.php,ff67e3dc73e9a2296362fcf64149067747f9f157a0f558817d6454a98204877e,3922
dev/tests/integration/testsuite/Magento/GiftRegistry/Model/Config/_files/Magento/GiftRegistry/etc/giftregistry.xml,a97b3d2d31aa4461461ade25908438333a877906714c1bc1afa323ebdf4a0727,1515
dev/tests/integration/testsuite/Magento/GiftRegistry/Model/Config/_files/Magento/Reward/etc/giftregistry.xml,95532dc60edd2c26e517925d4b8c2b00dfdff53a4098c170fe64ea6cbb58dc7f,1521
dev/tests/integration/testsuite/Magento/GiftRegistry/Model/Config/_files/giftregistry_config.php,d2b54b2107c4978b019fdf460f38e259e040af4820365a12f1d8ab0f439ce890,2218
dev/tests/integration/testsuite/Magento/GiftRegistry/Model/ResourceModel/Item/CollectionTest.php,0431dff8f10f2719e534c05c1ad94ea0b8314f0311e6519869b2c88e0cc08ae8,3058
dev/tests/integration/testsuite/Magento/GiftRegistry/Model/ResourceModel/Item/Option/CollectionTest.php,159185454b46fbda715d73104cdaa39fdc5012679d5d02344ac8f070005ac753,1578
dev/tests/integration/testsuite/Magento/GiftRegistry/_files/resource_item_collection.php,9e1ed860315e032683a3240c70657a9c4f69a251f648221db45e2f7c4048895d,2394
dev/tests/integration/testsuite/Magento/GiftWrapping/Model/CollectorPositionsTest.php,cfdd9afb7c2357d06931062a714ae095d1a9fed985e73cdf85a920c9f27871eb,1126
dev/tests/integration/testsuite/Magento/GiftWrapping/_files/wrapping.php,276acb3691b5e4c436d1579ad0d3870e7c74682f09b88497ae5bbf98df3824ca,472
dev/tests/integration/testsuite/Magento/GiftWrapping/_files/wrapping_rollback.php,3fd631a6302de16a2ec6a345e19bf37c198debc347dab361c979757c47a4cf51,334
dev/tests/integration/testsuite/Magento/GiftWrapping/_files/wrappings.php,c38ccfba44f2523446816d9ed3bc169979f7af033f4d41d2d14834f2c46259db,1522
dev/tests/integration/testsuite/Magento/Invitation/Block/Adminhtml/Invitation/Add/FormTest.php,f9eba82e746082ec5106bdc3a846dfcce1f0206ace0a8f49e979e57b2d1093ad,1539
dev/tests/integration/testsuite/Magento/Invitation/Block/Adminhtml/Invitation/View/Tab/GeneralTest.php,4e99dce86d0715bb93ee4e12e9bf5984d22642a4fba71dda48a7010a69f6a9c4,1115
dev/tests/integration/testsuite/Magento/Invitation/Block/FormTest.php,ed3b6fc91ce4a918b9fd3fde7b093e15678848dbb201f28085cbd46739f0fed2,3504
dev/tests/integration/testsuite/Magento/Invitation/Model/ResourceModel/Report/Invitation/Order/Initial/CollectionTest.php,1427cf1dd60ccc908c2c31faf8d7e6094dbf8b2dfcfd974bea1df712f3f937ce,2837
dev/tests/integration/testsuite/Magento/Invitation/Model/Source/Invitation/GroupIdTest.php,08275f8783199394075e47786df26e36f6365bd51c4da7615961bfb6c67f4559,889
dev/tests/integration/testsuite/Magento/Invitation/_files/invitation.php,ebb9a7fc0bb472abc9043c666ecf3ce9972213d9254ca32b3f94c3474ee6b184,511
dev/tests/integration/testsuite/Magento/Invitation/_files/two_invitations.php,f88723651299a2f4d8e9e289e851d8055eacaea12c6086e7a4638acdb96103af,547
dev/tests/integration/testsuite/Magento/Logging/Block/Adminhtml/Grid/Filter/IpTest.php,d1ef7707559b933fae01c1ce102c54f32e16bc74f0f54ed4bef184d6fb525353,1147
dev/tests/integration/testsuite/Magento/Logging/Controller/Adminhtml/Logging/ArchiveGridTest.php,e365288dbd0a3bb1d6df2826daeaa7a9963616d48cb6caa369b541bab327e2ee,432
dev/tests/integration/testsuite/Magento/Logging/Controller/Adminhtml/Logging/ArchiveTest.php,666de233faef0b6e863fd241fec3dba34f9d958d5c3c48aa5a14bd645904d803,424
dev/tests/integration/testsuite/Magento/Logging/Controller/Adminhtml/Logging/DetailsTest.php,62e878b96befb4e6e01f1375051877555e368036ae24d1ace0ab4ae95fbf821a,439
dev/tests/integration/testsuite/Magento/Logging/Controller/Adminhtml/Logging/DownloadTest.php,4ff1b970d05e62f9cc578a889fe05a6c2a916b141c1345d66d66d15b8a45c70e,426
dev/tests/integration/testsuite/Magento/Logging/Controller/Adminhtml/Logging/ExportCsvTest.php,39b09364ddc1a64a0df88ee7f6dfe9a79468315c8f3f1de206d64751159f8e00,443
dev/tests/integration/testsuite/Magento/Logging/Controller/Adminhtml/Logging/ExportXmlTest.php,2b5765fd1a8d9bd89d817245952824080da30edb094c1fd0aba55c319a934018,443
dev/tests/integration/testsuite/Magento/Logging/Controller/Adminhtml/Logging/GridTest.php,db530f9aa3b942766e928f1afe737861aeedae30b2c8b29bbcfe19d1e638786c,433
dev/tests/integration/testsuite/Magento/Logging/Controller/Adminhtml/Logging/IndexTest.php,c873b985ac3597d990eb8b13648b97cadc5c86111d14b022dc931ab4f35dc748,435
dev/tests/integration/testsuite/Magento/Logging/Model/Config/ConverterTest.php,f77eb45ab5f7e4de6fa440c292204338b3b74a74906aa10c9d05e1c418a22f76,2182
dev/tests/integration/testsuite/Magento/Logging/Model/Config/ReaderTest.php,24f4f4394ea8b7deb421fa40ff37ac4aa01e40cbaf84015d1cb8214793033a7c,1563
dev/tests/integration/testsuite/Magento/Logging/Model/Config/_files/Reward.xml,abdea7a2403af3e669547f24e676ac741538bb7cf8c991a023b753ddf84601e3,1773
dev/tests/integration/testsuite/Magento/Logging/Model/Config/_files/customerBalance.xml,c112f04a88de37deca94d832fdbdb281ad30cbc444cf9c4b5ef911ad98a733cc,1393
dev/tests/integration/testsuite/Magento/Logging/Model/Config/_files/expectedArray.php,7ec5d37a03d34750391d9c5a9c99e5d9d8e6554e996b19d93377a017ad5e7604,3880
dev/tests/integration/testsuite/Magento/Logging/Model/Config/_files/logging.xml,5be8ae5e2c5c2164c8f1e7b3e5d196ad97d9c6253269e2739c43425aeef922f6,4242
dev/tests/integration/testsuite/Magento/Logging/Model/ProcessorTest.php,f4109227730ebc5ccdae9a81e2d1bd1360effc86fee319a8fc3b87df92733370,3437
dev/tests/integration/testsuite/Magento/Logging/_files/user_and_role.php,edf94d6ebaf511147fbae30ae65cf9424ce5453f195b92e0637019084e885c75,688
dev/tests/integration/testsuite/Magento/MultipleWishlist/Model/ResourceModel/Item/Report/CollectionTest.php,0f98f00fb57ed7046fcb640c280e4185312ab2d198f637c5a6ec19b31cef3a3a,879
dev/tests/integration/testsuite/Magento/MysqlMq/Config/Reader/FileResolver.php,e6dc2f655852c429be4d76b46519115a657d4bb50b7c91ccdc9df33b96d44dea,2240
dev/tests/integration/testsuite/Magento/MysqlMq/Model/DataObject.php,704d6614a86ba663f29b97c03c41ca35b8bd33fecb8ae580bca1f6bebe3c3a9c,794
dev/tests/integration/testsuite/Magento/MysqlMq/Model/DataObjectRepository.php,a5c1191e95d123750ee93ff044ad5a1c03b25fe6811b3459d8f20de8a9340868,645
dev/tests/integration/testsuite/Magento/MysqlMq/Model/ObserverTest.php,4a6856cdc2714580316836e3d332d984676432bc53fcdd345bba72415527f9c7,7719
dev/tests/integration/testsuite/Magento/MysqlMq/Model/Processor.php,0f01bfed6cc70695af8cf8cbb5849713700a79fd10cdeb6b8513eb8a97f19b01,689
dev/tests/integration/testsuite/Magento/MysqlMq/Model/PublisherConsumerTest.php,77d20b3452eac6d682506025e8c8a0b5d01930afd9f97d144c06904c8e34305a,8353
dev/tests/integration/testsuite/Magento/MysqlMq/Model/QueueManagementTest.php,f17b52e85061e64e61e4e3fc29c35761ac927d5d3be5c38c7d80e9214768a4eb,4874
dev/tests/integration/testsuite/Magento/MysqlMq/_files/messages.php,649a28f1c64f78ede371820a3c818f1fb54fb596914fe7c5b114d2b5551a0755,769
dev/tests/integration/testsuite/Magento/MysqlMq/_files/messages_done_old.php,85954cca093eb95459294392586652e9681b9959c5967ab4814c494015f4b483,1993
dev/tests/integration/testsuite/Magento/MysqlMq/_files/messages_done_recent.php,d30a144668a58a695a2728c3dd79c8bd62ac7d4e1ceaa62a09288c3a5887bf79,1300
dev/tests/integration/testsuite/Magento/MysqlMq/_files/messages_in_progress.php,115d1a7945526aa8391b303305d5121069ace6e833bd5eedfe88bd55efef1c41,1779
dev/tests/integration/testsuite/Magento/MysqlMq/_files/queues.php,0960bcaa4453f11ed0fc7b77c8e2266b6127105675d7588827603f71cd109bc6,708
dev/tests/integration/testsuite/Magento/MysqlMq/etc/queue.xml,136ec98dd19b594202fff49ef4c688c85551d96ad04f6f2312fffb509f0c14b8,5214
dev/tests/integration/testsuite/Magento/PersistentHistory/Model/CustomerEmulatorTest.php,37783b41c08214ed899307eca6048934e6bb7300bc1526ab2f828a18a73ebc11,3715
dev/tests/integration/testsuite/Magento/PricePermissions/Observer/AdminhtmlBlockHtmlTest.php,504f7e489ebf8d698f5c1b1477b5b3b08395d4165da36d15f0d430f3225f9e86,3647
dev/tests/integration/testsuite/Magento/PromotionPermissions/Observer/AdminhtmlBlockHtmlBeforeObserverTest.php,2a9bbf78d4d884f6690bbf5458f390b1ac7236f5a2072a851dcb80a98bfcf9d7,2287
dev/tests/integration/testsuite/Magento/Reminder/Block/Adminhtml/Reminder/Edit/Tab/GeneralTest.php,24a5b71187b8fd107fb587ebc4f4fb134a4bef636a68f8543624bae758894f8a,2064
dev/tests/integration/testsuite/Magento/Reminder/Model/ResourceModel/Rule/CollectionTest.php,fa50c2f9bef45549a0d5a0184566055458eff2945b3cbee4fc319391bbc89589,993
dev/tests/integration/testsuite/Magento/Reminder/Model/ResourceModel/Rule/TemplateTest.php,298351e2c321aca1672f426f3dbe3558fba8680892b932e409323460b8bdc01e,2930
dev/tests/integration/testsuite/Magento/Reminder/Model/ResourceModel/RuleTest.php,fda2de0d783857d331a8def7c9e55b698fd5687f3c5acb12fcd66c95e89b6894,2101
dev/tests/integration/testsuite/Magento/Reminder/Model/Rule/Condition/CartTest.php,7a872dea31888e54e0a348b98b29e623448039f8577f7d62a02db244a99b51ae,2165
dev/tests/integration/testsuite/Magento/Reminder/_files/customersForNotification.php,e5aa5b840f6ec2f3a308347fdf32c4071e6414bae5ee64f55783fb3353a86583,1939
dev/tests/integration/testsuite/Magento/Reminder/_files/rules.php,0bdc32e58b8b0e62b689db10f7555bd0f06df311d6dc816b007b294d5fa71856,1675
dev/tests/integration/testsuite/Magento/ResourceConnections/DB/Adapter/Pdo/MysqlProxyTest.php,e682796959bc0cc7b498754a379d02b10695929dd6fe24a4a0c4d3c56cff8608,4178
dev/tests/integration/testsuite/Magento/Reward/Block/Adminhtml/Reward/Rate/Edit/FormTest.php,d3666b9699f54cf3bdb51703b2cdbceac0543f7bb54fae79e62eb367e53568e4,2186
dev/tests/integration/testsuite/Magento/Reward/Block/Customer/RewardTest.php,fa60104661f91f038f4aff13469178c719c91f9fe0af9eac635b9c37e25aad06,1380
dev/tests/integration/testsuite/Magento/Reward/Model/CollectorPositionsTest.php,169e2ed94ec82fa94e50d0c573c907eee4e7a59ba1a55a0878844963b237114e,1110
dev/tests/integration/testsuite/Magento/Reward/Model/ResourceModel/Reward/History/CollectionTest.php,5f2c2d521f3c7dc583f1fcb833503098ca31175e0f8ce1fd72e718ae5fe64fdb,1057
dev/tests/integration/testsuite/Magento/Reward/Model/Reward/HistoryTest.php,7d843e5981679282ec77764ac5c6e52d61f8235e616b0888fccd3e87a2ca8d96,1336
dev/tests/integration/testsuite/Magento/Reward/Observer/SaveRewardPointsTest.php,6aaf473f49dd2c1646e3474257aa979221605645e20601656e6cb375fc9d439d,2829
dev/tests/integration/testsuite/Magento/Reward/_files/history.php,a16059d22da1cd1450eeef074d8c2bcb52ded680ed4b6ef193d20f2d08848e8b,535
dev/tests/integration/testsuite/Magento/Reward/_files/magento_reward_customer_info.xml,a2d5d52a0386662cc2101ed600bcb0f2e877a5ee8bdc6d06390c40bd05b253d3,851
dev/tests/integration/testsuite/Magento/Reward/_files/reward.php,576fb469b3cf7c4c68dfb79212d217760cf003fe0ab1f98d312f2fb6a0e1f315,412
dev/tests/integration/testsuite/Magento/Rma/Block/Adminhtml/Edit/ItemsTest.php,990309f14b6e404ee71ed748081bba2facf5962764644eeebfcc3d41a72a4a90,1689
dev/tests/integration/testsuite/Magento/Rma/Controller/GuestTest.php,ca3c7841151447e068db3fe197063db056a21c95168d2c2c479aca9ec0d963de,1684
dev/tests/integration/testsuite/Magento/Rma/Controller/ReturnsTest.php,cf675b620c786ae3a7e23799b42315a05909549b061f7cc0009ec054ec527f05,2220
dev/tests/integration/testsuite/Magento/Rma/Model/Item/FormTest.php,6b05c62587ba222475c6c46bfde4fb06a6c692a96fd9bc13126652613fe8eab7,720
dev/tests/integration/testsuite/Magento/Rma/Model/RmaTest.php,822743ce6f17f87c81e1f146fbd57da92ffe953ede522b2cc1c3294e72b30e2f,2395
dev/tests/integration/testsuite/Magento/Rma/_files/adminhtml_rma_chooseorder.xml,df5580bfaba4689dc06c3ba3ee49e6f0d3f1603955875c001e98468aef21c593,661
dev/tests/integration/testsuite/Magento/Rma/_files/adminhtml_rma_edit.xml,322337a4627f14b77ee7c86589d45127a1ed52578e828eefd3ed701b32fb992a,3226
dev/tests/integration/testsuite/Magento/Rma/_files/order.php,615a7f9bf652b633d6570016a6da72d4a6af361b15c97a79dd581fcfccdf2339,1850
dev/tests/integration/testsuite/Magento/Rma/_files/rma.php,f8ab09a65ccb4c8a2d4834fcde7a893a8b37b5f44d8f505f62a1caf00d0b095b,956
dev/tests/integration/testsuite/Magento/SalesArchive/Controller/Adminhtml/Archive/AddTest.php,9a9d8360d6423481adc20725db50bd168e9501eda6a81090d0d42a31365eb52a,422
dev/tests/integration/testsuite/Magento/SalesArchive/Controller/Adminhtml/Archive/CreditmemosTest.php,116b0f0421cdfca78409581e12fedbe43627dc00678e1444a614567c749d47f5,446
dev/tests/integration/testsuite/Magento/SalesArchive/Controller/Adminhtml/Archive/InvoicesTest.php,ef4facbdbc5f6174f6abd7778a64ccfc6ca647608d8be887b69066656c44b4e3,437
dev/tests/integration/testsuite/Magento/SalesArchive/Controller/Adminhtml/Archive/MassAddTest.php,b520ad9f23bd68191383289e5db53e73d36c2462ad4de8c20f9f69650442d7c3,430
dev/tests/integration/testsuite/Magento/SalesArchive/Controller/Adminhtml/Archive/MassRemoveTest.php,6780aaea7205de110ae168ee89044161c17483ba792d74a9c0b1cd50a32e4b8b,439
dev/tests/integration/testsuite/Magento/SalesArchive/Controller/Adminhtml/Archive/RemoveTest.php,7010eb7d40d09a907cd6079f0b2b8774ede7d56eb919477bcac80d2eabcb93e5,431
dev/tests/integration/testsuite/Magento/SalesArchive/Controller/Adminhtml/Archive/ShipmentsTest.php,73d361dd30c7cb8256f8b1c3f57abdda79d2e5a3b02c9b887b61ce8b4b181dcf,440
dev/tests/integration/testsuite/Magento/SalesArchive/Model/ResourceModel/Order/CollectionTest.php,90810eca3135bf49cf045015e024bb83822f8772b780fbdfbd8a0084eb7859b2,549
dev/tests/integration/testsuite/Magento/ScheduledImportExport/Controller/Adminhtml/Scheduled/OperationTest.php,adf989f5ad69eeb412f15330341599dc3846dcc4213c00593b57704231eee6ee,5145
dev/tests/integration/testsuite/Magento/ScheduledImportExport/Cron/ScheduledLogCleanTest.php,3652ed359dd8e4889c4bf99ed05e508f163d1aaa9d3f3ea3a038fb2e9753b4fa,2010
dev/tests/integration/testsuite/Magento/ScheduledImportExport/Model/ImportTest.php,a7c5811ad3a7bd48cf6e27d043d3ea6a5cf160901a4516f466d7e78d4e8d7200,1488
dev/tests/integration/testsuite/Magento/ScheduledImportExport/Model/Scheduled/OperationTest.php,5e672614ada0f47afcb0f2dc0511595280afd34350db54625eb8ddcadcf03a85,3145
dev/tests/integration/testsuite/Magento/ScheduledImportExport/_files/customer_finance.php,ed8317525847b21e69a369d90cd19bcdbdecd150d8288ce8693476c3f307bd92,3328
dev/tests/integration/testsuite/Magento/ScheduledImportExport/_files/customer_finance_all_cases.php,2f2a8d6f8630b03b2e2bb5f0938ef45e1430ef321f0b4c30386c72d6d20ad7ed,5609
dev/tests/integration/testsuite/Magento/ScheduledImportExport/_files/customers_for_finance_import_delete.php,c8702fb690b0bf27fbde59813d3eb2c9f4cd26a25a0b76065c7b763bc9be3a2b,8903
dev/tests/integration/testsuite/Magento/ScheduledImportExport/_files/operation.php,a65d115380c40069f40fc6bde939a00b95f481b0d6d93eb67b9040778667db62,1028
dev/tests/integration/testsuite/Magento/ScheduledImportExport/_files/product.csv,a1d4678ae1b36a09d12620debba3fd90d441b9532521dd83e771933ae29ac29a,1883
dev/tests/integration/testsuite/Magento/Solr/Controller/Adminhtml/SearchTest.php,86893390be6e4f4b88a772270cf588c24a6d28765879934ecba695edfaaf16e1,1138
dev/tests/integration/testsuite/Magento/Solr/Controller/Adminhtml/_files/search_term_calculator.php,9b6d0f2182605c0cc5dec2943af185a8872afdd1cffbcabccf728c4c88fe226b,659
dev/tests/integration/testsuite/Magento/Solr/Controller/Adminhtml/_files/search_term_laptop.php,b0a6ba17c9b383af5a189ce0148ff66ae8258e235d6a2e21ddafe1e7b753b1e1,653
dev/tests/integration/testsuite/Magento/Solr/Helper/DataTest.php,d01a349e522246f7b4dd4bbc5d2e612b63e431f6b4bf8d0b4f0fc610cfb0959c,6604
dev/tests/integration/testsuite/Magento/Solr/SearchAdapter/AdapterTest.php,c09608433505fccc58ee8341b8deeb9b4e57187eacc7cc6947ed2100a70fac20,13332
dev/tests/integration/testsuite/Magento/Solr/SearchAdapter/_files/products.php,12c07940184d3cae4c2da34b3b3d24267473bb75718cd65dbafd2d30e9589751,250
dev/tests/integration/testsuite/Magento/Solr/SearchAdapter/_files/products_rollback.php,c878b91529ea3ddd11dc121ac953c299e40d65c0fa985c2ca9e0ddfc34215ad2,259
dev/tests/integration/testsuite/Magento/Solr/SearchAdapter/_files/requests.xml,bb5a6facdb52aebad344ea08f170b84270be36bd2028ce6efffca12ae075da58,13942
dev/tests/integration/testsuite/Magento/Support/Model/Report/Group/Cron/CronJobsTest.php,b412019846fd1948c3df1f76d959f29279f5f3c50687326d6888a783f7e17526,1308
dev/tests/integration/testsuite/Magento/TargetRule/Block/Adminhtml/Targetrule/Edit/Tab/MainTest.php,137cb0225f58d5c4c2dd9784f747f863a25900f3fcc07bfa1221f9685d7f964c,1816
dev/tests/integration/testsuite/Magento/TargetRule/Controller/Catalog/ProductTest.php,460baffd4f4ff9de89ffffa21d3d1e503f88bf9e57beab5c05856b5f8d77f4f7,1429
dev/tests/integration/testsuite/Magento/TargetRule/Model/Indexer/TargetRule/Action/FullTest.php,5ab650f8ff14ccdeec1dfe273b587cdb4330a4b5596ee386719a929d659567ad,1440
dev/tests/integration/testsuite/Magento/TargetRule/Model/Indexer/TargetRule/Product/Rule/Action/RowTest.php,4632b10c166c9fa7f228080b059ad3f3a18395ee913876ad6b0afd9b275ff160,2526
dev/tests/integration/testsuite/Magento/TargetRule/Model/Indexer/TargetRule/Product/Rule/Action/RowsTest.php,0feff780f08b751aa6fc8d68ef91601b268d8905346c2d40d6922b3270634166,2579
dev/tests/integration/testsuite/Magento/TargetRule/Model/Indexer/TargetRule/Rule/Product/Action/RowTest.php,df1dfb9eb014e593588dbea8f5b00fa1a24133dfee113a6f59a407b3ee7c60fa,4473
dev/tests/integration/testsuite/Magento/TargetRule/Model/Indexer/TargetRule/Rule/Product/Action/RowsTest.php,aa42ff18d791844182a47eae1952ceca8dbd0e3058a938186cd362d222a4ee68,1667
dev/tests/integration/testsuite/Magento/TargetRule/Model/RuleTest.php,d5c618632ce34e1286027ad0dabbb318c8dce6d7b02b740e8210ad7a8a1a38ba,2145
dev/tests/integration/testsuite/Magento/TargetRule/_files/related.php,039087b269c7f82bdacc9510018da8038610f433d9714dbd82e1fc3b4cdc5891,558
dev/tests/integration/testsuite/Magento/TargetRule/_files/upsell.php,bbebff4d1d4abfa59d9aa8ac3053315d66da8024e528eabca3ef2d6993cf46c4,158
dev/tests/integration/testsuite/Magento/Test/Design/Frontend/Enterprise/Fixed/Enterprise/GiftRegistry/Magento/Catalog/ProductTest.php,6896c65bb3e69072a153160a6ef2c0e7e3432bb3a33e0e69ecf09b0726051853,874
dev/tests/integration/testsuite/Magento/Test/Integrity/Magento/AdminGws/ConfigFilesTest.php,6e8c6ebe9618fbf37668876fa4836784857c05c13ff317eaadcfa55943e637f8,3967
dev/tests/integration/testsuite/Magento/Test/Integrity/Magento/GiftRegistry/ConfigFileTest.php,d8d8e55fb9cdab124fc1f2f68aaf78e50f0ee84a399c3fb50e28100a167f9b8f,1902
dev/tests/integration/testsuite/Magento/Test/Integrity/Magento/Logging/ConfigFilesTest.php,44b090a6ae3d6dff720118d984a6af1d32246b54ad842fe882be52c1dd115e01,1240
dev/tests/integration/testsuite/Magento/Test/Integrity/Magento/VersionsCms/ConfigFilesTest.php,5f49cf0e32ddc0ccccab76d62c7107f731c6b3ba4e14b44b8228b0eb65a596d8,1774
dev/tests/integration/testsuite/Magento/Test/Integrity/Magento/WebsiteRestriction/ConfigFilesTest.php,db83340177450a656f800eba29af1222213fa6a2a04821f946baa2e83ed9f22f,1873
dev/tests/integration/testsuite/Magento/VersionsCms/Block/Adminhtml/Cms/Hierarchy/Edit/FormTest.php,7d533e38318bd684c784827370c7689099b7fdfab358c90222b345dcc67b28f5,3112
dev/tests/integration/testsuite/Magento/VersionsCms/Block/Adminhtml/Cms/Hierarchy/Widget/RadioTest.php,e5d58e7ddc17d01f3a08734a710283ef60cf15a815eca884be9f2afd3940c9ea,2810
dev/tests/integration/testsuite/Magento/VersionsCms/Controller/Adminhtml/Cms/Page/RevisionTest.php,365124e9ead302b1b25ed65bdacc40e5f0ea2754f83949e484eb1ca7f577457b,982
dev/tests/integration/testsuite/Magento/VersionsCms/Controller/Adminhtml/Cms/PageTest.php,3e65459d22ecd0dd2c66600587e4dfeee01106240d2900b953d7fed3a01d3170,623
dev/tests/integration/testsuite/Magento/VersionsCms/Controller/Cms/PageTest.php,17e73052f4a744f642b21310688dd8703ab3784fddb4c3e3ce9c6f61137bd511,745
dev/tests/integration/testsuite/Magento/VersionsCms/Controller/Page/Revision/DropTest.php,a1a91b9b9d8e588702fabfed5c7ab1a547413e163b86ae43fc2a5d4cd733e58f,1444
dev/tests/integration/testsuite/Magento/VersionsCms/Model/IncrementTest.php,067c1ddbc95e95a3510db4e200f1310d7cf599dd6dfcc706b08d7cef39e51c38,1239
dev/tests/integration/testsuite/Magento/WebsiteRestriction/Controller/IndexTest.php,1ee936ee47a5acd81b15ffec4b34b0d5cc62c25d4b41533058e6683f8618ca8d,1887
dev/tests/static/testsuite/Magento/Test/Integrity/App/Language/TranslationFilesNonEnglishTest.php,eff4c92c57db581d5c64d74128c72e92875d7bf5984020e55a419ec58f5fbfc2,2907
dev/tests/static/testsuite/Magento/Test/Integrity/Magento/AdminGws/ConfigTest.php,fe85a7bc0518c2aa116c5b2112c8d8d12358a7bb37b72c3cb9c22a3af0f373c2,1685
dev/tests/static/testsuite/Magento/Test/Integrity/Magento/Framework/Api/_files/ExtensibleInterfacesTest/blacklist_ee.txt,b1c274c017c9642ad98735cddbb7efca6c7c54a8d4d520cdaf3adc0772d864a7,69
dev/tests/static/testsuite/Magento/Test/Integrity/Magento/Logging/Model/ConfigTest.php,81f208e5e7963428b9c63426dc3a2285d7e6fca7e41a140ea4afe27534d2794f,2097
dev/tests/static/testsuite/Magento/Test/Integrity/Magento/Logging/Model/_files/invalid_logging.xml,9f4003216f4344be7e55d487e8b96cd61ad9f18d89e4691ae132a91964fc409d,1543
dev/tests/static/testsuite/Magento/Test/Integrity/Magento/Logging/Model/_files/logging.xml,7a7696c7f0781d1608fbbb1ec2a09d1dbb3871017621ab62115f038ca545e16c,2230
dev/tests/static/testsuite/Magento/Test/Integrity/Magento/Logging/Model/_files/partial_logging.xml,eaabe6f33344e5e4022b122662f5304f47dd0185ad84321ced4c89bc9555c172,996
dev/tests/static/testsuite/Magento/Test/Integrity/Magento/Reward/LayoutTest.php,0ef3d033dc0ac4e9fcdf394165b93adb0987d3ca1550d9ad1b299e79881b668d,1450
dev/tests/static/testsuite/Magento/Test/Integrity/Readme/_files/blacklist/ee.txt,e3b0c44298fc1c149afbf4c8996fb92427ae41e4649b934ca495991b7852b855,0
dev/tests/static/testsuite/Magento/Test/Integrity/_files/blacklist/exception_hierarchy_ee.txt,26c744cd53af9ebb5f3297927f686ab37b3ad29b437d1cfa976d788c3be9ef48,56
dev/tests/static/testsuite/Magento/Test/Integrity/_files/dependency_test/tables_ee.php,5e02fc4333af8f526caac2e35c3f420737bfa9615b77c092a15e7e96adf16a84,7444
dev/tests/static/testsuite/Magento/Test/Js/_files/blacklist/ee.txt,f2f48ca4c0db36f0803072aba1b905ea18971cd36f1a6c2415163705b54d8b98,7298
dev/tests/static/testsuite/Magento/Test/Js/_files/jshint/blacklist/ee.txt,28632824ee607e855023e6f8f1085c2084f8be139717affb8d03501a6dd0bac9,98
dev/tests/static/testsuite/Magento/Test/Js/_files/jshint/whitelist/ee.txt,65e90e21baa6372cca713b8e9bafe289a38dbbae27e43eb71f5620d3b8aa8415,248
dev/tests/static/testsuite/Magento/Test/Js/_files/whitelist/ee.txt,3f8673720f2c143062cedd16fe72a5985884d666572115f1f3a8a47d76d85edc,92
dev/tests/static/testsuite/Magento/Test/Legacy/Magento/AdminGws/ConfigTest.php,3653d90ead749d49dfe7a0183f57c90a2f80fd521b0bedf5815bc548b94a4fae,1231
dev/tests/static/testsuite/Magento/Test/Legacy/_files/connection/blacklist/files_list_ee.php,ed984b46a314976d8b5606dc01c63f69987d5eab8406e78af00f9953b70e01d0,1043
dev/tests/static/testsuite/Magento/Test/Legacy/_files/connection/whitelist/refactored_modules_ee.php,ce7d6bca32755cdc9fd4e81d4a27cd31e7037f142be39336a773229c3c41250f,1826
dev/tests/static/testsuite/Magento/Test/Legacy/_files/obsolete_classes_ee.php,aef29894767b4260e2573b084433f4a3ff7252eabb9526bdb733e1412e7bc5f2,14042
dev/tests/static/testsuite/Magento/Test/Legacy/_files/obsolete_config_nodes_ee.php,9ca8a20da45a3f70a4c45ede1984e4179be3e38df68bb8a88ddcf46b761cf1a0,1201
dev/tests/static/testsuite/Magento/Test/Legacy/_files/obsolete_constants_ee.php,707ff172b30fece7482417867c573d68d968631bfef021199dc893f293ed7250,6553
dev/tests/static/testsuite/Magento/Test/Legacy/_files/obsolete_methods_ee.php,5ca912c399498898d2bc687425aa6e166cee9116eed8a83c3bc8d2549b1ad41b,33169
dev/tests/static/testsuite/Magento/Test/Legacy/_files/obsolete_namespaces_ee.php,60dbe2520b426093697adf8c16008cd1b3e4d0c030da8f11c49fd8e8a930033d,4811
dev/tests/static/testsuite/Magento/Test/Legacy/_files/obsolete_paths_ee.php,da27d88a9896ebc1bdbba85fc704dc6b758ef98f6ff0f852c63cee3fe2ed6b44,267
dev/tests/static/testsuite/Magento/Test/Legacy/_files/obsolete_properties_ee.php,fd7b4ed284af47216e45665f336a4dad0e193893e61597e2a3c69291d0f726a5,3593
dev/tests/static/testsuite/Magento/Test/Legacy/_files/restricted_classes_ee.php,36438610271347044f711db1c4f2e9b08ae8f3b948120d677f72194e8553fa4a,541
dev/tests/static/testsuite/Magento/Test/Legacy/_files/words_ee.xml,8cf901e6fead80b1cb458ef2ceaa917cc63efffc84736715d717040b2a5fddbf,511
dev/tests/static/testsuite/Magento/Test/Legacy/_files/words_internal.xml,60c4ecaba567bb8081177da9a455a0d542f18158774aa82fb35d3c119ac89e85,932
dev/tests/static/testsuite/Magento/Test/Php/_files/phpcpd/blacklist/ee.txt,c0504c9ad62fb52667e9998e99712b6ccefc6ccdc1b57540f732a5050246feeb,1719
dev/tests/static/testsuite/Magento/Test/Php/_files/phpcpd/blacklist/non_public.txt,f7ca4f6c50b833cc47285c13059c332b64254012762adbd3d3364835e64e1d91,6
dev/tests/static/testsuite/Magento/Test/Php/_files/phpcs/blacklist/ee.txt,a34f22b3479c2366e0bb64d3612f9f00d25cbc7b9b4f56423de5eeaac9285127,120
dev/tools/.gitignore,4d7a1fd0f4ab5cc75f61ea2101f6a79efe8d84a4a911e28d2e72641b89541282,12
dev/tools/build-ee.php,63b1c3e33f272aca2f0f1e7ced4daa2fdda892b31c7e1f8bdbd3e173b98e4139,5322
pub/errors/enterprise/404.phtml,9b05b05f61c9761133de0dce00fdfd2ea2ea947ae1926f7ba62384c36975dd86,145
pub/errors/enterprise/503.phtml,f4fc69922450f01aceab50b48ca3ea21a1b723c41d95636a0828cc032dc25de0,288
pub/errors/enterprise/css/styles.css,03f7d04688a2fd505f04d1573559030282f0cb34213c67b65344ae8ba65b27c5,2222
pub/errors/enterprise/images/favicon.ico,ce2de4b3be943fd5414dc6f3190d332fc9f6369f5dfbf6366b00b261ed02a4cf,1150
pub/errors/enterprise/images/logo.gif,b14c12139d846853b341d5c751052018c89b02cb2132c40122b6d00c97441248,3601
pub/errors/enterprise/page.phtml,63a3eff11182e02637eb8bc3fcd926ade69bc33a0f6ae7d93469d63b57b333cf,731
pub/errors/enterprise/report.phtml,007a768e6d6747974fbda740e60ddb3e72f30d557eab4e12dc8f8bb738fb7786,3496
setup/performance-toolkit/profiles/ee/extra_large.xml,0064d4febe72f85a03d3652db81187252b2e02f15ef5e0f1861daff07b0a6fea,3583
setup/performance-toolkit/profiles/ee/large.xml,a2fba2776aaefe801dca601e0c8302e109adb87185b89d03a6ffdc126f198f2d,3581
setup/performance-toolkit/profiles/ee/medium.xml,a11dd4e978408056d271ee0a23151b24723fa7f88837ac6863705a8534658bec,3584
setup/performance-toolkit/profiles/ee/small.xml,c801246517b5aba365b4fd2f4d3ea65ca752b08eb13ed23e3d991e7d8616aa1f,3577
setup/src/Magento/Setup/Fixtures/OrdersEEFixture.php,4e841eeac90865971fc7b8829891062b3c59d4edd8aff25d8003dbe140317a76,43123
setup/src/Magento/Setup/Fixtures/TargetRulesFixture.php,49312180423bd575510b3baa061d47a532697fe44efbff1974a0481b11e0942a,5333
