path,sha256,size
LICENSE_EE.txt,f459a0a68660ccc9b7809f73f7c6deb22e622603754a18e866496b59db020569,30634
README_EE.md,6691721c2d3c888956092ea24b68db384a4d697a560d9bb58a6808dbb316c742,2657
composer.json,a290a274c33dbcc407df42f647462865868ac7effd14097e3de615461901b667,3357
dev/tests/api-functional/testsuite/Magento/CheckoutStaging/Api/Data/ShippingInformationManagementTest.php,657f39233771d63a8eb816732a9fc13d9de061c3c1523c5365a79b8e9fb802d7,3786
dev/tests/api-functional/testsuite/Magento/CheckoutStaging/Api/GuestPaymentInformationManagementTest.php,2ff874c81eb3eb4ed0d186dfb49c11b4f64ee5490bb0d0a2d21a724bdc2ba586,2976
dev/tests/api-functional/testsuite/Magento/CheckoutStaging/Api/PaymentInformationManagementTest.php,100959440faa7feaeeb3e5eb41fb51354f1b32b5d203f56ff9bcedc0a75610fb,2912
dev/tests/api-functional/testsuite/Magento/CustomerBalance/Api/RetrieveFromCreditmemoTest.php,c1da929051b2ff2f9727632873f29b6bbd828a82cba49607f6315de758c7d124,2363
dev/tests/api-functional/testsuite/Magento/CustomerBalance/Api/RetrieveFromInvoiceTest.php,06bd9abbc18d57d4c8ea0fcd482c7b6726f483b0062bb1686e0d43761d077f5a,2150
dev/tests/api-functional/testsuite/Magento/CustomerBalance/Api/RetrieveFromOrderTest.php,2c5f95230baddd456a31e765a4499c6789f37c43b7b171f888af45eafd995303,2659
dev/tests/api-functional/testsuite/Magento/GiftCard/Api/CartItemRepositoryTest.php,b23322bbe35d02773918da0c35728174da88decee3c25cea909e55f999b6ad73,20009
dev/tests/api-functional/testsuite/Magento/GiftCard/Api/OrderItemRepositoryTest.php,931d51ec29cc27e4eaab784aa2f9ba0f8354c3cae9a36b5496259c08f17bf9d1,5178
dev/tests/api-functional/testsuite/Magento/GiftCard/Api/ProductRepositoryInterfaceTest.php,1380b7d24e57011b627bd6a1f49fc8cfad84a6b0c56a992a156c67d01ad55aa1,6581
dev/tests/api-functional/testsuite/Magento/GiftCardAccount/Api/RetrieveCreditmemoTest.php,c90a9ea80ad721055bca3da3e783b822675c27898c4139d3c76e6cd8ed59d7c6,4166
dev/tests/api-functional/testsuite/Magento/GiftCardAccount/Api/RetrieveInvoiceTest.php,fbe6607e9ad436840e085df8de06b1bdfd0e79d59e979d381401c6d89b747a17,4015
dev/tests/api-functional/testsuite/Magento/GiftCardAccount/Api/RetrieveOrderTest.php,eee8a921fb301d7408907978cb5aa66deff754ee7feabcaa7ad6794a174cff06,5560
dev/tests/api-functional/testsuite/Magento/GiftCardAccount/Service/V1/ReadServiceTest.php,10f651232ad70df07fc7f8854da752331f57535b9048b68e4e0659344cd04ad5,2208
dev/tests/api-functional/testsuite/Magento/GiftCardAccount/Service/V1/WriteServiceTest.php,bdaf8933744e313a5ac9bb21a08dd11d2c65949841b6ae53eef738589157dda4,3528
dev/tests/api-functional/testsuite/Magento/GiftWrapping/Api/MessageCartRepositoryTest.php,f66c60bdbf1b29f52a8b840633d0f5f49a39016a8822585d31763bfdb2ab35eb,5484
dev/tests/api-functional/testsuite/Magento/GiftWrapping/Api/MessageGuestCartRepositoryTest.php,32785056519d56db8f79d7fc496b659f28c7beb53b5df3a0781d420a076bc1e7,3353
dev/tests/api-functional/testsuite/Magento/GiftWrapping/Api/MessageGuestItemRepositoryTest.php,3619708447ca067da8c62683d00cab2aee0992a4f5e1a1f077aeecc9875753e9,3346
dev/tests/api-functional/testsuite/Magento/GiftWrapping/Api/MessageItemRepositoryTest.php,bbe38c6e677a6a088672ef0545d692df8098dd8f3bd80ebfe132ff5d90341a4a,5471
dev/tests/api-functional/testsuite/Magento/GiftWrapping/Api/RetrieveFromCreditmemoTest.php,a8ae5fa72774850967876311d26f9089a58f3abcc5aa46f8b8a8bf7230e3193b,4059
dev/tests/api-functional/testsuite/Magento/GiftWrapping/Api/RetrieveFromInvoiceTest.php,955ee56ca822a385fd6c270e52a27a1739b8e699dde272c388a4deb6e426f922,3849
dev/tests/api-functional/testsuite/Magento/GiftWrapping/Api/RetrieveFromOrderTest.php,eea23d21d7b02fc69916f4b0b92fc2e75528b6f1c20e2bf70b7583add0db7c7b,12029
dev/tests/api-functional/testsuite/Magento/GiftWrapping/Api/WrappingRepositoryTest.php,0ea476e638564170fdf0d43380888251c651a6964add89176bba8589b68ec2db,15799
dev/tests/api-functional/testsuite/Magento/GiftWrapping/Api/_files/test_image.jpg,223c210eed5f417924a0d3f9ebc61fd357e7d88661ff3146746db801b56ca64a,1779
dev/tests/api-functional/testsuite/Magento/GraphQl/CustomerBalance/ApplyStoreCreditToCartTest.php,0073f37229324385c9cc5aff0a1f8e728f0a20c35053e20c051a7eef18c426ab,8166
dev/tests/api-functional/testsuite/Magento/GraphQl/CustomerBalance/PlaceOrderAfterApplyingStoreCreditTest.php,b9817c08277ac8b3f5890911eebb7befd645e61bfdfd1baed0a3127fd3e1eb7f,15307
dev/tests/api-functional/testsuite/Magento/GraphQl/CustomerBalance/RemoveStoreCreditFromCartTest.php,9e38bc8b0ff9401f143a2690b423c68b752025883d6bebbf2ac8a655e2b80114,4850
dev/tests/api-functional/testsuite/Magento/GraphQl/CustomerBalance/StoreCreditBalanceQueryTest.php,d3afdc863d768e4a92890790653464773cce893896021751c501b5d7e9333963,16531
dev/tests/api-functional/testsuite/Magento/GraphQl/GiftCard/GiftCardProductViewTest.php,af8c84098bd12428516da7a2ec886913bc950b14c2beb6c7afd7a2eb7a5b3685,4831
dev/tests/api-functional/testsuite/Magento/GraphQl/GiftCardAccount/ApplyGiftCardToCartOnMutlipleWebsitesTest.php,ab0601d3e5fc07fe5b6392dbfbad75df5040cb38c45436992701de61f7e61fce,9233
dev/tests/api-functional/testsuite/Magento/GraphQl/GiftCardAccount/ApplyGiftCardToCartTest.php,8b6c70610c96df492a3c952c68123cd5ece585e846df4eef214dd749efd0fc15,10681
dev/tests/api-functional/testsuite/Magento/GraphQl/GiftCardAccount/CartGiftCardAccountTest.php,b30dd64bb3f21f3ef039b3d5d4881888738d9ff98a57664e6cbfb51037fa316a,4076
dev/tests/api-functional/testsuite/Magento/GraphQl/GiftCardAccount/GiftCardAccountQueryTest.php,1db584647aa138e43605cec3f2d825e434c5c65605f0aa715820c8992d03390a,3592
dev/tests/api-functional/testsuite/Magento/GraphQl/GiftCardAccount/PlaceOrderAfterApplyingGiftCardTest.php,94f9f7be919cb3317844319cfb4df1b477a25db1202191b37d3bd5ff6905b4c0,13577
dev/tests/api-functional/testsuite/Magento/GraphQl/GiftCardAccount/RedeemGiftCardTest.php,346678fe9499abe10f01f75e8af6f6858dace2d9cc56517386cb2ebdb4337218,4810
dev/tests/api-functional/testsuite/Magento/GraphQl/GiftCardAccount/RemoveGiftCardFromCartTest.php,f06535430ad8b546d984ad9d15d560c793634a567db40ab82761c6cf3c220db3,5595
dev/tests/api-functional/testsuite/Magento/GraphQl/Staging/PreviewCatalogRuleTest.php,0ee280bbcf585e6878a0d955f2e85854e5bde987060e7c218e7a9a58c1c71dcc,16250
dev/tests/api-functional/testsuite/Magento/GraphQl/Staging/PreviewCategoryTest.php,0f44824807dcb4b85080ad4cd0f00dc64a5d4a0d131336f440b7a7bc9c7078b7,8387
dev/tests/api-functional/testsuite/Magento/GraphQl/Staging/PreviewConfigurableProductTest.php,ab159022b4944eb8b1d3df76577bcb11a85968af7da388f405d3f081d9b2de0c,5124
dev/tests/api-functional/testsuite/Magento/GraphQl/Staging/PreviewSimpleProductTest.php,8b7efa1b51c07b4728f6927a9f490b93f80628b5062405bcaa2fe5c85d8acb86,11421
dev/tests/api-functional/testsuite/Magento/GraphQl/Staging/PreviewValidationTest.php,e93fc5de823a2b2ed1e4365cf4578071c678f8997256582b5c0eb141802d1e88,3168
dev/tests/api-functional/testsuite/Magento/GraphQl/Staging/SimpleProductStagingTest.php,d51f216205738b50631beefcbe7d28a2ade45fdc3d97cb25604cdac584a4a9fd,3571
dev/tests/api-functional/testsuite/Magento/GraphQl/UrlRewriteGraphQl/Model/Resolver/UrlResolverTest.php,80b73671636c1ec78901cf970c89e26186cf8fa58558c28187db60db654d7f63,1205
dev/tests/api-functional/testsuite/Magento/Reward/Api/OrderRepositoryTest.php,15f1f1c04b75040886669595a4c4879d9875b4cefdd2b80566b6fdf4fb5eed3c,4451
dev/tests/api-functional/testsuite/Magento/Rma/Service/V1/CommentReadTest.php,671962764ca3a94bc6334663d622a00083f8cee3d255d3b9f1024be25da875d2,1684
dev/tests/api-functional/testsuite/Magento/Rma/Service/V1/CommentWriteTest.php,f0692fc822b6952283aa8911a509964901317b7f1d28a6db8ba6035c60ea5a9d,2193
dev/tests/api-functional/testsuite/Magento/Rma/Service/V1/RmaListTest.php,b64da1ec907e79833459fc5de32484630d50a9a69f99e7a72e23dcf0372a0346,2846
dev/tests/api-functional/testsuite/Magento/Rma/Service/V1/RmaReadTest.php,14aee77f9528822a2f3924636fd3ee16b10141f37bdf59cd29614df7cd383615,7128
dev/tests/api-functional/testsuite/Magento/Rma/Service/V1/RmaWriteTest.php,91266a25a48a5c23d7709ead5a5740284dbccbd75c7ffc030821edb3952307d9,8687
dev/tests/api-functional/testsuite/Magento/Rma/Service/V1/TrackReadTest.php,4080e872a2ca004b61130336aa255446643be2ad6e2e5165fb78c069f4cac071,1654
dev/tests/api-functional/testsuite/Magento/Rma/Service/V1/TrackWriteTest.php,383bc2fbc8d1a3c4dbeb669f13582313111916f974f06cbef3b5eb250c9d0376,2863
dev/tests/api-functional/testsuite/Magento/SalesRule/Api/RuleRepositoryWithRewardPointsTest.php,0691f20e272051c86ba2f93a64468a7e93769aba6532808cf06c1e7200607b99,6435
dev/tests/api-functional/testsuite/Magento/WebsiteRestriction/Api/AccountManagementTest.php,b093748b3e2a39eacb1b748c473fb9dea93a733e5b9f436e871ddf9a9c9221af,3479
dev/tests/integration/etc/di/preferences/ee.php,6205feab010b2e21def58086cfaef0c118045daad77ad2befe5f97f78e8a9a0c,443
dev/tests/integration/etc/install-config-mysql.php.dist,62129d5b684d82c860297bcbd76b43c7493935df63ff83d4fc76acb7a3307cd2,789
dev/tests/integration/framework/Magento/TestFramework/MultipleWishlist/Model/GetCustomerWishListByName.php,82aa08277b46f8d913ea5835de58df7073161d545b37a4295860a9eabd92c32b,1483
dev/tests/integration/framework/Magento/TestFramework/ResourceConnections/Db/Adapter/MysqlProxy.php,9f6c8c143017d014e62e5fa74405681fb6bed26d474e76eecbd16103e3306700,2120
dev/tests/integration/framework/Magento/TestFramework/ResourceConnections/Db/ConnectionAdapter/Mysql.php,619472afe66af2bbae9fb8d881d0fc1100d0588fd69ad1b6b20fcc810b0138c1,549
dev/tests/integration/testsuite/Magento/AdminGws/CreateProductFormTest.php,479fb0d037ec11381b5ab68be4cd3c88576a29d242a8d4ef7dc9fea753010842,2522
dev/tests/integration/testsuite/Magento/AdminGws/Magento/CatalogEvent/Block/Adminhtml/Event/Edit/FormTest.php,0564b4027ef3e66c0679fad1305ae1c4745f88cc8abd3200f5de98029eec681f,2169
dev/tests/integration/testsuite/Magento/AdminGws/Magento/CatalogEvent/Controller/Adminhtml/Catalog/EventTest.php,d2510168fbab6b17658f3bae4db5ab456df1d5f6936139315a75c4af79072cfe,1158
dev/tests/integration/testsuite/Magento/AdminGws/Magento/User/Controller/Adminhtml/User/Role/SaveRoleTest.php,a713229eb9377b15c052cfdddfedace496288e295c385dec5052e340a9dec128,2619
dev/tests/integration/testsuite/Magento/AdminGws/Model/AuthorizationRoleSaveTest.php,37a7e59caa947f535468ef2a0e72f7dbe949037ef23a538d8ad88d173afefa0c,2022
dev/tests/integration/testsuite/Magento/AdminGws/Model/BlocksTest.php,5442f2ded3acf9ef944f108a73eaebfcbf0d8f244eab97ca18aa8c740e3359d1,4035
dev/tests/integration/testsuite/Magento/AdminGws/Model/CollectionsTest.php,a96df85621613b5868d89c33443696c0f4ff1c775c92f3ffc65e2336c5cfdfb0,3216
dev/tests/integration/testsuite/Magento/AdminGws/Model/ControllersTest.php,94707a84d389130b344b73eb62f3e0c56a66cc861a7f84ecb763e52b4b01be12,20836
dev/tests/integration/testsuite/Magento/AdminGws/Model/ModelsTest.php,638558313919a4e545a1b8a6850d6e17a8abdad29fca0fde2dc5f9124dac2681,2601
dev/tests/integration/testsuite/Magento/AdminGws/Model/Plugin/UserCollectionTest.php,69d4f54fc17ba3edb90c780e1cb1211b23d663a287760284e094f7920978ccc6,2666
dev/tests/integration/testsuite/Magento/AdminGws/ProductLinkInGridTest.php,69c88fc11406d00780e7654228f76104784e7ac6c5d5b6b1ba8558ca3db68d6c,1930
dev/tests/integration/testsuite/Magento/AdminGws/QuoteItemCollectionUpdaterTest.php,c1a5d0b6627643d3974e69c19d223199f481624dbf5741a121ccf230d9322199,2172
dev/tests/integration/testsuite/Magento/AdminGws/_files/role_stores_login.php,088d69e352efd0c338a805f96d84910831fc0f7401e5bdb97c9d3ae08cfdbf88,171
dev/tests/integration/testsuite/Magento/AdminGws/_files/role_websites_login.php,3c2dc735f4aee6b5d7815899cdd0949d0e1afffa9e34bfb9845b90db393fcc09,1784
dev/tests/integration/testsuite/Magento/AdminGws/_files/two_quote_items_on_different_websites.php,0492aa8b2dc137335735c2655515e739371c68aade41c046445128918916f18e,3196
dev/tests/integration/testsuite/Magento/AdminGws/_files/two_quote_items_on_different_websites_rollback.php,2986d8bb314c74e0791cc65cb93251f27134480d2938ec349dd79a3c30f65527,1372
dev/tests/integration/testsuite/Magento/AdminGws/_files/two_roles_for_different_websites.php,a0538c7b677ce088aed3164a5adbf31e9b67ce320d85ee6d786a07a51449e896,1174
dev/tests/integration/testsuite/Magento/AdminGws/_files/two_roles_for_different_websites_rollback.php,8f8d41790fd2a651d5b53c5dbf7d0212e3cbce06ec9518381c9654208acd629b,1156
dev/tests/integration/testsuite/Magento/AdminGws/_files/two_users_on_different_websites.php,7ecc00a696db9b0d4167d3d7182cfd76a950b2057c5b14256a6b49eb623fa954,1495
dev/tests/integration/testsuite/Magento/AdminGws/_files/two_users_on_different_websites_rollback.php,40beccdfdb721252832187a7e0f6ed1d0c0111fc90eda5347fd687133fddfe3a,771
dev/tests/integration/testsuite/Magento/AdminGws/_files/two_users_with_role.php,2fca1ef2c5fa573d779e99c286acb13522598bff507b9100ca6d46e90fcec605,1410
dev/tests/integration/testsuite/Magento/AdminGws/_files/two_users_with_role_rollback.php,42d5388cebe236495f362cb31853d901db93d33f532873bd31e11f6faa083986,518
dev/tests/integration/testsuite/Magento/AdvancedCheckout/Block/Adminhtml/Customer/Edit/ManageShoppingCartButtonTest.php,b06209e3137dd84ba009bce29b7e850c5d7a375e1914283eafff693b79060fe5,2409
dev/tests/integration/testsuite/Magento/AdvancedCheckout/Block/Adminhtml/Manage/Accordion/AbstractManageTest.php,b7394b985a43157a9e6b4027fed3924025d835635a5778be6effc24502e8e22b,2939
dev/tests/integration/testsuite/Magento/AdvancedCheckout/Block/Adminhtml/Manage/Accordion/ComparedTest.php,a7a083a420d913812f66da47998e6dca21bd9925ecf69a808b6566f843740964,893
dev/tests/integration/testsuite/Magento/AdvancedCheckout/Block/Adminhtml/Manage/Accordion/OrderedTest.php,2eaafa663223087b527ce7ff5e0aa28a31eb6e48759ac082271b47a711ee3105,869
dev/tests/integration/testsuite/Magento/AdvancedCheckout/Block/Adminhtml/Manage/Accordion/ProductsTest.php,3eba4f2ad861076822bbee9d7c89e7d211cf30c90a279de5376ae2dc1e3b3313,1033
dev/tests/integration/testsuite/Magento/AdvancedCheckout/Block/Adminhtml/Manage/Accordion/RcomparedTest.php,35e1ca2f26ad4260bfee20488d3df5e90a75c36319d5d33281a7b7b75d9c2ea4,1230
dev/tests/integration/testsuite/Magento/AdvancedCheckout/Block/Adminhtml/Manage/Accordion/RviewedTest.php,ed66f3f5529d8fe9ee1c820f7f04bb505ef4f333a66662a939fbc9fecd835b0d,1251
dev/tests/integration/testsuite/Magento/AdvancedCheckout/Block/Adminhtml/Manage/Accordion/Sku/ErrorsTest.php,1dfa97b990835f92c9a1531212b68856868f93af5a6afe9017d9a6e71d97ce8d,4798
dev/tests/integration/testsuite/Magento/AdvancedCheckout/Block/Adminhtml/Manage/Accordion/WishlistTest.php,37419090f44e92ba512dbff059b2e9c1d2af01e1751ef05d15d76ee1b6b171de,1772
dev/tests/integration/testsuite/Magento/AdvancedCheckout/Block/Adminhtml/Manage/AccordionTest.php,bfb2643288506a338883e58b4580a29e2d35ca3e1da691e0af2f7c6ab77f3138,3778
dev/tests/integration/testsuite/Magento/AdvancedCheckout/Block/Adminhtml/Manage/ItemsTest.php,cf35f4972e445594f2721928d28fffc4693d7887bb05a2de6c3d967ae1664b2d,5849
dev/tests/integration/testsuite/Magento/AdvancedCheckout/Block/Adminhtml/Manage/LoadTest.php,433d8a7b08827404619a04b00844777a7a1e24b2a1401f9e40d5f658a8f662dc,2077
dev/tests/integration/testsuite/Magento/AdvancedCheckout/Block/Adminhtml/Sku/Errors/Grid/Description/AbstractConfigureButtonHtmlTest.php,d780efeb0414e33b74b56f210061f8950e7d77dd3dfbdd5ee2fd284bcb564fda,2279
dev/tests/integration/testsuite/Magento/AdvancedCheckout/Block/Adminhtml/Sku/Errors/Grid/Description/ConfigureButtonHtmlTestCompositeProduct.php,e495260ff69e4ba62fbca4dd7ddec208484f9b985fed2051b6145164269f85d3,1699
dev/tests/integration/testsuite/Magento/AdvancedCheckout/Block/Adminhtml/Sku/Errors/Grid/Description/ConfigureButtonHtmlTestSimpleProduct.php,497fbaca45c97c90da449f7d9d20df73ee6ea1bfb5248bb6fa4736c99457b4fd,1009
dev/tests/integration/testsuite/Magento/AdvancedCheckout/Block/Adminhtml/Sku/Errors/Grid/DescriptionTest.php,78415916191dcf9277263dc8b3d6d290a7d4acbf8b3abaa3edb9f3c099c4ade8,1647
dev/tests/integration/testsuite/Magento/AdvancedCheckout/Block/Customer/LinkTest.php,64cce5d097dba23a8f0a552e11312749fb84d74acb5335fd58834f47cc41effc,3131
dev/tests/integration/testsuite/Magento/AdvancedCheckout/Block/Sku/Products/InfoTest.php,2d121f8be68260f8fce57b88c6c61b5fc241e3578279a21fe630dfc997b7d4ac,6234
dev/tests/integration/testsuite/Magento/AdvancedCheckout/Block/Sku/ProductsTest.php,103f1a923c442ad839ce2edb39ad0f2d56a1a8676ac0f8755859c4e8d142c0dc,1437
dev/tests/integration/testsuite/Magento/AdvancedCheckout/Controller/Adminhtml/Index/ConfigureProductToAddTest.php,bb549da18645ecaa7cc52f235203823f143e63f4e563b3c8d6dc67022777fd4d,2907
dev/tests/integration/testsuite/Magento/AdvancedCheckout/Controller/Adminhtml/Index/LoadBlockTest.php,9c73940bf08942fce7dd18f4972477684af4ec3b2aa4db8a2091219208b7f1a8,9872
dev/tests/integration/testsuite/Magento/AdvancedCheckout/Controller/Adminhtml/Index/UploadSkuCsvTest.php,a5cb85071a47003abbedda0fee6fd0826830a4b4404c34e392b43e680916b383,5968
dev/tests/integration/testsuite/Magento/AdvancedCheckout/Controller/Adminhtml/IndexTest.php,342b411635b83ddc07e8aabe57ab4bd4270cee2e195b61692192544971130780,703
dev/tests/integration/testsuite/Magento/AdvancedCheckout/Controller/Cart/AdvancedAddTest.php,7c00b9167c63dcadbbd2e94e9852dced720b970047a1f651c3517b4a60349ec6,4258
dev/tests/integration/testsuite/Magento/AdvancedCheckout/Controller/Cart/RemoveAllFailedTest.php,51a7f59d788c1b1120de0e22f12e045955b16e7aa40096624324b4656fcbfb6f,711
dev/tests/integration/testsuite/Magento/AdvancedCheckout/Controller/CartTest.php,9240c388c00c5b2a7263c3a8a3453dcf7ee565177b6fa96ff4fe927720bc1b96,6900
dev/tests/integration/testsuite/Magento/AdvancedCheckout/Controller/Sku/UploadFileTest.php,8718c800a0adf32ae3e593a3cbb01cb50a26fae855ece4fbd993db5f679d4f12,8278
dev/tests/integration/testsuite/Magento/AdvancedCheckout/Helper/DataTest.php,50ddff66dbd912f2b3e3979596f22af810ded932d67ad84e204aa17940641e41,5225
dev/tests/integration/testsuite/Magento/AdvancedCheckout/LayoutTest.php,a0e76ef70cabd4ea69841d6b968fa0686c537d9928fa0e7bb8fe8cf59516aeb5,865
dev/tests/integration/testsuite/Magento/AdvancedCheckout/Model/AdminCartTest.php,4ab540a330fbe35d3dd43d130518869f6820950117060cc3e43bf6e704fedf30,2429
dev/tests/integration/testsuite/Magento/AdvancedCheckout/Model/CartTest.php,888c3567fce56c5da9b87b2bbfaf8dbb2bf0101a45fb52fae12890f7eb83bbcc,6447
dev/tests/integration/testsuite/Magento/AdvancedCheckout/_files/image.jpg,b7ab97dc36bce603a435c012f2fcdf0a2baef3dbe95f165bb153e331ce104f07,13353
dev/tests/integration/testsuite/Magento/AdvancedCheckout/_files/order_by_sku.csv,6acb98a4c4a83f66f8de1a2139a3b2468503776a03faa94bfe597285332d4ffa,37
dev/tests/integration/testsuite/Magento/AdvancedCheckout/_files/product_gift.php,284d0b65302ab8d6390891f744813fb82495b51e671f1d8d1635385f43139485,1740
dev/tests/integration/testsuite/Magento/AdvancedCheckout/_files/quote_with_gift_card_product.php,f31ecb42499a9493dac545b4c1260562f967f3d0c06998d0e4de1d1bd3bc168b,1624
dev/tests/integration/testsuite/Magento/AdvancedPricingImportExport/Model/Export/AdvancedPricingStagingTest.php,0bf5c32c4ece97ee5512f6042e197011450ea06be9f6f8e3e282f468db2a5603,602
dev/tests/integration/testsuite/Magento/AdvancedPricingImportExport/Model/Import/AdvancedPricingStagingTest.php,3ff7bb73c872c8338d08e880698c7a6c7a55a0bbf7c981d1fcdd059d4f6fefc2,1548
dev/tests/integration/testsuite/Magento/AdvancedSalesRule/Model/Indexer/SalesRule/Action/FullTest.php,c0ee100aa1e4228be1793cdf4465cc5e88392a31ac5679e781fdb4ecb0f132d9,3781
dev/tests/integration/testsuite/Magento/AdvancedSalesRule/Model/Indexer/SalesRule/Action/RowsTest.php,a7c9727737d8ac7ee155e46d974b0ffebe7aa85dba12e482977c4c122b1f2c79,3823
dev/tests/integration/testsuite/Magento/AdvancedSalesRule/Model/Indexer/SalesRuleTest.php,6ac721936a7d2643db5ab92167a0983ca89f5e2a1ecda15216a0f8cdfec71b68,12532
dev/tests/integration/testsuite/Magento/AdvancedSalesRule/Model/Plugin/RuleTest.php,21389365de5686b6b3261c399fc2de03f40e8e88c542108e6e6339284e877333,23139
dev/tests/integration/testsuite/Magento/AdvancedSalesRule/Model/ResourceModel/Rule/Condition/Filter/CollectionTest.php,f6f173b10c270146b0da37eed03be4a217317e8c8a2809982a706944b093ac16,1700
dev/tests/integration/testsuite/Magento/AdvancedSalesRule/Model/ResourceModel/Rule/Condition/FilterTest.php,a58edb99ae35414a3d40d8b83ed933ad3fc64371d05b49fe318ff7b471a1bc66,10113
dev/tests/integration/testsuite/Magento/AdvancedSalesRule/_files/delete_salesrule_filters.php,38b49ff36acde4edeedd530f39fa2a97688a96c19a83f29f5c271a65392c0d55,551
dev/tests/integration/testsuite/Magento/AdvancedSalesRule/_files/salesrule_indexer_on_schedule.php,a28487772384530150ed3fc3b0993a3d93ee08bd5d7601a6a48c659ce9775690,395
dev/tests/integration/testsuite/Magento/AdvancedSalesRule/_files/salesrule_indexer_on_schedule_rollback.php,2a773e9814d04f0ae02e546c5b3b76938750e091694df322ac30a5ee17be906d,396
dev/tests/integration/testsuite/Magento/Banner/Block/Adminhtml/Banner/Edit/Tab/ContentTest.php,eb42b3379f77d3cb8a30c12661bad2ef45d00cb6df99df0247d94d9023430db8,689
dev/tests/integration/testsuite/Magento/Banner/Block/Adminhtml/Banner/Edit/Tab/Promotions/CatalogruleTest.php,a7406559c9483d91dddf2ca19d662a95e8d9f4e9c68b637c315aad494ea157be,1361
dev/tests/integration/testsuite/Magento/Banner/Block/Adminhtml/Banner/Edit/Tab/Promotions/SalesruleTest.php,5f5256413ac7a410fc45b47db5bd7fe0da4c7f0a3c108d7eb425b189136b7e7b,2186
dev/tests/integration/testsuite/Magento/Banner/Block/Widget/BannerTest.php,4ba2862107d70b9ffa0553251a54dc81b388b7fe8dd927639ba717689a58620e,934
dev/tests/integration/testsuite/Magento/Banner/Model/DataTest.php,b76b34cb4506dc9b2864635e4d96a1a081ba26c7e0949378465a2cbe558179dd,1717
dev/tests/integration/testsuite/Magento/Banner/Model/ResourceModel/BannerTest.php,aae65f0711c9db20bf1aea90a19038bada3e5eb3769065b49db4e6274f1e158b,5452
dev/tests/integration/testsuite/Magento/Banner/Model/ResourceModel/Catalogrule/CollectionTest.php,151e4d71deb530925b8c45abdefb8bb12c0b63404ae7538698845fdbff444a55,2666
dev/tests/integration/testsuite/Magento/Banner/Model/ResourceModel/Salesrule/CollectionTest.php,6fbf9a27c8942940eaad7832589c97cc23f621cec1d10896f064c1663f34cbb4,2564
dev/tests/integration/testsuite/Magento/Banner/_files/banner.php,f3833de6a2bebb0abca73be7107ea900b8c6c7b7fc8d972105fcfbc38bf66a3c,532
dev/tests/integration/testsuite/Magento/Banner/_files/banner_catalog_rule.php,bb8f79a4af92a4762eeef77b7a415af7f8d620dd478650d61076c46f589ea18a,682
dev/tests/integration/testsuite/Magento/Banner/_files/banner_catalog_rule_rollback.php,83bd7ad186216e89c80b1b4005b8d80db76af9af097c7a56bd48b5c4b57a963a,239
dev/tests/integration/testsuite/Magento/Banner/_files/banner_disabled_40_percent_off.php,80592bf4e6aa4a30038fca98e84ef1cedf21bf59a1f34e4bc9d217526d1ed3e2,1066
dev/tests/integration/testsuite/Magento/Banner/_files/banner_disabled_40_percent_off_rollback.php,14a924ba67ea49a76d1cbe2375f92b8d4703541168ce7ee9470c1897490fa76b,804
dev/tests/integration/testsuite/Magento/Banner/_files/banner_enabled_40_to_50_percent_off.php,320773bc243ad760ae2a81339c792726b214d231b0078c69fd5b01a2fc4f0904,1464
dev/tests/integration/testsuite/Magento/Banner/_files/banner_enabled_40_to_50_percent_off_rollback.php,64f05f6775d72f5084e9bd4ca732659458795d77f54df4b4bc3099b043490f3b,910
dev/tests/integration/testsuite/Magento/Banner/_files/banner_rollback.php,6ee5bd9344aeaab4c36bc5e736576362fa39189bac6356507ef2ac7552de4da3,700
dev/tests/integration/testsuite/Magento/BannerCustomerSegment/Block/Adminhtml/Banner/Edit/Tab/PropertiesTest.php,5d178d8e75ee2c3a3fb7c1725d470542a36d71d3349fc6f703133132aa7afcee,3857
dev/tests/integration/testsuite/Magento/BannerCustomerSegment/Model/ResourceModel/BannerSegmentLinkTest.php,b50b86af422fe8a85963a139f241993c61b0cee0e2580c8697da404f93fb5838,5525
dev/tests/integration/testsuite/Magento/BannerCustomerSegment/_files/banner_40_percent_off_on_graphic_editor.php,a4bd861d46ebbf5e638cab56c160922fbfc2242d6812d80efdb04c58206957c7,1283
dev/tests/integration/testsuite/Magento/BannerCustomerSegment/_files/banner_50_percent_off_on_ide.php,7e9e30ac5fd1ce67cfe85f82e576574cae3ad94f982a11656be8ff0f7cb806be,1368
dev/tests/integration/testsuite/Magento/BundleImportExport/Model/BundleStagingTest.php,a90c70a444bdbacc3982a9f91db7cabb39df0065cd118100ded35e1c8d838e96,725
dev/tests/integration/testsuite/Magento/BundleStaging/Pricing/Adjustment/StandardSelectionPriceListProviderTest.php,ea88d1fad1aef5aa701effd1aee7f841b4ac6ea21f9195eb204614e11f493b76,1972
dev/tests/integration/testsuite/Magento/BundleStaging/UpdateTest.php,6f354aff5d87a34d8f4d8f8ba1c00a6777ad8347381934a844f08f65082744c2,2363
dev/tests/integration/testsuite/Magento/CatalogEvent/Block/Adminhtml/Event/Edit/FormTest.php,76b78c6f3d5f03bb3bff447381a035676f1c5c634049202ddebd2a67fac24ff8,2035
dev/tests/integration/testsuite/Magento/CatalogEvent/Controller/Adminhtml/Catalog/EventTest.php,16376fcb93b9a61acbfcc51deea2618eca389d2ab30e1060e283a2bf8eaee19e,1400
dev/tests/integration/testsuite/Magento/CatalogEvent/Controller/CategoryTest.php,d1c90716a52da6995426784bdf06098833df43f70f76655f1d084c90e91979fd,1507
dev/tests/integration/testsuite/Magento/CatalogEvent/Model/EventTest.php,4cc0ab233a92aea6a1a4e76ae3134c914f0388f09fe7179b7ca82a71cd2360fa,1403
dev/tests/integration/testsuite/Magento/CatalogEvent/Model/ResourceModel/Event/CollectionTest.php,8bdd1f44b398285799e1687416cd03a07ca9a7630d41e59b1b61da57a6bdfb9d,5323
dev/tests/integration/testsuite/Magento/CatalogEvent/_files/category_event.php,dd2d00c109ce720b37e000c42f51c094417d5411fc3de1a99a8105c8fd239c1e,453
dev/tests/integration/testsuite/Magento/CatalogEvent/_files/events.php,78630b411c604a5fa0af5f53d7503de1c30c53f33f85f56a2f9f85c4311f19aa,1784
dev/tests/integration/testsuite/Magento/CatalogImportExport/Model/ProductStagingTest.php,0bf6365eafaec65707f529fa92b5057022f90b093521eb667253cacdfc321119,637
dev/tests/integration/testsuite/Magento/CatalogImportExport/Model/Version.php,22942f9e6aba8678ccfff7ec1849052e518a38d4cecd76b25086b050888f3358,5944
dev/tests/integration/testsuite/Magento/CatalogPermissions/Controller/CategoryTest.php,753b303c802fd25e70019f3418d58fbd275a9aacdd0a847d18450b86a5b680c8,8146
dev/tests/integration/testsuite/Magento/CatalogPermissions/Controller/ProductTest.php,e21f8793e59d4d159a92e080ae90608d7d3471cac8e58024ef542c77716f1bd3,2629
dev/tests/integration/testsuite/Magento/CatalogPermissions/Model/Indexer/Category/Action/RowsTest.php,3325e01cb387a66c352cc0fd7fb7a4fcf77abdc8d9555e572955a347fd057c41,3733
dev/tests/integration/testsuite/Magento/CatalogPermissions/Model/Indexer/CategoryTest.php,f0e625f3a7932659b92386256bd8e9733470953fb62b6fcc6997e50d2eeb5d28,12701
dev/tests/integration/testsuite/Magento/CatalogPermissions/Model/Indexer/Plugin/CategoryTest.php,d6e48aa2c96bacf27ded07beeb5d7c0976df0070aa65e70f2c0a32874523fd4e,3985
dev/tests/integration/testsuite/Magento/CatalogPermissions/Model/Indexer/ProductTest.php,1c9a32d39f967d2137db925240add4c43d8e7a106cc88667b6af2fb0da783806,2887
dev/tests/integration/testsuite/Magento/CatalogPermissions/Model/Permission/IndexTest.php,f9df202cffff16c20be8bae183e6f7dd7c1219ffb4ba3a322c63c28e35694073,29364
dev/tests/integration/testsuite/Magento/CatalogPermissions/Model/Plugin/Theme/Block/Html/TopmenuTest.php,c79c2c4f6d8a5c9c54e275e1eea95c313a07775cbe4b94027b5cd6b2b42bff2a,1956
dev/tests/integration/testsuite/Magento/CatalogPermissions/Observer/ApplyProductPermissionOnCollectionObserverTest.php,279230795bc2c719115765e19883453db5eae021a8d5ed3f29360750fe897afe,4499
dev/tests/integration/testsuite/Magento/CatalogPermissions/Observer/CheckQuotePermissionsObserverTest.php,3a75a469a75cc427f2af282dcff358e1db89785d5c592358ba968c643119f483,4454
dev/tests/integration/testsuite/Magento/CatalogPermissions/_files/additional_permissions.php,69e51fabb10175f22c1815ae05c0dd1e94a638106920594d5280285c85b8c6d9,875
dev/tests/integration/testsuite/Magento/CatalogPermissions/_files/additional_permissions_rollback.php,152440543028b3f83efad8145ff2069bf35780e5d543b7bd1d0520a9fb5908c6,728
dev/tests/integration/testsuite/Magento/CatalogPermissions/_files/categories_with_permission.php,446373b5982c258f54d6615638655c20472ad21c5f5ea9f48978f91a41b405a3,1678
dev/tests/integration/testsuite/Magento/CatalogPermissions/_files/categories_with_permission_rollback.php,5ebcd8d1ba663fa40a75998265157c3447113a96d2e4d74225613593bde9250e,739
dev/tests/integration/testsuite/Magento/CatalogPermissions/_files/category_products.php,843d2c602d608da40f145463c00637f057ec8e5794b96af176519a4d84221915,2979
dev/tests/integration/testsuite/Magento/CatalogPermissions/_files/category_products_deny.php,97c045a4fbb588862dc1daa8ca76759a7c6293b7dd1c12216cf58e33c2123f07,3646
dev/tests/integration/testsuite/Magento/CatalogPermissions/_files/category_products_deny_rollback.php,e242c41d70ae5cf232184b6549d324d302b89def81fe92fd61ce8ba6e2d45b21,1286
dev/tests/integration/testsuite/Magento/CatalogPermissions/_files/category_products_rollback.php,48556339aa57d53762209e91bc047acd65e8aba70eef219142591be89e1cb025,1093
dev/tests/integration/testsuite/Magento/CatalogPermissions/_files/category_with_permissions.php,e97fe483975cd25fd0d177fad9064f9e41ea2f74e3e7cdd94df5ff1c3b3e0c82,877
dev/tests/integration/testsuite/Magento/CatalogPermissions/_files/category_with_permissions_rollback.php,e97a1dbb0403609dd16471fcf9865a90135280791d06ccf598660865b05f8765,196
dev/tests/integration/testsuite/Magento/CatalogPermissions/_files/enable_permissions_for_specific_customer_group.php,1ba339b2ba3c752ae9f4de979ab2e62be03e9a8a51cffba0bc6c94630f1fa826,1003
dev/tests/integration/testsuite/Magento/CatalogPermissions/_files/enable_permissions_for_specific_customer_group_rollback.php,268afeca41e6a2aeb682d7dbd08fae7ec6ba97beeeb54a83b29ae044375aa82f,1003
dev/tests/integration/testsuite/Magento/CatalogPermissions/_files/permission.php,16dba324c71495d04cd9e9f75eaa3a0778f68dbbeeed422c48e5df9f6e865b8c,4067
dev/tests/integration/testsuite/Magento/CatalogPermissions/_files/permission_rollback.php,30052c5139985410cb8e1813635d20f62e446a6ea01b806155ce0c3f392adc81,1379
dev/tests/integration/testsuite/Magento/CatalogPermissions/_files/product.php,e4286135909872d5b73403c23bca76b02fc6813aa380f0f8a47381a3cb4ee27b,1793
dev/tests/integration/testsuite/Magento/CatalogPermissions/_files/product_rollback.php,f2f2547aa7e08392eb15a6ab153c340f6c4009a0c29c6dc5c1054c8a5ec40f7f,680
dev/tests/integration/testsuite/Magento/CatalogPermissions/_files/reindex_permissions.php,53c1b9e8fd74b5ed882be7edb15f5d1581e5511e5f98a0837c38e2f052c76bb4,430
dev/tests/integration/testsuite/Magento/CatalogRuleStaging/Model/CatalogRuleApplierTest.php,96b346f1ac2c80d75cc913c4b5c7e225d35b366b01c1fb5af51fc82978c93819,1757
dev/tests/integration/testsuite/Magento/CatalogRuleStaging/Model/Rule/HydratorTest.php,c2a41b0a3fa5a8c7ceb804b83a50885255e9538df03bf1438c7e459565ca76c4,2261
dev/tests/integration/testsuite/Magento/CatalogRuleStaging/Model/Update/Grid/SearchResultTest.php,e88cbb7446229d57ba7d5dde580005613f3d173c479287f1612ed373ea5b4fce,2257
dev/tests/integration/testsuite/Magento/CatalogRuleStaging/_files/catalog_rule_10_off_staged.php,6dddad51ce59857747060f877127ebb8dc26fa05ca6cf70eb410451951699dbb,1864
dev/tests/integration/testsuite/Magento/CatalogRuleStaging/_files/catalog_rule_10_off_staged_rollback.php,ce759db950ffe579a2107e95292b9f89dc4ae4c44c7598187eb09b77d68af05b,1273
dev/tests/integration/testsuite/Magento/CatalogRuleStaging/_files/catalog_rule_and_update.php,bb5055b6d2d37acbebba008ed0747da5e2d3d0b2b1cc668cb1f8a46e17e1d962,227
dev/tests/integration/testsuite/Magento/CatalogRuleStaging/_files/catalog_rule_and_update_rollback.php,1dcb66d5c769f34275da71539174efceb62346452e50a8ae4cda2862f13c81e9,826
dev/tests/integration/testsuite/Magento/CatalogRuleStaging/_files/catalog_rule_creation.php,eb4cf6f9362a45a9dc16de0213d0a58461f70c34a61de249b46a30a3c937f881,1910
dev/tests/integration/testsuite/Magento/CatalogRuleStaging/_files/catalog_rule_for_category_ids_staged.php,938931b57e862adf695246dedb09056b680b6a327b31cd717f67f5bdfec19186,2491
dev/tests/integration/testsuite/Magento/CatalogRuleStaging/_files/catalog_rule_for_category_ids_staged_rollback.php,7b11e29b4d64aaaf719e5d7c44edd220be4d3f2ac806fbd9c3dfc0cd6607dd5e,1322
dev/tests/integration/testsuite/Magento/CatalogRuleStaging/_files/two_catalog_rules_with_updates.php,7e2f4d71fee4089ec22ead601286787a5b66c0cc21a5b413dfeee75aa41d1b6c,284
dev/tests/integration/testsuite/Magento/CatalogRuleStaging/_files/two_catalog_rules_with_updates_rollback.php,47411fd7a27b4ad4269de076db5a1da5a91e255f383842c991f8f6f8df663954,179
dev/tests/integration/testsuite/Magento/CatalogStaging/Controller/Adminhtml/CategoryTest.php,4bdb1fb2f9ba39c478476a7cd38a239858f60ce393ab3da1a1bbe2b03c535710,13871
dev/tests/integration/testsuite/Magento/CatalogStaging/Controller/Adminhtml/Product/BundleTest.php,4327468acf219ecc46446597c14dded7200446c06398e7b395d8e0b4cfaa676d,11700
dev/tests/integration/testsuite/Magento/CatalogStaging/Controller/Adminhtml/Product/SaveTest.php,503aaecbd09819f8e0bdaf26ef1e065bc24c7a05980a597f7b184bcb3e92fd03,10583
dev/tests/integration/testsuite/Magento/CatalogStaging/Controller/Category/ViewTest.php,bca8a0b9eb97f270cc320c6a09aa7cc85803263b2399a7b7001d34ed048c008c,1794
dev/tests/integration/testsuite/Magento/CatalogStaging/Model/CategoryTreeTest.php,6a680813f260141f663c176faf5ddfaaf659790b959defc626a560804580ed81,7858
dev/tests/integration/testsuite/Magento/CatalogStaging/Model/ResourceModel/CatalogCreateHandlerTest.php,5ec294bd53528acea36cdd2a27e4cd09f5d7deb55d9c5a260563714fb270935a,2510
dev/tests/integration/testsuite/Magento/CatalogStaging/Model/ResourceModel/Product/Price/SpecialPriceTest.php,949b79698b43e8f9fa4998765d8c2373a081268f99aac692ee3ae70e8379a2d9,3861
dev/tests/integration/testsuite/Magento/CatalogStaging/_files/apply_version.php,2efd930e745a544294429b6c04ad9286428c4546d01af1ce5d102fb3084adc37,370
dev/tests/integration/testsuite/Magento/CatalogStaging/_files/apply_version_rollback.php,8f89463259a47a2b46ce457491197d289b5d65ff01643a50e235ed6509cc881f,410
dev/tests/integration/testsuite/Magento/CatalogStaging/_files/bundle_product.php,cb3e0380ee8053e61d58a104e4dd119ae5385b2a3cbba0ada1f66a48d840688c,3567
dev/tests/integration/testsuite/Magento/CatalogStaging/_files/category_staged_changes.php,a4c43d5cb6859f0da766fa2f80b31e127e4f9c23bd93dbb425fa6b56db2274a8,2316
dev/tests/integration/testsuite/Magento/CatalogStaging/_files/category_staged_changes_rollback.php,0ac2fec2c3e24ca0b1e60ff672c462db21e8118ad2075a762811ba572cb125aa,1984
dev/tests/integration/testsuite/Magento/CatalogStaging/_files/category_with_staging_update.php,d390ac5ed403922a71da6aabbee56fdc30f894de0e386d2bdaa8a2edab55e85c,1885
dev/tests/integration/testsuite/Magento/CatalogStaging/_files/category_with_staging_update_rollback.php,a24e02b792bc11219f831412af25e67d5de6164a5a310ca7c6ac03714b39bfe3,1784
dev/tests/integration/testsuite/Magento/CatalogStaging/_files/configurable_attribute.php,9f59c3513c88ed89584599ef31e6c7be99e2591f0f5d58520ea2217dd930a598,2206
dev/tests/integration/testsuite/Magento/CatalogStaging/_files/configurable_attribute_rollback.php,4f179c26fe3b1d3e7b1cf33849220c05a868279a51dd0fba3908bff5ee26a0a6,790
dev/tests/integration/testsuite/Magento/CatalogStaging/_files/configurable_product_staged_changes.php,5c80f64d0aaddfdf532ee39d4fed8e053c81a751fc17e38421c72aaf88c0362a,4505
dev/tests/integration/testsuite/Magento/CatalogStaging/_files/configurable_product_staged_changes_rollback.php,14ee5970fcb3a1784a62666a2fa0d9d46f4c0bbbaa773b26fc09b8ec56141a3f,3239
dev/tests/integration/testsuite/Magento/CatalogStaging/_files/configurable_products.php,e6009ef7639aa685b000cdbb4a545367f930e7cebdb0adf4ffa9b1494ca22cb8,6623
dev/tests/integration/testsuite/Magento/CatalogStaging/_files/configurable_products_rollback.php,73858a4d1ba9514211f23cbc6b39911eb7155e13a188381c7377ed7f7051c94c,1570
dev/tests/integration/testsuite/Magento/CatalogStaging/_files/disabled_categories.php,7c6db582cbf989fb09aa17dcd6f8c78f8686f540ddc3acc95833e4774bf5700d,1744
dev/tests/integration/testsuite/Magento/CatalogStaging/_files/disabled_categories_rollback.php,acdd2de0d9064d9d044b41ed78d59f23b4def3a3211ef1e8970598c43202ccb3,1743
dev/tests/integration/testsuite/Magento/CatalogStaging/_files/disabled_category_staged_for_update.php,9d017e453f2b346c7c8ea67e60292b8c75607344a67345cd461dd1f0ba4dd361,1768
dev/tests/integration/testsuite/Magento/CatalogStaging/_files/disabled_category_staged_for_update_rollback.php,a161ce5c961d47339bfde0562b02dd01d0a888b46964ada11264f1f4553ea703,1319
dev/tests/integration/testsuite/Magento/CatalogStaging/_files/disabled_simple_product_staged_for_changes.php,b96699faee70c7551fdf88de6b725f2825f06c93581da9cde07a83af0e0369ef,3186
dev/tests/integration/testsuite/Magento/CatalogStaging/_files/disabled_simple_product_staged_for_changes_rollback.php,dc1f4f72fdc2acb8d1208d375d7f509dff858ea98435d4733efd7d0e0e5cfd6a,2334
dev/tests/integration/testsuite/Magento/CatalogStaging/_files/simple_product.php,bf057e4acfda55885c89af11ba1498ce1564c8c6cd664381066647b9b218e511,1308
dev/tests/integration/testsuite/Magento/CatalogStaging/_files/simple_product_staged_changes.php,0f314b3e0b2f8bf08f70ba802a840f20050f998c709514afa09fe3faade20edb,2191
dev/tests/integration/testsuite/Magento/CatalogStaging/_files/simple_product_staged_changes_2.php,02419ba7ef9e5c7209516561eb7dd19ca21acca545f0aa50feadac09c27c2741,2251
dev/tests/integration/testsuite/Magento/CatalogStaging/_files/simple_product_staged_changes_2_rollback.php,8fde55c44fd39d45d8813a236a311a4fb6ef2cd7fa651adb6db44c2cef118cc0,1561
dev/tests/integration/testsuite/Magento/CatalogStaging/_files/simple_product_staged_changes_rollback.php,d8075dd574fdb560f76d42c210d44ef1f7333b8d7956387085d22c6e8fb1aeb9,1518
dev/tests/integration/testsuite/Magento/CatalogStaging/_files/simple_product_staged_changes_second_store.php,207ff8c91ee921479a716cf17a32126bd8eee473d884602925f32c36ada33fa8,4098
dev/tests/integration/testsuite/Magento/CatalogStaging/_files/simple_product_staged_changes_second_store_rollback.php,c72e5b4001d8877806301d88a75a11c6a0b4bf7f835a29d59713c1d588eb3133,1967
dev/tests/integration/testsuite/Magento/CheckoutAddressSearch/Model/AddressSearchTest.php,ab05d1000656600d781bec97c51f6d7aab15b1be8ebb580a49d4cd83bd852394,6044
dev/tests/integration/testsuite/Magento/CheckoutAddressSearch/_files/customer_with_addresses.php,6db2e634ee5b9c4c4297ad9769f8470edd524475937a3c831dda8ee9c4b8e703,3395
dev/tests/integration/testsuite/Magento/CheckoutAddressSearch/_files/customer_with_addresses_rollback.php,f95399e7b4593576713d9e5451b35eab4ed83d04a3186a207c7cdd3f984a5758,1646
dev/tests/integration/testsuite/Magento/CheckoutStaging/_files/quote_with_check_payment.php,d58f6158de5ca81facc1a9dd15ca43493bcf5cad5ce7085475284455785b01cf,648
dev/tests/integration/testsuite/Magento/CheckoutStaging/_files/quote_with_check_payment_rollback.php,ad2d2b5e9f5ee575677486d5046d417583ec06a5bcc50c1c2f5d1178e8b81a99,627
dev/tests/integration/testsuite/Magento/ConfigurableImportExport/Model/ConfigurableStagingTest.php,88bc94799b8c1dcd9e207d1b972fe6b956f27226d105c39dc115cabbadc64656,748
dev/tests/integration/testsuite/Magento/CustomAttributeManagement/Helper/DataTest.php,2702e23f4a0fec0568e8a1770ffc276b05062285371a7093fe95db612aabfabc,6010
dev/tests/integration/testsuite/Magento/Customer/Controller/Account/CreatePostWithAttributeTest.php,8e091f11953ea5844c10aa721b515310e994c7cf2a671787b9823ee6dae2db2f,3567
dev/tests/integration/testsuite/Magento/CustomerBalance/Block/Account/BalanceTest.php,1976c7f1507bb2464fc918fa1f6d4d9b0d3a1c58a425aca73af2b7495fd66c32,2688
dev/tests/integration/testsuite/Magento/CustomerBalance/Block/Account/HistoryTest.php,43a8ce10b1854077268190bd713c9efc6a4fdac9aa458ed0650a78cbc449f8bc,4809
dev/tests/integration/testsuite/Magento/CustomerBalance/Block/Account/LinkTest.php,3cffd6960072ea7f220fe8587892da252e244336b2fc7fd1a62f228af917f8de,2058
dev/tests/integration/testsuite/Magento/CustomerBalance/Block/Account/WrapperTest.php,bc2b4514a06ec6f60aa98aefcd1d10d15a54d2e1d127d28d31aabdf7169adc48,1916
dev/tests/integration/testsuite/Magento/CustomerBalance/Block/Adminhtml/Customer/Edit/Tab/Customerbalance/Balance/GridTest.php,43642ac3f67424b5dee870c61f55025760785693c66d29ec6174a485697b767c,1967
dev/tests/integration/testsuite/Magento/CustomerBalance/Block/Adminhtml/Customer/Edit/Tab/Customerbalance/Balance/History/GridTest.php,a18ce74b79f926ce7d28cc45aab37732f7f867248f145cf369771dacd746fb3e,1999
dev/tests/integration/testsuite/Magento/CustomerBalance/Block/Adminhtml/Customer/Edit/Tab/Customerbalance/BalanceTest.php,f0e182facfcbcb8dff29119d5525dfa7d5f662dece03f1e60b51095ff7b11460,1636
dev/tests/integration/testsuite/Magento/CustomerBalance/Controller/Adminhtml/Customerbalance/DeleteOrphanBalancesTest.php,469c490f7877bf36529ed267e39e8636c222ec73d2ca5be41b3e23db9ee8f984,1497
dev/tests/integration/testsuite/Magento/CustomerBalance/Controller/Adminhtml/PartialRefundTest.php,2b5d27bcee1011da76434539c908e11fc9e941e9d9e6a86d6036d3a42398c511,2858
dev/tests/integration/testsuite/Magento/CustomerBalance/Fixtures/creditmemo_customer_balance.php,e43f1c6bee7e25cea26631d3b007695f1331c82ef8250135e3fa1dc45d851d8c,1939
dev/tests/integration/testsuite/Magento/CustomerBalance/Fixtures/creditmemo_customer_balance_rollback.php,0efa5f6d17b7f72c562bbb4c61f83fd5b6abb5d67684c394998294891db71448,954
dev/tests/integration/testsuite/Magento/CustomerBalance/Fixtures/order_customer_balance.php,b8803fb08a61be9e803c04857be9190b900d3900771a10c84e650199e67793ca,2512
dev/tests/integration/testsuite/Magento/CustomerBalance/Fixtures/order_customer_balance_rollback.php,7523d22e30f2d74a433bbe811e99d5de1a4b75915dd0e579097f10876a0fbecb,958
dev/tests/integration/testsuite/Magento/CustomerBalance/Model/Adminhtml/Balance/HistoryTest.php,57ac042932bb0fb72e38161d480da464b821f333422d508d99add122914d5548,2681
dev/tests/integration/testsuite/Magento/CustomerBalance/Model/Balance/HistoryEmailTemplateTest.php,09906c1b44dbca16e82de95e60a1a0a9ba4ce7665f39e5cbe06d30ac178388ad,6581
dev/tests/integration/testsuite/Magento/CustomerBalance/Model/Balance/HistoryTest.php,18afd717c02214894a711747355d89a89920114c46e34cc0b6024daa43eb5d3c,5803
dev/tests/integration/testsuite/Magento/CustomerBalance/Model/BalanceTest.php,9bbb0566bf54461b0cd964670d76aa487724c8017475b25fa78e534e0263961e,6150
dev/tests/integration/testsuite/Magento/CustomerBalance/Model/CreditMemoResolverTest.php,d33d3f46ce87f8b7f5e6c41dbd94b42bcf7701f7efcc3ba7410f45805a586630,4401
dev/tests/integration/testsuite/Magento/CustomerBalance/Model/CreditmemoFactoryTest.php,db8c6b59135c7cfafde6bd4c18d78b82c3f24af38309b6163ff1a1b731ba2342,4648
dev/tests/integration/testsuite/Magento/CustomerBalance/Observer/CreditmemoDataImportObserverTest.php,d7e28a30e9417fe489310334003e4880dec9da151f4ed4a228a953cdf9d15deb,4699
dev/tests/integration/testsuite/Magento/CustomerBalance/Observer/CreditmemoSaveAfterObserverTest.php,6c423c79925c753a7d95920e6039187d6309fb522d68b157ed142d337df7e1b2,4909
dev/tests/integration/testsuite/Magento/CustomerBalance/Observer/CustomerSaveAfterObserverTest.php,ac7e5e1cfefb1ed95339ad286697a32c6befff46721d80858448f9ee4cf0a6cf,3265
dev/tests/integration/testsuite/Magento/CustomerBalance/Plugin/Model/Quote/ResetCustomerBalanceUsageTest.php,73d202fe8a158da23b88b53a8c407c68f64661407525b5473a4230ae419ac528,1252
dev/tests/integration/testsuite/Magento/CustomerBalance/_files/creditmemo_with_customer_balance.php,344469eabe2c00a0594a13680978e33d470f254e30582213e8f6c2e455cf9706,1422
dev/tests/integration/testsuite/Magento/CustomerBalance/_files/creditmemo_with_customer_balance_rollback.php,4dd6332d12763dc67907ddbf97974357a1d37273809aac225004521066134f70,157
dev/tests/integration/testsuite/Magento/CustomerBalance/_files/customer_balance_default_website.php,29901fc7c7b1dcd6c84699904fab174c89902749d602d16f68e68bcaa16bf146,1475
dev/tests/integration/testsuite/Magento/CustomerBalance/_files/customer_balance_default_website_rollback.php,5b00f0e6203f3f92f8c7882c9d41a3240219da1a53af544abd83691343da6ac6,703
dev/tests/integration/testsuite/Magento/CustomerBalance/_files/customer_balance_without_website_id.php,79124554eb8eafc225237fb36d84ce62f269950f6a9473d1edf52f17ad37a55d,1113
dev/tests/integration/testsuite/Magento/CustomerBalance/_files/customer_balance_without_website_id_rollback.php,1f87d783dc5a70833372969582e811b22a0f9976f26ed215c32d8516f34e98f2,208
dev/tests/integration/testsuite/Magento/CustomerBalance/_files/customer_balances_multiple_websites.php,59e86bd05bb342d422eee5b7e346e14da180b41cc45a8a77c63bc3db30fd27dc,4607
dev/tests/integration/testsuite/Magento/CustomerBalance/_files/customer_balances_multiple_websites_rollback.php,196eac5e1822320fc3238aa4c507f8ca9a558402c5780f6112cddf89812de9fe,1936
dev/tests/integration/testsuite/Magento/CustomerBalance/_files/disable_customer_balance.php,10fab694ce482ac47e0ace4f2d7f787dd5fca1ffef42c3392225c3c4a5482bbf,728
dev/tests/integration/testsuite/Magento/CustomerBalance/_files/disable_customer_balance_rollback.php,5c43ad14cdb7c911d917e9a9fddd81a6eb2c0a110338d8c6d4b84debbc0cb8f9,728
dev/tests/integration/testsuite/Magento/CustomerBalance/_files/disable_customer_balance_show_history.php,ec0811eaa00ead875e96f100a52293d25e3ac1894829690f0e33bfa332a07d2a,730
dev/tests/integration/testsuite/Magento/CustomerBalance/_files/disable_customer_balance_show_history_rollback.php,ee2faa30c6a16d6619975a97924486ad7f765a36d6ddaad068082ff11350b97d,730
dev/tests/integration/testsuite/Magento/CustomerBalance/_files/enable_customer_account_globally.php,14f339a2acb820b1ad36c49e2026af6d29e0bd26033de9fcfdffe844c4463d2f,626
dev/tests/integration/testsuite/Magento/CustomerBalance/_files/enable_customer_account_globally_rollback.php,b5c8db7cb89cb1e4e4901a2c0aa4be53c2123e9466c24da8657b415ee36a7cef,626
dev/tests/integration/testsuite/Magento/CustomerBalance/_files/history.php,a9856106c22952c63afc7a6d051672b5394416a5670ba0e2a37be59d19c1502d,1235
dev/tests/integration/testsuite/Magento/CustomerBalance/_files/invoice_with_customer_balance.php,b6f3d152b39cc1905933e4e22026ebe541a060eead647421a78c2171deea9b8e,695
dev/tests/integration/testsuite/Magento/CustomerBalance/_files/invoice_with_customer_balance_rollback.php,4dd6332d12763dc67907ddbf97974357a1d37273809aac225004521066134f70,157
dev/tests/integration/testsuite/Magento/CustomerBalance/_files/invoiced_order_with_customer_balance_and_item.php,99013c4639d815fa7e0709ed11c09f11c09a950fd33cf24b5f34b85803148737,2537
dev/tests/integration/testsuite/Magento/CustomerBalance/_files/magento_customerbalance_info_index.xml,81b81c39ae4400a3979fa02439e3ef1aa1cae038f9c9cb3a187742f4030c8a76,762
dev/tests/integration/testsuite/Magento/CustomerBalance/_files/order_with_customer_balance.php,ec4b0a56875f6569bab0c5c3f3c570013f31f25211b295996e39b781cfc0013c,2707
dev/tests/integration/testsuite/Magento/CustomerBalance/_files/order_with_customer_balance_rollback.php,e9705cdba48e9812c8eaf78f510b90be8af22d76910ce9c96b37a218d6f8a0e7,246
dev/tests/integration/testsuite/Magento/CustomerCustomAttributes/Block/Adminhtml/Customer/Address/Attribute/Edit/Tab/GeneralTest.php,ab57a154db187af0afb0d09078ab9dd9f06194474f9fc91074007ea81117f91e,2478
dev/tests/integration/testsuite/Magento/CustomerCustomAttributes/Block/Adminhtml/Customer/Attribute/Edit/Tab/MainTest.php,7fec24204ff46236404e8ea7bf6c4f2c77122d805f4045c691e97a5f590ec7b2,2376
dev/tests/integration/testsuite/Magento/CustomerCustomAttributes/Block/Adminhtml/Customer/Formtype/GridTest.php,5b11b68b8e1f2d836d86ded298820b8979522c3b9d9db860d9620b19ab89eeb7,999
dev/tests/integration/testsuite/Magento/CustomerCustomAttributes/Controller/Adminhtml/Customer/Address/Attribute/DeleteTest.php,c09d82a596baa7b8c805b386d4787c5629d27e8ce08769a62fbd297d763d98ff,3362
dev/tests/integration/testsuite/Magento/CustomerCustomAttributes/Controller/Adminhtml/Customer/Address/Attribute/SaveTest.php,b25fbe72542899ed77afec602a87a3453086103a1cbedc9702a2c9c32f932841,12501
dev/tests/integration/testsuite/Magento/CustomerCustomAttributes/Controller/Adminhtml/Customer/Address/Attribute/ValidateTest.php,2d766b7aab5ec3ebd27170c4cbf2b2b87a2620f044982ed66a534c711be3219a,4256
dev/tests/integration/testsuite/Magento/CustomerCustomAttributes/Controller/Adminhtml/Customer/Attribute/DeleteTest.php,dbb846a3c3a62b6858302d1e401e57fb525d8c545d7670f30ec09f5ea34ea281,3488
dev/tests/integration/testsuite/Magento/CustomerCustomAttributes/Controller/Adminhtml/Customer/Attribute/SaveTest.php,8357e25523310c8a581dc821240050926cc168d17b3b9b7ca36a7e766e5bc73e,17539
dev/tests/integration/testsuite/Magento/CustomerCustomAttributes/Controller/Adminhtml/Customer/Attribute/ValidateTest.php,06be1e07253a2d8473320077a4fbac5c5f03441df9385c953a29eefe638b8311,3984
dev/tests/integration/testsuite/Magento/CustomerCustomAttributes/Model/AddressAttributeTest.php,03f06770628073d4a86f5990b73dd56c3e8753e428858e0696aceb47d4d07dcb,3313
dev/tests/integration/testsuite/Magento/CustomerCustomAttributes/Model/Plugin/ValidateCustomerAddressAttributeTest.php,8ade98cd6268f4d54d66387c29fde8a39dbe2939fd9bc121d1c79321647a8ff7,6652
dev/tests/integration/testsuite/Magento/CustomerCustomAttributes/Model/Sales/Order/AddressTest.php,ca7bc2c9785c08b5ca4adf0e046a1a32aa053609220dfbc9932b9bf98fb93a15,1265
dev/tests/integration/testsuite/Magento/CustomerCustomAttributes/Observer/CoreCopyDataQuoteToOrderTest.php,d1e3ff9712f219cce97daf4fc6bb7aea23f718a49f03cc31ba0b09a1891a364f,3722
dev/tests/integration/testsuite/Magento/CustomerCustomAttributes/Observer/CoreCopyFieldsetCustomerAddressToQuoteAddressTest.php,1ec9e0de372321318a108693eaa712b76b9121e47731f376ac665f83daf13dae,3103
dev/tests/integration/testsuite/Magento/CustomerCustomAttributes/Observer/EnterpriseCustomerAddressAttributeTest.php,998f7e1e1bb22cd569542c6a8b51abcf23a617a9449d6a67990e967fc3bca579,4573
dev/tests/integration/testsuite/Magento/CustomerCustomAttributes/Observer/EnterpriseCustomerAttributeDeleteTest.php,880154e03a059618ec120b1310523b9e9747a3216690d2feac9f3d76ae657bc0,2939
dev/tests/integration/testsuite/Magento/CustomerCustomAttributes/Observer/EnterpriseCustomerAttributeSaveTest.php,97c2ceb89f5aca794bb2c5f6b9c8800e588de5e67d1c6056915a0c6c746cc0b6,3073
dev/tests/integration/testsuite/Magento/CustomerCustomAttributes/_files/address_custom_attribute.php,c3ef73aac7ff3338655e1fb4076f33022424491e5e089ae268525c5d88f73b22,3312
dev/tests/integration/testsuite/Magento/CustomerCustomAttributes/_files/address_custom_attribute_rollback.php,4a4fee1c1e837d3694281d8f424c66c894e8bfce25e2714853bd65f8b9f6e3ff,476
dev/tests/integration/testsuite/Magento/CustomerCustomAttributes/_files/address_custom_attribute_without_transaction.php,d71c5c8073a9fb9b6b0cb16636c83534b66a6a9dae776def82f12deb6aff46f7,1821
dev/tests/integration/testsuite/Magento/CustomerCustomAttributes/_files/address_custom_attribute_without_transaction_rollback.php,91d79a12422bf5c33c00cf550b70cad541af8547fff8b088327a5a65b7ef382d,677
dev/tests/integration/testsuite/Magento/CustomerCustomAttributes/_files/address_multiselect_attribute.php,1861cdf5cf33c3a15c25d2945c9f264af526a0c2f1ef0a79b4a7dcb7e8bf9562,2274
dev/tests/integration/testsuite/Magento/CustomerCustomAttributes/_files/address_multiselect_attribute_rollback.php,744b0a33851caf6d6593e0d514c851eafb4fcf7759d98aca4526b251033155e8,395
dev/tests/integration/testsuite/Magento/CustomerCustomAttributes/_files/customer_attribute_type_select.php,faa83ce9764cd5a91cd3766b715ee461210507e6e9d620fa15286afd3fe849f1,2268
dev/tests/integration/testsuite/Magento/CustomerCustomAttributes/_files/customer_attribute_type_select_rollback.php,05f21ace86fcb7b6b72f9de5ff7ea98298f51a7557b36ec17c7b4c1b1351c68a,1073
dev/tests/integration/testsuite/Magento/CustomerCustomAttributes/_files/customer_custom_attribute.php,8d9c0e51896d1932bed93c25b54d0754751576a50e157018906da2020e08b0b4,3110
dev/tests/integration/testsuite/Magento/CustomerCustomAttributes/_files/customer_custom_attribute_rollback.php,755b9051464b82b6312098e1d8bb693f328cfa04dfa2c2850d7f442b763bed90,460
dev/tests/integration/testsuite/Magento/CustomerCustomAttributes/_files/customer_with_address_custom_attribute_in_grid.php,217bbbab0e4e125478182651246760dcb41b48f39625f7512b3bd47f401962e9,3867
dev/tests/integration/testsuite/Magento/CustomerCustomAttributes/_files/customer_with_address_custom_attribute_in_grid_rollback.php,d6268c4e00b92ac02d851bd3e423aff122bdbbfc700db1dc9d11346812d1789c,995
dev/tests/integration/testsuite/Magento/CustomerCustomAttributes/_files/customer_with_address_custom_attributes.php,8d8ede7d2cdd361fb5e6ce9e4d6a9d19f9127daef5c78d44705e74f608a94121,2599
dev/tests/integration/testsuite/Magento/CustomerCustomAttributes/_files/customer_with_address_custom_attributes_rollback.php,fa076a82c0141aeca3997b9c18f7d2ee165da178d84352e37b6a853464f9eb3a,769
dev/tests/integration/testsuite/Magento/CustomerCustomAttributes/_files/customer_with_custom_attribute.php,e3b3763bf9a43fde5c36eb80cc104236e5ffec9671d356fafadebc3141ca6e84,2464
dev/tests/integration/testsuite/Magento/CustomerCustomAttributes/_files/customer_with_custom_attribute_rollback.php,fa9adae6fdf9b344e7eff7cd7bf10a18901ce9eb13911e3aef366e20ffe328ed,773
dev/tests/integration/testsuite/Magento/CustomerCustomAttributes/_files/order_address_with_attribute.php,18a87401c3091ff1e93622cdb77e77e387a2bc411b63900e8f93812fa63f2a27,2358
dev/tests/integration/testsuite/Magento/CustomerCustomAttributes/_files/order_address_with_attribute_rollback.php,6052a2feed3932eacbc7a75ff5917a43140c0607c9bc51390f9203b9930dba1f,640
dev/tests/integration/testsuite/Magento/CustomerFinance/Helper/DataTest.php,930cd5c9b67efd8d6d5ca21263374e41d17ae72e433656e09d5290b6c85af9cc,5453
dev/tests/integration/testsuite/Magento/CustomerFinance/Model/Export/Customer/FinanceTest.php,1fcb12ca5bb338609cfd4ce074a55fad1e30066f8f07118bf23ad48408776dad,7934
dev/tests/integration/testsuite/Magento/CustomerFinance/Model/Import/Eav/Customer/FinanceTest.php,0cb5a70ce2821c4497c8a7cebddf3c0cd40a9c6affb0e4f1c81e110b0a438f61,9758
dev/tests/integration/testsuite/Magento/CustomerFinance/Model/Import/Eav/_files/customer_finance.csv,dc5c83534e6464fe68243a8469c4d99eaeac5e19c93a8b3ad2758b8ac75a274a,323
dev/tests/integration/testsuite/Magento/CustomerFinance/Model/Import/Eav/_files/customer_finance_delete.csv,b6cb9e51f881743672f79663232a539c6c2981652becb0621ea3b4a58015112b,273
dev/tests/integration/testsuite/Magento/CustomerFinance/Model/ResourceModel/Customer/CollectionTest.php,b49390aab156e510f717fb6b78c5e63bcf5733658a0a21ecb315a847c4e25176,11607
dev/tests/integration/testsuite/Magento/CustomerImportExport/Model/Export/CustomAddressTest.php,f85955efda9016e80b72b2366fa4529318445309403b75cac1462632070429af,1138
dev/tests/integration/testsuite/Magento/CustomerImportExport/Model/Export/CustomCustomerTest.php,36f6ed2dc918de527bf37c9c82bb949503ee2dcbc33cda466a549212cb44cd5a,2029
dev/tests/integration/testsuite/Magento/CustomerImportExport/Model/Export/_file/expected_custom_adress.csv,8ee2cfdcec6d36e327f0e02476f5490a6a3b05167e64fe68b6f093885d1c476f,611
dev/tests/integration/testsuite/Magento/CustomerImportExport/Model/Import/CustomAddressTest.php,07993e2f954c780ddcc881b3800b66d01272b3d9eb344a16c9e638125bf92d8e,5016
dev/tests/integration/testsuite/Magento/CustomerImportExport/Model/Import/CustomCustomerTest.php,6eff0219b70522d9b409e70ae7dced577f54cc9bcd842a04bba5eefab70d666f,3705
dev/tests/integration/testsuite/Magento/CustomerImportExport/Model/Import/_files/address_with_custom_attribute.csv,3143b4eea3d176079ab22d08040d7b11881a76d07432f22fd173056c7cf6613d,665
dev/tests/integration/testsuite/Magento/CustomerImportExport/Model/Import/_files/customer_with_custom_attribute.csv,6e1142450085e99a31127f3a7f8083755b85135f962e34634ead2efcda08865c,504
dev/tests/integration/testsuite/Magento/CustomerSegment/Block/Adminhtml/MenuTest.php,be1ef638f2e2988b1149c63be1a9aec315a38c7891a38dbe63e8f523245eff63,2092
dev/tests/integration/testsuite/Magento/CustomerSegment/Controller/Adminhtml/IndexTest.php,6dabb8790600ac530bbb3a0d73a36ce77301da4f1bf64fb71483611c8ef21811,2591
dev/tests/integration/testsuite/Magento/CustomerSegment/Controller/Adminhtml/Report/Customer/CustomersegmentTest.php,da5c1ee05abe68f9b78d9b70831f0ba45e533e240ce25314864e263fc43af01e,1269
dev/tests/integration/testsuite/Magento/CustomerSegment/Model/Condition/Combine/AbstractTest.php,1c9ebf49d692537d1b1efa5cada0457bad591eabbc71f4c86c72b2f066697384,2080
dev/tests/integration/testsuite/Magento/CustomerSegment/Model/ResourceModel/CustomerTest.php,8806d313cbef2202ec002138f89298973cac70383c67200c9cea8b0db4da6bd3,3624
dev/tests/integration/testsuite/Magento/CustomerSegment/Model/ResourceModel/SegmentTest.php,bffd5eff5181f880b702a1b3fac8026543d3b58631b184c04caf2e890fb28df1,2841
dev/tests/integration/testsuite/Magento/CustomerSegment/Model/Segment/Condition/Combine/RootTest.php,d840dbb52e076b5d19ca811af17e60fc45e4b6ebaa2189d8d8c1073b32cf6663,1744
dev/tests/integration/testsuite/Magento/CustomerSegment/Model/Segment/Condition/Product/AttributesTest.php,27b1ae7c3e190b35473ecb1542a79fc4aa7107ade6dd91d16d2c073831c38f92,7217
dev/tests/integration/testsuite/Magento/CustomerSegment/Model/Segment/Condition/Product/Combine/HistoryTest.php,e6fe134166944e04bdaca6ded6475f500bb0801ba5159d9f30ab858ee471c3b3,6026
dev/tests/integration/testsuite/Magento/CustomerSegment/Model/Segment/Condition/Sales/OrdersnumberTest.php,956015e328697a4c1202ba28852bb4d32c89a87c63d370c3445da45afb725aae,8672
dev/tests/integration/testsuite/Magento/CustomerSegment/Observer/AddSegmentsToSalesRuleCombineObserverTest.php,a48b1b940132a4455e7c97bb766a18b4f1872b5eaafeec39b934991995c31236,2269
dev/tests/integration/testsuite/Magento/CustomerSegment/_files/customer_segment_rules.php,6239fde0eda13a12ad925f95769232afaf86e111590fcd5643163cd53b5faae4,1577
dev/tests/integration/testsuite/Magento/CustomerSegment/_files/segment.php,a0d7efc41006ef1c5e310531194c582f06fecbf63e843fcf37e16914e3f8b950,457
dev/tests/integration/testsuite/Magento/CustomerSegment/_files/segment_customers.php,1fc4a28f23301b2ab272c83e3bd53ed14733027413cdce3576df2aaf5be4f9bf,1858
dev/tests/integration/testsuite/Magento/CustomerSegment/_files/segment_designers.php,92c2de485973b0a5bda7a72506eb08827b5d8f8e5bb66883e597e2cb818b19aa,382
dev/tests/integration/testsuite/Magento/CustomerSegment/_files/segment_developers.php,f651e406c71061c750cff0231b00f9d513f17708a5f80d1e5c436e6fa7aa8fde,383
dev/tests/integration/testsuite/Magento/CustomerSegment/_files/segment_multiwebsite.php,203383ce3709a158464a2e4f5f2495c161f7b741fcaa1df991bf943231e53cff,2086
dev/tests/integration/testsuite/Magento/CustomerSegment/_files/segment_multiwebsite_rollback.php,6d0eac958d121547c5343081dba43a04edde69995268cd360e5135069c72aafc,926
dev/tests/integration/testsuite/Magento/CustomerSegment/_files/segment_rollback.php,05c93abfae8a7c3d47faf7c202f0e8605dcaeb5fba234c822729d4abf67b84a7,710
dev/tests/integration/testsuite/Magento/CustomerSegment/_files/segment_with_three_customers_and_two_past_orders.php,a54d1c4d8b804b8c12b268c46deb8c6282a5237984d4b5138629db8383169902,1219
dev/tests/integration/testsuite/Magento/CustomerSegment/_files/segment_with_three_customers_and_two_past_orders_rollback.php,a279da8f054a9010ce4e53c4b07930e9194dfe3af8260e17690bdaf9440b26f3,394
dev/tests/integration/testsuite/Magento/Cybersource/Api/PaymentInformationManagementTest.php,ad825bfe45acc545544215a288bfa60f92b5a24a298b7359f4ef0d820da0e58f,6349
dev/tests/integration/testsuite/Magento/Cybersource/Controller/Adminhtml/SilentOrder/TokenRequestTest.php,5bcf9919c9172f4ecc90fef24efae8272e893a357b33865d164f478ea2f3aad2,3772
dev/tests/integration/testsuite/Magento/Cybersource/Fixtures/payment_configuration.php,cbf27ed70eff06f5957a2fc437b9b0ff589e4e4079534d8a833bb0df4c6d0a3e,1638
dev/tests/integration/testsuite/Magento/Cybersource/Fixtures/payment_configuration_rollback.php,d7525d191842fa2eaef83675b840793f1ae67e5966b4d45772e3f2323d1a364d,1330
dev/tests/integration/testsuite/Magento/Cybersource/Fixtures/payment_method.php,2454c31f89771fc38c1fc183b741a65193a0c52c054c15035e27bd0b7d29b0cd,684
dev/tests/integration/testsuite/Magento/Cybersource/Fixtures/quote_with_split_items.php,3aba4eb0453e5b11ed7a605b237405880bbc05d72e683247262d4f09c3f0930b,1885
dev/tests/integration/testsuite/Magento/Cybersource/Model/MultishippingTest.php,4f7ed253b2ce36800a1e7fda156bdebd1c4efbe99679753626884a59220f1f6d,6007
dev/tests/integration/testsuite/Magento/DownloadableImportExport/Model/DownloadableStagingTest.php,6c0120826c33f2892e12e1def77c5da59cc9d67cc0f4c7409d44937cae5417e3,877
dev/tests/integration/testsuite/Magento/ElasticsearchCatalogPermissions/CategoryTest.php,31be95de1442f84725b4391a28cfae3c0166799654d54a635b1dc705253e21d6,4954
dev/tests/integration/testsuite/Magento/ElasticsearchCatalogPermissions/_files/catalog_products.php,0f451c25eecdafc76b2fce05b73d201e6f762dc3cb474da0dbd0398cd5e3f1f2,3772
dev/tests/integration/testsuite/Magento/ElasticsearchCatalogPermissions/_files/catalog_products_rollback.php,f9757c2aa4e8186e358d738c06c7e04b7db4b65fd3449ef902b839d8a94b0420,1270
dev/tests/integration/testsuite/Magento/Enterprise/CodeIntegrityTest.php,19b6f7a98abeb61d1b50f0cdd674cccdfa072789d5bfe55668f54c53d7c69fe9,701
dev/tests/integration/testsuite/Magento/Framework/ForeignKey/ForeignKeyResolverTest.php,0adef2f51707b080d716f971b1ba91568225c9cfd5dd901f3a5a17d9df0e4980,12949
dev/tests/integration/testsuite/Magento/Framework/ForeignKey/_files/entity_tables.php,895077257320029c386e3d11f47f87e8c69092451281e5bce65846b94d6d5ed8,3785
dev/tests/integration/testsuite/Magento/Framework/ForeignKey/_files/entity_tables_rollback.php,3610dc39340ce2235353ab3c2a1c8cb72f0cce653d706f9c284ec447648971b9,818
dev/tests/integration/testsuite/Magento/Framework/ForeignKey/_files/entity_tables_values.php,04cc80217350ded5e2c504ccb33179f5b63577e4002999f72734768f1f9c6ac7,1092
dev/tests/integration/testsuite/Magento/Framework/ForeignKey/_files/entity_tables_values_rollback.php,679c4651720055b39136d243effb5954511875965b44a1e1bc48fd81a8081468,800
dev/tests/integration/testsuite/Magento/Framework/ForeignKey/etc/constraints_cascade.xml,4e8d70055501395e8d58d65e8ddeac12a1871eb5a1ade26dde8b6365d9c8ce5e,1061
dev/tests/integration/testsuite/Magento/Framework/ForeignKey/etc/constraints_mixed.xml,0488becf17a94222385cfc755e6e72f4345654b6271c358360128528eb2e93a3,1063
dev/tests/integration/testsuite/Magento/Framework/ForeignKey/etc/constraints_restrict.xml,3c65c3454c4353cfdd2d2d09d3ca9e48bcb6c2a1f5ead14daa37112d8252d5f1,1064
dev/tests/integration/testsuite/Magento/Framework/ForeignKey/etc/constraints_set_null.xml,47409cbe8d7375f2599ba8dcf50be25f7e0d48008fc320c1921a368589a12b6a,1064
dev/tests/integration/testsuite/Magento/Framework/View/Element/UiComponent/DataProvider/DataProviderTest.php,f41e4e62fd64b85f1cd221e2c3c1e0b71f0865887962dadabb6c29ce4797e021,2325
dev/tests/integration/testsuite/Magento/GiftCard/Fixtures/order_invoice_braintree_with_gift_card.php,5433e398ce6d0b4c12822cc2432066b46360c8f855f1bbbd164ebd680c3cb65e,3081
dev/tests/integration/testsuite/Magento/GiftCard/Fixtures/order_invoice_braintree_with_gift_card_rollback.php,5972ac4d423274f7396f31ce7cf693aa592b4a4c85c5463016b1c080e1985053,2873
dev/tests/integration/testsuite/Magento/GiftCard/Helper/DataTest.php,9d6aaccd4cef3730bcb5f16a9b648b77c86f12109dbc41b3ce4be31fdd926000,745
dev/tests/integration/testsuite/Magento/GiftCard/Model/Attribute/Backend/Giftcard/AmountTest.php,7e5fdbefad152d25a0927878c069392131aba6b520200fa8c21a3f8c9f7f252c,4170
dev/tests/integration/testsuite/Magento/GiftCard/Model/Catalog/Product/Type/GiftCardTest.php,154120e8493b71adb5a40feda9110ef329d8dd86067e905f0fe70bc8e5bec634,3382
dev/tests/integration/testsuite/Magento/GiftCard/Model/Indexer/PriceTest.php,bc88c4426e0cfed44f8ae4abf3bdd145f536f9fde117b79fb7cf79a38f59c1d3,2267
dev/tests/integration/testsuite/Magento/GiftCard/Model/Product/DeleteHandlerTest.php,9dd5739ae7f9794b56c57d1b5af70bb6d90f63d8e8e47803edc67c308e300c13,3718
dev/tests/integration/testsuite/Magento/GiftCard/Model/Product/ReadHandlerTest.php,f1ad81dabee1b3e81e9a2a843977061115a99431ebb0afe9cd3285d698afa045,2602
dev/tests/integration/testsuite/Magento/GiftCard/Observer/GenerateGiftCardAccountsTest.php,7724d43ab0a6bcb2bcf2bbb341e39c5eec3f378c63c57fc6dc82330ab9f5efb0,7579
dev/tests/integration/testsuite/Magento/GiftCard/_files/gift_card.php,8bc9ec7f4ef44bb1b812a54dba15fc0dfcb73185568bfa16e403a192f6e8ce6e,1040
dev/tests/integration/testsuite/Magento/GiftCard/_files/gift_card_1.php,e57630a1ce275efb859e7164107b50d52630f60cfd0a53a06c5a2e700a97a846,2202
dev/tests/integration/testsuite/Magento/GiftCard/_files/gift_card_1_rollback.php,f426b3b34ad7143ae5c04ea387bce0a972e84dc024539b6b82c6bc8a87c56510,890
dev/tests/integration/testsuite/Magento/GiftCard/_files/gift_card_physical_with_fixed_amount_10.php,dfd2d6b5614ed0fa135ac7b50f81d020e19f71f088866858427aacc82f2f9642,1766
dev/tests/integration/testsuite/Magento/GiftCard/_files/gift_card_physical_with_fixed_amount_10_rollback.php,730a0abf90fbce07ac8ac1e1a1181bcde0a683379017f12fcf556a76d497c49f,925
dev/tests/integration/testsuite/Magento/GiftCard/_files/gift_card_physical_with_fixed_amount_50.php,8a85da385a05ed7edfa82a5f8ef9042e2fa56c8dbe7f150e664a8a36543bcfc9,1766
dev/tests/integration/testsuite/Magento/GiftCard/_files/gift_card_physical_with_fixed_amount_50_rollback.php,dba9874efb77841315ed0218e212d5c68494895ddd898b19fb4c879758f0ae39,925
dev/tests/integration/testsuite/Magento/GiftCard/_files/gift_card_rollback.php,e4564fbe905c2ccdd5d575ffd92d744b9196255680d5311cd41bc330bc5cccde,878
dev/tests/integration/testsuite/Magento/GiftCard/_files/gift_card_with_amount.php,1a210e38b083ca8308b3d8910accc7028a1c7630c9999414b09134d5102ffe48,1722
dev/tests/integration/testsuite/Magento/GiftCard/_files/gift_card_with_amount_rollback.php,f426b3b34ad7143ae5c04ea387bce0a972e84dc024539b6b82c6bc8a87c56510,890
dev/tests/integration/testsuite/Magento/GiftCard/_files/gift_card_with_available_message.php,47fe8b127171b21c18eccdce0900f9eb5af823cadbcba590dd7fc73fdb09895c,1107
dev/tests/integration/testsuite/Magento/GiftCard/_files/gift_card_with_available_message_rollback.php,046a09805a88d734c4ccfe7f571faf85ff7cb59768359a088682abdf596b221f,616
dev/tests/integration/testsuite/Magento/GiftCard/_files/gift_card_with_open_amount.php,3215c2a318b1dc5d13fdb476eec9c627a115e64a3519df34814a9693de09a835,2027
dev/tests/integration/testsuite/Magento/GiftCard/_files/gift_card_with_open_amount_rollback.php,34970d132540cf121df4857bfd298a200e7209f2822d193e7536ebfdf392f8d7,611
dev/tests/integration/testsuite/Magento/GiftCard/_files/giftcard_on_invoiced_setting.php,e68bb0e1356dc309ba05eb0d0f6b044678f6813da344a0c11bd829de44e8e66d,416
dev/tests/integration/testsuite/Magento/GiftCard/_files/giftcard_on_ordered_setting.php,cc291176590efad57d28d79958681b42418fdb8e3dd5a240cd4e9d7efe05179c,415
dev/tests/integration/testsuite/Magento/GiftCard/_files/invoice_with_gift_card.php,082624711d4aa116878a53009f56f32b5b25edc457734f3d177e9b3755d8dab1,664
dev/tests/integration/testsuite/Magento/GiftCard/_files/order_item_with_gift_card_and_options.php,515729acf310330feeb9e8c6e1ade492bb11824a9203c4aaf9f8042f9e0bc831,2701
dev/tests/integration/testsuite/Magento/GiftCard/_files/order_item_with_gift_card_and_options_rollback.php,7fc55ddf282138e34f56b4a42258c4a89c7a6e7df29ba48cfdc2ab44bd67f74e,179
dev/tests/integration/testsuite/Magento/GiftCard/_files/order_with_gift_card.php,0fa5e9c5fda38d75d7f20c92799183407f4b05970accf434962f3c4413cab85b,3275
dev/tests/integration/testsuite/Magento/GiftCard/_files/quote.php,4e883a73ffd4ef6ebb0d316b7939634691893560def1a2bef359ea57e1fd8a64,2467
dev/tests/integration/testsuite/Magento/GiftCard/_files/quote_rollback.php,786526a321c977b861fc828842d2aa2fbdb4f8733fb0abab156255c1f5b9a9b6,746
dev/tests/integration/testsuite/Magento/GiftCard/_files/quote_with_items_saved.php,2856021767816876301c506b615a4a8a97388459c915d23741432a3585f1db44,3098
dev/tests/integration/testsuite/Magento/GiftCard/_files/quote_with_items_saved_rollback.php,84539136a8574dc690718e265a8a3e8c166c95584444ab9c435bfa4ff54e8b77,840
dev/tests/integration/testsuite/Magento/GiftCardAccount/Api/GiftCardAccountManagementInterfaceTest.php,f14a02700380a0661ed39de82368be2b3612c7aebc04131a60f42002cc2326ba,2203
dev/tests/integration/testsuite/Magento/GiftCardAccount/Api/GiftCardAccountRepositoryInterfaceTest.php,e026c8a529c270d0612e3978050aae79c8203896b36d01b419c8edf12f6abca8,3855
dev/tests/integration/testsuite/Magento/GiftCardAccount/Api/GiftCardRedeemerInterfaceTest.php,28797edc4e9006f3e7bf1964997eb555feeca538e228efda6fe1e7ddba480c46,5101
dev/tests/integration/testsuite/Magento/GiftCardAccount/Block/Account/LinkTest.php,3544c94188e2d5a023119c017cd953981f3f1a784f1aaec0ef67079d3c4b94e6,1639
dev/tests/integration/testsuite/Magento/GiftCardAccount/Block/Account/RedeemTest.php,ca389a23aa248351aa53364ee1740b3b121d35495f189e6a3471289ffdbf9444,4771
dev/tests/integration/testsuite/Magento/GiftCardAccount/Block/Adminhtml/Giftcardaccount/Edit/Tab/InfoTest.php,dfd41aeca20c93ce1ff46ad39b1aef4fba0ca8deab4b6b2553de26438a78cf27,4590
dev/tests/integration/testsuite/Magento/GiftCardAccount/Block/Adminhtml/Giftcardaccount/Edit/Tab/SendTest.php,9e58eacad1d4d9daf8c14c1d9735552bd981f579b1b52e30aad45b74cf8c27c6,2601
dev/tests/integration/testsuite/Magento/GiftCardAccount/Block/CheckTest.php,326907c2ea269c38ac12362626f8554bae3e28f49efeb41434bf70052dfebf80,4589
dev/tests/integration/testsuite/Magento/GiftCardAccount/Controller/Adminhtml/Giftcardaccount/SaveTest.php,662bc6d31aaf61df14811195a7be1b6747dbaf2e99d810bf5b8a03eb2a20a9a8,2006
dev/tests/integration/testsuite/Magento/GiftCardAccount/Controller/Adminhtml/GiftcardaccountTest.php,3f87c628d09dd6a5078b12ce5ee905fd6e1a2dab19c1b02de9fcf5c7f38d0a8c,550
dev/tests/integration/testsuite/Magento/GiftCardAccount/Controller/Cart/QuickCheckTest.php,16589134f7c77d0d9f7178b5dafd40dd8eba2d2e4c3b0c3615869e3d98facb52,2984
dev/tests/integration/testsuite/Magento/GiftCardAccount/Model/Backend/HistoryTest.php,79988a8ca4f7229e16498a2b285ee03f6bd291dca5284d8bded9dc3844a8af15,4033
dev/tests/integration/testsuite/Magento/GiftCardAccount/Model/CollectorPositionsTest.php,51a1441ede99b69f138c7fd6147d405dff4d5db1cd2ee76e6b59df1b7ac8e9f5,1115
dev/tests/integration/testsuite/Magento/GiftCardAccount/Model/CreditmemoFactoryTest.php,fd4cccf84ec77be9794643f54b841616c03283781514eada3e1bfe2915e6c4b9,3883
dev/tests/integration/testsuite/Magento/GiftCardAccount/Model/CronTest.php,c9c87ef86d7c964c09647236b4c4e74290e6afb0b0ab2f1763e090dbfcfbdfee,2879
dev/tests/integration/testsuite/Magento/GiftCardAccount/Model/ManagerTest.php,f2c0f15ace66536be0fedb46c3b81ee9e2b9f5a093d1355e1b54b3bd9daa5e99,2124
dev/tests/integration/testsuite/Magento/GiftCardAccount/Model/Plugin/CreditmemoRepositoryTest.php,e8913c2846d4467e063108db5812c170c99d80fde883ceca7130a782667f1e38,3986
dev/tests/integration/testsuite/Magento/GiftCardAccount/Model/PoolTest.php,52245a1dc18f7f6fc370351cac5dac20a9dba3feba57e243c42c3d09b7d43c8a,1105
dev/tests/integration/testsuite/Magento/GiftCardAccount/Model/RedeemerTest.php,0d53d879d1531de0b1709d21323de7f8fa0ec7af9c96d8b40f477e23109bf1c9,5067
dev/tests/integration/testsuite/Magento/GiftCardAccount/Model/Spi/GiftCardAccountManagerInterfaceTest.php,72be89809e31fcbc21580e32ceaaa3e5e9d0a27779c10b852437a956b420f003,1578
dev/tests/integration/testsuite/Magento/GiftCardAccount/Model/UsageAttempt/UsageAttemptsManagerTest.php,aa2714bae44df2dc8922a0b1cff0540503763aaf1079e3011eb4b092b6c4178f,8995
dev/tests/integration/testsuite/Magento/GiftCardAccount/Observer/CreditmemoSaveAfterTest.php,62e70a7f928a770720289b1a17dd3128f79980af89bb4c10454b4e3243a2d30c,10855
dev/tests/integration/testsuite/Magento/GiftCardAccount/Observer/GiftCardAccountSaveAfterTest.php,0cdda1953eb6f1a4cfcee148f88b178f28b84ae24e6aec50961362a9ea6dcfcc,4980
dev/tests/integration/testsuite/Magento/GiftCardAccount/Observer/RefundTest.php,ef54fea0d7ba5555ad5ab4e16313f493d485fe0709e7520edc9c9eeac992c041,2361
dev/tests/integration/testsuite/Magento/GiftCardAccount/_files/codes_pool.php,4556e6df7aeb7d2704df2b40acfc731682920779adf90e12ea93af59e48ddbc1,1051
dev/tests/integration/testsuite/Magento/GiftCardAccount/_files/complete_order_with_gift_card_account.php,048fd5fa1088d66ef7127263075d1c8b1dc79a8a8b127eb0f1c8910c16951e9c,1145
dev/tests/integration/testsuite/Magento/GiftCardAccount/_files/complete_order_with_gift_card_account_rollback.php,ac7c7ffef325b03f3562d5573261f9a08f39da535cce2f9063a3dc5a92f89a6b,158
dev/tests/integration/testsuite/Magento/GiftCardAccount/_files/create_giftcardaccount_with_second_website_and_product.php,c104657680369cfa6a25b99dbebcfd90fe8283f3ccf26479e3b505585c0d8ee2,2900
dev/tests/integration/testsuite/Magento/GiftCardAccount/_files/create_giftcardaccount_with_second_website_and_product_rollback.php,0c302c66e4054bb09000b273117946fe7beb9d75f3c35d2ce2c4639aa302d8a5,3100
dev/tests/integration/testsuite/Magento/GiftCardAccount/_files/creditmemo_with_deleted_gift_card_account.php,9ee573930421880b6a295ce916316363cdfd2daa0bf397db9b159eb9efeacabd,761
dev/tests/integration/testsuite/Magento/GiftCardAccount/_files/creditmemo_with_gift_card_account.php,8328bad5fef3fdc423bd012d6103362017c6fd5827b3291c7596dad27ea700e6,1400
dev/tests/integration/testsuite/Magento/GiftCardAccount/_files/creditmemo_with_gift_card_account_rollback.php,ac7c7ffef325b03f3562d5573261f9a08f39da535cce2f9063a3dc5a92f89a6b,158
dev/tests/integration/testsuite/Magento/GiftCardAccount/_files/expired_giftcard_account.php,15bab5f937a478722a5bc5f69e18db022014985147c0570bee47bdc4bfce657b,859
dev/tests/integration/testsuite/Magento/GiftCardAccount/_files/expired_giftcard_account_rollback.php,37a0ec667ada7de633aaec9777323560123bba006113807a603f1119e7207080,236
dev/tests/integration/testsuite/Magento/GiftCardAccount/_files/expired_giftcardaccount_with_future_date_expires.php,2f9e32c73b9f625d372202831d4421bd33d538d9d0d34ba4960f8e538d901605,883
dev/tests/integration/testsuite/Magento/GiftCardAccount/_files/expired_giftcardaccount_with_future_date_expires_rollback.php,cda44a0e81dd749c4261b2774a7b61c05b9a0330e046bda800e000cbb6af8a31,260
dev/tests/integration/testsuite/Magento/GiftCardAccount/_files/giftcardaccount.php,ff946dc6dbae57d6bdeb3634cbe88c0515625b2a215c3747b68bfea35ceb747f,888
dev/tests/integration/testsuite/Magento/GiftCardAccount/_files/giftcardaccount_inactive.php,9956d1ed96a28c92730434e0a529ae08bd139f1f214f8e0fbc62d70cce8312f7,814
dev/tests/integration/testsuite/Magento/GiftCardAccount/_files/giftcardaccount_inactive_rollback.php,f89a0e45f86ea6fbf3f2cad05d6562de225c3491fd47264be446ee2b3ecdf6fc,780
dev/tests/integration/testsuite/Magento/GiftCardAccount/_files/giftcardaccount_rollback.php,b88cbb0a88f91591d9b6381584a05975a15b28f3237ae9c2cf498ca87c446b25,796
dev/tests/integration/testsuite/Magento/GiftCardAccount/_files/giftcardaccount_with_past_date_expires.php,dd94b8d9f016f2e71fb8a2efae100cd30f4842c710d3d50413fe62c384156909,823
dev/tests/integration/testsuite/Magento/GiftCardAccount/_files/giftcardaccount_with_past_date_expires_rollback.php,1b00f444a8ce06dc5852ff0f19a5c7f1ca66006c60577b272e881ab43d00b018,250
dev/tests/integration/testsuite/Magento/GiftCardAccount/_files/giftcardaccount_with_zero_balance.php,dec867e5c9f8f412ec85050eeb5ab234395fdf6aac9f28bd6b91b532c97cdbd8,876
dev/tests/integration/testsuite/Magento/GiftCardAccount/_files/giftcardaccount_with_zero_balance_rollback.php,3fda56b1fd4809c5bae2fadcedb16c1beef324ce04fd94082cbeb95e7347d340,789
dev/tests/integration/testsuite/Magento/GiftCardAccount/_files/giftcardaccounts_for_search.php,29ed26886cac1caa207dfeb3fadc787660a7a9920b9121f74b1b245f07e31c98,2281
dev/tests/integration/testsuite/Magento/GiftCardAccount/_files/giftcardaccounts_for_search_rollback.php,d5be310046b4defa44516e404108f357429c7d5101c5f897dea4cf9efcf4e674,1441
dev/tests/integration/testsuite/Magento/GiftCardAccount/_files/invoice_with_gift_card_account.php,1e794f9ba8511100558062d6e6ae8f36ba923a06ca68ca4ea785571344de2023,700
dev/tests/integration/testsuite/Magento/GiftCardAccount/_files/invoice_with_gift_card_account_rollback.php,ac7c7ffef325b03f3562d5573261f9a08f39da535cce2f9063a3dc5a92f89a6b,158
dev/tests/integration/testsuite/Magento/GiftCardAccount/_files/invoiced_order_with_gift_card_account_and_item.php,5c712f439638d678e4cc9ce2e1f1f5a19322fa340e1aa239e716c37c18dc00b6,2429
dev/tests/integration/testsuite/Magento/GiftCardAccount/_files/not_redeemable_gift_card_account.php,cbc57c70afa117f13d396ffaf47ad61fda9bcf725513b8241892eb9f26cf86cc,1250
dev/tests/integration/testsuite/Magento/GiftCardAccount/_files/not_redeemable_gift_card_account_rollback.php,e6d7c9f775ce3f736f89443c1a252a85ca8ec42cd8294ff70df6b954052260bf,828
dev/tests/integration/testsuite/Magento/GiftCardAccount/_files/order_with_gift_card_account.php,16834e3c15464e039632375676a5d726afc20dbe869b74d12dfef4181799da71,3749
dev/tests/integration/testsuite/Magento/GiftCardAccount/_files/order_with_gift_card_account_rollback.php,bfbb611d6dd24d0860cdb5f5c30dee6917a07c7cf37a7d3a6978b3b3ffb29053,178
dev/tests/integration/testsuite/Magento/GiftCardAccount/_files/quote_with_giftcard_saved.php,12ccd43dad87a4e6948d962c0d62e4d4a8aaf1936364e6663982efb44827d117,2985
dev/tests/integration/testsuite/Magento/GiftCardAccount/_files/quote_with_giftcard_saved_rollback.php,5d9bcceb764ddf67013c1cefda83d48918ecaa2ba46f7e80293fddc9b4d4d63e,686
dev/tests/integration/testsuite/Magento/GiftCardImportExport/Model/Export/GiftcardTest.php,e4efd751b3f0c917dae7e72f09440f05ef9e338374a16e545ba0476240c0cd93,2493
dev/tests/integration/testsuite/Magento/GiftCardImportExport/Model/GiftCardTest.php,d2cb4e6a95cc3188d3da919cbfda14a1a8243e8b1f3cd38825acd426d02cf40f,4010
dev/tests/integration/testsuite/Magento/GiftCardImportExport/Model/Import/Product/Type/GiftCardTest.php,0bbfa1c09c2f2ae76d49d4ea644c29df64f3097ba911ed5c93cf7b218994d065,4226
dev/tests/integration/testsuite/Magento/GiftCardImportExport/Model/Import/_files/giftcard_product.csv,0500e47628d277e1ea9745e10fca64043d5ac942dff200d685e2db6c51d0d3d6,2675
dev/tests/integration/testsuite/Magento/GiftCardStaging/Plugin/Model/Product/GiftCardAmountsRollbackTest.php,3f47407a4a627e51ae126a6ee0bae33477970748e2cf9de80e73f8cde2d4b81f,2996
dev/tests/integration/testsuite/Magento/GiftRegistry/Block/Adminhtml/Giftregistry/Edit/Attribute/AttributeTest.php,d31f8e80a593866a5576607498983baf4e6afc836b09c27a955c9cf3850c12d0,1175
dev/tests/integration/testsuite/Magento/GiftRegistry/Block/Adminhtml/MenuTest.php,14ff5250354362843cc75a02ae70014d32dc4e0605c483dd72f7861c2e0fb296,2070
dev/tests/integration/testsuite/Magento/GiftRegistry/Block/Cart/LinkTest.php,6cfe8c8578d23ae8c96766b4f04634602d2cdc1af51765257a58ba3884289afb,1398
dev/tests/integration/testsuite/Magento/GiftRegistry/Block/Cart/Product/MarkTest.php,876f6af075f7cd2e81f22ca139c2ba541038c07661e63e9f131db99a77800c18,1426
dev/tests/integration/testsuite/Magento/GiftRegistry/Block/Customer/CheckoutTest.php,fe2d5dd71841e50cf68fcbe7e37234ac63cf98c0f7aac86e1203d3f2d582908d,1434
dev/tests/integration/testsuite/Magento/GiftRegistry/Block/Customer/Edit/AbstractTest.php,1de939fb584469decb4f5f38a630ea848be0340cf7542e264b8377f566898086,1901
dev/tests/integration/testsuite/Magento/GiftRegistry/Block/Customer/Edit/RegistrantsTest.php,748717ecbf2d462c8e1196a9ef67e051f812fa34352eff02bd22217b5db116d2,4137
dev/tests/integration/testsuite/Magento/GiftRegistry/Block/Customer/EditTest.php,0c1bde3bae6f24968868fc6fd56e615bc249ca81e123945a815a1c3bb398cc46,1160
dev/tests/integration/testsuite/Magento/GiftRegistry/Block/Customer/ShareTest.php,a8da49e987423419a898aabb581f0825f970cfb96a9af8afd986f774a44c3520,4710
dev/tests/integration/testsuite/Magento/GiftRegistry/Block/Form/ElementTest.php,cc1e258f2a9152df676147662f1568b2e98842be7048a44a4df261c3949a7b75,1574
dev/tests/integration/testsuite/Magento/GiftRegistry/Block/LinkTest.php,ee165789b3955b788b32c88d9688f1afd7ab08c3b0eda76e48022da842b897c1,2090
dev/tests/integration/testsuite/Magento/GiftRegistry/Block/Search/QuickTest.php,bd38a800b4276075216572e91a53e9b37ab9d510c4a21ae2d3fc991561ebf313,1394
dev/tests/integration/testsuite/Magento/GiftRegistry/Block/Wishlist/Item/Column/RegistryTest.php,e363f4d2a6934bcf428e6e2785b019629e494d3908057b25a0ef713eb82ff69e,2424
dev/tests/integration/testsuite/Magento/GiftRegistry/Controller/Adminhtml/GiftregistryTest.php,9b52f3d5d302e91f91128de9e9658c251ac8162cb7d5e9c24424eb07b87f7564,2502
dev/tests/integration/testsuite/Magento/GiftRegistry/Controller/Index/CartTest.php,110ecebc25a54befbc2156b5ac06790361dab2de43832f87b7c2ac6ce3add566,677
dev/tests/integration/testsuite/Magento/GiftRegistry/Controller/Magento/Catalog/ProductTest.php,2f85d0b87479bd2c4d43d3d5415a48f9a60fa39eab710def79e8544317b30b52,2558
dev/tests/integration/testsuite/Magento/GiftRegistry/Controller/Magento/Wishlist/IndexTest.php,df6255437b6659edcff14973d076e06b6605281342e0bd642804f058c3eae6bb,1203
dev/tests/integration/testsuite/Magento/GiftRegistry/Model/Attribute/ConfigTest.php,b99c72b87bc5d11af6d0f4dc37525c79e9651386c5a8c16b99cdac88efe85775,5830
dev/tests/integration/testsuite/Magento/GiftRegistry/Model/Config/ReaderTest.php,c7f647317945c61aa237b09eb297a6623be3477cd24ec7432ebb7c91bd813395,2130
dev/tests/integration/testsuite/Magento/GiftRegistry/Model/Config/_files/Magento/GiftRegistry/etc/giftregistry.xml,32a6ba7170fe1fce4a8b62a6866319ea6e0ed1f135cca26c3b5028c9f782538a,1509
dev/tests/integration/testsuite/Magento/GiftRegistry/Model/Config/_files/Magento/Reward/etc/giftregistry.xml,8323c067cb5daab117c98d3c87c860d033036afed88a93bc59f8bea88c3e5d72,1515
dev/tests/integration/testsuite/Magento/GiftRegistry/Model/Config/_files/giftregistry_config.php,062cfe09cbc67a9906dfec59084514e984cc180e40e6c809547fc811b55669e4,2218
dev/tests/integration/testsuite/Magento/GiftRegistry/Model/EntityCustomTemplateTest.php,cec8fab3329101a46affe3d0479de08f1c9d3a9dd0358d2b23a22696c5d6539d,7083
dev/tests/integration/testsuite/Magento/GiftRegistry/Model/ItemTest.php,23eb739fee7f2047f98c9bd06e60845f7375236cea189cb558a97edf8ff7395f,1694
dev/tests/integration/testsuite/Magento/GiftRegistry/Model/ResourceModel/EntityTest.php,38e4ed8612359b472f3c45228ee3d794d8a51f36565b506b741f941ddb074ae0,1550
dev/tests/integration/testsuite/Magento/GiftRegistry/Model/ResourceModel/Item/CollectionTest.php,f29178c1c484152bd76eb2f73a229cb4bb48399ee62eeacd52f55e73ad3a34ff,3148
dev/tests/integration/testsuite/Magento/GiftRegistry/Model/ResourceModel/Item/Option/CollectionTest.php,24f4b5014d9531b7755a5c638115147d51b022f0f06d92a0a6f01460b070a5c0,1596
dev/tests/integration/testsuite/Magento/GiftRegistry/Model/ResourceModel/PersonTest.php,084595a3da474a1f79ff25ade8801630ad76c523b687e0717c24df3dacfeaf1e,1070
dev/tests/integration/testsuite/Magento/GiftRegistry/Observer/AddGiftRegistryQuoteFlagTest.php,73353aaf843a1abaa8189dba9166d4c6ab7b4fdd0ffc86c7f70e6a46fac380de,2589
dev/tests/integration/testsuite/Magento/GiftRegistry/_files/gift_registry_entity_simple.php,9040331ef1ddead22a53164730376de80ae6df5218dd8ea36d2064d54dfd375a,1070
dev/tests/integration/testsuite/Magento/GiftRegistry/_files/gift_registry_entity_simple_rollback.php,1ce7a10fd175c63e71ad41368092a86a87692c0bcf94c2615f48b5f32286f1f2,801
dev/tests/integration/testsuite/Magento/GiftRegistry/_files/gift_registry_person_simple.php,fc9280cd01a5aa462cd5d662b2f30897c6ee18d5d20443d31e29e345d4a3ebb9,811
dev/tests/integration/testsuite/Magento/GiftRegistry/_files/resource_item_collection.php,3266fd5372ca90b65132236a12220112c3d2940599e6e85312fa37f8300db0f4,2442
dev/tests/integration/testsuite/Magento/GiftWrapping/Block/Adminhtml/Order/Create/TotalsTest.php,84c4b308db2eac98f5c369d2b6979d5dbe86393bdfd37cb8e662d22566e15d42,7233
dev/tests/integration/testsuite/Magento/GiftWrapping/Controller/Adminhtml/Giftwrapping/SaveTest.php,d9351383c1f6eadbe38daaf70320c8a34d3b1dc5d9aeeec3c35ba4be244d940c,4405
dev/tests/integration/testsuite/Magento/GiftWrapping/Controller/Adminhtml/Giftwrapping/UploadTest.php,e900e361ee33442d9c03f4a5545c5753aa52db4f948def2e1e32929d74a6d15e,5554
dev/tests/integration/testsuite/Magento/GiftWrapping/Model/CollectorPositionsTest.php,a42ea44a1ff6e36bfd7b9c4beccc2527bb8c6fd33eebec380e9e3add0337acb0,1126
dev/tests/integration/testsuite/Magento/GiftWrapping/_files/magento_small_image.jpg,2478d16d14cc0f1e710ffbcda415d960476a8e9c7dae2aca926c5d0ff0c24318,3046
dev/tests/integration/testsuite/Magento/GiftWrapping/_files/order_with_giftwrapping.php,15ae9df4b8af24b81c4309df6ad9db21607aa0e4c7be8155762462b520d77233,5675
dev/tests/integration/testsuite/Magento/GiftWrapping/_files/order_with_giftwrapping_rollback.php,bfbb611d6dd24d0860cdb5f5c30dee6917a07c7cf37a7d3a6978b3b3ffb29053,178
dev/tests/integration/testsuite/Magento/GiftWrapping/_files/quote_with_giftwrapping.php,dfd96403e6b399148c27596c4507d8305db1bab277ff793e2eec5b7bd2c2e041,1209
dev/tests/integration/testsuite/Magento/GiftWrapping/_files/wrapping.php,620fdf61814b09bc6746e50120f2ad397f8700a1bbaf226aeb7422590c67e1b3,484
dev/tests/integration/testsuite/Magento/GiftWrapping/_files/wrapping_rollback.php,193d770d9ed25b5e7b8644c5aaf9313b639820ed64a6f46c1b52ada77948c583,346
dev/tests/integration/testsuite/Magento/GiftWrapping/_files/wrappings.php,78a9c7d013bdcd6b10696bccae7c55d1c2c2729236d92a8177e1772001922e39,1756
dev/tests/integration/testsuite/Magento/GoogleTagManager/Block/GaTest.php,a12393090c030024c0a9f0343b1ad93326a9850a4f0b9f4421246c4a44925695,2005
dev/tests/integration/testsuite/Magento/GoogleTagManager/Controller/Checkout/CheckoutTest.php,5bc9324980c8e0a48515996fd7a373005a6c511385f80b831d1f5c2272c4028f,928
dev/tests/integration/testsuite/Magento/GroupedImportExport/Model/GroupedStagingTest.php,4609479c2f2562a31d39502cbfe3b6b2bd030d964df1d7f3beba02a53601ed38,408
dev/tests/integration/testsuite/Magento/Invitation/Block/Adminhtml/Invitation/Add/FormTest.php,fe39af0f27de18ce9e8142f37f35f2187b6e4409ca16f421cb520d30809e780e,2427
dev/tests/integration/testsuite/Magento/Invitation/Block/Adminhtml/Invitation/View/Tab/GeneralTest.php,2f9bd8624bf5dd8b7a0dd7155228aba30cfe0ef354664192406986bed25654ad,1163
dev/tests/integration/testsuite/Magento/Invitation/Block/Customer/Account/LinkTest.php,8a300d81e724e3f58be0ad85e79a4cb598d2cdd754cd7ec72ecf32ed660a776d,3100
dev/tests/integration/testsuite/Magento/Invitation/Block/FormTest.php,c53f521e37a88e5c6dcb262c951e8d08ae8cc0ca5223cdf6a8c803c0bbb2d051,3307
dev/tests/integration/testsuite/Magento/Invitation/Controller/Customer/Account/CreatePostTest.php,fc769a3241ea246d75ed375bb308594f6effe2a612aadb16f9fc30d9f46d9ced,5155
dev/tests/integration/testsuite/Magento/Invitation/Model/InvitationTest.php,28538fbcadfb998182aa32258a67c432ee00eb729623e3d9ef353ab64085e20a,6575
dev/tests/integration/testsuite/Magento/Invitation/Model/Plugin/CustomerRegistrationTest.php,80f8f81915e703241cb9aa619d27c6b02902752440fca2aae917ad2ff2d1a8a2,2226
dev/tests/integration/testsuite/Magento/Invitation/Model/ResourceModel/Report/Invitation/Order/Initial/CollectionTest.php,ac2faf959c3e36be969e0dd7577dc4d0b7d2ae94824224d9379d0acba76e42f1,2848
dev/tests/integration/testsuite/Magento/Invitation/Model/Source/Invitation/GroupIdTest.php,c9b1cba8d1237d302280f4788a02f6dfa37cd2f445be166be1c37a21af6a767e,895
dev/tests/integration/testsuite/Magento/Invitation/_files/custom_invitation_template.php,9efe216f08db7bdbadabbf353fb0f02bcce0a59523293274b024f4ab930847b8,1133
dev/tests/integration/testsuite/Magento/Invitation/_files/custom_invitation_template_rollback.php,f39baeb4d66f3cadddbcf9b7fade1777472f140df302889c8b023159200a08ec,898
dev/tests/integration/testsuite/Magento/Invitation/_files/invitation.php,caebca3a7ae4035fac51352b9232fbbe4818a57bf2ef49c8aac78804c2f681d7,516
dev/tests/integration/testsuite/Magento/Invitation/_files/two_invitations.php,24ad0b3acc31f4a23d9fb2aa51d7cbbe2f76e4ce256101144159453626ba4e24,552
dev/tests/integration/testsuite/Magento/Invitation/_files/unaccepted_invitation.php,9460f31582081551c9ec90cd7035c76bbe77f4b4684a63e7e853553e8a6bd000,1216
dev/tests/integration/testsuite/Magento/Invitation/_files/unaccepted_invitation_rollback.php,99a61f3e4c5317c6f6b9a2329f498314ba0bcfde81c5b03834dbac7a426680d9,846
dev/tests/integration/testsuite/Magento/Logging/Block/Adminhtml/Grid/Filter/IpTest.php,708216351a518b7a5b0c2118d4bfe5b97f3254b0c4ab4d08c672a120fb91b24d,1177
dev/tests/integration/testsuite/Magento/Logging/Controller/Adminhtml/Logging/ArchiveGridTest.php,82c24306af28645e0010c4b5934e9cd7a0bdc362e45a13d17453705824a5146a,538
dev/tests/integration/testsuite/Magento/Logging/Controller/Adminhtml/Logging/ArchiveTest.php,0cd63b1ea229eeb0224605d844ffc3e27cef396ae0b65b540024aa16be5667ca,433
dev/tests/integration/testsuite/Magento/Logging/Controller/Adminhtml/Logging/DetailsTest.php,b92abb9e710e40b1781c0505d6ad1a76d78ad0d492a1cdd8165e85b1b448ee49,448
dev/tests/integration/testsuite/Magento/Logging/Controller/Adminhtml/Logging/DownloadTest.php,46292b3e91f8ab82ce719ffa34367080c7eaf446437d190fc197aae78a413a78,435
dev/tests/integration/testsuite/Magento/Logging/Controller/Adminhtml/Logging/EventLoggingChangesTest.php,4e7fb4ddf52e7d2463356972089354d64ed82a3c0f96adfab0d297357d4a7fd2,3238
dev/tests/integration/testsuite/Magento/Logging/Controller/Adminhtml/Logging/ExportCsvTest.php,7f0f894b690d109b8f1e685e6e5eb5f52454850e91343067e7bf3061d5e0f1ba,452
dev/tests/integration/testsuite/Magento/Logging/Controller/Adminhtml/Logging/ExportXmlTest.php,3783d0fef202bdaf63dae7a8689d4757f3a7134ca682581c11cfaa991c04a836,452
dev/tests/integration/testsuite/Magento/Logging/Controller/Adminhtml/Logging/GridTest.php,ab33790ef1d43e4d9a2c04e4d9db7606cb9a03e632bbfa937de3b1fae866be07,442
dev/tests/integration/testsuite/Magento/Logging/Controller/Adminhtml/Logging/IndexTest.php,ad35b7198e4e3d1d1a821ad2f8c3dd23be13fd6f50f928fc3ef67bca3b9ecc4c,444
dev/tests/integration/testsuite/Magento/Logging/Model/Config/ConverterTest.php,d06ce0ab47d389fb73041b2aa1fd44cee89a8550ed952a223de8ebe89bc7eb43,2197
dev/tests/integration/testsuite/Magento/Logging/Model/Config/ReaderTest.php,c5a70beaa66447639e7e6c68c5d4ab6c01dc88e436e11a89976df5a4b5f2f776,1581
dev/tests/integration/testsuite/Magento/Logging/Model/Config/_files/Reward.xml,e8d02e148a20b06a5fdee78389d6146ee9bce007ea5d6c5b786344a65cd5c199,1773
dev/tests/integration/testsuite/Magento/Logging/Model/Config/_files/customerBalance.xml,534676e507143d459027343510f46ace676d03196afd8832c13647b38dbc0672,1393
dev/tests/integration/testsuite/Magento/Logging/Model/Config/_files/expectedArray.php,40a74a454106481169b7f834db91521cb21c00b5a03b45ccf0d5f0de9a6b4ede,3893
dev/tests/integration/testsuite/Magento/Logging/Model/Config/_files/logging.xml,13af9e4d33609d81f73ffcacf454ed26b032e0cf8e191f708217e446677c4dff,4242
dev/tests/integration/testsuite/Magento/Logging/Model/ConfigTest.php,ab9ec4509cdf10bd393ee587251cc357cf6ed75ba4af22634135b26d34ede4a5,1018
dev/tests/integration/testsuite/Magento/Logging/Model/Event/ChangesTest.php,1f495f9f4d221ab5f59a9bfb7acafd6c858e113d45b7f51686a4f43bc4b6e046,3033
dev/tests/integration/testsuite/Magento/Logging/Model/ProcessorTest.php,557ad378ebdd688d51ba765809b108c74d21acdd9ed9533ae799d2071c8b443d,6220
dev/tests/integration/testsuite/Magento/Logging/_files/order.php,00c5ff7429dbdf33c3528a44261dd84a23720f9d9545defef3f9a6a90bb4c272,3399
dev/tests/integration/testsuite/Magento/Logging/_files/user_and_role.php,90737c034940301c56cc0d26ad052bb8ac457da5ed6a903f95a9d0d33b39e591,700
dev/tests/integration/testsuite/Magento/MultipleWishlist/Block/Customer/SidebarTest.php,e7eb9162b6c58b5caaf0233dddcf5d1059a73a237e010a2607304c45fbb3ba69,2885
dev/tests/integration/testsuite/Magento/MultipleWishlist/Block/Customer/Wishlist/Button/DeleteTest.php,6c14f33bf180fa924e1979ae2d0c350abb0706a4b58cbb709b39ed57f6536018,2824
dev/tests/integration/testsuite/Magento/MultipleWishlist/Block/Customer/Wishlist/Item/Column/ManagementTest.php,c0b3f29e37edf3521e62bb3d408d49b88dca698c2d121cfe48054e3b3be1ca86,3593
dev/tests/integration/testsuite/Magento/MultipleWishlist/Block/Customer/Wishlist/ManagementTest.php,5f592a2fe13787ff4265b7c45dba3eb616297a11e65d92e223047dac547af7dd,8559
dev/tests/integration/testsuite/Magento/MultipleWishlist/Block/Search/FormTest.php,f52b280b501fa0b7a0efcfffadcdac0973235d17c52aee7498580214a84b9384,2630
dev/tests/integration/testsuite/Magento/MultipleWishlist/Controller/Index/AddTest.php,109855595e17b8b2fae3ad39fee027b16bdc4ae80bde852a4c92376a963252c8,3133
dev/tests/integration/testsuite/Magento/MultipleWishlist/Controller/Index/CopyitemTest.php,42c1ef045fe1f2b8023a60c4baa7439c9ca399c550d4fb799f29cd0af41e1667,5151
dev/tests/integration/testsuite/Magento/MultipleWishlist/Controller/Index/CopyitemsTest.php,5a08171946728a58db2e4e022b8272808428fdac5ed7018ddbf838a1fd343677,6542
dev/tests/integration/testsuite/Magento/MultipleWishlist/Controller/Index/CreatewishlistTest.php,f1000a90795ca5407caf097fe9ed4d9a7c50e7ef2a6827b205d9ed10d31cc3ea,3677
dev/tests/integration/testsuite/Magento/MultipleWishlist/Controller/Index/DeletewishlistTest.php,3802a3aa6f12ab7957f074bb2a146e455f9e7b640c6b21c6d115172db7d9c768,4413
dev/tests/integration/testsuite/Magento/MultipleWishlist/Controller/Index/EditwishlistTest.php,2329fad6e528c8e924d9766d22acf5a291e67ad19f0614f1b8f4a38cf428ff72,5244
dev/tests/integration/testsuite/Magento/MultipleWishlist/Controller/Index/MoveitemTest.php,fa6862d0b5bf32c7be5bfae4072a2010a619a43e84b3bb8068efbc637de9f7ca,5314
dev/tests/integration/testsuite/Magento/MultipleWishlist/Controller/Index/MoveitemsTest.php,0f5aabd62ac2b9f1b175985f0c44190f0698b8c826ad09f7cb75210b9dad02c0,6808
dev/tests/integration/testsuite/Magento/MultipleWishlist/Controller/Search/ResultsTest.php,47303baf6960ee8165967774d33585f202c2a28a43f9312537c42a54784e695e,2087
dev/tests/integration/testsuite/Magento/MultipleWishlist/Model/AdminMoveToWishlistFromCartTest.php,34370a0c44477de3d03269c789c2fdff4a8afaa7579febda56bf79da6310090a,4495
dev/tests/integration/testsuite/Magento/MultipleWishlist/Model/ItemManagerTest.php,58afb3a646d64c930d63a7457590721fc32c50754c34b707c0d1508a220ab778,6626
dev/tests/integration/testsuite/Magento/MultipleWishlist/Model/ResourceModel/Item/Report/CollectionTest.php,8d6db5622232fb0c3c2cf311fd759f87eeb3789557071643e2f1833cd6a225dd,2958
dev/tests/integration/testsuite/Magento/MultipleWishlist/Model/SearchTest.php,40eb5d376758ba7b9a18405fbf5c6352c0279a605735833cf23575c66907aae6,2718
dev/tests/integration/testsuite/Magento/MultipleWishlist/Model/WishlistEditorTest.php,6de75cae82bbe8395375a2dae2511d23df0d1d0c9a4232e2bc6ad628a4f38789,5785
dev/tests/integration/testsuite/Magento/MultipleWishlist/_files/customer.php,e84d38cae4701aaa269a90385f413c982d0a2204e5951545cd4a8c33a9a90ef4,843
dev/tests/integration/testsuite/Magento/MultipleWishlist/_files/customer_rollback.php,c814afa43847986295f90f574476db7e332f00889d6c8bf1d0e79ce6a74817b9,942
dev/tests/integration/testsuite/Magento/MultipleWishlist/_files/products.php,9ca530fcd55ba60eb9549ec2a5d566b3e55ba1dfeba97039a6c90ce750b4748b,1754
dev/tests/integration/testsuite/Magento/MultipleWishlist/_files/products_rollback.php,04cd860043f3accdb1b47184977400b1d7fcdc3e97dbcbfa7c324c289999f3e5,778
dev/tests/integration/testsuite/Magento/MultipleWishlist/_files/wishlists.php,8cd48111b6c6806a92a2444371a83e59d70cc938a380b2a1ee3a9e26be4d6c47,891
dev/tests/integration/testsuite/Magento/MultipleWishlist/_files/wishlists_rollback.php,88448664495ca57e30cc70b5736e574e5a1a943780baad3f58476c8862cab782,719
dev/tests/integration/testsuite/Magento/MultipleWishlist/_files/wishlists_with_two_items.php,a5fe5d263070e1dc256daeb24fd5c488d4836dbd197b1ce2be9020ae9042213d,1112
dev/tests/integration/testsuite/Magento/MultipleWishlist/_files/wishlists_with_two_items_rollback.php,1a70e9677a717424ff2d44408f7d87e47007777811a009c93d5aaf44907ce934,390
dev/tests/integration/testsuite/Magento/PersistentHistory/Model/CustomerEmulatorTest.php,95c93636da29de7966da6a4bfa484397c4f08ba85e41d94ef405875664f05523,3823
dev/tests/integration/testsuite/Magento/PricePermissions/Observer/AdminhtmlBlockHtmlTest.php,081094352002daaa5010fc86d8aa87faeba2839db83ca00c2adfe899ec23f681,2908
dev/tests/integration/testsuite/Magento/PromotionPermissions/Observer/AdminhtmlBlockHtmlBeforeObserverTest.php,730389fcfd0ba5865c1293fdd9ec6117ac0a8f4e2961ed3c972f153204fd94b5,2329
dev/tests/integration/testsuite/Magento/Quote/Model/QuoteModelTest.php,17bbc2900e1cb292c2650963afcced9283c535647d334d56ae49e6ced527af07,3737
dev/tests/integration/testsuite/Magento/Reminder/Block/Adminhtml/Reminder/Edit/Tab/GeneralTest.php,794e4679128e86d8229970c56b4cc3b8f5dd1ee5a7c7c39e47113b0625207f3f,2118
dev/tests/integration/testsuite/Magento/Reminder/Model/ResourceModel/Rule/CollectionTest.php,cfb9a80d66d606bcdc680c119396e9fc95e74b67de1bc4607b1b75db2efc674e,1523
dev/tests/integration/testsuite/Magento/Reminder/Model/ResourceModel/Rule/TemplateTest.php,df2af6572bf34e0d1b5c0cce24cbb12612b024dd06dd6b467c8ba441817f55e0,3337
dev/tests/integration/testsuite/Magento/Reminder/Model/ResourceModel/RuleTest.php,2d02ed9f003f8cad3ab72e140f5464536b7cca78285c88cfbf155f7a0b06900f,3783
dev/tests/integration/testsuite/Magento/Reminder/Model/Rule/Condition/CartTest.php,1bff1bc62b97e4c615de2412383d5a6ba6ca1836bae6cca23d4dc73c72ce4a05,2515
dev/tests/integration/testsuite/Magento/Reminder/Model/RuleTest.php,48e011da3834cd2fcea52a825c2d440f450b792565ef928cf705148721044a2f,1780
dev/tests/integration/testsuite/Magento/Reminder/_files/reminder_rule_based_on_cart_rule.php,83c1caf489b7223f0270472179fd98e2af56f326190b7ce67d625127dc95859b,1506
dev/tests/integration/testsuite/Magento/Reminder/_files/reminder_rule_based_on_cart_rule_rollback.php,020d659c759988d73b08b9a9cf6ebc4ba8dfbfe6573008c6a4a3c014ea8ad6fb,518
dev/tests/integration/testsuite/Magento/Reminder/_files/rule.php,7cbe7324208e17e0f68af70ecaff107d4de5f8a640fefa0e9485ab09914deed8,1839
dev/tests/integration/testsuite/Magento/Reminder/_files/rules.php,df129a0692c9c444b855a9605573a9387a78c9b47d3086bbaf0aa0dfbe447f59,1536
dev/tests/integration/testsuite/Magento/ResourceConnections/DB/Adapter/Pdo/MysqlProxyTest.php,9bf531d5076e8ee29a9a12abee2c671c4055bf5b61961c93e63a8c34a838927b,4259
dev/tests/integration/testsuite/Magento/Reward/Block/Adminhtml/Customer/Edit/Tab/Reward/History/GridTest.php,dd2030287cd2301d93fbcd7e2646bf28a3b27a33838579dc883ca3b3526a6283,2084
dev/tests/integration/testsuite/Magento/Reward/Block/Adminhtml/Customer/Edit/Tab/Reward/Management/Balance/GridTest.php,9000fa9eb5a416f01c96db70b9a738c09c92b045d6973e10d1245b07a74558a0,1995
dev/tests/integration/testsuite/Magento/Reward/Block/Adminhtml/Customer/Edit/Tab/Reward/Management/BalanceTest.php,973c0398414de68bd576471549565e46e5feddd388c1c65a95f6eb9e4a73673b,1636
dev/tests/integration/testsuite/Magento/Reward/Block/Adminhtml/Reward/Rate/Edit/FormTest.php,2a19dcd8bbe711bd849988d53b9bc12557c84cfee6ed006ca3f4c155aa03bba0,2262
dev/tests/integration/testsuite/Magento/Reward/Block/Customer/AccountLinkTest.php,51fd582b46b91774767e7dfdc83e5d1dcc409e39c68f3d62a8e5e3464c1acf61,2144
dev/tests/integration/testsuite/Magento/Reward/Block/Customer/Reward/HistoryTest.php,3cc4c95e555ab36bcfa5269224f7daf39591e40817576ba475f6851ab22ea750,2461
dev/tests/integration/testsuite/Magento/Reward/Block/Customer/Reward/InfoTest.php,915cd56ebd317bf25ebb9e5552747bbc5f174ac7732f45bea189a3f5ea2fe74e,3472
dev/tests/integration/testsuite/Magento/Reward/Block/Customer/Reward/SubscriptionTest.php,f54a2e602d44a82634200e5f155b45c11f73ac8c361f591ebdc837a955667863,2944
dev/tests/integration/testsuite/Magento/Reward/Block/Customer/RewardTest.php,ea48c96bc2a2663ef7c4864f838626064225a0808e4399ff1f6cdf8fed4c98bb,1392
dev/tests/integration/testsuite/Magento/Reward/Block/TooltipTest.php,899fa29e8a52551bccd11b5f3b9436d2e3ca6d12c09de86f9e7fec20b952cc6a,3645
dev/tests/integration/testsuite/Magento/Reward/Controller/Adminhtml/Reward/Rate/ValidateTest.php,23d92e020c6587f76d12bf5be21bde59e8fe31fd2f63f7c379f04014f07e1392,7343
dev/tests/integration/testsuite/Magento/Reward/Helper/DataTest.php,62a37dc8b78b043add9b65a906e51de2c5f80fffa9c09737dcdacc2a2fff809e,3696
dev/tests/integration/testsuite/Magento/Reward/InvitationTooltipTest.php,9637f0d664aefcd24c07f081bd50583aeddca5035270274075953a6b388a76be,1554
dev/tests/integration/testsuite/Magento/Reward/Model/CollectorPositionsTest.php,7875815e6eb9a85743dd390b85180dbb48368499eb77af77cda4b81606a5a327,1110
dev/tests/integration/testsuite/Magento/Reward/Model/Plugin/CustomerRegisterTest.php,446850b136f6a44280db8e7173031cb9304b5dbb909edf30b9f3750336c224d3,5728
dev/tests/integration/testsuite/Magento/Reward/Model/ResourceModel/Reward/History/CollectionTest.php,9f6f584f6476be4994ddcb9ae30bb3cc7446cdb680f4098c056edade86928f0d,1091
dev/tests/integration/testsuite/Magento/Reward/Model/Reward/HistoryTest.php,b9ecbb5245586b1fb9ab56641fa10f9acee096da8853a31e2a571d9f99ffe3af,1376
dev/tests/integration/testsuite/Magento/Reward/Model/RewardTest.php,ee0b58370f9e3f80ed9481070f9c6d69dbdb307586787658ca3ff63e771f6e85,5989
dev/tests/integration/testsuite/Magento/Reward/Model/Total/Creditmemo/RewardTest.php,1bf13123c5572976820ecb847d5baa13217c502c94e0534ff97056ef45e738b7,1308
dev/tests/integration/testsuite/Magento/Reward/Observer/CustomerSubscribedTest.php,2091d46c2bbd6af055202c4cfe7bc36ea777ca8fe82a39f7e50bbb3e888c914d,4775
dev/tests/integration/testsuite/Magento/Reward/Observer/InvitationToCustomerTest.php,d30cf1bc3636c387b2202a7f199b2080cc42a2792706d6ac6690abba083ad6da,2539
dev/tests/integration/testsuite/Magento/Reward/Observer/SaveRewardPointsTest.php,561e752b33686fac9caf8522e3f9b5cf19ea89b47e68d66259410830d0aef0c4,4508
dev/tests/integration/testsuite/Magento/Reward/_files/customer_subscribed_for_update_notifications.php,48c646bfdf3f8175b648cc14c0c53febd83c87b172e706d3fa7e7f500e2a7874,700
dev/tests/integration/testsuite/Magento/Reward/_files/customer_subscribed_for_update_notifications_rollback.php,1f87d783dc5a70833372969582e811b22a0f9976f26ed215c32d8516f34e98f2,208
dev/tests/integration/testsuite/Magento/Reward/_files/customer_subscribed_for_warning_notifications.php,d1f1fe03b52affbcee94895d8914301243dee502b45ec6ea1d58579a36ab5fd0,794
dev/tests/integration/testsuite/Magento/Reward/_files/customer_subscribed_for_warning_notifications_rollback.php,1f87d783dc5a70833372969582e811b22a0f9976f26ed215c32d8516f34e98f2,208
dev/tests/integration/testsuite/Magento/Reward/_files/history.php,54983ebe5c5e8ce8706a3efdadda0331c482eeb15210145f53087b4b0785f10c,547
dev/tests/integration/testsuite/Magento/Reward/_files/invoice_order_with_reward.php,a910bca7914f876f619caf6077e024a5ed44826b4d24e92805a165675882e909,1035
dev/tests/integration/testsuite/Magento/Reward/_files/invoice_order_with_reward_rollback.php,4ed3b8201b9ee1404ca52174f6fdaadcbe0a3edb8e1eb67ac1e04f2ca95b68e4,217
dev/tests/integration/testsuite/Magento/Reward/_files/magento_reward_customer_info.xml,0ad767569c057ceb1e035e29feb6a315091c243f37dfaa56fab6448654264ee1,915
dev/tests/integration/testsuite/Magento/Reward/_files/main_website_reward_exchange_rate.php,0b2112d813e7c25a6f19d3fa2bda7ec6800f7647f9c43ce6d9e229fa096ef127,502
dev/tests/integration/testsuite/Magento/Reward/_files/main_website_reward_exchange_rate_rollback.php,cec1f9eb278dcea894eb12f3439dbd1725fe8595faa69d857db82954fcac62cf,671
dev/tests/integration/testsuite/Magento/Reward/_files/order_list_with_reward_info.php,b5a8c638a5c60021553da5a8427219c839b5f9d2bf9bf51cd3e34205533760ca,434
dev/tests/integration/testsuite/Magento/Reward/_files/order_list_with_reward_info_rollback.php,49f1f718b9b3ac208be08291ce6a597f21388a60e3c218ad920d51d6bd96657b,207
dev/tests/integration/testsuite/Magento/Reward/_files/order_with_reward_info.php,57c632e73d63e942a55df4b3c0c904e85512ae52c1edff22270eec1a3c4b7e9b,600
dev/tests/integration/testsuite/Magento/Reward/_files/order_with_reward_info_rollback.php,4cfd25e93d983568acb647d476724e02d783836b9848091799e4e3ca2b3b2de5,202
dev/tests/integration/testsuite/Magento/Reward/_files/rate.php,b226a431e6d46fdbbced3364876efa8c31e73ed4a2975a7719baa465da15f572,464
dev/tests/integration/testsuite/Magento/Reward/_files/rate_rollback.php,13b4bc80c97667d200f45a0972ea6706cedeff8103b357a0d1f62f182eca5590,733
dev/tests/integration/testsuite/Magento/Reward/_files/reward.php,74aeec97ec16abc66642a92b0de251a91b3a68f73f4d0a871b5058eecd496657,418
dev/tests/integration/testsuite/Magento/Reward/_files/reward_points.php,f628ebd7c565d82001459318f316918330d07578e6cd295207050610edf3b272,1146
dev/tests/integration/testsuite/Magento/Reward/_files/reward_points_config.php,48e1cfea9b37270fb86989b60c8fd7408757da2a2dcbf04da70c0199b94fce4e,684
dev/tests/integration/testsuite/Magento/Reward/_files/reward_points_rollback.php,1f87d783dc5a70833372969582e811b22a0f9976f26ed215c32d8516f34e98f2,208
dev/tests/integration/testsuite/Magento/Reward/_files/reward_rollback.php,1f87d783dc5a70833372969582e811b22a0f9976f26ed215c32d8516f34e98f2,208
dev/tests/integration/testsuite/Magento/Rma/Api/CommentRepositoryInterfaceTest.php,d12b77a371d5438f5817c6a0805aea7648fd7aaac0359059ef8d4cfdbdd59fff,2657
dev/tests/integration/testsuite/Magento/Rma/Api/RmaRepositoryInterfaceTest.php,c3521dbb6bd2e738d271181e121f572d566534fef5de709b57b48595a7429bba,4602
dev/tests/integration/testsuite/Magento/Rma/Block/Adminhtml/Edit/ItemsTest.php,1e869333bc62448ae9dba5ab0552af13c7092c30a00f070426247eff4a32de53,1725
dev/tests/integration/testsuite/Magento/Rma/Block/Adminhtml/Rma/NewRma/Tab/Items/Order/GridTest.php,95cf6de82dbaa0dd1617d320dedd5f00614a70e2330e3954659f009150f0d7f7,2029
dev/tests/integration/testsuite/Magento/Rma/Controller/Adminhtml/Rma/Item/Attribute/SaveTest.php,a59d0fc49911ef41670c4e2aa1ad958341b31a47dc4b40347dd1c0fba1566171,1378
dev/tests/integration/testsuite/Magento/Rma/Controller/Adminhtml/Rma/Item/Attribute/ValidateTest.php,be39c21c2c4f44ab84d596646c6dee6e70cbd1e5fe84ea043ab95cc892b99ace,1431
dev/tests/integration/testsuite/Magento/Rma/Controller/Adminhtml/Rma/ShowShippingMethodsTest.php,b3e1dd67179458c415bfb55bf3e865dac0d5d0e67918273ffc482951ab329a07,2730
dev/tests/integration/testsuite/Magento/Rma/Controller/GuestTest.php,5c2f9e875beeb5e78d25d34c2b81dd35a0b05eab81a845cf1263538d1f7fc0ef,1750
dev/tests/integration/testsuite/Magento/Rma/Controller/Returns/SubmitTest.php,0e0664f7d59935047fd32c506bc1176399bcaaee2581b6f5f2c1fa3db0071997,6202
dev/tests/integration/testsuite/Magento/Rma/Controller/ReturnsTest.php,bd662c98b7f2df1e68102764c37b312e041b5238d1e3063c67db0a70e059bf34,2357
dev/tests/integration/testsuite/Magento/Rma/Controller/Tracking/PackageTest.php,9436654cca243bf88e043f8ea6ab7daf39145a362e60d17b36a0c6e46218bbdd,2344
dev/tests/integration/testsuite/Magento/Rma/Fixtures/LabelResponse.xml,2c0cc8ce4b2637a01bd6f4812ffb2a45a9e62c97f3bb658c72b9d34a100f56ee,9540
dev/tests/integration/testsuite/Magento/Rma/Helper/DataTest.php,8c556c451a916df166abb5c3693b1bdd35b70ac692828ecea6ea09e29562c8b9,1711
dev/tests/integration/testsuite/Magento/Rma/Model/CollectRatesTest.php,55e2a0841138b085cd9d6595c4e00284ad96316aff4580870a3fd274b9cf7ddb,1976
dev/tests/integration/testsuite/Magento/Rma/Model/Item/AttributeTest.php,d9371afa9856d8a99d6b9da7348bbaaa587ea7163594ab4ecac11d016e02f94c,2568
dev/tests/integration/testsuite/Magento/Rma/Model/Item/FormTest.php,f414bad48c5cf10a8b5b6a99e279002f32ce4e544f159b119b98801a89d61a51,718
dev/tests/integration/testsuite/Magento/Rma/Model/ResourceModel/ItemTest.php,19037336cc5ff389e8abac76dfb0d86e31d1076acf2f24fc613dd5d820f8cc62,4525
dev/tests/integration/testsuite/Magento/Rma/Model/RmaRepositoryTest.php,8935db4f160174ca07c3172146b477b7cb600c2c4463252aeddddc356307ef3c,2562
dev/tests/integration/testsuite/Magento/Rma/Model/RmaTest.php,52c144d064c13a7e2d7ad8cf855c919e57678eea8d425419d9c367de0e691be2,2488
dev/tests/integration/testsuite/Magento/Rma/Model/Shipping/LabelServiceTest.php,14ac06853b92020ff20885b5229154ebfe3d34841239f0d62a85e24ca2cc3328,7319
dev/tests/integration/testsuite/Magento/Rma/Model/Status/History/RepositoryTest.php,8a51970d8428aed08381cc4c5d7b317db678d9ce46b367a11d3c1c6596af27c5,2471
dev/tests/integration/testsuite/Magento/Rma/Model/Status/HistoryTest.php,17df08d3dcb9786f7fce6738376615574aa9ea55222250c0e57ca4b0761c796a,2742
dev/tests/integration/testsuite/Magento/Rma/_files/adminhtml_rma_chooseorder.xml,b34d4ec5306d22636ddf646173561bdd9066848d2f2f0e3471e3bf8b42b8644c,687
dev/tests/integration/testsuite/Magento/Rma/_files/adminhtml_rma_edit.xml,da1e9b9e64631fd85bfa3da704cfd2a958dada5f8ab5d2d05bc81e1d15cd25cf,3372
dev/tests/integration/testsuite/Magento/Rma/_files/comments_for_search.php,db1269a1a489652fda24c5a4792c5947cfd204e6b43380cd41750fbac361af14,1515
dev/tests/integration/testsuite/Magento/Rma/_files/order.php,4f6e0bbb78ddc4c00655407a22a19987ba56888f0a5a2b18e5fe45a38f495c7c,1892
dev/tests/integration/testsuite/Magento/Rma/_files/order_configurable_product.php,0cc5e9de5746ab6b423e66b7c58b7843b1ee6334cb71e6fa254ba751479be3e1,901
dev/tests/integration/testsuite/Magento/Rma/_files/order_to_rma_for_restricted_admin.php,5ecafe91c6545a6eed4baa1179bacd3461cdb10df5b8068a718bd5b154e0c21a,4910
dev/tests/integration/testsuite/Magento/Rma/_files/order_to_rma_for_restricted_admin_rollback.php,b58a5ce2761f4f2799588dc5332d9bc0fab12a5ec60a83b111803c8673a21751,1441
dev/tests/integration/testsuite/Magento/Rma/_files/rma.php,ae5ded41638a958825e3c7c1b5389c51ce82b1224a1b83bbd5775fd51c0d1dc3,1887
dev/tests/integration/testsuite/Magento/Rma/_files/rma_fixture_store.php,1e1a5df0b90586c8fa4207c6bfffe0eabe41218b47c9ec04380320c709168f6d,1298
dev/tests/integration/testsuite/Magento/Rma/_files/rma_fixture_store_rollback.php,3dd63ffca4c62eeba2dc131fe42cd5e922bfdee47299a61b1a1b162ff76bbd0f,840
dev/tests/integration/testsuite/Magento/Rma/_files/rma_for_ship_label.php,049ff1515dce74d8a66b4e5df69cc848c90462ec092ac408a09958dd4e6441bc,1183
dev/tests/integration/testsuite/Magento/Rma/_files/rma_for_ship_label_rollback.php,b25169171233fe8dfed660c735920df4c62c25f2636bc7b628187c64558a14d2,899
dev/tests/integration/testsuite/Magento/Rma/_files/rma_item_attribute.php,c901e3faad20bc9b88b7526456113be7fe5d2e4e190de95ca7b8b0221bcd456b,849
dev/tests/integration/testsuite/Magento/Rma/_files/rma_item_attribute_rollback.php,5ab929bd79766ec939bcf993dad468c5c2485fe179b8d3f075160eaaf905b681,1103
dev/tests/integration/testsuite/Magento/Rma/_files/rma_list.php,e63ba0272ccb893c5ee9baad1f2037322e01f650e18e9aeb7ef9f0d47f797b79,860
dev/tests/integration/testsuite/Magento/Rma/_files/rma_list_rollback.php,b25169171233fe8dfed660c735920df4c62c25f2636bc7b628187c64558a14d2,899
dev/tests/integration/testsuite/Magento/Rma/_files/rma_rollback.php,f84cbad29f4bc91b7516b844a9f8a512d059086139e700ee14708559670c589b,282
dev/tests/integration/testsuite/Magento/Rma/_files/rma_with_package.php,8ca7dab894eb1646b744310b53386a769c920cb0d438b0ab70e2da43736fca26,1469
dev/tests/integration/testsuite/Magento/Rma/_files/rma_with_package_rollback.php,5cf146e90c635a321e3dc088ee38b0ff4bf47771f4a45bf183ec973d72186be8,199
dev/tests/integration/testsuite/Magento/Rma/_files/rmas_for_search.php,d432281fe02a951adfb86f4b289ab078a0586823c30b64294883d834a23076f9,1779
dev/tests/integration/testsuite/Magento/Rma/_files/rmas_history_status_for_search.php,d55af7d50df328c85c6724e3da13bed847acedf08dbdc19023404b768a82fd39,1475
dev/tests/integration/testsuite/Magento/SalesArchive/Controller/Adminhtml/Archive/AddTest.php,d7546600b6167aabdd0f79c4b59bc5540e30c78ed291b6884ac8be8f05375320,537
dev/tests/integration/testsuite/Magento/SalesArchive/Controller/Adminhtml/Archive/CreditmemosTest.php,ca98bff456edad775aa0f220ac888b3ab37c713ab7f28783993d70993e03ebed,455
dev/tests/integration/testsuite/Magento/SalesArchive/Controller/Adminhtml/Archive/InvoicesTest.php,21ca3b546074de3831507095dfc0d4ad81de05a25b69c507c740dc6829af8270,446
dev/tests/integration/testsuite/Magento/SalesArchive/Controller/Adminhtml/Archive/MassAddTest.php,238999633a7ac6211bd03df41a9a1ec7a75c8b0c1b65d88b22345e8afa3c7835,638
dev/tests/integration/testsuite/Magento/SalesArchive/Controller/Adminhtml/Archive/MassRemoveTest.php,73a87b82304b0941fd79b628663b0fcccdc603c25823108a039b93e56ce91be4,448
dev/tests/integration/testsuite/Magento/SalesArchive/Controller/Adminhtml/Archive/RemoveTest.php,8a360afef100a30fbd4fdcedae36104ea18958cf104776fedcf4b9d1550e8947,440
dev/tests/integration/testsuite/Magento/SalesArchive/Controller/Adminhtml/Archive/ShipmentsTest.php,3ca109a3e521a1b10a52001af2b524d6ffd07559c9e2963dc69e6918876cc18b,449
dev/tests/integration/testsuite/Magento/SalesArchive/Model/QuoteManagementTest.php,5bd8d0ed2ac35102aacc5c1762688fdcb4c45ede5904d367d340c2b0aaf7332e,4681
dev/tests/integration/testsuite/Magento/SalesArchive/Model/ResourceModel/Order/CollectionTest.php,5e9d522aefeab0e76cb30d6b7d61477d361a9cc044a86e57abd63b3f308f6ae6,561
dev/tests/integration/testsuite/Magento/SalesArchive/Plugin/ArchivedEntitiesProcessorPluginTest.php,76fdac385049a45a3346000558d4a268ef9d853d2bacca7cf616303059ee6cd6,2036
dev/tests/integration/testsuite/Magento/SalesArchive/_files/orders_with_customer.php,61d2ded5709b743717440d4a65e2d29d140bd210c7d88fdbbf3bf424e51aa0d7,2989
dev/tests/integration/testsuite/Magento/SalesArchive/_files/orders_with_customer_rollback.php,c4ee76ec3eb8329e73ae9372221417e40d093e0c0af5bfb63f03fd006ca83ee0,764
dev/tests/integration/testsuite/Magento/SalesRule/Model/UtilityRuleWithCustomerSegmentTest.php,5b4e5c332bd475cb5db2257cd3d96e62913eec14590abf735171a9400846f8ce,4890
dev/tests/integration/testsuite/Magento/SalesRule/_files/cart_rule_20_percent_customer_segment.php,ee06f54110f7ce2fcdfebc0e66e1fa436c0d8584d2fb3dcfddf9b8b11677c3d9,1720
dev/tests/integration/testsuite/Magento/SalesRule/_files/cart_rule_20_percent_customer_segment_rollback.php,e1c7acc2e1aa5e3e946416beeca15f745eaa0ca51c5d28020d21235e482b0e2c,766
dev/tests/integration/testsuite/Magento/SalesRule/_files/cart_rule_25_percent_customer_segment.php,b204b67ca93c37306a4cd02f9305245be396cbb7bd5484bb60a8df1fb09006f2,3324
dev/tests/integration/testsuite/Magento/SalesRule/_files/cart_rule_25_percent_customer_segment_rollback.php,dffbfa25fa7bdf557e106534066490073dc59afb84029920a2f2db377874393f,1146
dev/tests/integration/testsuite/Magento/SalesRuleStaging/Model/Coupon/ExpirationDateResolverTest.php,299b6215e81e750d5b5c5a435715f6cae3702e8312b241052c2b5dbb9683f6d1,2149
dev/tests/integration/testsuite/Magento/SalesRuleStaging/Model/StagingApplierTest.php,89d9fd325388a0c8acc623332f457a927bc7c6ee2baa77be2faa3130f6d6effc,1249
dev/tests/integration/testsuite/Magento/SalesRuleStaging/_files/update.php,e9c2aa9cf53aed2af4827b5379e7def4f5b6251afe00a50dd330a7ecbba1570a,1383
dev/tests/integration/testsuite/Magento/SalesRuleStaging/_files/update_rollback.php,460ab484d660ec7c601f6d2f4411690ead9ac0d149fe9e1ec67780b6204b7125,538
dev/tests/integration/testsuite/Magento/ScalableInventory/Model/ResourceModel/QtyCounterTest.php,15785cc4c4cc6e2b94a5d214ba3900c4a8a481fcaca2b7f2f2c694d6351e2b61,9934
dev/tests/integration/testsuite/Magento/ScalableInventory/_files/enable_backorders.php,ff63160260f675f3b5af1145e892058835b6665a6fb7d7212ec1880676b5b524,789
dev/tests/integration/testsuite/Magento/ScheduledImportExport/Controller/Adminhtml/Scheduled/OperationTest.php,34c5de3a44483f98e25dc78ee27cd5ad336cbc25cfe2a88ca69385d71645434c,5314
dev/tests/integration/testsuite/Magento/ScheduledImportExport/Cron/ScheduledLogCleanTest.php,dfbe6d37f1b4ec05fae826d28d7c18c4429b26c462ec50f425b04c8711e8816e,2453
dev/tests/integration/testsuite/Magento/ScheduledImportExport/Model/ImportTest.php,32144fb82d66806e6a8e7187f1bd80a4dfd0aa1449491f0dfc7e7c00dd7b46ef,3695
dev/tests/integration/testsuite/Magento/ScheduledImportExport/Model/Scheduled/OperationTest.php,21258933a303252db9b8ec1b74ef93f46d1bd9941af6141239b1a008571a748a,5255
dev/tests/integration/testsuite/Magento/ScheduledImportExport/_files/customer_finance.php,820806519f927b4ec3a265a8a1d6cd16cc1490b1e797fabb6e565cd1b931dfa9,3432
dev/tests/integration/testsuite/Magento/ScheduledImportExport/_files/customer_finance_all_cases.php,b71033830fe77964737f775cf9bb54317343e8dc9f9d7aaedecbc79fcfd41d2d,5795
dev/tests/integration/testsuite/Magento/ScheduledImportExport/_files/customers_for_finance_import_delete.php,7e171fc6136d3acdb7d365fb9b6ee0673117d9d817706b83828e96edb0d5ab43,9113
dev/tests/integration/testsuite/Magento/ScheduledImportExport/_files/operation.php,e42c40155ce944d84029d1f947aad8dff003ee258d687b74f8b218290bfb5fa3,1034
dev/tests/integration/testsuite/Magento/ScheduledImportExport/_files/product.csv,d4f41c19aee1a49905b24ff70763f3f3bae99da1f185f0aeed547a51dd0ea2ff,1875
dev/tests/integration/testsuite/Magento/Setup/Console/Command/_files/edition,828e733b00a09b99484b7c9347e56cc69d60348e2a752f8c3f9798fbbcccc556,3
dev/tests/integration/testsuite/Magento/Staging/Model/Event/ManagerTest.php,8b25e6923487c44f59372e306f4faffec9a103332d0e85b6dd2538f74a5f5f5a,4486
dev/tests/integration/testsuite/Magento/Staging/Model/Preview/RequestSignerTest.php,7d4d6641f79af09f5ffa17c49fe620e5832a9f01c2cdd56c928f1d0f3214075f,6971
dev/tests/integration/testsuite/Magento/Staging/Model/ResourceModel/Db/CampaignValidatorTest.php,1b6788287bd09f5e213746786cddd637b39d220dad6db3bd31eb0a822c7323d8,2624
dev/tests/integration/testsuite/Magento/Staging/Model/ResourceModel/Db/ReadEntityVersionTest.php,bc8c502c83bcd0f9875a2e66842bdc0688f91a8f22e42ec22ec6e91540a99511,2936
dev/tests/integration/testsuite/Magento/Staging/Model/ResourceModel/Db/UpdateTest.php,ab383989731666e7c7f5ae3674ca2d47e08c9b3d9d09f6eae20a6e03951ae440,1904
dev/tests/integration/testsuite/Magento/Staging/Model/SynchronizeEntityPeriodTest.php,43eed9093bee188bb9405a3ecff5d800f728a33816eee89a6b2d7a3309186ad7,8846
dev/tests/integration/testsuite/Magento/Staging/Model/Update/CleanerTest.php,017ee5d377c223ac47bab3d112fe3f6993eece4f07cfe8ce5f056a90464bf785,3185
dev/tests/integration/testsuite/Magento/Staging/Model/Update/Grid/SearchResultTest.php,8bc7b524a9c4ff47837353a9239d221be014b1537c7864db9a039eef2cf5bc12,1995
dev/tests/integration/testsuite/Magento/Staging/Model/UpdateRepositoryTest.php,84e5dbdc8489504c6707e99a06da6118df6891f49855bb12cacedc535197b98a,3213
dev/tests/integration/testsuite/Magento/Staging/_files/cleaner.php,0c0df4ea71396cdcd6df4c681f053c0298e9a477707979d4f14ad923e8e0e7d2,1140
dev/tests/integration/testsuite/Magento/Staging/_files/search_staging_update.php,56ae52f228064ac7d585cacd9faddfd8363d6ca9d8f807428bf34a3b0a9b5834,1202
dev/tests/integration/testsuite/Magento/Staging/_files/search_staging_update_rollback.php,01903833bce4fcf951eb28c8e95a3b9f6289ea8e71ad022bc21aa4080a3859f6,633
dev/tests/integration/testsuite/Magento/Staging/_files/staging_catalog_product_entity.php,165823abe359ab1ec69665d229121306ff68e167921a873c014e918237a5265a,1438
dev/tests/integration/testsuite/Magento/Staging/_files/staging_catalog_product_entity_rollback.php,e3215d162d95a7debf7f0ea70f4f26737514947a39d680df0a0fd2964895af14,775
dev/tests/integration/testsuite/Magento/Staging/_files/staging_entity.php,2651d4f62cfb13a62193212ca846061cd97968c2fa88cb1e1ca66dd308e0b6e6,2281
dev/tests/integration/testsuite/Magento/Staging/_files/staging_entity_rollback.php,ada616418acfd5b822069d44debc6fae8575fbacaa4c1216b14c86a7fe4a23be,819
dev/tests/integration/testsuite/Magento/Staging/_files/staging_entity_two_campaigns.php,dbc3d399ecae0c091e1e5b09eb28310d222f65fe72b10a4bb4fce6d6a0b73696,2637
dev/tests/integration/testsuite/Magento/Staging/_files/staging_entity_two_campaigns_rollback.php,ada616418acfd5b822069d44debc6fae8575fbacaa4c1216b14c86a7fe4a23be,819
dev/tests/integration/testsuite/Magento/Staging/_files/staging_entity_with_updates.php,d8782c63d10ca31eed9b82aa3099d3dae6d8183b13a542c318ab9f54564fc149,2431
dev/tests/integration/testsuite/Magento/Staging/_files/staging_temporary_update.php,f3ee8361c6a1a5e9e005709dd9a59be99b974b1a2bc3166c491f9ce1686d53bc,1018
dev/tests/integration/testsuite/Magento/Staging/_files/staging_temporary_update_rollback.php,7a29d0c0f7f01347342fc3b0f860007df68f35ee86020af2ad300475321b02f7,170
dev/tests/integration/testsuite/Magento/Staging/_files/staging_update.php,94ce011937cbe4bb98cd4949d532369f48152104e4328d45c567c129422cf67b,2404
dev/tests/integration/testsuite/Magento/Staging/_files/staging_update_rollback.php,6b6b7e9d707f92432179322db466ec20ee0e0fd146df1527660de939c5005d14,641
dev/tests/integration/testsuite/Magento/Staging/_files/staging_update_tomorrow.php,1943b2b57b22ed8653edfded37fc3558bcae6a8f09b73265a9dd466d27e63309,723
dev/tests/integration/testsuite/Magento/Staging/_files/staging_update_tomorrow_rollback.php,b5463cbd8a54dc5ff209f04e3b464904eaa82ed75b0d311840f37db86a3c0685,150
dev/tests/integration/testsuite/Magento/Staging/_files/staging_update_two_campaigns.php,10d2f6369031a2cba626bbc461e44e926825172777d495a7ceb1e440ba63c3d4,1835
dev/tests/integration/testsuite/Magento/Staging/_files/staging_update_two_campaigns_rollback.php,6b6b7e9d707f92432179322db466ec20ee0e0fd146df1527660de939c5005d14,641
dev/tests/integration/testsuite/Magento/Support/Helper/ShellTest.php,0f53a6e16947fa41f9193032c3bb136f4cd9bada6f6707263fe8c3734f60079a,3675
dev/tests/integration/testsuite/Magento/Support/Model/Report/ConfigTest.php,36ea475a5540b029b892cefc3f3febc45fd7d2ba5b3b0f8401c4e8c58ac32f88,3009
dev/tests/integration/testsuite/Magento/Support/Model/Report/Group/Cron/CronJobsTest.php,6ff872790193293ca4156672e921156c86bd26486482f115e2ffdbdbe025b56e,1320
dev/tests/integration/testsuite/Magento/Support/Model/Report/Group/Data/CorruptedCategoriesDataSectionTest.php,51480a1aaac3b65e9aaa07d2f866a3588fc4279e8b58b8a1a28aeaaa3879a106,4282
dev/tests/integration/testsuite/Magento/Support/Model/Report/Group/Data/DuplicateCategoriesByUrlSectionTest.php,da73dd30aba72399007405cdd1e9a0c9990a7dbd7d31de636d5d8d4507042a25,3069
dev/tests/integration/testsuite/Magento/Support/Model/Report/Group/Data/DuplicateProductsBySkuSectionTest.php,984249c361590936287c5ea744fcd78580d3abde10f6e81f6c54bd9293078ec7,2193
dev/tests/integration/testsuite/Magento/Support/Model/Report/Group/Data/DuplicateProductsByUrlSectionTest.php,c26629959b651b63f71cd4fb8356481d70b9e48c40444b7813450af8b4a6debd,3422
dev/tests/integration/testsuite/Magento/Support/Model/ReportTest.php,0be34b30b2db63e5f040b68ef62488ac727f303bbaf29d0d3039c143aa1ad002,1415
dev/tests/integration/testsuite/Magento/TargetRule/Block/Adminhtml/Targetrule/Edit/Tab/MainTest.php,131e54d84666b13110c265e4eeddfc8357d8f0ea85a5ff6fe5f27cff9f582658,4463
dev/tests/integration/testsuite/Magento/TargetRule/Controller/Catalog/ProductTest.php,df6676d3bcb9117a790b2602ec78b39115b233035b2ed4d0c5d9210744b36ffc,4798
dev/tests/integration/testsuite/Magento/TargetRule/Model/IndexTest.php,48001d05a490ed29a0cd2a0c3c80f90c485458300573e665101903ca6cac1b51,6401
dev/tests/integration/testsuite/Magento/TargetRule/Model/Indexer/TargetRule/AbstractActionTest.php,d8093585a647cf4d9d04ece4039309ba871a5d09d1da69b9d0f277ed44ba06d2,1989
dev/tests/integration/testsuite/Magento/TargetRule/Model/Indexer/TargetRule/Action/FullTest.php,e0cad6eb0f6bdfe342691e328fd7179782e84f70ffaa8d9861721bdc131876e3,1450
dev/tests/integration/testsuite/Magento/TargetRule/Model/Indexer/TargetRule/Product/Rule/Action/RowTest.php,42b211247baa9058a9b87248133a51e6fb8fb9477dc49307792830f437f85e37,2467
dev/tests/integration/testsuite/Magento/TargetRule/Model/Indexer/TargetRule/Product/Rule/Action/RowsTest.php,3ab6fe058ea25e7798766a5f36fb1318347ceaf0f761e15f28983d6db9028cc1,2786
dev/tests/integration/testsuite/Magento/TargetRule/Model/Indexer/TargetRule/Rule/Product/Action/RowTest.php,2e4e9ed889cd5c6e222daa2db57340e206a211f9006cf4da4141815b512bdebb,4956
dev/tests/integration/testsuite/Magento/TargetRule/Model/Indexer/TargetRule/Rule/Product/Action/RowsTest.php,a536eefb65017e7692ecbe1b0eed0e2d31635c7afc32538e771c6a4d12314375,1677
dev/tests/integration/testsuite/Magento/TargetRule/Model/ResourceModel/IndexTest.php,03dd421faac6fe856c42092dc4212a6a2ccd9f976b643e28c4d9d4ec56b044af,1875
dev/tests/integration/testsuite/Magento/TargetRule/Model/ResourceModel/Rule/CollectionTest.php,e8d0c28637922197636c19d825f7e82d1d6720225151e169d6ce01a85061737f,1334
dev/tests/integration/testsuite/Magento/TargetRule/Model/RuleTest.php,6b19a5bd2817e2dbc9ccc3e8d11645322444adc50e8db1329646712b5147f958,5935
dev/tests/integration/testsuite/Magento/TargetRule/_files/products.php,9d002b6837a8514b7d97b946f3e521af9f5eb1825f49b4a4723a6a5aef88443a,3223
dev/tests/integration/testsuite/Magento/TargetRule/_files/products_rollback.php,fe0c52772565f07c85264d8a66fa314edfccb4345b17ca7d29664b1328703e44,1117
dev/tests/integration/testsuite/Magento/TargetRule/_files/products_with_attributes.php,c5dd918809f4bd6313e9516820f11637ff76f2378e0ac00ef6eab2d65b3e5ba0,5082
dev/tests/integration/testsuite/Magento/TargetRule/_files/products_with_attributes_rollback.php,2573275ca58788b8139be894b2d19d8624677cb367f42bd104b3eb71bdbbdd49,1659
dev/tests/integration/testsuite/Magento/TargetRule/_files/related.php,59f165bd95ecaf48670b919f77f2ae3ddf77a946088f4e63abb67d79de504b52,564
dev/tests/integration/testsuite/Magento/TargetRule/_files/related_conditions_attribute.php,745647cf495f6f0a920df63e2f031604816b91586851b4622c54075be2637447,1252
dev/tests/integration/testsuite/Magento/TargetRule/_files/related_conditions_attribute_rollback.php,f60a4abbbdbfb9af0729b282e3ea7d2ec51513631445662e790df7c68c379b5a,1318
dev/tests/integration/testsuite/Magento/TargetRule/_files/upsell.php,a6ddbfec622ac203ac3730db6bcef00c0aca1470d661de792459635a8a1d0eab,158
dev/tests/integration/testsuite/Magento/TargetRule/_files/upsell_rule_with_customer_segment.php,2dc9cfb237e77768e49cce919c2a699161f8d750c3a510d32cbc9acb5bcacd7f,618
dev/tests/integration/testsuite/Magento/Test/Integrity/Magento/AdminGws/ConfigFilesTest.php,7fcdbe4fff5d80d9ab21744859b702c3dd1f7e9c00b7793d2d2adf295051eea5,4001
dev/tests/integration/testsuite/Magento/Test/Integrity/Magento/GiftRegistry/ConfigFileTest.php,a54859fcf4d21a1250ec0807a3d7a89426fc3c0c83181447fb7c3ef2b4f9e5bc,1942
dev/tests/integration/testsuite/Magento/Test/Integrity/Magento/Logging/ConfigFilesTest.php,b2533fa5d01b287c5b0113712ada0cd3f35d0b75e07ae89e171d2244734b7f1b,1246
dev/tests/integration/testsuite/Magento/Test/Integrity/Magento/VersionsCms/ConfigFilesTest.php,3d8f61bfea8f0e31c7fbf668a32da35988cbdaba92bb124211627b9e1e8166e5,1788
dev/tests/integration/testsuite/Magento/Test/Integrity/Magento/WebsiteRestriction/ConfigFilesTest.php,b785086cbb22f2c992441de95ce2922c7f7beecddad5bbfcf655fbc8f182d026,1890
dev/tests/integration/testsuite/Magento/VersionsCms/Block/Adminhtml/Cms/Hierarchy/Edit/FormTest.php,f117422d68daec280d363ddb66b8b2d023ac529251a6733f6cafe6573232bd0b,5196
dev/tests/integration/testsuite/Magento/VersionsCms/Block/Adminhtml/Cms/Hierarchy/Widget/RadioTest.php,1e5c5d65bd2397bf8513ef2e4f186ad5c19e2536928f419018c6ac187e8f18dc,2744
dev/tests/integration/testsuite/Magento/VersionsCms/Model/Hierarchy/NodeRepositoryTest.php,a9cad874121417a7140a90ddeec4fc52d3f8ac279c11895f76fe5d79e3692e14,3018
dev/tests/integration/testsuite/Magento/VersionsCms/Model/Hierarchy/NodeTest.php,e5ec9b18b40319bfdc790e24f4d97d4ed5bd2ca3b0dcb806c9d33fe92ca929ae,7820
dev/tests/integration/testsuite/Magento/VersionsCms/_files/hierarchy_nodes.php,851bec515982a53948b9ffde511558fcce1ac889cd939c865e2a88a5eda6df79,2196
dev/tests/integration/testsuite/Magento/VersionsCms/_files/hierarchy_nodes_with_pages_on_different_websites_and_stores.php,429a8770d8164861ae98c385b22062e74519512fb294bc7a5e84a2db8cbee284,1544
dev/tests/integration/testsuite/Magento/VersionsCms/_files/hierarchy_nodes_with_pages_on_different_websites_and_stores_rollback.php,34a861b9e0369b6c0e149e45c41570eeed0d2d7371b3c7245e5e833f2dffd37e,1005
dev/tests/integration/testsuite/Magento/VersionsCms/_files/hierarcy_nodes_with_pages_on_different_websites.php,358650456723a7cb802e2e0cd4a551baf696ecadd694a69893cc72c2554bd089,2300
dev/tests/integration/testsuite/Magento/VersionsCms/_files/hierarcy_nodes_with_pages_on_different_websites_rollback.php,34a861b9e0369b6c0e149e45c41570eeed0d2d7371b3c7245e5e833f2dffd37e,1005
dev/tests/integration/testsuite/Magento/VersionsCmsUrlRewrite/Model/StoreSwitcherTest.php,924268efec599d327cd49f80a736c3a86aa5b6872c9c2a43e35a32c004d2a645,3600
dev/tests/integration/testsuite/Magento/VersionsCmsUrlRewrite/_files/hierarchy_nodes_with_pages_on_default_store_view_only.php,f85e501bebc21527618c8faacaabfefa1fe5d2808f800b83a0c9a3d14f87b889,2340
dev/tests/integration/testsuite/Magento/VersionsCmsUrlRewrite/_files/hierarchy_nodes_with_pages_on_default_store_view_only_rollback.php,1556584918b943f08ed47a97eba4af2a4972f91d7266b81275f6ac0d7e7e00b6,938
dev/tests/integration/testsuite/Magento/VisualMerchandiser/Block/Adminhtml/Category/Merchandiser/GridTest.php,d6452130e973548096194eaf6e3bf4a072b97e418860c42edf8103cc810c4d84,5839
dev/tests/integration/testsuite/Magento/VisualMerchandiser/Block/Adminhtml/Category/Merchandiser/TileTest.php,233a8187fc13f32c3c149029a3848dcd11481670c425bdc693e6c4cbb9db72d0,6259
dev/tests/integration/testsuite/Magento/VisualMerchandiser/Block/Adminhtml/Category/Merchandiser/_files/products_with_websites_and_stores.php,4c9e09acd23ed8f8479fb78b13fe8a6b4d681df1a03828ec6c7751d3050297c3,4140
dev/tests/integration/testsuite/Magento/VisualMerchandiser/Block/Adminhtml/Category/Merchandiser/_files/products_with_websites_and_stores_rollback.php,6caa327fa3a8bb203bf268da070024bd0ea8cd64042ba2da6d2e3de5638697ee,1096
dev/tests/integration/testsuite/Magento/VisualMerchandiser/Controller/Adminhtml/Category/AbstractGridTest.php,4779525b4f568e1aa7b170d3ddfca980cdc280dc5c9cf9d194b4cbdf5e3eb061,2357
dev/tests/integration/testsuite/Magento/VisualMerchandiser/Controller/Adminhtml/Position/GetTest.php,57087022319366d2de43d8b75d7d486e8606b96adcfab880da8a900d6cb37fd0,1005
dev/tests/integration/testsuite/Magento/VisualMerchandiser/Model/Category/ProductsTest.php,374d26bcd47388ceb11a84d798ae0415d640581cd6fc35ace099b7fbeabbc25a,3313
dev/tests/integration/testsuite/Magento/VisualMerchandiser/Model/Position/CacheTest.php,abd67b78538868ed6c5629d1bb72c1b84c17697b27ddfe3fce904cbbb04899f4,1383
dev/tests/integration/testsuite/Magento/VisualMerchandiser/Model/Product/DataProviderTest.php,cf8a19345984ecb6e2829e095f689aaf73cd5d896c989cc3e9fcdcee836ba077,1808
dev/tests/integration/testsuite/Magento/VisualMerchandiser/Model/RulesTest.php,f0edfc699371638df47af70a4441f4094044653f0fca17004374aefa92c06037,3231
dev/tests/integration/testsuite/Magento/VisualMerchandiser/Plugin/Catalog/Model/ResourceModel/Product/RankCategoryProductPositionsTest.php,88e3852e0457afe99eeb66ede6f403071c631637a184bc231f9d04b307d32d05,4383
dev/tests/integration/testsuite/Magento/Webapi/Controller/SoapEnterpriseTest.php,4cc4e50ea3b7fdba0ffda91234b2527f9e30b2585e9e436a7c1c82e9bd604872,622
dev/tests/integration/testsuite/Magento/WebsiteRestriction/Controller/IndexTest.php,d90af031b33a6a2782e154c041b819cac74ea0556f416cb237abe22b675aea06,1929
dev/tests/integration/testsuite/Magento/WebsiteRestriction/Controller/Shipment/Tracking/PopupTest.php,098d27259552b3daa61a5ac62b8fd32be48c2426c32a463ac408e12ab1408c06,2564
dev/tests/integration/testsuite/Magento/WebsiteRestriction/Plugin/Model/AccountManagementTest.php,fc2e8652b2f09b1d5bd887bae69f109eca58fdaa9a707661687e33c60cf667ad,3118
dev/tests/integration/testsuite/Magento/WebsiteRestriction/_files/config_enable_restriction.php,7eeac050703c4ca3374e7e8503be73bfdefadd60f353dbae27439dbbd70d08f7,819
dev/tests/integration/testsuite/Magento/WebsiteRestriction/_files/config_enable_restriction_rollback.php,271436bc984ead1a8581f9f6251721bd1418469a7d905a234264065018f485e7,784
dev/tests/js/jasmine/tests/app/code/Magento/CustomerBalance/adminhtml/js/payment.test.js,18d756f082bebe5b2089e65996e31fd4bb1d230812256d4c58e81141e5fb29c3,1867
dev/tests/js/jasmine/tests/app/code/Magento/GoogleTagManager/frontend/js/actions/checkout.test.js,4b6f90cb3d00e30da74c058bc29b34bb677b2e704a8ffa7b194f37607ed90877,1927
dev/tests/js/jasmine/tests/app/code/Magento/GoogleTagManager/frontend/js/google-tag-manager-cart.test.js,48a9abc604f9a981edc3b2fad06da2c804075828652a292dcda59966aefb345b,3827
dev/tests/js/jasmine/tests/app/code/Magento/GoogleTagManager/frontend/js/google-tag-manager-product-click.test.js,630f2aacc3d629ea5f6efa123c50d1a6fd921e114e58d7c93e297b67f4155702,1329
dev/tests/js/jasmine/tests/app/code/Magento/MultipleWishlist/view/frontend/js/search/view/multiple-wishlist.test.js,e289a4e43f058cdd3a361bdbb913d17668fa9da20f784b2efb7c72660f1e2ba4,1695
dev/tests/js/jasmine/tests/app/code/Magento/Rma/adminhtml/js/components/use-config-settings/single-checkbox.test.js,b37525ada2ae1bdbe426398989422e5a4f19b44d35b54c772f23a0c1433ccf5c,1181
dev/tests/js/jasmine/tests/app/code/Magento/Staging/adminhtml/js/preview/preview.test.js,c36e295b1f1afc13c6da2c9d0ebaea67a5dbad336f0098798283d194dd27ddaf,1574
dev/tests/setup-integration/_files/Magento/TestSetupDeclarationModule2/Setup/InstallSchema.php,d411373d9e3ae58976a58bdfad725d94b776a33e024dc8cf7792dd2295fc079c,644
dev/tests/setup-integration/_files/Magento/TestSetupDeclarationModule2/etc/db_schema.xml,20153dfd863e2269ed84bc5f7cdd1905171056c6e280413f61c6af2ba89f1177,4277
dev/tests/setup-integration/_files/Magento/TestSetupDeclarationModule2/etc/db_schema_whitelist.json,864f0a09c8ba39f902ea350eaa3c3a1082d3c49d63b0eafe76419cca2ec90d8b,136
dev/tests/setup-integration/_files/Magento/TestSetupDeclarationModule2/etc/module.xml,aec49a27aa74d88cc18ebe8c2b6e89ab0d60c1c12aaad985f077ef9d5fcbb477,337
dev/tests/setup-integration/_files/Magento/TestSetupDeclarationModule2/fixture/shards.mariadb10.php,62c5f908f7710b638eab3dd31c100a36b26275e0e63e638a910dca2bce5d76b7,2063
dev/tests/setup-integration/_files/Magento/TestSetupDeclarationModule2/fixture/shards.php,6eaca00f84563c906b13d3297e23baeea6d2dfb8d8089ab3029a686606530edb,2051
dev/tests/setup-integration/_files/Magento/TestSetupDeclarationModule2/registration.php,1bead781913f489548f04f5f0f0b9a6cdc8ad428fa01480a794a6fad05929132,413
dev/tests/setup-integration/_files/Magento/TestSetupDeclarationModule9OverrideSplit/etc/di.xml,82f600827ce28123da6fd6e48f6770df4507e4a7be2f334c0922de001cf298b7,1700
dev/tests/setup-integration/_files/Magento/TestSetupDeclarationModule9OverrideSplit/etc/module.xml,1c88adcbf54d26092a5e0ee527590464352f05586aa52c11fd00bf5907658a79,506
dev/tests/setup-integration/_files/Magento/TestSetupDeclarationModule9OverrideSplit/registration.php,9b3671362b87f9c9e88b6f4719c855fad14e9d5daba09ca4fac895d4041fa4e1,494
dev/tests/setup-integration/testsuite/Magento/Setup/SplitDbTest.php,3294d76c505e0cc9667675910b3d0ad33f34352e3dbe5d73c40347405d90e319,6232
dev/tests/static/testsuite/Magento/Test/Integrity/App/Language/TranslationFilesNonEnglishTest.php,50a4b9a5e29198f3c1bbd6033ae055798363cae55e97933238442216ec50187e,2846
dev/tests/static/testsuite/Magento/Test/Integrity/Library/_files/blacklist_ee.txt,e3b0c44298fc1c149afbf4c8996fb92427ae41e4649b934ca495991b7852b855,0
dev/tests/static/testsuite/Magento/Test/Integrity/Magento/AdminGws/ConfigTest.php,153e77b1e5b1eba0706fdee377beb6071d54518024740fd5819b565ec8f254d0,4587
dev/tests/static/testsuite/Magento/Test/Integrity/Magento/Backend/_files/controller_acl_test_whitelist_ee.txt,aeb1eda2ef5e862d3dfa6590fb1e061f2e9c649354d76d554d78aea21bd3647a,1241
dev/tests/static/testsuite/Magento/Test/Integrity/Magento/Framework/Api/_files/ExtensibleInterfacesTest/blacklist_ee.txt,b1c274c017c9642ad98735cddbb7efca6c7c54a8d4d520cdaf3adc0772d864a7,69
dev/tests/static/testsuite/Magento/Test/Integrity/Magento/Logging/Model/ConfigTest.php,acd9a84cb2e6a96847fc4cdca767c844e0fcdbb6f961cab55c63d31ed7d525b5,2103
dev/tests/static/testsuite/Magento/Test/Integrity/Magento/Logging/Model/_files/invalid_logging.xml,95623bbafff2176ed969031eeeb366fa38e429d593c1f89da447fe3312713070,1543
dev/tests/static/testsuite/Magento/Test/Integrity/Magento/Logging/Model/_files/logging.xml,91668486e2b7492ab81cfd35f3f06b5f32a37b501731a4cbc56a51202c08a1a2,2230
dev/tests/static/testsuite/Magento/Test/Integrity/Magento/Logging/Model/_files/partial_logging.xml,a73b18c9a7d6e14a827ded59b4a2e1475aca468ec70078b4c51a537176cfd513,996
dev/tests/static/testsuite/Magento/Test/Integrity/Magento/Reward/LayoutTest.php,33bf302d363d66ffa06808d222b0a245a056fd79c89513ff8406a02d079b5753,1450
dev/tests/static/testsuite/Magento/Test/Integrity/Readme/_files/blacklist/ee.txt,e3b0c44298fc1c149afbf4c8996fb92427ae41e4649b934ca495991b7852b855,0
dev/tests/static/testsuite/Magento/Test/Integrity/_files/blacklist/exception_hierarchy_ee.txt,e3b0c44298fc1c149afbf4c8996fb92427ae41e4649b934ca495991b7852b855,0
dev/tests/static/testsuite/Magento/Test/Integrity/_files/blacklist/observers_ee.txt,dcd279d3922b385fb2c4f2cb1696aae74d525febe1df1cb37d813f2b907750f6,158
dev/tests/static/testsuite/Magento/Test/Integrity/_files/dependency_test/tables_ee.php,dc5f65c3c16c70489b27e2102007b8074b64e0fb8f4fe1301729f51ea15b6f86,7268
dev/tests/static/testsuite/Magento/Test/Integrity/_files/whitelist/public_code_ee.txt,d2c535fcd1d23050368cb8a6b4d6d2d2a9f832aea3ff3866dd154695129c9622,77
dev/tests/static/testsuite/Magento/Test/Js/_files/blacklist/ee.txt,62b8b20fb4f332abbc2e0631c88fa042eb943162f6337b66ed6ffe9d73dc63d8,117
dev/tests/static/testsuite/Magento/Test/Js/_files/whitelist/ee.txt,3f8673720f2c143062cedd16fe72a5985884d666572115f1f3a8a47d76d85edc,92
dev/tests/static/testsuite/Magento/Test/Legacy/Magento/AdminGws/ConfigTest.php,1d5627a1738f9ca5f2c3357bc162969cbfcfd102077af9acef577798b6f9129c,1231
dev/tests/static/testsuite/Magento/Test/Legacy/_files/connection/blacklist/files_list_ee.php,1066cf2f724b0e9a31b4f432195e6746f2dea4477bcf3565ece58a56fabe6306,1095
dev/tests/static/testsuite/Magento/Test/Legacy/_files/connection/whitelist/refactored_modules_ee.php,a746e30a6466b84eb0c4d3b8396ca963eaadcd201113b57a2d7d58b24045a7d6,1356
dev/tests/static/testsuite/Magento/Test/Legacy/_files/copyright/blacklist_ee.php,886bf5b2bafa70a36fe6166a135252d830062a4b3589a3d3624c98569db486c6,117
dev/tests/static/testsuite/Magento/Test/Legacy/_files/obsolete_classes_ee.php,2d7710487abd04627fdae037ac8b9b24c135d5d5e49cb44a8c8f29da3614ab06,18294
dev/tests/static/testsuite/Magento/Test/Legacy/_files/obsolete_config_nodes_ee.php,784025b033b1e13c7332198db23855e6d834ad8089caa52a8300c3ed765e74f0,1123
dev/tests/static/testsuite/Magento/Test/Legacy/_files/obsolete_constants_ee.php,e9ae43918b3ac37e33d96238f82577dfffdd0dc591bc6ec94e1d92f50cbc8156,6554
dev/tests/static/testsuite/Magento/Test/Legacy/_files/obsolete_methods_ee.php,c01b0e68aa51e9141ef3e3aa9a73d5f0c21df55ea9c8a28a4f5f87cd4b78c692,30731
dev/tests/static/testsuite/Magento/Test/Legacy/_files/obsolete_namespaces_ee.php,fae90159b16c32df41c88f0408554873bf7fda95489531121e065343bc7291d3,4682
dev/tests/static/testsuite/Magento/Test/Legacy/_files/obsolete_paths_ee.php,0549e22e26b0db716a9d2b3c3b07160bf73fb3a2e0984c76807985844e787481,267
dev/tests/static/testsuite/Magento/Test/Legacy/_files/obsolete_properties_ee.php,78c3c5ab3c191d81d070330134b21c95d37abc6bd9d201fc1cfd75e8d13dbf85,3202
dev/tests/static/testsuite/Magento/Test/Legacy/_files/restricted_classes_ee.php,e7979083f6798f071d79548cf48ab1b19a2dd81d7ae967ed932126994f6b08ba,1863
dev/tests/static/testsuite/Magento/Test/Legacy/_files/words_ee.xml,5e283c86db68a329fd41bec82fe15500d20bedd437599e7b72a07471f6444bc7,576
dev/tests/static/testsuite/Magento/Test/Legacy/_files/words_internal.xml,7f7f16cf4b3aeecfa51d008fefeebbf2e998adcd8c6842e26f3fcee4ca17a1d9,932
dev/tests/static/testsuite/Magento/Test/Less/_files/blacklist/ee.txt,db286273f015e96be3858adef9cb8e8947e8bdd89bb9eba0c2cfbdd23df272a8,178
dev/tests/static/testsuite/Magento/Test/Php/_files/phpcpd/blacklist/ee.txt,93df2980868ba02d5b765ba486e7207dea2c428ef61c705857288d3935e000a4,2227
dev/tests/static/testsuite/Magento/Test/Php/_files/phpcpd/blacklist/non_public.txt,f7ca4f6c50b833cc47285c13059c332b64254012762adbd3d3364835e64e1d91,6
dev/tests/static/testsuite/Magento/Test/Php/_files/phpcs/blacklist/ee.txt,b4ec45e4465b7b4ef398187d2b5feb0c3e7c0bf0c11fa26bc225e26e1438fd9b,49
dev/tools/.gitignore,4d7a1fd0f4ab5cc75f61ea2101f6a79efe8d84a4a911e28d2e72641b89541282,12
dev/tools/build-ee.php,98c1a05d9c1eeff53ef8613314c333e131613b9a29f12eeb4fdf14daa9d334bb,5319
pub/errors/enterprise/404.phtml,6626541cea59ca51b1eb10d76b48ef6fb0d1b14984b367cf55d9ce5e1a37f8f4,145
pub/errors/enterprise/503.phtml,7484570402a0a7262898b96075b30d453e3e116ee84c5f33db203f4a51d1e572,318
pub/errors/enterprise/css/styles.css,0b14b2ff37f7ac8a2188f1a0a77e399d6d1712872a1faebaf771efb48e754f11,2222
pub/errors/enterprise/images/favicon.ico,ce2de4b3be943fd5414dc6f3190d332fc9f6369f5dfbf6366b00b261ed02a4cf,1150
pub/errors/enterprise/images/logo.gif,06eb12dff758b770873b13d59a243565354548a29d888dbd7a1d4bbb99d46008,24401
pub/errors/enterprise/page.phtml,f55e02fad5c61caafb6094403522b1b52f20f32468cb81f9916ea2b2cbeac97e,719
pub/errors/enterprise/report.phtml,f0b5ffc76a1c1072c687bab44138f0b1f6704817cb8c995fd180a25ff7ccfcb9,3470
setup/performance-toolkit/README.md,802f1ce37a71eb0fe3e364e6d9bbaa6bfd4fe15c729936662f83fa4da80e4e76,33172
setup/performance-toolkit/benchmark.jmx,7ae03d6d4644d30b753a5773bb7413ed8c99bf3019e61fd8adf2a0e3c0e7fe30,4817372
setup/performance-toolkit/profiles/ee/extra_large.xml,76ac66415059b0c7d0c9ab9aabc7a463129d54706b20bd2a29fe2a5c68d60510,5690
setup/performance-toolkit/profiles/ee/large.xml,d2653d6937b2aad4bdca2d07d0ba459555f50a543aef23e5920be7e51ae426e8,5687
setup/performance-toolkit/profiles/ee/medium.xml,67564aa66f0b1ef5e8fb747cdf94a14ba01309eaca9aa1e888e7d65571b7f3a3,5682
setup/performance-toolkit/profiles/ee/medium_msite.xml,fd5914af1c4ca502457a9198f1240439e1f7fbcaabfa3bd0c5fa4b31f018bd05,5904
setup/performance-toolkit/profiles/ee/small.xml,f4cc7d3e6618d8e7f14fee53a19fa1f0f5779173cfc0ee40f60de92e20718b87,6087
setup/src/Magento/Setup/Fixtures/CustomerSegmentsFixture.php,96d4ee8da6dfdfdd075b7e9ed89ac788a02c10970c3dc4d300ea2630bd3bcf5e,12353
setup/src/Magento/Setup/Fixtures/OrdersEEFixture.php,f8a2ac38799e3f515996dd70bde06bc0a094be23b02062bfadfdd7f59bf95692,3626
setup/src/Magento/Setup/Fixtures/TargetRulesFixture.php,ee4c9a075518db28d2fd6370d9e3d05635d62d13e2e6c19f2c971f7366798956,5359
setup/src/Magento/Setup/Test/Unit/Fixtures/CustomerSegmentsFixtureTest.php,b1d542184a8474f32fada9bf4e80c42c5891d4954f16b8bef1e20a05af31dfac,10202
