path,sha256,size
LICENSE_EE.txt,f459a0a68660ccc9b7809f73f7c6deb22e622603754a18e866496b59db020569,30634
README_EE.md,6691721c2d3c888956092ea24b68db384a4d697a560d9bb58a6808dbb316c742,2657
SECURITY.md,2de2728d53cfcf48bf08375c8a4077d46760845375beb808d61e00f4f1b12b25,700
composer.json,73429d618d3a4ae4dcb552bd007e741787c2be8a07c2b8fa3a7fff2b2b07272c,3385
dev/tests/api-functional/testsuite/Magento/CheckoutStaging/Api/Data/ShippingInformationManagementTest.php,657f39233771d63a8eb816732a9fc13d9de061c3c1523c5365a79b8e9fb802d7,3786
dev/tests/api-functional/testsuite/Magento/CheckoutStaging/Api/GuestPaymentInformationManagementTest.php,2ff874c81eb3eb4ed0d186dfb49c11b4f64ee5490bb0d0a2d21a724bdc2ba586,2976
dev/tests/api-functional/testsuite/Magento/CheckoutStaging/Api/PaymentInformationManagementTest.php,100959440faa7feaeeb3e5eb41fb51354f1b32b5d203f56ff9bcedc0a75610fb,2912
dev/tests/api-functional/testsuite/Magento/CustomerBalance/Api/RetrieveFromCreditmemoTest.php,c1da929051b2ff2f9727632873f29b6bbd828a82cba49607f6315de758c7d124,2363
dev/tests/api-functional/testsuite/Magento/CustomerBalance/Api/RetrieveFromInvoiceTest.php,06bd9abbc18d57d4c8ea0fcd482c7b6726f483b0062bb1686e0d43761d077f5a,2150
dev/tests/api-functional/testsuite/Magento/CustomerBalance/Api/RetrieveFromOrderTest.php,2c5f95230baddd456a31e765a4499c6789f37c43b7b171f888af45eafd995303,2659
dev/tests/api-functional/testsuite/Magento/GiftCard/Api/CartItemRepositoryTest.php,b23322bbe35d02773918da0c35728174da88decee3c25cea909e55f999b6ad73,20009
dev/tests/api-functional/testsuite/Magento/GiftCard/Api/OrderItemRepositoryTest.php,931d51ec29cc27e4eaab784aa2f9ba0f8354c3cae9a36b5496259c08f17bf9d1,5178
dev/tests/api-functional/testsuite/Magento/GiftCard/Api/ProductRepositoryInterfaceTest.php,1380b7d24e57011b627bd6a1f49fc8cfad84a6b0c56a992a156c67d01ad55aa1,6581
dev/tests/api-functional/testsuite/Magento/GiftCard/Options/Uid/GiftCardAmountsUidTest.php,4b77376eaf55adbd1f8dcd79f8398cfac4337aae1a1cb66b642bb769c3c8cb84,1923
dev/tests/api-functional/testsuite/Magento/GiftCard/Options/Uid/GiftCardOptionsUidTest.php,236a8d52f43db7a1b1b84bd26cbb6b05025e032cb407a38519d83c05d4b34bae,1631
dev/tests/api-functional/testsuite/Magento/GiftCardAccount/Api/RetrieveCreditmemoTest.php,c90a9ea80ad721055bca3da3e783b822675c27898c4139d3c76e6cd8ed59d7c6,4166
dev/tests/api-functional/testsuite/Magento/GiftCardAccount/Api/RetrieveInvoiceTest.php,fbe6607e9ad436840e085df8de06b1bdfd0e79d59e979d381401c6d89b747a17,4015
dev/tests/api-functional/testsuite/Magento/GiftCardAccount/Api/RetrieveOrderTest.php,eee8a921fb301d7408907978cb5aa66deff754ee7feabcaa7ad6794a174cff06,5560
dev/tests/api-functional/testsuite/Magento/GiftCardAccount/Service/V1/ReadServiceTest.php,10f651232ad70df07fc7f8854da752331f57535b9048b68e4e0659344cd04ad5,2208
dev/tests/api-functional/testsuite/Magento/GiftCardAccount/Service/V1/WriteServiceTest.php,bdaf8933744e313a5ac9bb21a08dd11d2c65949841b6ae53eef738589157dda4,3528
dev/tests/api-functional/testsuite/Magento/GiftWrapping/Api/MessageCartRepositoryTest.php,f66c60bdbf1b29f52a8b840633d0f5f49a39016a8822585d31763bfdb2ab35eb,5484
dev/tests/api-functional/testsuite/Magento/GiftWrapping/Api/MessageGuestCartRepositoryTest.php,32785056519d56db8f79d7fc496b659f28c7beb53b5df3a0781d420a076bc1e7,3353
dev/tests/api-functional/testsuite/Magento/GiftWrapping/Api/MessageGuestItemRepositoryTest.php,3619708447ca067da8c62683d00cab2aee0992a4f5e1a1f077aeecc9875753e9,3346
dev/tests/api-functional/testsuite/Magento/GiftWrapping/Api/MessageItemRepositoryTest.php,bbe38c6e677a6a088672ef0545d692df8098dd8f3bd80ebfe132ff5d90341a4a,5471
dev/tests/api-functional/testsuite/Magento/GiftWrapping/Api/RetrieveFromCreditmemoTest.php,a8ae5fa72774850967876311d26f9089a58f3abcc5aa46f8b8a8bf7230e3193b,4059
dev/tests/api-functional/testsuite/Magento/GiftWrapping/Api/RetrieveFromInvoiceTest.php,955ee56ca822a385fd6c270e52a27a1739b8e699dde272c388a4deb6e426f922,3849
dev/tests/api-functional/testsuite/Magento/GiftWrapping/Api/RetrieveFromOrderTest.php,eea23d21d7b02fc69916f4b0b92fc2e75528b6f1c20e2bf70b7583add0db7c7b,12029
dev/tests/api-functional/testsuite/Magento/GiftWrapping/Api/WrappingRepositoryTest.php,0ea476e638564170fdf0d43380888251c651a6964add89176bba8589b68ec2db,15799
dev/tests/api-functional/testsuite/Magento/GiftWrapping/Api/_files/test_image.jpg,223c210eed5f417924a0d3f9ebc61fd357e7d88661ff3146746db801b56ca64a,1779
dev/tests/api-functional/testsuite/Magento/GraphQl/CatalogPermissions/ProductsSearchTest.php,cc04eed7325df275d966986ab7159aed013968f1d8593d316c833cb649e6e9f7,4842
dev/tests/api-functional/testsuite/Magento/GraphQl/CustomerBalance/ApplyStoreCreditToCartTest.php,0073f37229324385c9cc5aff0a1f8e728f0a20c35053e20c051a7eef18c426ab,8166
dev/tests/api-functional/testsuite/Magento/GraphQl/CustomerBalance/PlaceOrderAfterApplyingStoreCreditTest.php,b9817c08277ac8b3f5890911eebb7befd645e61bfdfd1baed0a3127fd3e1eb7f,15307
dev/tests/api-functional/testsuite/Magento/GraphQl/CustomerBalance/RemoveStoreCreditFromCartTest.php,9e38bc8b0ff9401f143a2690b423c68b752025883d6bebbf2ac8a655e2b80114,4850
dev/tests/api-functional/testsuite/Magento/GraphQl/CustomerBalance/StoreCreditBalanceQueryTest.php,d3afdc863d768e4a92890790653464773cce893896021751c501b5d7e9333963,16531
dev/tests/api-functional/testsuite/Magento/GraphQl/GiftCard/AddGiftCardToCartSingleMutationTest.php,82e2f5ef79fd6dee1823db22f41dcc3dc846384afa803fe019a0867738633a32,15148
dev/tests/api-functional/testsuite/Magento/GraphQl/GiftCard/GetCartGiftCardCartItemTest.php,66978c975a96a5311077a3e4ae10186227a044b0656fe26e10f7ff82b64a1fd4,4547
dev/tests/api-functional/testsuite/Magento/GraphQl/GiftCard/GiftCardProductViewTest.php,af8c84098bd12428516da7a2ec886913bc950b14c2beb6c7afd7a2eb7a5b3685,4831
dev/tests/api-functional/testsuite/Magento/GraphQl/GiftCardAccount/ApplyGiftCardToCartOnMutlipleWebsitesTest.php,ab0601d3e5fc07fe5b6392dbfbad75df5040cb38c45436992701de61f7e61fce,9233
dev/tests/api-functional/testsuite/Magento/GraphQl/GiftCardAccount/ApplyGiftCardToCartTest.php,8b6c70610c96df492a3c952c68123cd5ece585e846df4eef214dd749efd0fc15,10681
dev/tests/api-functional/testsuite/Magento/GraphQl/GiftCardAccount/CartGiftCardAccountTest.php,ad96768c0d2bd68c37632c475f7dc0e026dfc33a2a98769b129d53bd9340a2a1,4187
dev/tests/api-functional/testsuite/Magento/GraphQl/GiftCardAccount/GiftCardAccountQueryTest.php,1db584647aa138e43605cec3f2d825e434c5c65605f0aa715820c8992d03390a,3592
dev/tests/api-functional/testsuite/Magento/GraphQl/GiftCardAccount/PlaceOrderAfterApplyingGiftCardTest.php,bae596b9bbd9fb6ef139358b70655f98df322b81decfe32c0e490b3486dd5eda,15971
dev/tests/api-functional/testsuite/Magento/GraphQl/GiftCardAccount/RedeemGiftCardTest.php,346678fe9499abe10f01f75e8af6f6858dace2d9cc56517386cb2ebdb4337218,4810
dev/tests/api-functional/testsuite/Magento/GraphQl/GiftCardAccount/RemoveGiftCardFromCartTest.php,f06535430ad8b546d984ad9d15d560c793634a567db40ab82761c6cf3c220db3,5595
dev/tests/api-functional/testsuite/Magento/GraphQl/GiftWrapping/Cart/GiftWrappingTest.php,6ff2754021d3f7c161a47d8fdec79eb8a878f57c0145bced7946ee37705e861e,6885
dev/tests/api-functional/testsuite/Magento/GraphQl/GiftWrapping/Cart/Item/GiftWrappingTest.php,8142fd329b5cd2a96eb4bcc18867fa5bbd5ba59b71e440685c21d254c326b438,4364
dev/tests/api-functional/testsuite/Magento/GraphQl/GiftWrapping/Cart/Item/SetGiftWrappingTest.php,dc019c8752974008b65114ac95aa1ac3cd2b9d0740a96239655cf2329f5d2ceb,4408
dev/tests/api-functional/testsuite/Magento/GraphQl/GiftWrapping/Cart/SetGiftOptionsOnCartTest.php,f48e2533f7265c5dd2681ae70a70d7eb0795f647a82c09a2bb0f8e77f357907d,4502
dev/tests/api-functional/testsuite/Magento/GraphQl/GiftWrapping/Order/GiftWrappingTest.php,7575a6154b1edddc1ba41729b02a9518d05b65b2334e3a2f51f03bb54cbf594d,3031
dev/tests/api-functional/testsuite/Magento/GraphQl/Reward/Checkout/ApplyRewardPointsTest.php,cbd81ba77ce06316add5636b4435f8f4cc0269ff4d125c3e09d0f45c312ea2f6,5048
dev/tests/api-functional/testsuite/Magento/GraphQl/Reward/Checkout/RemoveRewardPointsTest.php,6a81e7750c31b0fc73df06a71c976e955af4e0d2389b29879631410848680c64,5625
dev/tests/api-functional/testsuite/Magento/GraphQl/Reward/Customer/RewardPointsTest.php,3c7d6fc5cc452c1baa2301273dac09342796a77611638525c9a7a2daf30a044a,11603
dev/tests/api-functional/testsuite/Magento/GraphQl/Reward/RetrieveAppliedRewardPointsFromCartTest.php,f3ec56da9b13c91950c364d63ce12555c3fc02bd7298c584e2b93c736d1ffff7,5365
dev/tests/api-functional/testsuite/Magento/GraphQl/Reward/RewardConfigsTest.php,f6085ce875fc2169acd76a135e78f9c9b2f8622fb17643533308a6cf7721adda,5290
dev/tests/api-functional/testsuite/Magento/GraphQl/Sales/RetrieveOrderWithGiftCardProductTest.php,47ebdc52e0d4641605bd73e32723f85c69c540a340a2e59b2ea9b29a9a83eb26,9652
dev/tests/api-functional/testsuite/Magento/GraphQl/Staging/PreviewCatalogRuleTest.php,0ee280bbcf585e6878a0d955f2e85854e5bde987060e7c218e7a9a58c1c71dcc,16250
dev/tests/api-functional/testsuite/Magento/GraphQl/Staging/PreviewCategoryTest.php,0f44824807dcb4b85080ad4cd0f00dc64a5d4a0d131336f440b7a7bc9c7078b7,8387
dev/tests/api-functional/testsuite/Magento/GraphQl/Staging/PreviewConfigurableProductTest.php,ab159022b4944eb8b1d3df76577bcb11a85968af7da388f405d3f081d9b2de0c,5124
dev/tests/api-functional/testsuite/Magento/GraphQl/Staging/PreviewSimpleProductTest.php,8b7efa1b51c07b4728f6927a9f490b93f80628b5062405bcaa2fe5c85d8acb86,11421
dev/tests/api-functional/testsuite/Magento/GraphQl/Staging/PreviewValidationTest.php,e93fc5de823a2b2ed1e4365cf4578071c678f8997256582b5c0eb141802d1e88,3168
dev/tests/api-functional/testsuite/Magento/GraphQl/Staging/SimpleProductStagingTest.php,d51f216205738b50631beefcbe7d28a2ade45fdc3d97cb25604cdac584a4a9fd,3571
dev/tests/api-functional/testsuite/Magento/GraphQl/TargetRule/RelatedProductRuleTest.php,8bdcdfe63ed90005375ef0c31509b8ab408992f3a08b573ce0b021c37fe94672,8760
dev/tests/api-functional/testsuite/Magento/Reward/Api/OrderRepositoryTest.php,15f1f1c04b75040886669595a4c4879d9875b4cefdd2b80566b6fdf4fb5eed3c,4451
dev/tests/api-functional/testsuite/Magento/Rma/Service/V1/CommentReadTest.php,671962764ca3a94bc6334663d622a00083f8cee3d255d3b9f1024be25da875d2,1684
dev/tests/api-functional/testsuite/Magento/Rma/Service/V1/CommentWriteTest.php,f0692fc822b6952283aa8911a509964901317b7f1d28a6db8ba6035c60ea5a9d,2193
dev/tests/api-functional/testsuite/Magento/Rma/Service/V1/RmaListTest.php,b64da1ec907e79833459fc5de32484630d50a9a69f99e7a72e23dcf0372a0346,2846
dev/tests/api-functional/testsuite/Magento/Rma/Service/V1/RmaReadTest.php,14aee77f9528822a2f3924636fd3ee16b10141f37bdf59cd29614df7cd383615,7128
dev/tests/api-functional/testsuite/Magento/Rma/Service/V1/RmaWriteTest.php,91266a25a48a5c23d7709ead5a5740284dbccbd75c7ffc030821edb3952307d9,8687
dev/tests/api-functional/testsuite/Magento/Rma/Service/V1/TrackReadTest.php,4080e872a2ca004b61130336aa255446643be2ad6e2e5165fb78c069f4cac071,1654
dev/tests/api-functional/testsuite/Magento/Rma/Service/V1/TrackWriteTest.php,383bc2fbc8d1a3c4dbeb669f13582313111916f974f06cbef3b5eb250c9d0376,2863
dev/tests/api-functional/testsuite/Magento/SalesRule/Api/RuleRepositoryWithRewardPointsTest.php,0691f20e272051c86ba2f93a64468a7e93769aba6532808cf06c1e7200607b99,6435
dev/tests/api-functional/testsuite/Magento/WebsiteRestriction/Api/AccountManagementTest.php,b093748b3e2a39eacb1b748c473fb9dea93a733e5b9f436e871ddf9a9c9221af,3479
dev/tests/integration/etc/di/preferences/ee.php,6205feab010b2e21def58086cfaef0c118045daad77ad2befe5f97f78e8a9a0c,443
dev/tests/integration/etc/install-config-mysql.php.dist,62129d5b684d82c860297bcbd76b43c7493935df63ff83d4fc76acb7a3307cd2,789
dev/tests/integration/framework/Magento/TestFramework/MultipleWishlist/Model/GetCustomerWishListByName.php,82aa08277b46f8d913ea5835de58df7073161d545b37a4295860a9eabd92c32b,1483
dev/tests/integration/framework/Magento/TestFramework/ResourceConnections/Db/Adapter/MysqlProxy.php,9f6c8c143017d014e62e5fa74405681fb6bed26d474e76eecbd16103e3306700,2120
dev/tests/integration/framework/Magento/TestFramework/ResourceConnections/Db/ConnectionAdapter/Mysql.php,619472afe66af2bbae9fb8d881d0fc1100d0588fd69ad1b6b20fcc810b0138c1,549
dev/tests/integration/testsuite/Magento/AdminGws/CreateProductFormTest.php,479fb0d037ec11381b5ab68be4cd3c88576a29d242a8d4ef7dc9fea753010842,2522
dev/tests/integration/testsuite/Magento/AdminGws/Magento/Catalog/Controller/Adminhtml/Product/CRUDTest.php,2701925fb4d5c8616ce74c8204a179b44e8b4b49fb659cd2c4e862b4db1c385c,4879
dev/tests/integration/testsuite/Magento/AdminGws/Magento/Catalog/Controller/Adminhtml/Product/Set/EditTest.php,0c02c136672de2341d4c8693ffeb68daf1be44f010c24773dc0917d18afa52ca,1753
dev/tests/integration/testsuite/Magento/AdminGws/Magento/Catalog/Controller/Adminhtml/Product/Set/IndexTest.php,4ec90069bf8e579570bbbbda489fa49c1d7d0d348e7b1b5d3cdd38131b3081db,1236
dev/tests/integration/testsuite/Magento/AdminGws/Magento/CatalogEvent/Block/Adminhtml/Event/Edit/FormTest.php,0564b4027ef3e66c0679fad1305ae1c4745f88cc8abd3200f5de98029eec681f,2169
dev/tests/integration/testsuite/Magento/AdminGws/Magento/CatalogEvent/Controller/Adminhtml/Catalog/EventTest.php,d2510168fbab6b17658f3bae4db5ab456df1d5f6936139315a75c4af79072cfe,1158
dev/tests/integration/testsuite/Magento/AdminGws/Magento/CustomerCustomAttributes/Controller/Adminhtml/Customer/Attribute/IndexTest.php,d3a6ddc8334d56fb4a8f85dd195f355fdff0c793937df61be8813232a3e8e05d,1300
dev/tests/integration/testsuite/Magento/AdminGws/Magento/User/Controller/Adminhtml/User/Role/SaveRoleTest.php,a713229eb9377b15c052cfdddfedace496288e295c385dec5052e340a9dec128,2619
dev/tests/integration/testsuite/Magento/AdminGws/Model/AuthorizationRoleSaveTest.php,37a7e59caa947f535468ef2a0e72f7dbe949037ef23a538d8ad88d173afefa0c,2022
dev/tests/integration/testsuite/Magento/AdminGws/Model/BlocksTest.php,5442f2ded3acf9ef944f108a73eaebfcbf0d8f244eab97ca18aa8c740e3359d1,4035
dev/tests/integration/testsuite/Magento/AdminGws/Model/CollectionsTest.php,a96df85621613b5868d89c33443696c0f4ff1c775c92f3ffc65e2336c5cfdfb0,3216
dev/tests/integration/testsuite/Magento/AdminGws/Model/ControllersTest.php,94707a84d389130b344b73eb62f3e0c56a66cc861a7f84ecb763e52b4b01be12,20836
dev/tests/integration/testsuite/Magento/AdminGws/Model/ModelsTest.php,638558313919a4e545a1b8a6850d6e17a8abdad29fca0fde2dc5f9124dac2681,2601
dev/tests/integration/testsuite/Magento/AdminGws/Model/Plugin/UserCollectionTest.php,69d4f54fc17ba3edb90c780e1cb1211b23d663a287760284e094f7920978ccc6,2666
dev/tests/integration/testsuite/Magento/AdminGws/ProductLinkInGridTest.php,69c88fc11406d00780e7654228f76104784e7ac6c5d5b6b1ba8558ca3db68d6c,1930
dev/tests/integration/testsuite/Magento/AdminGws/QuoteItemCollectionUpdaterTest.php,c1a5d0b6627643d3974e69c19d223199f481624dbf5741a121ccf230d9322199,2172
dev/tests/integration/testsuite/Magento/AdminGws/_files/role_stores_login.php,1e08e00f4ede816f95fa20170ab47d381601a7dab022608e0ea183dcfdd25159,1352
dev/tests/integration/testsuite/Magento/AdminGws/_files/role_stores_login_rollback.php,de99b05b50927b94f1a3169e12add24bf34e8ee0eeba5fcf823d275f13d12eb0,301
dev/tests/integration/testsuite/Magento/AdminGws/_files/role_websites_login.php,ff46dd58a17fe5f64113e12764ae30bd9599a8fe22df26ccb8b0d11842119e44,1349
dev/tests/integration/testsuite/Magento/AdminGws/_files/role_websites_login_rollback.php,91323d52bc6d8abc0e2de485bc4443c1c6076f2fa166f0923186256b62e60a38,1201
dev/tests/integration/testsuite/Magento/AdminGws/_files/two_quote_items_on_different_websites.php,5ac83784c04dbd94abea52c3f494656bf0abda0d6c4d9d61066c58ba81f1533b,3321
dev/tests/integration/testsuite/Magento/AdminGws/_files/two_quote_items_on_different_websites_rollback.php,4efdf505d8e890ae74571dd13834318a429a4dc214c8255226751fbed8ee64d2,1497
dev/tests/integration/testsuite/Magento/AdminGws/_files/two_roles_for_different_websites.php,a0538c7b677ce088aed3164a5adbf31e9b67ce320d85ee6d786a07a51449e896,1174
dev/tests/integration/testsuite/Magento/AdminGws/_files/two_roles_for_different_websites_rollback.php,8f8d41790fd2a651d5b53c5dbf7d0212e3cbce06ec9518381c9654208acd629b,1156
dev/tests/integration/testsuite/Magento/AdminGws/_files/two_users_on_different_websites.php,69570c10017d05831a367e83b33f9cc7737b0211549ce5a2c879afd3f0b51f94,1620
dev/tests/integration/testsuite/Magento/AdminGws/_files/two_users_on_different_websites_rollback.php,91d4dbdf2c363c1658379a6924b1b797f6ad1e88c4d36397635be76edc2d2050,896
dev/tests/integration/testsuite/Magento/AdminGws/_files/two_users_with_role.php,2fca1ef2c5fa573d779e99c286acb13522598bff507b9100ca6d46e90fcec605,1410
dev/tests/integration/testsuite/Magento/AdminGws/_files/two_users_with_role_rollback.php,42d5388cebe236495f362cb31853d901db93d33f532873bd31e11f6faa083986,518
dev/tests/integration/testsuite/Magento/AdvancedCheckout/Block/Adminhtml/Customer/Edit/ManageShoppingCartButtonTest.php,b06209e3137dd84ba009bce29b7e850c5d7a375e1914283eafff693b79060fe5,2409
dev/tests/integration/testsuite/Magento/AdvancedCheckout/Block/Adminhtml/Manage/Accordion/AbstractManageTest.php,b7394b985a43157a9e6b4027fed3924025d835635a5778be6effc24502e8e22b,2939
dev/tests/integration/testsuite/Magento/AdvancedCheckout/Block/Adminhtml/Manage/Accordion/ComparedTest.php,a7a083a420d913812f66da47998e6dca21bd9925ecf69a808b6566f843740964,893
dev/tests/integration/testsuite/Magento/AdvancedCheckout/Block/Adminhtml/Manage/Accordion/OrderedTest.php,2eaafa663223087b527ce7ff5e0aa28a31eb6e48759ac082271b47a711ee3105,869
dev/tests/integration/testsuite/Magento/AdvancedCheckout/Block/Adminhtml/Manage/Accordion/ProductsTest.php,3eba4f2ad861076822bbee9d7c89e7d211cf30c90a279de5376ae2dc1e3b3313,1033
dev/tests/integration/testsuite/Magento/AdvancedCheckout/Block/Adminhtml/Manage/Accordion/RcomparedTest.php,35e1ca2f26ad4260bfee20488d3df5e90a75c36319d5d33281a7b7b75d9c2ea4,1230
dev/tests/integration/testsuite/Magento/AdvancedCheckout/Block/Adminhtml/Manage/Accordion/RviewedTest.php,ed66f3f5529d8fe9ee1c820f7f04bb505ef4f333a66662a939fbc9fecd835b0d,1251
dev/tests/integration/testsuite/Magento/AdvancedCheckout/Block/Adminhtml/Manage/Accordion/Sku/ErrorsTest.php,9425b9a81cda1a556783389be3cf98616da28f8e86890f3bd61159774f3eb758,4788
dev/tests/integration/testsuite/Magento/AdvancedCheckout/Block/Adminhtml/Manage/Accordion/WishlistTest.php,5d12f935362dde39c3eed088ae5049f6f5adfe3d432bb9e68c96a92ba07d8755,1772
dev/tests/integration/testsuite/Magento/AdvancedCheckout/Block/Adminhtml/Manage/AccordionTest.php,bfb2643288506a338883e58b4580a29e2d35ca3e1da691e0af2f7c6ab77f3138,3778
dev/tests/integration/testsuite/Magento/AdvancedCheckout/Block/Adminhtml/Manage/ItemsTest.php,7a4f1b8ab0205cb6bf02ee4fe761302ce147e28d3216f46dcc786d30110fda91,5883
dev/tests/integration/testsuite/Magento/AdvancedCheckout/Block/Adminhtml/Manage/LoadTest.php,433d8a7b08827404619a04b00844777a7a1e24b2a1401f9e40d5f658a8f662dc,2077
dev/tests/integration/testsuite/Magento/AdvancedCheckout/Block/Adminhtml/Sku/Errors/Grid/Description/AbstractConfigureButtonHtmlTest.php,d780efeb0414e33b74b56f210061f8950e7d77dd3dfbdd5ee2fd284bcb564fda,2279
dev/tests/integration/testsuite/Magento/AdvancedCheckout/Block/Adminhtml/Sku/Errors/Grid/Description/ConfigureButtonHtmlTestCompositeProduct.php,a63598c2b8e3fb97a2a3e1f90c6aee0dc1cb98b3c985b7486ad42d6a59e1a750,1690
dev/tests/integration/testsuite/Magento/AdvancedCheckout/Block/Adminhtml/Sku/Errors/Grid/Description/ConfigureButtonHtmlTestSimpleProduct.php,497fbaca45c97c90da449f7d9d20df73ee6ea1bfb5248bb6fa4736c99457b4fd,1009
dev/tests/integration/testsuite/Magento/AdvancedCheckout/Block/Adminhtml/Sku/Errors/Grid/DescriptionTest.php,78415916191dcf9277263dc8b3d6d290a7d4acbf8b3abaa3edb9f3c099c4ade8,1647
dev/tests/integration/testsuite/Magento/AdvancedCheckout/Block/Customer/LinkTest.php,64cce5d097dba23a8f0a552e11312749fb84d74acb5335fd58834f47cc41effc,3131
dev/tests/integration/testsuite/Magento/AdvancedCheckout/Block/Sku/Products/InfoTest.php,2d121f8be68260f8fce57b88c6c61b5fc241e3578279a21fe630dfc997b7d4ac,6234
dev/tests/integration/testsuite/Magento/AdvancedCheckout/Block/Sku/ProductsTest.php,103f1a923c442ad839ce2edb39ad0f2d56a1a8676ac0f8755859c4e8d142c0dc,1437
dev/tests/integration/testsuite/Magento/AdvancedCheckout/Controller/Adminhtml/Index/ConfigureProductToAddTest.php,535ba7e525f9debc3d1c1d229229f822187ef5f5756e9c2bbd45f8b4d61e686b,2909
dev/tests/integration/testsuite/Magento/AdvancedCheckout/Controller/Adminhtml/Index/LoadBlockTest.php,e8e3751a03a022f86f907fb8da76e0de5bedf6cb90ddf869f636db5507856745,8650
dev/tests/integration/testsuite/Magento/AdvancedCheckout/Controller/Adminhtml/Index/UploadSkuCsvTest.php,e788f3a209eb1b32a4004d0bad76c9a5e04b491997a9f5c3d9398c466b7e493a,5969
dev/tests/integration/testsuite/Magento/AdvancedCheckout/Controller/Adminhtml/IndexTest.php,342b411635b83ddc07e8aabe57ab4bd4270cee2e195b61692192544971130780,703
dev/tests/integration/testsuite/Magento/AdvancedCheckout/Controller/Cart/AdvancedAddTest.php,7c00b9167c63dcadbbd2e94e9852dced720b970047a1f651c3517b4a60349ec6,4258
dev/tests/integration/testsuite/Magento/AdvancedCheckout/Controller/Cart/RemoveAllFailedTest.php,51a7f59d788c1b1120de0e22f12e045955b16e7aa40096624324b4656fcbfb6f,711
dev/tests/integration/testsuite/Magento/AdvancedCheckout/Controller/CartTest.php,9240c388c00c5b2a7263c3a8a3453dcf7ee565177b6fa96ff4fe927720bc1b96,6900
dev/tests/integration/testsuite/Magento/AdvancedCheckout/Controller/Sku/UploadFileTest.php,3dd4f6da6ae508a6419475a3c61348d6ba3ae69b057d96c525c930c71761dcd4,8334
dev/tests/integration/testsuite/Magento/AdvancedCheckout/Helper/DataTest.php,50ddff66dbd912f2b3e3979596f22af810ded932d67ad84e204aa17940641e41,5225
dev/tests/integration/testsuite/Magento/AdvancedCheckout/LayoutTest.php,a0e76ef70cabd4ea69841d6b968fa0686c537d9928fa0e7bb8fe8cf59516aeb5,865
dev/tests/integration/testsuite/Magento/AdvancedCheckout/Model/AdminCartTest.php,f5694fb4eb7684d63dc99ff792b00dee599304b2f4ec700887a697e72de278ca,2432
dev/tests/integration/testsuite/Magento/AdvancedCheckout/Model/CartTest.php,316a27e66aeddf831acbe7500aa48ea8b33a8cef9cb42a377aa32fa69c7b82fc,8108
dev/tests/integration/testsuite/Magento/AdvancedCheckout/_files/image.jpg,b7ab97dc36bce603a435c012f2fcdf0a2baef3dbe95f165bb153e331ce104f07,13353
dev/tests/integration/testsuite/Magento/AdvancedCheckout/_files/order_by_sku.csv,6acb98a4c4a83f66f8de1a2139a3b2468503776a03faa94bfe597285332d4ffa,37
dev/tests/integration/testsuite/Magento/AdvancedCheckout/_files/product_gift.php,b5781bcc9745683dac58368094cd33cbeeff6b71914a92857d7f6f5b8d136940,1821
dev/tests/integration/testsuite/Magento/AdvancedCheckout/_files/quote_with_gift_card_product.php,8d96ab1aff14c97b727553ff2edee2f7242cd6da2563395568c54dbf69b96b98,1705
dev/tests/integration/testsuite/Magento/AdvancedPricingImportExport/Model/Export/AdvancedPricingStagingTest.php,0bf5c32c4ece97ee5512f6042e197011450ea06be9f6f8e3e282f468db2a5603,602
dev/tests/integration/testsuite/Magento/AdvancedPricingImportExport/Model/Import/AdvancedPricingStagingTest.php,3ff7bb73c872c8338d08e880698c7a6c7a55a0bbf7c981d1fcdd059d4f6fefc2,1548
dev/tests/integration/testsuite/Magento/AdvancedSalesRule/Model/Indexer/SalesRule/Action/FullTest.php,c0ee100aa1e4228be1793cdf4465cc5e88392a31ac5679e781fdb4ecb0f132d9,3781
dev/tests/integration/testsuite/Magento/AdvancedSalesRule/Model/Indexer/SalesRule/Action/RowsTest.php,a7c9727737d8ac7ee155e46d974b0ffebe7aa85dba12e482977c4c122b1f2c79,3823
dev/tests/integration/testsuite/Magento/AdvancedSalesRule/Model/Indexer/SalesRuleTest.php,6ac721936a7d2643db5ab92167a0983ca89f5e2a1ecda15216a0f8cdfec71b68,12532
dev/tests/integration/testsuite/Magento/AdvancedSalesRule/Model/Plugin/RuleTest.php,624e032379d5da0598681c7dbde3f02aa115c4854d009d13a6e07a66f0a7b104,23133
dev/tests/integration/testsuite/Magento/AdvancedSalesRule/Model/ResourceModel/Rule/Condition/Filter/CollectionTest.php,f6f173b10c270146b0da37eed03be4a217317e8c8a2809982a706944b093ac16,1700
dev/tests/integration/testsuite/Magento/AdvancedSalesRule/Model/ResourceModel/Rule/Condition/FilterTest.php,a58edb99ae35414a3d40d8b83ed933ad3fc64371d05b49fe318ff7b471a1bc66,10113
dev/tests/integration/testsuite/Magento/AdvancedSalesRule/_files/delete_salesrule_filters.php,38b49ff36acde4edeedd530f39fa2a97688a96c19a83f29f5c271a65392c0d55,551
dev/tests/integration/testsuite/Magento/AdvancedSalesRule/_files/salesrule_indexer_on_schedule.php,a28487772384530150ed3fc3b0993a3d93ee08bd5d7601a6a48c659ce9775690,395
dev/tests/integration/testsuite/Magento/AdvancedSalesRule/_files/salesrule_indexer_on_schedule_rollback.php,2a773e9814d04f0ae02e546c5b3b76938750e091694df322ac30a5ee17be906d,396
dev/tests/integration/testsuite/Magento/Banner/Block/Adminhtml/Banner/Edit/Tab/ContentTest.php,eb42b3379f77d3cb8a30c12661bad2ef45d00cb6df99df0247d94d9023430db8,689
dev/tests/integration/testsuite/Magento/Banner/Block/Adminhtml/Banner/Edit/Tab/Promotions/CatalogruleTest.php,a7406559c9483d91dddf2ca19d662a95e8d9f4e9c68b637c315aad494ea157be,1361
dev/tests/integration/testsuite/Magento/Banner/Block/Adminhtml/Banner/Edit/Tab/Promotions/SalesruleTest.php,5f5256413ac7a410fc45b47db5bd7fe0da4c7f0a3c108d7eb425b189136b7e7b,2186
dev/tests/integration/testsuite/Magento/Banner/Block/Widget/BannerTest.php,4ba2862107d70b9ffa0553251a54dc81b388b7fe8dd927639ba717689a58620e,934
dev/tests/integration/testsuite/Magento/Banner/Model/DataTest.php,b76b34cb4506dc9b2864635e4d96a1a081ba26c7e0949378465a2cbe558179dd,1717
dev/tests/integration/testsuite/Magento/Banner/Model/ResourceModel/BannerTest.php,aae65f0711c9db20bf1aea90a19038bada3e5eb3769065b49db4e6274f1e158b,5452
dev/tests/integration/testsuite/Magento/Banner/Model/ResourceModel/Catalogrule/CollectionTest.php,151e4d71deb530925b8c45abdefb8bb12c0b63404ae7538698845fdbff444a55,2666
dev/tests/integration/testsuite/Magento/Banner/Model/ResourceModel/Salesrule/CollectionTest.php,6fbf9a27c8942940eaad7832589c97cc23f621cec1d10896f064c1663f34cbb4,2564
dev/tests/integration/testsuite/Magento/Banner/_files/banner.php,f3833de6a2bebb0abca73be7107ea900b8c6c7b7fc8d972105fcfbc38bf66a3c,532
dev/tests/integration/testsuite/Magento/Banner/_files/banner_catalog_rule.php,7fb9dce534d62f8dab0619e6f03c0af39b21b2a85217402b7060f7db729bd188,762
dev/tests/integration/testsuite/Magento/Banner/_files/banner_catalog_rule_rollback.php,a639abfb030fdd467b358a0d4ab076646487d57993046802640332778577dd17,379
dev/tests/integration/testsuite/Magento/Banner/_files/banner_disabled_40_percent_off.php,819e11bb924d6e1466018159378d461d3ea86305655162e0d45f4b4ba20e9e2d,1147
dev/tests/integration/testsuite/Magento/Banner/_files/banner_disabled_40_percent_off_rollback.php,804f32159644ab809f892d09f4f0de7a221645a6f071774b7f7db30d80b33f8d,886
dev/tests/integration/testsuite/Magento/Banner/_files/banner_enabled_40_to_50_percent_off.php,092f521613fda88993cdcd0681cecd67bdc9ecad02071f0c774d686bacc1f060,1562
dev/tests/integration/testsuite/Magento/Banner/_files/banner_enabled_40_to_50_percent_off_rollback.php,f59a62535223a542194a1d924c4efcee1a68973f77fb64d6347cea031d04d517,1009
dev/tests/integration/testsuite/Magento/Banner/_files/banner_rollback.php,6ee5bd9344aeaab4c36bc5e736576362fa39189bac6356507ef2ac7552de4da3,700
dev/tests/integration/testsuite/Magento/BannerCustomerSegment/Block/Adminhtml/Banner/Edit/Tab/PropertiesTest.php,5d178d8e75ee2c3a3fb7c1725d470542a36d71d3349fc6f703133132aa7afcee,3857
dev/tests/integration/testsuite/Magento/BannerCustomerSegment/Model/ResourceModel/BannerSegmentLinkTest.php,bb147556c2aa5b174d1f2f55a102930ab9f4f1d893602c8ca537c36438b21d59,5599
dev/tests/integration/testsuite/Magento/BannerCustomerSegment/_files/banner_40_percent_off_on_graphic_editor.php,cf81480a3bddacf2daa15e1c8276ec7decede635d4e5f6327e83e4ed3585cb27,1381
dev/tests/integration/testsuite/Magento/BannerCustomerSegment/_files/banner_50_percent_off_on_ide.php,7d07e389315a0a76a1ec9bfa8f715bf85b0377c180c48028cdd2b47557d067a7,1466
dev/tests/integration/testsuite/Magento/BundleImportExport/Model/BundleStagingTest.php,a90c70a444bdbacc3982a9f91db7cabb39df0065cd118100ded35e1c8d838e96,725
dev/tests/integration/testsuite/Magento/BundleStaging/Pricing/Adjustment/StandardSelectionPriceListProviderTest.php,ea88d1fad1aef5aa701effd1aee7f841b4ac6ea21f9195eb204614e11f493b76,1972
dev/tests/integration/testsuite/Magento/BundleStaging/UpdateTest.php,6f354aff5d87a34d8f4d8f8ba1c00a6777ad8347381934a844f08f65082744c2,2363
dev/tests/integration/testsuite/Magento/CatalogEvent/Block/Adminhtml/Event/Edit/FormTest.php,76b78c6f3d5f03bb3bff447381a035676f1c5c634049202ddebd2a67fac24ff8,2035
dev/tests/integration/testsuite/Magento/CatalogEvent/Controller/Adminhtml/Catalog/EventTest.php,16376fcb93b9a61acbfcc51deea2618eca389d2ab30e1060e283a2bf8eaee19e,1400
dev/tests/integration/testsuite/Magento/CatalogEvent/Controller/CategoryTest.php,a12044a44ee9fff07347fe75ad3b688ac6bc521c1d1d69068c859e94a764b8ce,1460
dev/tests/integration/testsuite/Magento/CatalogEvent/Model/EventTest.php,4cc0ab233a92aea6a1a4e76ae3134c914f0388f09fe7179b7ca82a71cd2360fa,1403
dev/tests/integration/testsuite/Magento/CatalogEvent/Model/ResourceModel/Event/CollectionTest.php,8bdd1f44b398285799e1687416cd03a07ca9a7630d41e59b1b61da57a6bdfb9d,5323
dev/tests/integration/testsuite/Magento/CatalogEvent/_files/category_event.php,dd2d00c109ce720b37e000c42f51c094417d5411fc3de1a99a8105c8fd239c1e,453
dev/tests/integration/testsuite/Magento/CatalogEvent/_files/events.php,78630b411c604a5fa0af5f53d7503de1c30c53f33f85f56a2f9f85c4311f19aa,1784
dev/tests/integration/testsuite/Magento/CatalogImportExport/Model/ProductStagingTest.php,0bf6365eafaec65707f529fa92b5057022f90b093521eb667253cacdfc321119,637
dev/tests/integration/testsuite/Magento/CatalogImportExport/Model/Version.php,22942f9e6aba8678ccfff7ec1849052e518a38d4cecd76b25086b050888f3358,5944
dev/tests/integration/testsuite/Magento/CatalogPermissions/Controller/CategoryTest.php,753b303c802fd25e70019f3418d58fbd275a9aacdd0a847d18450b86a5b680c8,8146
dev/tests/integration/testsuite/Magento/CatalogPermissions/Controller/ProductTest.php,e21f8793e59d4d159a92e080ae90608d7d3471cac8e58024ef542c77716f1bd3,2629
dev/tests/integration/testsuite/Magento/CatalogPermissions/Model/Indexer/Category/Action/RowsTest.php,3325e01cb387a66c352cc0fd7fb7a4fcf77abdc8d9555e572955a347fd057c41,3733
dev/tests/integration/testsuite/Magento/CatalogPermissions/Model/Indexer/CategoryTest.php,f0e625f3a7932659b92386256bd8e9733470953fb62b6fcc6997e50d2eeb5d28,12701
dev/tests/integration/testsuite/Magento/CatalogPermissions/Model/Indexer/Plugin/CategoryTest.php,eb5942de35c7850af3d20068f3925864a40cbaa7ac09fc94ef04399640156727,4171
dev/tests/integration/testsuite/Magento/CatalogPermissions/Model/Indexer/ProductTest.php,31cf73c8a7e7f36a7a2bc38cae3d1d2246e9913156218469f99b4da3e75c68c7,2985
dev/tests/integration/testsuite/Magento/CatalogPermissions/Model/Permission/IndexTest.php,f9df202cffff16c20be8bae183e6f7dd7c1219ffb4ba3a322c63c28e35694073,29364
dev/tests/integration/testsuite/Magento/CatalogPermissions/Model/Plugin/Theme/Block/Html/TopmenuTest.php,c79c2c4f6d8a5c9c54e275e1eea95c313a07775cbe4b94027b5cd6b2b42bff2a,1956
dev/tests/integration/testsuite/Magento/CatalogPermissions/Observer/ApplyProductPermissionOnCollectionObserverTest.php,279230795bc2c719115765e19883453db5eae021a8d5ed3f29360750fe897afe,4499
dev/tests/integration/testsuite/Magento/CatalogPermissions/_files/additional_permissions.php,69e51fabb10175f22c1815ae05c0dd1e94a638106920594d5280285c85b8c6d9,875
dev/tests/integration/testsuite/Magento/CatalogPermissions/_files/additional_permissions_rollback.php,152440543028b3f83efad8145ff2069bf35780e5d543b7bd1d0520a9fb5908c6,728
dev/tests/integration/testsuite/Magento/CatalogPermissions/_files/category.php,18dc04309e467ba1133da1903e0008f40866fe28cca3ade5bf45382214bb2255,1054
dev/tests/integration/testsuite/Magento/CatalogPermissions/_files/category_configurable_products_deny_variant_for_guests.php,4d55e9066e2cab760be2e96078a76f2c70ac73b1e979da4790ee5094b669f608,1594
dev/tests/integration/testsuite/Magento/CatalogPermissions/_files/category_configurable_products_deny_variant_for_guests_rollback.php,d905ffad06d2c7744e0f7e0bf037276912be5c9d6d55812e744a7126c1895adc,559
dev/tests/integration/testsuite/Magento/CatalogPermissions/_files/category_products.php,843d2c602d608da40f145463c00637f057ec8e5794b96af176519a4d84221915,2979
dev/tests/integration/testsuite/Magento/CatalogPermissions/_files/category_products_deny.php,7c437f654a49f331bf43a7e323752110bc0691fd7d779f91f98ec96edd8f43bc,2937
dev/tests/integration/testsuite/Magento/CatalogPermissions/_files/category_products_deny_for_guests.php,15fef0ee5e22d93d3dbc9680fd53a33132cc452086ae1ff5eb0c63015c4a98a4,2629
dev/tests/integration/testsuite/Magento/CatalogPermissions/_files/category_products_deny_for_guests_rollback.php,725e5b7673ce8b80c37e255cf491da64ad54816dc1c08df3c03a1652453d0823,1295
dev/tests/integration/testsuite/Magento/CatalogPermissions/_files/category_products_deny_rollback.php,ed1580b51d7dc245a606ecbee2eef40402210025fc51d658e89a10ba7bf89964,1180
dev/tests/integration/testsuite/Magento/CatalogPermissions/_files/category_products_rollback.php,48556339aa57d53762209e91bc047acd65e8aba70eef219142591be89e1cb025,1093
dev/tests/integration/testsuite/Magento/CatalogPermissions/_files/category_rollback.php,51e753ddf5c04e36e40cc71cc75890214fa7a171f7e1628edee2c79a4e96bc01,822
dev/tests/integration/testsuite/Magento/CatalogPermissions/_files/category_with_permissions.php,774baba006fd1ce3455611f69361a4c4641871f2858ea7b1ae567b0384e688f5,1198
dev/tests/integration/testsuite/Magento/CatalogPermissions/_files/category_with_permissions_rollback.php,38e93556eb82bffab26e3f82ac5f46c3907110a91121f0e65382189d2e3c05dc,289
dev/tests/integration/testsuite/Magento/CatalogPermissions/_files/enable_permissions_for_specific_customer_group.php,1ba339b2ba3c752ae9f4de979ab2e62be03e9a8a51cffba0bc6c94630f1fa826,1003
dev/tests/integration/testsuite/Magento/CatalogPermissions/_files/enable_permissions_for_specific_customer_group_rollback.php,268afeca41e6a2aeb682d7dbd08fae7ec6ba97beeeb54a83b29ae044375aa82f,1003
dev/tests/integration/testsuite/Magento/CatalogPermissions/_files/permission.php,16dba324c71495d04cd9e9f75eaa3a0778f68dbbeeed422c48e5df9f6e865b8c,4067
dev/tests/integration/testsuite/Magento/CatalogPermissions/_files/permission_rollback.php,30052c5139985410cb8e1813635d20f62e446a6ea01b806155ce0c3f392adc81,1379
dev/tests/integration/testsuite/Magento/CatalogPermissions/_files/product.php,e4286135909872d5b73403c23bca76b02fc6813aa380f0f8a47381a3cb4ee27b,1793
dev/tests/integration/testsuite/Magento/CatalogPermissions/_files/product_rollback.php,f2f2547aa7e08392eb15a6ab153c340f6c4009a0c29c6dc5c1054c8a5ec40f7f,680
dev/tests/integration/testsuite/Magento/CatalogPermissions/_files/reindex_permissions.php,badf1ceea7686df0c20e76019a6709de113795abd396f708cf7351fca27adf8f,412
dev/tests/integration/testsuite/Magento/CatalogRuleStaging/Model/CatalogRuleApplierTest.php,96b346f1ac2c80d75cc913c4b5c7e225d35b366b01c1fb5af51fc82978c93819,1757
dev/tests/integration/testsuite/Magento/CatalogRuleStaging/Model/Rule/HydratorTest.php,c2a41b0a3fa5a8c7ceb804b83a50885255e9538df03bf1438c7e459565ca76c4,2261
dev/tests/integration/testsuite/Magento/CatalogRuleStaging/Model/Update/Grid/SearchResultTest.php,e88cbb7446229d57ba7d5dde580005613f3d173c479287f1612ed373ea5b4fce,2257
dev/tests/integration/testsuite/Magento/CatalogRuleStaging/_files/catalog_rule_10_off_staged.php,6dddad51ce59857747060f877127ebb8dc26fa05ca6cf70eb410451951699dbb,1864
dev/tests/integration/testsuite/Magento/CatalogRuleStaging/_files/catalog_rule_10_off_staged_rollback.php,ce759db950ffe579a2107e95292b9f89dc4ae4c44c7598187eb09b77d68af05b,1273
dev/tests/integration/testsuite/Magento/CatalogRuleStaging/_files/catalog_rule_and_update.php,bb5055b6d2d37acbebba008ed0747da5e2d3d0b2b1cc668cb1f8a46e17e1d962,227
dev/tests/integration/testsuite/Magento/CatalogRuleStaging/_files/catalog_rule_and_update_rollback.php,1dcb66d5c769f34275da71539174efceb62346452e50a8ae4cda2862f13c81e9,826
dev/tests/integration/testsuite/Magento/CatalogRuleStaging/_files/catalog_rule_creation.php,eb4cf6f9362a45a9dc16de0213d0a58461f70c34a61de249b46a30a3c937f881,1910
dev/tests/integration/testsuite/Magento/CatalogRuleStaging/_files/catalog_rule_for_category_ids_staged.php,938931b57e862adf695246dedb09056b680b6a327b31cd717f67f5bdfec19186,2491
dev/tests/integration/testsuite/Magento/CatalogRuleStaging/_files/catalog_rule_for_category_ids_staged_rollback.php,7b11e29b4d64aaaf719e5d7c44edd220be4d3f2ac806fbd9c3dfc0cd6607dd5e,1322
dev/tests/integration/testsuite/Magento/CatalogRuleStaging/_files/two_catalog_rules_with_updates.php,7e2f4d71fee4089ec22ead601286787a5b66c0cc21a5b413dfeee75aa41d1b6c,284
dev/tests/integration/testsuite/Magento/CatalogRuleStaging/_files/two_catalog_rules_with_updates_rollback.php,ab99330e19622e8a294c59b98b66ec02b4357471dbb41ce93fadb995a7c10b52,315
dev/tests/integration/testsuite/Magento/CatalogStaging/Controller/Adminhtml/CategoryTest.php,4bdb1fb2f9ba39c478476a7cd38a239858f60ce393ab3da1a1bbe2b03c535710,13871
dev/tests/integration/testsuite/Magento/CatalogStaging/Controller/Adminhtml/Product/BundleTest.php,4327468acf219ecc46446597c14dded7200446c06398e7b395d8e0b4cfaa676d,11700
dev/tests/integration/testsuite/Magento/CatalogStaging/Controller/Adminhtml/Product/SaveTest.php,503aaecbd09819f8e0bdaf26ef1e065bc24c7a05980a597f7b184bcb3e92fd03,10583
dev/tests/integration/testsuite/Magento/CatalogStaging/Controller/Category/ViewTest.php,bca8a0b9eb97f270cc320c6a09aa7cc85803263b2399a7b7001d34ed048c008c,1794
dev/tests/integration/testsuite/Magento/CatalogStaging/Model/CategoryTreeTest.php,6a680813f260141f663c176faf5ddfaaf659790b959defc626a560804580ed81,7858
dev/tests/integration/testsuite/Magento/CatalogStaging/Model/ResourceModel/CatalogCreateHandlerTest.php,5ec294bd53528acea36cdd2a27e4cd09f5d7deb55d9c5a260563714fb270935a,2510
dev/tests/integration/testsuite/Magento/CatalogStaging/Model/ResourceModel/Product/Price/SpecialPriceTest.php,949b79698b43e8f9fa4998765d8c2373a081268f99aac692ee3ae70e8379a2d9,3861
dev/tests/integration/testsuite/Magento/CatalogStaging/Model/ResourceModel/Wishlist/Item/Collection/GridTest.php,bb01d42cd82a63f3de15baa9fe8254690d3b58e899b48a10bad6b5bb137db675,2413
dev/tests/integration/testsuite/Magento/CatalogStaging/Plugin/Helper/Product/Edit/Action/AttributeTest.php,2949713d50651d79ba5a600a14598a79dac3dbcd200e175aa40429b1add9d5c9,1321
dev/tests/integration/testsuite/Magento/CatalogStaging/_files/apply_version.php,2efd930e745a544294429b6c04ad9286428c4546d01af1ce5d102fb3084adc37,370
dev/tests/integration/testsuite/Magento/CatalogStaging/_files/apply_version_rollback.php,8f89463259a47a2b46ce457491197d289b5d65ff01643a50e235ed6509cc881f,410
dev/tests/integration/testsuite/Magento/CatalogStaging/_files/bundle_product.php,a1e6be921bade19643d4f5d40c8aff7d311d16280d3bbb0365823e1483a65201,3715
dev/tests/integration/testsuite/Magento/CatalogStaging/_files/category_staged_changes.php,4f3743da8ee646bb4e9cc4228d52594277f75f993e7e582eb2fb92a680a37a2b,2408
dev/tests/integration/testsuite/Magento/CatalogStaging/_files/category_staged_changes_rollback.php,b8762bf8be1d71bf62c0bdbec5f5b4a06df04281538a368ac057587190e9b681,2132
dev/tests/integration/testsuite/Magento/CatalogStaging/_files/category_with_staging_update.php,8189892d4fc586c503e3e74c43fb733046e5426c7c091f3d3f6358fe131bc174,1966
dev/tests/integration/testsuite/Magento/CatalogStaging/_files/category_with_staging_update_rollback.php,980fad69ff19ece76cd8496e41b1ecb460a0c6522648fe26040ff4d9b45b93f3,1865
dev/tests/integration/testsuite/Magento/CatalogStaging/_files/configurable_attribute.php,9f59c3513c88ed89584599ef31e6c7be99e2591f0f5d58520ea2217dd930a598,2206
dev/tests/integration/testsuite/Magento/CatalogStaging/_files/configurable_attribute_rollback.php,4f179c26fe3b1d3e7b1cf33849220c05a868279a51dd0fba3908bff5ee26a0a6,790
dev/tests/integration/testsuite/Magento/CatalogStaging/_files/configurable_product_staged_changes.php,381037835063abec41c99e0b58177e5ccdce51497f005f41956cd98ed2f95078,4821
dev/tests/integration/testsuite/Magento/CatalogStaging/_files/configurable_product_staged_changes_rollback.php,14ee5970fcb3a1784a62666a2fa0d9d46f4c0bbbaa773b26fc09b8ec56141a3f,3239
dev/tests/integration/testsuite/Magento/CatalogStaging/_files/configurable_products.php,09894ee61bf1720ef423b826290b3baa7cb8e8d3a8df5250aae0fa892318e307,6853
dev/tests/integration/testsuite/Magento/CatalogStaging/_files/configurable_products_rollback.php,eaf398f4c14b1cc608f38d5069140c6e28ab3ce0511971f0d0d81f253c867513,1701
dev/tests/integration/testsuite/Magento/CatalogStaging/_files/disabled_categories.php,7c6db582cbf989fb09aa17dcd6f8c78f8686f540ddc3acc95833e4774bf5700d,1744
dev/tests/integration/testsuite/Magento/CatalogStaging/_files/disabled_categories_rollback.php,acdd2de0d9064d9d044b41ed78d59f23b4def3a3211ef1e8970598c43202ccb3,1743
dev/tests/integration/testsuite/Magento/CatalogStaging/_files/disabled_category_staged_for_update.php,9d017e453f2b346c7c8ea67e60292b8c75607344a67345cd461dd1f0ba4dd361,1768
dev/tests/integration/testsuite/Magento/CatalogStaging/_files/disabled_category_staged_for_update_rollback.php,82543deb87ef890a29b43cd3ae5077d6c401131a1ab221d1f33ffb6a40b9bc9e,1450
dev/tests/integration/testsuite/Magento/CatalogStaging/_files/disabled_simple_product_staged_for_changes.php,b96699faee70c7551fdf88de6b725f2825f06c93581da9cde07a83af0e0369ef,3186
dev/tests/integration/testsuite/Magento/CatalogStaging/_files/disabled_simple_product_staged_for_changes_rollback.php,dc1f4f72fdc2acb8d1208d375d7f509dff858ea98435d4733efd7d0e0e5cfd6a,2334
dev/tests/integration/testsuite/Magento/CatalogStaging/_files/simple_product.php,bf057e4acfda55885c89af11ba1498ce1564c8c6cd664381066647b9b218e511,1308
dev/tests/integration/testsuite/Magento/CatalogStaging/_files/simple_product_staged_changes.php,0f314b3e0b2f8bf08f70ba802a840f20050f998c709514afa09fe3faade20edb,2191
dev/tests/integration/testsuite/Magento/CatalogStaging/_files/simple_product_staged_changes_2.php,02419ba7ef9e5c7209516561eb7dd19ca21acca545f0aa50feadac09c27c2741,2251
dev/tests/integration/testsuite/Magento/CatalogStaging/_files/simple_product_staged_changes_2_rollback.php,8fde55c44fd39d45d8813a236a311a4fb6ef2cd7fa651adb6db44c2cef118cc0,1561
dev/tests/integration/testsuite/Magento/CatalogStaging/_files/simple_product_staged_changes_rollback.php,d8075dd574fdb560f76d42c210d44ef1f7333b8d7956387085d22c6e8fb1aeb9,1518
dev/tests/integration/testsuite/Magento/CatalogStaging/_files/simple_product_staged_changes_second_store.php,207ff8c91ee921479a716cf17a32126bd8eee473d884602925f32c36ada33fa8,4098
dev/tests/integration/testsuite/Magento/CatalogStaging/_files/simple_product_staged_changes_second_store_rollback.php,c72e5b4001d8877806301d88a75a11c6a0b4bf7f835a29d59713c1d588eb3133,1967
dev/tests/integration/testsuite/Magento/CheckoutAddressSearch/Model/AddressSearchTest.php,ab05d1000656600d781bec97c51f6d7aab15b1be8ebb580a49d4cd83bd852394,6044
dev/tests/integration/testsuite/Magento/CheckoutAddressSearch/_files/customer_with_addresses.php,6db2e634ee5b9c4c4297ad9769f8470edd524475937a3c831dda8ee9c4b8e703,3395
dev/tests/integration/testsuite/Magento/CheckoutAddressSearch/_files/customer_with_addresses_rollback.php,f95399e7b4593576713d9e5451b35eab4ed83d04a3186a207c7cdd3f984a5758,1646
dev/tests/integration/testsuite/Magento/CheckoutStaging/_files/quote_with_check_payment.php,7d8d1a3c55632f2ddef98eb64a190d234a0de705967380c398952d8957855d6a,740
dev/tests/integration/testsuite/Magento/CheckoutStaging/_files/quote_with_check_payment_rollback.php,feccdb93717eba668a73264b4b4ef8784f6f717a31223953d7463a2313a6fd74,719
dev/tests/integration/testsuite/Magento/ConfigurableImportExport/Model/ConfigurableStagingTest.php,88bc94799b8c1dcd9e207d1b972fe6b956f27226d105c39dc115cabbadc64656,748
dev/tests/integration/testsuite/Magento/Customer/Controller/Account/CreatePostWithAttributeTest.php,8e091f11953ea5844c10aa721b515310e994c7cf2a671787b9823ee6dae2db2f,3567
dev/tests/integration/testsuite/Magento/CustomerBalance/Block/Account/BalanceTest.php,1976c7f1507bb2464fc918fa1f6d4d9b0d3a1c58a425aca73af2b7495fd66c32,2688
dev/tests/integration/testsuite/Magento/CustomerBalance/Block/Account/HistoryTest.php,43a8ce10b1854077268190bd713c9efc6a4fdac9aa458ed0650a78cbc449f8bc,4809
dev/tests/integration/testsuite/Magento/CustomerBalance/Block/Account/LinkTest.php,3cffd6960072ea7f220fe8587892da252e244336b2fc7fd1a62f228af917f8de,2058
dev/tests/integration/testsuite/Magento/CustomerBalance/Block/Account/WrapperTest.php,bc2b4514a06ec6f60aa98aefcd1d10d15a54d2e1d127d28d31aabdf7169adc48,1916
dev/tests/integration/testsuite/Magento/CustomerBalance/Block/Adminhtml/Customer/Edit/Tab/Customerbalance/Balance/GridTest.php,43642ac3f67424b5dee870c61f55025760785693c66d29ec6174a485697b767c,1967
dev/tests/integration/testsuite/Magento/CustomerBalance/Block/Adminhtml/Customer/Edit/Tab/Customerbalance/Balance/History/GridTest.php,a18ce74b79f926ce7d28cc45aab37732f7f867248f145cf369771dacd746fb3e,1999
dev/tests/integration/testsuite/Magento/CustomerBalance/Block/Adminhtml/Customer/Edit/Tab/Customerbalance/BalanceTest.php,f0e182facfcbcb8dff29119d5525dfa7d5f662dece03f1e60b51095ff7b11460,1636
dev/tests/integration/testsuite/Magento/CustomerBalance/Controller/Adminhtml/Customerbalance/DeleteOrphanBalancesTest.php,469c490f7877bf36529ed267e39e8636c222ec73d2ca5be41b3e23db9ee8f984,1497
dev/tests/integration/testsuite/Magento/CustomerBalance/Controller/Adminhtml/PartialRefundTest.php,2b5d27bcee1011da76434539c908e11fc9e941e9d9e6a86d6036d3a42398c511,2858
dev/tests/integration/testsuite/Magento/CustomerBalance/Fixtures/creditmemo_customer_balance.php,0783fa25fd67cf530ef52c946366a942d7714fbf294ecd335b8bbbdc55673b4d,2454
dev/tests/integration/testsuite/Magento/CustomerBalance/Fixtures/creditmemo_customer_balance_rollback.php,4b241c532a46255fcb7ac6f5a0f5152cc861010d29ab901216548dc71ebee462,1077
dev/tests/integration/testsuite/Magento/CustomerBalance/Fixtures/order_customer_balance.php,c2bed18e5a95fca2d8bfa5e3c577c4b7c26ed00229508068d892826f81ec0f80,3079
dev/tests/integration/testsuite/Magento/CustomerBalance/Fixtures/order_customer_balance_rollback.php,71cadbdc892a9b0fc437d4cf31c8da53e0bd3b0f8b8c8317f8e58c96f2239d73,1056
dev/tests/integration/testsuite/Magento/CustomerBalance/Model/Adminhtml/Balance/HistoryTest.php,57ac042932bb0fb72e38161d480da464b821f333422d508d99add122914d5548,2681
dev/tests/integration/testsuite/Magento/CustomerBalance/Model/Balance/HistoryEmailTemplateTest.php,09906c1b44dbca16e82de95e60a1a0a9ba4ce7665f39e5cbe06d30ac178388ad,6581
dev/tests/integration/testsuite/Magento/CustomerBalance/Model/Balance/HistoryTest.php,18afd717c02214894a711747355d89a89920114c46e34cc0b6024daa43eb5d3c,5803
dev/tests/integration/testsuite/Magento/CustomerBalance/Model/BalanceTest.php,9bbb0566bf54461b0cd964670d76aa487724c8017475b25fa78e534e0263961e,6150
dev/tests/integration/testsuite/Magento/CustomerBalance/Model/CreditMemoResolverTest.php,d33d3f46ce87f8b7f5e6c41dbd94b42bcf7701f7efcc3ba7410f45805a586630,4401
dev/tests/integration/testsuite/Magento/CustomerBalance/Model/CreditmemoFactoryTest.php,db8c6b59135c7cfafde6bd4c18d78b82c3f24af38309b6163ff1a1b731ba2342,4648
dev/tests/integration/testsuite/Magento/CustomerBalance/Observer/CreditmemoDataImportObserverTest.php,d7e28a30e9417fe489310334003e4880dec9da151f4ed4a228a953cdf9d15deb,4699
dev/tests/integration/testsuite/Magento/CustomerBalance/Observer/CreditmemoSaveAfterObserverTest.php,6c423c79925c753a7d95920e6039187d6309fb522d68b157ed142d337df7e1b2,4909
dev/tests/integration/testsuite/Magento/CustomerBalance/Observer/CustomerSaveAfterObserverTest.php,ac7e5e1cfefb1ed95339ad286697a32c6befff46721d80858448f9ee4cf0a6cf,3265
dev/tests/integration/testsuite/Magento/CustomerBalance/Plugin/Model/Quote/ResetCustomerBalanceUsageTest.php,73d202fe8a158da23b88b53a8c407c68f64661407525b5473a4230ae419ac528,1252
dev/tests/integration/testsuite/Magento/CustomerBalance/_files/creditmemo_with_customer_balance.php,59ff90ecb4fb7a5849c764565992a9d670caec1c47f4f04feea93a1448731d6a,1543
dev/tests/integration/testsuite/Magento/CustomerBalance/_files/creditmemo_with_customer_balance_rollback.php,9fb9c638f4c8264da396c8fb6de0be9775d461b4463928e5d6d49275e487e354,290
dev/tests/integration/testsuite/Magento/CustomerBalance/_files/customer_balance_default_website.php,29901fc7c7b1dcd6c84699904fab174c89902749d602d16f68e68bcaa16bf146,1475
dev/tests/integration/testsuite/Magento/CustomerBalance/_files/customer_balance_default_website_rollback.php,5b00f0e6203f3f92f8c7882c9d41a3240219da1a53af544abd83691343da6ac6,703
dev/tests/integration/testsuite/Magento/CustomerBalance/_files/customer_balance_without_website_id.php,e24e98cd4725e3653d375d06dd690114f99cf2520378fba8449dde07b67adc47,1194
dev/tests/integration/testsuite/Magento/CustomerBalance/_files/customer_balance_without_website_id_rollback.php,5fe5a3a8019ea6a60098c696efe08ecc7068b1192a1d4b7f0d46d536731eade1,290
dev/tests/integration/testsuite/Magento/CustomerBalance/_files/customer_balances_multiple_websites.php,59e86bd05bb342d422eee5b7e346e14da180b41cc45a8a77c63bc3db30fd27dc,4607
dev/tests/integration/testsuite/Magento/CustomerBalance/_files/customer_balances_multiple_websites_rollback.php,196eac5e1822320fc3238aa4c507f8ca9a558402c5780f6112cddf89812de9fe,1936
dev/tests/integration/testsuite/Magento/CustomerBalance/_files/disable_customer_balance.php,10fab694ce482ac47e0ace4f2d7f787dd5fca1ffef42c3392225c3c4a5482bbf,728
dev/tests/integration/testsuite/Magento/CustomerBalance/_files/disable_customer_balance_rollback.php,5c43ad14cdb7c911d917e9a9fddd81a6eb2c0a110338d8c6d4b84debbc0cb8f9,728
dev/tests/integration/testsuite/Magento/CustomerBalance/_files/disable_customer_balance_show_history.php,ec0811eaa00ead875e96f100a52293d25e3ac1894829690f0e33bfa332a07d2a,730
dev/tests/integration/testsuite/Magento/CustomerBalance/_files/disable_customer_balance_show_history_rollback.php,ee2faa30c6a16d6619975a97924486ad7f765a36d6ddaad068082ff11350b97d,730
dev/tests/integration/testsuite/Magento/CustomerBalance/_files/enable_customer_account_globally.php,14f339a2acb820b1ad36c49e2026af6d29e0bd26033de9fcfdffe844c4463d2f,626
dev/tests/integration/testsuite/Magento/CustomerBalance/_files/enable_customer_account_globally_rollback.php,b5c8db7cb89cb1e4e4901a2c0aa4be53c2123e9466c24da8657b415ee36a7cef,626
dev/tests/integration/testsuite/Magento/CustomerBalance/_files/history.php,50d8c246397f8eaac9f6cd5853da8aace5630a7dc3e89c0f046102ded53ef273,1581
dev/tests/integration/testsuite/Magento/CustomerBalance/_files/invoice_with_customer_balance.php,a42ab88c0a7667a666f74eb95a0eec4b880d6f9d9f24e422b06ce3d8c4ed505a,976
dev/tests/integration/testsuite/Magento/CustomerBalance/_files/invoice_with_customer_balance_rollback.php,9fb9c638f4c8264da396c8fb6de0be9775d461b4463928e5d6d49275e487e354,290
dev/tests/integration/testsuite/Magento/CustomerBalance/_files/invoiced_order_with_customer_balance_and_item.php,28063695159149baf89f7e8f8cf031eed32975adc9dbcb3a5e57c21be6284b5f,2635
dev/tests/integration/testsuite/Magento/CustomerBalance/_files/magento_customerbalance_info_index.xml,81b81c39ae4400a3979fa02439e3ef1aa1cae038f9c9cb3a187742f4030c8a76,762
dev/tests/integration/testsuite/Magento/CustomerBalance/_files/order_with_customer_balance.php,1f0968080c8f1f174b2c69b31e251efbc49ade743f6f3380c7f44123ed0433ca,3169
dev/tests/integration/testsuite/Magento/CustomerBalance/_files/order_with_customer_balance_rollback.php,9de109cd46ade41cec2e79d5c4b1a23a763a297b1949d94a352160dfea0b3d96,345
dev/tests/integration/testsuite/Magento/CustomerCustomAttributes/Block/Adminhtml/Customer/Address/Attribute/Edit/Tab/GeneralTest.php,ab57a154db187af0afb0d09078ab9dd9f06194474f9fc91074007ea81117f91e,2478
dev/tests/integration/testsuite/Magento/CustomerCustomAttributes/Block/Adminhtml/Customer/Attribute/Edit/Tab/MainTest.php,7fec24204ff46236404e8ea7bf6c4f2c77122d805f4045c691e97a5f590ec7b2,2376
dev/tests/integration/testsuite/Magento/CustomerCustomAttributes/Block/Adminhtml/Customer/Formtype/GridTest.php,5b11b68b8e1f2d836d86ded298820b8979522c3b9d9db860d9620b19ab89eeb7,999
dev/tests/integration/testsuite/Magento/CustomerCustomAttributes/Controller/Adminhtml/Customer/Address/Attribute/SaveTest.php,271bf1146177b5c21714ef5a9c4cf76e346a129a8935c8f94e0a7b00cd7bc8e9,8846
dev/tests/integration/testsuite/Magento/CustomerCustomAttributes/Controller/Adminhtml/Customer/Address/Attribute/ValidateTest.php,7b2f093c4d9f1cfd4c3f452fb4723f787597a14473612749395c0584524b13d6,4016
dev/tests/integration/testsuite/Magento/CustomerCustomAttributes/Controller/Adminhtml/Customer/Attribute/SaveTest.php,df61ac98484766fe750f1ad5af6cc7cc2e9e217d147c58965adf68c2bf11480e,3834
dev/tests/integration/testsuite/Magento/CustomerCustomAttributes/Controller/Adminhtml/Customer/Attribute/ValidateTest.php,06be1e07253a2d8473320077a4fbac5c5f03441df9385c953a29eefe638b8311,3984
dev/tests/integration/testsuite/Magento/CustomerCustomAttributes/Model/AddressAttributeTest.php,03f06770628073d4a86f5990b73dd56c3e8753e428858e0696aceb47d4d07dcb,3313
dev/tests/integration/testsuite/Magento/CustomerCustomAttributes/Model/Sales/Order/AddressTest.php,ca7bc2c9785c08b5ca4adf0e046a1a32aa053609220dfbc9932b9bf98fb93a15,1265
dev/tests/integration/testsuite/Magento/CustomerCustomAttributes/Observer/CoreCopyDataQuoteToOrderTest.php,d1e3ff9712f219cce97daf4fc6bb7aea23f718a49f03cc31ba0b09a1891a364f,3722
dev/tests/integration/testsuite/Magento/CustomerCustomAttributes/Observer/CoreCopyFieldsetCustomerAddressToQuoteAddressTest.php,1ec9e0de372321318a108693eaa712b76b9121e47731f376ac665f83daf13dae,3103
dev/tests/integration/testsuite/Magento/CustomerCustomAttributes/_files/address_custom_attribute.php,c3ef73aac7ff3338655e1fb4076f33022424491e5e089ae268525c5d88f73b22,3312
dev/tests/integration/testsuite/Magento/CustomerCustomAttributes/_files/address_custom_attribute_rollback.php,4a4fee1c1e837d3694281d8f424c66c894e8bfce25e2714853bd65f8b9f6e3ff,476
dev/tests/integration/testsuite/Magento/CustomerCustomAttributes/_files/address_multiselect_attribute.php,1861cdf5cf33c3a15c25d2945c9f264af526a0c2f1ef0a79b4a7dcb7e8bf9562,2274
dev/tests/integration/testsuite/Magento/CustomerCustomAttributes/_files/address_multiselect_attribute_rollback.php,744b0a33851caf6d6593e0d514c851eafb4fcf7759d98aca4526b251033155e8,395
dev/tests/integration/testsuite/Magento/CustomerCustomAttributes/_files/customer_custom_attribute.php,8d9c0e51896d1932bed93c25b54d0754751576a50e157018906da2020e08b0b4,3110
dev/tests/integration/testsuite/Magento/CustomerCustomAttributes/_files/customer_custom_attribute_rollback.php,755b9051464b82b6312098e1d8bb693f328cfa04dfa2c2850d7f442b763bed90,460
dev/tests/integration/testsuite/Magento/CustomerCustomAttributes/_files/customer_with_address_custom_attribute_in_grid.php,217bbbab0e4e125478182651246760dcb41b48f39625f7512b3bd47f401962e9,3867
dev/tests/integration/testsuite/Magento/CustomerCustomAttributes/_files/customer_with_address_custom_attribute_in_grid_rollback.php,d6268c4e00b92ac02d851bd3e423aff122bdbbfc700db1dc9d11346812d1789c,995
dev/tests/integration/testsuite/Magento/CustomerCustomAttributes/_files/customer_with_address_custom_attributes.php,cff1871526e4ee4bad1e5033d879418f95cb7f80fe3ab6b7b93fe6f003be2632,3114
dev/tests/integration/testsuite/Magento/CustomerCustomAttributes/_files/customer_with_address_custom_attributes_rollback.php,eb4829995aca182d3433b04145161b078c7ec2fb1c3b9f4916465e9d0ff64a0f,917
dev/tests/integration/testsuite/Magento/CustomerCustomAttributes/_files/customer_with_custom_attribute.php,a30e3cb73caca9a84d21014801e9204910f7ed6db39d59b4fac54c69e0405cfa,2950
dev/tests/integration/testsuite/Magento/CustomerCustomAttributes/_files/customer_with_custom_attribute_rollback.php,081e059ebd210a0f35765a1dce43510586c2bfc029cf69356ef8fdd6cf8ad073,920
dev/tests/integration/testsuite/Magento/CustomerCustomAttributes/_files/order_address_with_attribute.php,18a87401c3091ff1e93622cdb77e77e387a2bc411b63900e8f93812fa63f2a27,2358
dev/tests/integration/testsuite/Magento/CustomerCustomAttributes/_files/order_address_with_attribute_rollback.php,6052a2feed3932eacbc7a75ff5917a43140c0607c9bc51390f9203b9930dba1f,640
dev/tests/integration/testsuite/Magento/CustomerFinance/Helper/DataTest.php,930cd5c9b67efd8d6d5ca21263374e41d17ae72e433656e09d5290b6c85af9cc,5453
dev/tests/integration/testsuite/Magento/CustomerFinance/Model/Export/Customer/FinanceTest.php,1fcb12ca5bb338609cfd4ce074a55fad1e30066f8f07118bf23ad48408776dad,7934
dev/tests/integration/testsuite/Magento/CustomerFinance/Model/Import/Eav/Customer/FinanceTest.php,0cb5a70ce2821c4497c8a7cebddf3c0cd40a9c6affb0e4f1c81e110b0a438f61,9758
dev/tests/integration/testsuite/Magento/CustomerFinance/Model/Import/Eav/_files/customer_finance.csv,dc5c83534e6464fe68243a8469c4d99eaeac5e19c93a8b3ad2758b8ac75a274a,323
dev/tests/integration/testsuite/Magento/CustomerFinance/Model/Import/Eav/_files/customer_finance_delete.csv,b6cb9e51f881743672f79663232a539c6c2981652becb0621ea3b4a58015112b,273
dev/tests/integration/testsuite/Magento/CustomerFinance/Model/ResourceModel/Customer/CollectionTest.php,3f77cb5487a2325a60b78626647a5fda892abf7d751247cd434347ed1f59314d,11992
dev/tests/integration/testsuite/Magento/CustomerImportExport/Model/Export/CustomAddressTest.php,f85955efda9016e80b72b2366fa4529318445309403b75cac1462632070429af,1138
dev/tests/integration/testsuite/Magento/CustomerImportExport/Model/Export/CustomCustomerTest.php,36f6ed2dc918de527bf37c9c82bb949503ee2dcbc33cda466a549212cb44cd5a,2029
dev/tests/integration/testsuite/Magento/CustomerImportExport/Model/Export/_file/expected_custom_adress.csv,8ee2cfdcec6d36e327f0e02476f5490a6a3b05167e64fe68b6f093885d1c476f,611
dev/tests/integration/testsuite/Magento/CustomerImportExport/Model/Import/CustomAddressTest.php,07993e2f954c780ddcc881b3800b66d01272b3d9eb344a16c9e638125bf92d8e,5016
dev/tests/integration/testsuite/Magento/CustomerImportExport/Model/Import/CustomCustomerTest.php,6eff0219b70522d9b409e70ae7dced577f54cc9bcd842a04bba5eefab70d666f,3705
dev/tests/integration/testsuite/Magento/CustomerImportExport/Model/Import/_files/address_with_custom_attribute.csv,3143b4eea3d176079ab22d08040d7b11881a76d07432f22fd173056c7cf6613d,665
dev/tests/integration/testsuite/Magento/CustomerImportExport/Model/Import/_files/customer_with_custom_attribute.csv,6e1142450085e99a31127f3a7f8083755b85135f962e34634ead2efcda08865c,504
dev/tests/integration/testsuite/Magento/CustomerSegment/Block/Adminhtml/MenuTest.php,be1ef638f2e2988b1149c63be1a9aec315a38c7891a38dbe63e8f523245eff63,2092
dev/tests/integration/testsuite/Magento/CustomerSegment/Controller/Adminhtml/IndexTest.php,5f6f0a160baa0ca2a485ea12d3bc805e5b189bebcf6badf1dcee2eb220aff31a,2666
dev/tests/integration/testsuite/Magento/CustomerSegment/Controller/Adminhtml/Report/Customer/CustomersegmentTest.php,da5c1ee05abe68f9b78d9b70831f0ba45e533e240ce25314864e263fc43af01e,1269
dev/tests/integration/testsuite/Magento/CustomerSegment/Model/Condition/Combine/AbstractTest.php,1c9ebf49d692537d1b1efa5cada0457bad591eabbc71f4c86c72b2f066697384,2080
dev/tests/integration/testsuite/Magento/CustomerSegment/Model/ResourceModel/SegmentTest.php,bffd5eff5181f880b702a1b3fac8026543d3b58631b184c04caf2e890fb28df1,2841
dev/tests/integration/testsuite/Magento/CustomerSegment/Model/Segment/Condition/Combine/RootTest.php,d840dbb52e076b5d19ca811af17e60fc45e4b6ebaa2189d8d8c1073b32cf6663,1744
dev/tests/integration/testsuite/Magento/CustomerSegment/Model/Segment/Condition/Product/AttributesTest.php,dae8a8d5aa4f3415a96557d6605a35c6c8dfe353423062948ae7f387838252fc,9080
dev/tests/integration/testsuite/Magento/CustomerSegment/Model/Segment/Condition/Sales/OrdersnumberTest.php,628c616ca124d8575b0f50144039c8a5643ebe9cad753b2415d2d20ee5801287,9756
dev/tests/integration/testsuite/Magento/CustomerSegment/Model/SegmentMatchConsumerTest.php,73b2a2f8412f9c21cf524c606b2610d4f9cada429179d784390bc4349c729671,15191
dev/tests/integration/testsuite/Magento/CustomerSegment/Observer/AddSegmentsToSalesRuleCombineObserverTest.php,a48b1b940132a4455e7c97bb766a18b4f1872b5eaafeec39b934991995c31236,2269
dev/tests/integration/testsuite/Magento/CustomerSegment/_files/customer_segment_rules.php,6239fde0eda13a12ad925f95769232afaf86e111590fcd5643163cd53b5faae4,1577
dev/tests/integration/testsuite/Magento/CustomerSegment/_files/segment.php,a0d7efc41006ef1c5e310531194c582f06fecbf63e843fcf37e16914e3f8b950,457
dev/tests/integration/testsuite/Magento/CustomerSegment/_files/segment_customers.php,d56703ed6fad122abec88501c52c18049d9c21abb1b7ee32e73c49b32757f237,1801
dev/tests/integration/testsuite/Magento/CustomerSegment/_files/segment_customers_rollback.php,1badb928ecf601331b915763fc6c1d3d57a657235f98b59face2f91b39db8312,917
dev/tests/integration/testsuite/Magento/CustomerSegment/_files/segment_designers.php,92c2de485973b0a5bda7a72506eb08827b5d8f8e5bb66883e597e2cb818b19aa,382
dev/tests/integration/testsuite/Magento/CustomerSegment/_files/segment_developers.php,f651e406c71061c750cff0231b00f9d513f17708a5f80d1e5c436e6fa7aa8fde,383
dev/tests/integration/testsuite/Magento/CustomerSegment/_files/segment_multiwebsite.php,42461b8bb821a2d85baae27753fcf48cf985198e43c7dce9fabe5d48bd0595f2,2182
dev/tests/integration/testsuite/Magento/CustomerSegment/_files/segment_multiwebsite_rollback.php,c0e02a7fda4da7ada94f45a639ee635c5544b15803bfd8dd307b2572053ab3b5,994
dev/tests/integration/testsuite/Magento/CustomerSegment/_files/segment_rollback.php,05c93abfae8a7c3d47faf7c202f0e8605dcaeb5fba234c822729d4abf67b84a7,710
dev/tests/integration/testsuite/Magento/CustomerSegment/_files/segment_with_order_history_conditions.php,760625e484682ac3b72163869d6c9d7f3ac3bfe38295d32427eba4935c431311,1853
dev/tests/integration/testsuite/Magento/CustomerSegment/_files/segment_with_order_history_conditions_rollback.php,29d6d3a368ac91652d90b62e530d82cff9b93fcda4710cf7201f3d7d4dc23fbf,654
dev/tests/integration/testsuite/Magento/CustomerSegment/_files/segment_with_three_customers_and_two_past_orders.php,88bee6c12db09ef45e698761d61053bc3dd1182362873807aaf97d35f6de462d,1289
dev/tests/integration/testsuite/Magento/CustomerSegment/_files/segment_with_three_customers_and_two_past_orders_rollback.php,7f720cfb095aab026dd12c3b5d7f286c44cdd3f3af2e1a9b2fc4d7846b5820b6,464
dev/tests/integration/testsuite/Magento/DownloadableImportExport/Model/DownloadableStagingTest.php,6c0120826c33f2892e12e1def77c5da59cc9d67cc0f4c7409d44937cae5417e3,877
dev/tests/integration/testsuite/Magento/Enterprise/CodeIntegrityTest.php,19b6f7a98abeb61d1b50f0cdd674cccdfa072789d5bfe55668f54c53d7c69fe9,701
dev/tests/integration/testsuite/Magento/Framework/ForeignKey/ForeignKeyResolverTest.php,0adef2f51707b080d716f971b1ba91568225c9cfd5dd901f3a5a17d9df0e4980,12949
dev/tests/integration/testsuite/Magento/Framework/ForeignKey/_files/entity_tables.php,895077257320029c386e3d11f47f87e8c69092451281e5bce65846b94d6d5ed8,3785
dev/tests/integration/testsuite/Magento/Framework/ForeignKey/_files/entity_tables_rollback.php,3610dc39340ce2235353ab3c2a1c8cb72f0cce653d706f9c284ec447648971b9,818
dev/tests/integration/testsuite/Magento/Framework/ForeignKey/_files/entity_tables_values.php,04cc80217350ded5e2c504ccb33179f5b63577e4002999f72734768f1f9c6ac7,1092
dev/tests/integration/testsuite/Magento/Framework/ForeignKey/_files/entity_tables_values_rollback.php,679c4651720055b39136d243effb5954511875965b44a1e1bc48fd81a8081468,800
dev/tests/integration/testsuite/Magento/Framework/ForeignKey/etc/constraints_cascade.xml,4e8d70055501395e8d58d65e8ddeac12a1871eb5a1ade26dde8b6365d9c8ce5e,1061
dev/tests/integration/testsuite/Magento/Framework/ForeignKey/etc/constraints_mixed.xml,0488becf17a94222385cfc755e6e72f4345654b6271c358360128528eb2e93a3,1063
dev/tests/integration/testsuite/Magento/Framework/ForeignKey/etc/constraints_restrict.xml,3c65c3454c4353cfdd2d2d09d3ca9e48bcb6c2a1f5ead14daa37112d8252d5f1,1064
dev/tests/integration/testsuite/Magento/Framework/ForeignKey/etc/constraints_set_null.xml,47409cbe8d7375f2599ba8dcf50be25f7e0d48008fc320c1921a368589a12b6a,1064
dev/tests/integration/testsuite/Magento/Framework/View/Element/UiComponent/DataProvider/DataProviderTest.php,f41e4e62fd64b85f1cd221e2c3c1e0b71f0865887962dadabb6c29ce4797e021,2325
dev/tests/integration/testsuite/Magento/GiftCard/Fixtures/order_invoice_payflowpro_with_gift_card.php,f77c5761dc766568656ab903f4b4de1679b0d77e42c47729179e8332809038a3,3997
dev/tests/integration/testsuite/Magento/GiftCard/Fixtures/order_invoice_payflowpro_with_gift_card_rollback.php,049f5c6fcdf179b07366835a54d34dc6b3cedc5c962f5c10f7504f18e731fc65,2923
dev/tests/integration/testsuite/Magento/GiftCard/Helper/DataTest.php,9d6aaccd4cef3730bcb5f16a9b648b77c86f12109dbc41b3ce4be31fdd926000,745
dev/tests/integration/testsuite/Magento/GiftCard/Model/Attribute/Backend/Giftcard/AmountTest.php,7e5fdbefad152d25a0927878c069392131aba6b520200fa8c21a3f8c9f7f252c,4170
dev/tests/integration/testsuite/Magento/GiftCard/Model/Catalog/Product/Type/GiftCardTest.php,154120e8493b71adb5a40feda9110ef329d8dd86067e905f0fe70bc8e5bec634,3382
dev/tests/integration/testsuite/Magento/GiftCard/Model/Indexer/PriceTest.php,bc88c4426e0cfed44f8ae4abf3bdd145f536f9fde117b79fb7cf79a38f59c1d3,2267
dev/tests/integration/testsuite/Magento/GiftCard/Model/Product/DeleteHandlerTest.php,9dd5739ae7f9794b56c57d1b5af70bb6d90f63d8e8e47803edc67c308e300c13,3718
dev/tests/integration/testsuite/Magento/GiftCard/Model/Product/ReadHandlerTest.php,f1ad81dabee1b3e81e9a2a843977061115a99431ebb0afe9cd3285d698afa045,2602
dev/tests/integration/testsuite/Magento/GiftCard/Observer/GenerateGiftCardAccountsTest.php,782352c33359f02153f17bf42ac12f0d35953b8eac043cce7822463fe10f330c,7624
dev/tests/integration/testsuite/Magento/GiftCard/_files/customer_invoice_with_gift_card.php,d27e3722ac99a865ccd7cec5dd2fef8c76c04e4d42b8bdcb780c1ec9b743abd1,1316
dev/tests/integration/testsuite/Magento/GiftCard/_files/customer_invoice_with_gift_card_rollback.php,4f1a2495b8617f2365c3a0cda53b7c5e8f65a5595ac0b34cb8a9732aeb5501ec,286
dev/tests/integration/testsuite/Magento/GiftCard/_files/customer_order_with_gift_card.php,976d3bde7d01a3c7c9c56f04c0ee05932f74dd4589e8e938198b8b503698c5c2,4778
dev/tests/integration/testsuite/Magento/GiftCard/_files/customer_order_with_gift_card_rollback.php,645f642c0c35cca536be076bcaf96c2b49672152b1bc933d02916d238b1a1604,1637
dev/tests/integration/testsuite/Magento/GiftCard/_files/gift_card.php,8bc9ec7f4ef44bb1b812a54dba15fc0dfcb73185568bfa16e403a192f6e8ce6e,1040
dev/tests/integration/testsuite/Magento/GiftCard/_files/gift_card_1.php,e57630a1ce275efb859e7164107b50d52630f60cfd0a53a06c5a2e700a97a846,2202
dev/tests/integration/testsuite/Magento/GiftCard/_files/gift_card_1_rollback.php,f426b3b34ad7143ae5c04ea387bce0a972e84dc024539b6b82c6bc8a87c56510,890
dev/tests/integration/testsuite/Magento/GiftCard/_files/gift_card_physical_with_fixed_amount_10.php,dfd2d6b5614ed0fa135ac7b50f81d020e19f71f088866858427aacc82f2f9642,1766
dev/tests/integration/testsuite/Magento/GiftCard/_files/gift_card_physical_with_fixed_amount_10_rollback.php,730a0abf90fbce07ac8ac1e1a1181bcde0a683379017f12fcf556a76d497c49f,925
dev/tests/integration/testsuite/Magento/GiftCard/_files/gift_card_physical_with_fixed_amount_50.php,8a85da385a05ed7edfa82a5f8ef9042e2fa56c8dbe7f150e664a8a36543bcfc9,1766
dev/tests/integration/testsuite/Magento/GiftCard/_files/gift_card_physical_with_fixed_amount_50_rollback.php,dba9874efb77841315ed0218e212d5c68494895ddd898b19fb4c879758f0ae39,925
dev/tests/integration/testsuite/Magento/GiftCard/_files/gift_card_rollback.php,e4564fbe905c2ccdd5d575ffd92d744b9196255680d5311cd41bc330bc5cccde,878
dev/tests/integration/testsuite/Magento/GiftCard/_files/gift_card_with_amount.php,1a210e38b083ca8308b3d8910accc7028a1c7630c9999414b09134d5102ffe48,1722
dev/tests/integration/testsuite/Magento/GiftCard/_files/gift_card_with_amount_rollback.php,f426b3b34ad7143ae5c04ea387bce0a972e84dc024539b6b82c6bc8a87c56510,890
dev/tests/integration/testsuite/Magento/GiftCard/_files/gift_card_with_available_message.php,47fe8b127171b21c18eccdce0900f9eb5af823cadbcba590dd7fc73fdb09895c,1107
dev/tests/integration/testsuite/Magento/GiftCard/_files/gift_card_with_available_message_rollback.php,046a09805a88d734c4ccfe7f571faf85ff7cb59768359a088682abdf596b221f,616
dev/tests/integration/testsuite/Magento/GiftCard/_files/gift_card_with_open_amount.php,3215c2a318b1dc5d13fdb476eec9c627a115e64a3519df34814a9693de09a835,2027
dev/tests/integration/testsuite/Magento/GiftCard/_files/gift_card_with_open_amount_rollback.php,34970d132540cf121df4857bfd298a200e7209f2822d193e7536ebfdf392f8d7,611
dev/tests/integration/testsuite/Magento/GiftCard/_files/giftcard_on_invoiced_setting.php,e68bb0e1356dc309ba05eb0d0f6b044678f6813da344a0c11bd829de44e8e66d,416
dev/tests/integration/testsuite/Magento/GiftCard/_files/giftcard_on_ordered_setting.php,cc291176590efad57d28d79958681b42418fdb8e3dd5a240cd4e9d7efe05179c,415
dev/tests/integration/testsuite/Magento/GiftCard/_files/invoice_with_gift_card.php,66985bfc1470caf5c6a334aef0d584a405a4583b34e8b4f00ce521aa9cf0b2b2,1035
dev/tests/integration/testsuite/Magento/GiftCard/_files/order_item_with_gift_card_and_options.php,b53104f5de8685e1ffce7f2bbe21198537bb528e9a3f8f3703bd8f32e798a194,2793
dev/tests/integration/testsuite/Magento/GiftCard/_files/order_item_with_gift_card_and_options_rollback.php,1c883703644a37ff0da9cd29ac92a545e06b85e19d21a7931e1eeec275ceb53a,260
dev/tests/integration/testsuite/Magento/GiftCard/_files/order_with_gift_card.php,4f27f5c67a768c90c0fe6be49141109bbd1200b7adda5ad466618f51a54a1d17,3639
dev/tests/integration/testsuite/Magento/GiftCard/_files/quote.php,d1a021fd1749b415ee458c97ac4f57ca6e71c6aaebce00636a864181cea39a15,2588
dev/tests/integration/testsuite/Magento/GiftCard/_files/quote_rollback.php,b92bede8e6dab59da55041ad8eab3ab4cd61643587043ee3f0077914b1e65efb,867
dev/tests/integration/testsuite/Magento/GiftCard/_files/quote_with_items_saved.php,7a71da78208e5b082e3f81c3805829d14daac8a76b3b6202d3480d6e4bdebb1b,3246
dev/tests/integration/testsuite/Magento/GiftCard/_files/quote_with_items_saved_rollback.php,427006f90813bcc26d05193f6e2a4f2fe7f547eb1bac396267d20c5411ee8203,989
dev/tests/integration/testsuite/Magento/GiftCardAccount/Api/GiftCardAccountManagementInterfaceTest.php,f14a02700380a0661ed39de82368be2b3612c7aebc04131a60f42002cc2326ba,2203
dev/tests/integration/testsuite/Magento/GiftCardAccount/Api/GiftCardAccountRepositoryInterfaceTest.php,9436ec5356a22dd0c3dc3351a937ca92d06af9a0cf6816be090f385dac1658bf,3944
dev/tests/integration/testsuite/Magento/GiftCardAccount/Api/GiftCardRedeemerInterfaceTest.php,28797edc4e9006f3e7bf1964997eb555feeca538e228efda6fe1e7ddba480c46,5101
dev/tests/integration/testsuite/Magento/GiftCardAccount/Block/Account/LinkTest.php,3544c94188e2d5a023119c017cd953981f3f1a784f1aaec0ef67079d3c4b94e6,1639
dev/tests/integration/testsuite/Magento/GiftCardAccount/Block/Account/RedeemTest.php,ca389a23aa248351aa53364ee1740b3b121d35495f189e6a3471289ffdbf9444,4771
dev/tests/integration/testsuite/Magento/GiftCardAccount/Block/Adminhtml/Giftcardaccount/Edit/Tab/InfoTest.php,dfd41aeca20c93ce1ff46ad39b1aef4fba0ca8deab4b6b2553de26438a78cf27,4590
dev/tests/integration/testsuite/Magento/GiftCardAccount/Block/Adminhtml/Giftcardaccount/Edit/Tab/SendTest.php,9e58eacad1d4d9daf8c14c1d9735552bd981f579b1b52e30aad45b74cf8c27c6,2601
dev/tests/integration/testsuite/Magento/GiftCardAccount/Block/CheckTest.php,326907c2ea269c38ac12362626f8554bae3e28f49efeb41434bf70052dfebf80,4589
dev/tests/integration/testsuite/Magento/GiftCardAccount/Controller/Adminhtml/Giftcardaccount/SaveTest.php,17a8ba027f5006903c7800afe0e1a04fa965db20a51c13b612eeefdb84e879c0,2039
dev/tests/integration/testsuite/Magento/GiftCardAccount/Controller/Adminhtml/GiftcardaccountTest.php,3f87c628d09dd6a5078b12ce5ee905fd6e1a2dab19c1b02de9fcf5c7f38d0a8c,550
dev/tests/integration/testsuite/Magento/GiftCardAccount/Controller/Cart/QuickCheckTest.php,16589134f7c77d0d9f7178b5dafd40dd8eba2d2e4c3b0c3615869e3d98facb52,2984
dev/tests/integration/testsuite/Magento/GiftCardAccount/Model/Backend/HistoryTest.php,79988a8ca4f7229e16498a2b285ee03f6bd291dca5284d8bded9dc3844a8af15,4033
dev/tests/integration/testsuite/Magento/GiftCardAccount/Model/CollectorPositionsTest.php,51a1441ede99b69f138c7fd6147d405dff4d5db1cd2ee76e6b59df1b7ac8e9f5,1115
dev/tests/integration/testsuite/Magento/GiftCardAccount/Model/CreditmemoFactoryTest.php,fd4cccf84ec77be9794643f54b841616c03283781514eada3e1bfe2915e6c4b9,3883
dev/tests/integration/testsuite/Magento/GiftCardAccount/Model/CronTest.php,c9c87ef86d7c964c09647236b4c4e74290e6afb0b0ab2f1763e090dbfcfbdfee,2879
dev/tests/integration/testsuite/Magento/GiftCardAccount/Model/ManagerTest.php,f2c0f15ace66536be0fedb46c3b81ee9e2b9f5a093d1355e1b54b3bd9daa5e99,2124
dev/tests/integration/testsuite/Magento/GiftCardAccount/Model/Plugin/CreditmemoRepositoryTest.php,e8913c2846d4467e063108db5812c170c99d80fde883ceca7130a782667f1e38,3986
dev/tests/integration/testsuite/Magento/GiftCardAccount/Model/PoolTest.php,52245a1dc18f7f6fc370351cac5dac20a9dba3feba57e243c42c3d09b7d43c8a,1105
dev/tests/integration/testsuite/Magento/GiftCardAccount/Model/RedeemerTest.php,0d53d879d1531de0b1709d21323de7f8fa0ec7af9c96d8b40f477e23109bf1c9,5067
dev/tests/integration/testsuite/Magento/GiftCardAccount/Model/Spi/GiftCardAccountManagerInterfaceTest.php,72be89809e31fcbc21580e32ceaaa3e5e9d0a27779c10b852437a956b420f003,1578
dev/tests/integration/testsuite/Magento/GiftCardAccount/Model/UsageAttempt/UsageAttemptsManagerTest.php,aa2714bae44df2dc8922a0b1cff0540503763aaf1079e3011eb4b092b6c4178f,8995
dev/tests/integration/testsuite/Magento/GiftCardAccount/Observer/CreditmemoSaveAfterTest.php,62e70a7f928a770720289b1a17dd3128f79980af89bb4c10454b4e3243a2d30c,10855
dev/tests/integration/testsuite/Magento/GiftCardAccount/Observer/GiftCardAccountSaveAfterTest.php,0cdda1953eb6f1a4cfcee148f88b178f28b84ae24e6aec50961362a9ea6dcfcc,4980
dev/tests/integration/testsuite/Magento/GiftCardAccount/Observer/RefundTest.php,ef54fea0d7ba5555ad5ab4e16313f493d485fe0709e7520edc9c9eeac992c041,2361
dev/tests/integration/testsuite/Magento/GiftCardAccount/_files/codes_pool.php,4556e6df7aeb7d2704df2b40acfc731682920779adf90e12ea93af59e48ddbc1,1051
dev/tests/integration/testsuite/Magento/GiftCardAccount/_files/complete_order_with_gift_card_account.php,c38edad8b5239ee3218abacc23b9a0649397937718e6f63e7e97bac7ebce3b51,1277
dev/tests/integration/testsuite/Magento/GiftCardAccount/_files/complete_order_with_gift_card_account_rollback.php,05c50be35be58081685ece2d742719121da65da633fe2c6364f77e9517d4f449,297
dev/tests/integration/testsuite/Magento/GiftCardAccount/_files/create_giftcardaccount_with_second_website_and_product.php,c104657680369cfa6a25b99dbebcfd90fe8283f3ccf26479e3b505585c0d8ee2,2900
dev/tests/integration/testsuite/Magento/GiftCardAccount/_files/create_giftcardaccount_with_second_website_and_product_rollback.php,0c302c66e4054bb09000b273117946fe7beb9d75f3c35d2ce2c4639aa302d8a5,3100
dev/tests/integration/testsuite/Magento/GiftCardAccount/_files/creditmemo_with_deleted_gift_card_account.php,71ed5459577c1d2cf9ae24fb4961c72b71b7f86b340c14f6186a9fed7f639eba,932
dev/tests/integration/testsuite/Magento/GiftCardAccount/_files/creditmemo_with_gift_card_account.php,8f09f988f6f5967f73f64abfd63e266675bad332e63bd7223056664432428111,1539
dev/tests/integration/testsuite/Magento/GiftCardAccount/_files/creditmemo_with_gift_card_account_rollback.php,05c50be35be58081685ece2d742719121da65da633fe2c6364f77e9517d4f449,297
dev/tests/integration/testsuite/Magento/GiftCardAccount/_files/expired_giftcard_account.php,df53f3cfc7705fc4331dacdfa5b188eb692c1b83a4a77db6e6052cc09f4d4a08,1564
dev/tests/integration/testsuite/Magento/GiftCardAccount/_files/expired_giftcard_account_rollback.php,f0d7b96c1208fe4bd4f0180192eba66b4d24decf4cc30567ed2ff4384b36e811,322
dev/tests/integration/testsuite/Magento/GiftCardAccount/_files/expired_giftcardaccount_with_future_date_expires.php,0470f26e32ab0664005a64bf218481c38075d2465612cfeafe10fa188cbd751d,1652
dev/tests/integration/testsuite/Magento/GiftCardAccount/_files/expired_giftcardaccount_with_future_date_expires_rollback.php,d5cce4ac56fce1ace2acea2c06c0c95de31f782a8ec9acfbac0df0a0f1bceaa1,346
dev/tests/integration/testsuite/Magento/GiftCardAccount/_files/giftcardaccount.php,ff946dc6dbae57d6bdeb3634cbe88c0515625b2a215c3747b68bfea35ceb747f,888
dev/tests/integration/testsuite/Magento/GiftCardAccount/_files/giftcardaccount_inactive.php,9956d1ed96a28c92730434e0a529ae08bd139f1f214f8e0fbc62d70cce8312f7,814
dev/tests/integration/testsuite/Magento/GiftCardAccount/_files/giftcardaccount_inactive_rollback.php,f89a0e45f86ea6fbf3f2cad05d6562de225c3491fd47264be446ee2b3ecdf6fc,780
dev/tests/integration/testsuite/Magento/GiftCardAccount/_files/giftcardaccount_rollback.php,b88cbb0a88f91591d9b6381584a05975a15b28f3237ae9c2cf498ca87c446b25,796
dev/tests/integration/testsuite/Magento/GiftCardAccount/_files/giftcardaccount_with_past_date_expires.php,a368f156e84fbeffb961b904d47b82c3515c29ba1e788ffc84863fb05032cc75,1592
dev/tests/integration/testsuite/Magento/GiftCardAccount/_files/giftcardaccount_with_past_date_expires_rollback.php,13b01961e1863a7a96633fc899ff2c567875a2ea695f7c3ca41380b6ab87a951,336
dev/tests/integration/testsuite/Magento/GiftCardAccount/_files/giftcardaccount_with_zero_balance.php,dec867e5c9f8f412ec85050eeb5ab234395fdf6aac9f28bd6b91b532c97cdbd8,876
dev/tests/integration/testsuite/Magento/GiftCardAccount/_files/giftcardaccount_with_zero_balance_rollback.php,3fda56b1fd4809c5bae2fadcedb16c1beef324ce04fd94082cbeb95e7347d340,789
dev/tests/integration/testsuite/Magento/GiftCardAccount/_files/giftcardaccounts_for_search.php,b8321beeb069c350ca23a91c7ba50f61ad1d3168ef912a2603d6c6555afe47ad,2526
dev/tests/integration/testsuite/Magento/GiftCardAccount/_files/giftcardaccounts_for_search_rollback.php,f19d2b6d0fbff2d8a64351dfb842a579b27f73723f5748926945f4b584ca7edd,1549
dev/tests/integration/testsuite/Magento/GiftCardAccount/_files/invoice_with_gift_card_account.php,1fcd45061633a53e0e56197cb105aac352bdd68a3e5616bec6c118d80933bc33,1078
dev/tests/integration/testsuite/Magento/GiftCardAccount/_files/invoice_with_gift_card_account_rollback.php,05c50be35be58081685ece2d742719121da65da633fe2c6364f77e9517d4f449,297
dev/tests/integration/testsuite/Magento/GiftCardAccount/_files/invoiced_order_with_gift_card_account_and_item.php,4898acb9aca19ecf55eea843969808b19d01f587c9da8da2225e9fd4da16a86b,2527
dev/tests/integration/testsuite/Magento/GiftCardAccount/_files/not_redeemable_gift_card_account.php,cbc57c70afa117f13d396ffaf47ad61fda9bcf725513b8241892eb9f26cf86cc,1250
dev/tests/integration/testsuite/Magento/GiftCardAccount/_files/not_redeemable_gift_card_account_rollback.php,e6d7c9f775ce3f736f89443c1a252a85ca8ec42cd8294ff70df6b954052260bf,828
dev/tests/integration/testsuite/Magento/GiftCardAccount/_files/order_with_gift_card_account.php,ecd711ee03b354bf6b3af460191b1465dcb49f883a11c9c04d451100696c331f,4082
dev/tests/integration/testsuite/Magento/GiftCardAccount/_files/order_with_gift_card_account_rollback.php,1c883703644a37ff0da9cd29ac92a545e06b85e19d21a7931e1eeec275ceb53a,260
dev/tests/integration/testsuite/Magento/GiftCardAccount/_files/quote_with_giftcard_saved.php,4028b19f8735195e5b7a0388bbca662092d56d3bd786ef291ad882a4927911bb,4066
dev/tests/integration/testsuite/Magento/GiftCardAccount/_files/quote_with_giftcard_saved_rollback.php,3d629e586d6737cf6b28f3181537996125e5fc318503c45fa862c12717a1fd47,744
dev/tests/integration/testsuite/Magento/GiftCardImportExport/Model/Export/GiftcardTest.php,e4efd751b3f0c917dae7e72f09440f05ef9e338374a16e545ba0476240c0cd93,2493
dev/tests/integration/testsuite/Magento/GiftCardImportExport/Model/GiftCardTest.php,ac56ac0031142dfd427a45501ce8ffad82dd052c051d7b664fe2b308d9432814,3522
dev/tests/integration/testsuite/Magento/GiftCardImportExport/Model/Import/Product/Type/GiftCardTest.php,0bbfa1c09c2f2ae76d49d4ea644c29df64f3097ba911ed5c93cf7b218994d065,4226
dev/tests/integration/testsuite/Magento/GiftCardImportExport/Model/Import/_files/giftcard_product.csv,0500e47628d277e1ea9745e10fca64043d5ac942dff200d685e2db6c51d0d3d6,2675
dev/tests/integration/testsuite/Magento/GiftCardStaging/Plugin/Model/Product/GiftCardAmountsRollbackTest.php,3f47407a4a627e51ae126a6ee0bae33477970748e2cf9de80e73f8cde2d4b81f,2996
dev/tests/integration/testsuite/Magento/GiftRegistry/Block/Adminhtml/Giftregistry/Edit/Attribute/AttributeTest.php,d31f8e80a593866a5576607498983baf4e6afc836b09c27a955c9cf3850c12d0,1175
dev/tests/integration/testsuite/Magento/GiftRegistry/Block/Adminhtml/MenuTest.php,14ff5250354362843cc75a02ae70014d32dc4e0605c483dd72f7861c2e0fb296,2070
dev/tests/integration/testsuite/Magento/GiftRegistry/Block/Cart/LinkTest.php,6cfe8c8578d23ae8c96766b4f04634602d2cdc1af51765257a58ba3884289afb,1398
dev/tests/integration/testsuite/Magento/GiftRegistry/Block/Cart/Product/MarkTest.php,876f6af075f7cd2e81f22ca139c2ba541038c07661e63e9f131db99a77800c18,1426
dev/tests/integration/testsuite/Magento/GiftRegistry/Block/Customer/CheckoutTest.php,fe2d5dd71841e50cf68fcbe7e37234ac63cf98c0f7aac86e1203d3f2d582908d,1434
dev/tests/integration/testsuite/Magento/GiftRegistry/Block/Customer/Edit/AbstractTest.php,1de939fb584469decb4f5f38a630ea848be0340cf7542e264b8377f566898086,1901
dev/tests/integration/testsuite/Magento/GiftRegistry/Block/Customer/Edit/RegistrantsTest.php,748717ecbf2d462c8e1196a9ef67e051f812fa34352eff02bd22217b5db116d2,4137
dev/tests/integration/testsuite/Magento/GiftRegistry/Block/Customer/EditTest.php,0c1bde3bae6f24968868fc6fd56e615bc249ca81e123945a815a1c3bb398cc46,1160
dev/tests/integration/testsuite/Magento/GiftRegistry/Block/Customer/ShareTest.php,a8da49e987423419a898aabb581f0825f970cfb96a9af8afd986f774a44c3520,4710
dev/tests/integration/testsuite/Magento/GiftRegistry/Block/Form/ElementTest.php,cc1e258f2a9152df676147662f1568b2e98842be7048a44a4df261c3949a7b75,1574
dev/tests/integration/testsuite/Magento/GiftRegistry/Block/LinkTest.php,ee165789b3955b788b32c88d9688f1afd7ab08c3b0eda76e48022da842b897c1,2090
dev/tests/integration/testsuite/Magento/GiftRegistry/Block/Search/QuickTest.php,bd38a800b4276075216572e91a53e9b37ab9d510c4a21ae2d3fc991561ebf313,1394
dev/tests/integration/testsuite/Magento/GiftRegistry/Block/Wishlist/Item/Column/RegistryTest.php,e363f4d2a6934bcf428e6e2785b019629e494d3908057b25a0ef713eb82ff69e,2424
dev/tests/integration/testsuite/Magento/GiftRegistry/Controller/Adminhtml/Giftregistry/DeleteTest.php,d478f374aa83107a28249a1fe3c8b51d776fc0cc792668c55bac37ab70c286f1,1676
dev/tests/integration/testsuite/Magento/GiftRegistry/Controller/Adminhtml/GiftregistryTest.php,2d520655cc49a46f36e14496d9066d1d3b33ca6022db3588b58c622a7ec0f9ef,2529
dev/tests/integration/testsuite/Magento/GiftRegistry/Controller/Index/CartTest.php,110ecebc25a54befbc2156b5ac06790361dab2de43832f87b7c2ac6ce3add566,677
dev/tests/integration/testsuite/Magento/GiftRegistry/Controller/Magento/Catalog/ProductTest.php,2f85d0b87479bd2c4d43d3d5415a48f9a60fa39eab710def79e8544317b30b52,2558
dev/tests/integration/testsuite/Magento/GiftRegistry/Controller/Magento/Wishlist/IndexTest.php,d3edbafadb2fbf319d60ddcdadb75134ef4df1ff833787c0041d4cc616c8508a,1191
dev/tests/integration/testsuite/Magento/GiftRegistry/Model/Attribute/ConfigTest.php,b99c72b87bc5d11af6d0f4dc37525c79e9651386c5a8c16b99cdac88efe85775,5830
dev/tests/integration/testsuite/Magento/GiftRegistry/Model/Config/ReaderTest.php,c7f647317945c61aa237b09eb297a6623be3477cd24ec7432ebb7c91bd813395,2130
dev/tests/integration/testsuite/Magento/GiftRegistry/Model/Config/_files/Magento/GiftRegistry/etc/giftregistry.xml,32a6ba7170fe1fce4a8b62a6866319ea6e0ed1f135cca26c3b5028c9f782538a,1509
dev/tests/integration/testsuite/Magento/GiftRegistry/Model/Config/_files/Magento/Reward/etc/giftregistry.xml,8323c067cb5daab117c98d3c87c860d033036afed88a93bc59f8bea88c3e5d72,1515
dev/tests/integration/testsuite/Magento/GiftRegistry/Model/Config/_files/giftregistry_config.php,062cfe09cbc67a9906dfec59084514e984cc180e40e6c809547fc811b55669e4,2218
dev/tests/integration/testsuite/Magento/GiftRegistry/Model/EntityCustomTemplateTest.php,cec8fab3329101a46affe3d0479de08f1c9d3a9dd0358d2b23a22696c5d6539d,7083
dev/tests/integration/testsuite/Magento/GiftRegistry/Model/ItemTest.php,23eb739fee7f2047f98c9bd06e60845f7375236cea189cb558a97edf8ff7395f,1694
dev/tests/integration/testsuite/Magento/GiftRegistry/Model/ResourceModel/EntityTest.php,38e4ed8612359b472f3c45228ee3d794d8a51f36565b506b741f941ddb074ae0,1550
dev/tests/integration/testsuite/Magento/GiftRegistry/Model/ResourceModel/Item/CollectionTest.php,f29178c1c484152bd76eb2f73a229cb4bb48399ee62eeacd52f55e73ad3a34ff,3148
dev/tests/integration/testsuite/Magento/GiftRegistry/Model/ResourceModel/Item/Option/CollectionTest.php,24f4b5014d9531b7755a5c638115147d51b022f0f06d92a0a6f01460b070a5c0,1596
dev/tests/integration/testsuite/Magento/GiftRegistry/Model/ResourceModel/PersonTest.php,084595a3da474a1f79ff25ade8801630ad76c523b687e0717c24df3dacfeaf1e,1070
dev/tests/integration/testsuite/Magento/GiftRegistry/Observer/AddGiftRegistryQuoteFlagTest.php,1760fff3764bc7430696fc839d9ec2255da3ff9592867e9a5c46dc1e873f2473,2585
dev/tests/integration/testsuite/Magento/GiftRegistry/_files/gift_registry_entity_simple.php,21a6851596a48cc51d78d47605247ab8ed6acdee3027ecdc4b973681fb9d63c1,1597
dev/tests/integration/testsuite/Magento/GiftRegistry/_files/gift_registry_entity_simple_rollback.php,db1c2f2890e7c5fe4e2764e3da0675e91331f3eaa27b75c80b8a5e6f6c7d1e9c,882
dev/tests/integration/testsuite/Magento/GiftRegistry/_files/gift_registry_person_simple.php,d8fa7f499259c2cd1029c95b3b4ae33bfc8c50d5085ea5364dd5161816d6619e,1090
dev/tests/integration/testsuite/Magento/GiftRegistry/_files/resource_item_collection.php,3266fd5372ca90b65132236a12220112c3d2940599e6e85312fa37f8300db0f4,2442
dev/tests/integration/testsuite/Magento/GiftWrapping/Block/Adminhtml/Order/Create/TotalsTest.php,84c4b308db2eac98f5c369d2b6979d5dbe86393bdfd37cb8e662d22566e15d42,7233
dev/tests/integration/testsuite/Magento/GiftWrapping/Controller/Adminhtml/Giftwrapping/DeleteTest.php,e780282cefb29e7f38f4652c2c603882a0fc092e66a74e67cac846eca95fa0ef,2169
dev/tests/integration/testsuite/Magento/GiftWrapping/Controller/Adminhtml/Giftwrapping/SaveTest.php,d9351383c1f6eadbe38daaf70320c8a34d3b1dc5d9aeeec3c35ba4be244d940c,4405
dev/tests/integration/testsuite/Magento/GiftWrapping/Controller/Adminhtml/Giftwrapping/UploadTest.php,e900e361ee33442d9c03f4a5545c5753aa52db4f948def2e1e32929d74a6d15e,5554
dev/tests/integration/testsuite/Magento/GiftWrapping/Model/CollectorPositionsTest.php,a42ea44a1ff6e36bfd7b9c4beccc2527bb8c6fd33eebec380e9e3add0337acb0,1126
dev/tests/integration/testsuite/Magento/GiftWrapping/_files/customer/order_with_gift_wrapping.php,32b0ac5e0190afec0df01da3f054b0d0ddeb8ba7d378c2b81792459338b0bdb3,3347
dev/tests/integration/testsuite/Magento/GiftWrapping/_files/customer/order_with_gift_wrapping_rollback.php,02bd576a11a4bca576eef9fa1171f8d888ef232a85239ad741dcb636c52159b3,1162
dev/tests/integration/testsuite/Magento/GiftWrapping/_files/magento_small_image.jpg,2478d16d14cc0f1e710ffbcda415d960476a8e9c7dae2aca926c5d0ff0c24318,3046
dev/tests/integration/testsuite/Magento/GiftWrapping/_files/order_with_giftwrapping.php,3ce700d54ecb5d970a0fe7695e020a2d9f2d6d1d74f38404b1da60a8357905a4,6010
dev/tests/integration/testsuite/Magento/GiftWrapping/_files/order_with_giftwrapping_rollback.php,1c883703644a37ff0da9cd29ac92a545e06b85e19d21a7931e1eeec275ceb53a,260
dev/tests/integration/testsuite/Magento/GiftWrapping/_files/quote/quote_with_selected_gift_wrapping.php,577998736aad7ca1ff7848eacd8b2939ed190c45f9d5cfc121133934ba9cb0e6,2806
dev/tests/integration/testsuite/Magento/GiftWrapping/_files/quote/quote_with_selected_gift_wrapping_rollback.php,c3212530610f75e4dc4c064d8f66516744530b5c4396a4e7251c2a6f313eadc3,1299
dev/tests/integration/testsuite/Magento/GiftWrapping/_files/quote_with_giftwrapping.php,fa5814f11df506fc5fbf3a84f73b756a691995b8508bb39c0277558bcc0dc671,1290
dev/tests/integration/testsuite/Magento/GiftWrapping/_files/wrapping.php,620fdf61814b09bc6746e50120f2ad397f8700a1bbaf226aeb7422590c67e1b3,484
dev/tests/integration/testsuite/Magento/GiftWrapping/_files/wrapping_rollback.php,193d770d9ed25b5e7b8644c5aaf9313b639820ed64a6f46c1b52ada77948c583,346
dev/tests/integration/testsuite/Magento/GiftWrapping/_files/wrappings.php,78a9c7d013bdcd6b10696bccae7c55d1c2c2729236d92a8177e1772001922e39,1756
dev/tests/integration/testsuite/Magento/GoogleTagManager/Block/GaTest.php,a12393090c030024c0a9f0343b1ad93326a9850a4f0b9f4421246c4a44925695,2005
dev/tests/integration/testsuite/Magento/GoogleTagManager/Controller/Checkout/CheckoutTest.php,5bc9324980c8e0a48515996fd7a373005a6c511385f80b831d1f5c2272c4028f,928
dev/tests/integration/testsuite/Magento/GroupedImportExport/Model/GroupedStagingTest.php,4609479c2f2562a31d39502cbfe3b6b2bd030d964df1d7f3beba02a53601ed38,408
dev/tests/integration/testsuite/Magento/Invitation/Block/Adminhtml/Invitation/Add/FormTest.php,fe39af0f27de18ce9e8142f37f35f2187b6e4409ca16f421cb520d30809e780e,2427
dev/tests/integration/testsuite/Magento/Invitation/Block/Adminhtml/Invitation/View/Tab/GeneralTest.php,2f9bd8624bf5dd8b7a0dd7155228aba30cfe0ef354664192406986bed25654ad,1163
dev/tests/integration/testsuite/Magento/Invitation/Block/Customer/Account/LinkTest.php,8a300d81e724e3f58be0ad85e79a4cb598d2cdd754cd7ec72ecf32ed660a776d,3100
dev/tests/integration/testsuite/Magento/Invitation/Block/FormTest.php,c53f521e37a88e5c6dcb262c951e8d08ae8cc0ca5223cdf6a8c803c0bbb2d051,3307
dev/tests/integration/testsuite/Magento/Invitation/Controller/Customer/Account/CreatePostTest.php,fc769a3241ea246d75ed375bb308594f6effe2a612aadb16f9fc30d9f46d9ced,5155
dev/tests/integration/testsuite/Magento/Invitation/Model/InvitationTest.php,28538fbcadfb998182aa32258a67c432ee00eb729623e3d9ef353ab64085e20a,6575
dev/tests/integration/testsuite/Magento/Invitation/Model/Plugin/CustomerRegistrationTest.php,80f8f81915e703241cb9aa619d27c6b02902752440fca2aae917ad2ff2d1a8a2,2226
dev/tests/integration/testsuite/Magento/Invitation/Model/ResourceModel/Report/Invitation/Order/Initial/CollectionTest.php,ac2faf959c3e36be969e0dd7577dc4d0b7d2ae94824224d9379d0acba76e42f1,2848
dev/tests/integration/testsuite/Magento/Invitation/Model/Source/Invitation/GroupIdTest.php,c9b1cba8d1237d302280f4788a02f6dfa37cd2f445be166be1c37a21af6a767e,895
dev/tests/integration/testsuite/Magento/Invitation/_files/custom_invitation_template.php,9efe216f08db7bdbadabbf353fb0f02bcce0a59523293274b024f4ab930847b8,1133
dev/tests/integration/testsuite/Magento/Invitation/_files/custom_invitation_template_rollback.php,f39baeb4d66f3cadddbcf9b7fade1777472f140df302889c8b023159200a08ec,898
dev/tests/integration/testsuite/Magento/Invitation/_files/invitation.php,caebca3a7ae4035fac51352b9232fbbe4818a57bf2ef49c8aac78804c2f681d7,516
dev/tests/integration/testsuite/Magento/Invitation/_files/two_invitations.php,157557f054c9452e42b801e1e24c619b3b9260a980d3e3711aa5eb92a06e2f25,633
dev/tests/integration/testsuite/Magento/Invitation/_files/unaccepted_invitation.php,bda0725a16a55a27b7007113c41367d3dc24db369b09dc59b1287f45cf9539da,1297
dev/tests/integration/testsuite/Magento/Invitation/_files/unaccepted_invitation_rollback.php,deb97752192f1ddd7e829be9468a71d9b2c9d3da16e907f9e66b8df1932d9b23,938
dev/tests/integration/testsuite/Magento/Logging/Block/Adminhtml/Grid/Filter/IpTest.php,708216351a518b7a5b0c2118d4bfe5b97f3254b0c4ab4d08c672a120fb91b24d,1177
dev/tests/integration/testsuite/Magento/Logging/Controller/Adminhtml/Logging/ArchiveGridTest.php,82c24306af28645e0010c4b5934e9cd7a0bdc362e45a13d17453705824a5146a,538
dev/tests/integration/testsuite/Magento/Logging/Controller/Adminhtml/Logging/ArchiveTest.php,0cd63b1ea229eeb0224605d844ffc3e27cef396ae0b65b540024aa16be5667ca,433
dev/tests/integration/testsuite/Magento/Logging/Controller/Adminhtml/Logging/DetailsTest.php,b92abb9e710e40b1781c0505d6ad1a76d78ad0d492a1cdd8165e85b1b448ee49,448
dev/tests/integration/testsuite/Magento/Logging/Controller/Adminhtml/Logging/DownloadTest.php,46292b3e91f8ab82ce719ffa34367080c7eaf446437d190fc197aae78a413a78,435
dev/tests/integration/testsuite/Magento/Logging/Controller/Adminhtml/Logging/ExportCsvTest.php,7f0f894b690d109b8f1e685e6e5eb5f52454850e91343067e7bf3061d5e0f1ba,452
dev/tests/integration/testsuite/Magento/Logging/Controller/Adminhtml/Logging/ExportXmlTest.php,3783d0fef202bdaf63dae7a8689d4757f3a7134ca682581c11cfaa991c04a836,452
dev/tests/integration/testsuite/Magento/Logging/Controller/Adminhtml/Logging/GridTest.php,ab33790ef1d43e4d9a2c04e4d9db7606cb9a03e632bbfa937de3b1fae866be07,442
dev/tests/integration/testsuite/Magento/Logging/Controller/Adminhtml/Logging/IndexTest.php,ad35b7198e4e3d1d1a821ad2f8c3dd23be13fd6f50f928fc3ef67bca3b9ecc4c,444
dev/tests/integration/testsuite/Magento/Logging/Model/Config/ConverterTest.php,d06ce0ab47d389fb73041b2aa1fd44cee89a8550ed952a223de8ebe89bc7eb43,2197
dev/tests/integration/testsuite/Magento/Logging/Model/Config/ReaderTest.php,c5a70beaa66447639e7e6c68c5d4ab6c01dc88e436e11a89976df5a4b5f2f776,1581
dev/tests/integration/testsuite/Magento/Logging/Model/Config/_files/Reward.xml,e8d02e148a20b06a5fdee78389d6146ee9bce007ea5d6c5b786344a65cd5c199,1773
dev/tests/integration/testsuite/Magento/Logging/Model/Config/_files/customerBalance.xml,534676e507143d459027343510f46ace676d03196afd8832c13647b38dbc0672,1393
dev/tests/integration/testsuite/Magento/Logging/Model/Config/_files/expectedArray.php,40a74a454106481169b7f834db91521cb21c00b5a03b45ccf0d5f0de9a6b4ede,3893
dev/tests/integration/testsuite/Magento/Logging/Model/Config/_files/logging.xml,13af9e4d33609d81f73ffcacf454ed26b032e0cf8e191f708217e446677c4dff,4242
dev/tests/integration/testsuite/Magento/Logging/Model/ConfigTest.php,ab9ec4509cdf10bd393ee587251cc357cf6ed75ba4af22634135b26d34ede4a5,1018
dev/tests/integration/testsuite/Magento/Logging/Model/Event/ChangesTest.php,1f495f9f4d221ab5f59a9bfb7acafd6c858e113d45b7f51686a4f43bc4b6e046,3033
dev/tests/integration/testsuite/Magento/Logging/Model/ProcessorTest.php,ef8cb7244cb15d231a8f662b5ca5588a62930fdf044b9a6902b71140e5ae0b9e,5906
dev/tests/integration/testsuite/Magento/Logging/_files/order.php,00c5ff7429dbdf33c3528a44261dd84a23720f9d9545defef3f9a6a90bb4c272,3399
dev/tests/integration/testsuite/Magento/Logging/_files/user_and_role.php,90737c034940301c56cc0d26ad052bb8ac457da5ed6a903f95a9d0d33b39e591,700
dev/tests/integration/testsuite/Magento/MultipleWishlist/Block/Customer/SidebarTest.php,e7eb9162b6c58b5caaf0233dddcf5d1059a73a237e010a2607304c45fbb3ba69,2885
dev/tests/integration/testsuite/Magento/MultipleWishlist/Block/Customer/Wishlist/Button/DeleteTest.php,158e07d99edbbd0aea5718b9fc2c69a5696e46299f3885c5b16dfe0a2adb5920,3039
dev/tests/integration/testsuite/Magento/MultipleWishlist/Block/Customer/Wishlist/Item/Column/ManagementTest.php,29120f02c255ef6c5118433e0556dc36cfa95d254c29831d055e698a186c4b48,3594
dev/tests/integration/testsuite/Magento/MultipleWishlist/Block/Customer/Wishlist/ManagementTest.php,5f592a2fe13787ff4265b7c45dba3eb616297a11e65d92e223047dac547af7dd,8559
dev/tests/integration/testsuite/Magento/MultipleWishlist/Block/Search/FormTest.php,f52b280b501fa0b7a0efcfffadcdac0973235d17c52aee7498580214a84b9384,2630
dev/tests/integration/testsuite/Magento/MultipleWishlist/Controller/Index/AddTest.php,109855595e17b8b2fae3ad39fee027b16bdc4ae80bde852a4c92376a963252c8,3133
dev/tests/integration/testsuite/Magento/MultipleWishlist/Controller/Index/CopyitemTest.php,0b82dd3ff55d9984bb67bc20640ee0b9670616a03c004119c027b3af5afc1b1a,5152
dev/tests/integration/testsuite/Magento/MultipleWishlist/Controller/Index/CopyitemsTest.php,5a08171946728a58db2e4e022b8272808428fdac5ed7018ddbf838a1fd343677,6542
dev/tests/integration/testsuite/Magento/MultipleWishlist/Controller/Index/CreatewishlistTest.php,f1000a90795ca5407caf097fe9ed4d9a7c50e7ef2a6827b205d9ed10d31cc3ea,3677
dev/tests/integration/testsuite/Magento/MultipleWishlist/Controller/Index/DeletewishlistTest.php,3802a3aa6f12ab7957f074bb2a146e455f9e7b640c6b21c6d115172db7d9c768,4413
dev/tests/integration/testsuite/Magento/MultipleWishlist/Controller/Index/EditwishlistTest.php,20eccd2c3ef28d1b5bd15e970caee1c22f44da6743abaa0d363986f5d4b7f45c,5278
dev/tests/integration/testsuite/Magento/MultipleWishlist/Controller/Index/MoveitemTest.php,14382e57caa63d00df49bd550be171416873b5d3a732369f7b2bdb2daa26dd5a,5315
dev/tests/integration/testsuite/Magento/MultipleWishlist/Controller/Index/MoveitemsTest.php,94edcb3468209f0c5cf5cb44ac3640f45c5b5245ba9b90fd672cff0fc78263da,6809
dev/tests/integration/testsuite/Magento/MultipleWishlist/Controller/Search/ResultsTest.php,47303baf6960ee8165967774d33585f202c2a28a43f9312537c42a54784e695e,2087
dev/tests/integration/testsuite/Magento/MultipleWishlist/Model/ItemManagerTest.php,e5f7fecce9069ceeae63151fe3ed9b3ece4e9036f2174c47d9e0f71f1952955c,6627
dev/tests/integration/testsuite/Magento/MultipleWishlist/Model/ResourceModel/Item/Report/CollectionTest.php,8d6db5622232fb0c3c2cf311fd759f87eeb3789557071643e2f1833cd6a225dd,2958
dev/tests/integration/testsuite/Magento/MultipleWishlist/Model/SearchTest.php,40eb5d376758ba7b9a18405fbf5c6352c0279a605735833cf23575c66907aae6,2718
dev/tests/integration/testsuite/Magento/MultipleWishlist/Model/WishlistEditorTest.php,6e7785bf73599a4f2fc17a9c2fcd1aa3ea4c54379f73123d6d6b1f14d7ecd447,5806
dev/tests/integration/testsuite/Magento/MultipleWishlist/_files/customer.php,e84d38cae4701aaa269a90385f413c982d0a2204e5951545cd4a8c33a9a90ef4,843
dev/tests/integration/testsuite/Magento/MultipleWishlist/_files/customer_rollback.php,c814afa43847986295f90f574476db7e332f00889d6c8bf1d0e79ce6a74817b9,942
dev/tests/integration/testsuite/Magento/MultipleWishlist/_files/products.php,9ca530fcd55ba60eb9549ec2a5d566b3e55ba1dfeba97039a6c90ce750b4748b,1754
dev/tests/integration/testsuite/Magento/MultipleWishlist/_files/products_rollback.php,04cd860043f3accdb1b47184977400b1d7fcdc3e97dbcbfa7c324c289999f3e5,778
dev/tests/integration/testsuite/Magento/MultipleWishlist/_files/wishlists.php,d7ce6827fa9db7e657ae2d6f11c28c5147438758da5869db0731f7a75f8422f0,1357
dev/tests/integration/testsuite/Magento/MultipleWishlist/_files/wishlists_rollback.php,58e397ff3106f331e4a5bae0b5fff5b54a9cc3131bf88daad52ed79d19cbf2d5,921
dev/tests/integration/testsuite/Magento/MultipleWishlist/_files/wishlists_with_two_items.php,e01783850691a1f465e70192c571c4437cac4703cfbeed659918175875f3a8e6,1825
dev/tests/integration/testsuite/Magento/MultipleWishlist/_files/wishlists_with_two_items_rollback.php,fbf058fb04f1899171efa4eab9dc4d039c2ce158a2ca0b40e03996bba2b456a6,506
dev/tests/integration/testsuite/Magento/PersistentHistory/Model/CustomerEmulatorTest.php,95c93636da29de7966da6a4bfa484397c4f08ba85e41d94ef405875664f05523,3823
dev/tests/integration/testsuite/Magento/PricePermissions/Observer/AdminhtmlBlockHtmlTest.php,081094352002daaa5010fc86d8aa87faeba2839db83ca00c2adfe899ec23f681,2908
dev/tests/integration/testsuite/Magento/PromotionPermissions/Observer/AdminhtmlBlockHtmlBeforeObserverTest.php,730389fcfd0ba5865c1293fdd9ec6117ac0a8f4e2961ed3c972f153204fd94b5,2329
dev/tests/integration/testsuite/Magento/Quote/Model/QuoteModelTest.php,17bbc2900e1cb292c2650963afcced9283c535647d334d56ae49e6ced527af07,3737
dev/tests/integration/testsuite/Magento/Quote/_files/add_giftcard_product.php,38d888b4824d1e8947a5319a552dbde5b901ba77491daa21bfa32e8860fe7038,1498
dev/tests/integration/testsuite/Magento/Quote/_files/add_giftcard_product_wo_message.php,d0669fd600d4b1adb9544a51776020028e50b89f998236ab52017f255b1f05fa,1458
dev/tests/integration/testsuite/Magento/Reminder/Block/Adminhtml/Reminder/Edit/Tab/GeneralTest.php,794e4679128e86d8229970c56b4cc3b8f5dd1ee5a7c7c39e47113b0625207f3f,2118
dev/tests/integration/testsuite/Magento/Reminder/Model/ResourceModel/Rule/CollectionTest.php,cfb9a80d66d606bcdc680c119396e9fc95e74b67de1bc4607b1b75db2efc674e,1523
dev/tests/integration/testsuite/Magento/Reminder/Model/ResourceModel/Rule/TemplateTest.php,df2af6572bf34e0d1b5c0cce24cbb12612b024dd06dd6b467c8ba441817f55e0,3337
dev/tests/integration/testsuite/Magento/Reminder/Model/ResourceModel/RuleTest.php,2d02ed9f003f8cad3ab72e140f5464536b7cca78285c88cfbf155f7a0b06900f,3783
dev/tests/integration/testsuite/Magento/Reminder/Model/Rule/Condition/CartTest.php,1bff1bc62b97e4c615de2412383d5a6ba6ca1836bae6cca23d4dc73c72ce4a05,2515
dev/tests/integration/testsuite/Magento/Reminder/Model/RuleTest.php,48e011da3834cd2fcea52a825c2d440f450b792565ef928cf705148721044a2f,1780
dev/tests/integration/testsuite/Magento/Reminder/_files/reminder_rule_based_on_cart_rule.php,83c1caf489b7223f0270472179fd98e2af56f326190b7ce67d625127dc95859b,1506
dev/tests/integration/testsuite/Magento/Reminder/_files/reminder_rule_based_on_cart_rule_rollback.php,020d659c759988d73b08b9a9cf6ebc4ba8dfbfe6573008c6a4a3c014ea8ad6fb,518
dev/tests/integration/testsuite/Magento/Reminder/_files/rule.php,7cbe7324208e17e0f68af70ecaff107d4de5f8a640fefa0e9485ab09914deed8,1839
dev/tests/integration/testsuite/Magento/Reminder/_files/rules.php,df129a0692c9c444b855a9605573a9387a78c9b47d3086bbaf0aa0dfbe447f59,1536
dev/tests/integration/testsuite/Magento/ResourceConnections/DB/Adapter/Pdo/MysqlProxyTest.php,9bf531d5076e8ee29a9a12abee2c671c4055bf5b61961c93e63a8c34a838927b,4259
dev/tests/integration/testsuite/Magento/Reward/Block/Adminhtml/Customer/Edit/Tab/Reward/History/GridTest.php,dd2030287cd2301d93fbcd7e2646bf28a3b27a33838579dc883ca3b3526a6283,2084
dev/tests/integration/testsuite/Magento/Reward/Block/Adminhtml/Customer/Edit/Tab/Reward/Management/Balance/GridTest.php,9000fa9eb5a416f01c96db70b9a738c09c92b045d6973e10d1245b07a74558a0,1995
dev/tests/integration/testsuite/Magento/Reward/Block/Adminhtml/Customer/Edit/Tab/Reward/Management/BalanceTest.php,973c0398414de68bd576471549565e46e5feddd388c1c65a95f6eb9e4a73673b,1636
dev/tests/integration/testsuite/Magento/Reward/Block/Adminhtml/Reward/Rate/Edit/FormTest.php,2a19dcd8bbe711bd849988d53b9bc12557c84cfee6ed006ca3f4c155aa03bba0,2262
dev/tests/integration/testsuite/Magento/Reward/Block/Customer/AccountLinkTest.php,51fd582b46b91774767e7dfdc83e5d1dcc409e39c68f3d62a8e5e3464c1acf61,2144
dev/tests/integration/testsuite/Magento/Reward/Block/Customer/Reward/HistoryTest.php,3cc4c95e555ab36bcfa5269224f7daf39591e40817576ba475f6851ab22ea750,2461
dev/tests/integration/testsuite/Magento/Reward/Block/Customer/Reward/InfoTest.php,2e4d9c39b880a0cfaeb04805c4d12015577999054ca3a8ea90bea8975551ea01,3651
dev/tests/integration/testsuite/Magento/Reward/Block/Customer/Reward/SubscriptionTest.php,f54a2e602d44a82634200e5f155b45c11f73ac8c361f591ebdc837a955667863,2944
dev/tests/integration/testsuite/Magento/Reward/Block/Customer/RewardTest.php,ea48c96bc2a2663ef7c4864f838626064225a0808e4399ff1f6cdf8fed4c98bb,1392
dev/tests/integration/testsuite/Magento/Reward/Block/TooltipTest.php,899fa29e8a52551bccd11b5f3b9436d2e3ca6d12c09de86f9e7fec20b952cc6a,3645
dev/tests/integration/testsuite/Magento/Reward/Controller/Adminhtml/Customer/Reward/DeleteOrphanPointsTest.php,ea3b11aa33615e276e7ae6672791777cdd374bc25b3753a6a910a2dc6072a908,1611
dev/tests/integration/testsuite/Magento/Reward/Controller/Adminhtml/Reward/Rate/ValidateTest.php,67161561a359e7c4f85a2eed0f988ef613da27e932ad4971e77d2ff7f20bc853,7377
dev/tests/integration/testsuite/Magento/Reward/Controller/Cart/RemoveTest.php,a507b0467bb0f9562518cf516a23103071278af0ab82ae0c16b4c63a2c69b73a,3504
dev/tests/integration/testsuite/Magento/Reward/Helper/DataTest.php,62a37dc8b78b043add9b65a906e51de2c5f80fffa9c09737dcdacc2a2fff809e,3696
dev/tests/integration/testsuite/Magento/Reward/InvitationTooltipTest.php,9637f0d664aefcd24c07f081bd50583aeddca5035270274075953a6b388a76be,1554
dev/tests/integration/testsuite/Magento/Reward/Model/CollectorPositionsTest.php,7875815e6eb9a85743dd390b85180dbb48368499eb77af77cda4b81606a5a327,1110
dev/tests/integration/testsuite/Magento/Reward/Model/Plugin/CustomerRegisterTest.php,446850b136f6a44280db8e7173031cb9304b5dbb909edf30b9f3750336c224d3,5728
dev/tests/integration/testsuite/Magento/Reward/Model/ResourceModel/Reward/History/CollectionTest.php,9f6f584f6476be4994ddcb9ae30bb3cc7446cdb680f4098c056edade86928f0d,1091
dev/tests/integration/testsuite/Magento/Reward/Model/Reward/HistoryTest.php,b9ecbb5245586b1fb9ab56641fa10f9acee096da8853a31e2a571d9f99ffe3af,1376
dev/tests/integration/testsuite/Magento/Reward/Model/RewardTest.php,ee0b58370f9e3f80ed9481070f9c6d69dbdb307586787658ca3ff63e771f6e85,5989
dev/tests/integration/testsuite/Magento/Reward/Model/Total/Creditmemo/RewardTest.php,1bf13123c5572976820ecb847d5baa13217c502c94e0534ff97056ef45e738b7,1308
dev/tests/integration/testsuite/Magento/Reward/Observer/CustomerSubscribedTest.php,2091d46c2bbd6af055202c4cfe7bc36ea777ca8fe82a39f7e50bbb3e888c914d,4775
dev/tests/integration/testsuite/Magento/Reward/Observer/InvitationToCustomerTest.php,d30cf1bc3636c387b2202a7f199b2080cc42a2792706d6ac6690abba083ad6da,2539
dev/tests/integration/testsuite/Magento/Reward/Observer/SaveRewardPointsTest.php,561e752b33686fac9caf8522e3f9b5cf19ea89b47e68d66259410830d0aef0c4,4508
dev/tests/integration/testsuite/Magento/Reward/_files/create_orphanpoints.php,492fb0389a721dc95e99e513b9e7d3228f4ab502520154975d9f6f5595181d37,1645
dev/tests/integration/testsuite/Magento/Reward/_files/customer_subscribed_for_update_notifications.php,2ed9a3f655e94c510a9f58b40a50f7d977f98f755eb6510c7646b0d8a9743c9b,737
dev/tests/integration/testsuite/Magento/Reward/_files/customer_subscribed_for_update_notifications_rollback.php,5fe5a3a8019ea6a60098c696efe08ecc7068b1192a1d4b7f0d46d536731eade1,290
dev/tests/integration/testsuite/Magento/Reward/_files/customer_subscribed_for_warning_notifications.php,57d2a0fa921561cdbb077ab26154032e170b51e186760c3890f60e8240611ddc,875
dev/tests/integration/testsuite/Magento/Reward/_files/customer_subscribed_for_warning_notifications_rollback.php,5fe5a3a8019ea6a60098c696efe08ecc7068b1192a1d4b7f0d46d536731eade1,290
dev/tests/integration/testsuite/Magento/Reward/_files/history.php,fb02e3fbe6a2e11d7140f587a3295cf02773842531052dbc48c4a6df16ddda56,799
dev/tests/integration/testsuite/Magento/Reward/_files/invoice_order_with_reward.php,028c9a756b3e89bea81e91340121c9c3d03b14212385e5a57ebce4537c524c22,1365
dev/tests/integration/testsuite/Magento/Reward/_files/invoice_order_with_reward_rollback.php,d9341afea6dd789df31d2410d067bc2d6a5c8655d6875a37a793b2f9f2d350e5,284
dev/tests/integration/testsuite/Magento/Reward/_files/magento_reward_customer_info.xml,0ad767569c057ceb1e035e29feb6a315091c243f37dfaa56fab6448654264ee1,915
dev/tests/integration/testsuite/Magento/Reward/_files/main_website_reward_exchange_rate.php,0b2112d813e7c25a6f19d3fa2bda7ec6800f7647f9c43ce6d9e229fa096ef127,502
dev/tests/integration/testsuite/Magento/Reward/_files/main_website_reward_exchange_rate_rollback.php,cec1f9eb278dcea894eb12f3439dbd1725fe8595faa69d857db82954fcac62cf,671
dev/tests/integration/testsuite/Magento/Reward/_files/multiple_rates.php,49e31a0f04600ec24a9395b462f8c66652855f6bfc2f4965ca583d56535908d0,913
dev/tests/integration/testsuite/Magento/Reward/_files/multiple_rates_rollback.php,777339b360f7bf23cf904f33bc5235369a9c1a2795568d8722cd336be6baba24,1064
dev/tests/integration/testsuite/Magento/Reward/_files/order_list_with_reward_info.php,0aee9b7b406760cbb9964e7b690587c0f606ba6eb458c8e9219691fa60998f23,1078
dev/tests/integration/testsuite/Magento/Reward/_files/order_list_with_reward_info_rollback.php,d9bc910da4e532e741280acb6387f1e4896ae292e4f646222f0a3cf73bd34cf0,289
dev/tests/integration/testsuite/Magento/Reward/_files/order_with_reward_info.php,b152dfda2d7ba4410f22b38de52a5ba99070db291c6e7ad94b97ec97654c90a3,892
dev/tests/integration/testsuite/Magento/Reward/_files/order_with_reward_info_rollback.php,d9341afea6dd789df31d2410d067bc2d6a5c8655d6875a37a793b2f9f2d350e5,284
dev/tests/integration/testsuite/Magento/Reward/_files/quote_with_reward_points.php,0b9921ae6820ecce0ea7052ee67af6fe6b95108d692d2c4256b9fc3e5d3fbeaf,1597
dev/tests/integration/testsuite/Magento/Reward/_files/rate.php,b226a431e6d46fdbbced3364876efa8c31e73ed4a2975a7719baa465da15f572,464
dev/tests/integration/testsuite/Magento/Reward/_files/rate_rollback.php,13b4bc80c97667d200f45a0972ea6706cedeff8103b357a0d1f62f182eca5590,733
dev/tests/integration/testsuite/Magento/Reward/_files/reward.php,1216de458683857fe298b139bb0ff24c2b21a98768be72aad14f68161f3e88c5,499
dev/tests/integration/testsuite/Magento/Reward/_files/reward_points.php,2b7570c576226146a6be79c4b524d06f7d519e4337abc6af115d5007a2015780,1229
dev/tests/integration/testsuite/Magento/Reward/_files/reward_points_config.php,48e1cfea9b37270fb86989b60c8fd7408757da2a2dcbf04da70c0199b94fce4e,684
dev/tests/integration/testsuite/Magento/Reward/_files/reward_points_rollback.php,5fe5a3a8019ea6a60098c696efe08ecc7068b1192a1d4b7f0d46d536731eade1,290
dev/tests/integration/testsuite/Magento/Reward/_files/reward_rollback.php,5fe5a3a8019ea6a60098c696efe08ecc7068b1192a1d4b7f0d46d536731eade1,290
dev/tests/integration/testsuite/Magento/Rma/Api/CommentRepositoryInterfaceTest.php,d12b77a371d5438f5817c6a0805aea7648fd7aaac0359059ef8d4cfdbdd59fff,2657
dev/tests/integration/testsuite/Magento/Rma/Api/RmaRepositoryInterfaceTest.php,c3521dbb6bd2e738d271181e121f572d566534fef5de709b57b48595a7429bba,4602
dev/tests/integration/testsuite/Magento/Rma/Block/Adminhtml/Edit/ItemsTest.php,1e869333bc62448ae9dba5ab0552af13c7092c30a00f070426247eff4a32de53,1725
dev/tests/integration/testsuite/Magento/Rma/Block/Adminhtml/Rma/NewRma/Tab/Items/Order/GridTest.php,bc9754b63a8788fe26d4d8d59d9f1c25000636e9d16ea8f542309378bb54f06b,2035
dev/tests/integration/testsuite/Magento/Rma/Controller/Adminhtml/Rma/Item/Attribute/SaveTest.php,a59d0fc49911ef41670c4e2aa1ad958341b31a47dc4b40347dd1c0fba1566171,1378
dev/tests/integration/testsuite/Magento/Rma/Controller/Adminhtml/Rma/Item/Attribute/ValidateTest.php,be39c21c2c4f44ab84d596646c6dee6e70cbd1e5fe84ea043ab95cc892b99ace,1431
dev/tests/integration/testsuite/Magento/Rma/Controller/Adminhtml/Rma/ShowShippingMethodsTest.php,b3e1dd67179458c415bfb55bf3e865dac0d5d0e67918273ffc482951ab329a07,2730
dev/tests/integration/testsuite/Magento/Rma/Controller/GuestTest.php,5c2f9e875beeb5e78d25d34c2b81dd35a0b05eab81a845cf1263538d1f7fc0ef,1750
dev/tests/integration/testsuite/Magento/Rma/Controller/Returns/SubmitTest.php,1dd0c18a33be410000b2c8f5bcc2ae326b28d01df5ffed85f438880b1a6f033a,6203
dev/tests/integration/testsuite/Magento/Rma/Controller/ReturnsTest.php,bd662c98b7f2df1e68102764c37b312e041b5238d1e3063c67db0a70e059bf34,2357
dev/tests/integration/testsuite/Magento/Rma/Controller/Tracking/PackageTest.php,9436654cca243bf88e043f8ea6ab7daf39145a362e60d17b36a0c6e46218bbdd,2344
dev/tests/integration/testsuite/Magento/Rma/Fixtures/LabelResponse.xml,2c0cc8ce4b2637a01bd6f4812ffb2a45a9e62c97f3bb658c72b9d34a100f56ee,9540
dev/tests/integration/testsuite/Magento/Rma/Helper/DataTest.php,8c556c451a916df166abb5c3693b1bdd35b70ac692828ecea6ea09e29562c8b9,1711
dev/tests/integration/testsuite/Magento/Rma/Model/CollectRatesTest.php,55e2a0841138b085cd9d6595c4e00284ad96316aff4580870a3fd274b9cf7ddb,1976
dev/tests/integration/testsuite/Magento/Rma/Model/Item/AttributeTest.php,f6e2d66434d55e2c9afac4d0754914eeed4a860787aef3d81947c3aaf3aa84de,2653
dev/tests/integration/testsuite/Magento/Rma/Model/Item/FormTest.php,f414bad48c5cf10a8b5b6a99e279002f32ce4e544f159b119b98801a89d61a51,718
dev/tests/integration/testsuite/Magento/Rma/Model/ResourceModel/ItemTest.php,19037336cc5ff389e8abac76dfb0d86e31d1076acf2f24fc613dd5d820f8cc62,4525
dev/tests/integration/testsuite/Magento/Rma/Model/RmaRepositoryTest.php,8935db4f160174ca07c3172146b477b7cb600c2c4463252aeddddc356307ef3c,2562
dev/tests/integration/testsuite/Magento/Rma/Model/RmaTest.php,52c144d064c13a7e2d7ad8cf855c919e57678eea8d425419d9c367de0e691be2,2488
dev/tests/integration/testsuite/Magento/Rma/Model/Shipping/LabelServiceTest.php,14ac06853b92020ff20885b5229154ebfe3d34841239f0d62a85e24ca2cc3328,7319
dev/tests/integration/testsuite/Magento/Rma/Model/Status/History/RepositoryTest.php,8a51970d8428aed08381cc4c5d7b317db678d9ce46b367a11d3c1c6596af27c5,2471
dev/tests/integration/testsuite/Magento/Rma/Model/Status/HistoryTest.php,17df08d3dcb9786f7fce6738376615574aa9ea55222250c0e57ca4b0761c796a,2742
dev/tests/integration/testsuite/Magento/Rma/_files/adminhtml_rma_chooseorder.xml,b34d4ec5306d22636ddf646173561bdd9066848d2f2f0e3471e3bf8b42b8644c,687
dev/tests/integration/testsuite/Magento/Rma/_files/adminhtml_rma_edit.xml,da1e9b9e64631fd85bfa3da704cfd2a958dada5f8ab5d2d05bc81e1d15cd25cf,3372
dev/tests/integration/testsuite/Magento/Rma/_files/comments_for_search.php,6556a589228406884329c31488ca75504602425ada9c50e20223fa91aa0324ab,1818
dev/tests/integration/testsuite/Magento/Rma/_files/order.php,4f6e0bbb78ddc4c00655407a22a19987ba56888f0a5a2b18e5fe45a38f495c7c,1892
dev/tests/integration/testsuite/Magento/Rma/_files/order_configurable_product.php,43ffa24a0e743694fffe892e4638342068801c1a536e9060c6cb269c34e67666,1064
dev/tests/integration/testsuite/Magento/Rma/_files/order_to_rma_for_restricted_admin.php,8d300d1228de868da2021ff1c736024b96c9cabbe3a5a170097bd435b6b02d07,5214
dev/tests/integration/testsuite/Magento/Rma/_files/order_to_rma_for_restricted_admin_rollback.php,3f54183c4f1c14cdc174a649e7908c8a6eb0cafb4767ba18d56786cac480dde5,1599
dev/tests/integration/testsuite/Magento/Rma/_files/rma.php,1739b3922f5149ee3158be7662e624df0b3c6017dc955945274b9e44788e21b6,2232
dev/tests/integration/testsuite/Magento/Rma/_files/rma_fixture_store.php,a28bfc98e23f2f5de967b4bb73a17b33940c4f70b84f8303e4dca4f61ba1ae5a,1654
dev/tests/integration/testsuite/Magento/Rma/_files/rma_fixture_store_rollback.php,20fc21d81925c9e18ed745e08d331cf5216e370404e6ef7043a73d59ede69f2d,932
dev/tests/integration/testsuite/Magento/Rma/_files/rma_for_ship_label.php,238180c5f4814f3f8af5059bc1750db639eae76f42db70d47df26a5392b49ae1,1539
dev/tests/integration/testsuite/Magento/Rma/_files/rma_for_ship_label_rollback.php,63c228225d10301ac2e730456a721fe76742ced34648809fc6b6c712c29dc6cd,997
dev/tests/integration/testsuite/Magento/Rma/_files/rma_item_attribute.php,c901e3faad20bc9b88b7526456113be7fe5d2e4e190de95ca7b8b0221bcd456b,849
dev/tests/integration/testsuite/Magento/Rma/_files/rma_item_attribute_rollback.php,5ab929bd79766ec939bcf993dad468c5c2485fe179b8d3f075160eaaf905b681,1103
dev/tests/integration/testsuite/Magento/Rma/_files/rma_list.php,a9dd59a2bbdf03467e835e514e4c291f10e4bcca1e317e55d56c4b2dd3cf0222,1042
dev/tests/integration/testsuite/Magento/Rma/_files/rma_list_rollback.php,63c228225d10301ac2e730456a721fe76742ced34648809fc6b6c712c29dc6cd,997
dev/tests/integration/testsuite/Magento/Rma/_files/rma_rollback.php,b7e0b457201275ae710acd62eb4de01a3655b673474a17db3420b12327ea8810,357
dev/tests/integration/testsuite/Magento/Rma/_files/rma_with_package.php,f947ac2c8bb0dde6c70cb2ead6ff49f412d195e6d9786986dea1f66fd8051b12,2163
dev/tests/integration/testsuite/Magento/Rma/_files/rma_with_package_rollback.php,b3c725475e1c5ce7791df9d71b31fb6fc379c8ef4ad2cb7972108c0a934a6ba2,281
dev/tests/integration/testsuite/Magento/Rma/_files/rmas_for_search.php,041d22bc1030119916e6596dc492ab38f497de4dcb76af7cfb84c43e7c19c6fc,2007
dev/tests/integration/testsuite/Magento/Rma/_files/rmas_history_status_for_search.php,a8a14daeddde04ede9b9320813e53b14d35d96d80947b810c9e117371b01482d,1802
dev/tests/integration/testsuite/Magento/SalesArchive/Controller/Adminhtml/Archive/AddTest.php,d7546600b6167aabdd0f79c4b59bc5540e30c78ed291b6884ac8be8f05375320,537
dev/tests/integration/testsuite/Magento/SalesArchive/Controller/Adminhtml/Archive/CreditmemosTest.php,ca98bff456edad775aa0f220ac888b3ab37c713ab7f28783993d70993e03ebed,455
dev/tests/integration/testsuite/Magento/SalesArchive/Controller/Adminhtml/Archive/InvoicesTest.php,21ca3b546074de3831507095dfc0d4ad81de05a25b69c507c740dc6829af8270,446
dev/tests/integration/testsuite/Magento/SalesArchive/Controller/Adminhtml/Archive/MassAddTest.php,238999633a7ac6211bd03df41a9a1ec7a75c8b0c1b65d88b22345e8afa3c7835,638
dev/tests/integration/testsuite/Magento/SalesArchive/Controller/Adminhtml/Archive/MassRemoveTest.php,73a87b82304b0941fd79b628663b0fcccdc603c25823108a039b93e56ce91be4,448
dev/tests/integration/testsuite/Magento/SalesArchive/Controller/Adminhtml/Archive/RemoveTest.php,8a360afef100a30fbd4fdcedae36104ea18958cf104776fedcf4b9d1550e8947,440
dev/tests/integration/testsuite/Magento/SalesArchive/Controller/Adminhtml/Archive/ShipmentsTest.php,3ca109a3e521a1b10a52001af2b524d6ffd07559c9e2963dc69e6918876cc18b,449
dev/tests/integration/testsuite/Magento/SalesArchive/Model/QuoteManagementTest.php,d81ca09bf09e345a412273df56915c959eea8e1cbc49cc1d5882fc7e0885eaa8,4872
dev/tests/integration/testsuite/Magento/SalesArchive/Model/ResourceModel/Order/CollectionTest.php,5e9d522aefeab0e76cb30d6b7d61477d361a9cc044a86e57abd63b3f308f6ae6,561
dev/tests/integration/testsuite/Magento/SalesArchive/Plugin/ArchivedEntitiesProcessorPluginTest.php,76fdac385049a45a3346000558d4a268ef9d853d2bacca7cf616303059ee6cd6,2036
dev/tests/integration/testsuite/Magento/SalesArchive/_files/orders_with_customer.php,61d2ded5709b743717440d4a65e2d29d140bd210c7d88fdbbf3bf424e51aa0d7,2989
dev/tests/integration/testsuite/Magento/SalesArchive/_files/orders_with_customer_rollback.php,c4ee76ec3eb8329e73ae9372221417e40d093e0c0af5bfb63f03fd006ca83ee0,764
dev/tests/integration/testsuite/Magento/SalesRule/Model/UtilityRuleWithCustomerSegmentTest.php,5b4e5c332bd475cb5db2257cd3d96e62913eec14590abf735171a9400846f8ce,4890
dev/tests/integration/testsuite/Magento/SalesRule/_files/cart_rule_20_percent_customer_segment.php,1c71b7f81392a4533b5b8af944c7f87ce9a0412b60edd049371ea80c0b0fc824,2016
dev/tests/integration/testsuite/Magento/SalesRule/_files/cart_rule_20_percent_customer_segment_rollback.php,8fdb98ca25c68ac92eca7a55d9acd400ea449546215c0c1b426af4d109e9e169,847
dev/tests/integration/testsuite/Magento/SalesRule/_files/cart_rule_25_percent_customer_segment.php,c0c7de1ff051290283ecfa86055d242d5d7bd66c4ef61b643f09654db519083b,3405
dev/tests/integration/testsuite/Magento/SalesRule/_files/cart_rule_25_percent_customer_segment_rollback.php,acb51d996a3aa2cd30a9c820f94d6b2e766f5b5fd3c7b7a2b497c667a2ed1dcb,1227
dev/tests/integration/testsuite/Magento/SalesRule/_files/cart_rule_tablerate_free_shipping_by_category.php,c832f2fd2e75de8cad0be97096db5bce97dfbf0147a4fcea3b56bf6934fb3421,2334
dev/tests/integration/testsuite/Magento/SalesRule/_files/cart_rule_tablerate_free_shipping_by_category_rollback.php,88b95897a8d560d4c92315d3e0fe6d85a96a68ff84f71387ee48153ab31a70a6,431
dev/tests/integration/testsuite/Magento/SalesRuleStaging/Model/Coupon/ExpirationDateResolverTest.php,299b6215e81e750d5b5c5a435715f6cae3702e8312b241052c2b5dbb9683f6d1,2149
dev/tests/integration/testsuite/Magento/SalesRuleStaging/Model/StagingApplierTest.php,89d9fd325388a0c8acc623332f457a927bc7c6ee2baa77be2faa3130f6d6effc,1249
dev/tests/integration/testsuite/Magento/SalesRuleStaging/_files/update.php,75eaf69ee6f6469a07d89a4765976a47e2196a4a971c984c688a3e7d0559ff60,1464
dev/tests/integration/testsuite/Magento/SalesRuleStaging/_files/update_rollback.php,460ab484d660ec7c601f6d2f4411690ead9ac0d149fe9e1ec67780b6204b7125,538
dev/tests/integration/testsuite/Magento/ScalableInventory/Model/ResourceModel/QtyCounterTest.php,15785cc4c4cc6e2b94a5d214ba3900c4a8a481fcaca2b7f2f2c694d6351e2b61,9934
dev/tests/integration/testsuite/Magento/ScalableInventory/_files/enable_backorders.php,ff63160260f675f3b5af1145e892058835b6665a6fb7d7212ec1880676b5b524,789
dev/tests/integration/testsuite/Magento/ScheduledImportExport/Controller/Adminhtml/Scheduled/OperationTest.php,34c5de3a44483f98e25dc78ee27cd5ad336cbc25cfe2a88ca69385d71645434c,5314
dev/tests/integration/testsuite/Magento/ScheduledImportExport/Cron/ScheduledLogCleanTest.php,b1c21f90cc2ceb0622ff3c02e0b00141d6df4d281307ed8a1c67b62da30bd9fa,2563
dev/tests/integration/testsuite/Magento/ScheduledImportExport/Model/ImportTest.php,a1af03e631275cc0179b8723a93fd8a41180ce54132ef86da27c9c2dc8d7a17c,4027
dev/tests/integration/testsuite/Magento/ScheduledImportExport/Model/Scheduled/OperationTest.php,b7b387b827a1b9226f92bb4b28198e39234a24c050f539ba3d9ac795e5347ee0,5268
dev/tests/integration/testsuite/Magento/ScheduledImportExport/_files/customer_finance.php,820806519f927b4ec3a265a8a1d6cd16cc1490b1e797fabb6e565cd1b931dfa9,3432
dev/tests/integration/testsuite/Magento/ScheduledImportExport/_files/customer_finance_all_cases.php,b71033830fe77964737f775cf9bb54317343e8dc9f9d7aaedecbc79fcfd41d2d,5795
dev/tests/integration/testsuite/Magento/ScheduledImportExport/_files/customers_for_finance_import_delete.php,7e171fc6136d3acdb7d365fb9b6ee0673117d9d817706b83828e96edb0d5ab43,9113
dev/tests/integration/testsuite/Magento/ScheduledImportExport/_files/operation.php,e42c40155ce944d84029d1f947aad8dff003ee258d687b74f8b218290bfb5fa3,1034
dev/tests/integration/testsuite/Magento/ScheduledImportExport/_files/product.csv,d4f41c19aee1a49905b24ff70763f3f3bae99da1f185f0aeed547a51dd0ea2ff,1875
dev/tests/integration/testsuite/Magento/Setup/Console/Command/_files/edition,828e733b00a09b99484b7c9347e56cc69d60348e2a752f8c3f9798fbbcccc556,3
dev/tests/integration/testsuite/Magento/Staging/Model/Event/ManagerTest.php,8b25e6923487c44f59372e306f4faffec9a103332d0e85b6dd2538f74a5f5f5a,4486
dev/tests/integration/testsuite/Magento/Staging/Model/Preview/RequestSignerTest.php,a3bb3ed4bdb21f16472bd8fe77552bbd11fc2d722b961c5f703a97ec81bec22e,7366
dev/tests/integration/testsuite/Magento/Staging/Model/ResourceModel/Db/CampaignValidatorTest.php,1b6788287bd09f5e213746786cddd637b39d220dad6db3bd31eb0a822c7323d8,2624
dev/tests/integration/testsuite/Magento/Staging/Model/ResourceModel/Db/ReadEntityVersionTest.php,bc8c502c83bcd0f9875a2e66842bdc0688f91a8f22e42ec22ec6e91540a99511,2936
dev/tests/integration/testsuite/Magento/Staging/Model/ResourceModel/Db/UpdateTest.php,ab383989731666e7c7f5ae3674ca2d47e08c9b3d9d09f6eae20a6e03951ae440,1904
dev/tests/integration/testsuite/Magento/Staging/Model/SynchronizeEntityPeriodTest.php,43eed9093bee188bb9405a3ecff5d800f728a33816eee89a6b2d7a3309186ad7,8846
dev/tests/integration/testsuite/Magento/Staging/Model/Update/CleanerTest.php,017ee5d377c223ac47bab3d112fe3f6993eece4f07cfe8ce5f056a90464bf785,3185
dev/tests/integration/testsuite/Magento/Staging/Model/Update/Grid/SearchResultTest.php,964dbad9556d6faaa7c36bb0359ddd0bbad78068bffe9cff164afa16524bac7b,1995
dev/tests/integration/testsuite/Magento/Staging/Model/UpdateRepositoryTest.php,84e5dbdc8489504c6707e99a06da6118df6891f49855bb12cacedc535197b98a,3213
dev/tests/integration/testsuite/Magento/Staging/_files/cleaner.php,0c0df4ea71396cdcd6df4c681f053c0298e9a477707979d4f14ad923e8e0e7d2,1140
dev/tests/integration/testsuite/Magento/Staging/_files/search_staging_update.php,56ae52f228064ac7d585cacd9faddfd8363d6ca9d8f807428bf34a3b0a9b5834,1202
dev/tests/integration/testsuite/Magento/Staging/_files/search_staging_update_rollback.php,01903833bce4fcf951eb28c8e95a3b9f6289ea8e71ad022bc21aa4080a3859f6,633
dev/tests/integration/testsuite/Magento/Staging/_files/staging_catalog_product_entity.php,165823abe359ab1ec69665d229121306ff68e167921a873c014e918237a5265a,1438
dev/tests/integration/testsuite/Magento/Staging/_files/staging_catalog_product_entity_rollback.php,e3215d162d95a7debf7f0ea70f4f26737514947a39d680df0a0fd2964895af14,775
dev/tests/integration/testsuite/Magento/Staging/_files/staging_entity.php,2651d4f62cfb13a62193212ca846061cd97968c2fa88cb1e1ca66dd308e0b6e6,2281
dev/tests/integration/testsuite/Magento/Staging/_files/staging_entity_rollback.php,ada616418acfd5b822069d44debc6fae8575fbacaa4c1216b14c86a7fe4a23be,819
dev/tests/integration/testsuite/Magento/Staging/_files/staging_entity_two_campaigns.php,dbc3d399ecae0c091e1e5b09eb28310d222f65fe72b10a4bb4fce6d6a0b73696,2637
dev/tests/integration/testsuite/Magento/Staging/_files/staging_entity_two_campaigns_rollback.php,ada616418acfd5b822069d44debc6fae8575fbacaa4c1216b14c86a7fe4a23be,819
dev/tests/integration/testsuite/Magento/Staging/_files/staging_entity_with_updates.php,d8782c63d10ca31eed9b82aa3099d3dae6d8183b13a542c318ab9f54564fc149,2431
dev/tests/integration/testsuite/Magento/Staging/_files/staging_temporary_update.php,f3ee8361c6a1a5e9e005709dd9a59be99b974b1a2bc3166c491f9ce1686d53bc,1018
dev/tests/integration/testsuite/Magento/Staging/_files/staging_temporary_update_rollback.php,8a06f397c9c79cd546aa4335cdd39ae5a9a11046522240c1392680f2fb5fd91c,295
dev/tests/integration/testsuite/Magento/Staging/_files/staging_update.php,94ce011937cbe4bb98cd4949d532369f48152104e4328d45c567c129422cf67b,2404
dev/tests/integration/testsuite/Magento/Staging/_files/staging_update_rollback.php,6b6b7e9d707f92432179322db466ec20ee0e0fd146df1527660de939c5005d14,641
dev/tests/integration/testsuite/Magento/Staging/_files/staging_update_tomorrow.php,1943b2b57b22ed8653edfded37fc3558bcae6a8f09b73265a9dd466d27e63309,723
dev/tests/integration/testsuite/Magento/Staging/_files/staging_update_tomorrow_rollback.php,000432bf1a1d6c3e46d143e103e9a25bded931857b06a921f851996837a59331,269
dev/tests/integration/testsuite/Magento/Staging/_files/staging_update_two_campaigns.php,10d2f6369031a2cba626bbc461e44e926825172777d495a7ceb1e440ba63c3d4,1835
dev/tests/integration/testsuite/Magento/Staging/_files/staging_update_two_campaigns_rollback.php,6b6b7e9d707f92432179322db466ec20ee0e0fd146df1527660de939c5005d14,641
dev/tests/integration/testsuite/Magento/Support/Helper/ShellTest.php,0f53a6e16947fa41f9193032c3bb136f4cd9bada6f6707263fe8c3734f60079a,3675
dev/tests/integration/testsuite/Magento/Support/Model/Report/ConfigTest.php,36ea475a5540b029b892cefc3f3febc45fd7d2ba5b3b0f8401c4e8c58ac32f88,3009
dev/tests/integration/testsuite/Magento/Support/Model/Report/Group/Cron/CronJobsTest.php,6ff872790193293ca4156672e921156c86bd26486482f115e2ffdbdbe025b56e,1320
dev/tests/integration/testsuite/Magento/Support/Model/Report/Group/Data/CorruptedCategoriesDataSectionTest.php,51480a1aaac3b65e9aaa07d2f866a3588fc4279e8b58b8a1a28aeaaa3879a106,4282
dev/tests/integration/testsuite/Magento/Support/Model/Report/Group/Data/DuplicateCategoriesByUrlSectionTest.php,da73dd30aba72399007405cdd1e9a0c9990a7dbd7d31de636d5d8d4507042a25,3069
dev/tests/integration/testsuite/Magento/Support/Model/Report/Group/Data/DuplicateProductsBySkuSectionTest.php,984249c361590936287c5ea744fcd78580d3abde10f6e81f6c54bd9293078ec7,2193
dev/tests/integration/testsuite/Magento/Support/Model/Report/Group/Data/DuplicateProductsByUrlSectionTest.php,c26629959b651b63f71cd4fb8356481d70b9e48c40444b7813450af8b4a6debd,3422
dev/tests/integration/testsuite/Magento/Support/Model/ReportTest.php,0be34b30b2db63e5f040b68ef62488ac727f303bbaf29d0d3039c143aa1ad002,1415
dev/tests/integration/testsuite/Magento/Swat/Controller/Adminhtml/Dashboard/LaunchTest.php,0e19ab2b4d3088dad052442861cb1e34ef82b874e46863a0725ccd13938fa0f0,3200
dev/tests/integration/testsuite/Magento/Swat/Controller/Key/IndexTest.php,32b074267c1f794d410acd83041fe9c07bef121cd4d04c3d37a48b600b090543,3761
dev/tests/integration/testsuite/Magento/Swat/Controller/Name/IndexTest.php,e862c67cc540f25a39d0339be95ac0e41cb768244e0216b012087b50e32b7d3d,2729
dev/tests/integration/testsuite/Magento/Swat/_files/create_jwts.php,2e02225abb59577c1a1f7533be20e5b223406eadc324335f193c28ac16c29ec1,2610
dev/tests/integration/testsuite/Magento/TargetRule/Block/Adminhtml/Targetrule/Edit/Tab/MainTest.php,131e54d84666b13110c265e4eeddfc8357d8f0ea85a5ff6fe5f27cff9f582658,4463
dev/tests/integration/testsuite/Magento/TargetRule/Controller/Catalog/ProductTest.php,df6676d3bcb9117a790b2602ec78b39115b233035b2ed4d0c5d9210744b36ffc,4798
dev/tests/integration/testsuite/Magento/TargetRule/Model/IndexTest.php,a08084f49c4a5f88a94836d1f9369501b54f9f92c1cd3071a9e6ab52f94060e2,6302
dev/tests/integration/testsuite/Magento/TargetRule/Model/Indexer/TargetRule/AbstractActionTest.php,d8093585a647cf4d9d04ece4039309ba871a5d09d1da69b9d0f277ed44ba06d2,1989
dev/tests/integration/testsuite/Magento/TargetRule/Model/Indexer/TargetRule/Action/FullTest.php,e0cad6eb0f6bdfe342691e328fd7179782e84f70ffaa8d9861721bdc131876e3,1450
dev/tests/integration/testsuite/Magento/TargetRule/Model/Indexer/TargetRule/Product/Rule/Action/RowTest.php,42b211247baa9058a9b87248133a51e6fb8fb9477dc49307792830f437f85e37,2467
dev/tests/integration/testsuite/Magento/TargetRule/Model/Indexer/TargetRule/Product/Rule/Action/RowsTest.php,3ab6fe058ea25e7798766a5f36fb1318347ceaf0f761e15f28983d6db9028cc1,2786
dev/tests/integration/testsuite/Magento/TargetRule/Model/Indexer/TargetRule/Rule/Product/Action/RowTest.php,2e4e9ed889cd5c6e222daa2db57340e206a211f9006cf4da4141815b512bdebb,4956
dev/tests/integration/testsuite/Magento/TargetRule/Model/Indexer/TargetRule/Rule/Product/Action/RowsTest.php,a536eefb65017e7692ecbe1b0eed0e2d31635c7afc32538e771c6a4d12314375,1677
dev/tests/integration/testsuite/Magento/TargetRule/Model/ResourceModel/IndexTest.php,03dd421faac6fe856c42092dc4212a6a2ccd9f976b643e28c4d9d4ec56b044af,1875
dev/tests/integration/testsuite/Magento/TargetRule/Model/ResourceModel/Rule/CollectionTest.php,e8d0c28637922197636c19d825f7e82d1d6720225151e169d6ce01a85061737f,1334
dev/tests/integration/testsuite/Magento/TargetRule/Model/RuleTest.php,b9c5bffb2ce71ad1559b50c4dd252c6bc379bbc5ce6ae24cd88630506a14d947,8963
dev/tests/integration/testsuite/Magento/TargetRule/_files/products.php,9d002b6837a8514b7d97b946f3e521af9f5eb1825f49b4a4723a6a5aef88443a,3223
dev/tests/integration/testsuite/Magento/TargetRule/_files/products_rollback.php,fe0c52772565f07c85264d8a66fa314edfccb4345b17ca7d29664b1328703e44,1117
dev/tests/integration/testsuite/Magento/TargetRule/_files/products_with_attributes.php,476e15a29fd15f54be609a606636c874ef0da312b8af4c8f98dc66186cc43bd3,4897
dev/tests/integration/testsuite/Magento/TargetRule/_files/products_with_attributes_rollback.php,2573275ca58788b8139be894b2d19d8624677cb367f42bd104b3eb71bdbbdd49,1659
dev/tests/integration/testsuite/Magento/TargetRule/_files/related.php,59f165bd95ecaf48670b919f77f2ae3ddf77a946088f4e63abb67d79de504b52,564
dev/tests/integration/testsuite/Magento/TargetRule/_files/related_conditions_attribute.php,1f9962046f9ca3f6399329e990e39acc945d31d1e8ee168f083d27bf3291f6b9,1368
dev/tests/integration/testsuite/Magento/TargetRule/_files/related_conditions_attribute_rollback.php,d2af1dad6476b6e3e1a088d5cbfb9b19e08b47cbf5d8826ce669ae1e4950e84b,1434
dev/tests/integration/testsuite/Magento/TargetRule/_files/upsell.php,b85df2e3eb52ff307e6b4916c17a5655c2a1fb9c96f4e7960f0ef472153333a5,600
dev/tests/integration/testsuite/Magento/TargetRule/_files/upsell_rule_with_customer_segment.php,3638441d364444064a7035979554290d4b05925f174350b9f3e7eabfb152d27d,949
dev/tests/integration/testsuite/Magento/Test/Integrity/Magento/AdminGws/ConfigFilesTest.php,7fcdbe4fff5d80d9ab21744859b702c3dd1f7e9c00b7793d2d2adf295051eea5,4001
dev/tests/integration/testsuite/Magento/Test/Integrity/Magento/GiftRegistry/ConfigFileTest.php,a54859fcf4d21a1250ec0807a3d7a89426fc3c0c83181447fb7c3ef2b4f9e5bc,1942
dev/tests/integration/testsuite/Magento/Test/Integrity/Magento/Logging/ConfigFilesTest.php,b2533fa5d01b287c5b0113712ada0cd3f35d0b75e07ae89e171d2244734b7f1b,1246
dev/tests/integration/testsuite/Magento/Test/Integrity/Magento/VersionsCms/ConfigFilesTest.php,3d8f61bfea8f0e31c7fbf668a32da35988cbdaba92bb124211627b9e1e8166e5,1788
dev/tests/integration/testsuite/Magento/Test/Integrity/Magento/WebsiteRestriction/ConfigFilesTest.php,b785086cbb22f2c992441de95ce2922c7f7beecddad5bbfcf655fbc8f182d026,1890
dev/tests/integration/testsuite/Magento/VersionsCms/Block/Adminhtml/Cms/Hierarchy/Edit/FormTest.php,8e0ca7fd54c07b9c7caeb19987d96abd9034d3a76dfc32fbf747e1768a80767e,4886
dev/tests/integration/testsuite/Magento/VersionsCms/Block/Adminhtml/Cms/Hierarchy/Widget/RadioTest.php,1e5c5d65bd2397bf8513ef2e4f186ad5c19e2536928f419018c6ac187e8f18dc,2744
dev/tests/integration/testsuite/Magento/VersionsCms/Model/Hierarchy/NodeRepositoryTest.php,a9cad874121417a7140a90ddeec4fc52d3f8ac279c11895f76fe5d79e3692e14,3018
dev/tests/integration/testsuite/Magento/VersionsCms/Model/Hierarchy/NodeTest.php,e5ec9b18b40319bfdc790e24f4d97d4ed5bd2ca3b0dcb806c9d33fe92ca929ae,7820
dev/tests/integration/testsuite/Magento/VersionsCms/_files/hierarchy_nodes.php,851bec515982a53948b9ffde511558fcce1ac889cd939c865e2a88a5eda6df79,2196
dev/tests/integration/testsuite/Magento/VersionsCms/_files/hierarchy_nodes_with_pages_on_different_websites_and_stores.php,06c61ed87db8fcfb5d9c0bf1690949dc9ac14ee4d6b0bb8bd03806445bec636e,1612
dev/tests/integration/testsuite/Magento/VersionsCms/_files/hierarchy_nodes_with_pages_on_different_websites_and_stores_rollback.php,38b60ce28796a846956699e16b634318b50139187d2eb667d9a40a17cc06749f,1073
dev/tests/integration/testsuite/Magento/VersionsCms/_files/hierarcy_nodes_with_pages_on_different_websites.php,1a569764d58982f3c133bef3c70a290558e1117d095d52fd162ada166d083eb7,2583
dev/tests/integration/testsuite/Magento/VersionsCms/_files/hierarcy_nodes_with_pages_on_different_websites_rollback.php,38b60ce28796a846956699e16b634318b50139187d2eb667d9a40a17cc06749f,1073
dev/tests/integration/testsuite/Magento/VersionsCmsUrlRewrite/Model/StoreSwitcherTest.php,924268efec599d327cd49f80a736c3a86aa5b6872c9c2a43e35a32c004d2a645,3600
dev/tests/integration/testsuite/Magento/VersionsCmsUrlRewrite/_files/hierarchy_nodes_with_pages_on_default_store_view_only.php,f85e501bebc21527618c8faacaabfefa1fe5d2808f800b83a0c9a3d14f87b889,2340
dev/tests/integration/testsuite/Magento/VersionsCmsUrlRewrite/_files/hierarchy_nodes_with_pages_on_default_store_view_only_rollback.php,1556584918b943f08ed47a97eba4af2a4972f91d7266b81275f6ac0d7e7e00b6,938
dev/tests/integration/testsuite/Magento/VisualMerchandiser/Block/Adminhtml/Category/Merchandiser/GridTest.php,d6452130e973548096194eaf6e3bf4a072b97e418860c42edf8103cc810c4d84,5839
dev/tests/integration/testsuite/Magento/VisualMerchandiser/Block/Adminhtml/Category/Merchandiser/TileTest.php,233a8187fc13f32c3c149029a3848dcd11481670c425bdc693e6c4cbb9db72d0,6259
dev/tests/integration/testsuite/Magento/VisualMerchandiser/Block/Adminhtml/Category/Merchandiser/_files/products_with_websites_and_stores.php,4c9e09acd23ed8f8479fb78b13fe8a6b4d681df1a03828ec6c7751d3050297c3,4140
dev/tests/integration/testsuite/Magento/VisualMerchandiser/Block/Adminhtml/Category/Merchandiser/_files/products_with_websites_and_stores_rollback.php,6caa327fa3a8bb203bf268da070024bd0ea8cd64042ba2da6d2e3de5638697ee,1096
dev/tests/integration/testsuite/Magento/VisualMerchandiser/Controller/Adminhtml/Category/AbstractGridTest.php,4779525b4f568e1aa7b170d3ddfca980cdc280dc5c9cf9d194b4cbdf5e3eb061,2357
dev/tests/integration/testsuite/Magento/VisualMerchandiser/Controller/Adminhtml/Position/GetTest.php,57087022319366d2de43d8b75d7d486e8606b96adcfab880da8a900d6cb37fd0,1005
dev/tests/integration/testsuite/Magento/VisualMerchandiser/Model/Category/ProductsTest.php,374d26bcd47388ceb11a84d798ae0415d640581cd6fc35ace099b7fbeabbc25a,3313
dev/tests/integration/testsuite/Magento/VisualMerchandiser/Model/Position/CacheTest.php,abd67b78538868ed6c5629d1bb72c1b84c17697b27ddfe3fce904cbbb04899f4,1383
dev/tests/integration/testsuite/Magento/VisualMerchandiser/Model/Product/DataProviderTest.php,cf8a19345984ecb6e2829e095f689aaf73cd5d896c989cc3e9fcdcee836ba077,1808
dev/tests/integration/testsuite/Magento/VisualMerchandiser/Model/RulesTest.php,f0edfc699371638df47af70a4441f4094044653f0fca17004374aefa92c06037,3231
dev/tests/integration/testsuite/Magento/VisualMerchandiser/Plugin/Catalog/Model/ResourceModel/Product/RankCategoryProductPositionsTest.php,bd6a7d5dd03607b8f5d1acc2a78b36fbda885ca547a775c6c44a3167e1fbd6a6,4377
dev/tests/integration/testsuite/Magento/Webapi/Controller/SoapEnterpriseTest.php,4cc4e50ea3b7fdba0ffda91234b2527f9e30b2585e9e436a7c1c82e9bd604872,622
dev/tests/integration/testsuite/Magento/WebsiteRestriction/Controller/IndexTest.php,208ed483a768dc7efc481b93acfea85186ee0219948c11e85651dcb61b68a179,2591
dev/tests/integration/testsuite/Magento/WebsiteRestriction/Controller/Shipment/Tracking/PopupTest.php,098d27259552b3daa61a5ac62b8fd32be48c2426c32a463ac408e12ab1408c06,2564
dev/tests/integration/testsuite/Magento/WebsiteRestriction/Plugin/Model/AccountManagementTest.php,fc2e8652b2f09b1d5bd887bae69f109eca58fdaa9a707661687e33c60cf667ad,3118
dev/tests/integration/testsuite/Magento/WebsiteRestriction/_files/config_enable_restriction.php,7eeac050703c4ca3374e7e8503be73bfdefadd60f353dbae27439dbbd70d08f7,819
dev/tests/integration/testsuite/Magento/WebsiteRestriction/_files/config_enable_restriction_rollback.php,271436bc984ead1a8581f9f6251721bd1418469a7d905a234264065018f485e7,784
dev/tests/js/jasmine/tests/app/code/Magento/CustomerBalance/adminhtml/js/payment.test.js,18d756f082bebe5b2089e65996e31fd4bb1d230812256d4c58e81141e5fb29c3,1867
dev/tests/js/jasmine/tests/app/code/Magento/GoogleTagManager/frontend/js/actions/checkout.test.js,4b6f90cb3d00e30da74c058bc29b34bb677b2e704a8ffa7b194f37607ed90877,1927
dev/tests/js/jasmine/tests/app/code/Magento/GoogleTagManager/frontend/js/google-tag-manager-cart.test.js,48a9abc604f9a981edc3b2fad06da2c804075828652a292dcda59966aefb345b,3827
dev/tests/js/jasmine/tests/app/code/Magento/GoogleTagManager/frontend/js/google-tag-manager-product-click.test.js,630f2aacc3d629ea5f6efa123c50d1a6fd921e114e58d7c93e297b67f4155702,1329
dev/tests/js/jasmine/tests/app/code/Magento/MultipleWishlist/view/frontend/js/search/view/multiple-wishlist.test.js,e289a4e43f058cdd3a361bdbb913d17668fa9da20f784b2efb7c72660f1e2ba4,1695
dev/tests/js/jasmine/tests/app/code/Magento/Rma/adminhtml/js/components/use-config-settings/single-checkbox.test.js,b37525ada2ae1bdbe426398989422e5a4f19b44d35b54c772f23a0c1433ccf5c,1181
dev/tests/js/jasmine/tests/app/code/Magento/Staging/adminhtml/js/preview/preview.test.js,c36e295b1f1afc13c6da2c9d0ebaea67a5dbad336f0098798283d194dd27ddaf,1574
dev/tests/setup-integration/_files/Magento/TestSetupDeclarationModule2/Setup/InstallSchema.php,d411373d9e3ae58976a58bdfad725d94b776a33e024dc8cf7792dd2295fc079c,644
dev/tests/setup-integration/_files/Magento/TestSetupDeclarationModule2/etc/db_schema.xml,20153dfd863e2269ed84bc5f7cdd1905171056c6e280413f61c6af2ba89f1177,4277
dev/tests/setup-integration/_files/Magento/TestSetupDeclarationModule2/etc/db_schema_whitelist.json,864f0a09c8ba39f902ea350eaa3c3a1082d3c49d63b0eafe76419cca2ec90d8b,136
dev/tests/setup-integration/_files/Magento/TestSetupDeclarationModule2/etc/module.xml,aec49a27aa74d88cc18ebe8c2b6e89ab0d60c1c12aaad985f077ef9d5fcbb477,337
dev/tests/setup-integration/_files/Magento/TestSetupDeclarationModule2/fixture/shards.mariadb10.php,7ffc0ef2c5f90e0eb6524b7e502c8e7991864628d59fa6643bd77e9a87a3a33e,2064
dev/tests/setup-integration/_files/Magento/TestSetupDeclarationModule2/fixture/shards.mysql8.php,6d1e123a11774cbcacf9621f2c4423f4641193da2d62e5f5a446d034356b3ea1,1996
dev/tests/setup-integration/_files/Magento/TestSetupDeclarationModule2/fixture/shards.php,b009169db9e14a40f7aede91f16dc59a1bcd9c4c7ac2cdc7c21f84ef5046de35,2052
dev/tests/setup-integration/_files/Magento/TestSetupDeclarationModule2/registration.php,1bead781913f489548f04f5f0f0b9a6cdc8ad428fa01480a794a6fad05929132,413
dev/tests/setup-integration/_files/Magento/TestSetupDeclarationModule9OverrideSplit/etc/di.xml,82f600827ce28123da6fd6e48f6770df4507e4a7be2f334c0922de001cf298b7,1700
dev/tests/setup-integration/_files/Magento/TestSetupDeclarationModule9OverrideSplit/etc/module.xml,1c88adcbf54d26092a5e0ee527590464352f05586aa52c11fd00bf5907658a79,506
dev/tests/setup-integration/_files/Magento/TestSetupDeclarationModule9OverrideSplit/registration.php,9b3671362b87f9c9e88b6f4719c855fad14e9d5daba09ca4fac895d4041fa4e1,494
dev/tests/setup-integration/testsuite/Magento/Setup/SplitDbTest.php,5c4c837cbe67eb045ccf4e82a4879dae80f8994dfb3d66b699f799cb449ac3d0,6234
dev/tests/static/testsuite/Magento/Test/Integrity/App/Language/TranslationFilesNonEnglishTest.php,50a4b9a5e29198f3c1bbd6033ae055798363cae55e97933238442216ec50187e,2846
dev/tests/static/testsuite/Magento/Test/Integrity/Library/_files/blacklist_ee.txt,e3b0c44298fc1c149afbf4c8996fb92427ae41e4649b934ca495991b7852b855,0
dev/tests/static/testsuite/Magento/Test/Integrity/Magento/AdminGws/ConfigTest.php,153e77b1e5b1eba0706fdee377beb6071d54518024740fd5819b565ec8f254d0,4587
dev/tests/static/testsuite/Magento/Test/Integrity/Magento/Backend/_files/controller_acl_test_whitelist_ee.txt,ae3e1d16e8deb006c68c4ebe3e21fcdefbcc09f3d95fbbd3891aa93ad7e114d9,1176
dev/tests/static/testsuite/Magento/Test/Integrity/Magento/Framework/Api/_files/ExtensibleInterfacesTest/blacklist_ee.txt,b1c274c017c9642ad98735cddbb7efca6c7c54a8d4d520cdaf3adc0772d864a7,69
dev/tests/static/testsuite/Magento/Test/Integrity/Magento/Logging/Model/ConfigTest.php,acd9a84cb2e6a96847fc4cdca767c844e0fcdbb6f961cab55c63d31ed7d525b5,2103
dev/tests/static/testsuite/Magento/Test/Integrity/Magento/Logging/Model/_files/invalid_logging.xml,95623bbafff2176ed969031eeeb366fa38e429d593c1f89da447fe3312713070,1543
dev/tests/static/testsuite/Magento/Test/Integrity/Magento/Logging/Model/_files/logging.xml,91668486e2b7492ab81cfd35f3f06b5f32a37b501731a4cbc56a51202c08a1a2,2230
dev/tests/static/testsuite/Magento/Test/Integrity/Magento/Logging/Model/_files/partial_logging.xml,a73b18c9a7d6e14a827ded59b4a2e1475aca468ec70078b4c51a537176cfd513,996
dev/tests/static/testsuite/Magento/Test/Integrity/Magento/Reward/LayoutTest.php,33bf302d363d66ffa06808d222b0a245a056fd79c89513ff8406a02d079b5753,1450
dev/tests/static/testsuite/Magento/Test/Integrity/Readme/_files/blacklist/ee.txt,e3b0c44298fc1c149afbf4c8996fb92427ae41e4649b934ca495991b7852b855,0
dev/tests/static/testsuite/Magento/Test/Integrity/_files/blacklist/exception_hierarchy_ee.txt,e3b0c44298fc1c149afbf4c8996fb92427ae41e4649b934ca495991b7852b855,0
dev/tests/static/testsuite/Magento/Test/Integrity/_files/blacklist/observers_ee.txt,dcd279d3922b385fb2c4f2cb1696aae74d525febe1df1cb37d813f2b907750f6,158
dev/tests/static/testsuite/Magento/Test/Integrity/_files/whitelist/public_code_ee.txt,d2c535fcd1d23050368cb8a6b4d6d2d2a9f832aea3ff3866dd154695129c9622,77
dev/tests/static/testsuite/Magento/Test/Js/_files/blacklist/ee.txt,62b8b20fb4f332abbc2e0631c88fa042eb943162f6337b66ed6ffe9d73dc63d8,117
dev/tests/static/testsuite/Magento/Test/Js/_files/whitelist/ee.txt,3f8673720f2c143062cedd16fe72a5985884d666572115f1f3a8a47d76d85edc,92
dev/tests/static/testsuite/Magento/Test/Legacy/Magento/AdminGws/ConfigTest.php,1d5627a1738f9ca5f2c3357bc162969cbfcfd102077af9acef577798b6f9129c,1231
dev/tests/static/testsuite/Magento/Test/Legacy/_files/connection/blacklist/files_list_ee.php,1066cf2f724b0e9a31b4f432195e6746f2dea4477bcf3565ece58a56fabe6306,1095
dev/tests/static/testsuite/Magento/Test/Legacy/_files/connection/whitelist/refactored_modules_ee.php,7cd5b76ec73a71db573442f6d2d888d511ab5531240c8bd14fb3fd80541a4791,1305
dev/tests/static/testsuite/Magento/Test/Legacy/_files/copyright/blacklist_ee.php,886bf5b2bafa70a36fe6166a135252d830062a4b3589a3d3624c98569db486c6,117
dev/tests/static/testsuite/Magento/Test/Legacy/_files/obsolete_classes_ee.php,2d7710487abd04627fdae037ac8b9b24c135d5d5e49cb44a8c8f29da3614ab06,18294
dev/tests/static/testsuite/Magento/Test/Legacy/_files/obsolete_config_nodes_ee.php,784025b033b1e13c7332198db23855e6d834ad8089caa52a8300c3ed765e74f0,1123
dev/tests/static/testsuite/Magento/Test/Legacy/_files/obsolete_constants_ee.php,e9ae43918b3ac37e33d96238f82577dfffdd0dc591bc6ec94e1d92f50cbc8156,6554
dev/tests/static/testsuite/Magento/Test/Legacy/_files/obsolete_methods_ee.php,8d846c6bfe94eca60edb66b8b4f11826a7e3e0149261c699dd46a065d8dd4063,30826
dev/tests/static/testsuite/Magento/Test/Legacy/_files/obsolete_namespaces_ee.php,ce7159ab7f76f6ba5a2564716c315e53a847041569add19a8c418190c413c2c5,4759
dev/tests/static/testsuite/Magento/Test/Legacy/_files/obsolete_paths_ee.php,0549e22e26b0db716a9d2b3c3b07160bf73fb3a2e0984c76807985844e787481,267
dev/tests/static/testsuite/Magento/Test/Legacy/_files/obsolete_properties_ee.php,78c3c5ab3c191d81d070330134b21c95d37abc6bd9d201fc1cfd75e8d13dbf85,3202
dev/tests/static/testsuite/Magento/Test/Legacy/_files/restricted_classes_ee.php,e7979083f6798f071d79548cf48ab1b19a2dd81d7ae967ed932126994f6b08ba,1863
dev/tests/static/testsuite/Magento/Test/Legacy/_files/words_ee.xml,5e283c86db68a329fd41bec82fe15500d20bedd437599e7b72a07471f6444bc7,576
dev/tests/static/testsuite/Magento/Test/Legacy/_files/words_internal.xml,7f7f16cf4b3aeecfa51d008fefeebbf2e998adcd8c6842e26f3fcee4ca17a1d9,932
dev/tests/static/testsuite/Magento/Test/Less/_files/blacklist/ee.txt,db286273f015e96be3858adef9cb8e8947e8bdd89bb9eba0c2cfbdd23df272a8,178
dev/tests/static/testsuite/Magento/Test/Php/_files/phpcpd/blacklist/ee.txt,93df2980868ba02d5b765ba486e7207dea2c428ef61c705857288d3935e000a4,2227
dev/tests/static/testsuite/Magento/Test/Php/_files/phpcpd/blacklist/non_public.txt,f7ca4f6c50b833cc47285c13059c332b64254012762adbd3d3364835e64e1d91,6
dev/tests/static/testsuite/Magento/Test/Php/_files/phpcs/blacklist/ee.txt,b4ec45e4465b7b4ef398187d2b5feb0c3e7c0bf0c11fa26bc225e26e1438fd9b,49
dev/tests/static/testsuite/Magento/Test/Php/_files/phpstan/blacklist/ee.txt,c7bc372b9ad48080cb6e4a2ce0eccca6bf72387f39b62af9aaa17fbf340d11f2,456
dev/tools/.gitignore,4d7a1fd0f4ab5cc75f61ea2101f6a79efe8d84a4a911e28d2e72641b89541282,12
dev/tools/build-ee.php,98c1a05d9c1eeff53ef8613314c333e131613b9a29f12eeb4fdf14daa9d334bb,5319
pub/errors/enterprise/404.phtml,6626541cea59ca51b1eb10d76b48ef6fb0d1b14984b367cf55d9ce5e1a37f8f4,145
pub/errors/enterprise/503.phtml,7484570402a0a7262898b96075b30d453e3e116ee84c5f33db203f4a51d1e572,318
pub/errors/enterprise/css/styles.css,0b14b2ff37f7ac8a2188f1a0a77e399d6d1712872a1faebaf771efb48e754f11,2222
pub/errors/enterprise/images/favicon.ico,ce2de4b3be943fd5414dc6f3190d332fc9f6369f5dfbf6366b00b261ed02a4cf,1150
pub/errors/enterprise/images/logo.gif,06eb12dff758b770873b13d59a243565354548a29d888dbd7a1d4bbb99d46008,24401
pub/errors/enterprise/page.phtml,f55e02fad5c61caafb6094403522b1b52f20f32468cb81f9916ea2b2cbeac97e,719
pub/errors/enterprise/report.phtml,f0b5ffc76a1c1072c687bab44138f0b1f6704817cb8c995fd180a25ff7ccfcb9,3470
setup/performance-toolkit/README.md,802f1ce37a71eb0fe3e364e6d9bbaa6bfd4fe15c729936662f83fa4da80e4e76,33172
setup/performance-toolkit/benchmark.jmx,250a6d4f34ee14180441afb1cd7c29f5707d8baf6f3b5112879d61c1169e51ac,4841667
setup/performance-toolkit/profiles/ee/extra_large.xml,76ac66415059b0c7d0c9ab9aabc7a463129d54706b20bd2a29fe2a5c68d60510,5690
setup/performance-toolkit/profiles/ee/large.xml,d2653d6937b2aad4bdca2d07d0ba459555f50a543aef23e5920be7e51ae426e8,5687
setup/performance-toolkit/profiles/ee/medium.xml,67564aa66f0b1ef5e8fb747cdf94a14ba01309eaca9aa1e888e7d65571b7f3a3,5682
setup/performance-toolkit/profiles/ee/medium_msite.xml,fd5914af1c4ca502457a9198f1240439e1f7fbcaabfa3bd0c5fa4b31f018bd05,5904
setup/performance-toolkit/profiles/ee/small.xml,f4cc7d3e6618d8e7f14fee53a19fa1f0f5779173cfc0ee40f60de92e20718b87,6087
setup/src/Magento/Setup/Fixtures/CustomerSegmentsFixture.php,96d4ee8da6dfdfdd075b7e9ed89ac788a02c10970c3dc4d300ea2630bd3bcf5e,12353
setup/src/Magento/Setup/Fixtures/OrdersEEFixture.php,f8a2ac38799e3f515996dd70bde06bc0a094be23b02062bfadfdd7f59bf95692,3626
setup/src/Magento/Setup/Fixtures/TargetRulesFixture.php,ee4c9a075518db28d2fd6370d9e3d05635d62d13e2e6c19f2c971f7366798956,5359
setup/src/Magento/Setup/Test/Unit/Fixtures/CustomerSegmentsFixtureTest.php,b1d542184a8474f32fada9bf4e80c42c5891d4954f16b8bef1e20a05af31dfac,10202
