path,sha256,size
LICENSE_EE.txt,e30c73250b2824b9529f502505b3af4926dae717def09a3396321ab745f668f3,3547
README_EE.md,c698073319fa3724b15400609369f55f95511982e2c80a91e1d044f3a0ef2495,2683
SECURITY.md,2de2728d53cfcf48bf08375c8a4077d46760845375beb808d61e00f4f1b12b25,700
composer.json,c57d8b5d2d59b54993e88116a8b1f8b56fa6d1e0063496a413296c600d147e3e,3255
dev/tests/acceptance/tests/_data/import_gift_card.csv,1776205ba854cef8fcb3dc324d09efc179d38b3fcdfe7332ae4e4b8bd8a705c4,2277
dev/tests/acceptance/tests/_data/schedule_import_product_simple.csv,ff5bebec8fc912ae4d5fb68f6d584e2e7cb1645f6b21e8ca20e2af2c09c45d4f,2357
dev/tests/api-functional/testsuite/Magento/AdminGws/Plugin/Customer/Model/ResourceModel/Customer/CollectionTest.php,bcb174e9af67233c45a4f5cf3e14035df7dd1cfa9d5922d7137ee65f084bf400,5390
dev/tests/api-functional/testsuite/Magento/CheckoutStaging/Api/Data/ShippingInformationManagementTest.php,4d8a8d9e87f1c63fd7adbd68e0b3155e424a5515d85aa1ea7bff67bf2b9d38a9,4253
dev/tests/api-functional/testsuite/Magento/CheckoutStaging/Api/GuestPaymentInformationManagementTest.php,d84dfaee7755492374f173b7573443620081e2484c07602f7f8d94d7dc26f827,3760
dev/tests/api-functional/testsuite/Magento/CheckoutStaging/Api/PaymentInformationManagementTest.php,913df69d89407e077a6073717c4b9a9b6193d75eec9327985496f55b5a091790,3379
dev/tests/api-functional/testsuite/Magento/CustomerBalance/Api/AdminCartBalanceTest.php,7a5af4f805494fa4131b2e17eb53d0347e2476a8cafed7cf579d1f4a6ec06302,15748
dev/tests/api-functional/testsuite/Magento/CustomerBalance/Api/CustomerBalanceRetrieveTest.php,c96cee02f1919ebaa2106a3dcb511cdaa42e814105160f23ea64fd122c9a3d38,12286
dev/tests/api-functional/testsuite/Magento/CustomerBalance/Api/InvoiceOrderTest.php,6e9b8ba33f46fac13de9ded945f1e710c5b89a087ac9b07d9024c58c25a114c5,4041
dev/tests/api-functional/testsuite/Magento/CustomerBalance/Api/RetrieveFromCreditmemoTest.php,78c6dbbc93f3c601f6d97a99c1349b6af88c027ae9662abc30d6677519690679,2830
dev/tests/api-functional/testsuite/Magento/CustomerBalance/Api/RetrieveFromInvoiceTest.php,22ae48b940e3af6132481d76158672031b81207a30dc6989726a058ab9ed6b91,2617
dev/tests/api-functional/testsuite/Magento/CustomerBalance/Api/RetrieveFromOrderTest.php,4e4cd6b871084ecd0b5492c7aec86e7cb6660dcce5606822dd4a39ab7a8c5e79,3126
dev/tests/api-functional/testsuite/Magento/GiftCard/Api/CartItemRepositoryTest.php,9ee3a9b28982479fd07a21845ab20b0fcea68d369d50492104f39c794e5cfcdc,20556
dev/tests/api-functional/testsuite/Magento/GiftCard/Api/OrderItemRepositoryTest.php,bd747fe94422a5fd43607d4033663eb63f9d5782954f58b5904736670d00382f,5645
dev/tests/api-functional/testsuite/Magento/GiftCard/Api/ProductRepositoryInterfaceTest.php,2a73ed836d8fd1386747872088e2d912165fdeb6529da064c793ca508a009f77,7048
dev/tests/api-functional/testsuite/Magento/GiftCard/Options/GiftCardOptionsTest.php,0adfa7db01e170b827884ff0cab647ebcbf01f8768b12ace6ced2599be2fa35c,9526
dev/tests/api-functional/testsuite/Magento/GiftCard/Options/GiftCardSearchTest.php,30fc3eb5039d71165fb0434d520ad0495d79a829df3507688b6039bf81434c78,7076
dev/tests/api-functional/testsuite/Magento/GiftCard/Options/Uid/GiftCardAmountsUidTest.php,f258b29b870a8dabf7d9219516a01275b408832d48284f421bfc7c4994421fbf,2390
dev/tests/api-functional/testsuite/Magento/GiftCard/Options/Uid/GiftCardOptionsUidTest.php,619cda5c31a7e792a300e518c6451099d0433baa9525d9b843c35c3ad493c44d,2098
dev/tests/api-functional/testsuite/Magento/GiftCardAccount/Api/RetrieveCreditmemoTest.php,d83c0f70f4cdf9cba02c07a39beec4d7e32eb09a36fc2c50c9da7ab56dd96aaf,4633
dev/tests/api-functional/testsuite/Magento/GiftCardAccount/Api/RetrieveInvoiceTest.php,6d9bb291130f8ad42da124d09165bd17d16f00daf7417e0cfa641e6716bf67f0,4482
dev/tests/api-functional/testsuite/Magento/GiftCardAccount/Api/RetrieveOrderTest.php,71d26ac795efbb7f61fbfde474e83c5c9c692a38bd0d70f19bba28e02004bf31,8642
dev/tests/api-functional/testsuite/Magento/GiftCardAccount/Service/V1/ReadServiceTest.php,a5d924000350327dee71733351f4d94fb86a6d08e2afbda9e78045091dafac8b,2675
dev/tests/api-functional/testsuite/Magento/GiftCardAccount/Service/V1/WriteServiceTest.php,d67bc1cf14a10e402f79c22a9cf51a1130fc93101dd07c84611a1e2c44e7cf46,3995
dev/tests/api-functional/testsuite/Magento/GiftWrapping/Api/MessageCartRepositoryTest.php,5dcaa519e9f184ba0eee3bcef6630da2fc2c83f360d1fa865686be0c18ea8930,5969
dev/tests/api-functional/testsuite/Magento/GiftWrapping/Api/MessageGuestCartRepositoryTest.php,e98c226272b31188ecdeccd385454eb5ec0bab45cf097f7d22164c72c1e4d913,3840
dev/tests/api-functional/testsuite/Magento/GiftWrapping/Api/MessageGuestItemRepositoryTest.php,bbb2e3fdf29d03d366494bddf251504b2f104f2888107361e81f1bd81b6bfb67,3833
dev/tests/api-functional/testsuite/Magento/GiftWrapping/Api/MessageItemRepositoryTest.php,31d9b823b1667265932773d4d1fc8034360ef87be3dfdfc89101c4dbd2028157,5961
dev/tests/api-functional/testsuite/Magento/GiftWrapping/Api/RetrieveFromCreditmemoTest.php,821fd8f6b0d2ebf0bd0b576bb3c19b069425faec529e3888f2311a5254754c94,4526
dev/tests/api-functional/testsuite/Magento/GiftWrapping/Api/RetrieveFromInvoiceTest.php,c7d7c179ea6878d62c86423ce85a06bfce4da99fa5d1f159caaa3a7d09dd9842,4316
dev/tests/api-functional/testsuite/Magento/GiftWrapping/Api/RetrieveFromOrderTest.php,4d894f5f2d6270c8fb8aa9cc4dd6ac6aa5705cef3686fc2a23db64ffef4cbeb1,12496
dev/tests/api-functional/testsuite/Magento/GiftWrapping/Api/WrappingRepositoryTest.php,82b45426b265b53e99ce172d8e843266fa704b8cc22c22394ba702a1a531561b,16266
dev/tests/api-functional/testsuite/Magento/GiftWrapping/Api/_files/test_image.jpg,223c210eed5f417924a0d3f9ebc61fd357e7d88661ff3146746db801b56ca64a,1779
dev/tests/api-functional/testsuite/Magento/GraphQl/AsyncOrder/Customer/AsyncOrderProcessingTest.php,fd3f981bcbdc1d372b560f9a14bab261deabcd1572ec560f4bdc3600aa29f5c9,12178
dev/tests/api-functional/testsuite/Magento/GraphQl/AsyncOrder/Customer/AsyncPlaceOrderTest.php,c2f232ca43f7ccac6c394a4d1a283f1dde4ee0dd7f13fb98056b20e65895eb90,28141
dev/tests/api-functional/testsuite/Magento/GraphQl/AsyncOrder/Customer/AsyncSetPaymentMethodOnCartAndPlaceOrderTest.php,2180640d387f244d88165d3c10b4f809249e2d91f5e8145bc1c3dce16ea64a4b,17446
dev/tests/api-functional/testsuite/Magento/GraphQl/AsyncOrder/Guest/AsyncPlaceOrderTest.php,3a6f9cb8378ed54e25c5734e76d84c34ef1c4775e9c5e9fcad9efb514acdd75e,7939
dev/tests/api-functional/testsuite/Magento/GraphQl/Banner/DynamicBlocksQueryTest.php,f0575fd62255f07fd2016481bbcfa0a6a014aa261f9352bb4f964b10ca942152,14676
dev/tests/api-functional/testsuite/Magento/GraphQl/Catalog/ResolverCache/MediaGalleryImportTest.php,ccf55a554a2d10c295cbb21e2e08b76938523a35a2d467e4d2f666671fe4e773,21319
dev/tests/api-functional/testsuite/Magento/GraphQl/Catalog/ResolverCache/_files/magento_image.jpg,b7ab97dc36bce603a435c012f2fcdf0a2baef3dbe95f165bb153e331ce104f07,13353
dev/tests/api-functional/testsuite/Magento/GraphQl/CatalogPermissions/AddProductToCartTest.php,9d625a201eede9968832926538f10aa3c97f24c4360ce024d0948ed764768430,19038
dev/tests/api-functional/testsuite/Magento/GraphQl/CatalogPermissions/CategoriesQueryTest.php,64b08c56bc625b5c4431ec248d783560fefbe51a2587bfc9206107bc12344994,10227
dev/tests/api-functional/testsuite/Magento/GraphQl/CatalogPermissions/CategoryListTest.php,502083ef344439174fb1e01bd3ab1599ce7746301a064d1f7ae5dfd0f76a73c5,6079
dev/tests/api-functional/testsuite/Magento/GraphQl/CatalogPermissions/DisallowedSearchTest.php,07970be188934509b484e42423a126c17a6504fc4b3dfca03003798a42b541d2,3548
dev/tests/api-functional/testsuite/Magento/GraphQl/CatalogPermissions/GetRelatedProductsTestWithCatalogPermissions.php,e517544e616591e171723ac7ea54614e89f869abfe3fd81449eea2f326206546,2354
dev/tests/api-functional/testsuite/Magento/GraphQl/CatalogPermissions/Product/Bundle/AddProductToCartTest.php,e6ec60164e9a771ab55be90384b35086e5efc9c0a14ed997b4ca5298fc830209,37733
dev/tests/api-functional/testsuite/Magento/GraphQl/CatalogPermissions/Product/Bundle/CategoriesQueryTest.php,401020bfa95f97a1029d798b74cad484c1dbd2848c9d23b0b8f4ad288e9556b5,35329
dev/tests/api-functional/testsuite/Magento/GraphQl/CatalogPermissions/Product/Bundle/CategoryListTest.php,0116eecc586e1313bde582e2c1a86e932b63993f0806f18cd90e42040808f28c,24740
dev/tests/api-functional/testsuite/Magento/GraphQl/CatalogPermissions/Product/Bundle/DisallowedSearchTest.php,362f63983dbd3d9194d37529017d5c971a085b3ca759273e20276f7d359fa8ea,12835
dev/tests/api-functional/testsuite/Magento/GraphQl/CatalogPermissions/Product/Bundle/Option/VisibilityTest.php,dfb7e64276193e275b6f06c9b02d55fd12ca987bc03f3dc2122bbaf4318a3e35,11730
dev/tests/api-functional/testsuite/Magento/GraphQl/CatalogPermissions/Product/Bundle/ProductsSearchTest.php,5ba056fb45aa0f0bab2eb801abaebe6e6c2beb6294f4ed39cf59e696a6d1a034,35882
dev/tests/api-functional/testsuite/Magento/GraphQl/CatalogPermissions/Product/Configurable/AddConfigurableProductToCartTest.php,b895b13d959382df06cc133bcc5bc80b1fc22002ecb16447cb1888c9c42264d3,21561
dev/tests/api-functional/testsuite/Magento/GraphQl/CatalogPermissions/Product/Configurable/CategoriesQueryTest.php,4f68fe21c814e33c8ebc44d0b127d7914bb9306eb7fc63c078eaa2373c438b51,7683
dev/tests/api-functional/testsuite/Magento/GraphQl/CatalogPermissions/Product/Configurable/CategoryListTest.php,2d45dc4565f6c2d501ced260ee7a41e686388d7ec361d2988ef7887292efb08d,7268
dev/tests/api-functional/testsuite/Magento/GraphQl/CatalogPermissions/Product/Configurable/DisallowedSearchTest.php,91d91928d5e55c9f9d8656db5b89412f2d78ddb8272090ee275e77a24d143d79,2908
dev/tests/api-functional/testsuite/Magento/GraphQl/CatalogPermissions/Product/Configurable/ProductsSearchTest.php,c86f6faad827cb6abf74ee36c13b509384a9e5ffe22810899824e5aff95223c4,6430
dev/tests/api-functional/testsuite/Magento/GraphQl/CatalogPermissions/Product/Downloadable/AddProductToCartTest.php,4600446d4f6186da6f11229c59259cee479c1074d9227dea06a2f3a065f2c9f3,14867
dev/tests/api-functional/testsuite/Magento/GraphQl/CatalogPermissions/Product/GiftCard/AddProductToCartTest.php,0af443951f0d3f2b9905fcdc8e85b539e4469d53db6a6f3771b7436c51506bfc,31510
dev/tests/api-functional/testsuite/Magento/GraphQl/CatalogPermissions/Product/Grouped/AddProductToCartTest.php,5b1f66e350d89acf46961a4fc7937fee439ddb7902753196d43db2f9a99f6062,33433
dev/tests/api-functional/testsuite/Magento/GraphQl/CatalogPermissions/Product/Grouped/CategoriesQueryTest.php,b92233e7f768b0fcc6fb0e7fc37b3ecad6de6bb117e1cd30703003a73a33f072,36210
dev/tests/api-functional/testsuite/Magento/GraphQl/CatalogPermissions/Product/Grouped/CategoryListTest.php,f0f11426ac1a798c1da0b06dc87bcca00d336995f6c1aa6f09481d07a2c1bc27,26461
dev/tests/api-functional/testsuite/Magento/GraphQl/CatalogPermissions/Product/Grouped/DisallowedSearchTest.php,4aad36ba1517365ba3ff7276b101d7b26415c0c1e727066bacc9ca7975328783,14345
dev/tests/api-functional/testsuite/Magento/GraphQl/CatalogPermissions/Product/Grouped/ProductsSearchTest.php,61095b0df5702dee08f500307850cda23e44f82bd91d7a0156e322e398a7b248,34227
dev/tests/api-functional/testsuite/Magento/GraphQl/CatalogPermissions/Product/Virtual/AddProductToCartTest.php,fa8a4525046abfa2bc91ed517e7c6f5193fb3b8ec3f9148b05c240558eaab4f9,20016
dev/tests/api-functional/testsuite/Magento/GraphQl/CatalogPermissions/Product/Virtual/CategoriesQueryTest.php,9768f8d60c086e05b4e12f4c0d5b7a05b8f00abd4806e79b38208e9582133b64,20107
dev/tests/api-functional/testsuite/Magento/GraphQl/CatalogPermissions/Product/Virtual/CategoryListTest.php,b7daab717955c7ee42c9d5ee2368168d34ee5cc0b70e2a08293750390fda8bc0,18240
dev/tests/api-functional/testsuite/Magento/GraphQl/CatalogPermissions/Product/Virtual/DisallowedSearchTest.php,8029a33cab33cd5a5589cab3500b141a36b6fbe835ed0f66d17e1dd918897bbc,8790
dev/tests/api-functional/testsuite/Magento/GraphQl/CatalogPermissions/Product/Virtual/ProductsSearchTest.php,e9b160f80e376d136d69a743594805583a10af0e8a8c3376bcf557602bc36cc8,17165
dev/tests/api-functional/testsuite/Magento/GraphQl/CatalogPermissions/ProductsSearchTest.php,e28db4aea3dc5536778e61226e89871b175dbbae4ad05255d51a73403e623456,5673
dev/tests/api-functional/testsuite/Magento/GraphQl/CatalogStaging/CategoryStagingTest.php,f6395e8dd38afb57af85166df83e6c6fd38311b548905a786ce3adc00899679e,5616
dev/tests/api-functional/testsuite/Magento/GraphQl/CustomerBalance/ApplyStoreCreditToCartTest.php,7521caf9f0d544e09584631c517b63c69e1adc3bc68d3b56257c3aa271bf1ffc,8633
dev/tests/api-functional/testsuite/Magento/GraphQl/CustomerBalance/ApplyStoreCreditToCartWithPriceTest.php,2bb818cad58613b5379276ff65698b7efd56ac90180fb8bfa4fb144032674da1,9747
dev/tests/api-functional/testsuite/Magento/GraphQl/CustomerBalance/OrderTotalStoreCreditTest.php,d8079ebc7809172a245333cd44c8849170e8d5b2b8302b5e68e6887e546629e5,7365
dev/tests/api-functional/testsuite/Magento/GraphQl/CustomerBalance/PlaceOrderAfterApplyingStoreCreditTest.php,48d9e2ff1190394ae30afef7ac500507774a2ae2b60f2507ab61fee2aac9d013,15774
dev/tests/api-functional/testsuite/Magento/GraphQl/CustomerBalance/RemoveStoreCreditFromCartTest.php,4b879c349b414f5c90e139faf993d84487392a1d93ff11435e6daefbe444d2d6,5317
dev/tests/api-functional/testsuite/Magento/GraphQl/CustomerBalance/StoreCreditBalanceQueryTest.php,4a6663a4a0fa124e116f4e50a87f332054a49bfb1ab761d5214cdddc0e5e1f57,16998
dev/tests/api-functional/testsuite/Magento/GraphQl/CustomerCustomAttributes/CustomerCustomAttributeTest.php,ced09f96d1a6b79e6ebd33597730c52bcd01df6d3f5d33e6ad8d071e14fbb221,5453
dev/tests/api-functional/testsuite/Magento/GraphQl/CustomerCustomAttributes/GuestOrderByTokenWithCustomAddressAttributesTest.php,cb25d65a849a84f5ec74ac93491fd441a996fc458c10ab563976c2fd73344a2e,20479
dev/tests/api-functional/testsuite/Magento/GraphQl/CustomerCustomAttributes/SetBillingAddressOnCartWithCustomAttributesTest.php,dc4cd3d257fc46c567d85f85ffa2b4110a460f9342c4a71304898bd539ff5714,7496
dev/tests/api-functional/testsuite/Magento/GraphQl/CustomerCustomAttributes/SetBillingAddressOnCartWithCustomMultiselectAttributeTest.php,a49b51ff9ca413694b4327814670d275932f9354e44cf19d591f2b7df2542769,8818
dev/tests/api-functional/testsuite/Magento/GraphQl/CustomerCustomAttributes/SetShippingAddressOnCartWithCustomAttributesTest.php,4cdba85632068236e50e75dcf58179ab4aead16d7876427d91694b07dd0339ef,7759
dev/tests/api-functional/testsuite/Magento/GraphQl/CustomerSegment/AttributesListFilterTest.php,702430954c59d62848379a61588921c562d2db1bb17418e94d7914696993be71,4939
dev/tests/api-functional/testsuite/Magento/GraphQl/CustomerSegment/CustomerSegmentStoreConfigTest.php,ec4d0980832116d0d64026fa4c047bca3932ccbf870e8e7c4f79856aed6bdb86,1938
dev/tests/api-functional/testsuite/Magento/GraphQl/CustomerSegment/CustomerSegmentsCartPriceRuleTest.php,47f728945a783da64691bd178802d35add52d30eeabf0b957d9af73ae918f137,6634
dev/tests/api-functional/testsuite/Magento/GraphQl/CustomerSegment/GenerateCustomerTokenTest.php,2e549c0cfcbb00b32933f99215884954985bede628f659a0ddd2bf4998be5b19,2740
dev/tests/api-functional/testsuite/Magento/GraphQl/CustomerSegment/GetCustomerSegmentsTest.php,a2a65e87c28c548f28ba74ecdfff5c69e75d83913a4abc94705f9d4bf8429c37,4791
dev/tests/api-functional/testsuite/Magento/GraphQl/CustomerSegment/GetVisitorSegmentsTest.php,8dd0eee17ab8e041ad4cbebaa551e8962d581cbe4b1b168b03d3c19e46c1c4aa,4414
dev/tests/api-functional/testsuite/Magento/GraphQl/ElasticsearchCatalogPermissionsGraphQl/GetCategoriesWithCatalogPermissionsTest.php,328326263589515652893d919eef289083658cef2e090554af113eedd2ebb633,6745
dev/tests/api-functional/testsuite/Magento/GraphQl/ElasticsearchCatalogPermissionsGraphQl/GetProductsWithCatalogPermissionsTest.php,c004a8b2d900ed4eb6c21b67972bc3d6cce50aa13d1018545155248b41f665f6,4817
dev/tests/api-functional/testsuite/Magento/GraphQl/GiftCard/AddGiftCardToCartSingleMutationTest.php,7a2e085d3e76efde4eb7900f89adc4d28ebb58436bec5c19dd0979ca0a40e9ec,16303
dev/tests/api-functional/testsuite/Magento/GraphQl/GiftCard/AddGiftCardToWishlistTest.php,d2b63502fef60d28f2898001d99bd7d9c942dd84a2bc26aa8b6e69d452e6fbef,14235
dev/tests/api-functional/testsuite/Magento/GraphQl/GiftCard/CartItemWithGiftMessageForGiftCardTest.php,7fba6d3c8fa1dab7717d927da28d3232dce8be05605796e1acccb540c7d2b644,9747
dev/tests/api-functional/testsuite/Magento/GraphQl/GiftCard/CustomAttributesV2Test.php,a47cb296913868bc9b046d3f97312dad8f6f6ba2586d0d6d4ae41d93aa166887,11287
dev/tests/api-functional/testsuite/Magento/GraphQl/GiftCard/GetCartGiftCardCartItemTest.php,a0900f6c24d1d4dfaf4bdc17bda098b3e3c032ca53973fecb19d26208dd5712e,8670
dev/tests/api-functional/testsuite/Magento/GraphQl/GiftCard/GiftCardProductMultipleStoreViewTest.php,182300328a0f772bfcae5ac4b420760d939ffade5524ff8a6de04563097ec81e,9501
dev/tests/api-functional/testsuite/Magento/GraphQl/GiftCard/GiftCardProductViewTest.php,f0b02daaec3ba029da7fb94413f9e45e3b46fbaeeaccabb781ca0e4885bcc403,5118
dev/tests/api-functional/testsuite/Magento/GraphQl/GiftCard/UpdateGiftCardProductInCartTest.php,6837d55db2067bba210570849b9ec2c262f9bb6487b5d367e74645a64d415b71,6396
dev/tests/api-functional/testsuite/Magento/GraphQl/GiftCardAccount/AppliedGiftCardToOrderTest.php,b58c3ba2d95d6dbcc38055c0c43d1b72c3a4b506fff60a2bf7b1163698f77ca6,9686
dev/tests/api-functional/testsuite/Magento/GraphQl/GiftCardAccount/AppliedGiftCardsTotalBalanceToOrderTest.php,1970ccaafa63e27ead9401d49b6696cb0483398b677f0e613cffe08a9722ce1c,3541
dev/tests/api-functional/testsuite/Magento/GraphQl/GiftCardAccount/ApplyGiftCardToCartOnMutlipleWebsitesTest.php,9d6f7f12061c160c466e0d85fa3d35013819089780eec9f5654e088eef72dd94,12065
dev/tests/api-functional/testsuite/Magento/GraphQl/GiftCardAccount/ApplyGiftCardToCartTest.php,b0275c3ccec463410856795c3ef5ed9f526c478c8f5e85c373209cc4c55ae927,16720
dev/tests/api-functional/testsuite/Magento/GraphQl/GiftCardAccount/CartGiftCardAccountTest.php,df2cf604f2e5719bd4610ca6e9855ccd7f8dc5f6fe9dbe9577eb5e4d3f99d859,4654
dev/tests/api-functional/testsuite/Magento/GraphQl/GiftCardAccount/GiftCardAccountQueryTest.php,16b78027c386a507690c27fa851bd3d59b253a9ea7b1d865672dbc9aa37e7135,4059
dev/tests/api-functional/testsuite/Magento/GraphQl/GiftCardAccount/PlaceOrderAfterApplyingGiftCardTest.php,db72210427672ea8c6d38e98e31d04bcfb1aced189710582fbe705133f09fc45,16430
dev/tests/api-functional/testsuite/Magento/GraphQl/GiftCardAccount/RedeemGiftCardTest.php,db786ea1d8d3dcbd2f3bf683ad4142f9b64a5fdc101d3c36ed0bbadaee70f95c,5277
dev/tests/api-functional/testsuite/Magento/GraphQl/GiftCardAccount/RemoveGiftCardFromCartTest.php,210ff3faaf7540850dab8481381220a51ee6ca25c93fc1113046d3e97e06c99d,6062
dev/tests/api-functional/testsuite/Magento/GraphQl/GiftRegistry/AddRegistrantsToGiftRegistryTest.php,2a0ce1e0237c8bb3b9c98ffaefc8c7c809f6e311b6643fcfedb1823d384281f6,6523
dev/tests/api-functional/testsuite/Magento/GraphQl/GiftRegistry/CreateGiftRegistryTest.php,83db5472b077fd96dcb957efc1bf02b7e8c4ded3d3efea460207d9d097e23690,7923
dev/tests/api-functional/testsuite/Magento/GraphQl/GiftRegistry/CustomerGiftRegistriesTest.php,2287fa7e7a0c2c59d5aa2e06e5f0d271fe0344f997f64780fd42acd7487c767b,7225
dev/tests/api-functional/testsuite/Magento/GraphQl/GiftRegistry/CustomerGiftRegistryTest.php,9d7dd67ea95216fe3cc180d972703b5e8844662be58c93efa406cca0863565fa,4915
dev/tests/api-functional/testsuite/Magento/GraphQl/GiftRegistry/DeleteGiftRegistryTest.php,25440ec36fca7e4b69384130211e742f1e18092f66a034f4e9227b8a204cc491,3111
dev/tests/api-functional/testsuite/Magento/GraphQl/GiftRegistry/GiftRegistryTypesTest.php,437cd6cf9ab060d7c52a567356eeb1f8805d2876346b76c80f8e353b317d60c8,1892
dev/tests/api-functional/testsuite/Magento/GraphQl/GiftRegistry/MoveCartItemsToGiftRegistryTest.php,181f5175a00bab960a8bcef181a13677b96035dec488660114f83d689b021251,24013
dev/tests/api-functional/testsuite/Magento/GraphQl/GiftRegistry/RemoveRegistrantsFromGiftRegistryTest.php,fd4919a88596ede9aed72dca83a3af55b3beb63d7ac214ca47def264faebb850,4761
dev/tests/api-functional/testsuite/Magento/GraphQl/GiftRegistry/SearchTest.php,d6287c6faf412d42cc63457915f5aa357180596b754054bc010ccabfabb1df6e,5957
dev/tests/api-functional/testsuite/Magento/GraphQl/GiftRegistry/SetShippingAddressWithGiftRegistryTest.php,295aec372f4248054ee220ef54908a28ab0cdf2c186e9bb35d40e6e95a2ab237,10083
dev/tests/api-functional/testsuite/Magento/GraphQl/GiftRegistry/ShareGiftRegistryTest.php,86d2f1dc40ec5c35e39e642ed3b04c5ca94641e421adfbe4f5a56671c7d07f50,3408
dev/tests/api-functional/testsuite/Magento/GraphQl/GiftRegistry/UpdateGiftRegistryItemsTest.php,d51b3c95c5d36b59417b118b377a8577d3d85ab46fdfae24ffd21f0bb3b2f70a,5879
dev/tests/api-functional/testsuite/Magento/GraphQl/GiftRegistry/UpdateGiftRegistryTest.php,a005ec8ad8d58c25a9a3817c4e7cd29854ac8f3013458e45d641dd99b55981e5,12146
dev/tests/api-functional/testsuite/Magento/GraphQl/GiftRegistry/UpdateRegistrantsFromGiftRegistryTest.php,a4c5b5ab6a1fb0e9fd90490f55b5c026f34479e799a4b8af1a5ad376bc7c5251,5375
dev/tests/api-functional/testsuite/Magento/GraphQl/GiftWrapping/Cart/GiftOptionPricesTest.php,9cb5895087e3c0c7c49efddabdad7b383f29bc84b93811d05fb132f647d043dd,12810
dev/tests/api-functional/testsuite/Magento/GraphQl/GiftWrapping/Cart/GiftWrappingTest.php,c7d43627ca099404ec07ba9f9fb87f7900e52ca39f011a4f33a968e33443394b,7529
dev/tests/api-functional/testsuite/Magento/GraphQl/GiftWrapping/Cart/Item/AvailableGiftWrappingTest.php,20c5f58858299cbdfda50652f827c323c80ff10b6ed8a6f6e5d4ef6456c8a6a6,8561
dev/tests/api-functional/testsuite/Magento/GraphQl/GiftWrapping/Cart/Item/SetGiftWrappingTest.php,178ec100cde5eb10fbcf2bc385ce1095e27272d3429530efcda30c77f83de7b9,14924
dev/tests/api-functional/testsuite/Magento/GraphQl/GiftWrapping/Cart/SetGiftOptionsOnCartTest.php,ab0ca7d5f5645c9fcdaf326db7e5ddabe3e5ab622950b74268bf60716f4c8feb,17464
dev/tests/api-functional/testsuite/Magento/GraphQl/GiftWrapping/MergeCartsWithGiftOptionsTest.php,c61e1b330f94b4d13de020a87b7c15fc79adc9254667c5cb342b6221be83a578,16901
dev/tests/api-functional/testsuite/Magento/GraphQl/GiftWrapping/Order/GiftOptionPricesForOrderTest.php,8c41e07b9d95e94e79e190c7b4209fe622e97aa8e701e08fc7225ed5450aef84,16497
dev/tests/api-functional/testsuite/Magento/GraphQl/GiftWrapping/Order/GiftWrappingTest.php,3a7e4fcbf0f34e35ddd58b2c6694c3852ebe7aeafca06a24568f2059e5df1365,3498
dev/tests/api-functional/testsuite/Magento/GraphQl/GiftWrapping/ProductGiftWrappingDataTest.php,85ba9827d7adb61862d50511742cd85d9d1eab3d226129eaf7343d79d4a953a9,4081
dev/tests/api-functional/testsuite/Magento/GraphQl/GiftWrapping/RemoveGiftWrappingFromCartItemTest.php,9f6a1595bc71353b48f7c08aaa9a7146d0ab65dd844860f8c02f0a0d40e35186,6738
dev/tests/api-functional/testsuite/Magento/GraphQl/GiftWrapping/RemoveGiftWrappingFromCartTest.php,721a25fb69861fb149fb8fdfcbd611765f738754ad0cd5de58a6e1a5d0db3e4f,12381
dev/tests/api-functional/testsuite/Magento/GraphQl/GiftWrapping/StoreConfigTest.php,467a34ea6e8d2fc396e9bc67956da9ee837c01f327f5d1e4967817013526a354,1715
dev/tests/api-functional/testsuite/Magento/GraphQl/Multicoupon/AllowOnlyOneCouponPerSalesRule.php,4a2c6eccbf40001066db4add79f8d88a0d74bdd87bad95414b57423a8f7e172f,6911
dev/tests/api-functional/testsuite/Magento/GraphQl/Multicoupon/ApplyCouponToCartTest.php,f0066b893d09f98df49b3d03ac365ea63d12217d0fe23bc350cefba92881ad38,11915
dev/tests/api-functional/testsuite/Magento/GraphQl/Multicoupon/ApplyCouponsToCartReplaceTest.php,3816cbcd31211f372fc18960dee2c60e020bdae1eb12cc4222e7b1827642f7b6,8595
dev/tests/api-functional/testsuite/Magento/GraphQl/Multicoupon/CouponUsageTest.php,0d49f87e617e1387846102013a1f3e132bd328fec5d9946f6bd67c8beb46c743,15167
dev/tests/api-functional/testsuite/Magento/GraphQl/Multicoupon/MergeCartsWithCouponsTest.php,7f332ded1903904796760573d65d60108c40b1ff062e5b579bf619e7f69aba02,16634
dev/tests/api-functional/testsuite/Magento/GraphQl/Multicoupon/MultiCouponDiscountTest.php,515fe1f9cb12599d2d45aa810f2e98a482d5efd6ab98bc81186246847641db6a,18051
dev/tests/api-functional/testsuite/Magento/GraphQl/Multicoupon/MultipleAppliedCouponsTest.php,ede2a705572608430ee06cb7887bb673f4d19a00d89673d03ab7da0d624147ea,4304
dev/tests/api-functional/testsuite/Magento/GraphQl/Multicoupon/RemoveCouponFromCartTest.php,4ec72f84de165ff1516978973b2cf6dc9156d1a83a3ce0e06bfc9a305f69b670,7111
dev/tests/api-functional/testsuite/Magento/GraphQl/Multicoupon/RuleLabelsTest.php,80527e3cabc9cee8c406aea7a3e67dafd8da145e15bf4623ab8271036b025ccb,5935
dev/tests/api-functional/testsuite/Magento/GraphQl/MultipleWishlist/AddProductToSpecificWishlistTest.php,0702b45feb127165fa8d11d5c62dd3d3800fdd4a3c4c24aa3c4e9076b13781e6,4568
dev/tests/api-functional/testsuite/Magento/GraphQl/MultipleWishlist/CopyProductsBetweenWishlistsTest.php,43f00ad43a5061da968ac5c602906eedf4a45059968d414870f29fb712885052,10854
dev/tests/api-functional/testsuite/Magento/GraphQl/MultipleWishlist/CreateWishlistTest.php,dd1e6b2f1ec2400bd85f245692bdaf98cb216fea63201981547fe42680b46e0a,5638
dev/tests/api-functional/testsuite/Magento/GraphQl/MultipleWishlist/DeleteWishlistTest.php,69dc5008c4dae9315d2069f8e1cf7ae009b33a6dec5d9b8ba96a7747ccfdc06e,6320
dev/tests/api-functional/testsuite/Magento/GraphQl/MultipleWishlist/MoveProductsBetweenWishlistsTest.php,99328c0bad6a187c46adca523f6127f61a2b361de4dbc0730b45409663df2e12,7764
dev/tests/api-functional/testsuite/Magento/GraphQl/MultipleWishlist/UpdateWishlistTest.php,ccd4091e26be8a338ac38ed8d73a6be32e353431412521cf68622a3483af2788,5004
dev/tests/api-functional/testsuite/Magento/GraphQl/Reward/Checkout/ApplyRewardPointsTest.php,7016f0b33b38b44523ab352e90b4960882d37235b8eaefedb5cfe47f2f7b1d74,5466
dev/tests/api-functional/testsuite/Magento/GraphQl/Reward/Checkout/RemoveRewardPointsTest.php,fdc19318cf0f3d8f36db3462dcd0fb9b044e53804d9d5a5bf869f0fc556f3b67,5890
dev/tests/api-functional/testsuite/Magento/GraphQl/Reward/Customer/RewardPointsTest.php,fa696f6b9ab73f8e52ba0758b116d35925c548dd526b66ba201f46fef50abdd1,12070
dev/tests/api-functional/testsuite/Magento/GraphQl/Reward/OrderTotalRewardPointsTest.php,cb3e96ae83729f0c3959d59c376ad6cc7692c9d475e4f6b2da2bb54b23567c96,7463
dev/tests/api-functional/testsuite/Magento/GraphQl/Reward/RetrieveAppliedRewardPointsFromCartTest.php,a604c99418e155143240ab42f7d4ec066070bcbfe1e76058d5cceca5ded54a3a,5832
dev/tests/api-functional/testsuite/Magento/GraphQl/Reward/RewardConfigsTest.php,4873222fb1e6aa5a957424427bfcf777fb8084046bb265e9d75e157456bb018b,5757
dev/tests/api-functional/testsuite/Magento/GraphQl/Rma/AddReturnCommentTest.php,7fa27d947285026624158019b3d0ef989dd45cc8df552429715c15724567c3df,10811
dev/tests/api-functional/testsuite/Magento/GraphQl/Rma/AddReturnTrackingTest.php,8c1548526d16306d2b3dc3c8abae6ef73e901e30e29163e11dd399dd19989cb1,20457
dev/tests/api-functional/testsuite/Magento/GraphQl/Rma/Attribute/ReturnItemAttributeMetadataTest.php,8d580bf46ceed58229a714315a771956dcabca2adc1692755cad4602cccf6236,10285
dev/tests/api-functional/testsuite/Magento/GraphQl/Rma/AttributesListTest.php,da66da122ecd7ac92155051ba0cafe349e83e2a422b42bde660779a536d48058,4574
dev/tests/api-functional/testsuite/Magento/GraphQl/Rma/ConfirmReturnTest.php,1280b9beaeb89602e54a10eb8060253ba30f1b03143df24dd7353965ce588323,17372
dev/tests/api-functional/testsuite/Magento/GraphQl/Rma/CustomerOrdersWithReturnsTest.php,53946705cb720a8b62eadae359db2b3476bb3c8e090bbdb5e64971fdd4f644b8,22733
dev/tests/api-functional/testsuite/Magento/GraphQl/Rma/CustomerReturnItemProductTest.php,a6d04ea1fdd30097165fde172101ad5ac99dd66b44eac8e189a213f19f01c5e1,7714
dev/tests/api-functional/testsuite/Magento/GraphQl/Rma/CustomerReturnsConfigDisabledTest.php,6b569547b5ee76a25f3e10d00c80f22ae01802d81aebd656b0d6260a92c46fd7,8890
dev/tests/api-functional/testsuite/Magento/GraphQl/Rma/CustomerReturnsTest.php,81b75b6f895d791e215c40ca361fc18760fde21cce211c7f93ba7ba62c4e4d49,23601
dev/tests/api-functional/testsuite/Magento/GraphQl/Rma/EligibleForReturnFlagTest.php,356671d55307b08155d146f6d4fb4108b8be91fd4eb301dfe23bf1c17563d8ee,10661
dev/tests/api-functional/testsuite/Magento/GraphQl/Rma/EligibleForReturnItemsAndFlagTest.php,33853110f521f262bfbf735643252deea70604c3cde800631fe7736b4bb963d4,12542
dev/tests/api-functional/testsuite/Magento/GraphQl/Rma/EligibleForReturnItemsTest.php,eed1368b629cda517ce42684817b8ad7a85a7425b3c6f37fabbf1473f7960829,10103
dev/tests/api-functional/testsuite/Magento/GraphQl/Rma/GuestOrderByTokenWithReturnsTest.php,3822d8c3597b12f81f22348ac3913e0069e741e01bbb52bfc19dd928274d3478,12256
dev/tests/api-functional/testsuite/Magento/GraphQl/Rma/GuestOrderWithReturnsTest.php,2199091fe03e81ae7d36c7bcfd292b41149ebed40c708925965c2c0bf376491a,11427
dev/tests/api-functional/testsuite/Magento/GraphQl/Rma/IsRmaEnabledTest.php,f5123c346410271797bad4ba52ce17cd58e961bc37b2d6f3c6aca474505928f8,1545
dev/tests/api-functional/testsuite/Magento/GraphQl/Rma/OrdersReturnQtyRequestedTest.php,615a6a51f7d6e0b3c46564c020bf845982df26dcd4b6dd481c35969f17746e6d,11126
dev/tests/api-functional/testsuite/Magento/GraphQl/Rma/RemoveReturnTrackingTest.php,bafbb65e3163b66f9b9d0247cf1ee440cd55366bd18a7a31ccb644f2ea307121,13058
dev/tests/api-functional/testsuite/Magento/GraphQl/Rma/RequestGuestReturnTest.php,bd2ce47e0cf21869fb4e92f4bb446755ac1bb10c9d47c135b74242876c103986,16432
dev/tests/api-functional/testsuite/Magento/GraphQl/Rma/RequestReturnTest.php,1987ccb33fa3e489a680088e53ebd53001a69f6ec5346471e05a3714c3dad272,31580
dev/tests/api-functional/testsuite/Magento/GraphQl/Rma/ReturnActionAvailableTest.php,1ad7dd06efbbdc5c09945da76614faf7dbb07df1dbbe3a57c5e55b6f8db77507,10414
dev/tests/api-functional/testsuite/Magento/GraphQl/Rma/ReturnDetailsTest.php,c35dffcd4e038ab3c78feffb34c06ba08a17fda026373d1ac5cfc3eff26364e7,32378
dev/tests/api-functional/testsuite/Magento/GraphQl/Sales/OrderGrandTotalExclTaxTest.php,259055cf3ca49bf4e592a3791f63c0b920b0db1f3f719d221ce4c7e0bc78cbc6,11303
dev/tests/api-functional/testsuite/Magento/GraphQl/Sales/RetrieveOrderWithGiftCardProductTest.php,8ff202ac52d362bcc8da3aa3c261c63502e608a3d8c3c03cd385916324ea1372,10119
dev/tests/api-functional/testsuite/Magento/GraphQl/SocialLogin/Api/GenerateCustomerTokenTest.php,30fc26f1185a581ec2d44d59d82a3cbc2224b02f0136f2fbea571dc01e14bd59,22904
dev/tests/api-functional/testsuite/Magento/GraphQl/SocialLogin/ExchangeExternalCustomerTokenTest.php,264d305b31ee69aa5f74329c8724c70904947bdc8045d33be473dca86a1ac671,8480
dev/tests/api-functional/testsuite/Magento/GraphQl/Staging/PreviewCatalogRuleTest.php,3ba4775d141383c052045d445b70de65ea15572b50db801bd3fdd6e3158b21b6,16610
dev/tests/api-functional/testsuite/Magento/GraphQl/Staging/PreviewCategoryTest.php,510ec3e4fa41f2dfb15a9914de59e1ddd676ee0089febbfe09cace4a39533966,9253
dev/tests/api-functional/testsuite/Magento/GraphQl/Staging/PreviewConfigurableProductTest.php,2f630c64806474bb2c4546bbe01cc667619adb81d7eb3a93dc02e0f63b01127a,5591
dev/tests/api-functional/testsuite/Magento/GraphQl/Staging/PreviewSimpleProductTest.php,28b983e12fbf566f1105d0578450bacab502d8935ea4eaed3109d84e83d7c4e6,16526
dev/tests/api-functional/testsuite/Magento/GraphQl/Staging/PreviewValidationTest.php,f4bcf6aeae52f6fea385552b2c8a7144b7aacf9132040d78d701cae1bc4d442e,3635
dev/tests/api-functional/testsuite/Magento/GraphQl/Staging/SimpleProductStagingTest.php,54d11918e523e3a5510cb9a0e9d7f606049f2f2280c70c51547178ae158d8348,4240
dev/tests/api-functional/testsuite/Magento/GraphQl/TargetRule/RelatedProductRuleTest.php,030d53c7dd525814ceb7dec51cd2dcbdfa4db8136f2ca0b948b88b527b3d2fd0,22344
dev/tests/api-functional/testsuite/Magento/GraphQl/VersionsCmsUrlRewrite/UrlResolverTest.php,e3e1d75bad1cd83acc9f9e64535bcdf7602b021caddda900307f95976e5dc044,3103
dev/tests/api-functional/testsuite/Magento/ImportCsv/Api/ImportCsvApiTest.php,59955f68275dd18ff76dd715bf18cc2f4fac2d0ef6b4ab8bde3745d95e82ee09,18597
dev/tests/api-functional/testsuite/Magento/ImportCsv/Api/_files/advanced_pricing.csv,52418d9a8f495f07bb424b79ae164aab437758cf14646dd4ce4549d2c6f4b0d7,166
dev/tests/api-functional/testsuite/Magento/ImportCsv/Api/_files/advanced_pricing_semicolon.csv,92590621de0185866f24514381b110748cd7389cfc1495b401f287883952847b,166
dev/tests/api-functional/testsuite/Magento/ImportCsv/Api/_files/products.csv,e375b09422573692a826a5d6f8bcfd30429167523cf1eb2e403af325897c601f,2662
dev/tests/api-functional/testsuite/Magento/ImportCsv/Api/_files/products_custom_empty_attribute.csv,2c6ac79f59246b4de8212088cfe28a406d4be56489261f907d439fca9968c5de,2587
dev/tests/api-functional/testsuite/Magento/ImportCsv/Api/_files/products_locale_de_de.csv,a35a56befd734c7b0ec0812b620c5cb4d6d465b71991305cd8dffd2b4e7eddcf,1902
dev/tests/api-functional/testsuite/Magento/ImportCsv/Api/_files/products_with_invalid_row.csv,6c48be9caeece1769677aef1ec8c108cd911b0dab60bb0ac003b9765d39b2fc4,2241
dev/tests/api-functional/testsuite/Magento/ImportJson/Api/AdvancedPricingImportJsonApiTest.php,9f59691fb89f10a491be4351877d1f7891aa84ac001adacacfde700e1f7fe49b,2207
dev/tests/api-functional/testsuite/Magento/ImportJson/Api/ConfigurableProductImportJsonApiTest.php,fbddfef34ce3a6509666398a17a07486ecd137d571f553b7de3abea3a9c172c1,2787
dev/tests/api-functional/testsuite/Magento/ImportJson/Api/CustomersImportJsonApiTest.php,0821e3ec1d173bafc45344d878198c936806257037dda7945f9fb8d8eaac4056,2769
dev/tests/api-functional/testsuite/Magento/ImportJson/Api/DeleteSimpleProductImportJsonApiTest.php,c5d99617dc0196f99929bec66987596132ce8458bf24cd37eea98ff409c06969,2512
dev/tests/api-functional/testsuite/Magento/ImportJson/Api/DownloadableProductImportJsonApiTest.php,20e57981bf5ba2e30b484415801bd1e3b2bb3b02c486af00ff60005a6f744b28,2777
dev/tests/api-functional/testsuite/Magento/ImportJson/Api/GiftCardProductImportJsonApiTest.php,010ed1d55a825c1d60423651cb011ccc2e8b1026c61f779af79b5325c46d99bc,2734
dev/tests/api-functional/testsuite/Magento/ImportJson/Api/GroupedProductImportJsonApiTest.php,4dbcac19b1b332e562823a1269d53fe89e29b2ed2f4f87eb782fb1d0646217e8,3420
dev/tests/api-functional/testsuite/Magento/ImportJson/Api/ProductImportJsonApiTest.php,506e1daa85c90b45face50eb151648e384c6900aa909b3663eafef076506cfc4,18062
dev/tests/api-functional/testsuite/Magento/ImportJson/Api/ProductWithCustomOptionsImportJsonApiTest.php,80da655210df6b717265d97d757ba7621f9eb7a996635e3972409f125b1151d2,4304
dev/tests/api-functional/testsuite/Magento/ImportJson/Api/ProductWithMultiSelectAttributeImportJsonApiTest.php,969902ad14114e2dee4fa57fffecce0978808e524da4c4e8b2ebe20efe3e9b5e,3684
dev/tests/api-functional/testsuite/Magento/ImportJson/Api/ReplaceSimpleProductImportJsonApiTest.php,cc6162da3367d28b9d63e4d90183fcbd9b590b39a74fd80e44bef0693e03182b,2524
dev/tests/api-functional/testsuite/Magento/ImportJson/Api/TwoWebsitesProductImportJsonApiTest.php,0087620828dc637ff0ee8667044ee426e4c781bd3a618998374931aa509bb8e5,3621
dev/tests/api-functional/testsuite/Magento/ImportJson/Api/_files/advanced_pricing.json,a703a7d81db275e402c34c9ed5ca2acc01259b08159ae9073c75abe0f5c8cbd1,2280
dev/tests/api-functional/testsuite/Magento/ImportJson/Api/_files/configurable_product_with_swatches.json,406862f85d6a0bd8abfda86bf00dc0068bb4aba25e85f75500cba109d0a07a61,4670
dev/tests/api-functional/testsuite/Magento/ImportJson/Api/_files/customers.json,87fa4373a678364a127c0e596910ebb0de428798680189bd9e048197bd66e689,2632
dev/tests/api-functional/testsuite/Magento/ImportJson/Api/_files/downloadable_product.json,7e7e27cdb5135c9413664ef0ee74bc26016c3048d6130ef0e96f588562b7371c,3805
dev/tests/api-functional/testsuite/Magento/ImportJson/Api/_files/giftcard_product.json,eb4de5ce5718ad159c2d3efa588dd529f50ca557ce4ec57a08c34726d40c7169,3531
dev/tests/api-functional/testsuite/Magento/ImportJson/Api/_files/grouped_product.json,a4b2c6483c2f9162b524e5c381fa1b8280fd5830532fc18a7fd05f34e22f777d,9490
dev/tests/api-functional/testsuite/Magento/ImportJson/Api/_files/non_existing_simple_product.json,15f37da44bfe6161177b9a1c1d4bfc799b98ee5f7687552342c6c40745dedad8,3420
dev/tests/api-functional/testsuite/Magento/ImportJson/Api/_files/simple_product_delete.json,29ce7bc941aab00ec2eeb6aa78e37428309e8763b3e9e06e71de09ff7e397270,31
dev/tests/api-functional/testsuite/Magento/ImportJson/Api/_files/simple_product_locale_de_de.json,6395c6ecac2a5eb95c7ead0519dd4159a1a391cf0a560a784a2bbb007d63d16a,2768
dev/tests/api-functional/testsuite/Magento/ImportJson/Api/_files/simple_product_replace.json,7a8f793dd3b659ed698cd3e8282dc1dbdb9bed3d78946b5a8e77ff34ca3f078a,3329
dev/tests/api-functional/testsuite/Magento/ImportJson/Api/_files/simple_product_with_custom_options.json,d7e44d16a9842728b7a77a6d6c548b233f9794ee53277a3e45d6f1d18453c8c6,8567
dev/tests/api-functional/testsuite/Magento/ImportJson/Api/_files/simple_product_with_images.json,8fe07ad8b5c0fb54f255655deaa7b6b0b91d9b06baf4b77dfd94c8f42dbbe430,3555
dev/tests/api-functional/testsuite/Magento/ImportJson/Api/_files/simple_product_with_multiselect_attribute.json,273ecb4a955b02e0c569c0f527e04512ca44a080ad32d94a570f5492d483c1cb,3711
dev/tests/api-functional/testsuite/Magento/ImportJson/Api/_files/simple_product_with_non_existing_category.json,6bb4b4c96f660059bc3e3fe9552409e92b2b11d33674a3c0267b30ba630bd848,3608
dev/tests/api-functional/testsuite/Magento/ImportJson/Api/_files/simple_product_with_non_existing_website.json,df2e480c586da95d1ecb330ba785f51caf233caa0d2548340c928a0387150d03,3552
dev/tests/api-functional/testsuite/Magento/ImportJson/Api/_files/simple_product_with_two_websites.json,5bd08aefa63b2310e9afac885a9ebdbeb6a6c26dafd74b7b82f1c8aa5e9130bd,6244
dev/tests/api-functional/testsuite/Magento/ImportJson/Api/_files/test_image.jpg,609a539bee699329e729d2d72de728637ea2bc335b0a249761bed38337a1d83c,1499
dev/tests/api-functional/testsuite/Magento/ImportJson/Api/_files/two_products_one_broken.json,85ba97a54eaf21afac0289d3fde7ebc7638a49f64ee10c78949d301a51efacec,6780
dev/tests/api-functional/testsuite/Magento/Multicoupon/Api/CouponManagementRemoveTest.php,354bd0a73bf0e68677274e515992d17853173a7da906a564b959c695d0d5c286,7106
dev/tests/api-functional/testsuite/Magento/Multicoupon/Api/CouponManagementReplaceTest.php,89a18e1eb0fd49f525d0d850c0f24ec1a39469f5cc9d9b3461ba76b13d7d2efd,6454
dev/tests/api-functional/testsuite/Magento/Multicoupon/Api/CouponManagementTest.php,ab1f29c9eae3848fd7c19651a1230389fcf1944bb9a7e2e91eb5a451ac4c5a3f,14527
dev/tests/api-functional/testsuite/Magento/Reward/Api/OrderRepositoryTest.php,f8e8552a6ea81bacc79b2ac00abc6f1d78790759ad4079a89c7ae9dbaac79556,4918
dev/tests/api-functional/testsuite/Magento/Reward/Model/Resolver/Customer/UpdateCustomerV2RewardAttributesTest.php,e3f4a1664b2efa259209924a98894e1381d56a6779cc42a663f6223b8f184748,3454
dev/tests/api-functional/testsuite/Magento/Rma/Service/V1/CommentReadTest.php,7c38c5b49ebf09b9d69129fc3624ebda10947eef319d70857625226387e66f0d,2151
dev/tests/api-functional/testsuite/Magento/Rma/Service/V1/CommentWriteTest.php,65c57e7c749f7c513f1bbd7c9a58eeab415d9c15c6a217807cc585e3e1ab3f26,2660
dev/tests/api-functional/testsuite/Magento/Rma/Service/V1/RmaAttributesManagementTest.php,8b199bb9825ce8e503e5a9a322c698adad21647ac667d6106875384d1cf23d7f,1755
dev/tests/api-functional/testsuite/Magento/Rma/Service/V1/RmaListTest.php,eab82dd19df90d3c24086ee618ef27de1c34cbc3cb0830e9bb0dc0487dcc3db1,3313
dev/tests/api-functional/testsuite/Magento/Rma/Service/V1/RmaReadTest.php,ffd54783f05b6d971b1d7de0f3f26f5c89b4ff7d19565e6412d99c542ccb7958,7590
dev/tests/api-functional/testsuite/Magento/Rma/Service/V1/RmaWriteTest.php,aa7943e9109e59e72d1e37a30a0a9ff872e78a5f05611f05cd8413d9684f3b4e,9280
dev/tests/api-functional/testsuite/Magento/Rma/Service/V1/TrackReadTest.php,34eb48014fa8a5bb80985b22c103cb41d8541ea65af4e39446b8fe1285d85fdf,2121
dev/tests/api-functional/testsuite/Magento/Rma/Service/V1/TrackWriteTest.php,3ea8b28ee8b756df3d2a2663f762b87e69c8f5c096e9274de9a8d4b5bdc1afdb,3330
dev/tests/api-functional/testsuite/Magento/SalesRule/Api/RuleRepositoryWithRewardPointsTest.php,64f0e307693f35518a8bf71db9f53835ffd8d316f0059236342c85f4b0a5e56a,6902
dev/tests/api-functional/testsuite/Magento/WebapiRestGws/OrderActionsAndScopeRestrictionTest.php,691b78c6dce73e5cee265f42594ff1e6714cff8b42fb6f2132c6b09e565ce1bf,2701
dev/tests/api-functional/testsuite/Magento/WebsiteRestriction/Api/AccountManagementTest.php,fed091e7e27ef5497263f52149f7a396d17efa89e605222135625c8f2c5010f1,8291
dev/tests/integration/_files/Magento/TestModulePricePermissions/Observer/ObserverData.php,0f02c8a6e905cc4aabb41994bf8133907191f2e0b7b76890dfc9d0e1e503d6fb,1416
dev/tests/integration/_files/Magento/TestModulePricePermissions/Plugin/DataFixtureSetup.php,c1764ae1026a31ff3d54e75868e3498009dc061db77d8ea27b04e62caad5c634,1702
dev/tests/integration/_files/Magento/TestModulePricePermissions/etc/di.xml,f8383d32213aa978a8bdfe33e874ac63fa5dff3300cf758d3d2951d9f63edebb,1159
dev/tests/integration/_files/Magento/TestModulePricePermissions/etc/module.xml,c7bcfee04d93e44dc52cb4f9cc5fc9b2a32bb5ca8a216a4012b5ae062ff9dcc1,940
dev/tests/integration/_files/Magento/TestModulePricePermissions/registration.php,65f0bd6f6c0f1cf8ee462e81fd8299df9a1a3aef913c489f1e22577bf39d687b,903
dev/tests/integration/etc/di/persistedInstances/ee.php,3c8fd767e09166a67bc91b00a3b22fa3186f4afdc9705d1e0b906e4960accc76,635
dev/tests/integration/etc/di/preferences/ee.php,cae652970047a9cb831f6d580fba2e732c29433c4de17a495d6726d86c5927bf,910
dev/tests/integration/etc/install-config-mysql.php.dist,62129d5b684d82c860297bcbd76b43c7493935df63ff83d4fc76acb7a3307cd2,789
dev/tests/integration/framework/Magento/TestFramework/ApplicationStateComparator/_files/state-filter-list_ee.php,da651d7384a26d2e074652737ca65aea56aa3128f8750c2b1d32d45341617866,1459
dev/tests/integration/framework/Magento/TestFramework/ApplicationStateComparator/_files/state-skip-list_ee.php,70b552ca746ae91a7bd8aa33e55157c40dbe362cbff7a5f9070e93da7ae95b95,5585
dev/tests/integration/framework/Magento/TestFramework/MultipleWishlist/Model/GetCustomerWishListByName.php,07732190c8b93e563225967c7c10b2c8a9b8c362754a146ee1ca3a33887ae632,1950
dev/tests/integration/framework/Magento/TestFramework/ResourceConnections/Db/Adapter/MysqlProxy.php,346d03f90b9b1749b896b2935aeb35cd6f6f96d52558397d00ee94c5807127cb,2587
dev/tests/integration/framework/Magento/TestFramework/ResourceConnections/Db/ConnectionAdapter/Mysql.php,a4f2cc32203bec268d96c1296144d234515367f1ac1a8761d68f38435cfe427a,1016
dev/tests/integration/framework/Magento/TestFramework/SalesArchive/Model/GetEntityData.php,d2e4dbce0b872d77527a654b4a901f428c3a0c8af6c743c90d564b82f7a1e5fc,1610
dev/tests/integration/testsuite/Magento/AdminGws/AssertButtonsRemovedTest.php,f041884cb4f0a7a2471fa86308f1e541d7b69db98b824aac67e554ee9db9bf9c,3377
dev/tests/integration/testsuite/Magento/AdminGws/CreateProductFormTest.php,fa938798a2a5648f1763ec9f53381fc9660000bec5ad01f3ed99905718bdf84b,2989
dev/tests/integration/testsuite/Magento/AdminGws/CustomerCollectionTest.php,5bddb93ab0f8aba2a704704cfd4888fdfb524578c020f893c0630fe48d74c93b,5830
dev/tests/integration/testsuite/Magento/AdminGws/Magento/Catalog/Block/Adminhtml/Product/Helper/Form/Gallery/ContentTest.php,b6b711c0a93bc9fc8e97e5024743e72ea4daf4c6c239744394a5a7e222a1909c,3350
dev/tests/integration/testsuite/Magento/AdminGws/Magento/Catalog/Controller/Adminhtml/Category/EditTest.php,c9abf43d8ed47239b0c5a43978b15aa90f4575f3c1ac8ca3c01243b8ab7f639b,1910
dev/tests/integration/testsuite/Magento/AdminGws/Magento/Catalog/Controller/Adminhtml/Product/CRUDTest.php,32c2e6d42cfca19d675dff9025c6d6ab2fd1f16c142cfa9989725bb343d9d48b,5320
dev/tests/integration/testsuite/Magento/AdminGws/Magento/Catalog/Controller/Adminhtml/Product/Set/EditTest.php,d46bd80bb7ac44c6280b2ea04d1f2840d9597c5bb53de8704f70822f9d7e0af5,2225
dev/tests/integration/testsuite/Magento/AdminGws/Magento/Catalog/Controller/Adminhtml/Product/Set/IndexTest.php,ebfe3586e92adc2118533b41845198ef6782d5bc1965a9488bc4b9047fcd9c65,1703
dev/tests/integration/testsuite/Magento/AdminGws/Magento/CatalogEvent/Block/Adminhtml/Event/Edit/FormTest.php,99b48f5a7106394780c4281aa4ac872e85527a6b99d8e3f2c88611d37350b0dc,2636
dev/tests/integration/testsuite/Magento/AdminGws/Magento/CatalogEvent/Controller/Adminhtml/Catalog/EventTest.php,d4c515544ba7d7e1ac6bd4f6dcaf7453b2232219cb127e0060098a84fe1a51a9,1625
dev/tests/integration/testsuite/Magento/AdminGws/Magento/Customer/Controller/Adminhtml/EditTest.php,7b48c44e588813155711b514067094eb8134e06155d690ef6e1a20bcd8e7f29f,1596
dev/tests/integration/testsuite/Magento/AdminGws/Magento/CustomerCustomAttributes/Controller/Adminhtml/Customer/Attribute/IndexTest.php,0c0a8f2f5ca9571022ae6ec739f55e6977179a8927d9584a816c843b24a1b06a,1767
dev/tests/integration/testsuite/Magento/AdminGws/Magento/Reports/Model/Product/DataRetrieverTest.php,42819a7b25bf0cc5a09949dcee87185b4380fc6b522fa3ee1d1bc94bf798a85f,4270
dev/tests/integration/testsuite/Magento/AdminGws/Magento/Review/AssertButtonsRemovedTest.php,161206854e326e352ca7a07eceaebde4c43577077963c7318109ec17f13b4920,1325
dev/tests/integration/testsuite/Magento/AdminGws/Magento/Review/ButtonsTest.php,fa583baa3e827dcc83977a1174810b92d803086b7f4260556393a17e3c2a7e77,2224
dev/tests/integration/testsuite/Magento/AdminGws/Magento/Shipping/Controller/Adminhtml/Order/Shipment/ControllerTest.php,315e04ca0986aca5defa2df7378f2828e21bccea3a3f79c8a7ae47feb35a6560,4111
dev/tests/integration/testsuite/Magento/AdminGws/Magento/User/Controller/Adminhtml/User/Role/SaveRoleTest.php,5aeb80ac54fb87c486a4891c36998405e843ca4c4b399eda05fda7f964007773,5320
dev/tests/integration/testsuite/Magento/AdminGws/Model/AuthorizationRoleSaveTest.php,c6267a8c702dbf8b1e0394a8c36f9cf1cd13791d4e6d535488f2eee499e5315a,2776
dev/tests/integration/testsuite/Magento/AdminGws/Model/BlocksTest.php,c41894a1be093a10ab4feedce5a80a9292aa81f096cc4fb6de0daa58ffe12a58,3303
dev/tests/integration/testsuite/Magento/AdminGws/Model/CollectionsTest.php,266d39c984d8494ff4abded676cd626a195f31c56ced5bfe005358bb4a703566,3741
dev/tests/integration/testsuite/Magento/AdminGws/Model/ControllersTest.php,17ada6269934cfadef4ebe2cdf60db48a6e91f0526d52c738c74c37751619bd5,21869
dev/tests/integration/testsuite/Magento/AdminGws/Model/ModelsTest.php,049de004e40392d77986f48b347a46452426820f285622b9055b219d1ca6efea,14328
dev/tests/integration/testsuite/Magento/AdminGws/Model/Plugin/UserCollectionTest.php,f1351093d93dd068f422128568c117be009adf935d100bcbfb1fa6e662c3bd5c,3820
dev/tests/integration/testsuite/Magento/AdminGws/Plugin/Customer/Model/ResourceModel/Grid/CollectionTest.php,963e67a651d43ccc72e11967f37c0d9888254a9d5ae94642927e5a17637da926,5616
dev/tests/integration/testsuite/Magento/AdminGws/Plugin/Review/RatingCollectionSizeLimiterTest.php,57fe754cc9e1ec4a695f329e175c5d717b3932dc4b2cb51f860ff30db0c9803d,2994
dev/tests/integration/testsuite/Magento/AdminGws/ProductLinkInGridTest.php,7a4d0f00f0c54ebcca83dd35d885d4d8d39dbcd4ff75bd3d32cd5dfe98316a04,2397
dev/tests/integration/testsuite/Magento/AdminGws/QuoteItemCollectionUpdaterTest.php,fc2bfd86fb3daafc1345a36325ccc210c8280486be871eca503cf39991a95c06,2695
dev/tests/integration/testsuite/Magento/AdminGws/SelectAttributesTest.php,20c4f921c2ec71290516d0f809ae43302598036c0916a612c415c4720be86c48,3143
dev/tests/integration/testsuite/Magento/AdminGws/_files/one_rating_on_two_different_websites.php,28af568f4a9fd4f5337eef97fbb0df5a50211253fe764c2391b7ba0763b1006b,1468
dev/tests/integration/testsuite/Magento/AdminGws/_files/one_rating_on_two_different_websites_rollback.php,680e9480782d6575804a6371be1726f4f9f7e67c46f4764c80d0dc9e9f8e4353,1512
dev/tests/integration/testsuite/Magento/AdminGws/_files/quote_item_of_product_on_different_websites.php,50ff0e6e1fc72da167b27681f3facd1c18167b35e8136fae349ae80add3e868f,3423
dev/tests/integration/testsuite/Magento/AdminGws/_files/quote_item_of_product_on_different_websites_rollback.php,3efe53b910451a9aa0ffe9a951eb8cf6925b67690add5bfa297972d9204fbe9a,1963
dev/tests/integration/testsuite/Magento/AdminGws/_files/role_on_second_website.php,a570cc39ba7825ed14aac961c6d45cb56d45fbc76d722e8008fddea6f422d4ba,1734
dev/tests/integration/testsuite/Magento/AdminGws/_files/role_on_second_website_login.php,562dda808892fe048eda35161afe481cf3ad96de1f7d47e0733f75e9f03dfc3d,2336
dev/tests/integration/testsuite/Magento/AdminGws/_files/role_on_second_website_login_rollback.php,652226413ea19fd9b07783f5f55920335ea33184dc4850a8e0f8c3e932f6b856,1669
dev/tests/integration/testsuite/Magento/AdminGws/_files/role_on_second_website_rollback.php,a12a1a3f1fe08a73faf5b130fe31f6183a51e35d78e3b0823d506786c4ca5462,890
dev/tests/integration/testsuite/Magento/AdminGws/_files/role_stores_login.php,776e95903d1fc2ea504019b0bbf98f337ea7bcb9289eae32174ff0394a4bcc91,1819
dev/tests/integration/testsuite/Magento/AdminGws/_files/role_stores_login_rollback.php,f149e73c0bd47f087d48ccf4cb3b03a21a9c389c729ba5f680250d29ec708c98,768
dev/tests/integration/testsuite/Magento/AdminGws/_files/role_websites_login.php,b705e56a1772d157a091aa1d7f29245019edb39a63b033ed3e68a85ab6c1f246,1816
dev/tests/integration/testsuite/Magento/AdminGws/_files/role_websites_login_rollback.php,132fd1355256edd20a12c9b735f7b3a6413a2a6a20f28de4dbabfc758d22fa5b,1668
dev/tests/integration/testsuite/Magento/AdminGws/_files/two_quote_items_on_different_websites.php,4bb2c80245e634b4605a4e0d57e609adf01bcca4369438ea8db52fb55a484140,3788
dev/tests/integration/testsuite/Magento/AdminGws/_files/two_quote_items_on_different_websites_rollback.php,bb7689bd72ff9da91f0a48d3b986bf58ba6533e9e74a000c70bbf5fb82893142,1964
dev/tests/integration/testsuite/Magento/AdminGws/_files/two_roles_for_different_websites.php,ee0b0abe90cd27f4ef84ed7d1fa70905bce5025d85814580ec96e8b65db5de17,1668
dev/tests/integration/testsuite/Magento/AdminGws/_files/two_roles_for_different_websites_rollback.php,c0f34298db39bb022886aea10b0e389fd624e811ac1dece19e4ab5c788383c7f,1623
dev/tests/integration/testsuite/Magento/AdminGws/_files/two_users_on_different_websites.php,04ba7b8c0e26483371bfb5d6beac920d99801813bcfacf4e632a04703c461086,2331
dev/tests/integration/testsuite/Magento/AdminGws/_files/two_users_on_different_websites_rollback.php,843e3dcd13e246fb6f6465d1f6f3c6082e0026c34d3e50b522ff5adedb991ca9,1363
dev/tests/integration/testsuite/Magento/AdminGws/_files/two_users_with_role.php,8a676048698914fe9681637fb093fe664541daae8581af90e6e5fbead151ec39,1877
dev/tests/integration/testsuite/Magento/AdminGws/_files/two_users_with_role_rollback.php,8ddf8db2875fe281f00c730b649d66b3b4ec43bf2607f6b30d9258736cb20693,985
dev/tests/integration/testsuite/Magento/AdminGwsConfigurableProduct/Plugin/ConfigurableResourcePluginTest.php,f724343e871d6a57090e54ef564507bb9b996ead3934863a7b3e06a4ca8fe8d7,7745
dev/tests/integration/testsuite/Magento/AdvancedCheckout/Block/Adminhtml/Customer/Edit/ManageShoppingCartButtonTest.php,53946c20b456d4376cbca9a5a1fc0aa2c7a4bbafddeb3c1139ed50509e6d9f83,2876
dev/tests/integration/testsuite/Magento/AdvancedCheckout/Block/Adminhtml/Manage/Accordion/AbstractManageTest.php,6625d226472deae1cc03765c6cc009309115d1e49ddd902edbb693bb9a4c8304,3408
dev/tests/integration/testsuite/Magento/AdvancedCheckout/Block/Adminhtml/Manage/Accordion/ComparedTest.php,83719bc9854f42398e70deab14930e6a8cb10ed32c12cb12784e41623bb3d07b,1360
dev/tests/integration/testsuite/Magento/AdvancedCheckout/Block/Adminhtml/Manage/Accordion/OrderedTest.php,c8e89bf47267632f0cd8f8bcf64dc20346dd9b593a5c6c856a96e618f81a1e9b,1336
dev/tests/integration/testsuite/Magento/AdvancedCheckout/Block/Adminhtml/Manage/Accordion/ProductsTest.php,8477f7762fa9ca8d9afee6064a16336ca20b0bc0640b71e6faf7410853e613bb,1500
dev/tests/integration/testsuite/Magento/AdvancedCheckout/Block/Adminhtml/Manage/Accordion/RcomparedSecondWebsiteTest.php,dda280c3106597b6b755f9421ea31d5e52a88b9b3f41c92aed42860d44ff7315,1452
dev/tests/integration/testsuite/Magento/AdvancedCheckout/Block/Adminhtml/Manage/Accordion/RcomparedTest.php,e3086f376f1d54510c2c5545fc5a9828c653882315ae80db388d39d772c3300c,1697
dev/tests/integration/testsuite/Magento/AdvancedCheckout/Block/Adminhtml/Manage/Accordion/RviewedSecondWebsiteTest.php,d76d03cbe9bb98a4371d59da11fd9dd77e24792ac86456426feb0f5c53ba57a4,1459
dev/tests/integration/testsuite/Magento/AdvancedCheckout/Block/Adminhtml/Manage/Accordion/RviewedTest.php,4ecf3c40ef1ea9f65d33c88dde6c38ce3aa9778c1ffc71e173a9c8c35dcbd10c,1718
dev/tests/integration/testsuite/Magento/AdvancedCheckout/Block/Adminhtml/Manage/Accordion/Sku/ErrorsTest.php,5b8b4a7414c1acd6d0452fbeaaefa7199cc40f4cde1fa7cbfe60000001203277,5255
dev/tests/integration/testsuite/Magento/AdvancedCheckout/Block/Adminhtml/Manage/Accordion/WishlistTest.php,a4188db4e3b99598bf4ad0f7ae5bdd98e7ead8ef31e6b515c316f6d7b5478792,2239
dev/tests/integration/testsuite/Magento/AdvancedCheckout/Block/Adminhtml/Manage/AccordionTest.php,299a0975a61908082220a50c6bb31a1e623dec276a3e76cca9b38e832b0398b9,4245
dev/tests/integration/testsuite/Magento/AdvancedCheckout/Block/Adminhtml/Manage/ItemsTest.php,5ad880efa20c0af6932f54751955233e3045064d8fe7242218d31df6f8414eef,6350
dev/tests/integration/testsuite/Magento/AdvancedCheckout/Block/Adminhtml/Manage/LoadTest.php,2443c0da6f6be578bbcd4aa2820550a6130611cd7c2373434e388bd83b6e20cb,2544
dev/tests/integration/testsuite/Magento/AdvancedCheckout/Block/Adminhtml/Sku/Errors/Grid/Description/AbstractConfigureButtonHtmlTest.php,9eb427f91ff393ac784533717ea777b40d3db89237c946d5c9abdb1496c8e1cc,2746
dev/tests/integration/testsuite/Magento/AdvancedCheckout/Block/Adminhtml/Sku/Errors/Grid/Description/ConfigureButtonHtmlTestCompositeProduct.php,8c7260de76553e870f073e642a2b6ebf46a7b24b44e9f9953c7e9affd1c5d1b1,2157
dev/tests/integration/testsuite/Magento/AdvancedCheckout/Block/Adminhtml/Sku/Errors/Grid/Description/ConfigureButtonHtmlTestSimpleProduct.php,7831ad2ada221f4abb14affc2df75bee430208052cbba10f39cecc5bc6e7eab7,1476
dev/tests/integration/testsuite/Magento/AdvancedCheckout/Block/Adminhtml/Sku/Errors/Grid/DescriptionTest.php,29bdca80837a1e81e9908fed38912275a3a906580e45534daa404e59d9d42140,2114
dev/tests/integration/testsuite/Magento/AdvancedCheckout/Block/Customer/LinkTest.php,1c9a5a4af89ef164b3aaef2c3e48839202be0d7b98f2549edee338ca3450a895,3598
dev/tests/integration/testsuite/Magento/AdvancedCheckout/Block/Sku/Products/InfoTest.php,527756d999e8f5cd31ce9804b17dde1a54b6a2c4c5e6eb25e77f1182b37dea21,6767
dev/tests/integration/testsuite/Magento/AdvancedCheckout/Block/Sku/ProductsTest.php,02ffc816359af26e7547d7a3d0362190515fb3e2817122ca8f797c9998635ed4,1904
dev/tests/integration/testsuite/Magento/AdvancedCheckout/Controller/Adminhtml/Index/ConfigureProductToAddTest.php,fe269ef1f33b1257a4c746846784170ce021920f1cd82b4b12f93c084065543a,3376
dev/tests/integration/testsuite/Magento/AdvancedCheckout/Controller/Adminhtml/Index/CreateOrderTest.php,7be0e6bc925a6e9bf2175d85eaa2c3dadc534d99720f790fcf0e5dfcd814f55f,4552
dev/tests/integration/testsuite/Magento/AdvancedCheckout/Controller/Adminhtml/Index/LoadBlockTest.php,963abd7dc4f2bdf90b2bd7cc3d75895f852b18f6862ddc135bb26c05ebc55a8d,18471
dev/tests/integration/testsuite/Magento/AdvancedCheckout/Controller/Adminhtml/Index/UploadSkuCsvTest.php,2f983f04eceb4ad78ec487f6ef4491b79c3446a8104e4fda3a7ca70e692b7b36,8968
dev/tests/integration/testsuite/Magento/AdvancedCheckout/Controller/Adminhtml/IndexTest.php,d7f140dff7db65474dbef5ea4ffba49d0692c076946e1693780db82fa9b893e5,1170
dev/tests/integration/testsuite/Magento/AdvancedCheckout/Controller/Cart/AdvancedAddTest.php,a8c741dd0bd9767b5ba52ccfeec37a095183fccd36a9c837a5e62f447d8e58f9,4759
dev/tests/integration/testsuite/Magento/AdvancedCheckout/Controller/Cart/RemoveAllFailedTest.php,4ff857dba0981eccc6a0aa8e082c779f68287e439e40a5e92bba9c9a00661f17,1178
dev/tests/integration/testsuite/Magento/AdvancedCheckout/Controller/CartTest.php,6170dad56d38b1f29b1aef9751ef408538a460c70cbc982fb5a25e3a185c1e0a,7367
dev/tests/integration/testsuite/Magento/AdvancedCheckout/Controller/Sku/UploadFileTest.php,d4ae8510ff5c9e97df0cf2c90d8ba0082ec16c995220fc606b06f6b6c4fbbf7d,8886
dev/tests/integration/testsuite/Magento/AdvancedCheckout/Helper/DataTest.php,3e884010de26a7870b64d321b63197ef2b26d7b506d8d7faeb373386b79c29f6,5792
dev/tests/integration/testsuite/Magento/AdvancedCheckout/LayoutTest.php,cd33a30a188912394014a132c8cc5fd86e8729399c755e1e79902008df8101b3,1332
dev/tests/integration/testsuite/Magento/AdvancedCheckout/Model/AdminCartTest.php,334c056ce93a112625412b8bc17ba409f83d3af3e264783184710b3f20e238b9,2899
dev/tests/integration/testsuite/Magento/AdvancedCheckout/Model/CartTest.php,1a571685becb7bf91e1b1a42279dae7bdfa08e7a8e64aba54bd21526382ec821,9459
dev/tests/integration/testsuite/Magento/AdvancedCheckout/_files/image.jpg,b7ab97dc36bce603a435c012f2fcdf0a2baef3dbe95f165bb153e331ce104f07,13353
dev/tests/integration/testsuite/Magento/AdvancedCheckout/_files/order_by_sku.csv,6acb98a4c4a83f66f8de1a2139a3b2468503776a03faa94bfe597285332d4ffa,37
dev/tests/integration/testsuite/Magento/AdvancedCheckout/_files/order_by_sku_empty.csv,01ba4719c80b6fe911b091a7c05124b64eeece964e09c058ef8f9805daca546b,1
dev/tests/integration/testsuite/Magento/AdvancedCheckout/_files/order_by_sku_misspelled.csv,3f6a1e489696eb2482af894e45100a5cfa927804fb05ac04fc265f772ceb5361,30
dev/tests/integration/testsuite/Magento/AdvancedCheckout/_files/order_by_sku_no_data.csv,6f7cd26a886ca7b3cc585a7e61df7eb13db9bd9da2937724f8c1947b90d94012,8
dev/tests/integration/testsuite/Magento/AdvancedCheckout/_files/product_gift.php,f639c621f418fee5b7f9bd8836fc7f5b6f1e21ea567ca175f3ba344a3718a08f,2288
dev/tests/integration/testsuite/Magento/AdvancedCheckout/_files/quote_with_gift_card_product.php,0e26a6a707d90a0b877aea456a53bc3ec57d4dbb3390fb3ca149d3ce7d6ca306,2172
dev/tests/integration/testsuite/Magento/AdvancedPricingImportExport/Model/Export/AdvancedPricingStagingTest.php,88c8030417077da5cda98590a41bcbc132500c69deb4999b0b838f506b3b078a,1069
dev/tests/integration/testsuite/Magento/AdvancedPricingImportExport/Model/Import/AdvancedPricingStagingTest.php,25ccfcf03e7c682fc4406d125d7338ec501e40049b92c7ade79b87298c8fe251,2015
dev/tests/integration/testsuite/Magento/AdvancedSalesRule/Model/Indexer/SalesRule/Action/FullTest.php,23d59fdb8c1db1f11a62162cadd47b04706f523424f9ed84068f66b48b7e915e,4680
dev/tests/integration/testsuite/Magento/AdvancedSalesRule/Model/Indexer/SalesRule/Action/RowsTest.php,57687478ec39b341c798bb6f7370c8ffbfa3ef01a16451eb4c6f667c4d886729,4722
dev/tests/integration/testsuite/Magento/AdvancedSalesRule/Model/Indexer/SalesRuleTest.php,f1f6524a27d4407a15c8bf816f1b9e779937fe7928919854632346dbdba3b25e,14638
dev/tests/integration/testsuite/Magento/AdvancedSalesRule/Model/Plugin/RuleTest.php,090f7c0b2705a8cb37dd77546aa4edeedfce24e054908e9517f1473acc78a45c,27443
dev/tests/integration/testsuite/Magento/AdvancedSalesRule/Model/ResourceModel/Rule/Condition/Filter/CollectionTest.php,b265defb6a6094c633884d5a2d003486fbb693ee9963d9b55f84a4b086cce775,2425
dev/tests/integration/testsuite/Magento/AdvancedSalesRule/Model/ResourceModel/Rule/Condition/FilterTest.php,e508774052dae7a5c3a8b515a4f0c9d5fa21edb5c6d65554a57539a4ca2e5ea0,10930
dev/tests/integration/testsuite/Magento/AdvancedSalesRule/_files/delete_salesrule_filters.php,1eabc81241c31dff5a1d5ac9fd7b0466bac4778a37361e26699bcf1663ebe012,1018
dev/tests/integration/testsuite/Magento/AdvancedSalesRule/_files/salesrule_indexer_on_schedule.php,90463932ab5e3c837b356c35cbd5fbf8e3a96b3dc4e5ad1e9d5aa6836acec39a,862
dev/tests/integration/testsuite/Magento/AdvancedSalesRule/_files/salesrule_indexer_on_schedule_rollback.php,8b471f77e077179e3381370d4978b6e17207db6ddb7590db34819d0ed7ad4526,863
dev/tests/integration/testsuite/Magento/AsyncOrder/Controller/Adminhtml/Archive/MassAddTest.php,ac105f99c404125580689ed5349ebd5ecd5b293174b978600c19a37378033c87,3629
dev/tests/integration/testsuite/Magento/AsyncOrder/Controller/Adminhtml/Order/View/ViewTest.php,186aed827959466f0ed438876e8d24847b2a5387b7e08aa7078d2d1e43eb7de0,3251
dev/tests/integration/testsuite/Magento/AsyncOrder/Model/AsyncOrderCustomerDelegateInterfaceTest.php,a5d438e89091fc6856717b3b283f66ba530d708ddc627a4afdd0e84557d88400,6103
dev/tests/integration/testsuite/Magento/AsyncOrder/Model/AsyncPaymentInformationCustomerPublisherTest.php,bb158be2139adfdbde90dad2551a7675fc6876b3571fa9b284c3befbb7199ff5,11084
dev/tests/integration/testsuite/Magento/AsyncOrder/Model/AsyncPaymentInformationGuestPublisherTest.php,c58382c73d6025fedd4897ba9a6f14e791236811191086c84e22069dee09ba5d,10229
dev/tests/integration/testsuite/Magento/AsyncOrder/Model/ResourceModel/Order/Grid/CollectionTest.php,804aecbf3bb3b541a52d8659a1c9de249e30bd8a9b8673cfdfc18980b9fa2794,12971
dev/tests/integration/testsuite/Magento/AsyncOrder/_files/async_mode.php,afeb21e12ef41750b97454f9810dcd32f16a71fa1c3b8b1a73068b51aa1f4264,1202
dev/tests/integration/testsuite/Magento/AsyncOrder/_files/async_mode_rollback.php,e1f43afacb0951c4965b8b8a3964812078ca46aacbec8db3da6bf7fca8945ed2,1202
dev/tests/integration/testsuite/Magento/AsyncOrder/_files/order_rejected.php,7cefbbc6284618025537843e8e906f1e28a19b88bfd5b70ec34f03cb7ed57fa0,1227
dev/tests/integration/testsuite/Magento/Banner/Block/Adminhtml/Banner/Edit/Tab/ContentTest.php,1faa24eca76a865a1b88a63557a477a7cb7ffbf51511203d0c385e9838746866,1156
dev/tests/integration/testsuite/Magento/Banner/Block/Adminhtml/Banner/Edit/Tab/Promotions/CatalogruleTest.php,82c0d4ded17b58003307b383681f4ddc479616c9f8237205b6e116ca2e3eff40,1828
dev/tests/integration/testsuite/Magento/Banner/Block/Adminhtml/Banner/Edit/Tab/Promotions/SalesruleTest.php,e8d2f71b9ec3be04ad632bb6af26f7bc72170eb0bb4c32332b7ff74452b48887,2653
dev/tests/integration/testsuite/Magento/Banner/Block/Widget/BannerTest.php,d63a4e1b7518cca2e29928d18bcbe018e17018781dbd79ac415f164deee18ba1,1401
dev/tests/integration/testsuite/Magento/Banner/Model/Banner/ProcessorTest.php,e3c4c6e3623b66893ef3098679bedc96677b2a8798020ec7f8b0d71086e949b0,2883
dev/tests/integration/testsuite/Magento/Banner/Model/BannerTest.php,45adeb76d77da806b3f3f6600cb16e5351cf0e68522ff79396da17930f2674b7,1860
dev/tests/integration/testsuite/Magento/Banner/Model/DataTest.php,ef12758835406773cf3cebd5a272159ec34f30b72875b9d3aa06722e15ed2b4c,13780
dev/tests/integration/testsuite/Magento/Banner/Model/ResourceModel/BannerTest.php,5c9cb92e7188f2a1ed0f35815fb4c70c06a5be8ac6a5570a8edb07109a31c0d7,8777
dev/tests/integration/testsuite/Magento/Banner/Model/ResourceModel/Catalogrule/CollectionTest.php,1ca48aee773b825b306633b7a62306ca91fd07c71adaa38176facdaa16d86f69,3188
dev/tests/integration/testsuite/Magento/Banner/Model/ResourceModel/Salesrule/CollectionTest.php,fa094611a67b522932830738230b70d10b846e4af9e385953ea040977567928d,3031
dev/tests/integration/testsuite/Magento/Banner/_files/banner.php,993a4f6493a9f4145428a8a10bc4d0d5c4164cc2460d7ffb39a9a8c665112976,999
dev/tests/integration/testsuite/Magento/Banner/_files/banner_catalog_rule.php,d124687bcfea97ee4f51e872078fc60150805acf8eb05c0f681f4cd2d6c7dafd,1229
dev/tests/integration/testsuite/Magento/Banner/_files/banner_catalog_rule_rollback.php,7e50c2b8b9dd03a0a7f948e1799c3a67bf96abfa8104198a324a4f399a16f77b,846
dev/tests/integration/testsuite/Magento/Banner/_files/banner_disabled_40_percent_off.php,a4fe01fd2fc7337d05dbfe4846d31a75d827ff9295c989b19719178d7a528321,1614
dev/tests/integration/testsuite/Magento/Banner/_files/banner_disabled_40_percent_off_rollback.php,3695415b56f4706619b195983b012f6601987d03bbec491598a5cfcb35aea9b7,1353
dev/tests/integration/testsuite/Magento/Banner/_files/banner_enabled_40_to_50_percent_off.php,969f2713ab80c672199dce38021f21e6da42fae2e357ec371745af4c3f874688,2029
dev/tests/integration/testsuite/Magento/Banner/_files/banner_enabled_40_to_50_percent_off_rollback.php,ff6d7e84939ab7c91c8708f7186793958e060f6119a09ff37d38cae2fd9259cd,1476
dev/tests/integration/testsuite/Magento/Banner/_files/banner_rollback.php,8adff1e2620688872d3f088124d8c474b05eecab7339eb7388e3d497a51fb570,1167
dev/tests/integration/testsuite/Magento/Banner/_files/banner_with_location_and_customer_segment.php,a86ffe96050037a7ef6d40e458277b76c464d444f0ae919bbb663f8be48bc9a1,1884
dev/tests/integration/testsuite/Magento/Banner/_files/banner_with_location_and_customer_segment_rollback.php,ca4527979c8d144ee0bc891173c9ae06f4b1606fb06ff8eb84ab783fcca71432,1466
dev/tests/integration/testsuite/Magento/BannerCustomerSegment/Block/Adminhtml/Banner/Edit/Tab/PropertiesTest.php,93ebc4f0c515c2c3fc5d560fc5f5bec561ae16220351bb50b3321875c015027d,4324
dev/tests/integration/testsuite/Magento/BannerCustomerSegment/Model/ResourceModel/BannerSegmentLinkTest.php,4c955a1241923b5c4869e627198415663795d662ccb3c848ad38b39022084d4f,6132
dev/tests/integration/testsuite/Magento/BannerCustomerSegment/_files/banner_40_percent_off_on_graphic_editor.php,07dbbe866f3f6c2a2beed2333da41a6fb0e63d26d9a703d5b12bca7821b97757,1848
dev/tests/integration/testsuite/Magento/BannerCustomerSegment/_files/banner_50_percent_off_on_ide.php,5003ed0952ba2454865da1ae6600c24c3cb7284fa00b8a42f5441d6e4c723a7a,1933
dev/tests/integration/testsuite/Magento/BundleImportExport/Model/BundleStagingTest.php,feb4fb5f7ab9f0961a11efb83bdf4f04603df9b8102d1a8c1a85ef8a53c71ce6,1192
dev/tests/integration/testsuite/Magento/BundleStaging/BundleProductScheduleUpdateAddToCartTest.php,1f74d2a40600caf517d6857ed5f812d86c5775718f0dbdbdb8f8192ecf7c0766,6274
dev/tests/integration/testsuite/Magento/BundleStaging/Pricing/Adjustment/StandardSelectionPriceListProviderTest.php,911ab45c446181ea303c71831c994942b33f33b694ec8c66633870ad0c37208e,2439
dev/tests/integration/testsuite/Magento/BundleStaging/UpdateTest.php,8e6677e792098039e2a575366dbaf37e810644325915f92e4ddc1b6c92226849,23589
dev/tests/integration/testsuite/Magento/CatalogEvent/AttributeReservationTest.php,e4b0f222bbf22e2a270c57622f4e5ef8e5c20d41117c7159795a86c3a518262d,2429
dev/tests/integration/testsuite/Magento/CatalogEvent/Block/Adminhtml/Event/Edit/FormTest.php,738469973ecec377cc85d6473152123ad84bf7e8798c54ad78bb0c3a41a06d3d,2453
dev/tests/integration/testsuite/Magento/CatalogEvent/Controller/Adminhtml/Catalog/EventTest.php,480457477bc7ad90af3df26a1571f335d2f99f2e9a98d81bb21ea2f896eecf0c,5943
dev/tests/integration/testsuite/Magento/CatalogEvent/Controller/CategoryTest.php,612e02b5b5b794bdde90b4a97c626d878b7ad5b4891f7872afffbdcf39007e0c,1927
dev/tests/integration/testsuite/Magento/CatalogEvent/Model/EventTest.php,bbe1174835a670aedb683e418e48350d6189502efc2741d1dabc3bb4ce2c1a0d,1870
dev/tests/integration/testsuite/Magento/CatalogEvent/Model/ResourceModel/Event/CollectionTest.php,d2fc1b2d49185efb2b50516cec57b3b9934ded267783284d1a0e2a1e3a6109ac,7097
dev/tests/integration/testsuite/Magento/CatalogEvent/_files/category_event.php,99c58a018384a9763e49914afc648bfe24a91bdb6996e9b40ce6b11bed98d52a,920
dev/tests/integration/testsuite/Magento/CatalogEvent/_files/events.php,abf6d4699dfc17e4d2c7eaef9dc4ff239a37209c30567f49e46434773b1e5bcf,2214
dev/tests/integration/testsuite/Magento/CatalogEvent/_files/events_rollback.php,2166893fef60c249af6f8fb983a412af2a5035fc03a53f2f68a67f1b09fcdd28,1544
dev/tests/integration/testsuite/Magento/CatalogImportExport/Model/ProductStagingTest.php,d048b4f55eb136aa06c9326a710f6ef3b7ea34a213ed9abc6d9bd937217a51d2,1104
dev/tests/integration/testsuite/Magento/CatalogImportExport/Model/Version.php,739deb6736db92e56b7dbaa710e30e6e7661ea3acd374b2527d606238d95aa50,5481
dev/tests/integration/testsuite/Magento/CatalogPermissions/Controller/CategoryTest.php,e63626fc598dc24c4344ec865ed9f3464c07f2556182ab8019d4ab4007d71a20,12308
dev/tests/integration/testsuite/Magento/CatalogPermissions/Controller/ProductTest.php,2e138065fddc9cbbc4609edcacb8b26915bd426532ac727f0d76bc74220e31fe,9275
dev/tests/integration/testsuite/Magento/CatalogPermissions/Model/Indexer/Category/Action/RowsTest.php,04ae442a7436d06205fee7358c25289e6b049dd70d6305cc7db04e51162deecd,4200
dev/tests/integration/testsuite/Magento/CatalogPermissions/Model/Indexer/Category/ModeSwitcherTest.php,05c3f8dc96f4122c75521903265e10b0763711954eb4d13876f9f09be3b56101,7134
dev/tests/integration/testsuite/Magento/CatalogPermissions/Model/Indexer/CategoryTest.php,9addcad947efcdc57d6ccbea8be04323b929e53d939cc2ea66428f597c8d520b,13168
dev/tests/integration/testsuite/Magento/CatalogPermissions/Model/Indexer/Plugin/CategoryTest.php,8a019d867d7aa7b8653fa69c75f0c245dd7efd7145f5f71ab5698a2e8a06eb74,4638
dev/tests/integration/testsuite/Magento/CatalogPermissions/Model/Indexer/ProductTest.php,0506ecdf5006bb38c80f8f1cb5f22d59674bf6619c08b72cdead45dde2369d4d,7251
dev/tests/integration/testsuite/Magento/CatalogPermissions/Model/Permission/IndexTest.php,c8c8ea576716c2117d7a8887b39937f1b38bb2ae6ed39438dd6dd866c7d6f7ef,29831
dev/tests/integration/testsuite/Magento/CatalogPermissions/Model/Plugin/Theme/Block/Html/TopmenuTest.php,a46ebe50bf1bedd7796bc9243ca65eb3f53ccfe80ca082cc867dc2d1b6cfc1bd,2490
dev/tests/integration/testsuite/Magento/CatalogPermissions/Observer/ApplyProductPermissionOnCollectionObserverTest.php,acbf53619a91f259daa1f2680b963a12e0ced30960fc31fb3711d33b8ac6c178,7928
dev/tests/integration/testsuite/Magento/CatalogPermissions/Observer/CheckQuotePermissionsObserverTest.php,ea09f2938aef64fa78e8187c1bd72e6f41c6e1d6aab816cb0420104221546395,4979
dev/tests/integration/testsuite/Magento/CatalogPermissions/Plugin/Sitemap/ResourceModel/Catalog/CategoryPluginTest.php,a0594e02d95ab18e41d8c903c2b10e942e06f8ff71bdb2dea205b3ffafea3d22,3846
dev/tests/integration/testsuite/Magento/CatalogPermissions/Plugin/Sitemap/ResourceModel/Catalog/ProductPluginTest.php,8d4f6ba9023591c720b035924e705138d43a538c1d0abd5c6fd89c439501ff16,4547
dev/tests/integration/testsuite/Magento/CatalogPermissions/_files/additional_permissions.php,e605d1ae9d9ee8ab0f44250e30c0b72168fcf20e4be69c62dc5e0f6230ddde1e,1342
dev/tests/integration/testsuite/Magento/CatalogPermissions/_files/additional_permissions_rollback.php,3fa680190783c2dffb701278be770a682f106a1f662fbf8210848d378c985719,1195
dev/tests/integration/testsuite/Magento/CatalogPermissions/_files/categories_with_permission.php,6bcb0a24f9a2ac518ba137c4d4858860847977af638042129024b4812e4e0e0a,2145
dev/tests/integration/testsuite/Magento/CatalogPermissions/_files/categories_with_permission_rollback.php,f5d8ad7fa5662f4990f5ea342027456385d9871e842301d10d16d30c9e8f8a18,1206
dev/tests/integration/testsuite/Magento/CatalogPermissions/_files/category.php,5cfc034cc98f95136164e60b437ab5a62d2f51c9f9c7363ae4d707fbd9d53ad4,1521
dev/tests/integration/testsuite/Magento/CatalogPermissions/_files/category_configurable_products_deny_variant_for_guests.php,3146ab60b5891920a1cb9709ea19e76276e6cb0b3b3210220d8ecf4d21c99a8d,2344
dev/tests/integration/testsuite/Magento/CatalogPermissions/_files/category_configurable_products_deny_variant_for_guests_rollback.php,f62ab12f4493952bd4109367ea49539933496a0e531e977a51372db6dd33122f,1026
dev/tests/integration/testsuite/Magento/CatalogPermissions/_files/category_permissions_for_guest.php,3db34dde63c14efeb0fd7523ac2a1965c338425b3d0dfd963f8280458d14ab14,1936
dev/tests/integration/testsuite/Magento/CatalogPermissions/_files/category_permissions_for_guest_rollback.php,9f9a4dd5bde2d05e0b2a4741302fc53b309e2c5ed0bc0f09ac866279c8dd91e8,1208
dev/tests/integration/testsuite/Magento/CatalogPermissions/_files/category_permissions_for_logged_in.php,d21f345bf89fb457d2c6a3129c421fc3243aa3c16332be788ca5bfe94b037fdc,1936
dev/tests/integration/testsuite/Magento/CatalogPermissions/_files/category_permissions_for_logged_in_rollback.php,fe8662b4defca4919218a87cd8520bff7f1a7d7841de97114d62cbbec8cba46b,1207
dev/tests/integration/testsuite/Magento/CatalogPermissions/_files/category_products.php,6b3ea5719b711ed7549eb310d569379c2ae532d3e4fee1e43610c1d37bd3993e,3446
dev/tests/integration/testsuite/Magento/CatalogPermissions/_files/category_products_deny.php,673c7d6c71e78aaaa561f2e5fcc6685729b5ad998b1b3201845f38cd26ba862d,3404
dev/tests/integration/testsuite/Magento/CatalogPermissions/_files/category_products_deny_add_to_cart.php,c97ec8f96bb1fa4fa1eaddbf49919842c2d1948029bac5a2dc643862efa5ea91,3985
dev/tests/integration/testsuite/Magento/CatalogPermissions/_files/category_products_deny_add_to_cart_rollback.php,bccf5cc323d9309867aa3d5f6660e9115a7971aa4b21326acaaf69fcfea4029a,1018
dev/tests/integration/testsuite/Magento/CatalogPermissions/_files/category_products_deny_for_guests.php,82da69f231d649fe54d27cee8d1b8fdf2a38062e67f4053b5b238672ff59a61e,3096
dev/tests/integration/testsuite/Magento/CatalogPermissions/_files/category_products_deny_for_guests_rollback.php,74668011b8f15227db8126549f5f918525ddf3433b6a26be787da9a35452b1ab,1734
dev/tests/integration/testsuite/Magento/CatalogPermissions/_files/category_products_deny_rollback.php,586a5df269d3c8da93df9a186267b0cc79c79561c9557628a11a0b4fa5b4b77b,1647
dev/tests/integration/testsuite/Magento/CatalogPermissions/_files/category_products_guest_deny.php,5c4ff14d6359be282832b8681b7a417c5fde39c8580010221c21805f674c82a9,3403
dev/tests/integration/testsuite/Magento/CatalogPermissions/_files/category_products_guest_deny_rollback.php,76768b26be65eb3e62f4f9a9c5f23ebc400a3fd04446ceb7376ecffdc7326538,1647
dev/tests/integration/testsuite/Magento/CatalogPermissions/_files/category_products_rollback.php,4c77b4eb7785a4f1c98f8efabbc8b767fb85a67dc33cf6d7b8889668b862718f,1638
dev/tests/integration/testsuite/Magento/CatalogPermissions/_files/category_rollback.php,b6dfbb4f1342230c785eab9bbc957c0c856c119af4f3b2ec40fa66c0c4091bb2,1289
dev/tests/integration/testsuite/Magento/CatalogPermissions/_files/category_with_permissions.php,723a6ce6f87ff6156d0ba499092ac910778f943f8875607bc7b71101ba38c45a,1665
dev/tests/integration/testsuite/Magento/CatalogPermissions/_files/category_with_permissions_rollback.php,6d4a5a51fe0a8efde7909cc64cb7fc0b665bfa5fea35a4b31a34df0759914d81,756
dev/tests/integration/testsuite/Magento/CatalogPermissions/_files/child_category_permissions_for_logged_in.php,1a4a0d6691adb31c449737da2c0e29ecee787693bdab5a2f2cdc80c02540a1a5,2390
dev/tests/integration/testsuite/Magento/CatalogPermissions/_files/child_category_permissions_for_logged_in_rollback.php,87d238714104cfcf3935782100312d831447e43c3e0b91c979b7e48969851f8c,1206
dev/tests/integration/testsuite/Magento/CatalogPermissions/_files/enable_permissions_for_specific_customer_group.php,8c0223cd8f424469ed69b6a577562880ec398510801ac1c8b16275f61d3ebe67,1470
dev/tests/integration/testsuite/Magento/CatalogPermissions/_files/enable_permissions_for_specific_customer_group_rollback.php,b3b174a654369724cd8a35f9865a2e6cb132bf84e218db927779c02adffdd436,1470
dev/tests/integration/testsuite/Magento/CatalogPermissions/_files/permission.php,5aa2a8e6d5a3668626627396f5cc106b38ef7dd45f952224c61fa65a353a2b2c,4534
dev/tests/integration/testsuite/Magento/CatalogPermissions/_files/permission_rollback.php,1d92ffa2551134380690f26a1e5cfb9b48d6b9f6d420591f08e8f877ee618497,1846
dev/tests/integration/testsuite/Magento/CatalogPermissions/_files/product.php,e08844ed293e7eb451040e733450dbc6807ab71612d5f99acd568100dc7c66e0,2260
dev/tests/integration/testsuite/Magento/CatalogPermissions/_files/product_rollback.php,347be0a8c7aa6c4e6afe3291bc4ff2e5d54e0404ec0f8a4deedb7f0fc9e93c09,1147
dev/tests/integration/testsuite/Magento/CatalogPermissions/_files/reindex_permissions.php,dc46f535d29aefb463334c7ea8e763fcb46268039281799020e88b1a4003ee5d,897
dev/tests/integration/testsuite/Magento/CatalogRuleStaging/Model/CatalogRuleApplierTest.php,d2af9a63a5d9ca0794f79e5b80401ee3ba0017efb725c2875bfe10da81074092,2090
dev/tests/integration/testsuite/Magento/CatalogRuleStaging/Model/ResourceModel/Product/ConditionsToCollectionApplierTest.php,eb76ca70b786a1c4ebfcc8faa8374c14df5be1c28f680009f420062258593789,4408
dev/tests/integration/testsuite/Magento/CatalogRuleStaging/Model/Rule/HydratorTest.php,acc2096db30531362e906518080df28f7977524c34fa9af18b6a0c29d1d5d6b1,2784
dev/tests/integration/testsuite/Magento/CatalogRuleStaging/Model/Update/Grid/SearchResultTest.php,2fc231b805aa6aec7207681354fd721921862addc030e13ea791a6c4338e1110,2724
dev/tests/integration/testsuite/Magento/CatalogRuleStaging/_files/catalog_rule_10_off_staged.php,1979ed3c46ce38ec166fd6167947e2f3a2f3d5930b518f339201f9f0377eddce,2331
dev/tests/integration/testsuite/Magento/CatalogRuleStaging/_files/catalog_rule_10_off_staged_rollback.php,4046218fe17634ba6e72455fd57c2621d96e277461f99aa29438635607d0cc5b,1768
dev/tests/integration/testsuite/Magento/CatalogRuleStaging/_files/catalog_rule_and_update.php,15b1eae1797c03c2fa1a7105448c533c1732956ab61d9eace8e3408c55380a8b,694
dev/tests/integration/testsuite/Magento/CatalogRuleStaging/_files/catalog_rule_and_update_rollback.php,7e7103ac4ca051d56e8dc554e916944ce8d024b01b8f329dbe9ae36be675ca4b,1293
dev/tests/integration/testsuite/Magento/CatalogRuleStaging/_files/catalog_rule_creation.php,bba6109a92d6e4777cbfd17941a28349d36ec4acb556acced24158fd6b9891d3,2377
dev/tests/integration/testsuite/Magento/CatalogRuleStaging/_files/catalog_rule_for_category_ids_staged.php,60b6701ab3a32ca0372a302a2a65bc5d571d11005a5c928495870056ab5420a4,3242
dev/tests/integration/testsuite/Magento/CatalogRuleStaging/_files/catalog_rule_for_category_ids_staged_rollback.php,dab7fc2ab577077c3c357ae2c76b8f4fb2ef2ab97249879c679c3b0fb3cae242,1733
dev/tests/integration/testsuite/Magento/CatalogRuleStaging/_files/two_catalog_rules_with_updates.php,dbbdcfd62d513b7d8224affd3a14c57322bfb396305980eecbe7c1722d5b24ac,751
dev/tests/integration/testsuite/Magento/CatalogRuleStaging/_files/two_catalog_rules_with_updates_rollback.php,3a536098a0d75609d1c26db432e3830c5ad816e685a883b02e132bb407c0a659,782
dev/tests/integration/testsuite/Magento/CatalogStaging/Controller/Adminhtml/CategoryTest.php,3146936afb1aae47a69b7b774ed8eba21c4f9494f858005517938e2da992d721,14327
dev/tests/integration/testsuite/Magento/CatalogStaging/Controller/Adminhtml/Product/BundleTest.php,630464e44c5e7596a0fe80329d1452df1a25147dd2d1fcbba3d83924787636af,12705
dev/tests/integration/testsuite/Magento/CatalogStaging/Controller/Adminhtml/Product/SaveTest.php,3dc31683377059a812de0f7b9a429f539b15f2239e0a54c4ccb55db499cf90fd,26896
dev/tests/integration/testsuite/Magento/CatalogStaging/Controller/Category/ViewTest.php,4c1f770c6656e9c9216df191b044c15585e333201961fa5b479d4f57ef088ae6,2261
dev/tests/integration/testsuite/Magento/CatalogStaging/Model/Category/ScheduleDesignUpdateDisabledTest.php,dafd01cbba7d6f812fd0d5459816c5c90f618c66e498f5188ab7b7121c87f79b,11871
dev/tests/integration/testsuite/Magento/CatalogStaging/Model/CategoryTreeTest.php,afe4715efc013726302c295b8a76d2cc776d78f5af8d28bb2a1102c3ca281b81,8667
dev/tests/integration/testsuite/Magento/CatalogStaging/Model/IndexEnforcementTest.php,f161acfbae103f2c8e0b41c995c132e42eccc168bf24bef360096709a4f23ba1,1548
dev/tests/integration/testsuite/Magento/CatalogStaging/Model/ProductStagingTest.php,6eb550f74a27f94c8eda00023d50dc126a6e04c77e638537f467dafc0e2c5238,8971
dev/tests/integration/testsuite/Magento/CatalogStaging/Model/ResourceModel/CatalogCreateHandlerTest.php,4365a8dae5d4989cd789c3eb31e28c16c55b9aa26758944b676c4d24ade54151,2977
dev/tests/integration/testsuite/Magento/CatalogStaging/Model/ResourceModel/Product/Price/SpecialPriceAdminhtmlTest.php,f90ceccbd13fee00b1ef1b2d5d47ce61b36c3ecf33aacabcc2ca81dea97c1777,3794
dev/tests/integration/testsuite/Magento/CatalogStaging/Model/ResourceModel/Product/Price/SpecialPriceTest.php,dedfab3e529cbd458861f7b7207a8094f59f220b655d67c61908f64e68cf675b,14595
dev/tests/integration/testsuite/Magento/CatalogStaging/Model/ResourceModel/Wishlist/Item/Collection/GridTest.php,faacfee794e240ff77269321ebebe7425037cf06acefe67eee15c92befdd569a,2880
dev/tests/integration/testsuite/Magento/CatalogStaging/Observer/ProhibitSkuChangeIfStagedObserverTest.php,8c6bd8ef50d5b3b2d87a1a37a4755c5483417b48e1253479264dcf90e34a3772,3956
dev/tests/integration/testsuite/Magento/CatalogStaging/Plugin/Helper/Product/Edit/Action/AttributeTest.php,c7a37feb0825f6b2d35f8c52e488cdbda33229be2a83bb6529d37ed1cd03fe2d,1788
dev/tests/integration/testsuite/Magento/CatalogStaging/Plugin/Staging/Model/PreviewUrlBuilderTest.php,744797121206d0291a2c9b0e249066ae9ce4773fa13d69d0e363c9010cf613b0,7927
dev/tests/integration/testsuite/Magento/CatalogStaging/Setup/CatalogProductSetupTest.php,4ec360b45fe83b9353000baf6675ce03ea5bbfab43e30681cc6647d1fc3835bf,2824
dev/tests/integration/testsuite/Magento/CatalogStaging/Ui/DataProvider/Product/Form/Modifier/ScheduleDesignUpdateTest.php,444c381393cce8bf0eb1667ff35c383e67019895b61cf9af0387b1e9d9a692d4,3723
dev/tests/integration/testsuite/Magento/CatalogStaging/_files/apply_version.php,689f563a8166d337fe85a0912cd7ea9b75e84b0bffd08b7052ef02ce85bdcdf2,837
dev/tests/integration/testsuite/Magento/CatalogStaging/_files/apply_version_rollback.php,cf58db4d167a4ef8abc2e7646bd4239f701a0f6ebdc33864d496f934dc9cbe45,877
dev/tests/integration/testsuite/Magento/CatalogStaging/_files/bundle_product.php,71d9f488d8880aacd05c8d9e074da85956f0f9f5de427b0275d7c8a17427b3fc,4182
dev/tests/integration/testsuite/Magento/CatalogStaging/_files/bundle_product_rollback.php,b5a575fc43efa3e5d4f5079c9219bc97a94a100f8105e4cc74d026a9a9ed142c,1894
dev/tests/integration/testsuite/Magento/CatalogStaging/_files/category_staged_preview_disabled.php,650932eeeaeb0b9b3e51d29f90a2790da5090e5018d6bac2a0d1ead044656212,2976
dev/tests/integration/testsuite/Magento/CatalogStaging/_files/category_staged_preview_disabled_rollback.php,dd40a8cfc812da60fe703c0fdc87aabb867f1301af756cb9bacfa912a3cdc50d,1982
dev/tests/integration/testsuite/Magento/CatalogStaging/_files/category_staging.php,abfbf616e10bc231d6c5cf797da5abfd8506a16054ed20c7dc53da4825a70aad,2395
dev/tests/integration/testsuite/Magento/CatalogStaging/_files/category_staging_rollback.php,85efcb13ddd78f29fc916873350a34790d675e02861cf8e2a92a2ace1a11507a,1342
dev/tests/integration/testsuite/Magento/CatalogStaging/_files/category_with_staging_update.php,f2e8ff8f4ba879b540b941492e55260767a00931e7a1f57be25a933a1ca606c5,2433
dev/tests/integration/testsuite/Magento/CatalogStaging/_files/category_with_staging_update_rollback.php,e46ef658b56bb2e8c4b25a3db4915a089d35c9f46c1df35b2e817aa084002c69,2332
dev/tests/integration/testsuite/Magento/CatalogStaging/_files/configurable_attribute.php,fd8a7252390ddb401b3df9328af678d38d26854fa61b5768e1389a5bc2ada477,2673
dev/tests/integration/testsuite/Magento/CatalogStaging/_files/configurable_attribute_rollback.php,0afb595ed4b6e7da91cb837b1b082e502ceed09dbb12f2ee9da10251e3d01555,1257
dev/tests/integration/testsuite/Magento/CatalogStaging/_files/configurable_product_staged_changes.php,bcd97c0ed425b7e852afc8e3b42860317af6efa0ccb173287c7f7c908272dc2a,5411
dev/tests/integration/testsuite/Magento/CatalogStaging/_files/configurable_product_staged_changes_rollback.php,8d478cd8ebb7077a04afff06a39f610e5d7549c3e472bc639272b65c91f873f3,2920
dev/tests/integration/testsuite/Magento/CatalogStaging/_files/configurable_products.php,dac3ce390b20fad1ec7ce72539f01ebcb817bf20babc60e3efa92c4a0acc260d,7320
dev/tests/integration/testsuite/Magento/CatalogStaging/_files/configurable_products_rollback.php,c70e8c10e1d9114457967d145a907707a6e47ea04e9fefd7bca5ed3c0dfee0b1,2168
dev/tests/integration/testsuite/Magento/CatalogStaging/_files/disabled_categories.php,e80c893be6d22e655519b086625106424c08118c40c7b2deb0aa5763003fab7d,2211
dev/tests/integration/testsuite/Magento/CatalogStaging/_files/disabled_categories_rollback.php,93eef3baf69b296cafbc55401819a56f236f1a0769417627bbb2a5e5699be18b,2210
dev/tests/integration/testsuite/Magento/CatalogStaging/_files/disabled_category_staged_for_update.php,def791cb29e9911cbaabd99eed463a39ea04b7ffa985edf0d4fa629ef208a765,2111
dev/tests/integration/testsuite/Magento/CatalogStaging/_files/disabled_category_staged_for_update_rollback.php,8a97ee36106c1266a362b4d482d07e48c02b8d212c9b39fe299d97be15151a52,1757
dev/tests/integration/testsuite/Magento/CatalogStaging/_files/disabled_simple_product_staged_for_changes.php,dce167334d1c8f3d66dbccce65052cafdc1b1f8bf3b0f57ca6c1c051cf3d0ae2,3893
dev/tests/integration/testsuite/Magento/CatalogStaging/_files/disabled_simple_product_staged_for_changes_rollback.php,f7b06027cc6be5202ae97689117261c83dcf1843954184fb48d4e8b80b96d234,2413
dev/tests/integration/testsuite/Magento/CatalogStaging/_files/product_simple_with_custom_attribute_and_staging.php,1f96b1dff4241035ad234d281cf8ecd477946cb8d9035791ca2931f7bd9d34c7,4428
dev/tests/integration/testsuite/Magento/CatalogStaging/_files/product_simple_with_custom_attribute_and_staging_rollback.php,867f9519293dff084df5c33ee07c297740a1aa8a111068f79c2bd22d3ef02f1d,1017
dev/tests/integration/testsuite/Magento/CatalogStaging/_files/simple_product.php,c4357e271d905f72434c2fb0e8ccf8a51173d6a642412d6a0bbf4f9df95875dd,1775
dev/tests/integration/testsuite/Magento/CatalogStaging/_files/simple_product_rollback.php,5b6e993fab1fdf38b22203df1957cb535ba9b329e729be3386983229383af675,1615
dev/tests/integration/testsuite/Magento/CatalogStaging/_files/simple_product_staged_changes.php,ab2fdf5b6d36d3bd3fc3b4d5e68e3410e8652ae015aacc62aeb1cf89b10f05fa,2781
dev/tests/integration/testsuite/Magento/CatalogStaging/_files/simple_product_staged_changes_2.php,1e34fe11da3989d3513fba7707845a97bf0ac8014c96fbf0ab6990b9f5cfc8d7,2842
dev/tests/integration/testsuite/Magento/CatalogStaging/_files/simple_product_staged_changes_2_rollback.php,b0dc45eafb1a77cdb9c479d61883026fb4e1f470d8f872c89a3868f99f14788a,1817
dev/tests/integration/testsuite/Magento/CatalogStaging/_files/simple_product_staged_changes_rollback.php,e03292095b22c13df9ddff8dbbd2242c25ae7553fc1f8133c736346cabd0a0e3,1740
dev/tests/integration/testsuite/Magento/CatalogStaging/_files/simple_product_staged_changes_second_store.php,1957e12e1864b391dd54b47ae61785346c792e677d7e09c2b434f52b1029bec8,4680
dev/tests/integration/testsuite/Magento/CatalogStaging/_files/simple_product_staged_changes_second_store_rollback.php,66245fb050033031fdfd84d614985cfc4eaab9de20fa1b9059ead71568778c67,2253
dev/tests/integration/testsuite/Magento/CatalogStaging/_files/simple_product_staged_changes_with_entity_id_not_equal_to_row_id.php,464a4f87dd3a857193fee9f6da04bb8beedf6caad1c549fc5d0c5d22cede6466,1339
dev/tests/integration/testsuite/Magento/CatalogStaging/_files/simple_product_staged_changes_with_entity_id_not_equal_to_row_id_rollback.php,0fee09980df994e255fa35815bef356f7b54ff7042da58bf79dbdaf3db279b26,766
dev/tests/integration/testsuite/Magento/CatalogStaging/_files/simple_product_with_all_fields_and_custom_options.php,d33e7590b8cb8b26880a385e35b70a4425504c38e8a4fe92ecf4f7fb70f309f8,3204
dev/tests/integration/testsuite/Magento/CatalogUrlRewriteStaging/CategoryTest.php,4cc1cb375594bfeda59298aa17202ac3d0580ef3f6f39f7726bb3236b466a7da,4810
dev/tests/integration/testsuite/Magento/CheckoutAddressSearch/Block/Checkout/CustomerAddressProcessorTest.php,9c552584fae36072eb5a42d20311837c3a0f09b05dd0835304bdc88127c9c3e7,4759
dev/tests/integration/testsuite/Magento/CheckoutAddressSearch/Model/AddressSearchTest.php,24b481252a57924efcf6a62f3cc5f0c67cd3081fcfdb0c4d76ed4e20453d3faa,6511
dev/tests/integration/testsuite/Magento/CheckoutAddressSearch/_files/customer_with_addresses.php,217802b1ab1971c04b52d8e463bfd68ad8995f3ce3ea6866def766731f834b79,3812
dev/tests/integration/testsuite/Magento/CheckoutAddressSearch/_files/customer_with_addresses_rollback.php,10179103d977831ef9c5f07a876c82e3db0cecc7fd8ccaca8c9ef3d98feff68f,2113
dev/tests/integration/testsuite/Magento/CheckoutStaging/_files/quote_with_check_payment.php,d73564aa160e2a5e6f1fc5f9a87211141ff9883db998a6320ae7ba0085c914ce,1207
dev/tests/integration/testsuite/Magento/CheckoutStaging/_files/quote_with_check_payment_rollback.php,b6d25dafca10f240ff4e2feb7a6d4c9d1154f9924786d92742a48ff685e75287,1186
dev/tests/integration/testsuite/Magento/CmsStaging/Plugin/PreviewUrlBuilderTest.php,fee0a0c022242a51cf062cdda6ea71c715838021c3ee871148b8900c14c279f6,6430
dev/tests/integration/testsuite/Magento/ConfigurableImportExport/Model/ConfigurableStagingTest.php,dcc5f0ffaae5520cc56d87a3521f56d8bedb2492cec52f25acf42a0dd2ecd313,1215
dev/tests/integration/testsuite/Magento/ConfigurableProductStaging/Plugin/Catalog/UpdateConfigurationsStagingTest.php,f704a941ba28979efb9db990402246bd75257aee231218dbf4d220d64c573b98,1891
dev/tests/integration/testsuite/Magento/CustomAttributeManagement/Helper/DataTest.php,9e2411b8d60e14f071c307da708180646a775a26a38920dabb172b703bc2909d,6815
dev/tests/integration/testsuite/Magento/Customer/Controller/Account/CreatePostWithAttributeTest.php,e3986a9a2d7686a232ebea565b0e1526d832b0a0296dea72b6e134e10cd4b376,4408
dev/tests/integration/testsuite/Magento/Customer/Controller/Adminhtml/Index/CustomerSaveTest.php,a9f77bcf7290138303c70c220c8d53573877b351eebac4c0fa9224aecc2dbf79,4703
dev/tests/integration/testsuite/Magento/CustomerBalance/Block/Account/BalanceTest.php,4c9c6e83b5f45e520ce1a90586570548576c6329c60f71993cf15b246300aaae,3155
dev/tests/integration/testsuite/Magento/CustomerBalance/Block/Account/HistoryTest.php,bf0bdd9aaf1e47b7b61297d59adb34b4fc6265ae215afb1aef85e6502078d7a5,5276
dev/tests/integration/testsuite/Magento/CustomerBalance/Block/Account/LinkTest.php,970bb6b8b9ecdd96e37e6977a085fb20b4a71f1e3ed3febe52393fd8bbf6dd90,2525
dev/tests/integration/testsuite/Magento/CustomerBalance/Block/Account/WrapperTest.php,347e848058235faa4e79ec0494e5cb48ca07874ab92ac4b1bfc840b6828f3a00,2383
dev/tests/integration/testsuite/Magento/CustomerBalance/Block/Adminhtml/Customer/Edit/Tab/Customerbalance/Balance/GridTest.php,725a6b3fb77d9517a67f2873b809bf4ab19b1045373b48e33410a6641ab97b51,2434
dev/tests/integration/testsuite/Magento/CustomerBalance/Block/Adminhtml/Customer/Edit/Tab/Customerbalance/Balance/History/GridTest.php,af1dc87fdaa50e0165fdf4863f894321598698b217481b7446a87d160e517c1a,2466
dev/tests/integration/testsuite/Magento/CustomerBalance/Block/Adminhtml/Customer/Edit/Tab/Customerbalance/BalanceTest.php,9afd3b26477d98631dcdf8e5d7febeee01f680f6b2774a3d1cf68192b2bd0c2c,2103
dev/tests/integration/testsuite/Magento/CustomerBalance/Controller/Adminhtml/Customerbalance/DeleteOrphanBalancesTest.php,b9ebc3a8d2de1f257353dcc6a3eef5fb74a621e12ea294143c244fc896358b90,1964
dev/tests/integration/testsuite/Magento/CustomerBalance/Controller/Adminhtml/PartialRefundTest.php,06a07cbb70ba3c3a8c067abe95cd377ebbf8a7197736eba6d183c6fa63c68881,3325
dev/tests/integration/testsuite/Magento/CustomerBalance/Controller/Cart/ChangeTest.php,c5cb1fc65c77588faee857dc9a0714b6d50a6e2260354e88535a6412644e2c6b,5302
dev/tests/integration/testsuite/Magento/CustomerBalance/Fixtures/creditmemo_customer_balance.php,2a3df6f7e70a798f07e681380d8dee0b65570b686f51f12ea1a5a97488ec80fe,2921
dev/tests/integration/testsuite/Magento/CustomerBalance/Fixtures/creditmemo_customer_balance_rollback.php,546fa05d8584d78b770f36043976fbba92d0178ade4e6e4b572fe185577f452e,1544
dev/tests/integration/testsuite/Magento/CustomerBalance/Fixtures/order_customer_balance.php,3b4deb493fac3aacd88c15e0e57aa7ba561314a7641b23a2713f7993de44e1e3,3546
dev/tests/integration/testsuite/Magento/CustomerBalance/Fixtures/order_customer_balance_rollback.php,b16d5d14f2896ceb5b94a748b2c26762aaa229048916631b41bfe213a903ec28,1523
dev/tests/integration/testsuite/Magento/CustomerBalance/Model/Adminhtml/Balance/HistoryTest.php,803586457361775e5fb24278b6c92e067370e2de2ac4d863c8dfdaa390110313,3304
dev/tests/integration/testsuite/Magento/CustomerBalance/Model/Balance/HistoryEmailTemplateTest.php,ffe2160f2b8f3cad897bd9641d6dbba7a0f339f4b812a7884da0028e4cd4f91e,8851
dev/tests/integration/testsuite/Magento/CustomerBalance/Model/Balance/HistoryTest.php,149a56123259c043b107e55b716164a3a734c3448d3327ddc693a93591d6fcbb,6280
dev/tests/integration/testsuite/Magento/CustomerBalance/Model/BalanceTest.php,4220a63d9da21740d8f0ce04ad8eb58f5fa94fba32b8a5a74c638a6559647ee8,6617
dev/tests/integration/testsuite/Magento/CustomerBalance/Model/CollectorPositionsTest.php,09bc429c1bc9c5686161a0d552c3ab1871353dba105e4061a3f6b8417ade902f,1102
dev/tests/integration/testsuite/Magento/CustomerBalance/Model/CreditMemoResolverTest.php,7d1d3f04923c5e1458dd062525eac7e454944029098fe33ecc8ffaeffb461a54,5355
dev/tests/integration/testsuite/Magento/CustomerBalance/Model/CreditmemoFactoryTest.php,e75fa669b56f793eb8cf6a074b1ced14233ca053e2d89122d0bf0a145d1e409c,5115
dev/tests/integration/testsuite/Magento/CustomerBalance/Observer/CreditmemoDataImportObserverTest.php,b6e4bbf4675d1870e87d8747e410dc1c56fbbde83dbc0d6fd6ed3f93698cd488,5313
dev/tests/integration/testsuite/Magento/CustomerBalance/Observer/CreditmemoSaveAfterObserverTest.php,1859c5f17718118cfcfc07af0d289f054db8a7e864c9a192ef72a4cdef080d88,6377
dev/tests/integration/testsuite/Magento/CustomerBalance/Observer/CustomerSaveAfterObserverTest.php,fda75648ee3b29f6f962efa8a2861d58458bbb206663658c074c912302ab37a3,3732
dev/tests/integration/testsuite/Magento/CustomerBalance/Plugin/Model/Quote/ResetCustomerBalanceUsageTest.php,b3dc5196780c7b396bfca99df9412ff2e13a6bbc751f21568c29b0042148f5d8,1913
dev/tests/integration/testsuite/Magento/CustomerBalance/_files/creditmemo_with_customer_balance.php,8eabe9c6c8c432c492dd7894404e88e6a72ede836e1c43504eecbececc8612de,2010
dev/tests/integration/testsuite/Magento/CustomerBalance/_files/creditmemo_with_customer_balance_rollback.php,6ef5f16ece2532f8e894fec35d17774fce79c00eae7b14d1cdf664bac3a2094e,757
dev/tests/integration/testsuite/Magento/CustomerBalance/_files/customer_balance_default_website.php,d9e5e150d7dd7ccce68f20417a297c25ec8b65ff0829f39330dca699103dd015,2341
dev/tests/integration/testsuite/Magento/CustomerBalance/_files/customer_balance_default_website_rollback.php,3bc96041287818a84765ba6dc66716ed696884350788c3b6f4f1074bd93a734c,1170
dev/tests/integration/testsuite/Magento/CustomerBalance/_files/customer_balance_without_website_id.php,4abe53c5c62283d0e0cb0b984e20a904f4c8e01c5906ca4c650a25d1bca0f294,1661
dev/tests/integration/testsuite/Magento/CustomerBalance/_files/customer_balance_without_website_id_rollback.php,c0bba66d63ec1af16726881a2d7560954bc194d8670b41c51c8282b4ddefd503,757
dev/tests/integration/testsuite/Magento/CustomerBalance/_files/customer_balances_multiple_websites.php,4961a9744db732ccb7de08838fc7b48ff6b70ec12f08b5a27321f5a16b1deb05,5074
dev/tests/integration/testsuite/Magento/CustomerBalance/_files/customer_balances_multiple_websites_rollback.php,4593ee21751a24bc29239aba175aa0ff569e5705c438eef1ec3b5a6447669e15,2403
dev/tests/integration/testsuite/Magento/CustomerBalance/_files/disable_customer_balance.php,513662f601aa417b526bcf96d7d63d2d49503f43cc8498b8e89c3085e1110ade,1195
dev/tests/integration/testsuite/Magento/CustomerBalance/_files/disable_customer_balance_rollback.php,9d6fe78069f60613489f6bb2ae06172a3d5d5c98f7b499661e0c54319ab57f55,1195
dev/tests/integration/testsuite/Magento/CustomerBalance/_files/disable_customer_balance_show_history.php,cd35d7356f8ce4c0d4b108d3af4751a22e1fc20acef9def6ea8eb4d9014d9502,1197
dev/tests/integration/testsuite/Magento/CustomerBalance/_files/disable_customer_balance_show_history_rollback.php,0eed9699c0760009d212dc9fa08ca272e2b191f8c768d1ab6b142e28672af22e,1197
dev/tests/integration/testsuite/Magento/CustomerBalance/_files/enable_customer_account_globally.php,c69aad8f54246a932e81552540eaa7b3b1ab064394c29ceda8a6fb0def37c86b,1093
dev/tests/integration/testsuite/Magento/CustomerBalance/_files/enable_customer_account_globally_rollback.php,3ed4a434b2951ed1554a55bd05164af3d6504c5f4741159f7f3886bafc230800,1093
dev/tests/integration/testsuite/Magento/CustomerBalance/_files/history.php,a80c65f61311583d53dcca2f522f1092ada2b710b2c005b5b79ea7f8d4f45f2a,2048
dev/tests/integration/testsuite/Magento/CustomerBalance/_files/invoice_with_customer_balance.php,950600d5a6bd833c8e52c1ed9cdaadf82d26f413d26adaa307240a257d952c4c,1415
dev/tests/integration/testsuite/Magento/CustomerBalance/_files/invoice_with_customer_balance_rollback.php,6ef5f16ece2532f8e894fec35d17774fce79c00eae7b14d1cdf664bac3a2094e,757
dev/tests/integration/testsuite/Magento/CustomerBalance/_files/invoiced_order_with_customer_balance_and_item.php,a26c1c6c1d0eb946d50990b82e0d701fd3030818a96b10fd58aa3f39b24f1c33,3102
dev/tests/integration/testsuite/Magento/CustomerBalance/_files/magento_customerbalance_info_index.xml,f307533fe074891c3a833df7a3959b66d833d31150bc073b103102565bf07c32,1229
dev/tests/integration/testsuite/Magento/CustomerBalance/_files/order_with_customer_balance.php,ed163ee109f466f3c3104552e0f03542ba7b04fd20eb4d8df47fd9d9d29a8f1f,3651
dev/tests/integration/testsuite/Magento/CustomerBalance/_files/order_with_customer_balance_rollback.php,fd1ebe0da9c100dc5b58aa0892e7b5f09c254daa32d3aa346bdb353e7aea71ad,812
dev/tests/integration/testsuite/Magento/CustomerBalance/_files/quote_with_customer_balance.php,50fc7a76055aa6d25ce6b0854a1b1b13bf6e8edab6bc2d6bd6a02f07bd89827f,1494
dev/tests/integration/testsuite/Magento/CustomerBalance/_files/quote_with_customer_balance_rollback.php,6703634b24a30890676f563eab2fb6293d117aa9066b45eb9d6eb4f424e47bb0,765
dev/tests/integration/testsuite/Magento/CustomerCustomAttributes/Block/Adminhtml/Customer/Address/Attribute/Edit/Tab/GeneralTest.php,d5eeb41b863fe8e929e4f311deb88fece0504633879702a8e663332d67927803,2896
dev/tests/integration/testsuite/Magento/CustomerCustomAttributes/Block/Adminhtml/Customer/Attribute/Edit/Tab/MainTest.php,4cd68fbb9419d55fa498ed5f0dfcd13fac9dbd329ab0f437a7fc9dc206a6c62b,2794
dev/tests/integration/testsuite/Magento/CustomerCustomAttributes/Block/Adminhtml/Customer/Formtype/GridTest.php,51df68ca6be8253eab828f38bba8a0035f7f22eaf4be04ded5e7db3f6805ef7d,1466
dev/tests/integration/testsuite/Magento/CustomerCustomAttributes/Controller/Adminhtml/Customer/Address/Attribute/DeleteTest.php,d9d927d00432674d3a31a5107b2983a12cf3a6895cf5448cd879a945bedc1115,3829
dev/tests/integration/testsuite/Magento/CustomerCustomAttributes/Controller/Adminhtml/Customer/Address/Attribute/SaveTest.php,174b6e84356363fb1e727743a04a3f219ad856b511fcb6fe3b322e76e233c1bd,13508
dev/tests/integration/testsuite/Magento/CustomerCustomAttributes/Controller/Adminhtml/Customer/Address/Attribute/ValidateTest.php,982140e651e40b1260d5367d660e9b4b1fb59468f67af4917f2cc0cded7c3b24,4723
dev/tests/integration/testsuite/Magento/CustomerCustomAttributes/Controller/Adminhtml/Customer/Attribute/DeleteTest.php,3db9e886894089d8afd637bac55310d999519be110757ece4b7ae027f7974af5,3955
dev/tests/integration/testsuite/Magento/CustomerCustomAttributes/Controller/Adminhtml/Customer/Attribute/SaveTest.php,b7f3f316e508762f236c40b0d7bae2b02490105b938dddde408eb82ae0748ac5,18377
dev/tests/integration/testsuite/Magento/CustomerCustomAttributes/Controller/Adminhtml/Customer/Attribute/ValidateTest.php,0a4820b0a56027aa61ac94f46062486fc9f03e20b0e38aecf7a468f326c52ef5,4451
dev/tests/integration/testsuite/Magento/CustomerCustomAttributes/Controller/Adminhtml/Customer/Index/SaveTest.php,6242725517152049a2a991bcfc72b876241e124ca4d47eb86dc8c1cb8aedd56e,3075
dev/tests/integration/testsuite/Magento/CustomerCustomAttributes/Controller/InvitationCustomerCreateGetTest.php,a55ac2e0c94a2caa23b4b47601654b13932b02b4989ab6bd627c724d5afa8863,3348
dev/tests/integration/testsuite/Magento/CustomerCustomAttributes/Model/AddressAttributeTest.php,1aab5a6a09a67eef534e3cd329520b62a3bd0d736fc9573f8ed7eead4169c630,11913
dev/tests/integration/testsuite/Magento/CustomerCustomAttributes/Model/Plugin/ValidateCustomerAddressAttributeTest.php,02d58400ad61632d4a317374990bac8bab1c114362ba06dc94ff46d1d1f491f9,7252
dev/tests/integration/testsuite/Magento/CustomerCustomAttributes/Model/Sales/Order/AddressTest.php,05a1ff9a33dc604d773bde5c31cd1907cf66755d0ce9eab02706b132251f03af,1808
dev/tests/integration/testsuite/Magento/CustomerCustomAttributes/Observer/CoreCopyDataQuoteToOrderTest.php,0d173d452ef26e4adb97e56f665fc39ab3ea760c8195cc57489cc15b35d948e0,4189
dev/tests/integration/testsuite/Magento/CustomerCustomAttributes/Observer/CoreCopyFieldsetCustomerAddressToQuoteAddressTest.php,3fd4ecfdbee1503ef72a005a37cc5d7844527c2b812ab472c9a24047865d38ad,3696
dev/tests/integration/testsuite/Magento/CustomerCustomAttributes/Observer/EnterpriseCustomerAddressAttributeTest.php,d4f53bf1f6cc1bcc120ca65e2fee541b88344b00e0b6455520744df1426716e4,5040
dev/tests/integration/testsuite/Magento/CustomerCustomAttributes/Observer/EnterpriseCustomerAttributeDeleteTest.php,9e078c2398120a1f50ee859e51ab41e7ccd7be41730b691cf9525c25aa69febf,3406
dev/tests/integration/testsuite/Magento/CustomerCustomAttributes/Observer/EnterpriseCustomerAttributeSaveTest.php,ca336ec3bfdf9cf8a2fd49a1b718ba9a9e5ac65581e2deff85c82453516bdc38,3540
dev/tests/integration/testsuite/Magento/CustomerCustomAttributes/SalesController/Adminhtml/Order/Create/SaveTest.php,445fc9d42fceb4aeae5c166a86ca0aacd43e2f04eeb5fc50b5332682249f2e72,8022
dev/tests/integration/testsuite/Magento/CustomerCustomAttributes/_files/address_custom_attribute.php,17c501a536175754fe63e9f061770805ef5b4901f06c4cd46ef1e68b3613fbe7,3779
dev/tests/integration/testsuite/Magento/CustomerCustomAttributes/_files/address_custom_attribute_rollback.php,8f2b849c728340c6b4bb7ee2bd98fcdff2fea6743abdbeb7641c6a7a8c8a040c,943
dev/tests/integration/testsuite/Magento/CustomerCustomAttributes/_files/address_custom_attribute_without_transaction.php,c401bd4cd4b4356a96f4b3437d3f738828bd5e912c40d256e6028c09aa860b2e,2288
dev/tests/integration/testsuite/Magento/CustomerCustomAttributes/_files/address_custom_attribute_without_transaction_rollback.php,b98e1f3bb1f48495dc446990fd8bf3f8cde43e524ada0e6c229ebcb82832984e,1144
dev/tests/integration/testsuite/Magento/CustomerCustomAttributes/_files/address_custom_attributes_without_transaction_select.php,5874a316bb97060cc694ea4d49a42bd340a12ab4ef4de21fc2b34e41b730b60c,4463
dev/tests/integration/testsuite/Magento/CustomerCustomAttributes/_files/address_custom_attributes_without_transaction_select_rollback.php,7b11432eb467d3778cf2275aa027b5060b1c4f85a6c5a75a58564290ea375a6d,1366
dev/tests/integration/testsuite/Magento/CustomerCustomAttributes/_files/address_custom_file_attribute.php,6132868dcf3c42a74a96329719162c8c0c0e3b2ac22d61c871057b6e09a85ca0,2605
dev/tests/integration/testsuite/Magento/CustomerCustomAttributes/_files/address_custom_file_attribute_rollback.php,4db8e2274ffc0ce3f2ca830734309fc830422bd5372a227b189722b59f02dc28,1304
dev/tests/integration/testsuite/Magento/CustomerCustomAttributes/_files/address_multiselect_attribute.php,6e66b47ba6dd97b9305a015c3e04e03f2b2381e80a9e8484ed5be58548692d04,2741
dev/tests/integration/testsuite/Magento/CustomerCustomAttributes/_files/address_multiselect_attribute_rollback.php,474195288356d542fb4d0dea4713b3b813db33e3016d543281e4b94a416e4589,862
dev/tests/integration/testsuite/Magento/CustomerCustomAttributes/_files/customer_attribute_type_select.php,bf474df5c57f5ead5dd2d8af149c47fd024d8483ab8f267f71693abaaef4c7cf,2735
dev/tests/integration/testsuite/Magento/CustomerCustomAttributes/_files/customer_attribute_type_select_rollback.php,e283316fd81c7dd052ed34adfc298f99a74173f38fd50bfafeda3e4e350e3187,1540
dev/tests/integration/testsuite/Magento/CustomerCustomAttributes/_files/customer_custom_attribute.php,e3141652459af5ed8711f9a4017a83622f05d83de2fea6e305086f3839698814,3577
dev/tests/integration/testsuite/Magento/CustomerCustomAttributes/_files/customer_custom_attribute_rollback.php,39f459ca69383aa7ddb8f35bb4a685e50f0ea8137a1cf6f9604631bca541cf39,927
dev/tests/integration/testsuite/Magento/CustomerCustomAttributes/_files/customer_custom_file_attribute.php,3f8a45ab87c064f71155bf46d56125cee4dd239a565af8cb4a86a34ecd9cca80,1967
dev/tests/integration/testsuite/Magento/CustomerCustomAttributes/_files/customer_custom_file_attribute_rollback.php,64fc04819340b11483a7116e7eeecebbc43de75a7f5c1f9501d237a475cba7e9,846
dev/tests/integration/testsuite/Magento/CustomerCustomAttributes/_files/customer_custom_multiline_attribute.php,5c482b8779a9ef675e5017f271947f5cf8a3973c3ac00797cd460e8b164af7a7,2540
dev/tests/integration/testsuite/Magento/CustomerCustomAttributes/_files/customer_custom_multiline_attribute_rollback.php,58d592c6fe3cf38ab910df8399bf3eae653387fd66346181eb0aaccdd3462327,1454
dev/tests/integration/testsuite/Magento/CustomerCustomAttributes/_files/customer_custom_text_attribute.php,3a239f8645a36c3071b47522fa42114b747581d4dc63b386e6535ff0188bf4aa,1932
dev/tests/integration/testsuite/Magento/CustomerCustomAttributes/_files/customer_custom_text_attribute_rollback.php,55771bff61e2fcfaf90de8cf99e18db29fd674019e52763b14ef0c7d963b8a39,846
dev/tests/integration/testsuite/Magento/CustomerCustomAttributes/_files/customer_with_address_custom_attribute_in_grid.php,a75c0f7c311086b2c1ba42fc6b0bce9e580403aad47b8befa6aa3a84316880d5,4334
dev/tests/integration/testsuite/Magento/CustomerCustomAttributes/_files/customer_with_address_custom_attribute_in_grid_rollback.php,1009c349e0095398bc3ae33b70b3526994216b7e581152d3ec53cd1ded890285,1462
dev/tests/integration/testsuite/Magento/CustomerCustomAttributes/_files/customer_with_address_custom_attributes.php,6d8646cc114025dde8be8396666f20436dcc8d0b15c6ced1b0cc5afefc5a6116,3581
dev/tests/integration/testsuite/Magento/CustomerCustomAttributes/_files/customer_with_address_custom_attributes_rollback.php,965af2a48fba986f0e35bbd33e4941c9d4df844304481ac6074065902d49ecbc,1384
dev/tests/integration/testsuite/Magento/CustomerCustomAttributes/_files/customer_with_custom_attribute.php,44229edd6d73ef8e7ed34f9490ebe0e9f7488ce57b2457c0ce7b9cf3204f4e98,3417
dev/tests/integration/testsuite/Magento/CustomerCustomAttributes/_files/customer_with_custom_attribute_rollback.php,a44ab46027a3ac927ce4e2744799c5007d6dd586395ced6973d65afd2d735b69,1387
dev/tests/integration/testsuite/Magento/CustomerCustomAttributes/_files/customer_with_custom_text_attribute.php,8b5b1da7bf29496ebe0d48d9bf6a0c0d442e1f86bc3da2ba0c382a335b284e4b,2641
dev/tests/integration/testsuite/Magento/CustomerCustomAttributes/_files/customer_with_custom_text_attribute_rollback.php,e53922064d8b33aff65e4582bbb180e7f9fd7e0c93694ecf0e656c5e639df334,1355
dev/tests/integration/testsuite/Magento/CustomerCustomAttributes/_files/order_address_with_attribute.php,ff068af804949675aea869185dc6f3c1bdd746481c4779bb606656e49a47b586,3158
dev/tests/integration/testsuite/Magento/CustomerCustomAttributes/_files/order_address_with_attribute_rollback.php,82f6826d26622524cc24eb21dde179b8fc9c336da1f02e516c981a1d451fb0b0,1107
dev/tests/integration/testsuite/Magento/CustomerCustomAttributes/_support/is_uploaded_file_mock.php,722374e3d4f5eb90d9e873419b1ba713c4f6aa11657b2f9d395b6253cb429d4f,1266
dev/tests/integration/testsuite/Magento/CustomerFinance/Helper/DataTest.php,55356b4784b83cea0ddbb9bea678057a5615a7203e3fb5e66efb82d64b4016aa,5920
dev/tests/integration/testsuite/Magento/CustomerFinance/Model/Export/Customer/FinanceTest.php,f83713666d65b81aaa20e90c1708b3e8dfd412cdf80172d2ac15c2d52540f272,8433
dev/tests/integration/testsuite/Magento/CustomerFinance/Model/Import/Eav/Customer/FinanceTest.php,a666505572df2c44451f4a44132558de5c56d3674d65da56b9660a4082552526,10571
dev/tests/integration/testsuite/Magento/CustomerFinance/Model/Import/Eav/_files/customer_finance.csv,dc5c83534e6464fe68243a8469c4d99eaeac5e19c93a8b3ad2758b8ac75a274a,323
dev/tests/integration/testsuite/Magento/CustomerFinance/Model/Import/Eav/_files/customer_finance_delete.csv,b6cb9e51f881743672f79663232a539c6c2981652becb0621ea3b4a58015112b,273
dev/tests/integration/testsuite/Magento/CustomerFinance/Model/ResourceModel/Customer/CollectionTest.php,68fb7d1942f4a3b8e83ca51a85d1b8e04d763b2a46acab57d130529f7b7f948f,12459
dev/tests/integration/testsuite/Magento/CustomerImportExport/Model/Export/CustomAddressTest.php,6429586b5539b872e53cef6826fe4dbbbe7b498806f97aba1342edfb8797e0f0,1605
dev/tests/integration/testsuite/Magento/CustomerImportExport/Model/Export/CustomCustomerTest.php,c53b760fe439f35b596196b78827e6a40c092ead9372d0c1dbcad06c9fc89005,2539
dev/tests/integration/testsuite/Magento/CustomerImportExport/Model/Export/_file/expected_custom_adress.csv,8ee2cfdcec6d36e327f0e02476f5490a6a3b05167e64fe68b6f093885d1c476f,611
dev/tests/integration/testsuite/Magento/CustomerImportExport/Model/Import/CustomAddressTest.php,dadb48a6cab504fc330be738347aa2b2bf6470bef7c06ac737a3f107228fbca3,5483
dev/tests/integration/testsuite/Magento/CustomerImportExport/Model/Import/CustomCustomerTest.php,a519d34d72a9218c01a4e5bae985513b6895e4f067deb619e86fa5317d3563b4,4172
dev/tests/integration/testsuite/Magento/CustomerImportExport/Model/Import/_files/address_with_custom_attribute.csv,3143b4eea3d176079ab22d08040d7b11881a76d07432f22fd173056c7cf6613d,665
dev/tests/integration/testsuite/Magento/CustomerImportExport/Model/Import/_files/customer_with_custom_attribute.csv,6e1142450085e99a31127f3a7f8083755b85135f962e34634ead2efcda08865c,504
dev/tests/integration/testsuite/Magento/CustomerSegment/Block/Adminhtml/MenuTest.php,2081c68ce001c3a0cb0b8db784b7e1545340f34cbf2a098c0991c145e53889f8,2559
dev/tests/integration/testsuite/Magento/CustomerSegment/Controller/Adminhtml/IndexTest.php,3bae6dfc7bf92461c2e9028bb21a00cc49e3b634d729a47047a51e4711e4c156,4523
dev/tests/integration/testsuite/Magento/CustomerSegment/Controller/Adminhtml/Report/Customer/CustomersegmentTest.php,e5c19223db89eb456392d79994fbf434b1db09cbe5b6f2f902507fef29cebec2,1736
dev/tests/integration/testsuite/Magento/CustomerSegment/Model/Condition/Combine/AbstractTest.php,4452d553a025741e64e4fb6d79ac81c29bfd985fff117f451179e824c2ad7aa1,2510
dev/tests/integration/testsuite/Magento/CustomerSegment/Model/CustomerTest.php,7d4610030531a0556966eb24d1a815b33d78cfd2c671d56ea0b54b8ed41dd404,18250
dev/tests/integration/testsuite/Magento/CustomerSegment/Model/ResourceModel/SegmentTest.php,f2ed8378450c17fb018c59f015dd9591d189e151d2cb855580d246df627d032d,3937
dev/tests/integration/testsuite/Magento/CustomerSegment/Model/Segment/Condition/Combine/RootTest.php,4e13b1f39f74d1d0ed446af65f8aa937314a059622ff45bd6cf00cd8c4502b37,2226
dev/tests/integration/testsuite/Magento/CustomerSegment/Model/Segment/Condition/Product/AttributesTest.php,21ecb8a16096fd287f2c00c22820be6688079c4d2de495fafadd377a9abee274,12379
dev/tests/integration/testsuite/Magento/CustomerSegment/Model/Segment/Condition/Product/Combine/HistoryTest.php,2f90de9e81c041ea821ae777f4f1735a602b686f6285e95fc440b50358ac8aef,2941
dev/tests/integration/testsuite/Magento/CustomerSegment/Model/Segment/Condition/Product/Combine/ListCombineTest.php,d65d3b31af8c04f7c0c9c20f1b514fbf8ea17d846e2ef34ce5288f08b7be90d0,3937
dev/tests/integration/testsuite/Magento/CustomerSegment/Model/Segment/Condition/Sales/OrdersnumberTest.php,8234404ea874c3187bec39921b625502f2ee881e9508f2dbe1d59ca91ac1cf0e,16873
dev/tests/integration/testsuite/Magento/CustomerSegment/Model/SegmentMatchConsumerTest.php,529fea3c225daad06f877d2ca70b53407069d0cdb5f15ded18d69b91f955094a,20010
dev/tests/integration/testsuite/Magento/CustomerSegment/Model/SegmentMatchConsumerWithoutRealTimeCustomerSegmentValidationTest.php,a26307c826f708e9f0a02fe9e510a41052741c0c5b3aff3a73e82c65b385eaa2,20002
dev/tests/integration/testsuite/Magento/CustomerSegment/Observer/AddSegmentsToSalesRuleCombineObserverTest.php,7dce237eb79f65719dcffd7e1a125c0963479a06eb39d7991c07e42076ac48d3,2736
dev/tests/integration/testsuite/Magento/CustomerSegment/Observer/ClearCustomerSegmentSessionDataAfterLogoutTest.php,15fe8315c125c502a3f9ae9c78b88e95c701d26fbf911f9b23b99dc0ae725920,5191
dev/tests/integration/testsuite/Magento/CustomerSegment/_files/customer_segment_rules.php,4c13bf3a59174a5b5e5146ada694e019f0828e4fda3a57b40f4487c982a9ecd4,2559
dev/tests/integration/testsuite/Magento/CustomerSegment/_files/segment.php,4b36a00827907801502164fac159170f34c4cba06f9893b9ae971b324cc706e7,924
dev/tests/integration/testsuite/Magento/CustomerSegment/_files/segment_customers.php,9e3484a2a4a8affc899118ac161e9aae6df484df2aabda651497abaa3e5c055a,2268
dev/tests/integration/testsuite/Magento/CustomerSegment/_files/segment_customers_rollback.php,94f442235ebc54538987bcb92a1e9198e2e10fdd53cab9dcadb130f31a3ad2ba,1384
dev/tests/integration/testsuite/Magento/CustomerSegment/_files/segment_designers.php,41ab89ee1a70b55fefdd30c4f6f2497e895c911b699a45a6fc357265ddada625,849
dev/tests/integration/testsuite/Magento/CustomerSegment/_files/segment_developers.php,bbac636e5c028f8f0cde76b5e74e5b4fc453ec0a73b5bd8929b52a18d1b54874,850
dev/tests/integration/testsuite/Magento/CustomerSegment/_files/segment_multiwebsite.php,821a72c16dfdf63f2fb1bb27a857f8d47214b08d89446b5365971a731ccf1c48,2649
dev/tests/integration/testsuite/Magento/CustomerSegment/_files/segment_multiwebsite_rollback.php,95e268b477c3ef3480b7627e915824910ff9a4cc622bf8ab6d26f7b91d6d5d44,1461
dev/tests/integration/testsuite/Magento/CustomerSegment/_files/segment_rollback.php,2e501cffa4005f214e5cc9557eb741e3f0229f332cb9df559a63da5c650b1c24,1177
dev/tests/integration/testsuite/Magento/CustomerSegment/_files/segment_with_order_history_conditions.php,e195d14e9d18d932d9810170e29042a969ca33e69287acb9f5a8b17d63b4cb8a,2320
dev/tests/integration/testsuite/Magento/CustomerSegment/_files/segment_with_order_history_conditions_rollback.php,07ddfcb2304e5e9594032ade8460432ba5ed643568c0e050f29ef0f059b4de4b,1121
dev/tests/integration/testsuite/Magento/CustomerSegment/_files/segment_with_three_customers_and_two_past_orders.php,94482a47306c42948930cdc8457150e705df7261ecf0504a15f4686936a87173,1756
dev/tests/integration/testsuite/Magento/CustomerSegment/_files/segment_with_three_customers_and_two_past_orders_rollback.php,54730ed7277ca2aa29793bbb6752529068198555c824253722c8da4b408db34e,931
dev/tests/integration/testsuite/Magento/CustomerSegment/_files/segment_with_zero_orders.php,4011b230192e323723de3efe1b4d8a299e8650e172ca4be94c91fff669d59399,1491
dev/tests/integration/testsuite/Magento/CustomerSegment/_files/segment_with_zero_orders_rollback.php,ea0bb00f2da52fff5df3c294c51749b16e2ccea9bdcd113ec8fbf3d351c11afa,1143
dev/tests/integration/testsuite/Magento/DeferredTotalCalculating/Plugin/TotalsCollectorPluginTest.php,f537e1e169830713302a2cd305416084ee0f85a1ef0c817e5060a3ef55e57aaf,1731
dev/tests/integration/testsuite/Magento/DeferredTotalCalculating/_files/deferred_total_calculating.php,4d566fc2ed132488f033aaff7d49c675a452d4be2f10ec3f35af91580036e7b6,1193
dev/tests/integration/testsuite/Magento/Deploy/Console/Command/App/ApplicationDumpCommandEETest.php,d0a1cc93df8221af97b7b6060b07552fc3eed48b7a9920aa016e7ca3c3689111,4998
dev/tests/integration/testsuite/Magento/DownloadableImportExport/Model/DownloadableStagingTest.php,61638f831a939e92cb30157a797fc6245a14316834fee002a8f8065c45a172ed,1344
dev/tests/integration/testsuite/Magento/Enterprise/CodeIntegrityTest.php,00f97c150710b4bdb8b660c22a4d7b0336198fe168afeadd0b0dd23828fd5b4d,1169
dev/tests/integration/testsuite/Magento/Framework/ForeignKey/ForeignKeyResolverTest.php,070b0bcf0669c60a4a867fe4f7d9e6201e781d9a2c0084f6872089b91a2ddd12,16061
dev/tests/integration/testsuite/Magento/Framework/ForeignKey/_files/entity_tables.php,871605fdc88a011f91f620527eb1fbc267c5905cacb641d94f2ff06d0cd7361b,4252
dev/tests/integration/testsuite/Magento/Framework/ForeignKey/_files/entity_tables_rollback.php,71cb9c9cbfde027f0e49cace3af0cc5b5bb04c2b7f92d28dc77d850c184e3df1,1285
dev/tests/integration/testsuite/Magento/Framework/ForeignKey/_files/entity_tables_values.php,513b0de0ff3859dfaacf41018b502d0662376fd0416b85ff054fbc45b18f07fe,1559
dev/tests/integration/testsuite/Magento/Framework/ForeignKey/_files/entity_tables_values_rollback.php,85b7727bae289c130b29ecfda6b1f0345dc7049ed92cdcbfe1e4e20a5262b1ad,1267
dev/tests/integration/testsuite/Magento/Framework/ForeignKey/etc/constraints_cascade.xml,7643aaef94d664f2089f2f8d23ba4faade5304a1bbb4b3c3812cbefeb27e3e13,1528
dev/tests/integration/testsuite/Magento/Framework/ForeignKey/etc/constraints_mixed.xml,ffcfbfe763c4b2e1dcf66b0464bccf1a1c2b58cbcc668c50c9f71a82ef173a84,1530
dev/tests/integration/testsuite/Magento/Framework/ForeignKey/etc/constraints_restrict.xml,c050f2401105c0f0fde68ea53a8ab8ab57e634c299b32388ec3677e04f69530e,1531
dev/tests/integration/testsuite/Magento/Framework/ForeignKey/etc/constraints_set_null.xml,89342e9a93f3bc0192221b61d35da611248d99938977ccf3fdcea28b56f027ce,1531
dev/tests/integration/testsuite/Magento/Framework/View/Element/UiComponent/DataProvider/DataProviderTest.php,0d2679b4f893a3e3f705f9a9dc9959a10cff87d2ebf5cf8e1e69a200b859ae43,3134
dev/tests/integration/testsuite/Magento/GiftCard/Fixtures/order_invoice_payflowpro_with_gift_card.php,132226cd737b82e0c86980d3de6b9bab41e1639932c214584e8c5985d1811693,4464
dev/tests/integration/testsuite/Magento/GiftCard/Fixtures/order_invoice_payflowpro_with_gift_card_rollback.php,ddb0ba79ddeeff5d2f43af5f5d187b4980775d24acd352cb1dcda92f68906de4,3390
dev/tests/integration/testsuite/Magento/GiftCard/Helper/DataTest.php,5d81c37ba264afdbdd6e93357c86a8a969c510abf9ea6336e41053feee582777,1212
dev/tests/integration/testsuite/Magento/GiftCard/Model/Attribute/Backend/Giftcard/AmountTest.php,fca84f4a6cd79bd5f0e50f71ebc5080ff6d00b661cf099bdbec655a13d378423,5108
dev/tests/integration/testsuite/Magento/GiftCard/Model/Catalog/Product/Type/GiftCardTest.php,48ca67aa19c2add4d28b88766ca632b41a5e0ccc8329f719bc4f8385dd181d1d,5440
dev/tests/integration/testsuite/Magento/GiftCard/Model/GiftCardItemEmailSecondaryWebsiteTest.php,21a219bea3b413a24a63831b277785fde0aca53f17dfb5c8724c65ac76008a10,6577
dev/tests/integration/testsuite/Magento/GiftCard/Model/Indexer/PriceTest.php,3e8cda9da421318a9e1ec28965b2130276b1bd97396d0a5c67de283a2de221a2,2734
dev/tests/integration/testsuite/Magento/GiftCard/Model/Product/DeleteHandlerTest.php,7f03579b031e052266a52f22617cd6557098ad4526d068987d8de312e9852778,4248
dev/tests/integration/testsuite/Magento/GiftCard/Model/Product/ReadHandlerTest.php,79962bf9cd4d333a7f48e81ca969d354c0a5d569a90087eec13a90d259efd6ae,3069
dev/tests/integration/testsuite/Magento/GiftCard/Observer/GenerateGiftCardAccountsTest.php,1cb6440dea81eb8b3c9dd8492235e48af67c76fe1b9fa411a5280ec87a8362ac,17651
dev/tests/integration/testsuite/Magento/GiftCard/_files/customer_invoice_with_gift_card.php,dfcdf2ff03d6550564ea907882ab3620d99d0c7ad5321141b5337a10f45f81cd,1783
dev/tests/integration/testsuite/Magento/GiftCard/_files/customer_invoice_with_gift_card_rollback.php,f9dc4fb0bcb748f1684c85ad180a399d187f7e6b245105918d50892190a6d844,753
dev/tests/integration/testsuite/Magento/GiftCard/_files/customer_order_with_gift_card.php,50060456f37c5d25bf9de880aab3ef1fd4acb765f9c94228faf6bb85218762e8,5245
dev/tests/integration/testsuite/Magento/GiftCard/_files/customer_order_with_gift_card_rollback.php,ad734bac701e46e3128563831481eef985e339a4e537711f421407ef6ea173ea,2104
dev/tests/integration/testsuite/Magento/GiftCard/_files/gift_card.php,9d4ab7a5cf398f232929f03177a5ca91df7de2467cefe0a4e7b754354c9f104f,1507
dev/tests/integration/testsuite/Magento/GiftCard/_files/gift_card_1.php,5f5b0676b9099d378f1bcda08b7dc73922c26929dfad726b7991e88b2eb97058,2669
dev/tests/integration/testsuite/Magento/GiftCard/_files/gift_card_1_rollback.php,7e3d03ac17e15bc96093507d6ec6b56251f9fa5319168f277a474bcfa0e4e5fb,1357
dev/tests/integration/testsuite/Magento/GiftCard/_files/gift_card_physical_with_fixed_amount_10.php,1affe2db56009a11061ee165af6a254fc97d8aef60366e929b741c24f2528b50,2233
dev/tests/integration/testsuite/Magento/GiftCard/_files/gift_card_physical_with_fixed_amount_10_rollback.php,5f51d0ee6e951a7c9a6af84508851c8f1dc4be22238bfdcfb173c72a64b5309a,1392
dev/tests/integration/testsuite/Magento/GiftCard/_files/gift_card_physical_with_fixed_amount_50.php,f7b67126960bb104a856a4538f2607cfcf018ef31f53c81ffcd6086aaceb4933,2233
dev/tests/integration/testsuite/Magento/GiftCard/_files/gift_card_physical_with_fixed_amount_50_rollback.php,11dd5ecc5f60e0e837ec5e2028064490b5d58f83a57c8b94a801acdb4f6ac225,1392
dev/tests/integration/testsuite/Magento/GiftCard/_files/gift_card_rollback.php,e4564fbe905c2ccdd5d575ffd92d744b9196255680d5311cd41bc330bc5cccde,878
dev/tests/integration/testsuite/Magento/GiftCard/_files/gift_card_with_amount.php,db8b5ee5e0f727ac20ae9e098bdc6ff896e30edb18e06782f064b674117d8fab,2189
dev/tests/integration/testsuite/Magento/GiftCard/_files/gift_card_with_amount_multiple_websites.php,cfd53f9ff3569314b35d0baa1d90d041acc6e2dba3fae9d6780617c418ee25a7,3419
dev/tests/integration/testsuite/Magento/GiftCard/_files/gift_card_with_amount_multiple_websites_rollback.php,95454ea0124c5b41d8641e90ffe42be5c0e15c92fad299f980d778b0fdf819ce,1357
dev/tests/integration/testsuite/Magento/GiftCard/_files/gift_card_with_amount_rollback.php,a862d800ffbd466e84fdba069abea19fba9bd485d018f278c31d4309f11c32d9,1357
dev/tests/integration/testsuite/Magento/GiftCard/_files/gift_card_with_available_message.php,67913d7d76573c4cde2f79ced1c1357a0511c6ea889a82088b54aeb87c2713af,1574
dev/tests/integration/testsuite/Magento/GiftCard/_files/gift_card_with_available_message_rollback.php,25bda45113286987408e92b775fa704a7580acc20c79b74f2875159329c53408,1083
dev/tests/integration/testsuite/Magento/GiftCard/_files/gift_card_with_open_amount.php,66ef0819af4430d10f07de22ebd13288fc9511dd268d514f0fc3558bd3620c3a,2494
dev/tests/integration/testsuite/Magento/GiftCard/_files/gift_card_with_open_amount_rollback.php,f5e5a941d5bd69ffb6178f06b8146fdc1376d9865fd623256a6f6892a5f8cddd,1078
dev/tests/integration/testsuite/Magento/GiftCard/_files/giftcard_on_invoiced_setting.php,84e03ac6c26ba321dc4440135b291b07d6b4115396cd7f6e94b462d80a0052eb,883
dev/tests/integration/testsuite/Magento/GiftCard/_files/giftcard_on_ordered_setting.php,dd3f3e96bba2a106cb9b220de6d381a4b3455e1052b14fc87fb1f86d77bb1b11,882
dev/tests/integration/testsuite/Magento/GiftCard/_files/invoice_with_gift_card.php,d7619cc5dcfe58db431c567bd53eaa4c674a82431e5bea153c7f176a200dd19a,1502
dev/tests/integration/testsuite/Magento/GiftCard/_files/invoice_with_gift_card_rollback.php,97998620afc4261f02950458a0ac62da99fda3c6c91962649d55b3570380348b,727
dev/tests/integration/testsuite/Magento/GiftCard/_files/order_item_with_gift_card_and_options.php,4befbbdf13421fda16d4567ab95b46633091cf4b0b6b3456a803c2861774889e,3260
dev/tests/integration/testsuite/Magento/GiftCard/_files/order_item_with_gift_card_and_options_rollback.php,d0f274af655f398a465ee78986c1e93a4829883aebf907b22c634300f8b5a690,727
dev/tests/integration/testsuite/Magento/GiftCard/_files/order_with_gift_card.php,1281d1faa5b6cf69488ea4f6c402262e5cbbc2262207da06aadb0a9fec1c9557,4106
dev/tests/integration/testsuite/Magento/GiftCard/_files/order_with_gift_card_rollback.php,97998620afc4261f02950458a0ac62da99fda3c6c91962649d55b3570380348b,727
dev/tests/integration/testsuite/Magento/GiftCard/_files/quote.php,990459965302345bd8c7b88c61cdbd0a5ddd0b7b03ae8fc4ad9f799f9573b4e6,2851
dev/tests/integration/testsuite/Magento/GiftCard/_files/quote_rollback.php,95cd0fd16f86bd3b959c8d193e593e60ca9054fd2dedbf020238df60bb2d20cf,1334
dev/tests/integration/testsuite/Magento/GiftCard/_files/quote_with_items_saved.php,1dd5d10da2c7d474752752b55b3d274f0d5a4947d735d821e79a6f533f250b67,3509
dev/tests/integration/testsuite/Magento/GiftCard/_files/quote_with_items_saved_rollback.php,02a0a429209b8d04a718c7a68b4512c9856b34fe1d02868e3a79724a0f6c99f1,1456
dev/tests/integration/testsuite/Magento/GiftCardAccount/Api/GiftCardAccountManagementInterfaceTest.php,ce69b4960afd1509fc88a44ab6cbe4d15ed83a593e127421a5f18fb18f6057ae,2818
dev/tests/integration/testsuite/Magento/GiftCardAccount/Api/GiftCardAccountRepositoryInterfaceTest.php,4c6286142eb860a0dfdc9ff97bdeacd3975fdeec6695285565709c0f644be58e,4411
dev/tests/integration/testsuite/Magento/GiftCardAccount/Api/GiftCardRedeemerInterfaceTest.php,aa69ca7af93c78a51b9ab0b6c30272510c537ef4ca1be62da1809439a5232d43,5568
dev/tests/integration/testsuite/Magento/GiftCardAccount/Block/Account/LinkTest.php,06b3fb3800ed2001f4d53b593951e6b14e5f731a344e900bde70022321a5971b,2106
dev/tests/integration/testsuite/Magento/GiftCardAccount/Block/Account/RedeemTest.php,2d14fa5d88c40bbb174ba9bc729fb5c3b130feb465994770345fa90a681a5ed3,5238
dev/tests/integration/testsuite/Magento/GiftCardAccount/Block/Adminhtml/Giftcardaccount/Edit/Tab/InfoTest.php,09d1caec9bd2f469f64e193a565cba4756ac6a0de68362cb977be08e39ee5eeb,5057
dev/tests/integration/testsuite/Magento/GiftCardAccount/Block/Adminhtml/Giftcardaccount/Edit/Tab/SendTest.php,ef3c9778031ba38610fafa44c279dc0639f09f76125c7b994bd9ec0d2c58495b,3068
dev/tests/integration/testsuite/Magento/GiftCardAccount/Block/CheckTest.php,7e0d437e647a47e56b879672e9fcfde7f0bfdcf9a6af9fd7a08abf42076d76fe,5056
dev/tests/integration/testsuite/Magento/GiftCardAccount/Controller/Adminhtml/Giftcardaccount/SaveTest.php,93f3a7b331177584d25ac6e5d0ee350150d32e4f74ddd4ff9311205473e4cb0b,4557
dev/tests/integration/testsuite/Magento/GiftCardAccount/Controller/Adminhtml/GiftcardaccountTest.php,cda09d76a0c0ae86f3ba4ab54ac7444c8e5db42d84c4ac53b916a0773a73815d,1353
dev/tests/integration/testsuite/Magento/GiftCardAccount/Controller/Cart/QuickCheckTest.php,cce433b7eafe03923dbcb6253bb992095fc53df8fb4ce2ee3675d7a523218fdc,3451
dev/tests/integration/testsuite/Magento/GiftCardAccount/Model/Backend/HistoryTest.php,c227ac62610c31a75e54ed65720c2797f6f6594515dd1682e2f33cb085f42c6a,5041
dev/tests/integration/testsuite/Magento/GiftCardAccount/Model/CollectorPositionsTest.php,47e6d322e26eb7587331cbded6e4e65aa29b6f4addfb9456bfe4789a6d121e12,1589
dev/tests/integration/testsuite/Magento/GiftCardAccount/Model/CreditmemoFactoryTest.php,80e0b6f1a3c632d4bfa49c42712b2993878d7562568ea9a9e6a1a30d90d9a55c,4350
dev/tests/integration/testsuite/Magento/GiftCardAccount/Model/CronTest.php,e7e57f41282ffad6d74ef2f59577b8e7ac284b427ed3892e76db442083b72baa,3346
dev/tests/integration/testsuite/Magento/GiftCardAccount/Model/ManagerTest.php,2e8f96bf0665aa89856fc83d3aaa63821ba250f25cc1d85f278b5bda48d047e5,2591
dev/tests/integration/testsuite/Magento/GiftCardAccount/Model/Plugin/CreditmemoRepositoryTest.php,ecb5635eff9e882c4f86d630842d12e753d967869d0e3e2b9162a0d2ff8f6fc8,4453
dev/tests/integration/testsuite/Magento/GiftCardAccount/Model/Plugin/TotalsCollectorTest.php,f3ebce51097fd4613fa600fc9d1a73499e1dee7ba870918a5dee5ad94fc038be,2873
dev/tests/integration/testsuite/Magento/GiftCardAccount/Model/PoolTest.php,fdbca966b08faf2f4f5f5a0841840d4d759850799478f5592bae36e93a086980,2418
dev/tests/integration/testsuite/Magento/GiftCardAccount/Model/RedeemerTest.php,94f60db6d330cf17bf040d237b2b39ccfcee90bbb00c49c6c767f0f1e6d4d673,11650
dev/tests/integration/testsuite/Magento/GiftCardAccount/Model/Spi/GiftCardAccountManagerInterfaceTest.php,1081c3e8b784be09d9218023c13959624ca3a2c923c989a3db96ac0cc232530f,2045
dev/tests/integration/testsuite/Magento/GiftCardAccount/Model/UsageAttempt/UsageAttemptsManagerTest.php,4996c917b645c57ca14af8cf541eaafaed79de4e8d0f6936413a44dd2c3c429e,9462
dev/tests/integration/testsuite/Magento/GiftCardAccount/Observer/CreditmemoSaveAfterTest.php,0a6467acd79b589ec75590f3ae7fffe13e9fc6586674297dc4d095c926139bcf,11504
dev/tests/integration/testsuite/Magento/GiftCardAccount/Observer/GiftCardAccountSaveAfterTest.php,cff292ae523903b4ded2166ced5856a9572f1b925624616ffc53abfb3b76a572,5614
dev/tests/integration/testsuite/Magento/GiftCardAccount/Observer/RefundTest.php,b711226c3b9720ae4e3a04a8aac3a76abde87db78bd6252392e6e89861117691,2828
dev/tests/integration/testsuite/Magento/GiftCardAccount/_files/codes_pool.php,b4313e3f14fb2100d0aa4ae947e7c583c5b57f5cdd6021e8be30176b4ffde508,1518
dev/tests/integration/testsuite/Magento/GiftCardAccount/_files/complete_order_with_gift_card_account.php,fc40bea4539421b5e2d726d6f20e6de18950d4ace102eaaa22dcd2f5a8fd813b,1744
dev/tests/integration/testsuite/Magento/GiftCardAccount/_files/complete_order_with_gift_card_account_rollback.php,6fb5f161adc0b53607b61837571282dbe415582f0ab3b7510758c942d8b08c8a,764
dev/tests/integration/testsuite/Magento/GiftCardAccount/_files/create_giftcardaccount_with_second_website_and_product.php,9d4ab35a706628f550c2c157ace953d783307af0f4836bc0333eb8d38a31f279,3367
dev/tests/integration/testsuite/Magento/GiftCardAccount/_files/create_giftcardaccount_with_second_website_and_product_rollback.php,e72b6b61d5fba8b1a9465be9db153c93169e2d2560c6de8a4393de0ff302f75c,3567
dev/tests/integration/testsuite/Magento/GiftCardAccount/_files/creditmemo_with_deleted_gift_card_account.php,223d27ef142c868bd8989091ab496b432c05d0f6375cab0630e1849ad0607c3a,1399
dev/tests/integration/testsuite/Magento/GiftCardAccount/_files/creditmemo_with_gift_card_account.php,2ed79f978984eedea82abd71a2ee0d1478adc131db869697794a5accfc339b24,2006
dev/tests/integration/testsuite/Magento/GiftCardAccount/_files/creditmemo_with_gift_card_account_rollback.php,c033cceeb6830bdb1de5df6cfebb6bea0f8e69ce8f137b4982eca77b236562b7,764
dev/tests/integration/testsuite/Magento/GiftCardAccount/_files/customer_order_with_gift_card_account.php,b4c3ece9d5b8d86cee79ad4f646802666801b3583b435fa9816f64b56bbb9a10,5051
dev/tests/integration/testsuite/Magento/GiftCardAccount/_files/customer_order_with_gift_card_account_rollback.php,8c726074689c30c072c1c102d1f6e3da55a4af1a6711f005b10ff93f0d20a6b2,821
dev/tests/integration/testsuite/Magento/GiftCardAccount/_files/expired_giftcard_account.php,915a099c91d81c10f82a15b6416000c82e434c07a21c9a7921856c8e6bbdba96,2031
dev/tests/integration/testsuite/Magento/GiftCardAccount/_files/expired_giftcard_account_rollback.php,4e3915d45c6947fd8fd53d6ee40d07b169ccbe1eee26856ecfc5562f522aea80,789
dev/tests/integration/testsuite/Magento/GiftCardAccount/_files/expired_giftcardaccount_with_future_date_expires.php,6de942efccd8f5b5aac7f1283318841065fdcd4cc1511590f381555f1aed6612,2119
dev/tests/integration/testsuite/Magento/GiftCardAccount/_files/expired_giftcardaccount_with_future_date_expires_rollback.php,2b3cb3c73374316dd9e5110aa0433123d5e81ae9dc0f665910646f174b134c0a,813
dev/tests/integration/testsuite/Magento/GiftCardAccount/_files/giftcardaccount.php,b20587098dc2f5c926ea97473fe2860c3a5f9d97c1566b39280fd28ac76668d2,1355
dev/tests/integration/testsuite/Magento/GiftCardAccount/_files/giftcardaccount_inactive.php,5ba9984094963271e61e713be6f80067124fa9863b5575ee25a5c4552a985700,1281
dev/tests/integration/testsuite/Magento/GiftCardAccount/_files/giftcardaccount_inactive_rollback.php,05157b7d1da1b1bdb423fce36fb17a344b25154a3cf35f7c7b290932172e9939,1247
dev/tests/integration/testsuite/Magento/GiftCardAccount/_files/giftcardaccount_rollback.php,7d1db1e56fa12a9ec240ccdbfcb4e2b02735623ffe2b1bc84c57c978597ce22c,1263
dev/tests/integration/testsuite/Magento/GiftCardAccount/_files/giftcardaccount_with_past_date_expires.php,4baabc5bc2a4245a9a80ab44560b96edae01df1857ed7eeccf830a4bb264cead,2059
dev/tests/integration/testsuite/Magento/GiftCardAccount/_files/giftcardaccount_with_past_date_expires_rollback.php,950b082d4a35345fd59f032e822708d09766e403ef022b157426f3101c3f74c0,803
dev/tests/integration/testsuite/Magento/GiftCardAccount/_files/giftcardaccount_with_zero_balance.php,f4c26338e2b3b2441810b95cfeb60911053151755b01323e5c1e2d2bcca398da,1343
dev/tests/integration/testsuite/Magento/GiftCardAccount/_files/giftcardaccount_with_zero_balance_rollback.php,5ab66e0de9707f10105f3e9b6901174df5b2056aad4bbf53bca36916639c3dc9,1256
dev/tests/integration/testsuite/Magento/GiftCardAccount/_files/giftcardaccounts_for_search.php,ad152c906f73c318d16ae68d991f3008003b527b5bb23df18142729b8967a167,2993
dev/tests/integration/testsuite/Magento/GiftCardAccount/_files/giftcardaccounts_for_search_rollback.php,ff3cf2485aeac40d88442a5ae3b1e7a63a6bc9ecd17f9ddd330d2bf27c62a7d2,2016
dev/tests/integration/testsuite/Magento/GiftCardAccount/_files/invoice_with_gift_card_account.php,634258d2d1b8f7a6debefd7ccc3e9f90a50c4fee1cf06b579cb4241628e1c2ee,1517
dev/tests/integration/testsuite/Magento/GiftCardAccount/_files/invoice_with_gift_card_account_rollback.php,c033cceeb6830bdb1de5df6cfebb6bea0f8e69ce8f137b4982eca77b236562b7,764
dev/tests/integration/testsuite/Magento/GiftCardAccount/_files/invoiced_order_with_gift_card_account_and_item.php,03b68b6f5981cb4a4a82c735471d5a498dd51ee22342ad985e27fadf1d8d8d9f,2994
dev/tests/integration/testsuite/Magento/GiftCardAccount/_files/not_redeemable_gift_card_account.php,3598f9d15fa15b8cf3b095eb7a5c08cbc242318e49594b567956b6397a44da64,1717
dev/tests/integration/testsuite/Magento/GiftCardAccount/_files/not_redeemable_gift_card_account_rollback.php,b427c7bb8bf03ce638fbabdf40291e15a28d4806079b95e3028cd3df402c5dd7,1295
dev/tests/integration/testsuite/Magento/GiftCardAccount/_files/order_with_gift_card_account.php,52b90dbe05f186ed537933dc582bcc0922e2fe1685ffd818277dab2688948547,4549
dev/tests/integration/testsuite/Magento/GiftCardAccount/_files/order_with_gift_card_account_rollback.php,34a181eca72876a4a92c7a82a038d6217c654b76fef5166f30c654ab2ff0850e,727
dev/tests/integration/testsuite/Magento/GiftCardAccount/_files/quote_with_giftcard_saved.php,d284dee6ec19bd977471d498031314852e56dde8e58e784c86b48bf165c49ff8,4322
dev/tests/integration/testsuite/Magento/GiftCardAccount/_files/quote_with_giftcard_saved_rollback.php,d760567890b5a4a345ee2f32d3b1864b4e892ef47587a3834fe9b60bfb25024b,991
dev/tests/integration/testsuite/Magento/GiftCardImportExport/Model/Export/GiftcardTest.php,5b80e19f0ec2101887cfda7a70d654a2f85ca58706d1bf23121aeab5a224fc67,2960
dev/tests/integration/testsuite/Magento/GiftCardImportExport/Model/GiftCardTest.php,a62e7a3495b6e59befc4bb6eaba6dd53c657a5b45a3d775777efeb7f2f891e65,4704
dev/tests/integration/testsuite/Magento/GiftCardImportExport/Model/Import/Product/Type/GiftCardTest.php,ad3168a5a19dd3f6d35d3a641bde49a74c6c51d2dd6cb4e2db9bcc32542f1604,7653
dev/tests/integration/testsuite/Magento/GiftCardImportExport/Model/Import/_files/giftcard_product.csv,0500e47628d277e1ea9745e10fca64043d5ac942dff200d685e2db6c51d0d3d6,2675
dev/tests/integration/testsuite/Magento/GiftCardStaging/Plugin/Model/Product/GiftCardAmountsRollbackTest.php,58bba3f597fd87a778376e9ac0f57edf649c45f37b3223eb1f109a60640fe69a,3463
dev/tests/integration/testsuite/Magento/GiftRegistry/Block/Adminhtml/Giftregistry/Edit/Attribute/AttributeTest.php,229bccbf85184d733fffc11c8302bc2a6476647e995d8f8f84265f77d680fc31,1642
dev/tests/integration/testsuite/Magento/GiftRegistry/Block/Adminhtml/MenuTest.php,e365e6bb384b46bb22f826482e04ffbf7b0219b2ea564ebaf6a3ee85932cd796,2537
dev/tests/integration/testsuite/Magento/GiftRegistry/Block/Cart/LinkTest.php,cc2daacd333b95269669c114bad7cc74ee582c1559cac4839cf14c88e37a596a,1865
dev/tests/integration/testsuite/Magento/GiftRegistry/Block/Cart/Product/MarkTest.php,d962c6646072be9cc407b4706fc446cb929ff01579964f14651a19b1da641ec3,1893
dev/tests/integration/testsuite/Magento/GiftRegistry/Block/Customer/CheckoutTest.php,6428bc9a8fe3e0c79f1e041f83fe7ac88e80277651d24cd6a7f2c7c68b4ed4e3,1901
dev/tests/integration/testsuite/Magento/GiftRegistry/Block/Customer/Edit/AbstractEditStub.php,f81583333262d228a5c8009cf0ae8f61a31a59b13b8b13f2678c71d45a59e059,923
dev/tests/integration/testsuite/Magento/GiftRegistry/Block/Customer/Edit/AbstractTest.php,f5c43c4f9420107f09d2121485e0bbd04937e721373b64f595859aa0ac879505,2285
dev/tests/integration/testsuite/Magento/GiftRegistry/Block/Customer/Edit/RegistrantsTest.php,7058e2404e47a15038c38442438563ef2cc512b9f082fa1c3290488f7a23526f,4604
dev/tests/integration/testsuite/Magento/GiftRegistry/Block/Customer/Edit/RegistryTest.php,47d25fea1137a9f4e583d4283e2d93c7b5d079b6645d89b3bacb97269df18fd2,4001
dev/tests/integration/testsuite/Magento/GiftRegistry/Block/Customer/EditTest.php,20c0e63438b6ee8fa2b1d187fa7df191548632ea0fe396fcffb4548b331dfaa0,1627
dev/tests/integration/testsuite/Magento/GiftRegistry/Block/Customer/ShareTest.php,1403e441dc8afad57564adf139516626daff1dbd2ae855f44ee969c5068b1e8c,5177
dev/tests/integration/testsuite/Magento/GiftRegistry/Block/Form/ElementTest.php,13b3b8a4bd1af11f166895affbc5b72abf050c89902778a828611cc8112c3009,2041
dev/tests/integration/testsuite/Magento/GiftRegistry/Block/LinkTest.php,4c3c35b56381c0b0744a278e940d3b97af71f0bb1a7667bac23354dfacad41b8,2557
dev/tests/integration/testsuite/Magento/GiftRegistry/Block/Search/QuickTest.php,183b9dce8af9196c4de256e3c1a856131c22c7811693ad943703f2a173f1bf1f,1861
dev/tests/integration/testsuite/Magento/GiftRegistry/Block/Wishlist/Item/Column/RegistryTest.php,b204238556f1e524793dadcc40c0d4cf777530f44edde82e933bc869a11f1556,2891
dev/tests/integration/testsuite/Magento/GiftRegistry/Controller/Adminhtml/Giftregistry/DeleteTest.php,d3496e9171c83dd3aee7a401d7fc27d66bc88ec3d66dddec6f0b7cb44d51702a,2143
dev/tests/integration/testsuite/Magento/GiftRegistry/Controller/Adminhtml/GiftregistryTest.php,f106cef40c9b8bd723e0934b3be7eb6d63d0d56e48f965589c089a429be6ebdf,2996
dev/tests/integration/testsuite/Magento/GiftRegistry/Controller/Index/CartTest.php,9f29b211ee3340cbee5f65b5d9116f081389a3663d92b23464dc34ac8c5a9176,1144
dev/tests/integration/testsuite/Magento/GiftRegistry/Controller/Index/EditPostTest.php,ea2a764d477d83c081c9ff67788249dcea3729bdd3a41776f2b4ccaca6f85614,11091
dev/tests/integration/testsuite/Magento/GiftRegistry/Controller/Magento/Catalog/ProductTest.php,d5bcc979ba19b1ed5a9759c4334e0f538ed2062d5c154e58ab47ab5bbc50a417,3025
dev/tests/integration/testsuite/Magento/GiftRegistry/Controller/Magento/Wishlist/IndexTest.php,7ee982e72a63882e8f75f1857f1742b3d756107c63784cc7cf5b48a9a7ac28cb,1655
dev/tests/integration/testsuite/Magento/GiftRegistry/Controller/View/UpdateCartTest.php,bc71ac0761079ba890eefd4a0ba44489825a791108af8776cf237e2c40ae3f8e,3242
dev/tests/integration/testsuite/Magento/GiftRegistry/Model/Attribute/ConfigTest.php,ed0334a9d6f05b2a6084ea20fd7dec3480827645774952b47fa2a6e520051d39,6297
dev/tests/integration/testsuite/Magento/GiftRegistry/Model/Config/ReaderTest.php,e0f7fe63e149b5525b0c189983d7d4f0dd3aef39cf456dfa345868a8993058e5,2597
dev/tests/integration/testsuite/Magento/GiftRegistry/Model/Config/_files/Magento/GiftRegistry/etc/giftregistry.xml,354243ac4859864668c12ebaa896ad78f68abb7fc06dbcf0127a51e72ab3caba,1976
dev/tests/integration/testsuite/Magento/GiftRegistry/Model/Config/_files/Magento/Reward/etc/giftregistry.xml,52d19d9ae65606eb2689a6c958c57832bf04eabfe354de4c6f588dfec7cbc8e6,1982
dev/tests/integration/testsuite/Magento/GiftRegistry/Model/Config/_files/giftregistry_config.php,25998a3887cee13573ddc198ed1db3d2312f0ba29cbb5b831d2907d713eace51,2685
dev/tests/integration/testsuite/Magento/GiftRegistry/Model/EntityCustomTemplateTest.php,0278d24c19e25d231b6f1b2736848f7d4e51b44de9fc04aac940b82448181e75,8801
dev/tests/integration/testsuite/Magento/GiftRegistry/Model/EntityTest.php,7c350aee6efb008643f32e50e065450e5e240342235b72298720ee3a29b3bd97,2919
dev/tests/integration/testsuite/Magento/GiftRegistry/Model/ItemTest.php,636a4ea09d1f4055aac88f2e6bd202f5a7a30a7bb745c0ffd7e080ed7dbd40e1,2161
dev/tests/integration/testsuite/Magento/GiftRegistry/Model/ResourceModel/Entity/CollectionTest.php,1f01222d49f98cf31d403313e489a074ec97c5bacd4e7be6db162bccf5abc029,2836
dev/tests/integration/testsuite/Magento/GiftRegistry/Model/ResourceModel/EntityTest.php,ba97ef7c95c0ff8844181540b29a790f5ba86c885bcee04bfb30a4462fcf70cd,2017
dev/tests/integration/testsuite/Magento/GiftRegistry/Model/ResourceModel/Item/CollectionTest.php,216ccca220223e070e603a350c7a5983b04ff5dcd53b6b250daf4d8a122ab4ad,6064
dev/tests/integration/testsuite/Magento/GiftRegistry/Model/ResourceModel/Item/Option/CollectionTest.php,7bd8b727887917da6f4eac992b299b6053a2a64fad3ff1ff73d99a771df94fcd,2063
dev/tests/integration/testsuite/Magento/GiftRegistry/Model/ResourceModel/PersonTest.php,2fa515c19c522af9ade630def19b23f3e2ba76cd4c83850aa1972b1596d426fc,1537
dev/tests/integration/testsuite/Magento/GiftRegistry/Observer/AddGiftRegistryQuoteFlagTest.php,42d0e25350f75cad4e12668dd4658761ce096fffd48645dae9edafa80e2ff229,3052
dev/tests/integration/testsuite/Magento/GiftRegistry/Observer/OrderPlacedTest.php,d36516c5849a12cad78dbd2b580c268869a66ec8b8e9b96981e7d524f32afc4f,8151
dev/tests/integration/testsuite/Magento/GiftRegistry/_files/gift_registry_entity_birthday_type.php,2d66fdbd309e6c51b0b074221de47c67a25915600a0e5c37efa0f6517489b357,4468
dev/tests/integration/testsuite/Magento/GiftRegistry/_files/gift_registry_entity_birthday_type_rollback.php,458d7f924a4404df471451483293e83abc5a5aa87dd5e01d19f43861ffeb5935,1358
dev/tests/integration/testsuite/Magento/GiftRegistry/_files/gift_registry_entity_simple.php,369e9b87ed04c4442105552bb9ee974666c335d53d7e562f43b6cf49850fc42f,2064
dev/tests/integration/testsuite/Magento/GiftRegistry/_files/gift_registry_entity_simple_rollback.php,121cb90f8ef804739f1a16a5525e4e36c6f5bb96aebf943413509efbaaa2f254,1349
dev/tests/integration/testsuite/Magento/GiftRegistry/_files/gift_registry_person_simple.php,4df6559eb21b3f16bc9b0651d4cb2c085dc4b4d7e4789ec415d682756ea6cb26,1557
dev/tests/integration/testsuite/Magento/GiftRegistry/_files/gift_registry_with_disabled_product.php,c044bb591bc1548a556fd1a20bbd23490673de9668fc45b8218134bd51954b8a,1916
dev/tests/integration/testsuite/Magento/GiftRegistry/_files/gift_registry_with_disabled_product_rollback.php,16f967312f09505c7375e3fd7f598a6f242145a672a1269613c5898df2b84cd6,901
dev/tests/integration/testsuite/Magento/GiftRegistry/_files/gift_registry_with_out_of_stock_product.php,739b11c59116034f49b78a609d3b4ca6062d1f731ce7e39e3e6b3170e6126a95,2308
dev/tests/integration/testsuite/Magento/GiftRegistry/_files/gift_registry_with_out_of_stock_product_rollback.php,b2c8d81d5631c2de92ac91c5f7f415996b9214619f46c265066094bf5bb606e5,898
dev/tests/integration/testsuite/Magento/GiftRegistry/_files/quote/add_bundle_product.php,d4d1a346a3949cfe005fc064c1dd95791e1c526047a8b1527c90732270def773,3249
dev/tests/integration/testsuite/Magento/GiftRegistry/_files/quote/add_bundle_product_rollback.php,836132b0a23326f2f420ac317fea30095929105dcb0c8d7f4a37e212c5560988,785
dev/tests/integration/testsuite/Magento/GiftRegistry/_files/quote_with_gift_registry_item.php,ea0427d22cf31fa668401f618006da82aa23e5996a8b5ac08a32b646241fc3f5,2824
dev/tests/integration/testsuite/Magento/GiftRegistry/_files/quote_with_gift_registry_item_rollback.php,6797515aac1efe5d022887f10c62f3ff20e40bf9340ef80463223e74c65d05c6,971
dev/tests/integration/testsuite/Magento/GiftRegistry/_files/resource_item_collection.php,aca80b595c3cb0525d11df24c451c09a8d73a0d85918eb37fb2c03d55a30695b,2909
dev/tests/integration/testsuite/Magento/GiftWrapping/Block/Adminhtml/Order/Create/TotalsTest.php,5eac6ef69384458bf8bad6eeaf22dc71717203bd86490907f7804b4c2b1c8cc1,7702
dev/tests/integration/testsuite/Magento/GiftWrapping/Controller/Adminhtml/Giftwrapping/DeleteTest.php,407a8125377747135e27243ad90b169d67781be4f6be2a1b1409871e357e652e,2636
dev/tests/integration/testsuite/Magento/GiftWrapping/Controller/Adminhtml/Giftwrapping/SaveTest.php,c6bd03686258a204ae22af05148745cc7ce9b4a804c9381cb0e9328e7ffd9d01,5084
dev/tests/integration/testsuite/Magento/GiftWrapping/Controller/Adminhtml/Giftwrapping/UploadTest.php,ea0143046388d853c86b35aff5d6da9e0a2d444f3e5da17ac6087cfe28c9302f,6172
dev/tests/integration/testsuite/Magento/GiftWrapping/Model/CollectorPositionsTest.php,5e73070a0bb1ef7c78099a0ac908c1de57921595adf914286156c1567e4832a3,1600
dev/tests/integration/testsuite/Magento/GiftWrapping/Model/ConfigProviderTest.php,ea141241cfd0b3b14d081f3e3b9c50c46ecce594b3ec19fb61fddb8730f3d8df,1990
dev/tests/integration/testsuite/Magento/GiftWrapping/Model/Plugin/DeleteGiftWrappingForEmptyQuoteTest.php,a19fcd2f4e473ef922e3e2bbe628e89caa7b63d1f67a70a57a18d1c2d1387976,2820
dev/tests/integration/testsuite/Magento/GiftWrapping/Model/Total/CreditMemo/GiftWrappingTaxTest.php,c0043800a6f328e64b7bb013c05308322777c2118f47577c3ac77a5c06a3cc66,3295
dev/tests/integration/testsuite/Magento/GiftWrapping/Observer/OrderGiftWrappingTest.php,9292ce624cab6c06481bd9cc0f6d62c4631a82ba828cfb51e2ac2868bfc7f30f,5215
dev/tests/integration/testsuite/Magento/GiftWrapping/Observer/SalesEventQuoteMergeTest.php,1e2172285d936bf53e94fd8bc0c5398026890523e9eba6bb34f0a3fe0b269aa5,1597
dev/tests/integration/testsuite/Magento/GiftWrapping/_files/customer/order_with_gift_wrapping.php,21173f8cb79c1198b80d44814526dc07a67d5e78750bd8fb002d9115b0475326,3814
dev/tests/integration/testsuite/Magento/GiftWrapping/_files/customer/order_with_gift_wrapping_rollback.php,b73fd8b06bed104036ef2334f4b0171956c81c485fba8bc375c7eb00427d414f,1629
dev/tests/integration/testsuite/Magento/GiftWrapping/_files/invoice_with_giftwrapping.php,815c14ce1988e4f62d370bcc357485b7fa320d4b1990ad17d61ac64e2e1fa659,5135
dev/tests/integration/testsuite/Magento/GiftWrapping/_files/magento_small_image.jpg,2478d16d14cc0f1e710ffbcda415d960476a8e9c7dae2aca926c5d0ff0c24318,3046
dev/tests/integration/testsuite/Magento/GiftWrapping/_files/order_with_giftwrapping.php,1b17a7222dd655485e415db614613b5ebee1f2552e8537b0cc4ed555fd69b38f,6477
dev/tests/integration/testsuite/Magento/GiftWrapping/_files/order_with_giftwrapping_rollback.php,34a181eca72876a4a92c7a82a038d6217c654b76fef5166f30c654ab2ff0850e,727
dev/tests/integration/testsuite/Magento/GiftWrapping/_files/quote/quote_with_selected_gift_wrapping.php,ad19921bd14bfef5cd3f609ffbf5a2863ab3104c1181236409c89092d4c744cb,3273
dev/tests/integration/testsuite/Magento/GiftWrapping/_files/quote/quote_with_selected_gift_wrapping_rollback.php,e4fd89b8df2214cbe95788f0a09377dc9cceb7b211c422b877048b56845d261a,1766
dev/tests/integration/testsuite/Magento/GiftWrapping/_files/quote_with_giftwrapping.php,ad6b04f5c60961534f9d6403bcdee8e542c91e060535bd9a87f84fd98f56e62c,1757
dev/tests/integration/testsuite/Magento/GiftWrapping/_files/wrapping.php,3f6b6dd6645d80d794fcd4798d97033b808fc3148a15740cc5e0c8bf40c2773f,951
dev/tests/integration/testsuite/Magento/GiftWrapping/_files/wrapping_for_store.php,93f86fcb2092801ecf4b326a72b80ae3d935fe81ac5bf3c7b220962bdf0448f9,1175
dev/tests/integration/testsuite/Magento/GiftWrapping/_files/wrapping_for_store_rollback.php,0b83d57ec2a16868bc9aae962ef70883e91da3e980dae1f2296fb5fa9a621758,799
dev/tests/integration/testsuite/Magento/GiftWrapping/_files/wrapping_rollback.php,d12fd460cc905aadd66a7d3d5fd6e853707fb66c6f95ed81791506bd773aeb9e,813
dev/tests/integration/testsuite/Magento/GiftWrapping/_files/wrappings.php,a2156c90d5d5c1067b1b5a6197d003a5d220a3062972ae2c597d819dd24ee866,2223
dev/tests/integration/testsuite/Magento/GoogleTagManager/Block/GaTest.php,1b802b08e77db8b48d05a08e22598492e20fba2a0b84232b24b35435d1a8ece7,2472
dev/tests/integration/testsuite/Magento/GoogleTagManager/Block/GtagGaTest.php,efc0fa496334c4e1c806b06c4a11767b47f365d4a7c4363426ab4cfa66c354f6,2508
dev/tests/integration/testsuite/Magento/GoogleTagManager/Controller/Checkout/CheckoutTest.php,2690de8bc6d2bf6e3f3cb2b8f19ebed76274940bddeb25d20fb4f0b6ef0f9d46,1395
dev/tests/integration/testsuite/Magento/GoogleTagManager/Controller/Checkout/CspNonceInjectionTest.php,a175c54001be669054e4a201f6d19e7c96f743a35b41f31912fabdbdd792f185,2156
dev/tests/integration/testsuite/Magento/GraphQl/App/GraphQlEECheckoutMutationsStateTest.php,0c1592ba36ba929682f13efccc35839359d4bfe98ef6f9cb9e692878c39ea540,5777
dev/tests/integration/testsuite/Magento/GroupedImportExport/Model/GroupedStagingTest.php,b9e4628f0e6754df302562cbd29b29b5726843669e80a9f6d26a5b2b0504f2be,875
dev/tests/integration/testsuite/Magento/ImportJson/Model/BundleProductImportJsonApiTest.php,8f97fbe2df8f4cda8c063476adb924b8bdb6b6cf9404138de8bba2dc784aa342,3346
dev/tests/integration/testsuite/Magento/ImportJson/Model/CustomerAddressWithCustomAttributeImportJsonApiTest.php,3bf02f4e391e8e2e036bed77a5e34f3b510a1ce8787aff59e3325719b7e7db95,2232
dev/tests/integration/testsuite/Magento/ImportJson/Model/CustomerFinancesImportJsonApiTest.php,94c92087aa67b403f5b2631dc93f661fbbabff341b2a2b506dd326298d4dae58,2144
dev/tests/integration/testsuite/Magento/ImportJson/Model/CustomerWithCustomAttributeImportJsonApiTest.php,a5718893e9144a1c5ef3d8a43ba6a9bea5ed659832e8e77996b8ba9a5cdb96c6,2189
dev/tests/integration/testsuite/Magento/ImportJson/Model/_files/bundle_product.json,c0e7a37c9ef5302a55c221787f6c49734db4b3161d7172b8dab510b71f9d7983,10110
dev/tests/integration/testsuite/Magento/ImportJson/Model/_files/customer_addresses_with_custom_attributes.json,3eab57c5559690251995efd6c46f24307de5ffd8adf7a61bd26083359ffce30e,1474
dev/tests/integration/testsuite/Magento/ImportJson/Model/_files/customer_finances.json,f4cbb6eea97c61a373451a5a95b9d9cd43250597e0665b94727b5ee654f6a2a6,159
dev/tests/integration/testsuite/Magento/ImportJson/Model/_files/customer_with_custom_attribute.json,06d7c95d8ecf2796d85a5b8476cc2515d36d4fb06c2e22c3b906719f04fe6aa2,984
dev/tests/integration/testsuite/Magento/Invitation/Block/Adminhtml/Invitation/Add/FormTest.php,7fd50c39733aa9bbba192bb9ebf170953bfb61d000c8106e7ca40f50db3a50ca,2845
dev/tests/integration/testsuite/Magento/Invitation/Block/Adminhtml/Invitation/View/Tab/GeneralTest.php,aca85459246db052e0c2fa9283bcd0a0f7d7eea820a317260a665f9d47524af0,1630
dev/tests/integration/testsuite/Magento/Invitation/Block/Customer/Account/LinkTest.php,48e87cb0168818b848d50a8d0ac61cbffd1fdf5114b4ac2f68690f042b3d081c,3567
dev/tests/integration/testsuite/Magento/Invitation/Block/FormMaxEmailsMessageTest.php,ec32bd94bd3a4cddf44eb1d4a384100229a2c57fa4285c57403b68fed61a326d,2767
dev/tests/integration/testsuite/Magento/Invitation/Block/FormTest.php,d60938c7ea75af432157b1a2d4035ca0cd9e31bec87534771400bb49bc8f3c81,3830
dev/tests/integration/testsuite/Magento/Invitation/Controller/Customer/Account/CreateGetTest.php,0c2e3eb656a148505756b7b77413479b1cc938c74564bb286bbff6971565248a,2826
dev/tests/integration/testsuite/Magento/Invitation/Controller/Customer/Account/CreatePostTest.php,c8c4385d47441c119b86355b109a69b67236b8687d8e280a27e76175656fcf46,5622
dev/tests/integration/testsuite/Magento/Invitation/Model/InvitationTest.php,51b9a50bbf170991c4462d42d2d910449fad046402bbab0e54d2abc372c98f6a,7595
dev/tests/integration/testsuite/Magento/Invitation/Model/Plugin/CustomerRegistrationTest.php,2f8e1a0adfa6312cddf5e768f7c3e7a6085ea2b7bb4a72e6c9ad3ee2e4887d56,2693
dev/tests/integration/testsuite/Magento/Invitation/Model/ResourceModel/Report/Invitation/Order/Initial/CollectionTest.php,07aa5914177d3527fc94603621656854fce953d66de6bc92eae162ca40b7a76f,3315
dev/tests/integration/testsuite/Magento/Invitation/Model/Source/Invitation/GroupIdTest.php,93a3840978be508787006edfa01ec7e44c6e2644f332b11ffeb3c3d71c81e701,1362
dev/tests/integration/testsuite/Magento/Invitation/_files/custom_invitation_template.php,8224bb2d06da7509c7e91de9ee7f3554f2e9a0df6caf8a29cccd5d8cc463fe02,1600
dev/tests/integration/testsuite/Magento/Invitation/_files/custom_invitation_template_rollback.php,4f37e70ebac93de3382b152e7219ad45d1bfec0e9a323e4c9b04ac71235c3737,1365
dev/tests/integration/testsuite/Magento/Invitation/_files/invitation.php,984032f956009576bd3971777c552e0153d75a842a95411f1f37575bfd2b2f96,983
dev/tests/integration/testsuite/Magento/Invitation/_files/two_invitations.php,6ff791be5d22c6989042e2c3557dd7f2f0439479afaf5b676b96848438101351,1100
dev/tests/integration/testsuite/Magento/Invitation/_files/unaccepted_invitation.php,4d49775bfe39c18314a035993cc41b15b5c80c0b4ea575cd4cb7ec9be702ea7d,1764
dev/tests/integration/testsuite/Magento/Invitation/_files/unaccepted_invitation_rollback.php,72d2a0bb1105b17fddf5dff6e28448e3f84d83668aa98463646047ca5f54a730,1405
dev/tests/integration/testsuite/Magento/Logging/Block/Adminhtml/Grid/Filter/IpTest.php,18f78b38a48a5cbae0ea0499493fd008e2716487ef6e67948bfa082d7a6d3748,1886
dev/tests/integration/testsuite/Magento/Logging/Controller/Adminhtml/Logging/ArchiveGridTest.php,67fe2a5c7121ca9278d396dbe4ab84959adc708a5c41143d2a419a629000a22f,1004
dev/tests/integration/testsuite/Magento/Logging/Controller/Adminhtml/Logging/ArchiveTest.php,a3b4259b09370cd0cee66d383816a5b47c6ae739a1a58c3c2dde994dff3d1af9,899
dev/tests/integration/testsuite/Magento/Logging/Controller/Adminhtml/Logging/DetailsTest.php,55025b0f635a0caab826df61944ed26f414813a9a75d0828d065d03f6f7aca87,914
dev/tests/integration/testsuite/Magento/Logging/Controller/Adminhtml/Logging/DownloadTest.php,8eba814f622575fa25939eb29cd1e79ff346f40f2280596074b32543243d4915,975
dev/tests/integration/testsuite/Magento/Logging/Controller/Adminhtml/Logging/ExportCsvTest.php,92165be7ca809c88ab89bd22f7cc491f7beef7e02c7a81986dc8bafa6a02da2c,918
dev/tests/integration/testsuite/Magento/Logging/Controller/Adminhtml/Logging/ExportXmlTest.php,e84229a95b362397cbdc4c9788d36e85f009bbe74b100ce9c6d36380aef42c91,918
dev/tests/integration/testsuite/Magento/Logging/Controller/Adminhtml/Logging/GridTest.php,109b06a120d3f3d62ccda2cb5e24fd4d4cc205688eaeea540150eae169bb956b,908
dev/tests/integration/testsuite/Magento/Logging/Controller/Adminhtml/Logging/IndexTest.php,1bcb08518ab565b1cb7c0b07956148f1c14c7d9a714029a56bbb77cb2c2c1fa4,910
dev/tests/integration/testsuite/Magento/Logging/Cron/RotateLogsTest.php,5f0a386c0f5a5878389ea98cdeaa7018daae6ed43835cc48ebe04c622fe590e1,2468
dev/tests/integration/testsuite/Magento/Logging/Model/Config/ConverterTest.php,c3614d4a0814895a5cc7fc2e0479f4d02220cb33205de874887ea067e1a45793,2721
dev/tests/integration/testsuite/Magento/Logging/Model/Config/ReaderTest.php,572415a9dfdb35ec7fbf3c72f7d20cccf04dee20a4040c4564e04040d4c410e3,2035
dev/tests/integration/testsuite/Magento/Logging/Model/Config/_files/Reward.xml,e597b57963f1c21ad7131567bcc674870d7f5f0f07e83cb5c6f7c787e87cc119,2240
dev/tests/integration/testsuite/Magento/Logging/Model/Config/_files/customerBalance.xml,06c5d1ccdc1b1de2155471fba77e06456c5ab99a563fc796e20d201328c3ceed,1860
dev/tests/integration/testsuite/Magento/Logging/Model/Config/_files/expectedArray.php,951e4980ba207c69e3b1500cb41bfa743d15763d889711bda2e5abaf80a4b151,4360
dev/tests/integration/testsuite/Magento/Logging/Model/Config/_files/logging.xml,cde8f0fe453e95aac7b8fedefccdcbd605b7d4094d83d5751521e987200e0430,4709
dev/tests/integration/testsuite/Magento/Logging/Model/ConfigTest.php,0f0dd9bd5816fb684d735d36fb49e2baa3655d62edf15654b4a623d34b6aad6c,1485
dev/tests/integration/testsuite/Magento/Logging/Model/Event/ChangesTest.php,8dc806fd9189c20bee37f870ddd67f28acb693c23dacf53ac72e50cfa0fcfd04,3557
dev/tests/integration/testsuite/Magento/Logging/Model/EventTest.php,532c2a7dde0516c44496d04652c742906a6dfef428e546896f9d3448acf93b92,5349
dev/tests/integration/testsuite/Magento/Logging/Model/Handler/Controllers/ConfigSaveHandlerTest.php,4f5ba167c7e65d86f15f0d8f65e6943536d9d8c4e89bb072903b8ff814ea697b,4488
dev/tests/integration/testsuite/Magento/Logging/Model/ProcessorTest.php,bcc83963ac733ac3c8090371680a73fa1da2680e951a11ea22b913c55eb72418,7342
dev/tests/integration/testsuite/Magento/Logging/_files/order.php,d12082c27cf84a4688aa957f6cf874c6566bb7a4f66f279ec86fc5c6d95632ca,3866
dev/tests/integration/testsuite/Magento/Logging/_files/user_and_role.php,16039316546ee50b2b22b4feb695a9b6c076232f4f6a2687a321250c2aa34949,1167
dev/tests/integration/testsuite/Magento/Multicoupon/Model/ResourceModel/Quote/AddCouponsTest.php,51264d9bc1dc87c3c76ce619fb34fd54968a61112e9a767c73493c6e15e7e6a8,3228
dev/tests/integration/testsuite/Magento/Multicoupon/Model/ResourceModel/Quote/GetCouponsTest.php,92b10d9fd96ac5753610f3a0061076aeced9b1d16218b40c7a7fe2cf52d52dc5,3020
dev/tests/integration/testsuite/Magento/Multicoupon/Model/ResourceModel/Quote/RemoveAllCouponsTest.php,10efae24c7f7c85a1f115ee8af5020973ff050a04e7b05d6aa17ad39043f8307,2761
dev/tests/integration/testsuite/Magento/Multicoupon/Model/ResourceModel/Quote/RemoveCouponsTest.php,6435a1536ccff9fd24bcf6e586a7b4c969e334093e94d601d2d9dd1a387b8976,5060
dev/tests/integration/testsuite/Magento/Multicoupon/Model/ResourceModel/Quote/ReplaceCouponsTest.php,67ae163bfcbe797c6155205b2d8e67bace5a54e1337e680211ce0f651ddcf473,3312
dev/tests/integration/testsuite/Magento/Multicoupon/Model/ResourceModel/SalesOrder/AddCouponsTest.php,2ebb92c0f774de23f1d87227a0bc4690362b5d2bfd0881aa45bfa85cb8b1b055,3589
dev/tests/integration/testsuite/Magento/Multicoupon/Model/ResourceModel/SalesOrder/GetCouponsTest.php,a226200aac899c7b8d1d5302481b576730abc8a2d818beb4717bbdf9fa63744d,3518
dev/tests/integration/testsuite/Magento/Multicoupon/Model/ResourceModel/SalesOrder/RemoveAllCouponsTest.php,80bbaa60346e00674847a4fff734a6e22cdec51fd979b7909610d3bd737542fa,3935
dev/tests/integration/testsuite/Magento/Multicoupon/Model/ResourceModel/SalesOrder/RemoveCouponsTest.php,c0405c746fc5843516366265f79acc4023d10e91bdeb6de65de26094e132ba1a,6257
dev/tests/integration/testsuite/Magento/Multicoupon/Model/ResourceModel/SalesOrder/ReplaceCouponsTest.php,5409af81a69ba98ebfdc87b3f212a0da4286c50e6aec4a584a36362472649d75,4438
dev/tests/integration/testsuite/Magento/Multicoupon/Plugin/Quote/Model/Cart/CartTotalRepositoryTest.php,a8cd383c7f8b756f718c20b359d54e95bf5554c1f683eb48eb9841f25c033711,4802
dev/tests/integration/testsuite/Magento/Multicoupon/Plugin/Quote/Model/QuoteManagement/PlaceOrderTest.php,d936f1c8d09f7854d9be37379f8717a877621b6fc594e4476e06411c78064629,11684
dev/tests/integration/testsuite/Magento/Multicoupon/Plugin/Quote/Model/QuoteRepository/GetListTest.php,c0e96065be3c03ead393fcfad839da91ae1ac365a508f58311d9e404cb475ff4,9371
dev/tests/integration/testsuite/Magento/Multicoupon/Plugin/Quote/Model/QuoteRepository/GetTest.php,be63beb815de7bda50ee167c7abcbe89313ffaaaf90e07c9983dfd52d5b58926,7389
dev/tests/integration/testsuite/Magento/Multicoupon/Plugin/Quote/Model/QuoteRepository/SaveTest.php,e0a5fd45d7c375d196631bdd17266e5807c6e29780407c1cb857bf33f8990418,6389
dev/tests/integration/testsuite/Magento/Multicoupon/Plugin/Quote/Model/SalesRule/CartTotalRepositoryTest.php,2ed44082c734ae02fd05bb324365f850730fe4e29ec55558f06d51985b29c027,6111
dev/tests/integration/testsuite/Magento/Multicoupon/Plugin/SalesOrder/Model/SalesOrderRepository/GetListTest.php,107e3cc5afd16d5ac7090e0accf39901cc063e769797e1c35b84ab9ffbb3fc61,11379
dev/tests/integration/testsuite/Magento/Multicoupon/Plugin/SalesOrder/Model/SalesOrderRepository/GetTest.php,a80212754c218a7292fddb2c66e5f30945a6e52fb9e1d7d4722b57e85a496123,10778
dev/tests/integration/testsuite/Magento/Multicoupon/Plugin/SalesOrder/Model/SalesOrderRepository/SaveTest.php,567c731761e4897de35436ebcb39adb4d73b66c49c16465731ef50be0e211650,7459
dev/tests/integration/testsuite/Magento/MultipleWishlist/Block/Customer/SidebarTest.php,a25b1a76aba469540743433c986e9b608c9abcf264c13c4dd34907dad1bb8f3c,3352
dev/tests/integration/testsuite/Magento/MultipleWishlist/Block/Customer/Wishlist/Button/DeleteTest.php,ed30297dfc9853d81683b6ca27e64f4028111e0f844300ec77924c56d3d6d5b6,4551
dev/tests/integration/testsuite/Magento/MultipleWishlist/Block/Customer/Wishlist/Item/Column/ManagementTest.php,c60c375dfd9e116e9d43f953f0e13f5d982032a7769c5ba9a7c29b55a98ed33e,4061
dev/tests/integration/testsuite/Magento/MultipleWishlist/Block/Customer/Wishlist/ManagementTest.php,8bd7f296f6edcaf08e335ca28f1ebb49f33d5331d1796f5d4ed4fb65009634bf,9026
dev/tests/integration/testsuite/Magento/MultipleWishlist/Block/Search/FormTest.php,fd4f516483fbd2d69c55373770975f50711fde7e31a2221c0ed0592658211e0d,3097
dev/tests/integration/testsuite/Magento/MultipleWishlist/Controller/Index/AddTest.php,30e971454fc6ebe6d3c0bd3d3c6795d2cf79c2d5fed2b43d25a1f0d34cef3e66,3600
dev/tests/integration/testsuite/Magento/MultipleWishlist/Controller/Index/CopyitemTest.php,d0c5a326feebd753d6ec478202dce9daf6894e2d8ce196dd1ab4573d0156c64b,5619
dev/tests/integration/testsuite/Magento/MultipleWishlist/Controller/Index/CopyitemsTest.php,7e679232474bd38c63ea8be8088b15d500b54c61fd7a8ac5cbb8d584e622f9e0,7009
dev/tests/integration/testsuite/Magento/MultipleWishlist/Controller/Index/CreatewishlistTest.php,b641985a9b6da61b0f5223e432b3f4200ed234150a382bfedb7e36369b034a43,4144
dev/tests/integration/testsuite/Magento/MultipleWishlist/Controller/Index/DeletewishlistTest.php,d60c75d637bed24970d67cafcee235a7c86b52ef919130dc6bf16363025710ae,4880
dev/tests/integration/testsuite/Magento/MultipleWishlist/Controller/Index/EditwishlistTest.php,7d62be68d7fdac262d31ed7ada15cbabfc26cc87bb2fb153805a52236d97f126,5745
dev/tests/integration/testsuite/Magento/MultipleWishlist/Controller/Index/MoveitemTest.php,8064b65a4dea7e217162014c928c3c6123b43cb1236f183cc468e446e7fd70b4,5782
dev/tests/integration/testsuite/Magento/MultipleWishlist/Controller/Index/MoveitemsTest.php,a08a2756445ce4542adabc63449fd1b67b9826a251444ec5533a276e6cdee14f,7276
dev/tests/integration/testsuite/Magento/MultipleWishlist/Controller/Search/ResultsTest.php,79c3b98b0f830caa2e50bb53dbd7f5e03fc5f8bbf7f35f695aef21c03149f1de,2603
dev/tests/integration/testsuite/Magento/MultipleWishlist/Helper/Data/DataTest.php,ade9cbec3e07845774ea53a909e548e05766d8c0de028c85773a0282726720cd,4578
dev/tests/integration/testsuite/Magento/MultipleWishlist/Model/AdminMoveToWishlistFromCartTest.php,b7e5e50352fa37aedc00b6b86ec00781cec1655258c01c0ef8f148083df97d88,4962
dev/tests/integration/testsuite/Magento/MultipleWishlist/Model/ItemManagerTest.php,14c791f3d0ae665d91d6a44f133cdebe69a81d0ffa42687c55d6f6fdbe2dc7e4,7094
dev/tests/integration/testsuite/Magento/MultipleWishlist/Model/ResourceModel/Item/Report/CollectionTest.php,9efa125b3c7460b7e17c656d101444e0e4b42284d130a6da52e60f43d47038d6,3425
dev/tests/integration/testsuite/Magento/MultipleWishlist/Model/SearchTest.php,507e3793508adc5a3c1a8589f56257cdea91be0b183db1fc00d0f6f6d3eda87b,3185
dev/tests/integration/testsuite/Magento/MultipleWishlist/Model/WishlistEditorTest.php,98acbb13615aa509b40375245f98e6a0ec67ca480097652eecc8834058397108,6273
dev/tests/integration/testsuite/Magento/MultipleWishlist/_files/customer.php,125f915ecda528387d6817e3b6984b051d930f0c5bd8993b01f01796482540de,1310
dev/tests/integration/testsuite/Magento/MultipleWishlist/_files/customer_rollback.php,60156ad080062459d0ed906ed77cc3c806fc12e12467773df741ec973aa9faf3,1409
dev/tests/integration/testsuite/Magento/MultipleWishlist/_files/products.php,c08fcc1149449fc85684c064385d6b6583315ba4796b650417c1986286709881,2221
dev/tests/integration/testsuite/Magento/MultipleWishlist/_files/products_rollback.php,23cb3476892941202e92402ee755f9030baa13a46b5d8bc9f25e265147ceeb23,1245
dev/tests/integration/testsuite/Magento/MultipleWishlist/_files/wishlists.php,518af2413f2f02ee32e959c2267357929187e7cc3a415fe37c003e2523509436,1858
dev/tests/integration/testsuite/Magento/MultipleWishlist/_files/wishlists_rollback.php,24645ad66fcf492e038e5cfeb191a5d2f4f3a2d9b7e4f8232e0f241c08530f51,1385
dev/tests/integration/testsuite/Magento/MultipleWishlist/_files/wishlists_with_two_items.php,1b33a7caf387e5e2d1ba4c6f93cc5c4a57c747c74178be7c6e42da63bf58816e,2297
dev/tests/integration/testsuite/Magento/MultipleWishlist/_files/wishlists_with_two_items_rollback.php,6c85e710ee976843f35945a8e402b17e00be0af7408c47ea77d291978b7c23d6,978
dev/tests/integration/testsuite/Magento/PersistentHistory/Model/CustomerEmulatorTest.php,d3397bd1e7b70911c47a386b3a6f9b97a76837bf27f15652443cb6986a8a3be1,5537
dev/tests/integration/testsuite/Magento/PricePermissions/Observer/AdminhtmlBlockHtmlTest.php,43fed5049ed725ff83b97536c4ced1beba8775437075a25752c1240ad2136e94,3375
dev/tests/integration/testsuite/Magento/PromotionPermissions/Observer/AdminhtmlBlockHtmlBeforeObserverTest.php,4e3d6f85becf21851aea0e35b586b2bfce99e9bc5d7fc78ae1c16043c263ef81,2853
dev/tests/integration/testsuite/Magento/Quote/Model/QuoteModelTest.php,86dc20be5dd2dd26d044ad20aadf93c82a6bb10d8d0b70f7da17a9198588b21a,4204
dev/tests/integration/testsuite/Magento/Quote/_files/add_giftcard_product.php,e4c7c92baed2f1b671907e9e576254a0a1d62e9eb7be1efd78c631e520fc593b,1965
dev/tests/integration/testsuite/Magento/Quote/_files/add_giftcard_product_wo_message.php,5697773a23291fcd170c1eebe5d3058b8cdb771ca0964782c0cda4dc04b16462,1925
dev/tests/integration/testsuite/Magento/Reminder/Block/Adminhtml/Reminder/Edit/Tab/GeneralTest.php,c9b5d74df2d901e24a9b18183f75b99cfe675969356d9bdc5820ff0d3e976471,2570
dev/tests/integration/testsuite/Magento/Reminder/Model/ResourceModel/Rule/CollectionTest.php,7f5f0f13063a5d665f28da53e95854949651c8bcf187b22907f7381502da3f50,1990
dev/tests/integration/testsuite/Magento/Reminder/Model/ResourceModel/Rule/TemplateTest.php,e27c1af8b8efd6410208e6b85a2cbaf9b8bbb4fa3a5f073c94aaa23d568979f7,3804
dev/tests/integration/testsuite/Magento/Reminder/Model/ResourceModel/RuleTest.php,283c4a50ade372784620d44fc6a564e7dcf6e061fc801fcad551ded07236ba78,4294
dev/tests/integration/testsuite/Magento/Reminder/Model/Rule/Condition/CartTest.php,ebded74b2660907ab2e67ef6516a62e18559da0e2650607365fab7c51f369fc7,3228
dev/tests/integration/testsuite/Magento/Reminder/Model/RuleTest.php,b5d07c81ae2e470262076c7436c691f5dda81eaa334a371132cb1bc15eb19a1d,2247
dev/tests/integration/testsuite/Magento/Reminder/_files/reminder_rule_based_on_cart_rule.php,1b972a8fa78716cd710f86b140765869e5502241613750db71d91767b6ec12a1,1973
dev/tests/integration/testsuite/Magento/Reminder/_files/reminder_rule_based_on_cart_rule_rollback.php,f43e9692809e916694a2ace25f50f3893144bb2be17acf75a2daf986b9b23422,985
dev/tests/integration/testsuite/Magento/Reminder/_files/rule.php,59c4ad2691d7585ad379a628559c36a3523ba2033bb90a17693859f89e280e8e,2306
dev/tests/integration/testsuite/Magento/Reminder/_files/rules.php,29e834d69800135c15c079dc0bc34fe483acc2f13d23d36182b413a9738d9557,2003
dev/tests/integration/testsuite/Magento/ResourceConnections/DB/Adapter/Pdo/MysqlProxyTest.php,3543da392cda67d660c23a0fbf438339280b20f46a302ec045b6e45fe760cf6f,4726
dev/tests/integration/testsuite/Magento/Reward/Block/Adminhtml/Customer/Edit/Tab/Reward/History/GridTest.php,fbe4a8e6c4395c2ed596ab472f9537c3f60adcc73896938a40be35056497e193,2551
dev/tests/integration/testsuite/Magento/Reward/Block/Adminhtml/Customer/Edit/Tab/Reward/Management/Balance/GridTest.php,9018a264e048f8cf6368a3daed8113e63e6fde8986f8ae5b739c641b980c83ed,2462
dev/tests/integration/testsuite/Magento/Reward/Block/Adminhtml/Customer/Edit/Tab/Reward/Management/BalanceTest.php,a0cc7663847536eba2441fd517e048e9cc7017fca7b65fed5487ffcdc0aa76d0,2103
dev/tests/integration/testsuite/Magento/Reward/Block/Adminhtml/Reward/Rate/Edit/FormTest.php,ebc9270fac72199716e2d18cec2ffafa5845180dfdeeebf848bb7627957cfa81,2729
dev/tests/integration/testsuite/Magento/Reward/Block/Customer/AccountLinkTest.php,568acee2236d294f2a516e881f0913c9e1368b7ed84310f515aa4e285cdecaf5,2611
dev/tests/integration/testsuite/Magento/Reward/Block/Customer/ExpiredRewardsTest.php,a7c3a7d735ab1ba6fe48f5273db846065e31e90f09a830e818aa890591036b12,3657
dev/tests/integration/testsuite/Magento/Reward/Block/Customer/Reward/HistoryTest.php,ccd69ec2fa9be984badf5c076f4ef9c2e0493792bb8ab7054e6e598926d6b61e,2928
dev/tests/integration/testsuite/Magento/Reward/Block/Customer/Reward/InfoTest.php,75c12a0cda78cf023364f81f1dc0a5f7837fdedd6c1b94141e05367b78b12a9a,4118
dev/tests/integration/testsuite/Magento/Reward/Block/Customer/Reward/SubscriptionTest.php,3708504189bd79f85bf1353dc4dcdb0a0c330d5f285e5a458a56842aee727898,3411
dev/tests/integration/testsuite/Magento/Reward/Block/Customer/RewardTest.php,ed304fc1d985eb15d342e212fe3da57561c7d8f9a42a6995b227cf5a2c486e41,1859
dev/tests/integration/testsuite/Magento/Reward/Block/TooltipTest.php,972f3aaa319f3528e93a16b03c4846ec9c80c8b16673c0d6ae0ba688ebcd2469,4245
dev/tests/integration/testsuite/Magento/Reward/Controller/Adminhtml/Customer/Reward/DeleteOrphanPointsTest.php,9e8bc5445dbcb04112bfc23c1e58676b7361936f36c06f2ab45e63fa16672ec0,2078
dev/tests/integration/testsuite/Magento/Reward/Controller/Adminhtml/Reward/Rate/ValidateTest.php,50cc5e89ea8e5bbed6378f736538ca8062608bd3aa71dce1404bc54edb94bcc9,7938
dev/tests/integration/testsuite/Magento/Reward/Controller/Cart/ChangeTest.php,64db800f7a44021e31fabbacc890605e33b1b9547fdde8af3ba958a8f922ed82,5285
dev/tests/integration/testsuite/Magento/Reward/Controller/Cart/RemoveTest.php,69b91c500649b79a02f14066b4ccb73547196ecf36189fa2e29eb759d2395ed9,5245
dev/tests/integration/testsuite/Magento/Reward/Helper/DataTest.php,384cc5b6bdbd376abb0b3d37f86a5f751f9d26d749fcaadd29c7eaf89d7a5c12,4208
dev/tests/integration/testsuite/Magento/Reward/InvitationTooltipTest.php,db2517ecb398baa825f6f1b78cc570bb96fcd0b4d58728c213c8ce37d8fe4af1,2021
dev/tests/integration/testsuite/Magento/Reward/Model/Action/OrderExtraTest.php,fcda35fb3ccd53ce26ebbdd47fcd56754aac9ccaa6b3e57b797709fe10deeb1e,6797
dev/tests/integration/testsuite/Magento/Reward/Model/AdminRewardDuplicateTest.php,300f32c1d2752b53e49db53faca55dca64accf78b34cfaec6a008f42bca95bf2,4211
dev/tests/integration/testsuite/Magento/Reward/Model/CollectorPositionsTest.php,685184442e2a5e4586b43d507e46e6428f66ce98060e4e4e9e774396d43bd866,1584
dev/tests/integration/testsuite/Magento/Reward/Model/Plugin/CustomerRegisterTest.php,30c18fed4598635790ff5eeaf9d74573a1b266b00c76f95ca3cafb4a2104a6e4,6179
dev/tests/integration/testsuite/Magento/Reward/Model/ResourceModel/Reward/History/CollectionTest.php,b1b0c1f85033294c9d969a277cede20a72437001e95dad29cd47ded5230b40ee,1558
dev/tests/integration/testsuite/Magento/Reward/Model/ResourceModel/Reward/HistoryExpirePointsTest.php,29cf2801b39e7a515fca6f663e32199ba541172493643e7e8d0ff7aa65b4659f,14367
dev/tests/integration/testsuite/Magento/Reward/Model/Reward/HistoryTest.php,985cf7875924a918114babf24c7c5f16b025261eb8fd85f96be0747f8d276b1e,1843
dev/tests/integration/testsuite/Magento/Reward/Model/RewardTest.php,e0ed9e1dac19fd71527116a8f85e69d868cf69683c75d8f0046690d01182219c,6466
dev/tests/integration/testsuite/Magento/Reward/Model/Sales/PlaceOrderTest.php,9fddd26800484c297a94e9a2d43536926b560817fbc3c3989b11373d70b3a0d6,4768
dev/tests/integration/testsuite/Magento/Reward/Model/Total/Creditmemo/RewardTest.php,dc7d2c486012f01b9d0bae06906242f5ee1149c35a965a87feb6e999734b3785,1775
dev/tests/integration/testsuite/Magento/Reward/Observer/CreditmemoRefundTest.php,5e1329656fabaa15337f48b62071b492d7aeb396ddff5343ae82477005ccce66,4816
dev/tests/integration/testsuite/Magento/Reward/Observer/CustomerSubscribedTest.php,8ad1f1974b03273edb0f9e89a4410ab001af4fa3117875f27d541cb018d91018,5242
dev/tests/integration/testsuite/Magento/Reward/Observer/InvitationToCustomerTest.php,3a3546a6d78b023df5370b1da2b8213e2f921509062bd3ab9869b47ccb12615a,3006
dev/tests/integration/testsuite/Magento/Reward/Observer/OrderCompletedTest.php,1038d04a3b3baeca05045aa810b8975c4198dee69e09d3843d6cbe47c3d1dedc,7728
dev/tests/integration/testsuite/Magento/Reward/Observer/SaveRewardPointsTest.php,d308668a2bd354cad5faf917fad920e213cc5d35240f7f0cce1151bfc2e7732a,5031
dev/tests/integration/testsuite/Magento/Reward/_files/create_orphanpoints.php,4bfe6e66117ca57011c45356471e2a36bbcf28369be53ca12e65aee2dd0a06aa,2112
dev/tests/integration/testsuite/Magento/Reward/_files/customer_quote_with_reward_points.php,4a9e167ad172f27484563f2cd9254513a1cc6e4eebd7686d29557e6764fc8a39,3491
dev/tests/integration/testsuite/Magento/Reward/_files/customer_quote_with_reward_points_rollback.php,f0f11ee5c9957835816494cf7803ed3b9843294effa1997344ca03ef65d9d674,1698
dev/tests/integration/testsuite/Magento/Reward/_files/customer_subscribed_for_update_notifications.php,8d66b6b4b361e4e6a5e2f26d1d2d0ec5b5d79d433c7767ce0dbbee419e71261f,1204
dev/tests/integration/testsuite/Magento/Reward/_files/customer_subscribed_for_update_notifications_rollback.php,c0bba66d63ec1af16726881a2d7560954bc194d8670b41c51c8282b4ddefd503,757
dev/tests/integration/testsuite/Magento/Reward/_files/customer_subscribed_for_warning_notifications.php,ea094b4cca6e99bae6612d962ca742fb9c4bdf0deee06b346486cb4ff798d407,1342
dev/tests/integration/testsuite/Magento/Reward/_files/customer_subscribed_for_warning_notifications_rollback.php,c0bba66d63ec1af16726881a2d7560954bc194d8670b41c51c8282b4ddefd503,757
dev/tests/integration/testsuite/Magento/Reward/_files/customer_with_five_reward_points.php,fc7244b82e5506b58ea43082bd1343d6b3a1baa780df3408b501147727ddc7db,1691
dev/tests/integration/testsuite/Magento/Reward/_files/customer_with_five_reward_points_rollback.php,c0bba66d63ec1af16726881a2d7560954bc194d8670b41c51c8282b4ddefd503,757
dev/tests/integration/testsuite/Magento/Reward/_files/history.php,0f38267d78109951ceecc0e90a8c5b228e25fdfeffee2b3cc14c515f6f16ad08,1266
dev/tests/integration/testsuite/Magento/Reward/_files/invoice_order_with_reward.php,baf0cbd44fad09af9431e938fd747d51e0e1ba4abecd533feee3b85a43abe1ee,1832
dev/tests/integration/testsuite/Magento/Reward/_files/invoice_order_with_reward_rollback.php,5e7d2d220df32eab8b99b2be88a4e537dfe9678b3715d9c954ffaab4d5a3b104,751
dev/tests/integration/testsuite/Magento/Reward/_files/magento_reward_customer_info.xml,d517c9d42ab02b3a02868ab7970b4cc262ecf5c7fa2150a4fe5c6ca1fec511ad,1382
dev/tests/integration/testsuite/Magento/Reward/_files/main_website_reward_exchange_rate.php,280d09afdfda8ddbc198e4a46088d878e83af604936c235a03e5dce4e2063242,969
dev/tests/integration/testsuite/Magento/Reward/_files/main_website_reward_exchange_rate_rollback.php,c4734589e84f6f8eae6b7db12a76eb0541da4c61ee44688b471f308d03c47da1,1138
dev/tests/integration/testsuite/Magento/Reward/_files/multiple_rates.php,85e8b4e044e12ead5d38df432cff6e1a10cb5c12a73a61bc4517f4bc84666bda,1380
dev/tests/integration/testsuite/Magento/Reward/_files/multiple_rates_rollback.php,a23e7d230cb5122d4bd08a1d248ef2884095ba267054e3df3ce599021b08d867,1531
dev/tests/integration/testsuite/Magento/Reward/_files/order_list_with_reward_info.php,32d3e7e9bd81a7561287d4d69a9672b2f8687957db3a3e62e73ee684e90db2c3,1545
dev/tests/integration/testsuite/Magento/Reward/_files/order_list_with_reward_info_rollback.php,8b7692904c7c14c94d1be0ea10eed4fb146e7d678e4a881b9fc27161f8708ae7,756
dev/tests/integration/testsuite/Magento/Reward/_files/order_with_reward_info.php,b83eccd01cd262ac3484df7400195f7e1325eb5dc54ec582f74223f11a91b534,1359
dev/tests/integration/testsuite/Magento/Reward/_files/order_with_reward_info_rollback.php,7db96f1dae3d5ada7e1f3072c4609da74ada105cfd724df94bc8c7b8d3662cab,751
dev/tests/integration/testsuite/Magento/Reward/_files/quote_with_reward_points.php,403b5c3a3f54616bc0aa6dfd9a67679f9229ed28de32276700abbcc5b6980595,2064
dev/tests/integration/testsuite/Magento/Reward/_files/rate.php,43d72d251233cc79fe72d208f78b6b13e65cec7d3a9f554cb430ad618e5ecca9,931
dev/tests/integration/testsuite/Magento/Reward/_files/rate_rollback.php,fc905fde45daad9bd83a2570d87b3e7e54be2609d1003e2bc33b049a790addd0,1200
dev/tests/integration/testsuite/Magento/Reward/_files/rate_to_points.php,88f14ae87340c7e9cdd17409b83bd76517aad681b15c3d0ab70076d06f2d4426,967
dev/tests/integration/testsuite/Magento/Reward/_files/rate_to_points_rollback.php,25edd13f4d05151d3bf9f2a563313a9912928a66b043e1a121ef612057112a14,1198
dev/tests/integration/testsuite/Magento/Reward/_files/reward.php,95870eba261c2dafde6efcce59f835f5149284d1aac230796dde19d42fef88cd,966
dev/tests/integration/testsuite/Magento/Reward/_files/reward_exchange_rates_one_to_one.php,65e00ba97a966a11ecada6bc9a4a26a61746dd61663d7b61de512fadfebfb7ed,1773
dev/tests/integration/testsuite/Magento/Reward/_files/reward_exchange_rates_one_to_one_rollback.php,83ff7672770b09351cb54cd058e53d2affbfd340625124f5dece17463ce999d2,1805
dev/tests/integration/testsuite/Magento/Reward/_files/reward_points.php,9bc67571b565296ba4cf6b65015516c6f5a63aedc2cf51251727d965d64e6ba2,1696
dev/tests/integration/testsuite/Magento/Reward/_files/reward_points_config.php,687c1f095b638fa16f6f882953032a2ebb7fa028b35f2bec47bd5ac218772378,1151
dev/tests/integration/testsuite/Magento/Reward/_files/reward_points_rollback.php,c0bba66d63ec1af16726881a2d7560954bc194d8670b41c51c8282b4ddefd503,757
dev/tests/integration/testsuite/Magento/Reward/_files/reward_rollback.php,c0bba66d63ec1af16726881a2d7560954bc194d8670b41c51c8282b4ddefd503,757
dev/tests/integration/testsuite/Magento/Rma/Api/CommentRepositoryInterfaceTest.php,5e5f3864a7bc52ce47b458e148bcac1a85ab30f3b88bf9fe212dd6c2558d6442,3124
dev/tests/integration/testsuite/Magento/Rma/Api/RmaRepositoryInterfaceTest.php,e54673954df2b663230f19707c44e9200ebe7805b154ce1727a1d2386e6579d7,5166
dev/tests/integration/testsuite/Magento/Rma/Block/Adminhtml/Edit/ItemsTest.php,6dabaacda471617c4f89687ea6e7fbfa715c902f13901c82b574164c0f6704ee,2109
dev/tests/integration/testsuite/Magento/Rma/Block/Adminhtml/Rma/NewRma/Tab/Items/Order/GridTest.php,e45196df2bd724072422fea7ded13cb85709b4ea3397e29f6dca40cd08520d64,2682
dev/tests/integration/testsuite/Magento/Rma/Controller/Adminhtml/Rma/CloseTest.php,99bed5e38b513b9f068c84f3bb4f56fd39f29d26af3d99742044e10ee736467e,2069
dev/tests/integration/testsuite/Magento/Rma/Controller/Adminhtml/Rma/Item/Attribute/SaveTest.php,99f006c166d3f7dea124981cab2a8fe3a50b18cd39cfe6b64f0eb7d7841df3db,3104
dev/tests/integration/testsuite/Magento/Rma/Controller/Adminhtml/Rma/Item/Attribute/ValidateTest.php,b12979133a89bcb7b56939cefd1a681b1a6a7e270cfeb7611d7daadcda3721ea,1889
dev/tests/integration/testsuite/Magento/Rma/Controller/Adminhtml/Rma/RmaCustomerTest.php,1ed38c47706925819311f7eed335bfedbd552e0e5948fa03d74774f954b7aea6,3001
dev/tests/integration/testsuite/Magento/Rma/Controller/Adminhtml/Rma/ShowShippingMethodsTest.php,fd38daf71e481c4604616eb313e7422b89c96244e928ea48d4c94837261e76cc,3197
dev/tests/integration/testsuite/Magento/Rma/Controller/GuestTest.php,ad81be7f24a946390150a60a547a41a3604532f057bf06e383457a259abb910c,2274
dev/tests/integration/testsuite/Magento/Rma/Controller/Returns/SubmitTest.php,4266e8a0568f0098a0031dbf47ce62b27108c996e07d6e4c8bdb8485d2087689,6671
dev/tests/integration/testsuite/Magento/Rma/Controller/ReturnsTest.php,14d8b286f9a3491e12b1e022c5b485501c507523c11fea2d6c5e75f845ea63da,2881
dev/tests/integration/testsuite/Magento/Rma/Controller/Tracking/PackageTest.php,e8291dc7a21bb1e0f7585f4da9709e70467f795df4496d765ba4054338c96c9b,2811
dev/tests/integration/testsuite/Magento/Rma/Fixtures/LabelResponse.json,e7686142188858944f6f93dac5e2eb767746a72877d61bc3661b3640ce28bc29,12098
dev/tests/integration/testsuite/Magento/Rma/Helper/DataTest.php,5c772cf3bc84e01cb02ef8e884fcda00b1d0fe810345781f22f55b2ff7ca69bd,2178
dev/tests/integration/testsuite/Magento/Rma/Model/CollectRatesTest.php,7a741bb543356ac88b0b3e88ab8ec8bf5cb08378534861b1976952b830c1fa9d,2443
dev/tests/integration/testsuite/Magento/Rma/Model/Item/AttributeTest.php,4f008734026686cce6cb72a12fb9e985df6a2e41629ff24bc6bda25e69d1eef8,3120
dev/tests/integration/testsuite/Magento/Rma/Model/Item/FormTest.php,c55063f27a4cd237edf25afbdbdf03b8018786f6b0df49fff70cbcf155404c81,1185
dev/tests/integration/testsuite/Magento/Rma/Model/ResourceModel/ItemTest.php,74f37a788f932d4f439fa4d4f1b1266708f6927dbb404866eb2c655518105d53,4992
dev/tests/integration/testsuite/Magento/Rma/Model/RmaRepositoryTest.php,1220c1e9e55dce704d7800976084e80ae9bd61912c40200e21f2b3b82698a758,3128
dev/tests/integration/testsuite/Magento/Rma/Model/RmaTest.php,c6c3d85a563ac4ac2ea25e6fc789e2e599fde96335643c224d70fc2133db075c,5274
dev/tests/integration/testsuite/Magento/Rma/Model/Shipping/LabelServiceTest.php,bb96f4645152931b412983779b5ebe85ffe0af732ef34923cd0f243394456a59,7768
dev/tests/integration/testsuite/Magento/Rma/Model/Status/History/RepositoryTest.php,342d5a60a24578878327b0dcfdca2ba0c90eda7b9c133f83bf98a25bdaa25feb,2938
dev/tests/integration/testsuite/Magento/Rma/Model/Status/HistoryTest.php,e0c91880a1e105518410196985cdc126ad6f59dc90b5c0951a71f6c711d27751,3209
dev/tests/integration/testsuite/Magento/Rma/Setup/Patch/Data/AssignRmaAttributesWithNoAssignedFormsToDefaultFormTest.php,0b023fee5746c1eb44d295c5bc771ac26be4bd5e72530f89b95e0560446ae496,2789
dev/tests/integration/testsuite/Magento/Rma/_files/adminhtml_rma_chooseorder.xml,1fc9bc10a5074bf596bd395af2216010077fa569459c91cb349a7a96c995c412,1154
dev/tests/integration/testsuite/Magento/Rma/_files/adminhtml_rma_edit.xml,0ea64477059a267d3098d667c57a296e7f0f91d6b42c607621d7a42ae20434e0,3839
dev/tests/integration/testsuite/Magento/Rma/_files/comments_for_search.php,00117363b0b2dc1c476d1c728f92f895e1f721cef0d5fe7daa3d5efd96e3ed96,2366
dev/tests/integration/testsuite/Magento/Rma/_files/order.php,33c2257183cce95bd0af4a190418565c70c7d57b17f96f4c853058b25e0f25fa,2359
dev/tests/integration/testsuite/Magento/Rma/_files/order_and_rma_item_attributes.php,ef827fd2a9436aa2c1d42d74ae8708b789c920319b4d765f3b634ac57dd218c1,4942
dev/tests/integration/testsuite/Magento/Rma/_files/order_and_rma_item_attributes_rollback.php,e142c56890997fd807e9d51e71cd223e9e48f05068ca706ba92c80b34ff0816f,1308
dev/tests/integration/testsuite/Magento/Rma/_files/order_configurable_product.php,a9ebf8a4b00e02dc616c330040731d8690f710672a28fbff8d227cca70e191d3,1531
dev/tests/integration/testsuite/Magento/Rma/_files/order_split.php,10ec48f36a6fcd22a1955ebcf70b5779fe41c2b84e54d983e348252df036ca09,2890
dev/tests/integration/testsuite/Magento/Rma/_files/order_split_rollback.php,4f939f190f672920ba5c2036a7fec4674c00887934b906b3fc82c536f9f69434,732
dev/tests/integration/testsuite/Magento/Rma/_files/order_to_rma_for_restricted_admin.php,5fecb6fe8cd4fb3eaa71a5a729affb5ae09c0c0285005f2a029670ccc9802e02,5681
dev/tests/integration/testsuite/Magento/Rma/_files/order_to_rma_for_restricted_admin_rollback.php,8ebae3f73ca6b99472d5aedff42a5279453733b19c334fc429fcf0b35a4686c5,2066
dev/tests/integration/testsuite/Magento/Rma/_files/rma.php,1dd62380dc54e0eb339e09294204b2ff8c7533183b0c306baf9cd4b6dab30368,3724
dev/tests/integration/testsuite/Magento/Rma/_files/rma_fixture_store.php,407b25bed0a6eafbbde15bd80292b6ca762449d5a6e791c8e45a16fd15261128,3063
dev/tests/integration/testsuite/Magento/Rma/_files/rma_fixture_store_rollback.php,7aed3ee1fd912f1e00899ee3c0705063a7881354ccf9825369ee8d63557054dd,1399
dev/tests/integration/testsuite/Magento/Rma/_files/rma_for_ship_label.php,87239d68c37e5996d369ddc0fea8f0ef100727537017745605aed7f2c5fa7b18,3051
dev/tests/integration/testsuite/Magento/Rma/_files/rma_for_ship_label_rollback.php,21a7365eb049c742006fe3b7e469ab29ab174071f0585c70945f006b065d25b0,1464
dev/tests/integration/testsuite/Magento/Rma/_files/rma_item_attribute.php,9958d1b14a91a5635cf005deae564faec5b9d4a528451d86f4957fc61a03096d,1316
dev/tests/integration/testsuite/Magento/Rma/_files/rma_item_attribute_rollback.php,1f149eb64de0d62af1f25879db09d631117d3d428bbb44d487cdf165b56af146,1570
dev/tests/integration/testsuite/Magento/Rma/_files/rma_list.php,2d10ad36ddf0e55288b520238647ebe79adadebe1026bf9e714a23ff652e6e95,1594
dev/tests/integration/testsuite/Magento/Rma/_files/rma_list_rollback.php,713a5d49786ef326de9eb8d03ce14228c6c616e64ea26a2a411c060d08daac71,1464
dev/tests/integration/testsuite/Magento/Rma/_files/rma_rollback.php,0d18ffd298f830c64d14e59f427bd5e0f56e4eb968c6c533706b753cedde1806,824
dev/tests/integration/testsuite/Magento/Rma/_files/rma_with_customer.php,9716198bc2ba0877397e2efedc9c702479bbab04361daa7e110cc57cfe3691e3,3142
dev/tests/integration/testsuite/Magento/Rma/_files/rma_with_customer_rollback.php,9fd7d730bbf9ac7469e3421e5ab1bb9b78b0dd9ed282b121b35f1ea31bee4c7d,848
dev/tests/integration/testsuite/Magento/Rma/_files/rma_with_package.php,d24cc32d19a75d1db566f357107ccd024dc703a25669e8700339a5e111a060fd,2630
dev/tests/integration/testsuite/Magento/Rma/_files/rma_with_package_rollback.php,be946af865a513e1e2d38ebc47dffb3dd39c4c28547eb7695fd613a3f98220db,748
dev/tests/integration/testsuite/Magento/Rma/_files/rmas_for_search.php,f3376a93b5d7b00acf08802f019465c25bee3ed6d8ebcc5e6be336897d66550a,2586
dev/tests/integration/testsuite/Magento/Rma/_files/rmas_history_status_for_search.php,3067b0e8472f9b5a79e743ec7447e01951d82fc0d9d8ba333ee986d96180e2d0,2350
dev/tests/integration/testsuite/Magento/SalesArchive/Block/Adminhtml/Sales/Order/AbstractItemsTest.php,197c626e6ca6f00dc666fa1f58fe93f6ab61d0758d587937903d26874d1254ed,2267
dev/tests/integration/testsuite/Magento/SalesArchive/Block/Adminhtml/Sales/Order/Creditmemo/View/ItemsTest.php,0c79b32634ce41a9c95b7581d554a8caf00890ce177ee6636ec9741b3b77a50a,1714
dev/tests/integration/testsuite/Magento/SalesArchive/Block/Adminhtml/Sales/Order/Invoice/View/ItemsTest.php,3637836d4ba5216c413ba88b2445f88ac88cb0fdd7c030b00d2e25f1b6858a8b,1695
dev/tests/integration/testsuite/Magento/SalesArchive/Block/Adminhtml/Sales/Order/View/ButtonsTest.php,fea08ba9bf6adbb45416ed757171224278b77396ac62c3f18989ec4504b98a2d,5325
dev/tests/integration/testsuite/Magento/SalesArchive/Controller/Adminhtml/Archive/AbstractMassActionTestCase.php,1cda62742dd51d6d2a2e6d60bdac9e170f6beb99559a0cb7cc09336c49234737,2140
dev/tests/integration/testsuite/Magento/SalesArchive/Controller/Adminhtml/Archive/AddTest.php,986c59f9a3a0cb18b8a9aa2846fb61507f3d0da50cbb2a7cd3eabf45be8cb55c,1003
dev/tests/integration/testsuite/Magento/SalesArchive/Controller/Adminhtml/Archive/CreditmemosTest.php,3c125becd96b5b922ad5c6959b931f7bac7ba30128132390a1e8f936cba6351a,921
dev/tests/integration/testsuite/Magento/SalesArchive/Controller/Adminhtml/Archive/ExportTest.php,79ffa7dbc649276a816d5db6b8047ec21da71bf6c2f7ff367c98f982d2b08ace,6641
dev/tests/integration/testsuite/Magento/SalesArchive/Controller/Adminhtml/Archive/InvoicesTest.php,56ffae635d33aceb1b7ba7e16f1e0fffce6b36775b1e41f7d4eba04f091b0924,912
dev/tests/integration/testsuite/Magento/SalesArchive/Controller/Adminhtml/Archive/MassAddTest.php,713e41d9de222a8d6eb2bb746769ad2c8e6a8c939a963d687b4fa672bc0f9235,4302
dev/tests/integration/testsuite/Magento/SalesArchive/Controller/Adminhtml/Archive/MassCancelTest.php,78091c471197b0ddbe0e6bd016169a7e42ea157b000a1813dfdaccf11683b87d,2476
dev/tests/integration/testsuite/Magento/SalesArchive/Controller/Adminhtml/Archive/MassHoldTest.php,94e5a656f4b24335aa95c2c981f2ea3298dd2a174400402a0861f3e22840787c,1641
dev/tests/integration/testsuite/Magento/SalesArchive/Controller/Adminhtml/Archive/MassRemoveTest.php,eee85169efeb4afaebb8d5c754b3bdcb1d677a4147ffe48066a49b38474b65a9,1593
dev/tests/integration/testsuite/Magento/SalesArchive/Controller/Adminhtml/Archive/MassUnholdTest.php,cc4314c0c284cec38465d00f1111faae438643f941f0ab85c561627e715bb756,1755
dev/tests/integration/testsuite/Magento/SalesArchive/Controller/Adminhtml/Archive/RemoveTest.php,a0c46a4eecc047825aa1ad2859f4a5f11dc8ae2a38f0f990398fc2447689dff0,906
dev/tests/integration/testsuite/Magento/SalesArchive/Controller/Adminhtml/Archive/ShipmentsTest.php,b85e17de5cce69ee148e8958ce30b49db3cd50df84e85b04cdd74c36d383c325,915
dev/tests/integration/testsuite/Magento/SalesArchive/Controller/Adminhtml/Order/Invoice/SaveTest.php,9cd59556263407944f2b145d708ef7096ab223c02835e222e65affeb4ab9239b,2481
dev/tests/integration/testsuite/Magento/SalesArchive/Controller/Adminhtml/Order/Shipment/SaveTest.php,e2f3ec7d82e6b581ddb2af65805a81261a4079e37d8a3bb164ee09ef1fed86e0,4597
dev/tests/integration/testsuite/Magento/SalesArchive/Model/Order/Archive/DataProviderTest.php,42f5d8813c97f399ecc05143dfe425647f0801879f20a041d517b003ee1fb61e,13949
dev/tests/integration/testsuite/Magento/SalesArchive/Model/QuoteManagementTest.php,abde4615e90198a09b9893058ac8d8ea6ca269d5e4aabcefa046b32d1904eabb,5340
dev/tests/integration/testsuite/Magento/SalesArchive/Model/ResourceModel/Order/CollectionTest.php,b3fd2d211163dc7540d203c677714038e5b4b4b925977ec3c2207e5c21cb5576,1028
dev/tests/integration/testsuite/Magento/SalesArchive/Model/ResourceModel/RemoveFromArchiveOrderDependentEntitiesTest.php,3326a8295420fdbe4e2b35295c118e8ede7e1df0e4de3ffc9ccb1d09e89fab9b,7931
dev/tests/integration/testsuite/Magento/SalesArchive/Plugin/ArchivedEntitiesProcessorPluginTest.php,77edd9927e5d7e7ba89bd220494e7b8e8babd02d1a495429ccabe4c034d8adfa,2504
dev/tests/integration/testsuite/Magento/SalesArchive/_files/archived_holded_order.php,49be7104ba90599f8c22f8471a6fb87cb3af158f104c721d0d73c7165b03bf1f,2297
dev/tests/integration/testsuite/Magento/SalesArchive/_files/archived_holded_order_rollback.php,cee476c4f6147b49427901444e908a0963504f7fd54da9304dd16be115646df9,762
dev/tests/integration/testsuite/Magento/SalesArchive/_files/archived_invoiced_order.php,457dc6bc57925257d12740c60323439ee4c80474292a4e05d1fbc8400aa94327,2369
dev/tests/integration/testsuite/Magento/SalesArchive/_files/archived_invoiced_order_rollback.php,187d83e08512b40325f63888e85b23367d3068921c333322291f027517782f4e,1614
dev/tests/integration/testsuite/Magento/SalesArchive/_files/archived_order_closed.php,7f9be5fc79eb4ef6ced3978e90a8f9a59d761d7dcbba0496b077b397ddc5d79f,1238
dev/tests/integration/testsuite/Magento/SalesArchive/_files/archived_order_closed_rollback.php,c12c344bb2755e2b778880541e29e4bd11e8a5b8688c04549b61f15251bfb4a1,1242
dev/tests/integration/testsuite/Magento/SalesArchive/_files/archived_order_on_second_website.php,05d8bd7b9f249e28da5f73927d0d30747d3f9ba430aa1ddfece3653de37f5bab,1253
dev/tests/integration/testsuite/Magento/SalesArchive/_files/archived_order_on_second_website_rollback.php,2c0f82c402bb1aa47a96e161e41308b84dd60d4cffbda9839f6e31e8edfdcd18,1272
dev/tests/integration/testsuite/Magento/SalesArchive/_files/archived_order_with_invoice_shipment_creditmemo.php,d9b416d12db9042c00866a3b2b23eff01bb90b4030b3008903bc18d7106e5a78,1269
dev/tests/integration/testsuite/Magento/SalesArchive/_files/archived_order_with_invoice_shipment_creditmemo_rollback.php,c5912f58f81c617cf87cfa77006f2bacc79d1b03d5556b0751a2602b2483376a,1268
dev/tests/integration/testsuite/Magento/SalesArchive/_files/archived_pending_order.php,59009796176a11183a64737e2cff1b5c1d87c0f347cbddfe20acd93cd54a2ff8,2289
dev/tests/integration/testsuite/Magento/SalesArchive/_files/archived_pending_order_rollback.php,944aa7b6e1022783ce24cf29d7cfb187cc035d5a42c0e1e2d4019bedef0df459,1613
dev/tests/integration/testsuite/Magento/SalesArchive/_files/orders_with_customer.php,a292156afc9089473ab0bbf55f282a932e53fc2d26fd467257334a27f1897b8a,3456
dev/tests/integration/testsuite/Magento/SalesArchive/_files/orders_with_customer_rollback.php,2736901731d5e5e0f1a50396fc476ad47047a107aa8260992fa5de536192dacb,1231
dev/tests/integration/testsuite/Magento/SalesRule/Model/UtilityRuleWithCustomerSegmentTest.php,93d5479ea2c87bc29edbf4ea70d9d4990b6a9ea8e0a7ba0d089bdbb8125ac3a1,5357
dev/tests/integration/testsuite/Magento/SalesRule/_files/cart_rule_20_percent_customer_segment.php,427f12d7cb16075d991ed74043f9ac0ac81b0d262b168ab3396ddb48f4df5c69,2483
dev/tests/integration/testsuite/Magento/SalesRule/_files/cart_rule_20_percent_customer_segment_rollback.php,cf5ab5c4ec37ef94885b3c2c3bbd44a77409a9ecaca2a1410b6633c86e2146b3,1314
dev/tests/integration/testsuite/Magento/SalesRule/_files/cart_rule_25_percent_customer_segment.php,94fba9c1d5e0897b3c77fbe1fd704d8a61aa7d80109a86aff07a56e14783087b,3872
dev/tests/integration/testsuite/Magento/SalesRule/_files/cart_rule_25_percent_customer_segment_rollback.php,8b28b8b9dec8538e243ad9358a14839f8bd0e9f9151fcc9b4d1f73db2da0c5a8,1694
dev/tests/integration/testsuite/Magento/SalesRule/_files/cart_rule_tablerate_free_shipping_by_category.php,3c2e1383b68253003fb8be5fd68cd2b6b4ec876f5ba032902a33d3186a77d04d,2801
dev/tests/integration/testsuite/Magento/SalesRule/_files/cart_rule_tablerate_free_shipping_by_category_rollback.php,f4202abfe40f720b7253337c698c4a9298ff8ae4efbd7bd35f671646a0703ac5,898
dev/tests/integration/testsuite/Magento/SalesRuleStaging/Model/StagingApplierTest.php,63c3678001fb867b0e7db2e56542529d22016e34864450a4f6106aed90193c85,1716
dev/tests/integration/testsuite/Magento/SalesRuleStaging/StagingUpdateSalesRuleGridTest.php,b0418876607118669a1e27fba06dea488cb2685f7f7e80006fcc0682e19bb3ad,1869
dev/tests/integration/testsuite/Magento/SalesRuleStaging/_files/update.php,918f26e051a23004ed01a96f941851a675d24170c17ed038614fde6f5b6a1a93,1931
dev/tests/integration/testsuite/Magento/SalesRuleStaging/_files/update_rollback.php,ae55df003cb3049c6094b12fa2cc6704c4616dbec3350aa28e18808aa8ebb872,1005
dev/tests/integration/testsuite/Magento/ScalableInventory/Model/ResourceModel/QtyCounterTest.php,8796f465b363a1fbf4d405f332618ca0a5d7a3754c6f757d606b7d4664f3fd30,10401
dev/tests/integration/testsuite/Magento/ScalableInventory/_files/enable_backorders.php,ec4cea29986425ccc828cf4c0c5a1a3c1f38d09ad610205c04a1f29c32c4bb36,1256
dev/tests/integration/testsuite/Magento/ScheduledImportExport/Controller/Adminhtml/Scheduled/OperationTest.php,cf3672676eb91adff9d245fda9bd4543ec9cc545e395f569075b921459dc01a0,6750
dev/tests/integration/testsuite/Magento/ScheduledImportExport/Cron/ScheduledLogCleanTest.php,53dec8d9bb749e7eceed28685797793c042a6e65bc4c77a44d27c20562c1db19,2808
dev/tests/integration/testsuite/Magento/ScheduledImportExport/Model/ImportTest.php,83b751457ad295fd1ca4f961120b12c2a177c842c9b7996d10e8c0aa780c710b,6492
dev/tests/integration/testsuite/Magento/ScheduledImportExport/Model/Scheduled/OperationTest.php,3814ad0cccc15c03328d510c6148eb81d7fa2ebe46596c7eb0a80031e009accf,6827
dev/tests/integration/testsuite/Magento/ScheduledImportExport/_files/customer_finance.php,0ef73ef77dc24685b473cfa78505570d9268a9b849c174bae1272550384fa59e,3899
dev/tests/integration/testsuite/Magento/ScheduledImportExport/_files/customer_finance_all_cases.php,eebb514dda0c0b30cfc51c5a1fc3da9fc69146c6b77dc36c54f582691d9a35fc,6262
dev/tests/integration/testsuite/Magento/ScheduledImportExport/_files/customers_for_finance_import_delete.php,7bf5329280fad667adafd3f64f18a1b38c429519d4af43e8b0686bd3b5a077db,9580
dev/tests/integration/testsuite/Magento/ScheduledImportExport/_files/operation.php,b1f0e973c60df357e843bef2ef27b4f0d2849c67a8c95f4fd74f440a5a37f57a,1501
dev/tests/integration/testsuite/Magento/ScheduledImportExport/_files/product.csv,d4f41c19aee1a49905b24ff70763f3f3bae99da1f185f0aeed547a51dd0ea2ff,1875
dev/tests/integration/testsuite/Magento/SearchStaging/Block/ViewTest.php,1108e745666f0d3c3755dee58a9658d058feb535c1030c2222da5cd3cc70e840,5220
dev/tests/integration/testsuite/Magento/Setup/Console/Command/_files/edition,828e733b00a09b99484b7c9347e56cc69d60348e2a752f8c3f9798fbbcccc556,3
dev/tests/integration/testsuite/Magento/Staging/Block/Adminhtml/Update/PreviewTest.php,76d3605475c4de9d4e6e918829c646b8153940e4824645dfefccebc51a51cfc2,1839
dev/tests/integration/testsuite/Magento/Staging/Model/Entity/PeriodSync/EntitySynchronizerTest.php,7e6da5933c58d589f80b9676367546f2ed6d734bc85bd9efa09b2389ebcc905e,11766
dev/tests/integration/testsuite/Magento/Staging/Model/Event/ManagerTest.php,cef225958c137dd17ef47c368d85bbe7f937bfede26c12e55cc0846f0c80ace8,5011
dev/tests/integration/testsuite/Magento/Staging/Model/Preview/RequestSignerTest.php,f697f671a707b74db001872c4893d612241241b525aeae59bb85e13259b831e5,7906
dev/tests/integration/testsuite/Magento/Staging/Model/ResourceModel/Db/CampaignValidatorTest.php,91fcc30513feb1ed28036804946190dd06c66d68231be175f9a80b1d6ee5abd5,3109
dev/tests/integration/testsuite/Magento/Staging/Model/ResourceModel/Db/ReadEntityVersionTest.php,ad2ed225781f88e942428c4a357988f1456382adbc668ac6e3714ca8a28cf8fd,3403
dev/tests/integration/testsuite/Magento/Staging/Model/ResourceModel/Db/UpdateTest.php,87169fbefb756686c1875d9d67fd15b56d0d9942faf445788062c0806ae287de,2685
dev/tests/integration/testsuite/Magento/Staging/Model/Update/CleanerTest.php,b0d06fcca598adcce2abc1d134393821e5b72d2604b6f612811dfbb318458197,3652
dev/tests/integration/testsuite/Magento/Staging/Model/Update/Grid/SearchResultTest.php,6c5487326f468a6c2e240e35e06442c4c58a5b3e251039f552ab3cf2f140061a,3504
dev/tests/integration/testsuite/Magento/Staging/Model/UpdateRepositoryTest.php,4a004ca039cbb9a3900fa13960600dd543d7e141a648518fa3391e6db9ac9832,8913
dev/tests/integration/testsuite/Magento/Staging/Plugin/StagingCspPluginTest.php,2121de10fb900bf4fa1336f097c2c553dddb31ffd6e7088833d35ccfb7ff5c5e,9272
dev/tests/integration/testsuite/Magento/Staging/View/Frontend/Templates/Js/RequireInjectorTest.php,cb60867cf5132bea9b8258492e969cc5bd98680a2b82ecebc285cb78ac30709c,2391
dev/tests/integration/testsuite/Magento/Staging/_files/cleaner.php,c62d6a04d3d651e9d7a79dc74e4b15826164e94235908ad5fed4209b8d9afc22,1607
dev/tests/integration/testsuite/Magento/Staging/_files/search_staging_update.php,5fe23d19ccaed995e271230f397c33d6a5912e4cd940d8e6baa1c8c57903f6ad,2181
dev/tests/integration/testsuite/Magento/Staging/_files/search_staging_update_rollback.php,0f8ff83cfdb5a186ff5d27c856a50c09f8dd9b9e7f8da20d5f6a7ebb519b0781,1100
dev/tests/integration/testsuite/Magento/Staging/_files/staging_catalog_product_entity.php,43ac1c71016aec1cac2e30f195f5261931489f34b0516cb32ce4f49be4ce2529,2028
dev/tests/integration/testsuite/Magento/Staging/_files/staging_catalog_product_entity_rollback.php,b763aebe9be404e3cdf765f07d6c3936242a687789b8c5ea45c7fa3797f56da3,1242
dev/tests/integration/testsuite/Magento/Staging/_files/staging_entity.php,5815ce27a879740e4687f6e02092743ee1e82b0eaa9562079ac1139f7b424cf6,2748
dev/tests/integration/testsuite/Magento/Staging/_files/staging_entity_rollback.php,2fa72419b543b94804ed182e22e08de4ec85af50b3bd4f07c5562c2e8ebf2506,1286
dev/tests/integration/testsuite/Magento/Staging/_files/staging_entity_two_campaigns.php,a8187642b5cb1ab4d407f05b35149352b65483877eac9453adabdcf9caac9a69,3104
dev/tests/integration/testsuite/Magento/Staging/_files/staging_entity_two_campaigns_rollback.php,a0ecee4090dd4606a2b1c8d1ec28e0e9a848e7b1512c8e6209b5066700db9bf1,1286
dev/tests/integration/testsuite/Magento/Staging/_files/staging_entity_with_updates.php,9c2eb5fd926d9993f32daf37cd0dc99c2c96dc03581b71536eb2453d5f700dae,2898
dev/tests/integration/testsuite/Magento/Staging/_files/staging_temporary_update.php,45c6de710245016863e6fcea3cc1c0c676c62f0304aaa9f35c425dd63da77e56,1485
dev/tests/integration/testsuite/Magento/Staging/_files/staging_temporary_update_rollback.php,086f672ad6bdb2a54c4438b4d5aa20d51bc6676273b48f546ab5e63bc6134680,762
dev/tests/integration/testsuite/Magento/Staging/_files/staging_update.php,9b76966d1190ae34319878dc525fd4012fb689f5890082b614d102c00a84a2ab,2871
dev/tests/integration/testsuite/Magento/Staging/_files/staging_update_moved.php,2914cb6aacfd05228273c42fd24bdf2847e46f61741b9563e071d9c97ea858b2,1555
dev/tests/integration/testsuite/Magento/Staging/_files/staging_update_moved_rollback.php,b6343d4a2ee9a6cb5c01b870d37c0be20c99ab6145835e463f41f34901be7d83,736
dev/tests/integration/testsuite/Magento/Staging/_files/staging_update_rollback.php,54dde4a00b5a1465123d230a5c7a3fbecebc02a91d0594020273992e90477811,1108
dev/tests/integration/testsuite/Magento/Staging/_files/staging_update_tomorrow.php,1d3baf8247383df6c3fc16ce7a54c7045e2495cdf9891370483b9a51d089c5c3,1190
dev/tests/integration/testsuite/Magento/Staging/_files/staging_update_tomorrow_rollback.php,16df9bd6b58834c54c2df2b6b0b0be79692468d77376ddf32dd841c4d3e8698a,736
dev/tests/integration/testsuite/Magento/Staging/_files/staging_update_two_campaigns.php,f71d5d621a7670ed7971361dc13fd1b962811adb61a8c356af55c3f96e20b052,2302
dev/tests/integration/testsuite/Magento/Staging/_files/staging_update_two_campaigns_rollback.php,83b33c490c9cc7d1863e98bf643a3058f84f374b8c40b04890e040920d175537,1108
dev/tests/integration/testsuite/Magento/Support/Helper/ShellTest.php,ab4ddb76e203f4f138028bb23ccd488149d85807156f59799ce69327d8959a46,4112
dev/tests/integration/testsuite/Magento/Support/Model/Report/ConfigTest.php,6537651da2132e534d799c9b5a264b693820ca673d2f01388d937abd55720a64,3463
dev/tests/integration/testsuite/Magento/Support/Model/Report/Group/Cron/CronJobsTest.php,73f609760134dd52f68e3814f26964a98c61bd9bfb6fe61c55b695656c656c5a,1844
dev/tests/integration/testsuite/Magento/Support/Model/Report/Group/Data/CorruptedCategoriesDataSectionTest.php,1f601a1c798dfd35f1df7e8b270962904472efc29dbad81465aa01b541e8310c,4749
dev/tests/integration/testsuite/Magento/Support/Model/Report/Group/Data/DuplicateCategoriesByUrlSectionTest.php,d3cb0a9589f4abd0b0e9b8c8b821c4b93a0030cd777b09e7ac749d5b6a74155e,3536
dev/tests/integration/testsuite/Magento/Support/Model/Report/Group/Data/DuplicateProductsBySkuSectionTest.php,02a29456f0f09bbd3431fa5ed1a709b77aefacb5d0163144e7350d4009ef9708,2660
dev/tests/integration/testsuite/Magento/Support/Model/Report/Group/Data/DuplicateProductsByUrlSectionTest.php,971af72c9588243f9e1d3b4acdb4dda0dac7e507b36d5090dd65285d09543557,3889
dev/tests/integration/testsuite/Magento/Support/Model/ReportTest.php,4ed3175f0891483379cce885fda49fc3304160a68dce35b3b8b70cc91025da55,1882
dev/tests/integration/testsuite/Magento/Swat/Controller/Adminhtml/Dashboard/LaunchTest.php,7c8d45448a4ceced2195ab1c7b2b1bcad4cfac1f9d6096c379749a1e60a87ff8,4349
dev/tests/integration/testsuite/Magento/Swat/Controller/Key/IndexTest.php,d44f8b18d72393b804e6e5323f7d211f426a886faf8cec1d5dd4967d1daa0b64,3207
dev/tests/integration/testsuite/Magento/Swat/Controller/Name/IndexTest.php,2589ce770c9696efa4bc500dd23e1198909657a2040b9eaa441edac8cdb4f3ca,3279
dev/tests/integration/testsuite/Magento/Swat/_files/create_jwts.php,96c111f8aae903ad04017fb13f1c05eeaee650bca4c9c7178972ea145719f6f4,3077
dev/tests/integration/testsuite/Magento/TargetRule/Block/Adminhtml/Targetrule/Edit/Tab/MainTest.php,00383b69f132ac3042de37158a46401e4ba3d86bfa251635f0bbfaedb7cc7ca0,4881
dev/tests/integration/testsuite/Magento/TargetRule/Block/Catalog/Product/ProductList/RelatedTest.php,8e21553bf2bfd85e578bec6ec6e18653024aa554b6c088306f09302f57de30b3,1990
dev/tests/integration/testsuite/Magento/TargetRule/Controller/Catalog/ProductTest.php,6d50b9518429379b985ac0d6ee2ba84c2e8b95b2184a63b8bc58e135e76d1313,12115
dev/tests/integration/testsuite/Magento/TargetRule/Model/IndexTest.php,99ccc47948e078703475c3088480ab9d155609442538f4033dfe9893a079ad14,17528
dev/tests/integration/testsuite/Magento/TargetRule/Model/Indexer/TargetRule/AbstractActionTest.php,542154cee6d8c4dd89e3cf13e6fbec3f6fa20f2e61b7a0eda238408dfb6bec8c,2397
dev/tests/integration/testsuite/Magento/TargetRule/Model/Indexer/TargetRule/Action/FullTest.php,a140c7570767920f9320de69e9e3a4a1f1e9c16874bd0294a77e42e49ee614e0,1858
dev/tests/integration/testsuite/Magento/TargetRule/Model/Indexer/TargetRule/Product/Rule/Action/RowTest.php,9197d7acf917ffd447bf4668a4d62e30e89ae6080515e3e24719ef08f4a43658,2875
dev/tests/integration/testsuite/Magento/TargetRule/Model/Indexer/TargetRule/Product/Rule/Action/RowsTest.php,6b6a3f5abee736e97daa3a663fe0db0cbf4f509ce2b9ea23a661b3060f1db4d2,7846
dev/tests/integration/testsuite/Magento/TargetRule/Model/Indexer/TargetRule/Rule/Product/Action/RowTest.php,64ec96f3aa96599e5cf6b115a45d493b51916013cd390e1f0b975dc91d246d4f,5364
dev/tests/integration/testsuite/Magento/TargetRule/Model/Indexer/TargetRule/Rule/Product/Action/RowsTest.php,55b7003c3874db16d883aec0bb454c9d96a663699dbdc879c62982967cdb967d,3508
dev/tests/integration/testsuite/Magento/TargetRule/Model/ResourceModel/IndexTest.php,6e3ec18b915db683b8f290e4255dab44efe4a015d534330026cc2bd4165fd620,2391
dev/tests/integration/testsuite/Magento/TargetRule/Model/ResourceModel/Rule/CollectionTest.php,fe564523a6bc31cad9ec6b112bfd27f3d1d4cb4c0bf1e53f370cdc36698cbc49,1801
dev/tests/integration/testsuite/Magento/TargetRule/Model/RuleTest.php,6ff54e7c18afc6bcddc33a53fbf34fc89fa6d13c9b11b53a87d732b4805899d4,9489
dev/tests/integration/testsuite/Magento/TargetRule/_files/products.php,109dbe48eeb8c977215ae0b1bf4628054c2d44abd61f05c0b997e65eabcbdf61,3690
dev/tests/integration/testsuite/Magento/TargetRule/_files/products_rollback.php,c60849fd45420aea9cba758294f136f4ada56d01c569e1d6a82f80721920b275,1584
dev/tests/integration/testsuite/Magento/TargetRule/_files/products_with_attributes.php,b3a7f2667e64d7d07e83eead620a560710813022762433484f0bf98b4fc4832b,5528
dev/tests/integration/testsuite/Magento/TargetRule/_files/products_with_attributes_rollback.php,3fc734904d86b1de2af07a322f0e36a14ee65a788a090d5fffe1a35bad60f48e,3192
dev/tests/integration/testsuite/Magento/TargetRule/_files/related.php,8e7c173e591ca507980ea2f8aeefccbc9aa5cf0433ad602f668dc1cbe75418e9,1031
dev/tests/integration/testsuite/Magento/TargetRule/_files/related_conditions_attribute.php,59432f19e783a4a55d6b3d1309f29b94722c75b02a3c675c97e43cdaf7e742e6,1835
dev/tests/integration/testsuite/Magento/TargetRule/_files/related_conditions_attribute_rollback.php,6047b3670561a4ed131c412af45c9793f266ebbcb35c8c9c25751cc1eb9fc3db,1901
dev/tests/integration/testsuite/Magento/TargetRule/_files/upsell.php,6ab7d4e2cd6345a8e1392bb62b267c2b47c9d75000dc067af7d067646c7f5197,1067
dev/tests/integration/testsuite/Magento/TargetRule/_files/upsell_rule_with_customer_segment.php,0ceb177dba5a76cf0ffd0637edc619fad7d37b8f376712486f09a63232d82be1,1416
dev/tests/integration/testsuite/Magento/Test/Integrity/Magento/AdminGws/ConfigFilesTest.php,d141122a60453199c0c84e5f585ada68a63b8aff35f84d6de6aea9a08dd32688,4468
dev/tests/integration/testsuite/Magento/Test/Integrity/Magento/GiftRegistry/ConfigFileTest.php,8f0a54bc6e15ccbd558f6e2ab9c7522ca7c07f24e4882a0b6e6fd8936cd2ebf4,2466
dev/tests/integration/testsuite/Magento/Test/Integrity/Magento/Logging/ConfigFilesTest.php,065b7e13a79c0c2e09d6718ae7f1d78076eda18d5c63c7b8afdbade103ce1567,1638
dev/tests/integration/testsuite/Magento/Test/Integrity/Magento/VersionsCms/ConfigFilesTest.php,4061430da8f160e5b6bcd2f7086a064b6570eb58a90629ed0d180675b2bdc6ce,2255
dev/tests/integration/testsuite/Magento/Test/Integrity/Magento/WebsiteRestriction/ConfigFilesTest.php,670dc2007939f19548aceff7ea76f797b72efd187b9c6fb063d9bacd126281b5,2357
dev/tests/integration/testsuite/Magento/VersionsCms/Block/Adminhtml/Cms/Hierarchy/Edit/FormTest.php,666114ab283b638754b985e0136fed6906808a3187c74034ab5c17f755918b12,5363
dev/tests/integration/testsuite/Magento/VersionsCms/Block/Adminhtml/Cms/Hierarchy/Widget/RadioTest.php,72308a489e6f97a2e17f4875de499f1b7ca757bf53782b5b21389bdfdf437fa7,3267
dev/tests/integration/testsuite/Magento/VersionsCms/Block/Hierarchy/TopMenuWithHierarchyNodesTest.php,cc696b625b8358807eba2e798d07c682eb3aafe6db6e783f9c402b368ae66ba9,2137
dev/tests/integration/testsuite/Magento/VersionsCms/Block/Widget/Node/NodeOnSimpleProductPageTest.php,bf17b926d0192c62d469b30abef521af0ec7f0f1cdff5aa32f53ebecc8b627c5,5769
dev/tests/integration/testsuite/Magento/VersionsCms/Controller/Adminhtml/Cms/Hierarchy/SaveTest.php,10118782f44340c099677f63f3ddde405fde8298f56595c90ebaf34a11777c02,6376
dev/tests/integration/testsuite/Magento/VersionsCms/Controller/Adminhtml/Widget/Instance/SaveWidgetWithHierarchyNodeTest.php,5535a46c8f8451df9c1b9e13f1d3750b3ef4caec672b1d4ddb916f8db51af1df,4778
dev/tests/integration/testsuite/Magento/VersionsCms/Controller/Page/ViewHierarchyNodesTest.php,d816c6614ec48bce8ea9d0e2401261f466fc779c053cc13103766cb2c11587fa,2176
dev/tests/integration/testsuite/Magento/VersionsCms/Model/Hierarchy/NodeRepositoryTest.php,083c26bd83f5c22512a85557aa207dc98d52179fab3da8f0ea3c18a03e5b4833,5522
dev/tests/integration/testsuite/Magento/VersionsCms/Model/Hierarchy/NodeTest.php,1589b3d2ae6cf936eb9bc793595d11d4f733cbfdd4d5d3aaba24443978c179ee,9795
dev/tests/integration/testsuite/Magento/VersionsCms/Observer/Backend/CmsPageSaveAfterObserverTest.php,cbb6ccca064c1bcabf6952d3a03513b7aea730cf63ca2670b3baf83c6ad302a2,8301
dev/tests/integration/testsuite/Magento/VersionsCms/_files/hierarchy_menu_nodes.php,d2f1e057d1b4341b49ffb07a493c5cbe1db0286263d9ae1a798e304221ff0350,3102
dev/tests/integration/testsuite/Magento/VersionsCms/_files/hierarchy_menu_nodes_rollback.php,ec53a1cfcf8ea45ef73c0ccb7aa58bfb456b4f01f432f29a96e3e2b8f4d7eef3,1585
dev/tests/integration/testsuite/Magento/VersionsCms/_files/hierarchy_node_with_default_store.php,285b72b1b4ce2346d6fb9a8da8049b39befb8acb7a13d6c64e9de7821c75c003,1276
dev/tests/integration/testsuite/Magento/VersionsCms/_files/hierarchy_node_with_default_store_rollback.php,53286e4634daa0c7007157591327aefe22714df1b338014da626fbf621feb428,1460
dev/tests/integration/testsuite/Magento/VersionsCms/_files/hierarchy_nodes.php,80b9262115c47ecff24205532c8619471fd19712664a453f6aa618ea8a5162a0,2663
dev/tests/integration/testsuite/Magento/VersionsCms/_files/hierarchy_nodes_with_pages_on_different_scopes.php,d38779d68e34662e08270b9de47cabad786769ce99768f193af047d6c62f2d15,2651
dev/tests/integration/testsuite/Magento/VersionsCms/_files/hierarchy_nodes_with_pages_on_different_scopes_rollback.php,11663b1a5995f5e5cd6857f2f073997f3c780c153f2de1f18054fb23fe918408,1795
dev/tests/integration/testsuite/Magento/VersionsCms/_files/hierarchy_nodes_with_pages_on_different_websites_and_stores.php,15a02a8bbf19577aa8ca382426f120f9a4b3f9efda3b6c529666980354addc30,2079
dev/tests/integration/testsuite/Magento/VersionsCms/_files/hierarchy_nodes_with_pages_on_different_websites_and_stores_rollback.php,a84bf1c4604b756c24246aeed8250db2b68195b18f4c5ef9711480ac56d569c6,1540
dev/tests/integration/testsuite/Magento/VersionsCms/_files/hierarcy_nodes_with_pages_on_default_store.php,db549b11c7af07f3f106a2db32062a60cc689840af7b14babeb1e43a5f410ab5,2544
dev/tests/integration/testsuite/Magento/VersionsCms/_files/hierarcy_nodes_with_pages_on_default_store_rollback.php,c1015b546ba3c8ef98f38350b7b468fac7962d8365dfe3de704828d2f4af30cb,1301
dev/tests/integration/testsuite/Magento/VersionsCms/_files/hierarcy_nodes_with_pages_on_different_websites.php,063c2d578f8124b7a67f520f4e5a94fc3c85437d4fba108d8e5e5596104cdf2d,3050
dev/tests/integration/testsuite/Magento/VersionsCms/_files/hierarcy_nodes_with_pages_on_different_websites_rollback.php,63b710af5d42712ecc8b064d82bc5c646532e301b6517af265bc9f97ef29a83b,1540
dev/tests/integration/testsuite/Magento/VersionsCms/_files/widget_with_hierarchy_node.php,81b8f077b44d3c22d954902512ebceda6266a115e8e38e7b0a3f388832c2368a,3208
dev/tests/integration/testsuite/Magento/VersionsCms/_files/widget_with_hierarchy_node_rollback.php,719cb68ef399d4a4534c5eed0f1578bc8ec8d8d9a8795fbe4e0d068878d9c279,1438
dev/tests/integration/testsuite/Magento/VersionsCms/_files/widget_with_store_specific_hierarchy_node.php,a7bdd6986539889b1cb8658c0a0c26d97ebf8316b8992e269d602ed0dff31164,3490
dev/tests/integration/testsuite/Magento/VersionsCms/_files/widget_with_store_specific_hierarchy_node_rollback.php,747c904b56a730b062e0c93ddb6397e73f97478e2618fb317d29d438e2592aa8,1456
dev/tests/integration/testsuite/Magento/VersionsCmsPageCache/Controller/Adminhtml/Cms/Hierarchy/SaveTest.php,29d978e485668caeb9f1bd254ab0336487afbf153a75a94349359280794757bf,3090
dev/tests/integration/testsuite/Magento/VersionsCmsUrlRewrite/Model/StoreSwitcherTest.php,aca8784b948a01db1584650c5912d1ad5f061cfa87683928aaac2345314b7536,5756
dev/tests/integration/testsuite/Magento/VersionsCmsUrlRewrite/_files/hierarchy_nodes_with_pages_on_default_store_view_only.php,25976dcd5f4a53978ac199036c66b88df0869197f570136349daceddb2f0ac9f,2807
dev/tests/integration/testsuite/Magento/VersionsCmsUrlRewrite/_files/hierarchy_nodes_with_pages_on_default_store_view_only_rollback.php,97837e6547ede167e0f11b0733269cb2a1c20ed8634d6290cc09b2db0865ee87,1405
dev/tests/integration/testsuite/Magento/VersionsCmsUrlRewrite/_files/hierarchy_nodes_with_pages_on_two_store_views.php,9907c89d14091c3caad26bb01f663d454a551dacab6eaf823777384e3996af23,4451
dev/tests/integration/testsuite/Magento/VersionsCmsUrlRewrite/_files/hierarchy_nodes_with_pages_on_two_store_views_rollback.php,97837e6547ede167e0f11b0733269cb2a1c20ed8634d6290cc09b2db0865ee87,1405
dev/tests/integration/testsuite/Magento/VersionsCmsUrlRewriteGraphQl/_files/hierarchy_nodes_cms_page.php,80a973b4dc73a9fa09c632a164c87b64cbfe90ec95a369d9ecc65aa63209e44a,2707
dev/tests/integration/testsuite/Magento/VersionsCmsUrlRewriteGraphQl/_files/hierarchy_nodes_cms_page_rollback.php,3be7e47b7c8e57b9e9e9dcde8736d8e2138d47805909491ebf03ba7ecd6a00eb,1643
dev/tests/integration/testsuite/Magento/VisualMerchandiser/Block/Adminhtml/Category/Merchandiser/GridTest.php,84e2c464fa3c5a0a902ed9ac4bf6c4e3598476e4606dbeeb805cf63e764c7b62,6306
dev/tests/integration/testsuite/Magento/VisualMerchandiser/Block/Adminhtml/Category/Merchandiser/TileTest.php,41d34a2505e88d1d1b1106c078e06a57dbd88374495c950c49f827928d1b7e00,7698
dev/tests/integration/testsuite/Magento/VisualMerchandiser/Block/Adminhtml/Category/Merchandiser/_files/products_with_websites_and_stores.php,129f858105be17cabfa217f005dfb4516956d2ff6bc237463ab9c6e7fafb34ca,4607
dev/tests/integration/testsuite/Magento/VisualMerchandiser/Block/Adminhtml/Category/Merchandiser/_files/products_with_websites_and_stores_rollback.php,de9b1e0e8032ba0f9a5e305496cd3b66b54bd6f43b23ab44929a73effd970d5e,1563
dev/tests/integration/testsuite/Magento/VisualMerchandiser/Controller/Adminhtml/Category/AbstractGridTest.php,36a125fc293e0ad20536481f61be09ab708b59303c9a7d1b3fc9ebe82d8c43cb,2824
dev/tests/integration/testsuite/Magento/VisualMerchandiser/Controller/Adminhtml/Position/GetTest.php,959629f7d83a8f032bb2f273c9d1f421145c1a7bee460e9b403b372473c682c5,1472
dev/tests/integration/testsuite/Magento/VisualMerchandiser/Model/Category/Position/TemporaryTableFactoryTest.php,204a830aab3e989307400ffff42fd7afb373df3e8c42c983eb57407b78a539e0,1896
dev/tests/integration/testsuite/Magento/VisualMerchandiser/Model/Category/ProductsTest.php,113924e2e63b8846be7407d7b40e52e107e0b5e687ade10675bb3468d2a258eb,4594
dev/tests/integration/testsuite/Magento/VisualMerchandiser/Model/Position/CacheTest.php,682b3625b59e9b9971c00104140c502fc8e39d7f3718e7e1ab8e7b2a8db0a134,2148
dev/tests/integration/testsuite/Magento/VisualMerchandiser/Model/Product/DataProviderTest.php,4814176ff8492bfdb8ab78ed283a5dc9beaef7d8966853996cb8ddeffe78602c,2383
dev/tests/integration/testsuite/Magento/VisualMerchandiser/Model/Rules/Rule/QuantityAndStockStatusTest.php,6d68464c58166aee72553fe45cfda7db72da4b035a8d17446e5f58fa2c05530a,1806
dev/tests/integration/testsuite/Magento/VisualMerchandiser/Model/RulesTest.php,03dff2991c8a683f29774f896c620908065692a6cac30906344e2a4a0d87d1c9,6491
dev/tests/integration/testsuite/Magento/VisualMerchandiser/Model/Sorting/SpecialPriceBottomTest.php,cb186f7fca891cae7b1492a33edbb9cb3bf7939c50d2d2a3453dfca1671a5d61,1673
dev/tests/integration/testsuite/Magento/VisualMerchandiser/Model/Sorting/SpecialPriceTopTest.php,f66e4f8631d4824c180667f4618b9e012e30f849a13620a50343349e20e42a30,1664
dev/tests/integration/testsuite/Magento/VisualMerchandiser/Plugin/Catalog/Model/ResourceModel/Product/RankCategoryProductPositionsTest.php,0c6ff7a0e3b916ed1105dbffb493165c06e268ca02a4fc51bd96590fc614f7eb,4847
dev/tests/integration/testsuite/Magento/Webapi/Controller/SoapEnterpriseTest.php,1e148ea1919636fb5ee1543e0231f75cf9615b7f5f1a91d9824ecb81074dbec0,1089
dev/tests/integration/testsuite/Magento/WebsiteRestriction/Controller/AllowedActionTest.php,76f991401d16ac8debbea85540ab42f9389c10e0ff0b25698f887a895baf02cf,6240
dev/tests/integration/testsuite/Magento/WebsiteRestriction/Controller/IndexTest.php,23dd0016ce60dc1090e5f272999e0f1aadbdc1c848b8ef07daa7dfb095f5cc81,3055
dev/tests/integration/testsuite/Magento/WebsiteRestriction/Plugin/Model/AccountManagementTest.php,d39db50ee0f853bc5805504831deb3912b1dc819fddd00f2a0b2f98ea4ba1930,3585
dev/tests/integration/testsuite/Magento/WebsiteRestriction/_files/config_enable_restriction.php,8c0281672d8497bd923a7e9979f8a509a8bc32898568a8a3daeb1d42563e5aad,1286
dev/tests/integration/testsuite/Magento/WebsiteRestriction/_files/config_enable_restriction_rollback.php,3a3b913f55d2a504ff5b357b31526aac13c0135e53d6a80b451492baacd07b6d,1251
dev/tests/integration/testsuite/Magento/Widget/Model/Widget/ConfigEETest.php,a57df3106a63dc70ada62647f29de5a640c6e90bf6f28ea391f3555a05a6fa6b,2651
dev/tests/js/jasmine/tests/app/code/Magento/AdvancedCheckout/adminhtml/addbysku.test.js,e6025c359d380e2cccee15c95db399c2a51be4fd7f8f934b31b65c52ad8cd365,4266
dev/tests/js/jasmine/tests/app/code/Magento/CheckoutStaging/frontend/js/model/resource-url-manager-mixin.test.js,1ec9f2990ae0e4187283300ace7b21e20c1224eb64f6e7be1fa1c594836b7227,4018
dev/tests/js/jasmine/tests/app/code/Magento/CustomerBalance/adminhtml/js/payment.test.js,8bfbc239f5503c25813ace37dcb74c8e2ef97b6bda6b2a6ac370f9dc89911aca,2334
dev/tests/js/jasmine/tests/app/code/Magento/CustomerSegment/adminhtml/js/conditions.test.js,16af2a8ad17bbca17fa874c6c88dc5be7a5a2e6d4b40e22bea5196db7d26058c,1326
dev/tests/js/jasmine/tests/app/code/Magento/GiftCardAccount/frontend/js/action/remove-gift-card-from-totals.test.js,c14f87aafabb7ad6887b67970e1303f0ba8b1fe9fab514d0beb003ae467de2d7,2096
dev/tests/js/jasmine/tests/app/code/Magento/GoogleTagManager/frontend/js/actions/checkout.test.js,4bcea44dceb24dd28e2f0cfd1d05d4ccf62c66b9aafaaacdaadf0990b705808c,2394
dev/tests/js/jasmine/tests/app/code/Magento/GoogleTagManager/frontend/js/google-analytics-universal.test.js,9fcee4211df33ddcc1bf021c9faed48f9a6c81a1081a256451c010a36273b20d,2618
dev/tests/js/jasmine/tests/app/code/Magento/GoogleTagManager/frontend/js/google-tag-manager-cart.test.js,1859b86c1ee8920268a17d800452e7ffd5571d841d12ddd84f6e2efd934ae48f,5820
dev/tests/js/jasmine/tests/app/code/Magento/GoogleTagManager/frontend/js/google-tag-manager-product-click.test.js,2dbbe6f886a1ebe120b493992437e0d0612c23a11296b7f511ebe10d9be4e4e9,4341
dev/tests/js/jasmine/tests/app/code/Magento/MultipleWishlist/view/frontend/js/search/view/multiple-wishlist.test.js,de045113d8bfd5843ba0ef7c60b52709bca57b9da5c8314a8b14b0daadad526e,2186
dev/tests/js/jasmine/tests/app/code/Magento/Reward/frontend/js/action/remove-points-from-cart.test.js,6746c03f064e36db6fe355909929c31d330266e3bf94c0d1aba5df19183802d9,4810
dev/tests/js/jasmine/tests/app/code/Magento/Reward/frontend/js/action/remove-points-from-summary.test.js,0a2cc327bb47649fb6dc4e8eddd20d5b44c6a8ecff5a66c483e0b479078ca16f,5075
dev/tests/js/jasmine/tests/app/code/Magento/Rma/adminhtml/js/components/use-config-settings/single-checkbox.test.js,32f3fb1cf8c0db9ef2d10b09e8349837f97928ea355fa3d5c0e52884f84c870c,1648
dev/tests/js/jasmine/tests/app/code/Magento/SearchStaging/frontend/js/search/form-mini-stub.test.js,27e3b2f97089466ae42e08e097620816770f5bda3c0ebbf7b8527b5bf8b8f238,2617
dev/tests/js/jasmine/tests/app/code/Magento/Staging/adminhtml/js/preview/preview.test.js,01904adc86ec72ae54c2b8ca5d039406f1561f0f4f04f97a7b3dd6fa49d8725f,3456
dev/tests/js/jasmine/tests/app/code/Magento/VisualMerchandiser/adminhtml/js/mass_sku.test.js,0155a8d71b9a328dddb722565191adf51267293f4b56fd98b5f56d6bad5788b8,4289
dev/tests/js/jasmine/tests/app/code/Magento/VisualMerchandiser/adminhtml/js/merchandiser.test.js,97a59dec7536d6767675c13eb2209649dd7a657ca01c7667379f5527d153fa97,4456
dev/tests/static/testsuite/Magento/Test/Integrity/App/Language/TranslationFilesNonEnglishTest.php,f799bac033f4ac03ca1e8381602f05afc9f2950a696d4c2246c6c7c2513a8469,3483
dev/tests/static/testsuite/Magento/Test/Integrity/Library/_files/blacklist_ee.txt,e3b0c44298fc1c149afbf4c8996fb92427ae41e4649b934ca495991b7852b855,0
dev/tests/static/testsuite/Magento/Test/Integrity/Magento/AdminGws/ConfigTest.php,5077249b8c1189945844d30704805af3a0b139bcb51754cdee9a3adda5e94aa0,5013
dev/tests/static/testsuite/Magento/Test/Integrity/Magento/Backend/_files/controller_acl_test_whitelist_ee.txt,ae3e1d16e8deb006c68c4ebe3e21fcdefbcc09f3d95fbbd3891aa93ad7e114d9,1176
dev/tests/static/testsuite/Magento/Test/Integrity/Magento/Framework/Api/_files/ExtensibleInterfacesTest/blacklist_ee.txt,b1c274c017c9642ad98735cddbb7efca6c7c54a8d4d520cdaf3adc0772d864a7,69
dev/tests/static/testsuite/Magento/Test/Integrity/Magento/Logging/Model/ConfigTest.php,b76cf65cc15e086182d153c6a09a14d0086b8e438bd2f7fd412f758f1466379d,2521
dev/tests/static/testsuite/Magento/Test/Integrity/Magento/Logging/Model/_files/invalid_logging.xml,780e455332b2284e059eee17ad2c1ba7b4f13d7b736ff6ecc84e08aa24cd9311,2010
dev/tests/static/testsuite/Magento/Test/Integrity/Magento/Logging/Model/_files/logging.xml,2fd2b32e5515ca8e20d8fe9434a5baadd90de4a5413ab5113017a6c2f2071765,2697
dev/tests/static/testsuite/Magento/Test/Integrity/Magento/Logging/Model/_files/partial_logging.xml,5003886d31388f506160d60c440a0f8a5f51801e22a5cf340e867d50a1585252,1463
dev/tests/static/testsuite/Magento/Test/Integrity/Magento/Reward/LayoutTest.php,f49a3d9b81cfbcd21b95f21f5cdf0c3a854720b49aa5fbbb18e7e47ea194e0a7,1870
dev/tests/static/testsuite/Magento/Test/Integrity/Readme/_files/blacklist/ee.txt,e3b0c44298fc1c149afbf4c8996fb92427ae41e4649b934ca495991b7852b855,0
dev/tests/static/testsuite/Magento/Test/Integrity/_files/blacklist/composer_module_names_ee.txt,da414bd9e991a1388915dfa1e79dd43174a8e59b60815d56db3c2b29dd9e291f,141
dev/tests/static/testsuite/Magento/Test/Integrity/_files/blacklist/exception_hierarchy_ee.txt,e3b0c44298fc1c149afbf4c8996fb92427ae41e4649b934ca495991b7852b855,0
dev/tests/static/testsuite/Magento/Test/Integrity/_files/blacklist/observers_ee.txt,dcd279d3922b385fb2c4f2cb1696aae74d525febe1df1cb37d813f2b907750f6,158
dev/tests/static/testsuite/Magento/Test/Integrity/_files/blacklist/undeclared_dependency/ee.php,b5509f87ce7112a30cbf92f094a5f169949b8c2ff6444432fc0ebaf5e8545022,723
dev/tests/static/testsuite/Magento/Test/Integrity/_files/extension_dependencies_test/allowed_dependencies/ee.php,4c6f1ba461af50ff015b1953a153299cd2003683e600cc5de38f2b25e5ce65ad,758
dev/tests/static/testsuite/Magento/Test/Integrity/_files/extension_dependencies_test/extension_conflicts/ee.php,2b0c678d4da0e91f32563d9c615c4cf3d8ad9954725fb307111ec3f3f3a5ab75,880
dev/tests/static/testsuite/Magento/Test/Integrity/_files/whitelist/public_code_ee.txt,d2c535fcd1d23050368cb8a6b4d6d2d2a9f832aea3ff3866dd154695129c9622,77
dev/tests/static/testsuite/Magento/Test/Js/_files/blacklist/ee.txt,62b8b20fb4f332abbc2e0631c88fa042eb943162f6337b66ed6ffe9d73dc63d8,117
dev/tests/static/testsuite/Magento/Test/Js/_files/whitelist/ee.txt,3f8673720f2c143062cedd16fe72a5985884d666572115f1f3a8a47d76d85edc,92
dev/tests/static/testsuite/Magento/Test/Legacy/Magento/AdminGws/ConfigTest.php,af0935ac478ce877d7996ef7a0d36cbe06ee7abce65a53796b629a5693e2b4b5,1653
dev/tests/static/testsuite/Magento/Test/Legacy/_files/obsolete_classes_ee.php,8141daf633d62075513a833b97901b8e4f82d787b440d4de153ada4c8698d520,18851
dev/tests/static/testsuite/Magento/Test/Legacy/_files/obsolete_config_nodes_ee.php,4f7603fde4df1da39b18ad9590838707d5453cf2e9b98e48ed2242a54183b119,1494
dev/tests/static/testsuite/Magento/Test/Legacy/_files/obsolete_constants_ee.php,8181ab061055946f26b3eab7b2c7eafce44e3b1e36687f2de8439e64d091c99b,6956
dev/tests/static/testsuite/Magento/Test/Legacy/_files/obsolete_methods_ee.php,56f3ee5a0cc1ec156be0b8d4af14819f0d9f87bb6d92bb773745d77bc4e141e8,31230
dev/tests/static/testsuite/Magento/Test/Legacy/_files/obsolete_namespaces_ee.php,db492422e138f1322b5e0a5139151c26d2eef61a02d866ed16a0c405c7d7af4e,5150
dev/tests/static/testsuite/Magento/Test/Legacy/_files/obsolete_paths_ee.php,89aae486297ee1f7566e6deda03371c04793b9e94e558378c4a979aff18a1299,668
dev/tests/static/testsuite/Magento/Test/Legacy/_files/obsolete_properties_ee.php,86ed8c5d65778a8a75c72b59a8eb808738f6241acae87ed189dea85ddcfab13b,3603
dev/tests/static/testsuite/Magento/Test/Legacy/_files/words_ee.xml,9c100ed545bfc62cffe8259bcd027546a0201378c740a6eba3bc3c47ff08917c,1043
dev/tests/static/testsuite/Magento/Test/Legacy/_files/words_internal.xml,99072bc6c44319b28ef31663894032621e97d32a1e9f0be04f012e2588118f1f,1399
dev/tests/static/testsuite/Magento/Test/Less/_files/blacklist/ee.txt,ad9b61f0833c85b26ecb9f0be2407d460a1a563c528cb3e30ec625d4664f805e,88
dev/tests/static/testsuite/Magento/Test/Php/_files/phpcpd/blacklist/ee.txt,8f3908c765227fd8723945e959b1167bb50333b29f97415fab10b91be3b2529c,2712
dev/tests/static/testsuite/Magento/Test/Php/_files/phpcs/blacklist/ee.txt,b4ec45e4465b7b4ef398187d2b5feb0c3e7c0bf0c11fa26bc225e26e1438fd9b,49
dev/tests/static/testsuite/Magento/Test/Php/_files/phpstan/blacklist/ee.txt,c7bc372b9ad48080cb6e4a2ce0eccca6bf72387f39b62af9aaa17fbf340d11f2,456
dev/tests/unit/Magento_Theme/Test/Unit/Model/Config/Processor/DesignThemeEETest.php,a382b8df2d83d78e24a9a6ee94bb3158f7692fe99bf6e2a2f229b47096daae6f,6005
dev/tests/unit/Magento_Theme/Test/Unit/Model/Design/Config/Plugin/DumpEETest.php,db089626c254c264b3d7d1b92058aae1afa2ad693e9462f9313203d5eeb9a7ec,5850
dev/tools/.gitignore,4d7a1fd0f4ab5cc75f61ea2101f6a79efe8d84a4a911e28d2e72641b89541282,12
dev/tools/build-ee.php,fcaba97d968d80ffc5b5b05939bc2f9151680dbdc15809957030ee1c3b8faa5f,5783
pub/errors/enterprise/404.phtml,a19c66eb86a40a40c8b7bef8d9610cab94ee8186657a46c1f68d78dae3b8f616,612
pub/errors/enterprise/503.phtml,056df74f1c4a62810133abca62f2c7225f3c24adbc002bbab437692357a9c36c,785
pub/errors/enterprise/css/styles.css,35c581149cbd8695453e21b75e0388276d0d74ee4f4b59d0f364d90dddf7ad18,2689
pub/errors/enterprise/images/favicon.ico,ce2de4b3be943fd5414dc6f3190d332fc9f6369f5dfbf6366b00b261ed02a4cf,1150
pub/errors/enterprise/images/logo.gif,06eb12dff758b770873b13d59a243565354548a29d888dbd7a1d4bbb99d46008,24401
pub/errors/enterprise/page.phtml,076d3e318f0a664b9e1b3f93138da1ba05292298ec9e531089b945636d2d68c8,1239
pub/errors/enterprise/report.phtml,1c9796f767b2c596abd03acab5b4df05f2d93ae91040d2153d2436ceffde6fa8,3937
setup/performance-toolkit/README.md,1e36235118eab4ce0f63ae836fe7e31524cbc21199317926d662b0948dccf48a,254
setup/performance-toolkit/profiles/ee/extra_large.xml,1a28c29a73c4541f3f159b7ec52f0ee2e73faf2c9cdef845f7c09f8cff22e19d,6157
setup/performance-toolkit/profiles/ee/large.xml,4b9903e66b6f191e041d5dad183537573a788485704749130bdee2c98e8082a5,6154
setup/performance-toolkit/profiles/ee/medium.xml,85852ac3918b8b77f641a335c2f1f2130b4d712d79bbad3a10188250baff7fa5,6149
setup/performance-toolkit/profiles/ee/medium_msite.xml,c31f2ccb503fb75b76b8b4d04d7beb847c66044791e2970e623ab258e5719a86,6371
setup/performance-toolkit/profiles/ee/small.xml,905f83930666011530c983b642dfc7f70569c8f50a212a1e68b80d79e52055ea,6554
setup/src/Magento/Setup/Fixtures/CustomerSegmentsFixture.php,c7d07ba008dc2c8584e69accf1a33bc936d721386b8c186477228a5252a02b12,12981
setup/src/Magento/Setup/Fixtures/OrdersEEFixture.php,d253c1f9d0882f9b8c54cab75f7b58209ebc43dc0ec678f07d572f1660ab6c63,4093
setup/src/Magento/Setup/Fixtures/TargetRulesFixture.php,d4b171980caadce56014f3d79e7eeb73f4b53b32dccb4555ccf6ecb6169f02c3,5826
setup/src/Magento/Setup/Test/Unit/Fixtures/CustomerSegmentsFixtureTest.php,4efbf9c82e44ca036bcdfaba709aafad5f4da45b5f65127630c5280365b9a0a0,10799
