path,sha256,size
Api/AttributeSetManagementInterface.php,daf9dba8a9da1cabe12dc55c0203387cf49affd5cc158c68ab50900d2cf24a90,659
Api/AttributeSetRepositoryInterface.php,bb1b5eeae975c32908a5593f7644ac99270d63d78c922af7679726d8e4011757,1996
Api/CategoryAttributeOptionManagementInterface.php,daff1f4cc825eefb14f43e82e682df87046f99b9da543eedd9f9e48af312b776,618
Api/CategoryAttributeRepositoryInterface.php,2b1cbba778cb424a42aa84412d57ecefa4161ce218fd3010884c30a9e9371557,864
Api/CategoryLinkManagementInterface.php,eed05cc62c6161c36a396907e67463138377cc71ff712324c8454677d1abb05d,430
Api/CategoryLinkRepositoryInterface.php,65e0d08c2499aac5ea9e51b08975ec30c19e3efe70e08fbadeed48b251f9ccb4,1580
Api/CategoryManagementInterface.php,93722ff6464fea2717c17dc78f28cb01afd1c71f1d895ab55986cf7c3c79c8af,1031
Api/CategoryRepositoryInterface.php,6cb14d748a4b82565304010d809072f496d6b021d5b1953be0fd4f6e011ea764,1696
Api/Data/CategoryAttributeInterface.php,eaff225d9ab361aa270e8a02beb1ff2f506702fde05d81f711d6568cb551c702,317
Api/Data/CategoryAttributeSearchResultsInterface.php,51282190d0174adcfafd6a8ff385d2eaf3d888ad7d599a384441dc1c622c2448,625
Api/Data/CategoryInterface.php,2ebb42978979a8c05809c8352bf40229e605e8a001292d4b38406906972fd727,3324
Api/Data/CategoryProductLinkInterface.php,b0c4038a7becee5340dbe96a0ffadb8c3a5fad756489e12bea967fdcc82b295c,1447
Api/Data/CategoryTreeInterface.php,8fc87dcf30bd3c3e67964de6c0ae2628b74e9adf1e4affcce74c3f3b14f1edf5,2238
Api/Data/CustomOptionInterface.php,247452d3e9804c43403b05d65335c7c2378c278b692f3bda3ad08557887bd8cf,1446
Api/Data/EavAttributeInterface.php,eb555d58c56be057fbe30bf693dd5aaa31d7f59040466477b4fdd591aae1d898,7060
Api/Data/ProductAttributeInterface.php,7c7572343173d71eaacaa4bfab7b82a11ab20dfb04d8b631df7bcf608475c383,315
Api/Data/ProductAttributeMediaGalleryEntryInterface.php,f6b809ccba6246b7a4216993910359dca32802ef113e8e0aa62af5367162155d,3503
Api/Data/ProductAttributeSearchResultsInterface.php,20513ed285a792a7cab86867998c16be816a7b612b4a8ec518dcc72c2ba18eef,622
Api/Data/ProductAttributeTypeInterface.php,4399a337c4f04e0e787375e47f71964dd04df339570e955110878154477b0b01,1350
Api/Data/ProductCustomOptionInterface.php,0f2a61e6c474221054d0137e71ec3020f1bef9724dc31030548aa6e762b62b58,4130
Api/Data/ProductCustomOptionTypeInterface.php,e2d2ff1362449f1493a44ac2410a9bbf165eea4359c76a29b470e3be6d326e36,1585
Api/Data/ProductCustomOptionValuesInterface.php,fa5568fb75d0735b3f5d03f911639ecbe01403015bb0d128bd631da9ae871641,1654
Api/Data/ProductInterface.php,308b9cbbf5a73433532e699375f441c7011d9149a9ed67551ef65bf97cad4152,5535
Api/Data/ProductLinkAttributeInterface.php,63044173fd918114aa89b6cc03b5b71e23c52333f4eac5df06f6ef37d9e8b623,1312
Api/Data/ProductLinkInterface.php,3368d8341e4446da6b130f5b6a974f29ae53742be119cfcdec0fee49561df885,2144
Api/Data/ProductLinkTypeInterface.php,1ef2a252c988a4ed133763c7a55777e98aba09340eb069f73111e710fe259ac0,1286
Api/Data/ProductOptionInterface.php,6645971010a73cff748db853362d974070ec339fb7c039dd11a43badd9a0c3a1,849
Api/Data/ProductSearchResultsInterface.php,7751048cc90ef7b9c4a80833cafb19fab4c113b750bee3046a3ef49bfcb113ca,595
Api/Data/ProductTierPriceInterface.php,ad90026e99d0506500ba79ec5e24b2a1e2142d57e3a252e9a94ba2e18ead0598,1677
Api/Data/ProductTypeInterface.php,c84b396dad6088c1ddf012ca3496036fb8cfd2ec08457bb640379abf854c86bc,1318
Api/Data/ProductWebsiteLinkInterface.php,184e02b0f35deb9f0843f97d977572fc50dce0e80aba8a04f36ec7c3aba86e4e,621
Api/ProductAttributeGroupRepositoryInterface.php,129f6ce855a48423fb31b1d5df30d2ea19dc5cc178f2509e79a8edd2b565cfd1,1406
Api/ProductAttributeManagementInterface.php,5d400947eca211742bffa608fcfb02e48af735a0a083da818b4ffc6c328e6ed9,1405
Api/ProductAttributeMediaGalleryManagementInterface.php,14a8cea486e52c15ad60c249a3c07232b8433471c137aef5d06d1fffbed43cc0,2231
Api/ProductAttributeOptionManagementInterface.php,f022fbea9b836345944be74d85a771dda2a7e48c9eaaea50bae901060a4d3d21,1285
Api/ProductAttributeRepositoryInterface.php,1081de4c378ced9e8bcb5527c65f50bbfada4d2670569ec600eab6a19040e61b,2086
Api/ProductAttributeTypesListInterface.php,2a0b34ad145e270220649f857ee7c89564279e66cf03a2d17bc75e64b014684a,391
Api/ProductCustomOptionRepositoryInterface.php,7a2c24cdf595c73a95179b413617bd05521d08b2365e891c1634c9655449bd71,1361
Api/ProductCustomOptionTypeListInterface.php,c5faff03050bb27cd310a3cd4c4c52970e08637bc379df7a95ab1cc5f1f35824,377
Api/ProductLinkManagementInterface.php,81eed661b190e9e82d3a000d6d472edc8b0f604d5cd0b99c81685a748b8f66a9,837
Api/ProductLinkRepositoryInterface.php,e73a702be6fb1fc903d1f8dd570992757e78f9c0ccf3b3af5c84e3892281b693,1287
Api/ProductLinkTypeListInterface.php,ff85d81b5a1026c33e16af52407aac0437fb9748a7443a0448930cb29b3c5401,621
Api/ProductManagementInterface.php,330c9b8582ec91d8b85b45999a583305a013ff4d9dadc753c006bc182c035820,366
Api/ProductMediaAttributeManagementInterface.php,7f7ea00a621f036965b3528f459d783453f43fd036899a77443676abb528c854,540
Api/ProductRepositoryInterface.php,f4b8443253a9d4bd306a57cb06c83824fe2c9d50b2ea5b80f7c425503e741c98,2355
Api/ProductTierPriceManagementInterface.php,7cd903987a233466460b59d72f8e423ae9eb1c349f71e18566ce20079db3ff2a,1409
Api/ProductTypeListInterface.php,ceada7f6983e64558a427873fa7d87d67d7590c72cd4d16dbf638e67c2ed08f2,396
Api/ProductWebsiteLinkRepositoryInterface.php,1b8eb080d241a4fa2960791ee8beca6c26b75505f3a54dbf777bbbd92a6c6b4a,1411
Block/Adminhtml/Category/AbstractCategory.php,6a54d68f105e3b3ee6a0043618baa7d930047efd588cb715be95b6aff8b16293,8401
Block/Adminhtml/Category/Checkboxes/Tree.php,35f117f944e9ee0d29abcd64ea86310a64954577229f6e379434193815f5a23b,2881
Block/Adminhtml/Category/Edit.php,78abb812d31d1c6fca94a761eccf8616e16bd32eaf357508138b8a030d15e1ac,780
Block/Adminhtml/Category/Edit/Form.php,584505afab84cadaa3176f50a9579c34ad00b20fb0db2dc8b7afe294f9a70bbe,9978
Block/Adminhtml/Category/Helper/Image.php,ea368fca7120c9fb2bccff1efda1cc8571401746757815d75139e057c74ce0d6,1723
Block/Adminhtml/Category/Helper/Pricestep.php,d691475a28ded4b2cfdb83392ab27990adb878c1359d04155d71bf53caa41ec6,2134
Block/Adminhtml/Category/Helper/Sortby/Available.php,d39889396795c279f7f8a28abba25d33cca8ee9965cf3bf4c0e10bc8855e85ba,1989
Block/Adminhtml/Category/Helper/Sortby/DefaultSortby.php,dcfe39ebb0fb313a8da8f76819421962eafb87ceab59382d924ce0aaf778faf9,1979
Block/Adminhtml/Category/Tab/Attributes.php,f47c4257a2dc87f209dec542e51acdc8bec4cc1b9c822eb0aad76e20a7bf3589,4157
Block/Adminhtml/Category/Tab/Design.php,679e147237fd95e9caeacb8ceedde5583a210a6525629c956232cbbf3766efb2,1337
Block/Adminhtml/Category/Tab/Product.php,279cc869585abbe0b21dc2eabc6973de9d46672a7b3e9e902e3202d1af4496c4,6098
Block/Adminhtml/Category/Tabs.php,359fd0932e8c592c26cc1dd139871b509f2e6bccd78f023237a8c99015bacd30,5962
Block/Adminhtml/Category/Tree.php,71cc7ecedbcb574f63eb9ded9891230140bcdeb8e494d68b0e6eaf30522f5892,13485
Block/Adminhtml/Category/Widget/Chooser.php,487d1af14883f5fcbd38a3f28827b1ae6d8c1dcac4bf386ceb227218fdf2f164,5013
Block/Adminhtml/Form.php,b2bcc950182fde1108526c29861241bef6afc1a0fc2c9b796d6c23dce004f470,1242
Block/Adminhtml/Form/Renderer/Config/DateFieldsOrder.php,d345d7394ea5429c08dac3d71d1c58d4cea05cec359d4c88f81f291b173e4157,1342
Block/Adminhtml/Form/Renderer/Config/YearRange.php,9acb7eac71b65b3a07b4c84fbca1986bee3ecdedc58299eb5542da0649867608,1184
Block/Adminhtml/Form/Renderer/Fieldset/Element.php,93d0689cfbcece56a31d05c177008e70f5835a2ae31bd882fd1a3e38f7b3b96e,4277
Block/Adminhtml/Helper/Form/Wysiwyg.php,4361fa9bf7c8b0f8ad4ad8fc59800d7a9b3aa249d1f0ad41247d43ef74ecc008,4443
Block/Adminhtml/Helper/Form/Wysiwyg/Content.php,0d61c9d3627888a05cc46d3005345af4565586b692c1246bd73a2761e2628f13,2396
Block/Adminhtml/Product.php,ba2fd73ce19ca80ce3586a4737b6c54c5865c21a0ed16e7509cd029aeb3c50b7,3171
Block/Adminhtml/Product/Attribute.php,75b480a9dc7a2dfda1a7d718889e772ff42e27e81d7eec7d14101b0e422c97d4,693
Block/Adminhtml/Product/Attribute/Edit.php,411f09b3687690075c930d19e583bda0b0297ced10999f6a74ff21057278cd1f,4273
Block/Adminhtml/Product/Attribute/Edit/Form.php,579084adbb18c37b2d099c6a82f88cc7abd5afb0ae46c3a1785584766e47136c,810
Block/Adminhtml/Product/Attribute/Edit/Tab/Advanced.php,726c7b85d24be0603f3afc46bc214a68128e313be9e2ef6afe198c6f13220fb7,9142
Block/Adminhtml/Product/Attribute/Edit/Tab/Front.php,264ba3df2ef263a5e81a1a60287422c69c95cbf36edfe150244d8f78d00b3a47,7126
Block/Adminhtml/Product/Attribute/Edit/Tab/Main.php,d9823d2004f0c41adce508f7018438cf22a874878bbe11899cf245531ffb9500,3218
Block/Adminhtml/Product/Attribute/Edit/Tab/Options.php,3421445755ded3279b7126e54ca27ba4669d31ef23d6941dce834cc09836dd53,541
Block/Adminhtml/Product/Attribute/Edit/Tab/System.php,7aa478f72f7ea26c3debb066a8b8efa2dd6b3b6f994eaa4ddb9b0cbd95a859f2,2121
Block/Adminhtml/Product/Attribute/Edit/Tabs.php,dfa27f7ef43c24253a308f310fd5593efbe298b748a93ddf8f360c80b69c92e6,1505
Block/Adminhtml/Product/Attribute/Grid.php,5c6bb58394cfc56f6e3891bfaf1d0323ed40fbeb3204fc3f67a02edafeeb2d2b,3778
Block/Adminhtml/Product/Attribute/NewAttribute/Product/Attributes.php,45fd48766ba1a8eb33c32249ba4758553330bd2f77ac74c37f7dca272c08757c,2656
Block/Adminhtml/Product/Attribute/Set/Main.php,c9714a872f36591f3da46e4d1ba4d2807665ba5a0ca8adb120ead34470c56276,11138
Block/Adminhtml/Product/Attribute/Set/Main/Formattribute.php,0903875c6b810c977811ac0d0506492335311358a23cd452e5a7359187ccc2c3,1323
Block/Adminhtml/Product/Attribute/Set/Main/Formgroup.php,9bb15be2c21548cc50205f0f38a7566eed30e00ecd0cb651564679eb43f8a54d,2728
Block/Adminhtml/Product/Attribute/Set/Main/Formset.php,3375f9724ea2301f8663c42afae0c28ee8bf9b23dbe8c6a5d429ebe53b102af1,2917
Block/Adminhtml/Product/Attribute/Set/Main/Tree/Attribute.php,12288bf2c62c547f5ef6631edb95bbd8d2392aca6b20217330b68ec05b5f8c09,442
Block/Adminhtml/Product/Attribute/Set/Main/Tree/Group.php,d687d27445759996b73fdc92952d24cbd9a1c5b7934f2286db56eab661f67b50,434
Block/Adminhtml/Product/Attribute/Set/Toolbar/Add.php,bf5b5f134045b16c5a89f97fb8a67ecefcd27507139125da0bbf09c5d30e8e8f,2078
Block/Adminhtml/Product/Attribute/Set/Toolbar/Main.php,c454cc413a7e2bd8c854b5cd7612f4f6d295999c87e8e95de6393bfa2a70947f,1519
Block/Adminhtml/Product/Attribute/Set/Toolbar/Main/Filter.php,a266fa005304ad4fb7d5b1981d9c7f148cf59798cb1f5bffc9e142f1f2bfebe4,1946
Block/Adminhtml/Product/Composite/Configure.php,376945f3850459430d3a7fdb492196cbb82911f9363cfed17c09475d15070a5f,2079
Block/Adminhtml/Product/Composite/Error.php,34aad1d03bac39b9b81a23bce6a2afe4bbf4334edab211be681650be5f5ea178,1581
Block/Adminhtml/Product/Composite/Fieldset.php,8968b0f54b553d41813d77e7d02bc375744d854da63a6d0aad74fedf51a2a9b3,973
Block/Adminhtml/Product/Composite/Fieldset/Options.php,f847d73c1b273ebcc7f1cc59129cb854a6e7f8b33399cb010057b9556ce8741c,879
Block/Adminhtml/Product/Composite/Fieldset/Qty.php,3b5147a5f472ca0848f268c8054b091c4e77f6fbcef8de0a3fc59af93f74b967,1672
Block/Adminhtml/Product/Composite/Update/Result.php,32ff45e42a3ee879d271e8e65537bf16aeff8b19398da2ddd7c3127fc11b3b1d,1961
Block/Adminhtml/Product/Edit.php,d3ad24a386595242ca4646a5e461eed4af11d081fabd1e251f982edf81304800,10105
Block/Adminhtml/Product/Edit/Action/Attribute.php,e6b73772507e96f25aae7bc08a440282720f35725fe9b603af509bf612b91fa4,3768
Block/Adminhtml/Product/Edit/Action/Attribute/Tab/Attributes.php,5db54a543ccd10e2e871d215eb8731b424df5b2f73c89e928e814675d04beaeb,5440
Block/Adminhtml/Product/Edit/Action/Attribute/Tab/Inventory.php,055871d89c868f4af91f300acaced402684408f95757e5ba7722ccdf8881f044,2609
Block/Adminhtml/Product/Edit/Action/Attribute/Tab/Websites.php,ae1ec5e8517205f02e42dc96840b23da2c9ab4c84eb5dc88c7770d534d07bb78,1486
Block/Adminhtml/Product/Edit/Action/Attribute/Tabs.php,d11c8f9dd48b95034e6e37595ee5c4dc3fe0049aaee8d4ea939bea684872f77f,662
Block/Adminhtml/Product/Edit/AttributeSet.php,b7ba2e7db7b768874cf1f4126e8e1f60b382605a7a6a76265b1c8b04772a9b9c,1398
Block/Adminhtml/Product/Edit/Js.php,2b0afbe0b9c01d24c2ac0c88f314509307187ba4bf0ef907ba0f74971e199fc3,3230
Block/Adminhtml/Product/Edit/NewCategory.php,36412bdbf6ae9580a9941893775acb49bb422dcc5f86d023cac1eb50472cc096,5053
Block/Adminhtml/Product/Edit/Tab/Ajax/Serializer.php,5b4a53bd0f3a7861320322cdbc1dbe50db417d1a036bd174080e80db8020ed91,945
Block/Adminhtml/Product/Edit/Tab/Alerts.php,6046e98ac33ba4b61ecbc8b0b57ca4b4bc01a6f3759a1fed8bc9a21b7920aca2,2632
Block/Adminhtml/Product/Edit/Tab/Alerts/Price.php,536e32b2052efec46c0165160f31ca67ac8c87f8188171f53be4382e201deafd,4047
Block/Adminhtml/Product/Edit/Tab/Alerts/Stock.php,e92f1fae7b376daf79cd4eb4fecdb065d8227384d97f306c8c426813e0e10e5c,3603
Block/Adminhtml/Product/Edit/Tab/Attributes.php,edb249db0809a7dfc42ffbd5783cba8a236f7d8cfee995de9323003db2539349,5942
Block/Adminhtml/Product/Edit/Tab/Attributes/Create.php,a25ce1fc97ce0296514856834f7ec9e49d91912a307b293f4f889ed6b3133347,2926
Block/Adminhtml/Product/Edit/Tab/Attributes/Search.php,0ba85374b9ed2de06c2b3a7a10cb08b46e26586df28cb1e368c7ddfeefc3e858,3765
Block/Adminhtml/Product/Edit/Tab/ChildTab.php,55f8740bec1b3512a618340c694eacae616a17cde01bbd73446814c375e3a176,1106
Block/Adminhtml/Product/Edit/Tab/Crosssell.php,963bc9753517f02eb1bcbcc5e2cbeac2d0565ba1d17bf402a8e593fa5e1e5fd3,11432
Block/Adminhtml/Product/Edit/Tab/Inventory.php,f39443a2b86b9a22adf62212a7d780d78cb4de0935c0c7b19481bd14949af86e,5898
Block/Adminhtml/Product/Edit/Tab/Options.php,e7fc88e4185d61a1ebb4b251b8680616e73a3279376c3c0df30c666f15278996,1397
Block/Adminhtml/Product/Edit/Tab/Options/Option.php,21b0a3a2715fa0937addc2e3d98bed6ed43703ba157d3843ca2dc36d6ffa34e9,15097
Block/Adminhtml/Product/Edit/Tab/Options/Popup/Grid.php,fabc9411b0185b2d594344c440a3a135d9fc589061f80e4b7c95388492c8ffb5,2231
Block/Adminhtml/Product/Edit/Tab/Options/Type/AbstractType.php,8d7149327f9326d6be40aadcd25e0bbe895cc10845187c165943fdb7ecfa4373,2399
Block/Adminhtml/Product/Edit/Tab/Options/Type/Date.php,ce65b551e81ccf33a65ae7fac81949209760ac63e93f69b591ea8e9e3caa0e57,499
Block/Adminhtml/Product/Edit/Tab/Options/Type/File.php,b45c7ceb5545e419218ed8f04e780e8c693a2c479c19b4d9f2cbd9a710eaa663,499
Block/Adminhtml/Product/Edit/Tab/Options/Type/Select.php,4451ea644ddb8db1441176d5fdb372708cf2dd1a66d5021ca82f5a54c64c9c6d,2412
Block/Adminhtml/Product/Edit/Tab/Options/Type/Text.php,26d3fc9c571d4c9c8dee3ba4b18447e6d5d3c29d46680040935a778fffe11571,499
Block/Adminhtml/Product/Edit/Tab/Price.php,387e595d52f210c994fa5b4d61799e3aad661adeff09ff2d867f69cf65665a2b,1393
Block/Adminhtml/Product/Edit/Tab/Price/Group/AbstractGroup.php,c67e8fd7363993422ab6398ce921a143ec9c923da51755527a210b85f90de17b,10655
Block/Adminhtml/Product/Edit/Tab/Price/Tier.php,3614ae45736dfaceefbdc14115a4b32a8a7a06959aa85ae5f03d6c6eef59a625,2083
Block/Adminhtml/Product/Edit/Tab/Related.php,e43b2089c38456b4758ec3a1a136971a2d8d17dc6f647de878458a9633aae81b,10674
Block/Adminhtml/Product/Edit/Tab/Upsell.php,c61d7f91a2fb58c0b8cb49d266d010437cb5a3d2b75289922d5244a25d736640,11230
Block/Adminhtml/Product/Edit/Tab/Websites.php,5765a5217242c0427d493b2193d17440db183e8d003140945bbec5b2e7afb0f2,4736
Block/Adminhtml/Product/Edit/Tabs.php,679ebb208b6ade75198638814494824ee9f54ab84e00a421071656dc3e2fc305,11013
Block/Adminhtml/Product/Frontend/Product/Watermark.php,05e0c7f9b1dc0c6d0b27f1f0d3cd5f33b14ef48b247c329048fe7dce0f960f49,5071
Block/Adminhtml/Product/Grid.php,7a7daa5ae827574466a989058c59bd31b600d19d550a32e93cb2e5bb9147839b,13734
Block/Adminhtml/Product/Helper/Form/Apply.php,b31a0226c395dcae29c8a76fdf0a3017330acf2472afab67f977727e513812a6,1556
Block/Adminhtml/Product/Helper/Form/BaseImage.php,d8f9c7f7a455a78ae01eaec3c90159c31e920951dc43c67136fab6b7b29a87b6,4614
Block/Adminhtml/Product/Helper/Form/Boolean.php,d153f3758f2af3c8498647ab621a2f788257154f235bea269cfc7b5b9c443366,575
Block/Adminhtml/Product/Helper/Form/Category.php,82fdad796806169f148226c3250636a44099042d10d59420a236c668bc11e34e,5206
Block/Adminhtml/Product/Helper/Form/Config.php,a95c9c841f13f382d2c669d4bd9fc4c49fc448d8897b887f60d5c15a20cc66c3,1542
Block/Adminhtml/Product/Helper/Form/Gallery.php,2e8a91c32b22d13654d67d7bda2dc9a592cd0ef3b3afc826cc4baf6794e71dd7,5631
Block/Adminhtml/Product/Helper/Form/Gallery/Content.php,66c9a50dc71fb34a241f55582f2bbb707412cbcd297831d460d1b2ec4a824812,5487
Block/Adminhtml/Product/Helper/Form/Image.php,2b5b22996d1049376d4de112a723403302e9d2537a0788055c7cd43e6528492e,1607
Block/Adminhtml/Product/Helper/Form/Price.php,8a9388d61ef0f03ecc4d7b6a842e3c4b61bd83dffe84f1dfb451f3ea51843c31,4462
Block/Adminhtml/Product/Helper/Form/Weight.php,378f29d789ad788c866760b1962a13c8a2b351fb2b0aa3dff68c6ca9cd4773d1,4314
Block/Adminhtml/Product/Options/Ajax.php,8427c7b343879703f826e2650dd5ea946fca99f4f6a7761eb72617e078f2bfb0,2718
Block/Adminhtml/Product/Price.php,a32116cec293e9abc967235f3ad771146cb36f14a2530b8a6aab9eb682773c6d,523
Block/Adminhtml/Product/Widget/Chooser.php,ba66b3b1e0b8ecbee0ba893b9123202e02977a04175527fd08918d4e58a693df,11214
Block/Adminhtml/Product/Widget/Chooser/Container.php,c18baca1cc4922348b8be7b13006b5d400b0e2212356c60de811a8f2651ade17,498
Block/Adminhtml/Rss/Grid/Link.php,a77d623f8659f5c0b1bce28d394c81aa743c65765f22a76afe42eedc1e45e7dc,1654
Block/Adminhtml/Rss/NotifyStock.php,d7e18f5092e6161d28d53505f931c82cccad2075cf06c2602c423f936836110a,2742
Block/Breadcrumbs.php,783b229eb72aaff7ce57f1cab52abf936c7d345857fdbed7cc3a03d3ebf2a616,2142
Block/Category/Rss/Link.php,a729d3fa926bfa70bcac74aba33e575566f97944f2e5e0b313600bc58d771443,2143
Block/Category/View.php,a5b113b280f9a071ffad7050d4b9fde264c0ff24e5155a03d01e93217eefc4b0,5125
Block/Navigation.php,9a8bdbe7e0034ab762abbfa2411c9a9f5d883f876375a72d7e8ab5d86448daea,6829
Block/Product/AbstractProduct.php,d45d73f006348ccc5d97747ad8f49509a17955292cedb9ce19bf2cb79f8188cf,14130
Block/Product/Compare/ListCompare.php,d9294d78f24a9cc6cea359ad2f78d4b15add00e288dc80e785dd69ab6cdf543b,7822
Block/Product/Context.php,97409955efc03660bb7d94a95eb005541ab5c24fb5f9cf4e3fb769b02412c702,9184
Block/Product/Gallery.php,6c05068660902bde8c239071053820591b4f8494293bc8816298363082243759,4330
Block/Product/Image.php,b48300feabd78dd74e0031dc811128a5c3e2c900eb8493d5c9d9c4a2fabb2fba,1175
Block/Product/ImageBuilder.php,76444807e558d67e3fbca7fc5a4b7e9b05709bbcd527cc128ea9e3431ff79718,3601
Block/Product/ListProduct.php,83e999cf67eed3d5158ec779a53e44c3d2036096f67ffda12bf63a44d094f62e,10682
Block/Product/NewProduct.php,94a0d88573a3d9cb1ba43cc752d812be7abe8789a756f582091850cf15a7296a,5932
Block/Product/Price.php,d6c22d7abff541741d535ced4c6ccad592e7269c75d27d392e5868e726784cdd,4698
Block/Product/ProductList/Crosssell.php,67c37e76c43947139d1746ed3174a5a8c7e1af64879d85bf3b0ff6fdbdf67a4b,1663
Block/Product/ProductList/Promotion.php,055e02127cf2d61af6312f979996f29f6e6412a8afbc72aca273579dab782adf,2283
Block/Product/ProductList/Random.php,ff61eeeaea544e2ac1d652807b8c47950b16e15e147b6adfb2f27af1e045151b,2617
Block/Product/ProductList/Related.php,2cb61451d2edf2ce1b5842772149baa0649e6ac7b7ba7cc6f5d2e059e86ad64f,3987
Block/Product/ProductList/Toolbar.php,a4cf67becba58cc2dc20996785112cca713cfd5d3e5e384ceb6e928fe5ce20a9,17668
Block/Product/ProductList/Upsell.php,6688026d6bbe9609d47af6018cffd8fa98e1ef39141bb9bb80fa7f2bbdf2543a,5930
Block/Product/ReviewRenderer/DefaultProvider.php,ee5537fc44d180f9165dbc4e3e5866225204fe6a1a1a3fb523ba5d4332fd589a,774
Block/Product/ReviewRendererInterface.php,07d195092d3a663c48407ca25f36fb62484241bd008d65676f530d6e3fa5b44b,695
Block/Product/TemplateSelector.php,c1953a656cc14146a61ff7428f69f8a47e10914e66e8730fbec56a90f460f44b,2739
Block/Product/View.php,6dba6e4b14f27f76d0c49ba2e9fc58b6c9e1ef45596e41317eca8de325d7174a,12176
Block/Product/View/AbstractView.php,6290681ee4f784027d0890bb2d331d51d394b138a31ded812fe17b2d610a0a32,1691
Block/Product/View/Additional.php,4ae8405a3de17fb923001d5652e8214ac2e6dace8302d33e25fae87797739e61,862
Block/Product/View/Attributes.php,531d2e67917ca6d8110538d8b55b6ee7c0c7192c45e7f843ae69dadeaa4575f5,2943
Block/Product/View/BaseImage.php,7c78d750a3b6cb1af94d0c6c1d82520b50d0c162c2721f39f2a21896750ac795,338
Block/Product/View/Description.php,26d12a0a827ee0493b414595e2e04de54c53d44c83c1fed0114672a0e37c345a,1233
Block/Product/View/Gallery.php,2f5281d12e586f5f580f781e2e66c50f452a8065ce0792fcb8e1cd1ce9088118,5407
Block/Product/View/Options.php,c4c04eeebccf42210769191a386970a1158b376664fefa2ac847b0505f102ecc,7467
Block/Product/View/Options/AbstractOptions.php,d1e06c1b78707b050d1c418676a72d10c7ade3acfa4816dcce597b50f05bd2b4,4801
Block/Product/View/Options/Type/Date.php,d13d2f8563a6c408a5acac6027ae94dfc01583972fd15fbc0c6c1c3c141b47dc,7198
Block/Product/View/Options/Type/DefaultType.php,aff322ceda5bf0eaeac15f1fe26d50b1ddfcd3948d01a4e51c66219eb1c5f094,375
Block/Product/View/Options/Type/File.php,adb58212531d217a076eeb45c054d1c3780be8a8d03d881546a4f1b39f96d92e,814
Block/Product/View/Options/Type/Select.php,622f0ae55ba3d5c424f03733cef6144ec59a4e83abc7f57110f782a8db198837,7285
Block/Product/View/Options/Type/Text.php,b15dfbaf48cbdf59192735918dcfd5f6fb1f12aadd7e770e5b9c1b950a99e2fd,624
Block/Product/View/Price.php,67e7004dca60faf0f041e4c81be3fd1a735d8f8ad6c3668988f4b8e36ae73ab6,1024
Block/Product/View/Tabs.php,2099d0c9b98d7dd36c10a12c16f9efb0d6ed9738b1ed23118c1e68da192d0095,1082
Block/Product/View/Type/Simple.php,19d315a421fa3b5157399395fe1147af0aabf031f0b1d9485bc827b04fcef655,342
Block/Product/View/Type/Virtual.php,63cbf290b806fa606adb51ada0cb1e7095b7475b736b62b89deb23e101fdf03e,343
Block/Product/Widget/Html/Pager.php,d569ec5764530498d57a099f2a00d54fe1ee549319a87d078319288e0239b444,7542
Block/Product/Widget/NewWidget.php,6d2423324f145a96a87a560dda5460e73bcded5dd0a293820db0f7f942b02ed7,7249
Block/Rss/Category.php,7e6a92a544f34d4dce0292cf2c5679b069429a15bf20f8d7e4f59c5800e128ca,8308
Block/Rss/Product/NewProducts.php,684f967efa42b4af06f0e6bd5854636ee310e5e21db38c1024b2c66dce5c18c6,6101
Block/Rss/Product/Special.php,85d1593a294498493efbc1c2b3696e5684fd6aa9e4bdb3a83f2a04c0d7b5c78d,8368
Block/ShortcutButtons.php,47ea03b6e8d5ec6cedcfdfecf81f7834803bdde539fe531d029dfeca73a371d8,2161
Block/ShortcutInterface.php,396a37987e81d4b8f4ee41c9368f30f6354b546230ae852f86b5231a8123db6d,284
Block/Widget/Link.php,15938b2aaadcdaff8cd4c32f1aa86b5b8abc7c30274092519f5cd785a61e4e09,4894
Console/Command/ImagesResizeCommand.php,6b8a5c18d7b36cd5e37154c87361f14f97bff19d91728b795acd1ee2b88fab73,3367
Controller/Adminhtml/Category.php,ae2f4a991fcd3af1dff5876b5680e768b0ae431f1b16d0f145e5395bfa455681,2215
Controller/Adminhtml/Category/Add.php,fb41f20364d13b7c2fe359a803d930a85d8db4a63e330c9122e3293382bca188,1238
Controller/Adminhtml/Category/CategoriesJson.php,5911e5d352d4f6a4c68cf80be2d999e0c215ec26789905054127cc733bbb8672,2401
Controller/Adminhtml/Category/Delete.php,01615331b1d1a317b0203b63702e5b7ea6c4770594b602d404b610166a0d2421,2282
Controller/Adminhtml/Category/Edit.php,c9cd18c4781d8bcbe0bf88727a356ed9d47fb583b1b4a99689f4f52a612169be,5221
Controller/Adminhtml/Category/Grid.php,55d345ec1624788dd32ed61a7263f5c44200ae640190c8340262610b4e0323cc,1957
Controller/Adminhtml/Category/Index.php,163f0a42665c63f4a5f3e0e2bb87bc44d563ac31b9a0e4c684094111e2b1b4db,1158
Controller/Adminhtml/Category/Move.php,325d125d343910c847b2f722b79f66320ffc9fafbf7ee3195d3973053625db40,3091
Controller/Adminhtml/Category/RefreshPath.php,8886603a7adedffaa67173f3df62d542f06ad186e26dda811626bbb151653dff,1425
Controller/Adminhtml/Category/Save.php,025592426cb5f796ea6a6f75a355991b389f62e230ae9c5c81244548c1ff11b7,8446
Controller/Adminhtml/Category/SuggestCategories.php,655ce1ec9912be266b54a6f0879ed14b9c690f480484d847b3a60b83b0045812,1639
Controller/Adminhtml/Category/Tree.php,366986eb05b59098b0292fa01910af3856e85e1ecf76f58a7b0cf5252cfe28b8,2916
Controller/Adminhtml/Category/Widget.php,e084fd40847295663892bd93b2c6431ec92ea003d9f9ba0a1c47dcc865eeea3f,1570
Controller/Adminhtml/Category/Widget/CategoriesJson.php,23f62a3f01fac59333756c2c621a96aec585e7f5591278c8d7fc9de16a9b2f13,2211
Controller/Adminhtml/Category/Widget/Chooser.php,3eb36224a3a9ecbb03b1ffb7d168f63cce86e6de5deff125e515a3791add3402,1301
Controller/Adminhtml/Category/Wysiwyg.php,0ccead00b6226574ec85f1e608389af3d8cc817a6bf18df94e84651b6f2fc8ae,351
Controller/Adminhtml/Product.php,6b62d9b4d0978f43de58e1c927acda2b36fd3b806c9ad949191eb509fcd1463d,906
Controller/Adminhtml/Product/AbstractProductGrid.php,3af4486939c4b1b759ffff7ea0ff8d04b6d31e4460bbe23d5dbc3f0e3694def4,1072
Controller/Adminhtml/Product/Action/Attribute.php,f86b52c616712637d8f0e585990a1631af92462975f7d32504115dbc71ea197e,1653
Controller/Adminhtml/Product/Action/Attribute/Edit.php,66f5b9129746408b7c81ccbb84de3a3204d6621228c32199d660ee81a5662782,2191
Controller/Adminhtml/Product/Action/Attribute/Save.php,c5ae89a692607878234347681d4969db32fee4c6b15d5de0f100c69226930b3d,9861
Controller/Adminhtml/Product/Action/Attribute/Validate.php,b02d28f4eaa1a54702263dee456a8e81490c259715549c019ebbe2f88bdf0e12,3231
Controller/Adminhtml/Product/AddAttributeToTemplate.php,a479f62551f23f508a61c6c982d4e85567d0b99f817182e69d4c76ef5871f285,2889
Controller/Adminhtml/Product/AlertsPriceGrid.php,8ceb5f80d93ca3523e085be9ab97601a427081c67344eba66a2877c0534696eb,438
Controller/Adminhtml/Product/AlertsStockGrid.php,1a4bbd770ad3121a1d705de936103d0b9a7e0fc1487cc8afa8b5fabd641a9a11,1231
Controller/Adminhtml/Product/Attribute.php,e1db187fc414d79ca55c9d9ef761fc4b5a955e9de5397fffc79a6421c6ce5ce2,4139
Controller/Adminhtml/Product/Attribute/Delete.php,1afacdcb58c4bcfcdeeabdb78719e4be52f7e9d49abce33eee60cfbdf5d577a6,1605
Controller/Adminhtml/Product/Attribute/Edit.php,03ccfae9a262603d6dd1e17840c33ef739934c90e7ae22f02f714d4811620126,2340
Controller/Adminhtml/Product/Attribute/Index.php,680b4927979c5b69366b022f0fe2d96557ceec1cccdd2ad7eec253a45487dd31,602
Controller/Adminhtml/Product/Attribute/NewAction.php,0577a485274d28e6a25a77bad5d0586a6e1f51473fc605b348142ae026f0b285,1477
Controller/Adminhtml/Product/Attribute/Save.php,b39b1cf68588d404e1c4fb6e92c499b2ada4b016389558c4c8a76697a237c5ff,11690
Controller/Adminhtml/Product/Attribute/Validate.php,24f8328e39b31e392315a22a539723045ee1c7aeb9e4b38b5b7dc7c3431f733f,3819
Controller/Adminhtml/Product/Builder.php,f7855bff314bcab094a119d44a9739cb60a8e4823ae96a5b41cd3bd48bbaa124,2528
Controller/Adminhtml/Product/Categories.php,0f509d75f39d3b9cd5d1265ce6a7ee4056ec4efffad008048ec93a4b91980441,1220
Controller/Adminhtml/Product/Crosssell.php,872b90f8d4507565e8d2f3c5e0a0dd4478ea5b38dea51e66aacfbef005df0692,1470
Controller/Adminhtml/Product/CrosssellGrid.php,5e944e113cd9a6493977e2286603b7fd3c220f97174a7656daefb413b9283caf,1451
Controller/Adminhtml/Product/CustomOptions.php,d332b86c626d72ea6cd846e1049b46a6aa2e26a3568aeff5e0a2e2028ef5a0e8,1535
Controller/Adminhtml/Product/Datafeeds/Index.php,f5b545c91ab030da25a2b5b75a670bbbe11e667ce9728cd0205592755ac6a55b,473
Controller/Adminhtml/Product/Duplicate.php,a7d9cf5ba07db00f6d95022c4d1abeadf2e3738bd00b604677cf24c728911ffb,1834
Controller/Adminhtml/Product/Edit.php,dc5854990363ad5c3f71717731fdd0bf1a9f38da35c78018c170398082cfb4af,3064
Controller/Adminhtml/Product/Gallery/Upload.php,7e370be936fd6672d64c003e959ff06448ce8a7533a785f856cfbf5f20535fc6,2982
Controller/Adminhtml/Product/Grid.php,a2db5e0e1edfedafe932c4f6613dfb905d06731ae7efcdeb2af03421ac5c5e84,1155
Controller/Adminhtml/Product/GridOnly.php,55357d873ac0b399d2b237309ae860488f2eaefbf6648d30a572924f8bd51990,2034
Controller/Adminhtml/Product/Group/Save.php,c1fa2c79857af24e8075dbfd93b8964e4fcd3b27c5a633aae7144cb3a1f9e9e8,1074
Controller/Adminhtml/Product/Index.php,aefcc3f34a0a9b1f308fdad7b484434c7b57d4e32a57922da466b192ce07e3ef,1394
Controller/Adminhtml/Product/Initialization/Helper.php,3afdfa32775accca84aa7fb6f6487566b19b5c872b75b2a23aa75c88152394ea,6413
Controller/Adminhtml/Product/Initialization/Helper/HandlerFactory.php,6302a09f08c3221d6e08334cd10d97e161be70b66ec6dee5b1f2a262ea453f37,1325
Controller/Adminhtml/Product/Initialization/Helper/HandlerInterface.php,f276bfa3f46bbca15ccc8513ef3f048ef9283592fbb61b11cb20799154846651,384
Controller/Adminhtml/Product/Initialization/Helper/Plugin/Handler/Composite.php,142735aa394caead9044321328dd98ebdb1488bf40f5783ed99766fb4b917ef7,1153
Controller/Adminhtml/Product/Initialization/StockDataFilter.php,1958ca899c2635dacdc6f39128867e97fcf2d4b9319455e207ce365c862380c6,2036
Controller/Adminhtml/Product/MassDelete.php,cfc74c434defa83af77a1bbfd0e57edc852adb87c2d1a1c54b76c13645f0f3b4,1765
Controller/Adminhtml/Product/MassStatus.php,63686bd33d4b2218e057f6830d3f0ddaf0008b91ec30678c9ddc94a0642c19f4,3881
Controller/Adminhtml/Product/NewAction.php,e59828510d53888939bf03356aaa7eb12b20986aa1b9841bbd907c8abe393f1f,3388
Controller/Adminhtml/Product/Options.php,4bb8d2df5187d4dc408b26fe8e48cb71b35428f3be333daacf951ca9fa9de53d,1230
Controller/Adminhtml/Product/OptionsImportGrid.php,b0aabf639eaa836d77deebe0e9138161ba2cec3367a788a36673cbf4a54c50d8,459
Controller/Adminhtml/Product/Related.php,7751c295df3a72f4f55b13bad75ac7f238a6fde5b79bf3ca1d7bf5e68aa372bf,1449
Controller/Adminhtml/Product/RelatedGrid.php,175275791d3b41701ffd30e36252ee4da3de1df244661c0a3c0a96d079a6e475,242
Controller/Adminhtml/Product/Save.php,e82afd98462b19a4dfb0192880eb6bf0efce4b71cb8c2ceb0f34954525079239,8659
Controller/Adminhtml/Product/Set.php,cd9c237afbad886f65b6c18985eb3b2dcb4839066069292b47782251c659d9d6,1238
Controller/Adminhtml/Product/Set/Add.php,93ec9799dd6394e59b02da92c7b4c6a0d6c48184aded6b7082024b3adabd3d2a,1520
Controller/Adminhtml/Product/Set/Delete.php,6e859d5bb7b4869d876b46cb3c29bc1ac3e805073d47729898bdac5fd2dea86e,1654
Controller/Adminhtml/Product/Set/Edit.php,8bfc0ea0b07adb8cf2b7e72ac046c9b892707db61ce8e1adcbec22d697ec5f6e,2038
Controller/Adminhtml/Product/Set/Index.php,454cd0530089da43f414a46da3ecb57b1d307c7a03d1791bf1aadfe17c0492e9,1509
Controller/Adminhtml/Product/Set/Save.php,530dc30ee2adbca4c1bffd3275fbd6fca3fab4b43f9214a11ea4bdbbc09b1b32,5560
Controller/Adminhtml/Product/Set/SetGrid.php,8dd784560eb3aa2c79a64256eba93d513900f8cff52584d3cb2905a7de456198,1109
Controller/Adminhtml/Product/ShowUpdateResult.php,6dc4f033ce806ede09b13b584ad6547989af09cb581e7d914efc97575a6e4335,1457
Controller/Adminhtml/Product/SuggestAttributeSets.php,e465f68ba76c09d772da19ab0a92e8963799510c370c59342ac15f1beb3d5377,1587
Controller/Adminhtml/Product/SuggestAttributes.php,62ee9c6f313cf209ebd59a218f2ab0cc16a9c6a50f7b674604f50d688e07a5ba,1896
Controller/Adminhtml/Product/Upsell.php,b98ac604739c0187a88c21587dcc726638bbc2a32dc0edd7d6be5e3724feeda5,1455
Controller/Adminhtml/Product/UpsellGrid.php,f75c54e324a2935c446bed5d3f0226800106e9ccb1885981fd1d0b93b98359ea,1439
Controller/Adminhtml/Product/Validate.php,f9f7e434ac88fbe86ed1550d9ae0447f4932fba3f7afaa7affa1db224d098b8c,5501
Controller/Adminhtml/Product/Widget/Chooser.php,2704ab5166e8cab1640f7012ec6797c0c2f5dfa65ef3ef82d270d82a65a8a012,3063
Controller/Adminhtml/Product/Wysiwyg.php,69f0350d9f36455ccd08a8067ba293b2f76f18227af82e3c55fe51991bf02535,2340
Controller/Category/View.php,285dd5381ca18631f51f749f14e9b1477cba785801287f5190bb733925eccf7f,7238
Controller/Index/Index.php,eb94d0f9a0b5cccd70710deeb4866b9bdb93d0e300911e04726ba16f20fe75b1,439
Controller/Product.php,776abbb81119fd48786c7ee68f572a5739875989fa26d5f6069caff396047723,982
Controller/Product/Compare.php,79de59a3349934202c179ae954dc834c79e262cf427f2daf1f1f539f4ea151b3,4315
Controller/Product/Compare/Add.php,2204bec0910d281f8ad9603535ff60acf8b5fafdabb56a0ecb68637b1bfab317,1726
Controller/Product/Compare/Clear.php,3d64225127368002068bbd57fc2f378a337ae368a3a6a6d64c4e2cbc50f9c6a7,1676
Controller/Product/Compare/Index.php,b8c6df7780377191a7f237e82ab9d2008e248ab1b0efccfc5517086ff28930fe,3561
Controller/Product/Compare/Remove.php,187bd46318ec6114a1bfb76bf6d37957ef7bfc0a1bf681446473113213021a10,2458
Controller/Product/Gallery.php,091c2cd83e54d590f4967e29e8f4f79809bd11b5554dc5574f8cbb61d12e1456,1766
Controller/Product/View.php,08d28de11e8723810ab07fdc58a372b86d1b6be848c0b9859fdf07681440d110,4269
Controller/Product/View/ViewInterface.php,d1f3be0ffd6e4a9f970efce76c845ed2a3b9608614768101f0e66ca9144b8d59,261
Cron/DeleteAbandonedStoreFlatTables.php,b8ddd1bd0eddd9fe421deb24a815b49d8cbcdf6e01d8c6707bba6557ae780d6a,719
Cron/RefreshSpecialPrices.php,7487db772e233d7745dc1125e2509694f2c983654e60e153560afe956da353da,4540
CustomerData/CompareProducts.php,121507bd86b5ec64f107cf93a4a36fbcd3dca3f6883737cb51d7e54715603d62,1871
Helper/Catalog.php,7343e8e9090950cf13ba0e2e83ff4948d802f797259e388d14e32a35eabf01e1,1617
Helper/Category.php,cc6421365dbdc7a74eef7fdc15642ec960aeb20406bb8429ec69fb6c60514bd5,5221
Helper/Data.php,57695b8e3ad7664aecd31c8de952718753ed19eddc78212f7af58d4b2dfc6d75,19533
Helper/Image.php,58f48926524b835febfd551061e71d615536014a03f1c85b3a47a8c1b14ac754,20037
Helper/Output.php,f05fa5de2d774f64ffe07a16461a1a4aab0837e95a5a1881877b7654ca0eba6f,5604
Helper/Product.php,90308cd5da2ff34a92d4fd185f61295e6f890a297d08dc95a70e775d7cebedd0,18079
Helper/Product/Compare.php,97b6bc8640e2d744a2d68502887fe2fd6410483875692d6049b9306d3accdfc3,10941
Helper/Product/Composite.php,f2e5ba0b411c2b84724f5c4a055885c44f9c14ef27669c22953abeefc742bba2,5845
Helper/Product/Configuration.php,e533e00625911bb6a5426b4493d06373cf3b2b70643458eb2bb504da1da58d65,7720
Helper/Product/Configuration/ConfigurationInterface.php,8f34f15992806a1374465b5406309b421441450ddd9779c3c021e29bba60b131,534
Helper/Product/ConfigurationPool.php,fbd27aff30f030f4231ea388744a90cdc36a72d591e51b29fac4117bc07be440,2124
Helper/Product/Edit/Action/Attribute.php,324cfb6d8f317f9695d8c52db05606b3fa84b23a533ac5b9a6de5ddca9cb698d,6236
Helper/Product/Flat/Indexer.php,3e39ee819e0bdb6766e13b7e00353d66ab67d8e7ee0e6d211ce7a7efaaaaf7c4,16540
Helper/Product/ProductList.php,0c0058092a04c5509162117bd7dbb998413d5567161aa8eb1ed6d427547501d6,4164
Helper/Product/View.php,29efb3a42a01398619f198b2041c7575f51d3eb07164bc7ae9e5cb70187b017c,7910
LICENSE.txt,4c8537fd5431aafcb0ab22c49cba68febb59dd3595210f6c6c3b9212de0a7b49,10364
LICENSE_AFL.txt,49d9aa4c0615ff95305681c358fa1575f54ed3a512b016f61c71d6784860dd8d,10376
Model/AbstractModel.php,6b168db889c474d46fca347fccfa44d7885c6e7abf4a34811bdc1032fc47d3a1,9374
Model/Attribute/Backend/Customlayoutupdate.php,02e48a53c5f138da38d26df9d94a5bbe3f49454446f554413c2e12eeca5473ba,1845
Model/Attribute/Backend/Startdate.php,f007e0339db68f3a89c4e0dbc3a42c0e92750c44ef773ce5b54579cde2ee5a22,2970
Model/Attribute/Config.php,a07b80545f53fa4f12f3071e6b8d6a24e1847684d2f1c3d92a45243ff5709dbf,896
Model/Attribute/Config/Converter.php,d2055495f72f22a4609d416a4da50eb7c8fe349a025b6299b6c9eec2ad8b4de4,1249
Model/Attribute/Config/Data.php,39a50cc81a1d2249890a71dc9c2537712483354d191bbe958fca18f555acb0d1,705
Model/Attribute/Config/Reader.php,c7684cacef89040ab86075bd7f1d50e97a7ffe53844f183b72998f7da9e06fb2,1641
Model/Attribute/Config/SchemaLocator.php,22c09fd9fe5c0598eb5c3e1cca8f7367d0466f2740ab5e322e0d905e7386fde5,1032
Model/Attribute/LockValidatorComposite.php,91d5b3697ac736a2cdc6bec18cd83d4b59de03a7d9894782512485aef3448334,1463
Model/Attribute/LockValidatorInterface.php,49b0dd370b642e3eac23809355812814448cacc41a68f828d4e3656e2c553a6b,584
Model/Attribute/Source/Scopes.php,71922d3bfe7cb231bec4f2be4e7e021d273462aa11261aeafb8d7d5068522cf3,837
Model/Category.php,3f0569925e98192570b2b1d1005db6cca461b9d99a54878b31ffbe0039fe654a,38867
Model/Category/Attribute.php,56b0d696ff3204cb042406d6e65ded46b8cf3193ca25970495e2b0a7b8e1b098,8443
Model/Category/Attribute/Backend/Image.php,ba2286e67732284274c7c455741493b516728cf24d608490738863e3c87aa370,3160
Model/Category/Attribute/Backend/Sortby.php,4bcf06786a6370846d3166bf0d366427c956ffd62b832ae78815888319fe7cde,4082
Model/Category/Attribute/OptionManagement.php,e35c9dddecf394a12b2333634cb4154922ebd986199698d4027e3f290484d802,1018
Model/Category/Attribute/Source/Layout.php,92e072b2df72b9689aa528bf11b1ae069f3e746b866c1b4fd0cdde341c7656c5,1160
Model/Category/Attribute/Source/Mode.php,40535cc58d56b17143f0a01af3e623bb5c6f7170d78bb634e105c7ce207e87e4,940
Model/Category/Attribute/Source/Page.php,fe5519de94329054bf76c6e52147a99f71b92af237a472aa4aa34fb61b0f450d,1161
Model/Category/Attribute/Source/Sortby.php,9df127f5d2d6977b8e4c8418d4674fccd0572bdd57231b44e12e9a139eccb173,1486
Model/Category/AttributeRepository.php,0f97fc934b95db500b538b53f5b1fe644d184b96802d609f84d363088c76cbd6,2752
Model/Category/Tree.php,de2432c3c7df83284ca6b47fd5caae2340e5dd2953b2fae6c431e5cd7ffd2e41,4646
Model/CategoryLinkManagement.php,ce56e300a55b6e2ee08abfdbe90495c753c8b239eb080f7cf06ef1754e1ab7b7,1965
Model/CategoryLinkRepository.php,70f7edb78ad12c5e74ccb38848d504e9fc254d327eb518f38355ecba74a7533f,3388
Model/CategoryManagement.php,18a704b81300453944e4eb46b37cad2ac158f58f9fafdc3546c54aa3e86d6951,2964
Model/CategoryProductLink.php,e631352cd407ff14c246bd204304cab8550560428b0f4f4cb244b402e7c4a335,2098
Model/CategoryRepository.php,85ac157b6d2e494be07f6034e5cb217b405b4b27751a1e788817f7cef7e8e247,6427
Model/Config.php,1f7a9748d7d243cf1f5f3b820d84826df00232f5a2419dc90a1d2c6cca7d3a79,14139
Model/Config/Backend/Category.php,a034ac0d1d95145c51463b269ae58e6810bedf6d684c82cce616facd1e35d5cc,2559
Model/Config/CatalogClone/Media/Image.php,9af78935fbac1e3c0a268d4b323ca4487c5fb6b692b6b45d915c71e0d2f96359,3017
Model/Config/Source/Category.php,5decca473c4cbb544a6ee1fa4ced6c82c49388f20b469629b4b97e7189b681bc,1579
Model/Config/Source/GridPerPage.php,d199492b3a8090071669cc6f7dcbdb035c673c9acd19d9ffbbaa0de923bc6827,889
Model/Config/Source/ListMode.php,76ea29f6bf812b0ced429bab8e62505c97ba6c5318d0196f325fef9165cc2585,658
Model/Config/Source/ListPerPage.php,b9a7484d92ff7e4a49a677e245602e9966944b9abcbee37a77c6791d621a2e10,892
Model/Config/Source/ListSort.php,d15f4b05d8e5bef3be996239404c954b168390ef4be5ab5f309f8730f1b10e21,1397
Model/Config/Source/Price/Scope.php,7f90a5602671f81e4bd999cc78aa58e15357ee869d5735748de0aab0e3b75ae5,460
Model/Config/Source/Price/Step.php,11628d2de5573ca8537fd32b574c2d23c29ff1035fe571bc8deafb32543732f9,944
Model/Config/Source/Product/Options/Price.php,92940228e0861d78d18dac8a588d16330b7d82b2e06bf16b53ba9c5695b5991c,611
Model/Config/Source/Product/Options/Type.php,f5bcb1b0601320fbac08698cb4512ede0ab5870f26be19ce759bce39a888b127,1453
Model/Config/Source/Product/Thumbnail.php,8027fd4d00470e17a26b4399746086ada0bbed18ab310ac229ffad48fd234fcf,735
Model/Config/Source/TimeFormat.php,afeee4168dd2c0a2c726c4948e44915022f001d169b04dced4017bb46969f1b6,496
Model/Config/Source/Watermark/Position.php,4026029316926be289a3e7aec1804bfd761c739c120678b0ea76ccd09f76844a,984
Model/CustomOptions/CustomOption.php,f58edd44815640d4e4ac3da43c20fecef8e5cec81e03e65debb9a7d9a58ff7eb,3107
Model/CustomOptions/CustomOptionProcessor.php,e5c64118eb26d6fb0efc796e1a4d32f0733e817ac7f58e1e6c0082b0d22f0bf3,4562
Model/Design.php,9658490d426fef9021b4fcc0760f7c7782edbecf9dea7e0690b50cca15084f71,4864
Model/Entity/Attribute.php,64d34b42653b448d26dc7f4f7c1e9d198e79afeb86b44d5bdada54d007c540ee,7264
Model/Entity/Product/Attribute/Design/Options/Container.php,6a6cc958deec45721bb7bf98fec9a398a6ac757f97c029a5ad30387d19c3c677,988
Model/Entity/Product/Attribute/Group/AttributeMapper.php,ee9122a29eb0b860e7b62c7f08bb51c9face0a76f0b13436e243dd09baffe3d9,1470
Model/Entity/Product/Attribute/Group/AttributeMapperInterface.php,5f00644ccd80f45b21ac73f3beabbde31a51dbd067928216988107f8e45a690a,512
Model/Factory.php,110e0c2ea2c10d2ef37b958fd948197c2abc35d520396ff1334a77e848da9953,1257
Model/ImageExtractor.php,0f252aca2243dd03e66983a2229346d06198227c8006a8792f7aeff9dc59167d,1474
Model/Indexer/AbstractFlatState.php,eefc8aba815a89d96035388c46b6b92ab65da55f7c5efe334ed8f184bb489080,1740
Model/Indexer/Category/AffectCache.php,6dbcddf5df60228540f7879180be187cde83f45ac9eefea3d42bf6e076abf1dc,947
Model/Indexer/Category/Flat.php,d04edeeb2a24b35dedf5411981921fe7b00de1689607af129fc6237680aa90fa,3045
Model/Indexer/Category/Flat/AbstractAction.php,efeea4f7c3dd83907e2f6b338ff7d17ec1100d184e0b7002d0074ad600c55bb0,14961
Model/Indexer/Category/Flat/Action/Full.php,fc06656f8d11b249443b455122c8cef25c45bb9376bc2de19b99789d0e005e05,6250
Model/Indexer/Category/Flat/Action/Rows.php,839c3b8596cb08469063a749d3ca2debe076fe5bd784adda9ce4d1e71ed5f9c4,5952
Model/Indexer/Category/Flat/Plugin/IndexerConfigData.php,dd2974692e660aadb854976cb242b165821cd6b184a89dfd4e71de0db39989c7,1529
Model/Indexer/Category/Flat/Plugin/StoreGroup.php,f200359e982362e095d76b18d5ff50904ef3403ce1835303e7e1865bbdb9ae2d,1988
Model/Indexer/Category/Flat/Plugin/StoreView.php,7388a0250a3f829ecf8bf416bef4514a8f5e0cb99b803498bc9d140faf925141,539
Model/Indexer/Category/Flat/State.php,5ba919dd6dc229947296b4beb3109ce3043c2ec662b9b46033731a3a8470e4dd,478
Model/Indexer/Category/Flat/System/Config/Mode.php,bb8e828868eb89a95f88a48967645082a0f2f12aef024de3a2f024474f0d8b66,2809
Model/Indexer/Category/Product.php,44650fea2fec659baf34aab40f44dfbb7558915abaf1a04a3f17a08d60cd24b2,3672
Model/Indexer/Category/Product/AbstractAction.php,b9967a82b612874d590c29fd9ba2555a5c07efb70a929c4971791ce829cb1233,20491
Model/Indexer/Category/Product/Action/Full.php,e592feb7d94e43236daff4223ea616ce8a9ed618077efbc35c9655e27392f5d2,2523
Model/Indexer/Category/Product/Action/Rows.php,fb1b518eaf53c488a73c8ee469ce44c2bc50626478782b270f32c11214f1ca6d,2823
Model/Indexer/Category/Product/Action/RowsFactory.php,4adcb298a05b9077053059546e5e4df1097e5b7bf81557f41694cbf4dba31951,1771
Model/Indexer/Category/Product/Plugin/IndexerState.php,1b8da6edaec9b2e39069f6eaaf90b0e858b3915d9a58d35182d3afe04a3f3887,1477
Model/Indexer/Category/Product/Plugin/MviewState.php,ba86bd127013d1a03cc0ccadec1fe37137290bd406ab92479c74d5b4aeaf21e8,2838
Model/Indexer/Category/Product/Plugin/StoreGroup.php,90fc630ceaee92d3d4e059bc7102f79a40b65f9b296cad569badee1e3e17ab0b,1708
Model/Indexer/Category/Product/Plugin/StoreView.php,716384262789bb557cfa358de10732b309018a62b4f36d5e75418a2fb538b2fc,542
Model/Indexer/Category/Product/Processor.php,2c4da04dfe3408e0e9703eac92fb578dc4945ecf47e546ace0d5384735f14780,365
Model/Indexer/Product/AffectCache.php,51022446ba35231422eca9ae0fa1e45a36b764a7f7cf386c93270bb5ffbca410,954
Model/Indexer/Product/Category.php,45e2084d4aae87a349ca355ed5c753a5005d0869f8cfb57557a6e3e2a2f0bd60,1544
Model/Indexer/Product/Category/Action/Rows.php,fd3147c51cd861f65ecf3c712c7384f31a2e7316fdc405862c18d60275d94b0d,2461
Model/Indexer/Product/Category/Action/RowsFactory.php,02a1386546ff2ad9ed31c9dac2fd2877b2157dd2c6ba7302bd52d00a1d8a4397,781
Model/Indexer/Product/Category/Processor.php,2146044a4036649fd1490c9094d4f18bff0416c72cddf224e3db72b1004591cd,365
Model/Indexer/Product/Eav.php,22484a03afa72dea2362f26604f990b4d69fc92e8f63cbb1bd03ee57713188a6,2977
Model/Indexer/Product/Eav/AbstractAction.php,8722c440403d21363bd4c9b75430882acd14d717c66f7a2ad22fb30c58d4399d,2696
Model/Indexer/Product/Eav/Action/Full.php,af6ac1aaa8e3cdb50b7f6fd62cca9a2cbf9b28491055ae36854bbb9cc8e300fc,754
Model/Indexer/Product/Eav/Action/Row.php,b52fbd78d7ee205508acdff7808ba506661f0e6ab0c6e0b8c28539a800a7565f,960
Model/Indexer/Product/Eav/Action/Rows.php,22015d3053483792ca3555d43aed5f8131f3330bfd28f309c028a78809ca326e,899
Model/Indexer/Product/Eav/Plugin/AttributeSet.php,a0d3848fee6281e76b8cfd3b14c1e0a91aae64113e73332a6553291ee7cc003e,2146
Model/Indexer/Product/Eav/Plugin/AttributeSet/IndexableAttributeFilter.php,11aa8551a07a48bb96c885ff2a95ba3eac84d872bf616d1a58d49b617bb13771,1882
Model/Indexer/Product/Eav/Plugin/StoreView.php,e5ff27815ee2868e67cac81431f20527857488bf5f7624223e40b261454f04f6,1243
Model/Indexer/Product/Eav/Processor.php,2d0ff50f6efdcb091e227806c0f1a98b467504abafc052d941ab45832e247ebe,328
Model/Indexer/Product/Flat.php,c4fc2686c4f38d88976c03ba7d1ede88e5525da37df0113b2236913728882709,3006
Model/Indexer/Product/Flat/AbstractAction.php,d5d7fd9ca7b5845c8a9049c9c1607b5ee6b74db5fbfe66ad8237ab2a0af8f529,10606
Model/Indexer/Product/Flat/Action/Eraser.php,38f281d7cb878f3eaee4a2b4555d2ecebeac94929a625418290793bd3bcdf9e1,2894
Model/Indexer/Product/Flat/Action/Full.php,6f1c464fc98c98301a564cf955f3b2dbbce07db5d6c5a46b0d535b8cff3cf069,970
Model/Indexer/Product/Flat/Action/Indexer.php,5b8ba11f988a6465d489d6b7ccc94f571191ecae25fa291e545328757783259f,6924
Model/Indexer/Product/Flat/Action/Row.php,b62c958259c9dbee38262fcb6b6fb629e6cb7df806dd862df15ea67588877ac1,3091
Model/Indexer/Product/Flat/Action/Rows.php,136f2700fa1b20c1f7a5b20f45da25f88148c6253ac4d87be8495d0ae179d111,2621
Model/Indexer/Product/Flat/Action/Rows/TableData.php,e8f6c762eb152823ad0df06a25a7893a894c0ddb467833bf910f29f861267df0,2279
Model/Indexer/Product/Flat/FlatTableBuilder.php,b2606abca93e42af7f386a5a725f7df2d068636c0582f76133921524d90d8a60,13400
Model/Indexer/Product/Flat/Plugin/IndexerConfigData.php,836e6d0a3b22fca03448a18b8fe9f7efb558173e79250ab94042f28b6fbaaa76,1506
Model/Indexer/Product/Flat/Plugin/Store.php,8cb388bf196baacf0c646b0766a0f8e04c17aabb291461c8d0c521f5c08d1964,1272
Model/Indexer/Product/Flat/Plugin/StoreGroup.php,e11719a032859d6c512a8041d2ae1e9aa5696618f81c2b08a3aaf46b0a03fe36,1285
Model/Indexer/Product/Flat/Processor.php,6980b49b79973a466ce3b4479c0a09db286fd592ed909e2775e0f03f8302ea03,1925
Model/Indexer/Product/Flat/State.php,69a1f739899f832026bd4e43cc4790d512e32e3201b2eafe0081b9d10a8e2b14,1480
Model/Indexer/Product/Flat/System/Config/Mode.php,c19187ad9bf1911ee3fb96b9e73d5945301ceec73c22dd6e974a7d147a991f1d,2866
Model/Indexer/Product/Flat/TableBuilder.php,b42320f190965c2b203e06242697bd08bdc1602c347b50bf669963e2b1a7b918,12418
Model/Indexer/Product/Flat/TableData.php,4a9f48c774558491d7ccd813dcc9df95541dc3a12cc0ba65847746ed4d3d3cb4,1480
Model/Indexer/Product/Flat/TableDataInterface.php,c728687e72a4621972dcf7c0135321ec26591f71726c8844a83a5423bdd6f6c6,523
Model/Indexer/Product/Price.php,007ab55b18176b6a774a3c9a8b0a9178b59bb37512ffd8c1ba1a602840d2779c,3035
Model/Indexer/Product/Price/AbstractAction.php,cb9a34e9344526b3678531d9ec9955362c65d84eb733792bd9bff42c5c4d3fcd,15131
Model/Indexer/Product/Price/Action/Full.php,4b91f01962111c3a4d41e369a8b134511ecfd0beec44edcb2bb30ce47aae3789,1082
Model/Indexer/Product/Price/Action/Row.php,3d2c1efc71e46ef7f7aab7381423dcdd1963e810f9c163f3d4046dafacdbea06,974
Model/Indexer/Product/Price/Action/Rows.php,8e2bd35f3c783be85aeae6a5f58bdf0016aa58b054bebcdcf8b441626661e8d3,911
Model/Indexer/Product/Price/Plugin/AbstractPlugin.php,f024faedcd44c0a51ec64d2342a68076def5cc892aad2101762005ac1a16d02a,794
Model/Indexer/Product/Price/Plugin/CustomerGroup.php,aa82f58eef8a4033fcaf1c7b72e625ed7fe195420d8744d97ad268295a075738,1479
Model/Indexer/Product/Price/Plugin/Website.php,900d984a843520da64eea0e6c1c43aa5f48cb9a6d5d9d779cfd05db7ed1559da,1041
Model/Indexer/Product/Price/Processor.php,80abf21ee1fc8f3e540a3f48fae96b329cc9f8dc9e39d13557422a11601cdb73,326
Model/Indexer/Product/Price/System/Config/PriceScope.php,5b68572009ce7d3fa44f95dd9f660c33d2b5242ea639de41a693d095bb5bce94,2174
Model/Layer.php,1b33d00536540cee643d9022d2f9a0c0004f45c8bc9367c98d2ea85ec5e9cccf,7969
Model/Layer/AvailabilityFlagInterface.php,b2024c95975581dbbc66f11cfb0d8db32e9b52e13bac82d9ce7a2377eee1af8f,405
Model/Layer/Category.php,bf50637c77af4513b322b613be667fa80e94fc381e708975b1dbdd19e4b743af,1575
Model/Layer/Category/AvailabilityFlag.php,d4acc7fb64600f6b5c68e09f1b1590ae4a96bc8b1878ff79a9b3bba2e27bae2a,887
Model/Layer/Category/CollectionFilter.php,e832c218914bfc4625293395bdf67c90b19ac2a8b7f174847c2d025ad5ec1f07,1672
Model/Layer/Category/FilterableAttributeList.php,f5ee516735ca56593cafaec2c9adbef2d14dee7d7e5ad62cb3b2ffe5659e44bf,2186
Model/Layer/Category/ItemCollectionProvider.php,5e81d0a0f48d941f26588c49b352294ddc8b6626c67b1f1accd790d4a9e56802,591
Model/Layer/Category/StateKey.php,6384d3c5e4e934723e184da9b803beb345aebead7ffb2b12836aa1b1fcd540fb,1241
Model/Layer/CollectionFilterInterface.php,d7cb5d8c63e9c589f31ef897659ea1a8d57ebc65c7c3cef9d0a33f476834e8b4,518
Model/Layer/Context.php,b3ae6aa51ec7451db7be8e6e9edc6fe9c655d4546a1420550c448c0bb566c322,1428
Model/Layer/ContextInterface.php,47492c7c38e70a8e83dafca2a36dfa78d9afc974da74a0bdd700fe03d732bf1c,483
Model/Layer/Filter/AbstractFilter.php,652b4ae979c19e4d4823cfd177ebffd16686ad0c1fde95a781e54f849d7229f4,9464
Model/Layer/Filter/Attribute.php,83edd67b14bbff6fd1afa9bce5fb6a70469b2ea46778211bc370d81b0ada508e,4492
Model/Layer/Filter/Category.php,48c799f65394958dcd0ec7bafe26f667f0173aaa1a6b14948d129764a55219e3,4174
Model/Layer/Filter/DataProvider/Category.php,d78e6c690cde63289f9cf2e7b7b08b409a7392626b1356785aba86eb6eb9b4f3,4060
Model/Layer/Filter/DataProvider/Decimal.php,2a67931093f7ba4940a903bda26f32a628c3616db747019a7841a673e4e12339,3276
Model/Layer/Filter/DataProvider/Price.php,a179fed291167da91a769faf508cbb259892f1e3e6c16f9f6ef44fdc86651d4c,9334
Model/Layer/Filter/Decimal.php,87e8d68e52ed541db1e5fadc6e9caf5d43765e4c9755c9afbc39e128dce2ef51,3997
Model/Layer/Filter/Dynamic/AlgorithmFactory.php,7423c2d1cf4a512b3e89835505584407ec438b4bfdd987ea1e13d66cd56f803d,2323
Model/Layer/Filter/Dynamic/AlgorithmInterface.php,fc14e5d3e94b6d21b54d59e08d0363c3bd6277b417493ed627c716a0a5dd38e5,401
Model/Layer/Filter/Dynamic/Auto.php,d3d9253a8f668373464ed04651ec02cb513af9048878e6202bae7d77bf02f8b5,3080
Model/Layer/Filter/Dynamic/Improved.php,2ebbbabe0eea44361b13ecded1d7471bac4db33d82293300143adcff783edbd8,3249
Model/Layer/Filter/Dynamic/Manual.php,ef9dca17a33326fdc34285db47bcea0c6c361e89d7c98c07e45383ff0f1a8d45,2989
Model/Layer/Filter/Factory.php,b7c9b724b27a992fac440088424fef2c39fe65037f581191745e2860011cfce7,1287
Model/Layer/Filter/FilterInterface.php,ca50c2674f6dc41b1bd8440d228ec955a70f2cc39fbffe41be6a2ee4d94292f2,2923
Model/Layer/Filter/Item.php,96044e8e402e4ecb49c78ab0cc1e34fc0fa93d1e93565054a0fb36c4045c7924,3362
Model/Layer/Filter/Item/DataBuilder.php,74014bf02346ba4a68a1abc7e87b9dedded10f7100a092a2d5291b717e825850,1042
Model/Layer/Filter/Price.php,8d1f5a096be624298fd8fdbde73a95b564898651e036fec4d01771f759fd58d5,8300
Model/Layer/Filter/Price/Range.php,8c85bf261d6c19ab2d52e19dff1452c4aa6f79b0c49cdf275371d2b0d929e42e,1573
Model/Layer/Filter/Price/Render.php,b81fbe7146a883ac11fe9d2b831e39af3e778c626367b92504d76fa4e1dd22e9,2828
Model/Layer/FilterList.php,f653c12c6d61ba7a44affb461aef46c01e137b18472c734b4e0a8973ce784ec9,3682
Model/Layer/FilterableAttributeListInterface.php,1945e81541bee0b05b1955aa2341f2c4f4a683a7bae345e2af7fcadda46c1eb6,392
Model/Layer/ItemCollectionProviderInterface.php,9dd4c0abb0e0612824524ae624c9fae3f72be57c699dac0adc347fe6b4a3268e,426
Model/Layer/Resolver.php,b52c709144acc2041944006d4e21bcd546340359422ecce7769b068edbb11b96,1812
Model/Layer/Search.php,bbe72177e49773c2b0bb45c80092594e45337bbf05df40ca2504620ee0b19ef7,1621
Model/Layer/Search/CollectionFilter.php,bf246d9064b40364b07a4982d8eefeea7762cd0fe5d7829944667aca6bda153b,1893
Model/Layer/Search/Filter/Attribute.php,62fba291a982ab7555f85ef2cc3006e85aa84367dbbd32e1045e5b5c549e9960,585
Model/Layer/Search/FilterableAttributeList.php,c0f01c125aab49c63c39e5f538491a7ad899a64223fab86ae09553d18f8cd7fa,649
Model/Layer/Search/ItemCollectionProvider.php,b94da416d6234073326c7c52dc8a14d237d0cf18b406b8682545a3f8c2218afb,938
Model/Layer/State.php,ec4147f9d76d11662880079b4184f1ea1a705556d5007cea00dd7ceb15f74034,1432
Model/Layer/StateKeyInterface.php,2e55663eb932f72b8af66004bcc36e637c048e34ab072a6b1f377a190b7477cb,355
Model/Layout/DepersonalizePlugin.php,dce67bac618a576f097ccf29a44c62fd956932b5fadb9bc04ecffa3c9f24100c,1419
Model/Plugin/Log.php,5331b99b231d3dce05ff34e1a97ed9618994f15dfbb451351751c0c65b8c2c4f,1179
Model/Plugin/ProductRepository/TransactionWrapper.php,7e59ca9d341bb9d5ab238e1ce5ee62d83c74c7454c1ddc97e8ee674f23a5d708,3150
Model/Plugin/QuoteItemProductOption.php,02c5cfc71bdb5702a2904b1d92e1c774e05282bc8d67aee57a7bfe2570b33280,1744
Model/Plugin/ShowOutOfStockConfig.php,b662585a0367cd2b83fe64abfe0ccc4c2349db76608525b7aac660f76992dcdd,992
Model/Product.php,a8961b0761f6a603d13721e8a1181070bf1ef561561109b925092e87166c61a1,72040
Model/Product/Action.php,3d341abf5f34f2560499a95e808a3cfab8da9513d14af363b733474ef293df62,5810
Model/Product/Attribute/Backend/AbstractMedia.php,f5cefce3d84ce495928ab7e1fccc6e5db904007a888db5038e30ec108496dd43,16194
Model/Product/Attribute/Backend/Boolean.php,4c7c5b31ea03e7d86a67ed5acb2d84f8b8a2673c355acf0524c903add266852e,782
Model/Product/Attribute/Backend/Category.php,085e7b03d61f3fa06bff581df90d569316617ab6a528f7af28c1b56b95f3a030,715
Model/Product/Attribute/Backend/GroupPrice/AbstractGroupPrice.php,8fc81c6b927f5ff834720ae7c63825f603e2806f506d06c2bb06ca05a5ef7257,14851
Model/Product/Attribute/Backend/Media.php,808dd02af551f959a3e39eb829bc199e561177d2eedd09b13aaa640bbc52d4d8,13385
Model/Product/Attribute/Backend/Media/EntryConverterInterface.php,cdadf3cf25682c6b2bc9411216fb6840a6eac8ffad164c6add70f89794afb1c1,1079
Model/Product/Attribute/Backend/Media/EntryConverterPool.php,5341c6ce0e21c2cf2b2373180c2881e38bfa9e785bcf8372b6cb96c70ac1fb9e,1630
Model/Product/Attribute/Backend/Media/ImageEntryConverter.php,65f5aaf0683e2d4d15db5fd33e0d9d4545344eb6fc2c6a8f93d5c828fbdd9af8,3568
Model/Product/Attribute/Backend/Price.php,6def1be6233529e14bdb784ef00cf55afbecbdefcd42d732941bebafbdac1614,5483
Model/Product/Attribute/Backend/Sku.php,74cf2361d4fb14533c7f7a437b8d9fde415c9727d0a70ed9a23ec7ad10cd20ee,3802
Model/Product/Attribute/Backend/Stock.php,f6947bf195c11b8039441c1725b6d6cc6fe93aa60474efc92b3a5c92bb3cb7f0,2520
Model/Product/Attribute/Backend/Tierprice.php,830d5291d06d065de12c3035d1a5595ad1257169adeadee2342fc8c0a1dd0479,3525
Model/Product/Attribute/Backend/Weight.php,c0a873523ddc7332a6e968fcea8a7e1a105a3202828e82a3a378ca6e898a4b8f,1619
Model/Product/Attribute/DefaultAttributes.php,23817fd2beedcaa078ec0a379162acdb6e56524e693a80b3e0e1070db3137531,634
Model/Product/Attribute/Frontend/Image.php,5d4e4e3158d496a67f7073401698b3ede30ba2a634decf5f020eb0ae95aa1a97,1318
Model/Product/Attribute/Group.php,142ca48873472eeecb4097d0c32c1e69fd40625629524f8c317931ad88c840f2,2807
Model/Product/Attribute/Management.php,7134828fbccac67e0248db403aa417f51ca7037878db9a319c55738552a144de,1548
Model/Product/Attribute/OptionManagement.php,5d3207b8bb7f52499d0bc531ee0d0817da4fae343d107646acb435698b6a72ff,1762
Model/Product/Attribute/Repository.php,0b304705a71330e3740da29448ac2fec24d6d875582013e8e2ea75ff3face964,8830
Model/Product/Attribute/SetManagement.php,0920b9788c65a35118a426ace1875eae225a77146ed8161ff36291f47d8cfbad,2522
Model/Product/Attribute/SetRepository.php,09c41c9978c311933f529d9cd8f8abf869f0bf53951f711be050cf0133dcb1db,3896
Model/Product/Attribute/Source/Boolean.php,f6612c24befca45452f3e21ac83c30933b3c7523025213745bdf80bff619bd36,802
Model/Product/Attribute/Source/Countryofmanufacture.php,749c6f29f9ec483b44c4bb7f3a2e86396e0ce759a579eb9a766fea444738e39b,2128
Model/Product/Attribute/Source/Inputtype.php,c3ba9ca48e81e08ee51f73565ddb4c686740bdc8f31dc24874ae2ecdf7bee1b9,2052
Model/Product/Attribute/Source/Layout.php,c2f3c89ab274fc3bce4aebc8776148280bc138bdfdd9938fb8c1e2799e252d26,1157
Model/Product/Attribute/Source/Status.php,982afe856d89949fa7c7d31cbc5b90783840fb05d4d1ecab3c9e72efe567d2e6,3845
Model/Product/Attribute/Type.php,78f9bd120009cab314bc377c7e9771bc8ca61c124c90f19a939e667ae696e1c9,1597
Model/Product/Attribute/TypesList.php,e7080c40c900d16f09328147b37f5cafdae47965a99b7e9e067440dfdc2a2aae,1851
Model/Product/AttributeSet/Build.php,b400bc564adab4c8d765dd53f2284418879d9770f70f780dafca05c9e287dd43,2578
Model/Product/AttributeSet/Options.php,de1d5e9eb24443b9ab25fae80546bb85e42eb3f2c7d6809598cd60c3521908e5,1133
Model/Product/AttributeSet/SuggestedSet.php,a6037b8cdf3d5c1d6a8533c25c59c0c5b934822dfd763463e05aef365f8b9fa4,2409
Model/Product/CartConfiguration.php,7c63dc6d84716c96dd6451a2f249e6f870e3232638441147e02aa572777aead6,1011
Model/Product/CatalogPrice.php,c636d0eb11edec98b54975f1ade629f30db20f1646cda4d66e0f6401d6007934,1910
Model/Product/CatalogPriceFactory.php,58751ab586979495989aa068d0b3a3ec71b5341f335797d6fa7e743f7c33d41d,1216
Model/Product/CatalogPriceInterface.php,876a2fe02953cc6b11f3a5a9960f206adfaa5965c311d33a74eeada0b2928dd7,943
Model/Product/Compare/Item.php,c7c33439503f0e23cce145edabe558e185e34aa386f710ddbbbdd050532c71b6,6928
Model/Product/Compare/ListCompare.php,7a8be819cb8b5ebf1d52b90656dd5114bc7e6e83d786e5e55ca7bcd795e9a396,4770
Model/Product/Condition.php,c4b0c477c9716565435dd09e9a3e32df56deeeab81eab7b87f793a57e9e93f03,1387
Model/Product/Condition/ConditionInterface.php,e8e0e8fd4774a9f976c5f159a56b3fbfbe417223a5f50fed1cd7153c12a3d2ff,613
Model/Product/Configuration/Item/ItemInterface.php,28807ca7126b0206601388c4f4ff625157ae1294f59ebe501649e2bebef55ab3,1101
Model/Product/Configuration/Item/Option.php,6fe571118df1ecce5ce3a2e5f64a507dbf3bec66870b6fbb4387bb019daf21c0,591
Model/Product/Configuration/Item/Option/OptionInterface.php,566a1a2108588d19ac4787032ae89465f2e25b114ac5b8f58ffec08168b22070,463
Model/Product/Copier.php,fa80a9d2615b5d8f494b8a37a1fef3140e20f3dd816587288854a9a0d172b24a,2404
Model/Product/CopyConstructor/Composite.php,0c22d11cfa584a5e17c663a309335f200275f433f36ae062841db97f44545d60,1185
Model/Product/CopyConstructor/CrossSell.php,01785e79d96bdcddcc958e885e85bc0c6d08781cf32f566fa53d629110ca8f64,1135
Model/Product/CopyConstructor/Related.php,e7970ed5500c835ff4b18c1a5f7b592cf811c68eb875533489195673ba5bf354,1128
Model/Product/CopyConstructor/UpSell.php,a37b5d3a9953265878e2b5dbe449e0637cb72c63d7e21e3e24ca98c3c7c77b9d,1123
Model/Product/CopyConstructorFactory.php,d4089383415fd6d1e93aab8944ae2c2abe732314444a168589b81f3b7dbb555f,1153
Model/Product/CopyConstructorInterface.php,a63169f2b53ea63f9ab4c3a29c4479bdf8e72aaa0e807dbcb803fb467a6f8de7,491
Model/Product/Edit/WeightResolver.php,47bbc0bda1db04f69b08e68efcc49b351c793c94e5ba7a05e067da981395bad6,608
Model/Product/Exception.php,11be1fbd50168a83abee710d24d875d045bd87c3c67588fc969056df4e614865,257
Model/Product/Gallery/Entry.php,0f942e5ea8211a7fc4c46abc547e73cc8c3c8e076b1d456c92d97e6382f64707,4135
Model/Product/Gallery/EntryResolver.php,3eeb48d8f278261f6e01810e407e6b11a6cfd92471bcf445247b92dc365ff78e,1686
Model/Product/Gallery/GalleryManagement.php,faa0e29f96ce2f6927540c7e123711e3eec3960f407db924de7ef54b81425778,6378
Model/Product/Gallery/MimeTypeExtensionMap.php,ff9a9a728c110dc29bd1a22d31c1d4d2e70dbdab782606ac698c68087129ba9b,743
Model/Product/Image.php,98a2e7184fdd3bf13c4d544322c1573eef7feda2260d01a41495fb7d5b4c5bc8,23551
Model/Product/Image/Cache.php,96fcf9933245cfc34888ede0f6b9b601ceb7527eb35e64b685ecb737a03886bb,3770
Model/Product/Initialization/Helper/ProductLinks.php,f0a5d80f1ac92f1059ea05623405246106b0b52cf021803191fe851cb92bc236,996
Model/Product/Link.php,1e4b28e49ea4e60acc8a284b0db21ebb0d991b1e84faa66948bed384ec45b26c,5760
Model/Product/LinkTypeProvider.php,b3ab7645aa9f4e7cdda4a72da94dbf8b82b52543b4b337964dd2c3d56626760e,3079
Model/Product/Media/AttributeManagement.php,1440119b31e94e4f9516e87c955273f6fabc0f410d9e489cdff35fa7d62f1d2f,1616
Model/Product/Media/Config.php,721913bd238485f75ac7deeae591fc06d1db86254d5cb32378f8ec8d2da567ca,4774
Model/Product/Media/ConfigInterface.php,f84fba9e0541d899ebc2567586235c3a8f8ebb4ca4d98f62c3c60330a309287f,805
Model/Product/Option.php,def9a36c2e23a3c87f3a0794987078606c3531c9ebdbf1c17caf96feab3c9157,22909
Model/Product/Option/Converter.php,10fe0af3fdf4a7337242bec27c75d33de7b3d8a7e8f26cbdc32da7cbd0b07bdb,783
Model/Product/Option/Repository.php,55620e25f717fca7edc06f4d50160b87cbe09911ff58408d0e64f7fb2299d260,5468
Model/Product/Option/Type.php,a929ee1af1d4d1ad7337e9b7599b9a22928563a5b43fa5deb9f0e604f388da04,2224
Model/Product/Option/Type/Date.php,b2cd452b2689f67b58721150b2809e87e7bd6e675546dffb95a8866b43a93c10,12418
Model/Product/Option/Type/DefaultType.php,f695f302b3393151c5607334edfc88c30ef64baad399256bd33d7d716012e9ce,12143
Model/Product/Option/Type/Factory.php,0dbefe50ba50760c8f2912ee7ade68b545e737f589e867dc0c70a6c4711f6a39,1323
Model/Product/Option/Type/File.php,14e818ea731ca19253c30cf9e3c91d69b5c5eae6711be9babeed0f642a3bc135,16660
Model/Product/Option/Type/File/ValidateFactory.php,8298e63b1fba83823e0c2030a0a2f6c8758cdd5cb2a26d679c8bf3e571a73563,325
Model/Product/Option/Type/File/Validator.php,ab69bc211d01115730c8821f6c63b5d4c3b2add4069ef6fea81754c3bb567619,7069
Model/Product/Option/Type/File/ValidatorFile.php,efcb6ac589db90e63ea145b6d44a5006956743c892afddb33efe3910b0f3e965,8371
Model/Product/Option/Type/File/ValidatorInfo.php,1e7d41573ae03b1461884edab0dd5cb4b668772a911a436e0dd6bcce6d6a25cc,4737
Model/Product/Option/Type/Select.php,a1909b1df790a993dce2bc1a042d819a262a04c551842889cbeea2fea043087b,10047
Model/Product/Option/Type/Text.php,3d202d4cbbc2c482de09467c841bde6af350ce4d9b69ca7f2ba16ce7b4e6e01b,2986
Model/Product/Option/UrlBuilder.php,882fcced03450fa6b02f8d4de909e3015b95d5f45e85d56621ef7f2b7d27d011,748
Model/Product/Option/Validator/DefaultValidator.php,b6dcc8daae744a0a788274844b72b0a0e67c303f71ce9a5b8b74f8dab8f29f69,4486
Model/Product/Option/Validator/File.php,5105f4795c98f8351d2b0c61b8b90b4e1adc2391a37aaf04105f9c07b94eec74,612
Model/Product/Option/Validator/Pool.php,24d871ece6cd173fb6113d08e37d4617862fb15c5ea531ddfed400dbd9bc420d,705
Model/Product/Option/Validator/Select.php,f504394b14c8063886fc5383a8485049c3f503aaeaa5395b55f6cb494ddcc7dd,2502
Model/Product/Option/Validator/Text.php,6894ce28a898dc8b522174f2ee35fc9292aeb7d584c3da622e9f903ae2ea1bf7,567
Model/Product/Option/Value.php,f3095ceff0b5d7d7f8ff3735a33789c56cc6d9fb08a3a6e13b1c25ec2ca59142,10122
Model/Product/PriceModifier.php,2ad954cf3da8aa1d3a92a617c8e957c4977fa869c45df078978f568d6143a644,2589
Model/Product/PriceModifier/Composite.php,5fa225ff740ba7de23e51350365d0e7d755f6c92887111bfad174483edfc2915,1328
Model/Product/PriceModifierInterface.php,13aea6f6b8631eee25ed7402b0f7bc663e1efd1cc0170dc0066f82e5ba0ecbb1,463
Model/Product/Pricing/Renderer/SalableResolver.php,b0bdf7e335941161ae2e284f986c16b1951c0c53a59149be27e6ad2fd9ce16bf,625
Model/Product/Pricing/Renderer/SalableResolverInterface.php,0079159de4cad114135b0aa3e59655e21ca4829f2be15059941b16ab5d729110,543
Model/Product/ProductList/Toolbar.php,f30f54549a0884212126f69fb85d7904544d759728c21cf5e96c80080ef502e5,2017
Model/Product/ReservedAttributeList.php,97b7be16d08150aa9023aca73f002a1ee780ea672b71a61085c348e913b18152,1342
Model/Product/TierPrice.php,c51f513e5aae6663fb91ae7f606ba8a12e95ec9dfad5627745cf3a923b7f4ea8,2076
Model/Product/TierPriceManagement.php,f0bc2aa540cd390263914b0b89c2561feade57bfb5602206d76c20ec200dfa9c,6778
Model/Product/Type.php,7a19c6786f6ac874f2e40283bbc13365f078748c23634dd94a1c226d3329f48d,8101
Model/Product/Type/AbstractType.php,feb405cf20b6fad423b49ecdafd1859407feabb97fa543921e2deafb7fcabc7b,33352
Model/Product/Type/Pool.php,7a46f3f003affbed2adcc578ff11f1f42bb098dbff0972ef85f5cbfecddcb3f5,1292
Model/Product/Type/Price.php,daf2eb2ec70e5eaf79d519b41f05f5dff2debc8c149b4543b52d73ea0f8662ef,18128
Model/Product/Type/Price/Factory.php,dd371858e60d1a9fb9cd58a03b8543714a10b40c6745310b50a5c7df6ba261ec,1304
Model/Product/Type/Simple.php,e56912405703d8d0530f0838e6194856b1267e99fb9a4b05205dfaabacee199d,527
Model/Product/Type/Virtual.php,011d4397dafb72131b960929c3f87160f63729cb80329fecac815be4fddf817a,957
Model/Product/TypeTransitionManager.php,e9e995214df3c412cbfb63db2c4f6fb1ed638c6f03e08ceaebb0daddbc3ec84b,1443
Model/Product/Url.php,a7db3d7f92f13d7f369026df193e1d6a4d3cc2dbcccd81ddae2d89bee18b60c3,5798
Model/Product/Validator.php,6b6b2c178489bded270bb841b63d1b3d3de7b5652eb58e75d69db449b7ff3a80,676
Model/Product/Visibility.php,5a8cad05f09752446912205137ccc0bc7032254a49e2906f20a6c037d7ab980f,6828
Model/Product/Website.php,e5c1dd6b42f16c25ea04ad9380e7051de43be94a334f7953a098b7babebfb42b,2558
Model/ProductAttributeGroupRepository.php,95f3a2afb6400ff81955738373634a7506aca7a5d35ebc761ad5677b73306740,2822
Model/ProductLink/Attribute.php,8698d03a4a875e0939eb5594429761f66ff8c0b8752e3c143bf4a840864d879e,1747
Model/ProductLink/CollectionProvider.php,8c90025655e8a598db26eed245d9eb2fb29b4bbeee43b6cdff17e3f443fd9c43,1512
Model/ProductLink/CollectionProvider/Crosssell.php,09104465c632660946727da8303c5591d7a3cbe2ea50eef0ebd8ee46230e450a,452
Model/ProductLink/CollectionProvider/Related.php,734abd05b5b3add95956078112fc735aaa9634d5911fa48b9ae34662e503c9da,448
Model/ProductLink/CollectionProvider/Upsell.php,8872f9b712bd57b71f8fd1cb6c9d81380278709e3d0358a6110c7e83f3f16bfb,446
Model/ProductLink/CollectionProviderInterface.php,43d2506c5b18c1951eaed5dc129e42ee8632325826dec502a81dfaa113a29c4b,436
Model/ProductLink/Converter/ConverterInterface.php,dcf508354ba4364533798ae0634ef6662062d330da8e6e2422ce3780b04ba3c9,420
Model/ProductLink/Converter/ConverterPool.php,6ae8395de4f89e5a7cfc50b1f4fc4623f778736707c6197c9378260fc7361d47,861
Model/ProductLink/Converter/DefaultConverter.php,ffd42596d6c69c21c2260987d4fe58c5a110eaefab262f8edcb2d4516b507126,511
Model/ProductLink/Link.php,0e906a91dc8dd330be40277dd3a893af11ac4de6abcff410b23117377ec9e8fe,4661
Model/ProductLink/Management.php,e9dcf8e7885e564fde0f4c7018af4a0819164eb87b71054ea7de81cff1e00317,3303
Model/ProductLink/Repository.php,262b3773288262f0bb9eb038a3f1dd0bb50bef812bcaf8a1bfba8ff91ce4c898,5173
Model/ProductLink/Type.php,bbf47ae702b754267c1e32015bc84971f34f37ca0f4a9878450868385b9146f9,1714
Model/ProductManagement.php,bb2b7dcbc4c61b6f1b575fdc1a67612c839c0022f52ba0d204753f06a4205290,1274
Model/ProductOption.php,b17338a7f748b8ae2393d69e00cd8975f41cc506242bb9f69e9f802218f82f52,741
Model/ProductOptionProcessor.php,531f8448017bbd8cdb3c783c5751faf3d82ed5200a0b61f3f9b92c0cd57de412,2909
Model/ProductOptionProcessorInterface.php,69b534ea473a3a494ba8e08e988a429cc23cfa6d5faf0e346a7b3e8e89093a6f,718
Model/ProductOptions/Config.php,216fc8645c2664871761bc1c12ff99f705632ebefa8d57d2d79023fc5d758b3d,1124
Model/ProductOptions/Config/Converter.php,10fba2b49a87ed6e8dcbb6617f0b3d84e58a43d9b3173e96eae57602697e1c0a,2108
Model/ProductOptions/Config/Reader.php,5c66c5a4990a049453377a7feab441f54c55d6bdd5c03e81eef1b34613420db0,1674
Model/ProductOptions/Config/SchemaLocator.php,adbc3b9d8a17af29627657d3335ea2e174e26230630b40aa52fffa1b5bdeeccc,1357
Model/ProductOptions/ConfigInterface.php,75fcb4829ee01420d4f874e4e7af3296ac7d3109861b080c743454da809f91b4,484
Model/ProductOptions/TypeList.php,c4cbdb198d752c3576ddc0e199d8e1fddc690c17619e35868c27c92be98e84d4,1485
Model/ProductRepository.php,a0cfd885003a457ebf58750203197ce2c5faa209f4de6fe260824f7e30d271dd,28709
Model/ProductType.php,f817322ff20ab2cf180e2ea053d2cc232ae9ee2c1f3d24764a624f672177e288,1726
Model/ProductTypeList.php,5da1ad7b2bd72216e45c8f9f0e444f3b69e7bb246d2741c31f31b21b45cf4b91,1839
Model/ProductTypes/Config.php,6c05165c7602d86f14d3e6478b61194c0ecddb62ec38796f4f8af1278f60f761,2210
Model/ProductTypes/Config/Converter.php,2129bd0d81e90b8a4ac965629e5ed3a24a6e9f3c0a182c15070b46f50e5ec3a4,4524
Model/ProductTypes/Config/Reader.php,0efdc01869b0fb689a415f79c5103e847ce33d51dd58b3a05ccf3c347ea5f839,1732
Model/ProductTypes/Config/SchemaLocator.php,4e8e7f77a245d46163f40cfadf0a72ca464d87df2024c591a25614dfc5130262,1351
Model/ProductTypes/ConfigInterface.php,f234af3e583f1751d54d001ea58dc8d86bceeb1b1a860a2a0d72d7c908221924,1006
Model/ProductWebsiteLink.php,932503085ec1b7d0d0e20a8da946edf1ce84130fc9b2b2f7e7dba0e57b74f413,985
Model/ProductWebsiteLinkRepository.php,6a2f78bcbc6eb56a3e10446493981ff7c5c69d3533c381bbe0e049121fd1348c,2505
Model/ResourceModel/AbstractResource.php,fd711ba668d9ee55876749ce6a1afb387fa911dc70f863364384ca87da8a9c98,21719
Model/ResourceModel/Attribute.php,4ed362fdb020f57c1ebe0a5cbb5f2574913c200f42b1db813952de094b777b68,5386
Model/ResourceModel/Category.php,568f0120899d52e4535261483150baa877500abc4da25512f95524686d6cff61,29945
Model/ResourceModel/Category/Attribute/Collection.php,8afbec6b1fe52f6727bf37f2e63d732cc358831ea30113d8de674f4c0e45795e,2746
Model/ResourceModel/Category/Attribute/Frontend/Image.php,e9d967a7c10354d34eaff2de2bb1bceb48ed488203dca9b142bb70c5c5c793ec,1320
Model/ResourceModel/Category/Attribute/Source/Layout.php,d063f9d4e92c3730d583e2211f25d9c46eafc4dba5f262e1146241e63cca83d8,1096
Model/ResourceModel/Category/Attribute/Source/Page.php,61492f482597cc8adc15b608145d67766e9622df8c69045eb35583b435c9ffa8,1289
Model/ResourceModel/Category/Collection.php,091643e5435da0115ee1bd43799dfe01aa2b44c7647a2029f7ecdc50eb2132e9,11595
Model/ResourceModel/Category/Collection/Factory.php,2e71ec2bcb0f62f610773874663330df827cdefca8e2b5a99ea6d60d842c270c,884
Model/ResourceModel/Category/Flat.php,c20fb97eec8c13be35ca6c6f4b1cd79387862871627798f7706b2c5ed5188122,22256
Model/ResourceModel/Category/Flat/Collection.php,0401f87cf0929cc8cfaa8217c66c6093cfc0387df14cc322917510ff403ff6a1,10118
Model/ResourceModel/Category/Tree.php,b9e2385c0142fca7467658039a3bc4c3184f92d6cd073db5c4edca97ec1a6807,20204
Model/ResourceModel/Collection/AbstractCollection.php,69f732037193d6729ed21f9e0bc4b16ed8f911fed11b48a9f1f7d0a95eef6158,8980
Model/ResourceModel/Config.php,adb9dac2cfa46e9a795ee63b2f6f1c36e03621239578a2a0d7e1aca06baed592,4707
Model/ResourceModel/Eav/Attribute.php,df7d8a520a5bdbcd24e2efff4df6ada098c3121331cebb0319c4d30108eb9cb6,23991
Model/ResourceModel/Helper.php,2644bf125cd343ac909ca71ec92d66d01b31d696ae283d7ed724b333a2877615,575
Model/ResourceModel/Layer/Filter/Attribute.php,9287017f8d88a7490c74f720882fdd76ec4010f3edafcc6a96236ccc487675a3,3300
Model/ResourceModel/Layer/Filter/Decimal.php,95c5bae4c587e5b5673d4ff31f69e41a69e72c3dd69bb1bd600512918e6bfb01,4740
Model/ResourceModel/Layer/Filter/Price.php,e7d466fda72238a48a4d8bc12c6d537cd3be97479a2e75662f9fb7a613ecd82d,12936
Model/ResourceModel/MaxHeapTableSizeProcessor.php,beeef76022e1229350aed07d628a6ff9f28d1bb1222ef02966d7d5abc8ecfc1d,2173
Model/ResourceModel/Product.php,ebef015dc6b69e778c2ae1eeaa016165e8af5db216008c1bece15b5b538553b6,19414
Model/ResourceModel/Product/Action.php,a9ea3273c7ac26a306109f75c12af893d7c9414fc8d68dd1bec9c7109e025198,2139
Model/ResourceModel/Product/Attribute/Backend/GroupPrice/AbstractGroupPrice.php,f5610d4291da3ba8b6879ef9e16879f09ff1ee054acfa3c75a67d2eabcfaa05f,3527
Model/ResourceModel/Product/Attribute/Backend/Image.php,29134abcedb57f80ef1f975dbdbf6447d842299496e040718f7462dc13dc9dc6,2589
Model/ResourceModel/Product/Attribute/Backend/Media.php,88edea2457209a4bed4a3022d7e3589e8488cde6faaef297b46646b48461d5d1,12686
Model/ResourceModel/Product/Attribute/Backend/Tierprice.php,5fa0e43ff9a9be2f9c53c57252ceec37dc2f54f2a21e01d54a49c3f821e4824f,1219
Model/ResourceModel/Product/Attribute/Collection.php,b15a888bb750c728cdfb5e2d5b98c161be0c29e44a41f26f7a0de9cac9ad9b04,6853
Model/ResourceModel/Product/BaseSelectProcessorInterface.php,7ca42cd4e327711427d534b6ff912d15510cd5c79e4110b038a7d4033633f06b,497
Model/ResourceModel/Product/Collection.php,06023bcf45fafde15023ec1ea4bca23cb1d0ec36ada63d8039ecfdf8eaed1068,71183
Model/ResourceModel/Product/Compare/Item.php,0c841ff2930e55847dbdd78fda812e4500fed68d9729183e68cf06de3a0ec419,7269
Model/ResourceModel/Product/Compare/Item/Collection.php,c2c221f8c2880d6b4e7109f8ca6db8c2f87c83a44e31ace995f57673a4fb9a3e,13197
Model/ResourceModel/Product/CompositeBaseSelectProcessor.php,841015f6812f62dc1fab8bed3ea6281f3b6c4e48c6859a246024f4473f745a73,1374
Model/ResourceModel/Product/Flat.php,dec77c04ae443653a6cb96183f1d5ec7d1560bcafa2391bffbf87999d79aac10,6959
Model/ResourceModel/Product/Indexer/AbstractIndexer.php,bf8fea9365aaa29b029bdc19790430f91d2e4bab10659cdb6bd133b2a4d822e0,7162
Model/ResourceModel/Product/Indexer/Eav/AbstractEav.php,fc6f57b27735abe499561aba30b7d047d0104048c8ab471207aed84dc4cc9aea,9118
Model/ResourceModel/Product/Indexer/Eav/Decimal.php,342997693c31c89b76cccd4e8eabae6366cf81e3e6639c0abd5c21bd6c20fafd,4188
Model/ResourceModel/Product/Indexer/Eav/Source.php,3855c0e12d76dd820307751acd03966642e45696f5dfe2b6f97d11b6e8e484be,10872
Model/ResourceModel/Product/Indexer/LinkedProductSelectBuilderByIndexPrice.php,4abef26b33df377184a901d5fb771ed4f7e7bd03044e9094fc1445aa622543bb,2874
Model/ResourceModel/Product/Indexer/Price/DefaultPrice.php,64e987d981914922857c6fb7a8c48075ee9015efb21b43544832a8fa55215e2b,21835
Model/ResourceModel/Product/Indexer/Price/Factory.php,56db28928fbe049ea183763398c790f7655e90fa4c0aae373683880a675fa574,1472
Model/ResourceModel/Product/Indexer/Price/PriceInterface.php,66376cafa88082d6a462f26dcf60331b9a5cbbb23660b4c166018d96a7985e76,669
Model/ResourceModel/Product/Link.php,44b1e9b8d191566dd11e90a37a89f8deb6c9c7a834d5a736d69299ee9130e8c2,7295
Model/ResourceModel/Product/Link/Collection.php,2f8487130f2f081f1a751ef1f10e970aba6517d459a28ca4e3eb50e7770a93c6,3724
Model/ResourceModel/Product/Link/Product/Collection.php,bca32a9a0e57dcdb71d2bc4b3ed9eaa5b4e2ea8f11427719ab44507782b31539,8702
Model/ResourceModel/Product/LinkedProductSelectBuilderByBasePrice.php,d369433691cf2a42839a157e2781379629136b13e3e6ec8920fdcad7564be37d,3316
Model/ResourceModel/Product/LinkedProductSelectBuilderBySpecialPrice.php,b3a175d52b73e8f6e5a0e6be39405700c10e2eb7a754d037d7ebfc330af5b83d,5273
Model/ResourceModel/Product/LinkedProductSelectBuilderByTierPrice.php,5a1c63d6891892a132602873e08df3122ec92aa41ab7c183903488bce602a7c7,3362
Model/ResourceModel/Product/LinkedProductSelectBuilderComposite.php,c03e428fb74638b4d1130cb2ff788351b16f75c49c1a2fadbec6d2b40e91cbc2,925
Model/ResourceModel/Product/LinkedProductSelectBuilderInterface.php,927edadd06d1038f5c700dbe74e87a818447f15db0ac4df244783bda14cfc647,427
Model/ResourceModel/Product/Option.php,e6a9b3aa4810b9ad8a02745a5de5d12b88034cbd6cc87b02588daf890b68861c,19301
Model/ResourceModel/Product/Option/Collection.php,6de84fd6ccefc55aea58d5e12bd3bcc1ba021c5b4bf217bc8061196ff572cfc7,8198
Model/ResourceModel/Product/Option/Value.php,aa566422b2263807290dcfd8a8f4abca403dc96a80ca9f7bfc1bd48df40f7cc7,14817
Model/ResourceModel/Product/Option/Value/Collection.php,63f63fc17f75ff22ceb46abcea06a81bb54218b38e0d61cf83caa53d4b79c197,7429
Model/ResourceModel/Product/Relation.php,2c0f843a1f8a896c7a646aec73a0af81b94b4daf587c165568b054b5b7fe36e8,2532
Model/ResourceModel/Product/StatusBaseSelectProcessor.php,d4b0e8d2fe8a704e426aa9030b8f31536988e67181e193a70a671ee522c7cb2a,2161
Model/ResourceModel/Product/Website.php,4d59c94ea805c29c6063bd8e906c074d8b889a95398e2a9d8fe6cba304e5c0f5,3938
Model/ResourceModel/Setup/PropertyMapper.php,bfb1fcc6964accfb8fca38782f1d109200c9dd448263be6b79891829845717e3,2350
Model/ResourceModel/Url.php,ce8554fd2d2265afd748e41c435ecbc88d283f02d34d2b1d40c3c6360346c928,21783
Model/Rss/Category.php,f8febb54c89705f33278870f288a8e945cbead68a1f81079bbf728c33939fa38,2567
Model/Rss/Product/NewProducts.php,411e3ad9369990b00a62233c436769e43a770610a44f434c93e80dc18cdff7b7,3307
Model/Rss/Product/NotifyStock.php,f9ae88c6fbedaaaad5590b85a6800c1e29828ab39b6dcc180cadd58fef89ce28,2718
Model/Rss/Product/Special.php,ce943bd4f450f3353e6ed783156303d97a9052b180bc5a442ff059c70da4f377,2024
Model/Session.php,55ae2c7c606ad46e3e2545eb1af27509eb9ae5bb9c5efb8f3412d044cb375c7e,250
Model/System/Config/Backend/Catalog/Url/Rewrite/Suffix.php,52f7ab58b239409b64d55a1b66db6e5529b21c28029d4adb5f98b221a7397a01,6022
Model/System/Config/Source/Inputtype.php,f5882c73459be4af6cb2ff2c36805e6675c95ab7cb37a76c401e673649b543ac,489
Model/Template/Filter.php,2b7553ac599a79b1030aac3719566f913da8275776c5b81705ff9357d5cc1fa3,5274
Model/Template/Filter/Factory.php,7129464186233fce2a557fc779b79737cf9357cfb3317e8fa1d0492840db41b6,1283
Model/View/Asset/Image.php,2159b7c4dff35879f4be9850ae8790cb23fb93c682c917a26ca92ec6a4089c19,4064
Model/View/Asset/Image/Context.php,d555cb308204fa8875391211cde0732a046e6e2d91edccb22d641623787dc5f1,1616
Model/View/Asset/Placeholder.php,4b83a863f955eb36de1bafeecc2fd954afd77a6bc3f7470e86c6e3094796b572,3936
Model/Webapi/Product/Option/Type/Date.php,4ad3888b36de3071146d0afb54de03ddd218598797d3dbe3fb0d6ba2f7e7f6c8,1487
Model/Webapi/Product/Option/Type/File/Processor.php,d2068bb1cc20e08dd5f9c1907b87d5c1d8ffeadbebec110825001607d84b5c88,2415
Model/Webapi/Product/Option/Type/File/Validator.php,06c5bf61a7cc8e737699677d87843a8b1e70750c78d642dffe14f84f5987f083,1746
Observer/AddCatalogToTopmenuItemsObserver.php,7ca01d2c5f16948b29025cf2b7b0d36a7e21f5274ce7b5b18614b36a83d0ab08,3026
Observer/CatalogCheckIsUsingStaticUrlsAllowedObserver.php,6c01d50458854a98a8f4d134694621a2aad7c974b219bf9464eccd8faa08665e,1079
Observer/Compare/BindCustomerLoginObserver.php,724b0fe977cb23ea8a1054832b28191cb7bbcc550a5a5323b21066058fc8a627,838
Observer/Compare/BindCustomerLogoutObserver.php,42f918fb06de5ed2f6a04fb2c359c17f66084b4f16bd7fed0d5171ecbf8c3b99,840
Observer/MenuCategoryData.php,ebddb799e92badb6f08cdef2d44c0a7bc1f4605ebc7dcd5c55460983cbbab4df,2991
Plugin/Model/Indexer/Category/Product/Execute.php,588380c12c3bc6099f0c7d01de4cf87dac4423020e90f904db367fff10314e0a,1232
Plugin/Model/Indexer/Category/Product/MaxHeapTableSizeProcessorOnFullReindex.php,ea1c6a82458d7cd4177ca5cf378d0f2d383e89528fb5abd29c6caaba679ea655,1604
Plugin/Model/Product/Action/UpdateAttributesFlushCache.php,c6b2bbec2f59837b84d5029ee01bd009934d109cd4931051fc4314b760f0fe3a,1533
Plugin/Model/ResourceModel/Attribute/Save.php,b8a5b84cb78112ad6fa224291f38ac76661698a1a9f3a536d55e7f30a64179a3,1384
Plugin/Model/ResourceModel/Config.php,10446ed73a864b5df9ca71eca8a1cad2a970dda79360ddd81b437c0eeaf22bcc,2921
Pricing/Price/BasePrice.php,2448ff4d03eaf2b37ffe06574ffe6d201bab1ec043676e958e2959fdac0c7056,955
Pricing/Price/ConfiguredPrice.php,c6d646cb86eaf27128de4a9f5ee37891d6e723e05dba8d74262b8ae8718b283a,2725
Pricing/Price/ConfiguredPriceInterface.php,192bd58f9a79dfcbf5501031ebc0a0bb0970caa6a3379f754dee6be879da0508,525
Pricing/Price/CustomOptionPrice.php,53c64386bf82fc829cc5e10a23a33ea7a8c68e64169efd2139965947a4351d03,7421
Pricing/Price/CustomOptionPriceInterface.php,4dc2d3c7849c73a582fe3580b371c079fa95817bdb7bb30d7b208f92bf545df9,687
Pricing/Price/FinalPrice.php,17a6aa3fbd940c0098f6f1f1f516b197e8275384913a90d10f85142f93c4f1dc,2471
Pricing/Price/FinalPriceInterface.php,5edc44d6c490ec38ece74b733e7e5a6de5d39195f2cf72b5879d425fed020429,546
Pricing/Price/RegularPrice.php,f35e7b0eabcfd144c432533b9d43b653bb729e1740ba2011ddfef1baa72ca8e8,883
Pricing/Price/SpecialPrice.php,142936f95bf86a78e077e880d2831e1323d7667ac56ada1ec8ccd453705f3bbd,2961
Pricing/Price/SpecialPriceInterface.php,5068098747cc4c69bda2899461d5ae8187c7f9297d9213d32d7cd9eca7bb2ae3,771
Pricing/Price/TierPrice.php,54a205e6252aff07c989f3e39edd115e44e5403d6b93999613d73ac35b0eb37b,9668
Pricing/Price/TierPriceInterface.php,42a5e9151222c5ffdc295251eaca06e965f73984663b17e7d896aefbebd0b623,458
Pricing/Render.php,51be1e4d38241edb0ce323d0653f55917c52a8c948d06d2aec0d30aef5288234,1986
Pricing/Render/ConfiguredPriceBox.php,70b6dc6462520b5cbf326cd84481325c2dc92ce9993d58c486e7f1c7ce669f17,1137
Pricing/Render/FinalPriceBox.php,8883e60257b11f5c56524374971161bdac188d34281685052a98abf888588603,5387
Pricing/Render/PriceBox.php,daaf1aaacd658eebb5b6393358380ad1058bc52002779ef42946d405f25ecb39,2539
README.md,a7b1249a8292dcdb788de381aaf7da310c3bb7efb3b34156cdc9d79d2c1394f4,451
Setup/CategorySetup.php,6683260ceacb318c88e7db5fe26a8900f25cb37419ca1a6c74bdb37cf3d8a117,43397
Setup/InstallData.php,1c77919cfe1f956cb34b9129969526c1f70ef5a3d8069b6f0c0ddaf74437bf82,12507
Setup/InstallSchema.php,700b64bd9f90cb9cdb57bd622331d9f9787ed5a8fa6134f09e5e7c7834377f18,158358
Setup/UpgradeData.php,1509b957cc4627d0fca32abf70cca8338ec779b6994da6d72dfbacf5097fe80d,4480
Setup/UpgradeSchema.php,e8215e8c70c6e5fc1840d4ad2c90bc6260cc8582f0cfab89444b5986c123bd5b,9222
Test/Unit/Block/Adminhtml/Category/AbstractCategoryTest.php,8dca3b684b26bc2f22544279f664c97caf343d58cd5217ba48c932290537836f,4256
Test/Unit/Block/Adminhtml/Category/Edit/FormTest.php,fc3b54f09d3a412bf5d1b75e14c1f53883e231d9da1c7719d46c679368ba7070,5347
Test/Unit/Block/Adminhtml/Product/Attribute/Edit/Tab/AdvancedTest.php,2a021607d2f017684a5ef91e044025fc20c9ff7bc402684eb17fdbb8818ddc5b,5385
Test/Unit/Block/Adminhtml/Product/Attribute/GridTest.php,7e8986fe3c9081e8618949f5fc9021adfd0b0e0bf908576997aede509fb50872,1712
Test/Unit/Block/Adminhtml/Product/Composite/Fieldset/OptionsTest.php,09b961826d3d72a08798411e3d0f094c136d9f807a3bde43f0fedfa60324c7b7,4650
Test/Unit/Block/Adminhtml/Product/Edit/Action/Attribute/Tab/InventoryTest.php,fe3733330a7472fa027a800abeb2d118899cd2e2529aa971ad6185b1ffd0daf5,4681
Test/Unit/Block/Adminhtml/Product/Edit/Tab/AlertsTest.php,322ec4d1e5ed6c9a35a47f498bb392bd9e6954f00817127ba7d324657ea09b1f,2136
Test/Unit/Block/Adminhtml/Product/Edit/Tab/InventoryTest.php,10ba88327bbab996ed75b66e4e9d1110d7170b92614b2f0026b2db0fd72e9073,18455
Test/Unit/Block/Adminhtml/Product/Helper/Form/CategoryTest.php,2447c26544755b740d8f2aa21272864bd5aefa7dcdfca0e9bd3038b84eea665e,2203
Test/Unit/Block/Adminhtml/Product/Helper/Form/WeightTest.php,735a573c7d2a99fec627e3ba46893b7aa124a28501d691ae83019369c47658c2,3508
Test/Unit/Block/Adminhtml/Product/Options/AjaxTest.php,27a783a34a3e2d33b821d2c797c918d35d5cffff2ffcb03d17eb139d1d1e7819,5240
Test/Unit/Block/Adminhtml/Rss/Grid/LinkTest.php,3b37dbb0e28f5f81643da5a73541c40ed6a33e2c7911648402e0fb5040e12769,1680
Test/Unit/Block/Adminhtml/Rss/NotifyStockTest.php,63a1fcbb670ed717782483b57336e63eb9187c0220b16d2f74bcde4aa5c1638e,3975
Test/Unit/Block/Category/Rss/LinkTest.php,73d5da0758de69c8554cfb69b44ca25656d62b39432623fd9e586cd0385ba939,4283
Test/Unit/Block/Category/ViewTest.php,8e62595e5bc673df44bb53196031969730f11031d55732c443c6ee1299af2514,1231
Test/Unit/Block/NavigationTest.php,7c13e9bb00ee9b8e9d2b23439abb045e27dec18355267f357d86b26de240dd3d,4416
Test/Unit/Block/Product/AbstractProductTest.php,478a7d10b1798b19a666dbf9060b2a4ad12e6c1f5210dc11ad6cb6820c458562,7811
Test/Unit/Block/Product/Compare/ListCompareTest.php,9882f35f8e161147bf23ff9a7356a71e3acbd48125ccd2404112956496827004,2526
Test/Unit/Block/Product/ContextTest.php,3addb90c5624db209e47c0882f4d03cc1d8090b6c6629e357bde2c642c49774d,1865
Test/Unit/Block/Product/ImageBuilderTest.php,a30898ec9a867144cca31cfaace7a01f0c7e211f969bfdd274663a2171797853,6240
Test/Unit/Block/Product/ListProductTest.php,3cba0c0d3f324b76cec0ba0eedd7e7e4600022f6c19f394a65323608950a0e91,5739
Test/Unit/Block/Product/ListTest.php,c4fa691d497b8c99450abd6e9786ebb05af4d05b8bc8fd134b8832442ae77885,942
Test/Unit/Block/Product/NewProductTest.php,d367d919d6460401074d4d9f16ced369056b41fe66601f2e07a30d2b8d9fcb81,894
Test/Unit/Block/Product/PriceTest.php,3a637cd28de873041718a8bf06d72e231f93b4bba8c3b54c2a372f66bd960124,1026
Test/Unit/Block/Product/ProductList/RelatedTest.php,8ebd1e55f3dde74066c77316518021b09035d4385315bcdaab97a7f359e207f2,2782
Test/Unit/Block/Product/ProductList/ToolbarTest.php,9504c024d173cf6e4236bdde1084daaa88c4fae184a39e64c230f06ce6dbad5e,12344
Test/Unit/Block/Product/ProductList/UpsellTest.php,ce52739ac80a152c95a046ab5ef8c1fa52e660cf6022615179b011ff254438c5,1274
Test/Unit/Block/Product/View/GalleryTest.php,a5c5070f5423ed08927d29d682f0df14627252b5ab3c5c6267be5166bbb53793,5195
Test/Unit/Block/Product/View/OptionsTest.php,56938d6f8769e65fe80fdc06e931f262e7341c88d6f2b8354baa3986046aa9f3,4811
Test/Unit/Block/Product/View/TabsTest.php,82d81471fddf867fe72806b0b37dc923fc1379c4cde277874596b38db490738e,1104
Test/Unit/Block/Product/ViewTest.php,436d1defe735abf9baa4019b553416ceb0dbf15ad0f73670d31fb9b3e01ecbbd,2805
Test/Unit/Block/Product/Widget/NewWidgetTest.php,714d6a44b16e126d6588285260f819a4b7f7927558b7ebccf1b63877137e4e02,12693
Test/Unit/Block/Rss/CategoryTest.php,e83e4a1f4c584d6958d4c4e0ddd2cde507cac64eab3209de3393da52dea4ccd4,11673
Test/Unit/Block/Rss/Product/NewProductsTest.php,b8bd2b36bf27fe74987058c725a6de477f0da8381d7f68db9f29cc9499ff4996,7503
Test/Unit/Block/Rss/Product/SpecialTest.php,62b01635d5884decf0da232bfc4502ff1aee32795559de5005c7afe57fc6e2fd,9989
Test/Unit/Block/Widget/LinkTest.php,4d3192f523443e77e959fa8a39bcd9a702f82bbae9b67c40805a238796541957,7104
Test/Unit/Console/Command/ImagesResizeCommandTest.php,5befb0c3f9d026caa0df8cb64b5ce0e43996097910d20cd6e678e10f87997785,6456
Test/Unit/Controller/Adminhtml/Category/DeleteTest.php,9c9a6ba74f0a2f71a897387be48f0f8899aca2120b0e0a6cad069a40b3bfd7dc,5399
Test/Unit/Controller/Adminhtml/Category/SaveTest.php,cf04de4310fbb2c2ad2299300153758a2f719b6b4d420d18495b2e79b8d7380c,20164
Test/Unit/Controller/Adminhtml/Category/Widget/CategoriesJsonTest.php,9285cd90d4588545db181c31c07a01091a10de1cbc5f18d6b103e3d2e8a18362,5655
Test/Unit/Controller/Adminhtml/Category/Widget/ChooserTest.php,dc23a098b152236161914046d3008ab4003576116932586368b2b6f34d89f80b,4568
Test/Unit/Controller/Adminhtml/Product/Action/Attribute/EditTest.php,326930877d279d57ec4b7159516be2830a1e262987fb9868caf40dc11e2b83e4,8557
Test/Unit/Controller/Adminhtml/Product/Action/Attribute/SaveTest.php,6134ccbe9f09a037e471d05aeadde8cb8dc12caa9aab6a1f5932be32a4518fa1,13204
Test/Unit/Controller/Adminhtml/Product/Attribute/EditTest.php,3e845b93e083869f6f09b304d9194cab48187a29443cd7b85cb80fdf7de522dd,9749
Test/Unit/Controller/Adminhtml/Product/BuilderTest.php,cdf8144c81050f68281dd8211007a9c6a7a6e988b993eba4799d7fd5106cffe2,8172
Test/Unit/Controller/Adminhtml/Product/Initialization/Helper/HandlerFactoryTest.php,672bf1b88b3fa61db5ab3d62200f2f685f71f5b47329ad94df0c0d5ff7ff56c3,1779
Test/Unit/Controller/Adminhtml/Product/Initialization/Helper/Plugin/Handler/CompositeTest.php,a45627f578d49127b1762f0a42c83d02f72f7a01dfca6565d0564d94a7bfc2e6,1329
Test/Unit/Controller/Adminhtml/Product/Initialization/HelperTest.php,a3d9aeb5648030ebe31da56415ff2d452e608c942be26a693ba96a9728e43f2b,11110
Test/Unit/Controller/Adminhtml/Product/Initialization/StockDataFilterTest.php,cd6b1f059dc7539ac30eccca2151b10de88c27d62d8bf51c7879bbb3a12cf067,3585
Test/Unit/Controller/Adminhtml/Product/MassStatusTest.php,fc3f440e714667d2470208727cc5f2493bb9335f4a93728d91aa257726b5c50a,6245
Test/Unit/Controller/Adminhtml/Product/NewActionTest.php,6c6bb49d8ad4c2948c0289b5aeff932d5ba6d09067c4417b3531298b5d8824a7,4262
Test/Unit/Controller/Adminhtml/Product/SaveTest.php,92d645c542e6645f40c745e57850aad4790ffa9755893033680537c328f902f1,5639
Test/Unit/Controller/Adminhtml/Product/ShowUpdateResultTest.php,eb6300188d67a13572dad6918299462fb7129fff37cdefb36954d7325abb68cc,5309
Test/Unit/Controller/Adminhtml/Product/ValidateTest.php,c2756be535a2d2d4bb3eb7a9704188dd741c896927306645f0b93dd27e580b73,7117
Test/Unit/Controller/Adminhtml/ProductTest.php,0383dcfaaf1b773254d71a3157c85c39d86a2cf8ea52220d739aa18d15b573f2,5007
Test/Unit/Controller/Category/ViewTest.php,5039038ff152a8b981d7fdd4239d1267c04546668845ed8e4438fa760b540cd1,8081
Test/Unit/Controller/Product/Compare/IndexTest.php,4b1cda95ad2736af6e656a99c9cbbd85238735c296071471f1ce552ac1ba7d28,7301
Test/Unit/Cron/RefreshSpecialPricesTest.php,ea4334915fc261add89ae129dad9607999e9923fc91b0c9e3d939f56effca829,5261
Test/Unit/Helper/ImageTest.php,fe30e7cf6e5c611182ce4195c2cdaf2369586845e29957707aea5e71f7268de9,17098
Test/Unit/Helper/Product/CompareTest.php,8267e2234b1bf51e1cfd770a1787aeec7b59e908a07b32b9a7bd58f2034f311b,6525
Test/Unit/Helper/Product/ConfigurationPoolTest.php,48de96848271ce39a9793153ecd585c3cae0a8851e6ec64755666f1ab78a75be,1412
Test/Unit/Helper/Product/Edit/Action/AttributeTest.php,b8b8fa554f3e02bdbca669b87894103e40c7d962e7be4c2f7a56f774608395f0,1861
Test/Unit/Helper/Product/Flat/IndexerTest.php,b1f0b3262738c095d79f19b8c13266497c95b400d79bc3dfcb0bda352b029d3e,8046
Test/Unit/Helper/ProductTest.php,c0aba62174efe517dee8a840e7afb76dedc8ce85b53d45329d35ee1d49c26a94,2200
Test/Unit/Model/Attribute/Backend/CustomlayoutupdateTest.php,b4130747773062dacf86b4facacc6f8545c5a54ac8cee2693b534ea25b106541,3910
Test/Unit/Model/Attribute/Config/ConverterTest.php,3e2acdb6d4514683c5e2c0c61082d369ee9410043065c6fd26df57eca4d47ad5,789
Test/Unit/Model/Attribute/Config/ReaderTest.php,c7be391ebc020a3698f230d96ce47787a1a3a95e071e4b08400b6a0f75347086,3412
Test/Unit/Model/Attribute/Config/SchemaLocatorTest.php,e9dceeca645078d1de6ff5c266b5ff7f5ef313ced9fa64fe6765d49c95544060,1714
Test/Unit/Model/Attribute/Config/XsdTest.php,ae6c0fd1b28995d1fa3850797a9037a8026d6c26830830bb37513513abd2ebfd,3885
Test/Unit/Model/Attribute/Config/_files/attributes_config_merged.php,29b03b16d4e00b2388e5794550798bc818c5ffd7e478cc7b324498ab1769453d,210
Test/Unit/Model/Attribute/Config/_files/attributes_config_merged.xml,cf294ebf9252132703f9faf0f70b6301da91c2411372afbff87dafa2e2e0dbaf,518
Test/Unit/Model/Attribute/Config/_files/attributes_config_one.xml,eb43aee4148ea852af5b5a14feaf6f093dadd38aace121e804b45d904da31674,392
Test/Unit/Model/Attribute/Config/_files/attributes_config_two.xml,75ce30eb5968b30fb8605811a65e420e81ed265f9bf346934725ece5a147b8e5,433
Test/Unit/Model/Attribute/ConfigTest.php,227fe8cdb25665c7b0f821e9e0445cd706f1bd6a7303b8d29228a8ce2d649610,1228
Test/Unit/Model/Attribute/LockValidatorCompositeTest.php,d0977e8817b8ab5a9cac01d3daa3e1df186e7bbc12a634da269e865369bdb081,1897
Test/Unit/Model/Category/Attribute/Backend/SortbyTest.php,079d759d3b92d28cace705fda2429ead4722758b3ad700c3a6ed4da06f89c8f8,11683
Test/Unit/Model/Category/Attribute/Source/LayoutTest.php,83f0fb0ed1f1bd8edfef040738589e663972afa94a802d50865771a52533a52d,1895
Test/Unit/Model/Category/Attribute/Source/PageTest.php,e05dd4b70ca105fa6550835548a3f14a3dc6c297ff73c1efeaea3d694f95b32e,2296
Test/Unit/Model/Category/Attribute/Source/SortbyTest.php,37b141f4659160ad65ea09a674a98909e61b10dfa328b9a3febfd1a59f5f7146,1448
Test/Unit/Model/Category/AttributeRepositoryTest.php,94324e156f002fbac6d02afcfb2b36c7202a1d701f7d5231719945f64ed2ef3f,5014
Test/Unit/Model/Category/TreeTest.php,ce2100124e14048fbd41ab48a882b3886a237edc082b1b12f39c60f879782cf1,12578
Test/Unit/Model/CategoryLinkManagementTest.php,ce5f4384c5c91f7c675687a90b48e8dbccf4987b9b03e7204617afd1aba5e9a4,3221
Test/Unit/Model/CategoryLinkRepositoryTest.php,0782aa2fc5d8bc6545d8ed92b31e4fc0a192e83496b58bc473794b54780f310c,10503
Test/Unit/Model/CategoryManagementTest.php,31a8fdddbf3c9e8a44ac7ba5cdf72d2145dcbd0ff43082f613447e0c00c0ff29,7330
Test/Unit/Model/CategoryRepositoryTest.php,a04e596ba60fd466caf2bbf19ce82b1f4f032d19b74f2408ff2a51aa1b6ecea8,10177
Test/Unit/Model/CategoryTest.php,4aca0d79ff68410b3152947af7dd3fa09749625f05d8e1e25ac779a7fc083460,19609
Test/Unit/Model/Config/CatalogClone/Media/ImageTest.php,8c72e845b91af2dd9731c9bd411a2dcbc6b470228907f56a4663aceddeedaeb6,4256
Test/Unit/Model/Config/Source/CategoryTest.php,f4c378f1455b2f4e4757cf326a415c0abed7324156dee5709deccc78a772b317,2974
Test/Unit/Model/Config/Source/GridPerPageTest.php,07d942c2c941f79798851bc6deff9b42648e4265bd752b53066e269ebe063004,912
Test/Unit/Model/Config/Source/ListPerPageTest.php,062e64a551de156b5060857632ce40dbb2dc89e877dbab4db7acc1ed1c6a0d07,964
Test/Unit/Model/Config/Source/ListSortTest.php,d7e23ddff58bff2388d3e512815fc3c7f66275f790823c7ac86c60e8887b450f,1426
Test/Unit/Model/Config/Source/Product/Options/TypeTest.php,25c69816858f2790408c001898822d2639924b6d6cdb84485858b054b504172d,2036
Test/Unit/Model/ConfigTest.php,d6ed620cf5ae558a264a1039ddffb18d6e342b13cf0e00281910c186890df024,12282
Test/Unit/Model/CustomOptions/CustomOptionProcessorTest.php,e072a6992b896f55a2d9d79e00152e80925ce7748315248b79103994502d3790,6906
Test/Unit/Model/CustomOptions/CustomOptionTest.php,ef642c4011b58da87858c6447a29e9ed4c85ee6f298b932d241ddb6447901919,4120
Test/Unit/Model/Entity/AttributeTest.php,5473763a6e7d365226d919efbecbcdc71d648de01efb9b05bbe2eff09c8f39f6,9475
Test/Unit/Model/FactoryTest.php,9e6ce503fd25ad422d5ff514c79ad934fb2a2431fca3484f3a89aee1108d0b89,1707
Test/Unit/Model/Indexer/Category/AffectCacheTest.php,f382245aed6cc718a900e43055a2fa37bfa5a5c02832dcebfc3a704a730c9cb9,1685
Test/Unit/Model/Indexer/Category/Flat/Plugin/IndexerConfigDataTest.php,8e588585b2197ff251d1a9dc6cff098be658a492de935db5dcbe5d1af237d051,3726
Test/Unit/Model/Indexer/Category/Flat/Plugin/StoreGroupTest.php,cbdd385d9cad519f3e7902f5d2f7a54ecadced27dba68985f04d842a822df84c,3944
Test/Unit/Model/Indexer/Category/Flat/Plugin/StoreViewTest.php,5a8ae42e5f778506474b512417bd703650d625c548410c0360659012aec16281,3937
Test/Unit/Model/Indexer/Category/Flat/StateTest.php,2a11ec499a586ae7cbf5820c428b66398dfeaef13666d6e919ace19d5d4ad8b5,3403
Test/Unit/Model/Indexer/Category/Flat/System/Config/ModeTest.php,e540b84983e606cb1ebc2134647d6dc2063c28b2be669b5b971e8ecf48757d4e,5357
Test/Unit/Model/Indexer/Category/FlatTest.php,881a3b8f911a8edc2347a99601fde7e86cf3bdbb4f59cd6751d37596780309f6,5982
Test/Unit/Model/Indexer/Category/Product/Plugin/ImportTest.php,48dc2274336117c6c87318733639bebf45d90ab3f7f5c5aedb3246c1f1389658,984
Test/Unit/Model/Indexer/Category/Product/Plugin/IndexerStateTest.php,39d0b6d91f2d5b3bd8ba2841c2cc2de94c767541f9ce5b4675f3d522900da1f1,1871
Test/Unit/Model/Indexer/Category/Product/Plugin/MviewStateTest.php,c443a079471e88aee53f3058dcf7bb1a8cd5050483b693596599dc9b7cccb1c0,10101
Test/Unit/Model/Indexer/Category/Product/Plugin/StoreGroupTest.php,eb7af5c36843f7c28b4005c61f834acb48bf06db5883b6b001f4bfbc0e235eb5,4463
Test/Unit/Model/Indexer/Category/Product/Plugin/StoreViewTest.php,182e87df5b8ab7e49b0ca665d3addb9e6468cd675edddf1589ac2149201f1c3f,4432
Test/Unit/Model/Indexer/Category/ProductTest.php,f36262cd0d1f99ecbd0503397f08fe4fd3f9d1aeeee507fceb753cbbc089e496,5312
Test/Unit/Model/Indexer/Product/AffectCacheTest.php,4980e3ee90375be314279ea77522c971b89cb7a3e5b6b70011793cc73f7d33b7,1685
Test/Unit/Model/Indexer/Product/Category/Plugin/ImportTest.php,b747645ab1f8322e20e9afadfd1c4dfdf69105632be7f507dbad73a092a52079,984
Test/Unit/Model/Indexer/Product/CategoryTest.php,eb5c7e460d3a9e0dac766e7ea526b920517afcc427007303fd90fb215bc220af,5443
Test/Unit/Model/Indexer/Product/Eav/AbstractActionTest.php,e3252815b44b7920cf71ad72549cda5cc743c3c3e737cd0f30868a6b52be14aa,4904
Test/Unit/Model/Indexer/Product/Eav/Action/FullTest.php,5de8ab040f08212707829a2621d2048fc000fc3391c438a5ab6619b2bd4c6eaa,1278
Test/Unit/Model/Indexer/Product/Eav/Action/RowTest.php,7a5347d7abd7cf0fbb66268ee49d0745ca389faffe40c8a5d631afbd1f8c6287,865
Test/Unit/Model/Indexer/Product/Eav/Action/RowsTest.php,01681c51f52a9f4c2a59b1c8677f4263f051898747ca06ac4d2205c59d19f7c4,840
Test/Unit/Model/Indexer/Product/Eav/Plugin/AttributeSet/IndexableAttributeFilterTest.php,ada01a722712d73f9e6fd0e1e003149f9065645455e74c398689918c38c24d64,3362
Test/Unit/Model/Indexer/Product/Eav/Plugin/AttributeSetTest.php,70ca7de5548fc407ff5fb4164bcdc89478464a6988c15c44656cc176c29d88a5,1669
Test/Unit/Model/Indexer/Product/Eav/Plugin/ImportTest.php,5b11ad222fb2a787026c1fec358af8db0dbcc1e626f80125b2df38d9ab7541bf,988
Test/Unit/Model/Indexer/Product/Eav/Plugin/StoreViewTest.php,5fea4d6275ef6760dd8a7fdcef7d585f6cb934e7df430b0bd23ebc629cf7abac,3746
Test/Unit/Model/Indexer/Product/EavTest.php,0a37e6ff1f602e7a395ead0d0ac07ab481396dce16041d311c55ac07b398ac7c,3513
Test/Unit/Model/Indexer/Product/Flat/Action/EraserTest.php,b82309f0b436df4643beb5f0b7569ef305caa066a778258a1f4a50511aec12b5,3718
Test/Unit/Model/Indexer/Product/Flat/Action/RowTest.php,aa4414657a8d892ced5242cdf2810c5e23ba3dd34d0428cea86484b565db72c6,4756
Test/Unit/Model/Indexer/Product/Flat/Action/Rows/TableDataTest.php,2eec91b197f632763c8ffd01fdf351f9a6ea35bfccda16c7404fa251abfbbb62,5320
Test/Unit/Model/Indexer/Product/Flat/Action/RowsTest.php,e5634a3386a82d3fe25281e0390ac5e64980fc9aa9800e7c667664fb0f66adc5,4635
Test/Unit/Model/Indexer/Product/Flat/Plugin/IndexerConfigDataTest.php,89238c8b7c4b00fd2b5cd5f2e6a55396c16861d4df1e3807302b5ec2e3f3ac7a,3718
Test/Unit/Model/Indexer/Product/Flat/Plugin/StoreGroupTest.php,a453102d97fb1c123fee0b740a89e6d4f8947f6fb0931779e01c0236dae27ff9,2934
Test/Unit/Model/Indexer/Product/Flat/Plugin/StoreTest.php,a8f7d9ffb93154ab85c62e9fa80ce87d75d574c7948803a0027b872c0bbef7bc,2864
Test/Unit/Model/Indexer/Product/Flat/ProcessorTest.php,011fb77cb0484a9b02b6d6e441c30a73a86dc210d84c604bac8db9bed9810756,3210
Test/Unit/Model/Indexer/Product/Flat/StateTest.php,ae353a8b5e9a5320fe077e30cb9464154c33d9d13c7085352cead7688faa5f9c,1477
Test/Unit/Model/Indexer/Product/Flat/System/Config/ModeTest.php,18414a63ea4e3dcc4bce6de0c9939413455c9dc7069d97e5787ec6bb2769e3d4,5400
Test/Unit/Model/Indexer/Product/Flat/TableDataTest.php,b0e99d50b94e9bbd89dc5ec365c4cf42be4541654baa1623f1bdad5ed0711ea6,3109
Test/Unit/Model/Indexer/Product/FlatTest.php,d0ad0c2b466bc330e5d156b7a890acc013829e14b7d0cf73ab54f661a84839b5,3743
Test/Unit/Model/Indexer/Product/Price/Action/RowTest.php,9798b0f13ebb127665c947a0bfdb39c60e3a17f0240db90b12fe6c36262b9257,872
Test/Unit/Model/Indexer/Product/Price/Action/RowsTest.php,e409e1b8d33d52265c8117be9bbe15551a5cd3e035214b1f52a8aae1bfe3c5cd,846
Test/Unit/Model/Indexer/Product/Price/Plugin/CustomerGroupTest.php,837e0ab709f67fb78fd40e4a1ee6cf3750c877e0af06b8306e3aeff0bde05de8,2400
Test/Unit/Model/Indexer/Product/Price/Plugin/WebsiteTest.php,147b03c8337ad50bc3c9db8aa11f2fd71f9feac98a5f43dc7b37ae81617e3669,1556
Test/Unit/Model/Indexer/Product/Price/System/Config/PriceScopeTest.php,95e9d9b73b45b86a868eee885710b6eba061a82f96d490505044a6676328fa7a,2916
Test/Unit/Model/Layer/Category/AvailabilityFlagTest.php,d0d3b7787ed8270fe7b656cdefcc7fcbe4388ff6b9540e0d6a7dd46d39a71810,2805
Test/Unit/Model/Layer/Category/CollectionFilterTest.php,56084b6d15a24945f237dffdaf09b5b985a16a1bbd42ee23ce9199bc4d0fb3b8,2512
Test/Unit/Model/Layer/Category/FilterableAttributeListTest.php,39163131d87b9c587436762855d0461c76807341fdd079cd0e79d5787d4c7055,2709
Test/Unit/Model/Layer/Category/StateKeyTest.php,14a05c0c7c130d6120e14c08482b212b6c1233969c6dbe4eedaef2ae59e651cc,1844
Test/Unit/Model/Layer/Filter/AttributeTest.php,fa0519881a9ed89f78d59301540fdd46063fbc622c43ef55681c73c7517d6dcb,10280
Test/Unit/Model/Layer/Filter/CategoryTest.php,de893e926e761ac33bd69155bbd085751979b16c4287c849c2f327485aa64ba6,10737
Test/Unit/Model/Layer/Filter/DataProvider/CategoryTest.php,bc50e0cbf2054091cee5f6945e5bb45b2885ff1985949990baab164a1e85437e,4347
Test/Unit/Model/Layer/Filter/DataProvider/DecimalTest.php,34dcab000cad0554172b5d6b3108748d6029feed34aafb28bedcf89ec7a0362f,2826
Test/Unit/Model/Layer/Filter/DataProvider/PriceTest.php,1c5cea4831a15603b242619bf9076ffdd3dd2a52ba5ab33d6e98c64a71410a03,8219
Test/Unit/Model/Layer/Filter/DecimalTest.php,25565c1703501ad294e5ad679abf59727942875573f79122615ffd990a0ce4ab,1346
Test/Unit/Model/Layer/Filter/FactoryTest.php,d5ea0e924b498b040fee4a14f3887eb8e469592f07d350018cb9f3c3a3876829,2516
Test/Unit/Model/Layer/Filter/Item/DataBuilderTest.php,b14b2e5ee2d4f4217139ccd9ad93727fcb08097db7af8e115b281f9ba73129eb,1290
Test/Unit/Model/Layer/Filter/PriceTest.php,5a0f2a9215cb50a451c12937b5720e68664a2e447ff158774f2f0fffeef444bd,8387
Test/Unit/Model/Layer/FilterListTest.php,19e6792d79c26f7c6f0362a87f3b75a7854f26be63399626f15d5c7b1187a0b3,3651
Test/Unit/Model/Layer/Search/CollectionFilterTest.php,dc75a72e75334bbe02e8a28a6259c0a9d04e72d2d3b7b471d03438b8d2cd6c66,3423
Test/Unit/Model/Layer/Search/FilterableAttributeListTest.php,b479fed656a67e0dd0789402b3a12975eeeb01cdb94c836e793438e558e6a8e9,2867
Test/Unit/Model/Layer/Search/StateKeyTest.php,a1ba4de8425d46e1af97d317491421c3c360f5687cd8b1a3fa2490b649d12945,2472
Test/Unit/Model/Layer/StateTest.php,1f81d647776e889c0ec8332a63ee4c00f764f9198d0a6202c2610735f9c156ea,1407
Test/Unit/Model/LayerTest.php,4f542f5dc4a57df83ddedf4301438d6f93e17ffdbf2354738cca6237d59aaf6e,13849
Test/Unit/Model/Layout/DepersonalizePluginTest.php,f79148bf3a6a81e6edec094ad8ebc5962aec1413ec7693ab31e9281150450c3d,2568
Test/Unit/Model/Plugin/LogTest.php,40d97310f5c443419efd58b0310c5a7e06ede00031bb2cc2ea497f8d49e7dcf8,1598
Test/Unit/Model/Plugin/ProductRepository/TransactionWrapperTest.php,9d4a25a1a6439897327bc506b56368655f143079e4c0b3c2e523ab250a5a517a,4420
Test/Unit/Model/Plugin/QuoteItemProductOptionTest.php,9ef865849074f653af63b109c061a2cbafdc8bbc64dc1b11d994934d5fee84d9,2900
Test/Unit/Model/Product/ActionTest.php,86137fdd1bd74d97e56806b5cb4636b9ecd255c7f43372c49f94203ddb1e7c6b,6589
Test/Unit/Model/Product/Attribute/Backend/CategoryTest.php,da269c04501edc892651e0b51ec35d9ff5f45d67e35f5e913d6430fd4472c3a7,1096
Test/Unit/Model/Product/Attribute/Backend/GroupPrice/AbstractTest.php,df63bf9ba5be98b06f53521029c402df113b8f47d567cf2d0b947deb5fd06d05,3516
Test/Unit/Model/Product/Attribute/Backend/Media/EntryConverterPoolTest.php,28783147f616959f1b145d059f749ccf90f741dd9d9e6ee08865cdf8cb3c618e,3835
Test/Unit/Model/Product/Attribute/Backend/Media/ImageEntryConverterTest.php,62cc4271c8d460eafbe211768a7e411b829177e3c836ffe7ec34fddd71e46eb1,7603
Test/Unit/Model/Product/Attribute/Backend/MediaTest.php,44eedf08dce584c000623feb600469e861004605a814e99c656fefcebf13581f,6268
Test/Unit/Model/Product/Attribute/Backend/PriceTest.php,3f0589f9e2e2c1bac26187459b4171f0a80b765f62de0fcdb799ccdcf6b6b9d9,3447
Test/Unit/Model/Product/Attribute/Backend/StockTest.php,ba387f31858b95533b99c2fdc23c6b0a9a2c2be27a796258e906eeca47463c6c,4784
Test/Unit/Model/Product/Attribute/Backend/WeightTest.php,36d37b5516c4adfa7bdb3bdb611a0a6212621f3b833204baf39a9b859e950f85,3436
Test/Unit/Model/Product/Attribute/Frontend/ImageTest.php,df6dceabb0717134e0be3520771051531367ec32f7e6cb41f29d269415aec24a,3020
Test/Unit/Model/Product/Attribute/GroupTest.php,92da4a16968cd19f27750f48f9ecaf1015555e9438f5fef6d4fdfafea9aef925,2263
Test/Unit/Model/Product/Attribute/ManagementTest.php,3789310e2660d9949abe248f489ea96eb3e5543a454ee1db47096a93649ab8a1,2298
Test/Unit/Model/Product/Attribute/OptionManagementTest.php,4ad46b2f1a86b8c1b93d167a60f40339e9a20c023f7f1d01e44a696041d920f9,2457
Test/Unit/Model/Product/Attribute/RepositoryTest.php,5fe167884a050c21e22971eb8ead1b4c0f88419fb8a9d930fa5f47a8c860e8a9,9537
Test/Unit/Model/Product/Attribute/SetManagementTest.php,c3fca3c1bab04d965b3aacb71749340e206cb994b95b527734f2ffbe9679d80b,3616
Test/Unit/Model/Product/Attribute/SetRepositoryTest.php,67bba9690697872375cfda8bec2483c3ea5a91d97c2eab232cb09d709852b1f4,8231
Test/Unit/Model/Product/Attribute/Source/CountryofmanufactureTest.php,a8913da8b6b01b7e7bf5224044e77c9fabf1b5027ced3c6fee07a81efadd508d,2523
Test/Unit/Model/Product/Attribute/Source/InputtypeTest.php,71056bc68669e2d9b186a637faa881a7cdf736a03301f06ebeba6a3a9631da79,1830
Test/Unit/Model/Product/Attribute/Source/LayoutTest.php,8420b65ce74798dae31cea6665a1d87936db37b83b36cceffabae76bea109e45,2065
Test/Unit/Model/Product/Attribute/Source/StatusTest.php,9abe0e8d3d85654ab13446d7f17301efa091aadbe177b6d20d16879934954347,5284
Test/Unit/Model/Product/Attribute/TypesListTest.php,8bae0e665387bd8a5c61f90093044fdeb4afd60639aeebde0d1dd173400d14c7,2572
Test/Unit/Model/Product/CartConfigurationTest.php,a9f9dbef9502185339ec16c6b95fa360676be35117dc58e4ed6acae2a85d9e7f,1222
Test/Unit/Model/Product/CatalogPriceTest.php,847a12d8ebcefe537fb4a0c85fd3ec55842ed58c44ce2a3605ef4eab1e9dc3ce,3908
Test/Unit/Model/Product/Compare/ItemTest.php,51a07e0e8d6f632afecf67b8ede301c65fc9086b7753d87a3c3bc8599506aea5,904
Test/Unit/Model/Product/ConditionTest.php,1809eef330df2dd60e87911e1951bee8561b827819d30f45ef223352f383d979,2830
Test/Unit/Model/Product/CopierTest.php,791d29ed22909c40f3057b29e3bc4395e27f60001af950f8b640e93d060498a4,4319
Test/Unit/Model/Product/CopyConstructor/CompositeTest.php,f89dd07a90260cd32bdcd98fa5564ee3c27ba9f436b9e1e83fffaa2f4d19f5fe,1330
Test/Unit/Model/Product/CopyConstructor/CrossSellTest.php,45936b5aaecc5137305c0ba9fb4dea5c8aa25f3666085166a555faade980fd3a,3245
Test/Unit/Model/Product/CopyConstructor/RelatedTest.php,58a476c12b4fedf403a9730266b79bc93f0b3f5897f4e297abce36e0fde403c0,3228
Test/Unit/Model/Product/CopyConstructor/UpSellTest.php,41d3a1926ee2554e4a5e6fa37241b6253ab7b65329e2d2ae184df6aeb48033be,3218
Test/Unit/Model/Product/CopyConstructorFactoryTest.php,d24975eb0405c4fcbf14274bd961fc4ff6ece79073305279a11f0e8df10327f6,1588
Test/Unit/Model/Product/Gallery/GalleryManagementTest.php,72ebc9ad33f7712281aa7700591f362899cb2229e3341933084f0d4e2127d51b,12659
Test/Unit/Model/Product/Gallery/MimeTypeExtensionMapTest.php,e7805819104ce2dca0e55ed53533d4c330038f2efcdf5d988d38ae32c9225f84,1081
Test/Unit/Model/Product/Image/CacheTest.php,349d8e9ed89ebf4ef4134b139e975343017dabb75ae35d64c8d0224ec355e0c8,7397
Test/Unit/Model/Product/ImageTest.php,994d4d467a04eac33a80cc4ec3ffc71984f5c78016544b668ef4b66e8c0961a6,16615
Test/Unit/Model/Product/Initialization/Helper/ProductLinksTest.php,57821051a69461a553b830eb8055ff6d6d2eae9c09072c152caa7a69955fa09e,2293
Test/Unit/Model/Product/LinkTest.php,def8c20337d147e0cc55019de77d10fa9c76abf8d309c7377866c8de6cd09b42,6787
Test/Unit/Model/Product/LinkTypeProviderTest.php,a0de9b7190a2c297a6c533ecc267134f7995a2ccd18456c5202a9940e886f755,4601
Test/Unit/Model/Product/Media/AttributeManagementTest.php,462a2aa77e07cf43765416457f09b39ae172d9b8fec227dff4244d3ae1064653,2731
Test/Unit/Model/Product/Option/RepositoryTest.php,f427db956814b67c670eb7eb37da7839bd719918643102471b6b43c67f8c83ee,7711
Test/Unit/Model/Product/Option/Type/FactoryTest.php,4dc4272d8d81dde0d122aab486b0c2b3af425081538e24fa96a1f3f0382f058c,2549
Test/Unit/Model/Product/Option/Type/FileTest.php,05c833ff5b9e1be13a5f50467c0bbb994f94915543a764438a080e84aca8d2c6,3698
Test/Unit/Model/Product/Option/UrlBuilderTest.php,78df09a4dcdb6c0645131f6911f31371e8319b50e526d7080f89ce8d9eff6e76,1319
Test/Unit/Model/Product/Option/Validator/DefaultValidatorTest.php,551b0a8e0545c99c07c86c7ce6bfc55bcbfc3e84f5238aa11ca68c0f2c6f1f05,6549
Test/Unit/Model/Product/Option/Validator/FileTest.php,98f0a2f3254136dd4f4b81afc83fedb3e29031630019b2e383aa5236bd41fb1f,4477
Test/Unit/Model/Product/Option/Validator/PoolTest.php,f452eedd2405c4b8c2f8f215b39b15e0fe0656aeb573c650c5ddb46a2f1b61a3,1418
Test/Unit/Model/Product/Option/Validator/SelectTest.php,701eec99607cc98d1be5ba66d3e53fb286dd1ae4853d8c4e2529251e7ab72ff7,6090
Test/Unit/Model/Product/Option/Validator/TextTest.php,522c8cc9f4c508435340f88d883160d3f57d8274e6c62bed7c0210aa2e093d39,3347
Test/Unit/Model/Product/Option/ValueTest.php,5f96cf99585918aaeac59566c0d206c31731e11bf29feb0119485d851e970dfb,8785
Test/Unit/Model/Product/OptionTest.php,b22480a4ca19ce6aa5d1dc5b55b5f1191c5e71b6031fcbadee320ce3b586e792,1069
Test/Unit/Model/Product/PriceModifier/CompositeTest.php,8d2a619edc5cab10c9f1ccf3adc2f9aa0927a0b832153ae2bda2745573322dee,2215
Test/Unit/Model/Product/PriceModifierTest.php,c99cc31f5516b5a511940f7fda924ded473ed246dabe737d87beeb38c1762432,4080
Test/Unit/Model/Product/Pricing/Renderer/SalableResolverTest.php,ec9dd7b4a46afab6695977c625471b848751abf35c273b37aa376ba524a77dad,1500
Test/Unit/Model/Product/ProductList/ToolbarTest.php,3f015e0eab455d13537ebb43f84ce36b00b55ab38b1eac45215195a2283e2379,3458
Test/Unit/Model/Product/ReservedAttributeListTest.php,15299ae89ac4414b9fe28d72545fca83d7a585d1668575b8f8489db180c60de4,1625
Test/Unit/Model/Product/TierPriceManagementTest.php,52bfa3124b11f2b155cee722448032872e00f39e1493279258df2d6e914d09ed,14877
Test/Unit/Model/Product/Type/AbstractTypeTest.php,a1bb050e7427b18db7a95e9c2c3d8d35f398eabb8dbdacdf2fcdcf985b42ea0f,5046
Test/Unit/Model/Product/Type/PriceTest.php,93ee8deeb50a35d81487ccaeffafb77a0a79d6fad4fa09b22ab86e5c60671b40,7932
Test/Unit/Model/Product/Type/SimpleTest.php,5d4220ecf13532f37e073f9c58d24a55885aa802d4df8c341d3a876fbc98858b,1672
Test/Unit/Model/Product/Type/VirtualTest.php,f2918a5949288335a683535d675eee1e592584c1a66e7d47fd7fd7c523e82162,1685
Test/Unit/Model/Product/TypeTest.php,f6d6e3a0697f07f654cdaaa404db8e7f69eac0cd9f5926ae8328316d12b0fee1,11032
Test/Unit/Model/Product/TypeTransitionManagerTest.php,da42c8730887c19f382d3e3a4850376164419f74454e4a3be8e73fc4bedfabe2,3587
Test/Unit/Model/Product/UrlTest.php,a23dad22bf2c09b97dc9959ec76abd9ca3136770d836ca8466a8ddd8f8cd4779,7526
Test/Unit/Model/Product/ValidatorTest.php,eba392b355c3473e7cda5ff49c78931eadc2f1b44cd3e992fdc3ba4a58511e1d,786
Test/Unit/Model/Product/VisibilityTest.php,909b06f9c31d30a8ad4161027e7ad0c2b6db615b1f506be41fd7e573b94f1b53,1908
Test/Unit/Model/ProductAttributeGroupRepositoryTest.php,f9ba35b226b3d41b0887b66f0fe23937ebecadc12f3cedf9bb7d60bb468d6699,5726
Test/Unit/Model/ProductLink/ManagementTest.php,bfe85d32a0a304526f6daa6cb6e50f430eaacb39c01c44234e6e0b34121613c0,9884
Test/Unit/Model/ProductLink/RepositoryTest.php,9178acf08f23ec95de25e324e29a9392804800f5b8f9198e965dba4e4e38a566,9311
Test/Unit/Model/ProductManagementTest.php,c8b82b79aee44f68209858daea68e6c602113072a3587c5555d11e1c8cc3cb6d,2412
Test/Unit/Model/ProductOptionProcessorTest.php,dd22ce5966e12ab92fef79362915d92c47885b2e14ec1d2c1d8efdf74d8b2b9e,6078
Test/Unit/Model/ProductOptions/Config/XsdTest.php,cbdb0fff57dd699e750cec097e27e0cbc910aa7926ebc63f06e8c24cbddd62d8,3462
Test/Unit/Model/ProductOptions/Config/_files/invalidProductOptionsMergedXmlArray.php,35200b4cb12915f54c3911334358639c2fc51b13c7987a22538e171a04dbdcb8,1869
Test/Unit/Model/ProductOptions/Config/_files/invalidProductOptionsXmlArray.php,d7568600dc07f4cbb4a6e76925c16dc5e440810040746a6c0998153ac74a8394,2423
Test/Unit/Model/ProductOptions/Config/_files/product_options_merged_valid.xml,f5adcf5af7583ec84e5174fef7659b75e1014ad42da85a9b492676368fcc0f8b,621
Test/Unit/Model/ProductOptions/Config/_files/product_options_valid.xml,e6e7fa6e9a28bf9b08e1d4c7e2d64d9e518565e102cdb6863db91ce84b7e840c,551
Test/Unit/Model/ProductRepositoryTest.php,6f81446d8f4176de77a4427ab92fddb15d7fc0762005dca9a306eb2417b588ac,53075
Test/Unit/Model/ProductTest.php,b68fafcac4a8d35e1f37f7a9b87f998ed98d037df8a934479935b2a900304cb2,52009
Test/Unit/Model/ProductTypeListTest.php,fd0d96e2996697b29a2383c160b46f87c6abdb53ed448221bd5850caa85ddd24,2046
Test/Unit/Model/ProductTypes/Config/ConverterTest.php,9d8739bedc45852b2fc4819dacab86f6a61f36ce5c6ae4fb8d1853a0541c5387,913
Test/Unit/Model/ProductTypes/Config/SchemaLocatorTest.php,39c583639237a92ddc32b643031cd530e860b51263318aa26b08035641e9d985,1271
Test/Unit/Model/ProductTypes/Config/XsdMergedTest.php,d64cdc148bbe3f5b92273589b94f76060fcd556445ecceda12cb0a1a14efb98f,1930
Test/Unit/Model/ProductTypes/Config/XsdTest.php,2f1c8e1e7fcb4338e87622fa69529f7a72b8e24122259bb9f5c71bcb4cc01b97,1875
Test/Unit/Model/ProductTypes/Config/_files/invalidProductTypesMergedXmlArray.php,28de240a090f1f54a3d2b258ae5e84c44ed8743fa504ec35e5bfb109e17747ac,2063
Test/Unit/Model/ProductTypes/Config/_files/invalidProductTypesXmlArray.php,574d2d66bd76b2bcf84d1a0e4bbdc3e59f0173e6b3ea6222dfe9c63d99bd666f,5443
Test/Unit/Model/ProductTypes/Config/_files/product_types.php,da147249377ac109f6e2cc048416d418af1e4d18be8e8e9f377cf5e76cfdd598,1647
Test/Unit/Model/ProductTypes/Config/_files/product_types.xml,f96735e49e08453e7e9b3ea958e2b142465fc4a88fb881839fcace10672b212c,1408
Test/Unit/Model/ProductTypes/Config/_files/valid_product_types.xml,c247b82a378ec9c86ce61f7359a4ac793a88aa90864daf10feac02d2c92e5a33,737
Test/Unit/Model/ProductTypes/Config/_files/valid_product_types_merged.xml,321307e1f0ae37ee95f0875e9246f77bfd20fc55698d14b868c92f444594c80c,1121
Test/Unit/Model/ProductTypes/ConfigTest.php,69fb831eeb5bff5f2293b1979d089178185ccc0118ca13ef3b0586a600878d1d,2379
Test/Unit/Model/ResourceModel/AbstractTest.php,695257feb2ba52212367de246957005e2e6acebd1312967cd4ab45617ccabc1e,2873
Test/Unit/Model/ResourceModel/Category/Collection/FactoryTest.php,96191b20d7d84746a3d957f3b21fc0cffaf751d6f7117d7cdc723c64af4aafda,1428
Test/Unit/Model/ResourceModel/Category/FlatTest.php,cdeb7d0a51a3c5828cc671f225c6d14f6cc8d9738f01a84156a8dbdb845b992b,7415
Test/Unit/Model/ResourceModel/Category/TreeTest.php,30f723ed1983962039a222627f5114ce705e3f39e35b7b0660d4858759297145,7870
Test/Unit/Model/ResourceModel/Eav/AttributeTest.php,acaec3e45d0802c37d1406af07b644e459086aaacd6ba39f26c400867cf79521,8127
Test/Unit/Model/ResourceModel/Product/Attribute/Backend/MediaTest.php,5f7735534e41e7663837ee3399d75649493db7d19517d154370e30ab67998e76,17198
Test/Unit/Model/ResourceModel/Product/CollectionTest.php,1c1c65b32a79e95b1358419f5f43aa1a0a7dfcc938f23fe1a71c97952f7f2517,10292
Test/Unit/Model/ResourceModel/Product/CompositeBaseSelectProcessorTest.php,59410b2b471c2b62d47fff0b011ca4fc65f7a2f1d4f064b10d96959290a47592,2010
Test/Unit/Model/ResourceModel/Product/FlatTest.php,7d4dacbb864afa88ef84696f4cb053831ad531309c9d861acd172591a8b31150,2009
Test/Unit/Model/ResourceModel/Product/Link/Product/CollectionTest.php,d46d975d33d36c132c023b779159ac780081a1270991f10f77c5533ae99adfa2,7609
Test/Unit/Model/ResourceModel/Product/LinkTest.php,7c9f11e325277175179fa83296b87e4cd0845a63891cbc3cdc7af39b92db431f,4576
Test/Unit/Model/ResourceModel/Product/Option/CollectionTest.php,00c928282d861ad78e29379dc82a295f9d8126732e15da32ee83814bec9ec319,4128
Test/Unit/Model/ResourceModel/Product/StatusBaseSelectProcessorTest.php,d798adef5ff3b3f78d6748da65ed1be0bc9cd5b23d2a86002b06b162de277d38,4061
Test/Unit/Model/ResourceModel/ProductTest.php,79b05ec6cf63585cc3b9feb248aa9ab0467bb5eece8e3d7956f9404b0480c728,3027
Test/Unit/Model/Rss/CategoryTest.php,bb97315860ec2db597e09b0ed789621b2c7b1c266bb2af276e74f07cc395eac4,7309
Test/Unit/Model/Rss/Product/NewProductsTest.php,9525c08afaab2fdec993bf50dc929a23a178a31fb889248a43b37c6f3547d9f7,4241
Test/Unit/Model/Rss/Product/NotifyStockTest.php,76251febf50a799c4cb4786f625944d1d9528bbc0bafc2e6a63881ffa9d06740,3957
Test/Unit/Model/Rss/Product/SpecialTest.php,516710d0966bc21175abaa0096d97685a3c309a7037152dde4d7465138c135c0,3234
Test/Unit/Model/System/Config/Source/InputtypeTest.php,f8e8e1aa015fef956b29ded67a1c18dfd6287acd93707219e9ea2378a0cc6ae4,1129
Test/Unit/Model/Template/Filter/FactoryTest.php,2ce0aca4a7e88f6d9fcce2b48ef7fc7f6d062f4e71a04e0f0f4325ff38c06120,2738
Test/Unit/Model/View/Asset/Image/ContextTest.php,66e528e21f87443073c50cb7ee58b9bd99acca58607a4c8627f468d45f230142,2427
Test/Unit/Model/View/Asset/ImageTest.php,a7c8d9271fed6ea1c86da347f706081e08d4f5ad2f82ce8999009254300a5492,4825
Test/Unit/Model/View/Asset/PlaceholderTest.php,cba72889130d27e49989f650226644a2be1f5c22f2f8c20e078d2dc3106c6051,5699
Test/Unit/Observer/AddCatalogToTopmenuItemsObserverTest.php,6b5af4d45b99a510ea4cd343097b853344119f369c304cbfffcb846aca76036e,5466
Test/Unit/Observer/MenuCategoryDataTest.php,433e872a6fb9352238a7eda57d698df708ab4aa4cb949badeade4447c100d423,2535
Test/Unit/Plugin/Model/Indexer/Category/Product/ExecuteTest.php,c5ec6a2fb873f111475cb00da3a70270c0954af37b66e5507399421a9744671e,2736
Test/Unit/Plugin/Model/Product/Action/UpdateAttributesFlushCacheTest.php,6d9c958c7552fb0e6c30cdc386f6c7bd2854f9dfda998356f9c9a336169eccab,1632
Test/Unit/Plugin/Model/ResourceModel/Attribute/SaveTest.php,ce60edef262d07a5d9bc24c81c02c48c4312d59f2a8c0ef93d8c59603d7bee35,2797
Test/Unit/Plugin/Model/ResourceModel/ConfigTest.php,88923cd95d4fd13e1f78e8f5946782ca9eb7e272081e38de6aa0c63791709c69,6730
Test/Unit/Pricing/Price/BasePriceTest.php,c4816cd525568d48080d14e1e4ca3f554de0239e091c04ccc2054ca1a12c1dcd,3734
Test/Unit/Pricing/Price/ConfiguredPriceTest.php,71ce7bd1c4a8638ef586a68f4bbc5c737b3cfe06e0ade2b270cb77e4669436a6,5326
Test/Unit/Pricing/Price/CustomOptionPriceTest.php,cf7b76a19f2036ec1901d2776c152196de0874a7f287b4dd85b8806ba689f5bd,14483
Test/Unit/Pricing/Price/FinalPriceTest.php,9ac723035738f8bd3ff8602d0943e00b230e35ae814717a49a6e14cc82318ae6,5620
Test/Unit/Pricing/Price/RegularPriceTest.php,fb106faecf81af26b6d0e0049c4869a27a1b0f514f9941487f965ec93d790642,3941
Test/Unit/Pricing/Price/SpecialPriceTest.php,89f6dc12e74d4cb93264a2eac438193af5f7126775d883cd56a75babd1a6b1bb,4087
Test/Unit/Pricing/Price/TierPriceTest.php,e4211c8ba27832224b162662e69ec380d0accac6e8b4d1e7384b0e5a307b2e69,14613
Test/Unit/Pricing/Render/FinalPriceBoxTest.php,dc7b4ebe1ca7bdc214bc749a8027f1ccb8b5899f8c925ecdb23119e0d5a72e0a,13287
Test/Unit/Pricing/Render/PriceBoxTest.php,bbbd6931ce3015a50dd989025cf3eeedac337956ec717603940f86ddcb11e90c,2865
Test/Unit/Pricing/RenderTest.php,bfa0a21ef071c7b9955bcb501149f1992003d853ffc586ff0ea20f7f61653bba,4787
Test/Unit/Setup/CategorySetupTest.php,e5e59616169885b08af09bba15347edb7b896d1afdeadcd28a25469d84637769,3225
Test/Unit/Webapi/Product/Option/Type/File/ValidatorTest.php,bccee4c39de31844e9149d6383ec5c6b725a7651edf1afe21fa1ae755764f517,7348
Test/Unit/_files/catalog/product/somefile.png,6b8656b0418d9a2b1f2dfb9c377060c6eb31acbf274c63fb2baf282582aa5c50,3395
Test/Unit/_files/catalog/product/watermark/somefile.png,6b8656b0418d9a2b1f2dfb9c377060c6eb31acbf274c63fb2baf282582aa5c50,3395
Ui/Component/ColumnFactory.php,49190d120cbce9504b79203b28d29c021101481b686f8ba2b4c481bdbd16888e,3290
Ui/Component/FilterFactory.php,0ab17dc35e7f02ea7cc049521611010739adcdb2ea3838ab272493ed41992c42,2235
Ui/Component/Listing/Attribute/AbstractRepository.php,c448ca9caa7fa5b28602e439b78c6d42621cf77548364421fa4f00716ec12b93,1466
Ui/Component/Listing/Attribute/Repository.php,1f7d0906e60f02d4d38d494dc87310f661ae84f814ee3ea35e79e38a09907512,421
Ui/Component/Listing/Attribute/RepositoryInterface.php,62cac3d8edaa1f2bc6ef9f98263c513244c46b07cd9ca8f6256d0383ebc523a0,353
Ui/Component/Listing/Columns.php,42cd4ea5c170741ce30609739b04827f5e693df88b08fd2ebadc0b84d93ce696,2639
Ui/Component/Listing/Columns/Price.php,e8e5b192cb1178d9cce54515e745a42d5e804692e59288ae54b8fdce41765d95,2160
Ui/Component/Listing/Columns/ProductActions.php,8c55bdbb06c1344fb72f68b581bd572c58f61202abe68e9187b446abccb5b1c0,1836
Ui/Component/Listing/Columns/Thumbnail.php,eb82efc9be2b8da467d13f7a6d87f3593234816dd94a6050104861ce41690cbf,2576
Ui/Component/Listing/Columns/Websites.php,e5fc8c3c7590ac82b4089afca590d97f4468ef600665a7bdad22e6bfe4534ea2,2103
Ui/DataProvider/Product/AddStoreFieldToCollection.php,f0324cbddb625206644d3cc9ad4698fd8eaedf21a177f1f95dbd025a19c42760,1099
Ui/DataProvider/Product/AddWebsitesFieldToCollection.php,3cdc054490cce81b7a11ee3fac1198d1e897d44687118528cd88dbe5c289bb7d,566
Ui/DataProvider/Product/ProductDataProvider.php,3098c06d27600e9593b3f7b7b3beb6927e723654110e8e9c9ae4ff2991cf09d4,3082
composer.json,2d884ccdb8a1caa3b2fe7f75a6dd26e763b3355cdf0ea42c0745a12edb68d04b,1700
etc/acl.xml,0a7fff7f4f4df81d51df31ceb8826381568584aadacbaa198047b32ecfb86006,1695
etc/adminhtml/di.xml,4fbac90918683ecda7f3a51dc6e5ef8c1a14d658f3a783b44bdcae4df8140e90,4667
etc/adminhtml/events.xml,b7b276efe5dd59cc1ddc906299c76e3222a0890d0422c257367a0887e67b955b,484
etc/adminhtml/menu.xml,e4ffe2113c00ac12cb4358822ec486e5065effeae1170538bcef92562afd41a5,1607
etc/adminhtml/routes.xml,19149e6d9336e6da5576360ff089878a697b4ebee29139ff53693a750d04a6b2,461
etc/adminhtml/system.xml,ee978f131e655b5c21530110290e5aaaca30bd3d07d4bbdf4be5d5704bb7ad69,14921
etc/catalog_attributes.xml,7e7ed186b127b9374ee06c2ba43a5a4e08c9c51c61c090d2380e2b918e15009b,2220
etc/catalog_attributes.xsd,5f4e261f9097ffc7f63d360c32562f80e0317705d2070ff9ca237b2b2381f074,900
etc/config.xml,2136d7efabb0bac47b1ab4ed0564be5b53bacacc68301822a8c93bbbab14cc72,2605
etc/crontab.xml,64e2bc045e7037cd8ebe339be17b7efd05d47e5a44ee98b4506ad04f2593186c,710
etc/di.xml,39ec1038294d78779276b300b637672229f389393e5587e71d395fd189f9d027,35980
etc/eav_attributes.xml,a7d87e18c69f6231dadc5054cdfd15343f545e10c2703339693566b9405db503,1641
etc/extension_attributes.xml,b76ab31e75b32f5486acdfbd57d59d7b8d68613be905d657eccf17c28504397c,1147
etc/frontend/di.xml,05e55f805fcbf9881d4a2ae09aeddaff4f03be9ab00d6c307a3b256f7fa4edad,2439
etc/frontend/events.xml,51f8f6730c7c4fdb76204be557e63aa6db3d7756e1ceda6ad12894d3681b1c3f,820
etc/frontend/page_types.xml,01fd65f252c3e44d8cc75c352972398cf161816d2199cbbddaa93c14a9a4a24e,612
etc/frontend/routes.xml,8753a4144ebd7181358077edd530f48cc9c4feb4dd5a52aa40f51a61e863cd41,439
etc/frontend/sections.xml,bfd449cfd2d68eb53fc27749bbb84f72f2ecb40ec22e6dd5f99f3a4d58dda6c7,626
etc/indexer.xml,735aa343f67760e6963f32a0a128af95c8f1ccb8d229dd70947b528053534353,2040
etc/module.xml,9eafdc4d8830c0416cadd513211192490a8b616a99b88caecdfa6488f7b76a54,573
etc/mview.xml,abb7f88349049e8aa10808c9410d0538badeb63c0e14a255f766111a7fc81309,3773
etc/product_options.xml,5fb13f27ffe8b751281ca75dfdc2d7694db52f54fc936f849e43a9dfa7d5e666,1378
etc/product_options.xsd,89e821a6bb9b56196bd8ab930454e1170e507d3b3d254cb6c59270ae954f1caf,2644
etc/product_options_merged.xsd,fda263d3a2f14276b57c142e121020f008e165c09ba0071e7f99ea7a7034638e,1330
etc/product_types.xml,c52b996fe7113089e6f95d91ab2a64e0919beff4e55774c8cad41142b59b9f2a,1002
etc/product_types.xsd,317ab22d786f65c6fb7a6186269cd75c5d0ca5311c70a5c665f04350ee3b05c8,3648
etc/product_types_base.xsd,c49b6f4561b7f03f472d7ed05ad17f9eb77fb4faf546230ae2ca324a82eaa50a,3578
etc/product_types_merged.xsd,762712f68ffb486712deec92fa6b9a06f666dbf8e09fd17a6207963c5ffa3577,4225
etc/view.xml,b6856d4063b0bcabc9c73ef6d519af45e94c56deae62dbe80df43d8d2c7b8a37,388
etc/webapi.xml,ccaa5f65406b1e4904f205b42342dbda82ee5c597aaaf2aa2993e36ae7f2d6c5,18338
etc/webapi_rest/di.xml,2cbe4cffe57e2b6738efc5dd216f04e1387da63370a632408084c791cf9221f3,902
etc/webapi_soap/di.xml,90c92a6156e4169bf82f83a1b29c5711cce18e98220f40023f12f191788c5c28,744
etc/widget.xml,52238d425d39427f1208ddc4c067516a046f43e6151480829d19ca0be9a5ef04,8961
i18n/en_US.csv,bc30c92424a7f11c7967d29f650fe83f679ff85fb9369dfc6a00c57097a57718,38860
registration.php,1f96e511e3456f48dba66d7b9ea7a6eb2213b9da1860eac734b7b994f6582664,274
view/adminhtml/layout/CATALOG_PRODUCT_COMPOSITE_CONFIGURE.xml,85d15f74a234c4b47b90ee36e2ae0d08224b2c8cf8aac29946ec193a42e4f1df,2414
view/adminhtml/layout/CATALOG_PRODUCT_COMPOSITE_CONFIGURE_ERROR.xml,49556909d05b759b0e13468c327437cc5e7892fa7f309a68c65661c0e13cd5e2,882
view/adminhtml/layout/CATALOG_PRODUCT_COMPOSITE_UPDATE_RESULT.xml,d49d671d0d48949987d2d025d9d7a036762a7298915c5657df604e28ad12014b,898
view/adminhtml/layout/catalog_category_edit.xml,520baed7e64e3a4897e16090bdd195356ea54e3a92c65a5fc4faea929afa141c,2095
view/adminhtml/layout/catalog_product_action_attribute_edit.xml,a1405fac64e9fcc18541c4403251715a864e8d2413d2ffa1c4b516816ae7e94c,2223
view/adminhtml/layout/catalog_product_alertspricegrid.xml,a1f067e01c7c0ac15c13760780b90e30f54352c1a1959da27adb5db9a979d2da,477
view/adminhtml/layout/catalog_product_alertsstockgrid.xml,b81c6f438e683ffbe7df17c60fdfe5d13b4c46308008178f35ff94de1c528e9c,477
view/adminhtml/layout/catalog_product_attribute_edit.xml,65f79d760baafab68fa7aa96e14910ebec11b4c5280d32d0613af9c3cbcae2aa,1599
view/adminhtml/layout/catalog_product_attribute_edit_popup.xml,092e1185d8aad3b09626c65f3a50566aff47fdcdd264b5d1aeedb6124b3b190a,1611
view/adminhtml/layout/catalog_product_crosssell.xml,11005b600c394903f5693cb5a0b6806c644f3fb92c40ee8e90f2aba756d3424c,1142
view/adminhtml/layout/catalog_product_crosssellgrid.xml,315a98fb1ac31cc4ec6eaf233bbda23e3cf55dc40452a9a73d8bbf127ebb6c2e,486
view/adminhtml/layout/catalog_product_customoptions.xml,972afc9fe3eb00794caee69a1cc54d06feaa34b2dc25d91077d6a5b15047c971,483
view/adminhtml/layout/catalog_product_edit.xml,bbe38677c1a320402d4a91ffbaf91b92c0260d80e16782fe03bb09d8d01acb8e,949
view/adminhtml/layout/catalog_product_grid.xml,844b2731066863f549c92625f46d41b94c9d12bc80893094437e7904ec3c5a94,487
view/adminhtml/layout/catalog_product_index.xml,a6a61685e52eda264924976984f471481dc110e963b4d8b949f4c2713be99e2f,1008
view/adminhtml/layout/catalog_product_new.xml,d79a0f21a38d412b511bd1e120c6dd20f961d4f8512f69553537856fd225ea79,3788
view/adminhtml/layout/catalog_product_options.xml,ef0467630b15d743e2e5f44b6e58fdc4362473508db2da38b8d287071ff5555c,471
view/adminhtml/layout/catalog_product_optionsimportgrid.xml,70fce1d84270d17b3796d9773325de1047a5300795df8977a6c916db6c1a9ef8,498
view/adminhtml/layout/catalog_product_related.xml,48cad9e1cf8c6246fdc601d4018986cf7ccf5f4a94fb4884b80f6d6bb2f7a3ed,1128
view/adminhtml/layout/catalog_product_relatedgrid.xml,1ddc1ec488637f2b65ee0c366b7189ef179da6d7812486dfa7ff9c9f2f4ad016,482
view/adminhtml/layout/catalog_product_set_block.xml,e9304c3497ea6b8ad4150cd5be3aad219b7d3f400ceed0e805055c3e2edc9fb5,2376
view/adminhtml/layout/catalog_product_set_edit.xml,44e35570efba3276ee0f77cf8bdcdc0bf5a60fadf245ba913ee162a885023a3e,787
view/adminhtml/layout/catalog_product_set_index.xml,1a4c6a98efe192b25343d6e8be9ac07e6be39dfba2c30048923ca436de32944b,622
view/adminhtml/layout/catalog_product_upsell.xml,5f780319b6913a8820d323971d394703ddc88c7ea5fd8014fb0cb731dc3be98c,1121
view/adminhtml/layout/catalog_product_upsellgrid.xml,eaf489fa6349892ce0a739acf21581f3fd8b632c9584454d40ec850ac7144da4,480
view/adminhtml/requirejs-config.js,be7a3b8a87333027abbe17bcc1e24ca12614bcaffef8c0bc94ada7d8d26e36aa,672
view/adminhtml/templates/catalog/category/checkboxes/tree.phtml,9b2237f0eab29d3fadc733daff06d87e218bc6ebd839d0d3f603d6e93064488e,5895
view/adminhtml/templates/catalog/category/edit.phtml,be73dcc51dab4217b201da3f5ad07ec826e4fcf7c76b2f8a81a332bec0cdd479,6092
view/adminhtml/templates/catalog/category/edit/form.phtml,200bacc3c0ba2f9da0cc070cc9b4b4a6e903a4219d1376bd0a1ec7a7537d25ee,9929
view/adminhtml/templates/catalog/category/tree.phtml,1f25b3d7e776ef4b862da852a9cf6d8e4fa1d9418f23fad1bd3506f3f206488e,20618
view/adminhtml/templates/catalog/category/widget/tree.phtml,cc59671035ca7cc9f1511e61465de13810210eb78d91a64cf6d02f3c436d6298,6411
view/adminhtml/templates/catalog/form/renderer/fieldset/element.phtml,ed2a23ad263c6ace952b7a3b247974e2a1023c262f352ddd0abcbed76008563d,3707
view/adminhtml/templates/catalog/product.phtml,ddb4ee964173f19338e41549bf9571b47a764460a3884656ee0d5bbdd8a93b03,253
view/adminhtml/templates/catalog/product/attribute/form.phtml,aa8e231447ba54d817a9b299350a3c9a86f2ee115b2ea021753f47b7108ca8e1,1091
view/adminhtml/templates/catalog/product/attribute/js.phtml,a861cb751976f5c46138d41573ffd8181e8f1f28184427d7b52a82fc35ea8107,10873
view/adminhtml/templates/catalog/product/attribute/labels.phtml,04b93da64760cfc804e097b33a153db246700c33306c4c7a3414c38351ba35bc,1930
view/adminhtml/templates/catalog/product/attribute/options.phtml,80f68b69890b209209f9014cfb19104259a1dabca467834b1f9d175ef173e43b,5162
view/adminhtml/templates/catalog/product/attribute/set/main.phtml,1d81225f2ab820cc8f72e35c0bd7f88f0fc35e0a6005deb14d8b6431a886f370,21757
view/adminhtml/templates/catalog/product/attribute/set/main/tree/attribute.phtml,82a53f9de67c4fe289784e4c204c256694e4f233a71ea8703200cbefafc9c2c2,116
view/adminhtml/templates/catalog/product/attribute/set/main/tree/group.phtml,78803bdd62840e10a7ba54a19c8f41de04e42ae994e937751798c9bee2bb537b,195
view/adminhtml/templates/catalog/product/attribute/set/toolbar/add.phtml,b6e87af91d2c0f5f5e923ac4c1319cdb7586d8d8d9315a7c4f95b980ca9f57b8,337
view/adminhtml/templates/catalog/product/attribute/set/toolbar/main.phtml,844aeb4e9e2edef425f64838eb4af3648000897bad334bfd67d9e668af53d9dc,193
view/adminhtml/templates/catalog/product/composite/configure.phtml,6064a8c7312a4e16efb02150beccea71244a67cb30d94f7791b02acdc4d5b178,1794
view/adminhtml/templates/catalog/product/composite/fieldset/options.phtml,e82677427041cda80dd5040b8996ed54f0c6aa84d2642e85ad867c03e650f1d9,842
view/adminhtml/templates/catalog/product/composite/fieldset/options/js.phtml,1e10fe186e8e628d1dba75104a17258c3c0c1c4ca76bea95c3b9d4cf5b12f5ac,2424
view/adminhtml/templates/catalog/product/composite/fieldset/options/type/date.phtml,17c527e4036d3f1631321473ac01dcaa08a5d703d4484d1d75f2846b735a928f,3501
view/adminhtml/templates/catalog/product/composite/fieldset/options/type/default.phtml,139bf63eb4e39d098d2d35d18f5463fb54f17062146b995ef0ff9e1cc99c67ba,448
view/adminhtml/templates/catalog/product/composite/fieldset/options/type/file.phtml,57adf49120789c2a61f23239f2e9afedaf7a16ab59e99da7422f3d01e20e73c7,5451
view/adminhtml/templates/catalog/product/composite/fieldset/options/type/select.phtml,da5f1d48edd82552bfb7885c7fad473660cebd0a465037a4787ef57a05818372,1020
view/adminhtml/templates/catalog/product/composite/fieldset/options/type/text.phtml,6352785cf01ef8e9657390ff4299db1e6211ad04e45a260cb5b8dc05625bbc2b,2362
view/adminhtml/templates/catalog/product/composite/fieldset/qty.phtml,57b750799c8dfbc4783c0e6c3e54c512581913bcc3566579a2566e6563f8e04d,885
view/adminhtml/templates/catalog/product/edit.phtml,9fe06968b67c4bb639ec6815dfa769c7cd91a20201993643e100d595353e4ce5,19353
view/adminhtml/templates/catalog/product/edit/action/attribute.phtml,ab02b692ca76b993547b6dbc2859ee60d74690c2a208b1a4c4c1b22a37237a69,623
view/adminhtml/templates/catalog/product/edit/action/inventory.phtml,7894de58a9921437f16c47c46a8f7d5a22d299bdd12eb8bbbc9c8c6657475a1a,21918
view/adminhtml/templates/catalog/product/edit/action/websites.phtml,0bf63ba94ce657f9efc202edf8f9361f75da2412b69b2ae055eb3e6a8d6db213,5376
view/adminhtml/templates/catalog/product/edit/attribute_set.phtml,49fb386c9e1031e49a2afb1c7e6a43d462b10fbc3979c741dca7f63a0b3aef64,1697
view/adminhtml/templates/catalog/product/edit/category/new/form.phtml,a2cb4eaa93724d04272de7355e9e8a2b66f797923bc8b7288e53a77b3ec5828d,386
view/adminhtml/templates/catalog/product/edit/options.phtml,dff9dfcd594fa0511cccf6b9833c2f5d97d39a6d3a73b8520dde38292b413a22,1789
view/adminhtml/templates/catalog/product/edit/options/option.phtml,aebc517fba8255b3928bb806c6e6ea0bc0149fc5f323d8669ced9daf7f0a3729,6734
view/adminhtml/templates/catalog/product/edit/options/type/date.phtml,94898df8e9478f13adb2ec9e7d44ff680ef9a2b9c75c7fbf6b605d504a5e4799,2310
view/adminhtml/templates/catalog/product/edit/options/type/file.phtml,895ea4824b359a7803f8174667e662025f55c23782116a9e36e8ed110647649e,3213
view/adminhtml/templates/catalog/product/edit/options/type/select.phtml,e3375773c3b7339eddc9280c71031e426968543e1ce0d50b207372f7c3c4e362,4951
view/adminhtml/templates/catalog/product/edit/options/type/text.phtml,b3c7914d3f63efe2fe6afe2fceb4bfdbd93b211d65b28bb3feb2b5ef1e131008,2633
view/adminhtml/templates/catalog/product/edit/price/tier.phtml,66a6782b97336df35553989bf5b1057387e645707d04dce9524b587182f1f726,8859
view/adminhtml/templates/catalog/product/edit/serializer.phtml,a1b0d9c9b510088442b92a9f6cc89f2f85f29d893223837fee8afa066e30666d,349
view/adminhtml/templates/catalog/product/edit/websites.phtml,abf426b37083c7df2026abf00e6fc5e8aca8f740e65a180eb7460995a4b36afc,3789
view/adminhtml/templates/catalog/product/helper/gallery.phtml,073239c5f4a444882bf19f5712723ac860c3bcbd1f17eacde7bdf09ca69fd907,7446
view/adminhtml/templates/catalog/product/js.phtml,bc5b24a1a63af3454fc451b1fd9eed976f367327348bc8f540b7d61849faed49,2884
view/adminhtml/templates/catalog/product/tab/alert.phtml,c38e3138fe2c83c763144daf9a7f279b0a936abfe342263709628655258e1945,508
view/adminhtml/templates/catalog/product/tab/inventory.phtml,08695d1e63e59b0fd091aa6d4de47620202c9de0dacf5a64afaabb0b15c89bb3,22483
view/adminhtml/templates/catalog/product/widget/chooser/container.phtml,f651aaa2985caa0924b36e55c935fd616013619193c8e2ca72baa5e9055d4260,422
view/adminhtml/templates/catalog/wysiwyg/js.phtml,18e4a7b7ccb71c81dbc4921546b3efa760a26e1e6c692d00426edd86e890fe1e,4005
view/adminhtml/templates/product/edit/attribute/search.phtml,f34a9233f14271f0f913221977a0e84f7512df391f38f181febde422a124f97c,3419
view/adminhtml/templates/product/edit/base_image.phtml,17e542895ea203bb85181e4da6b7c9b3be3bc8c2e2ed33a197bcd8d4b541ce18,2645
view/adminhtml/templates/product/edit/tabs.phtml,52a34479585ac2a250597e1c9c4466ddd6e3eda12a8d27d514ebd109b0969d6b,7284
view/adminhtml/templates/product/edit/tabs/child_tab.phtml,4889a8a4d2a104a790445f08b1c2800805329a53bb220b867f45e5321ffe08f5,1136
view/adminhtml/templates/product/grid/massaction_extended.phtml,568a5cc6b95a9a004b02dba8b52f96ad9439c5c88d2f98c8d76ea0a37d9fd21f,4252
view/adminhtml/templates/rss/grid/link.phtml,2675b7fa55c68502d10497facb8b121da8dedeb8bb36006ce6044141018c3301,438
view/adminhtml/ui_component/product_listing.xml,9b237e782234920a904e084b5306b87f003150516fd05985ace48921786ac127,17426
view/adminhtml/web/catalog/apply-to-type-switcher.js,ba28cc531d7e5ab75b566c16857fa892dda9e2695459ddf9a0c363204ad870f8,2067
view/adminhtml/web/catalog/base-image-uploader.js,e4a5abd6bb4830604db10de55fe9420351b92f5f1ea557d89b8ad064ef29bdbd,6970
view/adminhtml/web/catalog/category-selector.css,c0c36fcd04c82ba737a4da3ddda1258edde9dc2f194d4e60f88ce759029e7319,3906
view/adminhtml/web/catalog/category/edit.js,cbe6f21085259e119ac8665f401b8afe50d944fb18559546d61dea5ca8cc5c54,2603
view/adminhtml/web/catalog/category/form.js,ba1c14b90f7ed395334c5e558feddcfebb2ba80b9de8936629577f4285ba87cf,2232
view/adminhtml/web/catalog/images/select2.png,d6b5d8d83dbc18fb8d77c8761d331cd9e5123c9684950bab0406e98a24ac5ae8,613
view/adminhtml/web/catalog/images/select2x2.png,5f34da65c17ef00808d92036ab4f380b66061170ace78fff7ef0827edd225f5a,786
view/adminhtml/web/catalog/images/spinner.gif,8931fc950c53ba1701e3c09c405ffee176b70e96f6c1dcd04d69a5727932f2f4,1727
view/adminhtml/web/catalog/product-attributes.js,b4bf83114844e90e09b33c3e568156eafda9033f4e7a42866b6353d417518a4f,2937
view/adminhtml/web/catalog/product.js,508f6a15e66124feccf24bd1a25d7a6dad0a95c19ce5d9e1fddcc038f1c7b197,2267
view/adminhtml/web/catalog/product/composite/configure.js,b853f8723163c919104ab6d756a9b887f59da2f342e2ae692caea48fae1651b7,31468
view/adminhtml/web/catalog/type-events.js,562e315f12f85271448e0f93debc29a925cb4306fcd55cc80eb11227f5948c68,1810
view/adminhtml/web/images/ajax-loader-big.gif,3da26e1c0204f27c1d5d0b926fa3db99af97c2ebc67af5af489192a3b92354e5,17323
view/adminhtml/web/images/category_widget_link.png,07fe4c398d1b8327fe0aca02e061ae3986230418687f541793d16af5e4ab96b2,1088
view/adminhtml/web/images/product_widget_link.png,6875d9a95edec29eaa3fc93dc5438fd91faace1a3466e85db10f8967affdd238,1320
view/adminhtml/web/images/product_widget_new.png,eb5838fadee5e1bad87543a5551409cc2eccbf7857bce3227dc547cf509e7fee,1280
view/adminhtml/web/js/category-tree.js,064182be87b3121e1688cbc0da2b4338c6a6958e08b461c5b1c6520cdc2915d7,3057
view/adminhtml/web/js/custom-options.js,a94b91577f6b0f71f3d08595e49956a9eb52eef0d7719fc74619571e91948a76,18944
view/adminhtml/web/js/new-category-dialog.js,827ade635cd1ba185b3425cbf4e71488c9d8db0e22569cda37e87beb51fbe8e0,6520
view/adminhtml/web/js/options.js,c5775baa30d26f2681b33bd8e6e990d26d9ba8b2b13c7ab54922a36e25136ab8,6351
view/adminhtml/web/js/product-gallery.js,d6e55e4c42bf9d6027fbfff6b8d7ef7e2a8aae00476909926a01aabc683bde21,14679
view/adminhtml/web/js/product/weight-handler.js,d396e20f27d4705ebcb2eed5291f240f3fafda0321934ff215a0d8dcbe32120d,2246
view/adminhtml/web/product/images/ui-bg_diagonals-thick_18_b81900_40x40.png,6c01e395851a8dd4e2a2e4b27c4644e47f6497fc832e80c976d06419cbfe0c13,155
view/adminhtml/web/product/images/ui-bg_diagonals-thick_20_666666_40x40.png,d1d51b9fb16366ed4178f762343ed04a56be053d057938a400ca16f1da12de98,155
view/adminhtml/web/product/images/ui-bg_flat_10_000000_40x100.png,572191a0d3c63a6114df4e972e3ec72e1f6e224e72c6f1d05a250d365fb41250,86
view/adminhtml/web/product/images/ui-bg_glass_100_f6f6f6_1x400.png,29205b2d198ce4eed569d38a5ce0a55ef27a0c8e643473c375d623ced7d24ca8,104
view/adminhtml/web/product/images/ui-bg_glass_100_fdf5ce_1x400.png,1cbf4bb8af5ce70ba8228e90a81eddba4733cce35bbbe469e952b8fc7cd49b8d,125
view/adminhtml/web/product/images/ui-bg_glass_65_ffffff_1x400.png,1506601a0d54155a6c9977037e89cfb0917ea4cd8392fa57929727c8635d9be7,99
view/adminhtml/web/product/images/ui-bg_gloss-wave_35_f67028_500x100.png,191499afda54231f6e093207aebea4c870dd794e7fe32d53140f707445db5234,1985
view/adminhtml/web/product/images/ui-bg_highlight-soft_100_eeeeee_1x100.png,41ff65fb4f9b6f2fa9c9d025c2e9b0c9e09a2aee6f32266d19ee93c8af4dacbf,90
view/adminhtml/web/product/images/ui-bg_highlight-soft_75_ffe45c_1x100.png,1e1cfb209f291f1ebe33adf0301d27f03089d77db5a59d2288c54cde5d044973,129
view/adminhtml/web/product/images/ui-icons_222222_256x240.png,cd2f322508de6cf72079292799c3c9e14852dc126fc6597610a57d3c17eddf2f,4188
view/adminhtml/web/product/images/ui-icons_228ef1_256x240.png,b07ff3aa7b38a5702ffa12211977303aed3044d91e04428f84ba0866a691285b,4188
view/adminhtml/web/product/images/ui-icons_ef8c08_256x240.png,8300707a3484cf7a84834485def517c3daa5cb22ea9ed1719fb729b29774a42a,4188
view/adminhtml/web/product/images/ui-icons_ffd27a_256x240.png,9650bf6ba7ac80175ccbe94f62f8d812b2d9e7d9f98fa3ac03eaa6791cf28da4,4188
view/adminhtml/web/product/images/ui-icons_ffffff_256x240.png,4d265aa2aaa7d98b79737a056b5ee5d5d510655dc7b12d55de0dc4da0c16bdb4,4188
view/adminhtml/web/product/product.css,9f98ca712f35a46e7c07ff184637bf85ce9c99aaedd416c64724bb709c9dec10,8213
view/base/layout/catalog_product_prices.xml,2f33b649d17a21af6c11b025573e082d63f6816b90bc77fc546fa4cee4320e64,2544
view/base/layout/default.xml,3fb737a4b042f0cb02a3f03f470144273aea35754d05955ce8c6862e6f33f4be,748
view/base/layout/empty.xml,3fb737a4b042f0cb02a3f03f470144273aea35754d05955ce8c6862e6f33f4be,748
view/base/templates/product/price/amount/default.phtml,42adf951f3c500d3d2eeb61a287031946ab4a1f06440e2747b6106a373defdb2,1700
view/base/templates/product/price/configured_price.phtml,5de8594a9fcb8bec17de34d093f305ea0df4ce51a4edbed57f7080002867048e,822
view/base/templates/product/price/default.phtml,0509216dada8116295bc663f6acadd64aa49b9f9f96f9a228215793e8dcc19a1,578
view/base/templates/product/price/final_price.phtml,eb0f4ced4969760a5cbcdda59d813bfc07d653ec8118e6adc2196326277404d7,2361
view/base/templates/product/price/tier_prices.phtml,92c27585f43046ddc22dd2a9a8d20d958160471e06c62a6dec0beab124b9c783,4880
view/base/web/images/product/placeholder/image.jpg,471ff93a64c42895ff4ae3ab2405b0cb4aed346dc03d68a3f7a3fcaf2148f1f1,1957
view/base/web/images/product/placeholder/small_image.jpg,5cbf660f2c0bc7d9be318331bac73e9aac668d321326959a59d832eb1a30e731,1067
view/base/web/images/product/placeholder/thumbnail.jpg,02f008d4968496c7902dd302334a96006652397ce599f67e69ed4678bb44ee28,854
view/base/web/js/price-box.js,0dcbd6ff962102b447ab3b326bcd047190fe3c238e7fa3af7d2efc7f9cc96976,7443
view/base/web/js/price-option-date.js,ab0493de10c645ce19dcf005196389b2a8b04b7a181d3ce809cac108e89dd8cc,3930
view/base/web/js/price-option-file.js,0e0d5039a94e3836ea683fd851fe7c6e77ef3a046c98d88cc31e528af88c2030,2535
view/base/web/js/price-options.js,ec0f1a0562e4255a686ce7ff798066e5c62c5eae33700b7227e4f3b80a647def,6937
view/base/web/js/price-utils.js,44771de3ea925d7d605ee127cf1088ef042b0c81c4ec4540f38c76477aff1eb4,3654
view/frontend/layout/catalog_category_view.xml,070727ed90ef1d898569a29fd7a618e66fe24d62cf699fac303f1c9683ea4e88,6158
view/frontend/layout/catalog_category_view_type_default.xml,e467c15814b8a3fc5f44c83e0d7a45c778566dc4725649faa44f1ec3f6dcb98d,533
view/frontend/layout/catalog_category_view_type_default_without_children.xml,0e4c1037f4851a9d91eb66f83ca9e3a400636603fe16188e8cb9846a23ce4565,314
view/frontend/layout/catalog_product_compare_index.xml,36f9e667ef353239e7512dd50bd07c8475e0a1bb5810219464d4119409430498,825
view/frontend/layout/catalog_product_gallery.xml,685257f73070261c228b46091b75f14200c48afd2c923de51fe16e0b83c6685b,757
view/frontend/layout/catalog_product_opengraph.xml,18a05cc062a771df4bdd1acbc0420672fdfd13d22d5d45a9b7c2a8d399441874,899
view/frontend/layout/catalog_product_view.xml,7375083e31e4695414bbdfe863a75d33cf1e3e72ab49d22ae8b9d1fbb776016e,11340
view/frontend/layout/catalog_product_view_type_simple.xml,40269af4cc685d1e066f44479fa853690f800eaee4117a16dd12f8674a767744,720
view/frontend/layout/catalog_product_view_type_virtual.xml,6b5a384c1a6d1662395888680d043386000e2683cc02cfe6f37a38e9582773d5,724
view/frontend/layout/checkout_cart_item_renderers.xml,bf8774520a4bf12aae357e98984835723198504b89cc242a1243a46aae5f8463,1161
view/frontend/layout/default.xml,fe4c45e545f0fafd1521f5b3837cc50d5b5bf83c56babd59938bef7f5100fe95,2243
view/frontend/requirejs-config.js,63bc756f9a43b2d43e79c6c9a0a47dd72c152d19adad9637a9863bc048751ecc,1032
view/frontend/templates/category/cms.phtml,a2d8138f98cccb54fe7307a5f7d94dee6f25854e86aed0e7ca5ac7b0b24851ee,419
view/frontend/templates/category/description.phtml,ed2e0bbef3f591bdf9d2289d571d645d08b825182e573187b1db6470b44090bf,565
view/frontend/templates/category/image.phtml,e3148c25e6939545c5b14fadc35412b48e8a495ea9d81ce6ea0f0c265c98a354,793
view/frontend/templates/category/products.phtml,070ad407e67652754eed0c2d401a55a4d492f42c394a5ae30d5bf3dc3d438c5e,376
view/frontend/templates/category/rss.phtml,33b9cdb274bd4ed5a7a41cd67083a9ac273af1d3c5b1f32bfa4cb8d357f5d18b,422
view/frontend/templates/category/widget/link/link_block.phtml,776269577ee939424e00fd8390c15b27c365a79e7e8923893aa665f9a5dfb7e6,347
view/frontend/templates/category/widget/link/link_inline.phtml,96d02c04f200c11310d73c8dcf9fd91c241a2541e9386d9f76154d40a8fa8512,356
view/frontend/templates/js/components.phtml,6f966a8d6eb7d772bcf9d94b561aa8871d5c33538ba1d56eb8fb16a74a38642d,187
view/frontend/templates/navigation/left.phtml,23d742b99c6d34301f86d1f9cf6b71d67ea3b8102683b378a2a9349787ac8f7e,1769
view/frontend/templates/product/compare/link.phtml,1f6c219c562d2dae05a09a46a26b40af95efb59955aa2e30c2fdb85955f51d91,826
view/frontend/templates/product/compare/list.phtml,4634c4143bec6e6a4bcd137ac9f1ce57eeaed97b9e5fe2d48b6eb2a8829f065d,8808
view/frontend/templates/product/compare/sidebar.phtml,0e818bae82fdea2d17fb6cc99c9b57c5200d24903778a15aa21520ea414aa3fa,2660
view/frontend/templates/product/gallery.phtml,27994b0ed675b786d07820afb174c08bb79d61c1d6b11179fbb5a217082bad85,2731
view/frontend/templates/product/image.phtml,fa57012986ad540e3af2947ec126cde32602e15da33a6e99446c7387f4e7a388,607
view/frontend/templates/product/image_with_borders.phtml,eb2af3ade4f30da920d8f9a9f6b551b954c581fe0fdfaa7383d39dbf608b7965,964
view/frontend/templates/product/list.phtml,9e125c1ec47aee381d1a221bdd9a14eac35e7d91f031963d25f3bb6c1563b2ea,9060
view/frontend/templates/product/list/items.phtml,bd8496125ce9785e9c3d8c433b75ffda2df0c17b9a54aa37cdbf126577df114b,14484
view/frontend/templates/product/list/toolbar.phtml,7403b56001d2359621de9c5cc51529c3b12576c42e48cd46ef2cfb87e6a8db18,1138
view/frontend/templates/product/list/toolbar/amount.phtml,2770bfd8491094520ce56bfc153250da4552110322c4aa8aac894c3310889099,1101
view/frontend/templates/product/list/toolbar/limiter.phtml,50736f0127b8086034ef2bbfc1abac56059f18f3d1c6428f587c07889f79e7aa,1077
view/frontend/templates/product/list/toolbar/sorter.phtml,45af27d5a336db0ca73cd68732a6ec7c5d3aa3748ee301f862cc8057436fa6f1,1644
view/frontend/templates/product/list/toolbar/viewmode.phtml,f0b035a8d14a1c78bd44641b1116bd6cdf0574ae41124ab661ab3ad633554740,1799
view/frontend/templates/product/listing.phtml,c1662a2f70b27996cfee1c32190d5c3bfa7e3acd21acc1133b9b95d9f287acf8,5074
view/frontend/templates/product/view/additional.phtml,e7831557d07b0077b5faa5289eb6fb0fedf6d1fd3519247aca2db4012fdc1c2b,278
view/frontend/templates/product/view/addto.phtml,e617d401938e3be7963c68c91c9acb7fe66af1d11ff1d908300134d0877b2576,1350
view/frontend/templates/product/view/addtocart.phtml,101b6c32f0636fc8fdb96d680455cf370ba632a95c50a969034649a6cae30de2,2537
view/frontend/templates/product/view/attribute.phtml,e0fd6ec0f37a817197bd9ed66c7bdc4499cfd0d84c35f5ffa1f0c63f257784d6,1434
view/frontend/templates/product/view/attributes.phtml,a5e5133e849ee4db7f280ba786661bcd4ec13d59f40dbfc6737a348ff470d24c,1249
view/frontend/templates/product/view/description.phtml,51405fcbed88885218230cc190bbcad905b581a8662905ad7a82ff4defb10d6f,437
view/frontend/templates/product/view/details.phtml,22475840ff9af48b28b4304d34386eeac1f36b9b9995e7c7fcd981002b55f5d7,1757
view/frontend/templates/product/view/form.phtml,7b1787c0c4988a5ecbdb3f25b73cf2d6b037858f3c4c512d14b56caf2bead0ae,2243
view/frontend/templates/product/view/gallery.phtml,021b1827d27ca2edb6a2b8b02cf823d615aeb46b10891ecfaa34bfde282618dc,4062
view/frontend/templates/product/view/mailto.phtml,31b3b5b5be1c9b011a9a321a7d7befd1ab45f9b15a4aae89679b92211f58e6f5,487
view/frontend/templates/product/view/opengraph/currency.phtml,41507f7a78e0dc0bdcd1d6bb7932d632ea0c21521a594d705c067e12f208570c,347
view/frontend/templates/product/view/opengraph/general.phtml,8918e889ef8ec8db984ed05e870ce7c0c65da14ba95bd97100a4e5934202f474,1087
view/frontend/templates/product/view/options.phtml,00459eed8dcc472e7c303c449f94e70d5053d366bdf61631ca1a0a5183d3689b,919
view/frontend/templates/product/view/options/type/date.phtml,7b0e6db89090e435d5eb67fc4e0f2e8aaa23d861a09c498775b531ff00fa40c8,2631
view/frontend/templates/product/view/options/type/default.phtml,78be2ff239548b74f90a4b442444c36695efb3a600531dec9baf94eacb32146c,319
view/frontend/templates/product/view/options/type/file.phtml,65c19dfc009c2e0703039b3cb4e9222c0421f66242715f289f58cc44c6a539b1,3771
view/frontend/templates/product/view/options/type/select.phtml,83b0160a13352c2d2d16a97131500ed8982ebe6693f4c3fbede3f0b89009894c,1075
view/frontend/templates/product/view/options/type/text.phtml,eeea768d46f7fad8b3e315611b404ed1e6000a83dec767f7a69028e20b429761,3004
view/frontend/templates/product/view/options/wrapper.phtml,bdb6100cc8357bc079745429e1178a2b07a0609994d7b478b7ae51d4cf367020,479
view/frontend/templates/product/view/options/wrapper/bottom.phtml,0e2d79c7c2fc17efd6d033d546bf0cacc659480e129a37370d9bb17a5eec6c13,211
view/frontend/templates/product/view/price_clone.phtml,e176b7d23f02c8a2975a0669d47a3e1d9c880f3c6093c9f61d4b59f579a8a8c4,491
view/frontend/templates/product/view/review.phtml,dd2702a9fcf01e119174fce75aadec2bd6243334d115747190c8ab9c19d8b001,303
view/frontend/templates/product/view/type/default.phtml,5d4ac11b2e71c5502b772a8d71706dd4e468acdebf0145992cfbf64c40aaae95,820
view/frontend/templates/product/widget/link/link_block.phtml,3b9f132daf1cefe77287d62c9fa1f46f847f85b275a05209202d44df418cb02d,346
view/frontend/templates/product/widget/link/link_inline.phtml,a3d90078c498009cd9d904bfe760cb6d3732dfc9e871e20cddfce1e832714b47,353
view/frontend/templates/product/widget/new/column/new_default_list.phtml,99d12c2f5ab798b92c8db4d4cf76f7916e0d425e8be11335bec2a9436486479f,5271
view/frontend/templates/product/widget/new/column/new_images_list.phtml,30321be44332147e3838bda8408e396da8def70f53362099be5781d58ec8469c,1420
view/frontend/templates/product/widget/new/column/new_names_list.phtml,00f365eab983a85b929a67ee5cf699fb3605167bac7e687798d43a2ca0151d6f,1540
view/frontend/templates/product/widget/new/content/new_grid.phtml,2725845530773f2a5d135936748bcb536dc69e3df02b561c6e0a2347c9cbb874,8289
view/frontend/templates/product/widget/new/content/new_list.phtml,fb16aef258a43b9512062396c9a2c353d54421ca937da312a0cd29dc9e33e0f9,9024
view/frontend/web/js/catalog-add-to-cart.js,94010ccd65d0990f1acd446a65e922dadda9d7bffc8395f40d929e49e112a654,5160
view/frontend/web/js/compare.js,1ee682969cb93043147b21b3f7f61e2bbb37fd74d55111fdc09ecaa3461f3b02,1127
view/frontend/web/js/gallery.js,52eb06caa153634b277981a3368673151365299dedbdb896e050979626b11957,1560
view/frontend/web/js/list.js,e40a2ea43ea3a485f4bc6b740c9ddbbf0ea041b2496d0f0074d5aecb9938c8c2,1400
view/frontend/web/js/product/list/toolbar.js,0fb6f0a218a44c3ec3996c1c9dc13e90e9bfe3c30a897bfa1022a5d80f50e012,3228
view/frontend/web/js/related-products.js,e30af7d0e3bf014f279a5b29d713b412458593488bff5441c72802511ce12894,3641
view/frontend/web/js/upsell-products.js,eeef6d798d268eef837f1ac1b9430a8b20a50d0b991d84bc1d6492d045352781,1579
view/frontend/web/js/view/compare-products.js,20cc317fe1757df475f428d9b36eefdbe0e9c714444e1e9e932ea950f1e9fc2e,1302
view/frontend/web/js/view/image.js,e2cd74694a1c7f686f1717941c4d1c88df9c785235a9406c588e5e4fd1c6186d,372
view/frontend/web/js/zoom.js,262053ab060cfee0a17436a302aad08b67605eecd2c7be54159620eef6b2a930,9183
view/frontend/web/product/view/validation.js,0e28ffb4485b40fb4c6b8c5251f844a11860ec848efab3d30bc45d472e7f11d7,2698
view/frontend/web/template/product/image.html,0f5bb82f305c939628cca301eedf0c1636bc20d897f98d1c284d50764748ca76,238
view/frontend/web/template/product/image_with_borders.html,5d3b00277bc01051e8dc514844fc3e33dbda1c3025a83db8061ad3ab74fc879f,458
