path,sha256,size
Api/AttributeSetManagementInterface.php,d62025b7b4aa9b1258fcaeff62b5dff424205f0f062129187f65f4fc9f1b27d7,649
Api/AttributeSetRepositoryInterface.php,d6519b7506a798d6b10409efbf7cb3274790f18b41a4375ed9725eb34a5166b1,1986
Api/CategoryAttributeOptionManagementInterface.php,e16682305b78e6331eb93133976d7dd89926a9321af331243ed733602d07b090,608
Api/CategoryAttributeRepositoryInterface.php,d5fa112ffe93203af0aa7d627b1dc1105c645e05dec6a21226568b057e60e046,854
Api/CategoryLinkManagementInterface.php,b0d58c1ba1c3882e4bec57c3e954ca5e697562afb9216d1c3f6c61b1b9f291c6,420
Api/CategoryLinkRepositoryInterface.php,e476c3f5bcdf2b10b1bf9278c83f5f97bbd1b662d4dcc0fb546aa84b17ea1a0b,1570
Api/CategoryManagementInterface.php,059fb860294cdc3e5257aca2b0b4212fcf9957bbdf238289b0643e8f2c76d592,1021
Api/CategoryRepositoryInterface.php,d8680b9d78efcf44dff3b92adbcbd26f8ec3ab3eed5aaf9853252957bc2e3154,1686
Api/Data/CategoryAttributeInterface.php,27082ecd043f155d89ba56b04df6b493ced110c93e5c47ef8148ed5d64596481,307
Api/Data/CategoryAttributeSearchResultsInterface.php,32116a31fccfd64ce285152a98efb5c1b02ce319a1a45627f65a53439c30fe1c,615
Api/Data/CategoryInterface.php,e1fd85aa4837fcc0669e3f38917a301db4a27ed5fbf2e79bb56c30404c1b6d7d,3314
Api/Data/CategoryProductLinkInterface.php,2c8627408c206db4b801953247dac3455541e96a3be9323c7e2f422b39e8a8ac,1437
Api/Data/CategoryTreeInterface.php,d6de32c86c833a5ecf89f3b6d82fe6f4198e271f359ec948e3759205a9743066,2228
Api/Data/CustomOptionInterface.php,bfc829fbdcf5b92605416fcd9663002e670c4ffac53175605d39d1d44423b2a3,1436
Api/Data/EavAttributeInterface.php,93596262e977b358aa734a06c2e4595e439f1c3c3a79c80283dcca50745ba24d,7050
Api/Data/ProductAttributeInterface.php,210355d80b5b9f5c7520acc91627015185dfd60248c7f476cdf849cafdbaede0,305
Api/Data/ProductAttributeMediaGalleryEntryInterface.php,7b07bc6264d1edc2c1496f03d18892ae009c74598e075ee3eae3f091bb149cfc,3493
Api/Data/ProductAttributeSearchResultsInterface.php,bf98eb1307b39d750adec3750fc4d480113b9643242c5c7cc597fe82f7d4a857,612
Api/Data/ProductAttributeTypeInterface.php,e6e01b91560e73244f2d7629b2d3b668eb459209715b4598ecc3f3a8f00331a0,1340
Api/Data/ProductCustomOptionInterface.php,3ba49f22af70d32680cbe5777aef18329a1df22690e9a55a256b40293f0bf84a,4120
Api/Data/ProductCustomOptionTypeInterface.php,cda4ed7c246582e4dca27512133d16726a6c8dd74e2971acb07a70eaf2d7ebbb,1575
Api/Data/ProductCustomOptionValuesInterface.php,d25320d6c92ddb7c5d38339884d5f8eb8e573dd4163b3d39d73b0a2132baa30b,1644
Api/Data/ProductInterface.php,6f150701e37c0fdcc82c16566470a80ce222d8ff6165c331e4f3619af83914ac,5525
Api/Data/ProductLinkAttributeInterface.php,89cd3d670034ed589051bc90c60170d3fce48d17d90af22c7bf018d7d917d086,1302
Api/Data/ProductLinkInterface.php,95c3238a7783553504d0a43ea1de77ff8c7847e6ab73fed42c9bad8863494905,2134
Api/Data/ProductLinkTypeInterface.php,c0a6bace41b10048b6ee4fabab623cd6ff981dbd7839b41d83ce2aed21d6b819,1276
Api/Data/ProductOptionInterface.php,b6d0e5fa4ad8e3e992f5aeb6a8adde8e78e57ede53cf9ce89b64880ce29a73f9,839
Api/Data/ProductSearchResultsInterface.php,470da0a0fb04e8545b471fc4ee553162305a36001d26da0fc24e237515d8bbf3,585
Api/Data/ProductTierPriceInterface.php,771fac3c704a381e898488a1eb84525f1a1df102287591293261a4589bb01dc5,1667
Api/Data/ProductTypeInterface.php,270560caae163f69e496da54b7aa388ff5fa37545bf84b7736b2ea498836d2f2,1308
Api/Data/ProductWebsiteLinkInterface.php,71d73b159d7fbd1fe66382025358b0a90207a92c724fbb26b2be3ff136ff0370,611
Api/ProductAttributeGroupRepositoryInterface.php,c3c61b3b5b7c008e1b8bd89bbd391328eeca3baffcf3db25260f6e58ee9bfa12,1396
Api/ProductAttributeManagementInterface.php,a4ffcedaf52ba67716499aad2548e8d1cf6c41621bee63ef1f5d36664d9799da,1395
Api/ProductAttributeMediaGalleryManagementInterface.php,835067cd24e3ed89fd68762f4c8a5995f2a1fdbe08bc0fbc4356a156d6fe3606,2221
Api/ProductAttributeOptionManagementInterface.php,d86e7985120a11d939276329499534229d7c111375cbc5cd87b3697a0cfa2094,1275
Api/ProductAttributeRepositoryInterface.php,770b9f404e721427ef6e3b0f0997105ef52917e7f93c8c9a3b3588dff4db7afb,2076
Api/ProductAttributeTypesListInterface.php,feb437967e5d740fcfc2b7714501b38f451b7721e2ba33b2d4ed25a71b1b17af,381
Api/ProductCustomOptionRepositoryInterface.php,1c65f29dbd48651da04b2b3a9739577766cf00b407b7fc895ffb4af937a5a63e,1351
Api/ProductCustomOptionTypeListInterface.php,b0f28a0c468429ef435fdc5995d4483c26261663157363ec623fe28d261d8f06,367
Api/ProductLinkManagementInterface.php,802c4bc90a921cfc512c44bcfd4d5ee931187e76547045d96563ba2e47e18f1c,827
Api/ProductLinkRepositoryInterface.php,df380a281037cbedee5ef295f7b33cecf5e7ec626dc120d72a257015d86fbe74,1277
Api/ProductLinkTypeListInterface.php,a526f3b58623ddb0283fe07bb58b53eaba14088bed73bafadfccfab329ff374d,611
Api/ProductManagementInterface.php,54b94b155e8615c8f537689c8f85a194dc4e77452aa7e775c94e02818002ed04,356
Api/ProductMediaAttributeManagementInterface.php,8b700715880a7b00c070d81470a1a5c6729594899787340ff5a666f4ee99616f,530
Api/ProductRepositoryInterface.php,92eaa98c2223142be7a52c3323ee3ea8d83d293c2ecde7275825234c574ff165,2345
Api/ProductTierPriceManagementInterface.php,fa36fbc96c65bab407f4754f87dedcea7ecad872fa1b702b94deb705fcabdc3c,1399
Api/ProductTypeListInterface.php,0beec46137f882a0d81550a7742ee79ba1dc757b5000d7606fbfe097ca8e15fa,386
Api/ProductWebsiteLinkRepositoryInterface.php,52a05eef73f31bbae8ad295e7185929b9591ea8e4dbdbf02fcbb77172aab0136,1401
Block/Adminhtml/Category/AbstractCategory.php,100ccc1d1b1b903d19c4f36c0278f3ee21a2763b2b20cf3153afb166979329c9,8391
Block/Adminhtml/Category/Checkboxes/Tree.php,9ff5bd1ab9bf1849c59b6fac06e419557d2c3f0e956b29d044df716e9e362cd3,2871
Block/Adminhtml/Category/Edit.php,ae744b0ad3495d9c7d0bc494a2b4af751f5a3e7f0d592f95de57735342102a13,770
Block/Adminhtml/Category/Edit/Form.php,cb27a04ae4618a32282cf9f93ff77fd58c26248b3871f214d92a60054f547377,9968
Block/Adminhtml/Category/Helper/Image.php,5919d0d50f3c6a22375a8df0cab3b5cc71d13c6f8984e2d7a5696e10fcfc5b03,1713
Block/Adminhtml/Category/Helper/Pricestep.php,2a2a38cb076492330eb1777b2b9ad77c19f88a6be79d613a0e70bbba972fed37,2124
Block/Adminhtml/Category/Helper/Sortby/Available.php,e48198ef38a9d20b42aabe786aa66bbed2a19a51e0c6f773ec35a540a16778a0,1979
Block/Adminhtml/Category/Helper/Sortby/DefaultSortby.php,2478f030ad5e1c01c7bbd2fa6dac3d3ad4b5575759f88be403ac0d288f9013b6,1969
Block/Adminhtml/Category/Tab/Attributes.php,f10d4fefbe53f7d5f23e8241544e568cbb706fe04a61a78eb38a0081332db443,4147
Block/Adminhtml/Category/Tab/Design.php,5fbb7fb2f3ae7639654d8d45cd29cfafd775770712050792847ae452a496f806,1327
Block/Adminhtml/Category/Tab/Product.php,74ef1e77b1f60c653f463a275edcdf8522ae3fd043cf661c929873c5d3c3b44c,6088
Block/Adminhtml/Category/Tabs.php,2b26104e6521b65ab6ec44596b9076e489e12047f5f2f5b3ac41a88adaaf123c,5952
Block/Adminhtml/Category/Tree.php,a77e44399e78880ee2fe48a93879fb80b8db6e80acc42afcfc3e0e9b3f49e109,13475
Block/Adminhtml/Category/Widget/Chooser.php,7384577e65120fd1c707e86e53b18a9d0c6859f4cf72805c6cdebb4740900edf,5003
Block/Adminhtml/Form.php,6b8b884a0de18729f32cb735bf757ca051fdbbaeaeae9f424710b340f234c5b3,1232
Block/Adminhtml/Form/Renderer/Config/DateFieldsOrder.php,6add4a3704080d9f05ad71f2c8ffb24a63bcb190f407f72c56af806dabf46a95,1332
Block/Adminhtml/Form/Renderer/Config/YearRange.php,d2c1f14b1799b7c4035d7ca077ae815f74f00c44b4498702adb96e180a232f5c,1174
Block/Adminhtml/Form/Renderer/Fieldset/Element.php,2afc7f0238a6fe677a11476b4f4a61c9cd8dbb0c16ddc381b8fb3879b5cb8586,4267
Block/Adminhtml/Helper/Form/Wysiwyg.php,c867c90e6b21a92768e050d8f2e98d56714330a528e2224e613836dbbe548a10,4433
Block/Adminhtml/Helper/Form/Wysiwyg/Content.php,c575045642469fc2540e669b04fe4fc7af6510a7ef75549528505c42cac2bb36,2386
Block/Adminhtml/Product.php,3a5f1506a190e1e8713a2879e1b2423ab603814bba34d968bfd13e592492ae51,3161
Block/Adminhtml/Product/Attribute.php,2e366ae4520a32b4b39f89141bc866af39346a2df58d4d4a1e6307f4a7e475de,683
Block/Adminhtml/Product/Attribute/Edit.php,e9b4f98bddde587c3c96cdecf725c9f3367fb9d1debe57a94a8aa8a64e5f7348,4263
Block/Adminhtml/Product/Attribute/Edit/Form.php,74c4fb6cfa04231a205318ca938a175b402d66990587efb01aa7e77e6c468e80,800
Block/Adminhtml/Product/Attribute/Edit/Tab/Advanced.php,7a050f1e52ef2c8af0607077b30440cc52557224332d1db3c0818a92a500b96c,8489
Block/Adminhtml/Product/Attribute/Edit/Tab/Front.php,67a89f6063bad3898bd79bf2b725f457b3964d8cd2c33a5ec197b2ddc42a098a,7116
Block/Adminhtml/Product/Attribute/Edit/Tab/Main.php,7db3f7e5c582aeb208af982da81ae879ce42d480553a7f386fd75462af1a16ce,3208
Block/Adminhtml/Product/Attribute/Edit/Tab/Options.php,0d9b606f2583400210007510c4e82dc24141fdf5fe7a98e40f94adfde145a9fc,531
Block/Adminhtml/Product/Attribute/Edit/Tab/System.php,dab3d6b157708c6765c66f09a5ff2f62b07e48d1ad301b7eb824c2451ea9b623,2111
Block/Adminhtml/Product/Attribute/Edit/Tabs.php,9a2bec0454166e65eec594984001ec569f0eca464db652f1c9ef33d4ac9c08af,1495
Block/Adminhtml/Product/Attribute/Grid.php,58665589d1a34b2c33a1c4925d874bb4271ed6b013acd74c5ced019fbaf7bc0b,3768
Block/Adminhtml/Product/Attribute/NewAttribute/Product/Attributes.php,b1beb90b14bba778739ef586b092965d615bb63b09bc9675339aff4f9682379c,2646
Block/Adminhtml/Product/Attribute/Set/Main.php,e4acc561ac8f9e4a9b69f334d83a4bb4cbcc654c7bdcc2469c38c452838774d4,10985
Block/Adminhtml/Product/Attribute/Set/Main/Formattribute.php,6c0c60e0e46ac5ad0a3e1701f7c1bc5773cd30c2b732f85d171413df7876e871,1313
Block/Adminhtml/Product/Attribute/Set/Main/Formgroup.php,3cffe5283c76e74bad3e34d5bf56c8d54e8d6ebd262f893dc730c4107154bd0d,2718
Block/Adminhtml/Product/Attribute/Set/Main/Formset.php,8cd8ee93b9e88f671258f8a4adbe03d90344392771af4dc27052378ed3c91285,2907
Block/Adminhtml/Product/Attribute/Set/Main/Tree/Attribute.php,ca927d87f3ec3192c813f469d99ac8a8138d347038d618060100ee7fc4b22282,432
Block/Adminhtml/Product/Attribute/Set/Main/Tree/Group.php,da446097b8c1ad57b19e3f0befe5b22b2e91d1f3ed705fe42db36cc2cbcff9c2,424
Block/Adminhtml/Product/Attribute/Set/Toolbar/Add.php,2d769c222289bc96c5f2dbf3760c283998bf9e51c3a3b2062cb1ffc7aa73d610,2068
Block/Adminhtml/Product/Attribute/Set/Toolbar/Main.php,bd757f9cd0ea5afccb9a4968d8668222ba9046f7141af5eb6839b66c81cfc50e,1509
Block/Adminhtml/Product/Attribute/Set/Toolbar/Main/Filter.php,9807117d5bedfbfd900d707644003f115aa915cb1b5760d82e66d6500e0a91dc,1936
Block/Adminhtml/Product/Composite/Configure.php,f8fecc3a9ddb1957645153991f7783d65f7aaf829251847404e865e1a0892d77,2069
Block/Adminhtml/Product/Composite/Error.php,29a830c07a04b0e0130c27c392fc4c50e0920568e1cd638a57f91c7f24c0a621,1571
Block/Adminhtml/Product/Composite/Fieldset.php,cec46ee22b29b8f3f6f9e26466d2209dddcb9ad9affb8b159ce07c8a114e8530,963
Block/Adminhtml/Product/Composite/Fieldset/Options.php,804372f6b75255098bf256501d1c0c94d380a474a8247a2bbbdcef3a973f67fb,869
Block/Adminhtml/Product/Composite/Fieldset/Qty.php,a64189484f3e7e6ff7a992645ed1efd84c94a65c87c541498946d28f0855387b,1662
Block/Adminhtml/Product/Composite/Update/Result.php,8225636d9646a5cfd871577a4703f8f7cce5364eb42eea7252b2f8a7b47380d9,1951
Block/Adminhtml/Product/Edit.php,d086437f5a1d008433ab4ff674518af6a8381c8bcb0464fef837b8383658e446,10095
Block/Adminhtml/Product/Edit/Action/Attribute.php,721786cd2a6ab141e666a17be317ae6552acfa7c8443eab4177fd49c95e2fe98,3758
Block/Adminhtml/Product/Edit/Action/Attribute/Tab/Attributes.php,20e85692585b98e8317a56258b09f99c46e1af60875094cf117e4bb9998da24c,5430
Block/Adminhtml/Product/Edit/Action/Attribute/Tab/Inventory.php,6c136288d4c14d6b656c64162626e0f14ca628924875ac5130934dbe4577b2b5,2599
Block/Adminhtml/Product/Edit/Action/Attribute/Tab/Websites.php,b1f22795a0e68553a3c26c9278f556668654da49b77aa61743f388e1aff26dd5,1476
Block/Adminhtml/Product/Edit/Action/Attribute/Tabs.php,e9aa12a58b47a9a884a390721048b83b932a873dc8ece16654ad75fbdf7bedaa,652
Block/Adminhtml/Product/Edit/AttributeSet.php,899a07399c457f38030568b8c3f1dbccba4544d7716bf6b656c082c3be5ecbbe,1388
Block/Adminhtml/Product/Edit/Js.php,06efdbb00280896ce834651bab45eaf5a64af5931972c44030d3b4b5c5cf4e5e,3220
Block/Adminhtml/Product/Edit/NewCategory.php,70f618d6274857a694d2cdc5fcc257ee7e2821afa7b29ce3fd6f5148b34f6e61,5043
Block/Adminhtml/Product/Edit/Tab/Ajax/Serializer.php,c47732b3e5b764e3437f4e037264d551cfc4eb49e36edd7fb666e6ed37a8630c,935
Block/Adminhtml/Product/Edit/Tab/Alerts.php,61299562eb2a2586da0768a64fc2b054b1b7485404a227c5493d755159ccd51b,2622
Block/Adminhtml/Product/Edit/Tab/Alerts/Price.php,554344a85960ab46fd7e4a2a7110081c5fe8058df082c40cb91a07342c140058,4037
Block/Adminhtml/Product/Edit/Tab/Alerts/Stock.php,9e346213a49c3ee179bd9aa16cc93c7ab05d8f4459f0860e7e7d07342eedcff3,3593
Block/Adminhtml/Product/Edit/Tab/Attributes.php,c7618973dda40b89bc68e55ae7f30c8cab7160a0129e3f75001cde9da6fe94eb,5932
Block/Adminhtml/Product/Edit/Tab/Attributes/Create.php,039e9303d03aeb6b8388b32f050b65752965cf9c9c9492166a1a95cdc9d203f2,2916
Block/Adminhtml/Product/Edit/Tab/Attributes/Search.php,26e3d58d374c74f9924d72971dba2310cbe6a7df4850a1c9cf3610e86877c1df,3755
Block/Adminhtml/Product/Edit/Tab/ChildTab.php,257b2392976184af195c20c819720cab693e4efbd162c9a3ed2de2d074153af6,1096
Block/Adminhtml/Product/Edit/Tab/Crosssell.php,1896e12271c489a1b524859921be804e769d508f2ea0663b3b69e8c567426334,11422
Block/Adminhtml/Product/Edit/Tab/Inventory.php,ddbd3eb17651a18f2db3e4b7d0f79fad85fdec04afd1a123e1b12ea701ae520c,5888
Block/Adminhtml/Product/Edit/Tab/Options.php,1e772e0e53fe33e761947f9641297c6cb3bd5ce6dac7a13e10ce35ff438d62e1,1387
Block/Adminhtml/Product/Edit/Tab/Options/Option.php,af34e63554c1741cd75f4a6a91c70f8f5e8bc86533815e6121f46d7646cad63e,15087
Block/Adminhtml/Product/Edit/Tab/Options/Popup/Grid.php,04721083299df73b086f2f2102bce165bb71353d0274652530aaff222d6de1a7,2221
Block/Adminhtml/Product/Edit/Tab/Options/Type/AbstractType.php,ec647edd59beb31d8791494ce3d0b4666832833fc67743b08aa14a0ff6254011,2389
Block/Adminhtml/Product/Edit/Tab/Options/Type/Date.php,8d844c8e6d7b0799db42e60681574e5c7cc365d1328eedd7546e9aa1e776d0a1,489
Block/Adminhtml/Product/Edit/Tab/Options/Type/File.php,b9a0878722c6d4b31bd1b7d7aa3a235a60682975027e10f694e2aa5e4acafb24,489
Block/Adminhtml/Product/Edit/Tab/Options/Type/Select.php,00fbd612077ab8e3c6a29dd6b1926188cc1bf120c787dc2b07a9b6a90ecdfbc3,2402
Block/Adminhtml/Product/Edit/Tab/Options/Type/Text.php,9ef0304f00df4757dd7a4d6bb45fc1fc0c46e3c54546aa81019e14421712c4ec,489
Block/Adminhtml/Product/Edit/Tab/Price.php,6be5f5df99750b57979e2d99a848005cd99d5b65da01a8a3f02a88d5cc638126,1383
Block/Adminhtml/Product/Edit/Tab/Price/Group/AbstractGroup.php,1c83f240d08ff8d2c4943e50b45d559bc074e479ca5d853650967847b4d7a81d,10645
Block/Adminhtml/Product/Edit/Tab/Price/Tier.php,ee5e71873e89082d6a89200f161ab86cc342593861c485872c5b3ed67e455c56,2073
Block/Adminhtml/Product/Edit/Tab/Related.php,c024901e188d3711ffc61c297e07b3bd5dcfe22260b80e3e673a55027b1c36ad,10664
Block/Adminhtml/Product/Edit/Tab/Upsell.php,0d69cfea5c26e7b1339a85888ddc537c2cae4161b201f6a5d2a243c505a05edd,11220
Block/Adminhtml/Product/Edit/Tab/Websites.php,52bfc16f17376365e2ab3e2bcea8c173962e1df70d460dd4d8eb05a6f689df4a,4726
Block/Adminhtml/Product/Edit/Tabs.php,55805607e2919d7814ead5209e76f8aaa05d30e730ad9817aa1382404f3d797f,11003
Block/Adminhtml/Product/Frontend/Product/Watermark.php,36ef66b9d856d05e2292bcd3a162d8bcfed8f9fc9beee3a07d5d553e30862960,5061
Block/Adminhtml/Product/Grid.php,7c8ebf43e7ebe5adb059c52367b7dc96e0f3cd7ffff387a4f9b65b8bce783c10,13724
Block/Adminhtml/Product/Helper/Form/Apply.php,b9d6b0fcda6797144cea51ad33c6166cb68a0e757021280f9e9a25d20e4c044f,1546
Block/Adminhtml/Product/Helper/Form/BaseImage.php,c610291362d51da290eb601d0666d02efb770e0899455da5f940ebdb367b7d3a,4604
Block/Adminhtml/Product/Helper/Form/Boolean.php,fdd219e0a6f04d0b929a92f6ac518570a692b245bdb75f7a3099195036e06927,565
Block/Adminhtml/Product/Helper/Form/Category.php,390a7e6e98240798410faf8ce6c487c6ebd92ae2a2144c62a5146d712c0a994a,5196
Block/Adminhtml/Product/Helper/Form/Config.php,baaa417e3ab66a3dc185308fdc0e320f5bbbcbd12fb741937a4d6ec8284f6d70,1532
Block/Adminhtml/Product/Helper/Form/Gallery.php,d7c29c8c27ccf1e121fa580388922f00f2cb657b0e5c62f87288734b43572de1,5621
Block/Adminhtml/Product/Helper/Form/Gallery/Content.php,c7ce5e760fa2770f9327c5bfc83fd5e1d31527af920d0fc897cdbee28e6bab0d,5477
Block/Adminhtml/Product/Helper/Form/Image.php,6c0be5584b92ff88d17bf2ef4840f7f54cf4812b50559c902f212892e5077051,1597
Block/Adminhtml/Product/Helper/Form/Price.php,beb5d4e71454e70e858b0faec4cac08d80b90d4aa2e74cf1c8eb2e2f1c911fa7,4452
Block/Adminhtml/Product/Helper/Form/Weight.php,feb93a07fecf0bb686e2f2d1b4c8d3ad34b58d449e6334f7eefddf24770b3638,4304
Block/Adminhtml/Product/Options/Ajax.php,b0cf21d9fae0fa29ddc4abab6e0db7d2df65a6f2d84eff4c024ae1dd4aa60c9d,2708
Block/Adminhtml/Product/Price.php,cbac3c60cc323fa9fd038420f1d76df774284ea7f3f1670a27d8880ea653e90b,513
Block/Adminhtml/Product/Widget/Chooser.php,658444fabddf99ffe45a3ff9c8f4a820d05ae192c76b38fa4caf118527437380,11204
Block/Adminhtml/Product/Widget/Chooser/Container.php,bd4d8b83e2030e34e2cd2380cb00f0f775624dd066781c7e55873ecc47406daa,488
Block/Adminhtml/Rss/Grid/Link.php,1c1b19fa6e76bb4188ff391e1ac37ece6dafacbfc463006035bf37faeaf03145,1644
Block/Adminhtml/Rss/NotifyStock.php,71b54fc7964fb403c62c4d1ad949ff1626576eb20341e742f78b98b5724775da,2732
Block/Breadcrumbs.php,fe40a573e9ac0e4850bb740744b11b4ac4e951872d9bfcf47d5453d9375bbc33,2132
Block/Category/Rss/Link.php,65cfb7466ab9314eb5344a0c99b782f6c9b076d3cd30e264e87f9b3b2ece9d77,2133
Block/Category/View.php,b9dec12cbcb452c69fef5d675660b824cc0b72daec98d712f97b9bd91da1edac,5115
Block/Navigation.php,6811cc83a60574c326d3eb938486a36ce495029193e6d3677be711f29795fb0b,6819
Block/Product/AbstractProduct.php,f643be54b059f0b94251a9909210fec00031028211b1d0624320e722edb2959f,14116
Block/Product/Compare/ListCompare.php,6a57dd574d11b79c25eafa88f9f5196d69eae77f39c1f8bb03dbe4b67811bc71,7812
Block/Product/Context.php,09252407a0eb78af05e57f82f0a45d51e72abc8174b2c56097a9a44b80b29d50,9174
Block/Product/Gallery.php,9a42e543f68ce97d83326a04e6d7a86c535930561f496c87277df2750769a233,4320
Block/Product/Image.php,0d60cd57176d33f6126e48e6a87d6098169fe25e68fa6d16ae0fddf12220a486,1165
Block/Product/ImageBuilder.php,bee0fd4c19e7c0a7e6650396b4d09fd6c168950567d0d968fa6769ca98268c47,3591
Block/Product/ListProduct.php,d20aba7f063cfce8fa4c15d90e9c31344c0a6f52f14340a27d497f65060af08b,10622
Block/Product/NewProduct.php,73eca06bfee3829fea3c2a55a3257d12aed523133597f2cbf63257fe78df8209,5922
Block/Product/Price.php,c6985bcdd9dcf9f2a9f36da3318572aa9eda5bbe80ee6b9bceaaebfa2f11906c,4688
Block/Product/ProductList/Crosssell.php,75f99a4dffc9583c4da2d613849a8966e4e16648044ecd242a66476b9f90fb18,1653
Block/Product/ProductList/Promotion.php,c157580d6f325b4f51c1adcb404beb9581693a159024e18255930afa813478fd,2273
Block/Product/ProductList/Random.php,f93c378cac12a05cea27f27e65a20a6693ae9d9c37b7a98cde89d32aa3cf71d8,2607
Block/Product/ProductList/Related.php,a3fc7fa1040ab03e87bb1b51dae95b94a4a8204f7b919e7caa29845bbca4c3fa,3977
Block/Product/ProductList/Toolbar.php,cbe6c16aabf54ebe3fab0d2ff36136ae11053df24ba8fd774767a0e6fcab20a9,17658
Block/Product/ProductList/Upsell.php,56f47a150064e84a90aad651a40a01b6207212f084e64c9279a0b52cb064ddde,5920
Block/Product/ReviewRenderer/DefaultProvider.php,f3e47f3e3b919c98f7d66fff6d59e9a016eb80df2f048a8246e03277057a303a,764
Block/Product/ReviewRendererInterface.php,c52fb821fe57e757413f2a88f688a13358a1aa0999566b6e9a7b22f20bba0dc4,685
Block/Product/TemplateSelector.php,78a1dcb324fa7f80a6373a97cf458f37e5641af03d82fc57571c00e5621059af,2729
Block/Product/View.php,e850c8ff2935705d3d565dc453f2687d65f821632545de0e4ca92a0dc920c00b,12024
Block/Product/View/AbstractView.php,930e1c7f5867ef8b3e863df777c7310107c68f79d8ec25ec138b0a76fcf6dfcd,1681
Block/Product/View/Additional.php,af5df384c1dcf48c6a5f331905a6f019ebe85566db57e47fd72988168b80809e,852
Block/Product/View/Attributes.php,159dc9fcbd2b3212c2ba84e1988b074956979cce65eb72ba6e3414938acbfd25,2933
Block/Product/View/BaseImage.php,93c4bc5da3fe9ab3b4b5234fb2de83b2a3addd445f5a11fda9c9fc9fada99773,328
Block/Product/View/Description.php,dcbaffa2c00713149adfcc49a3058f62bc5908901318be3eec174ded853cd8f7,1223
Block/Product/View/Gallery.php,5575cfabc478508548e97b5bc54fcaa876cd0c3de3fce43191b339ad6abc4b47,5553
Block/Product/View/Options.php,222611a65e9e401de251ffdfef430085fef9195fbe6b1a8e8c0c2bbaad5808cc,7457
Block/Product/View/Options/AbstractOptions.php,d3400c9fe4b80bdc2b6be1334f321d5a8f18146595e58ea83d26f5e3d41e9be5,4791
Block/Product/View/Options/Type/Date.php,c709f2d22686881ded367077a15ca6bd7bb6361c474fa9a3073514a35aee6834,7188
Block/Product/View/Options/Type/DefaultType.php,4f70b32c6e9542700427be490959a95f1c97e3f54dee22ee9610531e64bc6415,365
Block/Product/View/Options/Type/File.php,e8f59103a6ba669ec3cb559d61e8cd9911a02a9c679a8c92555d718c1c09c837,804
Block/Product/View/Options/Type/Select.php,35d796241a62c943420c85bf38d4c3dcaae020166290b2136e68ad06833ef348,7275
Block/Product/View/Options/Type/Text.php,80b49b6e256dc57c183cf724b2f41022995b3c48665f272a1a3618e6686bf324,614
Block/Product/View/Price.php,2195e07ff5d3273ca82bd438595e1e682b9d9f985e296262eec077b830f9a83e,1014
Block/Product/View/Tabs.php,45bae4f0d17c769b4c9a55c8d0bb73ceafeb666aee4926191a2e2ad7186a6b94,1072
Block/Product/View/Type/Simple.php,ca1e5623576ed5c1f3de6b76362e6d3ede19f43765b9581092941af3459ded36,332
Block/Product/View/Type/Virtual.php,d1331a2fe46a5bf5e5f58126909c4a582fb19683f392a18a9ae3973a7c39eb40,333
Block/Product/Widget/Html/Pager.php,b724813adff8cb9bd07984acdad7a6efab92b1ab5bc6c153c919e3a16e4699f3,7532
Block/Product/Widget/NewWidget.php,e18b03faa810ab7a3ca4e1cf326e859c344544a5a5584304920fd22725bec7d6,7239
Block/Rss/Category.php,8171a12a3ed9458cae54e3d6831a8b2632c058303ae144ffac48961fb5e20f74,8298
Block/Rss/Product/NewProducts.php,557482858705716fdf28383fa25ce17d1c620fdff2844f1d7d526b45844ad736,6091
Block/Rss/Product/Special.php,27ba353c576b371350d6c9ba8cbe398a7a0cbcde623ca7512d64717a58946790,8358
Block/ShortcutButtons.php,027d4bdb3c0d43e52e3eb5cf578f2f31c396d130c3194d26f4a14cc4a341e233,2151
Block/ShortcutInterface.php,a4d7408342c80ca1869a02ba9d065ceb858d454a0de356a1de71705245e83d3e,274
Block/Widget/Link.php,7dab200f46983b5543b6fb238a98f2d4d61781160bb89c0c27acd2350b42830b,4884
Console/Command/ImagesResizeCommand.php,cc3739b7b66639d5bcd0d9e95b253890b19696a083ed1055a7a94b6f07f6fb2a,3357
Controller/Adminhtml/Category.php,8c06c717e94e6bdbbaa9227deb9d5e72d4a38a414e934268c70e021eaab8b187,2342
Controller/Adminhtml/Category/Add.php,89fef38dbdbb5f180c9c3619adbba8bfb3c4745b734bdb4ffc9cf33826da46fd,1228
Controller/Adminhtml/Category/CategoriesJson.php,c7583ea79156d6b7899703f486eb288fe08dad1ad52164439de69856cf899cef,2391
Controller/Adminhtml/Category/Delete.php,81b27c868643c52b1730d45042b93acde759308170da5cb916e5e618bf3dcad3,2272
Controller/Adminhtml/Category/Edit.php,b5b02e22316b4e383e194a09b7263b0e4e87e027f951959bbf28e8719133cefc,5211
Controller/Adminhtml/Category/Grid.php,ec077be4ad185fb7d8d8eceafaaecc88c163bfa13338715e84d927ff78debd05,1947
Controller/Adminhtml/Category/Index.php,7bac6914420a803ac9396c940926f7a8788c79d3e605f30d752965c14e92d640,1148
Controller/Adminhtml/Category/Move.php,315c24913aa2039d5510a1a2b66055fe672617a85280b5c6bd13279330c963a3,3081
Controller/Adminhtml/Category/RefreshPath.php,5c34234a5509c988f036615819c442977c01dfdbbd6c983274e52584cbd6631a,1415
Controller/Adminhtml/Category/Save.php,f324e03880ebb7a847cf0b1789796d27242c21f3f883deaa3a0f0b5ef741e65b,7952
Controller/Adminhtml/Category/SuggestCategories.php,81b5823b3f81f1846a3c604ad48042b907ab2550815db0b548b215e3e5f8c224,1629
Controller/Adminhtml/Category/Tree.php,267c767f4a5276438684cfb883925287d49678abdf29289a8a8e4f42755568e1,2906
Controller/Adminhtml/Category/Widget.php,72543af989370ca72b19acda163dfa48594f548ee17684c5520fa8b352c96928,1394
Controller/Adminhtml/Category/Widget/CategoriesJson.php,41964a8c6f4c22c34fbaaf4cb54d17fe5e724cc81beecf7dd7855f8b9d01d07a,2201
Controller/Adminhtml/Category/Widget/Chooser.php,29ea93dd2702acb6139c2f97cdd31493397a1e1e9ba1794d84e03edff970b0b6,1291
Controller/Adminhtml/Category/Wysiwyg.php,fb4b6f3cee44201d4bf8bf1c820c1bf2e9e31557bac365a7ad476d579df7172d,478
Controller/Adminhtml/Product.php,7a197e2b9f5208e5d9f1d249b86ad70a0adb6705580da69d5f3d84651c97a643,939
Controller/Adminhtml/Product/AbstractProductGrid.php,d51e23af4d44b765e47b788775b81af5c64b1ad80bc51f5a5ed8a11a6760d12f,1062
Controller/Adminhtml/Product/Action/Attribute.php,537f2ce06303f9f810b43d97f4eb82bd35a124338bd3f3b9eaa1f4361bec98b7,1712
Controller/Adminhtml/Product/Action/Attribute/Edit.php,17af81f98f6ed29af14f886a476aa378fe6c97d475f3757f27a20ad26fb5a89f,2107
Controller/Adminhtml/Product/Action/Attribute/Save.php,04e2d7b2058964a1d25005b3a45ab8bf0e0de9f0c9e123f9be29f5a4f8756adf,9853
Controller/Adminhtml/Product/Action/Attribute/Validate.php,7c0a395de88815d8b5baffe918b60ee322915ff90d3c6661fb5873439063892d,3221
Controller/Adminhtml/Product/AddAttributeToTemplate.php,4d789488a7bfce4a4662c9b0fadb42ee32b139620d050fbb0c7c774a3c68404e,2879
Controller/Adminhtml/Product/AlertsPriceGrid.php,1078b6ee8f6607e8790ba8864e09da1eed02ea11c19bba6c32b3ab0c7e88a22e,428
Controller/Adminhtml/Product/AlertsStockGrid.php,35d45e1b6526c1dde471205b0564c55420e5c163140dca507848e8db960ea87a,1221
Controller/Adminhtml/Product/Attribute.php,976133c91b2077abbe3eaa947da26814278fdaee443e0ad128c262651cd11e6d,4222
Controller/Adminhtml/Product/Attribute/Delete.php,e38d15bf9afdab0c5ddef07a96f5f044f1b1e368a84fa3bd8a7a4548b97bd40c,1595
Controller/Adminhtml/Product/Attribute/Edit.php,858af443e25aaa33214f54fc2eacafdac061bc178015d57e4d512f98a4b668b1,2330
Controller/Adminhtml/Product/Attribute/Index.php,e4f6007a1898450fea6eed6a57af040897c8fd495082c970b576efb7ef9cc4d3,592
Controller/Adminhtml/Product/Attribute/NewAction.php,f5f725228b87e7640350848ba4b60bc8038db677c69db54792ac2dcfc487808b,1467
Controller/Adminhtml/Product/Attribute/Save.php,54661fbc9a948a0f7ee755541b1972ae3debf3602a2d8bdfbb21de8dc3be308f,11680
Controller/Adminhtml/Product/Attribute/Validate.php,d2df355abc8ab8789626dc6b322fb8f8872c45800600ba1617a3908fbfab432f,3809
Controller/Adminhtml/Product/Builder.php,81b9cc7283c8df7ad7e6c74fd125aec68b584a231c5d4ea31642e038f701f6d8,2518
Controller/Adminhtml/Product/Categories.php,9d09be6d31c468dd433187489fa0446bfd36b50ebbc8447ce63ed844095f6e3d,1210
Controller/Adminhtml/Product/Crosssell.php,fe7f094469382a5652cdf50f2165060de176e2dda0de2636a7f25a5b698a226a,1460
Controller/Adminhtml/Product/CrosssellGrid.php,555b98def2f8e079ad89404ad5cf2844df63bab0323ca19070d2cfbaa70bd9bc,1441
Controller/Adminhtml/Product/CustomOptions.php,bb6e6dc8b3f2019401054afdef8be93d658b261fcd94a756f31da06325a8f18d,1525
Controller/Adminhtml/Product/Datafeeds/Index.php,b7efd2834245af6e2dd84f2ad1c785020d4ba0b222925ee76d559b145eb747ce,305
Controller/Adminhtml/Product/Duplicate.php,42b3ce554caeade1437d849c4c99b6166ce47a7eb167a05fc5ac69b7a642bc1f,1824
Controller/Adminhtml/Product/Edit.php,c6b50185ae8fe25ad79d7c1c09082babec2573fbfd8016f4aafcf18c22ba4083,3054
Controller/Adminhtml/Product/Gallery/Upload.php,37f6f7c9cd4b9c39885dbd011b5a5e3d6c596c7d968e559e3b3e86c21714c5d9,3041
Controller/Adminhtml/Product/Grid.php,e8776e88703f1d8a4fecd9541d71ca300f464169739396aa01f32303de1614f1,1145
Controller/Adminhtml/Product/GridOnly.php,0b3fcbe6157f66569a60b9b0e8b58f6827577d3d352ce57a8ce55528433e43ab,2024
Controller/Adminhtml/Product/Group/Save.php,bc70e8dfecf88f188787d2a22645605312655f12ef74353aab5eaf4e33d8816a,1127
Controller/Adminhtml/Product/Index.php,8b6bf047954796383675d19313a4bb8d6b4f0f813e86696d70cb33c7cf914529,1384
Controller/Adminhtml/Product/Initialization/Helper.php,ee23fcb34737dabfa54f69d01c7dc6f1b8a4329057bebfd7c87dbc75ddc48352,5917
Controller/Adminhtml/Product/Initialization/Helper/HandlerFactory.php,14fe869f326262ae82ed111ed187c64972cfb127e590d2673764148e09d3c3a3,1315
Controller/Adminhtml/Product/Initialization/Helper/HandlerInterface.php,492d25d1fa2ef7693c1f1924e099db4b2405e451be7e899dad9cddb6f4721a43,374
Controller/Adminhtml/Product/Initialization/Helper/Plugin/Handler/Composite.php,db38c6396a02dcfd7fb80ac122931ab6781712bc1e0c17552bf87e59b58191b8,1143
Controller/Adminhtml/Product/Initialization/StockDataFilter.php,37de33e200f316b264a0624dba296f199cd42e67fd527a3c4b2c50b50f481dc3,2026
Controller/Adminhtml/Product/MassDelete.php,0d3aad6e66e2a24723b4cc969c1b5fd086a7739067ce20a962375adbcb5de958,1755
Controller/Adminhtml/Product/MassStatus.php,fadd22b1c316ea483fd274808104cae4b90450bdfc5b8fe2459a7c469e959f09,3721
Controller/Adminhtml/Product/NewAction.php,583cdcb6fcd534cd65ded3678e138bdee2aa1009bdbedb10ce08a091443a638f,3328
Controller/Adminhtml/Product/Options.php,eaecd25740f768de07af8f9f428e070ca957d64c79df3b69d1cb921c1c578199,1220
Controller/Adminhtml/Product/OptionsImportGrid.php,222edd321fa4dc4c00478810dd80ea67d9b66b45d690c4609f6dcb17ea877786,449
Controller/Adminhtml/Product/Related.php,13329fa9b777a20e987a03f4c0c6b3279a0727ccf546efe7b3adef03a41838db,1439
Controller/Adminhtml/Product/RelatedGrid.php,7856414fac6293f8da9db43b4db8dc831c23b76c362a21a95b405aa57108aa10,232
Controller/Adminhtml/Product/Save.php,9c6dbe37bde4db73c37e2799ec5ed86a13d67d956bbbec89f55bf4f9b3c7e83b,7574
Controller/Adminhtml/Product/Set.php,dee5ee8e64181be8293e8bb966425b5b597695e66b64ff7883e0ef65cd88506c,1297
Controller/Adminhtml/Product/Set/Add.php,df50eff46aea921deb9edbc7d351dbb856bfe41ce1b7424302aa56ec887b754b,1510
Controller/Adminhtml/Product/Set/Delete.php,db701faacaeb65bf7371c012d83aaace72c0eb4a754390cc8ff8caf9c4437bb4,1644
Controller/Adminhtml/Product/Set/Edit.php,3069286c05e572db476577d40dc88d8c5c3b08a4d35b092918e1d9da3309ee7a,2028
Controller/Adminhtml/Product/Set/Index.php,09b64d86e8230e2844483ac808a7c7efc6c56d44c5eb5334caf3d6fdea023e95,1499
Controller/Adminhtml/Product/Set/Save.php,ca12e0e43622ae90480c247f20eb67c44afbb11710764c316de210f8e4d0559f,5550
Controller/Adminhtml/Product/Set/SetGrid.php,eb64a983e6538e3b8d82d70b415d1e62515f7e8d5e97e9e06d3831b752f41c7a,1099
Controller/Adminhtml/Product/ShowUpdateResult.php,aeaeb308a32b1e8219278c2e4b2acb4ab69746a523fa4e07428efbe48f6b04c9,1447
Controller/Adminhtml/Product/SuggestAttributeSets.php,3d4d4c913c8266c9da5134a8f481d1ace17782f121c94a6fc93f89b591016aa4,1483
Controller/Adminhtml/Product/SuggestAttributes.php,668a676aa806000410783336a3f2351eb859eb9032ede5044c2eeb730d094cc8,1792
Controller/Adminhtml/Product/Upsell.php,3846859a709a92bd9c18234cf06557c57335f581e26923033ff94f955519abbd,1445
Controller/Adminhtml/Product/UpsellGrid.php,74e857b195c62f235dfce83500733345ff4b725d94f6da879292275c3a99cf1a,1429
Controller/Adminhtml/Product/Validate.php,4f72fa13a6731c2758db38351af4a188e7e4fb4edac8d3114d9d440fe2aa8cc9,5491
Controller/Adminhtml/Product/Widget/Chooser.php,7269bc67a24eb85e754eeef0e8daf59842d775ddd3e43c5c59d932d821b6e7e9,2870
Controller/Adminhtml/Product/Wysiwyg.php,aca3c1c53647cc61be95ab64b2356771f222b9dfbd2b712ba1bcf0f48e1025a3,2330
Controller/Category/View.php,2a578f2d06e5f1fcf684353018ce30a806d385b4839f3a337b80eff6816ae1fd,7228
Controller/Index/Index.php,b15df1f38944837aad0fc5f785d804eee95817b6dab84a98c810db36a0ce63f3,429
Controller/Product.php,40ce855f48752d087019801b8147448ad3bc1f89ac9fa84d98b0aec57d04fbda,972
Controller/Product/Compare.php,1635d64fb0c7f9621ea2614d82a71f12ee1da810bf7db62bbe1598dfa1a1765c,4305
Controller/Product/Compare/Add.php,3e65e9e5c4655fb83646ae5012408b4cffec609c062d6287424d0c5b11366745,1716
Controller/Product/Compare/Clear.php,56f497942e94d48e2159121993d08840fe75a9eee662595b775d97a246acc1ae,1666
Controller/Product/Compare/Index.php,c506674b6cb3babd10dd0684a432e8604132b6a3bf6c687d946ec8f3bcdb72e1,3551
Controller/Product/Compare/Remove.php,369446369b10b58ed1139ad27291762020c136979f6f4125083a38f68d035872,2448
Controller/Product/Gallery.php,f09d5a85debecd9eca3ce103ed93318ff763750b6ab389651efebad56285d8de,1756
Controller/Product/View.php,e29959660620187d173e9093fb594c932bc08d93134d2cc27877662eb104ed74,4259
Controller/Product/View/ViewInterface.php,722cbe1dc9712a8939764bdf3449bab5586bd35efe19db6694dbd76b83114292,251
Cron/DeleteAbandonedStoreFlatTables.php,4fcbef1c4b46336cc215aa3e356b41dc8f7359d1832cf400a1a79a1d88a6333b,709
Cron/RefreshSpecialPrices.php,353507a1572dc99bb03157b8c2d31ef05c09dee51e1bbdb22d66eb90c27a442d,4530
CustomerData/CompareProducts.php,5fd573b26992a38d9cb1fa45f8dd03f10a2628399037609153a9dfb427cba739,1861
Helper/Catalog.php,8fa45057ddcd8da53163c58d0899eebb762f0ad03b6b6df5e473e5dd43d4fb3a,1607
Helper/Category.php,b9d6e65b752da0cd6b8be0174c0481483650c8dc67c631e8044c849b0dcb59c2,5211
Helper/Data.php,651a54527eee8e85461296593cf8419b7bfc02c76537c4aa87e0ee107f262297,19523
Helper/Image.php,9c0139d3f4978276e177e440299691e6a6ccfc5f42322c0e724c74731fc92883,20154
Helper/Output.php,4e3aa36a728913fad4ed676abf71ece0fd3e04b92be0123f12844287ca912b39,5594
Helper/Product.php,ed808821e5d3b0da5988914f00c82eeef75bfd5b027bea0c73db886a1fff8d58,18069
Helper/Product/Compare.php,a8392ecbbd46081f179c3d25e45d809a81c5c3cde229ce5f972ec2c58a2b985c,11136
Helper/Product/Composite.php,5bfa029c03ed2068b79e6e58ae2968e62a997bc0bf74b9328c3564d7a252a2f2,5835
Helper/Product/Configuration.php,8972d5533aa1b6ca947916fe0ca6da8297d773e01ab8b87b649f10b15934a21b,7710
Helper/Product/Configuration/ConfigurationInterface.php,acee3f05be54a98bf4312abdf3c0909b00fe8c08fa0c8ede17098c338ea8777d,524
Helper/Product/ConfigurationPool.php,4aab2943b48e401d90a9070db02264932d1baa75e5c505c3faaf8707b1852867,2114
Helper/Product/Edit/Action/Attribute.php,e0cf4e846509531757825bc34cd797f042e70771a813446f971bc326f5b44fc0,6226
Helper/Product/Flat/Indexer.php,08c99e1a6d3840758d4e83a6f2d48aef580ba29348222c150bc116b8b99a6a89,16530
Helper/Product/ProductList.php,2e87991f1b9114c3901e084d64afc5b4fd13a9a9b12dee6f9526bdd1869473a2,4154
Helper/Product/View.php,bf846307df18f1a3a94dd61a11989f9e4a55865b0ad478873f6183f214e9f8fd,7900
LICENSE.txt,4c8537fd5431aafcb0ab22c49cba68febb59dd3595210f6c6c3b9212de0a7b49,10364
LICENSE_AFL.txt,49d9aa4c0615ff95305681c358fa1575f54ed3a512b016f61c71d6784860dd8d,10376
Model/AbstractModel.php,2f949efd3af0df8e4bd1411411c9393884555170ada00f743031a3f4a6a7f729,9364
Model/Attribute/Backend/Customlayoutupdate.php,b19fefc1622dd7e292d2b9c07532e11d327f92e75ccbf79cc18d8d0d919badc3,1835
Model/Attribute/Backend/Startdate.php,66958ce6a589d1e8622b287c8a9ca71d764f5dc2c1183357c17cd823d4d368d1,2960
Model/Attribute/Config.php,02aba0718d0b66cbee6f9528ec52b291070682d80eefd0a16752543243797142,886
Model/Attribute/Config/Converter.php,8a036f3ee59f1cacd19c101ddc90ec5c09523c1a3f518b478d6b1367cd671f3c,1239
Model/Attribute/Config/Data.php,a669b5da2da16e94502a80ca65373433982fa550f16397fe304175e901067d40,695
Model/Attribute/Config/Reader.php,80e35544e9679c76c9bc7d12b863c6d7762485966b14c5eb57daef4eb0309d58,1631
Model/Attribute/Config/SchemaLocator.php,973481707d40c1e781df893c063acd50ac656f80c5fc37abbc1d3eb9f4d06acd,1022
Model/Attribute/LockValidatorComposite.php,8e55cc851b9e3a2a5b5e0726b1d386dad8d0ed638f726cadbf2bf1bdcc37f767,1453
Model/Attribute/LockValidatorInterface.php,af8c2ce77477fef69a97c40de7dcbaca08d0504915cb2c51d41d6820405a9eae,574
Model/Attribute/Source/Scopes.php,28c16ff56f0998ffbced78d21e0dfc046445af5079e9a9276ee1c0d0b2023f59,827
Model/Category.php,912e18da9d0610cf4de5cdb8d318b131b6e87e19ad20c0c285ff3febeb814252,38857
Model/Category/Attribute.php,f118235f7fb97db7d92fde53f40bad398a6341a151b425a27c226d0a69566d79,8433
Model/Category/Attribute/Backend/Image.php,d711b9563036ef8e87f4037fc2a23c0e3e81e4e0296472bd2d2ff0e59af8e30d,3150
Model/Category/Attribute/Backend/Sortby.php,6ec8da926d87a65a13c2f7ced43ddc8f3deec56286bd4f20949373ab10d79356,4072
Model/Category/Attribute/OptionManagement.php,9005707975408db173655be42409ecbc553d986cbf672efde12d49720ce28b37,1008
Model/Category/Attribute/Source/Layout.php,431b491b8c197972029494d53c40e0bed0725658eade76442e41d749aa15eb97,1150
Model/Category/Attribute/Source/Mode.php,f3143877ee64fd4adc357aa5ef11710bb157453b03da6a1a6e99ee884c42710e,930
Model/Category/Attribute/Source/Page.php,a84fd84e4d1900c8f5d5baa071a06a49de7575a27712561c00f15e46144c54ab,1151
Model/Category/Attribute/Source/Sortby.php,cfe9287c11916368f10d10b28a2852699bdbfd42aab50d7d39d4e189f937022b,1476
Model/Category/AttributeRepository.php,c4e8c34ef8df377ed58b1c779ada31a1831735e051195ddf5a3319b4b4493d0f,2742
Model/Category/Tree.php,4426f0390fce73476cb2c64a42836cf75cdbb9b6b5c15fa0b3db7b88d2de5a9b,4636
Model/CategoryLinkManagement.php,57e86c9aa8632cb2b0407ce457a278798c7f3d5a23557ee2f82f327e3fd9ac2a,1955
Model/CategoryLinkRepository.php,8e5f31568578376feeef287e7739b3227c89841bc0955e38c8df61eae9d16b1e,3378
Model/CategoryManagement.php,f8dc9e1a53ede4a53a7249f682c37830aad4b55eb7133d5610cb50069b47b236,2954
Model/CategoryProductLink.php,00cec16942a2ae3c0fa95b2af8d338ade74ff75b0e3bf2022674f8c5cb529c83,2088
Model/CategoryRepository.php,41cd2946d42e48324bd0cb1e4de7bdd60be1d78397f203b1921cc98461068a1e,6417
Model/Config.php,7784bb548bc7375fbcbf909e8713430550e8bc81bfda107e4e3ca349574881b4,14129
Model/Config/Backend/Category.php,0a742eb765a37b842773b7e4a54e0da98bab3dcbadf9798dc034d01d36d3a516,2549
Model/Config/CatalogClone/Media/Image.php,4580cc8e598162f7eaf729f8f89228f0268c070b078869d377da3bb0fd1041fa,3007
Model/Config/Source/Category.php,b4d31de4ac7d1b2465c441236be1240501ad8d0a1fb341cdb2df2cb4f45d70d5,1569
Model/Config/Source/GridPerPage.php,60d7a21b69e0b22fe6e8507a3346f1bef084c1e9278e3f0c003cc52ac11b082a,879
Model/Config/Source/ListMode.php,379ab70c7530b1f0ed231cc870d5f05633e41d3335c4d544d6ed38abff00d1c5,648
Model/Config/Source/ListPerPage.php,26bf175b874c6c85ebff50dfdce755378a2bceec2083f4e1258020771ef2f550,882
Model/Config/Source/ListSort.php,339599793d37cac64a0dcdfcdbd6e26c7b3625763d965f186ae30dd68744adc0,1387
Model/Config/Source/Price/Scope.php,bd3fac9c53c3966ed06a5d6fae13fb3841eb8c2a79498f0f7e433c1fd022e78e,450
Model/Config/Source/Price/Step.php,1e41584f66ded52b515143c93292a147a2604492843216d31cbe70aa48cc2fd1,934
Model/Config/Source/Product/Options/Price.php,6729cbfface262c4efe38024c268f4a5c82ea2663477d1b8b2196f8ccdaee887,601
Model/Config/Source/Product/Options/Type.php,d3e721eac02878342f99f07e28ceb911ba72881183d832e55794cdfa3f7d949f,1443
Model/Config/Source/Product/Thumbnail.php,53127c58281f6947d977c3e2bbef874d81b614ac9e471b753f735dca112afbd8,725
Model/Config/Source/TimeFormat.php,950cbcdc218ef5b1cdc3577c7ee2afc2c033f6cba586f37af472bc0f43a68089,486
Model/Config/Source/Watermark/Position.php,43f210b147a2afd0dbaac1cfd3bddba49da52ceb1ae2aabb211741687283658d,974
Model/CustomOptions/CustomOption.php,55b2c6cc162844cd359978170d82f90a4246ce342cd4bf92edf509b17a08fe05,3097
Model/CustomOptions/CustomOptionProcessor.php,ccfc7078651fbf61ae1211fab18ff62ca72038475ee065e098a64a3235bdc284,4552
Model/Design.php,3cb7317aa1e48a36d2b227deae5d590e1c3da12d4bf53b095e1c33019d535d34,4854
Model/Entity/Attribute.php,e701df2f816e125f26ada9e72496b874d54555b7854699f0a54697c7297c7fab,7254
Model/Entity/Product/Attribute/Design/Options/Container.php,82f1cbdfe791569220726a410a4f23c9146e375333a8b053a86dd5e45c19066a,978
Model/Entity/Product/Attribute/Group/AttributeMapper.php,82c59438d3cc35139f68d3ea38208dbc87986631b39bef0de8f1dfdb7b48d1d5,1460
Model/Entity/Product/Attribute/Group/AttributeMapperInterface.php,45b0b3f48a3d39beeeb1aa6cfe11975111e5b73e5875b5764f2daf07d09a4b2a,502
Model/Factory.php,59a6e5871c82ecf4e107724c3c26aaae242d539033ef106a2b17c5eb292d25d5,1247
Model/ImageExtractor.php,93aac2d3caa1f2919d4d517d25a22f1be68743936f630f6a8560f5240d74187f,1464
Model/Indexer/AbstractFlatState.php,d91ce9daf0b9dcf8d7b4113bcc74147e1cda3c864d5748ec70b5e6f5ff0bb3e8,1730
Model/Indexer/Category/AffectCache.php,fb27eeeac0fce2593a808a80183c87d2dc86b917647d713e7d8d4863f5f2d2ec,922
Model/Indexer/Category/Flat.php,5149c8a4da5615d11d5c19c44e4433b5c544f5b583e0da47b4eea03d7fe73736,2283
Model/Indexer/Category/Flat/AbstractAction.php,55aef22a91a0699004c550c8233eed3bdb0e27ddb0172ec1b4ca68d786b99ff6,14951
Model/Indexer/Category/Flat/Action/Full.php,53d42d2ba455f47eca84172d6aff7e8bd33714aa58d74a1901748ccce809071c,6240
Model/Indexer/Category/Flat/Action/Rows.php,d3aec6ce681d0da2f7a48f0ae62df7cfa3889c3fb2cffa73d072edce36a7a099,5942
Model/Indexer/Category/Flat/Plugin/IndexerConfigData.php,35567ba207e9de526e14ec4fd76a5bc4ac1cbceb356245c92ed13e6a2ec0ce4f,1519
Model/Indexer/Category/Flat/Plugin/StoreGroup.php,9275e4882cb32aa6519af939f1245cc6c99dc0464a34ab333f1035d8a39bc7ed,1978
Model/Indexer/Category/Flat/Plugin/StoreView.php,067f6aacad875a650ba6e2a33b3bc55d900de8d0856b9ffafa528bfa06522bbb,529
Model/Indexer/Category/Flat/State.php,f254bf5dc8feee37ca490afbde0734d3876e36ca5c521ce1ac4bb5f2aa23856d,468
Model/Indexer/Category/Flat/System/Config/Mode.php,9f8f252f3f651e6d914ec5861633dd0b828f350e175a2d7bac1fbea7ee130831,2799
Model/Indexer/Category/Product.php,a13a756b241815bc89ed4c89135672be81e9e83d516f6025e1d9653b5d758b86,2547
Model/Indexer/Category/Product/AbstractAction.php,5f97fdaed04086c78745d62ec02f7315c45a37d0846f4b082ce6f9858a8e3ecc,20481
Model/Indexer/Category/Product/Action/Full.php,a0f787428da37782ba99e61e4d9821f547ffa3e6443004266dfd048d9c4ae49b,2383
Model/Indexer/Category/Product/Action/Rows.php,a485dd109da699503d2fd8974e1dff8d258d1016514c45eb5623eab1ad19a972,2813
Model/Indexer/Category/Product/Action/RowsFactory.php,86680d5e0e5e831c421956f856eef494f117923cd94f8143715d34b710c520fd,1761
Model/Indexer/Category/Product/Plugin/IndexerState.php,a28ebbf21743848a71c4377fecdd9d1fa031ad7573f61c4c54c5c8a4e872f79f,1467
Model/Indexer/Category/Product/Plugin/MviewState.php,7c8ecd85b6c7c813a2380420bf28dae5857af4b5efa78310bb203b0432460b0f,2828
Model/Indexer/Category/Product/Plugin/StoreGroup.php,e604af53ade3b93489bf4450f2a94e9fa65e9d5499b9b510725f8f677a3f1a87,1698
Model/Indexer/Category/Product/Plugin/StoreView.php,e2974d56925209b6d08cfe991caa9795d212628966a7a0feb180902f95b4f4fd,532
Model/Indexer/Category/Product/Processor.php,8bec975425e5b60f7dfe53d57dd319869b397e56571406ae7363a11259826b1b,355
Model/Indexer/Product/AffectCache.php,1a10a128da25b98321d7cf26c9c4b582ab74ee6f840d3782ed3708ea8a7ec24a,929
Model/Indexer/Product/Category.php,e356a9c32a74174961aad07cd7caeb7ff4025c842be4fe7fb451d6cc2fe4d140,937
Model/Indexer/Product/Category/Action/Rows.php,fe60591f4d379fc0f755785d7f7e411dc53b7d840eb518c532aead87efc5a505,2451
Model/Indexer/Product/Category/Action/RowsFactory.php,788e56edc364040cad7d6049dd9bc577188bf62c8042cdc2b1f52a7464599e59,771
Model/Indexer/Product/Category/Processor.php,d2d3fccbd8a02809687920f1ffa6804df90bdf9f7b26777c157ccd7f3e382e8f,355
Model/Indexer/Product/Eav.php,5b317457b41ea4d55460f3706e9c1e3365228284bc898c74bd896302e534767f,2117
Model/Indexer/Product/Eav/AbstractAction.php,48847f7cd296e93969b1a05dca7bbf8b5134a2ffe01a7bab48191ae7d26e3803,2686
Model/Indexer/Product/Eav/Action/Full.php,b59dbfda9317dfade923ae46e0ad5a57d3302e1aaa7862dcaa52f50d74d3ff0f,744
Model/Indexer/Product/Eav/Action/Row.php,572d4d6fea8c5cb72ee0122966f5bea8c4642b553ea3b131e0eb42a9cdd2dd6c,950
Model/Indexer/Product/Eav/Action/Rows.php,10ebe602abaaeaed8e1368c41b5dfca49ffc363efb182dd7b10bd6eb7d1f515f,889
Model/Indexer/Product/Eav/Plugin/AttributeSet.php,1bc00dc576bb3e292338a0ad77c440d106e5d8002fffb394ae5bcb935aa5eb2b,2136
Model/Indexer/Product/Eav/Plugin/AttributeSet/IndexableAttributeFilter.php,dc0cbe20bc35b3b3a165259b7673fe7c28d6acc7d521ef9280d9bf8d432fc707,1872
Model/Indexer/Product/Eav/Plugin/StoreView.php,f413977a615d0f283ed016fa4f9e02fdb47f3efa8dff194fb9bb31a97286ecfc,1233
Model/Indexer/Product/Eav/Processor.php,23793e6fa8f409aaef04f0844eeeb9ebb59963ae434ef4fb15ba5033ece1535f,318
Model/Indexer/Product/Flat.php,23ec12e3a85ce4e87c7f23a44146e792e2c5031b960462ce1e9fe22de10f7f94,2146
Model/Indexer/Product/Flat/AbstractAction.php,a77d0ab9543aed867b9ba8ff446a6a573d186d9a7094fe1ddb3c37391ddb1ab0,10596
Model/Indexer/Product/Flat/Action/Eraser.php,7c33a9702afd99e5c7c59a74de56f2ec45903f855e2a01edde6a8b2938742934,2884
Model/Indexer/Product/Flat/Action/Full.php,ed2e91f6830ad2b13690528195892fd3d8398239cac3bc5031bea135b5cece0b,960
Model/Indexer/Product/Flat/Action/Indexer.php,701a46c93c09b5ddc4e4b230aa856a67a060374bfdaf93ed66c8127e11622269,6914
Model/Indexer/Product/Flat/Action/Row.php,7fa040f39bb324564f546f080de6a6435c49d657de28e7012519c33080e438d6,3081
Model/Indexer/Product/Flat/Action/Rows.php,398ebe376f107243f0c1f305b1e7616b9caaaa0660d307ddcac5c72351b41b6e,2611
Model/Indexer/Product/Flat/Action/Rows/TableData.php,e007a459da4a9ca7a0535d5e7c60d0ca089ed119c6bc63149cd5f6762913a132,2269
Model/Indexer/Product/Flat/FlatTableBuilder.php,e39526342e71fcafec28742554c1fe4f448c1a63c306ba8bf3ea18c52c6e6e8e,13390
Model/Indexer/Product/Flat/Plugin/IndexerConfigData.php,13652a77426879d3b08e8e4d51689cf92dbd373dc4a6ed26906440c03ba00432,1496
Model/Indexer/Product/Flat/Plugin/Store.php,6acc15ef70db9d350c4ca77ed3a3c1efbe164b9b69cfba361701f956b0bef0e0,1262
Model/Indexer/Product/Flat/Plugin/StoreGroup.php,9e24a21932f6116bdf70018275e7bd3a21bc76e3ecc71c3ce2bf6a954534f039,1275
Model/Indexer/Product/Flat/Processor.php,339d3a846b1414b0e0884f18b8ca42774f90c7b9599aa1f3439651ebd8a49799,1915
Model/Indexer/Product/Flat/State.php,d9beb0eb9be72e719ee3877e01e730b4f6b222bd31faf8684f88d5ced504e246,1470
Model/Indexer/Product/Flat/System/Config/Mode.php,efa4a86deb96e17d6b1f9e2668ddb00eb667ac21d0259ce72e99501d7220b315,2856
Model/Indexer/Product/Flat/TableBuilder.php,33b87c5fbcc4bce103f87cb4632c32ba5ac12cb62743e9b13b4931c03c16a32b,12408
Model/Indexer/Product/Flat/TableData.php,2a34159ceb31e8e9be60e856b21ec51e0ddf4b250c12dd049417fa0113533a65,1470
Model/Indexer/Product/Flat/TableDataInterface.php,fd9077d6af7a65b54570dd03e50777e8b615ed160594f9ca9ec7f35453402000,513
Model/Indexer/Product/Price.php,f8bbb85f97a1b81baa132efa07c41efdba517658cc2720553198444fe825f140,2175
Model/Indexer/Product/Price/AbstractAction.php,a80e7d7e1b7eee8232256b19a97c11a840e6718d357fca8a3185188014ca7273,15121
Model/Indexer/Product/Price/Action/Full.php,968ba729f5afddeacaa7e21fae7d7151904a8ed381668beea6c5d34d38cc90a7,1072
Model/Indexer/Product/Price/Action/Row.php,9be8c6dbfb45da8da90639524f536ced394597311938faec703dbd20a1c3af77,964
Model/Indexer/Product/Price/Action/Rows.php,360579cf054d52c28b0ae54b071371278125f00e338421d670c474476247209f,901
Model/Indexer/Product/Price/Plugin/AbstractPlugin.php,fd24936ed1d55f897a64884ed011b752f4f2f1def9d36d1145f020db8b8ee523,784
Model/Indexer/Product/Price/Plugin/CustomerGroup.php,15166e399651790b1d086a10d040fc7babb2fceaecf6eb4ec61e082c6650dc9e,1469
Model/Indexer/Product/Price/Plugin/Website.php,ab87b83115d0439f02eedd012b694adbeaf1d3732ab9ba106ba5d86c05aff85f,1031
Model/Indexer/Product/Price/Processor.php,38f2fde211bf8fb9657a1c8de9cd7191784e0ad71405a5164e6bace63450f662,316
Model/Indexer/Product/Price/System/Config/PriceScope.php,666b1f6ac0fdb6943a369928760dc00e927c5c394843b42c9d0bca3e93c3878f,2164
Model/Layer.php,6e34daff0a293fd7796359c9d58519fe1cada264be4216a71ffaea5a1573d75a,7959
Model/Layer/AvailabilityFlagInterface.php,301f6734ee2bb4eb930b9bfe487c364818877337d9b31967c85d5edc63644a5a,395
Model/Layer/Category.php,6cc96c11c605774fdf7e459a7250183c61c85ef36661d9111ec0d00e86dbcc42,1565
Model/Layer/Category/AvailabilityFlag.php,f2abc431acbd9a1c8f02b53b0ee412a9cadfb7ab5b02e7de73df97b047b73987,877
Model/Layer/Category/CollectionFilter.php,8b3ade7c19443aa873a46f4e77edff79b218a64b55eabc2a23d2c7c9fe78e8f3,1662
Model/Layer/Category/FilterableAttributeList.php,7b59f585d0a1a56a18b42a81dabce68f20c7fe0a4dd69e4c1be258399dad4dbe,2176
Model/Layer/Category/ItemCollectionProvider.php,61f8aba5ed8ebeb175acfd3b044ada14f37da14de76557f995b787df449dc1b2,581
Model/Layer/Category/StateKey.php,18ca20999aed94c80cd687a16d10ce794dd24a7d844935f33eecd91ef45bc863,1231
Model/Layer/CollectionFilterInterface.php,5f48e485cc29d2a42ffe9338452417374d4df8a18f2cd7531ff6e8bafbe3ec0c,508
Model/Layer/Context.php,de38706d0df326e451e75678fc69075789c404a8a34430fa8ca0ddea364b6872,1418
Model/Layer/ContextInterface.php,e4695bb71b68b328dd36f4238750d87ec483ce2ae14c318250eeacacdd27c27f,473
Model/Layer/Filter/AbstractFilter.php,5c411bb3f8c2840ac253a1f02dbd061d935c8d3e84d860d1cf4959a3f95941e7,9454
Model/Layer/Filter/Attribute.php,7467b2efdffc94e07e70bb10f5ab893703abfa0adfec6933d1505900d9af1722,4482
Model/Layer/Filter/Category.php,3365eb91d7f677a418a1a204cb84dcafb67779d7b2bf229b5d656db9e151dc93,4164
Model/Layer/Filter/DataProvider/Category.php,0ce2da57bed25268ab8ee166472fca89da0c82e7167e8a1ee811276b271ec690,4050
Model/Layer/Filter/DataProvider/Decimal.php,f371adb766f5656107fd20ce6c0fcb184ac2aa8dd7ce640f9d93a501270c6388,3266
Model/Layer/Filter/DataProvider/Price.php,b8a00857d52a1288f5d7e7fed72dbc514b8a10655a7e7d5b8c00ad2437d74c84,9324
Model/Layer/Filter/Decimal.php,7eb12242a852a74bc88ed63eb30640ffdce65de8518e75270eb5d6d0285d6bde,3987
Model/Layer/Filter/Dynamic/AlgorithmFactory.php,a0d63dace6a517f5d14549373a8f97deb3f887deb121998eca3fdded2e4b2487,2313
Model/Layer/Filter/Dynamic/AlgorithmInterface.php,27ff0f8278673ea024a5dabd9a038aad134bec74ef2186975fed38055966924c,391
Model/Layer/Filter/Dynamic/Auto.php,ce0783d893097a436ac825f87a078272493cff281f3749b088a83d8ab288e2a1,3070
Model/Layer/Filter/Dynamic/Improved.php,57e72c3f1bbff9c2779b973748e08bd4149dec36ffe5da33ada596c1a2a7dbd4,3239
Model/Layer/Filter/Dynamic/Manual.php,1f551c804a43b7fdf485b1e1c057f96900a09a506ed08ae7ab6bbfd86aae4277,2979
Model/Layer/Filter/Factory.php,3c56950daea5252aa0ec196eeaddc7b85f96841dce27380a2b7e00686558845e,1277
Model/Layer/Filter/FilterInterface.php,45553e6cc71a265893da2845311d17a9b13b80e05a1d97c0b42082176ba45540,2913
Model/Layer/Filter/Item.php,9c64e7327983d7aa2163b2c2d55d3a3df620d5b92484b422ddda18351bcaeb77,3352
Model/Layer/Filter/Item/DataBuilder.php,25f0a725cb544f62196f6c30a8f1c96c3d8ca01f456ac412e80b14855b7e930a,1032
Model/Layer/Filter/Price.php,91385736da61b4bfdaa890f7e02d2e460ba8cbd0572c099e31d821ddcd20b10f,8290
Model/Layer/Filter/Price/Range.php,24e3a2b3993b8b5ff27fffaf7c15c9c35c8b2de906693ee13d5100a6881bddd6,1563
Model/Layer/Filter/Price/Render.php,e07b2d36120428487acbf9526ef99976dfe1f24d405b7330b81c0dfdd9e71f92,2818
Model/Layer/FilterList.php,5d15b301bb31c1ee22f3fba3b6e0f2b786481ce0643fbf8578b931b36ed0a674,3672
Model/Layer/FilterableAttributeListInterface.php,522ef8af200288333819fb67daca71d7ce504e2a8a78a686b5b4bb45c11ce3b8,382
Model/Layer/ItemCollectionProviderInterface.php,6a466969ea9e32eb3e92c10465fed4b8465adebabd9fe6781604eb582aa0a5e4,416
Model/Layer/Resolver.php,e4de34008417b3f50cc089073a261593ead673fd2f7a431959dad06a125b8b2c,1802
Model/Layer/Search.php,6456c21d0b465cc1a2016afd4d3902ba70ead90288975e412785fde6eee2c479,1611
Model/Layer/Search/CollectionFilter.php,00eaf98aaba841085c50bfbdfb388880cc3f83681861b703f28980e19da757e4,1883
Model/Layer/Search/Filter/Attribute.php,cec972af8a49d7b841eae1b1b0c8838fb371bb96bc5bff9655a871194aa60a0b,575
Model/Layer/Search/FilterableAttributeList.php,46b78e82744c2e361f2ef40122759e66ac8cca727f4af20edc68f2ba44a03829,639
Model/Layer/Search/ItemCollectionProvider.php,541c3d563247e5d3c8c3b8487e7728217aae9d47bcd76cb3d00cabc29a005065,928
Model/Layer/State.php,a5590230dfb4884c88535d16879e9e2c5a17f1310f9bc99fb14c6f8674b477ef,1422
Model/Layer/StateKeyInterface.php,a7e0c6471d4985034a2b408b0cbc81cec743deb0215629ba8bc778c7d6b03d33,345
Model/Layout/DepersonalizePlugin.php,ded14f9119c9c0348cb8aa8e2b5c1871a48498755df7a9721cfa6fdf70921e24,1409
Model/Plugin/Log.php,23f7f442eb5a0adc64bbb95dc5c682e7f0b73279be871f477366da781c900e61,1169
Model/Plugin/ProductRepository/TransactionWrapper.php,35e06ab368ea513b99ffccb95bdf8650583252e769a6bb0b3387dff1c26cb2a6,3140
Model/Plugin/QuoteItemProductOption.php,02211271ae592f2c9c752895c015bf5f29d8a64018513a8f72ee33e327d1b0f1,1734
Model/Plugin/ShowOutOfStockConfig.php,343db1de390e18badaffee7dcbf3921850866c780824574d3f5bede01e4f69af,982
Model/Product.php,a4ad0a69a5f0b7445e9f0acb40cf677b9c7b28f6c67b9c2bf342c446ed13684b,72030
Model/Product/Action.php,95bb2c4492ff56eb001918f0ecdb2e1798be539c588e0a00de4b2bcefa3b6a8e,5800
Model/Product/Attribute/Backend/AbstractMedia.php,dd4391f35d34d0ba23abdae788aaffde360f744a4e68083ccb5610701c511c5c,16299
Model/Product/Attribute/Backend/Boolean.php,fcd20887f8370a163d652c277a106422e84a13216226d4376a0f6ebd1af6df1a,772
Model/Product/Attribute/Backend/Category.php,b2be98a230134032115baab6125e6ea8e76a2686dbe9054ca730a08621776cb8,705
Model/Product/Attribute/Backend/GroupPrice/AbstractGroupPrice.php,5fe9ec7c0736a3e7d881466f15baec67a519d8a2109467ed843057387c3ef5b8,14841
Model/Product/Attribute/Backend/Media.php,bb5b254a4054556e7c6ae73bbc843df2adc9afb2ced170bdb493d626458007d8,12084
Model/Product/Attribute/Backend/Media/EntryConverterInterface.php,877e1e3edcde8c44d3e424ceb5092658351168dd93bfa44f83ea3a884078267f,1069
Model/Product/Attribute/Backend/Media/EntryConverterPool.php,00607dbe889dacbf3bba94722466cc5de9aba64a7b560ffd9d6671f0df09f7ba,1620
Model/Product/Attribute/Backend/Media/ImageEntryConverter.php,6a910f9815235191d7e941316a682c39b7621c73b3d521b0d5c4bbc89858ec5b,3558
Model/Product/Attribute/Backend/Price.php,394bbc7f190a248ce6e20b740912e7f6211a903f8b62eca32108b3338f924327,5473
Model/Product/Attribute/Backend/Sku.php,2179ecf5edc17080be9a0526334e88f1b5aa9c73d44d70ec3020094ffd4cdf8a,3792
Model/Product/Attribute/Backend/Stock.php,717ddeb35fafd6bce5c3542016b50158be7cfa5b59ce88dd37def6a8c1aca6e5,2510
Model/Product/Attribute/Backend/Tierprice.php,a225898bfe4e09720b093aeb2d26da22e84a3e066d115f4f8d1339ab77a2cac2,3515
Model/Product/Attribute/Backend/Weight.php,84e4a62d2e8869292ef9d34242956f201c13102e440a93804a710b71c973cd69,1609
Model/Product/Attribute/DefaultAttributes.php,bebddefbd8a780334d0655e9051682005743ed37d5e9ffabf952d0fc8af700e7,624
Model/Product/Attribute/Frontend/Image.php,f9ac47e7a65154e19b190dbb361c1dc1f0ae8b7fc0cc672259f8dd56a6790c08,1308
Model/Product/Attribute/Group.php,0dc4f8f9e7209f467980ae3addcb3d2ab5d1931e5d78c6086009d6b0be94e719,2797
Model/Product/Attribute/Management.php,df99e1137a6a929c1f91780c2921770a9c257680c413f658ae099a70ec77f48e,1538
Model/Product/Attribute/OptionManagement.php,9b9ad4042509d8e624b0c37bb0206242b8a7c3e2b400fdeb653a179231a8db9b,1752
Model/Product/Attribute/Repository.php,7f5cafb71f560e59bbafd0630697bfb37e4d24722809ea95084a6c90146d04fa,8820
Model/Product/Attribute/SetManagement.php,244339aa6bb0eeb9c5a94d44227040260d19d1f73e260a7e70cf7100a87e7a94,2512
Model/Product/Attribute/SetRepository.php,303e2b44d083c63eac8cd6a5a294cbff29f48f87ded0b4d99e1d92c2f86acee9,3886
Model/Product/Attribute/Source/Boolean.php,206a710cd7b4e906978c0eb6a09e63d31dfa825ebc628f9c783695aeeba96b5e,792
Model/Product/Attribute/Source/Countryofmanufacture.php,1f878df3e9acb50d25150a998761054ac14088878df50c5a1982f2ced43cb841,2118
Model/Product/Attribute/Source/Inputtype.php,55570aeeb54df89bfd08db815bf3aa8ce601c075e0791be420ff21f6debf11a9,2042
Model/Product/Attribute/Source/Layout.php,634a6393c5d6951f354cb210314429f0b4437e7c25d777a1fa95f73606d394e5,1147
Model/Product/Attribute/Source/Status.php,6fb7b3e7e44580cf596e065aa62f1d3714099fbf65c5bf6160e0b6a784741c67,3835
Model/Product/Attribute/Type.php,20a0ac6e40b05df4e01b34cb151176d4e81832fa2f18359349bb34592a752795,1587
Model/Product/Attribute/TypesList.php,700ae86af334e4d5d2c53ae3d4afc73a7e44388b1369bf14122962a996bf2a2d,1841
Model/Product/AttributeSet/Build.php,e84d697b4924e2b227aaffd7e8b1fa49adf64d47d87417258916166177072529,2568
Model/Product/AttributeSet/Options.php,12b48df9cc11bcd421d3b6daa345344000b8021b1446171acb7fef0caf003519,1123
Model/Product/AttributeSet/SuggestedSet.php,b20bbb50cf588675160d13d4c18c375b9d62af30ca5dc8282fd8998f454dbf98,2399
Model/Product/CartConfiguration.php,c0b1bba112f6c3655819e96c85ab99f8ed763b9da5c17098a5854ae129066347,1001
Model/Product/CatalogPrice.php,5657c5dcf9550c7c5767e1985ba395a235093206273eaea4ca07411a5c2e5c92,1900
Model/Product/CatalogPriceFactory.php,622ecd878852e0030d099097d527be86d9b5c4986e679b61662ae0c9fc432caa,1206
Model/Product/CatalogPriceInterface.php,5944af927c5ad07f34a04c5bdbb06660256544c3c5d455c7c93b8ed9c7f014df,933
Model/Product/Compare/Item.php,6464cfd0586bd58d2bdcea31dbcc86a4d5e932a7c759a58b4ce48deda45536bb,6918
Model/Product/Compare/ListCompare.php,0fef03ce008d5eb2f45bda71251c0fdda1fd79fa8383e5d9c0126adf59c73e23,4760
Model/Product/Condition.php,b77bf3f8004ba9300a178c065d85dbe042778a87d02179838ce6cbe4a1d6ecb0,1377
Model/Product/Condition/ConditionInterface.php,20f1354e9bbb4110d16085592bad768518ac4ac3ad12964c8ec75ed645cdcfeb,603
Model/Product/Configuration/Item/ItemInterface.php,83c942974085c1e892b5406add98c6f8d9a708eb8e0822cf9ed0248db6b44058,1091
Model/Product/Configuration/Item/Option.php,1344af2cb39d6ca6091ac4d83ab3abba91335fe9a091f4aac14f9fd61da027fb,581
Model/Product/Configuration/Item/Option/OptionInterface.php,d713fc44832496263e3c421b41da053b8ea4208f4107728e580e9251e556ad0a,453
Model/Product/Copier.php,3dd050af954f1932caa006dad8a25751c55d61f4fa01c1a206c29a83c62c7559,2394
Model/Product/CopyConstructor/Composite.php,ab0e0b67056c77b83ac8fe3f81fcfdefa11d744a3ddf87a428f109eea2d20fc5,1175
Model/Product/CopyConstructor/CrossSell.php,23850fb7ac91919a8c728c6f7135583f2f34bde6b09387f502e3ccb8c777335f,1125
Model/Product/CopyConstructor/Related.php,94aecc6de718eaf8fd3f67708c9420e0e9f95d2c09976104172aabe7189f4b03,1118
Model/Product/CopyConstructor/UpSell.php,22760089cc28d3bef9b6418b2914327d79414dc1189b275d5e7021bbad7d6e42,1113
Model/Product/CopyConstructorFactory.php,168db3d502e04f62fa879283ee62f988de1995eabdc0c3513b60d789b00b2c4a,1143
Model/Product/CopyConstructorInterface.php,86f088327da6c2803cb452e249f2c63354d0c0a5920204989f7b59b421d0bf16,481
Model/Product/Edit/WeightResolver.php,89ef8ba6b1155692c970aec36a586ab6411965082fd29b71c8f711f7d070c4c5,598
Model/Product/Exception.php,b31d33f54b745a041961b60f805fcd89aafea56f49eaf2cec1aea0d11ae746db,247
Model/Product/Gallery/Entry.php,a8d2c3739c4213abbc76553f6480d385f63979a71516b3f01753cd213aa2c2bf,4125
Model/Product/Gallery/EntryResolver.php,5b9ff97d5e1eb75917794e2104594bb66441d7a5bc0132a034391d608a564cec,1676
Model/Product/Gallery/GalleryManagement.php,4c0c998cde3e00675f22ea700e5aee1648691974de3f3ab1969b9f6a8dff6eb3,6368
Model/Product/Gallery/MimeTypeExtensionMap.php,9cac094c54e6e5b14f6b17710e7d0c3899fdb6de7a20cc96a5f8a9a6bfe7c665,733
Model/Product/Image.php,9aa7edc8beb1747e1d1a9fee9ad5d9c311f66b0d8a6ba1f3ceafe9a6f237522b,24160
Model/Product/Image/Cache.php,97f6dc4b9433b228b8efcd9801fb0d428787d2eea59f364e20c4add49b66240a,3760
Model/Product/Initialization/Helper/ProductLinks.php,84148379872a8213543db69a36549181b7db36c31eca91317e9ea1fd972d4d31,986
Model/Product/Link.php,8250e88bcb1d3275bebba406ca4a8bb2312f1a0adc10ff1c59c4c32487ab2c6a,5748
Model/Product/LinkTypeProvider.php,5726934a0d17e4324fd5ec84473bb10316dc3ee0a591951c4f52aa3a26852a32,3069
Model/Product/Media/AttributeManagement.php,9f7714ad7a14a1de16289f3fe801df51d68feb744d6c1970140239f53e2a2f7b,1606
Model/Product/Media/Config.php,764dfec82430ab78ee40ae37ab6780247a8dc3c3f1be07fafa63f509c7279f54,4764
Model/Product/Media/ConfigInterface.php,6fb3f4aa5443899ff945573f57291a4d667020d7f4feb49317f96bf0c7c30a7f,795
Model/Product/Option.php,2938b5d69e94fd2f14187dc0f0c3feb5e35334430ddad41ec80b1295625b4a6b,22231
Model/Product/Option/Converter.php,3698a85761dbe4c1974aee5eda699b7dc4a2aa4be3c16bfb819f843384e28e4b,773
Model/Product/Option/Repository.php,345f9e244a831c57350ed58fd413e425e3cd77833130e50ed351f957c01612c3,5458
Model/Product/Option/Type.php,95409ba04a85412d4c61ac50b5a557aa92834ac11b3229bda61f295cd2f9ab9b,2214
Model/Product/Option/Type/Date.php,5cf30954aa50d269020f7802b43f239a5a1b843d2138c61f0a30810eb2a568bb,12408
Model/Product/Option/Type/DefaultType.php,0abd2714b6944c10cc3592635881b11619c514ffa4ae5b2de10d9e3667291c7c,12133
Model/Product/Option/Type/Factory.php,a4cd290b247b0e5dadceebcbf3bd9fabd4b6c7f9b5f97a9a50073f1d76d11d75,1313
Model/Product/Option/Type/File.php,6ae4d7b575bd6b72734bb7b5e36bf66c27563357ec4f0dac5c509d0e3c63f22f,16255
Model/Product/Option/Type/File/ValidateFactory.php,f8ad20c332462fa00248ebca15520cd99f65e35478e4c847fca1a249663e78c7,315
Model/Product/Option/Type/File/Validator.php,338ef89e58ea6779cbc4bec87f5f979e0ffaba6f3e3fe0334965e60d7e2c355a,7059
Model/Product/Option/Type/File/ValidatorFile.php,949acab355697d24193589d6619b5ed1922fd29aa065bf81af9a395225d12aca,8361
Model/Product/Option/Type/File/ValidatorInfo.php,52993903e707dabaef770a5a1e5429f4b8825d5c9d364539b8e94ee420e7c0f1,4727
Model/Product/Option/Type/Select.php,3c8972836226a13e9bd9daa1415b55214c60d1986e765fdd72034220a4ec13f4,10037
Model/Product/Option/Type/Text.php,1932c440223a9116b731b25c91a3f0f7b6b6bed64a18acd441958ae9149e916a,2976
Model/Product/Option/UrlBuilder.php,798c403412880dbaaecef334da52cffb3d78b2e10fcc39200fa5dc23415e1b40,738
Model/Product/Option/Validator/DefaultValidator.php,ab3efd8ad7d7cc017b7a84f1c2917ba425077f6d25a3e9ce693e58e936ff4898,4476
Model/Product/Option/Validator/File.php,0e719f13baa6a00f9f78f2b89d2401dbd0b89800a0e4175f391ee03c4ded6716,602
Model/Product/Option/Validator/Pool.php,6e2eed6ed0c0e2081f557a75050f8b732f1efa4ebe4885b38763ba38d2a3fa86,695
Model/Product/Option/Validator/Select.php,0d36b95485ac8b5ce8fd23bbe03d59f35f0a41575dd5ecfdedff9fe64090117f,2492
Model/Product/Option/Validator/Text.php,f416a6766d2fc60c0033de6a5be807444a7fee68464e1f418e23eaf78a162e4c,557
Model/Product/Option/Value.php,d28e0262fe09038a961e12d23b9281a74b682be54f9f17975660eada4a69a3c2,10112
Model/Product/PriceModifier.php,ffcbe10de3b3b412f1b0e3959dd22e8fc5038d306d383de08a46a51944b1c556,2579
Model/Product/PriceModifier/Composite.php,2af6a6513ff1aade1d9a032c40c81086492c48bb33eb718cf114de04ebe6881f,1318
Model/Product/PriceModifierInterface.php,06b7aa9a266a97a6719591d904117b8d9867ed9ab2859206731498b634b67075,453
Model/Product/ProductList/Toolbar.php,042cd72b1d8f20b503f229a22b673269a139ff812b43c4dced9a6ea9699d2683,2007
Model/Product/ReservedAttributeList.php,1c88756612c7f51e6ce403450f026aa570b31aad287f4848711ba8b23b49781e,1332
Model/Product/TierPrice.php,76eeacb34826d317d14b422c25d73c3c58d95ac318602d68b1c61fe2f5653125,2066
Model/Product/TierPriceManagement.php,71d0bf0d1d25a48141262ac8da93ca00d9e6ba174756d228fa16188adecf9406,6768
Model/Product/Type.php,31afef09c4516fbdf1f73183f6907ce35b00d0b030b3d0190c25d5d7f1c6ce1d,8091
Model/Product/Type/AbstractType.php,cd820486e3c509c81344c383231b700db7bb4eee7b89f71696c47588b806a8a7,33035
Model/Product/Type/Pool.php,4bebca28ec606eca9067e74e0cf86aa13aaf26653197124dcc18534dc1fb7f17,1282
Model/Product/Type/Price.php,dcdd88d85c22d2d48563d47c1521fb2b984fd9ee2d22bdac54ff91d30a002943,18118
Model/Product/Type/Price/Factory.php,5b70cd3919c10ac28b0027a3353b9b86675f057b2dd0896c0be31313369d5864,1294
Model/Product/Type/Simple.php,c85af3d9327ca18b4ef1c0d20c8d852e5ac3519ff86846e2bc47dcdb2539185d,517
Model/Product/Type/Virtual.php,f63b4168628b27aaf6545d77fbc7575afb6872fd019e5221de8d7be3b0696ea0,947
Model/Product/TypeTransitionManager.php,070ee63d8d905ca2f7004a3ac10edd8e385ba902714895e05a72370952babd81,1433
Model/Product/Url.php,d84e86c19b11ff1a825b634fb2743276a5f58ed0ae999b17e5299d6548b99e67,5788
Model/Product/Validator.php,1cdaf0b18aec7a3eba854d296dc2455420fb98268370a948590db2af7f7f8698,666
Model/Product/Visibility.php,4e57cb12982cc2e96cd6484ce4900860740a8d35ff57f7f2fde46205bfb6745c,6818
Model/Product/Website.php,7379de1bb0b8c7a2ee5a3b31f8f4b17a3d87eb88715d5eedf8ea40c526da42a8,2548
Model/ProductAttributeGroupRepository.php,8554a7e3ff26e042ca7f8d59bf409103ca1050caa7f56b1086642ad92938c911,2812
Model/ProductLink/Attribute.php,b210f28d15957ea8e14d6fb3dc5ae95218287f6db49ffdf34abfacdf909cd947,1737
Model/ProductLink/CollectionProvider.php,ddad24a4431d77b895e2272e9a38971eb19337fd43b099f4276cc08c5713c6f4,1502
Model/ProductLink/CollectionProvider/Crosssell.php,3b81665bcad621edf9094af5452392c8b7d7d4ec7ee4b664be5c1cea0b4bd3d8,442
Model/ProductLink/CollectionProvider/Related.php,2f9c5a3ef8f0135923878c808ec0c859070c72201286642efb674f9aa6b18ea6,438
Model/ProductLink/CollectionProvider/Upsell.php,703d8516f8fcfafd08f88b52467417f82d6e3be29719de722592c774493a4f2f,436
Model/ProductLink/CollectionProviderInterface.php,eedb4851caf602c933d57adeef72bff6fe2a3d772177298035cc5bfdeec7dd85,426
Model/ProductLink/Converter/ConverterInterface.php,2e4ba9fab19798da2b21571434fc453560bcd71697b4decc6cdb821754f07c20,410
Model/ProductLink/Converter/ConverterPool.php,bf3540d545ccfaed93a7806ff374a333267494c9f75d6d3e111cb9a129ac7450,851
Model/ProductLink/Converter/DefaultConverter.php,2e60a10e37c44b1c562c86081fbcd8f1b719d9b7360606541821666c11aeda40,501
Model/ProductLink/Link.php,658b761aa103c530a00ec3e13ac3d4b57d7e1d6a03c40e3a6fb5d2803ff02812,4651
Model/ProductLink/Management.php,d9b87f43f42cc622761724887e8f5d367bbec95f7b63e9da161b4df1b8a0b092,3293
Model/ProductLink/Repository.php,a14bfe44e836add77b57a16a28c09f9007eedc36e067030ef61f93c09bca1d46,5163
Model/ProductLink/Type.php,a7f263fdf214d21b7317b969ab2112882f02950d0eda8286d6e4affb7bc81e99,1704
Model/ProductManagement.php,5b8504906549e0f9d5f3b147c681e499aa79b93e8ac7c43e325fe7a40939d64d,1264
Model/ProductOption.php,f228a6a1a96dd612ab274c638ae58f274cf607b6f5e9152ef1beb34be720f965,731
Model/ProductOptionProcessor.php,49b1496a8208e25cbedcd8e0280f3f494479c13b0ed2a514cdd04577fc199a66,2899
Model/ProductOptionProcessorInterface.php,256768c39517bd47953b88067e7001870302509e4e9101ded1ccf1ae2bf98f47,708
Model/ProductOptions/Config.php,1d306cb957e919a8a86d71e4be6d0358e657e225600080cb8a84f994c0cf3ba7,1114
Model/ProductOptions/Config/Converter.php,556d3918ddc36ee3c806be59d4589d1dde27e05f5aabead60405ee6baeb5031b,2098
Model/ProductOptions/Config/Reader.php,c8ecfd4aa3c467ea19bb02ef8c29966f24eabd8cbdecfc64eaebaf8f1aa404cb,1664
Model/ProductOptions/Config/SchemaLocator.php,2e1b3fe5338c3995a71852824452dd1c29c8efb625a48212142a57307dda9b74,1347
Model/ProductOptions/ConfigInterface.php,c422f43c5751d0779b684b7798713262c3c2eb0db612c94ef5466b9f89ec7afe,474
Model/ProductOptions/TypeList.php,df5a1ab3fe1c1ef3e5992570215326894c36a3dfbb0245073c5e83fe336b9fe9,1475
Model/ProductRepository.php,090ab456d14995647633a4a02c6ae8be04c1413a921a944128c66e10bbf6309f,27981
Model/ProductType.php,631995aa6d80694c8373a83453aa7dae32715312dd2278036fbb6cc94a23ff65,1716
Model/ProductTypeList.php,e8b89c327698020003ab47aa326a0755817329d90a5c50ecb5973630a7858951,1829
Model/ProductTypes/Config.php,766aeb50a56638aa7e1830962de09635b8cd77797c3c0cacb2f6cd70736ca7a3,2200
Model/ProductTypes/Config/Converter.php,1bc91b66a54fa62aea3e1dd59a46906eb3b92fbeccbf92da99ed739a2c327447,4514
Model/ProductTypes/Config/Reader.php,c54dae25ac03c2ca457d7c8265f2244c6b7e89ee3c4c8a1d49b6d024c5aea205,1722
Model/ProductTypes/Config/SchemaLocator.php,12cca1e45b483a69ad7ddafb68ccc03cc948e87cad410d6fe31a37df7478d667,1341
Model/ProductTypes/ConfigInterface.php,4bf3b301a8e185201bfc713a04f7f58b081e1977f4f24941dba6470e06a61c31,996
Model/ProductWebsiteLink.php,7747aec125cc6ad007561b8fa81eba659be466cc309b553ef284303bdcd94077,975
Model/ProductWebsiteLinkRepository.php,328424623474472ebf744396a9e047f988ddbcd10f2253a3aa89994951ea7c0e,2495
Model/ResourceModel/AbstractResource.php,8bf11037b01a84e834efa19c4ce86f1d71d4fb1e475b9cc185642fff28668e77,21709
Model/ResourceModel/Attribute.php,2b610d7a5f0157fde5dba4e7522bb6acf58d1da4eb1e95035dd58a90c1691d15,5376
Model/ResourceModel/Category.php,fa569fa95e17ef4d4dfc80c1fab981da9f466d1ecc52be61628591d4b006134d,29935
Model/ResourceModel/Category/Attribute/Collection.php,664b7fa7cd0269cd053cc1450e0cb10b07131521bbc07b0076edabfc099a03e9,2736
Model/ResourceModel/Category/Attribute/Frontend/Image.php,40618e7da2dbf2680e100a753742ac2f1b820377b6985cec1305515d3cc2c7e0,1310
Model/ResourceModel/Category/Attribute/Source/Layout.php,2399e139ad28e4d0226643a1e5ec1c1b839af061265c5197019925d570da33c0,1086
Model/ResourceModel/Category/Attribute/Source/Page.php,f3a11c79ae09d5f661420a3d490d0548ac5a8f2acb0b0c5c886f26395c449a26,1279
Model/ResourceModel/Category/Collection.php,a81ce3439ce4b5102ec4a32ff1997257ab74273c7b16eb4062cf7f8b46f41aa1,11585
Model/ResourceModel/Category/Collection/Factory.php,2cf9b038f5f48b11e5276f78267ad278c7d9ea5a08038f453dbcb113b2cfdca5,834
Model/ResourceModel/Category/Flat.php,a0cdb2ed79e61cb629906f689d8271c133483b5e5f6607232f9e565899e0041b,21480
Model/ResourceModel/Category/Flat/Collection.php,b27fce3e77b38daa1d4da336b6c0d901b5bc5bbae56cd9f9f3dfa14826064615,10108
Model/ResourceModel/Category/Tree.php,ebdf68eefaa15f6d9b82d07cdabaeb4286f8fef22bb777a5fa1fd1eed7c8e42a,20194
Model/ResourceModel/Collection/AbstractCollection.php,1532757e6841a8c6b33baa98e901dd3c446bfe4f9381a4b38bdc16de824826cc,8970
Model/ResourceModel/Config.php,d8884d5b7ca63d152ded29f00b2da44a753bef9ba26be1696acdb5550669b03d,4697
Model/ResourceModel/Eav/Attribute.php,2611db05191e95e2442fea5b6280096b5291d6b1a2bf0f633eeff9d9a79c1c37,23055
Model/ResourceModel/Helper.php,8d308e0dec2626561e353600da0f275f26730b00b190a579fd9774795f801a53,565
Model/ResourceModel/Layer/Filter/Attribute.php,b5279205b8bf672280ab43a40dd946678699c016594b87a2cdde11d58f07e7ad,3290
Model/ResourceModel/Layer/Filter/Decimal.php,de5dc8eff6a28ef07ca74a3f99792093ecd86d5eb4f2452b2dfb86a853f72596,4730
Model/ResourceModel/Layer/Filter/Price.php,3c658b998a53719ebec52dd02b2d0da4d2a93d26ce1858104150f27ffdf52a91,12926
Model/ResourceModel/MaxHeapTableSizeProcessor.php,161272ebce19f1c11415281f1226e85360d98dc3ed7ba3c6163db51a6a409819,2140
Model/ResourceModel/Product.php,b20481a8f13c8fe0c0d5c944947f552f49bfaf6a388b2a6fc98a0b6cc6402bb9,19404
Model/ResourceModel/Product/Action.php,b660b3777d6b4ed14f12d865cfa7b1d3168b7266b2d1358aa9c35dcddbca8d40,2129
Model/ResourceModel/Product/Attribute/Backend/GroupPrice/AbstractGroupPrice.php,baf1ed1dce05c5d7fa53029cf088cbe1d1823fd11500e63bc0d2a76d57a70648,3517
Model/ResourceModel/Product/Attribute/Backend/Image.php,b00b8d590ada12535e993919e993b140ab3f0081fb1f7a34a8afef6f53c71789,2579
Model/ResourceModel/Product/Attribute/Backend/Media.php,8aefdf4e1f9dc60085fd2e88e9eb97f584628a2570a8d7fcc59712d9dbf2584c,11634
Model/ResourceModel/Product/Attribute/Backend/Tierprice.php,1e8c51ede65574fdc9d1c83d72f5acfda9b18c50b2736ee0180fbecf991a4fc3,1209
Model/ResourceModel/Product/Attribute/Collection.php,116f3f9393bf109e1d22608fae754f98861c820ec0f695a9817774bd6194da92,6843
Model/ResourceModel/Product/Collection.php,c95fa5b1cb995d653bd7385380b028e876bbffd862422f050711af0ae852c810,68972
Model/ResourceModel/Product/Compare/Item.php,759fb18361cde5981656305b76c67e2bec6a9a80b9eac6159d60ca001e1cb506,7259
Model/ResourceModel/Product/Compare/Item/Collection.php,cb18024556e7caed221a8cd075b442a15e27a4a7f773545b1d3e39dab9b4115f,13187
Model/ResourceModel/Product/Flat.php,a315f86a50243c7c5d597542142a0464e97157c11ce67ca1e63d4277d3202269,6949
Model/ResourceModel/Product/Indexer/AbstractIndexer.php,8cbb9b739cc7015ecc9eccd8983d713b456838445c3e07a5a5c90606e4111909,7152
Model/ResourceModel/Product/Indexer/Eav/AbstractEav.php,d976ed574ce1053d70d7ba3dd9f60a37c7b458abca8c23111dbd4f00cee0833d,9108
Model/ResourceModel/Product/Indexer/Eav/Decimal.php,ed4999a6888f906b28b6f7ffd51e5a514a30afbe392df33fa4418c3c84c089a7,4178
Model/ResourceModel/Product/Indexer/Eav/Source.php,074e2dd1bd363d8bdf2b0924464f46bff4f5e43460a28be91761b4fac0184a61,10862
Model/ResourceModel/Product/Indexer/Price/DefaultPrice.php,1e5c55fcae7414eaa6fd691896b14b09ff1637fea6078a7702c0b8072bd6e071,21354
Model/ResourceModel/Product/Indexer/Price/Factory.php,545dca4a87881870ff709e1722604a4c578b224d5633c2bb228bcf9af0d97d1f,1462
Model/ResourceModel/Product/Indexer/Price/PriceInterface.php,4db37465be4fd1bbd64c8b8ff11be360125ad7c162d8a81ab185988f8167ae59,659
Model/ResourceModel/Product/Link.php,f859568d378d0b5a1b6605a6c7283579042b57bfd71bd2f5c90a7667a1f73404,7285
Model/ResourceModel/Product/Link/Collection.php,65a9753d799220d7a3877cf183b47c13792ab03f1b1db81ac117f838133ede7a,3714
Model/ResourceModel/Product/Link/Product/Collection.php,8017b6e9b7ca4c183f24f80645a0456bdd55bf3f0e6ec4a3d62b9a773b3e15fa,8692
Model/ResourceModel/Product/Option.php,656b3a1d9cab7a2ecdd5e604853697c0507c540967cc3075da54e7103fe998bb,19291
Model/ResourceModel/Product/Option/Collection.php,ec078c36c8e80416e5c9f2dda975babd47585ff5e949bf715f3927c08003ffb4,8188
Model/ResourceModel/Product/Option/Value.php,24f8366e1147c13408491174739776f71e5252d4a869d8e48ae9ef4b9ea4bd81,14807
Model/ResourceModel/Product/Option/Value/Collection.php,4f284e250a0446557342b89b53f008a8e8328d6dbd2f119d3a6b6bf9e6b3a53a,7419
Model/ResourceModel/Product/Relation.php,10fc27b6dba6529445a509897762da67921a742289209e9c59261456258164c5,2522
Model/ResourceModel/Product/Website.php,294e37e8380599512aa89f25166b41b531a7d47afc89354577f3ac0c1aff7627,3928
Model/ResourceModel/Setup/PropertyMapper.php,708ecf15da8358f4cb6eee88dacccebe683360bf0112c7f158b47e28a37dfbb0,2340
Model/ResourceModel/Url.php,476fb6e0542c5ea4b7a3fede18667c9567750a8c48f52a33e2efd4b4063a65f8,21773
Model/Rss/Category.php,b048d50318a2db6cb65dd0b86d2dd1cfc86634bc2477c21e0bb1b1ed6ad274ff,2557
Model/Rss/Product/NewProducts.php,5ea6853227ebe07de2880d694810ce6a1d75c9e9a3208a6b2a1aa551671514c0,3297
Model/Rss/Product/NotifyStock.php,f905384f419e5efdd1f535f31192f76ab34b7f2acf3381fd3ba4e8f4d31691c4,2708
Model/Rss/Product/Special.php,b256f2e29c26d0091972edaa5493e2840b9b2e1701b49baae042c146661170a5,2014
Model/Session.php,74b1c13fe007909139b231fec3db4ce8b7791526a87784c2993b4d34d7ffe92b,240
Model/System/Config/Backend/Catalog/Url/Rewrite/Suffix.php,3055b399da48c7fa7b75c12615bd2c05d0d8f53713beca8eed04f07a7fa87ba6,6012
Model/System/Config/Source/Inputtype.php,fdbfabf2951b0c66af26f2993da591f43346cafe2f5dfc91d85a2ad4f80444a9,479
Model/Template/Filter.php,8d77805595ac30db19fda2ccc56e6e154cf3a41f4739e26d39866c5070b2efc6,5264
Model/Template/Filter/Factory.php,4754351a0d75985467439fb152a92fe738e58331e535ac2421ef0dedf89d5b43,1273
Model/Webapi/Product/Option/Type/Date.php,309d852bd28817f7da72a617f2eda222eea08e786aab06423998c7710f479ee5,1477
Model/Webapi/Product/Option/Type/File/Processor.php,3a159cc599719520196ae411d754da1be47b0f2f268003bcca71a391e852ea4d,2405
Model/Webapi/Product/Option/Type/File/Validator.php,373a4d39df47f00bedd1739cb4bbe0eaf4db49cdb2abeef1460db088126db44c,1736
Observer/AddCatalogToTopmenuItemsObserver.php,0bfb56387daf228aa3a1f95a46f0c9e0cc7d3368597dd7bb7c9b049928bdf43a,3016
Observer/CatalogCheckIsUsingStaticUrlsAllowedObserver.php,692d0f505ece97f6c1badceff75c5f2b77a8d331f613b7a769eb2a43fb035f58,1069
Observer/Compare/BindCustomerLoginObserver.php,227221e9b7f53ba0db8b2ca1efdb1e75ffe1ac9f1635cb906a51b76068b0d413,828
Observer/Compare/BindCustomerLogoutObserver.php,ae7ab3fc13cb8b91f5db7fad7360f9950d966d4d1f3a5bdeb07e5ef385bf8da2,830
Observer/MenuCategoryData.php,288cd24c1bbbe332b30e80c6bdd8f0dfa09484ab456e066112cc07d8708fe43d,2981
Plugin/Model/Indexer/Category/Product/Execute.php,24a3c8bd5821b59b3c8151c1d8353d08a6bef3496b8d5d6620ee092e28b155ae,1222
Plugin/Model/Indexer/Category/Product/MaxHeapTableSizeProcessorOnFullReindex.php,63c16fa115aa2f41dfd37702632f1b139a55c3682cb465d1d7bb90dd23921037,1571
Plugin/Model/Product/Action/UpdateAttributesFlushCache.php,f762b50d09ae37161228df6b2a77d5cdbe8f1a8cd7bf262cea5b7cdfd06386be,1523
Plugin/Model/ResourceModel/Attribute/Save.php,2fbdbb2f06f0640cc81f5cee77048b488d03d134c7d66339f8495b432abc11f4,1374
Plugin/Model/ResourceModel/Config.php,50f54c559ad74966b37b29c8f8719d5de70981764269f087df89424fed05ce0f,2911
Pricing/Price/BasePrice.php,b3b15f9eba90572ce58bc6186bf6298d306b28b47470932f861bb7c1a98e9edb,945
Pricing/Price/ConfiguredPrice.php,341a00144a6bf156b9900e15b1eff92a77a8f1ff6e89418200cb51f3d191ce50,2715
Pricing/Price/ConfiguredPriceInterface.php,6a533f3402ddb38398bc65a952996109ff6c67e76d68c3d5e6a20a34fa07b916,515
Pricing/Price/CustomOptionPrice.php,91a95eac4e950a32934edf5d8b4c4086f7361d52aeffd1f304c62fb9b1e754ad,7411
Pricing/Price/CustomOptionPriceInterface.php,4af03ef1d3c648af774178e10c8048184b94e932703afa3ce69c81d2dd7c4ef3,677
Pricing/Price/FinalPrice.php,c25ee11aa99c2dedd2dfbffbcaa22af74c059a08fe3aaf1e4d1ac73dc261f025,2188
Pricing/Price/FinalPriceInterface.php,5574e5e347e8aa48494c5ad2aa5d88ab9892e41c9fcfbf151080ab79c65c0850,536
Pricing/Price/RegularPrice.php,62ad396042aaa6160a1740e8af5e22522cc0658ec161a9578e50d843b23e52bb,873
Pricing/Price/SpecialPrice.php,476c7c3efe86229c8d42707bfcc70f831a89fb377c53bb39d16b56e271f4fe43,2951
Pricing/Price/SpecialPriceInterface.php,e44f987c8ef6d8bebd449e6df3c9c9af469066ca655a3a63e3eb5285fc8eddfc,761
Pricing/Price/TierPrice.php,39b1c7413f19c3dcd8c330af338a136ce976581df795e737a36293758969a80f,9658
Pricing/Price/TierPriceInterface.php,edf7e032418699c99a0379888973c7e5c7e7612fb2f30b9322b6da9f729b1c5d,448
Pricing/Render.php,04adac6ae171c7049bf24941fe5aa3fbf9fd3c01da6622ca5ca832380ce4ba51,1976
Pricing/Render/ConfiguredPriceBox.php,fa4ffd7f7b2a0c44dc885a2cf6f8b9579519015020a6cfb94a5391c29615bc59,1127
Pricing/Render/FinalPriceBox.php,7bd6dfc67880e9ac239a129c995869d1fb554e62481f9cd108444abe41fa4e39,3765
Pricing/Render/PriceBox.php,dd4a68a12a70baef29f13c5d87a59bcb8c483926dddfcfbdb1432f9ff7e82577,2529
README.md,a7b1249a8292dcdb788de381aaf7da310c3bb7efb3b34156cdc9d79d2c1394f4,451
Setup/CategorySetup.php,53c8be4afc588f8ddc06b29fe5ac5bff002377f19ef921e12f016a8a0025d96e,43309
Setup/InstallData.php,9bf2d066e8c18ea5a94abc66f4a235667cabeeb823d5ca983ceac712173bb6f7,12497
Setup/InstallSchema.php,5027f7e2aff8f34c2ccf06ee72c3f5cc836a6cba6752da881f3b30b96eda6174,158348
Setup/UpgradeData.php,da506ff8c0c5cabea5b19b5da65a811e647157e0b7d192eae244d01390708223,4470
Setup/UpgradeSchema.php,6e46fd5e9db12aab652f77a015e46688ac65001a3c0b5175c441bc78547e292e,9212
Test/Unit/Block/Adminhtml/Category/AbstractCategoryTest.php,c5c7cda6737fab0ae8903b54914476a2df95160c0bb851ba5cd809a71ad5ece6,4246
Test/Unit/Block/Adminhtml/Category/Edit/FormTest.php,90f6ef9f9fce6c79d859e9c4b913bd9d98ea254c9e8102b347d265565a1c50bf,5337
Test/Unit/Block/Adminhtml/Product/Attribute/Edit/Tab/AdvancedTest.php,c2f702c42acec1f9af149c2593388f229695725a0dc35ed2097f67f1b1e94520,4780
Test/Unit/Block/Adminhtml/Product/Attribute/GridTest.php,8aa85ae368b0233df416e569f605894459baa4c0544d04bfe764ca166c97cec7,1702
Test/Unit/Block/Adminhtml/Product/Composite/Fieldset/OptionsTest.php,d5dcb83a4f727cd2d85bc052e5fef893227715b4d3163158a81e6c6dbc86bd29,4640
Test/Unit/Block/Adminhtml/Product/Edit/Action/Attribute/Tab/InventoryTest.php,cfb5386dba1ab08cd30b9a0adcc503ea81a756263aeedd18854a5a2d0e1e9920,4671
Test/Unit/Block/Adminhtml/Product/Edit/Tab/AlertsTest.php,b52606ea501a6448d7749a95248141d8351b74bd6dbe809d45e1821594114f36,2126
Test/Unit/Block/Adminhtml/Product/Edit/Tab/InventoryTest.php,ece481b97effcc817bcd811e8b1289ab07d61aec93cf1d17b38777568e0a3f40,18445
Test/Unit/Block/Adminhtml/Product/Helper/Form/CategoryTest.php,f3bc751e6412c089b6a965874479187066bdfb6ddfa90ed056fc814670fa2664,2193
Test/Unit/Block/Adminhtml/Product/Helper/Form/WeightTest.php,e747bc11425e38ab5335282b3e91263b4867e28c5d7730722a0df14242b5793b,3498
Test/Unit/Block/Adminhtml/Product/Options/AjaxTest.php,8b4a22c7b7ef616ec3154630551198c21d12d80c66a35c00b8d08dc228f26b9e,5230
Test/Unit/Block/Adminhtml/Rss/Grid/LinkTest.php,1af7b74a6b32c7de9cf87864297d735af76875bd9f34bfbb1b2200e7b6708cbd,1670
Test/Unit/Block/Adminhtml/Rss/NotifyStockTest.php,bbb8ffe41b715b731cbd729e01bdad2bc6515aa4c10615c763033cbff228bac1,3965
Test/Unit/Block/Category/Rss/LinkTest.php,016bb32d3edb5fa718d80e4b4cb58a4a40bd466b4f77e6f4b7aefc77f63e809d,4273
Test/Unit/Block/Category/ViewTest.php,31c2d1060f21c78298e8cac561dd33000a2fac2fe185fd79822ea2c8609621fc,1221
Test/Unit/Block/NavigationTest.php,9929453ddac475700eb9f6709bb2dc87900edaa6e5efb633cb80655eff875137,4406
Test/Unit/Block/Product/AbstractProductTest.php,5f521de8e7ba8a86671d240a89f49a33079403a58b266be9504cd82ea1bf837b,7801
Test/Unit/Block/Product/Compare/ListCompareTest.php,64d5f8272bb1c04451da78fed174574f21714d1e78ed8da6169b6027321342ac,2516
Test/Unit/Block/Product/ContextTest.php,1a73c4dec328d319f01b4be49e5091a9632c3cf3754cbf2431f5272abddb658a,1855
Test/Unit/Block/Product/ImageBuilderTest.php,6311494bf448e83e9726c43d3554522c528e939cb14df0ea5cbc842463194e7d,6230
Test/Unit/Block/Product/ListProductTest.php,812c568f4b5c4b24fbf6e4d20af9ed79942b084f85fa756ce5324683d5f1fdc8,5727
Test/Unit/Block/Product/ListTest.php,5b25cacbe6fcd35cbed4308fbaf3b6fd2aca1f28c6dfba551f34e893e20023c3,932
Test/Unit/Block/Product/NewProductTest.php,34329e770fbe6f8e373ac30e4ed80e59b6b9ea82be5e7351bd3ee3777d1786c3,884
Test/Unit/Block/Product/PriceTest.php,1fac801509074402ea62270dc07e652ba6e3ea32160a482d8bbcd49ef245791a,1016
Test/Unit/Block/Product/ProductList/RelatedTest.php,146a74a317e58d668caefe2ddfc15e60db9d850c571c1ee3aa4166de70eef1f0,2772
Test/Unit/Block/Product/ProductList/ToolbarTest.php,92faf2380612e429a4cc953db7bbbff10f2b71ef3e2744f36369e58a7e2a2d11,12334
Test/Unit/Block/Product/ProductList/UpsellTest.php,f5be4a89d3fbb2c85d157d1d52c571e3b1048235439451293e9152af3412e436,1264
Test/Unit/Block/Product/View/GalleryTest.php,55633a7369ea78ab0526f2bccd6697d6cfa7e5e492202cab05034705ac8f093b,5564
Test/Unit/Block/Product/View/OptionsTest.php,d6ccc4d66108cc58f12962095efee412e95bd0587c7dfe526f37a458fb314920,4801
Test/Unit/Block/Product/View/TabsTest.php,25db61492716becb8af647857fa9333f7d19f2f12047015a06081dff72dbb913,1094
Test/Unit/Block/Product/ViewTest.php,565100808c0cf47067062e0bb1452336c8551b4e8137d4538f746ea355082446,2795
Test/Unit/Block/Product/Widget/NewWidgetTest.php,3bec55ae7d48222ac36f5b81b0fde805ad1e280040b17688e1c570b1936cc17f,12683
Test/Unit/Block/Rss/CategoryTest.php,107474ca35e6dee30cbf675a0468d0954573378e29c225464b8d553bec042149,11663
Test/Unit/Block/Rss/Product/NewProductsTest.php,7d806e9e766c2ba8d110ad09c9ad438c5502282e464a2d37a2337ab55292f948,7493
Test/Unit/Block/Rss/Product/SpecialTest.php,ace6e2881bbdab4e3e69aedc23a4a1f8236770df870e281201b508fb1f226777,9979
Test/Unit/Block/Widget/LinkTest.php,7e73080e67a2b010ccfaed19b23d25729619187f0f34919555181b8dc5bfd2b1,7094
Test/Unit/Console/Command/ImagesResizeCommandTest.php,654462d1ed1de3022ec9d79c29ea8af72ad009b97f06d2c77e24747385040067,6446
Test/Unit/Controller/Adminhtml/Category/DeleteTest.php,ad2f60bd123b36143de1c426286abd618ce7e74f6ab47766d0b41d3b28cc0fa6,5389
Test/Unit/Controller/Adminhtml/Category/SaveTest.php,7ebdba121de81c2b275aa322926145b792656a25144071e72d77491f3288205f,19099
Test/Unit/Controller/Adminhtml/Category/Widget/CategoriesJsonTest.php,31d38bbd6d9f7f4b5c732d6519c47f30f18c769454666d22cfc5e991e9882609,5645
Test/Unit/Controller/Adminhtml/Category/Widget/ChooserTest.php,a291336bda585011ae1f56ce20252890b0861f7c91033ca7b7ab58f80011167e,4558
Test/Unit/Controller/Adminhtml/Product/Action/Attribute/SaveTest.php,557155012abeddc2080697a17ce36885f17f215afd649df64c73e68e4e7f91cf,13194
Test/Unit/Controller/Adminhtml/Product/Attribute/EditTest.php,05b40075bd3126f6cbf0e80c40a0d31a36836bf42263f1caba10a6a0cb7b3aa4,9739
Test/Unit/Controller/Adminhtml/Product/BuilderTest.php,360511b534e9a9563b0b5ae6b93ee7ca574ecbc62efffcb9b820590ab4e90fb1,8162
Test/Unit/Controller/Adminhtml/Product/Initialization/Helper/HandlerFactoryTest.php,1ad360863d48fc2fdeaf553216c6d9480b93383bd2e60571fff6eaa4585a6d1e,1769
Test/Unit/Controller/Adminhtml/Product/Initialization/Helper/Plugin/Handler/CompositeTest.php,b4a9d116a3e129d567694c92827a2fdceeb2af0ee56a9f6c1afd46265edcd664,1319
Test/Unit/Controller/Adminhtml/Product/Initialization/HelperTest.php,87b6a33710ce58417c294e363622163c3c50e1135a2b5ad8da06a435035773cb,9722
Test/Unit/Controller/Adminhtml/Product/Initialization/StockDataFilterTest.php,317dfbda04a93afb1fe0ca6b10f57af52e22c51bf8a18d130dc614925272462a,3575
Test/Unit/Controller/Adminhtml/Product/MassStatusTest.php,0b5b952493595cae98c83b6f4fee848a9956f9432085e0102bb875e29efa2626,3502
Test/Unit/Controller/Adminhtml/Product/NewActionTest.php,5e74719b81951158b681c6dac0cf0c9fbf31d0f785213c57802cbc68320b2aec,4107
Test/Unit/Controller/Adminhtml/Product/SaveTest.php,6c550d7b2cd5861be7d5cae1d332816a205233552050ac83836a990509fdc98f,5629
Test/Unit/Controller/Adminhtml/Product/ShowUpdateResultTest.php,10856fa0c5a0b300fb118b8d983141ed8dda9e548eec26a947fca93458277eea,5299
Test/Unit/Controller/Adminhtml/Product/ValidateTest.php,c9c463aaae207f7a069855321f417a4188e9382067e3f347c8d1225f9aabd4d1,6822
Test/Unit/Controller/Adminhtml/ProductTest.php,1701513b9a57306a4639227127cde7c9bc82cd9748b37e77961f2a6e55a766bc,4993
Test/Unit/Controller/Category/ViewTest.php,8bfd117114b568618f3c4ddd35bea88c216146b2a2d638da3b142024f3843291,8071
Test/Unit/Controller/Product/Compare/IndexTest.php,b879b7e17468abc25066c199621add2a9ceed535a0885d75378372c94da427ca,7291
Test/Unit/Cron/RefreshSpecialPricesTest.php,d5db406e14f7978d90f5a01dac7e37b9d038c44f690382d19297a02852513d4a,5251
Test/Unit/Helper/ImageTest.php,754af5ff698fb61154891d71d67d06a998dfe9d00f23e98bbd3be7e49e865ca2,17477
Test/Unit/Helper/Product/CompareTest.php,6ebd9dee80182e761cf364df25676e88f52a5c40cb26eda33e3658fbfba340cc,7035
Test/Unit/Helper/Product/ConfigurationPoolTest.php,44ddb34423282ecd3e606877aa02e8fc147995dba9df6906fdd2b3697265d49b,1402
Test/Unit/Helper/Product/Edit/Action/AttributeTest.php,0e0f8e494e3889604030bdb1e2e5ee4158819a75fbf1fbdcc19fb8d6aeca059b,1851
Test/Unit/Helper/Product/Flat/IndexerTest.php,44f84b4c33e3459e04ef89ccd2a5b9ee6d02c09fe375fb643d4c01510209c605,8036
Test/Unit/Helper/ProductTest.php,12a9c3b54afca41bcb0fa09139d56298a6d83589a2c9e821d7340dfdcd0d4fba,2190
Test/Unit/Model/Attribute/Backend/CustomlayoutupdateTest.php,4bc04b22c3ac8f790349d1a8ca6bc863fa03d48fc177eb08d1d3671921b06b40,3900
Test/Unit/Model/Attribute/Config/ConverterTest.php,8b09abfff9801804ea20e8bd9e272cfb33fb4afad87d16f079ffd6f6896d583c,779
Test/Unit/Model/Attribute/Config/ReaderTest.php,1527e9e566541a3edb5247359995fdd4346c33a3eb2abb6869d0e417e54656f9,3402
Test/Unit/Model/Attribute/Config/SchemaLocatorTest.php,1a9474db0422309b4a503de6497ecc2689a2faa0314ba74b4daf1bd3f1955591,1704
Test/Unit/Model/Attribute/Config/XsdTest.php,ec8d0845a7018fba05f59f6d38da8c102f2dfb2f3c91fce1917a8d4ba72b8028,3875
Test/Unit/Model/Attribute/Config/_files/attributes_config_merged.php,0e811ac286b735d5996112d8f425888eac5d3ad7507667bfc1ea9584558ab47c,200
Test/Unit/Model/Attribute/Config/_files/attributes_config_merged.xml,fa4dd5af769102c603d390ceafcdc2daa0609389a2e77d7cc8b685db9764dccd,508
Test/Unit/Model/Attribute/Config/_files/attributes_config_one.xml,02763f67232302d81d7db03a812b873b16a7af4fb8267f18d0065a8148b397ea,382
Test/Unit/Model/Attribute/Config/_files/attributes_config_two.xml,a050154475da5a5808f88ce416442526eb2fcbf06cc2dae9b58331e02483ce98,423
Test/Unit/Model/Attribute/ConfigTest.php,1e34db4344622ffafddb0b5856d32b7421b923a56ee471b81eecb89876d3d77f,1218
Test/Unit/Model/Attribute/LockValidatorCompositeTest.php,4932abd5ac1e594d9787754cf685bdf5892cbf1e20f9e82e091820e764b53d2f,1887
Test/Unit/Model/Category/Attribute/Backend/SortbyTest.php,6ec9f2a2154a6ef261ec5a23fe1caaf6f2e85f20f045f1e6d161e1993ba7e63f,11673
Test/Unit/Model/Category/Attribute/Source/LayoutTest.php,c9d5e6b27c5041f82d7863bee8c7b658b59a7a3fcb6d10905d2ad4bcbe1cc528,1885
Test/Unit/Model/Category/Attribute/Source/PageTest.php,db29b8b0c186b1d7192c2932357bf89b520e0923dcf54ceaf88a01db440d32bb,2286
Test/Unit/Model/Category/Attribute/Source/SortbyTest.php,b1dd499ca37314129823044bfb5671f6489da126adf261a45bb4828fcdf41940,1438
Test/Unit/Model/Category/AttributeRepositoryTest.php,cf853c5d90fa2aba56af8abb6b30398f7b3edfa35d373e02d71a3c769b1c0093,5004
Test/Unit/Model/Category/TreeTest.php,12e14f70939745eeb218b5c1611f34670a41ec95e1fb944ee3f06b747e3f43b7,12568
Test/Unit/Model/CategoryLinkManagementTest.php,0a441fcf37d737c18d990d9c309f4d4e678e86b9a0b9de329a0aefd7042e2820,3211
Test/Unit/Model/CategoryLinkRepositoryTest.php,30be253afab2f65269d09c0d8b187a0760b2de4a6abf6fd8c0b6a4b794386ff0,10493
Test/Unit/Model/CategoryManagementTest.php,b2b96129cda0a2d1026820bc824c7b8a46f073fad2e95f26daef2c07d2b4371f,7320
Test/Unit/Model/CategoryRepositoryTest.php,02ad900da49697a244a2b0f670938c09ad517f52cd2890eda125909249a3c05f,10167
Test/Unit/Model/CategoryTest.php,f86c88fdcb24129a5cb7dfb22223527a8579f4121b9f0b20a648fe9330acc67a,19599
Test/Unit/Model/Config/CatalogClone/Media/ImageTest.php,8994d02f6dc19e0724c274d26058df4afd942f09a7c43dafba6ec2b8a74ffe8a,4246
Test/Unit/Model/Config/Source/CategoryTest.php,d8afd9be3dd490b52630c7f890c8a33b392de6a11c62b1bb94521ad779d7a0d4,2964
Test/Unit/Model/Config/Source/GridPerPageTest.php,a987368acd3902646471a767d13b128b25f5a062c5af6b1877cf2c8185409967,902
Test/Unit/Model/Config/Source/ListPerPageTest.php,9d6224f35e35195932fd00b7f32691f5dce87f286d68e0e91c701c43c2eb3881,954
Test/Unit/Model/Config/Source/ListSortTest.php,4866472643c3419af4d474f2f267e27a268dbf5d5edf7cd31fe2dd496b6e2f35,1416
Test/Unit/Model/Config/Source/Product/Options/TypeTest.php,e423d216053519a2abe578325cbb07bc254210a62a7101a585c431c3b5731ebb,2026
Test/Unit/Model/ConfigTest.php,370bb7529a8da8ccdec7659fd55b1ebaaf9e9ad7e0191dca8d453fcbd9b946c6,12272
Test/Unit/Model/CustomOptions/CustomOptionProcessorTest.php,d8fd9e56af68ec918776895edc45f3435d26ea62f25262244474312fa071b19c,6896
Test/Unit/Model/CustomOptions/CustomOptionTest.php,32945869b08d474aa65625d2e5a00dee336284b5dc6f426e9724c20fec28d848,4110
Test/Unit/Model/Entity/AttributeTest.php,6ef3c5f29d5e1246e959a75e1db430ed14498ecb3e55b5062afa778124fb43f4,8299
Test/Unit/Model/FactoryTest.php,b5ded253d766007c334415b696700e100998a692d8d78bc102805d337af0b170,1697
Test/Unit/Model/Indexer/Category/AffectCacheTest.php,1a14a5c5abcabd0dacc9689752d9839d5faa5c505b441fcc3714602155b52a8a,1627
Test/Unit/Model/Indexer/Category/Flat/Plugin/IndexerConfigDataTest.php,e239a4f38528d41ae7fb4fab8d0b4e02d39a62d6ce2f534fd552fe3ce92b6549,3716
Test/Unit/Model/Indexer/Category/Flat/Plugin/StoreGroupTest.php,c30e85a5cdd4a4df9358837f40fec119bb6be2b4ef9aa06b7f1742374c294409,3934
Test/Unit/Model/Indexer/Category/Flat/Plugin/StoreViewTest.php,090bc97a6f6bfa008831c99bf8efd75b5710974c9f57c6a1815ed6f32494e960,3927
Test/Unit/Model/Indexer/Category/Flat/StateTest.php,8ff15efa1afcbcfd929e26aad68278f5f65dc42f3e30d5438330d87ed86368ca,3393
Test/Unit/Model/Indexer/Category/Flat/System/Config/ModeTest.php,4da19d5f1b56710545e3ca51ecfff5bdbd37eed73f5a5723a15682f04557bc93,5347
Test/Unit/Model/Indexer/Category/FlatTest.php,57e32d46c962117d8daa8aa577df3a7949033e31ba7aa0aae9607bea3758328e,4304
Test/Unit/Model/Indexer/Category/Product/Plugin/ImportTest.php,53b523322e0e4ca7de514aabc86f54a768adde55e92693c7915e6c8b7fa7f85d,974
Test/Unit/Model/Indexer/Category/Product/Plugin/IndexerStateTest.php,2346ab4d1275077177c21e9572bf82edaeac31816a8cec940059d1e992c14827,1861
Test/Unit/Model/Indexer/Category/Product/Plugin/MviewStateTest.php,983dea053ea03de0434e4495435d18532af1b3450a29f27fe2c6a9152afe1a94,10091
Test/Unit/Model/Indexer/Category/Product/Plugin/StoreGroupTest.php,6e0157902df4bd5016200095bec4cfb505723386f6295255d3b99a4c6439f793,4453
Test/Unit/Model/Indexer/Category/Product/Plugin/StoreViewTest.php,5a348bd5e17088e9363da7198423da9ccb62e8441c4bc540fdc232429639ea10,4422
Test/Unit/Model/Indexer/Category/ProductTest.php,c9aedadd23d2ed1a025f5af580db96b91afcd874405021996742a65a453e6c0f,3800
Test/Unit/Model/Indexer/Product/AffectCacheTest.php,5256e4044705081f459557d81b7acd1fe2549931ae9b668f0f034fec2da8b8b3,1627
Test/Unit/Model/Indexer/Product/Category/Plugin/ImportTest.php,ea229deb2bac4bb6933c747dac588207cef3c13a3cef2d4b5393c9a442e6841d,974
Test/Unit/Model/Indexer/Product/CategoryTest.php,1a51a3eac53f63d621e8d96d4db3ce450212afa6841d539f10e452cd8776e1ad,3801
Test/Unit/Model/Indexer/Product/Eav/AbstractActionTest.php,6c95648dae269e5ac3a8fa0139caa57aa89080149506e8fd6dcfcadb50525fea,4894
Test/Unit/Model/Indexer/Product/Eav/Action/FullTest.php,d4a57d3d99ec7801362c74494349e7e096cd196595508dcbdadc7b9b5312082d,1268
Test/Unit/Model/Indexer/Product/Eav/Action/RowTest.php,b3318ebc269c88ea4a4399602374051d170f96cbe60eb5cb102d3a1c4066172e,855
Test/Unit/Model/Indexer/Product/Eav/Action/RowsTest.php,62697c75f8be9a11149ee073a34c592d00d67f9eb5a03d4d2597c41fc2c8544b,830
Test/Unit/Model/Indexer/Product/Eav/Plugin/AttributeSet/IndexableAttributeFilterTest.php,1e6a2a3ea6062b2098795bd901e6e212336b3f42526e0baca03845eadc54bd42,3352
Test/Unit/Model/Indexer/Product/Eav/Plugin/AttributeSetTest.php,c3a67f386cc05d5712be46477deb6079bf081e8e928db96abe24752be0638987,1659
Test/Unit/Model/Indexer/Product/Eav/Plugin/ImportTest.php,23d6d9a204d9b30dfac41a8a6b5cd9f2245412ba73166ea4303550a20e2575a0,978
Test/Unit/Model/Indexer/Product/Eav/Plugin/StoreViewTest.php,fe3e2b2d047075a751fe8ebb7a16a58cd266e7ad35753ee1165ca80480a2ab16,3736
Test/Unit/Model/Indexer/Product/EavTest.php,44b900f7a731e37cf2562128edc9889dacbe7493b5ebb4d3b2ea1537a901b35f,2317
Test/Unit/Model/Indexer/Product/Flat/Action/EraserTest.php,7a0b6e2fcb40c708e27998d55c8b1c92caafcbcf0409774434d77bd45f0312b4,3708
Test/Unit/Model/Indexer/Product/Flat/Action/RowTest.php,823c2098487c24f37d0261aab2e2e149bcea21f14c1262ab94f49b92cfd52ef5,4746
Test/Unit/Model/Indexer/Product/Flat/Action/Rows/TableDataTest.php,a7c0e107d260bbd84df1e1460afcbd273171dfa652496159cf2675efca5955fc,5310
Test/Unit/Model/Indexer/Product/Flat/Action/RowsTest.php,1ff2c6ebab40409f021d4a3ce0f246e505d6e8712a34e745610f8ab751186d12,4625
Test/Unit/Model/Indexer/Product/Flat/Plugin/IndexerConfigDataTest.php,c235103e67837ea39678fdf67f24c6de54a54ed7e7f1280ff802e027e931dad3,3708
Test/Unit/Model/Indexer/Product/Flat/Plugin/StoreGroupTest.php,8846584fd0345ba988893efd93225c72f311c93528a74b7fd66cc98c87da80d0,2924
Test/Unit/Model/Indexer/Product/Flat/Plugin/StoreTest.php,9456f6522314ed100b51a15fded494cadb01b0b9bbbedddfd8177ffb937ed719,2854
Test/Unit/Model/Indexer/Product/Flat/ProcessorTest.php,2c9b2ea81e3a11e9efd81d2ad36889f938cd3613faaee14f591703ca69fe157d,3200
Test/Unit/Model/Indexer/Product/Flat/StateTest.php,6a679a161fb0e184d428fa09526dfa2477e537ce604a39106abec13d9b0fb741,1467
Test/Unit/Model/Indexer/Product/Flat/System/Config/ModeTest.php,59c68b04cc79eb19e8a4054ee06fd88ea42e696cf9d0e3f2489894875c482d42,5390
Test/Unit/Model/Indexer/Product/Flat/TableDataTest.php,811bbb6ae059d08cb8b09beccb208d3e86568e7fce5f899026ef66caf113e983,3099
Test/Unit/Model/Indexer/Product/FlatTest.php,605f8d809a277365d6540c6a76151857b2f9c14afde4004e2237c8f47ea5a268,2560
Test/Unit/Model/Indexer/Product/Price/Action/RowTest.php,5534f5f39c89fd4fe2e4efe6953e66545a72ccabad1c5cfdbfd7a2b22145972f,862
Test/Unit/Model/Indexer/Product/Price/Action/RowsTest.php,71648af56959cb7b9fed1d645876718663192acbc2159b5dfc779fb94e4b2191,836
Test/Unit/Model/Indexer/Product/Price/Plugin/CustomerGroupTest.php,876aa2af9ae9f848e33f1308a920ab49b83a1d0589b8f15e7419e1bc43155647,2390
Test/Unit/Model/Indexer/Product/Price/Plugin/WebsiteTest.php,edbc63c00813a806e90ece5cc10840a161b2179ea8d951b847eaa9d40de6383d,1546
Test/Unit/Model/Indexer/Product/Price/System/Config/PriceScopeTest.php,29a56d73041ca31654f14ada176b281657a3ef8476146bc3cfa8c631aafd20c6,2906
Test/Unit/Model/Layer/Category/AvailabilityFlagTest.php,106c26a59b60c747f4809fef98da0e1bbc6e2f0338423d888d434840d009205a,2795
Test/Unit/Model/Layer/Category/CollectionFilterTest.php,85401e37aef771d62e663591b6bb19ec0a155f03c6cf959100013c2e2c6f7434,2502
Test/Unit/Model/Layer/Category/FilterableAttributeListTest.php,8e22772ae9003e3919ac574bff1c0a999bb568f4694e24fbb8b0b0361ff31797,2699
Test/Unit/Model/Layer/Category/StateKeyTest.php,cc6669f8bdd45dcc50fe31cd26a8066f9d90b70a6eb5ecb9e70eda95c6b3417f,1834
Test/Unit/Model/Layer/Filter/AttributeTest.php,76209ba59ba652c9904bd0687cef24f286b145b3e271398fb577d85abbc3e629,10270
Test/Unit/Model/Layer/Filter/CategoryTest.php,33180b15068e8894a40acd46eabdd0683d43554c93af12141b518d55e7301407,10727
Test/Unit/Model/Layer/Filter/DataProvider/CategoryTest.php,10646d8b8835efb2ba04544953c14986fcb017664b8da85fb97fd773ca2f2043,4337
Test/Unit/Model/Layer/Filter/DataProvider/DecimalTest.php,c6bac853b5a4ca30eb711ab0895d4158442ab9ee7317a6889f455cd30c8b97bc,2816
Test/Unit/Model/Layer/Filter/DataProvider/PriceTest.php,ef5264d2e6dd9467c929e935b7341b658d0baa614cec0c613e3036f9b291c381,8209
Test/Unit/Model/Layer/Filter/DecimalTest.php,76d6d63c0833986e0b3efd41f60ac9f5186bcdca544488edcdc8b9e556c70e9f,1336
Test/Unit/Model/Layer/Filter/FactoryTest.php,00b52e2b3391c81716a753fa9d7fc5e4c8f9a8a4d55f70582a7589237748d761,2506
Test/Unit/Model/Layer/Filter/Item/DataBuilderTest.php,3eb073d9c2a0a492c88051e3711bd5da6c56fd55e4bc50ef4ff52d700738ff85,1280
Test/Unit/Model/Layer/Filter/PriceTest.php,575a2847c6a6c6aca1aa948cc4b9dd4e27581d4c730a0439dbb5a7cba0d03081,8377
Test/Unit/Model/Layer/FilterListTest.php,a11ddc595d7bed79b04ed2ef6fcc3ad3fd6ad76938fec6a2c26485486c7b92a5,3641
Test/Unit/Model/Layer/Search/CollectionFilterTest.php,e4fc4b34980cea4cc9301aaf67cb0cfb67888301a0866015a2503462b55317ed,3413
Test/Unit/Model/Layer/Search/FilterableAttributeListTest.php,2e0756d1cee4d26e86d03470ba9ed18eb5ebe14670f89c65ac0e8cf46f48e0d9,2857
Test/Unit/Model/Layer/Search/StateKeyTest.php,8a47a2fe9e6b406bb640fd1bb4571f386597b1c09a804ac94b6efc6231f7e0cc,2462
Test/Unit/Model/Layer/StateTest.php,80c3a2cbf6e8fb2d43887a5a82158cab3ff700fe13342ae1e5c630e49999de8d,1397
Test/Unit/Model/LayerTest.php,bf7a31f8d61ae019cc4b39effd3af967b3a950752c9350afbae8b91cf8b99305,13839
Test/Unit/Model/Layout/DepersonalizePluginTest.php,8d71232df34c9ee7e40cdb2d1821801e092814165ca4b7d21a32ada56ee4229d,2558
Test/Unit/Model/Plugin/LogTest.php,8c9353592ad7d6ff5902b8f473fe177485bbdddb9000c6000e5f3a5a5a5dd1d6,1588
Test/Unit/Model/Plugin/ProductRepository/TransactionWrapperTest.php,31b77836bc7f5b3c60de49da7b0cd8c13bb03f3f83173c9e84d0a668eea810b4,4410
Test/Unit/Model/Plugin/QuoteItemProductOptionTest.php,0eb6f1bf1339ff06905d9d2d22b77d0346904a9182ae544592b18b5db10a9d08,2890
Test/Unit/Model/Product/ActionTest.php,f089647f87869b4c404a5e1bb18cd96ed71c2feb42ace2b712b409f0228df2bf,6579
Test/Unit/Model/Product/Attribute/Backend/CategoryTest.php,f30a578700c8d6a81c1c9aa2232de5527ed91a82b89822d403dfeb8e655b0cd2,1086
Test/Unit/Model/Product/Attribute/Backend/GroupPrice/AbstractTest.php,dee741489de4ddff3bee2fa9bad0e1d3ffd5e93191080dd24699268a371ee44c,3506
Test/Unit/Model/Product/Attribute/Backend/Media/EntryConverterPoolTest.php,0af497d2649d234a541d46a4da81be3388c8a49d1901848ca92aaacc60a7088c,3825
Test/Unit/Model/Product/Attribute/Backend/Media/ImageEntryConverterTest.php,0e81c8b97215bf1bcc4c7478b64de59a58f5a987bbad83e9710ebffbfa1ded26,7593
Test/Unit/Model/Product/Attribute/Backend/MediaTest.php,705401e1fc731fee4ac59b9e31c0008f116fa0ffe38697ae52c3fc283dce9281,6258
Test/Unit/Model/Product/Attribute/Backend/PriceTest.php,9754d6500fc064f1471774dfedac2d225c15002a983c8e91743e178bd5c3c6e6,3437
Test/Unit/Model/Product/Attribute/Backend/StockTest.php,740f7f257f1cb819a8b51ac96a0b9cb74e0521589f2e02dcae20b2646dcb5a99,4385
Test/Unit/Model/Product/Attribute/Backend/WeightTest.php,92c2dd68baaea5113fa8aa41f118045b6f2427f397762cf6193267bef6e4fd15,3426
Test/Unit/Model/Product/Attribute/Frontend/ImageTest.php,463ebc632ea5871cecbcf0ea8cdaf5478cb7444bdbaef9ee6b35e99097340157,3010
Test/Unit/Model/Product/Attribute/GroupTest.php,b6998ddb8d6ed1463ebf50ca79e59933a46b7129b1672400d2f04eb878b99eaf,2253
Test/Unit/Model/Product/Attribute/ManagementTest.php,8b4b07e23bb96e94f6613fefe3006c4157b92ce31d9ff354d1635633e310d1cc,2288
Test/Unit/Model/Product/Attribute/OptionManagementTest.php,9e658baddc64b3d382c63fc72adc4f753a80dce241028afabb995ffce55e6bcd,2447
Test/Unit/Model/Product/Attribute/RepositoryTest.php,60692d749ad73f1344dd3e11c8c58c8f765da18a4ee454cc3e5b54285eefd5af,9527
Test/Unit/Model/Product/Attribute/SetManagementTest.php,51bd17fd2c2f2d03f1f1ca1431cf39c21478e3197980d683b7eefcc126807402,3606
Test/Unit/Model/Product/Attribute/SetRepositoryTest.php,72ab8b847314c12d2b3b9696dbc3dd74ab7d6dd59bcffd1bd27f1f526e8d79db,8221
Test/Unit/Model/Product/Attribute/Source/CountryofmanufactureTest.php,ed0e8f036ede7aad55ad3c20e24a658989b237e9505bfd89230e8dfb0ae9a8e0,2513
Test/Unit/Model/Product/Attribute/Source/InputtypeTest.php,2d7931cdc3b691b24eae2401f28041f8b1ba119734f92a4006ea080710baac6e,1820
Test/Unit/Model/Product/Attribute/Source/LayoutTest.php,3519ef00ead62326594e7a1f77ae09c4280a04a0c7d5cb25b0c263d20f1e2ecb,2055
Test/Unit/Model/Product/Attribute/Source/StatusTest.php,c5cf6f276449e282d06d3d0492ad862e3a2b4cceb07eb098fa4571717f627c6a,5274
Test/Unit/Model/Product/Attribute/TypesListTest.php,3a591116498a4519e8f270feb4bfac45c8b5b15695a588728e906deb6f630a97,2562
Test/Unit/Model/Product/CartConfigurationTest.php,f724d96a21b8217e066b0ca45fa221c814c1ecbffc240e8a2ca8935c0d8e7236,1212
Test/Unit/Model/Product/CatalogPriceTest.php,e77e11d354efdfac3bacdb2a75b9e7875c4c9a9bc3fca0e6062bb13c303cee6f,3898
Test/Unit/Model/Product/Compare/ItemTest.php,056b201ee72d3914f0cc6bb12ceff1d283e52d82f6c0dac359b18f30bc6b9e82,894
Test/Unit/Model/Product/ConditionTest.php,ce325eee90e7004413032e08a73ea06efb4f32361e421b68c94746f6890ec0db,2820
Test/Unit/Model/Product/CopierTest.php,9efa50aef9e88362b398056d158a4ec018da4a63c5251edd354f4f2274fb2d62,4309
Test/Unit/Model/Product/CopyConstructor/CompositeTest.php,ddee42c7b520d03f23543f231b99b5094de63cd68db789a87222e13446c6891e,1320
Test/Unit/Model/Product/CopyConstructor/CrossSellTest.php,7fff1fed5acbd24380f8dd5b256456e86ace0f9e3842df4e4491496a0afdeea9,3235
Test/Unit/Model/Product/CopyConstructor/RelatedTest.php,e3337e7a29f98f0bea880e6347b6b3da124cba3a5270333709ff03bea142a247,3218
Test/Unit/Model/Product/CopyConstructor/UpSellTest.php,72b2b322978f456ee542acbe38e6e1be665662a4ba8306460abd6235cf8b870c,3208
Test/Unit/Model/Product/CopyConstructorFactoryTest.php,715094a9dbefd671e3603e96045edc4be613e8ec895793fe361d6d185812b7db,1578
Test/Unit/Model/Product/Gallery/GalleryManagementTest.php,b0b137fc36b3675d7ac3e28a53bd0632aac6b21e9503080e48f8dd51133d7f9a,12649
Test/Unit/Model/Product/Gallery/MimeTypeExtensionMapTest.php,a709e63d3b7cd0cdcab8528c97f96637fdcac78d7217c439e8f950a5df2f4988,1071
Test/Unit/Model/Product/Image/CacheTest.php,c3671bcecc8b3f5bbb77ad5aa80720a9091ffa400ce4ffd8fbbf85b255d080ec,7387
Test/Unit/Model/Product/ImageTest.php,b2dc61e04549d26d9f2a47a97ea87ff845cd02a7da68b5b6ee2ddc7d62387a10,13725
Test/Unit/Model/Product/Initialization/Helper/ProductLinksTest.php,0846416066e51a270327a6c2e4c8befb769010180bb5520beab4758b450b0b58,2283
Test/Unit/Model/Product/LinkTest.php,2a1ead2cd4dee99d77ff834b4035db5d3ba19973eb849ff15816acbe75dd851f,6775
Test/Unit/Model/Product/LinkTypeProviderTest.php,fc917d25eed1b91596d2db54b528dd92dd646fe3f145df16505feafd497a0ea1,4591
Test/Unit/Model/Product/Media/AttributeManagementTest.php,f4c56a263559e8696d7dab5521512efe07bcd5e0d7f35ef1e51381b2435c3269,2721
Test/Unit/Model/Product/Option/RepositoryTest.php,f15faea3dc10a6cce42635f9ba0a421282ab8dce107f87f3ade8ed429159fdd1,7701
Test/Unit/Model/Product/Option/Type/FactoryTest.php,2c0aa8ce7cec9d844af1f6a3cf5f13d7b7b4c53f7d105b5bcccfd119fca374a3,2539
Test/Unit/Model/Product/Option/Type/FileTest.php,3736ea28b505b0bb9d40e80947a46edace3c7185d2b6250ced401226ce475b18,3161
Test/Unit/Model/Product/Option/UrlBuilderTest.php,e30ddef22654ce5960fc1cf4eac5505542a7c8bfca772f8dff18e9d63d3f0a0b,1309
Test/Unit/Model/Product/Option/Validator/DefaultValidatorTest.php,c3fa8f78734c87fe23d5c7297f63eb7c051b02603e262e073399641d3189dd49,6539
Test/Unit/Model/Product/Option/Validator/FileTest.php,118ce09e41a9d1dc930cffaa6e8af90e5fdf9d55f1b7caf67598c60c645db01b,4467
Test/Unit/Model/Product/Option/Validator/PoolTest.php,f860fa92e2a42aa56764f77b3014670874fd53b0e0107ee8e5a1ab0dfa235277,1408
Test/Unit/Model/Product/Option/Validator/SelectTest.php,02baf2b2abbd2056eabce849f161b7fdbb12c876894025a8f1b7b316ea3f69ff,6080
Test/Unit/Model/Product/Option/Validator/TextTest.php,a1b2961a1a8f802798e5f1a7df80508646fa125f0c4c4fd5c66cb92cb7fcc6ea,3337
Test/Unit/Model/Product/Option/ValueTest.php,4b73bcd30cc72c60375021eae3d2570b3ef15fd361248b0cf516aa8fd392a4a2,8775
Test/Unit/Model/Product/OptionTest.php,52e7d756b2f1d03137b3c11e75d0cf0b7c764d075a2a72d067af135ed9829bae,1059
Test/Unit/Model/Product/PriceModifier/CompositeTest.php,cd547f62bf9aa0939b629961fac8c4e9b4004eb5baffe02c3241bacb33360def,2205
Test/Unit/Model/Product/PriceModifierTest.php,832c0195d3832ea06f242108fc77861c08fc3a51e8f909023fa4d87487c18bcb,4070
Test/Unit/Model/Product/ProductList/ToolbarTest.php,ca3719fb68c5248e77690c7702b735798fcd3bd28574e20b9138bcc17e02afb0,3448
Test/Unit/Model/Product/ReservedAttributeListTest.php,8bef9663ee54c66cf1acebfc42268b14fa90e494fccc9eb5f29e2eeef1788af0,1615
Test/Unit/Model/Product/TierPriceManagementTest.php,bdbaafae7f7bc1023df9f395ab59bfe844612933f46f617587bca2f9e8686aed,14867
Test/Unit/Model/Product/Type/AbstractTypeTest.php,341bc116049c98b13f4e3e0b8b1e087f144214cc13c1dba10344745e9a7882aa,5036
Test/Unit/Model/Product/Type/PriceTest.php,b30bacda57a16b30fd1a3af237c86b8f9fd2370441a48b32418ba52d7c2ffac7,7922
Test/Unit/Model/Product/Type/SimpleTest.php,8a0ce7cae460d7d5dda013deb54dded687c7f9981bd277e75447ebc6e0e75395,1662
Test/Unit/Model/Product/Type/VirtualTest.php,5fa0dfdf33e0a2ea3c0bb161e257af66201ee99f2e06fdc09c8447a193e62e4b,1675
Test/Unit/Model/Product/TypeTest.php,e4679cecb651b109466b4df5016ca0fbfa1c4a76fcb9a3294762fe22a4871265,11022
Test/Unit/Model/Product/TypeTransitionManagerTest.php,a776c8dc5f0a7f5335c30a3fdc3e2833afd93e88da9de190e00edcc09e1792cc,3577
Test/Unit/Model/Product/UrlTest.php,de02baa6f6669a6f4fd3605cf745d1383bddb9798b9223bd43c47d82d1210bda,7516
Test/Unit/Model/Product/ValidatorTest.php,b62ac2a249f893c3d6fd37baf2132a56031f80780a115f953bf7d731d017c0a9,776
Test/Unit/Model/Product/VisibilityTest.php,f8f33433e3c9228b74e8f8f0805fecb6890bf6ba5d9bbf55b0acd865f7472291,1898
Test/Unit/Model/ProductAttributeGroupRepositoryTest.php,52c5daa0179d28c7e7f2366f1ba2b428bc98df968f1402793495911ad4b45c14,5716
Test/Unit/Model/ProductLink/ManagementTest.php,728177429ad3e3a65e2069aa15dbac91481216d02794024f06fdf8a5507ed122,9874
Test/Unit/Model/ProductLink/RepositoryTest.php,d3438aca935ce895c96927a112203f5dd01de49f2495115326832d214ffed460,9301
Test/Unit/Model/ProductManagementTest.php,5cd1f77a003bddd820184a7919264005bef032d0a582a6517e7e80dbf0a60323,2402
Test/Unit/Model/ProductOptionProcessorTest.php,a98b73dde9b1476b4d4707eccfed3c79c1f53ab582b333f9aa7f378ab0aeddc8,6068
Test/Unit/Model/ProductOptions/Config/XsdTest.php,f9db1e44b26dedd22b05875d4b8fc92bd3cfc7564b5991f05aac9a4f16426455,3452
Test/Unit/Model/ProductOptions/Config/_files/invalidProductOptionsMergedXmlArray.php,1993fc7ea70461614f22787383a577b3ebd1893199fb07155dda3576509514db,1859
Test/Unit/Model/ProductOptions/Config/_files/invalidProductOptionsXmlArray.php,d756a3b951c0da2194598636de6c23c4689b7190e0b1ae819839dbd953c4d41d,2413
Test/Unit/Model/ProductOptions/Config/_files/product_options_merged_valid.xml,f99702db5079cc0b64cfaf231d9727ccf61bd567a8257d4b51aeb6db1f96af41,611
Test/Unit/Model/ProductOptions/Config/_files/product_options_valid.xml,a6bb4a1553bc78f20393efa52b3e47eeee3c037ca843f7c3002c9e588bd26841,541
Test/Unit/Model/ProductRepositoryTest.php,f1c76ae0d7598e834a629ca06db37fb15356f7807828568ad71f00802d9b8eaa,51594
Test/Unit/Model/ProductTest.php,589857b0d4c29d9bd18b9f8842521b3033ddb77eeafbb404cb6d72404f7df74b,51999
Test/Unit/Model/ProductTypeListTest.php,42492b0bbee00c32fb387a6eac87587d575f023602e4b6575032a347b9f85ac0,2036
Test/Unit/Model/ProductTypes/Config/ConverterTest.php,3387b2d54ba586bb0652a7461076845e9b1363d05b40b0b412092102a01c30d2,903
Test/Unit/Model/ProductTypes/Config/SchemaLocatorTest.php,e72be44be3097364652fac4b2f2dc7ea9753234c1e069ab47cc111ebd8d23352,1261
Test/Unit/Model/ProductTypes/Config/XsdMergedTest.php,c2ab7f995721df0c0b7908741dcb38c32cefc3e6782abcf4293463cd32fe6b38,1920
Test/Unit/Model/ProductTypes/Config/XsdTest.php,547e619d72938c1a1e33db8facbe6a22415b493e52a42f1eff761d44fef97099,1865
Test/Unit/Model/ProductTypes/Config/_files/invalidProductTypesMergedXmlArray.php,a899191690aca6e2e3aa031e47ed18f2bacc79d4364625a979e76f3aee3c44b7,2053
Test/Unit/Model/ProductTypes/Config/_files/invalidProductTypesXmlArray.php,cf17647193c5cfe65b3ed3c2592c3aa8ec1239a2ca9a0376fc93c4d88e28a7f8,5433
Test/Unit/Model/ProductTypes/Config/_files/product_types.php,e9011088bcbfb77d1c490c95a0c3cd52c13b841a4f11d52814e990e475ffc669,1637
Test/Unit/Model/ProductTypes/Config/_files/product_types.xml,e52ca87e1faf642b5de667606fcdbefad1bf140c3bf61843f7bd23e98a01aa1f,1398
Test/Unit/Model/ProductTypes/Config/_files/valid_product_types.xml,d17d4d434d97b734036d7313f93e2f2c148a9bd87b6a22ef2819a7ce4059a0a9,727
Test/Unit/Model/ProductTypes/Config/_files/valid_product_types_merged.xml,50d3443f81720cccc5ca7e13616dbcef6122f0ead59ee7b8316cb0e029993a3d,1111
Test/Unit/Model/ProductTypes/ConfigTest.php,3f553889cf686e65c9c51f475b9f9161b32e91b76f518ecc98f68f84423215ec,2369
Test/Unit/Model/ResourceModel/AbstractTest.php,1f53ff442d16985d5e019ec424f2657602677c07d41196a19e31d5c5d8c9a82b,2863
Test/Unit/Model/ResourceModel/Category/Collection/FactoryTest.php,9ea160b95544192136b71da91c35163edcbf79c2afdf4b96fbbc0563465a8c10,1418
Test/Unit/Model/ResourceModel/Category/TreeTest.php,13c5b77b8335e4488d412510bc55452427c34cecade36d405eb87f6ba8f8b20a,7860
Test/Unit/Model/ResourceModel/Eav/AttributeTest.php,b752823ca44599c5351b08a25af439540d0cf80ba7a479c4eb9f2a9c2a652dc6,7616
Test/Unit/Model/ResourceModel/Product/Attribute/Backend/MediaTest.php,eefbdda045bb4b630b94cabc327dce04e1c2ba92c7049f429dfed2f86c3130fe,16395
Test/Unit/Model/ResourceModel/Product/CollectionTest.php,36f71d35f66c7124b319d0ed033895758df54aa29b84b8a362ec2338a73a02a0,7447
Test/Unit/Model/ResourceModel/Product/FlatTest.php,d808738eb235647c68fe043e7ec600f9376d02495f3d44cce0d8d20c96d57976,1999
Test/Unit/Model/ResourceModel/Product/Link/Product/CollectionTest.php,fa4ec6532899fc1472f0e63f889faa95ab3178dd670facaa1b2920387e9a16c2,7599
Test/Unit/Model/ResourceModel/Product/LinkTest.php,20cbbe288a9c12c4ffacc2e4ca23eb7debd220dd9e03073c150ff6bf336e0535,4566
Test/Unit/Model/ResourceModel/Product/Option/CollectionTest.php,ff59daee4bb2aba9b65578034979ece4f20f42b18d7db948fae9d1ffb7305e03,4118
Test/Unit/Model/ResourceModel/ProductTest.php,b1402722f54b975074cc377d24af3323e32bd6d7cc2c68a76c27247acefda39d,3017
Test/Unit/Model/Rss/CategoryTest.php,a8b5ca37375ea55730a97f6a3f0adfa8c6a9fbfa882e5474a7fa38921c3e3302,7299
Test/Unit/Model/Rss/Product/NewProductsTest.php,912afa41042e2aefa2e7dfb8dfe8c72120704d167fc5a10c4ed598b39baaaf58,4231
Test/Unit/Model/Rss/Product/NotifyStockTest.php,cb054c48720083e98332fa224966fbb50b7813741f62c819fa72d639a7506849,3947
Test/Unit/Model/Rss/Product/SpecialTest.php,5673c7b5948e1efb4199497f7c14c81082cb4b2b1f3ca594536dbd1b85373dcf,3224
Test/Unit/Model/System/Config/Source/InputtypeTest.php,4c8907a7572267e7b47ffc018a152c03753ca2b6909bf7e76e22129094bf3ab7,1119
Test/Unit/Model/Template/Filter/FactoryTest.php,7c0f782a44ee66a9e1dde2b6c8f8a0d6eb619932326142ee8c156c9d95fd8053,2728
Test/Unit/Observer/AddCatalogToTopmenuItemsObserverTest.php,5fd8261dd0f95f8ae4fa9561d9cc2b13d7a9414ac94951d94d3d9c8ea8f3eb81,5456
Test/Unit/Observer/MenuCategoryDataTest.php,38238cfa4d037768131bff6c24b7cd9a7ce2faa1724997da6670d0bc976f48bc,2525
Test/Unit/Plugin/Model/Indexer/Category/Product/ExecuteTest.php,89f740a5762bd2006f4a0c509c0abebadbd44813aaf82b2e2527196c3947cf14,2726
Test/Unit/Plugin/Model/Product/Action/UpdateAttributesFlushCacheTest.php,84294251e46b8d5c6f5ceb93d89617999e51530363bd48f100119dacd1dbe7f1,1622
Test/Unit/Plugin/Model/ResourceModel/Attribute/SaveTest.php,0684f9d3c1f3f960154d1b2c9aa7c3ec4e1b2e3129b37d1b6b7b5408fbb2f53f,2787
Test/Unit/Plugin/Model/ResourceModel/ConfigTest.php,7cc50ad54e68b46470b096d024bb81717af25e8c407cae8b919edbe000767006,6720
Test/Unit/Pricing/Price/BasePriceTest.php,343ee86d5ca7f5ad6b16dffd3e53510b5339cc8ca903d796e0ef489e062534af,3724
Test/Unit/Pricing/Price/ConfiguredPriceTest.php,bd63abf639c786ec209d13ddaaef782b57f0240f3d16248d7fd1bd3a3f7bddb4,5316
Test/Unit/Pricing/Price/CustomOptionPriceTest.php,5a83dc5e44aac356a15227740da89486c8f06975d94aaf7256428b01eb6647a4,14473
Test/Unit/Pricing/Price/FinalPriceTest.php,6a4980c87a6e6161ad084ca96f04b3262bf6e2008bbcf7e8065403d7b30afae3,5610
Test/Unit/Pricing/Price/RegularPriceTest.php,6213ea2460f4efb0632cd3f8b5dcb6d30451f80197044b26936da3aa9a9ab6a0,3931
Test/Unit/Pricing/Price/SpecialPriceTest.php,2fc4772d126cf1e2ae4d011f88b7509d9171dc984f576809f84dba66bcfd64ea,4077
Test/Unit/Pricing/Price/TierPriceTest.php,38051fd61d5d322bc840a0f509669ae24e1090d76c27c7f1a765bc6a96bacfff,14603
Test/Unit/Pricing/Render/FinalPriceBoxTest.php,80f717da749aeb3cdc81ea337456f7edafbc5cd50eb96219956b3ef274dbb847,12134
Test/Unit/Pricing/Render/PriceBoxTest.php,4774ceae97b54d263eaf93a6488a9b86120429647e31d867cdf1c49d0e106c1b,2855
Test/Unit/Pricing/RenderTest.php,dbc400b3da2f9c1d2b5db3672353bfec0e27dcfe41c4e058378f3ba15813e778,4777
Test/Unit/Setup/CategorySetupTest.php,58cc1c96c63632581ae37eaafb8964e10e2515fb074bb8764b80a39f7c328475,3215
Test/Unit/Webapi/Product/Option/Type/File/ValidatorTest.php,bce6414a4fa58194772edf6cb998977de53a6e08028c5a9d978b3feac102db49,7338
Test/Unit/_files/catalog/product/somefile.png,6b8656b0418d9a2b1f2dfb9c377060c6eb31acbf274c63fb2baf282582aa5c50,3395
Test/Unit/_files/catalog/product/watermark/somefile.png,6b8656b0418d9a2b1f2dfb9c377060c6eb31acbf274c63fb2baf282582aa5c50,3395
Ui/Component/ColumnFactory.php,151ff25ff058cce40c332f74652582b0f2e77c3791b9680e485a8f6da7e37520,3280
Ui/Component/FilterFactory.php,95251ed9a6f1b5a2d9981181852d660699e3c31a7ea964f873c3b1a3dd9bc3c8,2225
Ui/Component/Listing/Attribute/AbstractRepository.php,068fd03e69b8ccbe1997f303326a39deb4c8e39538d3b2af1bfe4e3a3b62b866,1456
Ui/Component/Listing/Attribute/Repository.php,bcb3738ac9774303f8e92a9ade3cdde539d73c60ff60a767895ccff24daebee2,411
Ui/Component/Listing/Attribute/RepositoryInterface.php,de9e5634e24a6bd029a089804ea3cf83a10297baec1d8d377057857bb68f9b7f,343
Ui/Component/Listing/Columns.php,ba6ac0c96ad50d8cc166663d72729a2307b0cdca67f08e119d60e9fc2bb627dd,2629
Ui/Component/Listing/Columns/Price.php,db756762061470fbf4c435678eba71cf9c66b928762b7f6736bd1fb02464d766,2150
Ui/Component/Listing/Columns/ProductActions.php,9bffecd199290ece504a0bd71074cfa9b39b0ca07b634e5a1dc2573048246c73,1826
Ui/Component/Listing/Columns/Thumbnail.php,4abed7dd309cd3922cfcf311d8282fe38baef52c214ff9284bbffb1b4f738920,2566
Ui/Component/Listing/Columns/Websites.php,ddea939ea948b52ab0b363d2a9e42eb84606e3b77eaa035ff9def05fe04388f8,2093
Ui/DataProvider/Product/AddStoreFieldToCollection.php,fd863ed7be4a0b2244d502b93f97b360bb12d13687c2753d1625be739f22ac38,1089
Ui/DataProvider/Product/AddWebsitesFieldToCollection.php,12d547824b72aea33eae0afc8a5a088ff72e00b1a3887cc3884496f0fe4a1138,556
Ui/DataProvider/Product/ProductDataProvider.php,99416271c7256aefa1c19b7cdf7bb35409cd46cde10378841961ab04c790c43c,3072
composer.json,60c02e1cb2668e88a5a42ad20d768d302ba1b42a8b348f675dbff9146988a37a,1699
etc/acl.xml,142ceb0112e068bf1dd1a517a3405c87dc09b99077d3d85f1b88d297bd8b0394,1685
etc/adminhtml/di.xml,98033a431a2ca6aae4768cbcf6a315e72a1b7e6667fc9c584f787bd182f70766,4829
etc/adminhtml/events.xml,8ea0b0f45b94792792fba5bdd67cd20c9abc626400841e76e6e770bb6eb8e64d,474
etc/adminhtml/menu.xml,95b2da87849138dcebc7264dd91157cd3678d40bc8a888628e8da8f919cf58aa,1597
etc/adminhtml/routes.xml,a81459aced38fac143b4799d04b283cb453331d001e456d5d542e4f5e0a50df7,451
etc/adminhtml/system.xml,ec26e4423775e6ff588927d38b94cac5c38e6ddf39a47150ba6b879a0114b23f,14911
etc/catalog_attributes.xml,153e12517ba2be94e57cb0359ffa5cc61b27484d2a2e66effd54c8e3a9dfe52c,2210
etc/catalog_attributes.xsd,542e6cd243de2f8e021ac47eecfce96e0e009709b53524b95cb86ed1d70c9d06,890
etc/config.xml,d60b1867b95350297e106b1badb6ec2092883d6d52934e2c5f104291b04f296e,2595
etc/crontab.xml,a42b146cc0e75b600f7c469e7a4175b0821d5e678cc31c7c9979bbb7aaf58a7e,700
etc/di.xml,9b6972e3aaa97835cf37a6b3b0e9d4e4ceac22ce4c38463998ea8761198331e0,34710
etc/eav_attributes.xml,ce85c95b073f6d93a3bff7df74afe71b3093c4423893617bebbedbf79d026cf7,1578
etc/extension_attributes.xml,b5f4d5315fef9f40184f2271c545495731e25a75e445139806ee9f4d5226a7b9,1137
etc/frontend/di.xml,013b46baf0481e8587f56fbc58aa5bde3bf0ae8acfb34d4ad4454bb86b9fad57,2612
etc/frontend/events.xml,72f8fd0d3ba3ac6f53c8f0bc6d9c718b5918e0e08cf0aef5b7b62bc76dea87d1,810
etc/frontend/page_types.xml,27e6761c544de4c7629340292c950b3425c7662eb53626bc5471f3ff902cb331,602
etc/frontend/routes.xml,cd60a2a1dff889060b8dcf50d495a56faf851acefc614685c34e7a4f47c8604a,428
etc/frontend/sections.xml,43239143dc4608ce5a6e35e6fcfb576afcc4422f4e393eaf15b981bef885c20d,616
etc/indexer.xml,b54f566e8b338bf5e6ce704d01b90026300b2904a8c10d959a370fbad66f48c1,2030
etc/module.xml,a86d8c8d5d6f682db8e6fbd72c731cf0c3808930224df11cbdca70581d3ad7b1,563
etc/mview.xml,b87a82cfc4d5518aba4842dfd70416e39b2e95be55bf321ba02bf68200f3eb6c,3763
etc/product_options.xml,460d21e98f9e72024267163520ebc71849f7c3b94f6b627350f5908abe549447,1368
etc/product_options.xsd,5664d10e1e4579f789b5a0ed5ca892c78799c3d44c42fadd6367f94b6bd6c2a2,2634
etc/product_options_merged.xsd,0acd1755c35adaaa7e667ee930b40ed1801a5d85b3e77e15124088ebcdf95406,1320
etc/product_types.xml,e3bbb217ff01923d0e8d2d19e59657d9a5c5728d18a27639da0c206ddb57c11c,992
etc/product_types.xsd,7ee74052541a6a0b9409a14890307373553a02fd170873f2b2a3d60962d2d877,3638
etc/product_types_base.xsd,fd6bda2ece739b72fd2e6ee4783ad300dc4fdd3a7e80978802f0bdea1b9396eb,3568
etc/product_types_merged.xsd,ad4d57fb4f9fb523295f7cea8bdf03bdf9ca885b4c5ad304bcaf132988bc2cb6,4215
etc/view.xml,cdd531cc3f1008a9fda193f8dca8e42fbbf77730c4589392abe574d879712ebe,378
etc/webapi.xml,9b2d2fb4d6c4b97947a7fa492840c938c12594ab1710602452ed05eba65ea80c,18328
etc/webapi_rest/di.xml,5865984fc1dae467b7e73835864b881af971e444589c18d086524e23b6ec02e1,892
etc/webapi_soap/di.xml,c01e0bfc6db1463864fdba1542f0a28ff286ae83ec898edf29040864412d1e21,734
etc/widget.xml,34726035a7d5919aabbf7149bd417bef44ae00e269adccb1111a5eb83babb37f,8951
i18n/en_US.csv,5252ac1f5d97ea9e92143c8d49a957775da87675133442bbe799ef1a10229b4c,38850
registration.php,46c89e2e17a488878821fc3203c6eb09dfc875351804e0993d2c11ca03402ffd,264
view/adminhtml/layout/CATALOG_PRODUCT_COMPOSITE_CONFIGURE.xml,05a1ad02fa58a6065ebea79ccf19f1bc88bc1a1f444ffed2b3eaf31ea6fbc012,2404
view/adminhtml/layout/CATALOG_PRODUCT_COMPOSITE_CONFIGURE_ERROR.xml,637bdfcac6af4e004b4eb99926c0da3697c62ddc77b56ccb2722ca18d7adba5e,872
view/adminhtml/layout/CATALOG_PRODUCT_COMPOSITE_UPDATE_RESULT.xml,dd310bd17fd3374c3e4d7854781a6e336baefb435e5d523579eec3058356e3c8,888
view/adminhtml/layout/catalog_category_edit.xml,9798213f69deb3ccf6fea5799e22b31743f59353db830fc2b1fa7404f2582c24,2085
view/adminhtml/layout/catalog_product_action_attribute_edit.xml,5b48c523c2295699d43ca1d05eb7543f9d2ac810c511343976989c49417bfc55,2213
view/adminhtml/layout/catalog_product_alertspricegrid.xml,5476abda6fd9558e153663856b0a9fb8d0b55ab3e7f45e3cba01057750ab9196,467
view/adminhtml/layout/catalog_product_alertsstockgrid.xml,bbd9c3b9c1f40e6a18fd03285b0ba575980557f2d8a4b4d40ba0efb5fb972afb,467
view/adminhtml/layout/catalog_product_attribute_edit.xml,fd62368d95b96a6a74db6458301a4a3e4bd94482cdcd0f7ac758be56f9a26af6,1589
view/adminhtml/layout/catalog_product_attribute_edit_popup.xml,94373cea498731c78fe0926de0c0e59d722cb19a2fa7a1453ba7994901989527,1601
view/adminhtml/layout/catalog_product_crosssell.xml,c0ed92aeacec19b97b45511afbb3c6da29031233e8084320d66f5fe2ff8b23f2,1132
view/adminhtml/layout/catalog_product_crosssellgrid.xml,4ab07f0c18f256703a3c6cf166a834c670a6fe8fd34dace64ba3be57591ff43c,476
view/adminhtml/layout/catalog_product_customoptions.xml,eb818e44ad66fd2c6f727f4746ababa4a9941612c16a73ed5498a3e9548391af,473
view/adminhtml/layout/catalog_product_edit.xml,7bdd5ceb7ddab7c68f0e952aee64ae67953559a766999d5165541923dd833ad1,939
view/adminhtml/layout/catalog_product_grid.xml,e44c1d3a6bcdba6fe1b2b2d61b8362ad866c3a9b58a34630631ad21b177d575a,477
view/adminhtml/layout/catalog_product_index.xml,9f248e9eb23448f4e99e1321d43d74b1c8a0102471bc49fc2e2264c915849d23,998
view/adminhtml/layout/catalog_product_new.xml,1435ed9ee4dd6bab2bcb2c07eceb6c101ef5a3cf216828816a774eb0ddf4e7f8,3778
view/adminhtml/layout/catalog_product_options.xml,00f74bad89716043c69572fbd5da0ba0e54b5cedaa029b7d97574c7acefc6bbc,461
view/adminhtml/layout/catalog_product_optionsimportgrid.xml,72fd0bfe7edce95918ad608351d2ec77e48cd8358e467a37cad92658a8eebbea,488
view/adminhtml/layout/catalog_product_related.xml,a6a120b4ebeec617a46ce52a4259830d8a7d6bfce0c63725c965703c61b89fc6,1118
view/adminhtml/layout/catalog_product_relatedgrid.xml,15364860035037650218b748935b3a5d6c4eb0e61ba049f45bb89d0053647731,472
view/adminhtml/layout/catalog_product_set_block.xml,1e3c98eee4df3b6ab7ad0c0bbb19b8ce829d4c98f566072020fbfd494accf249,2366
view/adminhtml/layout/catalog_product_set_edit.xml,854dc802eb2c6adc77c17bc95a18be25efba16b4310d15286acf6a652ffdc64f,777
view/adminhtml/layout/catalog_product_set_index.xml,02bc4941b34d93323d10b3df2bb2f1cb80d4983361c290276381802e742dfebd,612
view/adminhtml/layout/catalog_product_upsell.xml,0c64beb5a10dffb25c594960afbab48e9704e32fcb1097f20ff751fb7d50dcdc,1111
view/adminhtml/layout/catalog_product_upsellgrid.xml,e064d02366d93d416abcfc4c06f3e194182b5811d9cf9ac21c6d8dd85555ca5a,470
view/adminhtml/requirejs-config.js,57304357b846cbbe9efb8c627c190e350aa7dfce1a0f3442e34f80172a3de352,661
view/adminhtml/templates/catalog/category/checkboxes/tree.phtml,62224007ddde09e602261b36c8a32ca6095489b8cb31d775257ecc0266ebbf2a,5885
view/adminhtml/templates/catalog/category/edit.phtml,b15f83d228feee304b4d1812b8ecf6cb480a941378fa846d2b6f2d6828d196a9,6082
view/adminhtml/templates/catalog/category/edit/form.phtml,23c4b1852af44e630a278d4ddd1c0f230aa614c486128fa6bda93eba9e1ec07e,9919
view/adminhtml/templates/catalog/category/tree.phtml,d05dbdd35dad794c9c53833d05224fea57ca82a08aa3a50deb56b2e58aa83e63,20608
view/adminhtml/templates/catalog/category/widget/tree.phtml,c7a0d57c5a86f579f5dadbb1fd854d0d5a3e3d2050a15f02c0b62dd8773c70a8,6401
view/adminhtml/templates/catalog/form/renderer/fieldset/element.phtml,e824d0f9aa126c6ab461997bc12cb65f53ca275c45fecd2156334fff0a184fca,3697
view/adminhtml/templates/catalog/product.phtml,cf42b2112f8f366e0a2a7bb0e5c03153c30c2f7eb7fa3a424395298183120a79,243
view/adminhtml/templates/catalog/product/attribute/form.phtml,ad38e68c55a73c8741b49f8e49d23c0ac5581e57eb07ad3f0fc74c94280802c5,1081
view/adminhtml/templates/catalog/product/attribute/js.phtml,8d4daa44e1185ab8c169fb030381089305f1b2903546572696ba22757be2a8c6,10863
view/adminhtml/templates/catalog/product/attribute/labels.phtml,a80d8025e36a9edb250aa075aeeb9cfc100ce17c539cf488e48f17daae51335a,1920
view/adminhtml/templates/catalog/product/attribute/options.phtml,261c4e8b4befeb0e0fa38659df9607efb3977aedd2a4e6130041e71c41664773,5152
view/adminhtml/templates/catalog/product/attribute/set/main.phtml,ac6806de4da1869a8337a91f0d6a1d9d610100349116062ae107c4aa46300bcd,21418
view/adminhtml/templates/catalog/product/attribute/set/main/tree/attribute.phtml,8cb74537d654d073c269ca4449b959eb11467fc15affc6bc5762d34718f01a88,106
view/adminhtml/templates/catalog/product/attribute/set/main/tree/group.phtml,2eea31d4151f8278cd8000e294e7f71ede86374aed3d99ae909f8074ade2cc4b,185
view/adminhtml/templates/catalog/product/attribute/set/toolbar/add.phtml,7ec0cbb67f34cce18728d9ea068ef471570bd9298614c76068f0cf52f93d8857,327
view/adminhtml/templates/catalog/product/attribute/set/toolbar/main.phtml,733e3bbd1e8ddd6d45fea019981b17b1ac3eeb8d354788db9b2552969aab7c99,183
view/adminhtml/templates/catalog/product/composite/configure.phtml,b299857c645fdc77985ff9a41d70c15ae3b6235c016147a9490b852c1fd6c6dd,1784
view/adminhtml/templates/catalog/product/composite/fieldset/options.phtml,57055af0b1391324e5f3de70f723a65bc7fc10201827ebc6ac49b8ae4884845d,832
view/adminhtml/templates/catalog/product/composite/fieldset/options/js.phtml,88e1146a7dc1d4758b7886b01d094d9f2890a48433d6904ddf16d22c6e78c932,2414
view/adminhtml/templates/catalog/product/composite/fieldset/options/type/date.phtml,ed2bc36ba8786a22b05ec5300eee3498afa7e37d23c6d7dfa558a141e363efa7,3491
view/adminhtml/templates/catalog/product/composite/fieldset/options/type/default.phtml,328098e58882ba8298143f4132d426983cb6b70096bb7fb18d64be38bc556808,438
view/adminhtml/templates/catalog/product/composite/fieldset/options/type/file.phtml,b1aff4fa31022bb2c8072a7ee3fd581351cf182f343dcc7b53877062a67e1919,5441
view/adminhtml/templates/catalog/product/composite/fieldset/options/type/select.phtml,c63e7b30adebab0ed7b20dce194c1f4fc7f497e7b1f8e5214fc7a4eeee5ffb5b,1010
view/adminhtml/templates/catalog/product/composite/fieldset/options/type/text.phtml,c016929898afa9589f4a87412fe66850ab34c935c3eb62f0199bdf4599bedebc,2352
view/adminhtml/templates/catalog/product/composite/fieldset/qty.phtml,4d5aae72c20237b820be5654445b09fbd425f92c8541ecd0c2968103eef4f20e,875
view/adminhtml/templates/catalog/product/edit.phtml,63c825ffa91f462bbe104ffd30c6f8967911c752bfb09ad43d741e6e19636626,19332
view/adminhtml/templates/catalog/product/edit/action/attribute.phtml,421352fba6382f4d441102b47b30b5cb48785dd1dde37b651843c0f127564fc3,613
view/adminhtml/templates/catalog/product/edit/action/inventory.phtml,be8f410581e3fe1edc70f3355cebc1834746971322d8759ab4a3936b2d21ca72,21908
view/adminhtml/templates/catalog/product/edit/action/websites.phtml,efdfb2b4ecbb7c25de657093bf147b09c413fd67761d1ee5e0f76f2e0d1e5205,5366
view/adminhtml/templates/catalog/product/edit/attribute_set.phtml,378599d3f0179a10865d1d3e51ac18a0bbe9c728335557c43cfe4c7420279317,1687
view/adminhtml/templates/catalog/product/edit/category/new/form.phtml,1d7d3f0afeec5dde65b037a9ad47185dff5f599a6864b7a5874ab6ef93bb8035,376
view/adminhtml/templates/catalog/product/edit/options.phtml,13b070e22d2c1658b274313249ffc4afcbe964fc56a41e6b5122a2914077f914,1779
view/adminhtml/templates/catalog/product/edit/options/option.phtml,6e0296e8c4e9461bdf66caae96ddb8cc3853befea2e04dfa5a4279d59420e20b,6724
view/adminhtml/templates/catalog/product/edit/options/type/date.phtml,f85a20775d8232f82a2c01b7ceee600c0b00ed3804e88d4a1cc94cc2ebe2206c,2300
view/adminhtml/templates/catalog/product/edit/options/type/file.phtml,97390fd4a3f5c49c08b9969ce36327d6eb27ef1380f8dce1f079ee1d90456739,3050
view/adminhtml/templates/catalog/product/edit/options/type/select.phtml,7bc59d7b4f3103821ac0e77c009dbae12ba65a1589dda44eb85db0f12e59aa75,4941
view/adminhtml/templates/catalog/product/edit/options/type/text.phtml,9c02e2d62f7b14071536e915632d9d430e6e240411d85fa94ae3f10bbcb8b7fa,2623
view/adminhtml/templates/catalog/product/edit/price/tier.phtml,28adb9c8728b56f0d3b6eebac2fd94ddeba43cca776df817a6b3f486c17014b4,8849
view/adminhtml/templates/catalog/product/edit/serializer.phtml,e1ffbb9baf74a6724413bb40b963cf0374d17f1d3817e600483709ffabf31cd9,339
view/adminhtml/templates/catalog/product/edit/websites.phtml,ef679fb5de4e71ad08bad6fc4305761daee6c075bc0439602ecded23fda3679a,3779
view/adminhtml/templates/catalog/product/helper/gallery.phtml,9347c0b13d39fa9a63ff9baf530dcb546cc24f3de132a7f2c16fcceddc5b808c,7436
view/adminhtml/templates/catalog/product/js.phtml,0a5cdfe68d6abcd6e27b29b94ae0beba11c1cbc06de1dc1c1a61f7f304428f25,2874
view/adminhtml/templates/catalog/product/tab/alert.phtml,6a62f5df5d5d69966b58ceee896a15331279b319452b696bcb9e1ee57d72f497,498
view/adminhtml/templates/catalog/product/tab/inventory.phtml,4511ac5c01b3cea2443ad31dd4d1f06a1e27a8401e1713564d28dd2b95dc4fad,22473
view/adminhtml/templates/catalog/product/widget/chooser/container.phtml,85d044ad051afb2c6c12f52d5becd6a1d8b0dc1bf4d386c835ec58a15f534aba,412
view/adminhtml/templates/catalog/wysiwyg/js.phtml,41484e70c4a7b5676a17694b139d59e3d024075df09b5baea96830656a6b4b1e,3930
view/adminhtml/templates/product/edit/attribute/search.phtml,401a504cc1682d29112b1f3ae485d191f1ba2efc43c390cd08fd6b0a74abde41,3409
view/adminhtml/templates/product/edit/base_image.phtml,3b3318342141488b278c126bbd6aa194f7e057f8e1522c97bb12e043c720cf0e,2635
view/adminhtml/templates/product/edit/tabs.phtml,20033157dc728c0d714e55570bfcdfc7cc78736f7d5edda07b7d56ba34f21d7a,7274
view/adminhtml/templates/product/edit/tabs/child_tab.phtml,24e05b38c243c62587c3470a570c36921cd5abd9e14aaa74017b2b4d948d4b80,1126
view/adminhtml/templates/product/grid/massaction_extended.phtml,704bf78b440f2637e0bb458f14bcf9018f2516ad97bc4e8c54403e2a8bd485f5,4242
view/adminhtml/templates/rss/grid/link.phtml,d5ac423c8618b7c25c73ae64607d3dc0f4baabe95ee1cb040f86a7dc56b49b3d,428
view/adminhtml/ui_component/product_listing.xml,55259888bfc35ca1130de549d581649604588afa884141267c2794c4abd39f3b,17340
view/adminhtml/web/catalog/apply-to-type-switcher.js,41d0cf1b76ac2a68a954d5d6d99ddf6c8bee190f5889bb46fe1f4a3c5484ed1b,1885
view/adminhtml/web/catalog/base-image-uploader.js,45487837e4b0b654c4c7d835760202ce9f6754ce705beb8774340ef0523c9352,6960
view/adminhtml/web/catalog/category-selector.css,54695496bc8a3af05a6859fef8ec82f65bb68b341cf0440b6412ff54f7aa5d2f,3896
view/adminhtml/web/catalog/category/edit.js,f2d60057df953e33ba2b26ec187cab350235f642e096fd042b6ec188f148527c,2592
view/adminhtml/web/catalog/category/form.js,987a9b76ec826516821b6a4e0ad2bb08498f2c8157e4cd2a44fddaba3f753cff,2221
view/adminhtml/web/catalog/images/select2.png,d6b5d8d83dbc18fb8d77c8761d331cd9e5123c9684950bab0406e98a24ac5ae8,613
view/adminhtml/web/catalog/images/select2x2.png,5f34da65c17ef00808d92036ab4f380b66061170ace78fff7ef0827edd225f5a,786
view/adminhtml/web/catalog/images/spinner.gif,8931fc950c53ba1701e3c09c405ffee176b70e96f6c1dcd04d69a5727932f2f4,1727
view/adminhtml/web/catalog/product-attributes.js,9961bd613306f9968324957db0a1431703cfbe67bfcb5e838635a5a086679c90,2905
view/adminhtml/web/catalog/product.js,39dafd50159de8213f3cd2c4ac4bd8ee972bfd3921c0de635d75ac2807686f85,2257
view/adminhtml/web/catalog/product/composite/configure.js,8b53f31cc938b5005d520f43f28c98e2a88d457a5a1afd1c1581a4c394875c7b,31458
view/adminhtml/web/catalog/type-events.js,0d3473c468cc18c851f74eabfd1791ece50ce22ab8d0eddd2d60e4779dcd64ee,1724
view/adminhtml/web/images/ajax-loader-big.gif,3da26e1c0204f27c1d5d0b926fa3db99af97c2ebc67af5af489192a3b92354e5,17323
view/adminhtml/web/images/category_widget_link.png,07fe4c398d1b8327fe0aca02e061ae3986230418687f541793d16af5e4ab96b2,1088
view/adminhtml/web/images/product_widget_link.png,6875d9a95edec29eaa3fc93dc5438fd91faace1a3466e85db10f8967affdd238,1320
view/adminhtml/web/images/product_widget_new.png,eb5838fadee5e1bad87543a5551409cc2eccbf7857bce3227dc547cf509e7fee,1280
view/adminhtml/web/js/category-tree.js,b828607f659b2521663117a3f3604cece3ab96efc4da4e45dde6410dada04b0f,3046
view/adminhtml/web/js/custom-options.js,fffd5c62af6494c8d84b16f7e0379f97e087fd38d0ee7fbf15629201097211bb,18940
view/adminhtml/web/js/new-category-dialog.js,0f40f3b96a6faf80cc86b4668dcbf4cdf2dd8f729bd55bd7b828b29ec0cc65b6,6510
view/adminhtml/web/js/options.js,bb5811a0735417abf4267a9c4df7947c2fa2f49aa6a47dd29e4f6c8f9912a3ce,6403
view/adminhtml/web/js/product-gallery.js,5c51e32db73ae27fe89f9445c719219d862800775be6e3f29593b0e2f99c0d79,14669
view/adminhtml/web/js/product/weight-handler.js,38589852484f24417d644d53ed3088f1f7dd78536a3ddb6716b4572c990167bf,2236
view/adminhtml/web/product/images/ui-bg_diagonals-thick_18_b81900_40x40.png,6c01e395851a8dd4e2a2e4b27c4644e47f6497fc832e80c976d06419cbfe0c13,155
view/adminhtml/web/product/images/ui-bg_diagonals-thick_20_666666_40x40.png,d1d51b9fb16366ed4178f762343ed04a56be053d057938a400ca16f1da12de98,155
view/adminhtml/web/product/images/ui-bg_flat_10_000000_40x100.png,572191a0d3c63a6114df4e972e3ec72e1f6e224e72c6f1d05a250d365fb41250,86
view/adminhtml/web/product/images/ui-bg_glass_100_f6f6f6_1x400.png,29205b2d198ce4eed569d38a5ce0a55ef27a0c8e643473c375d623ced7d24ca8,104
view/adminhtml/web/product/images/ui-bg_glass_100_fdf5ce_1x400.png,1cbf4bb8af5ce70ba8228e90a81eddba4733cce35bbbe469e952b8fc7cd49b8d,125
view/adminhtml/web/product/images/ui-bg_glass_65_ffffff_1x400.png,1506601a0d54155a6c9977037e89cfb0917ea4cd8392fa57929727c8635d9be7,99
view/adminhtml/web/product/images/ui-bg_gloss-wave_35_f67028_500x100.png,191499afda54231f6e093207aebea4c870dd794e7fe32d53140f707445db5234,1985
view/adminhtml/web/product/images/ui-bg_highlight-soft_100_eeeeee_1x100.png,41ff65fb4f9b6f2fa9c9d025c2e9b0c9e09a2aee6f32266d19ee93c8af4dacbf,90
view/adminhtml/web/product/images/ui-bg_highlight-soft_75_ffe45c_1x100.png,1e1cfb209f291f1ebe33adf0301d27f03089d77db5a59d2288c54cde5d044973,129
view/adminhtml/web/product/images/ui-icons_222222_256x240.png,cd2f322508de6cf72079292799c3c9e14852dc126fc6597610a57d3c17eddf2f,4188
view/adminhtml/web/product/images/ui-icons_228ef1_256x240.png,b07ff3aa7b38a5702ffa12211977303aed3044d91e04428f84ba0866a691285b,4188
view/adminhtml/web/product/images/ui-icons_ef8c08_256x240.png,8300707a3484cf7a84834485def517c3daa5cb22ea9ed1719fb729b29774a42a,4188
view/adminhtml/web/product/images/ui-icons_ffd27a_256x240.png,9650bf6ba7ac80175ccbe94f62f8d812b2d9e7d9f98fa3ac03eaa6791cf28da4,4188
view/adminhtml/web/product/images/ui-icons_ffffff_256x240.png,4d265aa2aaa7d98b79737a056b5ee5d5d510655dc7b12d55de0dc4da0c16bdb4,4188
view/adminhtml/web/product/product.css,d0535d884b1fd06b78425802587c153b4fd112f0212e884a3488ace824efc308,8203
view/base/layout/catalog_product_prices.xml,f7e9163597c677c101c1cfd2c412517d45d20beadee0cafaa45168096dc7ac2c,2534
view/base/layout/default.xml,d7d66eef108510024112ca49d733da7aedd61e3aece1bbe4c1fc93ff177a6906,738
view/base/layout/empty.xml,d7d66eef108510024112ca49d733da7aedd61e3aece1bbe4c1fc93ff177a6906,738
view/base/templates/product/price/amount/default.phtml,c259c90bd683844707542684adc4daa0d02651a63b2a3c2c98262e8dc338792e,1690
view/base/templates/product/price/configured_price.phtml,bed43d734de2cd7375b7c46c5f0b6ae67cc2ad70128753b4a58751ef01e7a7de,812
view/base/templates/product/price/default.phtml,93ad6d493cd2601e4e9f9306bd582d53fef2a4d32bdae8c3d3a0cbf238511113,568
view/base/templates/product/price/final_price.phtml,784dc31979293f53990393b0f8807b0d4d1804b6afd441ffa679fe7534afb05d,2351
view/base/templates/product/price/tier_prices.phtml,969d28270def91eecf69b44682bcd4fe47209277c8f93b292d64b2be4eedc249,4870
view/base/web/images/product/placeholder/image.jpg,471ff93a64c42895ff4ae3ab2405b0cb4aed346dc03d68a3f7a3fcaf2148f1f1,1957
view/base/web/images/product/placeholder/small_image.jpg,5cbf660f2c0bc7d9be318331bac73e9aac668d321326959a59d832eb1a30e731,1067
view/base/web/images/product/placeholder/thumbnail.jpg,02f008d4968496c7902dd302334a96006652397ce599f67e69ed4678bb44ee28,854
view/base/web/js/price-box.js,f272843462d49046060974c94c4a3abe6b65589b0bdec3991d9afd69f0a9c5e5,7433
view/base/web/js/price-option-date.js,7db0032e196193b7fd7adb337273b0af8251e9f875d49979e947bda27648386b,3920
view/base/web/js/price-option-file.js,5b4b627e7de3e6b7d962d46563c98a9e73cdd1dc1a44def48c5169d9ffef6b57,2524
view/base/web/js/price-options.js,edb0671c5037a4f801a212f924c99ca60809ae840c196ed31f2bc5bc8e1fc933,6927
view/base/web/js/price-utils.js,5eb4ff8c2fc2927e9d614c65287fb6432aac8c7bf6e967ffd3f5516b01fcddb9,3644
view/frontend/layout/catalog_category_view.xml,d5e9a78ef090b9f072fb3add60d3cf0c98d693fdc09dab9a728c6054f35cbafe,6148
view/frontend/layout/catalog_category_view_type_default.xml,02f99963994684c9e12a1817bcea5bf3c5ff2f34947992b5466674bf5843762b,523
view/frontend/layout/catalog_category_view_type_default_without_children.xml,89acd9061f33437b05ee68de8828f10f60403d8255db3ddd22f687dced4506c8,304
view/frontend/layout/catalog_product_compare_index.xml,66826f82756331f06587d16f1c72fe22b0395199de2ac308ff9a99d94f2f244d,815
view/frontend/layout/catalog_product_gallery.xml,e6d0ad717277ecb28fdefb17b253409c775cce26f2119a55689a756f0d14d3f4,747
view/frontend/layout/catalog_product_opengraph.xml,50582c77bfbee8abb3a486c9bf6b86f92aa2f6c582e925f039e9de6178747e3a,889
view/frontend/layout/catalog_product_view.xml,95a6dd195bec0635a8ee1a5d7590c4e09de74c422e5192a51d2f06544d6a14c7,11330
view/frontend/layout/catalog_product_view_type_simple.xml,2d97921d101455fe531ba23877dc977e0682764d4845fa210e7b54bd416b5a83,710
view/frontend/layout/catalog_product_view_type_virtual.xml,666c1792f371afbec6bf27d2458a05e33b6f2959344d5d9e1a31478d65292319,714
view/frontend/layout/checkout_cart_item_renderers.xml,5cd672304f11aa6c483aa45437b6c26fba90b7a055552b8163439bbb362883b6,1151
view/frontend/layout/default.xml,6eaf9c296a08436a6805b60bafbb39c2a48347a3640515a4cfd866a1a2468125,2233
view/frontend/requirejs-config.js,9946618d5c93c7cfc9f1a532944399fc9b80f3b74872a7fae6dfc611dca60cb7,1022
view/frontend/templates/category/cms.phtml,ea4763880d0a669959152f20b2d6da14f7199d2d49390c5874960b5dbf944eb0,409
view/frontend/templates/category/description.phtml,5832efdc919a95d88cd0acfb730e5055729701ea9e0624aaca5f7b584fdc83c5,555
view/frontend/templates/category/image.phtml,7b2eb0a6cb392a80b9231774d1a2e50570eb9246fa9220eb385d4aec47727cf9,783
view/frontend/templates/category/products.phtml,05f23bcd932e857f90a35c7dbd787777897bf582a30fdb3afe5f07ed97264a19,366
view/frontend/templates/category/rss.phtml,626e5a584295c02a374be67ff44ae93503fc8e1f1eed76e521b772aa7327906e,412
view/frontend/templates/category/widget/link/link_block.phtml,134874e5281783f9124c5a70a58a92298bbf57beeba227cfb5e6510a016c9f59,337
view/frontend/templates/category/widget/link/link_inline.phtml,b484b4b6e26d0f3311c1ad62fa15ad6f506dee4f8e91d46bf45123845434f335,346
view/frontend/templates/js/components.phtml,6d7c5ba3783f498d43f43edd41402ccc040cc3d0edd009fee461d3f74bcb8e07,177
view/frontend/templates/navigation/left.phtml,24859a339fa69a121fcd98b5a0133b6241117f2cf63d7c9bc9bc85abdf8a3be4,1759
view/frontend/templates/product/compare/link.phtml,5be807f1899379834c31fec7e8c3f7da6c41d237b84b38ae0463759a61a3a0cb,816
view/frontend/templates/product/compare/list.phtml,1c87003091308cd83eb8c101c468e577708e8b5a4f4d0073be4a9955904126ab,8798
view/frontend/templates/product/compare/sidebar.phtml,822ee34544f5d37bae3a61f9d1bc2e848f613b49b2addf7bc17b87324cd9c93d,2650
view/frontend/templates/product/gallery.phtml,fbf1a2717950a6213a2d28f5a851b3195dd22a975b876deaf833b9bb7a33e9d4,2721
view/frontend/templates/product/image.phtml,69a407fdf7336198d8dfb924784d7bb7ff665e74a9faa25987464fa11cf642fe,597
view/frontend/templates/product/image_with_borders.phtml,0acc8df7711b4e6f59e941dc377f528a470ef41319cd8441ef4fb80703d39606,954
view/frontend/templates/product/list.phtml,47fa41237a5a7c50c77d504fb435333922cd66d297dbdc9725d2083c7ec68205,9050
view/frontend/templates/product/list/items.phtml,5483c7fdd6fb8febff182aec981587a6ab1e96261626068f87da558b74607cc8,14474
view/frontend/templates/product/list/toolbar.phtml,f16ae4bd7ee7b8ec40146ecbd0b24d915cd2f540f2e1646e47ee6db0cf036b4e,1128
view/frontend/templates/product/list/toolbar/amount.phtml,c28f7ac6be40124f798176a2d9eba37dd1dd2ed84b5c811bb849bac6c8e4fb31,1091
view/frontend/templates/product/list/toolbar/limiter.phtml,271a2b4f64b9f0fa798df864593efcd69aeb9ac3a8bc2d3966af670ff5269539,1067
view/frontend/templates/product/list/toolbar/sorter.phtml,bd0f8a8e170304e2c77918c0b80783406ff70a2b46639e56eda8fd7dcc20061a,1634
view/frontend/templates/product/list/toolbar/viewmode.phtml,1a04f4ceba5d45484e92cdec579504efd4bcc5472e816b7f52038aaf1db07fb1,1789
view/frontend/templates/product/listing.phtml,6e8a91ff4e4e1165bf3d12c14ccd1e7fbb6cc2f1b4d69eb8628cc8e0a0c1c40d,5064
view/frontend/templates/product/view/additional.phtml,02dbecf0f1e272c91174a02d97040b8a24fa5e4e3a2a9ee46d42b26a45403463,268
view/frontend/templates/product/view/addto.phtml,60f86ae3b00aa68b580cf4d92dab16d9109e11f80b41aab04951a5c66991a9ad,1340
view/frontend/templates/product/view/addtocart.phtml,26089bd6b73135d30bb2dba558b564b38fc83893fbcc5ebe1dcee5a6cd30463f,2526
view/frontend/templates/product/view/attribute.phtml,055cca8ed30105dc321fb50f257ec849a5f1d03665f93256f2820e5117af1150,1424
view/frontend/templates/product/view/attributes.phtml,0de20ee749a3db2b8a12b9308aa33931cad5df7839fd35a04e2e7ec8835a267f,1239
view/frontend/templates/product/view/description.phtml,614dbf6c93c180e707e094f09a0dd550ca0d21c89ca44f136cbeb85145442025,427
view/frontend/templates/product/view/details.phtml,dc2aade453215903f0cb01819aa6e3331ea8ebcaf5c34777c9c3a937cdc9e3c3,1747
view/frontend/templates/product/view/form.phtml,eeb304ec0dd321643043177d0ba3c46c58016207ace17c3caa03383b3057d76b,2063
view/frontend/templates/product/view/gallery.phtml,f55da2d32150f480d36a0455f694a2310cecfc671c12792036f0700608e21a2d,4052
view/frontend/templates/product/view/mailto.phtml,615973fdada73707c2f5634c3a48816f41af6a75c5ac60f910bae7c5654b54dc,477
view/frontend/templates/product/view/opengraph/currency.phtml,87db5f6e7665a9e31b55cff8105c2f79164b2dc61c1ba88affb56fe00764f660,337
view/frontend/templates/product/view/opengraph/general.phtml,b7a0169c31490f2c4d052232c380b7ec30ffea493f4ee6552024bfb1fdf81c8e,1077
view/frontend/templates/product/view/options.phtml,4d616942dcef96453196b8fffe4df8db41f1a5a12d1c07b3c77acc1b63bbba8e,792
view/frontend/templates/product/view/options/type/date.phtml,ab476b4e63578bdd2c735d7a396a0879772ae49020462bb7916a42f726c369e6,2621
view/frontend/templates/product/view/options/type/default.phtml,4163aebea7a6d87398c8eb36e28527560cd3e8977ce6197cacf4bad83fde4cd7,309
view/frontend/templates/product/view/options/type/file.phtml,71a51545e275d10a61491c9680f74523b694f30def00bac0d0de519fb40b265a,3761
view/frontend/templates/product/view/options/type/select.phtml,2f4c746f2a116a2737ace908a8706010890211ba56f9484bcaa2be43ae2058a8,1065
view/frontend/templates/product/view/options/type/text.phtml,86f75964446027a966c50e2141efc9d176273fbb7bbae777e537a2374d1281ce,2994
view/frontend/templates/product/view/options/wrapper.phtml,4bece802b0577adb7fe59726d3886a918f3163ebfc4ec2027f9b610a9c177220,469
view/frontend/templates/product/view/options/wrapper/bottom.phtml,706abe31deac0daf971c6ddc7dd5c00f5f059a204f5ac858fcc188812b55dc76,201
view/frontend/templates/product/view/price_clone.phtml,fe994730b1d01025641793c209e84f4defb4a5786417963a1c214e7be6eaf954,481
view/frontend/templates/product/view/review.phtml,d0147645ae0bc2196abc88bb782eebca64bda63de227f4dfb38422c2a73786dd,293
view/frontend/templates/product/view/type/default.phtml,1f9b08485d0db63f94aa41369f1703066486814c1e2a4622a9e5e290b7e061fb,810
view/frontend/templates/product/widget/link/link_block.phtml,d99451f27af68d04dd855c05b438b46d2ccfb87d3e2da41d04c9c9342f11f4c1,336
view/frontend/templates/product/widget/link/link_inline.phtml,007d43ee85466ba1425a147d2875688a639fe570e620f13ae1bf816a4a8366e9,343
view/frontend/templates/product/widget/new/column/new_default_list.phtml,d735985d3b4095439a028674f388397e8d6043441cac522a8f2e04fb67c56665,5261
view/frontend/templates/product/widget/new/column/new_images_list.phtml,9de549ec23f8a4cbccb807c8068ef5ee0dec48d37b4fc1923b9dbdca4c70857b,1410
view/frontend/templates/product/widget/new/column/new_names_list.phtml,17bb03a4ec75257f28f5a648a9c8ed18e2c5d0962abbbe5023dc6237c74cc454,1530
view/frontend/templates/product/widget/new/content/new_grid.phtml,aed5c43653489f2a7a11b62d8f0ee4bfb03b8bd435266ef6be6645edc2cc8bcd,8279
view/frontend/templates/product/widget/new/content/new_list.phtml,bf63ea1a099aded4c58fdd1123bd19a172c9c176309e5ba17801d863c0dfe605,9014
view/frontend/web/js/catalog-add-to-cart.js,e2d4b513ab72edabaa1946a8e95590f7c782ee8c80d167a147a48f4cdbf60371,4469
view/frontend/web/js/compare.js,ebd1b666f00400de1eaa1ae071c815d4576c5720fd006c59271e2b70489effec,1116
view/frontend/web/js/gallery.js,ad0325bd2138b2d59ff0bd67d409b70ad6b61bb252098774d621282b27ac5c02,1549
view/frontend/web/js/list.js,dbea317539b1774a822803a8a9b8d56881f042ccf951121b5be4628c92b72331,1389
view/frontend/web/js/product/list/toolbar.js,ef12d7cbe3add9d62500f2569aacd67cd00afc7f9a31eb65f4b9c191906d23e5,3218
view/frontend/web/js/related-products.js,180df21f0ffb626a3f4c98451939b4b7b88560fd6e1b35b247f6034f8916a3b5,3630
view/frontend/web/js/upsell-products.js,ff16622ee328ef0328639babc59829eb56feaad53cc78ec931c43e3b60804066,1568
view/frontend/web/js/view/compare-products.js,0fc01a4395bde13ba2c2a83314f89d6701ff6fa028ffd9ffd4e9ffc0c4e12bcb,1269
view/frontend/web/js/view/image.js,d000ba6e267453986986c441a6e75e5cd3b260de928bc4b4ac8a09f0254dca05,362
view/frontend/web/js/zoom.js,440fccf241a351bdae9b1c630249bbdd3dd104b2c81f0e477a364d39411080d2,9172
view/frontend/web/product/view/validation.js,30d902ca5e2c70d9ab22ac7c9815cabf3d78443f5f9e2144e009ef2b36ce5bb9,2687
view/frontend/web/template/product/image.html,b697f99a033339aebf24d131ac944d631a0702e027e7c4fe81f54db8bbd23904,228
view/frontend/web/template/product/image_with_borders.html,258db33768e20217967c35fe9d129c7bb1b125b633d047a99b6e030a907e3da9,448
