path,sha256,size
Api/AttributeSetFinderInterface.php,9c74f93ff31f3b8ff24aec4bc7f298c6e4c387bb82e7238c3a330971c68793bc,471
Api/AttributeSetManagementInterface.php,e9341e97cb8daf7d61315ca585d9b1f9799648efb8852214f157b7608f5c64b5,667
Api/AttributeSetRepositoryInterface.php,84e5445448462fe2aa801bbbbc890c72644e6aaf5ae4f58d3b3c740ad7da9c59,2004
Api/BasePriceStorageInterface.php,a54f9a2f03941ad09d0d6e9ed142b4d0cec6387f8147702c2cbd18bfdef9537d,1300
Api/CategoryAttributeOptionManagementInterface.php,290cf233a0f5c24dd71aa510cd134076780ff9d173dd3ea9289928454e80e1d5,626
Api/CategoryAttributeRepositoryInterface.php,076f00c357b46c143849375f2c6b00af2a62faf0a9c188303dc671772791d4c8,872
Api/CategoryLinkManagementInterface.php,a68f14972a50fd023cf023f1763da4712c0048b4ee073e342c1897cf7bdaf2cb,692
Api/CategoryLinkRepositoryInterface.php,01524b059d94be9d4cb2e852bfaf10e5ab9bfe612495be4b3d91793f2b7bf7ee,1710
Api/CategoryListInterface.php,87a3c8dab36e48cccb777cbe3b648a7be9273f867fb4378a8806a74c3cd8cd5a,519
Api/CategoryManagementInterface.php,5e2611b516888d464f2096b2fcb84484b30332581f36213161517b59fbfa67d5,1039
Api/CategoryRepositoryInterface.php,5e27dd719718d12036a9bc4790bf05d24c79260775d8e6e98fd74fc724fd5b9e,1704
Api/CostStorageInterface.php,f6b54c64443b20eceab3c9228fdb79715051a04febf228c98fd4b7b304374127,1753
Api/Data/BasePriceInterface.php,1b96fa2abfdecf46121c3af8160433295ae068e0bb3a8e6f331fa2f9f70f5d56,1791
Api/Data/CategoryAttributeInterface.php,6f81294c2f34c9ecee7505279de5fc4bc78e3146e917514602bda14f0cc8f101,325
Api/Data/CategoryAttributeSearchResultsInterface.php,59a244e9da5a1c4411e7f26a85b3c4c50a011581752589a3c168d904493b87db,633
Api/Data/CategoryInterface.php,4356356c849e58c951eced099993876cfdd86aca0c19cf385b2c4135144f9981,4875
Api/Data/CategoryLinkInterface.php,48271a3d57414db06be37371d9e30189ac6864d59ca8c2866bc0ec891b7a65ea,1387
Api/Data/CategoryProductLinkInterface.php,eaaa8f932015de19510b08f20ea1b5e82cbff353335e5cc93e8389eddf873ebf,1455
Api/Data/CategoryProductSearchResultInterface.php,e9df75cc3d4f1e6c7159915d96e6eac1ccd48b31e5e7d8fdcb5fed426b954296,750
Api/Data/CategorySearchResultsInterface.php,94c426b7f5c2f3999d68ad6ff07dc425f5883886a9698d94815ed7ce34321523,663
Api/Data/CategoryTreeInterface.php,49e34d0568ee29c22315586b0037896cb8a2ae07f29abfd849268ba88b3edc6c,2246
Api/Data/CostInterface.php,f07bf1decc8c8b64007dc5c01ed802e142089e59ea05ab3d7443e74f6edaf289,1774
Api/Data/CustomOptionInterface.php,0a6b422aac2c7a43049790a8eaf99ccf1cac71d9e139e6dbbbeef067fc475171,1454
Api/Data/EavAttributeInterface.php,02887e357761054348ac36520293988d6f4f07a7318f17ba15115127c638f4b2,7686
Api/Data/PriceUpdateResultInterface.php,6f5eb0f314b286d651dd6056266e6acf50bedbf93dddffcf8623dc68867a5f13,1946
Api/Data/ProductAttributeInterface.php,1e875e28af41310bae12a477c1c7ca342fc528376c99c7172d1821a3f4324d4b,1360
Api/Data/ProductAttributeMediaGalleryEntryInterface.php,7b5bd0e1747bd06243fb1fd28f6eb50531d29e9ecb2c98ae47c3845f8a279d73,3498
Api/Data/ProductAttributeSearchResultsInterface.php,8b29b9477361f3efd7d80f5b7aa932f5af36a68f3b5d3fa616b5b2faffb10d77,630
Api/Data/ProductAttributeTypeInterface.php,23ec46cbfba56d67fd023d170e351a230c20079efc32b65ec1cafb6a3eecd619,1358
Api/Data/ProductCustomOptionInterface.php,579eb2b895e89622cb166cf25aec02c7196fd0f105ed9ead35e849d4bd02490c,5433
Api/Data/ProductCustomOptionTypeInterface.php,e45e5a3620cba5ee90bc270caa87c15603f1858587b6c5689d63263a3b92705d,1593
Api/Data/ProductCustomOptionValuesInterface.php,a6afa9ac779d814603b0464206ea00e9b82d87f3cceed522df2b7f5b87807311,1662
Api/Data/ProductFrontendActionInterface.php,b3820855d4cdc28f5c262d4fbe2811b97982dc55e8b1bd0ecf7508d000942cbd,2561
Api/Data/ProductInterface.php,b75c1d783eae62ff593b4eb84cef469adbbd07e46915376d42fd4809ab33a4a5,5949
Api/Data/ProductLinkAttributeInterface.php,9b7232a34a9f84d9fd9c8f2369f34a60f5758366f56666aeb5ab46045e1db1a3,1320
Api/Data/ProductLinkInterface.php,c316e64aea6ae9966223a6a6e4ce57762eda48c24ab0f6889570184c5babe8d9,2152
Api/Data/ProductLinkTypeInterface.php,5fc3d5288e2948493a70083d58050d69764ae4ca8f4ac030e501dea7ec635269,1294
Api/Data/ProductOptionInterface.php,37a9a0454839fe01600c816a8692b2f581274150f2c59fc7965a1bd92a059cf2,865
Api/Data/ProductRender/ButtonInterface.php,18da9a93e386ac2299efde80569677fac763a21a1d399a9f1cf436d20aaa786d,2504
Api/Data/ProductRender/FormattedPriceInfoInterface.php,fc880c1065bfa43a8b76c9e4efeeca75772da2e134a0cd2654df8bab9d9852c1,4160
Api/Data/ProductRender/ImageInterface.php,3a4f004eeb1b0e05ec7430e67089b44cd499ec29f74cc03aff99182a16e0d877,3456
Api/Data/ProductRender/PriceInfoInterface.php,bea4d622a2d78d5fd3d5f8fdd22d0b4bd323dcd6ed1b9814155643c76c27ea4d,4320
Api/Data/ProductRenderInterface.php,e1ee881e92f856fe0a1352907ff2fb41297da23aa684f1ef072d5606fe47efdd,5968
Api/Data/ProductRenderSearchResultsInterface.php,37ad70deae40835063653611d20eee0e26d6595964ace6d7acd6cb2c475b6350,648
Api/Data/ProductSearchResultsInterface.php,ca2b04b2b36ddb808019769c27015ff65ab5d25d007f75def9501faf909184b7,603
Api/Data/ProductTierPriceInterface.php,f090cc0f4fcf6dce685f37b4a0ea6b6406947a926eb19db75efd98a46338b5f6,1685
Api/Data/ProductTypeInterface.php,7d7bdf495caecc66250646ba96da48252424ed761c69fc4dfcd1cc3e0f887383,1326
Api/Data/ProductWebsiteLinkInterface.php,1b330f6454c25f316e7303345cf4a79c1d72c3ad2a8740be03a3bc588d358ab7,629
Api/Data/SpecialPriceInterface.php,b6057fe602a7fbaa52ae500f9cb9e8d4b46f9dd02eea9e1b14904150ed0df9fe,2949
Api/Data/TierPriceInterface.php,a35741c59e13edf2c48ebd129d3b14f14404e949d0c5bbcccd1082d08e66f767,2902
Api/ProductAttributeGroupRepositoryInterface.php,ef254da3233ab02f50578e3176f0dc189520f91ecca198443b66b3deef9bdaa5,1414
Api/ProductAttributeManagementInterface.php,4f64cd75fab92b097944c3ed9d6d0a169c7a0e1abc54ec6a994b692c307895b4,1413
Api/ProductAttributeMediaGalleryManagementInterface.php,3f65dd547f2b2144a6908f5bae784d27e902f764ce1f8655ba12b45becb948f5,2239
Api/ProductAttributeOptionManagementInterface.php,93dc5f4a2c0bc9ba552f8bfbd1634d98c95671de7701eb2ac5120df5dd90d984,1295
Api/ProductAttributeRepositoryInterface.php,342d5a0d851e6e16fae20f7b7ae68ae8d19a4ac33decc7d70ca7b74789ce3de2,2094
Api/ProductAttributeTypesListInterface.php,5ba3d10db28dd4df325993b468e8701b1f481dc6459f555b4cb8872e2d8486fe,399
Api/ProductCustomOptionRepositoryInterface.php,519c4abd4446bc2966999de97c7a5a523a5340a016fe7c6b2bd4731f64af108d,2111
Api/ProductCustomOptionTypeListInterface.php,4309378e67180a8abf8c43aded121ed6dd22d8531c71a5087df9252271359583,385
Api/ProductLinkManagementInterface.php,d09bccaeedac8eeda6463ee6d2cfb778d923b83585c82c144d144256765b6b41,845
Api/ProductLinkRepositoryInterface.php,cc49fecbb037b53fa5b59c0b7f8fc88de02372259142ebb89a01cc800471af63,1583
Api/ProductLinkTypeListInterface.php,b9477ddcdb8ba9bd54657cf687491abbc60499f69672f2a9813f60e9fbda7c5b,629
Api/ProductManagementInterface.php,e40e7726d86f5a2272c931fd6109997d5b28c74270845f3560d3f904fee6e554,374
Api/ProductMediaAttributeManagementInterface.php,0bccbed4f3578a2b1f4a69a241499861112435be7c5c2e18b3113116bdb933f5,548
Api/ProductRenderListInterface.php,35d6e00d2fcbf2058001ae9f5175d90d05e73af1da75613f755753c987e23ff1,913
Api/ProductRepositoryInterface.php,e95bd72bad92c29bc2a35b6854856dfa327e625b7ea88eec3f362e632a866ad1,2363
Api/ProductTierPriceManagementInterface.php,a0851128c7661ba33c1003993518d3a7da34a15b988ea10630258f2143d9c8fe,1494
Api/ProductTypeListInterface.php,f78c17a9b946b333d78d926042568f0667688954b8ee82cebf181d4d727fc58c,404
Api/ProductWebsiteLinkRepositoryInterface.php,c9466cdc1cebed676e36f6b664118a3e89bf5884e4646cf8628ff8a6bb35c17a,1486
Api/ScopedProductTierPriceManagementInterface.php,a2f52b3e4fb30c3c90af1f1b45b75a49b7fbae74ca37ef6db18e991f7cec68ed,1478
Api/SpecialPriceInterface.php,6f8672098f0d1b8a5f11a6af2e5db5346b7a533e0826c101d59d77f1e3356ee7,2579
Api/SpecialPriceStorageInterface.php,c1740a3ca1e65ece91e1472b8f9dc132970cc91711371293d1819cd77bd3de9e,2137
Api/TierPriceStorageInterface.php,28d07b5b947f498b8a0fc665fb7f225ad44fde530aed2dbced3d126d790dde0b,2690
Block/Adminhtml/Category/AbstractCategory.php,1c3665fad34efd09de7e4f1801a98f3cd7347cdf8a1180f6ed943792fbc25832,8740
Block/Adminhtml/Category/AssignProducts.php,58c7c27881b06d97031f44ab5bda8c3ba70fe91e3529d60be7bcd7bb51e3de84,2459
Block/Adminhtml/Category/Checkboxes/Tree.php,97196fa90f602449d44b1bd0b197ac37560cc5bc6bdaba4cd5323442b15297bd,2888
Block/Adminhtml/Category/Edit.php,2e889f8356f97d6bfb3fa9b44661c8397f86509790091a3beef5a43cf2b34c71,511
Block/Adminhtml/Category/Edit/DeleteButton.php,dae1fa313cf18fb53aee2441b6177164ff8fd735b9e8d9440f0ef94d613ff6cb,1532
Block/Adminhtml/Category/Edit/SaveButton.php,e6e9422881716212469d241f5b06b1813c1d2eece8064c5ce86f86c0dd234ff7,997
Block/Adminhtml/Category/Helper/Image.php,c413d61e04b1e96a3d9dd084578448c5d3a1c2587754769179fa90445fdba378,1713
Block/Adminhtml/Category/Helper/Pricestep.php,945d13e6d85e92c797b87e5e080269f99be04eaeab8071d26c0e708fd19dcf34,2158
Block/Adminhtml/Category/Helper/Sortby/Available.php,a18afb2d8ec975ef6b945e8aa0e3b76df4cf90646d0f541bbafff12d9ea71749,1979
Block/Adminhtml/Category/Helper/Sortby/DefaultSortby.php,35d0953fdc124d4a00c5cf1450abdab15357b0cbe6058c0865ee79be7e8c247e,1969
Block/Adminhtml/Category/Tab/Product.php,b16217671dd85ff8c6f322213aeca4698c05063d06d141ba7ef4488362e2f2a2,7532
Block/Adminhtml/Category/Tree.php,31f0fb8fd4ea02cd33a643e05f8ace387cee75b46029b23c08ed99a7cc6d80df,14297
Block/Adminhtml/Category/Widget/Chooser.php,9289f5e65f2772dd0b9e0af45fdc0c67bb33331e2503ef514116768b9a733cb8,5042
Block/Adminhtml/Form.php,1d553f41c5313c6631f6bfcf3bbf8081d0860954c9708f76e9931c745ea27427,1250
Block/Adminhtml/Form/Renderer/Config/DateFieldsOrder.php,0bf3ce625cc28c8b6fbdcbc75e9d7610b5fb254486967ebccdf2c86600083c08,1332
Block/Adminhtml/Form/Renderer/Config/YearRange.php,2b0b78ce6de1b2778a0a89b550c2c9c2e82b72a1326fa8ad1a51ab9e78d68a93,1174
Block/Adminhtml/Form/Renderer/Fieldset/Element.php,44b81ef49099e7c187628caae7ccd254b99754510c4b896c93761f6ecb97a465,4264
Block/Adminhtml/Helper/Form/Wysiwyg.php,7d839dac70f304ee387f841bf70cbd574059e323b17e7a071ea8a8ab9b3fc9b3,4004
Block/Adminhtml/Helper/Form/Wysiwyg/Content.php,42ea6d058a76cdd16f39f9c7b0023a43ea43d99537988660e2148b716ba9b7d4,2504
Block/Adminhtml/Product.php,234177c5b55895d775bd02271afb80db8aadc72031853a2bc6bd3c514a8e86a7,3201
Block/Adminhtml/Product/Attribute.php,3a0bebf427d11c11e625364d07a6795c7ca907b9c16793b92512e0d3b05cdfa8,683
Block/Adminhtml/Product/Attribute/Button/Cancel.php,be1d4f16b074066ea47adec534886c5542c562ac6a6bac8cee4ebd424e6f86b6,975
Block/Adminhtml/Product/Attribute/Button/Generic.php,a72401ced12483512730a1673a2a7b1fe28eb068e3f27c2ae59ff317d59a4267,1300
Block/Adminhtml/Product/Attribute/Button/Save.php,32ad0758a5ea86742a65b3e6dc5e5833f1dad2811fb8d368a4e8480e30304bb7,585
Block/Adminhtml/Product/Attribute/Button/SaveInNewAttributeSet.php,7237fa7f060f77a56e9a5136466d4eb1611093a8888ccdb920a7f2e9e855d940,916
Block/Adminhtml/Product/Attribute/Edit.php,b1210292d916826d7c04fc1f047d08fdb2dff95b00dfb484573f570dbedbcf0d,4292
Block/Adminhtml/Product/Attribute/Edit/Form.php,0c142b8db9e5931b2b6bb57937c6d0a6f47f38c7335027781230d0fd5f13ff62,800
Block/Adminhtml/Product/Attribute/Edit/Tab/Advanced.php,62e4dbac0746e840aa5c00472a3bb88ed16b5c087268e46c5f6f5bea1fb64688,9032
Block/Adminhtml/Product/Attribute/Edit/Tab/Front.php,e14dce435f1280a2b4f4ea2fd865d1f37da54d9cf010a9777cf53ae8b1d6f143,6439
Block/Adminhtml/Product/Attribute/Edit/Tab/Main.php,25c636a4dab9019011aa4781c2123e0ea0d37fb010ffa7b4aa2a009db7193910,3243
Block/Adminhtml/Product/Attribute/Edit/Tab/Options.php,be2ff8057e1381ef533f8a211a6205982f4d35c775b1814fffe7aed49b20caff,531
Block/Adminhtml/Product/Attribute/Edit/Tab/System.php,8daa352b48966242e3c6cd334abe86562f6fcb6af38966922efb2a010aa5ff32,2111
Block/Adminhtml/Product/Attribute/Edit/Tabs.php,22bfc54b464b07dcf41bd1bf781f1cd2bd2d77f663d089cadc6a68329b51c7c3,1529
Block/Adminhtml/Product/Attribute/Grid.php,2ead149718c87892bcc932324d99a7b9caa70e6af19e76dcbab2d8e39e9eb702,3737
Block/Adminhtml/Product/Attribute/NewAttribute/Product/Attributes.php,529a134f7cf3cfc7e3708b602b13a79285b98837110b9ff6b7f2506a7d1bd979,2664
Block/Adminhtml/Product/Attribute/Set/Main.php,fc28d00bcb797070a3120b64f64e8e3f70f160d509e3d041c8f14dbc91b696e3,11186
Block/Adminhtml/Product/Attribute/Set/Main/Formattribute.php,0df5a5dbd6ed3b59fa63ca8679b4aba2caf8e8a04f6f0bb1143a23dfbf5b760d,1319
Block/Adminhtml/Product/Attribute/Set/Main/Formgroup.php,775d3b90128e6630ecf94e62b20f6a4c170f68e45c402243bd09d3fc761965a1,2827
Block/Adminhtml/Product/Attribute/Set/Main/Formset.php,8ffa94b42d5bdf9f67ff799926f68b4e9fe23efde32260ad35293592b9858390,2907
Block/Adminhtml/Product/Attribute/Set/Main/Tree/Attribute.php,692c2bb46ca111abfe4c973ff305da2be90aea7b4a2fd9027384dcd0d01aa6ef,449
Block/Adminhtml/Product/Attribute/Set/Main/Tree/Group.php,9dcd2d0f7a5a3709737a078c0c610a016f17728b6041f52fc3005fcb86255621,441
Block/Adminhtml/Product/Attribute/Set/Toolbar/Add.php,019e0682c63e5c0d472bc1d9d1d607aec0bddcf46b5f081ff29712304b354571,2103
Block/Adminhtml/Product/Attribute/Set/Toolbar/Main.php,1f684784d00a51026b2f12b57ec97b59361a9c6282380643fb634061e4ce976b,1566
Block/Adminhtml/Product/Attribute/Set/Toolbar/Main/Filter.php,814cfb1a1b1bca77eb2eefa96e466d40bf768ef2eb7d2e4431e2685a1bbf27fc,1936
Block/Adminhtml/Product/Composite/Configure.php,bccb15e5b3f3a09c82fae0cc03821178e07f916d9f5e6c07ff4718bc1df6cf43,2051
Block/Adminhtml/Product/Composite/Error.php,3e7276ee57e833f000e19e7a67fe773a411a9f2182519c4234af48eca8f5b83d,1537
Block/Adminhtml/Product/Composite/Fieldset.php,626fccbe59becc0da628cda20b1bb58be1ddca9e4d363f8aebb5013454fce9ba,929
Block/Adminhtml/Product/Composite/Fieldset/Options.php,cf6af1682efd40a29dcd2c337ce879a6886760e2fd54cd5896813cc57a95254d,833
Block/Adminhtml/Product/Composite/Fieldset/Qty.php,b900d410150d1997ee47095578f7f8776f7f8f99a2fdb7db02967ade070795b0,1690
Block/Adminhtml/Product/Composite/Update/Result.php,e27eead0efa954192af1fe10863f6d8551f3187bb8bb239b9dfe641dbb966409,1916
Block/Adminhtml/Product/Edit.php,24380a624ea52b1e8c4c420c01f4db0ac472b68958f44302376109f995312eb0,11048
Block/Adminhtml/Product/Edit/Action/Attribute.php,b8e40317cb09fa861b20f765209aa08537d0fdca27c84f099cf29b07c898e6ec,3810
Block/Adminhtml/Product/Edit/Action/Attribute/Tab/Attributes.php,a253bcb85f1c654f175f27c763e2d5db82ffa28f58a550c84205ed00c70c8bdb,5854
Block/Adminhtml/Product/Edit/Action/Attribute/Tab/Inventory.php,4b4cf20e604568b32b1197068e0f6f2c74b3e1af2554d8b795b1cb712eb22839,3036
Block/Adminhtml/Product/Edit/Action/Attribute/Tab/Websites.php,3096a0c970a5a9cce9ae3fcb6214a06697541773fae6e15901f2badfec9d07cd,1510
Block/Adminhtml/Product/Edit/Action/Attribute/Tabs.php,d1314d411250e0e19adc1c8c0f1c31b65c20424eb63e2ba0365985a41c294437,678
Block/Adminhtml/Product/Edit/AttributeSet.php,dc7f68457cf3075b7c27e679a001f47a19608d05e395a01ea9f78d78368dc758,1491
Block/Adminhtml/Product/Edit/Button/AddAttribute.php,83ab8c31404fba98a7a185a532971b7c2d5de9b4f3010382d120e57106cb7257,1205
Block/Adminhtml/Product/Edit/Button/Back.php,7173a58a2a4d10dbe9a2ea2b254fb364e173c8163828dd220fb34177ced956aa,515
Block/Adminhtml/Product/Edit/Button/CreateCategory.php,1f8b35957f6e9bbbd9c7b7407a6f6c0be2111a0a0c63d62514d3a303253ef4c6,681
Block/Adminhtml/Product/Edit/Button/Generic.php,d3d361e51a3faa9db611d3c24bf69fd6144a962fed69f5560f52d8f58a3fd5af,1476
Block/Adminhtml/Product/Edit/Button/Save.php,3424b473bff75cdac5e54792dfac811207803d019ed809a54224e2878f9081b7,3780
Block/Adminhtml/Product/Edit/Js.php,26af37299c13f5afe9236de8557ca9467089d801ff6195ad6b4a61d62f7743a7,3221
Block/Adminhtml/Product/Edit/NewCategory.php,960d1d1e4034a64e6254e4fb775bb5842c9521871af0a9f9c8aa0ca87f1f24b0,5043
Block/Adminhtml/Product/Edit/Tab/Ajax/Serializer.php,a0c97048e6c25770b5acc13c29eb735076e738e7b73f922c88295ffd5ba038ed,1836
Block/Adminhtml/Product/Edit/Tab/Alerts.php,db783a21432ebfb165977fdfcea013faae6500e7f90632c753bea3f80b1aa79c,2764
Block/Adminhtml/Product/Edit/Tab/Alerts/Price.php,4fe288acbb7b8eee3f0ea7faa60b7210cbf997f4c764327fe62a76dbe5746dc2,4103
Block/Adminhtml/Product/Edit/Tab/Alerts/Stock.php,095780438bd1d6e0e891808385cf1e40c57fbfd96fc828ed8df0789451a1e94c,3661
Block/Adminhtml/Product/Edit/Tab/Attributes.php,dd68aac50af153152bda8d50dd4e7be92fd49163d6e13e91180e1da97235c31b,5986
Block/Adminhtml/Product/Edit/Tab/Attributes/Create.php,f57e093b0aa8f8af00770ec005f0ed4624b6a79baf1e8652a36f9807c621c57e,2916
Block/Adminhtml/Product/Edit/Tab/Attributes/Search.php,afae26d86dc1e2e38b2c27877b1663c0ecddad9ba577daed51af7f74814d805c,3832
Block/Adminhtml/Product/Edit/Tab/ChildTab.php,248398635fe2dba4a9cc7690abf6fcd309729be37b49eaa390d7cb4a60e403b7,1096
Block/Adminhtml/Product/Edit/Tab/Crosssell.php,c82717f3e4aae29268e275f524dc8faba05bf977250cea65654978c127b6aa36,11540
Block/Adminhtml/Product/Edit/Tab/Inventory.php,a0a21d055cd2a10d551a9433ad634e3f7b227c27502e0f7efadfaa5b28c0b9ca,6148
Block/Adminhtml/Product/Edit/Tab/Options.php,baa8893e7edfd53edf0955d80996ce85e0811b07d38f1deb7a53f1e9622e1fae,1355
Block/Adminhtml/Product/Edit/Tab/Options/Option.php,6f6a75b6b2368aa28e999130612666590ce784279688da0fb5faad02e54ab659,15198
Block/Adminhtml/Product/Edit/Tab/Options/Popup/Grid.php,87458da8f17134011125ac5a2b0cae8a85d67d681b77a0880703544ff38f7181,2247
Block/Adminhtml/Product/Edit/Tab/Options/Type/AbstractType.php,2b5d111a8e187a65da37ad8f946c03337f0045fa6dec1cf6c7eb88e5a382259e,2395
Block/Adminhtml/Product/Edit/Tab/Options/Type/Date.php,6479ce7eb4b7a423d64722ea2013eb101bac85f122f0a654589b481d983c77c1,506
Block/Adminhtml/Product/Edit/Tab/Options/Type/File.php,993cd2ce7713f45988f7377f495442764624e86701a27591096c994502d2a2c6,506
Block/Adminhtml/Product/Edit/Tab/Options/Type/Select.php,a84e9dc5a6e3fe0a913180d4053d70b61d0732e0d25f198dae9c7b0f670aa8ab,2431
Block/Adminhtml/Product/Edit/Tab/Options/Type/Text.php,1076785eb4912f967afb088cf202c3aeb6e1c2e433bea56bce3445e10c6c7297,506
Block/Adminhtml/Product/Edit/Tab/Price.php,db97434758e2227cdacaa97b57aa8ce7fb407546a42fafd00714566b524ce86c,1389
Block/Adminhtml/Product/Edit/Tab/Price/Group/AbstractGroup.php,5d49a815208f19293efff607312ea077e71fca10688f431e1edf2701da5c4833,10645
Block/Adminhtml/Product/Edit/Tab/Price/Tier.php,e1f1bc503caa33c37dfd0727789b0e65484c9c9f96dddfe1d6adc7ecf80871a2,2096
Block/Adminhtml/Product/Edit/Tab/Related.php,72d3d140e081caea61c3d109422fd16d18a37cfbab4c414e70281639fc21ea20,10787
Block/Adminhtml/Product/Edit/Tab/Upsell.php,9791ba21368e2c1f7e3fcaf17ff93bc9719dd9e826d31559829b010b445fe09c,11345
Block/Adminhtml/Product/Edit/Tab/Websites.php,54bb3a1caf06da3169bd09aa799458b7844d6287a976543826362168f44175e0,4743
Block/Adminhtml/Product/Edit/Tabs.php,96f356ab15da35c5419170764dadf819d8cd608ff99c2a5a2ecd34e38d0c77a6,11174
Block/Adminhtml/Product/Frontend/Product/Watermark.php,552cd6c3867813f29347b9977016aad13dc54bfde688eb9558e59c0bd41fe395,5160
Block/Adminhtml/Product/Grid.php,48ff5309ece8868032f33123959456c5035b2b43b2f1999386b61bf0e28c1c66,13423
Block/Adminhtml/Product/Helper/Form/Apply.php,fdac14f076afc0058d40dae298ddedcb7460471ccc80fdd5ee2369f411d79746,1546
Block/Adminhtml/Product/Helper/Form/Boolean.php,c3fe28f4877bb83f7e74f81b629a154b3a961d70e85c9e33c988f48af58015e7,565
Block/Adminhtml/Product/Helper/Form/Category.php,4abdae6b309fdb36a878c73446e1006ccb04bf9d039b041902c435aea399554b,5139
Block/Adminhtml/Product/Helper/Form/Config.php,f444219ad2e914a3cee5f31e9b21f95c90ddb2170ddf54bf28cc3d0de1c94f70,1532
Block/Adminhtml/Product/Helper/Form/Gallery.php,9eae10cd4fa59ea4eec6354e0988ce6363a83ffa8b24c80777c4f7e519d24a5f,7128
Block/Adminhtml/Product/Helper/Form/Gallery/Content.php,77fd9771d86f4417e7986885d8507620de244f249f12e8f4a7e8f601309191d2,8936
Block/Adminhtml/Product/Helper/Form/Image.php,e735c65d2b2c8c067c1f39166572616a883050e16d37e9a57c7f6c07832243ea,1610
Block/Adminhtml/Product/Helper/Form/Price.php,8a408b1568b8e10333945af6e505865bab203014eb92534c6a27494565f65f26,4452
Block/Adminhtml/Product/Helper/Form/Weight.php,a6bdb652d7b6b71013caa0bc2d5597970118e740131443d73b9bbce592ac12b8,4316
Block/Adminhtml/Product/Options/Ajax.php,f0d69aee50f9b8d8056b03fc3f3df41cce4406814b5fec9b136a983995bc4b8d,2679
Block/Adminhtml/Product/Price.php,5b51980b9cf6ae611480874b17c93d9b34ac3bb1201c07cb1aac901096d6a99b,513
Block/Adminhtml/Product/Widget/Chooser.php,ec8e4aa6b50a66a61f8459ebd7bc6a149d76800a8c0bf2d2a37333e668e1d7e2,11227
Block/Adminhtml/Product/Widget/Chooser/Container.php,b90a31676562d0727b9ff7e832d4943768b67d9e2674b505ed579ef7268e10ec,505
Block/Adminhtml/Rss/Grid/Link.php,7db3e1577f2bae781b194b9aa2070fa5f1cee620dedc41d1f3d5f3c640ba14fc,1660
Block/Adminhtml/Rss/NotifyStock.php,5d313d29be3817bc2426df8d27cb1f525cf969bc0134d1e4d18e897ed449d0e3,2745
Block/Breadcrumbs.php,de899a1a833fcf0cee55554da0c32119fc09d01f941c9fcce0bc949b11cec1d7,2147
Block/Category/Plugin/PriceBoxTags.php,74e95a489c110df3a2e08be6a0d0e2c2f026a196a931c5a5eb60d6ed1067cd75,3872
Block/Category/Rss/Link.php,f9398bec9dde844495f448d724271982fbcabdc7e5a49481d5cd9407ec14872c,2158
Block/Category/View.php,072502a430704756ce4d464184ebd9154a3dfede43cb966385afe88a368ce577,5153
Block/FrontendStorageManager.php,d0ad44078afcf908c51f49342b014d8505925459921dc0cf802d21dafba8e383,2018
Block/Navigation.php,0aa9cd7db585b57305d87f0aebf17fdbc3f80db3c2092dfe793806d66f6990cb,6816
Block/Product/AbstractProduct.php,4420f53924d315dca1fd03cdde0857f5d25b589c497ab463e799b01f03331299,14316
Block/Product/AwareInterface.php,c0e18f38b0d15188be807be4ff2f838a14808fb1b3e22c3fc3695f29086f268c,431
Block/Product/Compare/ListCompare.php,b98c0e37d28b84c3c0856a88025ca7fd8ff6f04f9d7975bb422aa19b00088da8,7972
Block/Product/Context.php,27dd82082f2094bc7030b586fb4fcdaf2264987e342b0bd659bdea74ba0f54e8,10166
Block/Product/Gallery.php,3ac8e6c357970bca7d6847dfdb34556c1df950ad53ece14c9c68ac9e78d16ba9,4701
Block/Product/Image.php,f697baa4d1330bd823594fb7deb57c5996074008c2d2ba0f37805080147a27d2,1306
Block/Product/ImageBuilder.php,8186b839ada842f7de0b84c9988fde158c67607c4dd435a5ad195adddd74866e,2910
Block/Product/ImageFactory.php,d4b029cd2727b70e4d999d1a8d51424d74dc44944420e66311b3c517d4168156,5328
Block/Product/ListProduct.php,b2aa1a055ae1d08cc829704f50f025f00f436a435f4286f123e488de8e0cc519,14412
Block/Product/NewProduct.php,51c56e5f304c375d4a114ecd1fdc53203b5161d11693ad6933cea887e8d79bcd,5922
Block/Product/Price.php,95f82e85d9af796b0fa9be271b3edda2dceaa7e4e6a1bc71f6380a8aea291883,4688
Block/Product/ProductList/Crosssell.php,c84ade532d70f4e667e0a5c37b0cf4c988c899b452a8e1986d833ebf3719f2df,1677
Block/Product/ProductList/Item/AddTo/Compare.php,8daff7ad52dca24a17497bc0b1e968898847d263f5b55c7c9edf0d38b841bfe7,496
Block/Product/ProductList/Item/Block.php,cc9c3a97ca43fa17394fc55d297ede837f3db46338c7dd0f4d8640b389c4a1f3,790
Block/Product/ProductList/Item/Container.php,6bd90128809d531716b202cbd65f0cf76901136afc9a97ed94eb88f5e0032e00,876
Block/Product/ProductList/Promotion.php,eabad504cdc891156a12809815240c8175cf6b618094b2c8dd3be6936b708df5,2273
Block/Product/ProductList/Random.php,3d6426c57ed5f1511d8f8adbae58f9b024f8deb53f3301a353a6e56ba39f2565,2607
Block/Product/ProductList/Related.php,ff2d9733252856e31acb99e2856aa69e042129f547dd6dfdf3b72acb0b0c287d,4408
Block/Product/ProductList/Toolbar.php,56cb1e5daa92f6bdea748eb9de57f36352c42f3e114dd1c6790f0b872816b664,20166
Block/Product/ProductList/Upsell.php,b86a2be95b20e4ccc2a6745a9055e787a79f1871925512934e2705530a74d0b3,6521
Block/Product/ReviewRenderer/DefaultProvider.php,88ebb0a617f2b66c3761b206f8d7c862646a644900f8636e90b2228a6f6a06f6,764
Block/Product/ReviewRendererInterface.php,6f592222bbac74943ac56abd27b243cabc56a7529f02cc9c88cb481da39ba78b,764
Block/Product/TemplateSelector.php,d637fa2f9b712106e45e1754468b7a9fecc202a5ed0aa6e517508550d643a9a8,2729
Block/Product/View.php,c40fa65d5016e68e6abfe0442bc64df5dc969e68748c4a8c9b1aeed71dafe81a,10038
Block/Product/View/AbstractView.php,2373990625bf4304ea952dbf047527e2220a849e7910aeb29d59da6e36349ff9,1668
Block/Product/View/AddTo/Compare.php,b8e469098f841fe0dc29a4c1eb69dd8f2b39b85aeebc1792eb85d4aed9219871,544
Block/Product/View/Additional.php,e6b07b8520d64d8434e874a721269fd868aca6623e7f1ede98fff2c1d9fa3340,903
Block/Product/View/Attributes.php,7e0fc70fed3079fdfbe64b3b36b8190aa457029141f89164fa7c401bcc4e0c2f,3435
Block/Product/View/BaseImage.php,62da1eae283d0964f32c7f6d814fb38bdc90fa5d15c04b62ce00a518f5a90d4d,328
Block/Product/View/Description.php,b5f3307709cc6701e854f0fb09f41d7bb07922809213a02b8e7f75f5c301eaef,1257
Block/Product/View/Details.php,b752aa8d523940e377c8f0f86a7bd083fa64c8ddbfe21bec9b4c603afc9f566d,1193
Block/Product/View/Gallery.php,cddaaa97ad49a2a54ad24bbd5a105b2b68831e9df7107c9b434b2bc72c517c7f,7131
Block/Product/View/GalleryOptions.php,883a3cecc183ce15aa389d9cbd8ee676119ca508f06432af0e1bb32761f99680,6080
Block/Product/View/Options.php,8c0b3ae83b0997fb71998b2567ac1328978762e0cba273aea24ecaf17beae589,7538
Block/Product/View/Options/AbstractOptions.php,76f5421629c4000182cc9833cc37e30d923ba40921e6886b944830c06547aad1,5226
Block/Product/View/Options/Type/Date.php,86f63f25731a771e066cfc202ae679303409dbba8785507a6e6ae2a20255aeb7,7612
Block/Product/View/Options/Type/DefaultType.php,c9e6b059ec59aeddc513221f6a663f2d3aa81135cd6f25d500ad640920a3e971,330
Block/Product/View/Options/Type/File.php,de3f4859dbdd19d77a5771b2d6bf0439d4e4584b72edd6d9b8dc69b853764ad6,769
Block/Product/View/Options/Type/Select.php,2d9a404f5277f2fa1c1295b530bdff7e6fa52fd7f190efc634ec3165d1a73643,2494
Block/Product/View/Options/Type/Select/Checkable.php,79d5d29b5f6db5b42cea379187a992aa9c2b13997680fd8ef29fe55a18c5d02d,1955
Block/Product/View/Options/Type/Select/Multiple.php,80875a11d7587c3f311a1abadfcd4bf5aad016a06754e6915f437a9845c0503d,3673
Block/Product/View/Options/Type/Text.php,712f663359256bbf0f958bcc48fd56ad6d108a694e5c85c81e26b69e462b9df1,579
Block/Product/View/Price.php,8a9bc4979bb5153a9fd6403f3bcc43cb6c918e8387e989f8c8cd3176b287915f,1088
Block/Product/View/Tabs.php,60999af52771252a8513fb62a2cf7bac8a3abe7cd56c90dd74c06d9f35733f58,1072
Block/Product/View/Type/Simple.php,c7f3cc68cabab0683cca80acc4738603e939f4ea3286705a86674db73040a515,366
Block/Product/View/Type/Virtual.php,31eefc233b2d460f013b2791641b6310a72142d2b72f155119d240fbeea0459f,367
Block/Product/Widget/Html/Pager.php,732ef776e4a105d44c4eb61db5a25b49f25f53bf97f8b616c7da972578aef52b,7532
Block/Product/Widget/NewWidget.php,3e40208d6d5555fa75b1e90e16294af250e18d44ded5c05dd281943d302572d9,8739
Block/Rss/Category.php,b1d550426e080d82040b3be3f170a4318799bdd80ca33e702609b60a11984bef,8304
Block/Rss/Product/NewProducts.php,aeb2fab8d0079fd1ec1affdacbcd93f976ac6db1dd3cead49f82ebf089cc2c7e,6097
Block/Rss/Product/Special.php,f7e0a335efdbecab6eddad1790d74c6c817b582880f6911a4f5ce1d09b93708d,8357
Block/ShortcutButtons.php,f66c807dfae33d6f0387e43de0217c586b9445fa3d53b4a3683690ad349752ca,2290
Block/ShortcutInterface.php,6d4a37bdaccf3357cdd601f3705ee9a2fb2797012747c69d3fed3a522dcf2d38,339
Block/Ui/ProductViewCounter.php,1e5fd3a76d3488e2267fc93d6a1244a4878c21ed1f9eacd351db3f7e3b2f37ab,4341
Block/Widget/Link.php,e09649fa77812e5c927e3ef13757d9e8922aac0782a1bac4a5648441d973f940,4884
Block/Widget/RecentlyCompared.php,528fc94e33c67a2f6b7ccbc98bf38a9c6cfc9746c782613854da62ae99f72bf4,403
Block/Widget/RecentlyViewed.php,e4e15dc5545efb5fd052093255c4180f77118e5e6d1f5cd42944a9d8b713b0e4,399
Console/Command/ProductAttributesCleanUp.php,8f0e9cca2d08c1df0391c88db06292c20a63fdde4ff80951e70f4bae36a6dbb9,6288
Controller/Adminhtml/Category.php,07d33f17c9da8bf9043d894b99546d72afd4ac2302388cf5350dc5bb3c610b28,6338
Controller/Adminhtml/Category/Add.php,b9d15badbd84daafb3a0f7e9c6fdc6030ce6cc2f8f85a98e03933546955efb11,2641
Controller/Adminhtml/Category/CategoriesJson.php,a0cb88e0ec35907cee7f1581f7067acb6a6d737cc06519812f5f86bd91ea0303,2530
Controller/Adminhtml/Category/Delete.php,dbfeedbd7a3b574d2f49370d34a656536d72c56b6d3e0d165e7bba96a6c7a293,2399
Controller/Adminhtml/Category/Edit.php,9dfefd7615b38b2c75cfa35700e552e741f0e5cb2b4d294113c573e95113e231,4579
Controller/Adminhtml/Category/Grid.php,52e7bccb6388f87f98cf9bc93723e261f14ddc64665959cdfbe68764f4eb00f7,1953
Controller/Adminhtml/Category/Image/Upload.php,5d0a3b7343109d80a7e331be62bbcc82f61e7f7286f4213830eca1948264a957,1697
Controller/Adminhtml/Category/Index.php,19c21049682dd1fea4fcfe71804b93bc4d4b80cf80a6c84eba699e4996ec072e,1309
Controller/Adminhtml/Category/Move.php,5e3424372812a962550cd78699f14a13cc4e95f2a405f64c22361583d6cffa6d,3025
Controller/Adminhtml/Category/RefreshPath.php,d91a4f21ee6c9b6cc5786370ededfbeb84adea940875d82d934d7cb6f5ed0757,1717
Controller/Adminhtml/Category/Save.php,423661addbbdd3e4f94878deb6752ea2affdbaaede5827eb0373ef1194d8c5a7,13399
Controller/Adminhtml/Category/SuggestCategories.php,e3d68adee0d592dc25571a0a3b3da9c13a2be15ac879cfdfd75a0428b0f83f1f,1635
Controller/Adminhtml/Category/Tree.php,def6227f5230f242d63057611f7dbe1578c6feaa7aa84fe926e5c76bb6df7f12,2918
Controller/Adminhtml/Category/Validate.php,67391519e139fc4e34623b16d1ed0814b688507ca9e3319d80cead9d0b9bc38e,1418
Controller/Adminhtml/Category/Widget.php,5ceab358a2507c19e189760b831f9c7148cda29bf67823c7926865eea531e1f5,1608
Controller/Adminhtml/Category/Widget/CategoriesJson.php,10cbe6f2ab6dd91ec01eeddb23b0d432d17bf4d47d22afd1ba771b67fb85a597,2207
Controller/Adminhtml/Category/Widget/Chooser.php,f188afe7a104e30935e7813efc2367f71cd86f3d3f12826290fe1678e7384edb,1291
Controller/Adminhtml/Category/Wysiwyg.php,39f46d674e10a2310e55933c30b40c5e6198cdde461e8b3ab077002eddff1459,404
Controller/Adminhtml/Product.php,2bde386cfec07199b16f11ca1014f6441b8c1ac5432e7eefb7af5e9c6ff1fc63,895
Controller/Adminhtml/Product/AbstractProductGrid.php,62736c05df44999767095c49facfb58eb9b08607cdf2a1f1c8431d599da22835,1062
Controller/Adminhtml/Product/Action/Attribute.php,7f0580cdd550f168da7f61a31610b2b300de1615b780889f60f093b17a33e792,1700
Controller/Adminhtml/Product/Action/Attribute/Edit.php,bf355f0c3ac3ebc038902c9c8584347a314882144de63005c0f92f65d2ca23e0,2579
Controller/Adminhtml/Product/Action/Attribute/Save.php,8d7e93b633f8fb52e67b39f354c2e14e7512727244006f1239c596d79d815e28,9643
Controller/Adminhtml/Product/Action/Attribute/Validate.php,adfee964c5492c066f7cb837c826d6f57f9fb1bfbd40366cffee41f908314b07,3487
Controller/Adminhtml/Product/AddAttributeToTemplate.php,9245d0a6b0a38a87d8518b54d44050e3855535d0ce14fa8ef40e3196e0a4021f,9769
Controller/Adminhtml/Product/AlertsPriceGrid.php,b9135bb00b26b666086206322e5a710fff82eeda08036987650e3e6e052c7326,427
Controller/Adminhtml/Product/AlertsStockGrid.php,a848acf785ae689b53152bda564e0a6f92dcca68ec28ec3731b967e04a1089fe,1221
Controller/Adminhtml/Product/Attribute.php,88920fcbcec571a63c42c495bff7e6824afe70c600d2b7e4a02dab8ca53bcbea,4205
Controller/Adminhtml/Product/Attribute/Delete.php,d02690316223c1e6b30bd0710958a31429aebd011c34185edf7b4ea4c42373ff,1723
Controller/Adminhtml/Product/Attribute/Edit.php,8081a9cba2b81d1c0fd5d3fc13b6a3b46b0c4e3157780d8e1373c8a3e5106316,2712
Controller/Adminhtml/Product/Attribute/Index.php,850df45b142fb4c1da55f28216f8241bb8f0f5efecf284764f92dd41605f9109,716
Controller/Adminhtml/Product/Attribute/NewAction.php,628883252423a6a37b7b1e54863c914dc24fd01f795b155132b8cdca411e329b,1585
Controller/Adminhtml/Product/Attribute/Save.php,283c2291f4a5b4872c630d74b4233d68dd7226ad22e6d009b898452c92b43ae4,14191
Controller/Adminhtml/Product/Attribute/Validate.php,13e2d53fd3ab77a03fddc95a1a967e08ab5c69503dd9a419101d578d128735b2,9642
Controller/Adminhtml/Product/Builder.php,4450d31a6fd478ed1ace2be7f4fa2da2d7f3945d072f791845e005ed20baa808,4540
Controller/Adminhtml/Product/Categories.php,589b0aaef53825ff1427f39d9e47ff0e441b2e1463467798c5a312cf98310507,1210
Controller/Adminhtml/Product/Crosssell.php,79a237b58fb0d71908df658503ffd453376de9a5815c317301a291e5847f6436,1815
Controller/Adminhtml/Product/CrosssellGrid.php,40dfc5fecbf7a5f7bdcc0509d4b81fdbcce6cc0033b4ca385a50d0ec268585a4,1800
Controller/Adminhtml/Product/CustomOptions.php,405f412caf94ef70e94cc2e39122c20f200b1eb9a3c20baf28a6e0867bbc2a6c,1525
Controller/Adminhtml/Product/Datafeeds/Index.php,e775b5861096be57c32d32c614da074e07dd084bb85ed25daca81a39643cc449,462
Controller/Adminhtml/Product/Duplicate.php,964dafab7d2ba4d05ca7a368654f17eed55c7fee4c0a6954af8a2d2e610fd779,1844
Controller/Adminhtml/Product/Edit.php,bb3ffd638fa1f40b6b2df707c2c9c568b760d23894d2db8f57f3727f804eeae3,3755
Controller/Adminhtml/Product/Gallery/Upload.php,e206218401e7cd231d359ec5728abf12a97c2abc9c4a178a7c37d32485dee0f6,4071
Controller/Adminhtml/Product/GetSelected.php,e0b91b125b816157acb989e1d8b1d70967d470652a1b400431f269587fccec07,2645
Controller/Adminhtml/Product/Grid.php,3e747ea7fc79418489091f8dcebd983dd4ae5fa785243a81d4c3e036bdd92ec4,1145
Controller/Adminhtml/Product/GridOnly.php,837d99507ce732c9695cec25704c9fb751be2554aaa7a90eacf4dc9939756135,2119
Controller/Adminhtml/Product/Group/Save.php,17b38db2d8772b28b1f3cec031e4e3b7b0e020d617369c3166c6602614105c34,1141
Controller/Adminhtml/Product/Index.php,3974e163ebc804163b734cd10c960ccb4a5178eb4b3cb86d2ec78d7a0324a664,1503
Controller/Adminhtml/Product/Initialization/Helper.php,1723653e5c3a3c3154794d2aefd80a36a93587c79d79716b8fc15eed6a9d5bc8,16199
Controller/Adminhtml/Product/Initialization/Helper/AttributeFilter.php,120cb358857d3c9cca2a09e64f86ccea7dcd39a280ebd6c73ec789a300c29b19,3786
Controller/Adminhtml/Product/Initialization/Helper/HandlerFactory.php,72c88d246050e4c8d57126564db829cb850196c4fab51a526cfca415976f4d37,1326
Controller/Adminhtml/Product/Initialization/Helper/HandlerInterface.php,ba3ce3f41fafa99b44c971ef852b8106d28f4a553e51989a7c0e01282cb93eaa,483
Controller/Adminhtml/Product/Initialization/Helper/Plugin/Handler/Composite.php,7335ed1361db5b42578282d4ca40ac129ebb9a346f41fd607104a2bc78baf8e1,1143
Controller/Adminhtml/Product/Initialization/StockDataFilter.php,3fcbb82fba0024ee51fba76b236a604daf32ccded3b59bcba5193f23da189ab9,2021
Controller/Adminhtml/Product/MassDelete.php,709ba170227f992f78dd388695213fd5ed83bd7c21ad76cfa93f52ff06d67344,2389
Controller/Adminhtml/Product/MassStatus.php,42e0968ca8c49fe3f13e5e339613b860d18e0c1869a54febdd456aac342f22c5,4324
Controller/Adminhtml/Product/NewAction.php,c0bc4cba4f4867d53142cb3e2fe88d786119c3211c53e37bcfe1f43d39176325,2799
Controller/Adminhtml/Product/Options.php,d91cca8a71578aabcc9503fe09c6119a6ab898434af9bd8d1cfa0478429a7031,1220
Controller/Adminhtml/Product/OptionsImportGrid.php,acb512196e28076681b18c848553c7ff8497c943ec2b3dae8d55ee3925714edd,449
Controller/Adminhtml/Product/Related.php,6f03f0a3ae3e5bc22ca96c6d1b21d756f17147b53deb56faf554f6e43a0b61f0,1809
Controller/Adminhtml/Product/RelatedGrid.php,bdb60a1ffd20e11318abfb9ff6852b90af3272f8093a5809e55727b155887717,572
Controller/Adminhtml/Product/Reload.php,2a46dd51044579f54a3d9057dd0c2da336595b87f1fdea1e4bec393fd63d3607,1208
Controller/Adminhtml/Product/Save.php,760bae62fca4cbf53d3b8ff18b269f9cca62e89b765d6df7c26861e2fa8d4bee,14139
Controller/Adminhtml/Product/Search.php,02e3f73125c5cb16f1260df7c0197f0db48f0f48f78411a6f92253bd44d5bb5c,2798
Controller/Adminhtml/Product/Set.php,10c2869719fb7d3b12bd2fa5dc730cd60bbe7054aa22e79c955c69eb98ac7cae,1297
Controller/Adminhtml/Product/Set/Add.php,d55690ff2b82e37a483b70240217d045d608b84564f3cdc381228c2ec4c94bb8,1664
Controller/Adminhtml/Product/Set/Delete.php,9f2294d3dceacc21e3e85db72b1c705af246bc3dc881a100ae7dc169b189b116,1752
Controller/Adminhtml/Product/Set/Edit.php,ca904617b0a4b4157d1baf75ae2f8dd84123e67a1ed0281cb3fb8bb76d81bcd8,2152
Controller/Adminhtml/Product/Set/Index.php,fcdfac00117cdd1934ed90a706f9e7fb30ada867883db09cbbda183915c4c7ba,1617
Controller/Adminhtml/Product/Set/Save.php,719c273f14049ba06dc7126dfb0df226fbfeb807b50eac68047ff79ff6e7f015,6881
Controller/Adminhtml/Product/Set/SetGrid.php,71aaadabcc094c241a9016cc92b19c79236bcdd0eca529af9a74af20f222bf24,1099
Controller/Adminhtml/Product/ShowUpdateResult.php,43200e537979b4ea5da64aef92a892fedf5d23a64520649d1ec629d3cc44e239,1491
Controller/Adminhtml/Product/SuggestAttributeSets.php,9181e128247457778faff60bbfea1620aa7d52bd2b5a99b82a4f99fa6c4ee95c,1640
Controller/Adminhtml/Product/SuggestAttributes.php,690c9394be15e6cd1dd933bb0c1c029f9d022b4536a05d57b4c1af6584b7b948,1770
Controller/Adminhtml/Product/Upsell.php,27d91956f00780fe52bfdf10ef6b1fd46dee31288c2f3e52218a0560384eb17b,1790
Controller/Adminhtml/Product/UpsellGrid.php,074e68b3f1c3d5fbf2250a523dd7974d14027ec14318f970f6caf58026485f32,1778
Controller/Adminhtml/Product/Validate.php,f4c050b95c65179f7b48247fc26535c20dff5eab0536ec3dee35447cf61ecac6,6296
Controller/Adminhtml/Product/Widget/Chooser.php,2bfcdf06c522df5fb45c88bf5a2a8f0d7d7e888c3fd22d836ed3a0c7c7e2e563,3558
Controller/Adminhtml/Product/Wysiwyg.php,2b0cbbdf6999a61ac2fad460d2dc8b9e21f7d928338160bb1dc950819395c72e,2395
Controller/Category/View.php,c8de36e3bb96a012c12f7a2837bfc6f59f43c97dc31288c2a64f84a7cfe95408,8441
Controller/Index/Index.php,4edcd6024714d6cf7e05f045d66f2391ea1737709cc9953b7ed78a81d60a53d8,603
Controller/Product.php,7b8b5dc843795e61334726a94ba09a2cfd8591656466ca5bafea4798bb8765a5,978
Controller/Product/Compare.php,091d85126e3d9c75da52631cfbd9d9b95483760bc9676e3e0d75fe8057421647,4634
Controller/Product/Compare/Add.php,4c00dbd9f8fff564259e527a602d47ad0dd020ea75dae1f177236dc2022512f4,4855
Controller/Product/Compare/Clear.php,c3e25b89b66f7828178fdfbfd3f8f40e088570117256989c9a137d6be475a7c4,1813
Controller/Product/Compare/Index.php,cea6584b855183d3ce139220d05fade189cca298cbe214b4b95a2e030967da59,3668
Controller/Product/Compare/Remove.php,eb80e7d4ca638d30247d1bca316a2cc3741032ce4974dd881790d7e10185b2f9,2935
Controller/Product/Frontend/Action/Synchronize.php,bd21f27c66f995316b00bfcb64b58e97e54e95a25bfb2dd81f627a4c74e85d8d,2122
Controller/Product/Gallery.php,d0db177646a7ea30125642a47b372b63687f950c06def08b7bb6f69cb5a636e4,1756
Controller/Product/View.php,e2d8498ac4cfbed2134135dab209df0471f99e837ae3d73f21827819fea4ae56,4654
Controller/Product/View/ViewInterface.php,c797ac538616a4df2c27b096d0a24f92e131cd99ce00adf5a202315d8928e70e,330
Cron/DeleteAbandonedStoreFlatTables.php,fc82393ef5bd51fb5cc8862b726eb8ff8554b94a712615dc9b87ddd54c17e2bb,709
Cron/DeleteOutdatedPriceValues.php,8313ca10444d4d212c5704b892e510874c0c8e018aacbe0538a4c07f56c98c4a,2749
Cron/FrontendActionsFlush.php,b2cf2f3619884c68c459297b7378e56e64f819543b6694ec567d55708971af56,3109
Cron/RefreshSpecialPrices.php,440dfee3fd8978c8ce8d064aeeb363814f88426ee650c6f7a937c39da240a9f8,5653
Cron/SynchronizeWebsiteAttributes.php,949ddb4bca13c7846223faf739abbd5badd71404390c99d677d583bf739ab884,938
CustomerData/CompareProducts.php,bf63e6eaf83b9005aae3c31a7098523770306adfd160de1b01c85ad09e491c53,2029
CustomerData/ProductFrontendActionSection.php,915d90a7745da78a4ba80ee81fb530449185148e95c9aa5d1fd3f4e084cdf802,2216
CustomerData/ProductsRenderInfoSection.php,3156dbe071391e8344295246e65854e53390501560bcb6667b117745cea38672,3628
Helper/Catalog.php,99163364e6a97fcfaef9181576d90e6813445ef7f6bdaaa00433d0653ae8c4c5,1607
Helper/Category.php,2ded55f7f48f7081bb8611286520f49649b167780ae279eee01ac399ef13d1c0,5211
Helper/Data.php,83a3dda29f991cb846ce28fe884f458863dd761f9e5ae7ce81ea727589b49162,19918
Helper/DefaultCategory.php,f421e81fd5b2826bc842504d2d983ac7073d072537a14b9af10a5997e7b388f2,421
Helper/Image.php,290a7eb8ab17aaaba757c293f2782dcd6d627b8923af5a7a597b30f9958d6b1d,20982
Helper/Output.php,5fb6d24b0421f8f485b9855fffcd1675b4426929f439300ff269226f6043eff3,6417
Helper/Product.php,6eae296498c656c767ad8309308666d767f22cfc673b3edd499864dcfef66abd,18418
Helper/Product/Compare.php,76744a6ee75415c95a2874e251b46c968cb5fb10e8b6f89cfa9a9bd959ee3f6a,11615
Helper/Product/Composite.php,8b26a83d5bda2de3b7fe8732709e79a35cc519fd0b62a72775340726bc0837f0,5864
Helper/Product/Configuration.php,3b9073b66a8a2c85d263d4b40d526cc1c47d2bebe1d785413df68ee2c50fde38,8303
Helper/Product/Configuration/ConfigurationInterface.php,5fce21eb4a87a39ec1f7e340e8e60e9e20196a7ccb4e7559b57ffc197ec80e58,553
Helper/Product/ConfigurationPool.php,9ec668b0a25cd50df46d50bd98084ecfffd47984b3b6da0834b7e34aed69c092,2147
Helper/Product/Edit/Action/Attribute.php,ab4d0afd11976b5538c4aa74acf3798ccda542adc7cadfc01dd951c34f8216ff,6226
Helper/Product/Flat/Indexer.php,5fc4d85a28ab8f30e229780ea148ff46fe624f7b6c62fc214bddd6fd50d6fa1a,16556
Helper/Product/ProductList.php,4f96d73bb4f3d35eaf1d73f89b07617b3dbc845fdda2a8a1e1b415bf38e4c3b1,4750
Helper/Product/View.php,2c99c0ada644cd8a1dc487b8b7b4242b6b9264c8b0178490d8435fdaf485aa7d,10792
LICENSE.txt,4c8537fd5431aafcb0ab22c49cba68febb59dd3595210f6c6c3b9212de0a7b49,10364
LICENSE_AFL.txt,49d9aa4c0615ff95305681c358fa1575f54ed3a512b016f61c71d6784860dd8d,10376
Model/AbstractModel.php,650973f0842b535c3bffe5850fd7819502d7547852bb7f72e3b1b26e36dde9ea,11367
Model/Api/SearchCriteria/CollectionProcessor/ConditionProcessor/ConditionBuilder/EavAttributeCondition.php,b982f51dae8878e51c1480df581d3fad16d6d5bfc6867522adfe0eb55a13d7cc,5316
Model/Api/SearchCriteria/CollectionProcessor/ConditionProcessor/ConditionBuilder/Factory.php,fb1c9291e86ea57445e1ff321d5b66dcc3627002b8d62f1a21ce11b454de1de3,2979
Model/Api/SearchCriteria/CollectionProcessor/ConditionProcessor/ConditionBuilder/NativeAttributeCondition.php,a25533e4e699aff063abdab8c0ad51a8a1cf73209759d4e2820d770f1cabf6a9,3080
Model/Api/SearchCriteria/CollectionProcessor/ConditionProcessor/DefaultCondition.php,7ea0729cf35a3af6c480ef48d94006f54e8218af42fcdcb667928fa0beb6e508,1275
Model/Api/SearchCriteria/CollectionProcessor/ConditionProcessor/ProductCategoryCondition.php,a810f24a2d91485a6de1cc1cd4a1cf1c99bd1661c5e59f59efd04ac76161959a,4141
Model/Api/SearchCriteria/CollectionProcessor/FilterProcessor/ProductCategoryFilter.php,036c81d4e5696d349f187093ee804771d9700f4dbdce671c2fcb2ab82d6b58f8,1242
Model/Api/SearchCriteria/CollectionProcessor/FilterProcessor/ProductPriceFilter.php,062ff02f852ef210d4d329a7411f02107042b7364760a2fb31b8c217618e68f3,1420
Model/Api/SearchCriteria/CollectionProcessor/FilterProcessor/ProductStoreFilter.php,84b3c0be40a85f6b5bbd31d9c3ed64feec6cc2b8447750e10e667a99e8fa0c66,888
Model/Api/SearchCriteria/CollectionProcessor/FilterProcessor/ProductWebsiteFilter.php,7ec413ab5eae1fbfd35f2967420ba1b869027095746e81e8373f3050cbbd99c9,1017
Model/Attribute/Backend/Consumer.php,62e4a4c772de7f762995f810814ad7f055f8ce20700572a01108844ea8908223,6001
Model/Attribute/Backend/ConsumerWebsiteAssign.php,70fea1ce388236f4785b3125d19235915fd8c2980be87bd83b48b11afac7713a,5955
Model/Attribute/Backend/Customlayoutupdate.php,4d3e044d0d487ce1f21fa7cbf8ddffe92a9db8181cf48f6f60b1f44bf285abe5,1862
Model/Attribute/Backend/Startdate.php,4450ec90ddccf8165f5cb702ba27f40743b1d32bb7b26b3c346524e8351f0ce8,2792
Model/Attribute/Config.php,835b952f01245fca071286a0faed8a245e9c87f6486f7510bc5eb5515b9fed68,886
Model/Attribute/Config/Converter.php,fb2d25b30d3bc2473235146037ac1d1bc2ce5589d47c827b469746ac03ca93d1,1239
Model/Attribute/Config/Data.php,56a4185a68dd36de473986fa443d1ffe65386f9d72d4f61f0095628edec59931,901
Model/Attribute/Config/Reader.php,50425db577e182c36345fe3254a7987fc4a45fe72fa6cd261b2ad0a0336e569e,1637
Model/Attribute/Config/SchemaLocator.php,c6103fede3bb6af76182e39526bf2d20a335df1319980e2bd4f16acd9a822ba4,1022
Model/Attribute/LockValidatorComposite.php,d1dfa10dcb547270be469fd97b0c22fa0c0e2deb3ab6bda05c43d57ccbee7822,1459
Model/Attribute/LockValidatorInterface.php,076f6f55962a28c58c61c7984e510afdbcea9a56c967e936257f9e1d54f56f53,654
Model/Attribute/ScopeOverriddenValue.php,77b04842eaa644cc5a894975d086a5994fc16c0c68104a8ad48846085cf448c0,6219
Model/Attribute/Source/Scopes.php,c3ca43061419e37ba4fa11dfab1c92c29b51f7cdf9058a114f737c69ae3c6094,827
Model/Category.php,04d39e82a8fd1f5347d553ec942de6b1e49853801600516cf0a37ee60caa3ea5,43642
Model/Category/Attribute.php,81a055faa776a9cf4ef3b28879e139c2d7edba065a4094c4ac67660e48b7e8d3,8980
Model/Category/Attribute/Backend/Image.php,fb142b789d014a2a7154c4d0ebc06ac712ae346c6fee2db6d19fe613f1f0f435,5802
Model/Category/Attribute/Backend/Sortby.php,6dba38b952057015ec037625ce5b4baf09ea98066c64bd75d7d709901c91d634,4297
Model/Category/Attribute/OptionManagement.php,9f3a88ed1d7193d8c8a81a17a9ca21ccaa2ade8465f88e75bc5696b125c19332,1008
Model/Category/Attribute/Source/Layout.php,6958345f20813585bf2c16689bdcadef7ae5decc5465e0f22cccd39407b62707,1304
Model/Category/Attribute/Source/Mode.php,e9d38821d49a0f6a338938855af58d29d0cc8754e324b0f12f4feace4b620e18,930
Model/Category/Attribute/Source/Page.php,7baa86b454a7cbe36e47faddfc10754b47a2785cc913ed54fff9c3328dd67164,1151
Model/Category/Attribute/Source/Sortby.php,b2ed908b40db27b1fdef71253c296f328bb7ee321a8a50f794543c0e9fdf0719,1473
Model/Category/AttributeRepository.php,f3fc7b1fa9efa62bab91606fecb2ccfbaa0a7cab1a283425fd93ba68630af539,2742
Model/Category/DataProvider.php,d8e63a4d1e918f3c54126d68d7f674d604ace772d2d7aafa407f5ba73262d31f,19906
Model/Category/FileInfo.php,ed313872dfcf0f26c651d18ef72134ac453b532e6a39a3894b13caebd3dfbaf3,5570
Model/Category/Link/ReadHandler.php,6cef0c88419a1f03558613035e5af85803ae730b7e4a5b1b3f70ac7b171ded8f,2431
Model/Category/Link/SaveHandler.php,4b5a0087feda691dde9a6569600b943666dded4c83511579fb2247d92b5e757f,4153
Model/Category/Product/PositionResolver.php,17e0191aa971003c65100643e61d135d26d0332b6085a7e1273171881c827aa8,1358
Model/Category/StoreCategories.php,95d6bf87e6cf1df3cf30d832bdbe5889b96d7436e870a77b563ee855b6928fab,1730
Model/Category/Tree.php,05c93f971dbc54b1e184cec31e5195748b76d350fbe4e15ee6778464e9640ee5,5780
Model/CategoryLink.php,d525317ec034610d39ca76e85c587654428f8a619791ce14d001484427b4915f,1720
Model/CategoryLinkManagement.php,95a7f7d7de947ac692e930b9409b55ded8bab57e8d16c1eca04cc261a6ebd8bb,5611
Model/CategoryLinkRepository.php,d1615b8dc02b41a8699a0a5ae21cf8959032d5ba18ae1ca8d3e33be7136bc222,3386
Model/CategoryList.php,a807ed329299e2851ea175fe3a7d9ce5f85afb7d0f8a6ec8974dc0712b7257ce,3815
Model/CategoryManagement.php,6268191d6a6eb63137b3e01b5302ca88a490c5d8c353f30d09da32b422159aaf,4877
Model/CategoryProductLink.php,a6bd5b5943b6673cac115a93ac57ba62b79b33733d5ba9f73cf6528a41bba058,2088
Model/CategoryRepository.php,174cb421473634b2d02d6db445ec5fcca7ad3d1f59077226ea9b48351f04afc6,7894
Model/Config.php,24c9c637e7d174ef131320ddcc32fddf624096549169604ae16ec564f5ae818e,14355
Model/Config/Backend/Category.php,6de43008619e03e9aa049ac16035b0bf3fa91e981468317a0bd5d4cf6aaf463e,2549
Model/Config/CatalogClone/Media/Image.php,8d11469a15bae81c6d6da1312533bcdd36e97ee21a4cb850cc1f9d32507715c6,3316
Model/Config/Source/Category.php,301c2c935cb7419c74262d25a2a61c2a987f3f70f8fc12e4e7327ee0e710517c,1569
Model/Config/Source/GridPerPage.php,78b414842b6381f796edaac24af0e322c53db901c3995431f301e0ecd77f8745,879
Model/Config/Source/LayoutList.php,24d9b5f710880de6f9fa7a1b5b075c9ce7995642107c8dad479f19920d390608,1010
Model/Config/Source/ListMode.php,0d176e6fc965fe5c90986034a3d108f8eae02fc088b3648e17e31a6d9f61154e,648
Model/Config/Source/ListPerPage.php,e6f33a46d7253c7917f97cf28e00d8869a39628e0cf4df1f190841e71d72d41d,882
Model/Config/Source/ListSort.php,420f78a6b1152d0a714689108b361912f2dbd7a3a7bd2f92717d1e8a9b89b1dd,1387
Model/Config/Source/Price/Scope.php,b6fea09f633f0bc6a426e33493460b9ee8c6428fe9418c7e1eec0cb66a7651b7,450
Model/Config/Source/Price/Step.php,4a548b6dea9c1e59f7fe616da35df37b1e960bd757cccb6d8f7dbbbbc11a8ab4,934
Model/Config/Source/Product/Options/Price.php,f053b4b395113717f9d74e4b8c639474ef329cc5f96a44a9e08454b798d13e93,1570
Model/Config/Source/Product/Options/TierPrice.php,4d39a06321cc19fe4ac5aefe1a8f0589bfb6e76acf54b70261beb87b9b4a82a6,628
Model/Config/Source/Product/Options/Type.php,9db27dcb97b6b77ad49b6d677bdd4b77b04c57f8810867a135bbf9cef88a1fb2,1443
Model/Config/Source/Product/Thumbnail.php,396ae1e5283b8e188cdf5d50d6d91fcc6917f870a9d8254fa7533a2aed6bce50,725
Model/Config/Source/ProductPriceOptionsInterface.php,599efbbb0f43a8aba3c09c8c94a264968cedc3e8223662b61897434272675e3a,443
Model/Config/Source/TimeFormat.php,8ac1a992876f4b3130ad8c76ba7c1fbdf18c47ac9973757426b20671d973020d,486
Model/Config/Source/Watermark/Position.php,daead822f0670c08dda426b152f8e2d575f0d3d3949f62e2e02b1c2309b956c9,974
Model/CustomOptions/CustomOption.php,077c6c2a6e0d10d14688b1877f9f93d341e746294feaff4143f73f8b3ccdbf6e,3097
Model/CustomOptions/CustomOptionProcessor.php,ea419a67fc49d5d5975a896dffe654e38e5afe00a0ba51e22d5f064bcc16413d,6920
Model/Design.php,45fc909da1a564d56279d071b46880f960258b5241e0f2d957037499dde301d5,5296
Model/Entity/Attribute.php,7500163a790991c949edef84813fe56ecc7a40b270ee9ca57f115f002b773096,7109
Model/Entity/Product/Attribute/Design/Options/Container.php,12a8a28c773cc6e11302f161f7264390bca57d4818fe211d450d2ddaa18004c8,982
Model/Entity/Product/Attribute/Group/AttributeMapper.php,b0516ec0647d780386504cc1f8954cd61a03fab9c16eddaae611cf36db3bd857,1460
Model/Entity/Product/Attribute/Group/AttributeMapperInterface.php,8346bd2dbb1c10f27ce82cff2edc07e696e79fcc7f7254878627e302fa8ee3f8,605
Model/EntityInterface.php,865888c9d865470be40fa6c334a9c39d54ca61f3d62606472373302c565208b2,280
Model/Factory.php,8531d11f4b28c3eace2335dc9b7cc5e91a2919f5303b29ecb4e1c833dc7a8637,1216
Model/FilterProductCustomAttribute.php,2741db7223eff6fad94e7db5669670385d601d00f6029954679e47d11af58bac,803
Model/FrontendStorageConfigurationInterface.php,9636e1990a13a16e652bf76e964a9876d17be6f42214c47fe374b0c0cf79f001,773
Model/FrontendStorageConfigurationPool.php,976ef750f4112b894524dd0e24b6bd93bf773c9a79f0e40abe32043c6836d1b7,1758
Model/ImageExtractor.php,ec63d8c34aace370ada22cb0a22d8ae7096a8f6dc9e5444e99509901cd4965e4,3099
Model/ImageUploader.php,37fdb95385d38c8f801f92480564afc9c3854b9e881fab7da3107d89f5856447,7487
Model/Indexer/AbstractFlatState.php,007db61d280f7907d95494697c130e36d4bc3c41819a3d13414966538176ba6d,1776
Model/Indexer/Category/Flat.php,fffc84e941570bd41d4bef0d538a60e4c87bdd2aeed089d3740b5bc14bc2ccff,3129
Model/Indexer/Category/Flat/AbstractAction.php,7a08f9b2976573e907d2ac54701a14d42fdf8c110b76eb77c6cd917111285c4f,17269
Model/Indexer/Category/Flat/Action/Full.php,3bfb0280f7fe9ad22420f0951437016a0b1f59691639e7a36c8e409598aedff5,7544
Model/Indexer/Category/Flat/Action/Rows.php,ab8dbbf7c28ae66a5116e6381bc2c5a2ff3144bd2cd110def4740535e3875bb5,7387
Model/Indexer/Category/Flat/Plugin/IndexerConfigData.php,c9689078ca77088c545c8337eef0189015c3e5008f0031bb69fb6ad793d69d6f,1277
Model/Indexer/Category/Flat/Plugin/StoreGroup.php,05d0e211cf946b16755d41f3b1e865b75322bc25d929abf7b811a866ad78b1ff,2057
Model/Indexer/Category/Flat/Plugin/StoreView.php,c925e5622f3132c3297fc53ee7e3e89d459f03cd16cec5e346107793942d5c30,529
Model/Indexer/Category/Flat/SkipStaticColumnsProvider.php,1fd3d899ccca1b6e41979802b0521fc2f29f26014df5e4318307c40ffcaf50ce,693
Model/Indexer/Category/Flat/State.php,5c945ae58ba360571a6ad45f18745a7e4050d86a4226e4b6b934433f13a07519,502
Model/Indexer/Category/Flat/System/Config/Mode.php,936352e3ef50fecb31dc1f24dde69afbea4238d5fde308765b1b4665da7c8123,2823
Model/Indexer/Category/Product.php,077bef405091cee134f789fffefadeb850934348e82522f7ac34aa8a24b63e5e,3828
Model/Indexer/Category/Product/AbstractAction.php,5c49cbff7bd3d37190594452a209c2847a41bf10f1fc707e0d9ac37a25f175f6,30637
Model/Indexer/Category/Product/Action/Full.php,cd6419782b3c21d4c4df4da32c79fecebb1daced959566aa93e20a606510ebee,9024
Model/Indexer/Category/Product/Action/Rows.php,5b1ec15e8546ebf401c3e15cf29af4361126f3ab45a54d6a6b530de2a92c2f1d,2918
Model/Indexer/Category/Product/Action/RowsFactory.php,895b1b45679e6c0d0b3bf3d42899934c3322e9caae5a231531ca69d3e965ef0c,1767
Model/Indexer/Category/Product/Plugin/MviewState.php,a42bf69cb241f0800b560f1d0d82e038faa94c6430579538391652da74e624b8,2829
Model/Indexer/Category/Product/Plugin/StoreGroup.php,8a1ed2dbb217d40d53cee8fd58c985fceb17b28d760b32ffb89ac704342e8b03,2801
Model/Indexer/Category/Product/Plugin/StoreView.php,f3c553f6e544521357ae5b1cd42d6aa5fbb709b06bfc17200d633fed3dc71773,1668
Model/Indexer/Category/Product/Plugin/TableResolver.php,b3d85e6198a2b843e6653348aae3ac4e1e9959a895b1536c77615bb05d7c4b50,2134
Model/Indexer/Category/Product/Plugin/Website.php,de8fc12748387f3e1303b91dd7e2735ec3ae7ba7a01cb5e152c0d9578b47371f,1243
Model/Indexer/Category/Product/Processor.php,86d44fdb1fa4049a1be05a755b72818e4ca763aadb466cc3e8aaff224ceb0401,425
Model/Indexer/Category/Product/RowSizeEstimator.php,8b2f34e4dae95deb389493b2364a42e7975fe691e1a5839e9fc959785a27ed83,2515
Model/Indexer/Category/Product/TableMaintainer.php,cb8b282e914dfd54a60b39761367358e4424cc796ad9f8adb0b23f0ac6924558,5775
Model/Indexer/Product/Category.php,34f2f42fbf2d94a3285c2184f945ed2d7a944d6b5327f5028df14dfd837ca2ae,1614
Model/Indexer/Product/Category/Action/Rows.php,30d6352c44e2a2f607f9a82ec4addda92e8052837f24747d45d9170fdc287af2,7882
Model/Indexer/Product/Category/Action/RowsFactory.php,ae0ab6b8cf42db6ef2d9d3abf708e5e6076fbc0b7769a50c13aaf1f2e651f202,777
Model/Indexer/Product/Category/Processor.php,fd519b9f083e34531e0aed2bb6a4d2257dbd0cac0a11858faf59cd131374e6db,425
Model/Indexer/Product/Eav.php,e90cd37fcb05566a55dcf0b1962f10aec8bdd879adbe8fa2fbf9146f72aa553e,2976
Model/Indexer/Product/Eav/AbstractAction.php,8dc7729fc0e55e247b438e3f56dbc4b55aa6b3fe3adfef33bcccda9d064d3c27,5444
Model/Indexer/Product/Eav/Action/Full.php,381d61fb847027cbda6205253a471064931da7df60f0d7930b1f9b810b5289de,6584
Model/Indexer/Product/Eav/Action/Row.php,60e6ebc6fa68fbd4420afcf2f5b8c6d3c35b2d66d42433fc608a9e993cc0302b,950
Model/Indexer/Product/Eav/Action/Rows.php,31f94e5ba943252b6a980793097c50b9f4dde9b3313d12795e9517c8fd622f47,889
Model/Indexer/Product/Eav/Plugin/AttributeSet.php,d8e62311e0cfed879344b08a5637dbfaa5ef563e9fe13738453ed4831283c63b,2704
Model/Indexer/Product/Eav/Plugin/AttributeSet/IndexableAttributeFilter.php,ea35ecf048982383fe6b4cb98a24069fdab783a9f27f19f35b52dd4000dd3881,1872
Model/Indexer/Product/Eav/Plugin/StoreView.php,67a8fc0be7d00b4d964fea2ee458c0390172e7dc9f44c4ad9203809e26a90079,1233
Model/Indexer/Product/Eav/Processor.php,e9525d19392e9f0d6d8bdf684221727b30ab17945ee42b691a13b2359fe0cc1a,391
Model/Indexer/Product/Flat.php,edc48b7cb519c0690383e83a637a3470319cc9a12cca7be5dbeed8fe05e1f2c2,3005
Model/Indexer/Product/Flat/AbstractAction.php,37c72a5c01f4408ab175ae2b8addc2439340c59c5c930871f750f798306170c7,11782
Model/Indexer/Product/Flat/Action/Eraser.php,3955fe06064a1139ffd16e8c875c7bd7b39ea284a536256174a4d4a9ed3868f7,5743
Model/Indexer/Product/Flat/Action/Full.php,2b053296fc978bc7e023ce2c5b2d8f10892f1e48a4aa801c028101214a833e41,960
Model/Indexer/Product/Flat/Action/Indexer.php,59b35a2e13234741cdd63c8ce1fcb7e22ca8b0bbe2f2c5f0252bc01979063962,7838
Model/Indexer/Product/Flat/Action/Row.php,ae7194cb4ec2e953226603b0b1710b70a15babcdd788243c72fcd87dab587a36,4858
Model/Indexer/Product/Flat/Action/Rows.php,8ea59d77a303ba2735438a97d28c800057e55a807db85ea7bbc822dbda051424,2611
Model/Indexer/Product/Flat/Action/Rows/TableData.php,c8dfbac0cdf504b683b6db1efdb3ebe588836b12e748720a264c0e1c9ee87904,2269
Model/Indexer/Product/Flat/FlatTableBuilder.php,914bc69bcb65b465a2cb4db0d5513d771322420183359c89d31767dd6eeb6194,15583
Model/Indexer/Product/Flat/Plugin/IndexerConfigData.php,4826ab8496da9812d7fcd01167ecd0add167707c8ff3c7395d0ce088b4ea58e3,1588
Model/Indexer/Product/Flat/Plugin/Store.php,2cc9b7d796cbfc4ae02ccc5b12687999b13f308234da7807df1d891210c75eda,1249
Model/Indexer/Product/Flat/Plugin/StoreGroup.php,54f561dcfc549492006c581809b3c5d9219a97667b7a062058c47f704f794948,1262
Model/Indexer/Product/Flat/Processor.php,a4bbaee9d2af0be4f7d1237f33e69a550621b2bde45de438b316222fc773846f,2128
Model/Indexer/Product/Flat/State.php,bd8daed485589e66ed06e3e890f68f449bc193cad1a7ec11815d97e3b9a09a87,1504
Model/Indexer/Product/Flat/System/Config/Mode.php,7bbad80e4faf7aa455b51162aabee24e04ec68d2b116538d04187e569c7fe12e,2856
Model/Indexer/Product/Flat/Table/Builder.php,ed68bf4b62ecacaa0e0624278f632e49c3c8880fd01e2fec99c814ce8e1ac597,1022
Model/Indexer/Product/Flat/Table/BuilderInterface.php,874d53367e9360c2c3a1e80766ccca0dba9ab75819137c0c39756dac69b9e8ec,1508
Model/Indexer/Product/Flat/TableBuilder.php,b0cc52a8b0394dbaa54308572962778c6188fb10224da9abf58d20fce7c71cd3,15370
Model/Indexer/Product/Flat/TableData.php,10c0043e77f1ee722c972a2c1d9b8890c8347dfcf89c4695505d6f9c6f8ffc67,1470
Model/Indexer/Product/Flat/TableDataInterface.php,4147b2ad34ad9865d5e9318946f5423f3a90c444a81ae399a163dcd1d28448e8,513
Model/Indexer/Product/Full.php,548f4f7e39d712aac79e1cf27b94bb459d7e3a19f4471b12533b3f3a91f297d8,1910
Model/Indexer/Product/Price.php,75c5da3d6fae426f17c4985d891a82392abd7cafea266f111d544328a3dc5ac8,3034
Model/Indexer/Product/Price/AbstractAction.php,5086ab9dd0ae6848a7dd7e5a39ff17860059eb46a9c98ba2fe41bfddc998cb88,20518
Model/Indexer/Product/Price/Action/Full.php,e3c8e2b68520cef41daefb4864c93eae16773d4ffdb037eefbc181c91ed71f57,16178
Model/Indexer/Product/Price/Action/Row.php,0075807711c2e2a0107927cf062be046b9b68208da211a868e6d9a57b2ff9c4c,964
Model/Indexer/Product/Price/Action/Rows.php,0063518c9da4972e33a083907e2ad06c8c7fdf95dade19141138882c1778b609,901
Model/Indexer/Product/Price/DimensionCollectionFactory.php,08481139607220213fd1d560c82b657ed1d06fa490542aaccc9055b099eac8aa,2362
Model/Indexer/Product/Price/DimensionModeConfiguration.php,35fd1094b5b4d494e9f5409f9d06ff2cb5b5dd1ee752bc226b1fb2849e60faf6,2749
Model/Indexer/Product/Price/InvalidateIndex.php,4a0f6e6abe858a80c6c1fe4ffcbb44460466dca5fcf18a50ac63e2dcdd53ef38,891
Model/Indexer/Product/Price/ModeSwitcher.php,83b08d7ab8919b9b3635131f7ce24be0f99cda37eda9de4dc074a7b09d86e772,6743
Model/Indexer/Product/Price/ModeSwitcherConfiguration.php,eb1efeb0bda8494cd3be723809d7d4b4aa42db72d3b46b00ab2aa570cc881cb4,1772
Model/Indexer/Product/Price/Plugin/CustomerGroup.php,06fd470e0701d0088f9c94a05534ac55534802e7960f0863c280cecd35567fdf,4547
Model/Indexer/Product/Price/Plugin/TableResolver.php,017585d0575e0b4a269fb26b2b3e1ab1848aa182343af6dc945120e326577247,4422
Model/Indexer/Product/Price/Plugin/Website.php,5b4e50113c391778b78fa26ad3ee7d7a67d66b920fe765878b88be5bd739021c,4178
Model/Indexer/Product/Price/PriceTableResolver.php,a8d3ce0e36b8099bd48f4c807502e5d8d025c4e073e963d02d83194466c90b8d,2306
Model/Indexer/Product/Price/Processor.php,852ea5a830670d2a9286f689a355330ea2651b692e4b304f8c2eb2b00703cfdc,350
Model/Indexer/Product/Price/System/Config/PriceScope.php,bdbf4740d6cff47b59c53cb2c0ca2e70bfc14b8013aee8265b146772b284ef57,2176
Model/Indexer/Product/Price/TableMaintainer.php,1c702ec513810bf34cfd3bee35963789422f87d3a74092df3121a6e7ca03026e,7497
Model/Indexer/Product/Price/UpdateIndexInterface.php,182930d2ec73c46e34f847ff6c58bc1597d7d762da0665dc2e49a7ed64ebcd2b,547
Model/Layer.php,934bfb9f3ceae575ee1a27996c82b5b8b06e2708c1e18c5dbc3064c97309e23a,7985
Model/Layer/AvailabilityFlagInterface.php,4127115c047eeaa913639f90513beba57726c15eb2646fd5b4a3d6245f3d82c1,429
Model/Layer/Category.php,6f607aaeb55b94e430f7026ca9b16a740739278ea04b02200c10375f4afab4dd,1565
Model/Layer/Category/AvailabilityFlag.php,c0f5214878b48f2ac263783c2fc6902433a9294b971b1537cd784c0e9ac61042,877
Model/Layer/Category/CollectionFilter.php,2ac33c700376536065ea7fd62a0825c7cebf98659e1c511e5bd46122620bb148,1662
Model/Layer/Category/FilterableAttributeList.php,272a573745599fcf1bc3d4b7e3acb11a72b42b4f1987b5c198c343658e66a5a6,2182
Model/Layer/Category/ItemCollectionProvider.php,5a087505d62e91ddb2b225247066bbffbd86789b45a6b34dbff4e7a825576729,581
Model/Layer/Category/StateKey.php,510fafe1458cbdccbfaaee76efa5b1123a3278ddaed38d9230727da2f0f28030,1231
Model/Layer/CollectionFilterInterface.php,52d6e9c92897db34742eeda68554504f2e8f2f385a2875fc41473d5056369cb0,587
Model/Layer/Context.php,47d72b0cb587a59cdc957503d1e644dd4cb8c001783fb1e0db7c6d995d4e5c60,1860
Model/Layer/ContextInterface.php,10f231e24b05fc693626ccd802e84e481c53c40109f8313294de6ac5992bee4d,920
Model/Layer/Filter/AbstractFilter.php,22232fe1c6e2ef7104a4158c993792c754c5587e62f6f5b0a0aea3be8817f560,9484
Model/Layer/Filter/Attribute.php,3383eaac13d01fb028848db2e6c4a0aba877d1c119d362c552d777767c3200f9,4482
Model/Layer/Filter/Category.php,9edcdc4af83da51ca90eea1f26eef9a0500af7ea0789702048f83fff45a426df,4100
Model/Layer/Filter/DataProvider/Category.php,20c9ec64ff26064abbdb658c4c6fc2c7449a489b89fb0dbaaad6e641d25fa103,3744
Model/Layer/Filter/DataProvider/Decimal.php,a9cce9c641e97fd13231d75b58e9fb1edd78b3bfd26238e5e96e983892b93b7a,3272
Model/Layer/Filter/DataProvider/Price.php,56fb399d9d0e36dae6a2182d5f95eec6705d309de9ec7e3c05f0d2a6a7f0742b,9349
Model/Layer/Filter/Decimal.php,1d5af2ac86cb096d206933cee0f7fcbc6d02c5d4bc0cb76fe87f7adeaffca3b4,3920
Model/Layer/Filter/Dynamic/AlgorithmFactory.php,2115acbaa0bbd1ea38e34cf9588e4ed7eba51702b938ba7706ede6402eb29eeb,2356
Model/Layer/Filter/Dynamic/AlgorithmInterface.php,3394db56c1a87ae92417b5a72ff8351bc40dc8694a23e1ebb4c12b9fb59c5674,425
Model/Layer/Filter/Dynamic/Auto.php,0ebe60d272b3508b36f2a224c4df5ad546e6afe565debeab5fdff6c9fa6e0fff,3070
Model/Layer/Filter/Dynamic/Improved.php,3d3432d016d680b63237d7271cbed0040d94a4605316ad763bdef96a98589a29,3240
Model/Layer/Filter/Dynamic/Manual.php,5f7eb4819ad03a55eae333cc124d15a5d092ef894a11dc0245a2f8cb22bf9955,2979
Model/Layer/Filter/Factory.php,700b6742cef51ab47f14c234354c14b076bfda03695a59f1cc528a9d052632d4,1277
Model/Layer/Filter/FilterInterface.php,cb30ee585f6c9915dc151543c9346169bba60b4731fe477a88ef8d5d1d49f78d,2942
Model/Layer/Filter/Item.php,7973028d4a6569f6d00d9b1a84252294db57ea3601d3c9e43c350206a5d8d108,3321
Model/Layer/Filter/Item/DataBuilder.php,9c602d047d2ca4826f01b6a9002ce47a2f86ffd67dcce9bb64d92674bf6fd9b0,1032
Model/Layer/Filter/Price.php,3055dc1cd5506af3d646d3314427c19004809939e4b26358326e436ac5dca91b,8280
Model/Layer/Filter/Price/Range.php,640b6490441f0b6298c7b9a1b827ea88a6064567fa695039420fb975d472174e,1597
Model/Layer/Filter/Price/Render.php,42f527f7e7f8718ebef5e82bc4e50496971a8a38a9a37878bbe4802e0e207e4d,2818
Model/Layer/FilterList.php,9cec3a8f66d0e65d0f58443348292aab3c9ad2d13d6caa404fa0dbb9d839454d,3695
Model/Layer/FilterableAttributeListInterface.php,bdb541cfc6ef2f18d301f475d8ac8a59f9b1d54bee575e56386afa81bf8acf3e,468
Model/Layer/ItemCollectionProviderInterface.php,05dc048d03c3c529232557487301a6d67e493a76710eb08fc38bb8bc70db47d3,501
Model/Layer/Resolver.php,8c40fba8c0a5f10b47252eaf6b8eb28aac8074e4d872558b2e8fadf9dd562041,1802
Model/Layer/Search.php,398faf769bc643815561e4c430603954b37bded66f9966e5e4fe389d85fb1d04,1611
Model/Layer/Search/CollectionFilter.php,8fbbf5210b70c09e0bc73d7952b17a04a258e1564f89511ea539297a37873f22,1883
Model/Layer/Search/Filter/Attribute.php,59b955b19623a05e1bc874392b6fbccfc4ee5413402ed5a0d7d62c5e41e29fc2,575
Model/Layer/Search/FilterableAttributeList.php,a56a75b6ed47d9dc7ef5147f7b0ae728e867f129222d93cf588a568b326016e1,639
Model/Layer/Search/ItemCollectionProvider.php,c497b7cf04ea604abcf12f9eac71d4cd32d373afe8e293429a8a3fc52a24e6ef,928
Model/Layer/State.php,ce568efc00214791ecd8e4554790f525f2afb5f24b7328100a61dd3aef7403e3,1480
Model/Layer/StateKeyInterface.php,43ef57be9ddc4e56437bb788efb412017a3af310e79dd10db3ebe62f6257c45d,416
Model/Layout/DepersonalizePlugin.php,5ecb42a608e9e7c631920b8b8718681d646e778b6df7c958a47c269da9b8d14d,1409
Model/Locator/LocatorInterface.php,c416b463bfdcfee4254a667c46c047da30ce72909edc0cdbcde65333a4e21ac3,742
Model/Locator/RegistryLocator.php,312ec8189a293511640f4b3ce7ad19ab9c032c0b7e7648af24bda9e0081f39ad,1864
Model/Plugin/Log.php,a2292a58fe9b0cd3c19ff39b0a8b02738a1eecb30e4ea6bd96c042123306372c,1169
Model/Plugin/ProductRepository/TransactionWrapper.php,4a63e2f0da538db04d9a6be087255b15ed024eca585bf4412e28b96d742a8fd8,3363
Model/Plugin/QuoteItemProductOption.php,0d69638ce1a7522da60c417d6c1ce4f57bd676b0e163fbc0c7bcd42e46271905,1623
Model/Plugin/ShowOutOfStockConfig.php,9604143e17eaa54600676123be7923f6a72d7b7681eca8722033906ba34a8e77,982
Model/Product.php,3dcbd609d5ead7c03357a638164fcc905db04e2afa1edf4cf3f34026d74360e9,78854
Model/Product/Action.php,3623239e042419bae143fc8d4dafadace69158efc869fbb08722178ea5fe3392,5701
Model/Product/Attribute/AttributeSetFinder.php,439c41f6864f500a793e883ed12d12741f88eed301f596f13155cf8c072f45dd,1385
Model/Product/Attribute/Backend/Boolean.php,4551f75ba52bf247d23dfd9e3be84f109be814a5572dd08a49ffb0e8c750870e,954
Model/Product/Attribute/Backend/Category.php,d9e883f17a5469a74a44aa2f42e07fe8fb72ce88e76f33b6ee8348ea91a27081,705
Model/Product/Attribute/Backend/GroupPrice/AbstractGroupPrice.php,093d7d9cc3b9defccb1fb0c88221ea26622241e8b53c7d15aa554cf295eaa025,14445
Model/Product/Attribute/Backend/Media/EntryConverterInterface.php,30a2897a86919338e259a814e7d45982be4975f5c7a48209b515bdd1ec363f99,1098
Model/Product/Attribute/Backend/Media/EntryConverterPool.php,fffe2d8b2303beb88e0dd4891b466510db8d1c0f77d95580c803bb3744a47d6a,1649
Model/Product/Attribute/Backend/Media/ImageEntryConverter.php,c66d299669564d830a27780139f02d733a056a84e329390a6035b3f7aab3eba8,3520
Model/Product/Attribute/Backend/Price.php,5f5d8221d6819819ec319aab9a2133da8f7b1fcad409647d3f66420043e0d70c,6229
Model/Product/Attribute/Backend/Sku.php,a6d186ed47cf1c28a3bf059f3ee32a9ca4f74c28567a30820a425720d4fe584c,4263
Model/Product/Attribute/Backend/Stock.php,b6abaca6b6536cf0ee9dbde8a0460002466b1c6f4e0d669180c7bfa6456673ad,2173
Model/Product/Attribute/Backend/TierPrice/AbstractHandler.php,a2dc719a091538768707644f96f516bb37fad18d78bfb87d5aa258cd6df56049,2927
Model/Product/Attribute/Backend/TierPrice/SaveHandler.php,12742c2f69d74d1e4ae5f4780ba32d9c469bb944196e772b30fa2ab5e1ab2c2c,4225
Model/Product/Attribute/Backend/TierPrice/UpdateHandler.php,fe4766b75766af6f234a9e7001530b45537b2b8b7d80a50012c3078f1f5fe4ac,8872
Model/Product/Attribute/Backend/Tierprice.php,acbe2a52079bdc172c61c74afce82206632c3e064f36bf5315c97ebee769c514,7030
Model/Product/Attribute/Backend/Weight.php,fc68bd47e1d707eadba506b240a04453321fe30164392ae6c4b13eeee504c8c1,1607
Model/Product/Attribute/DataProvider.php,18c6e254b17f66b52b9334afb50f3d03c52995e0313c1fc820942bbdd85d821c,7222
Model/Product/Attribute/DefaultAttributes.php,52688b1181ee82ee92d29984324c6edcf976749978cc7b788484a17a36b0d85d,624
Model/Product/Attribute/Frontend/Image.php,8db6c65ad07ed1ecf94e351cf167abd383636e8ee0b821a08a32c9bfa1086b92,1353
Model/Product/Attribute/Frontend/Inputtype/Presentation.php,fe52ea9382a4119518f1cecdea6a8b5a7f589d645b63fdfa2f3fa9046ae0f37e,1414
Model/Product/Attribute/Group.php,49db7c7080613f3f35c5e1d2051014d3c8d8e70f616b755bcf9a5e28966771d8,2797
Model/Product/Attribute/Management.php,db7969651d5026c010685cc0bdc2eebb52ed3e68c230b366826b0ed6b4a56c67,1538
Model/Product/Attribute/OptionManagement.php,3fe432651dda84edf45b73353918f3cd61941b8e8e7e5b4fe022dbc912a93c06,2363
Model/Product/Attribute/Repository.php,4e952fb1440e18b17a4af263a686b22928d0e64be4730a31cd047406c5a31c2a,11018
Model/Product/Attribute/SetManagement.php,a96e9109845f8d0a6f0b265e197309affb438e45469df9713d5429243b5965ac,2562
Model/Product/Attribute/SetRepository.php,785cbec8aaa65ea0d60d11ecf78e28104003089a186aca502378c98b0b1ec6b6,4179
Model/Product/Attribute/Source/Boolean.php,7dab54439bd1a507b0480742599f81fe09f2ec6fb0763c326835d96b9959975d,896
Model/Product/Attribute/Source/Countryofmanufacture.php,5ab88cf29e509a9b16a6b43808e3c566d351fe7a56a712e1b7f8b5fe1b101bba,2891
Model/Product/Attribute/Source/Inputtype.php,4949f21726f8275e3801d6051dd6a638b86b3b718c69bef92d90ed3eea3ec15f,2141
Model/Product/Attribute/Source/Layout.php,d291e418828b6453157b5b5e121ee6cf55111f9977f78b8ffed862aaf14f0f73,1301
Model/Product/Attribute/Source/Status.php,9b9277c82808a10499c4bd9deefe768a8ff78bf1b469d3bb2d4abce9dde0d0ea,3955
Model/Product/Attribute/Type.php,e8065aeaf9b6869ccfdd95cc65f9e3fff117fc849a8cb2a9064d1bd492b0887d,1587
Model/Product/Attribute/TypesList.php,ac1da439de2c2b61bf617d757e29ee03dc8122717dc267de717e7b93b661ae1b,1846
Model/Product/AttributeSet/Build.php,ee561364a64131be92f96b4bcc43ce91c3bcc699192b693da68c9149ca8f432f,2568
Model/Product/AttributeSet/Options.php,a0391863dded7cdfe017f812ce65ccc1539a5e8a64c73b2b78e6eac6d61d9d9f,1326
Model/Product/AttributeSet/SuggestedSet.php,b31f801fd3c185098d378f067a1776f754ea7bf6f7d3104327dc615b3bcfb73e,2399
Model/Product/CartConfiguration.php,5b6d2949687b08d4df6a22eaf10396824582390861b4dc507efd5782d48b3c34,1001
Model/Product/CatalogPrice.php,56f722d854eae22897b032e5473d7a6b1cde4507a34724b4797d055d5a17f25e,1899
Model/Product/CatalogPriceFactory.php,72addd797f39e83e4a77986c3e8ff6cec52f1a70172956d518758b04d0a1d8c9,1206
Model/Product/CatalogPriceInterface.php,b13842bcf1d3d491fd9b5e45ef47270fa7e86ada944e9b50fb68aadc4077af40,962
Model/Product/Compare/Item.php,02283674160be01dec836eaf19cde23548927a2f74caaf40e681982b87e84fa2,6644
Model/Product/Compare/ListCompare.php,a425f84fdcb4eccee72935133102bbe2952060adba20e39e9028a65def21a9f7,5820
Model/Product/Condition.php,22af093667a25951b40544decff105e1e30addf21e5e0e2681b8fd503516f9d2,1377
Model/Product/Condition/ConditionInterface.php,45211355ac9956b57f56438bfd4e8251225e5353b9a734e204ace44b96706edd,687
Model/Product/Configuration/Item/ItemInterface.php,6d4309f7119991ea629535c78c6cee5fff546b6485ff1dce613b4f0845403dca,1120
Model/Product/Configuration/Item/ItemResolverComposite.php,eb37e7923cecb2a0311faca5e973602b784051d6f776f80ef6f0f87502e036b4,1673
Model/Product/Configuration/Item/ItemResolverInterface.php,318867f7a72c29d2b34be51469a1951c28562b7502f659020a2c09b4ab693f20,632
Model/Product/Configuration/Item/Option.php,d968a9089c1e26860f11f1f9b4d9c2b90ab59c60c67d3bcf9b03fb197e439882,581
Model/Product/Configuration/Item/Option/OptionInterface.php,95a81448d71fcc88b7a1edff19bd6ede8cc4e4341399bc07dae1516ce0c21938,550
Model/Product/Copier.php,f9c92decd24e4c7c7b6197ee17cacea3f1a6432b9d4f7bac58d669f94b5da63c,6837
Model/Product/CopyConstructor/Composite.php,9477fad822600e311b05f01d711b8c708f6923542d901d350b3be827dd36d86c,1280
Model/Product/CopyConstructor/CrossSell.php,8a989715bc864c82375652a3acc949a61c0887fbee0d1d7881051fbd241d7aa9,1125
Model/Product/CopyConstructor/Related.php,83dfb6ab35a98db2bad9c4b0b9db67f7c0631bee66423c6b01648dd15eb185a2,1118
Model/Product/CopyConstructor/UpSell.php,19c0ac8ae55d9e6b48e3dafcb258fd7eda511cdcfa3248120869e8b77ce1af6f,1113
Model/Product/CopyConstructorFactory.php,81efd604679d5f9edeba6e0359648a3505c115c5d8721325ea2acfd93c9cada0,1148
Model/Product/CopyConstructorInterface.php,cfb1b8fce45c22478b4dda7a232dc2dcc1fc21d07d84c14e2a8626d8044f63f6,577
Model/Product/Edit/WeightResolver.php,91f5dbfb4ab02a79bb5d069665ed2b809468cf8f23fbdb588b38b2eb128c77f5,598
Model/Product/Exception.php,7cdc34d030e9ea8fb7422fa2dba802b860ebf424e9f36fb6e75780c985c3da0f,281
Model/Product/Gallery/CreateHandler.php,d641cd98d4bae87ad92304ca0c5b48e805b720a7e1dac676e1a83a05c9074631,17484
Model/Product/Gallery/Entry.php,547ae87969888bf376407687b3e0fa35d9f289231b9d64915f0f783cf56a9c53,4125
Model/Product/Gallery/EntryResolver.php,5ed6c09f0e22394b92c38bf35508af4b463ea741b0893d80cd80087a5692a716,1676
Model/Product/Gallery/GalleryManagement.php,a8931e8c54c473ab1b16eeaf0ff2227ec7df00fb5f56928d6d98058f3b2a95b4,6754
Model/Product/Gallery/ImagesConfigFactory.php,6d9f5f7862f1ab39580f2ee250efe134323fa3e8f34041455fed69c10a821a61,1039
Model/Product/Gallery/ImagesConfigFactoryInterface.php,1ab0c22b0139374cef5ae2546d05fcc9f997c10112fa6d2efc045490fb3b71df,456
Model/Product/Gallery/MimeTypeExtensionMap.php,0684caa99298b7b1c868962aa25fbd693ee1f4866ab5e979ffc50a37d843bf36,733
Model/Product/Gallery/Processor.php,ce64391d8d6f8795335917454235cf7b86ba5ee6a6801140a42c24b2a7b5bf47,17384
Model/Product/Gallery/ReadHandler.php,56e63dd85612e3806d3aba7633f4b09df394931409958caea9576125593d0efc,3094
Model/Product/Gallery/UpdateHandler.php,7a2a2335ac8f7120c253f3f2260e6812fe87f77a88aa3d316f069fb238d0cfb1,3426
Model/Product/Image.php,8280e9fbbad8b6ad88a9406db86d69a011ebb09c7293db0162181f5761d7fa63,23740
Model/Product/Image/Cache.php,a9395687b3a59b715c668b699e072eea0e07eb506a84285d1b874134f8ebe2da,3760
Model/Product/Image/NotLoadInfoImageException.php,80ba55ea482db0c11b17be058e3560636e257bd53ac4219a2dcf4640afc07d4a,208
Model/Product/Image/ParamsBuilder.php,8fa22779c1a2bc0f5c9ec2faf8502c3e6be27d1e918059c908a044ea1876f099,4766
Model/Product/Image/UrlBuilder.php,a230ec57361457e4833612a0d8068b3bf5dc2ace8b8460853ca5428f48264367,2487
Model/Product/Initialization/Helper/ProductLinks.php,10ad23a66c927d014388d25601ad4adcbe223de570ebd5f54b45de23dda679f0,595
Model/Product/Link.php,294ebaeedfe411bfaba73f882f005b0d46c098297d56a8610f6a4e2d93e6dde6,5708
Model/Product/Link/Converter.php,f61691bfd3a6a4e061bbbaae42d690778c541db8d2dbcfbf73cff55966a57acf,1545
Model/Product/Link/Resolver.php,f70a7b260ea936a5d1823ab1499cc7e7b2a8be0a35e2db45982889b183903a1e,1200
Model/Product/Link/SaveHandler.php,40f1c076751ba60d2a4f127d6320528f060fc98cb28a7597f75dbfc8a48b4564,3007
Model/Product/LinkTypeProvider.php,6cc900db96e682350d00dc20be11201c0fcded0d75b0fb69bd2a8e83bd407118,3069
Model/Product/Media/AttributeManagement.php,ac1df10a189f6c69110411e01a8a5d66c6f1fb2c6e73f5ff9ecd5c7a63900b7e,1606
Model/Product/Media/Config.php,57d60d43e5b3305927c3836d97e059a3aa9680b9b0b245dada06b8f28f98246b,4639
Model/Product/Media/ConfigInterface.php,e0cded23b1a8fef6de34fac1dc3f5a31028085cd66d65c6664c34fda3791d6d5,872
Model/Product/Option.php,730e782e8bd8a9c434ac6083c1986dcec73177f773d65bd1957f74edf17f94e4,23960
Model/Product/Option/Converter.php,2e02eac2ae6aa498d126ab09ba9eeddda6d05d46c3c244d8b6ba6c9581d82693,773
Model/Product/Option/ReadHandler.php,f4d40ec7e1649e3c3d8f2f8799bc9686ef4674dbddddc8b7d1dad7a24390b599,1407
Model/Product/Option/Repository.php,e89472eda8c5d8e1538be58f4cd709fe54a006f925a5e63205b6a6eed0410a81,8384
Model/Product/Option/SaveHandler.php,b6f1b9caf415792e2cf2a6d3dede7870435b10db7b3b3abfd6c245039ad7c74c,2372
Model/Product/Option/Type.php,f64cd5e807f0d5f2b5daf85b5aa3d28d41cf8a0a58fa4c68b0499cc4d081921a,2214
Model/Product/Option/Type/Date.php,96e4f3283c797c5876cab3647e4fddc51f2f08be3e77d2a9baaf89dd67fb8c3d,13040
Model/Product/Option/Type/DefaultType.php,60ea25bfd073c2c0d86eeedbe0ac145917b3326961ccc0deebaeaa505a9d3f7a,12747
Model/Product/Option/Type/Factory.php,b1be2ca8744becabda5b80cf2ecd0318e244c7f69ae47c3dc31b8d6622fb5f1e,1313
Model/Product/Option/Type/File.php,fa6179bd7d15bc5ba6f5b4f24848c5f23fc54cb605793399de9a578f833610dc,17815
Model/Product/Option/Type/File/ExistingValidate.php,6ed800e6724f9846960229e4a5533f4d91944d3b118975b7592ad5093a44fa0d,1443
Model/Product/Option/Type/File/ValidateFactory.php,f4c112fbbcf8af1e6eeb0eed9879dbdca277dc75cd0704cb0271ca15207abb29,432
Model/Product/Option/Type/File/Validator.php,62f973ae3c55e9e0ec4b22bfa9a596307b6a4d04860e28c8f5f22d34744e5781,7070
Model/Product/Option/Type/File/ValidatorFile.php,4ca2aae93341eea412d63816ccec17c1ceebbac6ba3b36d3695cf301442859e8,9240
Model/Product/Option/Type/File/ValidatorInfo.php,d389576d5cd25967d5c6c8be355a1b2eeb18cbc9b03649962368fc355d93060b,5110
Model/Product/Option/Type/Select.php,63d5736e3a7cf7b311c2341ede8a3ea0bffe052b6419f695d8c8407637b86f8f,10691
Model/Product/Option/Type/Text.php,8073e91f57b87a85280369c226eee7c611219d65a8cc9e8f6d538c2b2c6e97e0,3089
Model/Product/Option/UrlBuilder.php,bc36e864417a0857b0d5e972e7b96445901a86270f1a51a7163e630b758eb725,738
Model/Product/Option/Validator/DefaultValidator.php,75598a40eaa6b1cf4a0f4902e042403228c3ece80e74e0179bb51223656b0fbf,5267
Model/Product/Option/Validator/File.php,13e021c9d8755950cd7b1884fb2da13c14acf810e5dd42ce5d7ced8aa2a20b0d,602
Model/Product/Option/Validator/Pool.php,a0d2b8a9c06d57cb0c827e2973b5ab64204d41cc4cb14365098e57bdaf1133af,662
Model/Product/Option/Validator/Select.php,0cb1aff8260b8841ed9ee56d890ff756fb5833d6057685d4d100d5f649eb9269,2718
Model/Product/Option/Validator/Text.php,8f0b424f43c1e39f9601244f6ebab84adcdb8b1d65db5990ce91eca011118763,557
Model/Product/Option/Value.php,2c4b6c56958be7816ee949a0ca3c44698d998954ae3cc54bbc444d5687f7193d,10134
Model/Product/Price/BasePrice.php,f97ce161686f705ee06f9d4e41a49340f475925adf19dd2ec62381dec499a52f,1521
Model/Product/Price/BasePriceStorage.php,31bd58b5c7b860a821ad2bcf2a32e64a9ea8311bb899b50a65422fb32143cb16,7429
Model/Product/Price/Cost.php,260b7d4fcc973ab07a6673efd1587ddac8e6b71266b6d2df8bbf66290fdcc3d5,1489
Model/Product/Price/CostStorage.php,d0750f14081e044ce6b15658c03153812bbaf8bb6f333ac3a08667676a2cc6e3,7217
Model/Product/Price/PricePersistence.php,910c51233203831964f1401557ede35733424f41e9c1e3ac4e410a84f3cd2845,6310
Model/Product/Price/PriceUpdateResult.php,5b7587152d021ec44119cd2b447afcaf04145ee79e71a81314ab589d74f259bc,1335
Model/Product/Price/SpecialPrice.php,980235ecf301cdaccb1bc7c955a17c4e91e9f9833bc7a2387860e25893e81638,2189
Model/Product/Price/SpecialPriceStorage.php,604418371f4d2f9795eaeef273c129984ccb117dd0e6a5bcc093ced2a33a53ee,10619
Model/Product/Price/TierPrice.php,506d69e4c9d3b9cef6328845359cf95c2ccbc3ef682c546af23b664d1aa72376,2384
Model/Product/Price/TierPriceFactory.php,ef724b2ed1f6d46c236ef0c92ddc47d470aed366744f93a5d882711ef781d73c,5326
Model/Product/Price/TierPricePersistence.php,dc10e5b88c3edc2ac41c5fb72931dfba9794d1cc64ea5c1a55d9f136d5e57614,5015
Model/Product/Price/TierPriceStorage.php,9e495950dcc352b526f20ef7266f64ef6461172c62b28609ed82af38cf666f46,10516
Model/Product/Price/Validation/InvalidSkuProcessor.php,f396ed0d649a706663f7f3ba538e0c27da85277fc5983e743aa7790064ef1ac9,2560
Model/Product/Price/Validation/Result.php,c30077917360076c013df2261f31aed1aa5d33885dbcbc9f5c0112abc15f9c64,2408
Model/Product/Price/Validation/TierPriceValidator.php,e3dc48f580f6a5d1e8da18b75967cba1790633e8f98222ce939f138e95c43ff5,17068
Model/Product/PriceModifier.php,b7fab66efc19bdbc236711fc45145ef3df1664f431235282b6759fb30458bf12,2674
Model/Product/PriceModifier/Composite.php,3a7c4c6812a677858c0de292196a17461d59a1e90bbc52ae03d191f9b7f0559d,1318
Model/Product/PriceModifierInterface.php,0a848a799aa8eecb9d3d167353863a627643812d0371002f8f058f69f9ca77d7,487
Model/Product/Pricing/Renderer/SalableResolver.php,15c295823b9acf83b48a6ebb64b9790ee47a6988c75b41b3d5a7912575b3cd4a,621
Model/Product/Pricing/Renderer/SalableResolverInterface.php,80c55b3507009ddea657c79babdde94b8b585a51417acb4086e1a60fd41bb356,532
Model/Product/ProductFrontendAction/Synchronizer.php,acaf02c7d1156889287ba3a841f19bc95b3204851f4aa9bff58bfa21eab267ce,7809
Model/Product/ProductList/Toolbar.php,4214ac1c664bbae9e4a8ff1030988416ad4bd5f9688d02a76ef620bccf123b1f,2030
Model/Product/ProductList/ToolbarMemorizer.php,9906c5927784aee41858a642f4592a49a41fa8dcf2e9493f93130cf0e2cd6015,4450
Model/Product/ReservedAttributeList.php,9e2b2a2f716d6faf7e178becf8e60aabce6249d8fd9c0003d0972234ed8b2774,1366
Model/Product/SalabilityChecker.php,9bba56e6a8841b471a7adb4f41bf763ad3762fd34c2ad83c1ed5a50770a8fc85,1406
Model/Product/ScopedTierPriceManagement.php,fc85396d03db81db4e06dde4f50df94789978c5638d7a282c87fb17349911343,4812
Model/Product/TierPrice.php,1fdafa21cab7d96b5c6c5bdb7c5c26dec9fce9cf9dbcf693987ca3a645390ed9,1851
Model/Product/TierPriceManagement.php,b22bc1b574491b33d3b0611729cf3b4fb6a1dba6be4abc4e7c302af537c6ef24,7099
Model/Product/Type.php,24466b32b7404cc47cb1c1f9f7822c2e5328e901125dcad28cbba9e06ac6fa48,8099
Model/Product/Type/AbstractType.php,80c84c00fd0e247281d6732fe8e4580d4d5118bc1cc47b3edb4ac21186e31afb,34643
Model/Product/Type/FrontSpecialPrice.php,e5c32d3aa2ac002a2a90fc4606f3231319952ce3506fd66fd56bdfa5a3187334,4441
Model/Product/Type/Pool.php,df107c735c8959ef989ea65a9def28d0e9c6c5cb001d5fd49b60a27abae0c7cd,1282
Model/Product/Type/Price.php,8569324835dafeb5a67064b1a985c44310333b0bfdcfe0b46bb3b47ca2f87679,20494
Model/Product/Type/Price/Factory.php,a7f55efb61f635f1c94b009dcac751cf41b193c4c08240e6ecebcd582cc17d52,1294
Model/Product/Type/Simple.php,6d2989367a0d41d6238c6453ae3e69815f0fd88be7d8fe25da4c37f4acbcaedb,517
Model/Product/Type/Virtual.php,89c9fee9c030be32ad82e6a205aa9c11f5cddce6d2569bca0a7c25c0a208ea72,947
Model/Product/TypeTransitionManager.php,e04a19b5312aa816c754d0eb945de707c5f5b28dd87b03805e85518d12bc8eb0,1402
Model/Product/Url.php,8afd5e1533c0f2bc2cf8ffe43ab6d71a3113249f895cb7fb6c76e0de6dbdda3c,6272
Model/Product/Validator.php,ff884f13309e94636cb105bbe43d27a93c122df60a4baf9f70add5cc28cb1a3f,666
Model/Product/Visibility.php,5fa40ec8c779f08d9dd4908ebab9c4d91b417145326ba35d8cb03198dd88a8ad,6971
Model/Product/Website.php,132121e422365b91c53b07243d8c539508515a90153f6cd09b96b93b1dd813ca,2143
Model/Product/Website/ReadHandler.php,578517736828653868af2d4bb16fdb043efe7fac21b9a6bb666e6e1960c096df,1578
Model/Product/Website/SaveHandler.php,50e8b01c91eea9df89e75e16e94a205a4e9cf01744b62266c8d1b7e985664e60,1958
Model/ProductAttributeGroupRepository.php,84afef5579e73bfdb0884f0ceb1e1ec50f934072ba0888094982be9809a08867,2889
Model/ProductCategoryList.php,ee1d1e4f39586acd22d5017ffec94c0c3a9efef1db11118cef19a01d8aa09772,3012
Model/ProductFrontendAction.php,a16dacdf42603bb96a8fe3b68002465c4adea3d0344a509ed3c7f65ec5468237,2108
Model/ProductIdLocator.php,b84b605c1da788178c9c42140f6fd4b5e26e8464719eff73bb093a25a69a769a,4172
Model/ProductIdLocatorInterface.php,6914d44c8bef3457e2e5832c32cca56c774642b8cb9bb6b6b1e3a3a503b49c4a,513
Model/ProductLink/Attribute.php,0733e4e63c8904ef8f0798fa150ca29bf10bf92fefb60df11d6043ef52f3b352,1737
Model/ProductLink/CollectionProvider.php,b268e0b12ba6681af80f2eced3f6d8e5a84f8fbf5cb2583e042f3d6e327182fd,1930
Model/ProductLink/CollectionProvider/Crosssell.php,b3613b460720cd9a2596cead6f2dc4abce41adf98e44913855ab4c089acad05a,442
Model/ProductLink/CollectionProvider/Related.php,d27d7c16cf9b7379b9f0d5dc4bc5088ce5f1d99687f72058d587511630ea08b1,438
Model/ProductLink/CollectionProvider/Upsell.php,f71b2b9aff838c3f26d45a53642b515c2ef34d0349b5125ea906f0a198196755,436
Model/ProductLink/CollectionProviderInterface.php,4cb91dea0aa320dd8b9b8522e4ef90c9025ace62450cbe8f5549a7c7a155ce44,513
Model/ProductLink/Converter/ConverterInterface.php,d93afdcfbf7c56f6d71502705a5f83b097fdba9be58e68998b8f631f9304e75e,498
Model/ProductLink/Converter/ConverterPool.php,c401d76b8128792cde2c3c500a735d3606db5cb9f74637eeb56d6b4db8dd09a9,851
Model/ProductLink/Converter/DefaultConverter.php,260db263cba16938463e3b4b5dbbc002a4a886baaac8c14b427ea005146d0431,501
Model/ProductLink/Link.php,86147a1b907c22a9534bede20d05be5750df4fadaaa24036071f0ce139b5502f,4657
Model/ProductLink/Management.php,c989e6f3cb660ca9643855ff4970ea74a244e6cd77670ec5632625ba1392e309,3415
Model/ProductLink/Repository.php,cb2a02a33729341716c621adc7ded3f21042f91d7c6343655089f7870171e99d,10572
Model/ProductLink/Search.php,a9c981ef5e6b0fc134278307e2efdfef7e77c3421b2f3a9bdba6ed525029aa59,2184
Model/ProductLink/Type.php,72dbc81c96fa92e1b9db625ed0dd4a0a6898bda6574996c05e3d25e65e465d07,1704
Model/ProductManagement.php,47cb630902998cc26aec17b3738add9caed400224c16528669e840bb6bfbdc21,1264
Model/ProductOption.php,1ce34c90f7ff914049cd0b121c8fd6d6aa51ddfc43e4937c2ff6506f49e729bf,731
Model/ProductOptionProcessor.php,68efada988d5fa5504111a36919f405e32e8947cc142d2666890d1b06a610b69,4097
Model/ProductOptionProcessorInterface.php,ead41f1fd65c4849aa674214749cf71b3c8b1a26f462379c11f319026ff680c1,796
Model/ProductOptions/Config.php,e7ee0e99a38759f97a6bbf0becf961807bc7002ecdc61b331e520551155e41f0,1361
Model/ProductOptions/Config/Converter.php,42dc3637e59e7f8311f065394321d12d806da33bd6e843949c38d2e92c17d101,2098
Model/ProductOptions/Config/Reader.php,5bcc0c2465f2967c6f2caa605bda480d660f251ad0445fcce2b3f5bb9d79ee17,1670
Model/ProductOptions/Config/SchemaLocator.php,947a3d3e6c895a688fcba32b41b6f690f17a88e54a5b1be6f1842cb288727c07,1347
Model/ProductOptions/ConfigInterface.php,0e9c70c92ab7bf3ded92862fc5f6f371fac7a38ed7052c09ac3099a6835d3f02,552
Model/ProductOptions/TypeList.php,9d9a50b50147c3ab2c694c700645b6d29a69c0f3d84722c5d1ac14c3bbb0c82d,1475
Model/ProductRender.php,03b1df01203bd7ddf14c400f504c32bb544f1e197ff9627a723183220a35b593,4165
Model/ProductRender/Button.php,71432e9c0597659da1fe763e134011181292bc19c1b63de1f473d4bad0f51db9,1631
Model/ProductRender/FormattedPriceInfo.php,634f3c6b547ba319490fe0da3d025101fe9c104f3dd3dd6e3af0e271ead67875,3381
Model/ProductRender/FormattedPriceInfoBuilder.php,a87fc400ba40eb2eb53c43e12357e8824808e700fe3729504b84b0a75b88699a,2329
Model/ProductRender/Image.php,3980a6cfcea298e6bf2096a033bd525bc62a300c5ea40744d9ae3a93d415b5ac,3616
Model/ProductRender/PriceInfo.php,6e4822e8c4ae1f3b5f2d8bc34083051d16914d14fc17c2b79a7198df113df129,3912
Model/ProductRenderInfoSearchResults.php,7d53f9a95bec2ff9829b2be4887162827a3fe9b7ca2ad978f9ad6ece7b9e3417,358
Model/ProductRenderList.php,fff301e97463502fcd9af897b53edff78cb8a60047b2516b5a047254545db3ea,4157
Model/ProductRepository.php,bce5fc5e2f13ac732e24e541f15e6704271a8dd5a4e2007e7420eb7ffcf675c5,29893
Model/ProductRepository/MediaGalleryProcessor.php,82fb7bd89f37863ecab88289653bd9c1866ed7eec51df97b58f97991980b8aa6,8579
Model/ProductType.php,86f901d11862015a3b0c9129f1c475b7bdb4165a9409fd2c9f86402f74fe3732,1716
Model/ProductTypeList.php,e8be6f82e8aca1af6c9a0dc4f80feaf4ff090eb91cb639f14b9a3e7ba53c448d,1829
Model/ProductTypes/Config.php,2faa2dbb52ee45c4da50bcb3ad1256790e1e44449bd7441bc7a605a83e89bfbc,2409
Model/ProductTypes/Config/Converter.php,f8a2609c72d39dbbeda2cf551b8fa51e6f34c9c49122ea29110101d05ffe83f2,4514
Model/ProductTypes/Config/Reader.php,41f117e5d1fa85fc639b8cec0d49b14a5de1a10077061625492e1a990c1b1a84,1728
Model/ProductTypes/Config/SchemaLocator.php,518ab52af39dd68a3ccbe43edaa6c25e3272524ef91291f7d780421bc7b11ac4,1341
Model/ProductTypes/ConfigInterface.php,97d1de53c17269dadfdc5d49ecc7029bc61dadfb9d0a920070adec1b861f3145,1073
Model/ProductVisibilityCondition.php,b85f5d23541108cc06f1d1f8d7a9049abe4b71906b753d185cddfd069737bab3,1041
Model/ProductWebsiteLink.php,3214b9bfbf777052f3454154987edc5c1c0cff45dc692937f41dc21e068235df,975
Model/ProductWebsiteLinkRepository.php,4e6798c3ab61ea16c82a4c270770ba4b72c7d4c06fa8017fbd1be3bce5ed1a9f,2543
Model/ResourceModel/AbstractCollection.php,88ef73a62cf95195381e733194d86666bbd7f9457dbfdd187351249c529fd64e,5974
Model/ResourceModel/AbstractResource.php,189f047d3b39382d48f271c1e6c8bd9382c46f71bcc96ac8f4f6ae796ae41fb4,21195
Model/ResourceModel/Attribute.php,459a8519b2a95f10247e30c5b82a4aaada03d626423312f388f2baece186ed63,5885
Model/ResourceModel/Attribute/ConditionBuilder.php,8d7b0cfacee7e61e6971f806083c21434fdd882df025204901888245ea41e348,3846
Model/ResourceModel/Attribute/WebsiteAttributesSynchronizer.php,c2abe86270614342935dddaa317630a0fc9f886856ba553aed4771714e705014,12883
Model/ResourceModel/AttributePersistor.php,20d85fabf4a6f14ab7ba04d4691e4fdc2b1d93e94e13fbca018a4305f4b8e2e9,3791
Model/ResourceModel/Category.php,49110e2864dbb31a205baa7b041d26e632965953d60ca249a45075b4af994cdf,35134
Model/ResourceModel/Category/AggregateCount.php,4cddbe7be9ac840011ebeda005832773681fec60c9fa043e026d67ee58a03030,1039
Model/ResourceModel/Category/Attribute/Collection.php,0652256ab43a2e9152e97c3ebe3058b6862c01a319cfea3a3fd82ad44bd121bf,2736
Model/ResourceModel/Category/Attribute/Frontend/Image.php,71ae45d1831f120f7922cf5d9ec34e0cdc1b0f5f2ba4ae1c7e7355a657a6c569,1310
Model/ResourceModel/Category/Attribute/Source/Layout.php,98f5ffdfdf874ab200cd95186f44f96bd86d8bfd3f657918f5d1dd1c5e3ecd26,1086
Model/ResourceModel/Category/Attribute/Source/Page.php,ac78cca2501707560c948741d811cf10f2a42e8aa4c00cf81414e34917b2d73a,1279
Model/ResourceModel/Category/Collection.php,d5c589c021bac2863fa30c71d360fae71f533ee2272db8a416f51e7b689c81a8,14529
Model/ResourceModel/Category/Collection/Factory.php,f326d122a18a2547ef3cb5da4c1bcc17007124101f0d13460495b857031b4fd5,888
Model/ResourceModel/Category/Flat.php,0988ceff93506c66954da8497cb8f43518eb699c8aca96835ab259eb69e9aa67,22782
Model/ResourceModel/Category/Flat/Collection.php,5b951c4551075cbbc3276fa07d9a187d24a09ee82abfe49a07afac9ae488172e,11021
Model/ResourceModel/Category/StateDependentCollectionFactory.php,da3f075699423911db74df4e51f4fea82ed5e725fafc59741019cfafb55ff06b,1522
Model/ResourceModel/Category/Tree.php,7f6f74499bafc2154d6aaf118aa643213e6b6aa8cfec0821e5cb56f32942b1d2,20956
Model/ResourceModel/CategoryProduct.php,852a69219592da0d60facb26e9bd1b4e8bc7a5144ca99fc5d3e8f3e1d1dd0156,647
Model/ResourceModel/Collection/AbstractCollection.php,9738af8fe7973f2204dbe1f790d0cd66da7b807ca1452284bb7cf3c1394d4af9,9611
Model/ResourceModel/Config.php,a33d61e92e230e093d8056484e1b1514559c579de75ccca58e24ec9465386f1f,4681
Model/ResourceModel/Eav/Attribute.php,df32216a303dedfa9b8144c8184be021021aaa581909de6ad107a7f4077eae42,25333
Model/ResourceModel/Helper.php,44072580be44f4a4b8d5f62d0fb36506e52702fa74cd25ccb11fa74de3917793,565
Model/ResourceModel/Indexer/ActiveTableSwitcher.php,5b619a7fb79d5c2e12e98cab7cd7f6d380b4785caaf1927e2d7a75a41dd8e78d,1877
Model/ResourceModel/Layer/Filter/Attribute.php,121537666aebef2bc433028dfafeb64f51007369862b411f4462343bf7760ed9,3319
Model/ResourceModel/Layer/Filter/Decimal.php,5c418ff0a0de74d9dd50f480e4bf7b9a685cd120c6da158f32f67d6d13517e6b,4759
Model/ResourceModel/Layer/Filter/Price.php,d832479107d97391f6e5a8509a83989145b194403f609ee63e688f51b73e613f,15151
Model/ResourceModel/MaxHeapTableSizeProcessor.php,653ef95626ff0c46fee4207c5eda33c1d73c670ad535929104a930cc063224a2,2171
Model/ResourceModel/Product.php,40a1caaba944717b55eca6a219435ebc13331cb2fbadaa2c86756100623eb0c8,21792
Model/ResourceModel/Product/Action.php,03fd7033df370149b2dded57f3295ec2e34153feca6f152e5b03196ad8e4276e,5134
Model/ResourceModel/Product/Attribute/Backend/GroupPrice/AbstractGroupPrice.php,ed31ddec96dd59b2e2120041035c8cb323ef62e63eca7620e2ee5111e9e618d7,4172
Model/ResourceModel/Product/Attribute/Backend/Image.php,029e91a5c19a67bca6ece31545f0764798a6f76c6a78426f0b0fc6d442e1ba90,2579
Model/ResourceModel/Product/Attribute/Backend/Tierprice.php,5fdb22b14b8bbf9290bc2ae90d7eb33bbdc156ae00d846b01ae1b67828ce28f2,1268
Model/ResourceModel/Product/Attribute/Collection.php,720015c1e31092b6218c357be3b72f18987316a121d877e58c71d00b38d93530,6883
Model/ResourceModel/Product/BaseSelectProcessorInterface.php,1eae23dde4a3c2b754545b3df8b10174f9b9c6a52331a20c38a824be10ee5cd5,579
Model/ResourceModel/Product/CategoryLink.php,9dcc195d644e33f435e1b8aa19146ca7f101002d728292490e005e24106b5716,8066
Model/ResourceModel/Product/Collection.php,cc30524c05e4b6b45e28d2235652ef1cb5d4329bd1ac84832c9341fda47f0245,77412
Model/ResourceModel/Product/Collection/ProductLimitation.php,db6fe6c2d1488eafb3ab57f3b5fe8f51c25cbb3e49888248242806977a11995e,3661
Model/ResourceModel/Product/Compare/Item.php,19f0e54f43159d62b3859aeb14cab05cb7a4779002a56b228557c39beb4ca492,7259
Model/ResourceModel/Product/Compare/Item/Collection.php,d0ca86eb1010d52edbc9124aaab4713afee6f1af2b64b70d0b9da59771699fb8,13354
Model/ResourceModel/Product/CompositeBaseSelectProcessor.php,6203866e333f8191059aa8788701ee2234011221e22f45d2f3cfc3cd364ec408,1364
Model/ResourceModel/Product/Flat.php,225970ee5e75e7893edc65d06bb46ec2c038ffda794c3652c79a6026651e2b88,6949
Model/ResourceModel/Product/Gallery.php,2c3aacdbb6fb45b7ddc5ce23c681d492608682cb9a9e25479c0985fce395bab2,14887
Model/ResourceModel/Product/Image.php,167c810728a9209ea0a26c44a8adcb71de14ca9349c78dcefd5159f4b6ef5995,4415
Model/ResourceModel/Product/Indexer/AbstractIndexer.php,51919d1f471526c70cd4afc4d248ed5fa13dd723e71d2558384e76d5f3ab0c2d,8486
Model/ResourceModel/Product/Indexer/Eav/AbstractEav.php,8a10dbfe6d91931d2443304254435a53ad6cf01268fe2022d7245c9b01b51424,9556
Model/ResourceModel/Product/Indexer/Eav/BatchSizeCalculator.php,c96204232e7ff982900ebdda1fa63ca92a38e03cebf9fb86a811a8bced8f01a2,1795
Model/ResourceModel/Product/Indexer/Eav/Decimal.php,412b497a7342642e0942dd9853b48a049d0f5f691e5b4183c664934b244ae0ba,4952
Model/ResourceModel/Product/Indexer/Eav/DecimalRowSizeEstimator.php,88ecb3117c673cdedbaa4d367cd6c1c76b1477b83221afd2f9291677d462bf62,2409
Model/ResourceModel/Product/Indexer/Eav/Source.php,eb7f2a3c84bcc2a7d0a891c4ebf9b91af84f60570ad36f2fefa1dbdcf3e6353e,16285
Model/ResourceModel/Product/Indexer/Eav/SourceRowSizeEstimator.php,59f6794c7557bb1b1c8b725d71c7b6f2c55d82681fe012f6d013572679b58687,3291
Model/ResourceModel/Product/Indexer/LinkedProductSelectBuilderByIndexPrice.php,e8a927e374726582083f34b39468855aa4e2046308bce7784b3d86182083f6fe,5179
Model/ResourceModel/Product/Indexer/Price/BasePriceModifier.php,f105c80ffb35580459269bb750cc90f64596c23795d7483880a066df469802b1,954
Model/ResourceModel/Product/Indexer/Price/BatchSizeCalculator.php,8ef224a98a70543eeba4549d6dd3e9c1a308893df996aac6488d37de1ab038bf,2194
Model/ResourceModel/Product/Indexer/Price/CompositeProductBatchSizeAdjuster.php,13c32dea22f7f48714bfcf0176347b5f075036001e4d271e9a6aa2ab6ea30c6b,1057
Model/ResourceModel/Product/Indexer/Price/CompositeProductBatchSizeAdjusterInterface.php,d023b655d7f8679b4a989d9f305d672e5ba3aeed1e0871cc23a036962bca8fc0,544
Model/ResourceModel/Product/Indexer/Price/CompositeProductRelationsCalculator.php,3367f2a62319cbc51d012227d0ba2e052114c74c639d1bce64f8f111359db032,1219
Model/ResourceModel/Product/Indexer/Price/CompositeProductRowSizeEstimator.php,9a81af720322443660347a4ab7eb61a1259802b6a83a2deff19053aff197dfb6,2518
Model/ResourceModel/Product/Indexer/Price/CustomOptionPriceModifier.php,1210ef48ace9bb110562f5c7a1d2a312006101c77a13b057216e314e1c1d2467,16108
Model/ResourceModel/Product/Indexer/Price/DefaultPrice.php,bab163f3843092800bc6d49b6574bf65e50661da40a0e3e0826b6e33a6b87725,30335
Model/ResourceModel/Product/Indexer/Price/Factory.php,c953cc23252810f931ae1ce06f7ec0a1e7ced702ada53d40cc5215ce88b53059,1544
Model/ResourceModel/Product/Indexer/Price/IndexTableRowSizeEstimator.php,603f34bfe4445bb2a4eecab3548c54a814836d48ea01b845a2acc2a3172268f6,2082
Model/ResourceModel/Product/Indexer/Price/IndexTableStructure.php,b5e7f0554597e00b263cb18835fa807a76dc128c1d8950146600aafa12ef30e4,3575
Model/ResourceModel/Product/Indexer/Price/PriceInterface.php,8e6dbf88bc53389f7ca226fd910dcda6cb1e79d744e0d1b2f984e416c6fb23d4,688
Model/ResourceModel/Product/Indexer/Price/PriceModifierInterface.php,5593d0ac4b5ba5a508a072727206e2ad406020806f9373d74a0ac9d81a5f23cb,548
Model/ResourceModel/Product/Indexer/Price/Query/BaseFinalPrice.php,e026359fb9d54a38befdc88c697ac26c187991b1f99a00fbc1aed0c0acc4e0f5,12903
Model/ResourceModel/Product/Indexer/Price/Query/JoinAttributeProcessor.php,578387db8d2ee79dd7dfb70277819535114c6810fa9edfd678e0d691ddd7ebbb,3809
Model/ResourceModel/Product/Indexer/Price/SimpleProductPrice.php,f2b5915ed1827fd2e3f9d78432681c8e506c4fe4fd8dd4b41222f7862a447726,2910
Model/ResourceModel/Product/Indexer/Price/TierPrice.php,406c2c60f2a7ef0ae7ccdb42aad4c018a2d5f47a264ee008e4d80223cd383df8,7954
Model/ResourceModel/Product/Indexer/TemporaryTableStrategy.php,14685df10bbc9e69ff71dbeea7d267117c4ea2bea770f25b931974766d49dab7,2268
Model/ResourceModel/Product/Link.php,8a82082acf6dc2baa90c712d4861b04e9a45f109cded0486c7cfce521e6a48a4,10881
Model/ResourceModel/Product/Link/Collection.php,2261428ce559f4692a207359cc0130e507a6140ebaaa72910c9e71eb567bbdd5,3786
Model/ResourceModel/Product/Link/DeleteHandler.php,194589f4111441fd8866808fc81276f5930ef9b406fa3ed58921baed74874503,3077
Model/ResourceModel/Product/Link/Product/Collection.php,b4686971df0cc95a0ce342135d922ed29fa81774e62a0ab87f3f6f07ec929b5e,9712
Model/ResourceModel/Product/Link/SaveHandler.php,f2ae7c45d494c70102b12fc470b2a0cd2d90aa0b69e517e67f9c3fb630d5402a,3571
Model/ResourceModel/Product/LinkedProductSelectBuilderByBasePrice.php,e65dada4a0cc27d571728249c80b58dca7ff77d0d48d964777def5af7d2bf1f8,4246
Model/ResourceModel/Product/LinkedProductSelectBuilderBySpecialPrice.php,33aa486fb7e820e63e547bc7f12308fbc279081f30885de775d06bbe449f7606,6214
Model/ResourceModel/Product/LinkedProductSelectBuilderByTierPrice.php,a9a6503c920b79a0d9c7a825b6111a588c60d555f943ce142607c1e146347ef3,4217
Model/ResourceModel/Product/LinkedProductSelectBuilderComposite.php,1af2327839a8bf9055f81b3a0ee8fb6b427a9fb145c5585bdd37a0848cd4b729,919
Model/ResourceModel/Product/LinkedProductSelectBuilderInterface.php,567123c3c7791568e9bb7be26f4ed5e80fd4a7ef3e3a44b6436ec62b6a370c00,417
Model/ResourceModel/Product/Option.php,fbed4a2ba76430ca59a3eb25879224c5ac3ee4fce28efabb6cc5da044c49e6cf,19650
Model/ResourceModel/Product/Option/Collection.php,da9e05e88e3ebdc30e883a27f5be8ad4bff563d76bf2e2862c59d1bbf67ea89c,10727
Model/ResourceModel/Product/Option/Value.php,38b4d9f31de0fd9c570eb963cae7a244d9385abe73880f7665c9e30efea2aef3,15614
Model/ResourceModel/Product/Option/Value/Collection.php,328476af96bd12af43ddf95eb5782c6a7fe9e14ae265fb7497d8c0b2b19d6281,7457
Model/ResourceModel/Product/Price/SpecialPrice.php,b199dc4061d5bfe263dc551a269ca56ef00cb7adc88e2461aa2ac0ebcafd3bd5,9869
Model/ResourceModel/Product/Relation.php,093985a4441c2b7d461967755fbf137d83975e60bb82f26e15f6513f06710d0e,2972
Model/ResourceModel/Product/StatusBaseSelectProcessor.php,48a7b8979531cbe5cbdbadcecba322a5f664c66c498f67c38f9804e54b163389,2772
Model/ResourceModel/Product/Website.php,f12d68371a30c4289c49043e602eb31c507d91f144ceef42a9f07169755f3625,3928
Model/ResourceModel/Product/Website/Link.php,45aeac4e8245b27e083503c0b2d9c0dafffb3dcbc3752d0ec1affb9f187ba32c,2612
Model/ResourceModel/Product/Website/SelectProcessor.php,4d59ae9664954171001b84785e52cd17e60ad4b505f41a07e868260a38fb2fe5,1894
Model/ResourceModel/ProductFrontendAction.php,b2c245a4215808264bb993e639d4c76c3cb53801e2ce9bf4df99c7c6c66c4f50,494
Model/ResourceModel/ProductFrontendAction/Collection.php,b8421c7c32b0a6b1a983220c48ed388d3798a4c71562b16e3a6cb80b468f6bf6,1114
Model/ResourceModel/Setup/PropertyMapper.php,7c5e4e5b88cf209ca8b8e8fe026bde359a4d96864b6542f2494c690abc1a1836,2340
Model/ResourceModel/Url.php,b3bc8a2fee77b08ff3b2f51f0b2f2463d033b8f70bd49c6fe3bd072a8fb99bfa,24059
Model/Rss/Category.php,55ef608954f42e4e563bb6efc1ace17bf0df66fb5dfde9b01e834baecc9870f9,2621
Model/Rss/Product/NewProducts.php,f55129111a858f2ec40bc8bb3ab26dced97f164769ca550dedcc22cee2703bde,3297
Model/Rss/Product/NotifyStock.php,40f0c2ce5c75d2f06bca486af70a903a0f9f610d350940bf4200d6d22e2b9fae,2708
Model/Rss/Product/Special.php,4a5aa165ee3669a9d4c48ba4a60da5204f6037d6dc5b1b14dacc824d61d562e1,2014
Model/Session.php,f5c481b6f7c3033f2fd29eec64759921ef0cdf9b9a6a8385b6ed40af3972cc8a,269
Model/System/Config/Backend/Catalog/Url/Rewrite/Suffix.php,42827c7ec1790340812edadec7f61469c5e3774dc60b59c4751b47d4c479eac0,8117
Model/System/Config/Source/Inputtype.php,d464712de3c998b14a63a06239d809350da19f8643345c87e81bff51e7fcc790,479
Model/Template/Filter.php,c26773c8ae086504dc483b35358256c09ba32c14c889da88ae22faf433fbe901,5330
Model/Template/Filter/Factory.php,31b8f2f7e11f8b46f2aa2d6b4271703da50b23d3e27d30b7cc00b01f5d6064ca,1242
Model/View/Asset/Image.php,fbef76f6ffcb1c6258b18fede44c3f5e1837f2cefafbf132344c2219e0d4f9d6,5318
Model/View/Asset/Image/Context.php,b0946fc4b5617cdbef659e252effbafb1bad8b49f6f7318cfc217fbf1b0024fc,1955
Model/View/Asset/Placeholder.php,7e54a59f34a3320a03214c1d4ca4339fc46b09952b4489b2f08191428bb5d4dd,3922
Model/Webapi/Product/Option/Type/Date.php,19630374889bca983384dc063f072c5c54f31e8c9cf2529bc60c6af09be59474,1477
Model/Webapi/Product/Option/Type/File/Processor.php,ba641e2ad194f5a0475c3308c17ab8dd0bd859ca94202332039e60b5249772ae,2344
Model/Widget/RecentlyComparedStorageConfiguration.php,13c222433c7eefd23ddae9427ee5d9a665a1711f8b6e409113a85259482cce1e,1130
Model/Widget/RecentlyViewedStorageConfiguration.php,ea433888faf4e6a92cee9d5f2d670126830d059aaed89e3e631a355387b8b098,1124
Observer/CatalogCheckIsUsingStaticUrlsAllowedObserver.php,a7f90afab13c13861a1aa4d297d8c5c033baab4c323e28f0ab44bd19f9e50ab9,1069
Observer/CategoryProductIndexer.php,89057027fa7a3254100ddcc3ffeac21e6cd399bf0911cfcd9bac096a1e26109f,993
Observer/Compare/BindCustomerLoginObserver.php,92011e0e0ae2c4d2e17f05a1d024edc9cf80d8b19da8f7a2d23033d06954001d,828
Observer/Compare/BindCustomerLogoutObserver.php,974ca084e6259681788553435916fd0ad08d618c77e7af09b424fa4267a50fcf,830
Observer/ImageResizeAfterProductSave.php,8c1757af05355ed0292225a5326bf323e31acac3330c73bd5f25217143ed80bf,1923
Observer/MenuCategoryData.php,f9be0f45ddb1521dbd934eb368c21b129bf35573dfb54db0dbf74161000698e6,2981
Observer/SetSpecialPriceStartDate.php,19581591d905dc9d9c79f3a4a29eeca97c0ff791207f3b3388f44b26d24fd97b,1228
Observer/SwitchPriceAttributeScopeOnConfigChange.php,212d4771afbc009703c63d7f8db29a817f198d905a9e42424dcac0bcd1e9f0fc,2630
Observer/SynchronizeWebsiteAttributesOnStoreChange.php,14ae124eb07f5c1527424bf02f65cbde38c8ff7a856f844d2a3341493347f6d9,1424
Plugin/Block/Topmenu.php,263c8cd96c042221b65722d0e6773954c6488f30bc913d0f141c5629aa853514,6947
Plugin/Framework/App/Action/ContextPlugin.php,30fccc263357d3d5a19b5bf6626197c42e874a228953a41be7c006d617b88a55,1936
Plugin/Model/Attribute/Backend/AttributeValidation.php,e09711411ccdc72c8ccf9e4be8519f5ff9ce826d7093bd5eda6ed2a54e0b70ee,1964
Plugin/Model/AttributeSetRepository/RemoveProducts.php,80370d0e71a111996ecae8f047a8b884ff0a0eba0382b28cb83864a7f3bbe601,1672
Plugin/Model/Indexer/Category/Product/Execute.php,71a808da3d257ab9d57970155851ff44d2d3da43697405ac0fbae0cc505c09dc,1222
Plugin/Model/Indexer/Category/Product/MaxHeapTableSizeProcessorOnFullReindex.php,458e3ac11644a4505fe26984b0f5e84e137e8df381ec7731a36690f7cccdfb46,1602
Plugin/Model/Product/Action/UpdateAttributesFlushCache.php,a5d83bf54bd63754bcab4a0626d18bf858f75882830c6efb2766b5e1a001ee9d,1577
Plugin/Model/Product/Option/UpdateProductCustomOptionsAttributes.php,20b9c75711bbd065fd6216cbc23d06206495ef9bfb5a4b6bb8e7928d309e53e8,1933
Plugin/Model/ResourceModel/Attribute/Save.php,a437b7070e419110e508565491b5e351a323b7decd1e12f6ce5418e7f71ee73c,1153
Plugin/Model/ResourceModel/Config.php,df69a9a7f3db9486f68f9715d0b6a33c5cf74f0c668dcc5c39c24036ee4ab328,3455
Plugin/Model/ResourceModel/ReadSnapshotPlugin.php,eb990e060ddf4ba7625bba44f41b2a2625328052ec42a8c8cf5ef86bcdc7d938,3527
Pricing/Price/BasePrice.php,516272deb69feee2292ace1d5b319a5d75fa19b441d09b16ecbf30dcc8f4b35c,968
Pricing/Price/Collection.php,54dbf93b99c26afd6569f2b3771d486d9cac4f3355d6970b3af2407fa5c05542,1828
Pricing/Price/ConfiguredOptions.php,709b10ce02af4f3810859f9f706fa818e516701f58ca12418a25da9ae5f30066,1459
Pricing/Price/ConfiguredPrice.php,6241807f163367ee50af38c0ada541489904299459086934a390eb56577c5e4f,3255
Pricing/Price/ConfiguredPriceInterface.php,41e191b8ade8488843aeb5f7c67307001e88a2ea63214a9ea5aeaa528e377ef4,642
Pricing/Price/ConfiguredPriceSelection.php,ecf19cbf902d2f4a76e687f2183018c9705b07e6a1b75e45e5b2eb8e9e306bb2,1609
Pricing/Price/ConfiguredRegularPrice.php,1729a89869443fc9d3fa864a63b8dc76c46cb40ed2137e1f0e511239f7aa4291,2058
Pricing/Price/CustomOptionPrice.php,72b591e304eed683ce6063cad0d3f34705dce2ba7481dcaf7ac3f08b8c39c1ce,8202
Pricing/Price/CustomOptionPriceCalculator.php,5be6c9179f9afa523215762f9e0a06f44e194911e465fef3568fc05e99da1be7,1571
Pricing/Price/CustomOptionPriceInterface.php,f3e11b1335ea22ddd63d9fd5dc45a9f26e6b91afdd00ea4432b111f93c907cd9,706
Pricing/Price/FinalPrice.php,152c3c02a84ee760f3c181d2a173f53f217b91fb6006a6c939ed538d79110491,2461
Pricing/Price/FinalPriceInterface.php,bf713baa78e12429245ccbee5fb8a47af30c9a5b92cec39a9d6290bdd6dced9b,565
Pricing/Price/MinimalPriceCalculatorInterface.php,e1ff53287f78f68c661d4bf01a714e930c8a23782616b30fce9725a6542ed321,803
Pricing/Price/MinimalTierPriceCalculator.php,8cd342125513e45b21459352d74da10f66b5260801b8997ad0e3c47babcfb7d5,1839
Pricing/Price/RegularPrice.php,7bf4159d10cae29ae52846f6623ecc1724fc4339f3efdf0deb1798f334531379,861
Pricing/Price/SpecialPrice.php,ec4ff7e572c6f8d523120d419aee4666856fa74feb59a75578fbe8b832970432,3034
Pricing/Price/SpecialPriceInterface.php,dd00fa2781b86750f8ca215cf422fc686a117295b0a781a9f345510f83017e79,761
Pricing/Price/TierPrice.php,05a4739a8b6f7232db742e7fbc59d628ff19e3469dac7f3dc401849eb9db803c,10562
Pricing/Price/TierPriceInterface.php,4bcf591dad02f4f30d420f13589a40ec8f9d9f99789d579ab7979a868ea5dc7b,477
Pricing/Render.php,9abed4d1c72dbd33354a09a1c05519cf9104777a955840ee5d8b1dcd8b143ffa,2002
Pricing/Render/ConfiguredPriceBox.php,446ceeda491a4376f1cb47162bc5f23b9dff114011d39a657cbad6efcbc3b3cc,5134
Pricing/Render/FinalPriceBox.php,7a9048f9a625e3bb9ad6f8a3c495f401f1a7ce90d7b0a5d7b7982e6519f30989,6602
Pricing/Render/PriceBox.php,ec7946f83347b90f6a103ed1234cc91a3a33512f84e9820c2f3f4420b453cef1,3006
README.md,a7b1249a8292dcdb788de381aaf7da310c3bb7efb3b34156cdc9d79d2c1394f4,451
Setup/CategorySetup.php,0512efa8c4cc47a12e56cb6fbbe326679f09d3ef141efb373fefc5bf864aab8c,42113
Setup/Patch/Data/ChangePriceAttributeDefaultScope.php,f691eb7555da7b1310c604dc6c9f778b4f70c885071ec94320a05356d29fcd58,2703
Setup/Patch/Data/DisallowUsingHtmlForProductName.php,b37e568183757e6ef37b993427694f42ee4ce3ef599dcf7ed2a8bc473828eb2d,2272
Setup/Patch/Data/EnableDirectiveParsing.php,841003c5d3b73c98f239dab18d466bc05f91364551bb4a8bbe6016bb92e13919,1664
Setup/Patch/Data/EnableSegmentation.php,275fa59b8b27f92f495d01c7ebc750a2f160bfb4248a5b362c053450455e9ae5,2723
Setup/Patch/Data/InstallDefaultCategories.php,ac65642c6cb2c69c3a641f6a5d0c0b52fe25bccbe33951688c4a260ec1c19245,14348
Setup/Patch/Data/SetNewResourceModelsPaths.php,169810a193834fca4cfb75c6864c2de991b8123a206fee06ff4f2ad34b57d8e3,3383
Setup/Patch/Data/UpdateDefaultAttributeValue.php,4388e7ae3bc9f95488089f0e36c6be4ed5ecb460461b9c466535de65d6db46c6,1899
Setup/Patch/Data/UpdateMediaAttributesBackendTypes.php,b1ebe1b8680a113219ee005e2e782e0ee5aff7104a4bf7306c12e44114eab390,2260
Setup/Patch/Data/UpdateProductAttributes.php,2e5f96f4f6f5573ce6ec9e1adc6545be8743d11e500c970ea989d9ab864c1429,7715
Setup/Patch/Data/UpdateProductMetaDescription.php,95a9b0e77ecd1d2b1943635f16d3aebac9d1cf6e1f080d2fa52c1df073f47e19,2027
Setup/Patch/Data/UpgradeWebsiteAttributes.php,4312614b217794f214f5f5d7d1d307f81d01147c2434d8a8447c60b06c6ed81b,12154
Setup/Patch/Data/UpgradeWidgetData.php,7d6215c9ede33beebf3558648e169b8127effc8b84ff6f173141bf54bdda40c2,4945
Setup/Patch/Schema/EnableSegmentation.php,c99951329528e9d605317cd1c414b627f45e83acd9e30f19417bba24b1c3ec8d,2295
Setup/Recurring.php,058b9ae44dc3395cd7dfd011c87bd74c6ca95d19f898c26fd3a5b0332c7532ed,1543
Test/Mftf/ActionGroup/AddProductToCartActionGroup.xml,5c4aed328ea65121547ca9deafbef9804c89873aa4da7beca54cce091a94a752,2009
Test/Mftf/ActionGroup/AddWebsiteToProductActionGroup.xml,cf02bff489398495560e0cc04e8068636cebe856a0974885887f5c74fe6ffcb2,1215
Test/Mftf/ActionGroup/AdminAddAdvancedPricingToTheProductActionGroup.xml,5d759193dbfc69e7caf92cd8da43159acd99b0c4548a4480c94e6172b9a8be41,2860
Test/Mftf/ActionGroup/AdminAddMinimumAdvertisedPriceActionGroup.xml,250f59fc063d82eb4f7f5892d2da9c8fbfdbe63baf71d48b74c6de79f6dbe45a,1327
Test/Mftf/ActionGroup/AdminAddProductCustomOptionActionGroup.xml,09582a1f3613c96f9ba9017c6293bdcf9dd880ea5ee8428642f422359fdf0618,1438
Test/Mftf/ActionGroup/AdminAddTitleAndPriceValueToCustomOptionActionGroup.xml,e404d789562a262bc3dec6ea3a6af7eebdf85a8b330eb94603a67b8519d0a39d,1038
Test/Mftf/ActionGroup/AdminAnchorCategoryActionGroup.xml,b934c0103057062b31d8339aa4a1b84a61ce0be55201b832b4f44870ac1d4262,1505
Test/Mftf/ActionGroup/AdminAssertProductsGridIsEmptyActionGroup.xml,a91f7bdae91b81a4d0f0fcbab35998c6c4df25f80344aa4d97cb0ec0758cacd2,564
Test/Mftf/ActionGroup/AdminAssignCategoryToProductAndSaveActionGroup.xml,309b1e21d5dbffb2ed38cb1c72a83ddb61306757b4f99d2cd4af871c5c9d56ed,1233
Test/Mftf/ActionGroup/AdminAssignImageRolesActionGroup.xml,f137ee15d8be85d8071cdb31d85c232416435230a61071663e30fcc3659856b3,1441
Test/Mftf/ActionGroup/AdminCategoryActionGroup.xml,d9bcca69627ebd0a7a7f782d85fd4dcc66e8e043c366e65b157a6898498f86f2,19780
Test/Mftf/ActionGroup/AdminChangeProductSEOSettingsActionGroup.xml,772a889dfda5012f3cc4dd99541b49c1a8b5b4a224f29f3b7678cee395e4054e,1232
Test/Mftf/ActionGroup/AdminCheckProductsInGridActionGroup.xml,24586b207b2edd73d827c15eeacf732100ed0cc6830d343557b87279accfd248,1049
Test/Mftf/ActionGroup/AdminClickOnAdvancedInventoryLinkActionGroup.xml,03d20d1c72d76be5847d04d512c1ec5700b27e207de1c0a1e0290e92ac3e58ce,719
Test/Mftf/ActionGroup/AdminCreateCustomDropDownOptionsActionGroup.xml,b7bdea180891fee719118cada51fb33a89a620fb2ebfdf6b172939d469f66a1c,2361
Test/Mftf/ActionGroup/AdminCreateRootCategoryActionGroup.xml,cebd233953e20c06b9df4425b5b116fbf678f55f0377b0b56c5d41e38347d805,1769
Test/Mftf/ActionGroup/AdminCreateWidgetActionGroup.xml,e7c54dbf3f1326788e73561cc535a13673e5610327064bd4e86168cb82199051,1163
Test/Mftf/ActionGroup/AdminFillAdvancedInventoryOutOfStockThresholdActionGroup.xml,c112ec91b798e75a0075ff2505b4561cc18f903825fff30fe1f029234483ed80,862
Test/Mftf/ActionGroup/AdminFillAdvancedInventoryQtyActionGroup.xml,655072b95a10932b48370d9502d3631d003d929a3c6acf6dd9f15a063fc721f1,702
Test/Mftf/ActionGroup/AdminFillProductAttributePropertiesActionGroup.xml,46e0bfcb1f5f7bc2e8a8593a14dfb7927ad3fe76ed3999c07a95aee6e9d86452,1555
Test/Mftf/ActionGroup/AdminOpenAttributeSetByNameActionGroup.xml,6ab8977f68c2b0c86de07ce217cdf0bcc42d6b0bee2f4f68e2a8bc13314e69be,736
Test/Mftf/ActionGroup/AdminOpenAttributeSetGridPageActionGroup.xml,1c23c67c5674863043841fb2ec701290181481a9fcebeb5afc3fe49f4952609a,578
Test/Mftf/ActionGroup/AdminOpenNewProductFormPageActionGroup.xml,b68ee80961dac9dc8033e3284e6201424bc5bbd07dae0332ad3e43485ccb3711,822
Test/Mftf/ActionGroup/AdminOpenProductAttributePageActionGroup.xml,de9076c602c5dcf5157da97b18c0f00fdc3ad5d923fddd753fb11ce19aaacfa9,569
Test/Mftf/ActionGroup/AdminOpenProductIndexPageActionGroup.xml,67c04a180178ab70d95c05dd1cf70ba9bb97471725d7dce0bc86fd103b6c68c7,563
Test/Mftf/ActionGroup/AdminProductActionGroup.xml,237be8929a93020c9c63c1717b2f98cd090c3993730d99315f98f3c859a52d72,43854
Test/Mftf/ActionGroup/AdminProductAttributeActionGroup.xml,266c8669c86b2f2aac8abfa60cd612367f9764068e3ffbf84ed99551103756d7,19939
Test/Mftf/ActionGroup/AdminProductAttributeMassUpdateActionGroup.xml,22be3b794fc30761a414c51a15fc132796b5c82e039698ddbb28d4d10178bb7c,1862
Test/Mftf/ActionGroup/AdminProductAttributeSetActionGroup.xml,397f365c89c59f7b1822a30187defa9a411f57ad2ae7864e891aa9e94dfbe900,6327
Test/Mftf/ActionGroup/AdminProductGridActionGroup.xml,bb385867c9ae2e64e342b290ca2c5d2eaa59f56b979b4a35d9892d9bd1e1e02a,23322
Test/Mftf/ActionGroup/AdminSetProductDesignSettingsActionGroup.xml,5e4cbf6ccf441f1065a0fc3170814922bb67053cbabaa81ea631d55a48925d7f,982
Test/Mftf/ActionGroup/AdminSubmitAdvancedInventoryFormActionGroup.xml,6168343fa010bd7197c00d0be4893677d04294941ddb136df4db1230a2a9e81c,619
Test/Mftf/ActionGroup/AdminSwitchProductGiftMessageStatusActionGroup.xml,342aa4d2b4ff36b1f39cf75d3c328febd3b8d465e567555cbcca089e4543aff2,1081
Test/Mftf/ActionGroup/AdminUnassignCategoryOnProductAndSaveActionGroup.xml,b6dc28c6c835e244a2a967391fb6adf55f3d2c040bb408dd9dbebdd5a6e31795,1046
Test/Mftf/ActionGroup/AssertAttributeDeletionErrorMessageActionGroup.xml,aa6769df5d9f00d1d749304d78846d6ca5d65368e9edc373ecf92d8b382f9f3c,721
Test/Mftf/ActionGroup/AssertDontSeeProductDetailsOnStorefrontActionGroup.xml,ab69d2c09a19568e16cb25ebf23461c6a8c7b52c3db3d1c73ac879a430fb4d0f,737
Test/Mftf/ActionGroup/AssertErrorMessageAfterDeletingWebsiteActionGroup.xml,c685a47ba4e450f77afb25128f5fa75e14f36a82230a8d1638dbf469ff0719b5,923
Test/Mftf/ActionGroup/AssertProductAttributePresenceInCatalogProductGridActionGroup.xml,c08e4fc3d6b00988277a4f9d10b5bd415a98a246b951dd922fa3a3a8b3229f22,736
Test/Mftf/ActionGroup/AssertProductDetailsOnStorefrontActionGroup.xml,7ac49a0289dd0790f926f1af83392a3b6d941120bfe90c0b3cbb11ad7d010607,726
Test/Mftf/ActionGroup/AssertProductInStorefrontCategoryPageActionGroup.xml,a51a7ddf6f98da5b2133eab2f32d19a3fcb348848679f78dd0242d6d8b51181a,923
Test/Mftf/ActionGroup/AssertProductInStorefrontProductPageActionGroup.xml,b8d504b0ffd9f1ca5adff4a74bfdc481b15ff4289329534771701feb9694c39f,2690
Test/Mftf/ActionGroup/AssertProductInfoOnEditPageActionGroup.xml,23a5c2d564e74da5cf616dc693c3a6b130dae94885151e2f18b0964ab19b2df2,1275
Test/Mftf/ActionGroup/AssertProductOnAdminGridActionGroup.xml,49003a84f78cb1374ef88c19ebb96417e15cbc0ffcfba157fdb34d163ac84092,611
Test/Mftf/ActionGroup/AssertStorefrontCustomProductAttributeActionGroup.xml,18d5d4e042febc2cbcc976949d83609f55a772140e74178bbe153940a4bf22f2,919
Test/Mftf/ActionGroup/AssertStorefrontProductPricesActionGroup.xml,5e5d1505dd2a607c13bc4a00d251e8fabec6b4d4e2953e23040b324779b8bf1e,925
Test/Mftf/ActionGroup/AssertSubTotalOnStorefrontMinicartActionGroup.xml,aa613d1d7a116be5bdaa60ecf8cdc94ede4f6c40d0db0f6d53713295f0610e55,1188
Test/Mftf/ActionGroup/CheckItemInLayeredNavigationActionGroup.xml,9aad99ca9434e439e4dd0dc5e118561fb7781496cf5147ad8064edfcd557fbbb,741
Test/Mftf/ActionGroup/CheckProductsOrderActionGroup.xml,6a31be9854b460d2a634bd46a5d6ff44876bbc17a797a53c9a97649d6d6049a4,1232
Test/Mftf/ActionGroup/CreateNewProductActionGroup.xml,40048fa7dc17b162aa3cb70c81deda8d578b84b00c5a2cfa5481b31fe636b18e,1544
Test/Mftf/ActionGroup/CustomOptionsActionGroup.xml,5273aeff56106948d120e302f39d0fc8a5d826124f1c6a1463828b8086a9e6dd,12096
Test/Mftf/ActionGroup/DeleteProductActionGroup.xml,a9c014dfa7cc08893ed641675d8f8dae3f720e911730791d5903df7eab3fa025,1423
Test/Mftf/ActionGroup/DeleteProductAttributeByAttributeCodeActionGroup.xml,6d630853c17d5164ece27fabfddb7002bf25985082477f2bf3b5e0397e4d9083,847
Test/Mftf/ActionGroup/FilterProductInGridByStoreViewAndNameActionGroup.xml,e9a872042b103d42179b6634c07f05122ae3afb3dc6aa7cb6bf1bab6506491ff,1555
Test/Mftf/ActionGroup/MoveCategoryActionGroup.xml,9518155552ebf4d1b1471abc88639b8553b33e964526bea58bf2cc6942a67ff5,1325
Test/Mftf/ActionGroup/OpenEditProductOnBackendActionGroup.xml,e166cbb869349fabf6d7d7194f7ca3a928ff4d0397e0e4c59849e26b84e13b6d,831
Test/Mftf/ActionGroup/OpenProductAttributeFromSearchResultInGridActionGroup.xml,9fb93f5167c69b04a32538a525a4cd56a0cd9009cfe4bb6e2cf7f12b6671469f,971
Test/Mftf/ActionGroup/OpenProductFromCategoryPageActionGroup.xml,eccdbab95ff421db7523668709d2065d2754d47e92bff382a956a9f33fd80790,917
Test/Mftf/ActionGroup/OpenStoreFrontProductPageActionGroup.xml,2cf426b93d44ddfba9854cedc8f84a0b840a1be65b38e2bfbb6130e20f56ba56,668
Test/Mftf/ActionGroup/OpenStorefrontProductPageByProductNameActionGroup.xml,5164a2ded203d618a0fbb1e43649aaeb7e03ce5545f39734193552a35152c177,695
Test/Mftf/ActionGroup/RestoreLayoutSettingActionGroup.xml,244d3c8ccea84a6606b8a95d48d69a65bd168d9bf13efa943168f6ce051f3c39,721
Test/Mftf/ActionGroup/SearchAndMultiselectActionGroup.xml,5dfe99739254fac9cf65beffd9be1d519d74be0fe74246e41a61d1e70160786d,1147
Test/Mftf/ActionGroup/SearchAttributeByCodeOnProductAttributeGridActionGroup.xml,0f03bd71bf2f4056ce73d08578646fc3243715d21439c06db254022f778c7cde,1410
Test/Mftf/ActionGroup/SearchForProductOnBackendActionGroup.xml,dfa45ec5ff957c80c398cdcb60195bf9649baefef749fde7bb2d9f9d0ae57c3a,2141
Test/Mftf/ActionGroup/StorefrontAddProductToCartWithQtyActionGroup.xml,b6f7aced165055ca59ead46efa69912b33fd7b804d73faa445f696727768cff9,1111
Test/Mftf/ActionGroup/StorefrontAddToCartCustomOptionsProductPageActionGroup.xml,68a0613b3cf5c72af59eeec7d3dbb24f516dd9327404ec2bbf8452a4ca7fec13,998
Test/Mftf/ActionGroup/StorefrontAssertCustomOptionByTitleActionGroup.xml,0cb7ee9ffde33f76ed300bfca4eb98f5bbcb625838e59ca424c2bbda2a16d332,623
Test/Mftf/ActionGroup/StorefrontAssertGiftMessageFieldsActionGroup.xml,cd4d67f844b8616862f465fcde93f99d7ec81740187227f2b2ae8d7189294280,1197
Test/Mftf/ActionGroup/StorefrontAssertPageNotFoundErrorOnProductDetailPageActionGroup.xml,bfb30e97cfc0a133c78a427ef7c549c8a28b05464a748e936aa5ab5928774d38,938
Test/Mftf/ActionGroup/StorefrontAssertProductImagesOnProductPageActionGroup.xml,796538cd45b03b395310575fd3fc6eb3f45270fc53189a8682fa7e8d7621cf45,1821
Test/Mftf/ActionGroup/StorefrontAssertProductInWidgetActionGroup.xml,2c13e2b06745dd15874d25de769ce96b26188bea1a956f49f7eb4f7a3fc82ace,2003
Test/Mftf/ActionGroup/StorefrontAssertProductNameOnProductMainPageActionGroup.xml,d18a5b7a31c7682a3f8ac0c0f967578609cc26628cd57106f6ac2973e48eea90,697
Test/Mftf/ActionGroup/StorefrontAssertProductNameOnProductPageActionGroup.xml,7c21f2030e05eeb58074f958a412d3544404aba06cbf354a6932c17a3a0314b7,632
Test/Mftf/ActionGroup/StorefrontAssertProductPriceOnProductPageActionGroup.xml,f4c204b246e3348d23f36eb651b8f399d880a04b22477a80e570315cac41b496,630
Test/Mftf/ActionGroup/StorefrontAssertProductSkuOnProductPageActionGroup.xml,b61bf97b2900f97a93f44b30e8d608a51ab5bc28dcdc0e44e388c9098c12f61d,627
Test/Mftf/ActionGroup/StorefrontAssertProductSpecialPriceOnProductPageActionGroup.xml,357168e59373183d6861ea2a311ed39aa3db5ae8dd486c8e4ffcfb97eb0e1c80,1136
Test/Mftf/ActionGroup/StorefrontCategoryActionGroup.xml,1d6691dab0d9bf80af846714d4334a827b2c191d43aad916e93c8a1742876139,5660
Test/Mftf/ActionGroup/StorefrontCheckProductIsMissingInCategoryProductsPageActionGroup.xml,064faf39dc254d876afe2dc2cb79960e757f98fd0d385ed2202c69a6fa3bb682,1138
Test/Mftf/ActionGroup/StorefrontCheckProductPriceInCategoryActionGroup.xml,bee1222ceabe727971d4cc15d0b79e4b549a3dabfc7ad20b4e35e6b05f14cb50,733
Test/Mftf/ActionGroup/StorefrontClickAddToCartOnProductPageActionGroup.xml,284895ea29650d06041b90c2c9f0eb3efde59f804be1f8a84c4fabc7486aafb6,686
Test/Mftf/ActionGroup/StorefrontCompareActionGroup.xml,2bc80d69f1839b329c6e362a1e11c156415e19305cda050e1a6afa80eb664a23,4725
Test/Mftf/ActionGroup/StorefrontGoToCategoryPageActionGroup.xml,b2f086ad0b3579a63ee0c6559afa50924796a220142af4b4a27211f45b133a86,1323
Test/Mftf/ActionGroup/StorefrontNavigateCategoryPageActionGroup.xml,48b36b8268e0bf19d53c4c863822c5f39d63e9bd72a5d904f097c2834f47511e,709
Test/Mftf/ActionGroup/StorefrontOpenHomePageActionGroup.xml,83e6671203c929243bf4b5e0828e2a881238bf74c0abbb39293cfa6d9be76d24,532
Test/Mftf/ActionGroup/StorefrontOpenProductPageActionGroup.xml,7936891f3ceb864cd9c8a57e313d95fab663af85717ded624c575368bd1ea275,643
Test/Mftf/ActionGroup/StorefrontOpenProductPageUsingStoreCodeInUrlActionGroup.xml,c66cf87dffe37b87d7d49a84a97fb4168ec4444c84544693beca4b448785791c,900
Test/Mftf/ActionGroup/StorefrontProductActionGroup.xml,a6450b41cf902298634fd597c698873f184d7ff56fb3f8c1c92584ad96842727,3912
Test/Mftf/ActionGroup/StorefrontProductPageActionGroup.xml,dc7e6e242f83a944ea3ee92062ee0a173071167e985e28d79bd37f41c30b8483,4438
Test/Mftf/ActionGroup/StorefrontSelectCustomOptionDropDownAndAssertPricesActionGroup.xml,4306a628c7b9a908b66abaa4665f9f810417b2123815ff658064d8522a228e79,884
Test/Mftf/ActionGroup/StorefrontSelectCustomOptionRadioAndAssertPricesActionGroup.xml,2a95ef4050574c9be7e1490b9e9c60519992da04d2866fea9717bc065f3007b4,984
Test/Mftf/ActionGroup/VerifyProductTypeOrderActionGroup.xml,1fac70650a2678c31be1646197afe073394b40385ac233e9322b6ad657228636,784
Test/Mftf/Data/AdminMenuData.xml,8bc2d57ad027840c1e7544eea4e5dcb5d4d9f87290e4b8e197c5582f4d92d44a,1472
Test/Mftf/Data/AttributeSetData.xml,f17d4bfeaf205b968e7e92eed6ecc4104f6c91e1c3e3a096916039dabdef798f,520
Test/Mftf/Data/CatalogAttributeGroupData.xml,83914e3fbaf0f7b65264d8f3592834062f147dc1e9feddd3f054f19abe63d08e,508
Test/Mftf/Data/CatalogAttributeSetData.xml,eb6e8a78c50f9a253f62f3988d9e99309c4a21221a0eab3df0ce717ad5999d55,581
Test/Mftf/Data/CatalogInventoryConfigData.xml,6fa18a4f6fe3d8cf1ecb215faf6be5a046768a93591fe13fcffc1578b5a89cfc,1302
Test/Mftf/Data/CatalogPriceData.xml,e2175873745a70447421d60027fa2b991e3c8c1c8e6fedb7af52d84d7152e36d,1247
Test/Mftf/Data/CatalogRecentlyProductsConfigData.xml,701088e02a951decaf1700001d392bf55e299b0dbe46950fc9c6bcf077fe6384,1070
Test/Mftf/Data/CatalogSpecialPriceData.xml,d27663565d396af240d4ed08c78e66f7b0f56ed4f222b611421befaf987599df,762
Test/Mftf/Data/CatalogStorefrontConfigData.xml,d73f614d20b73f4222829cdde9de57659bed126a2b5765ca6a62fc2ec3fd683d,2610
Test/Mftf/Data/CategoryData.xml,9823e2c0a1762a3b325d382e51159072ffcfd6425690bdf8e2f79d5f9981c2e3,5691
Test/Mftf/Data/ConstData.xml,1699e95264ab35fe591b022f35088e6ce47845220b7159b7a49cdc8c1420c6d2,704
Test/Mftf/Data/CustomAttributeData.xml,c2361206f452b8aa9207f4fa9d95af59c322fa41c6bfcaf1f408ec1a3d7229ee,2635
Test/Mftf/Data/FrontendLabelData.xml,7ba04b6d9db314cb0f39b62e10f076bec8ed5fb6385a03e3671c71d9b1993897,888
Test/Mftf/Data/GroupPriceData.xml,d9f7865b94e5017ccc68df4084f4d5d161cbbed024219c394d12c07f95370500,605
Test/Mftf/Data/ImageContentData.xml,a34baa74ac847847d19685e80b5ad837961069c7d49e6898ac7bcc5e5673b278,15977
Test/Mftf/Data/ImageData.xml,506b20ac1e8709122dd97574e1ffdd962e2e390c930cfdb87ec1566fca7b5f55,949
Test/Mftf/Data/NewProductData.xml,b2a821522ecda78d3614812389ff38f711873c13dba3246b0b85411e6fd830fd,535
Test/Mftf/Data/ProductAttributeData.xml,7041d05bb81d8825ed9a5f8728e04592da2d32ef6681402f439c2bafed2a77ed,18273
Test/Mftf/Data/ProductAttributeMassUpdateData.xml,c4233be1807dc039339af2b2d6c89930272ec7c51f712a3453ee20cf72b993fd,581
Test/Mftf/Data/ProductAttributeMediaGalleryEntryData.xml,b3f434841c967a31c6c53c29031a5d067e1b465a9dff628dbeda9d3258fb3b20,1337
Test/Mftf/Data/ProductAttributeOptionData.xml,01f748de96fa336536d4f643f759601d7ea9982d6987948eaa2cf493ca1c0815,4867
Test/Mftf/Data/ProductAttributeSetData.xml,4688188522c807cd147221a980cd0b5b55b1f85308c0158fd158f1bdcbda4ad1,1228
Test/Mftf/Data/ProductData.xml,33f7fea980157ad1df2af4612e59969cdb3a7d56cedd703905baffbf5644425f,60685
Test/Mftf/Data/ProductDesignData.xml,c185f34420df26664b9fe0dfa591d303324bb4ae5fd6d0d9e207824524f8741d,812
Test/Mftf/Data/ProductExtensionAttributeData.xml,dff13621e0f09c6850064ec6ad83a5a40368e03c1793bb40a924efb742ec2064,1206
Test/Mftf/Data/ProductGridData.xml,b1fd4c81d5609545ec11062a822481f7e8178bcde02345904138c07f57ce5d6b,551
Test/Mftf/Data/ProductLinkData.xml,b1be0e686f8868fb2a410716092b9c5c0afbd7e9b944e49ad9a371136c5ede8a,765
Test/Mftf/Data/ProductLinksData.xml,dfb27fefdf39a7261f437f22ec2a5319c14dd89b912e19d567107952c4c2f756,483
Test/Mftf/Data/ProductOptionData.xml,7c160cf10e44d20ff25d498aa6bf1f6dd387170861017c8555e0bdbb58522a88,9221
Test/Mftf/Data/ProductOptionValueData.xml,7b17f5eaad597fe0536aa0d1590c5b36379e70f89661e7868b26fb6f22af3a10,4789
Test/Mftf/Data/SimpleProductOptionData.xml,8d229bf59042e1df6f0ae2aee39a973cbb741608f2c1fdc6d15912710bcccbcb,786
Test/Mftf/Data/StockItemData.xml,3583f786e0fe60bf8377963cc8dc7863b194840541da768eebc0fedda580bf53,1428
Test/Mftf/Data/StoreLabelData.xml,2e01aef8bb12fa2e2496bd39f9f51f1331f103392706aa22f726a5fa3b6e1b50,2635
Test/Mftf/Data/TierPriceData.xml,4f051dc9bb31544681016842158d13b580f20181a28ea7b7c413d9647a604c73,2714
Test/Mftf/Data/VirtualProductOptionData.xml,e56fa0591fc86af6b0f0c85d88d85e890a5f1e21aa46868226266088311a8ab1,2802
Test/Mftf/Data/WYSIWYGConfigData.xml,1870180da0139b3d90588fdfbecdcdf9c2f8e218e671747bfff29f63d254ff9c,800
Test/Mftf/Data/WidgetsData.xml,990bc6009346b52578bc522f4e7a24e661d373636c7173fc63aa48c244580c9e,1440
Test/Mftf/LICENSE.txt,4c8537fd5431aafcb0ab22c49cba68febb59dd3595210f6c6c3b9212de0a7b49,10364
Test/Mftf/LICENSE_AFL.txt,49d9aa4c0615ff95305681c358fa1575f54ed3a512b016f61c71d6784860dd8d,10376
Test/Mftf/Metadata/catalog_attribute_set-meta.xml,86675bcb8b964c7b9afd7efb20f740a542883905fc2ad1ea2088268e32f4cddd,1350
Test/Mftf/Metadata/catalog_configuration-meta.xml,bc57504b12dddfb3bbc8871e7452777649b7b25018d8cdbb65dc70bf52a9307f,6951
Test/Mftf/Metadata/catalog_price-meta.xml,7418d6b9265071171e9aeb066c183813dd0dd52aee84dac848893968e2f47fa4,1134
Test/Mftf/Metadata/catalog_recently_products-meta.xml,729811804c4a63b7d52107091b56e45e585e3f1dae24d7df7c63cc0289a643fe,1060
Test/Mftf/Metadata/catalog_special_price-meta.xml,a74cfbc5cba74ecb90084b928efc2d069e9b9925969479c450aab0112d02e219,961
Test/Mftf/Metadata/catalog_tier_price-meta.xml,0d864809d3163b28776432259be9b127571479a7b5a3b105cc5febeea67c1502,1009
Test/Mftf/Metadata/category-meta.xml,b13ceb43b33a09b32d80865e78643eb0ae0a2e3b5e5ebca8d3b39e756232356a,2690
Test/Mftf/Metadata/custom_attribute-meta.xml,0549a7fe2874b62bb9b0be4b71a23a0fc09add02a6db3f69bac8f819451d992d,965
Test/Mftf/Metadata/empty_extension_attribute-meta.xml,1f4d705a7e94008f5d7cba5e30f413e1a14a7f7133115266ae99c513032cc73f,568
Test/Mftf/Metadata/frontend_label-meta.xml,0d69417df8055daa38874b829de3dce7b5568d3c9abcfafb7157265e7342145f,513
Test/Mftf/Metadata/image_content-meta.xml,2f41b48b39feb848d7aad2311a367f089d4d59c2682a1914e1d52c9dc9f90073,989
Test/Mftf/Metadata/product-meta.xml,f4d1fb77179ab4424e86e58f530e42a45f2fb609ba7451e8ee14319a8a8e2c55,7586
Test/Mftf/Metadata/product_attribute-meta.xml,5353060d8615e4a1fa45e7187500b5f041d5923fe13c092683f2b93b8d72f286,5795
Test/Mftf/Metadata/product_attribute_media_gallery_entry-meta.xml,c0ed75db81a3f14702e6d2af6215d76ff3c90e88bf7edb740891192876dfdb8a,2453
Test/Mftf/Metadata/product_attribute_option-meta.xml,268ee795411d5720f2553e5ff338ba92af9d7eff417e1034803f138b814f8b85,1482
Test/Mftf/Metadata/product_attribute_set-meta.xml,dc3e6d00e35ff2a2ffb6e62925bc9f4bb5ee29c89365bc599cc4c8b7379adb56,1573
Test/Mftf/Metadata/product_extension_attribute-meta.xml,3e7cf4a917244b1fba4b003ecdb588bb57dc649e08d10ee94e7c86dca9d81a6d,678
Test/Mftf/Metadata/product_link-meta.xml,2289967ffadaedaa536a5af86a96d4b912108bd2f5bfeed34281975864131d72,1306
Test/Mftf/Metadata/product_link_extension_attribute-meta.xml,7ad6cbb25425680043cb426c86734085250dceaacf50fdba518d0e764a84e1c3,780
Test/Mftf/Metadata/product_links-meta.xml,c1d0af85f6bf7080eb801bade91aac58147a736e1c9f4bf50639794f0f1cdc7f,885
Test/Mftf/Metadata/product_option-meta.xml,749d05820b9574baebe6b69e652f976596ad8bce5dbb28682e568caaaeb81521,1918
Test/Mftf/Metadata/product_option_value-meta.xml,0dac6baaf86b195c33c8a9fb6b10671527da9522c9bb0030c4318944369f4b47,1090
Test/Mftf/Metadata/stock_item-meta.xml,13cc4b281eddd9ad17e2433f3734059a04ae546999913a7f172df0ae35d980e4,690
Test/Mftf/Metadata/store_label-meta.xml,4f9bfc095215e94c068712940b4bcd70dc53dd45dcf8f8371ac4476476e83866,507
Test/Mftf/Metadata/validation_rule-meta.xml,5e307f088eef3afb7b695e0d4d239ef134aa95d67ee838b9cfd6b6a1e2d5488d,694
Test/Mftf/Page/AdminCategoryEditPage.xml,e60d80f74bcf49e8669c1434e1af670566bad04b25fc29a757e58974fab5bf35,1012
Test/Mftf/Page/AdminCategoryPage.xml,70c8994d4807354f1affcaf499f2c0e371ab1a5513e83dbaaf24a22278d9419f,972
Test/Mftf/Page/AdminNewWidgetPage.xml,c6beb084db007499c2d475d1e83416f07e433ca185a547e991ba034ea5798582,547
Test/Mftf/Page/AdminProductAttributeFormPage.xml,22fbb0bef04d81e68f75b77741a16906114fd7137168de53b3880157d168976a,482
Test/Mftf/Page/AdminProductAttributeGridPage.xml,bafd3b29bb8edfc91244524ef5ebe207670f691b4d58b19355ce4b46489a0299,484
Test/Mftf/Page/AdminProductAttributeSetEditPage.xml,5cf864422e6302931ffe54340dfc11f7b2162d3948c9b34e6a62791d29c4e8a5,492
Test/Mftf/Page/AdminProductAttributeSetGridPage.xml,e612767f8d71556c0fa6ce7f305dc8c7d6698205c8e1814abb72e080b28e05bc,497
Test/Mftf/Page/AdminProductAttributesEditPage.xml,fbfd9d515fc4e489e52a88a72beca1b946c330754ff6ba4797c848860f3159aa,494
Test/Mftf/Page/AdminProductCreatePage.xml,24673475df05aae85ca3ebc58ab250a3d4cfc19fbeb673e0a9026537e7d8ca75,1102
Test/Mftf/Page/AdminProductDeletePage.xml,499ce34208bf1cbbf416fde800e4822cb88024a9e2ccd0b355dc39cebac94da4,567
Test/Mftf/Page/AdminProductEditPage.xml,86aa0e7cc4f1f765e7cb61b208ad0aabd14bee289d46b991926c6df5b3fd97bb,563
Test/Mftf/Page/AdminProductIndexPage.xml,f46dd086aaec37bdee39c3604786482a8b934ba09ff9964640445200efa665d4,748
Test/Mftf/Page/ProductCatalogPage.xml,bb5197058b8487ea3541e6b9e377675388badb565061c62ed50d1564bd9bcae4,471
Test/Mftf/Page/StorefrontCategoryPage.xml,f651584b2eb0c2c410b2eaf1696f3c865ad843183fed94dec42f5ecb61d15f38,538
Test/Mftf/Page/StorefrontProductComparePage.xml,95b5bc71e516585a0988024ac0e94ea16aa75d1754ac618bbc3d2a4d072fee1f,504
Test/Mftf/Page/StorefrontProductPage.xml,30781b13c3ad9069d3ada05e18e886e427a2ffc534510f76e8c80cfd9e724c49,788
Test/Mftf/README.md,879193076830c627cb83f6385418c422c8c283076357c639e3a5971c99520f38,87
Test/Mftf/Section/AdminAddProductsToOptionPanelSection.xml,51eded72570b6763664eb25d5f3f35dc87af221ae7005a386799ce97628a4df0,1209
Test/Mftf/Section/AdminCatalogProductWidgetSection.xml,52bcae49d3fd95d4fef617ec99ae7b6265e2f20ca1884b717536a1030ace4e23,627
Test/Mftf/Section/AdminCategoryBasicFieldSection.xml,c84edb0f5b151f3e43df04afe9a1f0792a7449307ed72d0002b5b44bf56da50c,7371
Test/Mftf/Section/AdminCategoryContentSection.xml,7f8839554dd57234a072d5a1fd1960c8b81936fe9def1462a7de385314a2f15b,2130
Test/Mftf/Section/AdminCategoryDisplaySettingsSection.xml,30952f0380fb6c4c4cb67576617f13be95c7d0b042819f22662c5eabfc55f8da,596
Test/Mftf/Section/AdminCategoryMainActionsSection.xml,4b072c9480d41d2972206c42ed7046489974395d87f4c283765b9f4458f38ce0,1178
Test/Mftf/Section/AdminCategoryMessagesSection.xml,bec20eadfc80f58b25aae4ebe4112b4dcf65dc246993c9fd08c6ede5d8c6406f,565
Test/Mftf/Section/AdminCategoryModalSection.xml,28846bc3bf9775c7bf5661d97420225fb19b30d75f935cc7b3bc096e03a1c98c,761
Test/Mftf/Section/AdminCategoryProductsGridSection.xml,d55302d852711e7ad4968c46bbbd2c4ffab579ae27af4a986c1070815751c70b,1704
Test/Mftf/Section/AdminCategoryProductsSection.xml,c4f2f7ee59c1a0a38f6014431123bfce7eca3431f0bcd72766bb9546d97f1691,600
Test/Mftf/Section/AdminCategorySEOSection.xml,efd0e240d7ef5c81d40c2c6ece58719d10e67b9ca308ca15a9e2c6173e9f5f39,1129
Test/Mftf/Section/AdminCategorySidebarActionSection.xml,8fafd9f5d2be1755e4d2ecb4cfccd3b713827d950aba875900f0984a6c6a15fb,604
Test/Mftf/Section/AdminCategorySidebarTreeSection.xml,753c5d6ac6b0ed7fc92530fb8893e362677335d6c76fa991cf8257d57b4c1b12,1303
Test/Mftf/Section/AdminCategoryWarningMessagesPopupSection.xml,d583796398f8772669102e4c823b45f336b5279730ce807d0bce852e4e379c4a,705
Test/Mftf/Section/AdminCreateNewProductAttributeSection.xml,0a9c8e2bbbdfd4be8e01662b75533d8a5e4254f146b4e72510a10ad36f4120e1,2959
Test/Mftf/Section/AdminCreateProductAttributeSection.xml,b00b1847fe6547e193bf053abe4487687de6da3a1c2a523ce1ec0f460e63c6fb,8504
Test/Mftf/Section/AdminEditProductAttributesSection.xml,aa48734e570ad1d9d09bdce7c10a8c4595c893c0e23ba79c1e8a98385cf649ec,1760
Test/Mftf/Section/AdminNewWidgetSection.xml,ca564ce6a6fc9bc726c91f0fd10930bc472b29f90d3f4eee2430abad0a99ed76,464
Test/Mftf/Section/AdminNewWidgetSelectProductPopupSection.xml,7080bcf459f9242379799abac91ae819228a68363611cd385903be24ae65eb0a,580
Test/Mftf/Section/AdminProductAddAttributeModalSection.xml,3a11ace0050c9deac6d8af2f4ace228ec356d77bd7173ce42b98c20951d0fe04,1311
Test/Mftf/Section/AdminProductAttributeGridSection.xml,04a7ef9dba7980f54ae13b29cac1a00f93aa0e0a7d52a4343fb1c67128ef9960,2123
Test/Mftf/Section/AdminProductAttributeOptionsSection.xml,c8de8b71b258cc2bd37256441e97a30e7c653c03a657da5d74cbd6a639201e16,667
Test/Mftf/Section/AdminProductAttributeSetActionSection.xml,cc392952d22c70c50494c3d7cbcb5df2c012caf2e7e6b4bb409a17684bc665bf,659
Test/Mftf/Section/AdminProductAttributeSetEditSection.xml,dc41bba6ba21434e704139e10884a9199c5d984f60b1edbc14375f4aaee6da8b,2502
Test/Mftf/Section/AdminProductAttributeSetGridSection.xml,590a58eb798111d094ef371ebdb0460aa0f763c6c1612ca41eb2cda5f7214c56,1035
Test/Mftf/Section/AdminProductAttributeSetSection.xml,8cd02c0d103da3e575edce2a5e49b1343dcb4dd6f4112a3f41ef0186b4095b19,1798
Test/Mftf/Section/AdminProductAttributesSection.xml,fb24fc40e613d55fab46d1767345cbad4632ab288e48d1351dd7d1c6e1af5d08,926
Test/Mftf/Section/AdminProductCategoryCreationSection.xml,c75066691b8da913e65dfa67cb54582ec8f154fadd9ed309397455783d211538,1116
Test/Mftf/Section/AdminProductContentSection.xml,7cf01916102ac549c8f5cd037fda159a51d14622dde3ead14efd3db6b3450bc2,1035
Test/Mftf/Section/AdminProductCrossSellModalSection.xml,f710823e97a117ccd55c29bc08aa5119a5e52592c43fe65db1a17da5a515483d,521
Test/Mftf/Section/AdminProductCustomizableOptionsSection.xml,f876c3e906ee8959aa1a6f0050fcf9e69edfef3ec113f0b805da8f25473714dd,10376
Test/Mftf/Section/AdminProductDropdownOrderSection.xml,b1b4c85df3ec4f7085c42332a45a2a151468d02541c0d9abfb244eaa47ae9530,929
Test/Mftf/Section/AdminProductFiltersSection.xml,68cbae716cbe3514d7e0270dec759e43e8d7f71cd80a2aeb29ce31478ab5fa6c,3324
Test/Mftf/Section/AdminProductFormActionSection.xml,cb4b45acd8343743e9263f3974cd5122d1292da3ca3ce84242506410aa941cf3,1354
Test/Mftf/Section/AdminProductFormAdvancedInventorySection.xml,05f7afd3164055b10e9ee20c3c501c9b78fa9145b40d02145e994c5702be3a3c,3408
Test/Mftf/Section/AdminProductFormAdvancedPricingSection.xml,0ac0b3db3e7491d32ecaf478999ed3e6749af2bc63a0bd4a03977b0a6f9a2fbb,2573
Test/Mftf/Section/AdminProductFormAttributeSection.xml,822da5a7adb2283012be20557b02403897f2bbc56b21ff07b4e469e8f2ab558c,3272
Test/Mftf/Section/AdminProductFormChangeStoreSection.xml,dcf455752727b139107f04ec62405523dd97442e63585d11ea733109f7a953d9,624
Test/Mftf/Section/AdminProductFormSection.xml,d3450118da14dea092c1bc1506902fba41d64816b5f056ed6bbf0fcd81026596,24938
Test/Mftf/Section/AdminProductGiftOptionsSection.xml,be3ec5b99af6d260bc346e836266c1802eef544ab22ac5566c37b6b8575b62aa,890
Test/Mftf/Section/AdminProductGridActionSection.xml,d1484ee95637a51d43130d57b8aa094309ce808fdfeedc0753fab589d96db02e,1620
Test/Mftf/Section/AdminProductGridConfirmActionSection.xml,6ea5701f850ec81c6db8da2330f065585c47b399969e96e012cae9a62f572582,785
Test/Mftf/Section/AdminProductGridFilterSection.xml,bcc99478868c4ba458e9e8a37000c378a9d7abec890f35c32b977f384906bee9,3874
Test/Mftf/Section/AdminProductGridPaginationSection.xml,61335d88cee9f29716e71f8883571721ff86a1fcdf02619aa0957c59cf300d32,1563
Test/Mftf/Section/AdminProductGridSection.xml,6465f273d718933a1cc4285328ca8c10533faf3783d402818a3cf3aa0d8e914e,4569
Test/Mftf/Section/AdminProductGridTableHeaderSection.xml,02e33a9d7c9dd03de64b2656e104a3df24e555f0ce5e264dd5ef3c9edaf8b919,588
Test/Mftf/Section/AdminProductImagePlaceholderConfigSection.xml,47882a0690ac1ec32a24c1d5c0efb9ade42b63c5e8cd66311546cfee992dbeb4,2666
Test/Mftf/Section/AdminProductImagesSection.xml,34306c8ccca3deb6bfcbd274e9e44aa302e3c6c1e28d34687110087938da296c,3010
Test/Mftf/Section/AdminProductMessagesSection.xml,97458d627c26481805e9e6554d21f11574cadb69597829f4ae2b5286680d5c56,549
Test/Mftf/Section/AdminProductModalSlideGridSection.xml,ae14a8af355532668631f7fb874558e3b1c43c18fdaa18eab8e212292e64b40d,801
Test/Mftf/Section/AdminProductRelatedUpSellCrossSellSection.xml,3cbeefabffd50ca0eabc1f38ef834d04b215dec9ccb76f32b0ec530634036551,2445
Test/Mftf/Section/AdminProductSEOSection.xml,2a964d9a4bd8d7cdab0639fe34a5c496ee24d134f6230988486af20c9c98dcee,1016
Test/Mftf/Section/AdminUpdateAttributesSection.xml,d3847d84be378d7a93b0111d8e4ce1ba1b42bedb1403875bb7cc9fe65ec24761,3147
Test/Mftf/Section/CatalogSubmenuSection.xml,db709d8f15dd34d7513c7e366738f9eb574bafa4531a9ebe87a0f0ee5d7ef6e3,531
Test/Mftf/Section/NewProductPageSection.xml,fbc40e28b895700a9c875be9967f6f87ef9515abe44035db3666787213e0029b,963
Test/Mftf/Section/ProductsPageSection.xml,11e81d793bc9361ac594531141a488f3b41146e1318f0a0065555485245127b9,1196
Test/Mftf/Section/StorefrontCategoryBottomToolbarSection.xml,c409a5d3e11dee1e2d8f4d30ddba949e6f825fad23070a9922711ae28e2f9f1a,1002
Test/Mftf/Section/StorefrontCategoryFilterSection.xml,5c898df488132db4d35f480894639b2dfd667ac4521402855abc841217ff8805,697
Test/Mftf/Section/StorefrontCategoryMainSection.xml,07e81d5dd6d868d0c217ddc9d521369f4f6550ca525020d9f55d16f26729b3d3,3161
Test/Mftf/Section/StorefrontCategoryProductSection.xml,33e521107e3ba0b123915d6bcaf9ce1759a4b3c7e069fbe1ebcd071a93a86089,4331
Test/Mftf/Section/StorefrontCategorySidebarSection.xml,d731d2fef274eaeeee5abf87dc2f99a5c74039914362330798a1357e4b129c25,1025
Test/Mftf/Section/StorefrontCategoryTopToolbarSection.xml,921bc1d6754f2eb4a8af60e12eb70429b5b0c84d4e8c4e268edf1926148efcb2,1114
Test/Mftf/Section/StorefrontComparisonSidebarSection.xml,0165518b155a5538e9cf27350bbe8308d6562149e0902884ae43527690f71285,980
Test/Mftf/Section/StorefrontFooterSection.xml,01a0677319811d8d24add05b9b4a0d8eea29b436100eef12123a91d15e979332,634
Test/Mftf/Section/StorefrontHeaderSection.xml,50b9b19bce5d986a402ae4e69de10ee733eb8db35a32bd7c3b89e032f19d29d4,525
Test/Mftf/Section/StorefrontMiniCartSection.xml,56ab47da53f33b1439096b622feaa46326890b3cc717a8bdd8093e8ffebe1d41,760
Test/Mftf/Section/StorefrontNavigationSection.xml,a56ad32d6c75a7ddcea547e091d115836aaf582427cfee6a5e1dbd70e4129051,973
Test/Mftf/Section/StorefrontProducRelatedProductsSection.xml,e238230b5d5696b2121a1f6cef2e2b7eb9833c71537a504f77e8d148db7a201b,1034
Test/Mftf/Section/StorefrontProductActionSection.xml,145b862ea0de24ddc615d76f516593f505ca693744729b9381a94806d3f7ac90,879
Test/Mftf/Section/StorefrontProductCompareMainSection.xml,c179c7bf9eb7471507a7a8b9d39e149ed17cdda9944ae3241de1611e5628dc94,1450
Test/Mftf/Section/StorefrontProductInfoDetailsSection.xml,5c33eb361fd97a04c9b87bda5857b5fb50f5c13b5bd5df3575e3eec0ea8ebe4e,577
Test/Mftf/Section/StorefrontProductInfoMainSection.xml,5a96bb10da6089d83c5cee4fd129b13158655a7d3ad9648deb663cafa417be75,14474
Test/Mftf/Section/StorefrontProductMediaSection.xml,fdbe0730dd082ca8f026e21318f4e2f58f5bdfb75c53b7bcfe9a151b5f5e00b8,1662
Test/Mftf/Section/StorefrontProductMoreInformationSection.xml,dab4e58d21c130f96c7f33e89b4a31731e8d2a6c875e13ac1ff7e46ad24800c2,1115
Test/Mftf/Section/StorefrontProductPageDesignSection.xml,9a7e8ed5ced92e51ac6d05a1dd0a60b07296cd2d9f117f869df961dc787bdbb2,565
Test/Mftf/Section/StorefrontProductPageSection.xml,883f4d4df5435c16d4cd10a3092612c05bbfca44a5fce6e2ec504b9922fd2e4f,2075
Test/Mftf/Section/StorefrontProductUpSellProductsSection.xml,baded14965f96d319db22b2c95f031e47826cdfcf6606c23dc3d1cfe11fee695,567
Test/Mftf/Section/StorefrontWidgetsSection.xml,07c35b8e077b9ad20ca9dc49ae0cb73b1c371a1565a4acb69004edd226f7ef19,732
Test/Mftf/Test/AddOutOfStockProductToCompareListTest.xml,2fce12f42ac2d708a72083e6e0ab4130edf131b433bb82cfd285bd1b0c81e544,7166
Test/Mftf/Test/AddToCartCrossSellTest.xml,d497af927c192a1a571fbd1a3146d8bc9b8cf4d522f8164d52abea600db89cc1,5396
Test/Mftf/Test/AdminAddBundleProductToCartFromWishListPageTest.xml,e1116d683e0ca5f7070f48e69d0d3388614e96db1956bdfd9462d259a023f6af,4960
Test/Mftf/Test/AdminAddDefaultImageSimpleProductTest.xml,730f9ee8961d6633a71b3b7d2019365466049e39100632c360ff0931f15e400c,2801
Test/Mftf/Test/AdminAddDefaultImageVirtualProductTest.xml,3df3e21c8dcb677a14ea1cfe0c19d0dea7efce6b115da1036a618bcb4553c9a1,2736
Test/Mftf/Test/AdminAddDefaultVideoSimpleProductTest.xml,6cc69316670f98a3425bf24f02cf28d84e457d42c67bf4fadc3668742819f886,2188
Test/Mftf/Test/AdminAddDefaultVideoVirtualProductTest.xml,2f8ae34bbbae68daf7179ede17cab68d4dffe25bc18868c33241650e1094be59,1562
Test/Mftf/Test/AdminAddImageForCategoryTest.xml,86f9b314f66f1bc1795c727dfd70599dc63189e7f7daa75043f0982ae9b4645e,2150
Test/Mftf/Test/AdminAddImageToWYSIWYGCatalogTest.xml,ae96fb19f19a942431f60d09b719b42e779f41090c4ae6d2d10c333188acab6b,3492
Test/Mftf/Test/AdminAddImageToWYSIWYGProductTest.xml,5f52445cab303d933df363310baf5b1ab0136bbe3780e48878ebfbb734db7e0a,10193
Test/Mftf/Test/AdminAddInStockProductToTheCartTest.xml,be9cb1e430cd9d250a9d5945c5e40e559656b5b31fe3e4b8944e02215dc8967a,6936
Test/Mftf/Test/AdminApplyTierPriceToProductTest.xml,9ec2ba3c27d9ec3f6f070a4065e7915771a0814e5a5024a661a49b60b4ee8b05,31160
Test/Mftf/Test/AdminAssignProductAttributeToAttributeSetTest.xml,2803c40068755260a187caccc99484882146b5eb75cf79a33bc9934a44354fed,2961
Test/Mftf/Test/AdminBackorderAllowedAddProductToCartTest.xml,4fa0fdf825d7857ed02836deafcb76d491bddf04008ca9727a45dd17a19a1432,2947
Test/Mftf/Test/AdminCatalogCategoriesNavigateMenuTest.xml,f58bf9f2f1bcf920c3bb3b7ab1278bf38c67fccf479cdc395bed1c8fff3df44c,1499
Test/Mftf/Test/AdminCatalogProductsNavigateMenuTest.xml,35587cccfe8dc9dbada1a75bef08f2f9c60e69e0c88934aa8955a5a783f3a482,1494
Test/Mftf/Test/AdminChangeProductAttributeSet.xml,db2c3a005aa9cf4844cba51ff95303416641e1e86cc8abe92b110025f81056f7,3666
Test/Mftf/Test/AdminCheckConfigurableProductPriceWithDisabledChildProductTest.xml,406996e6602de05d41f00ccb27e6c5904b639d8cebf18a348d8dc3a04f7b114c,12572
Test/Mftf/Test/AdminCheckConfigurableProductPriceWithOutOfStockChildProductTest.xml,80e4c6b8435b8bbb477bd247d92763e586a4a73744241660837fec53cd34ab75,1276
Test/Mftf/Test/AdminCheckInactiveAndNotIncludeInMenuCategoryAndSubcategoryIsNotVisibleInNavigationTest.xml,90c8ac4de0b246b780e6195425fc57920a0a97a4d7056bf28b8ddeab2048a04a,3399
Test/Mftf/Test/AdminCheckInactiveCategoryAndSubcategoryIsNotVisibleInNavigationMenuTest.xml,52f6fc5891604fe1f8406a1d22c71f27d8605f077d7a394360a8671f9e58984c,3323
Test/Mftf/Test/AdminCheckInactiveIncludeInMenuCategoryAndSubcategoryIsNotVisibleInNavigationTest.xml,dd695dd66e753f2287c652d17bad10b47e0f76a99ab09929c93bbe693a14bfbf,3369
Test/Mftf/Test/AdminCheckOutOfStockProductIsNotVisibleInCategoryTest.xml,36439baf5f35fc03f16bc8f0d7df7007dd73fe6ea7e63b37ea7c573c483db11c,5566
Test/Mftf/Test/AdminCheckOutOfStockProductIsVisibleInCategoryTest.xml,757ee932a1204d5bd164c87848214cb0a415552ab1f1e6aa40125b237ed5f26f,5356
Test/Mftf/Test/AdminCheckPaginationInStorefrontTest.xml,cc48ca246b20f766463783b97541415f894b91cdc631ce7cc01131b24aa3a219,13889
Test/Mftf/Test/AdminCheckSubCategoryIsNotVisibleInNavigationMenuTest.xml,df06e2153602e144c544a7dd57d62b1a9e9303688d5f23cd3e1e7701a43b8c96,3328
Test/Mftf/Test/AdminCloneProductWithDuplicateUrlTest.xml,06a2ee0c4398a46090b777e5461df353cdec2e3202bbf016bce2891820968ad2,6627
Test/Mftf/Test/AdminConfigureProductImagePlaceholderTest.xml,bf6c16dbd5054335bc128b0c7d22650f5642d0248d9b8bb1bf2c85e19a3b3a49,11612
Test/Mftf/Test/AdminCreateAndEditSimpleProductSettingsTest.xml,3ba5e5fc718ae5cdab0b1284a770b13e3686c8cde22312a6854cd2fc9962b462,7261
Test/Mftf/Test/AdminCreateAndSwitchProductType.xml,175027734ed6737f58da82d59486e2bc01b320184a13eba5f3972f4a534f3171,4548
Test/Mftf/Test/AdminCreateAttributeSetEntityTest.xml,ce1969957e31a057f6015818115e9c3a8c6e9fec41540b8cb4325e516d2263ca,4100
Test/Mftf/Test/AdminCreateCategoryFromProductPageTest.xml,c8abcfdf14fe0d0ebbffbe5188d2149fd1060f878847a41794cc27fad6446d14,2669
Test/Mftf/Test/AdminCreateCategoryTest.xml,32a05a8746d7f7500231a3f05b898e17ddaee85d82a834cc5c96852e51c0ff8a,7057
Test/Mftf/Test/AdminCreateCategoryWithAnchorFieldTest.xml,5b34f911976579c105d8d560473275e752a0fb596eadb8b138ba0a699875dcfb,6079
Test/Mftf/Test/AdminCreateCategoryWithCustomRootCategoryTest.xml,47038ab2c6df8b3422577aa4813d7630eb3fcb2f2bd6afacfa74270eaf9a118d,5319
Test/Mftf/Test/AdminCreateCategoryWithFiveNestingTest.xml,6ef97e7266344fe4894dbd94bdf90a4bfdcf98d79571a108984f25f11162ca81,6729
Test/Mftf/Test/AdminCreateCategoryWithInactiveCategoryTest.xml,886240e812ea05b031c95f18761dda863bb67e3fbca1f131836b83ecb63dd338,2907
Test/Mftf/Test/AdminCreateCategoryWithInactiveIncludeInMenuTest.xml,407009066b85520b14e0b719265cc413eda50f6480d5f8bd7ff31311858e0234,3011
Test/Mftf/Test/AdminCreateCategoryWithProductsGridFilter.xml,942857a3c04897b38b0581be721e7aa403d923b7943faecb6b850782ad5b26cf,7268
Test/Mftf/Test/AdminCreateCategoryWithRequiredFieldsTest.xml,a2032da37fd35db33e02aa89e1c883dd6b472b7ea98ed5f37968c3f6e2ee45dc,2751
Test/Mftf/Test/AdminCreateCustomProductAttributeWithDropdownFieldTest.xml,e81521af0db561d5965763f956cfc822f6a9d0cb604730a4a1c01595631ffb87,11477
Test/Mftf/Test/AdminCreateDropdownProductAttributeTest.xml,5a799fed3ecc15d8a4ce5bb3f7640c85039e4f579822c34d4107570542ede4c6,3765
Test/Mftf/Test/AdminCreateDropdownProductAttributeVisibleInStorefrontAdvancedSearchFormTest.xml,192f63225c1d5b06e4f69a54b6338e5598dfa871c5064566fed060391c19462f,5085
Test/Mftf/Test/AdminCreateDuplicateCategoryTest.xml,4df89be317b73e89bdce86d5166c6011e2076999ff7c3b85cd93eef6a6fe82b3,1859
Test/Mftf/Test/AdminCreateDuplicateProductTest.xml,ddad5c964b6a0a948b6123570b14676497fc3fb2a6ca8b7e71ed01f1b968917e,2979
Test/Mftf/Test/AdminCreateInactiveFlatCategoryAndUpdateAsInactiveTest.xml,b3429c9bdb6acd916b5e932ca8dc433b4d38c2701b108bd512f2e426dcc0e1f5,6054
Test/Mftf/Test/AdminCreateInactiveFlatCategoryTest.xml,1ded058ec0ce43173dea6d32491b3c089b00bb93a606d06a29937a31f7df205e,6238
Test/Mftf/Test/AdminCreateInactiveInMenuFlatCategoryTest.xml,146612a06d0598570a74e10b602bf6f24c1149668cae6e7d62946708c891b74e,6133
Test/Mftf/Test/AdminCreateMultipleSelectProductAttributeVisibleInStorefrontAdvancedSearchFormTest.xml,78e1cdd5c2f9115b2368994a7dabbaf52566afd7384c7604d8db4dfd169e8cf7,5443
Test/Mftf/Test/AdminCreateNewAttributeFromProductTest.xml,462f7c41efef8ca96210b54f60bbc6b09436614c8f5c3ed1612fc81eb5d0a0ae,3380
Test/Mftf/Test/AdminCreateNewGroupForAttributeSetTest.xml,b4de13040da30204dab6dbe9a19b96b9287292f21d76e21a2e6810c52cf207ab,6708
Test/Mftf/Test/AdminCreateProductAttributeFromProductPageTest.xml,ee8b45c39b78177196160a113896a01d18c371811e3a2a8f3a20ccad2a49cd7f,10407
Test/Mftf/Test/AdminCreateProductAttributeRequiredTextFieldTest.xml,4844ffcb81880aac82d8121a49094f09df8cdcbbb53c477dd3fc1b534e1596e3,6103
Test/Mftf/Test/AdminCreateProductCustomAttributeSet.xml,4a4dc32c3f9f481b9867a8c9aff54b1b4e1790591c3652ed0700626a0e539ce5,5824
Test/Mftf/Test/AdminCreateProductDuplicateUrlkeyTest.xml,6fa6e8d9f3152fd1becbdf01e5063aa3609c6310eec862e853c110e4ce9f2af0,4974
Test/Mftf/Test/AdminCreateRootCategoryAndSubcategoriesTest.xml,1210c859882cdc67204f923074b6bba879294a77bdd07329ebdb5466fed4bce3,5691
Test/Mftf/Test/AdminCreateRootCategoryRequiredFieldsTest.xml,ba8cc8d8e451061446be2966d57e76e3c23601ae031624ce56e9da423a530bff,2240
Test/Mftf/Test/AdminCreateSimpleProductTest.xml,c1800f13c9d75153862302c4cca0da8e7e050c9ce000705e32ae52002a308bd6,6600
Test/Mftf/Test/AdminCreateSimpleProductWithCountryOfManufactureAttributeSKUMaskTest.xml,26a58c9b0283e5f0d9d0d73fc7f69c1b78c47c2045c4e3358b1bd6e7c3df24a9,4741
Test/Mftf/Test/AdminCreateSimpleProductWithUnicodeTest.xml,ef52a39ff9833e16872c59cd0b920948fa21337440519f64376388221d373005,1949
Test/Mftf/Test/AdminCreateTextEditorProductAttributeTest.xml,baf28cadbfa60e8ef48a2c95ab95d3b09313aa9d2b09faaa9428dab3d217cf2f,7192
Test/Mftf/Test/AdminCreateVirtualProductFillingRequiredFieldsOnlyTest.xml,ed51453cc9cd1fc8172feca5bec22a97e2c2c3859f4f7685174957f64ada1820,3701
Test/Mftf/Test/AdminCreateVirtualProductOutOfStockWithTierPriceTest.xml,cf104fd841af6560c8b30648e23ddc5c8f65e090f1c1a7e9f9ab3f7449832698,8532
Test/Mftf/Test/AdminCreateVirtualProductWithCustomOptionsSuiteAndImportOptionsTest.xml,a5e82d0319f4e4babb2f0f1e7cde9efbb109323bcdc22bde0850dc4ca1454eb1,18743
Test/Mftf/Test/AdminCreateVirtualProductWithTierPriceForGeneralGroupTest.xml,179a6668954600a4fa7760b07c62ec8ef9d586a6d4a8661ca4c7e4a2e131f299,12072
Test/Mftf/Test/AdminCreateVirtualProductWithTierPriceTest.xml,c6b4230f700e6fec938d0a08572b1f5944af38885e35ca11e20e97a98fda1ee1,10742
Test/Mftf/Test/AdminCreateVirtualProductWithoutManageStockTest.xml,363698578c33af5571e419d7414859dc20c8c3675d959b63f12f154d8b619ada,6453
Test/Mftf/Test/AdminDeleteAttributeSetTest.xml,db3f8a5948d7341c027139bee4462e290d3e97575150f018f4c82e8cdca70bb0,3554
Test/Mftf/Test/AdminDeleteConfigurableChildProductsTest.xml,7228cd110c5abbea3e92203ac5e8e77b327661c6f0fa3871cd641287c0d4ac00,8978
Test/Mftf/Test/AdminDeleteDropdownProductAttributeFromAttributeSetTest.xml,067a2808466e765e40078174558ff3fa67983edf79ce76ac2d40c904f8020870,4936
Test/Mftf/Test/AdminDeleteProductAttributeTest.xml,e63722a119713dd2431a22d05689beab5c5585d6fd76d885b5e905c034798c6e,4384
Test/Mftf/Test/AdminDeleteProductWithCustomOptionTest.xml,0be67acec3f3563fc75d4bfb6a54105ec9336df27063298278a1a14a747a2688,3415
Test/Mftf/Test/AdminDeleteRootCategoryAssignedToStoreTest.xml,1ef004202d269febcb86abe7f8c5ada132540129467e228045ddbfd267450bc6,2962
Test/Mftf/Test/AdminDeleteRootCategoryTest.xml,25137ccd5c666ba91d04e939d096b6f8bc3b27d982f4b3ceb2018dee13c4e834,2180
Test/Mftf/Test/AdminDeleteRootSubCategoryTest.xml,bf81ca524233cbcdd7b4dcaa8391274ab219a4b2ed93ef53a13fbcd2c20516cc,6119
Test/Mftf/Test/AdminDeleteSimpleProductTest.xml,880ab279a0bd2b816c12cd9a7f697123c994cd4d5bcb775b6ea6893002953883,3250
Test/Mftf/Test/AdminDeleteSystemProductAttributeTest.xml,d2c6cca034bdd11fb9cc5bf15abfcb9d0fad39797abfcfc60225783da15ade6c,1749
Test/Mftf/Test/AdminDeleteTextFieldProductAttributeFromAttributeSetTest.xml,5289d170e60d0a70c47570c5294b27e7167308e60b9bbcf5264931fd1fb7ab26,6122
Test/Mftf/Test/AdminDeleteVirtualProductTest.xml,7a4154d1a3f57f882e9467395462b661fac8fc05b98e2ebae73144a9659b4224,3268
Test/Mftf/Test/AdminEditTextEditorProductAttributeTest.xml,c4447b9084b405b028b1bcd373f4c33ee8c43594a24f151c480ead7b62caa91f,6666
Test/Mftf/Test/AdminFilterByNameByStoreViewOnProductGridTest.xml,c53a7a5d0c1dbda58550ee73a643d29ba99ec2e10360765a22d3cad62e8e5c62,2401
Test/Mftf/Test/AdminFilteringCategoryProductsUsingScopeSelectorTest.xml,ae43150fda923c2b9c0e20daffdc1dc8e9f829049ad9808fd91eca72b1cde66a,10981
Test/Mftf/Test/AdminGridPageNumberAfterSaveAndCloseActionTest.xml,f49a0d225d49eab0cb1527558196be14f3178f0209e0796b5c24bc821b984a61,3932
Test/Mftf/Test/AdminImportCustomizableOptionToProductWithSKUTest.xml,e6944542ca7841b04c56ce3cc5073f023fd7340dbd1f6e51f9b8197925c9e480,4991
Test/Mftf/Test/AdminMassChangeProductsStatusTest.xml,26ee4fef762c5979196f440c2e7d1a5f32516084c45c8333b2c559890ae1d1c0,4788
Test/Mftf/Test/AdminMassProductPriceUpdateTest.xml,107aff6dee0712141f5a421d647b5efa83aac85c2cebe97060b332b82c485a2d,4875
Test/Mftf/Test/AdminMassUpdateProductAttributesGlobalScopeTest.xml,fbf36b7f6468147e2b42af5bebb7a8135f5a363ca645a5964c7a6ed038325bef,5839
Test/Mftf/Test/AdminMassUpdateProductAttributesMissingRequiredFieldTest.xml,38943e753ec62035b3def3351fb57c4e457514daf826d742c51ab0b0ef0a8a82,3098
Test/Mftf/Test/AdminMassUpdateProductAttributesStoreViewScopeTest.xml,1200681dd4d5a1dd81fa3f6c48a0033583aa78d7495262d4773d373c0d11bd9d,5426
Test/Mftf/Test/AdminMassUpdateProductStatusStoreViewScopeTest.xml,a6946a067267e310e7b9b3c99b23cc0e3120faca0001cdff6e7661d72cacd5c8,9716
Test/Mftf/Test/AdminMoveAnchoredCategoryTest.xml,774ea92467a3cf964d48029e61f455af34c56a0e8bd57b087186c219c2681ca6,10589
Test/Mftf/Test/AdminMoveAnchoredCategoryToDefaultCategoryTest.xml,09e82166d7f480d2b54b8b44697d3ecaa541debab74f7228b166c07c83409e3f,9181
Test/Mftf/Test/AdminMoveCategoryAndCheckUrlRewritesTest.xml,0fe4fb41cf601f79375ad456a5a5f7a90d6b69c60548d2eef1aa2752c831f491,8125
Test/Mftf/Test/AdminMoveCategoryFromParentAnchoredCategoryTest.xml,2082164fc0813ea32ebac34013fcc42362d1b5e12254ae568590a646c8455206,7960
Test/Mftf/Test/AdminMoveCategoryToAnotherPositionInCategoryTreeTest.xml,d1e28ffdfb5667b2ae9e91f2c918fe751e89ae7be438dabac9a9951de1e2dfd6,9555
Test/Mftf/Test/AdminMoveProductBetweenCategoriesTest.xml,5e6776a380e47dc498e26e9f7e75de9b601a78a450b1a24ddc12149821026b5b,15504
Test/Mftf/Test/AdminMultipleWebsitesUseDefaultValuesTest.xml,8df235db08b6821809d9e1869051db44a0dafcf070536d494b01b7233bccc535,6174
Test/Mftf/Test/AdminNavigateMultipleUpSellProductsTest.xml,29599b58ad884ab1b8ed732e93407c630b9bfd2e1046f9d814c4f3a737d0335d,12209
Test/Mftf/Test/AdminProductCategoryIndexerInUpdateOnScheduleModeTest.xml,b8a15d389e82ac8637769e87eafa9e34549b56030c4ce3df9437a3ebb02599f7,20744
Test/Mftf/Test/AdminProductGridFilteringByDateAttributeTest.xml,8ba726e1acd05b30ec1b2b3a3fd8f95789c01c492c9bc2f635dd2a149c93dd82,4297
Test/Mftf/Test/AdminProductImageAssignmentForMultipleStoresTest.xml,da1ccda0361c17dbecef0335471786b19f35448a567c982263769d9003a58244,8255
Test/Mftf/Test/AdminProductStatusAttributeDisabledByDefaultTest.xml,2516f2b1d3bb542b36c34389022899f1c6328873de267e31ecf21112cf41300f,3716
Test/Mftf/Test/AdminRemoveCustomOptionsFromProductTest.xml,1e7dd88e3fded570a7abd0298c7cd3a5204399941ca9cc0afbc55cedc4060a4b,5229
Test/Mftf/Test/AdminRemoveDefaultImageSimpleProductTest.xml,5279fbcc23c876ca2bc779287bf0fbca28644e4508b3c72014519a9544e1dfe4,2920
Test/Mftf/Test/AdminRemoveDefaultImageVirtualProductTest.xml,d420f237ace59fea90e9afac7e90af911926bc77a8df820cb3d75931ffc23d96,2927
Test/Mftf/Test/AdminRemoveDefaultVideoSimpleProductTest.xml,4e6ecadd19125ee191b6a7618715b1821b075403ee1835496cee76090eb44879,2314
Test/Mftf/Test/AdminRemoveDefaultVideoVirtualProductTest.xml,f966d94cd7ea5587a5f382561f37188317220be40f7edf80336ddb77f7812792,1579
Test/Mftf/Test/AdminRemoveImageAffectsAllScopesTest.xml,b0a775df0f25c115ebf802724db31291aa69cb10a0953b330b0526928509cfa6,6837
Test/Mftf/Test/AdminRemoveImageFromCategoryTest.xml,968958b654aeaf82c19dccb78a045247b71c79d57c8140407ef55d950a73b9ed,2302
Test/Mftf/Test/AdminRequiredFieldsHaveRequiredFieldIndicatorTest.xml,d35c646a8e167579f0553db955891d3320639ac038b83366afda1e8ce729686d,3798
Test/Mftf/Test/AdminRestrictedUserAddCategoryFromProductPageTest.xml,6e0fc191db7510df20303d9e054dc016295744b9952b01c9dc438d89651c457c,6624
Test/Mftf/Test/AdminShouldBeAbleToAssociateSimpleProductToWebsitesTest.xml,2dbfe45d3d60da84ee0dc16e0ddb38e46227e7e07c3ca174f2892745e3b13c9c,4851
Test/Mftf/Test/AdminSimpleProductEditUiTest.xml,bdba0e572696df6008dfae5d7a6cad19de48fd02396651d139a4a30a28d62e26,2496
Test/Mftf/Test/AdminSimpleProductImagesTest.xml,e5ac3a256597234d23bd213afc2a99176193a64d01143997df6c56bb6f92f9b5,20251
Test/Mftf/Test/AdminSimpleProductSetEditContentTest.xml,028d994c99b3a485a0a98b3ad7f7c383427d04df976283acc64497dd0601cdcc,5032
Test/Mftf/Test/AdminSimpleSetEditRelatedProductsTest.xml,6e7b3c34d5eca9add128e67ac839209fa3debc707ae835179169ad0f366b29e1,6852
Test/Mftf/Test/AdminSortingByWebsitesTest.xml,5f2d767ccd67861ec9fea0447c375df6e5508e6eea97ab1a6f292fb4d86f2aae,4881
Test/Mftf/Test/AdminStoresAttributeSetNavigateMenuTest.xml,75ec494f7e3830ae8b6a8d6088f7e8c6068f3f92c59f9c4707470152a8dc01bc,1527
Test/Mftf/Test/AdminStoresProductNavigateMenuTest.xml,b840ebc8b880ddd46946e7ff2570e2034913899fcd265a74f6aeb7744561f119,1504
Test/Mftf/Test/AdminTierPriceNotAvailableForProductOptionsWithoutTierPriceTest.xml,7223243fa4dc7ad0ccfe14480b70da7245a778ed2417314957e989dffeb63942,5724
Test/Mftf/Test/AdminUnassignProductAttributeFromAttributeSetTest.xml,bd2cfe6641fc1e29ec16a91bb80b1eb54727c04bcbac9be43a619e1011449d14,4532
Test/Mftf/Test/AdminUpdateCategoryAndCheckDefaultUrlKeyOnStoreViewTest.xml,5531d55db135dea358b7bc17c1e1eb3c8eca30635ec7b2d2c7d70668e3bf5d71,5069
Test/Mftf/Test/AdminUpdateCategoryAndMakeInactiveTest.xml,0bffc57eb5d67e862c0a0f49855529bc234bea5231de4ba8a0fd3936c938c793,3609
Test/Mftf/Test/AdminUpdateCategoryNameWithStoreViewTest.xml,db86149f4f68a95a9779f720b797a6906682dc6396defc93a96df364d493b356,5071
Test/Mftf/Test/AdminUpdateCategoryStoreUrlKeyTest.xml,86dcd92e7d3554bbbf12b2db8faf44b74085cfeb07bb2b34355551170b4f3d34,5298
Test/Mftf/Test/AdminUpdateCategoryUrlKeyWithStoreViewTest.xml,ba877d4df4627eb689da7a57728168c2b1a25a8b2f40bc159d353144cc4b50e1,5297
Test/Mftf/Test/AdminUpdateCategoryWithInactiveIncludeInMenuTest.xml,71439c97a105978eaef9f586a662a412b6ebc7e719acc731a75e8f9ecef35d0c,6505
Test/Mftf/Test/AdminUpdateCategoryWithProductsTest.xml,5dc4adabd24a5401feed8663ffd824e2b2132b88b6ac8ba1017575a0a73fd263,5649
Test/Mftf/Test/AdminUpdateFlatCategoryAndAddProductsTest.xml,a82c6676219737fe8886606163a7d85cbc934229f5badcb6c52e37fca26e4eac,7239
Test/Mftf/Test/AdminUpdateFlatCategoryIncludeInNavigationTest.xml,395471eff4d3a66a8faf4dff7dd37eb5c70b0a447249557ac33dbb922af7326f,6051
Test/Mftf/Test/AdminUpdateFlatCategoryNameAndDescriptionTest.xml,0a3c0ff11bb90798f98bbc33ee80952ec628e905b4632ba34ad254b633e3dba0,7188
Test/Mftf/Test/AdminUpdateSimpleProductNameToVerifyDataOverridingOnStoreViewLevelTest.xml,6739f1bfde978e56d267ff875826634d85ac79e49f297a0e4f83ff5844dac2cb,6357
Test/Mftf/Test/AdminUpdateSimpleProductPriceToVerifyDataOverridingOnStoreViewLevelTest.xml,842f167299c397e4f524829afbe2912108b57ecb7f98f0b233d3e9b5a9799d52,6183
Test/Mftf/Test/AdminUpdateSimpleProductTieredPriceTest.xml,6173906ebf686ba5522d8a1c32965f07e4e778bd821172027d9cc740fc6206ca,13799
Test/Mftf/Test/AdminUpdateSimpleProductWithRegularPriceInStockDisabledProductTest.xml,f05357007e0b116acdddcea6289bf153b485caea9cbffd04e0047ee9a909ce71,7442
Test/Mftf/Test/AdminUpdateSimpleProductWithRegularPriceInStockEnabledFlatTest.xml,3fe63d06b182a6581bf2a0ecfc1898a4872de170ddd31dbc2227d09b92e04465,13032
Test/Mftf/Test/AdminUpdateSimpleProductWithRegularPriceInStockNotVisibleIndividuallyTest.xml,bbbb8ae1ff620ae0c177ff339e581eee247d4ad45aadd149af3d3da322ad4d4d,9293
Test/Mftf/Test/AdminUpdateSimpleProductWithRegularPriceInStockUnassignFromCategoryTest.xml,0aeea1e642106f24bb5b5ca3f6043315c14903b7e518094f90f8a7b441fcb835,4084
Test/Mftf/Test/AdminUpdateSimpleProductWithRegularPriceInStockVisibleInCatalogAndSearchTest.xml,eac7d6a690cb7b543e964cc7f7cbac86f3fd578e738dc85d902773f434ccab25,11349
Test/Mftf/Test/AdminUpdateSimpleProductWithRegularPriceInStockVisibleInCatalogOnlyTest.xml,392157cb0b31baef9bfe83eebaa853a1fabd8cda5e602b7965aac021f8f2e530,11340
Test/Mftf/Test/AdminUpdateSimpleProductWithRegularPriceInStockVisibleInSearchOnlyTest.xml,a5958d69483ed400d752ddfd90be665ee75c8382b8346f3b48364c12de1edfc0,11281
Test/Mftf/Test/AdminUpdateSimpleProductWithRegularPriceInStockWithCustomOptionsTest.xml,b0918faabb0222a7adb92fac94fac7ab894224e47ed012fd1d87a8a54e50075e,16048
Test/Mftf/Test/AdminUpdateSimpleProductWithRegularPriceOutOfStockTest.xml,907eeda302862c3255549efcd8c5d0bffc38689da4d4a70e0f978f041cccdf70,11077
Test/Mftf/Test/AdminUpdateTopCategoryUrlWithNoRedirectTest.xml,50f3232d9ea5856541615be4e0be65b1ac11f0a5636333761a5f855b7d110f39,5606
Test/Mftf/Test/AdminUpdateTopCategoryUrlWithRedirectTest.xml,be5375c21437a71abae61ba321328310ffbfc96b49e9dc05b3b2023f88c39079,6098
Test/Mftf/Test/AdminUpdateVirtualProductWithRegularPriceInStockVisibleInCategoryOnlyTest.xml,b3d392689ba2c65a11363531f55280c4a37565c1b61171a51db21dabd782d2e2,15170
Test/Mftf/Test/AdminUpdateVirtualProductWithRegularPriceInStockWithCustomOptionsVisibleInSearchOnlyTest.xml,771be40543371d2ac6a01d66264792227588e52778f5ed81fc10fa428ba45d6f,33360
Test/Mftf/Test/AdminUpdateVirtualProductWithRegularPriceOutOfStockVisibleInCategoryAndSearchTest.xml,dd80e65350f97cf942768be9a9ae01bc1c757cb6b32671e0b79e7f425cba0ec0,8892
Test/Mftf/Test/AdminUpdateVirtualProductWithRegularPriceOutOfStockVisibleInCategoryOnlyTest.xml,97bd20e486f2592216a9e8ba17e88fcb669938164689456f5ff46b7a97b93435,11737
Test/Mftf/Test/AdminUpdateVirtualProductWithRegularPriceOutOfStockVisibleInSearchOnlyTest.xml,e7d8c723f8cf91d30be635351261cccaa39f0e192ccbfb3c91182a20147fbc7f,10060
Test/Mftf/Test/AdminUpdateVirtualProductWithSpecialPriceInStockVisibleInCategoryAndSearchTest.xml,1f6c6281b005f53330dec1cc97c5d6444566b9f6e2f2e3ad343a3fe1107f4aff,13256
Test/Mftf/Test/AdminUpdateVirtualProductWithSpecialPriceOutOfStockVisibleInCategoryAndSearchTest.xml,217f15516c1a9256314994aff142b9ba7f72c49012c6241e4547921ef1fdb333,12838
Test/Mftf/Test/AdminUpdateVirtualProductWithTierPriceInStockVisibleInCategoryAndSearchTest.xml,140f427d278842bfad393b63abb2ad873cd4549aef9e8fd79216807814210ef8,15284
Test/Mftf/Test/AdminUpdateVirtualProductWithTierPriceInStockVisibleInCategoryOnlyTest.xml,e39a8334de32eed748ab8797f652f521858ee5e692df9a0d488bacd3d36b5ec7,15086
Test/Mftf/Test/AdminUpdateVirtualProductWithTierPriceOutOfStockVisibleInCategoryAndSearchTest.xml,2137799c6c93be07498e996a4a8685e2e4b66e1bf3fc607b3f2d3cf9b35885a8,14920
Test/Mftf/Test/AdminVerifyProductOrderTest.xml,e393ac92b6ab09b7cd968328e8f386ddf53518d674997db2a153ae59fa143bd9,1243
Test/Mftf/Test/AdminVirtualProductSetEditContentTest.xml,28fb51926b77eca2f3be3f88aca9286349be6f6594c4cdd2ffaba7a5b608f592,1721
Test/Mftf/Test/AdminVirtualSetEditRelatedProductsTest.xml,d204ab3fc4b0e8dd4041b6137305582d00b95e14ec89a8ee851715785bd906ec,1737
Test/Mftf/Test/AdvanceCatalogSearchSimpleProductTest.xml,42c482f410f43f97d5e5646ceba804db64ec8a3af8e138bec5a469aa0b8b94a4,4777
Test/Mftf/Test/AdvanceCatalogSearchVirtualProductTest.xml,a013489bdaa08139ef6f6019a9b272bd6bbebed20c3805c45eacb2e157d1f667,4202
Test/Mftf/Test/CheckTierPricingOfProductsTest.xml,03fd894bca98829fb553ff5dfc4c67cf3882ed620bcd8e57b0b358c8393281de,21502
Test/Mftf/Test/ConfigurableOptionTextInputLengthValidationHint.xml,72b3236cfc3dd1d1959851ef84cdb884bb97e303890c9f3d0e9f89539ce1319a,2300
Test/Mftf/Test/CreateProductAttributeEntityTest.xml,5d421768e3767cf0ed8997a7b2c40d162e059f0d2d0e7f0ba339dccd74ea21ff,31246
Test/Mftf/Test/DeleteCategoriesTest.xml,43df371dc9d20da72390cb29945e20b72663e35384f51ebce06485992482dc6f,11874
Test/Mftf/Test/DeleteUsedInConfigurableProductAttributeTest.xml,69b8dc05c1de24dee9c476fb3c1dd567367157c78d3514e7df0f0b7c74b746c1,5692
Test/Mftf/Test/EndToEndB2CAdminTest.xml,a63c96844fe5ac26037b31251ad520db106a1829dc8fc90ef1af435e5eddf207,17672
Test/Mftf/Test/EndToEndB2CGuestUserTest.xml,8fc1851c7fc34e8cf554fa5bbc64e697227717b3ad214506b179d7e703a9fb3d,15902
Test/Mftf/Test/EndToEndB2CLoggedInUserTest.xml,414088de986849bcb5c07bafb368b1d40c9a384d7d7ebc891c9f1112f477fcbb,17166
Test/Mftf/Test/NewProductsListWidgetSimpleProductTest.xml,5f23cf32d6623e24a33fef3a44bd9c6ff227d3d450c9a434cf265770e338c150,2710
Test/Mftf/Test/NewProductsListWidgetVirtualProductTest.xml,b39eb427949f0fd65119cf4d3357d9371d3d62283b188e34b4db3362bd9c916e,2821
Test/Mftf/Test/ProductAvailableAfterEnablingSubCategoriesTest.xml,d23b4c9eec1a9456da70765387a229b30152d48a2bfecc2708315c6b914c3f00,3221
Test/Mftf/Test/SaveProductWithCustomOptionsSecondWebsiteTest.xml,3d79d67cd328c1c6d7d1276c853de6629897c368487c1ee9318fcb6ff9245085,8206
Test/Mftf/Test/SimpleProductTwoCustomOptionsTest.xml,20799ea6a24fc9f0e94687ad6922b32f73ce82637930a4e16a1298c902e5b064,5383
Test/Mftf/Test/StorefrontProductNameWithDoubleQuote.xml,5a7d2885f7afd7379ed6d2cc6678fa1744fd93cd50b402e215de93c18f4747ba,8466
Test/Mftf/Test/StorefrontProductWithEmptyAttributeTest.xml,69e8c8811e09ad708829dfbcad78ee5852127b8fb27b4e0fef6dce12fbbf2362,2967
Test/Mftf/Test/StorefrontProductsCompareWithEmptyAttributeTest.xml,b178b89a7eb556372b9a0b347884db2ca496562d73ff0472401536c7407e2308,6355
Test/Mftf/Test/StorefrontPurchaseProductCustomOptionsDifferentStoreViewsTest.xml,dd9cde7160e410c591120f17ac1b83bad2ba17d4f9b34e66926c3723d2d358bf,20382
Test/Mftf/Test/StorefrontPurchaseProductWithCustomOptionsTest.xml,d7869c6ac689863f4846f44fdf07b8a4933bc45ddfa82d9611b633b179dd27e1,19719
Test/Mftf/Test/StorefrontPurchaseProductWithCustomOptionsWithLongValuesTitle.xml,a449ce32af3c64adbdf424fc3f07f4509db734cb902fbe95aa3505f494412631,7854
Test/Mftf/Test/StorefrontRememberCategoryPaginationTest.xml,ee66a3bb9e389987e7bf9d55112ca36769666e9d747ca270d70d34f6d088f68d,3355
Test/Mftf/Test/StorefrontSpecialPriceForDifferentTimezonesForWebsitesTest.xml,ffcb4b63282a6c1d896c67b18a6fbbf22fa21236253bd75f8b4b4c9a9c50a192,5816
Test/Mftf/Test/TieredPricingAndQuantityIncrementsWorkWithDecimalinventoryTest.xml,56e69b69adc2dfe47806c63a7d7f28c0743e090555dc65fde354e28b2d2624e9,7699
Test/Mftf/Test/VerifyChildCategoriesShouldNotIncludeInMenuTest.xml,a2a9fc8b3ec885e436a36c392f7270477a0f908403cadae1be4be23c903a2173,7083
Test/Mftf/Test/VerifyDefaultWYSIWYGToolbarOnProductTest.xml,bb08913cb08822cf37d79c5ad555b1c3ca7ac42e678b70f1ba0937acf2325422,6548
Test/Mftf/Test/VerifyTinyMCEv4IsNativeWYSIWYGOnCatalogTest.xml,9e5306f319ad8c48cbacbcf08862666cee9c0556a3c265b7352d3ec955881b22,3331
Test/Mftf/Test/VerifyTinyMCEv4IsNativeWYSIWYGOnProductTest.xml,92513c504276c896c2f7291b0e8d6033b6d3f27d8bea870fd42ec3f25604c035,5364
Test/Unit/Block/Adminhtml/Category/AbstractCategoryTest.php,980b88f77de78185e485892368920f1e6dac59ce1ef6d0b12899b09faca1df61,4229
Test/Unit/Block/Adminhtml/Product/Attribute/Button/CancelTest.php,1851c108991feb6325e4993b761d10e796e45ff093deb6986323fa6307a85ddb,1404
Test/Unit/Block/Adminhtml/Product/Attribute/Button/GenericTest.php,21630b0f065357584e49f42b49acfbb2787f893416e80154adb2b9ce24eeda3c,1777
Test/Unit/Block/Adminhtml/Product/Attribute/Button/SaveTest.php,6a01c28cac5db0e606dbe8b145db2448c364fae859a9fe6ee8a65039cdc89f14,996
Test/Unit/Block/Adminhtml/Product/Attribute/Edit/Tab/AdvancedTest.php,c062d7f518b41906a7fcd224bdba092db60afaa1f21bbeac156e7041be63c266,5345
Test/Unit/Block/Adminhtml/Product/Attribute/GridTest.php,76abbc9f5cd816a578d11ec74fb2524a0d888cea403cade5f9e6bb727cdbb949,1668
Test/Unit/Block/Adminhtml/Product/Composite/Fieldset/OptionsTest.php,1f7406c1848e6330704c6d2dc8266d06b8b5a1d34dde19c257ca3660d8367330,4323
Test/Unit/Block/Adminhtml/Product/Edit/Action/Attribute/Tab/InventoryTest.php,550270710b918ea1a0b3183ca276ed12b68b9bab9f7efdcb51aa2f958217101e,4740
Test/Unit/Block/Adminhtml/Product/Edit/Button/AddAttributeTest.php,5bc595203e0071239374785c3d765b55a4d16adb736b78f57e9f294da986e9c7,1492
Test/Unit/Block/Adminhtml/Product/Edit/Button/BackTest.php,8fc7f1ce9654a18e855481dec564a90c3d615a620a77f181d48243214ac26182,809
Test/Unit/Block/Adminhtml/Product/Edit/Button/CreateCategoryTest.php,aa203a65e654b758f3081631edd0ddb639dcdbdfb7682baacf7812e188524500,825
Test/Unit/Block/Adminhtml/Product/Edit/Button/GenericTest.php,f6f4c5851c29cb89388fb1c72a823f9e00b19090cc95f639261d3afa9acc6a54,2321
Test/Unit/Block/Adminhtml/Product/Edit/Button/SaveTest.php,7b8b845c0d92f34c9baa8f553ee60acb46374d0c9107ea78b511ade5bde446df,816
Test/Unit/Block/Adminhtml/Product/Edit/Tab/AlertsTest.php,4736beaa408b412a463a84728a3d506020281296d26c9d6ea04d0c6580738178,2178
Test/Unit/Block/Adminhtml/Product/Edit/Tab/InventoryTest.php,536c59def312b3a7556d6ea5824439bd1158b63e025aa3cc84464380c142c7e2,17452
Test/Unit/Block/Adminhtml/Product/Helper/Form/CategoryTest.php,12501eee6f519b1f7b109dd996227a8e74327c1d4f6a6689d8359829210f7edd,2251
Test/Unit/Block/Adminhtml/Product/Helper/Form/Gallery/ContentTest.php,48e843f12e00589bb5b1a7c274ac1c99a14822b2a33513b656fe17f458c32b53,15644
Test/Unit/Block/Adminhtml/Product/Helper/Form/GalleryTest.php,92d63f207b58ab0d0e9a3510bb82fa16cd1e9785520529e76b13e6b92dcfc651,5622
Test/Unit/Block/Adminhtml/Product/Helper/Form/WeightTest.php,c860dd32cd78b1b18b8eb37f038fc0c3f94cbe7154855ca7f8c8a01967edb1bd,3155
Test/Unit/Block/Adminhtml/Product/Options/AjaxTest.php,a8941e15ac5cd5d33e0f68ec48cd33a66878868e7c2834d46af2418d1597889b,5400
Test/Unit/Block/Adminhtml/Rss/Grid/LinkTest.php,7fe8d020dcef3292a5e922131f32a8868a24ab748f8aca2975b45560f6188632,1685
Test/Unit/Block/Adminhtml/Rss/NotifyStockTest.php,15fbab20fd42d425831c6f59cde9cab6ddb3ea70f3dbfa15aaf6887f2d73d9e6,4213
Test/Unit/Block/Category/Plugin/PriceBoxTagsTest.php,c45e780a457d1e8e076a68725e6b47b63766e86ae75fa4d67f1a484e0b0398f5,6545
Test/Unit/Block/Category/Rss/LinkTest.php,a6aea4f5a20dcc12492188290123c478277faed53b123963d00901fb99b2a68e,4391
Test/Unit/Block/Category/ViewTest.php,5123a01478fa6e3c5edaee39a322797dd26155e8b18e05c47ee232d1b5d73b9e,1217
Test/Unit/Block/FrontendStorageManagerTest.php,6c561209cc7554ab108528a5c77882e9be8fcf9eefdbe0af34fee38e0feb13ff,2895
Test/Unit/Block/NavigationTest.php,4fcfee5ededc6f3351e94ff78a7b8c2b88c60bfbc528da6d638bad094cd13ef3,4338
Test/Unit/Block/Product/AbstractProductTest.php,fdf82e224d3f0bc8bb0c6fbd7a735c1fda3aac7a7bae614a610e3ac28eece050,6850
Test/Unit/Block/Product/Compare/ListCompareTest.php,2cce0b83c61b3bf8ac3289a71686c4891ad8d3ad04fde411a944c602c9b9b355,2526
Test/Unit/Block/Product/ContextTest.php,864d168acc42660d8060308335d77e2a1f735306a65d22f080ea86888bbc798e,1879
Test/Unit/Block/Product/ImageFactoryTest.php,032016de9ee9a07948e0e5f9252fdc6d970ee186121b4da1ed35c63c2c792ff3,8008
Test/Unit/Block/Product/ListProductTest.php,e6e4a89339350963895f09c7096d3e4b3f47db5616017f7aac3172618924de21,9307
Test/Unit/Block/Product/ListTest.php,f82e500fe30d9a3c5f5b928008d217ae32a23c2a901248ed755f2361e4056609,863
Test/Unit/Block/Product/NewProductTest.php,d9df320892e7452e136045678db9fb39c93d89fec70682db188a041420eab339,890
Test/Unit/Block/Product/PriceTest.php,6b2b2c06a6e9bdb8c8d645fc99b433716e63d78a00353980219bd943e388807d,1012
Test/Unit/Block/Product/ProductList/RelatedTest.php,1a07c261863fa414446373a6a11aaca49bdb86c38567e7220054f3f249c340e5,2782
Test/Unit/Block/Product/ProductList/ToolbarTest.php,af5d88617a2a13290b96e5db994d7d2bb95bb5cc5324625e84fb43f4ba0e594b,12663
Test/Unit/Block/Product/ProductList/UpsellTest.php,db35758ed2ca6878ad7f1a59921a691bf104b9dd23afd943521ddc57f396f228,1266
Test/Unit/Block/Product/View/AttributesTest.php,7def94cab00bca2c715384e473bfb83d08216ea50e8fab502917a9c662c9e773,4802
Test/Unit/Block/Product/View/GalleryOptionsTest.php,5ee68dc7893a29be543c49c1e9398bd80e40551f7702404643828b3395c2c1df,8116
Test/Unit/Block/Product/View/GalleryTest.php,11bec579e868355f5c1a362a6911ab8c3b6650caf37c8658fcfb880361217ffe,9970
Test/Unit/Block/Product/View/OptionsTest.php,378d29969e44b19f435097a6ade314af563bde3a1f08da0cac54daeff8f299d0,4429
Test/Unit/Block/Product/View/TabsTest.php,1514b0a47770e36e11ed26e82a895aaf49313cbbaabab03914ac0ae121f448c2,1080
Test/Unit/Block/Product/ViewTest.php,830dc8c290c8e30b104e691badf776e7b957224ea64eb4edde8ff1bc1d487ac4,2613
Test/Unit/Block/Product/Widget/NewWidgetTest.php,775b8cd560ebbba9d91579d4e21e747bdb9ab050610acd5e2bcf02fff0a2786a,12786
Test/Unit/Block/Rss/CategoryTest.php,74ec3a2f28035213a3b8cc3b03c3be80b338c369674e30c0ddfbc0c4511e7f19,11780
Test/Unit/Block/Rss/Product/NewProductsTest.php,82a15f7aa895e2e9892c9d64f614a72088f5fa3192bb02e6ebe32881bc364e56,7651
Test/Unit/Block/Rss/Product/SpecialTest.php,7e4a33fecd693ceed59c6be9a144e390f6a27aed4488b79ac25dab91676fbf60,10107
Test/Unit/Block/Ui/ProductViewCounterTest.php,437e39bb489398183da5e925e2353fd9a8edff2b30ee2bcdb8c9fbe88062f662,6539
Test/Unit/Block/Widget/LinkTest.php,2634afc1df4107b3e686c28e26c25f105ce2a303548fb35f0f9afd085cd68fdf,7125
Test/Unit/Controller/Adminhtml/Category/DeleteTest.php,08ebac3afe24c4f2e04026208c8376aecf47cc6cc11746f73c00468258490036,5336
Test/Unit/Controller/Adminhtml/Category/EditTest.php,74c4d5ed74f453acc882af8ab54c165eda49131bcc59f4ca4ca70bf86f538948,10873
Test/Unit/Controller/Adminhtml/Category/Image/UploadTest.php,708d79d50bf215f5777011dde6e99f6dc0c2e09e8671345251a683ee56f502bc,1910
Test/Unit/Controller/Adminhtml/Category/MoveTest.php,cbb10627367dba778d4ce59670e4ee2a5fe69fca8509502ac6e084fbd020fb10,13221
Test/Unit/Controller/Adminhtml/Category/RefreshPathTest.php,a86085533d1237dcf338ce9df24f632dfb4965fbc852db536c47c9ae1d8e7143,5064
Test/Unit/Controller/Adminhtml/Category/SaveTest.php,894158e665dd2d25bbd9cc7d3813fc5ec072367e1d198aa9a74951d1ad732075,18771
Test/Unit/Controller/Adminhtml/Category/Widget/CategoriesJsonTest.php,6ef755dc4ae0d9f628aeb6814c91af35ae8daf1c4ed6a200048f1323d301ea08,5703
Test/Unit/Controller/Adminhtml/Category/Widget/ChooserTest.php,2bdd5eb26f7999e2206296d9b68c4392426cbe61f4da4f2874c2f0199517828f,4618
Test/Unit/Controller/Adminhtml/Product/Action/Attribute/EditTest.php,2b2e3ce9533691b300f143bf92b837470433d89892fdef4153d0c8b4ea40145a,8745
Test/Unit/Controller/Adminhtml/Product/AddAttributeToTemplateTest.php,b31995ba01dc6dfbc4d56938cc3d450f43194921fdfd7ac4ecf2aee9ebe8b9ff,9033
Test/Unit/Controller/Adminhtml/Product/Attribute/EditTest.php,2b2466af9b15df249747ba4ec87d7d054c99f9391c571c947ec427fbc74f5467,10453
Test/Unit/Controller/Adminhtml/Product/Attribute/SaveTest.php,8d7fd53e0c48731c0faec1a5994feaf6728e536cbb057a18936a5d5dc531c9f0,12741
Test/Unit/Controller/Adminhtml/Product/Attribute/ValidateTest.php,e0be84dd1107da44aa1a7a97a183c8566608724688ec69f20fe5eb54928f1b78,19747
Test/Unit/Controller/Adminhtml/Product/AttributeTest.php,ed54f3c3c159015a1a9b730c9981868e21b5360eb155a8810634481fbc3ae1aa,3693
Test/Unit/Controller/Adminhtml/Product/BuilderTest.php,03f98aa6de0fb8b7285e53208842c4ee0a142c2052f18644725d60f2814af303,9839
Test/Unit/Controller/Adminhtml/Product/Initialization/Helper/AttributeFilterTest.php,0f97c6d214e9dba8c5e15580efad3d436a3ba92411aef63625005a85907d2e8b,8322
Test/Unit/Controller/Adminhtml/Product/Initialization/Helper/HandlerFactoryTest.php,6bcbc7fb89c4559a3313f4c1a5d2541b6dfaba0cdf6957cf0a5c923970f68816,1810
Test/Unit/Controller/Adminhtml/Product/Initialization/Helper/Plugin/Handler/CompositeTest.php,863a1cd1d145634bff9765797b443c7e57907d96f34e9b8eab852b66797be6b9,1256
Test/Unit/Controller/Adminhtml/Product/Initialization/HelperTest.php,b5b6bfa75783cbf56d37d5f83c5f12183193e8c7c6fa7f6f145f8cb1f94fcb3e,28061
Test/Unit/Controller/Adminhtml/Product/Initialization/StockDataFilterTest.php,a652d5ea904fbde8ffb2948d421c7c771860d781dad602e276bc7af04fdafdfc,3547
Test/Unit/Controller/Adminhtml/Product/MassStatusTest.php,8ce039bb2a62139c819f30b3aa942613df49640bfcfdaa843e04775ca69ef947,5287
Test/Unit/Controller/Adminhtml/Product/NewActionTest.php,4e0eb942bf763f46be1efdfead24bf62a369b85e6e5dd47d1885e6ea4f79216b,3594
Test/Unit/Controller/Adminhtml/Product/ReloadTest.php,eec5b723391bc7b0e8470d85690418da341e2cc7520a8c025a1a8f5948f0d3d1,5156
Test/Unit/Controller/Adminhtml/Product/SaveTest.php,703ff32c306f40dbe116a0a5dd3894c5da717e9f41a013b002a3877a2f6f6daf,6525
Test/Unit/Controller/Adminhtml/Product/ShowUpdateResultTest.php,634f121339954e51ff04c4bfdd071393b7a1ba10aeb800ea87bd86f910f317bf,5235
Test/Unit/Controller/Adminhtml/Product/ValidateTest.php,47d8fdbdd49ee203a39390dfe32c4f320bb4e39fbfec16f423d12b1a590b71f5,8159
Test/Unit/Controller/Adminhtml/ProductTest.php,f225e5ce589745ab91fa235525047cd800f380d92fdd4badca7378aaf83ad214,5424
Test/Unit/Controller/Category/ViewTest.php,3cff46eac11dd8f4f6cc72e5936eaaebeb672665dec2fa9925e948a46fc4a6b6,8371
Test/Unit/Controller/Product/Compare/IndexTest.php,195459c721817c1792f116b6dccbe78a4d09fc4634c0f951cb1d1c7b948ca8af,7128
Test/Unit/Controller/Product/Frontend/Action/SynchronizeTest.php,21bfc8fafdeb49dfec682cf758a6f984757f790429abd1479ace2360653f645a,4280
Test/Unit/Cron/DeleteAbandonedStoreFlatTablesTest.php,efc61ff02a71c6b6238ad10686946d37051c8afb82a7e2943f267a1f43c04e1e,1210
Test/Unit/Cron/DeleteOutdatedPriceValuesTest.php,fe14f04b6c51b226844b1fef7cfc9ae101f0c6246e6a84c791522fe64a6cc3c5,4653
Test/Unit/Cron/FrontendActionsFlushTest.php,7cb300c4addd4506a26ad0483bb7cca8eddfa790f002499f10277ee87566b806,3803
Test/Unit/Cron/RefreshSpecialPricesTest.php,3b1d8a45e85b1bed51f3aec373239eeec9f370f302d03d0496a4a8d7b116666e,6426
Test/Unit/Cron/SynchronizeWebsiteAttributesTest.php,bff82ad1a7e6f4ae2284e253898dee81be47ae5450aca5edc6d6480fa9ed9b7d,1848
Test/Unit/CustomerData/CompareProductsTest.php,5c3d42cbf57e71b3565aa7c57cc7292c699ec0acf9d5c973775f6285b325cf9e,8475
Test/Unit/CustomerData/ProductFrontendActionSectionTest.php,021ea21e5b7441c24dbf170d306e1af74db3830295d507249775b51f42586b64,3796
Test/Unit/CustomerData/ProductsRenderInfoSectionTest.php,0d5e820163be0a3a1528483ab9065cc8700e3558497aa53c97b13c5df67ab28b,6852
Test/Unit/Helper/ImageTest.php,096a55a16774ac0d86fd2b6dd6a0ea1cd1b3093c2528532da126e57f96ffa3b3,17547
Test/Unit/Helper/Product/CompareTest.php,4c1ff978e5ac88a9084331a0e66c17ab2551ce00f07a6a578194731d6503e004,6800
Test/Unit/Helper/Product/ConfigurationPoolTest.php,ae0641f44fa1afc486f618771724fe4f223865f8f44f43a0abfa92b65b4c0743,1411
Test/Unit/Helper/Product/ConfigurationTest.php,3d9822e7223eb8eda37cfd4b289f59fb7d786a817410cb14c0af38bf71bde430,2600
Test/Unit/Helper/Product/Edit/Action/AttributeTest.php,01adfb089f562f0b431238d5177dbcb94470b91f20883d6dda59535b019adb79,1794
Test/Unit/Helper/Product/Flat/IndexerTest.php,4de00c0cd7f6b39aff75f1a7b93c10f74bd93c1fc8dc6f975b13b93fdf15fe95,7690
Test/Unit/Helper/ProductTest.php,c9095bae74406ee85a5a487f39ebab86139ac5f5579fb6097318455aea204d66,2281
Test/Unit/Model/Api/SearchCriteria/CollectionProcessor/ConditionProcessor/ConditionBuilder/FactoryTest.php,4449b9397ba6d942a518cdfab86cad8070af7a6dc31feb8b3caca1d5686d464c,4637
Test/Unit/Model/Api/SearchCriteria/CollectionProcessor/FilterProcessor/ProductCategoryFilterTest.php,709cd32782789c882099fc869d40bcdd8cec78183ea0a6db39c36dc343e74e48,2501
Test/Unit/Model/Api/SearchCriteria/CollectionProcessor/FilterProcessor/ProductWebsiteFilterTest.php,d0e29671be20d8db4850fd63300e723c1be0ebeaa2f204baed80d193295da05b,1413
Test/Unit/Model/Attribute/Backend/CustomlayoutupdateTest.php,a065ee7a6bab364042a5def6058448cca42ab122ab03a5da7b608690ba2c9999,3889
Test/Unit/Model/Attribute/Backend/TierPrice/SaveHandlerTest.php,34bd05787f52697a70e803436e1e59ef0d2318d657019a82a250ce09a87801ce,7840
Test/Unit/Model/Attribute/Backend/TierPrice/UpdateHandlerTest.php,ddf9c4749999f05071fe17643082eb3211b26ef80da10e0487bc932e5824d584,8562
Test/Unit/Model/Attribute/Config/ConverterTest.php,28593ad9093833b9ec56bd5bc06a91b0e0a36fa368259c049a462581a7a9accc,782
Test/Unit/Model/Attribute/Config/ReaderTest.php,c38199cd5fd3b85b26913b4db1a6f5363aae42966258d27cd382981cce59d79e,3401
Test/Unit/Model/Attribute/Config/SchemaLocatorTest.php,ab297d7ffb13a35a37b91db2e03dc1b0283874be892242a754cd0cc8069d5d3f,1635
Test/Unit/Model/Attribute/Config/XsdTest.php,19f59be2a644e561b5ecabf75eb325b301435318b9e192b494720c5a25167cc7,3901
Test/Unit/Model/Attribute/Config/_files/attributes_config_merged.php,4f07a4cf17c4b9455bc8cfdabdae89708b58b3b5d3a8a2aecfc53fb2de6f77a0,200
Test/Unit/Model/Attribute/Config/_files/attributes_config_merged.xml,2d55487f10e1450ee4ecb436ae7530b3106753ea752c2982495121b82a807884,508
Test/Unit/Model/Attribute/Config/_files/attributes_config_one.xml,b8ee67b53889f6fcae9f57c47d2cd8a2ab00ff2006d67ebaa64c18557d917bb8,382
Test/Unit/Model/Attribute/Config/_files/attributes_config_two.xml,c40d0aba504433c4de03af3edf4346d23bef0bd1bb5954adcb97bdb47b8e64ea,423
Test/Unit/Model/Attribute/ConfigTest.php,b7c61ba7c016432c3f5747e864a15e978a0fa26dc0ed737c083d1f07d9d9c735,1149
Test/Unit/Model/Attribute/LockValidatorCompositeTest.php,34ac26c0a4eabb7c0227d097617fca1bc472b1f47c5ff3f276f890cb15a0eac4,1932
Test/Unit/Model/Category/Attribute/Backend/ImageTest.php,4123a392ed9476eede1f8a95d3062f0bedf9da1c99349f1f2d9e96166e3063d2,11195
Test/Unit/Model/Category/Attribute/Backend/SortbyTest.php,7579452d74a2a3f5325939c6e6b59cd94d96c448e21934804b542b53b78a612c,11882
Test/Unit/Model/Category/Attribute/Source/LayoutTest.php,f309b69953a42ee5644be97ae11514b34c4456f0e7638d65411c4440bbff6c15,1903
Test/Unit/Model/Category/Attribute/Source/PageTest.php,1d564228de3d47c7eac7a4a4d96fa3a0d0fec4f1ee6fcc504fe2c3548632f4c8,2302
Test/Unit/Model/Category/Attribute/Source/SortbyTest.php,a752d553cdb5685f5395ac1b02036ff89306ff734ffedce37ae02a77c8e87a24,1448
Test/Unit/Model/Category/AttributeRepositoryTest.php,1482940d8799d9d13947be680f4582fddbad62b8cbf50c8619ed142b9a949b82,4856
Test/Unit/Model/Category/DataProviderTest.php,2a82c6fc80fc8ff53c2af0938b9b7217ccca2d08c04fe3d4d6c5f183fe698ec5,11525
Test/Unit/Model/Category/FileInfoTest.php,d58d7bc7e5bf0514fb6af437881e92710696ddf255c62fa15e3a4830627486bf,5689
Test/Unit/Model/Category/Link/ReadHandlerTest.php,578e5bbca3d07f62eb696c8dbb07f7986344c6eda57738564333a49881612768,4761
Test/Unit/Model/Category/Link/SaveHandlerTest.php,7a85930ad3edc14ad0874ded617095b6a7e3f01fe4a2be84eff5c4c638e64be2,7721
Test/Unit/Model/Category/Product/PositionResolverTest.php,3507b784321c9278b7fb44db9ea9856cc14de16654bf7ecf66dd7cee5588a76b,3220
Test/Unit/Model/Category/TreeTest.php,54ce8120e06ed0a801bd8e7f83f08b7ebf32e1688afd6aa719dff23923cead97,12981
Test/Unit/Model/CategoryLinkManagementTest.php,fd1e9be9413ef81f66ceee638d2ee429f127e44c85ee7a5397a277a603c2ec02,4369
Test/Unit/Model/CategoryLinkRepositoryTest.php,c51d3de2b6a7747e4aed708673c11f772aa2456fb344c867210be92199643512,9823
Test/Unit/Model/CategoryListTest.php,8179d5359a3de4eb8e441db10bd7e7e63f8283638b0c20c1e74a28baf96a3965,5282
Test/Unit/Model/CategoryManagementTest.php,481495352d4c3f0af35471b2daa4825bbb4d84ba6e68f55ffcf76fa059bd4928,10770
Test/Unit/Model/CategoryRepositoryTest.php,9adf97ea3b1cff68cd286b4966d03cdeebcb3dda1e5fead6fbc20ee8bac4d5fa,13469
Test/Unit/Model/CategoryTest.php,64eac62f14da8b5962e2577f78e258e12688fd10514bb596bfd1e7c4645732ce,21685
Test/Unit/Model/CollectionProviderTest.php,3a056fbc560ad12b8bda4036b3b977822c9febabbd36f7cf88390a6ada052a0d,4435
Test/Unit/Model/Config/CatalogClone/Media/ImageTest.php,ffe1f986243a1455117996612a5af18e52099d8c4a7b0d112dfcd98333dfb7b3,5368
Test/Unit/Model/Config/Source/CategoryTest.php,7af175e06b17de7fa6b9bcdf06c4229becbd14a99f78d197668e0e6d02a340b5,3014
Test/Unit/Model/Config/Source/GridPerPageTest.php,13e74f8b0cafe31d5767b2588ef6a1a09dfacb4c8eb13ca3ea4a4421d49627a4,908
Test/Unit/Model/Config/Source/ListPerPageTest.php,cff9aec4bb5686dbc86caecc824915da6526f847d3d23208299c9a4a7b015070,960
Test/Unit/Model/Config/Source/ListSortTest.php,76b5a6e7c1874e3a399b119e49308f1c65c82b4f56885561b339f820f3b72a90,1415
Test/Unit/Model/Config/Source/Product/Options/TypeTest.php,aa8c0d85f672e8cf0fc37260d8eef23e1a7134f16682facccf1f2ced031a2d92,2038
Test/Unit/Model/ConfigTest.php,64dd2abcf0a76bfafd61bdf8e6bc8fbb65c5df62c608b7e561c1cf9dce269ded,12006
Test/Unit/Model/CustomOptions/CustomOptionProcessorTest.php,1044216db2f0683994913791445f3540b917ae41bd36d1a22049879be950eb12,7590
Test/Unit/Model/CustomOptions/CustomOptionTest.php,be9ae050ec37936c2deddc641f0f1d22edfc9ef973aa10731e09c0729614b5fd,4689
Test/Unit/Model/Entity/AttributeTest.php,a72ea900bd9d7cb6cfec8fa840bff17b313bbb735642b0c99ab38ed3b8abca5b,9052
Test/Unit/Model/FactoryTest.php,260fa114d8ff7e6321601b6c7883b8299fc351cbc8368820f6a47dfa87a7ca83,1700
Test/Unit/Model/FrontendStorageConfigurationPoolTest.php,ff39377c4023e4e321c71ddf7a4c8a3f2498ef1d5bab104bb935ee376b3941bd,1838
Test/Unit/Model/ImageExtractorTest.php,37f661b833fe32731e0de6100f500a63caaf334d99204d557ca5acc98b3a6d21,1058
Test/Unit/Model/ImageUploaderTest.php,0b3c009d565b11812923003daa84904dd753d12e84f442b08e6cd0ee62c33b63,5079
Test/Unit/Model/Indexer/Category/Flat/Plugin/IndexerConfigDataTest.php,dfa20a7f542f8ed92dcf9d67bcec766b9323874dac3699378290937506c92a9d,3641
Test/Unit/Model/Indexer/Category/Flat/Plugin/StoreGroupTest.php,0b90a73a0c9f86f34dc07f09a03db1c833394d219a97f2ce8c412f24776a5a69,3646
Test/Unit/Model/Indexer/Category/Flat/Plugin/StoreViewTest.php,3cf92e1afd1962901681b09214d41e5e155ded7b75fd45feccda658188d865ce,3977
Test/Unit/Model/Indexer/Category/Flat/StateTest.php,ce81643685d6791d59dca342589f8e4312d538c2d98c672feb1a8d86dfd4c412,3429
Test/Unit/Model/Indexer/Category/Flat/System/Config/ModeTest.php,62b2c3713ef6da73d7c011802c078ceaa20fee564e46cee2eeaaa253eb34cf72,5511
Test/Unit/Model/Indexer/Category/FlatTest.php,11980fdd17984f966c8cb6fbe074f7678146ae9fa551871bd3260f95ca8ee1d8,5701
Test/Unit/Model/Indexer/Category/Product/Plugin/ImportTest.php,4210c843d2f757adba904a314d85f1a64984c550028671d90c69ed574b62fc9f,986
Test/Unit/Model/Indexer/Category/Product/Plugin/MviewStateTest.php,c203d650a6502b4da8af9f980e469302fb9ab4cfa64718f9eb1a2d62707b342c,10151
Test/Unit/Model/Indexer/Category/Product/Plugin/StoreGroupTest.php,a7bb4cd550b94db994fea984015985c9fb9911f3f299c5d86afa887b9948a269,4076
Test/Unit/Model/Indexer/Category/Product/Plugin/StoreViewTest.php,7d0442c704e6bbb20ebf9b706d76db238dfe381365230ceae7b9ee6c9f5beab1,3775
Test/Unit/Model/Indexer/Category/Product/RowSizeEstimatorTest.php,3ada4ff8742b1f30e16b65bb6dd07dc0e62063755d5059e5bb91a52bd8b927fe,2363
Test/Unit/Model/Indexer/Category/ProductTest.php,8e81f1ab6c2eb4e4e6cce9eeee4ebc57fb727ca4dc065b0c0d314e2b505932f0,5031
Test/Unit/Model/Indexer/Product/Category/Plugin/ImportTest.php,57f05278065a9f1c40e51092b44fd946046aa6da9b6be0dd7a9d69b78ebbfe04,986
Test/Unit/Model/Indexer/Product/CategoryTest.php,b380bc61b8c691bed331cc58c087dddd34297b360c43f77c5be88e3050d2de62,5162
Test/Unit/Model/Indexer/Product/Eav/AbstractActionTest.php,50a9efacd2ebfa88bede8798b98c99a7acb56d78460eb39b066f09b05855ba0d,7730
Test/Unit/Model/Indexer/Product/Eav/Action/FullTest.php,cb464358e4830b92afecbc13857f1d5f98a7b2e1fb25beea30bb2590fe007c37,6845
Test/Unit/Model/Indexer/Product/Eav/Action/RowTest.php,b0bc186f90502a44e4ef983e15ba901e39006ffb0fed3a31ff244d5aabecb018,864
Test/Unit/Model/Indexer/Product/Eav/Action/RowsTest.php,c7e20e3cd586f02fb3a48fb2ffc6f6356a4485fff9e29c19b59318287e3ab820,839
Test/Unit/Model/Indexer/Product/Eav/Plugin/AttributeSet/IndexableAttributeFilterTest.php,d89ff19ab3142f4ee33de373ba258ad16c7047fcb2bd186eebcc5308d89034e0,3410
Test/Unit/Model/Indexer/Product/Eav/Plugin/AttributeSetTest.php,d598caa6b3ea1a1604d87f0bc42a72f328fc9ab6b61e9faa05c9a48b0f9ef783,3425
Test/Unit/Model/Indexer/Product/Eav/Plugin/ImportTest.php,101451bc4edb2ae28b54c62e9fddf181ac496a0b7cc8c8f8f4a0285bc2cae302,990
Test/Unit/Model/Indexer/Product/Eav/Plugin/StoreViewTest.php,1f8d9de9133900c625145aaf49b66137472a061e230217e686c8d06d8e402183,3754
Test/Unit/Model/Indexer/Product/EavTest.php,e7392efd24bd9eb07a7918d0a69ba5889dfbbd22dbec97ed21a4ab2dfca5c343,3618
Test/Unit/Model/Indexer/Product/Flat/Action/EraserTest.php,3e697f8c625eca07731bc6f3435ba3fa1ef545aea18711dc90f44c968f729fd6,3812
Test/Unit/Model/Indexer/Product/Flat/Action/RowTest.php,60aca5289c48e4f562907c242dc0b356b374221940a9a79458993415a355c3e0,6901
Test/Unit/Model/Indexer/Product/Flat/Action/Rows/TableDataTest.php,dc58e3fea6e178c22b92c38d94f1a7863b6fd24fdd089a49455451ed78cec1bb,5231
Test/Unit/Model/Indexer/Product/Flat/Action/RowsTest.php,54e58e547911b7ab4622d8893973de43aca7a843651ee0ab3fc2c53229451764,4554
Test/Unit/Model/Indexer/Product/Flat/FlatTableBuilderTest.php,224070ebba2e0c1376046d010884a83b4959c4564d9e696a6e1d13850890d678,9288
Test/Unit/Model/Indexer/Product/Flat/Plugin/IndexerConfigDataTest.php,ea383d9dc5d4ecfd3fa8c310aa374f9d52732737ca17405b620aad461b532c41,4127
Test/Unit/Model/Indexer/Product/Flat/Plugin/StoreGroupTest.php,2fae83b915ad74d4f634be4fb9e61b47895c0f5dfec327d304537410f6e151d2,2844
Test/Unit/Model/Indexer/Product/Flat/Plugin/StoreTest.php,b8238d5f06c5eaf868b836f997ed1ed7de33f6eeb34b2113b3f3e1cb6fd9fc12,2773
Test/Unit/Model/Indexer/Product/Flat/ProcessorTest.php,e9430e9e1f36e68f183aaf02df2db53425bfdfdc4a1c64e30120a527f2fbad01,7082
Test/Unit/Model/Indexer/Product/Flat/StateTest.php,8c69bfd0a4827b18ed43daa9a9b0ccf8eecd8402e40ac687fb8f394421e24aa6,1434
Test/Unit/Model/Indexer/Product/Flat/System/Config/ModeTest.php,1f11605c1d0dfd50998bb853ad129dfddfd381ea790906ed009835227204330d,5452
Test/Unit/Model/Indexer/Product/Flat/Table/BuilderTest.php,845646659501d50b4ec5ca00856c948a635566753805001f036d87470531dd47,1740
Test/Unit/Model/Indexer/Product/Flat/TableDataTest.php,98913bb66238bc2a8b287e6f60531310c9a20602910486b3df9b07ce0a32f705,3104
Test/Unit/Model/Indexer/Product/FlatTest.php,b60afecad91531a409e0a7973efd95b163210c65efd50a2d966470e9e8fd8220,3899
Test/Unit/Model/Indexer/Product/FullTest.php,6df739bfc2581fde9ea493ce2a807964173aa61748ead15d6c6c185d8f0d0a24,2570
Test/Unit/Model/Indexer/Product/Price/Action/RowTest.php,99589778c8fe04e1099504856cec2290f612aa2d4d143bca585a69d7ebcd9782,871
Test/Unit/Model/Indexer/Product/Price/Action/RowsTest.php,e0e5812fc69540f6bddd89d1f48fc1a484d45b438c315d01107907f82ea16f6c,845
Test/Unit/Model/Indexer/Product/Price/Plugin/WebsiteTest.php,bc74368a61a98ccc15d7c513461d56309b419ac8ed137885a4673957fc8b7bb5,6949
Test/Unit/Model/Indexer/Product/Price/System/Config/PriceScopeTest.php,e9d7db61fbcd56e0b5dc005d64d9a0649345d55c6c6652cad59d4f6dfa55fb58,2789
Test/Unit/Model/Layer/Category/AvailabilityFlagTest.php,08a771868ba84892606a9a885e7f90d3635fb7cfbd84afd36cd53169c66711b8,2709
Test/Unit/Model/Layer/Category/CollectionFilterTest.php,2e05df16469d0a5ffb5742631c4127bef44baf1f9c0a051890a0a20c8cfbe727,2383
Test/Unit/Model/Layer/Category/FilterableAttributeListTest.php,6c0e56cacd6fd76a0a7afd7ee7213009e300ef585bb26c89e1530cf382390a5b,2617
Test/Unit/Model/Layer/Category/StateKeyTest.php,2578291c70f6c0c2648c7f7bc7928b5bfe7f4bbcb2eb69b3cc024baad8599714,1809
Test/Unit/Model/Layer/Filter/AttributeTest.php,99a944288afb5fb866257f0adf8047103f957c009250341604915486bd85ab82,10350
Test/Unit/Model/Layer/Filter/CategoryTest.php,5e2ff3a7bb854f565fff60e2f4311c5fd0a010b3b39380b3f9c27b5d77ba1d86,10783
Test/Unit/Model/Layer/Filter/DataProvider/CategoryTest.php,6438f95a4615e5306513d9e89b335707e6aa1caae1f73c536e79b59082487a88,4460
Test/Unit/Model/Layer/Filter/DataProvider/DecimalTest.php,e7f67e6777eb90c8bc3662da4aeeceda38d4bceb719c4f7991a9983ed9bce7d4,2832
Test/Unit/Model/Layer/Filter/DataProvider/PriceTest.php,003d59252a13334924d60d56d161b42480c6da4b67c3fc14b76e78958ac747ae,8284
Test/Unit/Model/Layer/Filter/DecimalTest.php,78a30bd5dfbc48cd867bfc5b0d5025a2c00684cf894b7f9cbaf4664a68ba6665,1334
Test/Unit/Model/Layer/Filter/FactoryTest.php,59f763f07f3d9c171d678fa9194be0582743ed41a19a0f4b0ed864b7ff54a327,2530
Test/Unit/Model/Layer/Filter/Item/DataBuilderTest.php,59a6c463193e62addf142c2bd68a4945680d6c2d653a7d3777575a6d2d517a66,1286
Test/Unit/Model/Layer/Filter/PriceTest.php,7639b3d0a6664990cfc34a4bc4d477130747378d34dacc9128d6123bfb9c1946,8522
Test/Unit/Model/Layer/FilterListTest.php,0bacc15dae26ba8f6986323419588727712e54140fdf905ce87d5531eb58a061,3564
Test/Unit/Model/Layer/Search/CollectionFilterTest.php,f72aa1588468ea5a7c267a7aef7b22d1d049003e6561195fe340e572eb5f8401,3325
Test/Unit/Model/Layer/Search/FilterableAttributeListTest.php,ce0612e375d5ca4b293ebc611200d9725fb72ca7adae866f2c6e691ae36d10f3,2775
Test/Unit/Model/Layer/Search/StateKeyTest.php,7365ce36ff99b65927d494901c9bf743e5526ff9048563db2fbb84011135c08f,2348
Test/Unit/Model/Layer/StateTest.php,083c22ca348062b3b306e0677da80fa1288cb7d2c453dae54149d32227ae8a09,1409
Test/Unit/Model/LayerTest.php,83ca028718f12a56c8bbc4abbea874c996a37711ea4eee03d9deaae46633db76,14017
Test/Unit/Model/Layout/DepersonalizePluginTest.php,963f5d58560974923f946140546f93d4259b09853d21a05c5bbc026c2e0d64cf,2380
Test/Unit/Model/Locator/RegistryLocatorTest.php,783df01cf04d478b7ca5c461d7189fec5b4ee3988d410411edb0c837fdc473e5,3022
Test/Unit/Model/Plugin/LogTest.php,97964949e2616b3b9456680b03bd8b4aec164f253a146bcb9742dadefdc6ba99,1488
Test/Unit/Model/Plugin/ProductRepository/TransactionWrapperTest.php,4061255a212b97da7b4d650420fe3658105fd782d082ae06e119dc4962305940,4380
Test/Unit/Model/Plugin/QuoteItemProductOptionTest.php,eb27a718b3404b78fe81ff75948084a277daa37ff0d1ba1c12c65729b994c0f2,3410
Test/Unit/Model/Product/ActionTest.php,f53dd7197c020f9f5f94e7ec3e11a3109f22a2238cd97a10a2c730793dd86b28,6349
Test/Unit/Model/Product/Attribute/AttributeSetFinderTest.php,083864f3795a78ee49cfead93cdc625f8ef9179ae835ee0c6ce8aa8521236edd,2910
Test/Unit/Model/Product/Attribute/Backend/BooleanTest.php,fa176d6ba14801753c5b959a3df56535d10d7e40103b48e64af743982865478e,1420
Test/Unit/Model/Product/Attribute/Backend/CategoryTest.php,923bcc9a992a87a93d3a961728744e7b2f76b2e873d3e770f75cf9c24d410bdb,1118
Test/Unit/Model/Product/Attribute/Backend/GroupPrice/AbstractTest.php,bed409316646172c1ad80e00ce5f150f163269be5792b11fd09556a748130cc0,3695
Test/Unit/Model/Product/Attribute/Backend/Media/EntryConverterPoolTest.php,8b845d71bd0f42b33fd68b9c47dca4712f12eb99abd259566616daec383010e6,3720
Test/Unit/Model/Product/Attribute/Backend/Media/ImageEntryConverterTest.php,4985e63da4eb307420a230b1a309380cb107a076e26217a2926ae80d0a4d996c,7447
Test/Unit/Model/Product/Attribute/Backend/PriceTest.php,314eb2d859bc5535155301031877f59a6d8768ca81dcf0e3441f1faaf8cace7a,7271
Test/Unit/Model/Product/Attribute/Backend/StockTest.php,746e21a7b8fab8a6cd15bc7ec51a8d2e1ed713d659d99c8989b281a0f3206408,2738
Test/Unit/Model/Product/Attribute/Backend/TierpriceTest.php,fb92a7abf9aca62bc0caea87a43747ca00195c6cc77ad8002f9956caeb6535d3,7628
Test/Unit/Model/Product/Attribute/Backend/WeightTest.php,bb9aacefc74992b5f3fa638c527ed1c1164db2e36eb79b12a0d697a6abd410cf,3538
Test/Unit/Model/Product/Attribute/Frontend/ImageTest.php,cd6e28bc57d909d89aea12ec2a71048db1b24142797dabbeb2da70fdb0408aa1,3541
Test/Unit/Model/Product/Attribute/Frontend/InputType/PresentationTest.php,f05d324fb22f002b37473158b480b2854f7f42259a5b6f23fde7ddf2556c5687,2938
Test/Unit/Model/Product/Attribute/GroupTest.php,2df1e0be11db8343792d2ff241a53b3e08a6e6418b43e9f5ef1b44ad674133cf,2268
Test/Unit/Model/Product/Attribute/ManagementTest.php,a5b96368e2910290abdabae3db3d9fc19fb9d4b97bb8d3b4ee04e97b6a1e7bc3,2289
Test/Unit/Model/Product/Attribute/OptionManagementTest.php,4ab1261e9f2173b1b269b5f9a3a510f7c4953bfa4ee5869f34fbb0822d877a6b,2463
Test/Unit/Model/Product/Attribute/RepositoryTest.php,6550f0c6b206b8a93c83fb33edb544d3a505532561fdcea25ac594a6f08a8c87,13324
Test/Unit/Model/Product/Attribute/SetManagementTest.php,9d9a4564a34e63151f0d1ab340950d9d55eb4c50259c66403a6f4583071e4fe2,3678
Test/Unit/Model/Product/Attribute/SetRepositoryTest.php,e707a658039491669e0766881fbddb62377a6ccf4270d06b9ded947e797d2d04,8173
Test/Unit/Model/Product/Attribute/Source/BooleanTest.php,71b34d05f983a2e4d2643ef0b9f3633a2f196c0344af352cba24cc64110d5b2c,1136
Test/Unit/Model/Product/Attribute/Source/CountryofmanufactureTest.php,40757dea354000368624dda3291cc4057577bff940c5d5c4272a175d76c27942,3225
Test/Unit/Model/Product/Attribute/Source/InputtypeTest.php,b9ebd043ffb24d61d747c939f375b697b8d085c09b4645d58cd143a532cbd62c,2193
Test/Unit/Model/Product/Attribute/Source/LayoutTest.php,6e7d3bf6866919e8ba7a7f48c57239b327b1868252f57732874f86001dbdc187,2073
Test/Unit/Model/Product/Attribute/Source/StatusTest.php,4f86471bb15fa71ccb2fb753ed0de361ba26d87467fad41fd365c5fe1decf7c6,6006
Test/Unit/Model/Product/Attribute/TypesListTest.php,17ffc9f3f0a43deb3500f920e39f5604cab4ac77511cd58a17fec7ef7415cc15,2432
Test/Unit/Model/Product/CartConfigurationTest.php,70adb11f8d7056df9bb5154673fa92ff501ac7397bd9b420b63d9d21da314fca,1239
Test/Unit/Model/Product/CatalogPriceTest.php,fa22984e64168fabadc70d49da5f1fddbaa100b8b7d4869ae63e85ef85c74d88,3841
Test/Unit/Model/Product/Compare/ItemTest.php,32dfa679141b27dd7067123e336208add1c807074efce193c411635335b746cc,900
Test/Unit/Model/Product/ConditionTest.php,ee0ca8253ae58fbe102164ac8bc4bd1f3abd752e5942deb4c3409f8bb6ccf363,2851
Test/Unit/Model/Product/CopierTest.php,43eb86e421ffbe0c4656877cec2fafc0faddea2dd07acc09481cf4ffa39bf9a6,8044
Test/Unit/Model/Product/CopyConstructor/CompositeTest.php,3fa32ca61679f2f06e84a52b11dbb6399bc55914e716bfb1814449eb85dd86cb,1225
Test/Unit/Model/Product/CopyConstructor/CrossSellTest.php,74b3ff4964ad5809c5f71d64b27633f7876ec6a7fff71452cb0f99dc55857aca,3121
Test/Unit/Model/Product/CopyConstructor/RelatedTest.php,e17e09ba1d4be9b55b82b8560407bb5daa828137b8ddb825a0f6ad9d1ca5c305,3104
Test/Unit/Model/Product/CopyConstructor/UpSellTest.php,4b4de6e7e858c8ec79490ba986f4b4a47bc596c3ba59d80bd61ec1a2c1959901,3094
Test/Unit/Model/Product/CopyConstructorFactoryTest.php,991940aee9457255a85dcebdb10deedeead80fc893016ae6bfa65bda87726fd1,1626
Test/Unit/Model/Product/Gallery/GalleryManagementTest.php,585fabe56832946200fb87970197ad2a1a90b07824c3129c2102cf71acc8c9e5,14009
Test/Unit/Model/Product/Gallery/MimeTypeExtensionMapTest.php,c7b729f79c7712fb3b12ca3a72924a8d2e485fc9e7d3680cb4358f4d937872de,1040
Test/Unit/Model/Product/Gallery/ProcessorTest.php,11ac9fb94277883df3d26c0fb68a3d9ca11601a7ed88c01c8bf1d66626908201,7687
Test/Unit/Model/Product/Image/CacheTest.php,d4a0be48a4f2dc75b60c63b6490a63ca541474be4cb4745b07902a8e5d1b4628,7500
Test/Unit/Model/Product/ImageTest.php,a0a52cd899843000da9369ed95cd28f33b6eb70015cc44570b09a9ab710e2847,18459
Test/Unit/Model/Product/Initialization/Helper/ProductLinksTest.php,b333e8e8fe003a1277f93901e9d595bd35aaef6979e0090e688d455a0fcb795b,2299
Test/Unit/Model/Product/Link/ConverterTest.php,8b6188077d7afd5bea05cdf66183083c931810586c327f6a883f78d23ef962a2,3287
Test/Unit/Model/Product/Link/ResolverTest.php,1bd2bc108944978ae3ff8dc3f30d2572e9877dca380db3e614d2bf29db00f638,1297
Test/Unit/Model/Product/LinkTest.php,d0142393bce773d17aa78ab6156e2b2930a400d5d6546f697b51630780e02782,6021
Test/Unit/Model/Product/LinkTypeProviderTest.php,bed4f56067f52cfbb6fd0f0fd2e7185a4a866136e37e035e7c224361a05c6483,4571
Test/Unit/Model/Product/Media/AttributeManagementTest.php,de0b8350f07e74b03576c6bafeb0b4cfdc1e85b79e83d3a8ec345523bc938790,2608
Test/Unit/Model/Product/Option/RepositoryTest.php,af3582d8dcf7fbae8a1e59e5e9e927657fcc3cbc184f475891d21fd76035f115,12241
Test/Unit/Model/Product/Option/SaveHandlerTest.php,5b9afe6a0f8f01a67224b48edefee971af3fa845832939e6dc090a315475c6d8,2278
Test/Unit/Model/Product/Option/Type/FactoryTest.php,e288ec2b2274158c3e07f1e32a79abf1a5ac558e6fb9b196ac83700adec8a2f4,2563
Test/Unit/Model/Product/Option/Type/FileTest.php,85731366f19ed44d96d42b5608e8447e67318864452e5c16726603559255e6d5,14920
Test/Unit/Model/Product/Option/UrlBuilderTest.php,887cc14880860b1dd299e232cb21a963dfef7a72f4740958b13886a4d34a8bde,1319
Test/Unit/Model/Product/Option/Validator/DefaultValidatorTest.php,ab779da40e3e5ab00d916e934c01ab1d98601e1753fbf2123d438ccda5c09f3b,7371
Test/Unit/Model/Product/Option/Validator/FileTest.php,f64ed562587c1ce0e19c788456a3beb1310839fa2a6a0fc7c165a08cb0121c1e,5905
Test/Unit/Model/Product/Option/Validator/PoolTest.php,b3f6599c9a7a9b0913066861ecb5aa708184df660f1ccd376f678309d7feef16,1335
Test/Unit/Model/Product/Option/Validator/SelectTest.php,dfdec419a19998a9ff29ad470d3bcf49b9ade852716731563761a11a8f974f8d,7052
Test/Unit/Model/Product/Option/Validator/TextTest.php,f3063940b8107c5f53018e57f56cc99f1f997b9f12afb4ed3f39415d1c1678c6,4248
Test/Unit/Model/Product/Option/ValueTest.php,80290b54fc1320ce38d61147ae8f1ec88938da138916b3a91ec0d7b95afc3f12,8180
Test/Unit/Model/Product/OptionTest.php,b096bf468e4624b5cad1bc23c554351cccb1364191738fbabb991b232baedf1a,3533
Test/Unit/Model/Product/Price/BasePriceStorageTest.php,83f45dfa272282fde4819a076bf4868cb23e612975c7e45715c0e425e25e99e3,11353
Test/Unit/Model/Product/Price/CostStorageTest.php,d7f6fa598cb415c72c9017306b4610517b6074053653660a6d61e5d65b39efd3,11733
Test/Unit/Model/Product/Price/PricePersistenceTest.php,0d00966b3daf6c847f38b59052204f7ec740ce3157770eef0ec870f08191c3dd,13563
Test/Unit/Model/Product/Price/SpecialPriceStorageTest.php,7d19b81163c58cb7ad517176c7f3a110ea09e5f3dcb58da163b6bff59a65434a,16922
Test/Unit/Model/Product/Price/TierPriceStorageTest.php,266c5a95319236732f0a5047576b66409bdda448c77fc98781fb3181f7a8682b,12820
Test/Unit/Model/Product/Price/Validation/InvalidSkuProcessorTest.php,31e03985e346933cc04ca0b9fc44c67c6be0e027acd2f1fdb3c526ac26a7a822,3222
Test/Unit/Model/Product/Price/Validation/TierPriceValidatorTest.php,56f2af8fcf20992462cddc0e3c30324905b561429224e34d53a6fbf7246b967d,10951
Test/Unit/Model/Product/PriceModifier/CompositeTest.php,88b73b54f8b0513cd4ce145c257a83b1737321d67e787946823240272df5a876,2213
Test/Unit/Model/Product/PriceModifierTest.php,2fae4e1c6727bf0c69503dc66a26d690eb634fd63c51574625a1a5aebf63fb6c,4023
Test/Unit/Model/Product/Pricing/Renderer/SalableResolverTest.php,bdf96e3d82a6c344aa8662442238138f8a70a3883205037f79778f951581265b,1461
Test/Unit/Model/Product/ProductFrontendAction/SynchronizerTest.php,8c8124268a7f9409013202fd973f89ebcf7ce82dd77ac08a8784baae9c6df43e,7131
Test/Unit/Model/Product/ProductList/ToolbarTest.php,4ad37ce9a23673b354c92f42a782977d5c097115308813f736d20dd5d66b2ff0,3537
Test/Unit/Model/Product/ReservedAttributeListTest.php,5beb8f83eca9d415d9b8a865a2ffbed936647bfc975c00755c5e8620d2fa9960,1667
Test/Unit/Model/Product/TierPriceManagementTest.php,3bb8a7e2f274a458d51b3b30a4029f8dd1d072eea58aa854d3baad39a33a0493,15660
Test/Unit/Model/Product/Type/AbstractTypeTest.php,cc86cb0a823b5df68d40ee5f4ddc990a81f76cd0bf756c24476c5e619c340fd0,4580
Test/Unit/Model/Product/Type/PriceTest.php,4a4c4fa0f5d6dded2e3aacc1e22d3f77f7cc6af47583ae83af714bcd846ba33b,9516
Test/Unit/Model/Product/Type/SimpleTest.php,e788f0d0d6d6a6e312b4ee6837344ebd6242a25b05aea32ac6b30d429290f9dc,1643
Test/Unit/Model/Product/Type/VirtualTest.php,ad5b479aa885ea0fde4112df36bd8428874dcf947e245d30fe5d43ff7e7c07de,1656
Test/Unit/Model/Product/TypeTest.php,3e5de09cb939b6579b5f33ca694f070087111a4a9aab29b505eb6d2cf0559678,10343
Test/Unit/Model/Product/TypeTransitionManagerTest.php,f1c5b3e4920901c0edcd48a4e8e43bb167c28e2d7187329c1f05f8d6b8cda1a3,3379
Test/Unit/Model/Product/UrlTest.php,88be723e2a9b4a2adc611b214ed061f50cf6e115819a94a0296b60b0d68a2b55,7604
Test/Unit/Model/Product/ValidatorTest.php,08e86484c316f0ffef9475cb1ce540ef02a0e800bea154dcf2a3aca06acd8def,784
Test/Unit/Model/Product/VisibilityTest.php,e43536aaaec98fd1c5c08524749182a0c79b8eab8c33b52145b78eda47c39534,1871
Test/Unit/Model/Product/Website/ReadHandlerTest.php,0727b5bdd20be00ce549398b1e32bd45ae6f1f15854bc680389a1cee079ca24a,2920
Test/Unit/Model/Product/Website/SaveHandlerTest.php,b82cce1cad62e06fd772969d8a8a1ba6e1fc9dbc4eca5add6dedfabaf327537a,3875
Test/Unit/Model/ProductAttributeGroupRepositoryTest.php,a0183dc19784125f3a4f979ad0cf11614d2357ddbea3e8e4235f9adc1d9b2b21,5570
Test/Unit/Model/ProductIdLocatorTest.php,431b7d2e14f623ff66fb852a502894471377cd124d3eed78235c3f769604893b,4075
Test/Unit/Model/ProductLink/ManagementTest.php,5138370f00b6c6d9b2372531a5f68fe2cde3c252a418f3f8f8b873172da236f7,10096
Test/Unit/Model/ProductLink/RepositoryTest.php,a778a56b0e16931329c696a9df1b96e9759a5eb16d9a6bb98f09d59589fe033e,12943
Test/Unit/Model/ProductManagementTest.php,0d5f29913fd7a19b0c9b027cd81c23516234f6cf796faa1f01718e0b23d2d59e,2346
Test/Unit/Model/ProductOptionProcessorTest.php,f2bb7d07529d5087bf03223dd1d49e2bf936866d1ac925c1b203d4aa0cee03f4,7099
Test/Unit/Model/ProductOptions/Config/XsdTest.php,057a258ad1c877f89ab9dec42f01513fe51edd1e189e6d970cb9b3b8bf3d7754,3452
Test/Unit/Model/ProductOptions/Config/_files/invalidProductOptionsMergedXmlArray.php,68fec434d556a71f665006c5e92fe8241bf437d148b250becc70a525cdfe7d9d,1859
Test/Unit/Model/ProductOptions/Config/_files/invalidProductOptionsXmlArray.php,a436463c3e7eda0afd0725af1af3fd0c58d645a707076b12e2d08d706287e371,2430
Test/Unit/Model/ProductOptions/Config/_files/product_options_merged_valid.xml,c1a06f3721d429cd1b338d6b5902c3bf2eb4e5f53fdf50cd0122608a694dea3f,611
Test/Unit/Model/ProductOptions/Config/_files/product_options_valid.xml,1c3e2e59c25289e2c8cd1216faf5ade2d7ea99dbd2390b47b5d796093121f48b,541
Test/Unit/Model/ProductRender/FormattedPriceInfoBuilderTest.php,8b839853cadd7d497975758fce0d507a3d06bc0c0aded62b246b02b5021cb2f0,2881
Test/Unit/Model/ProductRender/PriceInfoTest.php,cce7ac7ff540894cc540dd7aed0ec5459c4171b2bc1e06a70f6a7fc570313fa4,2893
Test/Unit/Model/ProductRenderListTest.php,d632b8330f70536a3fef7f11829a51680a32307f0ac7c4f678412feee21ad0dd,7356
Test/Unit/Model/ProductRepositoryTest.php,cf803db9e667f0aa1763977f7aa9d6699e626cbd79e7c12db4cd80dd44a61393,56871
Test/Unit/Model/ProductTest.php,da9be6748b53f34fecbfd53b09723e5018112901f9333ce2062dd2e76f6c083c,55680
Test/Unit/Model/ProductTypeListTest.php,7d924ac6e0289db9d2a4f61c240a2a764e74f2e77870e8c701a7a15c7888bb38,2018
Test/Unit/Model/ProductTypes/Config/ConverterTest.php,6967fc10ffb1a2757605091c0624f021319e7acd28665c6d04d18857f9d4b3e2,903
Test/Unit/Model/ProductTypes/Config/SchemaLocatorTest.php,db5fcea2c7d62541d3e0fc9912da4e381c33e24a91414369bd21f6ac19ec5b53,1251
Test/Unit/Model/ProductTypes/Config/XsdMergedTest.php,343bed9135815cf834ab70acc4a1fa477d3aaff6ada4c3a8cd9db3fdbaec4877,1920
Test/Unit/Model/ProductTypes/Config/XsdTest.php,30f3f78f6f4da92d79f47d1806e5568c516f6dd507cd10769c8f582ae591f5c2,1865
Test/Unit/Model/ProductTypes/Config/_files/invalidProductTypesMergedXmlArray.php,8e7a0e86e1ba654871140f809aa1cbf1fe10de4df02d67bced689520392b963c,2053
Test/Unit/Model/ProductTypes/Config/_files/invalidProductTypesXmlArray.php,ffb23a030d27a66f5ad59a0e5dbf54d7017a49798f69d2e490254144ccea5d2b,5489
Test/Unit/Model/ProductTypes/Config/_files/product_types.php,f95638417e3daa340733a023515df5f559cfb5b870ca933a652d5a09c9fce5a2,1637
Test/Unit/Model/ProductTypes/Config/_files/product_types.xml,991a24f64c7f88761b2dd006d7c90ff04a33f9f2f8c73e50ea1e381805708ac4,1398
Test/Unit/Model/ProductTypes/Config/_files/valid_product_types.xml,629d5cff7682dc59e3a6e7ef9a124ab5ae91f762777729daaa691c923a439d6d,727
Test/Unit/Model/ProductTypes/Config/_files/valid_product_types_merged.xml,6e6a782093da66099318186a68b3d8503c764aa6b35f06e1f74f9aa369dd1211,1535
Test/Unit/Model/ProductTypes/ConfigTest.php,9b8b904ca7330e8ef9bb835c20dd55dc63e519069bc6284fb975ecf03087adbe,3962
Test/Unit/Model/ResourceModel/AbstractTest.php,a5e58992728560b912fc920c515626d8b3ec6631abb57f32734256f0f14b682d,2945
Test/Unit/Model/ResourceModel/Attribute/ConditionBuilderTest.php,c15614c4a3316eb98f42a1ab3f1b013ef510214d6ab4ca963a18e20b3fbc4e59,17855
Test/Unit/Model/ResourceModel/AttributeTest.php,b2a04c7efc0b16dd833199475a0fc5cd495153be0397479c814ee93c3f581ee0,8736
Test/Unit/Model/ResourceModel/Category/Collection/FactoryTest.php,80b0bedf83a96b3b2f45faf398073d845a415dc5513083a8dbeacb538bc95c12,1413
Test/Unit/Model/ResourceModel/Category/FlatTest.php,e31127982bca687970c643968529cc212dce8105f40586393e8f7b58f3d95f33,7405
Test/Unit/Model/ResourceModel/Category/TreeTest.php,e9c2f3efde7b3b2dc000feb672bd476fcd70494e0ad50e8a5bd14215585c44b6,8673
Test/Unit/Model/ResourceModel/CategoryTest.php,0c032e598fb6d0f4491c98d982eec24d40137690f265efd4dc0a9981b9a82eb7,6433
Test/Unit/Model/ResourceModel/ConfigTest.php,e1c09f32145018ee9173e774e5304571f766fc1d03ea955ff1e006342f501eda,4084
Test/Unit/Model/ResourceModel/Eav/AttributeTest.php,03ceee16d6bbf6a31b67d1aaf81f66584098256a6c8c960bd1860904887dfc6d,7547
Test/Unit/Model/ResourceModel/Indexer/ActiveTableSwitcherTest.php,2ea6df2e49979f8d09affe63918d14fb7618b6cc9aebe2dcffe8699ffefff494,1589
Test/Unit/Model/ResourceModel/Product/CategoryLinkTest.php,75328b535c7ded73f1df4693e8abecd3112039f8d65aad1646708d5656c9e94c,9972
Test/Unit/Model/ResourceModel/Product/Collection/ProductLimitationTest.php,bc80766398f6e9dfb738c713c20a61d0c4cdd7dbd6dd1f9eb4bd52bb2666609c,943
Test/Unit/Model/ResourceModel/Product/CollectionTest.php,edf96a2f1d2c6768d9464fa394709cf524eaa73bfb98dae01c9ecf2e7ddcf9ea,18596
Test/Unit/Model/ResourceModel/Product/CompositeBaseSelectProcessorTest.php,985a6d869f485dbc2fa0bc6942505a645afa30e2b0362358a6bc60151fa56a24,2013
Test/Unit/Model/ResourceModel/Product/FlatTest.php,6f3c1b762f85ba33e9cb62abb39fb373c1da89895d72b0f5cbdb88c457d2710a,1988
Test/Unit/Model/ResourceModel/Product/GalleryTest.php,a84820737b4b7473e6de1dfb6939ba3e43f87fd8aae7f93049da986b4b08a969,18626
Test/Unit/Model/ResourceModel/Product/ImageTest.php,a4f0a5043b47ab4d1ac3a5408ddb68efc74d3d487201b2274c9dfbdc24f30095,10970
Test/Unit/Model/ResourceModel/Product/Indexer/Eav/BatchSizeCalculatorTest.php,21cdb8bd3aa2619cd366f2e0b3fcead941e0bad4b1eab03f246ebfb0d2ca0b64,1607
Test/Unit/Model/ResourceModel/Product/Indexer/Eav/DecimalRowSizeEstimatorTest.php,b849949df019b9594e0750e5e46e786eb60ea45301fd8cc74da941c09cf910a5,2678
Test/Unit/Model/ResourceModel/Product/Indexer/LinkedProductSelectBuilderByIndexPriceTest.php,c72148fa2cc1a80fcd168cb9acd0ae52ced46f1eb424b9e301f953efbe2fd647,5223
Test/Unit/Model/ResourceModel/Product/Indexer/Price/BatchSizeCalculatorTest.php,1df88999779a9f2faea22121396a2ca5253732c27f8ad725b62dc548870cff1e,1500
Test/Unit/Model/ResourceModel/Product/Indexer/Price/CompositeProductBatchSizeAdjusterTest.php,4bcceef6d905027e9a1dd0eec43f70f424502ba609c829eb3ed694b509be2da6,1252
Test/Unit/Model/ResourceModel/Product/Indexer/Price/CompositeProductRelationsCalculatorTest.php,39c99827c2d7ae68d97789f22aaaac4cbe8baafa2c6ed38e4e2cc4f8d2f19894,2748
Test/Unit/Model/ResourceModel/Product/Indexer/Price/CompositeProductRowSizeEstimatorTest.php,cb00683b533ba9bdaf3e9f3425ad08da5b557135f22c1cc22ad8aea58668c4cb,2292
Test/Unit/Model/ResourceModel/Product/Indexer/Price/DefaultPriceTest.php,7de748a4cb4983d71eea614f91c6b57162725f01ad1c6e6fb946785e15b795d6,1300
Test/Unit/Model/ResourceModel/Product/Indexer/Price/IndexTableRowSizeEstimatorTest.php,7e1c47380f782b6e85a267c0f5186cc4d01fa2a96198e275d0febdaa16bf50f8,1758
Test/Unit/Model/ResourceModel/Product/Indexer/TemporaryTableStrategyTest.php,2bf0ac86f00ccb370cb0b6ebb7b0714e742864550de8e937647c5270bc9699e8,3416
Test/Unit/Model/ResourceModel/Product/Link/Product/CollectionTest.php,d7b5ab51161ad12b6f501b06256dc2dd821f292475aad6387cda612cb5aeb5ff,8394
Test/Unit/Model/ResourceModel/Product/LinkTest.php,01b54bb75c61398c85b40e4f0551a7b11c54ac20fbf232502853180ded064f7b,4533
Test/Unit/Model/ResourceModel/Product/Option/CollectionTest.php,f28a2b81a985bf9ddb15917f7d5c33d080785dd1d4839f5cff03c2692d0cd5c7,5718
Test/Unit/Model/ResourceModel/Product/StatusBaseSelectProcessorTest.php,82b1a8670cf9ddedf8555528fc4b8c0cbe1ece248fee1368eca93da1a6b64c7c,5136
Test/Unit/Model/ResourceModel/Product/Website/LinkTest.php,4b11a79d8223da83361d3c10d78b94e5b6c243bf6c01a61e63ae61b05a8cf80d,3475
Test/Unit/Model/ResourceModel/ProductTest.php,de045de0ba80d0cb8fe25776a66409811999d02433b9d6ab13201f0b9f23b64d,2868
Test/Unit/Model/Rss/CategoryTest.php,1c7b156020aa9a9e733d241543d88d92cb7263f1b8c8ac05de7c338b4014d228,6934
Test/Unit/Model/Rss/Product/NewProductsTest.php,dad21b090d8b719fdb7d02c447f4d2b85644c78ac951705a8d8fa53233e59587,4207
Test/Unit/Model/Rss/Product/NotifyStockTest.php,ac20e926f076c31a7b9acb1bbdbdbf3a2a5a8dc1ef98d2c053367dc3ed481a88,3889
Test/Unit/Model/Rss/Product/SpecialTest.php,974ab410cd9178c9287411ecb50b6fcb9dbf38ebbe459c76ee2b3c384177e9d7,3191
Test/Unit/Model/System/Config/Backend/Catalog/Url/Rewrite/SuffixTest.php,6277178ad1e9b08577be9179a5d84de498d71db8cfe2700cd5fd58234b575ce4,5024
Test/Unit/Model/System/Config/Source/InputtypeTest.php,40f42e876f142980254e8716279deeda020bb94cba110c8e8eab9cb9fffbb0b1,1125
Test/Unit/Model/Template/Filter/FactoryTest.php,bfbb3f975ea14d9901178b99f3976a1d43c9c843d7d2c3522ff5354098f55664,2752
Test/Unit/Model/View/Asset/Image/ContextTest.php,67a8995d37bddb5871d2bb2987b0c4297716f70db16f24dd488d687d989037d4,2417
Test/Unit/Model/View/Asset/ImageTest.php,7845df96d93b20a09dde50ac43cf1a0c33d718e011cb7a3987c59d00cdfb66b0,6390
Test/Unit/Model/View/Asset/PlaceholderTest.php,ca83bec607499770d4ce27a2ce6c1a7e29f232f0b09466c422249dd9a206e050,5726
Test/Unit/Model/_files/converted_view.php,8cfdefb9e70e8168245ba0d7b459f85bdf66405215fa519c7f7ab2a0da316b00,1812
Test/Unit/Model/_files/valid_view.xml,fa47c5dde087518bb531a3d68e5bad131e1fd4f71ddf5e6fad21a94fbb51bfaa,1902
Test/Unit/Observer/MenuCategoryDataTest.php,b2205934383dfcb7812c21eba013db339600e1cb92614178a5351c07820c82ea,2447
Test/Unit/Observer/SynchronizeWebsiteAttributesOnStoreChangeTest.php,8788a279abfe503bd5f5b14e839e12e07ea7ed207fe0f37819f56a8edf10139b,8001
Test/Unit/Plugin/Block/TopmenuTest.php,86cb97813dd5ad56db0b8c81e11d1b345979470bc1a127212baf4a468cd9249b,5532
Test/Unit/Plugin/Model/Attribute/Backend/AttributeValidationTest.php,cb4b3c1d122010f9254f4539e8e2db7b9db29d14324380d1e571516ba6f94552,4630
Test/Unit/Plugin/Model/AttributeSetRepository/RemoveProductsTest.php,831092c67b7523e9749ca40488ed6728b8c1356b32fbd53ce3c1d0553f777fde,2974
Test/Unit/Plugin/Model/Indexer/Category/Product/ExecuteTest.php,41528e172e9b23a885bdacb2af7572edb53b6ac49662475d710c891f2c2cf38f,2762
Test/Unit/Plugin/Model/Product/Action/UpdateAttributesFlushCacheTest.php,909756ba02e4b00ac69b21711f1d5dbdd52984ad454c0ec3737922d143fca022,1816
Test/Unit/Plugin/Model/ResourceModel/Attribute/SaveTest.php,bf852f5244fc954bd8913f2a1b3c6819f761bc241cce9ca9066ef1ab8ac68b46,2054
Test/Unit/Plugin/Model/ResourceModel/ConfigTest.php,c294b3eb0cd7c7df22abf9440b279c68b4c14a154a069b4fe0158de1a06996dd,8011
Test/Unit/Pricing/Price/BasePriceTest.php,3edd560f573760e22b770d94b5e95a56ec626d327a4e3b411d3bde20bd048afc,4319
Test/Unit/Pricing/Price/ConfiguredPriceTest.php,bd4aaedb24516b5b1b3daacc3af63ad2b4458587a4bc99f8db23f75a532048d9,5363
Test/Unit/Pricing/Price/CustomOptionPriceTest.php,8eb19d6a1b84c202eb0a018aed980edec16e0376eeee1d08c20cf02944629ca0,15401
Test/Unit/Pricing/Price/FinalPriceTest.php,09f42502bb14f63500baeba73799223954514577b6ebd83f3c58a0a74bdefba1,5393
Test/Unit/Pricing/Price/MinimalTierPriceCalculatorTest.php,cc0d2ba1006c18df509c09dafdb13836a459f954a2503138a06c1fcbaf47ad4c,3583
Test/Unit/Pricing/Price/RegularPriceTest.php,ca7975d120fa28f0f538da28b00b99cd07512c21d98779040ab9a3d0bc5c42be,3810
Test/Unit/Pricing/Price/SpecialPriceTest.php,92e57a230b0f930d3320dcf5b5b8935682e22fa144781a2be4aed7b66330c526,4071
Test/Unit/Pricing/Price/TierPriceTest.php,9f77682c3aa16745441a196a9f265a71953bcce51327db3d8f310aaefd2a751e,15796
Test/Unit/Pricing/Render/FinalPriceBoxTest.php,893ae8a7a4853f0f528697ff2510c06a7c1070f89f0353615cc2b7c8e15c1639,16530
Test/Unit/Pricing/Render/PriceBoxTest.php,218a8e595d5b6a2cb063957448ea8c5867858ccae18c7107a78f5ae254774e51,2890
Test/Unit/Pricing/RenderTest.php,a7f623913f8c99e7200a4bf6dfd8db2a26891c2a6f6db8e12dc2a522c807088b,4514
Test/Unit/Setup/CategorySetupTest.php,a0df8102684d760c4367f8e042dbad11c0f1ebbb1039f98fb863f6d67ca90155,3221
Test/Unit/Ui/AllowedProductTypesTest.php,4e9e3d3fa1a6658b2b944cef8d3f1352d9ff9d9aca07f1f2311d53ceb929c37e,2293
Test/Unit/Ui/Component/ColumnFactoryTest.php,c092f98a0902d07a924e70795b92b687b25acef035515239ae6a0d99c671e3d8,4606
Test/Unit/Ui/Component/Listing/Columns/AbstractColumnTest.php,82dc404e7162333b629ead96521ab0e99cb9d6cfde10fdf5c95214cd886d7609,1792
Test/Unit/Ui/Component/Listing/Columns/AttributeSetTextTest.php,56afc2e850d96c44922c333d83d20716a398758b92ff51b29f041a029b0fc922,2679
Test/Unit/Ui/Component/Listing/Columns/StatusTextTest.php,412f5699dfea5bedf2a8f5e9f53d676802db7ba4f10492264df8fea3cc3b960c,2073
Test/Unit/Ui/Component/Product/Form/Categories/OptionsTest.php,e954eae08fcc9fa349b47e7fa72c1dff8bb36563e472bd2968ad577ac9bae752,6779
Test/Unit/Ui/Component/Product/MassActionTest.php,08b4c281717518019ff8a7061a64c8ce352d4cb871ecaeb42ca80402d749409c,8473
Test/Unit/Ui/DataProvider/CatalogEavValidationRulesTest.php,da492856004bf2b076784c7a698e875518eebe373dde28a15d52ef2d900b3e9b,3140
Test/Unit/Ui/DataProvider/Product/Form/Modifier/AbstractModifierTest.php,82b2fe42f7c32272e970a2a496ae9d8cdcf5cf0963101570287d3cd3609de6fa,3450
Test/Unit/Ui/DataProvider/Product/Form/Modifier/AdvancedPricingTest.php,b726e44064514fe70716ce4fb4ea5c407aae67588cc627e77bb21849d2c03a89,4515
Test/Unit/Ui/DataProvider/Product/Form/Modifier/AttributeSetTest.php,8f472ce8da3bcd7fd8aff14a129946af1ff18ec9d26570f08a3fefe189026145,4528
Test/Unit/Ui/DataProvider/Product/Form/Modifier/AttributesTest.php,c7a33741646cff3d097b4a3705866a0e94eed6f9bbd7ef41759428358eeec6cb,2252
Test/Unit/Ui/DataProvider/Product/Form/Modifier/CategoriesTest.php,74f9cac1bbdf4e56a86da2b45fe9cc2d1ae93e696ff6af44258ba540dc86340f,5394
Test/Unit/Ui/DataProvider/Product/Form/Modifier/CustomOptionsTest.php,75cd356a3f24d1ad4a86494724ee901d09f54ad001fb69b32cdc29ef264dedcf,8022
Test/Unit/Ui/DataProvider/Product/Form/Modifier/EavTest.php,53c8cc025d6242a346adcf083c2bfc644183dba98ed48fc1ee7b5cd27856b55f,26661
Test/Unit/Ui/DataProvider/Product/Form/Modifier/FactoryTest.php,c0c40a79b892a730391342915d36ca6367022392930e259040ad65fb15e7216e,2038
Test/Unit/Ui/DataProvider/Product/Form/Modifier/GeneralTest.php,b495f844d09a3a3bd26cf39bbb596db9de219767355e41ba59d86486deb8abff,4001
Test/Unit/Ui/DataProvider/Product/Form/Modifier/ImagesTest.php,3618c5b3db0f65ba497215e5d332629e7837ee0b1e3c671bb3f5468cfa1b3cfb,1808
Test/Unit/Ui/DataProvider/Product/Form/Modifier/RelatedTest.php,752c2d8e6574b21c79ab4f39f1f2cb489c1f505cf2c9be7ff48011e189b6421b,1032
Test/Unit/Ui/DataProvider/Product/Form/Modifier/ScheduleDesignUpdateTest.php,bffb841ec9accaba0d75a7cd3047f2e225c6284b9ea6342cce82bedea305eb45,1005
Test/Unit/Ui/DataProvider/Product/Form/Modifier/SystemTest.php,47147f71d5c61c337c92eaace84093e469298c9002b6329b5ec4a53f07db5ac5,3125
Test/Unit/Ui/DataProvider/Product/Form/Modifier/TierPriceTest.php,e40c39368cc2ad3ce3c9438415003e561a0eca57c8fbb78258ea4591f5269f3c,4478
Test/Unit/Ui/DataProvider/Product/Form/Modifier/WebsitesTest.php,0fbd493b3cdbc79e8a34b3b25faee207c1429a0c08f6e3d3a9a325b94e60c25b,7550
Test/Unit/Ui/DataProvider/Product/Form/NewCategoryDataProviderTest.php,410b28f704fe4db9fc599f434df197957cb8f6b0fe579107ca8f77dfc3e7684d,1419
Test/Unit/Ui/DataProvider/Product/Form/ProductDataProviderTest.php,ee512d889a01b3b42033a0566b43f72a05f468d154e772d338b0c6f5e85ca9df,3365
Test/Unit/Ui/DataProvider/Product/Listing/Collector/AdditionalInfoTest.php,1c36a33f784beff0da5ba60f5e4e06d430f11e3310b70a2c7f6dc0e1639d88b5,1645
Test/Unit/Ui/DataProvider/Product/Listing/Collector/ImageTest.php,199e290cb4ac0d27e389cc0f718fb0a42812c579e60e2d110377e279a27b391b,6139
Test/Unit/Ui/DataProvider/Product/Listing/Collector/PriceTest.php,a921fdce7483006fa3fa15b92343a2736f67ec869b48a3f6671939fc6a9905b2,4443
Test/Unit/Ui/DataProvider/Product/Listing/Collector/UrlTest.php,96abbc60380b01acd188d6972f48e163cc15f0eea1e0bb3add2c9c1d3f1c26a0,4183
Test/Unit/Ui/DataProvider/Product/ProductCustomOptionsDataProviderTest.php,81772a7a0a42e86eac7eea63cce370f758625844427578c76743968da4efcd6e,6044
Test/Unit/Ui/DataProvider/Product/Related/AbstractDataProviderTest.php,15873f6ac750733566355b7c50a0e9a335991a7bde8fcbe9d5c9dc8a57ec0c20,3443
Test/Unit/Ui/DataProvider/Product/Related/CrossSellDataProviderTest.php,86b04d551d3ceec868cb89306961a6fa913bf941c20303f4a978d8857a34bdae,1067
Test/Unit/Ui/DataProvider/Product/Related/RelatedDataProviderTest.php,c02c34bdac11bbf4032d6a62cf940012fefd306fc1d432436448721010dea4ba,1059
Test/Unit/Ui/DataProvider/Product/Related/UpSellDataProviderTest.php,0541e4d2c2cf364e6f6ff1d2fc63bc545fbf73c29acde898745b58fad78ea091,1055
Test/Unit/ViewModel/Product/BreadcrumbsTest.php,3fe926874a5a552fff501765bafbbbc97b6db5baa20bc4a08b43ba5319c97277,5766
Test/Unit/_files/catalog/product/somefile.png,169556722c131e7d8118c664e8049882f3e3a8e7dd313b73a45e4e2298f7976d,3298
Test/Unit/_files/catalog/product/watermark/somefile.png,169556722c131e7d8118c664e8049882f3e3a8e7dd313b73a45e4e2298f7976d,3298
Ui/AllowedProductTypes.php,3198acddc291f114a4e7d69fd8298f712fd9a51a31e10dcdbaae366497f1ef19,1155
Ui/Component/Category/Form/Element/Wysiwyg.php,a543c24bbf65c0c06c9916782a29d8c774aca30895d1e4139b5b9cd1132563c0,1939
Ui/Component/ColumnFactory.php,1d906924a7dcbe169393e4577fef0783b5f88972bd54360e0f06a05ecd9a7adf,3898
Ui/Component/FilterFactory.php,e4edc3d362a363a6bd5d7d8df058029f1fd58f729d54d3ccb89008fd07c621bf,2178
Ui/Component/Listing/Attribute/AbstractRepository.php,9b08e6e2319f1ff69ab25544026a0a61bff08484028ecf3f9f09ac33936d0090,1502
Ui/Component/Listing/Attribute/Repository.php,86f1ab00a59c6c6b9123f3b71f4007103e3867239bca4d1d3a671dca5d407bb1,445
Ui/Component/Listing/Attribute/RepositoryInterface.php,f42a8fa6fd581911847c65f3f330b803e62ad6ca64f17857f3f896b266ef0c08,377
Ui/Component/Listing/Columns.php,0afe02d28e08294debf8fcb8144a01504fb43aea2fb83d25c4e458b67afbda8e,2634
Ui/Component/Listing/Columns/AttributeSetText.php,6060b8b14846a865e4bd39ead571cb49b0c5dcfb9034ae7ebb8f74b7b9d295d7,2207
Ui/Component/Listing/Columns/Price.php,45c4499c5faa8f6cd38c503d21782f470d938983a3d1af847d8870eadac84609,2184
Ui/Component/Listing/Columns/ProductActions.php,45b336481bf456a423321471cde0c651d9fe759241cb7d888999273a56083baf,1899
Ui/Component/Listing/Columns/StatusText.php,5642362ec99a388201222307dcd5ac41aef6af7aec0c02069d72800eaf6254df,1852
Ui/Component/Listing/Columns/Thumbnail.php,89a5184870a3d5598e6f85cfe321fc58837be5d980e0e9e2a351ab0b8b6cf99f,2620
Ui/Component/Listing/Columns/Websites.php,6764e39a1cb5bd889b68e3bc6839ba7c86c29cf278b82693a3deba561fcf2835,4263
Ui/Component/Listing/Filters.php,bec29687ade6ec1437bf77351bc12fcc61ca9f92903b594c2d71dff5e9893cb4,2066
Ui/Component/Product/Form/Categories/Options.php,60e4752be9c6ceb95313e00b7737ddf89b82a5b52a9794bf2e03c01bb0f3171f,3555
Ui/Component/Product/MassAction.php,c9f6b8d0ba646cc1162b9381d8a4c052268de58b4cb9c35e9d1f1263aa0f9f22,2716
Ui/Component/UrlInput/Category.php,f62077600e32c327934541f3e9e67c9e5cd682d7c20de95cd77fef73b3ba3a3b,1482
Ui/Component/UrlInput/Product.php,5bbc4e9da8dd29239e8b624ef5d0d7659acd5c103fae7820cdb318e125fff3d8,1712
Ui/DataProvider/CatalogEavValidationRules.php,52384c126eec62737f29cfe465a533897a8d311f3c234ad90cfbd0ab4843c3a8,2027
Ui/DataProvider/Product/AddSearchKeyConditionToCollection.php,664ef23655c3c53aabf88fc0425a567ca70a1e23415f685852e0a15e6cf428cb,1003
Ui/DataProvider/Product/AddStoreFieldToCollection.php,afa6b237519025b3bd683e7f4347d39e31135291a4a13c09573f8dc5df6fc591,1123
Ui/DataProvider/Product/AddWebsitesFieldToCollection.php,d79ad4ce52c4f3a2a8de5bb5bdea7ad91f21947a042a21013e5b748c7725eb4a,672
Ui/DataProvider/Product/Attributes/Listing.php,1feaa202f66bbac81c00ea3c92d48e5de3e4c1f11738db1d40d8796e3d22b4e8,1730
Ui/DataProvider/Product/Form/Modifier/AbstractModifier.php,1939a248547b866e1b2033248135ff95bcd2dd23e123d5c7109d77e3581c2a88,6142
Ui/DataProvider/Product/Form/Modifier/AdvancedPricing.php,d15c5188563f0025383bf6fca11397ffe4a2f44be781e604830da75377198e84,23273
Ui/DataProvider/Product/Form/Modifier/Alerts.php,4b6f07d60b3e127ce29757f6f9489791cdefa98ae194ce622b7587f66d2027a6,4976
Ui/DataProvider/Product/Form/Modifier/AttributeSet.php,51c2462081d6c80df5def65b6d532fa76b2fb673d30a87489c51655b1852ca5f,4334
Ui/DataProvider/Product/Form/Modifier/Attributes.php,cb1e4acbf4a31adc4871b5c10440b23100d30ca2a50d7c90856ba7da02c67bfe,13338
Ui/DataProvider/Product/Form/Modifier/Categories.php,3cb4b2c7cbdcf19a2455552fd550157610e80e4b4490c34bda47494d5eeb53dd,15426
Ui/DataProvider/Product/Form/Modifier/CustomOptions.php,921729031ea7d3b4d01ef86cbb48bce1e4e9fe6cfff058b75a686cfe9722aa24,43247
Ui/DataProvider/Product/Form/Modifier/Eav.php,9da402569d1313fc59e489ebc4d195b7d60ac5ec2881d5d7eff37565c560582b,35459
Ui/DataProvider/Product/Form/Modifier/Eav/CompositeConfigProcessor.php,7fcb0ca45e45f2a3bd968882d529f44fff6742ebe5f4f50d2459855415c371f5,1611
Ui/DataProvider/Product/Form/Modifier/Eav/WysiwygConfigDataProcessor.php,f11ab3951b53e1171e2dc442cf13fe02fd2021de97953182fe77ce83fd018d79,743
Ui/DataProvider/Product/Form/Modifier/Eav/WysiwygConfigDataProcessorInterface.php,7c1d0b16d432edfb413b4b70d4a8e0f50ca56555a9706642fa2bde5fb0fda9c1,593
Ui/DataProvider/Product/Form/Modifier/General.php,ae3bb5bce1dd5c63d1064744b89859381b1ebf1fbd1493344500963fd17590f3,14706
Ui/DataProvider/Product/Form/Modifier/Images.php,0e4f348ee4258825625c0ef1d403e9ad457fc96380571964105bb1d30d1b4ead,2000
Ui/DataProvider/Product/Form/Modifier/Related.php,a9a270c2dbac527bd0c0841e4b074b1c0ae63324fdff1da7d7c1417f335585df,24319
Ui/DataProvider/Product/Form/Modifier/ScheduleDesignUpdate.php,a8be8122806420012335d557bbeb7927b9a9c414957f8be939e869e26702effd,3211
Ui/DataProvider/Product/Form/Modifier/System.php,c30209f4a963ae2ee572102efc018515dc2099d0e65e82cc078a8aa4031ee189,2928
Ui/DataProvider/Product/Form/Modifier/TierPrice.php,e0da4fa23c5dfb75cae8b9d7bc38b463638d3f6b5879e62bb302985b6873de24,6909
Ui/DataProvider/Product/Form/Modifier/Websites.php,1bf2a03614cc5d7049ccd7c4ca8787216e33a3dde8ccfcba169de8a4bb26e37b,16195
Ui/DataProvider/Product/Form/NewCategoryDataProvider.php,9bdaa49306b78e3fa0400beb314ea7b480f868ee7f1246a207295cf87ae3f35f,2673
Ui/DataProvider/Product/Form/ProductDataProvider.php,92dd4ecf52356259b8189e6243d756ff9c0f30304183a3bcc3b3ced384cb0e53,1919
Ui/DataProvider/Product/Listing/Collector/AdditionalInfo.php,fba5c06cbcbfbfb881372ee0ce7353275552ee86dfde4100a7f7fc88178eaa76,885
Ui/DataProvider/Product/Listing/Collector/Image.php,7dfd6e813cfb758a92690a581b25edf1e757f5abdd2c12ad4b2ca19a772c0661,5175
Ui/DataProvider/Product/Listing/Collector/Price.php,2136bdcaf5f99ddbfe7fb43b3c51556243dfe0b97d68f17b6a3a24f0e7e29640,3633
Ui/DataProvider/Product/Listing/Collector/Url.php,5b72553c5067863002fa2ace3d811af15df02f315c444b0cc19d27b104a475c1,3367
Ui/DataProvider/Product/Listing/DataProvider.php,6939cdabe7a49c45a0e56d5ccd9d746dbe5d4030f4da3dc80c97905c0d862941,1898
Ui/DataProvider/Product/ProductCollection.php,26c74bc5c56e83896a097f2f363da02c8e1efe6944cfc39df50fef66519170ec,3441
Ui/DataProvider/Product/ProductCustomOptionsDataProvider.php,e90c3fe5e2d3e8fe134b46235eb9fea946910f6eda243e6951470b281c9bf51c,4074
Ui/DataProvider/Product/ProductDataProvider.php,fd61aa2cf1fbb90c8aaf7310983c74b6b6445daf18b8ef5dca1c0a47a78833b5,4146
Ui/DataProvider/Product/ProductRenderCollectorComposite.php,2ccea174f892a342153a19ec2726a4f8511ccfd47b4ac20cc6874b1562913e52,1039
Ui/DataProvider/Product/ProductRenderCollectorInterface.php,363323940246f0eb84fc7b8cb1a9b101a9df0ace5f87914c262e1530459c7c71,776
Ui/DataProvider/Product/Related/AbstractDataProvider.php,7ca50b951c7da162616127f6c8ed1ae2417e1dbebc54d8d7bbef440df43120a8,5377
Ui/DataProvider/Product/Related/CrossSellDataProvider.php,457b7b8387af33a85791b29670c94f69bf922a6d54d8b9c15c63a9196124c800,431
Ui/DataProvider/Product/Related/RelatedDataProvider.php,971f25d8eec5383d9dd8566fd202c5a6d828224541f94979ce8d29df143283d1,424
Ui/DataProvider/Product/Related/UpSellDataProvider.php,08d94f6e924134b8857825b15444c6919d399f7b7f5d98a5dbcd53ed719be8ca,422
ViewModel/Product/Breadcrumbs.php,8b1abeaab8badb5c02c7c4d9617532acd2307297b252b4709d8e2f98e6b2d422,3164
ViewModel/Product/Checker/AddToCompareAvailability.php,f4784578fd211d8e6a68d57fffac602a304295df0c6956afb99a55314f9e4cb5,1677
composer.json,01829d081646eadb95be6318a89ef9d6eda4aa24ee573bdc584089d1989c9f3a,1852
etc/acl.xml,ad80da2392e5dea752c9c053eafa9bb791849ecb57e0a165b132e7189224268c,2176
etc/adminhtml/di.xml,a2d1aea40b5c202bc243d58c405ab416d643a714fa71153f7da41bc5e50df4c0,14385
etc/adminhtml/events.xml,0dc7ff5a49e531b15b13e69243c3af2725c5219251671d5418e7cdafd3b7b2bf,650
etc/adminhtml/menu.xml,fd8c33f431591bbf30cdcd8b4035b3e93a1bcfde612372dc6f6d2c355c2a6c0e,1704
etc/adminhtml/routes.xml,08308d58cd83157835578570839272472e6627dd752159adfc47b2766b63b50e,451
etc/adminhtml/system.xml,887d970de2d52d24d36625f00156b2da47bdeae60bc1fe928b2d8a24398de6c0,16256
etc/catalog_attributes.xml,3acedad3eddb52a4e81ccdd9d680cc47d19bd4adeadbb4958e3f4a808f4004de,2168
etc/catalog_attributes.xsd,4af3adc5016f054c6d434a5bf4142c01801b6d24da8b9f03edbcba121cae09bd,890
etc/communication.xml,4541e330ddca7d4274c9cca52ff55009e5e99ab70dfab9994737e4d176f33691,851
etc/config.xml,455464396b68fb5d81ec8721e983df187bab103f0fddbdca32123e044ed02649,3531
etc/crontab.xml,99a118ca610a6dcc4cbf6810de72210f757273e0e6e8e28b043d009716fcc9ff,1291
etc/db_schema.xml,fd6e34b70e3cb16b328af5103a1f43b38a567a1e70b552974734ab507d753ee6,121755
etc/db_schema_whitelist.json,9b665cb4b9858a86dcfcf617249b04a42261d6332cfc3796a4ed1dcc2ea044d9,37397
etc/di.xml,9aaf638d2d4eec0fea420f1786391e766f6893c26620736981a6f7b0272b78db,78626
etc/eav_attributes.xml,9103c3b90febc2e66aeb804494244a7558275b73eef95f90e63376bc75d62c03,2116
etc/events.xml,aacd855c01e60585ea19011fced473f893c1743e611b8102c06b984fa44b4180,4209
etc/extension_attributes.xml,4087911bc43b97c6770e2535506121d4da05fb1a7f5410c7f5081fe79dae43aa,1830
etc/frontend/di.xml,bf1d8f3373b8a3228b5148cfbd858c85a9e3874e4304b0812229923f2d0e8f28,6736
etc/frontend/events.xml,0739591d1ce51182d40f143d156533b6660f58af22f43438ce0a84905e0c06b8,616
etc/frontend/page_types.xml,576ea461d8be124442e8d6f3b57ee5d6ef1a4e66f85ffb819b1fb4a5e7545a22,602
etc/frontend/routes.xml,57c0ebc718c18e47ec74783b6f21916e4263ce895b3bc7971bf12881afeac786,429
etc/frontend/sections.xml,7d83afe8fd2c4716e9feba32bcc40945c5934552b2a517e83be503338d4d0998,776
etc/indexer.xml,933c19adc23fb9040b4c9877e91fc13120315e2331295b2e0f9df273c597e4dd,2094
etc/module.xml,357778aab941aff88a4f3aaf142dc6c8cff12650dcbdbd6f5e79d3cbb0107df2,542
etc/mview.xml,fbc8f30f72e264b0429748ff6f9f35af337b3122848a28f8b24b48482eebb1ad,3672
etc/product_options.xml,91f8f17b75170aaf05ac2dfe1fcbf9d940514523d706b7ff38ae888ddd49bd12,1368
etc/product_options.xsd,beccecb1e347cb65d8d38fce20f9bea38721986272431ad5aa498f23745be48b,2667
etc/product_options_merged.xsd,485b4425642e8954fae2073d94b3ec0577591e6a48fcf34a323585bd465e21e6,1320
etc/product_types.xml,4124d3bfc4920d16b7d82b62fd685a0207524280f0a0446b8bbf04fbb2395d99,1219
etc/product_types.xsd,e7e869e20a06549c6f6e71864c60624d7f3200f1300929265198a8b4b47132ed,3638
etc/product_types_base.xsd,55372a326aac9e601253c24b5d315cce91d94f20b01381840a06d81b160184de,3601
etc/product_types_merged.xsd,411c857e865c7a7b80201e309996e1b2b95efbb5e6c2ab0f1c8fcc0eb826503d,4215
etc/queue.xml,f457fc05200b9633ad9fa17830318bb2b25184f5b01461cbf98ff172aa71cfd0,971
etc/queue_consumer.xml,31d7cc277c240120908cd32d3b9f9c857cebf36efa431526f9470f69cd30b8ee,832
etc/queue_publisher.xml,8f46ec679d1b7499af9b2b1579820426a14941cf36a18ec6d794304cbb43d235,552
etc/queue_topology.xml,af28624f1fe6b1c62b00f586ad3bf209eb641f954baf67b412ca250642fc13bf,684
etc/view.xml,c1d68a90041b79a85c5a8e55c7e5088a31d04a23e3ba659be3a5fa50d44155e0,378
etc/webapi.xml,c8e4b98b26c178ace40db5eafc786d17750a369b09b01ccc6c725127d929aa5d,21916
etc/webapi_async.xml,38a73cd5318142ddc8809bb603b64289b78c8fd8bcb39ebaf409ac62b2744067,400
etc/webapi_rest/di.xml,f08a557f96a879c76d78e09e91b96c4f59bb565bf6f6f4d9efbbc2a2db4e9833,1330
etc/webapi_soap/di.xml,f08a557f96a879c76d78e09e91b96c4f59bb565bf6f6f4d9efbbc2a2db4e9833,1330
etc/widget.xml,f2f1e66d3c6e23dc13b4a0ce4942e9b127540d48c8230531efbf5d034350efa6,16652
i18n/en_US.csv,53caf4e13b199c38c224fd3a9bac70031292ac3fbe7f82a57c0a1ffcd9ac9f28,50294
registration.php,45a0f9719b442c278d773dd017c2236da1316740460c876b9532a1fc3b2c7b2e,246
view/adminhtml/layout/CATALOG_PRODUCT_COMPOSITE_CONFIGURE.xml,4aad9a68e368dd447796779c6b437ed721ef82c27526551072e8527f8f1d8dba,2720
view/adminhtml/layout/CATALOG_PRODUCT_COMPOSITE_CONFIGURE_ERROR.xml,eb41a28bcce1668f808fc36bd63f35a093226ae1e8454f5a11396c97102e4f57,872
view/adminhtml/layout/CATALOG_PRODUCT_COMPOSITE_UPDATE_RESULT.xml,928d139d2c6da45f970f0893cd01f97fbca3cb72747656d97ca8b9df0c615cea,888
view/adminhtml/layout/catalog_category_add.xml,9fbab4ad0b14725df4450e315d6945f23fd29b2288185f271522d8f4eae69520,1348
view/adminhtml/layout/catalog_category_create.xml,bd4eb62f573a3d7dd637aed6ca44428e5f10efe3b65fb29694888e9085eef23e,494
view/adminhtml/layout/catalog_category_edit.xml,98a67f14d8ce79970f6712768ca5cfa06dcd728956a0fc60316ac062fe5ae3ba,1578
view/adminhtml/layout/catalog_product_action_attribute_edit.xml,507597d117c957eb342bd03e3f81e12d94bd351187011639c7f7f71c7229d9b3,2264
view/adminhtml/layout/catalog_product_alertspricegrid.xml,3b170a20f612175aa5bb43a39672113b4df7cd618772564607885b2cfe589d8b,467
view/adminhtml/layout/catalog_product_alertsstockgrid.xml,5a9388adcb7286acf132df0b21ca6ac914be29a6622239e61321d62d8edd3929,467
view/adminhtml/layout/catalog_product_attribute_edit.xml,8b8f31b27a5c7d626b0e67779a5337b41b99fef3acf365103b4ca876511b358f,1714
view/adminhtml/layout/catalog_product_attribute_edit_form.xml,7b907c6beaaf538b311dbc566bc69731e6d4179b0a1a841da9943a42e5520f29,503
view/adminhtml/layout/catalog_product_attribute_edit_popup.xml,bdbe548313f8f05d400b319eb298487ee902b677d2969e288ac44d387d1d8dcc,1712
view/adminhtml/layout/catalog_product_change_attribute_set.xml,97393f7381390c79678dc39c3e0e040553473519ab23abedbe99e3273bc48c93,365
view/adminhtml/layout/catalog_product_crosssell.xml,243d9ceecfe230ac62f030ae5f212fb7c74b8f98eb7403e1cb748624dfcd5264,1297
view/adminhtml/layout/catalog_product_crosssellgrid.xml,726af3d703027d15637bf3d00b017f454ff9e97721a6f5c7b1bfc015ff3fee9c,641
view/adminhtml/layout/catalog_product_customoptions.xml,76372971281d0480a2554291916bea308e88f0ab6c50afcc6bb18928865b233e,473
view/adminhtml/layout/catalog_product_edit.xml,7b76f60a7213a2f6881d7128b56943c828346686d396593482b57ae532904a0b,963
view/adminhtml/layout/catalog_product_form.xml,c650ac9087c32925069d6a3b60dd668ac083bcc8764280125813582e85ea6208,401
view/adminhtml/layout/catalog_product_grid.xml,3949c55fe3a9e502570a1ba3cd83962fd29631cf43baafc9ae2d33d01facd673,592
view/adminhtml/layout/catalog_product_index.xml,dabbbe7a5bb9e5d176f4ac7cb029c0c49bc787102f592e19acb6ee1dba12cca0,998
view/adminhtml/layout/catalog_product_new.xml,e2f94b31e570921b302e8bb9d6da3c9551b38be9bda94d4f13ebf35eaca08264,512
view/adminhtml/layout/catalog_product_options.xml,ebeb5d84bcc295fea10728747b80538b5c2cf9ec5244da882320934e72a61444,461
view/adminhtml/layout/catalog_product_optionsimportgrid.xml,cfd86824796643604f583343740c05130a7b4f292f93646c5c64cf25e67add08,488
view/adminhtml/layout/catalog_product_related.xml,cd6de62278b22bb9e9b7a6680fd4bd82de13a17e448cf2225f6d47405214dd2c,1278
view/adminhtml/layout/catalog_product_relatedgrid.xml,29c8644841489eb4b4092e84553d618c529fd4c1c210814dd0c184be50d1a88c,632
view/adminhtml/layout/catalog_product_reload.xml,97393f7381390c79678dc39c3e0e040553473519ab23abedbe99e3273bc48c93,365
view/adminhtml/layout/catalog_product_set_block.xml,2c5acad1e1642d9ece17c0fb6857e2a327c82c47c3df3e469ff7b2f158bb568d,2442
view/adminhtml/layout/catalog_product_set_edit.xml,f73466d9b45d2f737a5b165b78ce878beb8019f0b5e0a3986af37be5cde37d01,840
view/adminhtml/layout/catalog_product_set_index.xml,b6693d0c003c7456e6f7c7a1fcbde243e5420e0d32a9f9470b20293fc0312bc2,612
view/adminhtml/layout/catalog_product_upsell.xml,8824f2020411a5c20b6e207658d027d556042a587d19a17e060673bb284341cb,1269
view/adminhtml/layout/catalog_product_upsellgrid.xml,30cf5302ded94ab9e9491278eca547b74881383f5f1ab42f693198fddd7cd5ca,628
view/adminhtml/requirejs-config.js,69066abe4b24b47b8297fbdaa348d3bd187b3cb9af38634df980b64c5f11e15a,1367
view/adminhtml/templates/catalog/category/checkboxes/tree.phtml,ddb393346fac0b16debc5bd128d4cc1b8cc97c9fcf752fa6dc9042c0615dd14e,1488
view/adminhtml/templates/catalog/category/edit.phtml,f2e2310e958eacdf65d23ec926100573e9ce66a3fabcb39735876072a3d3b35d,611
view/adminhtml/templates/catalog/category/edit/assign_products.phtml,e38494d1bd519d5236ee6f44394f9c3a641feaed7caf2d54a50202a4d8fcebac,976
view/adminhtml/templates/catalog/category/tree.phtml,873b26245c4536e89cb1d2ece42b29130833feb37741ba51c4fa6aca8eb10d7f,21097
view/adminhtml/templates/catalog/category/widget/tree.phtml,ef7eb5790e4cf63fed79cba7a655fc7d7605fbd3db7216bb4f1aac2e086d9a2a,5980
view/adminhtml/templates/catalog/form/renderer/fieldset/element.phtml,a4b81a975e79b4a7dc2bc8279ed0ee00e6039ab1fa686cf2996894626cc1b106,3673
view/adminhtml/templates/catalog/product.phtml,e13d249c18875eb1020d1bc52fc79169cd3eccdc8ee58d92925625c9495dff47,204
view/adminhtml/templates/catalog/product/attribute/form.phtml,39a876fb74516875f102e12854fd67168470a26e2c93213a36747ef4cf21c808,1038
view/adminhtml/templates/catalog/product/attribute/js.phtml,9b690f74edaeccb68ff6333b77b6b00b118fc07f86dcd63f6d6b4fa07fc3ea05,11452
view/adminhtml/templates/catalog/product/attribute/labels.phtml,24cf9bab3f6c990f98f2d3a4cf31f003530258f2565fcb92d5d0451fb4d2202d,2252
view/adminhtml/templates/catalog/product/attribute/options.phtml,7da0c40f82c90bbac4ff660502dc7be0ae60bb84a631cac8402a0257730d3aeb,6001
view/adminhtml/templates/catalog/product/attribute/set/main.phtml,f5a72a92e0cd3916cdd2e59e2022cb53985b05d82aea5a428600a87becaa6cd5,23746
view/adminhtml/templates/catalog/product/attribute/set/main/tree/attribute.phtml,cdb53f56b931118c317066ccb7f7779d627030060140fdf5209de9bec298529c,105
view/adminhtml/templates/catalog/product/attribute/set/main/tree/group.phtml,b5cb7551f6da78da3100db12b5ce6eb58ef6da377d7b18dc4c7adaef4541c8e8,185
view/adminhtml/templates/catalog/product/attribute/set/toolbar/add.phtml,210ffff4e7f23de1b494761e51850a7d72ab046dce4ce6331b842193043d3dfe,306
view/adminhtml/templates/catalog/product/attribute/set/toolbar/main.phtml,804c99b9413444d2a7cfe9793dd93c35bd17722a5a386edf613e3ad22dda6cfa,144
view/adminhtml/templates/catalog/product/composite/configure.phtml,aa724eee403512303effaaa4640e9ed573c3311c06ca196773fa753547b48315,1743
view/adminhtml/templates/catalog/product/composite/fieldset/options.phtml,011e5e29b2ef2db43bc355d6c3a553cef599929766fcb7d786249ed54462f93d,816
view/adminhtml/templates/catalog/product/composite/fieldset/options/js.phtml,bd8828358a33ea31e8d30d96ac38c755684c2b9a9d676f6e56944aea331111de,2414
view/adminhtml/templates/catalog/product/composite/fieldset/options/type/date.phtml,bad8ce09fab8a516019a5e4b3b957693383c2afcf3572cfe04260710a05385ab,3905
view/adminhtml/templates/catalog/product/composite/fieldset/options/type/default.phtml,1ca9c6f3824b552b049a3df19bb2e50bb5a2e1bac6a4b057a1275bf09fb999ce,431
view/adminhtml/templates/catalog/product/composite/fieldset/options/type/file.phtml,808e8d827aa453b481ab209e401318cd63299edff570173acea0c06a628e47ea,5127
view/adminhtml/templates/catalog/product/composite/fieldset/options/type/select.phtml,1d0f6792b18fa5e7c8986f47173fcbea2d52442d0678229ea58f428e1ee5322a,984
view/adminhtml/templates/catalog/product/composite/fieldset/options/type/text.phtml,b87db8e0feaf5413b9114c606c1390a3e715d420f760b9ba88e30623291142df,2370
view/adminhtml/templates/catalog/product/composite/fieldset/qty.phtml,4a034a7e7c23569bce8c95f5505e196c2ae72226da56a266d2fb439675cd7f4a,792
view/adminhtml/templates/catalog/product/edit.phtml,0628363985ba2b0952e874a6ffb7eb1499325227b02abf485eeede5bc38f3bd5,19233
view/adminhtml/templates/catalog/product/edit/action/attribute.phtml,074269383fa0a90d345109559175f7300177d4d18b97622f212d8aca0db3b0d6,715
view/adminhtml/templates/catalog/product/edit/action/inventory.phtml,8285abe067a5862dd9db63b39599913c988dafb43633f406343630841668310f,22313
view/adminhtml/templates/catalog/product/edit/action/websites.phtml,80ff1756457ca072d4e6e60efa3311f6210d24250edbfdf93a0e746a0a02fbbc,5739
view/adminhtml/templates/catalog/product/edit/attribute_set.phtml,8bbc8fb0176dcd99184cd377dcdba39d5d75ec418fbfc021f4ef6cd3b720ad54,1707
view/adminhtml/templates/catalog/product/edit/category/new/form.phtml,f08205d42347613d9aa06356252620c3949a92e515e8e66e783d2547dc107a0f,354
view/adminhtml/templates/catalog/product/edit/options.phtml,9c193d4202f44f19a4a2393160f7a0c40af1713f06f0eaa823546aa9e4fdab75,1702
view/adminhtml/templates/catalog/product/edit/options/option.phtml,8ad6ac087846ae81c5353ceb85320029a597faf6993c561aff4351fe8f0fe25e,7063
view/adminhtml/templates/catalog/product/edit/options/type/date.phtml,a626ec1e3d9a017116fa9dca205dc494d96e61fbbe5bd6af6738056b79cfeee1,2226
view/adminhtml/templates/catalog/product/edit/options/type/file.phtml,475c81df9b740a52e15fa6dc0822e25d9581720d02070e2e855f55f614ed9c0d,3103
view/adminhtml/templates/catalog/product/edit/options/type/select.phtml,b0c519df1d5b5d42d634f02de914899de87c5bd26531e1abe384cf0febd8ec02,4823
view/adminhtml/templates/catalog/product/edit/options/type/text.phtml,ef00e6dab523904c95d169f836d81c5830974c48018fd364f808f320edf190dc,2537
view/adminhtml/templates/catalog/product/edit/price/tier.phtml,c4694d57fb879ff1065dfbf06c97abaa4b8cec92b036842ac3bded8d38736d9c,8242
view/adminhtml/templates/catalog/product/edit/serializer.phtml,9844061410254f94aaad936c6b15e2de4dd4dc3e27733172b2aa174fb7d78bf4,470
view/adminhtml/templates/catalog/product/edit/websites.phtml,4cde9bf7047fb9fb5fec235f0e68952d4e54210c373d7fe4c3b341a96331a22c,4043
view/adminhtml/templates/catalog/product/helper/gallery.phtml,898345b5da8888b34df1e37361ccd1762d1bcfcc59676e740e2ffdd6ea659e19,10285
view/adminhtml/templates/catalog/product/js.phtml,d35e49ac4e9783ba88191deb2b2563e1fdae81585597b5cbe774076fd2f0b35f,2834
view/adminhtml/templates/catalog/product/tab/alert.phtml,b46b2ab087eafcac876ec61636d46a8b6e204a188e9527e44b139e0ef52b7384,441
view/adminhtml/templates/catalog/product/tab/inventory.phtml,ffefca59a2dd5f60e2c9874df72ff04eb18461af8810e82417433ccabf50386b,26415
view/adminhtml/templates/catalog/product/widget/chooser/container.phtml,47f5e6825a710ad7640772bb3086e4e44cd9fc9a526d7c8974129eb5ab688c01,398
view/adminhtml/templates/product/edit/attribute/search.phtml,d7acb00c474d7422e8f1c1056ebb2ac422fd5c1d613de6d64899e24a4628acf6,3392
view/adminhtml/templates/product/edit/tabs.phtml,9df22f37720c5eaf0a45d10aea63e7bda4af9ae31fda230d6559dd06d3f6a41a,6944
view/adminhtml/templates/product/edit/tabs/child_tab.phtml,81ae0f797bc947e79f2d6471295ed0ef47e384387e8893f16a0dcbae66a50056,1083
view/adminhtml/templates/product/grid/massaction_extended.phtml,38f39aada7cd34731254679d6decb9c5b7da9dfd16642087d01569fb127da9fd,4036
view/adminhtml/templates/rss/grid/link.phtml,e8f9163c8cf3f6a0b0a2721168698f5d04b57efdd03621e4c3ecc3c1a77d107c,372
view/adminhtml/ui_component/category_form.xml,b8ca46b65bb7c2ce2aaa44ff01def16aec2e6177cc08766ab5f97b0e7d757cd7,26037
view/adminhtml/ui_component/crosssell_product_listing.xml,fe0a0475ef3b2b25e8ffffc687485a11cac801c930c5504341345a95c0509366,6632
view/adminhtml/ui_component/design_config_form.xml,9ac56d22616b8a88d5db074282d60962a87e34e2845620a839a7538e8c0063a1,9907
view/adminhtml/ui_component/new_category_form.xml,22bfd2194fbbf5a882de9d066961282d7b927da762236f0e986af6b42438160d,4299
view/adminhtml/ui_component/product_attribute_add_form.xml,abab7cc5526552f652a74cff607ac383085bc288bfa5e1283e0caaab7c755984,34635
view/adminhtml/ui_component/product_attributes_grid.xml,7c31081727b21c83eac4099285065dcfcdc146b67ee0031b1ea00f513ee7435f,5602
view/adminhtml/ui_component/product_custom_options_listing.xml,742808b4a97360a56f8c03c195fb062ba17d121f2fd304bbe82c5b8be179ae87,6259
view/adminhtml/ui_component/product_form.xml,50515aa22d4f733f8e38ad5140f74eb90faeae7edb117a8753b9b8dd0ccc103e,3226
view/adminhtml/ui_component/product_listing.xml,e578a62dccfb3559fc88f8e46ff8a0382eade12839e5fa9baf707c00aa635314,8910
view/adminhtml/ui_component/related_product_listing.xml,c4a467020b255831d7251118eab09ca8462dd8f3d1f1d5455d8dc0569d022b81,6394
view/adminhtml/ui_component/upsell_product_listing.xml,d31c1ef157fc9395ab19d391432bf8b436f3f4387bc7d473341773eb1e1b8f02,6387
view/adminhtml/web/catalog/apply-to-type-switcher.js,edbc4e9bf2905253591d6e7dd145415419b4723e4a6b2591548e8d80cf96635a,1828
view/adminhtml/web/catalog/base-image-uploader.js,8cd8aebb3993e22fa2b40970d2bd86d596c82ca22a1f3c35c0bd8426d3eaf819,8147
view/adminhtml/web/catalog/category/assign-products.js,b74df15bfc604d8003da2647e0c19e9ffec49241017b80b115242e929e8086bc,3664
view/adminhtml/web/catalog/category/edit.js,34f5cf05f007b3ed7b876c3ff5377d6a132d71b2e68604fad36acc87f1edebab,2987
view/adminhtml/web/catalog/category/form.js,caf0a15d33b92dfd103376482c9f1453ca17de3a22708a1386d4847d1c2db5bf,1923
view/adminhtml/web/catalog/images/select2.png,cc456451b20ff58188f599b2fa62eab8ad0447ef45f3fb7e49ecc224e92b8933,505
view/adminhtml/web/catalog/images/select2x2.png,cf4d2d613f1f97ebdfca7bb7930166a78d7b18ea5b0cd8df97eaf2c28679ec7b,613
view/adminhtml/web/catalog/images/spinner.gif,b428ce2459f5218683af04fee7b23fe7eb53d084928fc151fcad022c72943de7,1434
view/adminhtml/web/catalog/product-attributes.js,2a2d7c04ec72d5e3275fdf4fbfcbf5af1ace4d6d7d2df7448e01b327c40acd11,3619
view/adminhtml/web/catalog/product.js,033975111facee007ea94c607fbf7d934acecb7729e2643a3bed8354a81844f1,3092
view/adminhtml/web/catalog/product/attribute/unique-validate.js,7a321b9daeb387eb20efb31783e90d9d8a8361af2f50772d24cfd8cac912f42c,1643
view/adminhtml/web/catalog/product/composite/configure.js,4e983cc6348618224b39d317c332e99b1536e9334bb1ecd86479e166e32ea1af,31414
view/adminhtml/web/catalog/product/edit/attribute.js,fe3c040c2ebb1ed845cd58f26d98f6db71373907f640619ae58811101d04d4f5,350
view/adminhtml/web/catalog/type-events.js,dc5dd933f34e4baff1d87517613f800ecc103e2d16c7f9a48a28f2b3451e4467,1349
view/adminhtml/web/component/file-type-field.js,308382a129112f5642cfe8583e2448afe7d573fb7e7dfb6f9b87eb0b97359a88,694
view/adminhtml/web/component/image-size-field.js,8296a4708ab22b60397d59e1c842acb3a6e578d509913f74b329c29c23ccb1b3,1065
view/adminhtml/web/component/select-type-grid.js,e9494ece0057daac783ad34a0283ec96132cd79180853478242fe3057da3a998,770
view/adminhtml/web/component/static-type-container.js,ca7a31fea1c6ffebbd9d45ee26c780b0d4dc9f352614048b7a0bf734b1ba119e,671
view/adminhtml/web/component/static-type-input.js,b9addc072b05b0d911f44a9fea5f50b500a7d5d8027b672319c1f3cdfdb36d69,1311
view/adminhtml/web/component/static-type-select.js,c6d87026cb6cd12277f1275e79c8aff6c049b471b7019e3312170d7e96bb6b35,709
view/adminhtml/web/component/text-type-field.js,da8b85afd3ab32e6a8a652f7228ac848a44bfa235f242f224b7d58417e7e0047,733
view/adminhtml/web/images/ajax-loader-big.gif,caefc900beabcb8b438e7e4861b34f560d256675a09c417fd201574cd257741c,17255
view/adminhtml/web/images/category_widget_link.png,d796f03509d07046603e62d059f55835691b3f9d2d8679c55b3b2bdb288e1f1a,334
view/adminhtml/web/images/product_widget_link.png,d796f03509d07046603e62d059f55835691b3f9d2d8679c55b3b2bdb288e1f1a,334
view/adminhtml/web/images/product_widget_new.png,c81ecce846137dd316b4ac0e88ced31b7b655ed49cd66e8c40915fe6eff6ff9e,99
view/adminhtml/web/images/product_widget_viewed.png,c81ecce846137dd316b4ac0e88ced31b7b655ed49cd66e8c40915fe6eff6ff9e,99
view/adminhtml/web/js/bundle-proxy-button.js,3ce115b40947dc8e1978a8c557a3a20294da8e7e4cbe42e58490ade95c559519,2754
view/adminhtml/web/js/category-checkbox-tree.js,508c3d097cbbd1e2df90232d4831f09e00493dc0e80b0c2327add5f0d78d8a7c,8777
view/adminhtml/web/js/category-tree.js,b95c081664fcab29a7cc02bb58c7fee82cb00886eaf78b0f585bb862a479d36a,4005
view/adminhtml/web/js/components/attribute-set-select.js,93e061a2b9f6aa802edd6265a480ca736335b137ab2879066c972a4493fd229e,1011
view/adminhtml/web/js/components/attributes-fieldset.js,bc83449e1ded9a9f0bdb8800c987afcf8a225e50dc6c6648ac56daca1f5be82d,645
view/adminhtml/web/js/components/attributes-grid-paging.js,43d26bb962ccd46da344b15c65f6c15e1549d5475f0382170300f8506d6fa48d,1244
view/adminhtml/web/js/components/attributes-insert-listing.js,0858dd08b20e133a4971de3d77e4f6160b1068f7f41fc65fe21dac1b4f8123e8,2108
view/adminhtml/web/js/components/checkbox.js,bb016c703c5d2af2d4ddfdbf80251022b2df10c4ae6e9a72bada46712d04cbda,1126
view/adminhtml/web/js/components/custom-options-component.js,fd125421f7616949faf89b5aa68b719d933597058c9b191dc7b6d40a2161bd20,645
view/adminhtml/web/js/components/custom-options-price-type.js,6d3ff4e9b2401257c767758d9e29bdd8c9070a95ab73a355e6bf65a95d8ca3a6,1564
view/adminhtml/web/js/components/disable-hide-select.js,02b5ba5fe9405c63fbbcf9b96f2e53d6648c601b62e1c2ecf05dfdaac34929bc,425
view/adminhtml/web/js/components/disable-on-option/input.js,9e4b2cca0b7cb3933363ec8f0975ac41d4804c1e5c4c7cdb51904db5ea8a3a97,308
view/adminhtml/web/js/components/disable-on-option/select.js,d8ed5262067cdfc2cdf2a2e06ce04acd8b30641c3f4468f60911f93334ab8d1b,306
view/adminhtml/web/js/components/disable-on-option/strategy.js,0c921fa37c97398a785015463448a615924ab962fdcdeddc84521d27e4bfab23,659
view/adminhtml/web/js/components/disable-on-option/yesno.js,2d98a42895142280b4cdc402ffa86ae96e139f882f2383247c60022cf061a96f,1172
view/adminhtml/web/js/components/dynamic-rows-import-custom-options.js,db322fe34d08c8362c81fdea15b857006f3e925706997cbf245e2d088d8dab0d,2897
view/adminhtml/web/js/components/dynamic-rows-tier-price.js,2d632f654270ced012537928d2374725d13f210fee9ceee686d766668b1e7a19,738
view/adminhtml/web/js/components/import-handler.js,585554ec27558910e67c6845643e836ca40e19ec50a3141dd10d01245ffdba55,3477
view/adminhtml/web/js/components/input-handle-required.js,08b67752000ac21d53974869e2f4115de73cd78edc68ebbfe1ebf432d383c597,561
view/adminhtml/web/js/components/messages.js,40705650c0ce19e12d5c57fcecbfb5a130d35ab01dc150443d007f977c89cf23,867
view/adminhtml/web/js/components/multiselect-handle-required.js,3a180b591b3a02957eff5ba121fed475018e74d39d2f258b89a6704452762cc1,570
view/adminhtml/web/js/components/new-attribute-form.js,8cea85ae25bd0d261d1bc172dc00ec56bcf135913982c54458010a44b92ebae3,2364
view/adminhtml/web/js/components/new-attribute-insert-form.js,164fdd1fd307cb4b7a013ab64bc50e9989bf189c9df1108beb5b5e76dfcb7412,1168
view/adminhtml/web/js/components/new-category.js,20b4374e0ee8302a60a202ed57984f7a21f7fd5d4f9972baff27e308cd803ccc,1151
view/adminhtml/web/js/components/product-status.js,0bea24a3cac199bd9a46a4aa86dc1aa0ca35ca0519467c00cb37f2450ab5f25e,1770
view/adminhtml/web/js/components/product-ui-select.js,dbcd4aed5624bcce6d7cbb416eab728f327309ae43ed62028b4f1ed88feea67e,2112
view/adminhtml/web/js/components/select-handle-required.js,4cd54be86d0ae1defa19838c25e3a0b2e266a7185d8ff49533c3664aea30181c,555
view/adminhtml/web/js/components/select-to-checkbox.js,e1a7df0d65bd6796a368bcc5e5ced90f68b087229a8211a8c3ed808603b79c37,783
view/adminhtml/web/js/components/url-key-handle-changes.js,ad4e7649dcaa3bd07ade0d021925c76f82b9a527336fe9c03b4d1d487c6b2a05,1211
view/adminhtml/web/js/components/use-parent-settings/select.js,aa9bd24ec03d1050033ba908993f297f116a4137de8b8cde1a1d7bdf31cc3047,236
view/adminhtml/web/js/components/use-parent-settings/single-checkbox.js,08a0e54dd678d61a5d6f34eace3d67da1f7fcf23312dd724f8e0a33e33139adc,245
view/adminhtml/web/js/components/use-parent-settings/textarea.js,50c1f06781e367b9bed74964b4069737fbe150428279ff71537ffbf29cd34cbf,238
view/adminhtml/web/js/components/use-parent-settings/toggle-disabled-mixin.js,36b65944d17404054aaddb1ffdfc03df3e9e7dd036d321d58fcb06e04bd006fa,1499
view/adminhtml/web/js/components/visible-on-option/date.js,9f2ff88f50b46b9c24196ce8b5dab15dee2188ffd949362858952a7bcfc564d2,304
view/adminhtml/web/js/components/visible-on-option/fieldset.js,47f01ad6ee334cecc89079244af52b0cade3a14d70de2e0fb0fac2483ab8b76b,727
view/adminhtml/web/js/components/visible-on-option/input.js,f6eaed2052b140c7c06b5336184dc22913c439c6eabc0d131b867fb9bee4bbed,308
view/adminhtml/web/js/components/visible-on-option/select.js,5025484e4a05223cb097af1450fffc6daa07317cbc1f449f9aac41bb5e7ccc56,306
view/adminhtml/web/js/components/visible-on-option/strategy.js,56c2ebcccbd00b2647228c58a4158b70287c0daa8d4e6e4f352b4eb2cb720eb2,785
view/adminhtml/web/js/components/visible-on-option/textarea.js,fd5020b26143108ab243578537fe441e51cc63c786a4ac48f610a454aaac7a0a,308
view/adminhtml/web/js/components/visible-on-option/yesno.js,b05a61bf09438bf9008855f798414cc089a211eae1d5e8309bc1cb9570a28922,315
view/adminhtml/web/js/custom-options-type.js,abcea7390c677c79dbe52554d40083b39136e89a61829d09c5da582f04eb1e66,3510
view/adminhtml/web/js/custom-options.js,e3f7879e489473b0d65dd79b70e8083c3bb1007e4536a80843ccee6bd9516a8d,20130
view/adminhtml/web/js/edit-tree.js,e68ff9950f4778a26067306ae38bf531ff0b77c98f5309701101b741e697a5f7,1091
view/adminhtml/web/js/form/element/action-delete.js,0bfd4f313eea877c06803ae7a0026c1b189b8f2979cb0d69726b3ebbb600d9db,2856
view/adminhtml/web/js/form/element/checkbox.js,aacc7aeec89fc18f1e5407000cbc60dd0477369c703b06450736222a88563dd5,2321
view/adminhtml/web/js/form/element/input.js,7b99fc4a445b155da1578d27b82ca490e3353d4a8ee95b62faad067655a1a487,2660
view/adminhtml/web/js/new-category-dialog.js,59b56635142c97f0f1a7da91f0d00ff77db7812e19ff48f5b8e2b2920aad3d8b,5927
view/adminhtml/web/js/options.js,489e21d06a9824d8f29d5036a75992da2b08066a18787243cc3145449b196ce0,8211
view/adminhtml/web/js/product-gallery.js,8cec497775ca280e83fe84f6e71fa66c6023fde792be25b45d6ebd76c8ffb6aa,21511
view/adminhtml/web/js/product/weight-handler.js,12eac07866a7dcc89ba532175065699635dd896a42e54a13183bbae0cf9f9472,2775
view/adminhtml/web/js/tier-price/percentage-processor.js,41da4041d977b5765e1640e2636aa7b9ec7f521a052e6b38ba12dc7febdaaf40,1859
view/adminhtml/web/js/tier-price/value-type-select.js,9861d3f2089b5dbcfc9b50cbcdeb862427c9a70476471958ac767fc359448549,3471
view/adminhtml/web/js/utils/percentage-price-calculator.js,346b7d39147010a366fdbc71d2165143cfa0bd5e1ee4a34bbbb58cc443dfa46d,1283
view/adminhtml/web/product/images/ui-bg_diagonals-thick_18_b81900_40x40.png,19ca990aea3b245658e9206fc63293a92bb98903bdf3acd56c51f79dd3153e85,137
view/adminhtml/web/product/images/ui-bg_diagonals-thick_20_666666_40x40.png,1e8c4cfab4a8aff57d177ddcbc45558d666e98993c3a0a5485e9868ced095f9f,137
view/adminhtml/web/product/images/ui-bg_flat_10_000000_40x100.png,94a44c9e526db3ced62abf1d6578a0f1f35466d1f1e38cb15819be6db7e21f95,71
view/adminhtml/web/product/images/ui-bg_glass_100_f6f6f6_1x400.png,60bf6ecd1f1a46099c0602c570fd6e59e695cd48f4d9b8f0f9b5862fad227630,85
view/adminhtml/web/product/images/ui-bg_glass_100_fdf5ce_1x400.png,fc965f9b0e2b8dd323754a089fffc5c50239461ff9b29d8a222b05a36034b04d,110
view/adminhtml/web/product/images/ui-bg_glass_65_ffffff_1x400.png,974f0727f6e8961256c03606d84193ee029217bb5040e9cd22f48cbe7a8df4cf,81
view/adminhtml/web/product/images/ui-bg_gloss-wave_35_f67028_500x100.png,9d02ec5160dfda9fb882c5fd825c927171263c46f1da008e59963adb8ad68108,1746
view/adminhtml/web/product/images/ui-bg_highlight-soft_100_eeeeee_1x100.png,592f8769929b5a756ae2d66cfdcdbcfb8283c553e89475b838caecaba3d70a10,79
view/adminhtml/web/product/images/ui-bg_highlight-soft_75_ffe45c_1x100.png,77520d0c1d05967fcc2764073b2da09361f457f2f51ed0156f19dfb3608d41e9,120
view/adminhtml/web/product/images/ui-icons_222222_256x240.png,84136be38d1ac30d45c35f3962ec281f01b351defb6e30789e94017fba1b812a,3697
view/adminhtml/web/product/images/ui-icons_228ef1_256x240.png,6a350166f92fb0bf70bbc29fc0c9088d80aa7af387ed67826edd6827983e6434,3697
view/adminhtml/web/product/images/ui-icons_ef8c08_256x240.png,8b2d51c064ead04788e92a27122a2b04e8df7d01c7cc3c18a62c76792ea633fb,3697
view/adminhtml/web/product/images/ui-icons_ffd27a_256x240.png,7faf6e951fbf4e5dbcb1047c741d503266acd1e0865155ca7eac1a81a03c8f97,3697
view/adminhtml/web/product/images/ui-icons_ffffff_256x240.png,54e085878c035569fd91cdf82cdf8f3adca3f849fcf6172d49bcaa3ff024605e,3697
view/adminhtml/web/template/attributes/grid/paging.html,fa74a986f013bed3a0aa69724708b47576c52490e21ae4a1aaa154c17831f4e5,473
view/adminhtml/web/template/checkbox.html,290927ba1d3656e47a9274eb19e87e5aa89664617b4adc5b092faccf728e855d,600
view/adminhtml/web/template/form/element/action-delete.html,6ac529fa0ee23dad114cb66bfa8db34c3b7c8db95706893964df05ca57d536ab,464
view/adminhtml/web/template/form/element/checkbox.html,c7256855cdcede4872459753f39114332c1a850a6630eb4a8a52d1d0afb48eaa,362
view/adminhtml/web/template/form/element/frontend-input-select.html,b4f8a9caeeb5b6e581e908269a15b26c942dcdeaf65cc88e2947336bd3b1cda4,540
view/adminhtml/web/template/form/element/helper/custom-option-service.html,d599a7a1b09c372383799fdf4555bbf6a8adcbfd863e6911d76664c116a4d07d,580
view/adminhtml/web/template/form/element/helper/custom-option-type-service.html,cde359f77e90241813350e929fa4e590b0c10b13efd9974a840f30c3089ba97b,622
view/adminhtml/web/template/form/element/input.html,b7a028e0a37a69a1fe1da0ba00e3fe13c08099d5d82650166864aa63f1ef2583,556
view/adminhtml/web/template/form/field.html,79df23753d2be8e52fd9f575575328fdb3e28de4866b1f249723a47f4fe877af,1613
view/adminhtml/web/template/image-preview.html,b2cba91c9993f85a68383abebf93f2435c0176837db2687091437d3a9022ec2d,1371
view/base/layout/catalog_product_prices.xml,2ff6eac0dc26c9dc22f7e994b53b3fce35b2482e1d5d52336e1fc38fa433a484,2534
view/base/layout/default.xml,7fff544177cd76e1f0eed80ab5852541df3d8608999e7c181014e7d8baf6027a,738
view/base/layout/empty.xml,7fff544177cd76e1f0eed80ab5852541df3d8608999e7c181014e7d8baf6027a,738
view/base/templates/js/components.phtml,02c41835d0b68068a13d97ba47a5e93a3cefdd57cfc7cf905b283c99644be3f8,138
view/base/templates/product/composite/fieldset/options/view/checkable.phtml,10d7fdd80a982dcf10fe4695935d73f0fa3474d4c8f4c51918e41774118a1d70,3632
view/base/templates/product/price/amount/default.phtml,a7068acbe3016cef801a0d78ed45180e369226b5783b43bbfd43a1a57ea25add,1620
view/base/templates/product/price/configured_price.phtml,dbde338e1d61c2610db8d0bbbb2f050ed77f90435a705e19e8c87880394a82f8,2563
view/base/templates/product/price/default.phtml,a8f7516b13beed5f7e8afdb535d053e2e4ccb01fb0e41578551c93c26aca3fcc,536
view/base/templates/product/price/final_price.phtml,fd874cb05ef4004968bf9f38608a134f3e0e9e5eb71373ac47299e400ac0e54d,2293
view/base/templates/product/price/tier_prices.phtml,5e88459fba169e2695c1174be3e00aca2dd21841e9b3c8cf87f8adc845075ba6,4907
view/base/web/images/product/placeholder/image.jpg,2637f446bc6640220c9b726c624f2156836bb7a67b754c098f7fda5f126c7fcc,1692
view/base/web/images/product/placeholder/small_image.jpg,0de35a74dccd817a0374896f1d423fe56208c7e4e2a1634badd48aa051f7fd9a,1032
view/base/web/images/product/placeholder/swatch_image.jpg,38850e0682a84b2d6dc552ca82c863ac513dbc756bb5e2dbb761f6b212f0a59e,9382
view/base/web/images/product/placeholder/thumbnail.jpg,19608a1028a7f525bbe1f05133998a379b9527480237196d35da10716f1f6a54,820
view/base/web/js/price-box.js,f5631e02e6105ba14c6986af0aafc6fb9a9ee3a1b1bb8a7cb44f22dd43739104,7586
view/base/web/js/price-option-date.js,d817411b5ca497baee16c279fe24f6d74e08125b3841ad5e4a7ac00130ffb779,4001
view/base/web/js/price-option-file.js,94614de71a94b0941cabab4f90469edd1aa1665778aef33eee28ac4d44a2ba2f,2541
view/base/web/js/price-options.js,1f9a6b85421567d6e73747b27372e2290ae3b347c063cb03594b8209941d2f5a,7379
view/base/web/js/price-utils.js,2fb53c68b9898b17572b37462bb06d77cf6f432f708d634504a6a3aa8c14a5f4,4098
view/base/web/js/product/addtocart-button.js,b69b3ee0685f34daeeb719c74f8febbe737e8e785de75be414ee91a8d4a3bc35,2166
view/base/web/js/product/addtocompare-button.js,9b55987e9929ae9029f2e98ad4933e3c8b68b2d3fbdd58425acebba8d8478927,1269
view/base/web/js/product/learn-more.js,1e03551ad457c636cd4770d7addefbd057e1dda5c67110827cafa0b7704c2bee,630
view/base/web/js/product/list/column-status-validator.js,bbe1c40ba2b484de4aec236f5db9a58f3d0994015819802f9f184d841d6ad8c9,730
view/base/web/js/product/list/columns/final-price.js,77002332484c3e0bd670e587f59799552eccf0d74c292fb89a331b21ed86344d,6289
view/base/web/js/product/list/columns/image.js,78c51243cabafe2bcfe00b430c75434afadd8839e289540cbc1646cd7f51974e,2811
view/base/web/js/product/list/columns/price-box.js,37a5203c799d6f43956b177544252fa2e9fdc6e14601665245bed7c32138fdca,7306
view/base/web/js/product/list/columns/pricetype-box.js,231457d029e1a4088f80302ad4c6188429218c4562412c0b55faf0bbd1296620,1388
view/base/web/js/product/list/listing.js,54b1319eb48c8675e113b36cb88416e021d7d13b6c239f0ff6da764d10ea07c8,2856
view/base/web/js/product/name.js,8938df6633018c9b0de8f4fd264c5659b6fcecda2cf34e61aae38cf061de3ce1,620
view/base/web/template/product/final_price.html,0e40692065ab2f5b93c6d610c3f24edceda78b025610a2b9f18f524d44b0aab2,107
view/base/web/template/product/link.html,0dcd1d6db2385f2c5690e213056ba51a3ff5cb91ddc8a2bd05cae3ef148067dc,202
view/base/web/template/product/list/columns/image.html,4cffa69c7b42cbc4dfcc372e8bf02fa307f71bbda4717ba3af72ef55f58aef76,524
view/base/web/template/product/list/columns/image_with_borders.html,e117b6281c0294b4ae71aa72babd18624a7bd8b4667ceb226185bb33c0427558,752
view/base/web/template/product/list/listing.html,5086e01157f2ba44f9d6dc4c05ea84d43a10655db8f3199004d05a91954ef93b,2631
view/base/web/template/product/name.html,0bbe4dca48748033f32757db40304a20dec04c815c8b707ed6027d278685d086,240
view/base/web/template/product/price/max_price.html,a53dcaf8912a2ce6b36fdca506dc70d49f804393883fb9bebada666dbb6daecc,618
view/base/web/template/product/price/max_regular_price.html,9b2be0bcaf918a59300da031fa573c767fe235a4ed578df631c0a3fd25ce299c,599
view/base/web/template/product/price/minimal_price.html,e149c44e923b7d54d13e12fde771e077fe3d0d0b11ed7b2c3f74229b65240240,443
view/base/web/template/product/price/minimal_regular_price.html,db617348070144ba61c4ffb440d92247f09ece7c3f22aeb926df93b8101fb606,599
view/base/web/template/product/price/price_box.html,a8bddb11b3d9cb19e51728be362a4e0bd4a17501d37ac8b2a4210a3865046f14,313
view/base/web/template/product/price/pricetype_box.html,88fd6de031af009d1f205230f3ebf6f577f714a75f85e5e949c63ca24f687202,178
view/base/web/template/product/price/regular_price.html,e2591b9ea51bd27dd80f410c42e6349bd35ef63ff9cae49f5c2737860e382c82,1079
view/base/web/template/product/price/special_price.html,2cfc0a649df7a41e731df4591efd25dae132849188725eeb5ea95e41a4689bb6,813
view/frontend/layout/catalog_category_view.xml,a1b73f6f990590923dcb9589225ef922ebba7235e11b2a3a1dba34457b4bf769,3614
view/frontend/layout/catalog_category_view_type_default.xml,99ca34ae7b1edd7844602e6830365a8d497c5e0fc915c1cf0114530efdeac402,540
view/frontend/layout/catalog_category_view_type_default_without_children.xml,c0dc6395ed474019be3479c17be3855720c49035303eea6b4482ab5767371b0d,304
view/frontend/layout/catalog_product_compare_index.xml,a0bd2b2778409c0bf652d6d84d0c1356c5ed1b2e12802143411805d54b33a9a9,832
view/frontend/layout/catalog_product_gallery.xml,16dc6edd3b5547f692c3374b9e1204ac448fcc847bd43fd3164128c08ad6224a,764
view/frontend/layout/catalog_product_opengraph.xml,bfaac5a832c1ff2762a61d8a00867deccbd261de937f49da875139bf52015630,889
view/frontend/layout/catalog_product_view.xml,66fd46a9f6ce915957c05c365b0eb6a2a4e75b0ed5d32318a1812cf4efe24f58,16311
view/frontend/layout/catalog_product_view_type_simple.xml,0fd6eb0673e5827cb2a8254dd77b6727fcaef8bc1792018c09ca06b68701d86f,727
view/frontend/layout/catalog_product_view_type_virtual.xml,2f3f18199bc2f7c3c367c2f4424671d1115d5b63857df809c3cd2ec36d1e08c7,731
view/frontend/layout/checkout_cart_item_renderers.xml,628f58749b3f3f8ae5e12964481c4cac650ab07d96186129ef8015e7d516501d,1213
view/frontend/layout/default.xml,6e9cb77138f945204a8e105ebd086bfa60db938e4208ee51b57bc54e18c21171,3697
view/frontend/requirejs-config.js,e625f65528ebafc432dcb6bb5a7ab9867f6e40abe103809284ec4a1cd617d084,1133
view/frontend/templates/category/cms.phtml,b392a59a7c130ac21943e152a1630bf304d25949140efb2b511b6e7dda64643a,369
view/frontend/templates/category/description.phtml,292e48231ccd3816bca4c58ea9448e2b6b989b7422b51603d7762a00ca9f8a4f,620
view/frontend/templates/category/image.phtml,19cb4a4440d53ec30433bb348b6de55bec71be75b137107905f3079595f571de,1037
view/frontend/templates/category/products.phtml,195490c11c9868d75b196462c808b55b80f30bd0eca80a357b03565a04d96607,327
view/frontend/templates/category/rss.phtml,23e547b6dcadbb12bf1a8aa08367a85e151ec009712110da06f059249b6e3c83,423
view/frontend/templates/category/widget/link/link_block.phtml,bf7e0da6089224223bdb2556d66878938691171a6f6afb52989c62359a855d42,283
view/frontend/templates/category/widget/link/link_href.phtml,ae44cd58ecf1a7526bd5b08b362d45a33ef9ef300412f12f5386cfb07ed6ed68,207
view/frontend/templates/category/widget/link/link_inline.phtml,f206f20779cf88974dcf6e495674c49ba8ac246894ab812c13a1d9be3f73227a,292
view/frontend/templates/frontend_storage_manager.phtml,143cbb9e29c076e55fdde25af24761175caf0e3e9f8d73327ae48539db543e59,751
view/frontend/templates/messages/addCompareSuccessMessage.phtml,47d2e49370587c24bcc6fda42e7e21108723838bd05a7a708d85ad698e111bf3,379
view/frontend/templates/navigation/left.phtml,32102f080f0022093505101271887b65592b44115c6523ae3adb2cd0619ae9d7,1911
view/frontend/templates/product/breadcrumbs.phtml,d060c3b1d1ab4b7a1f9c4750105b4737c653963fcf4ad05e70e3143fc065e694,457
view/frontend/templates/product/compare/link.phtml,5102e229c44b113ae662d0e585af365448acb2560fdf2afb062c8dadc5c7a7f5,809
view/frontend/templates/product/compare/list.phtml,6ac62477e4fe2f8030721d287bb4dcc7aff30a0098edfa871199b5f3456bfe99,9445
view/frontend/templates/product/compare/sidebar.phtml,0d5c6aa58747eecc78b0503eee86cc5bacc9e6bf093f9c530ce4b7d72787f5d1,2672
view/frontend/templates/product/gallery.phtml,6d8c07866d895b31e53e0c2d31d99b060b8bb843f3052fef816d83d216e85d4d,2425
view/frontend/templates/product/image.phtml,f53d56d031f0fab9930ed7236055dffc75333da18ea9754ecb55a83a6f25b7ef,580
view/frontend/templates/product/image_with_borders.phtml,b72e092899ef6c7705f4921129cac7de36737b552ee76d947684e2edbf5a14b6,865
view/frontend/templates/product/list.phtml,c74e2a1d92df76ef8004d64fe52883d106b39fbf1a8b854727ec881d7f382dd9,7654
view/frontend/templates/product/list/addto/compare.phtml,dee0739bd2638a4d40845cc412259f744f6ad3769e6c6ab97caffe24672f7aae,546
view/frontend/templates/product/list/items.phtml,3ff1fbca5db5a7f65a01b4da99d22411d73125b4617868ce0252c8fee05de1ed,13072
view/frontend/templates/product/list/toolbar.phtml,b213f195b86dd15031abc53d0a7c1fbf4979f443d81db8f5432a6d3cf1d1ee56,1157
view/frontend/templates/product/list/toolbar/amount.phtml,728923453dd4c4c9992159def9b85617087297a7c308f7ac55be0aeeeb589015,1119
view/frontend/templates/product/list/toolbar/limiter.phtml,fee43e2fb1382cf690d0d5908a7a2200f162d9a667ca377b7c955f1278d1d0d3,982
view/frontend/templates/product/list/toolbar/sorter.phtml,5879aec5bb9dc0732b6cc8b96593ad7e5282f037e2c5b78bea789932bc4d6e5e,1567
view/frontend/templates/product/list/toolbar/viewmode.phtml,def4baa8b2474122eb9fadcf618992ca0ba9e228a08700abd1e94c56bfc56880,1776
view/frontend/templates/product/listing.phtml,3058306ce0b571a1b969a60ae61d9e208a73a5393e2abd3b575d783211c2c14a,5345
view/frontend/templates/product/view/additional.phtml,a7cc49be4a4da7bc670fb1dc7f47e55509d53fbbf3c9be702fbd3fe49beb30b4,287
view/frontend/templates/product/view/addto.phtml,80f35a36ee34d949d9620443d4f4e867740edba9411b48a802130d35f72bb20f,263
view/frontend/templates/product/view/addto/compare.phtml,abbc7b047a9fed65da4fb1127ab48c193e951c694397d67211f1c0de026b35e1,537
view/frontend/templates/product/view/addtocart.phtml,106de0da619d346fbb7560830f047d01ff42260954ba498f5a0a0b9b368f5e5e,1677
view/frontend/templates/product/view/attribute.phtml,c6c8120228905ab016bb1cadc6782b2a56da6fed74302e6bb0d97405eb3da1ce,1651
view/frontend/templates/product/view/attributes.phtml,bc444bfb76735d06a8d50b70cda40d235ef231c7675ee0c52944b4af2aabac0a,1230
view/frontend/templates/product/view/counter.phtml,20194f5d1b110c4e077b2cf5494ccc49af2037b86d9712e9078336e4cfad0a59,456
view/frontend/templates/product/view/description.phtml,55417be37e182c3e8fc53f405b8efc4b2559c8c750e0ccfff4f7d29aa093fb6a,461
view/frontend/templates/product/view/details.phtml,103dd5dce6f200bb5dbfe2ec4b35ffa621384e8d6160beb963bd6411e94d0f6b,1684
view/frontend/templates/product/view/form.phtml,aff45f4ab2198cdd6cb58e030762a78cfbe6b672f79adf9a05230e10836fa880,2345
view/frontend/templates/product/view/gallery.phtml,d6eae5c67244e3df02a1b91451fa164e4cc62ba394a48a4986b1c091607a891e,1572
view/frontend/templates/product/view/mailto.phtml,18715efecb216e2c842fa84a6ea6dc3bae976a7d9e2709c5223b3e0427af1f36,487
view/frontend/templates/product/view/opengraph/currency.phtml,b6d17501e6b2ed6f8123c6f0b586af96fae9883f96521f2f7c38e61aef9935d9,295
view/frontend/templates/product/view/opengraph/general.phtml,160a022b2f69334fedf538d23c03485644fe4a75ed9ef43a517ed42bf47c6a07,1022
view/frontend/templates/product/view/options.phtml,a438e944ebfbdf3728ceceaadd1de11c362af755fc5c31a969aa9baaf7319125,851
view/frontend/templates/product/view/options/type/date.phtml,f30be20f51d79e7308a28e9152f254dfa57d41cbaf938eab61b4087f8fcdad58,2564
view/frontend/templates/product/view/options/type/default.phtml,0a0d565bf616111162bfd7624367f2ff7e7ef7aa9f8779eb0df7cd3f32431785,269
view/frontend/templates/product/view/options/type/file.phtml,b2a3cda4d3f842e85a40095de1fcd7a02350ed532e81d41c5a40bd1b70a38adc,3425
view/frontend/templates/product/view/options/type/select.phtml,3559edd88e6fe3837e37eb1837c637e5853b3998dc6fee2b4a91ba8b866d9402,1019
view/frontend/templates/product/view/options/type/text.phtml,86747f012d666f2f7b12c6a4046e445965912699a5557e2f38aa0fd1ee575f79,3982
view/frontend/templates/product/view/options/wrapper.phtml,c9d69926fb8027846e18c9491d7b9f1e2e73a6a8ab353a97eaa974e33eaf3c6b,524
view/frontend/templates/product/view/options/wrapper/bottom.phtml,fef2fc4cd32ac02243d4b33a92369a6543d0c10397bb815494363358a4d0bd1d,194
view/frontend/templates/product/view/price_clone.phtml,b82bb63b8d6ea1bf1c542ae1809cf80609dd9de206c4bcac15ced76c72f5052b,442
view/frontend/templates/product/view/review.phtml,db99fbae17044d006e8fb2dd265fdaa2158d44db34006bb37c33ff52ea881497,255
view/frontend/templates/product/view/type/default.phtml,5129c82c8ac75a2bb2a74ea634ca97b7708bc8c2bcee7888ea148f458dfd2bd2,738
view/frontend/templates/product/widget/compared/grid.phtml,051188512ad7e99380a14d7730e66cf1ee1a486e5bf5b3c966230642911e19f8,468
view/frontend/templates/product/widget/compared/list.phtml,959c4a4b70ee70abbd228c8551a7262eb4d77604c2c5a17f20bf5f09e5bb06fb,468
view/frontend/templates/product/widget/compared/sidebar.phtml,dd6a097cdea124a8ed6154e643694c9e9b6b8826930f532e8c8999d652eb3dd8,461
view/frontend/templates/product/widget/link/link_block.phtml,449a806b36ce43365c0f1fc8c4c5921baac1a58d9338918fa3c01d2644dfb539,282
view/frontend/templates/product/widget/link/link_inline.phtml,19b127ff8d05aaba09e2c8d2066e207aced3c13d9f3073981ed14d5dd043b737,291
view/frontend/templates/product/widget/new/column/new_default_list.phtml,81154e3b3c2247566f3314dd3cfde687b84eb8f52a22e89820fed802b67bfd14,5153
view/frontend/templates/product/widget/new/column/new_images_list.phtml,dab3ae15ed4488bb326329e563953d3fcb65e833b785cbe18d8b9a96d5111be0,1329
view/frontend/templates/product/widget/new/column/new_names_list.phtml,cf78fde73f388e0c2fe59f10f10277fb5a85f6269e4f95802bdb1e3d7e1b3943,1578
view/frontend/templates/product/widget/new/content/new_grid.phtml,4dbf8880f2a65d34b5aac37b12040556ff0ae1cf5a827b145aed3c594168ca67,8453
view/frontend/templates/product/widget/new/content/new_list.phtml,26ca28e774366abd55a89391edf7fbb8fc0471412af6e4a5c0b6f94070c36063,9336
view/frontend/templates/product/widget/viewed/grid.phtml,117467c2ba4d5c42b4c7a09ef5dbf1321bf002d86d66be0cebc7d6bfb551665a,498
view/frontend/templates/product/widget/viewed/list.phtml,d1ffcabc933e01e0f88b4882bb594882aa701447e4b69201a53ab1ebc2ae02b9,498
view/frontend/templates/product/widget/viewed/sidebar.phtml,2c5a09f4dfd261f247e1814826a4b91b41cad640712fedfc271bbb511df7a884,459
view/frontend/ui_component/widget_recently_compared.xml,cb0bc05f642245a09d61a39418fc5dde48d30cdc95c8c279f05df0f628d48ded,9360
view/frontend/ui_component/widget_recently_viewed.xml,bbe17087b86477c45391ee1546e87c6a199815f4cdb1311df1675a00a2512822,9243
view/frontend/web/images/product_widget_compared.gif,eff8dda3ebdf6324436e88c97d0ffe6fa1ef5db6ff23d00b9d026f50fb6588b3,1560
view/frontend/web/images/product_widget_viewed.gif,c4422b1f090dfeb5ee4828b984ff59c188ef6d82440d7c3a9406c14d1c9d2051,1518
view/frontend/web/js/catalog-add-to-cart.js,cd2a086c4c49ba27a555fbbb0d0566819fb42056b3cc93a66ad4050dc14af459,7433
view/frontend/web/js/gallery.js,c527d9ae18d317900c3781c384943746c7269dcc744216bfc7c6891b2456c244,1576
view/frontend/web/js/list.js,54c9beef44a18290713561307a572929b8fc9a1c24738b2bcf64a0a16fad382e,1383
view/frontend/web/js/product/breadcrumbs.js,b9b88a898a830802555a3307f85d96f321e9f51d0ee1d0203cabed5575d8bcf7,5846
view/frontend/web/js/product/list/toolbar.js,5115cd9221fd833647245e68846e09bb06970aba4b812b7d931c58627c11798d,5033
view/frontend/web/js/product/provider-compared.js,30507510b73f2a172f46e3f631edb36c6e3e9ffc2c7e4583d75a70918d1e4153,1690
view/frontend/web/js/product/provider.js,a9e005329ec59528c2fa1381e6145a3db152ee3a29067f5f3e278bc3628df8a0,6573
view/frontend/web/js/product/query-builder.js,826f3db30c3a07cdf14b9b2865e9e19123a2e80c0c517048a526b77558586fc4,957
view/frontend/web/js/product/remaining-characters.js,33fea9652054a684e14ead08b4c78407add50369d1d571ca229233274e0f7dee,1733
view/frontend/web/js/product/storage/data-storage.js,1e0fc7fccb504ea2924f2fa5b22c151999e9a0f0f937121d470de6c695239808,8657
view/frontend/web/js/product/storage/ids-storage-compare.js,5d1aaf1eab0dabd9bc47a45e8ccb3e437f92acc9d8713a45ccf8e5f100986111,2024
view/frontend/web/js/product/storage/ids-storage.js,6cde8c17e50d2d3df0dd0b5124b7e27ead261bdeed7ac185d4c3a7301efb6035,3148
view/frontend/web/js/product/storage/storage-service.js,6086b842da542dd26fc1cbeb3cdc31eb6b808c0f9a60821df54b2ef9b63de37f,7118
view/frontend/web/js/product/uenc-processor.js,638541473f737e01c0df3a31ff33598d87729b00e6b4f1904afe900692261736,2030
view/frontend/web/js/product/view/product-ids-resolver.js,ae589ca1b376c3f2cab6ab75838b8e1f6ec9480d8ca576d4aa4ccdfabf9b84d5,636
view/frontend/web/js/product/view/product-ids.js,e4a3759b0737fa79918b47d2c89443ae6742395fc4bd719b7ab92a8103815b3d,195
view/frontend/web/js/product/view/provider.js,10418fc79b413d02e6ccbcbb2257ae6469d020f6a72b18cab23b2dd629cab5ec,2555
view/frontend/web/js/related-products.js,34bf034e55035ed6ded8de7190e53d0c3a4ad96ee2ac65d74deaa4c0f521f1c3,3854
view/frontend/web/js/storage-manager.js,1aa6b748827c333a57fa365701c10148567244af1440e0e2607d86c7f4cb36f1,7967
view/frontend/web/js/upsell-products.js,73c364c2efba3b7a0c3d98560488b235595dd8dc27560f152cb0de4a4156604f,1720
view/frontend/web/js/validate-product.js,b0706f7a35ca2e2f0db9bb26387fb273440b6925cdf50d889a0573efbac23802,1390
view/frontend/web/js/view/compare-products.js,ed1bad9a63c08bf5cb9bcb929d766b501beeb2a5118cac8ca292156553936559,812
view/frontend/web/js/view/image.js,21595d899c604729aca4fd140035f03212460f53dd5df0c01657a268c7e8d6a9,389
view/frontend/web/js/zoom.js,7814152b76e94cf4ca9aacef81240eef694936102ec1a7e698f4970bde31a066,9705
view/frontend/web/product/view/validation.js,c0667e72d3288054baf80d05d64cefc28fd658daca868a0f5e53e3688f6c170e,3406
view/frontend/web/template/product/addtocart-button.html,46cb2085cacde1fd08518626189ab8e5eae440784b0992a4ea26a0fd096a7759,677
view/frontend/web/template/product/addtocompare-button.html,1dd63198ce3173a2dc0b9c9de06e97c158275ec87769712bc5e44093402768a7,345
view/frontend/web/template/product/image.html,2efec4f726ce2858fd8b65b3eb10ada1592d1af5afd91737506e48a45630b003,228
view/frontend/web/template/product/image_with_borders.html,0fc62526c5694669e68d71ab659386577e680bf7426d7424d5720a97db7288ba,448
