path,sha256,size
Api/CreditmemoCommentRepositoryInterface.php,015e926b434459f512281ad704d91aa2987d2561385da53733bac5ed6fa63c5a,2056
Api/CreditmemoItemRepositoryInterface.php,ceaa72a3de4dfda83760eba529c36d9e090f773872be0319a516e7253fbb5ce2,1879
Api/CreditmemoManagementInterface.php,764c76b163b9d5d26add97ac3530f268c0b441e35544f2a303d270645640fefb,1621
Api/CreditmemoRepositoryInterface.php,087a154ea44afdb61f84354c94fedabfa1d7870b81a7f77ea462452b8adbbb0f,2211
Api/Data/CommentInterface.php,38484e3e0365dbf1089d6bb37e2edd8f34e625518cf7cb248fd55ce436b9deb4,1069
Api/Data/CreditmemoCommentCreationInterface.php,38c3b97d153bedbb9ee4787412c2f3053e9245a2851674ac1e6eb2720ecde35f,927
Api/Data/CreditmemoCommentInterface.php,b2088a14d00029d16f5608e3a5d1091fc12821123f5e8db335cc086a60b2bc96,3860
Api/Data/CreditmemoCommentSearchResultInterface.php,8442b7ebe966b4b26ffea79f0346f218e8af9f2766c5a69f0777d296a3049a60,1110
Api/Data/CreditmemoCreationArgumentsInterface.php,cf4903b7a46df27e803d4c66dce5d36e66e81395cacd5ab5354c9d37d4944957,1835
Api/Data/CreditmemoInterface.php,8b33bb7b6b9d6661251ebd2d5ca846aa533f4b136026e6ad8ebdb29281868218,23394
Api/Data/CreditmemoItemCreationInterface.php,dff7039c3e24ec599a91b2bd03cbaaa68cca64b4e37766140d4157088fdfd05a,913
Api/Data/CreditmemoItemInterface.php,339199f03bf44419edcb010385d53eafbdbe17a12f3acb063a9ab6f2166181ea,15890
Api/Data/CreditmemoItemSearchResultInterface.php,2e57caffa589ffa44ffe54ef7fd275d1008915df8f9c5417263514bb3e7cc8e3,1071
Api/Data/CreditmemoSearchResultInterface.php,5acda3599f935526a1dc9cae65c428f23561e07ef367929ea78801de494424d1,968
Api/Data/EntityInterface.php,16283f4b74c06077d002cf4952306c57c17b83df21982b1a1df117c66cb7e8a4,996
Api/Data/InvoiceCommentCreationInterface.php,eac1d8356100e454ae5d9a165f1ee82ec81f6bccc4c208583cc8c04229a9830f,924
Api/Data/InvoiceCommentInterface.php,830c0b856597ac0be786b56866465f2a81d365eff3baf4509fc43cff5c781c5e,1991
Api/Data/InvoiceCommentSearchResultInterface.php,f6e801c4b584bd7279d817acdc27102a1dfa2d32520f76e8a91cc77b94d0b25b,818
Api/Data/InvoiceCreationArgumentsInterface.php,3fbcf9a843df6419915d45242b12ba9877788faf632e125140ef8a3171722482,855
Api/Data/InvoiceInterface.php,1dca1102d5c6372cd3bc2b742de1c69ae85b0d4d56a4c10fa43acd072bffe393,21081
Api/Data/InvoiceItemCreationInterface.php,bf9f472e80b94833a8115dd9cd619eaafa59a78e5e75cccf8cbaec12533672cc,952
Api/Data/InvoiceItemInterface.php,7941dc5eca629f9cceb1ba8e0d3cc7d421f4834f5f75139107f4021d9b109edb,10454
Api/Data/InvoiceItemSearchResultInterface.php,14bfcee40f1c26c9ea5b89da0b1de8613c88103d9192cbe566d4eb8f5f0d5624,789
Api/Data/InvoiceSearchResultInterface.php,9dc552f01fdaaea49b95fbf3411d0350d63533ff6a2b82caf24bf7f2bc9940f7,721
Api/Data/LineItemInterface.php,7439a2165de49e8e33e682fa9393e82b3b8ae3506adafdda2edc188d9f64237b,838
Api/Data/OrderAddressInterface.php,0c7373b857a757f118ba5e76989abbce31ecce8abff006d4f48dab606cac87f4,11244
Api/Data/OrderAddressSearchResultInterface.php,c0df846ba8b82dec3bbf59b93592926b3e18b94e4219cc63b239d6655177c14a,964
Api/Data/OrderInterface.php,a9baf6afb0b1735d5862ee17694514a30c9bb12d1f92857cd93decba2743c882,63682
Api/Data/OrderItemInterface.php,1b36547045624fcdcbbc7af4b4838b1beb638344200de44cd3b6fde2e3473713,43375
Api/Data/OrderItemSearchResultInterface.php,7f722c20261b97e995b8ffc228a233f62021a69cde8f6fe3fc30cadcac741169,952
Api/Data/OrderPaymentInterface.php,06af5a6721c7cea6ac44a782b59f6561482d1f6310a619d95254544f1d74a807,26141
Api/Data/OrderPaymentSearchResultInterface.php,170f6072b277e851397aa6b2dd3e18e893e6559ab2f521c8450395bdec0247be,964
Api/Data/OrderSearchResultInterface.php,3c394403975a6dd7a95a0f44053a0786080347c6f600814c7e39b439e5d72007,919
Api/Data/OrderStatusHistoryInterface.php,57f72e7ef2a7e970701b8c13a04eb1c5d1f33954391252f145f0632453acfefe,4677
Api/Data/OrderStatusHistorySearchResultInterface.php,f67ad87a7f4cf72f1abd7e319da14fc711b4a4789ad5999cba9f75671b2ea83a,989
Api/Data/ShipmentCommentCreationInterface.php,a3ce1cb0571f498815c4cc5fe1b8f73fce8931da97af5675e9dbb5dc5dd1abff,925
Api/Data/ShipmentCommentInterface.php,2229815e2de43678942498621578e85c8355bc7332066c7eaaec7c54bb49eccd,2128
Api/Data/ShipmentCommentSearchResultInterface.php,20239dfad675ef634e176bacd64feda4b2b809d3ed88aaf62fe776b62aa9c052,917
Api/Data/ShipmentCreationArgumentsInterface.php,cc1ece9ec5150b45b5cfc734eb4c4ee8fef109f073d4f36490fd46e685330a2d,860
Api/Data/ShipmentInterface.php,c3bd00186b66d5677c1719f1ef6389d523115d606f91ecb6145fc4990ef5a660,8422
Api/Data/ShipmentItemCreationInterface.php,8292a44db1525a16417fccc2a494cfe9654d6ca22f99482ce97b9777900aa605,934
Api/Data/ShipmentItemInterface.php,6adfaa26b9fbfd1e563b25dae1ca1df8abc04d5f540c4eed858184667b1f5f9f,4998
Api/Data/ShipmentItemSearchResultInterface.php,cf776216224e5cac68f6ee8ed4fcca2758adf75c7e0a80860dd6e38ed39fea3d,899
Api/Data/ShipmentPackageCreationInterface.php,1b55c4fb4088c732e442f17062ed432882f45e214c696820caac1197d64d7fd7,1054
Api/Data/ShipmentPackageInterface.php,04b0aa97ed65ac7a7cbedc3a84540b6f552626b2c470a10a41e0500922f20de3,1022
Api/Data/ShipmentSearchResultInterface.php,4ded685708fc2aede86dcb2a5948cc19aae1de5ff8d50b9257b09b4b558543dd,874
Api/Data/ShipmentTrackCreationInterface.php,1959545a678c3a1cd1ef8f09acd0d465f627613f70d4780a546a1e66e90348e1,911
Api/Data/ShipmentTrackInterface.php,cbb81ee3d3e9dc40482fd803a9289086a13a02a46b3c9d9f5f4a7740e09ad656,4496
Api/Data/ShipmentTrackSearchResultInterface.php,19aed86346af29265a82a1da4ac7295c8365fa39892f073889552b4ec72b010b,915
Api/Data/ShippingAssignmentInterface.php,e7ecca8ab573a5ba65d0882aa15d8839711d9590f975788ebb20ffa1488faa52,2043
Api/Data/ShippingInterface.php,5d30311b683fdca6bcb2a0d100d06886b41abb0ec51d5f4ea5da7c9a0019383f,1988
Api/Data/TotalInterface.php,0befbc069fe8e48afd27bf94c1addb05eeeb67afb259cee7dc474aba4eac40c5,9341
Api/Data/TrackInterface.php,06663d713d3baa25fa63e36589a63867d2688a1f4270b16c3bf73886949c621f,1187
Api/Data/TransactionInterface.php,0030564f21336adb219964f5abf19d5645de29ce24269521cc714fb2ffbed168,6080
Api/Data/TransactionSearchResultInterface.php,92b5ddc713b0e7a6b3c3e4de04b6ad24b007314d83f0e62508781a1d924e965d,790
Api/Exception/CouldNotInvoiceExceptionInterface.php,b988b054aa393a52511aeafa2fb53fe2f56e44f4e1ae013ca7dccdfad55e3977,220
Api/Exception/CouldNotRefundExceptionInterface.php,3529188ecb93da6bfead1fdab3d325b67b4db83a3faa69ab3143cb69efa20a6d,256
Api/Exception/CouldNotShipExceptionInterface.php,b3552363b1d154940461de65a0c5d56aa4563946c3827ef2341d68180dafcc2f,216
Api/Exception/DocumentValidationExceptionInterface.php,5919357da7559a761d6e5dfdc76560aa2ea5e010bcf4e17919a50c7c58bee171,223
Api/InvoiceCommentRepositoryInterface.php,7f6e942fc3f0051d75f468ff9cb716563a23bf514100888dd11093d13ab85740,1611
Api/InvoiceItemRepositoryInterface.php,59340a455f6b0e2f8094bed9400271f5a365da0d5038c1da4dc685d3246282b8,1490
Api/InvoiceManagementInterface.php,909a6f198a4f679932d79414588f35a7aa576332fa476bd03195e2c379f1e19e,1011
Api/InvoiceOrderInterface.php,3537e06d2f4c2bb6002a1a1e533ad2e68a1a6f232f4527537d2becdceac0ddde,940
Api/InvoiceRepositoryInterface.php,cfad5f3304234a2fb3e03de8f3deb02a71b951a0bac01b6a8e203219a2f22ba5,1873
Api/OrderAddressRepositoryInterface.php,409bcd7e9f9e37b80e8b00ed39da01e2e5ed0e08f4ab4aa3f79e6b6f3e781826,1737
Api/OrderCustomerManagementInterface.php,880dbde6c86f821f68fe0c7d8836c0e808907c7fdf4fab53630bbfdfaaf95042,460
Api/OrderItemRepositoryInterface.php,8b9b55cfa01d373cf5268dd8db84029234d3ffdb23634ae48fcfb71e968adbfc,2008
Api/OrderManagementInterface.php,00f901459a171391f39f7e3435b98ebd1c590f4d42fc6a8edeaf9b4a1c3e1900,2152
Api/OrderPaymentRepositoryInterface.php,6af534f63dcf6f227e4f54f141cccbe56e61fe28506dcce464dec0c326816731,1923
Api/OrderRepositoryInterface.php,a361382304d17cc567b674770b0e8307cd762d5be20dac15c1bef3b677bc6c0e,1923
Api/OrderStatusHistoryRepositoryInterface.php,8db055933aeb738128a7b3f34707e6b2e1a9ee4a08ef822a10eedd51ef9c58d2,1901
Api/RefundInvoiceInterface.php,f1208eb7a94a7ad39b92cd2fbccaeac64ee4fd521b45e55409c33cf97ea3cb5c,1030
Api/RefundOrderInterface.php,46837ab837b7ec6415e682d172e580e4141566fd82f425ff66089ecdcb71d44d,967
Api/ShipOrderInterface.php,bab55514ec02fac4d3d5f15af92d6031788c55dcaec7536f0e521a341c3951a4,1200
Api/ShipmentCommentRepositoryInterface.php,110bf614ffa1b4dd6fcf293965d335d769bebfb321f1f938a9fbbf04ea8f1ef0,1733
Api/ShipmentItemRepositoryInterface.php,75db16a1d78a8774953518db6c4c43b8b49bd78675bb1a7424110478c7b3d2f9,1619
Api/ShipmentManagementInterface.php,4e3df7aacc564a535d7aecc018865a2b27cbdc62ba29514e7042648d38b20aad,1037
Api/ShipmentRepositoryInterface.php,dce001c7dd1b69af98a0eaee70ff43b81970adfe3c7eb15b89d43ec1196a86b6,2026
Api/ShipmentTrackRepositoryInterface.php,916c5e3fe6fd31e3b0475f8f81267a06d39c181953993d95a927f17f38891f50,1829
Api/TransactionRepositoryInterface.php,63f30a5a47aca72db89b456631406a0cf942ab6f7801ae6f486c56abc0cd83a6,2046
Block/Adminhtml/Creditmemo.php,95d00b269a5b1f1d6498b21b78465163ffd65137a3f558ec61dafb686e9f5b1b,644
Block/Adminhtml/CustomerOrdersTab.php,9a2cbcd57dc9d99d60554b3649cd2bc2eee10c5a6d655e3899dac750cf51a3fe,1518
Block/Adminhtml/Invoice.php,3c160148ee4a648b2b9d870bebf8098e1bd1848c0a2068c6a82cff19f8d11e86,837
Block/Adminhtml/Items/AbstractItems.php,260c09f3c9c5ecaecc921a73401380af70e2e60e054907c7a13e1cdc08fb6907,15552
Block/Adminhtml/Items/Column/DefaultColumn.php,4e25f1941aafec5efd8c6fccdc936d0553f7474c59b7d6dc80117cbf6eae2f2d,4063
Block/Adminhtml/Items/Column/Name.php,74931f9de3e038444331a0fb7b07f6ee17abf89896b9933b9bbf8d7d2ef977f6,1189
Block/Adminhtml/Items/Column/Qty.php,0cc5ce5bc59528496cd3ef256b4f6b0a37fc09ce93accad46f99298f3b58dc73,362
Block/Adminhtml/Items/Renderer/DefaultRenderer.php,346cd450746a2a0efc48fd91655a7b79ab6eb75eff2b147b7b77e94cc4967e97,507
Block/Adminhtml/Order.php,75cd15db0b12d83ae00cd0cd9025eef4f4541a744e13ccb427bb28bda72c7b79,984
Block/Adminhtml/Order/AbstractOrder.php,d625645cda7096f451b1e6357b0c5cd86116910f3a50723b9146855fdb1ec30b,3936
Block/Adminhtml/Order/Address.php,c6180ecb81c951c75940490dd4616dcb45bed29bc1f948ff9d4d34e6f645124a,2040
Block/Adminhtml/Order/Address/Form.php,66dd12b29551131d7a16d7bcb28175b4705cdadd44524c36d1b313199c2775c5,4485
Block/Adminhtml/Order/Comments/View.php,f4200f3acb177f014f6b939dd563686fff7fb6c517445b6c2de87bc2defe9d53,3244
Block/Adminhtml/Order/Create.php,b2c713043996fa63702b926c9263363a8935d7f9831eac17ae3b823755ada6c9,4429
Block/Adminhtml/Order/Create/AbstractCreate.php,1148e02f8d164ad16840fe73bb1540242ebbff8e4abe0fd065537a68c35f6b68,3534
Block/Adminhtml/Order/Create/Billing/Address.php,3458c42ed42b51f5fe7553c3d2e9092fa1cfd6644cf4d366ece7292cdf59339c,1874
Block/Adminhtml/Order/Create/Billing/Method.php,ea77935a2a2c28ff78942daf9be4c3d4340138d643a54ed2abac75d2e939e643,923
Block/Adminhtml/Order/Create/Billing/Method/Form.php,3721dce5ec8422959c61d70ef83bd008d74af59020c1d79d9c9abc5548f85b0b,3354
Block/Adminhtml/Order/Create/Comment.php,b8890f8a82a01a951f7d8dbd7b84d37333bf29536cb53c23f817369cc7bb5f30,986
Block/Adminhtml/Order/Create/Coupons.php,e61d37058fa04bc9ab7540a1b910ed0099c37e5b3c1b2156f7fd9d6494fc3b97,1065
Block/Adminhtml/Order/Create/Coupons/Form.php,67a922426601dc5675b19f58def9722e55a4831d00948b79924c0bce22d5d24c,766
Block/Adminhtml/Order/Create/Customer.php,dc3967a125d9c22db614d36b6c909a7057ae41ac68044230f7568f61f480b8d4,1323
Block/Adminhtml/Order/Create/Data.php,f8d0b65b7a8a0d49685d924d7d4bdd14e82c6b726261b0cc41eadf734b9f092c,3206
Block/Adminhtml/Order/Create/Form.php,9e8714c81fad3f9ea53dd98b7d4262db9b9eb71c2ca1477b879390fac3a9f382,6243
Block/Adminhtml/Order/Create/Form/AbstractForm.php,ac9ef480e7cf3b5388ef673321881e264f5a330fa03acaca67e5fef0f8ddcd21,7248
Block/Adminhtml/Order/Create/Form/Account.php,17d685e3c5d74cb16ffed9299c8b37fa3c2da023ca18a726173270ecf70bde7f,5592
Block/Adminhtml/Order/Create/Form/Address.php,f95995e4fc780f1aad08436e2485668904d59922b682606cf6d465b7cf93b825,12723
Block/Adminhtml/Order/Create/Giftmessage.php,29e46df352a6bc25651f8ec075e0df6d3e9b163142d1b84124a9c03a84ef3699,3208
Block/Adminhtml/Order/Create/Giftmessage/Form.php,3b90db25c153d61710cd2ca0763b6dea88f617c591b3821ee219f12d2e69f5ef,9009
Block/Adminhtml/Order/Create/Header.php,163affed0eca33d9d88cebbe2a772b517a232244c2c56829dd8ebe98b64b3849,3323
Block/Adminhtml/Order/Create/Items.php,e37bb90b7f4cb242cd6406992600275dfc89e91f995a834a92fb17d8b1859505,2116
Block/Adminhtml/Order/Create/Items/Grid.php,b87a398d1961026712041752855cf70acda4edff9579195290d1aef0b6102c72,17347
Block/Adminhtml/Order/Create/Load.php,a97e91b9f94500e48c66172a5ee7239d047aea1a6cb285bdb05b5939bc1a27c9,1812
Block/Adminhtml/Order/Create/Messages.php,d257c42cb0ca64a3d4160def3e2c8caeaf769da65b36ca8b88d1187abb3a2bc7,569
Block/Adminhtml/Order/Create/Newsletter.php,d0c817d711ee0f24addafb32743b65d6d83280b513debb3ce621e36b6f4fb06f,1038
Block/Adminhtml/Order/Create/Newsletter/Form.php,41ba539a98a11617e94936857bb993ab346d063eb76b3e491643a66db37fca04,560
Block/Adminhtml/Order/Create/Search.php,fa49f4fd01738f8d40042cbeddaaac1d9f95623eb8149f0a774cebbee38f2df6,1407
Block/Adminhtml/Order/Create/Search/Grid.php,fdde5cba49751ea98a699f6ee255bb5cb56c81d0086d1f1bf5331a1bc9d7f24f,7730
Block/Adminhtml/Order/Create/Search/Grid/Renderer/Price.php,70f659e2413da8c9eb3eb5a4c406ea65c71c1d0667583d771a53993eb0f27eda,785
Block/Adminhtml/Order/Create/Search/Grid/Renderer/Product.php,f36e1202e4ce49bbb1297fe1224311949833e7a82c39affdebfa83b4dd078931,1169
Block/Adminhtml/Order/Create/Search/Grid/Renderer/Qty.php,9ddc03d3f0fa99259c9da4b5f065fa7b5d00439abb4f751e0a63c51d27c1b641,2196
Block/Adminhtml/Order/Create/Shipping/Address.php,b35b3f46a74801169af3748b7bd32db634603d2fc994897f808e19d5fdc58002,2961
Block/Adminhtml/Order/Create/Shipping/Method.php,da13befb163597ca7125f7a77eaa2c0ec0b11b17cc92b3b6338c374736310b4c,928
Block/Adminhtml/Order/Create/Shipping/Method/Form.php,7db333674d6600ae141ec28f3a7457272cc5a20c1cb368504e9fab2f9ef85688,4501
Block/Adminhtml/Order/Create/Sidebar.php,2171a1a2b3bc5905fd88fbf5348e921a652b9f0aa956f6b209a982a57476a664,1602
Block/Adminhtml/Order/Create/Sidebar/AbstractSidebar.php,62a4b9dbbd5b78ba3812394cd0dee6f979e361a38d126dab20bb9a2e79794bbb,5797
Block/Adminhtml/Order/Create/Sidebar/Cart.php,5f8d12aaeaa409e788061025d4974685c3ebf2fc67b0bea90d581254371fc69a,2606
Block/Adminhtml/Order/Create/Sidebar/Compared.php,8f4158291e47aea66f97726982c551b53642f472b1fab359d4a2c7b0625783c2,2112
Block/Adminhtml/Order/Create/Sidebar/Pcompared.php,15fd856735bc06600812a6caa78058d8fe37be91b070213de774003dc4e2066e,4590
Block/Adminhtml/Order/Create/Sidebar/Pviewed.php,1cfbb8e745cf16aa40c92bd5514bd702695449fbbcf85694e22f0825d89ebd70,4306
Block/Adminhtml/Order/Create/Sidebar/Reorder.php,686e408047eaeed6450056dcbe2e559b905d852144348c016e025fdf9aec9ace,4004
Block/Adminhtml/Order/Create/Sidebar/Viewed.php,dc31cc5db4c4101c79fc01f8254ca6ed0269f416fac15b43e8841020b968522c,1129
Block/Adminhtml/Order/Create/Sidebar/Wishlist.php,3709977fbfabbb31b5993d2a94e5c7f831768b9742f93b1015404d30074837b3,2551
Block/Adminhtml/Order/Create/Store.php,6ec25890a44735e9366d15f00c11df4681cd7d67b0a984dab14fa7d511584ef1,746
Block/Adminhtml/Order/Create/Store/Select.php,3db064b28dc5a7b84d1e20f53c7807e4910ee3348e99282cf46b3843b56448e9,543
Block/Adminhtml/Order/Create/Totals.php,72e2eda2a1a85d500864013038a2bd91593a8b2270cf3918febe2fc54b324039,5240
Block/Adminhtml/Order/Create/Totals/DefaultTotals.php,590cde47a027ba71321c95fa3ceba5f08762c7b46a0911fe289407fbd670178c,1347
Block/Adminhtml/Order/Create/Totals/Discount.php,51559a720a87ae4b40f6c8f4621eb1079ffc9563d7f18fe6345973b441dde48b,1852
Block/Adminhtml/Order/Create/Totals/Grandtotal.php,af17241a1363674022c30c89fd74ce5559ec80bd90b7a2584a476867dc47e137,2204
Block/Adminhtml/Order/Create/Totals/Shipping.php,825624ff5e34bc7d7f1511da7ab9b1ea5666e7cb34f5ddb4315c71b502b92dd1,3207
Block/Adminhtml/Order/Create/Totals/Subtotal.php,45b82c2f72783495bc294eb8fe98377c6a9eae5a2824baa565cfe50018c17ba3,2046
Block/Adminhtml/Order/Create/Totals/Table.php,4c5e990c3a8b0678919edb08f9c66ab873ef80e0700cd0d405de0e50f93ecd23,732
Block/Adminhtml/Order/Create/Totals/Tax.php,1f025b2b377d76445b1229cc57351af0c3cdbdf6ec9b1396bdced37c3883683e,522
Block/Adminhtml/Order/Creditmemo/Create.php,7f65cb328d3d23fd8ff74a03088505c0661cb4c2c28974e4931a11af76aface4,2153
Block/Adminhtml/Order/Creditmemo/Create/Adjustments.php,1fc33e9462103b1c92c90c8aaa0da67853c7ee1b97c2093313f43c163d795d2a,2997
Block/Adminhtml/Order/Creditmemo/Create/Form.php,0d4c1ad497e523c0831e5df77d9238375d15f8736c17310a2693a970603449a7,1083
Block/Adminhtml/Order/Creditmemo/Create/Items.php,0baef6b803022cbd93fe7143bf14a03e3cb31bf23ede5791700d3d7a280585c8,7173
Block/Adminhtml/Order/Creditmemo/Totals.php,e818d2c44e6ab10d0ea16c784d365e52c31daca65b08fc1ffe8fcb2a8ce9d9b8,2339
Block/Adminhtml/Order/Creditmemo/View.php,9ff56ce45e96ee18bf9c9cc49c48d05c1e0b0150d97af58d73bbd1b29b7025ff,6812
Block/Adminhtml/Order/Creditmemo/View/Comments.php,70687fe4655928fbbbc4a14ec0010e391ea4c96b6e00688e1dcd3557ac1f8eb9,1515
Block/Adminhtml/Order/Creditmemo/View/Form.php,334f9655d7fd42ba2c953eac13ac66b0805e6b7081fec2b83b42da273877d336,1375
Block/Adminhtml/Order/Creditmemo/View/Items.php,aacc82f2dbe40ba984f7a21aa5cbc5b4451e351689c17e63316cb832d5203c1f,1321
Block/Adminhtml/Order/Details.php,7f575ab71bb7ae52185bdc9f69dc77f07db42681dcb461c51e1a11ac3ce2375d,388
Block/Adminhtml/Order/Invoice/Create.php,5b33d637a1c2ca1bf9199c280a0791cea819c8b5fe362576103891a9529499b0,2137
Block/Adminhtml/Order/Invoice/Create/Form.php,d7fa1b618784943efdc782e3a61b5a97784ee4cce2defae9d39951c8911a02e7,2436
Block/Adminhtml/Order/Invoice/Create/Items.php,068deb88ddea62c5aca6cc64130801576c944953e493ecb090aa5f396e3151da,6917
Block/Adminhtml/Order/Invoice/Totals.php,35b7205246b14c1e8fcd655a22138812299cd8ee2bfe4db637330d18354aef59,1436
Block/Adminhtml/Order/Invoice/View.php,989f4b527bb4a7139427574e38866ed62fde08b5065beaca8bdc81fbf3047ed5,8808
Block/Adminhtml/Order/Invoice/View/Comments.php,d1ced108271cbb2904adb047d0ae45936d468879d5fa3724f91cb845dad71bbc,1491
Block/Adminhtml/Order/Invoice/View/Form.php,93d57336bf690303e4adb709f18fd4079c8a0ec3115a1588871857ab26c27767,1373
Block/Adminhtml/Order/Invoice/View/Items.php,6d485bcf07523b4f19ef5a24b83852a3aa2cd412dc301b9c0db9f919f56a0b7b,1324
Block/Adminhtml/Order/Payment.php,b90e89a50814f7d8e6e88f5ee376cac0c9bf7619798e0b75bb8c17252c106b26,1921
Block/Adminhtml/Order/Status.php,5d0a3ca532d082124115581cba99ed503ad30f9637318b7af2a2d48d5d009602,1279
Block/Adminhtml/Order/Status/Assign.php,b7714d20eae04ecc5c5ec859cf8469b10a773258f80fa77806244b0e7d08e8a9,870
Block/Adminhtml/Order/Status/Assign/Form.php,417c6642b399a1450692086f03a409855f1750577263c2ab57cb40fdcfb41ade,3513
Block/Adminhtml/Order/Status/Edit.php,be16f0277bae91cd229387aef8e5b86fc4fa0b7ef3cd5a35f36a31507912d08a,682
Block/Adminhtml/Order/Status/Edit/Form.php,fcbb9bdbde7709b3b34d41bd4bdc32625b7157756790c00625298240313bc26d,1019
Block/Adminhtml/Order/Status/NewStatus.php,034fc8e422ac7596dca39bd0b0a33c7937c4e996e9adf1dc5d891dc7b94cc58d,891
Block/Adminhtml/Order/Status/NewStatus/Form.php,92e9846507f1aa3a670f5f4751544e76a43b9cc55e76c99e8c5135c0ba32fce0,3917
Block/Adminhtml/Order/Totalbar.php,dd200d905c0d23c1a9109420c27b43be32e146583985accdb5bedd9e290a4196,1679
Block/Adminhtml/Order/Totals.php,c5b08d1773cb3af3f72248e0bb8d0c8bbacbce8b814c2a657182827ad564a8ef,1753
Block/Adminhtml/Order/Totals/Item.php,d49c8bb30a407e625e0ba21f3d476a0a4f3a8da06e88a1d5225da52daa52ed7e,2294
Block/Adminhtml/Order/Totals/Tax.php,2bd3bab60a98b6e1889848909f30b146a6c6ea5c33465d90f6162022ce2102b5,3255
Block/Adminhtml/Order/View.php,d44b329f141356d71e6c70d9eafe140f012c4e64a672d15b64d016da7b1c7bab,14166
Block/Adminhtml/Order/View/Form.php,9b71727cd06c1f84d444702b8518dd709e1ebdb4e24e900d7cc2914f7841d986,441
Block/Adminhtml/Order/View/Giftmessage.php,dc132b3577bd13b181a78b138a211a39ee557fe6e1efba43d738b02a699e7c7d,7267
Block/Adminhtml/Order/View/History.php,8d14a9fdfcc64314ff8a57670667b52fcf3ca2a2f347e8c49ce17076f1563957,3727
Block/Adminhtml/Order/View/Info.php,92b1fef1b0108d268f46fcdf7245c796c1cfa63756d84b20ab68cbfc3a344339,8920
Block/Adminhtml/Order/View/Items.php,d0bc734dfa87214fe13f5264864e5f10ad19e7f0d65fb2ad05c7089352044d77,1203
Block/Adminhtml/Order/View/Items/Renderer/DefaultRenderer.php,b75360c14106ae4963b69c67375a7f8deea460acd2ce5258c100b435454418f1,8356
Block/Adminhtml/Order/View/Messages.php,bdfb72c5720f5f512056ebb0e6af836b4ebac2123685ae90062c146de55e31e7,2288
Block/Adminhtml/Order/View/Tab/Creditmemos.php,6b43c88e128a87a2458f8cfd3447721bb65d2f10f1a0704e0015500d5378e358,859
Block/Adminhtml/Order/View/Tab/History.php,e0bf097963dc90f8fbb1e9bad2a53ec84446a4e35173243beeb080f70fb18f48,8985
Block/Adminhtml/Order/View/Tab/Info.php,ccf669b21818ffae2e9953b142a289edec71141b7ada58095b4a39340ee2d4f4,2751
Block/Adminhtml/Order/View/Tab/Invoices.php,7758aa7dd0db9214fbc6e3145358100a0dd668f4c45d2bc9945061c5cb67c444,844
Block/Adminhtml/Order/View/Tab/Shipments.php,56f80d47ea1abe4af8c641a1b95b6cb609e97832bd66c4c4f8ccf2d7ab8496f6,1669
Block/Adminhtml/Order/View/Tab/Transactions.php,039af01dcf216332489b94d9eaaf5816be60bf198915726b1e0fdb7f0e362cfd,2021
Block/Adminhtml/Order/View/Tabs.php,b79a5722f2375440808000e8c5b18eef399899974fe31efc7c8908500737ba5d,2036
Block/Adminhtml/Reorder/Renderer/Action.php,f9c5d41a1221dd72e873fdd9534e32b9cda82c62bb2f30d6f938027ecff9797d,2846
Block/Adminhtml/Report/Filter/Form.php,a3c3cce7468efb8c40bacb49f75674148d73dfad741d36f3caa40eaaed0421e8,3761
Block/Adminhtml/Report/Filter/Form/Coupon.php,7887c20ed7db99a3c699059be9a1ee55c32ffd1201ec1899fe2f96c3b57c2f68,4490
Block/Adminhtml/Report/Filter/Form/Order.php,7d5249216413f30897fc45fe638e86e1926796c7588a11625fcb055eb3456e14,1307
Block/Adminhtml/Rss/Order/Grid/Link.php,c1eb152980e138dbec6abe773fc7a03db2e66ba3ee71ab536f1b14a94ac45ca8,1587
Block/Adminhtml/Shipment.php,3093481511467a7e99081833f4528ca6b5d6d69de2d42e11430b74c4cd67bc91,661
Block/Adminhtml/System/Config/Form/Fieldset/Order/Statuses.php,0aa14027da76069ce8c761826cc480deb78e68a50c5920e77bd85f6c1b3cd956,4207
Block/Adminhtml/Totals.php,221a27b601612dc1443183a5e928b34e503a41edd1578a74288da5de96c039e5,3562
Block/Adminhtml/Transactions.php,afb25ce86b009edbef53bae971cb00aa6c5ef0b2d1d1fb007b1962bf72ab2361,674
Block/Adminhtml/Transactions/Detail.php,0aad56f7fb6583bff7f06705546e28a4d7fc36f1810833c603087973006b0f9b,4446
Block/Adminhtml/Transactions/Detail/Grid.php,d3f70805620a0c204fe8815d78273df4c120451f59c770d45df5a356f172b9da,3412
Block/Guest/Link.php,82119f37222c2b9375b9acf279d2b4ecfb456ab45c9b12e4862dbfacdbacf29b,1275
Block/Items/AbstractItems.php,41fa9ea1818303321225ac43a4bda265e0845a9b2aebc80637256574b1df1688,2829
Block/Order/Comments.php,9c07086af1a21dc41642a9fb36714cf44f071fa9e991faaaaf8d9284fa6f2a9e,4171
Block/Order/Creditmemo.php,4749876ab41d5f8c6600a99356b564865a63e7d9ebe99c3e0ca5f97c33d87896,3805
Block/Order/Creditmemo/Items.php,88525fdf2a6fb7ddf728bf7fea27378aca692e3f2d3010db180779e6ffa590cb,2424
Block/Order/Creditmemo/Totals.php,29260865af3be6559fd55c3cdfb4b985b5d50bd921346666481702c7c5e0f11b,3960
Block/Order/Email/Creditmemo/Items.php,5487675547f225bac79f985c97b42d739abc49993cfa194590751d8c59e81ee5,720
Block/Order/Email/Invoice/Items.php,58bec54df6f2a3fc599186f2a363fec07cb27a136d156a428a9945ab7a7e3a8b,748
Block/Order/Email/Items.php,2ccad0a7acfea76700a22f0a7f1ddb71d969cfba3081e9487b1c0be0e6f60757,329
Block/Order/Email/Items/DefaultItems.php,9f85536e1ebc542be3c8b15e3818eb40ec3abe8804e53ca02754ce819f14a5a5,2794
Block/Order/Email/Items/Order/DefaultOrder.php,35b0f65e052973c087360169f2dd7f1da78ac4731560c17ec7fe168865e18813,2611
Block/Order/Email/Shipment/Items.php,4235481287344ac25fb9c13e2ee0eb150d669429c656034965292bc479a068bb,751
Block/Order/History.php,132520b2623c6f00c7a0b803bcff617174cfcbad8d71ab18ff318afc1e753817,4435
Block/Order/History/Container.php,b8a97e85644aec10199819d95ea42ee62e64b9ffbd7af9e362ec65d1b88826aa,1419
Block/Order/Info.php,e9e7fc6ba7e82c4708fd1124076db53fbe107bb27df9e3c2f119bcb227393b55,2566
Block/Order/Info/Buttons.php,3dbf2d50c789172b6ba90f07c5c2ea0d493a89fe58d150f68e46d535acd36101,2341
Block/Order/Info/Buttons/Rss.php,c95f2903edd4beb53164863ee45f2c7616116265bf3dd2b46ec0aa9c95e84ee2,2574
Block/Order/Invoice.php,af85f04522837ac46124e27ce8ac88f6fcdcc0cb76db7a6388241bbcad87054a,3714
Block/Order/Invoice/Items.php,5b9ee14f89d6b8b0d3e640ab1bb0497f6094ed00fbd8089165e964ce780fa7f0,2439
Block/Order/Invoice/Totals.php,404ca9dadba4bb6abf20ed2b9bd4c008caf8b62260e551881b28deefdc3cd96c,1920
Block/Order/Item/Renderer/DefaultRenderer.php,baa1079d6dbd647789f331f399f24209a43c9b9f77a0c7300c3456e13be44c7a,8023
Block/Order/Items.php,ca0589de0e239ab9ba839e4525add0deb079e133969430c6eccf81201d3bfde5,4010
Block/Order/Link.php,3ed9a99aacad5964e0a2f8f6e95761d4be9fe72f3cdc07fa270f87a856f91246,1730
Block/Order/PrintOrder/Creditmemo.php,c44eb473fecfc9fc55747ab42724a2ecc7f9b29218f2424c894814ce49cf12a0,3557
Block/Order/PrintOrder/Invoice.php,177a7175adc4681f18d612b01d61573c61538aa7bd2887cdf8fd329f592e1b88,3513
Block/Order/PrintOrder/Shipment.php,8f662da9e6e7374f3c5e8a2c8d3a80ac0d47aea36ad1a1b071047d457948674c,5709
Block/Order/PrintShipment.php,b792a78eb7dbe13c501859a2c5e53e2d8ecc8dea2e9c2ca17bd5c9ea9e7a58c1,3050
Block/Order/Recent.php,9d415d6727b1621af9550a57ef6de84c642e3dcc48055815e6d06d77c1dc8470,2930
Block/Order/Totals.php,08db69628ba24b46b7641d739862a7348d3d07f59d4fb42804b5ce472f67c6d0,9367
Block/Order/View.php,40d0c7c903d98e0ae606e3425f30c349975b31677df5105bca39faee5aaf1e82,3438
Block/Reorder/Sidebar.php,89991d715d6ddade425ddc824872d76c67d8e85a9ad46e9faa475d8dfb6f8ebe,1442
Block/Status/Grid/Column/State.php,a3d6fb61c72c37392252e45a576f354c63dc12717e48bf3882f6eefac2036147,1487
Block/Status/Grid/Column/Unassign.php,5f30791b150f0043cbb59a4ff7ba4f747eb1e8303fb7ccd9d0433bd19afd514f,1129
Block/Widget/Guest/Form.php,5fce83e6cd55053239cf686876ec74be9a837432ee80cfc2fece698bd4f7a273,2432
Controller/AbstractController/Creditmemo.php,f93a8b0da731dada9d77dc63d92189c4362700b0cc4a687bd9b5d698d5b14808,262
Controller/AbstractController/Invoice.php,52c8d1122ac3664fd4184185b012f7273274ae82c551cbd315fd6c98a5790cf2,259
Controller/AbstractController/OrderLoader.php,d68f28997a074c69ebb541c435b9bbf373ada9fe0621799621771df2bf22e69e,2827
Controller/AbstractController/OrderLoaderInterface.php,615f92346a7e6b9fc496a525edf005d171ba4040da43eb3c2f96802de1b8b347,454
Controller/AbstractController/OrderViewAuthorization.php,b79334ec6a3d375bd307054cf36b3bc7577e52b190b7d0c26d41d7e43fe99ac0,1344
Controller/AbstractController/OrderViewAuthorizationInterface.php,8c1d765f8584daf1619a69af48d5687af84f13ec13b1c104a57e33acb1712b3f,419
Controller/AbstractController/PrintAction.php,ae9b6714047c0a2419eed55d3313cb7f611dbe1d5ccdbc0a7d61d0515fdf9481,1498
Controller/AbstractController/PrintCreditmemo.php,563136ead6b9df733d24c0129fa1f61d1468deab90707c828eb89e2d05675cd0,3119
Controller/AbstractController/PrintInvoice.php,efbb3274420840a2538b593d7067698e7d1d8204b0c5ea9c046e61a27006ff52,2799
Controller/AbstractController/PrintShipment.php,7411da5b544afb72c4cbee56e3d94bc446b109b7c2c68547ef77825d9a109015,2800
Controller/AbstractController/Reorder.php,e91e2c24d054ee03a274be6ab2b58cc1aa934b9abec0d65b9bfa24d0a0b8cf84,2471
Controller/AbstractController/Shipment.php,246b9b8b7ffb57097f942b299192b0cfa6c7b4e8ff63178a3079dde42f3fa8a8,260
Controller/AbstractController/View.php,c31f514900e159583d6d09e4154e1dfe25c274ab4805f2864190d8eb2328446e,1711
Controller/Adminhtml/Creditmemo/AbstractCreditmemo/Email.php,9b396012a828ca9320a6b4f933e500c05826f39318841bf2580606233966a711,1183
Controller/Adminhtml/Creditmemo/AbstractCreditmemo/Grid.php,094fa7476c94979cfe4f4f26d07785309991647f3f8a3b66fb0856f65c175795,1178
Controller/Adminhtml/Creditmemo/AbstractCreditmemo/Index.php,c343c8c044b93d53b1941efbec75969105e3341486bf3fdda31bba8f9089f945,1684
Controller/Adminhtml/Creditmemo/AbstractCreditmemo/Pdfcreditmemos.php,5838e18282020ed7f45aad932c72c4fc561540e34a6e3937480e2d958036d0fb,2416
Controller/Adminhtml/Creditmemo/AbstractCreditmemo/PrintAction.php,154f8b178a2cade9bfb9c7cae4408180d52e9de7fda975125917d73c9c54e1f7,2864
Controller/Adminhtml/Creditmemo/AbstractCreditmemo/View.php,0e018559b3f152b36947d27ea340c4e5656b87fc04a1f19fa2286c4f64020a72,1539
Controller/Adminhtml/Creditmemo/Email.php,dde1ceac7cb4369b45b42fcc825884bbfe4f0c5d692280f78e053f017ecb477e,269
Controller/Adminhtml/Creditmemo/Grid.php,f6559a9b74dc6a0310b56baa5650def6a44ae66b18da0ad66ab0a72044a50f58,267
Controller/Adminhtml/Creditmemo/Index.php,1d1379c325ebcc587ac0648c74022d69933000ef3d07e848bdfb3be37116dc30,441
Controller/Adminhtml/Creditmemo/Pdfcreditmemos.php,d97c635e7bc172312969b6b6f409b0901733b002ecc3211e50073f93347a7a8a,287
Controller/Adminhtml/Creditmemo/PrintAction.php,8c31b55328fb9206bc71f74aef5b15c3250babea5501780e39e7481a65e250c2,281
Controller/Adminhtml/Creditmemo/View.php,ab2caa0543ffbed7ed416b6042e62e9f85c03efe52badb77d7d7bddc20b1a0a6,267
Controller/Adminhtml/Invoice/AbstractInvoice/Email.php,b9ebf4963d03f137ecff3503f09ae8e1e2bea2ee6a9d31cfd3fe3af91e5f6854,2050
Controller/Adminhtml/Invoice/AbstractInvoice/Grid.php,afeeb1c8526fe32723c7e14572b479d91f525f4d1b1fef9f5f5a7cc0f56ba22a,1137
Controller/Adminhtml/Invoice/AbstractInvoice/Index.php,29a77ef4afd6d1ec95ebdfa919b8e0647469552e7d7046951c66e4a41ba1d7f7,1725
Controller/Adminhtml/Invoice/AbstractInvoice/Pdfinvoices.php,472575a958222341f98bb15e6928917335f9d697483c03ce3a501a7b12aa9104,2373
Controller/Adminhtml/Invoice/AbstractInvoice/PrintAction.php,2ec45c101ad7b6928b35feaecad0305ea8c5db37361d23ab7982b3404a8ad0d2,2296
Controller/Adminhtml/Invoice/AbstractInvoice/View.php,f7abbddd4d683c127b5b2aa7f6ea07954bd2420ad805171f8f448a75f639112f,2764
Controller/Adminhtml/Invoice/Email.php,dfb8dfbcea2db7a4a44e182d6e91969a580372334e389af6d0d69b5ff49daede,263
Controller/Adminhtml/Invoice/Grid.php,ffc94bad12164ebb849b81cbf78a9574bedcf8317548be1b91ce1c9074f8f45e,261
Controller/Adminhtml/Invoice/Index.php,2b338b452aafeff6fc5366473b8fc372097ef7d2bb39725e73ea3896ee285e58,263
Controller/Adminhtml/Invoice/Pdfinvoices.php,beb3cb3a5ab2174a326208c2295992059b665554de357eef7622c68102216665,275
Controller/Adminhtml/Invoice/PrintAction.php,99e4e8a5ffbbc17180463ab8ed6e0eca18694631fded5459da0b83e8ad967510,275
Controller/Adminhtml/Invoice/View.php,0948380443d8eef43b2f38ff1677dbe04cde2e87b03524d2d02b5029b454e4b6,261
Controller/Adminhtml/Order.php,70dbb8dd98f5eab3a16b4ef37276edf338c1be7591ab1e1066c384ecdcb8ab0e,5737
Controller/Adminhtml/Order/AbstractMassAction.php,bfd41bb89b0f2a292340d84560e6e142470c7b5d99b82e34d8baff48b2f4a8d5,2491
Controller/Adminhtml/Order/AddComment.php,e3b7b9e5baa7ef908c3e846f5ea071e418ac3fbfbeefcb14da57e2d7136eb066,2511
Controller/Adminhtml/Order/Address.php,a0f3a0852c96dd285ca75f16bf4313cd5262e9f0c5baf4eadd2ba239f7ac9401,1414
Controller/Adminhtml/Order/AddressSave.php,e973e21837c3ab1d9fc55e391d5c504da1fb40c5850f963c41635b51e214f1fb,4999
Controller/Adminhtml/Order/Cancel.php,564dd5c7c7100aae2e4a2d33778930765d6f9e4b97a7a0ef010e45ce584e8063,1555
Controller/Adminhtml/Order/CommentsHistory.php,cb0d58227107e8e008b848598098626597c07e15f26500b30bd808c7188532ae,3289
Controller/Adminhtml/Order/Create.php,ab5fad8c1e2d6301bb0ec891fce0433327b8050d08a9457c81dbbc1d893d4878,12847
Controller/Adminhtml/Order/Create/AddConfigured.php,1d42aa62fd82d326c86e41cddeaf415338337ceac09c30569800c53fdd714d4b,1360
Controller/Adminhtml/Order/Create/Cancel.php,bce6df9a4d7d91ed3224dfee6cb56d4a7354707cf0d13f537e1d5c3c57f3ecaf,902
Controller/Adminhtml/Order/Create/ConfigureProductToAdd.php,b6b935317c37875b4237e502550b19a5c9da6179fc0d1bb60527ac42be85d72a,1211
Controller/Adminhtml/Order/Create/ConfigureQuoteItems.php,cc875f063115460414a5b392d29f3f67e8108d91dd88ca9704c11be80348d3ae,2190
Controller/Adminhtml/Order/Create/Index.php,64b49608e5ab87b654c9ff361873f79927458eb7a16c2043bb80d6dae277a4d6,748
Controller/Adminhtml/Order/Create/LoadBlock.php,6590da521a620058369a4ef83364111efcbb2ec425ea4cb6b2e347e41a33c1d3,3114
Controller/Adminhtml/Order/Create/ProcessData.php,d1d8e3a24355473f2e878b317f474f084beef891bcd5d1bcda506e427c1e83a5,554
Controller/Adminhtml/Order/Create/Reorder.php,76700337a0d38df6198d6e4b6127cef4a21cf0ac628701599b79fb52bd75b1da,1321
Controller/Adminhtml/Order/Create/Save.php,be1c852b938bb7eb664135407dd4829c9a0e95460f7ec10b712ec1048889838e,3450
Controller/Adminhtml/Order/Create/ShowUpdateResult.php,10588e807e864703a937cc22a01a50ca0445d0b7e906bb0645ea8c8e71ce01f2,2020
Controller/Adminhtml/Order/Create/Start.php,95990492163e3c29f9092c5e43b4b3c14e2e151bb659e69267400d71bc5e8783,747
Controller/Adminhtml/Order/Creditmemo/AddComment.php,72001185da12a23d53db456aba40708c05accc46e8ce590ec9c7fa32cba5dbed,4403
Controller/Adminhtml/Order/Creditmemo/Cancel.php,f9578eafc53fd745a07fefc2dac23ec6ae71897c048fe5de5407d1a9929ca810,2237
Controller/Adminhtml/Order/Creditmemo/Email.php,2ab608571ad830f9b65212c9b977b5dfa0c415a785becbb6c27398d272eb2858,275
Controller/Adminhtml/Order/Creditmemo/Grid.php,a3be4a232e8bf0ab06d2f9e1e4cc0972087c8590f5b24f4814d0e65434809645,273
Controller/Adminhtml/Order/Creditmemo/Index.php,1614afe8aec6b1688e4e42cba3b5cf273ec7285acb752e151df478f101abb6e4,275
Controller/Adminhtml/Order/Creditmemo/NewAction.php,3dbb886eb63891591a5d87d59b877b0814cd22bdb1409e5d1d34d3b951c38627,3184
Controller/Adminhtml/Order/Creditmemo/Pdfcreditmemos.php,42ab4d4aeebab81cee334bb8453b5956af6e05e002939b4c665c788603acf7f1,293
Controller/Adminhtml/Order/Creditmemo/PrintAction.php,4acda4faf7d298012bba07a3c6e310f8c959155de322809002acb45fcb72f3cc,2246
Controller/Adminhtml/Order/Creditmemo/Save.php,debc3aaa3dbb7109a5e5d2cd4e69223e8435f1e9ec8b6ab90f33d0a2bdca1108,5319
Controller/Adminhtml/Order/Creditmemo/Start.php,110c55d8b51fdd98f5d6546df6d7998c886a3e6f446c2c140db6f863b7d4e19f,798
Controller/Adminhtml/Order/Creditmemo/UpdateQty.php,dbc35458fd0876893877795d517187f95fd3631da5f83f235614371642f6cfa5,3333
Controller/Adminhtml/Order/Creditmemo/View.php,802e5aa9d4f191e5adf3cf2fe91ce3b3c51cdf3db1e402553b30c1431a0bccb1,3086
Controller/Adminhtml/Order/Creditmemo/Void.php,e831df008473cb9b7284bb1ae4a34f39e2db0330d3529bb106473f44d8796eb2,3164
Controller/Adminhtml/Order/CreditmemoLoader.php,5496953a1b1d5b091cff53604ef7428c9d8ee6e1d7898fd3ae90f68748fd34fe,7633
Controller/Adminhtml/Order/Creditmemos.php,7b617ba51f85a345adf8b23a747f330402d6d812a7013330737fffef60d45cad,687
Controller/Adminhtml/Order/Edit/AddConfigured.php,57ffa66a8250fb928d778c9551b9f568bb96429fbd88f6c842432e5c02445126,429
Controller/Adminhtml/Order/Edit/Cancel.php,1a44e7e9d254acfc036f0db71f5fa628bd7f939151a7581e8fd48c6af24413be,415
Controller/Adminhtml/Order/Edit/ConfigureProductToAdd.php,a61725c132bc5ede4a466cd3da88b7c07ada606cdaa607a5eb75800e865d944b,445
Controller/Adminhtml/Order/Edit/ConfigureQuoteItems.php,4a54f5551302680a48a1161f82935cd17a82a50d27146839c317746da9de7f9a,441
Controller/Adminhtml/Order/Edit/Index.php,045cc97779937fe125b74449aeca9a16924257f2693af28ea8e40aa0e4dd8c38,947
Controller/Adminhtml/Order/Edit/LoadBlock.php,f5e32b95e7a5c1a6e041e4d92d8bb6632035e64ddaa868392a7b7cf35a91f0e7,421
Controller/Adminhtml/Order/Edit/ProcessData.php,960a54ad239c4304b8e95d4f132c762d27d8db4be2823e3cd7731f8708a371e2,425
Controller/Adminhtml/Order/Edit/Reorder.php,938c2069a5e18030cda8eddb684943d7523d8d22eaa2b797795a896c44d4bc42,417
Controller/Adminhtml/Order/Edit/Save.php,3c174289961c6f51903fcaa0ce977003f5b92edd6de42d51934b81f5e41be995,411
Controller/Adminhtml/Order/Edit/ShowUpdateResult.php,353e404883e8032264e421cd0c6d9e162eb69330cb3857c5139e7b2f34be476e,435
Controller/Adminhtml/Order/Edit/Start.php,569857e2a6d4f54b2ea6455590ecd71d685374fb816118f073f993c103abc49e,1705
Controller/Adminhtml/Order/Email.php,f2692e1a23a2d24ccf839c2a8826c662cc39e6f195e0ef5179bf2c89fc4023df,1396
Controller/Adminhtml/Order/Grid.php,aa656b56a8989144c2a27b750c0d03a4cc191ae6f4f36b118f809d6c9d5407eb,461
Controller/Adminhtml/Order/Hold.php,d11b125e42c8ca7be1e2866767ad0bc14f2ba8d84b94bafc1387337aba81186a,1524
Controller/Adminhtml/Order/Index.php,a7e62aaec24ff8e77a128fa37944d7b9429b654deac88495b9cce3e5ae21f505,514
Controller/Adminhtml/Order/Invoice/AddComment.php,d8c2c9be4f79022e9c8d2b72a098cf9a2e6fb515177e3b5776a5b2810bf0f8b9,4150
Controller/Adminhtml/Order/Invoice/Cancel.php,3beeb3686c857ef6be2528ce5b40749758ffd8c44f6031b74bd9e8ed2c9aee3a,1636
Controller/Adminhtml/Order/Invoice/Capture.php,e253195fd751286f86a405de4d33afc7ffa1e2b35af20de86797e685a6ba9501,1817
Controller/Adminhtml/Order/Invoice/Email.php,ba47cef984f1c97139950dfd164fd7a4e24e291244181cf4d3a59b46a478059e,269
Controller/Adminhtml/Order/Invoice/Grid.php,c6cf69131f98de41222c9decf644813765de4bf311413d1573b90f14365650d9,267
Controller/Adminhtml/Order/Invoice/Index.php,1ed1289fe4b49d2600f723afdc1fc6d0b6219d0f0f6f37ccd2bc8bae05a9af6c,269
Controller/Adminhtml/Order/Invoice/NewAction.php,4bc09bb43fdd49ea51e4389d68d479dfd89b87871880a67596134a736d62b917,4074
Controller/Adminhtml/Order/Invoice/Pdfinvoices.php,fb7a320b3e274dbb19fc2a3ae0571752c7f8ed40daef4f91187a7083a56a8dc4,281
Controller/Adminhtml/Order/Invoice/PrintAction.php,cb80c1dbe9efc112d527b5ef71c50a2112d36da52987afa3eaec3c4cdfc621fc,282
Controller/Adminhtml/Order/Invoice/Save.php,8e885ee0ed790a6d7a06e15a88390306241444e01a77979bc8c571e585e090fd,8446
Controller/Adminhtml/Order/Invoice/Start.php,f5517f3d982c154db55f54c051002df0a164271aea768c8101491d7ed788e92e,842
Controller/Adminhtml/Order/Invoice/UpdateQty.php,78e53ceb0095b7e11bf935bfc9d3f7b75e4624d5eaed5b03f7b5941c867de9d1,4577
Controller/Adminhtml/Order/Invoice/View.php,b08fe0196aae72f5c011b6e11201df34a5af57fee83e388ff7fcb9ca5d5fc83e,2034
Controller/Adminhtml/Order/Invoice/Void.php,980c3a2d068ddbf51277ae8f4f0dd0c488404218c7eb748d36c3fdd1afc077b2,1866
Controller/Adminhtml/Order/Invoices.php,1b530187006b7572323c7e0af572a0f25e281ce24284fe92f014af1c8106c901,523
Controller/Adminhtml/Order/MassCancel.php,4b6a18f02d371c800a3ff660b365734dc4f2010fdff239c38ae57f9f8f8aefac,2164
Controller/Adminhtml/Order/MassHold.php,9d6cf74a7771b3b108f3e7bb12a97764fedc51331c035191cc02762e61900f20,2497
Controller/Adminhtml/Order/MassUnhold.php,6ab8b109235a6c93e02124c26cb8ddfe5add53a3258567718d2c198ca4ba3c8b,2342
Controller/Adminhtml/Order/PdfDocumentsMassAction.php,f3e1f01bd298a5e02b14dd000de300588919b47f25a536bba87d856bed69ed52,1698
Controller/Adminhtml/Order/Pdfcreditmemos.php,6589f600ffdfe4ea9f755c4e06a497e9512c4884821e4c1c634333ebfacf0159,3024
Controller/Adminhtml/Order/Pdfdocs.php,0afc028436d6f53b4c96e1ba4e96920da0c4bec68af2d0d05a36cf5ba70cb433,5196
Controller/Adminhtml/Order/Pdfinvoices.php,6dd81337a31b4d9b1dd5a3dd031e511e0123d40eb2a2d36bd4cff3539e1cc7d9,2947
Controller/Adminhtml/Order/Pdfshipments.php,12efb2d630ee87ba1df18c1ad1c0e4ff3dbe270985cbc54879846e67f8800cb0,3202
Controller/Adminhtml/Order/ReviewPayment.php,04d1ebe3cf56b328cd9df5857dc6242edfc87299919fdf20cabd21d88cc2b267,2719
Controller/Adminhtml/Order/Shipments.php,586a318c6e2b14ad771baae03afb2016403601fb02f377e11a60182adeb1ace5,525
Controller/Adminhtml/Order/Status.php,b84ca3257213b864b9ecc821f1bdd37c4faf206ba303c033380f5434e23c4a3a,1395
Controller/Adminhtml/Order/Status/Assign.php,83d8dd4bf50e79fb4c6143bfc01645da1dc916130d01e3a3a250ffd7ecec0af4,1386
Controller/Adminhtml/Order/Status/AssignPost.php,d41da655b4dd234a62d918454f637818d2c4ca7acc9a7a1dafe8a61e399f10e1,1859
Controller/Adminhtml/Order/Status/Edit.php,d9c4283302179acadbdc6d126b1d0c2b12bf6d80733126f846d67e6542525ca4,1859
Controller/Adminhtml/Order/Status/Index.php,def96d8c83e33b1877d21288d8dbebca6706cf307f61add97e782cd82855693a,1285
Controller/Adminhtml/Order/Status/NewAction.php,6f92fbacd0956e59ed491e01557060df837f1c7d2fda87dc671566055f9dd1be,1636
Controller/Adminhtml/Order/Status/Save.php,8fbb289c4d8b574e7eeb78a8b3362985c20fb7492444a4460a642f1b2452fc4b,2875
Controller/Adminhtml/Order/Status/Unassign.php,1c2cefa83fb1cd6c4f79a9702f310dcda2341108b6ec1b02400d7eb76d7992fa,1331
Controller/Adminhtml/Order/Transactions.php,09f43aa7444019d922553f4fda0eb1dca0dcab6f632b13868664968910bdfa19,556
Controller/Adminhtml/Order/Unhold.php,5a9f4d3e5f67f0c6c952930b1fe581066f5304bbdfc1779c9ae7d82210fe94e2,1694
Controller/Adminhtml/Order/View.php,27db36b7fa036130636ac7cfc5b2e05003af1e984fed0b5cfc7b60083c78a40b,1401
Controller/Adminhtml/Order/View/Giftmessage.php,feecb70efa0d105241fb4ebf02e248683f7785dc67261cbb65bf989e29e1ae5b,775
Controller/Adminhtml/Order/View/Giftmessage/Save.php,04a8046ff8aa047625ea9b8b048df7cd63112082ad1e86400214a356e1c032ed,1087
Controller/Adminhtml/Order/VoidPayment.php,c3530ee8bfe71e7bb08e7824a63cf1f629bef62e136a1e5fb55066819c822232,1391
Controller/Adminhtml/Shipment/AbstractShipment/Index.php,5143ab3d03cfeb04240d9793f101c931066b270293966dbfac1ca87b6188e39e,1427
Controller/Adminhtml/Shipment/AbstractShipment/Pdfshipments.php,1e9e12b41d480ad842fafb249da56a1d777d42340477d003122bfcbdfa97fd0a,2272
Controller/Adminhtml/Shipment/AbstractShipment/PrintAction.php,b696b2557019a8fd751673a06893edb3f60eff956366c59bd15ecd7becf35bd8,2412
Controller/Adminhtml/Shipment/AbstractShipment/View.php,3e44aa500106ccb895c11b0632414da64f1b855e6609508b2f62c5bf1d4316b8,1563
Controller/Adminhtml/Shipment/Index.php,e1ec30a66af4ef2b03da9961c89b9d4fb30dbf07d27a3c41dd17be02d73ae9c0,266
Controller/Adminhtml/Shipment/Pdfshipments.php,c78b0544a03c295109b2e4a475c671c2c2d73b9d7683d2246fb6706501e08bf3,280
Controller/Adminhtml/Shipment/PrintAction.php,b58b405355a7269a9a37e046f582dbd057d2e166bdb5fb1fdc99d6e60c860977,278
Controller/Adminhtml/Shipment/View.php,87a16a3d4b3884b7345688b2e33ea61160e0aed54658e8c60e7d738209e61426,264
Controller/Adminhtml/Transactions.php,3bd6143e3a1203cc2a9fa0aa4a43c18059fb4596825617881d636986e97d10d3,2786
Controller/Adminhtml/Transactions/Fetch.php,c26bccf8c462dff213edbb5a66f9fa5aeea6ed047256ebf9ae0c38752c302cd3,1671
Controller/Adminhtml/Transactions/Grid.php,e406a39f3aa9857de0c04077e8bfa6e3b37eb659c7ba494f98031e149da600c3,489
Controller/Adminhtml/Transactions/Index.php,c7e8f3448fa9ef05603f1e0c4e24602fb03ff9b724555d881aa9447978f60b25,646
Controller/Adminhtml/Transactions/View.php,dd9a3b7846c7405c3bee7c1156399fde7ea83a0c9ee968fc10dd63b32162a4be,1096
Controller/Download/DownloadCustomOption.php,c52243b4e5f84f697056ec98484bd6c4d28703eace4246432aa8b24a75ef02bf,3266
Controller/Guest/Creditmemo.php,cced8e6268a7b83439bb033a4e06cbba376d25feec9e96a6f3da3442488f99b3,227
Controller/Guest/Form.php,7f159fbe55e7ac15cbcdf77fda00062b5a2f1b8ac4a06c1cc15909e9f78062ea,1385
Controller/Guest/Invoice.php,b821cdf4e5e71066d5bf6bc8b864a20aa8d6be17ff0a46303d10696909ed719f,224
Controller/Guest/OrderLoader.php,90b9e25ba5efaa185155fd10d0be834e2767b90febf704e27f83e44f69bcfe29,788
Controller/Guest/OrderViewAuthorization.php,a89bfbf8333e772e8cf393357bbcf3ef5e903030420246c54cd3b1ca02e66f53,904
Controller/Guest/PrintAction.php,4646191d5915debdba1f40f458bc7f87740581933a8896679bb2bb63079625b2,720
Controller/Guest/PrintCreditmemo.php,d2ae940854187184252a6122414c1e131ca3f57e734c1747192052a07ee864d0,2473
Controller/Guest/PrintInvoice.php,24e1d9bfbc6d61661f6df7d158dff24de4f19c697b03326b61372d0f9c3c3a32,2077
Controller/Guest/PrintShipment.php,96d2ca2ecd278189581a6144ff59163550620c24e94b87bb6b2c101c2522733c,2078
Controller/Guest/Reorder.php,903eb2cd4a5699966c9ec6416a0a0baa5606eb7424fd73bf514c0c1e8d944056,719
Controller/Guest/Shipment.php,ce2fb09184bcadf1dee5d4ee45af37279dc23753447f0f4911b00e810ffccc66,225
Controller/Guest/View.php,64ac40b4e73c67401a8994dc963fd5a276a4a389006eb7cd1ee0ca1c51209058,1557
Controller/Order/Creditmemo.php,9628d7f244286723d2269c7bc6e343ac53a573d8de476f5c905bb5999d276d5f,318
Controller/Order/History.php,551b0d54940e430932aa829ee0a728a7c9fb535c66340c0cf73e0005f6d03509,1313
Controller/Order/Invoice.php,fd56e932105d85daf011f74f83cdfe2622689baeb2fec308b185d38da020982a,312
Controller/Order/Plugin/Authentication.php,6197bd178a6be8997ac8bd8f92fd75c287b3e8c7c1c321684fc877789837a892,1358
Controller/Order/PrintAction.php,968213f515860a7a98fbaa816f87526ec95208f7467e23fbd8a29e2b00905a6a,320
Controller/Order/PrintCreditmemo.php,2dc8f929b89858571cdce263c5d0e81f2d9c98a92424be6ad4f100604d15e48b,328
Controller/Order/PrintInvoice.php,bee003eba0c15d76c5a4494a8aad0acb52e9c50d37f5b477dbfe4c744a541b23,322
Controller/Order/PrintShipment.php,f56bc2c2228bcbdaef395b4c4f4c946f93b42053a700e496d1be7a56991e0e4a,324
Controller/Order/Reorder.php,16807b9743f5253f29c6ba78e78b0cad5e9a825379fd289f28ed65460257d473,312
Controller/Order/Shipment.php,10442e7e61a25606966ab8423a85cff78720fa8ad8232709c7e5f6b54fe62009,314
Controller/Order/View.php,90dd384ea5fd59366b37713dcfd8e6e2010be060875dd60e45f10df32926064b,306
Controller/OrderInterface.php,d9676587a2233655431bc491699f4c90b213aee66ab10689d3f582a3500c7127,252
Cron/CleanExpiredQuotes.php,618ac5843aa626aba56c029ebdd0409317cf2d920bcbb8f8fa7ccafabc49f932,2379
Cron/GridAsyncInsert.php,981330541dca7a9f21ae7735b44ee109ffd9e8a4559abd2807e938250fee2e7c,1091
Cron/SendEmails.php,e5bc33482764d3b51ec14d337c116c6b93076a546717bd325a6b5c1e15bf235a,1192
CustomerData/LastOrderedItems.php,b420ce66270136f9875a792a988f512ba20af02f62132c69b3d3197af34102a4,5024
Exception/CouldNotInvoiceException.php,2334ae8ee3962d0ca2d3454e70cf7be1566c5d45778e719eb06e9a8cb9654b36,421
Exception/CouldNotRefundException.php,c792ae5072534f3607a262631d6ae6f8b22343adaa5ec40a5eb326057ccfbaad,416
Exception/CouldNotShipException.php,8b840ac4f449c873a3c7aa923e3658ac09b20b791bff81d65c15a316dd4d54c0,408
Exception/DocumentValidationException.php,177c80d41b48396058b165eea06d3f517858bfe215ee0155e5b030d67447cf9a,433
Helper/Admin.php,ea104dca130d628118c43c55f53295cb76a85c42cdb0151424fac4aec22df28f,6300
Helper/Data.php,868f3b1d99d8f9fe5438865aabc4724a036c95019097c93e151451e3012d4f76,4239
Helper/Guest.php,92da3d2f3b02796b0de71d67f1cf50f21106d7bd08dec43ae4d712a8b5fa9395,10882
Helper/Reorder.php,798d329b4562482f5c2409c7514675145baf11bffd61d37b41bf418d1040b4b5,2129
LICENSE.txt,4c8537fd5431aafcb0ab22c49cba68febb59dd3595210f6c6c3b9212de0a7b49,10364
LICENSE_AFL.txt,49d9aa4c0615ff95305681c358fa1575f54ed3a512b016f61c71d6784860dd8d,10376
Model/AbstractModel.php,675baaf50d2c0bbd618aa1ff68b7d8a8c23c163d42972018748c3091b69404d1,1740
Model/AbstractNotifier.php,bd6e4536f854c4185caf75caadc07a9a60dc59154936314cee8ee06ccae0004f,1894
Model/AdminOrder/Create.php,73b9ad042cd8ac0710c5633efa8c5352ee0266de6625fc9abfa38f03c972342d,67924
Model/AdminOrder/EmailSender.php,fa13f00a9e19696ef34bb25ad435bde14d3c677cbd25c4636981bc12eacfb603,1544
Model/AdminOrder/Product/Quote/Initializer.php,337b630901bf13627fa130d12f8b035ec078566b6ee41794812fb1169b11cbfd,1605
Model/Config.php,d89cad759b2cedec6f55b393f3e4dcdc4df63dcf2ea6c6bdbfebfa3fbca3fe59,1767
Model/Config/Backend/Email/AsyncSending.php,6bbc110f5bf42d5ea655877072c12670510700328823da6cb710bec98f20cda0,1013
Model/Config/Backend/Grid/AsyncIndexing.php,9f959ae3b62359dcfab61ab645976961186ab55b6bd06080ed8daa7c5b4fc88b,973
Model/Config/Converter.php,fc337b34aa6dc21ee09e93ae99f3a92659ff4990e3f32f10deb1caec1dbabf03,3677
Model/Config/Data.php,7bb3d2927b5f9253da8b29ea7a1cd0ed61eaf58540ab9a5f3279b65e82b08367,679
Model/Config/Ordered.php,1abbcb162844f2e2cf2d49cc3560ed4cd20f8e386d600222c17cfbea8183d0de,5198
Model/Config/Reader.php,43c4fa792516dc87411f126cba9ef756d3989f8175e31c82e7eeee6c0ddb142b,1890
Model/Config/SchemaLocator.php,ebad1e2de09a413fdb202fed7e7b81070ec83d2521e28f583cf16627b542f0f0,1244
Model/Config/Source/Order/Status.php,5e103dee7a6b2d58ba9bcfb9e60aed8f2d7067e0a52b8b5c3fb61290046e1b59,1502
Model/Config/Source/Order/Status/NewStatus.php,d6d97f49af4ae29c435eab6ea77db3a34e1fc04757139f204c621ead2410a523,395
Model/Config/Source/Order/Status/Newprocessing.php,688d19e106c11f49a0a1154198c1af6dcf48d5f6a3657ec5de53b088a30dc52a,472
Model/Config/Source/Order/Status/Processing.php,be2f173d3d9b0843862783832e4688272e7b1b70ade7679f335b4f4f39af1edc,403
Model/ConfigInterface.php,83b59f24571538ae62c6bd2cf26996019d3103645754fee98906271cd51f7ae3,757
Model/Convert/Order.php,57a8393c21ea5d61e927942aa78fa4936ed360c1bd21b46dd837ac434a8b8250,7227
Model/CronJob/AggregateSalesReportBestsellersData.php,825d5ace1ca4b0e872403c815ba7e92dc21b7163c5cbff23e392e34434e46e37,1603
Model/CronJob/AggregateSalesReportInvoicedData.php,cf21d9581231873b26d119d481cd083a9ccd7ef4600e8a81109672216cc8985f,1650
Model/CronJob/AggregateSalesReportOrderData.php,c1a9d20088613da73ecf63b6a3d2faf209a862128b78fbff3f6e63bf0198406a,1614
Model/CronJob/AggregateSalesReportRefundedData.php,648fe86729cf164d7b181b8bee678b1bde92718f33ceb56a3a28f56c78ba7620,1573
Model/CronJob/CleanExpiredOrders.php,6ac4ba2f34f146d85f50fd02a308c4f235c32229fdd66f637a9cad5f5ba863fa,2075
Model/Download.php,19dfa47df9c7139fd06c2f18041a24589e72ae9458cc7b42affad5e0d761bb94,3994
Model/EmailSenderHandler.php,179a1ee0c86de8e4c049c3d6b31d29225509fef1f1f78fcfb8bf24ac5c469d29,2568
Model/EntityInterface.php,d2c0949568ed942a67c65743cf4107cc8e7f5a9200060481a6c073f3b15b06f3,291
Model/EntityStorage.php,c7b0c1719f468328941efeed36864a49e69f09905fe5eee2fdf6c786b16164b0,3190
Model/Grid/Child/CollectionUpdater.php,b1c9911e2f1f2772de6edb1ade00052ce736da7192c2f2e450db5e1014a6ac3b,1001
Model/Grid/CollectionUpdater.php,fa6a8c9a47adf1fe63598ed566a0844561e755da4511cca365d38367e9aad23c,1090
Model/GridAsyncInsert.php,8dbc50070d36a953baef92bf784e2f469d08b0cfe7d8c685a5294cc1294ab96b,1616
Model/Increment.php,dd78810d7f94753b67f4ad43daad48f7c22130e5ae238804e4f591117358cf1e,1141
Model/InvoiceOrder.php,09db73a41474cc12118451120a2c022a32322d039a150d4b428ff3ff933d7e9f,6876
Model/Order.php,c74acf30a2c97e875d83f92cf38bfbe1f23875fab3bfb7bfe38811c3748935d9,106971
Model/Order/Address.php,3acecd91b8d160f1b847a0ef38ad25c532c58ec71be4c80606f95f318fc8c6c4,16719
Model/Order/Address/Renderer.php,7f0ebdc8c2d530b92af3809acc848fcb5b202585a95a2517e1ca0409e5e5ddda,1530
Model/Order/Address/Validator.php,686eab08dce33318cf33d5fa24a49e23f34a06d1b17e8b09a58e81bb324a7ade,4430
Model/Order/AddressRepository.php,780df4edb02224969ff8196b20bd1fd2f020a7874ef2239a7fa715ca863b2c90,4847
Model/Order/Admin/Item.php,6e85f7899ba81fed574fb252f3b8accc37869bc96137cec3c434c7a91cd01896,892
Model/Order/Config.php,592af8bc0e77ecee4c8c43652e0d0e361de05b19defd59288c4ca845007be12c,6814
Model/Order/Creditmemo.php,e764a02e116b37a24cf8f1522f7f027e3b89ed921949bb4eb503282e166866bd,37451
Model/Order/Creditmemo/Comment.php,69f7348ed159dfb85274a268604e2876bbb6f193b8652070d1a1b5e360e36f8c,5826
Model/Order/Creditmemo/Comment/Validator.php,6015a99711f3a0d72eed40588523035f4a10b29c0ca47f965e64c76926144e5a,1057
Model/Order/Creditmemo/CommentCreation.php,174a2a383c58e3b8b18d60905a5fa4130fdbc272d95286a3dfd5790ba9c68d5d,1868
Model/Order/Creditmemo/Config.php,190969d01b6fb8c01ff76bd6e3b4d8db22d22dbc6c4dd43f0902e3231a33a13f,514
Model/Order/Creditmemo/CreationArguments.php,025bd1da36db2bb4fd2f88385185c7de2f17da03322d51aba2c6f291cc5008d4,1987
Model/Order/Creditmemo/CreditmemoValidator.php,4216ab95d7db3f0f6df8e951ff3ed9859d983a828c8e74ddba4e57528c21da2a,835
Model/Order/Creditmemo/CreditmemoValidatorInterface.php,e776cf836cb8a78238b61a16f66c9751e6db294abcbf28c48c05a170e66e1738,723
Model/Order/Creditmemo/Item.php,fc8f7b078a0c452b34ea845185f2284b46c9c1ba6f3a7615422e4d19ddfdfe13,22438
Model/Order/Creditmemo/Item/Validation/CreationQuantityValidator.php,afee14554e08ddeeffcd83db7793baca906f8136011cd8208b5d903b68586c4e,2409
Model/Order/Creditmemo/ItemCreation.php,f4ef7ebd40adbc308f5a93c699600754c6c6ed0273ed4baca48e5176032ebe98,1784
Model/Order/Creditmemo/ItemCreationValidator.php,de254ef7754cd88a66620c65009aaf094d085050d384d1bec0eba47647c31a3b,976
Model/Order/Creditmemo/ItemCreationValidatorInterface.php,ec98ce0c32133e062065fe186e0be4a874b25d1a998f59f28311af9b0d0cd704,718
Model/Order/Creditmemo/Notifier.php,cf38ce8468c4eeae39e000fdbb7d1a8523a7b80ba9f018d6ca4f97c1471e7b37,1029
Model/Order/Creditmemo/NotifierInterface.php,90bb115ef772ff5f1d8326f761ce9d3469cd55851a59044943b9dda4fed42b46,839
Model/Order/Creditmemo/RefundOperation.php,94ba3a45fa01ea45e0d9e1d94ee1ba5d54ae194ea67ebbf9d2af947532f086e9,5243
Model/Order/Creditmemo/Sender/EmailSender.php,2ed9e22ea94ded87e876267c3e1ea775ca84ba02468a53da2a8baa2ac4d5b317,5329
Model/Order/Creditmemo/SenderInterface.php,7af2e13f0e7aa3eaccc4150fa7dab61963caa62582b4d69e2492a3f009a63609,865
Model/Order/Creditmemo/Total/AbstractTotal.php,7b9806f9d74af1835043e76f1ca3f78dc1311571660138cac7d2ce52d67bf7fb,677
Model/Order/Creditmemo/Total/Cost.php,ca48af777594051d1f4da78e8556256f4b5912f0e0b52524d7125a8abc6732f2,766
Model/Order/Creditmemo/Total/Discount.php,2d0de51e644e27778601d50bf6ff4b6dbd3c4ef5888e2e06f346f06e9462ee7e,3112
Model/Order/Creditmemo/Total/Grand.php,22b5ca297f9073f5aba0bc2bff7b780ae11014103e1d712e2f862be27c81015e,1209
Model/Order/Creditmemo/Total/Shipping.php,75552cd8398ca9cbce2844840b7c858f6f7b12c3f4d779f2406eb1ab9d1def7f,6100
Model/Order/Creditmemo/Total/Subtotal.php,42bd671ef6376ee3b7d8ca0fff98eff05a75c349ad8adbbee946eaa45c0083fe,1403
Model/Order/Creditmemo/Total/Tax.php,9d72f8ac6639b37294cf19c4fdf79aefb03b28d2fd5ca7ce868eb953ecaa8821,10566
Model/Order/Creditmemo/Validation/QuantityValidator.php,1b1f210aa7444773ce095adf48ec499093a43ba78f8684869b9b12a9702647aa,8466
Model/Order/Creditmemo/Validation/TotalsValidator.php,6db5a4af416c0ed9ac9a4e6583a5aa79a52d2ceb07eccadd81f6e9606a9fea89,1370
Model/Order/CreditmemoDocumentFactory.php,c9a9e991d0653bc9f192aab5050567ea6efae4191d40ad519cd7716c85ddb443,5855
Model/Order/CreditmemoFactory.php,8a62d9b007fe1b0463b85e4a9b4ea4211902802c3a8023c984dea26603fbaa75,8774
Model/Order/CreditmemoNotifier.php,ed9de74e21210a41383d6ab569bca71c56a807d5ed006798e988ed48b911c3ac,1144
Model/Order/CreditmemoRepository.php,8f091392f3393ef5c087d0dd453a0e7a2bdcefa268946e92df31942f465922f3,4815
Model/Order/CustomerManagement.php,ae36b9248d3bedc86a22481970fc3796b52729eb003ab9d82c0c20151389da2d,4505
Model/Order/Email/Container/Container.php,5c199f46c89b64301602d18173f6c50b4bf59fdd7dfc38fe09b13489fb80c0ce,2593
Model/Order/Email/Container/CreditmemoCommentIdentity.php,9b3c6b63fa27d6a1a1cabc2f577ff83cf6135154f55e1576958c115f6c3914a9,2090
Model/Order/Email/Container/CreditmemoIdentity.php,1b601b9a409ca2a2e2acb0caa66dfffc9205d73121fd7a5043e6e04b4f8b379b,2035
Model/Order/Email/Container/IdentityInterface.php,f4e851e08129c1ceb2956616b3bf8ff220fdeab2ea9e639cd22942a614cdb8fc,1249
Model/Order/Email/Container/InvoiceCommentIdentity.php,5236663afb02544490286f802bd3bbdcd1fffe361087bcc7d726e1aebce2d8fa,2069
Model/Order/Email/Container/InvoiceIdentity.php,08042e7a4b02ee834caab0bc81ec024a176ada4d92addf9be7d091778f84448c,2014
Model/Order/Email/Container/OrderCommentIdentity.php,1abb16f5a0a812dd165c6385ccbbad70f9e41287d13d34c84427d9ed7c366085,2055
Model/Order/Email/Container/OrderIdentity.php,62a6047a08353b381ae5410eff47ed938d040c868e5cb9a4df24314dd2f413f3,2224
Model/Order/Email/Container/ShipmentCommentIdentity.php,e6bb1fb1844fe6770aee37f7fb6ba3d0b628e88e6e7164354a2900a944675f91,2076
Model/Order/Email/Container/ShipmentIdentity.php,9c6ced9ffea90795f897c537d7ebcc88505cb4850fd0ef43a45c8e23f9f319b3,2287
Model/Order/Email/Container/Template.php,83c2e4d90d41c6f15f961e5028ccdfab36f0133469deefe024194cd698f937d6,1461
Model/Order/Email/NotifySender.php,6d440d2960571d7c5159f43811cefcc94768c3112be20402a44c792fb0ba76fd,1012
Model/Order/Email/Sender.php,1fbc8a00a65708723b98e1243f879a903e9750ec93d9f5ccb924d002f7c76954,4039
Model/Order/Email/Sender/CreditmemoCommentSender.php,5ac8af4c145fc0bb99dc5629c1858d21bf35db51ccbaa06ab328bafce1339366,2672
Model/Order/Email/Sender/CreditmemoSender.php,a474007212e94559fc5095a341148f7d86ba5f7ec26a38a5539eeabfaacc4995,4858
Model/Order/Email/Sender/InvoiceCommentSender.php,a8143344accab1516419b1a4097c62ad1210018ea20fbbb785d44c3ba4b22548,2630
Model/Order/Email/Sender/InvoiceSender.php,f3106ddc4aaa8b4dc95a7786404522e2689bd27806bc650b5575175dbf94ef87,4746
Model/Order/Email/Sender/OrderCommentSender.php,fbacda5c53cb67031fa8631a5948d97ec0c326d2a060d2205c4592b94060bccd,2497
Model/Order/Email/Sender/OrderSender.php,80024bbd16a3c27e6ac5d50d23f19c4fa34b7b6b7062e2fd412072c06e96e3f2,4703
Model/Order/Email/Sender/ShipmentCommentSender.php,ffb4e88f83dc3f450ce17307f95e9bd71dd32be1e6f8acfcf9ab986819ae1472,2644
Model/Order/Email/Sender/ShipmentSender.php,ac178a49aa51d20267d68718a4060f60624c52fefd74f885f3905a102fff040e,4788
Model/Order/Email/SenderBuilder.php,ada24a12dbdfb45b8c2176bda60d8b771e0add2ab266252104e037c308683246,2869
Model/Order/Grid/Massaction/ItemsUpdater.php,ca5056af004bb5ac7aa383b5e78ecd16447fac60c40d205ad95d27d286524d6c,1223
Model/Order/Grid/Row/UrlGenerator.php,4d90af839975040d008392673c502ba991a8e38e7890f5403a09bae7b1e5be4c,1178
Model/Order/Invoice.php,697d62a66ca4d2eafc0bef391a2aea08bce5f994b87dfea96385053203003abe,41144
Model/Order/Invoice/Comment.php,4acee86a9a0b7c49eb26352cb223d9bb9d1f04f022f5ce7ec01633ecf38b6c06,5650
Model/Order/Invoice/Comment/Validator.php,adaa55ac64338b3fd58f24ddd98a342a371137f875aa4c27923ab9ad4eba5a35,1045
Model/Order/Invoice/CommentCreation.php,6234ec5f1fcb6f802acf05e9ef6574c028e70f8c02d7060a4ebb2055275eab45,2223
Model/Order/Invoice/Config.php,7059a1cc4936a92751155339bc475dd3442c20f37a99b695cee98dd104d2a8db,507
Model/Order/Invoice/CreationArguments.php,645ea032e221b6cf2cabc068b0a00f4908bb0babe7865fda30da7c83fa87c45a,853
Model/Order/Invoice/Grid/Row/UrlGenerator.php,a2a426aa2da90291875167a94d358a2bad1ccc70cbdbf5a78d6c3427ada69621,1194
Model/Order/Invoice/InvoiceValidator.php,fc3797755145d63255518dda1b28b98b422179b63ccfab4c7eb8dc7d727ec3a0,823
Model/Order/Invoice/InvoiceValidatorInterface.php,80ea2d4573695c5660333ef2aca631964989a8a009911cd17ab50c8d04e77f45,705
Model/Order/Invoice/Item.php,db933d9c45e49818ea1b8f05c72f94bbf579c4f335549b4dba24672efd92c932,18448
Model/Order/Invoice/ItemCreation.php,d9fe78559577355c22d22210393b8ae243eaa5da4bd85fe7d8dfe63f160eaf3a,1720
Model/Order/Invoice/Notifier.php,b13f79ac6eb9c8be8ee1fdee2df0bd0608575e422fbf3c02a976d5e8b4a565a5,1013
Model/Order/Invoice/NotifierInterface.php,a9a6cf47904cb6b01474cbaff9a89694390019e88a71ac67f90ab7b953c54004,827
Model/Order/Invoice/PayOperation.php,c89e5bd008d4403236b557e87000809a71db52e41646cdabd3e280281e4171e4,5417
Model/Order/Invoice/Sender/EmailSender.php,d3ae056caeb5f753bc04654578c99c0248aedb9204448e238a2d342fdda68883,5232
Model/Order/Invoice/SenderInterface.php,5b8618f1fa8d147f0070e7bd576f9d127eccf8fcd445ceb11d54f6e39a1ee31e,841
Model/Order/Invoice/Total/AbstractTotal.php,1decf549f5f7c096d5b79874f47234a2b0ac3202c5417d8dc7f624219f708721,654
Model/Order/Invoice/Total/Cost.php,3a6ca280983a9634562ffcaafc64f7bc9a973ab5b9d4472ec4e5462ef65245ea,748
Model/Order/Invoice/Total/Discount.php,c842c1a59916b47dae75fbaf82aaf42c67514971366261058e10f5b803fa04fd,3062
Model/Order/Invoice/Total/Grand.php,78a6a3b586ba5296d4dd448f8406d648a989dd103fbaea0ad7cbc0032a3750c3,545
Model/Order/Invoice/Total/Shipping.php,b3ab7dcead63648390d4c0fa140aa17012673cbeaee80bf63979851da27f5fb4,1766
Model/Order/Invoice/Total/Subtotal.php,a8a82c04eb9b41a1d19c7cb878a196e969e3dc5829b40dcb72e32d7ea5a46d83,2080
Model/Order/Invoice/Total/Tax.php,322751899cefa3ec539b06ecad1340e14134ecd8995777b69308f5888d0a841a,6431
Model/Order/Invoice/Validation/CanRefund.php,e134287eddd948d6fec923c29647fded14b38455db832b813142fc327f0b34fb,2971
Model/Order/InvoiceDocumentFactory.php,9941efed4b5f4bbb8003221e5ca85d108f5186e8e536eee5c5e70000c8c6bdc1,2164
Model/Order/InvoiceNotifier.php,ab2d7b081163f15a6a449f23768ab1a98eabaa4b923a515697237792bca3cd8f,1126
Model/Order/InvoiceNotifierInterface.php,e5105636165ad3f7e084b8346f6b310d8d49d217698171b972cc4d164034feb2,711
Model/Order/InvoiceQuantityValidator.php,2c88ef16b572e482a6544507dd9b64cd8c103c21dec8cac8f85e9f0e5e7b0555,2944
Model/Order/InvoiceRepository.php,a28b134b7557059c962f384e44e5bf5358e1116db801568a13db59ae87b02998,4101
Model/Order/InvoiceStatisticInterface.php,2a54003acd481c81ffae68ffa0ec2f534bb0a8471fce2435ab5f7bb4048db50c,541
Model/Order/Item.php,765c0664ad4a8a1dfeeaf2eb1851f876ad5562f3d8b60f33f0b8a9475a37a565,55366
Model/Order/ItemRepository.php,bb1f4e17da19403a150bde412df804e57641e73b73183052ac3ff975348bd5b8,8325
Model/Order/OrderStateResolverInterface.php,bcbbcffae6679bb233228a60fdc88cda60ae2a6cb8740b4a116396cbdf1241d6,586
Model/Order/OrderValidator.php,ac3684a85bac2b4cf19f40e1c2c5effccb52adacbbd6de89bf1ba625d68ec904,848
Model/Order/OrderValidatorInterface.php,825ab57e67b8f46f6888371444079447985396c3b69f824fbb28a628237f9f25,687
Model/Order/Payment.php,71c12a1e660b571634b46e7daaf3d44c4b8946a8d7d30342dea89adae4e0585f,69115
Model/Order/Payment/Info.php,5f0455c731c8f1dbc44769e39f623b28feeb2891326b19a3f78068965933113b,7168
Model/Order/Payment/Operations/AbstractOperation.php,1b664f8e896de53190872d76a8ad0e5fb0180c5e99e287c0955d0d5cfe610a1d,3641
Model/Order/Payment/Operations/AuthorizeOperation.php,9dd1e083da423f4da96cc797a5d6b5cc96594168bbeeff3af70605b19374f1ee,1862
Model/Order/Payment/Operations/CaptureOperation.php,bc637f73dbdb6572aff2167c4597042f999476a20cd9b0957612f95b9d3cdd7f,4161
Model/Order/Payment/Operations/OrderOperation.php,29fda1a032c3a00821e64df6a4c99f4de01c6e08352e1333d39fc0c00bc369af,1399
Model/Order/Payment/Operations/RegisterCaptureNotificationOperation.php,51a4606c5ec966d4108ef3349a7eaca44edefdee556af884d9c4645154ef832b,2607
Model/Order/Payment/Processor.php,79e7516a400f7abb678b9c665c97b9ebb1a086741116549e440e8dcacb1b756e,3419
Model/Order/Payment/Repository.php,3aeee5d7358056fd122da8f000b0455a5aad2a9a28d54073bdc094552a4d2dcf,3954
Model/Order/Payment/State/AuthorizeCommand.php,6611dc78fbd5fcae73a58ecf74d330278a7dec1c32e5b4f1c16754abfd282608,2353
Model/Order/Payment/State/CaptureCommand.php,1b2b6e9f4c5af4e782b25fa8f7d7d98f995fb01bcccde0dfb131759f98aa411d,2357
Model/Order/Payment/State/CommandInterface.php,b83fa826bff6a542f524146add5352f4d17cab7dc5b127bd7705a9209ef7a7c3,656
Model/Order/Payment/State/OrderCommand.php,528f401e75aa29c057d4147129ac20545c907f2d1d46fb4c3b1f80ad4e0840c9,2304
Model/Order/Payment/State/RegisterCaptureNotificationCommand.php,106b58c660a24377d78dda2a19e39294d44e6a3a30d1313725111a6c84d8c7a2,2381
Model/Order/Payment/Transaction.php,37b939946c279f4adafa4163e12f3764471578eceb7b468737cbbdf0e5590501,28797
Model/Order/Payment/Transaction/Builder.php,bcd54cc2a6ba6ba272d366cd6e6dc835f533f98be771b5af4d754c8dd3ac440a,6246
Model/Order/Payment/Transaction/BuilderInterface.php,70861901d7f4695707df8345f1020a866bba8bcb0550d04bf1876638c740fb14,2654
Model/Order/Payment/Transaction/Manager.php,7d6bdce7a27f5e0224c396b03c1bfaac8a0b9cdfcc5156c3f14f2914831e061c,2664
Model/Order/Payment/Transaction/ManagerInterface.php,00e7fd49fe94ff346bc8ce7b66f5cc7163243bf3a6292dc7771f6bb1487193b0,1363
Model/Order/Payment/Transaction/Repository.php,7414f25e79c8f4d34001f185ad245b965d3cd259c640c98027b1f11a403f22d9,7979
Model/Order/PaymentAdapter.php,0ef386f95d7898d5d6455e338a9def44888792845b07288556ae1b3ce46e622f,891
Model/Order/PaymentAdapterInterface.php,d951d23fcfdd000443646b73e4861a6ca6c845ab38323aa2307e12e233f860fe,572
Model/Order/Pdf/AbstractPdf.php,ae0d3794aed3434b3ce6c70bbe65deb904333208aa05f9cb0c7578126a6b6501,35361
Model/Order/Pdf/Config.php,5f0bdb598fdce1e7329cf34ff8a4dabfd9cce4252a728f517ea9dd5599b96c0e,971
Model/Order/Pdf/Config/Converter.php,5ff4cb02a66f4eff710a69988a8235111651177ccaf20cb6131db15c1b433db9,1769
Model/Order/Pdf/Config/Reader.php,5c005644633026f084471dfd68f930e4266207a29571336152780cb1d2c1b9f2,604
Model/Order/Pdf/Config/SchemaLocator.php,612866ba0cb8e44f3d4985b32cc0120a05f02fbc6e2bff54136496017fb1526d,1211
Model/Order/Pdf/Creditmemo.php,7733703b2e7a91818d326e13045679845170007b9e3353788057c2e715e63f99,6982
Model/Order/Pdf/Invoice.php,86a3e1ee61f990da133cfb6611a37338b0c0ea082777e73316d8e0bce1bb87cb,6577
Model/Order/Pdf/Items/AbstractItems.php,334211d37fa02cceada4465baa8f2f04a444605cfa81b55038db462331e36b53,10473
Model/Order/Pdf/Items/Creditmemo/DefaultCreditmemo.php,5ac2fcc378ad142158436ab924e21d3446b506c3e17ac2c576407885f80da94e,4524
Model/Order/Pdf/Items/Invoice/DefaultInvoice.php,696875e2bb157f2a5d6b366a02fc26cfd28165f93cadccb32b8cd341d73b4dc8,4935
Model/Order/Pdf/Items/Shipment/DefaultShipment.php,db780f5ab7a0e106422cceae948c7485c8dda644aecb53a3db05f07dc55ee487,3617
Model/Order/Pdf/ItemsFactory.php,020ea78ee7bd20dce66ebbac06cfb0eef8901b9da8e63ae89d2ea159a5b828f5,1018
Model/Order/Pdf/Shipment.php,5477284eb07fbc6c5d02faf4021d57edf260a4aabd6a7277d94933407b400bb0,6207
Model/Order/Pdf/Total/DefaultTotal.php,fa81c0f4efd9dd2a552eeb82e12d723cc2df740d684faafdf192b1c2789ce304,5115
Model/Order/Pdf/Total/Factory.php,0439326fedea6615fb7d8eccac42b15bab0725c24165e7374c9a6273e9ee07b6,1488
Model/Order/RefundAdapter.php,6b0eac96bac263050be726a2bfcbbb611531a6a3723121b404f81348828bb128,981
Model/Order/RefundAdapterInterface.php,11c88aa295666b567616e59d063eefd8a6cec89d8b22c53074b2203c639bf695,644
Model/Order/Shipment.php,f0292a53d76312d40c3d4b38b55785e848e406539de166b0e8ee20725daa5250,22032
Model/Order/Shipment/Comment.php,77bb28be37281e14985caaea68ca57c04494ba08409bc67500a4f3e9004337af,5754
Model/Order/Shipment/Comment/Validator.php,6aa840129a508c622cfbb7206866d349cdf02815d4406e2d0af6c4c9fe7acc84,1049
Model/Order/Shipment/CommentCreation.php,5479e1cfedfe0843a985e2b142245bb5c33975869c14feba5bae1929a19a84cc,2221
Model/Order/Shipment/CreationArguments.php,02ef27fdd46acc24249312784faf1eda5e1d2a477f435a362cf3a9d200c8551c,857
Model/Order/Shipment/Item.php,1ac4c750b9b07b595b35b4e8b853e3756292e59de0aee0d4888d45eb12e38c52,8870
Model/Order/Shipment/ItemCreation.php,ad622de277e2217a8d351084ad9432bd0df899824bdc7ef6804b7ba4c911d7c6,1716
Model/Order/Shipment/Notifier.php,cdda06eccd23d97bee3ace7e9b291557398e0b9f6217f5ca46b6cd7dfe3d2df7,1022
Model/Order/Shipment/NotifierInterface.php,e65d94ab0a7dbcd677f4e91ab0aa3a4a4c2bd2d0ba6bb1c494129c799cdd22f4,834
Model/Order/Shipment/OrderRegistrar.php,944a067b000d58e1833f5adc02eb21224ca106b4c7aeac8df4406ebb4c9b0e8a,851
Model/Order/Shipment/OrderRegistrarInterface.php,5f4dbda2a34edc766b378aca1c1e205b86ce991c66ac03158d464aea5029bb07,613
Model/Order/Shipment/Package.php,9c45a68a78d0f354d3612c10ef8bd96dc146c66e9513f51c5487c110d5fee989,795
Model/Order/Shipment/PackageCreation.php,ebb12877eac9d3c3bb50b4c43bbd093b4d4ce5ba054b67ea5e128f10a57ee492,835
Model/Order/Shipment/Sender/EmailSender.php,5b2af21991414b01a00b82bffa644055a5d88ecd5eb55c02f2515d07cfcd06c7,5264
Model/Order/Shipment/SenderInterface.php,03fd5f4d8f3ab4422c6dbbd72d32a1d88218ed05bf4f53c4e7f5b689f08afc20,849
Model/Order/Shipment/ShipmentValidator.php,b8542e39cfbd2daa2d4b006b4649751e6d5074dd91dbdf7835ff37e38ea9cea7,818
Model/Order/Shipment/ShipmentValidatorInterface.php,891c0f50b502d65306f2f11fd75a0827c6a5cc8c65e19b0f88db80b42f932063,715
Model/Order/Shipment/Track.php,e1134d084e648ec573ba2e8d540160fc7b1a5828d00c78ccd6805fcb93480899,9851
Model/Order/Shipment/Track/Validator.php,7e2a745920e0134ca4266f8c7fbb1dab4e2345535c0db828a213fcb4b7593b06,1110
Model/Order/Shipment/TrackCreation.php,0e0e7dcfecabfa6bc087952e95b9c681b6d40a8771e73ac567cca7288bf0e3d4,1917
Model/Order/Shipment/Validation/QuantityValidator.php,dda8474c6b6a75d8b42fc8670afaae55f37a0d2be809067a6bec36c146a31800,3171
Model/Order/Shipment/Validation/TrackValidator.php,98f1ae5a82deaaa9b35e38540bfd6eef1e464560bf0949a7d14d2f7b1438cd1c,805
Model/Order/ShipmentDocumentFactory.php,522e3085ae7c6bd922675b7a7b88b111224661c81421cbadda932df99abe9eb6,4269
Model/Order/ShipmentFactory.php,cb035215b6fbf2fae0e2831655d0fdac4aa4b4f02237165e315a127b38948cfc,7384
Model/Order/ShipmentRepository.php,a0a5d7644accacc35cc25994ebbf0abd74d319632600446e979e2dbe64fece76,4810
Model/Order/Shipping.php,e1255062aac359abd268139021cab2024bd43ef56a7d97306f01403755736bfd,1643
Model/Order/ShippingAssignment.php,df9c4ebd2c32c680a30df31b1a4065c078f6dc53baef84684fa5d19b2b8d7a9d,1667
Model/Order/ShippingAssignmentBuilder.php,097ca1116956aa249c8cc316ded2f7f9b2f442f572160ad912d6db99f4eaf54d,2552
Model/Order/ShippingBuilder.php,5416a97f39963c755799426b6f844cacdf174aa140479fcaf9c19f8c1c919f43,4152
Model/Order/ShippingTotal.php,b62ea297e00a722785ef4dc77b8e14ab04e3947645db99f96a35f27ef68e387a,6957
Model/Order/StateResolver.php,5f70299f2473ca4bb3d76b534da8e05c0c23f6ce4a6fe28b617b39bbc578cb5d,2781
Model/Order/Status.php,24a922451983d71e700b25d2ad195a93a2df8ed94451ae3ad5e53b16f6a14feb,5003
Model/Order/Status/History.php,6ae52a346a3fd8f1a956a1a3d93484d90c52d0df437157cb326f6a2ac886b3ab,8003
Model/Order/Status/History/Validator.php,9167e002b1b7b1c4a2f7cf9dcf897448ed3b3a951ee6df9c4174c111877ee62e,791
Model/Order/StatusResolver.php,d9482dd5d3d4681701b553c729c2366ae6f2dc408613965009ff104e5f927d37,745
Model/Order/Tax.php,ca74037e75939536874187dce3e23e1eaa61231a8fd81cd784040a24b2da5071,1553
Model/Order/Tax/Item.php,a945447a20306ecd1fae5e055a82c2172a2f377ff515ff117830af29fa6bff69,2956
Model/Order/Total.php,85e79c3292b5c2f64faa7a3609a593975b09376488835bb224d8dbbe55713ad8,207
Model/Order/Total/AbstractTotal.php,9fd79645967c3d3e2d12ec323ad95c6d44c76ad535295d2756f26441fab5bf38,612
Model/Order/Total/Config/Base.php,4e229fafa531fe6875e9f21e7a23a06388ec2aed4241f43c9af6d279d11b318d,2864
Model/Order/TotalFactory.php,cc61122e05d2d24527c6c5e2cf28cd7f1ee938455e92ed471e8d6811704b4c69,1012
Model/Order/Validation/CanInvoice.php,f3a80e52526e09a1378a20013ef36c215d5d1068cb8a1a596005db87574288f9,1776
Model/Order/Validation/CanRefund.php,cd1985fa47e014a17cc848458a72204029fe6ecf7328d44fce7338bd1374f566,1923
Model/Order/Validation/CanShip.php,6a906b6bebb70eebb3146cd33686cab9f0d0220c3500f99764ad21e1c470c599,1705
Model/Order/Validation/InvoiceOrder.php,defc5f9ecfbec8275336e3a5647e94f2b90a3e87f9f0397296e5cbbe66154e6a,2311
Model/Order/Validation/InvoiceOrderInterface.php,6189cda925d0dad414822c46a32c2a5ec4388c7c59f288be35cb551edaf7e3ae,1206
Model/Order/Validation/RefundInvoice.php,162ba51bba72e5a442f90b57c5282e978b3725127452cc374964ff705abf224c,3912
Model/Order/Validation/RefundInvoiceInterface.php,2f369759bad9b5a8b49752cda5d5fa87304f075d9eba229848b83cd19d6789bf,1331
Model/Order/Validation/RefundOrder.php,46198aacd047e1757c76a5e159f6c8df957e6e555a9372c68e85ccc2a4977841,3227
Model/Order/Validation/RefundOrderInterface.php,1b081c4f43700fc46a1def9cd716585ec99f7c4bf6f44d19b6dcb8d2a4d84e48,1151
Model/Order/Validation/ShipOrder.php,726fa7a67b138c07b284575c2561118d67f7801351903b4784f0e59cb505babd,2827
Model/Order/Validation/ShipOrderInterface.php,cce8219e59c26d3b6855a22a94f8e33a274c1c48eb0512ef28e0d6639edae9be,1183
Model/OrderIncrementIdChecker.php,bdd6971f8ad2f821b1c33924fc1294968c35f1342410073c0866bc57e69c8226,1420
Model/OrderNotifier.php,a32f8744cf7f4146f6d7cbe1ea42de0d35d887996526c940872de0a631ca856a,1108
Model/OrderRepository.php,1e5ba8ced7d2e63ee9fb019d6e126d77a82cfcae57ed17ca45bcdaed21c3fe47,7811
Model/RefundInvoice.php,d6252ee4cdd78097a9da0bc668f99d89bfed9c7a14fb2d4450881ae86bb6f92a,6434
Model/RefundOrder.php,ef2bd7f19f6b037023328d58e2befe9ef7f06369f950e42d02d6350aa23c6423,5636
Model/ResourceModel/AbstractGrid.php,4384720656a26bbf5e84fb0d6ec797a61f079f77b9a3d9c177fdc2d7c4713da9,2363
Model/ResourceModel/Attribute.php,aeddd635865c9fb6fb2130a231648ce8dacbfe51c8151422ae0b809f9faceed2,4120
Model/ResourceModel/Collection/AbstractCollection.php,af8e29be12b69fe4568fc1078440963d7ecb0100059aba6b04eb7d58a097a997,5981
Model/ResourceModel/EntityAbstract.php,e1f899a1e585255e3cd90b3f695fdba198acb989698104c1a1be1a808a37c344,6176
Model/ResourceModel/Grid.php,bc520d2984d2272723eb3d50f937f04ea33f6be963f7e54e706f340dbd3fc3fe,4135
Model/ResourceModel/Grid/Collection.php,316e39f089624ba882b8562eef9861d5a8e0936dd29269b05da2c280343cefc6,4163
Model/ResourceModel/GridInterface.php,cfc6a3e16c8d06302b6f8277562ba44114172d53ae009a7b243a8ae96e81f15e,910
Model/ResourceModel/GridPool.php,4488ba9290fa3bea91472a925a877e1be98d0d433ef6d5eae1ab09e70bb44ae3,728
Model/ResourceModel/Helper.php,9c12f52cfe94862d42f58fb007e1e29a4fecd2964941a4196be2a273077e6acd,2376
Model/ResourceModel/HelperInterface.php,0310c84eb553b8f5898d18afa4d6efae27c1ca7c9d209ef18826c30200a42b0e,810
Model/ResourceModel/Metadata.php,d0c9d71bdbfab29290c2cf4e3e17a67f913a0af43a8883cc6787e2a05656b973,1317
Model/ResourceModel/Order.php,70d05755043f1e7d7f537ea7ce16499125a64f7e9dc68b00c681be0c3a8cd7ea,5539
Model/ResourceModel/Order/Address.php,9b83aa042fbbc3dfd1bb4e8a88b5b8062f7ef7a8804a88c582c4cb69be4d7214,4051
Model/ResourceModel/Order/Address/Collection.php,c4bc492817dc9dca9e5085c9718223d4702f54af51100a44c3127a7265d56460,1173
Model/ResourceModel/Order/Attribute/Backend/Billing.php,5cc03f4b609d19a05927100146240556aca33b13cac066cbd90d079a14a9f196,1359
Model/ResourceModel/Order/Attribute/Backend/Child.php,beadae6174d859b22966642755e33f0a623f7184fdef513bb2065c6231f6a0d0,739
Model/ResourceModel/Order/Attribute/Backend/Shipping.php,c6e51b0d028b203d17f22a9080895c039a5f37fd459504104d39f43b1678f8c5,1388
Model/ResourceModel/Order/Collection.php,69996cfe51a5a738cadc3f6ab9dad833a8f749dcd009219bf0455b6481d3fa37,8254
Model/ResourceModel/Order/Collection/AbstractCollection.php,6c0f845bff3b62e6e56e52c7b9ec9728c2d501958434d1d7f757a73263de4a53,2037
Model/ResourceModel/Order/Collection/Factory.php,540f43a47464afda3f6c024508f04dcffc923fcdaf12106ac144bf79ba95c6e8,1119
Model/ResourceModel/Order/CollectionFactory.php,bbe1f0215fef97b4ec1cf096b73d196d9216aeea65d1896809a571a58c40a65b,1358
Model/ResourceModel/Order/CollectionFactoryInterface.php,94eabb762185fda04c60e09ee69fc8bd2a0dfa3e30d4e3df2bad406f90a9defb,476
Model/ResourceModel/Order/Comment/Collection/AbstractCollection.php,06592cace055da45e10b09de7868b698d326d6bfb4f44263a9fbde335647cf99,1375
Model/ResourceModel/Order/Creditmemo.php,93cf221fbe51ed2edce7383419fe2fc3ae49f134fc5fb8504eeb9ca4d261a2b7,1625
Model/ResourceModel/Order/Creditmemo/Attribute/Backend/Child.php,205e51d7e67e0e6136a34b34ec4133944c5435430396b6a4d6a6fb2ee2b3e2d0,799
Model/ResourceModel/Order/Creditmemo/Collection.php,bb3aaad4bb65879f6710d3163af0d9610c44f6a6c546bc81319f47cfe3544676,1828
Model/ResourceModel/Order/Creditmemo/Comment.php,6eb91e172881014298e86eb0963f357773ad7e289778e84edf3e6fa359b99e31,3104
Model/ResourceModel/Order/Creditmemo/Comment/Collection.php,1f77c660682ad0a99147625a5ee579b950f48d26e0876c670757a61a97d5c0d7,1370
Model/ResourceModel/Order/Creditmemo/Grid/Collection.php,a38103b2cd758933ff7b84f80929923fe03d359e053852dbe4bbfea98dcd5ae0,1246
Model/ResourceModel/Order/Creditmemo/Grid/StatusList.php,e4039fbf7c026a23b3f093ee3fcb4e6c73828cd5dfdfdc0879c955a14594faa2,886
Model/ResourceModel/Order/Creditmemo/Item.php,7400fb5aad52a4e9239eec4813e787bc5e63e5d3bbee452aebb56bae46ad721e,1274
Model/ResourceModel/Order/Creditmemo/Item/Collection.php,675bf3d2e171f776e0d559d9eaa7d46562a1aeb184cc31e2c632e5935adc4803,1196
Model/ResourceModel/Order/Creditmemo/Order/Grid/Collection.php,0bc984c3da01ba3cb29659eee1760a8673824e09a983a5541543d78072086fbc,1252
Model/ResourceModel/Order/Creditmemo/Relation.php,8535f1bf9d46cbde0b2bd31e48f2fe8b130f142cbbc2834c3866e6869cc84d7a,1725
Model/ResourceModel/Order/Creditmemo/Relation/Refund.php,1e07444d4f7681148e2187d51cf4cff5a665ac097b4829705d17874c3fb5b315,6432
Model/ResourceModel/Order/Customer/Collection.php,c6ada53258bc38367ab56490043c7221db341be204af1b2f04174b90930b1463,1740
Model/ResourceModel/Order/Grid/Collection.php,3a42def387bd0a84f4457043478ce31ab7f1616d61a20276f90d4eaeb7b10add,1251
Model/ResourceModel/Order/Handler/Address.php,0582da70dacdb29a99e2367ef41ee064fbd4a3699291a8f649355197bdbcdb3c,2338
Model/ResourceModel/Order/Handler/State.php,e159e51665e84c012246549831943da3a96c597eaaed19dab7c001c2f077ed5c,1638
Model/ResourceModel/Order/Invoice.php,0721b9a74bc15ed045dc77d9d4eb8f6b0b58b8bab4bdfd87c31d691ad722978e,1525
Model/ResourceModel/Order/Invoice/Attribute/Backend/Child.php,c7eb88c647eb8fee58d55e739940a84c3b8e1cc32645eff3a7c0ebd0a494b80b,790
Model/ResourceModel/Order/Invoice/Attribute/Backend/Item.php,c312660e7baf7c04caf546b54d381ef82f4e25e0ca51bb2e41b939da6d583d19,767
Model/ResourceModel/Order/Invoice/Attribute/Backend/Order.php,5f9465927c9f321606a5b98556f766120e9b71835594a94c63259cdd8f00cf52,824
Model/ResourceModel/Order/Invoice/Collection.php,6b9e0176b7b61a28cf0ca6e6518bb8d63c18574c15cce714343d5b2b31093b8a,1422
Model/ResourceModel/Order/Invoice/Comment.php,d8dfe342628196b8c2060dfd5b612ca0d38794d11b4028d782ea06ccb0c7c9ae,3071
Model/ResourceModel/Order/Invoice/Comment/Collection.php,0c68d0e950be5393b7f3936ec2c589f2e3eca8e5e5ee9c2a0986874f8d442fd3,1330
Model/ResourceModel/Order/Invoice/Grid/Collection.php,b7d0a3ed656cb3d80e6cbf05ac5cdc1847dfd727bb346a7a6ef9ddabb80b7dd9,1374
Model/ResourceModel/Order/Invoice/Grid/StatusList.php,3f7caa0cc2a9329f7fc520f8f0267b94af80a44e97b3d4e17e7238276f6871db,854
Model/ResourceModel/Order/Invoice/Item.php,7864372fd97f9663b6c72b768c6e8c5267e34806d966878b55aa8065e845144b,1651
Model/ResourceModel/Order/Invoice/Item/Collection.php,ff20ca12f2e43e344444b1286e3b978ae02152ee113d78be78af491d7c172d96,1128
Model/ResourceModel/Order/Invoice/Orders/Grid/Collection.php,89b4181d5f11f1414acf0645144a5d1fcbe55f644ba811b919a1711185cdd782,1244
Model/ResourceModel/Order/Invoice/Relation.php,e681e92a1e12a7622a53a105c0172585cd4d4c162c1f5b8b4c4e9b07ac202f1b,2035
Model/ResourceModel/Order/Item.php,1e0e193ddfd2ebe3fdb885f5fa0ef532fa0b2ecbaea2ce604d4ba6adaa106b12,1418
Model/ResourceModel/Order/Item/Collection.php,f2fa36ac68b5a73224cba6d7ca9231de48e3cca131f225f6a5ff314ac563836b,2833
Model/ResourceModel/Order/Payment.php,f63e1071d445383fec835ae49e1a8f2b4ca21fabb2d43a9783241fa7c1fc092a,1375
Model/ResourceModel/Order/Payment/Collection.php,73b3fd9d83e7144fa9d637b759b664e02268b3f4676a253e2afba1e513953782,2513
Model/ResourceModel/Order/Payment/Transaction.php,2882ee1a3cde236c5d14aa83909d7a2fb2de146991cf1a0b53aba127e6833e6c,7131
Model/ResourceModel/Order/Payment/Transaction/Collection.php,c16f9940f1197ff3b91f84b159f0d528cdf1a63c7a4d603efbbd420112fa86bf,5598
Model/ResourceModel/Order/Plugin/Authorization.php,c37f46c874faabf8ea444670b857227dbcbb824e745154593262002d608ab783,1866
Model/ResourceModel/Order/Relation.php,74a17fa3fd66ed137d532a7f3860c32e0e3cc46a54a84f102d8a533d5f57a69a,3401
Model/ResourceModel/Order/Rss/OrderStatus.php,3715e18083c9ad3de6a4054a5be5e6c0bb1061ce1f1d1ad8bc82fbaaf9858920,2604
Model/ResourceModel/Order/Shipment.php,1ee6c3c71c163e5a6f08b1dbbf2985273d9b83157ad94c6ccf5c5ca7a91cddf8,1996
Model/ResourceModel/Order/Shipment/Attribute/Backend/Child.php,10ee1d315064561c9551588c0948d213faae2615ad4aed13a06ebda84dec80eb,740
Model/ResourceModel/Order/Shipment/Collection.php,4b637a147091714fbc1ae78df7a8660050515ce1e09a9453f28c450d8c92ce0d,1421
Model/ResourceModel/Order/Shipment/Comment.php,77466ad7b6977a3ebe4f250cf34e390ba402210dcc1f8498187f26b80fa7c351,3083
Model/ResourceModel/Order/Shipment/Comment/Collection.php,3db457aa9d4980c61aa634a044d59635723d40676b1e16504f2d6f9ff3218688,1314
Model/ResourceModel/Order/Shipment/Grid/Collection.php,e72fce02aed19ee01c39fb8689b037712e178cb009a25b54541d14a3714113cc,1240
Model/ResourceModel/Order/Shipment/Item.php,a1bc9ca297da8d7bf77514104916039493776126220cd9023a9898db11b55f6a,1338
Model/ResourceModel/Order/Shipment/Item/Collection.php,9438a98b2a570eb9ebb2968b8b43b5e66cbd6c4863df758bd3dc4e89aedaa452,1174
Model/ResourceModel/Order/Shipment/Order/Grid/Collection.php,d0be0a9c0059878d11a7ff87e6de9661ece5370d93e1a359229b317f59fecb4a,1246
Model/ResourceModel/Order/Shipment/Relation.php,2c9619474986e218ea35dde728d561186eeb9975daea14dd783e70bc1e14b6b1,2457
Model/ResourceModel/Order/Shipment/Track.php,769c8847802424fba37eb858d517b36ae0658edc226f7c3941c8a6502e37cc2f,3079
Model/ResourceModel/Order/Shipment/Track/Collection.php,7126f7a7855a31cb04acd20e26ac434e3f6d7eca9e87a0a7f633ecaf041a0e1f,1422
Model/ResourceModel/Order/Status.php,dffb061a9db17e0f19ca9e596f9b69f23692bac119c6da5107b5e688c1fe3f94,7845
Model/ResourceModel/Order/Status/Collection.php,9e7d6ff046e1932c99c8d541f1a5961cc877fe3a5af562aab47e31bf185ebe38,2082
Model/ResourceModel/Order/Status/History.php,5dc05daba8fc40086a288666ed1ad726e6d131778f23872d213fa4c8ecb3c058,2780
Model/ResourceModel/Order/Status/History/Collection.php,aa2358883072ba176096dbdbb1fbe4f654785ccb9bc1b3b5c9bc1022a7e6bb0e,2213
Model/ResourceModel/Order/Tax.php,faec78c5430de390ea9c83d7c70d933df4a13d06cf17f73135c6c690ba1f74b8,500
Model/ResourceModel/Order/Tax/Collection.php,f68be10a0001abf63ccdcb516653fc89639b2f2610ff30d6841da154fd7a35dc,904
Model/ResourceModel/Order/Tax/Item.php,9bcbe7114dbaf9380697c111a9ed2e6e6e10671f7f105130cd49c9a1d7341812,1355
Model/ResourceModel/Report.php,d7bc28aff8027c30dd3e4606e882a191cbe2a69dc1c0c16724fce6fd2d5cc26a,716
Model/ResourceModel/Report/AbstractReport.php,1514bbfddcb698ce5933126a12ccf3c49d0baee2f2e70bc69acecc3b679de120,372
Model/ResourceModel/Report/Bestsellers.php,ea801ef74112431bde610ddfc3fe092002b3009a507845a9f36bf5b02b5c3b9b,8183
Model/ResourceModel/Report/Bestsellers/Collection.php,16b8f05701ba0cec622029a666b9b3bef9675879aeeea74109fc19fda0ab4adf,15048
Model/ResourceModel/Report/Collection/AbstractCollection.php,6ed8f28fd55be6b9bb14b3d5908168ec8f9e13bcae8d76366d432be1dd635788,2398
Model/ResourceModel/Report/Invoiced.php,69791993a3f582e0f41f1f9f8f50eb19e44db41a53be04bcc9ae72be76ebb6b4,9708
Model/ResourceModel/Report/Invoiced/Collection/Invoiced.php,cf2a4ae269a94a7d0a53ab7e3c70ec712b9d6a994c91578f1ad2c5365eb61054,1379
Model/ResourceModel/Report/Invoiced/Collection/Order.php,6736cf1609ffb9351b87f70249dc212f8010cc2a4b53792368119517229dd247,3500
Model/ResourceModel/Report/Order.php,8e1ea033f5ca7b805a8d9406c85a1aabf29a37e85f0fbf7be3f0d2f4230cbff0,2823
Model/ResourceModel/Report/Order/Collection.php,53e99e13fc284f4614f3849e337bbb0e007b0e1b39dec27405c5008b34f3cb40,4232
Model/ResourceModel/Report/Order/Createdat.php,56e60ded7f88058691c14287e8cb9c7f478a5c99a436be4376249c1912cf3066,10748
Model/ResourceModel/Report/Order/Updatedat.php,59bf58473d53cf4a946aea6426655d0d3927bc6e40e2337f5aacbc0b2e4c906c,858
Model/ResourceModel/Report/Order/Updatedat/Collection.php,9eee365497c82f64fae0d536db18c1b7addfd39ae07ca5e2ce896990ba2494ab,522
Model/ResourceModel/Report/Refunded.php,016e33b2b542c3c3e8058cd7f0789078793d9078dbd1d12428563b0f605581ae,9089
Model/ResourceModel/Report/Refunded/Collection/Order.php,af875e35a41683ebd8a24885a238f12dac416e4b01857716c9f86a3693c37d29,3209
Model/ResourceModel/Report/Refunded/Collection/Refunded.php,3da7a637040265f742b1e35c6e6e2684f78700e33cac948e601c965342d9bb9b,1379
Model/ResourceModel/Report/Shipping.php,74fc32c60d022d4deb60ab71f7d6375b8fdfe76138047f306a01ece06c6a4ef2,9769
Model/ResourceModel/Report/Shipping/Collection/Order.php,536cdcb4108c2d1b737796f07503907b1ca9cd3b6297a2d0ebc95f5902425a80,3570
Model/ResourceModel/Report/Shipping/Collection/Shipment.php,78970168959368b17816915b6e2dc8b5f711af13b007ea7c1a0f7bd67fe3d81c,1379
Model/ResourceModel/Sale/Collection.php,a49ae7010bb8fbbbc79018509910329415c261faf969c3a1f1aff00b0422d5ab,6395
Model/ResourceModel/Status/Collection.php,f3d855eec6f4cbf620fcd1ba0b804ee2476498c384a0745e896a1648127aaf0a,498
Model/ResourceModel/Transaction/Grid/Collection.php,dd1a8196bdc67aedc3361641a5c807c172ba8f812194d0ce2f09cd13f18ab60f,2387
Model/ResourceModel/Transaction/Grid/TypeList.php,f7bc5ad2384191e7751898a310f07bca17aad173329e3c2ef9783726d03c5c27,894
Model/Rss/NewOrder.php,e08b7bb23f5a560b1bd3b29fb337e145e1abb83e8e03b9c216f61c7091f48526,4689
Model/Rss/OrderStatus.php,7b39eecb1a65fa4c6983cf18bfc37a82f8a4c4af6e48375c08a347606e1bc5b6,6968
Model/Service/CreditmemoService.php,a6e90cafc6cfc6a441384d66d117690d53e254985c0d0ba8d6ccb3c56f079596,9314
Model/Service/InvoiceService.php,fd6acdb7c5257c66157501e19aa82b70be391d5b20e1e069921b23e3a29ef7a9,7173
Model/Service/OrderService.php,148e6aed3e51a3a8f5cbebedc6d06ad62843b3b7730c6d182ebd9b4d6e91dab6,7894
Model/Service/ShipmentService.php,435ee1c8b10360701b47e9be4ce19f81a0589bfcfd69213f633eee514f05e2e4,2954
Model/ShipOrder.php,bcaa2fcba45e85abe58d3591fefc0db236d756bbd76a9036ea9c7cf3f6b7661d,6968
Model/Spi/CreditmemoCommentResourceInterface.php,9aa7d3ae0b0b99915e5fdfa8b1d447d538b9d9130db234f88641fd887cd41884,974
Model/Spi/CreditmemoItemResourceInterface.php,5d676b5d5abb749a8ab3e989b847c83c002518acd50c2c4f6e00ab41f50a5c97,971
Model/Spi/CreditmemoResourceInterface.php,bf61ee4262f24bd2c010867e97e0a86e4e99a51bf2c5398dbb040ff20f1207d2,967
Model/Spi/InvoiceCommentResourceInterface.php,238b66a6abd0970ceba2cc6441a22c9ff544666914e887ce8669a677e35ab0b5,971
Model/Spi/InvoiceItemResourceInterface.php,d52ae2bfaddac80689e2c139d765f53533f1074c05f369ae3db6b110d9c791c0,968
Model/Spi/InvoiceResourceInterface.php,1f9ea2220baa340c7873f278c75ca419d7acb4892339693f7a92afad116aee16,964
Model/Spi/OrderAddressResourceInterface.php,dfbd40e4b73ce7843fcdc3b681a0bc1a2f3db6eb544f5ccecddea556280a93d9,969
Model/Spi/OrderItemResourceInterface.php,89b8567a10a8785f9ebdb4ef0d7ca1110b14fb46de3a02b8ec1a624f54caf11a,966
Model/Spi/OrderPaymentResourceInterface.php,f1aff9f524a9c69948aa8cca7aae53fe5c816c7e5f769ea1be32d06d664f5f94,969
Model/Spi/OrderResourceInterface.php,cdca1df75575b7dad4f08bf645ff79da4b67e6ffd2218c9486b3f90bc17fe5e6,962
Model/Spi/OrderStatusHistoryResourceInterface.php,bf5abb2c31489b5a9c52d4eb715d931b70a3e74e6732789adf69ef9a41d356af,975
Model/Spi/ShipmentCommentResourceInterface.php,c7ad7826b5ca4661f1eaaeb561d70441ba58321f8d5c193228b793ee241d7a57,972
Model/Spi/ShipmentItemResourceInterface.php,3230394f7b53a03814033db353ef605074c777191a11ee493e72c27299b4229c,969
Model/Spi/ShipmentResourceInterface.php,ec43fd7cb06db4ab9c59b4ee16998a2508f0047d1103c924e865d49d408eb1a1,965
Model/Spi/ShipmentTrackResourceInterface.php,7d570dc5e5fcc0cb67976ad87493ba89f0b156b1c85ffde6de0b6506e34d6cc8,970
Model/Spi/TransactionResourceInterface.php,fd48642fc573e7e890b8af3d9181c9016bdbf181e76804f7ce7b1c3d50811f3e,968
Model/Status/ListFactory.php,ded33e6fbf7d6fd022b06c8d36e27c36da5c4aa6b9a6db7b234e678446d82523,820
Model/Status/ListStatus.php,a8bcc212dce585117cf159e9ad2f979fd574071e8e54f3ab0c3bec03dd439b42,3453
Model/Validator.php,2326c72cc712ccba638fddab3570d7b472eb686ecb78c43c108cc68d4d914eba,2281
Model/ValidatorInterface.php,ba8844c699cb55852df5ad78412dbb90e3aa6e9b7ddf7d0773da2a2578d659d6,540
Model/ValidatorResult.php,44bbc498f3cb27397af9783058d05104ea19bf495a486ad78e711410ebda3d3e,687
Model/ValidatorResultInterface.php,b14316309c1799a9927707432690cb2d636f9e172b3d286c91eaf24360a9f697,488
Model/ValidatorResultMerger.php,e0a92ca4da7d5e4ec38e6a00dafb5793a1fd46cdbe5de4ecbadf5bc110e6f58f,1288
Observer/Backend/CatalogPriceRule.php,3bc9b0dd9b41ea84f8d3042274499d3238791b13c7e666394f67d5ab24ffcd9d,942
Observer/Backend/CatalogProductSaveAfterObserver.php,95d148b35a77e68572e6e3d981c219c5636ee7e848225aa763d412a390400976,1336
Observer/Backend/SubtractQtyFromQuotesObserver.php,c9f0dd2fd50b720a16e0e7c648f37084b0caea3c5ad052a7a18b4059bcc5158c,944
Observer/ConvertAdditionalInfoObserver.php,46cce1a3b7f67a3e1a353f71acfd945392a71b99bd9b9863d036fffea0845d2e,2411
Observer/Frontend/AddVatRequestParamsOrderComment.php,cd29ea168eb4f50ecca3f2c3e3d47428d5afeee98a1615c3eb46dbc9f6c6e75d,2542
Observer/Frontend/RestoreCustomerGroupId.php,ad2a7373fb5231baadd1af699d0af7d514c8e387b0f8c510d16c11efd6bd1147,1890
Observer/GridAsyncInsertObserver.php,ef30c8c1a912c37b96018e57112a00afd8f218c4a26c564cdae74450631aba49,1335
Observer/GridProcessAddressChange.php,47b1064815b252480df4a7dbc3581e3730715176489c00e7df2dbb3a646c1d32,997
Observer/GridSyncInsertObserver.php,1b8a35c01c827c4e1009b2f4e600b2ab535083614ba93560d2cd5d4d275a37ea,1915
Observer/GridSyncRemoveObserver.php,e8a545e6432969e4acb44707e129f299de9b0fb19c87a11a8d8ff65d8cfd3d0a,1388
Observer/Virtual/SendEmails.php,d5eb3cfedf315335d6c2ca6e794b34200464e673f445eeb1f9a1905e8776df69,1436
README.md,1eeb081039d23e69e9d6bc15a3670f3ec2a279492e988bd0f8c33fca1cdfa83d,742
Setup/InstallData.php,22959a3049d88fdff672c5c292805c0b40dc4608b09c71ecf00f37164a75dd26,6011
Setup/InstallSchema.php,f13f49053f426b3713a3e46f44837ba0a10cf2a405b96ee0fbaf4bb30825e512,184211
Setup/SalesSetup.php,0714b4d63cbd542a76bd8dadbb2d822b3cf00b171e6c5e8d3bc63b4221595cb7,9143
Setup/UpgradeData.php,e40fcba24c48523198bcf3bb1b178483f9b1cabb65f3e8282561b62d9408883e,2919
Setup/UpgradeSchema.php,fad6b8037663214d7238cc17333e244c592527f0f5a0b7b2135da6b4e6435fc5,3656
Test/Unit/Block/Adminhtml/Items/AbstractItemsTest.php,26dccbee9899c68bf97a7914618eb07d94c1a1efcf3f3dfc6873cce318a8edd9,8850
Test/Unit/Block/Adminhtml/Items/AbstractTest.php,f7693dd003c76d98f40261e6cd9497b721f4b0a46c0ddddb77f1a2a06296f82b,3183
Test/Unit/Block/Adminhtml/Items/Column/DefaultColumnTest.php,656ba0fdb4e16b561b1a40b818bf398e29dfa6430f7a9677c632711ec2fc5d03,2252
Test/Unit/Block/Adminhtml/Order/Comments/ViewTest.php,b737df109d2594d397916afebf79c9ae97c6541adafe45439ff5ee13e14b5ad5,2247
Test/Unit/Block/Adminhtml/Order/Create/CustomerTest.php,cc26c136344a6e198d21dc3d0a93299f73701fd17ea0cd0bc62583d725dae8fc,1203
Test/Unit/Block/Adminhtml/Order/Create/Items/GridTest.php,a23426ad6a28ade403124617b432219e6ad3945e184c0de55d72f111c162b04a,15661
Test/Unit/Block/Adminhtml/Order/Create/Search/Grid/Renderer/QtyTest.php,fa73f0f7ab2c6fb56d9eb0abb5fc2d8e676263a7ec1993394d2bd2591f5610b9,2177
Test/Unit/Block/Adminhtml/Order/Create/Sidebar/AbstractSidebarTest.php,739b6f253cb1905d81cd19faaeab69e5e7873fdc8059d1444c58e00b140d9b4a,1716
Test/Unit/Block/Adminhtml/Order/Create/TotalsTest.php,2dfa993650bf9bc97f129f326fbfdc0d889c8e4ccc868850f2ebc0bbc1b0def3,2265
Test/Unit/Block/Adminhtml/Order/Creditmemo/Create/ItemsTest.php,f34b8bc243733c9716509d4855c7d7e6db6e9e4b0c077a81757b3860877b1496,6602
Test/Unit/Block/Adminhtml/Order/Invoice/ViewTest.php,18f712db7bab73ca0194fc0915566d9bce3fdf0fd6515107ea5062794fd2a265,2170
Test/Unit/Block/Adminhtml/Order/Status/Assign/FormTest.php,1b0298e24e09792a35a22b061902a6b560324f91fb03abce2ea50c73039b3ef5,4532
Test/Unit/Block/Adminhtml/Order/Totals/TaxTest.php,a98f59db63955d9f1509d3a35e3bcf5a912cf2d1e739ce23e9b7df02ca6b8eba,4687
Test/Unit/Block/Adminhtml/Order/View/GiftmessageTest.php,0f31bf9cc4df0f57db1a4774faca2aedeb0b73398db59023624978f4ef812d4f,1201
Test/Unit/Block/Adminhtml/Order/View/HistoryTest.php,5298f27d95cffc3c503569b5f84c16e66c8a3c521bcdb2d8d53e351854fee821,2241
Test/Unit/Block/Adminhtml/Order/View/InfoTest.php,0cf409cbda42018ee96214559f3337f4e21e13ac0362682548d83448fee0cafe,4947
Test/Unit/Block/Adminhtml/Order/View/Tab/HistoryTest.php,e4d9cf54e8e73706182b92234e8e20a0a77ed2b66fc97a38be197eaec716f2be,4306
Test/Unit/Block/Adminhtml/Order/View/Tab/Stub/OnlineMethod.php,d311d05dd50767f873640f92ff5efd73c6e366bc8755ebf487ac44e2d0822980,502
Test/Unit/Block/Adminhtml/Order/View/Tab/TransactionsTest.php,1b214e63bec92078866c95799e5f1fa0525f3f635f310ab746f6ca0fe66b246d,3989
Test/Unit/Block/Adminhtml/Rss/Order/Grid/LinkTest.php,6b6e88c537465bb1aa5797dd249ca7fd014eedde017713b35be9b9b45f1e2bde,2489
Test/Unit/Block/Guest/LinkTest.php,51f64132b4289a6601eb32002a1258e20a349d41be8502b9d877983d1b11fe93,1172
Test/Unit/Block/Items/AbstractTest.php,5348384a64037476e2cea048414c25400f1b435750626db12dccdba95187d84e,3192
Test/Unit/Block/Order/Create/TotalsTest.php,8d8d136e8f7b9acd5ef0c84d39d16eee65727c5af093401d33df61d11b0b0b18,3500
Test/Unit/Block/Order/Email/Items/DefaultItemsTest.php,02322a4b0ec36f2bb167a4922256834c48cab7652c5bf6a673013990182c8def,2665
Test/Unit/Block/Order/Email/Items/Order/DefaultOrderTest.php,47fdad19a79836161d70c8f070391eb7ecd983bf0af34aca8f1c9adb4a5b662e,2684
Test/Unit/Block/Order/HistoryTest.php,bdec5fd631a65df10622ac3237ad1ae28673ca02a6fe3693e576192f4e3c8c77,5215
Test/Unit/Block/Order/Info/Buttons/RssTest.php,adc5220b17fcb2242e40f948f6920dee514cd9fb96522a93e424330de6ef8dc4,3860
Test/Unit/Block/Order/Item/Renderer/DefaultRendererTest.php,51d9221210b778206fe9fc027832ce190105e5e544b7b8eb184e012a77547236,5424
Test/Unit/Block/Order/PrintShipmentTest.php,801956cf0f8fcb40f0c3894d9a4fd237d3fe97b10dca1e0a5f3bb85687121123,2864
Test/Unit/Block/Order/RecentTest.php,d3bffd02c1cb08d7d402006a7627e2ab4352d5c0fc61ad9554ec846449ff6390,4327
Test/Unit/Block/Reorder/SidebarTest.php,cad843b690320e039cf1bc176729ae857bacbb28f93fdc34c5ea2a322c883322,10206
Test/Unit/Controller/Adminhtml/Creditmemo/AbstractCreditmemo/EmailTest.php,e9d4c80e948b1babbeaa95919eea22c89767033de40d31043321e132441a304d,6826
Test/Unit/Controller/Adminhtml/Invoice/AbstractInvoice/EmailTest.php,8482c89ccb17672fe05b82915d491f9e9f07c29cdfe81d0de144ab26f80a9ef2,9626
Test/Unit/Controller/Adminhtml/Order/CancelTest.php,c4b5e9d038e9836354d0b0bda5282aecfa7060f2502875e3ca0fb3393682c913,4759
Test/Unit/Controller/Adminhtml/Order/Create/ProcessDataTest.php,0cafc633e87d63139b1503cab5119d9b2fbf2fdbdb22208940cda91022037a48,8797
Test/Unit/Controller/Adminhtml/Order/Creditmemo/AddCommentTest.php,cc013106e51fb686e2317ad41e837b379ec754881317dc455274c2a75089cd93,10309
Test/Unit/Controller/Adminhtml/Order/Creditmemo/CancelTest.php,9dff708e35f5155d9e8680f6f55a62d6648e25733cd6d027b25a4e5c5b99c8b5,10457
Test/Unit/Controller/Adminhtml/Order/Creditmemo/NewActionTest.php,702c2f8913d48f691eb09d652f6ae87b52e2800f1f7d7df3877a533d65e9daec,8722
Test/Unit/Controller/Adminhtml/Order/Creditmemo/PrintActionTest.php,23d600ac84c92d6b7eae013a4f464ef52e663c24c522455c4e1ff7a9f6283f94,9379
Test/Unit/Controller/Adminhtml/Order/Creditmemo/SaveTest.php,5838af9fe60dd756cee7d4e5f7c9b4725753400fac4a9c77c420012f01898529,8905
Test/Unit/Controller/Adminhtml/Order/Creditmemo/UpdateQtyTest.php,618121a92506b474db900af8d298260fdfbe2e08388d803153c4d45718cfd684,10608
Test/Unit/Controller/Adminhtml/Order/Creditmemo/ViewTest.php,c3fb6e8a8f410e9c79e31ed7f0492d21229577923bb589b9e35ef9d265c5c30f,10116
Test/Unit/Controller/Adminhtml/Order/Creditmemo/VoidTest.php,53cf23afe69828c1146ae0506aeab8fe192658bdd9c4e310caf735ce169a9397,11874
Test/Unit/Controller/Adminhtml/Order/CreditmemoLoaderTest.php,869cf7ba0ad2d934ad35c86dd5c3635190b2734a359a516990c0f32292fcd5c5,9026
Test/Unit/Controller/Adminhtml/Order/EmailTest.php,da9edf6866a50112d316882005cacdab191fc747daa62edd7a091631fce7259d,8382
Test/Unit/Controller/Adminhtml/Order/HoldTest.php,2e4fba7d33b796ff4162a755558361cf21796f74a0790a9a6e1eadac093ecd8d,4755
Test/Unit/Controller/Adminhtml/Order/Invoice/AddCommentTest.php,c1416bcc666dc1bd40ec123b443d23968003937e6e38ba79353d82d8777e9491,10908
Test/Unit/Controller/Adminhtml/Order/Invoice/CancelTest.php,6f03e8d7a9b5ed4720f227988c10c7aee20c0e4b855e2ebd1a9a8c45da719fcc,12119
Test/Unit/Controller/Adminhtml/Order/Invoice/CaptureTest.php,14293f960d3f4b79c2180e9f484927edb3c7ffaf2b50ebff690bc4712a6222aa,13027
Test/Unit/Controller/Adminhtml/Order/Invoice/NewActionTest.php,157ab69f74aa10adcd228600154590572c9c8cef0edf674fc8a44ac4433d4248,11836
Test/Unit/Controller/Adminhtml/Order/Invoice/PrintActionTest.php,f0a51b77b977f7507a5875e94e9520808704c5c2911abc8b208afc1707705c24,5144
Test/Unit/Controller/Adminhtml/Order/Invoice/SaveTest.php,56438479fded4b0c5ee1f8d7fd01d4b73f2f4822b4dce221e9241ebcdb9edcc2,4240
Test/Unit/Controller/Adminhtml/Order/Invoice/UpdateQtyTest.php,cd85d4ed2c80c8d2c9497c9a743b282c503ed3ff241ca21910a58a472f0825fb,12182
Test/Unit/Controller/Adminhtml/Order/Invoice/ViewTest.php,0cca1bd96c88099284fcaeb22b9abdcf508ccc82579319a0f3566585a36abd1f,9562
Test/Unit/Controller/Adminhtml/Order/Invoice/VoidTest.php,126fd5f51f2b5bdd0e84e52fd2194c7b02c73401d23c1ed47ec6938ba73c0247,11930
Test/Unit/Controller/Adminhtml/Order/MassCancelTest.php,d11a4b051eafbc6a01d6c5c95cac841fd0a2d09e71dcbcd130ff08fb02c01f8f,10424
Test/Unit/Controller/Adminhtml/Order/MassHoldTest.php,555d6150aa12b663e7844ed2b8dbcad68cd95d6fcba6828aedb8dc949b14b9a6,9760
Test/Unit/Controller/Adminhtml/Order/MassUnholdTest.php,453f89981a6c01fac922157b3bb75eeec9a25d3198ef54d1fc87993c6343e14c,9452
Test/Unit/Controller/Adminhtml/Order/ReviewPaymentTest.php,b28fa6d62734ed8ad6965d971500822e185f191658894202c87beb44fe10b3a5,6229
Test/Unit/Controller/Adminhtml/Order/UnholdTest.php,f8345ceeb0729664783d92712d14f6be8be0263759c3d27a3d7581886bd895b0,4748
Test/Unit/Controller/Adminhtml/Order/ViewTest.php,5085367a07d6cf6c77dabaafc1ff941f3a2b4cde8d0282965ca23dfee697904b,11289
Test/Unit/Controller/Adminhtml/PdfDocumentsMassActionTest.php,4947e124220a21cde36222fac4d4351907d9cfd403abcd07e19a1cdf775c25b1,3521
Test/Unit/Controller/Download/DownloadCustomOptionTest.php,9b06aa41e882ec099882285d2ed23ed1e1c3b005e6dc3034f7758d8bd4888de5,12910
Test/Unit/Controller/Guest/ViewTest.php,92e227509e73fba6ebc835bcfeeec4dece6069ca5f7210e94174ce805d9d2919,3806
Test/Unit/Cron/CleanExpiredQuotesTest.php,23acc4bcd357ed5befa34195439701541d2245d7a21969b8f82cc55b148ea31a,2661
Test/Unit/CustomerData/LastOrderedItemsTest.php,3667afdd861040515bbe60e955bc74f672645fd9671956a76caa69f1b6973e70,7226
Test/Unit/Helper/AdminTest.php,6f3fc305fffab577972c3c36a198a76766a305595f822c59332002718d0b8fe4,13575
Test/Unit/Helper/DataTest.php,cc8b53b365659e2d5e695bced2d59955eba48ffdef1510a75bd5f3597aa96296,6677
Test/Unit/Helper/ReorderTest.php,d0d51923a3a2f8bd0327c8571316e7d847a0b16db05edc19d21aafdef7513be0,6409
Test/Unit/Model/AbstractModelTest.php,b5177ec8b2809ef41a56bde25384b51133597ce4b02bcfa11dc5fcdd5944a5e0,806
Test/Unit/Model/AdminOrder/CreateTest.php,d113c7a6088ff391b807c239144ae5fe013345fb441765221d12f5335f6cc3cd,14277
Test/Unit/Model/AdminOrder/EmailSenderTest.php,a06097f2a03ce322a2c7696da71bbc5a0de2093405c88f094a24b3978ab68f6b,2310
Test/Unit/Model/AdminOrder/Product/Quote/InitializerTest.php,a22e2edb91ff6eed611a77ebc013837ba1787710967329759c5064410accfc53,5594
Test/Unit/Model/Config/Backend/Email/AsyncSendingTest.php,5a0898c89fd236d8be98be9a604d8672073bcfaed1740111967f109445e6fb30,2857
Test/Unit/Model/Config/Backend/Grid/AsyncIndexingTest.php,25704044546e60c904ae8387be3812dd72cdecec4df888ae71b916277dc37c46,2819
Test/Unit/Model/Config/ConverterTest.php,c8cb3b237d6eec0d825796d788fed0a8db620b408b42dd2e316448c941ec9c4b,2422
Test/Unit/Model/Config/DataTest.php,ca87c64cc91a5d2807996434dd25e1102473fd3370c617259dcd6a80714cc18e,1160
Test/Unit/Model/Config/ReaderTest.php,0c63b04b9bec7b8dd3962681f5bb1bc0566cc58017e79c0f8f6a1ec9b9b8fddf,1298
Test/Unit/Model/Config/SchemaLocatorTest.php,1182a87160ccbb586065e14d5f6629eea0cc5eb43b31d270dcc83350f8cb16ae,1211
Test/Unit/Model/Config/Source/Order/StatusTest.php,6d03397567c4f6bc1e57457e2fb9192b87db5d22e8060ac0671888e01ddd6627,1445
Test/Unit/Model/Config/XsdTest.php,04ed5d1403b897c14342e57045cbc4a5381fbf9e7e25f440d344ffd0191d2f5f,4167
Test/Unit/Model/Config/_files/core_totals_config.php,ffbf56425b1aaf2001364eb7641436101ce313ec4371e5e4c89a15707e2be998,1121
Test/Unit/Model/Config/_files/custom_totals_config.php,53cb9e97230d907c15c7bfde55c16e10eb6dd864e17fa5a5286b9f1e572bef5a,533
Test/Unit/Model/Config/_files/sales_invalid.xml,626cafe6d9aa8ff49a637bdaebcb0632321b8def3c839ffa53da14e6a1b764d8,384
Test/Unit/Model/Config/_files/sales_invalid_duplicates.xml,145837924586394b6cb839168b3cb7e15b91e452bc3b763baf30a048b7829e88,1013
Test/Unit/Model/Config/_files/sales_invalid_root_node.xml,a9339e2adbd3f44da04c801ac28bc2d2ca327b6faa0797c3eaa27788e5ea0a11,306
Test/Unit/Model/Config/_files/sales_invalid_scope.xml,1d47d4c90adec9b07b150472a9b4965bc4225ff4320732ddce54bd6c39fc2685,934
Test/Unit/Model/Config/_files/sales_invalid_without_attributes.xml,abcb0ae5eab1203d135a00116a2ef882a9c1c7e8a25ce53bd853ddf828c8548b,480
Test/Unit/Model/Config/_files/sales_valid.xml,1d47d4c90adec9b07b150472a9b4965bc4225ff4320732ddce54bd6c39fc2685,934
Test/Unit/Model/ConfigTest.php,cc4c7dfee16a85ec7cf0806e1f80e627f69f40adcd2891f3d7eb3352ce22a46d,2782
Test/Unit/Model/CronJob/AggregateSalesReportBestsellersDataTest.php,c2797a8c9170d9f8de6b6ba380b30b9f82bade652ab9c0fdd4eb4e9e0d9234f5,2937
Test/Unit/Model/CronJob/AggregateSalesReportInvoicedDataTest.php,1cae949cbe4a9b2c815cd6e0c54ab79ab826387644c0adb0bdafed8f4ff37684,2880
Test/Unit/Model/CronJob/AggregateSalesReportOrderDataTest.php,6d7e95d09a2e542ed6b8b6e242a6900ceba892c1806c197c6b08893c38dfec2b,2835
Test/Unit/Model/CronJob/AggregateSalesReportRefundedDataTest.php,e1fc387cf03f20e8b5ea632d5ae88c843f201f0773da31e4fa766c2d89354b8b,2880
Test/Unit/Model/CronJob/CleanExpiredOrdersTest.php,ec614fbe183c916c97098c4c46d5180ecd62a6eb68e0537f42cbd94b6135c9b0,4022
Test/Unit/Model/DownloadTest.php,78f2b293f66e09d7b5013b9363e8c45e24b7c9a7014e8999208893d48f6ecb7a,9283
Test/Unit/Model/EmailSenderHandlerTest.php,ddcc2e3a5ff2ed18394cb6cf80591b551dd24d06820695733481a46b78504aac,5094
Test/Unit/Model/Grid/Child/CollectionUpdaterTest.php,de823bb9a181be8aafe33145a0ff22b808b10525dc6424df7097e535ddcbc910,1589
Test/Unit/Model/Grid/CollectionUpdaterTest.php,80654fb83df367ba6523500ba5d2987bee854f4bd39fe4efb86b8ddd1c7b3e04,2474
Test/Unit/Model/GridAsyncInsertTest.php,66704c814d5610c482bff88af13b05a49e8322512abaca698039fa5a576dbd2d,2349
Test/Unit/Model/IncrementTest.php,2f83aeae8df56c667d3002b57636ae19603db9800fa65dc81cac01da3e4fd8bb,1904
Test/Unit/Model/InvoiceOrderTest.php,ec758e72a50dfe72c1c8b2d175ac7ec3fad8e0662266c9421e2a81e7c7873121,15189
Test/Unit/Model/InvoiceRepositoryTest.php,a2d3b061e710db22c91650ac254dcc6e2cd6d020046ae7f50d9c3d8488c5a14a,7679
Test/Unit/Model/Order/Address/RendererTest.php,f067da274bea0020bcbea25272f939fe92abf994cac3761f4827814580b1aa72,4884
Test/Unit/Model/Order/Address/ValidatorTest.php,a7f06c0e90969333a7166a07d03bd82552f526f78cf3a4557fd6616f8979802b,3900
Test/Unit/Model/Order/AddressRepositoryTest.php,123e54a75d1748ce88d86d39c33efc1605f84b2dcaa5d9e38ee98260631e917d,9555
Test/Unit/Model/Order/AddressTest.php,dd56af7cf3509266a8d7646fc00386f1cb41f5bc996f450e951aada7fa7b9906,4864
Test/Unit/Model/Order/Admin/ItemTest.php,58550a57cee95fcc0e8c037cfe091c902bdb485b2aec99d5f79e5ee1266a4b31,1602
Test/Unit/Model/Order/ConfigTest.php,7c2cde3fad32fb04093592ae96022a133eaf25e7936cfe8198be2bb68b37051d,3084
Test/Unit/Model/Order/Creditmemo/Comment/ValidatorTest.php,bcb359f01632cfdf29e530c08e8e2fb7a3af9ca11714e59743830bc24b7ae1b0,2512
Test/Unit/Model/Order/Creditmemo/Item/Validation/CreateQuantityValidatorTest.php,d72fcdf08884b82d63d26010d270cd4d1e739429d85c7f347c56fb143c02bcbd,3746
Test/Unit/Model/Order/Creditmemo/ItemTest.php,474fb7abe3da23ba02a567642bf52b15a607ea4cd5b4ea746cf6912ca263d54f,10733
Test/Unit/Model/Order/Creditmemo/RefundOperationTest.php,38729ba57ec2ff1d83d8da2f345ea18c681fc47481d4a39c5ee1e6402a5e0ef0,16005
Test/Unit/Model/Order/Creditmemo/Sender/EmailSenderTest.php,4197c2b6cc7dc252f08fb62e9b03597c8443fdd010fc913ea7812a662bd65902,12446
Test/Unit/Model/Order/Creditmemo/Total/CostTest.php,8495d3cda325c77762850723f4a97c8fc7c0a5b5a2c2c166abfcab84d92db3f3,1994
Test/Unit/Model/Order/Creditmemo/Total/DiscountTest.php,685ea57e68f07de9eccc1f807243c7af366fad7f07db3c3b3f0802894075c2ac,7970
Test/Unit/Model/Order/Creditmemo/Total/ShippingTest.php,5f357e1dc4ef4bd972691c3d13c2a8ad6562e6d731f9fec2ecbcbe7cc122ef64,16487
Test/Unit/Model/Order/Creditmemo/Total/SubtotalTest.php,83a1cacf9654dd97b89ab204b0c8bab87cf87c3c6b14b93c28cf2dce5703d0b3,4825
Test/Unit/Model/Order/Creditmemo/Total/TaxTest.php,030192d4604aab393455dd9f2009a87c3e07e3e2f6bb1eb6535c97484a49fddf,27184
Test/Unit/Model/Order/Creditmemo/Validation/QuantityValidatorTest.php,93764db180401b0ff38f4368a7d13072138b602bdb2aa6f9afb0dfccdba245b1,8836
Test/Unit/Model/Order/CreditmemoDocumentFactoryTest.php,2332e2c4538bc67606fe60da0722bda229bee438563495faea0911a99aaa2912,9281
Test/Unit/Model/Order/CreditmemoNotifierTest.php,2ebabc094ad6f8b02390c508c1d60f92492a95b74c4e468bc4e541352322b2f8,4403
Test/Unit/Model/Order/CreditmemoRepositoryTest.php,5b42110a0d8235884d0611be7eff1b12e6f20abbcaf542aebd7c87bfac835803,8761
Test/Unit/Model/Order/CreditmemoTest.php,6992eb8d86a3c1820d20d2778855b55339e423975490375d692d4fefa996c449,7179
Test/Unit/Model/Order/CustomerManagementTest.php,98646e2b77ab629cd110de0ac10c993de2c8dcc7b8c932d7c46fbbcf689da6e2,5814
Test/Unit/Model/Order/Email/Container/CreditmemoCommentIdentityTest.php,83f2e69dab9cfcbe2ae2fabe884b09162688519e87fcbb06e459f93539a0016d,6812
Test/Unit/Model/Order/Email/Container/CreditmemoIdentityTest.php,0728f307738a6403e4aee655ebadcd87960d4d9db67a34898496b7ba43e46b28,6735
Test/Unit/Model/Order/Email/Container/InvoiceCommentIdentityTest.php,5c8d1a1ee5893cafb2bec4292b9a07ce8cd64e0d3fa2db2f8666e62a3159c05d,6779
Test/Unit/Model/Order/Email/Container/InvoiceIdentityTest.php,ef49f994cac9929623dfb258eb6ceada93eeba925a3ab8f0c29bccd8f7979c70,6702
Test/Unit/Model/Order/Email/Container/OrderCommentIdentityTest.php,fce132f2eb6be5f4e9b473e2d0e5c71270785eb8a586eb9fceeb2115863ca1e9,6757
Test/Unit/Model/Order/Email/Container/OrderIdentityTest.php,0a10646134ca2ace29e2e2b594e6caf2e6c6683c5391b83ca876bc7f487694f3,6664
Test/Unit/Model/Order/Email/Container/ShipmentCommentIdentityTest.php,dfb62ecacb5967468b12d4203dbe68c0cb96b7f8ddb85ddb68b1c19572a9db77,6774
Test/Unit/Model/Order/Email/Container/ShipmentIdentityTest.php,58eff33aa02dbd8b92f5574510b0716380dc09a5870d8f71f56f973aa29f78cd,6713
Test/Unit/Model/Order/Email/Container/TemplateTest.php,06bc4a51ea43e87398942bdcdbc900b616903d1a53580ee6fd7de4b31bbaa1aa,1278
Test/Unit/Model/Order/Email/Sender/AbstractSenderTest.php,3c29a51ac639975f7e8282ed0a36002701e4cd983a9d0371b463a3a852460a40,6353
Test/Unit/Model/Order/Email/Sender/CreditmemoCommentSenderTest.php,e73192bf6e5ca8ba18ae818fc1f9bb450882b036edda4b2ac7b3975b0ae74e69,5373
Test/Unit/Model/Order/Email/Sender/CreditmemoSenderTest.php,217f2ce6539452f4085eedb0da97b754c92cbcadd90d8a7b3dd6e00793160edf,9058
Test/Unit/Model/Order/Email/Sender/InvoiceCommentSenderTest.php,6c1e88edd12318a24fc70c1a496e5671286a0afb6ae9c26dc88c080edcf2b3d0,5711
Test/Unit/Model/Order/Email/Sender/InvoiceSenderTest.php,6411e74442be1d4da9d86e8c7f0658478b83199c9baaced76f9fc4988e996193,9176
Test/Unit/Model/Order/Email/Sender/OrderCommentSenderTest.php,42abfab999fa9f1ea72520103acf20ec085bbd8d56c30d8aff683a4b64c0c586,3356
Test/Unit/Model/Order/Email/Sender/OrderSenderTest.php,d34e407c587c05ed66c828db3eb5c7bd3fb998d3d66d23e199c048a15d060d6b,8046
Test/Unit/Model/Order/Email/Sender/ShipmentCommentSenderTest.php,ae4eb95cf850cd6dacd88b1bb9fc6eb545577fc47b482a07929e313803b926cd,5353
Test/Unit/Model/Order/Email/Sender/ShipmentSenderTest.php,847608416bb43e0ea6d02da2c7fbff42b82a42bfbc85e3b4e646a30dc6f54d09,9190
Test/Unit/Model/Order/Email/SenderBuilderTest.php,4732bbfd69f8517456bb8cd1873bb506c328f4dcc0c1eed883be8e9a7cad3996,5950
Test/Unit/Model/Order/Email/Stub/TransportInterfaceMock.php,f8fe322448b71739af7f895dca6c3de5d676777165db86fe436df66d31729053,433
Test/Unit/Model/Order/Grid/Massaction/ItemsUpdaterTest.php,9dd31acee023301a9de8435be47115b858dd4edbbc82033d44e147378a7d38b2,1423
Test/Unit/Model/Order/Grid/Row/UrlGeneratorTest.php,653853e5ca053e551818b29ab3498052bc357cf95d9a0601e21e3fe832d2313b,2000
Test/Unit/Model/Order/Invoice/Comment/ValidatorTest.php,a5e89984742737ede15a9121eafa8b82c6ce8dcdad95ec2629a37e7d812de081,2494
Test/Unit/Model/Order/Invoice/Grid/Row/UrlGeneratorTest.php,f769ecab9327fd9a4fcef3f38324137d203cf11315224ac0af7ea514422f24e0,2047
Test/Unit/Model/Order/Invoice/ItemTest.php,76ef2477c30ecd3229adf25455fa64ab8bb164271292a389fc5e7dc94e4b3630,11102
Test/Unit/Model/Order/Invoice/PayOperationTest.php,5f6c90a1ce72ef4e12289fd607f807eb7e242ba850087b971240c94be3d0b858,14920
Test/Unit/Model/Order/Invoice/Sender/EmailSenderTest.php,f17c22c24813b2d27795f1ec1bb1584b054b8637d0dfe7ecb98dd216d9d707cd,12331
Test/Unit/Model/Order/Invoice/Total/ShippingTest.php,079f29403a57d5c061eb52128ff4e8c04fb1f37d3c548281eb3f71181a0bda59,6310
Test/Unit/Model/Order/Invoice/Total/TaxTest.php,d567f24b5ee0c7aee21662f2d9f73bccc0dd744bc5e567fec2b5d3a45e69b7da,15105
Test/Unit/Model/Order/Invoice/Validation/CanRefundTest.php,c1c22558cc3d371d7dce09fc6e8f7b95c8370ff9e8275fb9a1ab2319f167e2c4,4591
Test/Unit/Model/Order/InvoiceDocumentFactoryTest.php,50223936b1b17b35bd2370b12437b819970b68b07d9ef19d440277af334c9680,3452
Test/Unit/Model/Order/InvoiceNotifierTest.php,c377fa6145dc618729e92e8a01baa1de52467352df15e97391e89141dd2d8868,4361
Test/Unit/Model/Order/InvoiceQuantityValidatorTest.php,c6418e614fd45580b7a92ed6f22c705266edf8c3b53384505350d9fff3dca51c,6773
Test/Unit/Model/Order/InvoiceTest.php,0bd4b0c4d88c155a6a79165dd735cb3644a5edcaacc83371a534da18f93c0604,13134
Test/Unit/Model/Order/ItemRepositoryTest.php,b0a3b58c897c1d6ca096082644db62281283bdd48aedddd16fdf0dba323cd531,12887
Test/Unit/Model/Order/ItemTest.php,1314dab6ef800e972eafdeb4ff74e7f07dee829a0072f0e5b99be5f9fd469f2b,6424
Test/Unit/Model/Order/Payment/InfoTest.php,7248055d347ed8ae721caeee22a37791c2c735d2664147627b9469a4597e36e4,8481
Test/Unit/Model/Order/Payment/Operations/CaptureOperationTest.php,5336fea6e4ba4d91f5008a5b104eac7445d914c808834ffb5f6699f76d980cca,4096
Test/Unit/Model/Order/Payment/RepositoryTest.php,107bfee875ba0eb4b652785970e0e7d918e345d1e2bac0ee1fdcb144d0fbbc9d,6877
Test/Unit/Model/Order/Payment/State/AuthorizeCommandTest.php,e239c670028a388b16a89d8a63e381aa7cd2e9a9e4db0978953376c23dbfb224,4843
Test/Unit/Model/Order/Payment/State/CaptureCommandTest.php,63f567bb208544d992676375f52e43466082e78da8a674a875d05be3ecadb81e,4845
Test/Unit/Model/Order/Payment/State/OrderCommandTest.php,16b093ad5e84b1f6fe0f3aa80d6fabe46c65044fec82cdc8bfcecd34b3467513,4645
Test/Unit/Model/Order/Payment/State/RegisterCaptureNotificationCommandTest.php,d0bbd350c2c72f9bd887e7fc90cf5867eaaa92217b0797787110787f77f2819c,4814
Test/Unit/Model/Order/Payment/Transaction/BuilderTest.php,f34e7f9379444ec241fa3e436ca6c3b4a9e449045942fbaa445adf09d0446aad,11613
Test/Unit/Model/Order/Payment/Transaction/ManagerTest.php,0442a5275946eb1436d0d4ba6e964227fa18c4c512f084db422938c4a1cc4024,6619
Test/Unit/Model/Order/Payment/Transaction/RepositoryTest.php,d5e7291e9c07429c0d738524dcc9da0ec47d3b54e9f59af37338acc0d5647342,17713
Test/Unit/Model/Order/Payment/TransactionTest.php,3b134c11ee182f5fece9e38fa6a7998228ebf25eb3d5723797f065d0890c06ee,2237
Test/Unit/Model/Order/PaymentAdapterTest.php,a8a610908466f13be1ca8ab22286087d38ad65818db5506bcbe0e6b510f3ae0f,2308
Test/Unit/Model/Order/PaymentTest.php,f775d02bb852131e3ebd6fdabccea47e4f7e73f4a1a48a256b9de0a811e4be47,63177
Test/Unit/Model/Order/Pdf/AbstractTest.php,73ec8483183720ab4964a4f22465bc998fdd0ff3dec5e705544f576960a82af0,4877
Test/Unit/Model/Order/Pdf/Config/ConverterTest.php,883ff0ba83d1163a0df573a90e9b68df9010c0fd1900886f9c17f9a73c06893f,758
Test/Unit/Model/Order/Pdf/Config/ReaderTest.php,8b561ca2b3c3a754e4daf5c6dcb3e721fbe4aae4be2d5d18de8dcf4163869415,3365
Test/Unit/Model/Order/Pdf/Config/SchemaLocatorTest.php,f15bfffc19d69e4b834a13788e26ee075fd5420f50df53d0b19068d4f39d79da,1720
Test/Unit/Model/Order/Pdf/Config/XsdTest.php,4e62c659a5bc44c5954a034f43519bf5024d58fff33b0fb997d5ef0d7df1bcc1,14196
Test/Unit/Model/Order/Pdf/Config/_files/pdf_merged.php,9dd5fa1f32b5ea4cfe3ab0725f1b62631145e59bc2cd1c02ef4eb4e5aac3c0ee,1478
Test/Unit/Model/Order/Pdf/Config/_files/pdf_merged.xml,c984de6106c5d26b3db405be5d2aac9d88326f17f260e07b6ce8368febba1c34,1976
Test/Unit/Model/Order/Pdf/Config/_files/pdf_one.xml,c713e03d69d008e347ef9756062dd803daf089449633773c9e547926b8abb888,1420
Test/Unit/Model/Order/Pdf/Config/_files/pdf_two.xml,45108889b1507c24a9f37a8d177f0fd23442ed5b3e196d47c8bf67ff04ec5f2b,1153
Test/Unit/Model/Order/Pdf/ConfigTest.php,bfa7773080188e61a7e05260f04e404fc56afef475d187ee79535f442e947f98,1626
Test/Unit/Model/Order/Pdf/InvoiceTest.php,bf8a3839353e3e01d73ae29d9b0bf31e0ec4a1b48a121e13c280f5cbdab26c1c,2723
Test/Unit/Model/Order/Pdf/Total/FactoryTest.php,f548f4a119301acd67ccc2a6b9d43d58b4c25446198edff1c4c0597a7b846869,2212
Test/Unit/Model/Order/Shipment/Comment/ValidatorTest.php,6f5826896b16a050d74743233c0471207da7c779f92cdf79f6b686f98cbaf44d,2500
Test/Unit/Model/Order/Shipment/OrderRegistrarTest.php,57da60b17f30f1a445bf9af0480a03ff4b317f533308d306c9e478f49dbbf3aa,2231
Test/Unit/Model/Order/Shipment/Sender/EmailSenderTest.php,c1d9ae629dd52de5bed5ec81741e56df882b887149215d2f42eabe20cdc64b9a,12378
Test/Unit/Model/Order/Shipment/Track/ValidatorTest.php,202079dfbf510474024d2d7c76ae90c8951a04b9ae90e37572ec6f67c0cadedb,2946
Test/Unit/Model/Order/Shipment/TrackTest.php,2d7d66025eb29452fe6cc75bf8d9fca34534624a2153c0f9ac41d10a43982898,2618
Test/Unit/Model/Order/Shipment/Validation/QuantityValidatorTest.php,85fab9bd7de991a0df5c4c243e3ba44c77f45ab2f67116ef838d9ae9071dbbf5,2044
Test/Unit/Model/Order/Shipment/Validation/TrackValidatorTest.php,6e4012c8ee63ded26dff232a2d506948cfac9d2409751f48bc284d302031caa9,2491
Test/Unit/Model/Order/ShipmentDocumentFactoryTest.php,832dd43e86106688efcc77e31abeffee0589df381a961980097997f5e3b0cab3,6055
Test/Unit/Model/Order/ShipmentFactoryTest.php,26539ae5ced3661792a17abb54eea69a34ec5048f5303bfca69c04abc74e5b9a,5641
Test/Unit/Model/Order/ShipmentRepositoryTest.php,37608ae8fdc973e419e1546396ff3296b03d4362530d44138617f11b3eaa12b8,9560
Test/Unit/Model/Order/ShipmentTest.php,d448a0b0a32e96bc731ebecc27c5dded6c8d0b936f96dc37a8c609b0ed752e55,4838
Test/Unit/Model/Order/StateResolverTest.php,5e15dee8ac394a23397faec4f2b76f0b62a65e9bbdd273810b824f5446dae720,2233
Test/Unit/Model/Order/Status/History/ValidatorTest.php,7c04cc35f8884d1fbac44af3d485498981f6505013c10021eb4af5349f154ab7,1113
Test/Unit/Model/Order/Status/HistoryTest.php,aeddd09c00155249dce5dac6cf7eb7f844892c0041a2f155455f73de97d9d28e,3170
Test/Unit/Model/Order/StatusResolverTest.php,1697c90080d8efba5528be18f3eb5b12ac8cb5f6ea5303e051028950ea2de5d3,3136
Test/Unit/Model/Order/StatusTest.php,237fac130b7afaef0eb0f2017ff9192e1b8223bd972b167f704360287f06c884,6568
Test/Unit/Model/Order/Total/Config/BaseTest.php,ebcb9272d91a25ea04f070395f6463a5b1be13cc688b3041d67beffe14b8591f,5828
Test/Unit/Model/Order/Validation/CanInvoiceTest.php,c2b25cba35f75987fde8232088b471c27f2a5b5b1f5e5e8c9a6bb823a888913a,4445
Test/Unit/Model/Order/Validation/CanRefundTest.php,6b55463ed78c34a3d2f1fe3a9d14f63d553c318e8ce274b0a7e7c5214291298d,3464
Test/Unit/Model/Order/Validation/CanShipTest.php,283749e321d8d60e5bd8970a23fb901e60cf65cc10d55a0bd0fd35f1bd63f0a0,4335
Test/Unit/Model/OrderIncrementIdCheckerTest.php,2be2daf2e26ec8f51e1648516795dbded60789d3f4598340492884d1cdd0275d,2695
Test/Unit/Model/OrderNotifierTest.php,24d224978fb241084e85f9fc13579700b2f7d11c9f90fc25276c78f63d1560e4,4285
Test/Unit/Model/OrderRepositoryTest.php,334f058d6627e96d78ca861d80385d558e9bf0607602bea36a8a406495a3d0b8,4843
Test/Unit/Model/OrderTest.php,45de0300d9474b42af4b998bd6a37d26331873dfd0a3191707fe6a6624e0ae48,35146
Test/Unit/Model/RefundInvoiceTest.php,a725fd2345101ff86b019f135a04495a861e0764c57601c4c9292909cc14c355,17155
Test/Unit/Model/RefundOrderTest.php,5679cacf251f03000d355f3ec24f7cbe41bfe5e7e95f21d43ba95449cd2c81c0,15356
Test/Unit/Model/ResourceModel/AttributeTest.php,ebd05680e7418feefcab53d6f12594a778086f59ce3eb8bdb6b583b59174b3f8,5316
Test/Unit/Model/ResourceModel/GridPoolTest.php,8bd048c6706fc341979f3dd3cec04290de1f6723175bea09bb8b79ad5664cae5,3827
Test/Unit/Model/ResourceModel/HelperTest.php,df4e2bcf1279ea9895bce8198790ede29fe9a6d545be58f099a9a83c80bedf96,3158
Test/Unit/Model/ResourceModel/Order/AddressTest.php,f9e9c2da9219f33dd712764c62b38244defaae37126bac1735b59fe20af15e88,4861
Test/Unit/Model/ResourceModel/Order/Creditmemo/CommentTest.php,c823a03770f0033c0f84e3dfba48da8626b732065c7ebe4811b30bd2e9cf1f7d,5249
Test/Unit/Model/ResourceModel/Order/Creditmemo/Relation/RefundTest.php,378a30da31b04b3a0fd4f6d1a854c3af33b2afb8f4816c60be426014a5fd2f1e,2908
Test/Unit/Model/ResourceModel/Order/Creditmemo/RelationTest.php,b33e6be763f78c6d81341bd76db9d9c48a28582a186166aecade10a500038394,3721
Test/Unit/Model/ResourceModel/Order/Handler/AddressTest.php,d81e5c14db17f94747e7371b9fbebdb5dc4500a9fc3470551af91c437ecec5c5,5949
Test/Unit/Model/ResourceModel/Order/Handler/StateTest.php,7482fd0f56a4c06885a47e6edbf781f11281ffccae35e204d75ce2e99630e935,6633
Test/Unit/Model/ResourceModel/Order/Invoice/CommentTest.php,eeef309c2f95567800b4c271e8d22bfb8941ed4d6e10d5867524404e792ea9b8,5227
Test/Unit/Model/ResourceModel/Order/Invoice/RelationTest.php,3ab22b352b2bf818be3611fb9291d4691fca22f4bb287e87537004cce6187581,4376
Test/Unit/Model/ResourceModel/Order/RelationTest.php,54c80091e88c17d98387b8d954b13a240da68f01dba4844b340d5e34991d3248,8049
Test/Unit/Model/ResourceModel/Order/Shipment/CommentTest.php,a227230d1740d356315dc0d81caa9eb9ee88ad4879f581d5ba73dd7322f3c92b,5234
Test/Unit/Model/ResourceModel/Order/Shipment/RelationTest.php,a32fa85499d32a47e3ea6c27b91da5e689ea91317134471f7ee365be9c3f0034,4792
Test/Unit/Model/ResourceModel/Order/Shipment/TrackTest.php,57fa0b6cc2b7e885fe8b5555292f6d61499d0c97b3cb40eb460fe6fa0f9b73be,5275
Test/Unit/Model/ResourceModel/Order/Status/History/CollectionTest.php,7d7046b747f52511107d38b36d13f2a9de5f6934bb0ca8dd60498318d03393bc,5511
Test/Unit/Model/ResourceModel/Order/Status/HistoryTest.php,db252182f85a14d5f20f65c178d8055eb15c585af1bb136e55bfb25d91f1d183,5131
Test/Unit/Model/ResourceModel/Order/StatusTest.php,e51bb41e3be4236ff1250701bb7a03edd2328d31573a1be8923b76af27a978dd,3564
Test/Unit/Model/ResourceModel/Order/Tax/ItemTest.php,5bf9122ef3076ded8c5a4e1cc1a96a42a67aeb72d57bfb2c67ef39d41082a523,3270
Test/Unit/Model/ResourceModel/OrderTest.php,cb613a1bf00417076f0fb7346a5cd2ecb601867966c1f0d8efc34873ab82183c,9236
Test/Unit/Model/Rss/NewOrderTest.php,9343a7d1a030ab2cd3a2548e1424c579f96ffc0690d318786dfaede7bb43675b,6848
Test/Unit/Model/Rss/OrderStatusTest.php,ec5c5bb782fbedeee6c4721deaf39cd60f084b899e86bab4083069f8a51ff032,8397
Test/Unit/Model/Service/CreditmemoServiceTest.php,2620e0d0d1508221161ea068e24e16fd4214a4f9f8f38d0d5c17f41dffdde5bd,15806
Test/Unit/Model/Service/InvoiceServiceTest.php,9aac834fa433d8b0d6caa611a4293f664625cb0216a8be38a6ab89686b3797c9,6774
Test/Unit/Model/Service/OrderServiceTest.php,dde81a2ffa01f09cd5e5b42519f7381392c16f8c807b0f89814fdc7d4f82c90f,9539
Test/Unit/Model/Service/ShipmentServiceTest.php,cfe7276849ef082d6b827c1f7b0963374ad5a4bc50d9183abfb308c055e17ac6,6131
Test/Unit/Model/ShipOrderTest.php,aa2eda18b08699fcb3637e114c7d759d2ea393d2074aae2e4df40e6d385fda37,16176
Test/Unit/Model/Status/ListStatusTest.php,711f6256dc29f75789d29cd6b1b3dd0facdd1c7d8d2fb5835606699f05703ad5,2724
Test/Unit/Observer/Backend/CatalogPriceRuleTest.php,92cd51cc3804f1b41e9fcff9e7aafcdd5cd8c80f90e97cb93b3e30773896d1eb,1109
Test/Unit/Observer/Backend/CatalogProductSaveAfterObserverTest.php,34a7a8efe88c46c25bc579256f4d15594611e21dfc54d5c4d2c40124fc37ae5b,2333
Test/Unit/Observer/Backend/SubtractQtyFromQuotesObserverTest.php,21dd6ed73cda25a0fc4505477add645075f1eeb20bf79cf0ec8f5538add8e55f,1869
Test/Unit/Observer/Frontend/AddVatRequestParamsOrderCommentTest.php,7c5962adccfcf5fe7b274352587b089f5bdf4e91ee3ad7a25a5415942a2bc7f3,4165
Test/Unit/Observer/Frontend/RestoreCustomerGroupIdTest.php,34aa979df83f8710dcc4784fe91967f934a18a408e8e2fc61dfbfea0203de053,3188
Test/Unit/Observer/GridProcessAddressChangeTest.php,a456d4d6b47b1cb582a8295ce53e91b4c37e2f80c4284a5b326113b19ea9b1c3,1565
Test/Unit/Observer/GridSyncInsertObserverTest.php,68729f72907ad9a84684f567c0aa22308230cdc6f2fa6fb3c500ed425e8bb785,3190
Test/Unit/Observer/GridSyncRemoveObserverTest.php,740212b7bfd4bbeee80f31177a915ef95b70590aa754fd5d85287b120c037e9a,2208
Test/Unit/Ui/Component/DataProvider/DocumentTest.php,a48240d4e9c72e8268e3d5a89acb9d4717b67859f94e529dfcf9129f53e0e847,2796
Test/Unit/Ui/Component/Listing/Column/AddressTest.php,53d2662b7a6bd7585b99d3b0709bd46e0ae6ad589c04c38fe7a4f6ae92db63e2,2124
Test/Unit/Ui/Component/Listing/Column/CustomerGroupTest.php,22c7a8788088d9cd1b1e6992b7ca157ffb85337ff63e4c00d5acbf8961224803,2386
Test/Unit/Ui/Component/Listing/Column/PaymentMethodTest.php,307799e4801f5d99789b6f73263903e98db15eb701ee47021d57c354e7e4c51a,2337
Test/Unit/Ui/Component/Listing/Column/PriceTest.php,0e911b36d4b935ab09823f319a34752b72a2d80a584c81aa3757b69a6a790e12,2169
Test/Unit/Ui/Component/Listing/Column/PurchasedPriceTest.php,5af3e9b34ef04bcfae61d10ba3d6c5581fea633fe891ac2583f379adb34ed938,2315
Test/Unit/Ui/Component/Listing/Column/Status/OptionsTest.php,555c398f6421eef3084dd0f9aef412cf808e6c5f6af6e414d10819e4e9719e09,1784
Test/Unit/Ui/Component/Listing/Column/StatusTest.php,d5690545da872a53d7eaa3089a32de473ec07010f7776069b14da7208ca8f46f,2216
Test/Unit/Ui/Component/Listing/Column/ViewActionTest.php,1f52d5f2ae0e8c6957a252bf3d3b75e5a22d25b23ad6cd630c59c94f3dd982ea,3342
Ui/Component/Control/PdfAction.php,5e2d2a7a3fea0975d6a73e000faf266d50fc1211d1df9774a8670d96f056153f,683
Ui/Component/DataProvider/Document.php,ea9b97b001549fdd5a86fc95c7724b6722e5b1e74c4cd9ea61bbfc0fb71f47d9,2564
Ui/Component/Listing/Column/Address.php,6198903c56c411a27d21bc982bf17000aa9bbbd103ee6cd119b10614a6a2ed79,1599
Ui/Component/Listing/Column/Creditmemo/State.php,3d798e2e1db98ecd74c7e7c82c4d4042dab17e39f53bf7a21b1c56fe115bac1c,1736
Ui/Component/Listing/Column/Creditmemo/State/Options.php,fccd8385f9098cb55d1172dff794c2e701e6a20a7c81f478d5c8786216585cba,1317
Ui/Component/Listing/Column/CustomerGroup.php,af6e48564f72bb809d5017266adfc24da8cca5ddff2fdd0336921b5ac5815f2b,2048
Ui/Component/Listing/Column/Invoice/State.php,cee1984a2a0ac5f179af63053782afd65f3e227911fb00855dfe592ded999713,1715
Ui/Component/Listing/Column/Invoice/State/Options.php,785d69be236c061f0ecae3581680f29e89f6b621ec2f6a3b7eac2997dbbdcd45,1284
Ui/Component/Listing/Column/PaymentMethod.php,e102f04ed308d6c3fed95cf88bda06e1066bd35fd55411160c9fe84b33431a99,1802
Ui/Component/Listing/Column/Price.php,8143e3d2d0ce13d5d1065487b32149494e59fe8597094bc8435d0caa44267b3b,1848
Ui/Component/Listing/Column/PurchasedPrice.php,b266d2b0cbb6d19a10823c7807766780a8ae8c66701d41197247272c80ab3e45,1903
Ui/Component/Listing/Column/Status.php,0d6bbba074ebac24b806dbec6e821ad88309b6da1ebc1129e8505e5bb867d236,1721
Ui/Component/Listing/Column/Status/Options.php,c943821df01acc5fd77df16d37a7a388316d1fc1b793cef3bb8f7d785dd3cdd4,1017
Ui/Component/Listing/Column/ViewAction.php,f6ab712d5753889b243c35542b9dba5362fb4dfc37027c8cf1f2b7c954948cd9,2149
composer.json,31808c0c5b76a8315b9bf4fb0e2f41e6e7a1f501f7ebe77eaf89a06eaf15f914,1596
etc/acl.xml,caffb531de5a28b0d6506b2b1d92bad5cf9f68181d2e7ac6f02209121e0191c6,4317
etc/adminhtml/di.xml,6889ee31879521e05e1cf4f1e174962d0968ecded8b6844b14c474487f5351e7,2582
etc/adminhtml/events.xml,e938d745901bb5d37638ccc3e32046c4e103298b6e5ad501d50226b1695bde99,973
etc/adminhtml/menu.xml,19c20921e61f9e67a4121be42c23d53d90c9d5de9482088e29ef27fe78802686,2076
etc/adminhtml/routes.xml,63d352f3f5865ebc8addefadf5225f25e5b4bfd26dc978842e7f2e0a5ed1abea,455
etc/adminhtml/system.xml,dacf82c1a6f9aca4b7d953e9b2c9558a1d5adc6360fd0adf1e5541124e084c0f,32337
etc/catalog_attributes.xml,83848f1c5d3ee7498bb0ed981afb8a67692904cda0109409576a63d9bc6fff99,1002
etc/config.xml,a998ba143cc02894636321a04d9c7c5e3c3480c567c85b22c4ed3f55df35f3e6,4350
etc/crontab.xml,c464a569e3fa6e89541620f91d9a1788ec43ce725c40cc9d4aa2376109445e87,2918
etc/di.xml,33c255d716f6fbec06b5c74c6edf43b6f735bf94c4a6bf70b49489c65538fb17,66184
etc/email_templates.xml,65eff9ca0dd75038725ae1058f5ae5f7000177179cb0397407a2226977bcc5d3,2938
etc/events.xml,0f58053327638e8671fb89b4054710c40e46ccd310a7fb1c1e02af9688ee1c44,3455
etc/extension_attributes.xml,86f5a3776b48f2e856d1a688d5c68065c28c9edd936692e5b569db7390b58893,510
etc/fieldset.xml,0959402de49e0bcd8a3945b71d601debe799f14e48fb2f8e0b41554e9b89a20f,31361
etc/frontend/di.xml,7881096e84187517a0a4cd6f290dbafc98519a1c2088208a082b79747030d084,1212
etc/frontend/events.xml,15bd8020a144e4abafc456d0d4e86948acca6af08d808a1b85c651b8dfc74a14,490
etc/frontend/page_types.xml,a9191b921fe965cca8ba36265634c5d5c2395b0e8c00034e470585e45a1748b1,1767
etc/frontend/routes.xml,3b7f75968f976c1dd36a629aaa1ef9c7724c2963bb2e308c1766bc8b27a17c11,433
etc/frontend/sections.xml,752d2dae3f363a2b3c0cb90fcb562a3857f8a608dc10c076c947f1aae210511b,476
etc/module.xml,c7c4523884d16a9c0a3394b3132d52a4564f9454e19544fdc1f3c5c36e3db208,627
etc/pdf.xml,67679329a26270f79a9540bde3c95ff262afcb2d93d8f7d0c6286411fc82c548,2681
etc/pdf.xsd,cb7efd0c3db1bbfe52dcb39996c2bbb0f521db5e49c26cec2bab5146844dfd7f,3804
etc/pdf_file.xsd,f8dc1cbb01c2c9c3679d5f42d0352420b2f91b5d9e4a4a3e69108aff8ce1feae,1422
etc/resources.xml,0bee8f31fd0c6679fa6bd45cf6fed74501517651b03c5c0e996995045d473ac5,408
etc/sales.xml,7498774ce4d1a236e36442b2a49a28b6bbf21837aa43c2add75c66ee29925662,1959
etc/sales.xsd,5f9254568adf5f9ac497e6e9d59bb112e31cfbf0c6cd8a1a689f8cbc9605e0be,4986
etc/webapi.xml,746dfd6a870fc369f059900585fce16997f3fa5f1395b3781d262a9336906254,11454
etc/webapi_rest/di.xml,790949dd57c8a1ff5e7d283c9c8b3db9f1f6f2c75e723b34c672365066f74d13,644
etc/webapi_rest/events.xml,15bd8020a144e4abafc456d0d4e86948acca6af08d808a1b85c651b8dfc74a14,490
etc/webapi_soap/di.xml,790949dd57c8a1ff5e7d283c9c8b3db9f1f6f2c75e723b34c672365066f74d13,644
etc/webapi_soap/events.xml,15bd8020a144e4abafc456d0d4e86948acca6af08d808a1b85c651b8dfc74a14,490
etc/widget.xml,3eea571ed94e4446f698a745f8dd2f55c58457b95844dcaaf33f84e7d3e450d0,1534
i18n/en_US.csv,d7ab52e6547f03c0e14c97623b3412693b21ca12aa74eb76ec5610a7f35624c7,43518
registration.php,26e1e643d0b3c93d28c9f4b9eaf17dbac8d641e607c9fa394b297da1357bf70a,272
view/adminhtml/layout/customer_index_edit.xml,89dc069098aa91486ccf8aee197d9b02501357e8da74aa3ef55e03e9412dcc24,523
view/adminhtml/layout/sales_creditmemo_exportcsv.xml,4c6128d594b38806787464693e75e03db6f6c9f53964ba364dc807fff868d5fa,546
view/adminhtml/layout/sales_creditmemo_exportexcel.xml,4c6128d594b38806787464693e75e03db6f6c9f53964ba364dc807fff868d5fa,546
view/adminhtml/layout/sales_creditmemo_grid.xml,05b47769fcdaffd0f9da23f1f3d2362d530fc0e4f3f08fbc632a613e600ebb02,599
view/adminhtml/layout/sales_creditmemo_index.xml,56bad7d846b19aadd51e87b01d8040e0ce5460441b047d4e51c87b37504b07eb,491
view/adminhtml/layout/sales_creditmemo_item_price.xml,a34802edeec0f8437e920e2514fab2e1c6a7aa17a3a75dd9ce0c606efe82de59,868
view/adminhtml/layout/sales_invoice_exportcsv.xml,7c6c755e3cd550b279161e8d44c3b2e848caea6004b7cc300cc9f97e6d1260b7,540
view/adminhtml/layout/sales_invoice_exportexcel.xml,7c6c755e3cd550b279161e8d44c3b2e848caea6004b7cc300cc9f97e6d1260b7,540
view/adminhtml/layout/sales_invoice_grid.xml,993fe6856dd5759a43687dad0f6c2d1564cef904d971d27f2a8602cd12f9a08b,593
view/adminhtml/layout/sales_invoice_index.xml,8cdba865d7aedd8c8832d96a60e77fa47bf7d8c0ac286448aef7ed2db73c048d,488
view/adminhtml/layout/sales_invoice_item_price.xml,ffb1f02802e710156e44e728e3404149bd6b647840e5fde893e8e510929dc8cf,865
view/adminhtml/layout/sales_order_addcomment.xml,059ac25904597f8cbd8714fb2cba8c7096313d3952b79e3d91e118c33d48aeb0,478
view/adminhtml/layout/sales_order_address.xml,e5912e580b88e99f2494a42bfee5dd8a3694ecd3ba22cd328ca4f3a78711213b,514
view/adminhtml/layout/sales_order_create_customer_block.xml,3847162b6899d61428d678649e6bff2244b9a305fdc9fe164156866c0716695e,6022
view/adminhtml/layout/sales_order_create_index.xml,d653bc17de8d079f5c44f3faaeb96a51ef3dde6a3905ab663f666e1b3c3b447c,7474
view/adminhtml/layout/sales_order_create_item_price.xml,a11b048ef6632145270405790f9c1751a7e7c83251ea0f8f86a760dc45c6648d,784
view/adminhtml/layout/sales_order_create_load_block_billing_address.xml,86477906a0e13055e24952e934b08890fe2b3b5713922a315a11bec52c5ae54a,553
view/adminhtml/layout/sales_order_create_load_block_billing_method.xml,849d00c79e90f56fb1ea121dec207a26b0ac8be06b65d7294535efd2e5029199,763
view/adminhtml/layout/sales_order_create_load_block_comment.xml,6709b9bea6b0459a78cc95a9b3db05c4ae43bc0224a90d4a8c76347a577af664,532
view/adminhtml/layout/sales_order_create_load_block_customer_grid.xml,1e93b79bb7e83ac8883d07a1913c9831abdfbaf4d083b97c17fe09c9661f3e82,587
view/adminhtml/layout/sales_order_create_load_block_data.xml,a3617d617e77f0fd7c65bfbe730fda81a79a44d119a5ff517b33a29cfa145c35,5097
view/adminhtml/layout/sales_order_create_load_block_form_account.xml,abdc3fcbefc17020a6a2b1f28bf264d866011226eca06f740583010a2fdb4509,547
view/adminhtml/layout/sales_order_create_load_block_giftmessage.xml,ee87277ed0d168983dc0c0a2aded4345a49d27072ac524875540413e2fd8c75f,544
view/adminhtml/layout/sales_order_create_load_block_header.xml,300a193da9d656383a1889d0d3a96368f357def801276a477cdcdc0fa5f726af,492
view/adminhtml/layout/sales_order_create_load_block_items.xml,4d749ebed249bd8f772f3b2c5428a57c02c4bb4d8abd178d8274379d4c12b61d,1229
view/adminhtml/layout/sales_order_create_load_block_json.xml,a471d260ffdec8da50d2e2b152bf925cca763c87d9fe371d542cbe7cd6f48e27,488
view/adminhtml/layout/sales_order_create_load_block_message.xml,97a9855b0df01e6ca37b77b405d41e0b715f8f0e8af8ef0d016229f9a80fafbc,495
view/adminhtml/layout/sales_order_create_load_block_newsletter.xml,1bccea9b6638720e0a8cb1af72d667189d1b797665ff6f36eb5427126a02b476,743
view/adminhtml/layout/sales_order_create_load_block_plain.xml,d225fb2b3f533d86ab235812e05874be1d423b266503b7adab217621531f6bd1,452
view/adminhtml/layout/sales_order_create_load_block_search.xml,cb3f0a8adff8247964eeca7718c281c7ca1d16fc90d8c8aa4bf8698f10eedb15,668
view/adminhtml/layout/sales_order_create_load_block_search_grid.xml,fdf5c59e6aeb150c6fe3a3123730d87393028832dbd9c93b5cae9299d9b48322,512
view/adminhtml/layout/sales_order_create_load_block_shipping_address.xml,320c8d2d3ab086f05628f66ac90c64c84d079d1a8167eb22c2f4b9a1a22c4e81,555
view/adminhtml/layout/sales_order_create_load_block_shipping_method.xml,4a1672cc86276ba6caf20b19765d88950bf3b6bcc13fd545b85f6874bbb7c0f5,768
view/adminhtml/layout/sales_order_create_load_block_sidebar.xml,b3ff54d2b9109d7366bd21378107bb6ed1d055815faabdbc8d2bfe6237222c45,1609
view/adminhtml/layout/sales_order_create_load_block_sidebar_cart.xml,e582a7fab768205c6023d372038f6e38a5724a45040bfd8c9805d41ee12bc4dc,548
view/adminhtml/layout/sales_order_create_load_block_sidebar_compared.xml,0ae70973e94d3d6c925a674b32cf7fdf94a92ac6bd040870106b48e4e703255e,556
view/adminhtml/layout/sales_order_create_load_block_sidebar_pcompared.xml,af54b450e8879d2479bc409fc4d7b3c52855e9e58f8a391d92e4ac3040f0da2b,558
view/adminhtml/layout/sales_order_create_load_block_sidebar_pviewed.xml,3aeb01447e47283d85054a0e9c940ddf1fe80b49e435b91fb153880989b9adeb,554
view/adminhtml/layout/sales_order_create_load_block_sidebar_reorder.xml,cde13bb7c43dd5f2cbd46e293fa3f5636045bb1f8a2eb3448d81242518a93b3f,554
view/adminhtml/layout/sales_order_create_load_block_sidebar_viewed.xml,d20cdd91880a90453e84e0c74a66935680ac0674bc4bf53e657448c33dd22af7,552
view/adminhtml/layout/sales_order_create_load_block_sidebar_wishlist.xml,1143f7f34b01851cf6f9abf40bc808216da7dd245fc7ad9a1ca73a1edf94de1a,556
view/adminhtml/layout/sales_order_create_load_block_totals.xml,e865dc5b2d7f926520e644da97de68fdec405d7f9d2936113a58b7e552d15252,529
view/adminhtml/layout/sales_order_creditmemo_addcomment.xml,7b0c405c6db4286006fc553481c913311e22324b70880a425ff3fccf16daaa1b,592
view/adminhtml/layout/sales_order_creditmemo_grid_block.xml,6b0ec208b2697b2ab737e9930f8588b74f5517f9abdf62fc06a3986832787b19,6146
view/adminhtml/layout/sales_order_creditmemo_new.xml,e95e2f64f86f767910fb89af8ab0b7c5fb8f79356e62ab8455020b164352d19a,2818
view/adminhtml/layout/sales_order_creditmemo_updateqty.xml,c2e756a5c4beb63d65795dedf3ee85e582f6af99b78efa3d1048c452561179be,1820
view/adminhtml/layout/sales_order_creditmemo_view.xml,684079c4a19a3a08fb76d5cda47d283ed093a07d3b252b89ef4297c4ff8c6c6a,2667
view/adminhtml/layout/sales_order_creditmemos.xml,bb26ccc9e2c427f584b86be7ff54a65ee821faea7a3ffa586a28cea1e747aaee,531
view/adminhtml/layout/sales_order_edit_index.xml,13d2c53c71d068bb876ba2e38b266f1246dcad3cb16804c506e17e2ae35f48ce,362
view/adminhtml/layout/sales_order_exportcsv.xml,f8d72f61e61f05d956dd7a9f46b5e507703418e7f86b43a5b94f278d2238f408,536
view/adminhtml/layout/sales_order_exportexcel.xml,f8d72f61e61f05d956dd7a9f46b5e507703418e7f86b43a5b94f278d2238f408,536
view/adminhtml/layout/sales_order_grid.xml,b8773766ee59fefd6aff40712c7223ae4408b84912a39f371ee662ebee4ad44e,589
view/adminhtml/layout/sales_order_index.xml,c330b52ca0bec20025b2fedf945e507e3a7f539758c144dc29fbca0641eb7181,480
view/adminhtml/layout/sales_order_invoice_addcomment.xml,740c0936a6bdcde7a423230f167d6f8276413a338172fcc1a43e2d77f64aa3f3,586
view/adminhtml/layout/sales_order_invoice_grid_block.xml,61eb0feaf74b79e6361eedf67168a27f8c95eeeeb69d093da3db8e2e86964d45,6101
view/adminhtml/layout/sales_order_invoice_new.xml,069a3b46fb9ec113e41c33370c1d0065f23746fb771f98059a092dc5274a5f3e,2695
view/adminhtml/layout/sales_order_invoice_updateqty.xml,36b2d658331a3fe1a6caaa194e3f485cffae820c42034bebe883f1a0c1bbb7e1,1493
view/adminhtml/layout/sales_order_invoice_view.xml,e9e3861ebd2c93efd28cdd42a36d894746edc42e0b9494ab011c30dfe1b58d18,2632
view/adminhtml/layout/sales_order_invoices.xml,714adeb5f51d104758cd71ecd93140878e278498261eef7e22efb267e54b1388,522
view/adminhtml/layout/sales_order_item_price.xml,8eec03637f25622e3909f5587bfe3e9d00a40cacfc97c10b9460ef6cd1a09f6f,863
view/adminhtml/layout/sales_order_shipment_grid_block.xml,9889b007ab0913db390d98bfaf499ed35f22673cfdb132618757272504727e4c,5098
view/adminhtml/layout/sales_order_shipments.xml,3bec7ad4dde973e020ba8ca99584bda9433f69684d3288f47c0251c1f5856e83,525
view/adminhtml/layout/sales_order_status_assign.xml,9e765c74befa4fd587abddbf1fc36e689d5759997b6a39a9aa790a97115b10eb,521
view/adminhtml/layout/sales_order_status_edit.xml,9fd860198b0ec6ecc0779c538d368bf1fe0f177d09504c516f9e2885984be128,517
view/adminhtml/layout/sales_order_status_index.xml,9e1659e527b46c6179b7a5f9a7a23b06fae22c5eeb1c6d6e092df62b7bf38208,7632
view/adminhtml/layout/sales_order_status_new.xml,2b21531ca2e7e987dc89cba1e17a1416a367e7e01fd2c1b1ac8bbb43daa43130,521
view/adminhtml/layout/sales_order_transactions.xml,b73bb8811da6e90cd8087c9e18ae18b405a41adb7094f5e102fe0ac8e6d16db9,530
view/adminhtml/layout/sales_order_transactions_grid_block.xml,f87995781aba569193d97359886062bdca8e4bee3558e5fd6000b1a44b38b53f,2285
view/adminhtml/layout/sales_order_view.xml,35cf20ad022b75489c0eb05cb2e955917b5fc752bdeeee1172fc862c3c679e4f,8734
view/adminhtml/layout/sales_shipment_exportcsv.xml,99988a12c463d6a924d008078003e7a8854445f97b951308cbd6b87420e125b2,542
view/adminhtml/layout/sales_shipment_exportexcel.xml,99988a12c463d6a924d008078003e7a8854445f97b951308cbd6b87420e125b2,542
view/adminhtml/layout/sales_shipment_index.xml,d25923c094dda496f5c1e088e07415d51f7489f531ab6d366adfc03acb2b56b8,489
view/adminhtml/layout/sales_transaction_child_block.xml,940287cfcfb75bdc8efa8eb03427bc8b8aec80b41fa3cb029f942933ccf691e9,2983
view/adminhtml/layout/sales_transactions_grid.xml,214326b65153a46d8f39d707f651a15e764ba1de0d135ba51e405da703457528,603
view/adminhtml/layout/sales_transactions_grid_block.xml,58a5ca69bce7ef508e60bb66f60723a17b5f56fff9dcb5b4b6e971c53e5f09f0,8978
view/adminhtml/layout/sales_transactions_index.xml,268423506a5581549f8ef72099c38058f00adea6772a75e2f69967d9fea2aa0e,565
view/adminhtml/layout/sales_transactions_view.xml,2ad37b786908f87e115fc2ed14d508ffbf597a457544e65772a002400db77335,1121
view/adminhtml/requirejs-config.js,8e88574e66b5159bc387528cc830f1d9c95938ed066ae6d015eb2e529be2d43b,234
view/adminhtml/templates/items/column/name.phtml,68319e80396eb6c33b0bec87c1dce952096e0f7dbe7dfe439cdcc6c2b4b6e3a2,2905
view/adminhtml/templates/items/column/qty.phtml,4700f0bdc638a5b64069465c81bcf18f26f688cd9a0db5c82946e2d71a1ca29c,1460
view/adminhtml/templates/items/price/row.phtml,19930558099d8f298d9a9f367934d4da3e8400c86a8160f9c2355c9bbcab9d8d,417
view/adminhtml/templates/items/price/total.phtml,ded87e1b4f59178753eb48c8ff0ee79ff4898938480518bcc9a18f503d59f101,395
view/adminhtml/templates/items/price/unit.phtml,8850ae70eac1decb34d333b8dce53016edca3c962d684534d73e31d2f36e090d,406
view/adminhtml/templates/items/renderer/default.phtml,23b8476f7c1d5638b0a05760c5ae690d2cd33185e1ff3789356e40e6ad64c9ce,1102
view/adminhtml/templates/order/address/form.phtml,bdb298a32d57285f970f866bb55a27369c677547259dda6ff528be9168da6f48,717
view/adminhtml/templates/order/comments/view.phtml,3bb797cab8e7b53872319ee05aad6fdfb1d9a67c36f626c956e3acf87ef05295,3780
view/adminhtml/templates/order/create/abstract.phtml,157d214ef12d2e4505659b867417c273c867cbfdb528acaf0806adb55f58ceb9,475
view/adminhtml/templates/order/create/billing/method/form.phtml,43c8a36fdb327d85274e9dc73de8a86dffdde5ae6f90dc50f482bd4079dc5320,2463
view/adminhtml/templates/order/create/comment.phtml,6b23ec4aa4b41a58347e72e564b6eb86e35baca9f750ffc167b85cee45e6e299,881
view/adminhtml/templates/order/create/coupons/form.phtml,39c39b175c24b3b05b8064d3cfba6da2fe6e19b62611387b3c55e782839de949,1525
view/adminhtml/templates/order/create/data.phtml,9f2fbbf3607e2a505a2717dcb4aaf8cd9895f3ebd4700d01849de48b64183dab,5432
view/adminhtml/templates/order/create/form.phtml,31f1c5c0947fee18f199f0363d01895278345a5791084ca8e4a3c22671d28341,1321
view/adminhtml/templates/order/create/form/account.phtml,45277e5099293a1306cac4a2c5b7107b3797402e378a215b6bdc7ad3a462d736,648
view/adminhtml/templates/order/create/form/address.phtml,dca04a6dc01e41639b7b3c55c7a3d76209a3b3741e1546a49e5b89f956c154f2,5423
view/adminhtml/templates/order/create/giftmessage.phtml,291be8756d6b77f53903591a3f33ad77b8af57ccf1bbc9b91d121f6086cb988f,1144
view/adminhtml/templates/order/create/items.phtml,749d71dd7aff28c8c2725242aa7fa293cc50c1c08023b9dd528049685aa2e59d,417
view/adminhtml/templates/order/create/items/grid.phtml,29e0cb119ed9b1397ceabc91bc6d745bf818890e5fbf8fd34c46588e82f74b40,14649
view/adminhtml/templates/order/create/items/price/row.phtml,89cdcc316463ba780c5bd1393fd8bda25edb21d88b8f384e3ff75b6aef2bef50,385
view/adminhtml/templates/order/create/items/price/total.phtml,41e8742ba17b0282b890421817c9ce8fe67edb2e319616fc228ff1368dac0b42,452
view/adminhtml/templates/order/create/items/price/unit.phtml,b45ad394b96a48aef0bd52310db6aa58c71b6bee9e8845533c7ca8961ac77d85,388
view/adminhtml/templates/order/create/js.phtml,6347c9bcfcf19ff85d2e22bf471109c0c5cd3a4de083df73d8d993f3a961360f,774
view/adminhtml/templates/order/create/newsletter/form.phtml,304ef1a0149a43b84a3a40898dbb08165c811a0bd89b4a637e95c83b4ca586a5,352
view/adminhtml/templates/order/create/shipping/method/form.phtml,ef82ecc0cc270c85a19e933881cfa45dd33dad69250f660c03b091fa08305ed9,6482
view/adminhtml/templates/order/create/sidebar.phtml,21b0e718c092db02cb7a810883597b7b650fbeb20cd40b1a2a85c6f931a4f031,2394
view/adminhtml/templates/order/create/sidebar/items.phtml,4e05f4ebf483d09adcb9b1b275c122341c1fdd18f30e55fc5e6ba77c3fb05861,7940
view/adminhtml/templates/order/create/store/select.phtml,1d55bbb6e29b63365253e343848f9e6a07a21209d3f07b437089bdd3c86acba0,3283
view/adminhtml/templates/order/create/totals.phtml,15a47195b2e06b042fbe058e26ce0d70ebda8b3be3b499d48244625480a34c8c,2251
view/adminhtml/templates/order/create/totals/default.phtml,cf3a8a0a2d65bcd5d0dc06d8aeab1ded81a29476e50b242ed8042a24ba57e7bb,1176
view/adminhtml/templates/order/create/totals/grandtotal.phtml,ed7767aa5e1f94bd19b5bd5e64bbffb6c2a4c5931e44d3350278968a8516fb86,2044
view/adminhtml/templates/order/create/totals/shipping.phtml,87b2788a4fec9c62361dece04e54eb90c5eb3bf82e3c469913fe272cd718de66,2352
view/adminhtml/templates/order/create/totals/subtotal.phtml,956c3562f3fdc929c68d50cc887ab39c188a4c28d58988ba8f8a3665c2b2b62d,1880
view/adminhtml/templates/order/create/totals/tax.phtml,1e667240d836cd1e89fdcea404139afb5285bfcc7e44d2a4a78922fa07367945,3316
view/adminhtml/templates/order/creditmemo/create/form.phtml,4bf9a7cab75de63b4c09b506b696e218d5a6aaeb8987429ae798d0c8e3e56788,3568
view/adminhtml/templates/order/creditmemo/create/items.phtml,e795268f6d01a97c591fb806f26df5b06fc08e620d49d902852c813ed2621663,8825
view/adminhtml/templates/order/creditmemo/create/items/renderer/default.phtml,5052a0c8ede8b7e54b762c3b5c6708f9937a562c00210270b50bf8d3d5bfdbd5,2105
view/adminhtml/templates/order/creditmemo/create/totals/adjustments.phtml,169405779015a29e37397a7ff306a0ab2a74a2c4acea5bd9983748e69faf5e69,3265
view/adminhtml/templates/order/creditmemo/view/form.phtml,6aa11e4caabc737a7a7d6a66c3a16cc079a9dba328920a90de405993506f7853,4692
view/adminhtml/templates/order/creditmemo/view/items.phtml,f1b2682f4c957c28f6435f090d5ecb773130821e518bc3d3357be18e9c17995e,2145
view/adminhtml/templates/order/creditmemo/view/items/renderer/default.phtml,1ca4435a7205a894d6d22b0f8806c3836d8870fc6ced424275c13030287b9f14,1112
view/adminhtml/templates/order/details.phtml,6378a3ef0ce1479e0e58819d6a714754000b0a9b04468829b2243af0f150cf95,5190
view/adminhtml/templates/order/giftoptions.phtml,2c2091e8b19fdaf586f9736a8f265f80904b2fe771db299acc58d803015f8761,450
view/adminhtml/templates/order/invoice/create/form.phtml,83b919ca1a0a7a0b40adab80a5c1963eb43f77e6f12ec47d52dfa0ba416a0053,5698
view/adminhtml/templates/order/invoice/create/items.phtml,155afb1229c03e58326728a494c2e56125942b954e94f261997a46c923b12e06,9259
view/adminhtml/templates/order/invoice/create/items/renderer/default.phtml,cd4af92de98df83b33fcea1dd86b00b60e26d407d792371e288272a02b4e5eca,1477
view/adminhtml/templates/order/invoice/view/form.phtml,d81c6c9b468fb015bcafda1bb042ee5a68671f0459b158f87b235b3560ad68af,4707
view/adminhtml/templates/order/invoice/view/items.phtml,04ec1a0035537b96c658bbef27a0db9a43511b7a66274c9aeb79b474a9afc65a,1675
view/adminhtml/templates/order/invoice/view/items/renderer/default.phtml,025f0608f5e3c457cd1b82bfb883bffa723ddad359b2ceb060fb8b5ee5a4d6a5,1109
view/adminhtml/templates/order/totalbar.phtml,5d5860846aefad54aca149cf2ebce760124c2d005b07bed580f02347572a2631,589
view/adminhtml/templates/order/totals.phtml,ad374ed04ec0f7fad55b3124d19721808cb29c468ad58b122be40c710b730317,3121
view/adminhtml/templates/order/totals/discount.phtml,840a2ec587f3a527cef39de1085b00342f5a1ed547b6ab92156d93b553463992,790
view/adminhtml/templates/order/totals/due.phtml,cd04330896c578bf1cbdba15bd68dfd254767126a83c5aa5d648b772068a46ca,459
view/adminhtml/templates/order/totals/footer.phtml,bcbcaa9529c9c7a3da06fa90739c261b8e9122f1f5e266173257b19685fb39b0,176
view/adminhtml/templates/order/totals/grand.phtml,2a620d8a0b6db4e67914f4db396d415dfbe3d88c62ca25a7aac240ad17de8e37,703
view/adminhtml/templates/order/totals/item.phtml,b3a4f520f97e5ac65041560539b284b7c1c5ed3b3e16397ca1268c8c7c80bdee,877
view/adminhtml/templates/order/totals/main.phtml,f9f63d00a7ac29ec7f65fdef7977d24eda85c14313e1a88f0325c7ca57a4776c,176
view/adminhtml/templates/order/totals/paid.phtml,6ca02b3a94e8cc34f3e54fc8968e50e04958dbca41fd57ef9c4cedc8517e0d69,445
view/adminhtml/templates/order/totals/refunded.phtml,23485830797eadbb24964e6eedcf88e2621524200667012bc4d9e29ae7d98ad5,452
view/adminhtml/templates/order/totals/shipping.phtml,a93cde7921d45df66788b3a189355142bdeca39c86ef84307cd9593602ff6895,569
view/adminhtml/templates/order/totals/tax.phtml,49faf73c8ad445c39838584299bc5764f4473a526f97f1bfd57ec960b5a33891,3567
view/adminhtml/templates/order/view/form.phtml,89e25524ed284cbef8282d6d517272b51703c6c3b0a3bbe7dfb1a352c9726850,182
view/adminhtml/templates/order/view/giftmessage.phtml,ac3cb6b2ea55d340351a2a026e5560e1c4964a967fed4a31e8b71bc5197a60c5,3684
view/adminhtml/templates/order/view/history.phtml,f74d8fa3a701cae43a2a1e1b0f22a0c8a4d25f75e44b27714699dba1014d059e,4985
view/adminhtml/templates/order/view/info.phtml,267c6859359526d6569cfe7641777926f6990386c7e105f8480d3276699f9139,9891
view/adminhtml/templates/order/view/items.phtml,91d4439d5c16d887ddbf084dd907d94bda61b7565a1dc8ac2d77760fd2da0983,1451
view/adminhtml/templates/order/view/items/renderer/default.phtml,2856de883cf7b75a9823523d24813245672b21c0d52057339f2380a5271eeb9c,766
view/adminhtml/templates/order/view/tab/history.phtml,0da8ef0e3f31e1ea63f378ac8120b78b4e9e74219797579303c3c02c157fc9e8,2641
view/adminhtml/templates/order/view/tab/info.phtml,7b05751f14888e5533bcdcc76bc2255ff8a4aa6ac0aa0b89ea1db395e995f034,4130
view/adminhtml/templates/page/js/components.phtml,40329f237eb5e048abf2b7c002f8111304e7716bf8c153bf36220a07f46269a9,242
view/adminhtml/templates/rss/order/grid/link.phtml,e62b2446dd19003c0c4ef9551f5a73ef9fb3c5e8c4819310e913523b8367f46d,442
view/adminhtml/templates/transactions/detail.phtml,4592a63debf27c82357970815ecacdcea191631f930697de4144b79c34604ac3,2970
view/adminhtml/ui_component/sales_order_creditmemo_grid.xml,86a13c7d318e9c5acbf34831a0a75602ae2a78ecf1a10ff81fbc3265af24f488,16864
view/adminhtml/ui_component/sales_order_grid.xml,8701d0290d85dadcb58d96f091b9fa89e102725432eede010aa236b073512c9f,19082
view/adminhtml/ui_component/sales_order_invoice_grid.xml,18076791c9b04b18fd9f3d6351a788b4cf91018c6c5493f077b1ac0d916ed7a1,15046
view/adminhtml/ui_component/sales_order_shipment_grid.xml,a01c44a01f64569d769f27ae965feb086357df30d3ba7174934c1ecfb39692fb,14162
view/adminhtml/ui_component/sales_order_view_creditmemo_grid.xml,19ae08d56a899ecdcd2290363f0010a7feb30c3c820ef4ea03ee7239bc7b7ebb,17155
view/adminhtml/ui_component/sales_order_view_invoice_grid.xml,4c23d771a933f107a77349b5e2d5ed2580545d643b9624fba8fa1c8562b98032,14877
view/adminhtml/ui_component/sales_order_view_shipment_grid.xml,7f35ea127f85799b55f5bf49f3de4b08cb1d6e97162239f0b936566f7b821090,13889
view/adminhtml/web/js/bootstrap/order-create-index.js,5d45a1d4f9880efea3c29591bdbb91222cb7e9000c4fa1c5f8dc31914a44b1e5,169
view/adminhtml/web/js/bootstrap/order-post-action.js,294c89a408f0b3a4801c7d2d590602292fa093e0bd6537df7377e919a2d48d69,168
view/adminhtml/web/order/create/form.js,6e4583a5b0c74b538a2aeaa421637c5c05f0300d7546ffb3705d5e8f7be52b46,690
view/adminhtml/web/order/create/giftmessage.js,8d1b31e82f197af8b641420e4f1a14f4181761c30a669c693e461626f67e8b50,10824
view/adminhtml/web/order/create/scripts.js,d34f1b5154f847095b80336f881c141f40a77fefe72b642ad524ba4a2461e952,56003
view/adminhtml/web/order/edit/message.js,b5ed7fec0339d2dd5f60322626e785be784ee00778c32e0b45e2df1facfaf72c,1560
view/adminhtml/web/order/giftoptions_tooltip.js,8d6ce3f302d65432242de91aaa374e2fe59dcc8b433c6bf05ca0d56744426861,5033
view/adminhtml/web/order/view/post-wrapper.js,ec51e3a9ec96fc05e9b53b374605445e94a8e3005b42b5b6d1a6a7ffde6187c6,1443
view/frontend/email/creditmemo_new.html,e33010358451b22e3e84eb413310c8d610e5296c4a1428c81f97f6e5153e34af,3735
view/frontend/email/creditmemo_new_guest.html,797e62a1872a6e30917890b81f4fd7408b2e5da34d7066ce4d5a7b869a92acc0,3475
view/frontend/email/creditmemo_update.html,e1ddda25b4368beac5dc89ab26478f15c9672b10fac7442f4506c05dbbd2aa7c,2163
view/frontend/email/creditmemo_update_guest.html,8e70f3b027c25c5396f31d188cdad90726dbd604097d1ac9473b60e57ed9d1d8,1890
view/frontend/email/invoice_new.html,0e3bc538da42acbd3a4af9ff2f02717815832503ae79e7679fa9b1baf07c6547,3719
view/frontend/email/invoice_new_guest.html,2f77f089498c8814cbed908ee3ee81631c49f145926864cd60bfc8af3b420fc4,3415
view/frontend/email/invoice_update.html,4bbbb6657c9b6d8b0602b0bb6c5241a5811f8668ea934996805f6c0c9ea80023,2148
view/frontend/email/invoice_update_guest.html,c67b61445171bff4131e9acc31f1146c7fd89b27c32cd3fa588b81f881177a2c,1875
view/frontend/email/order_new.html,b639f0dc6c8fafc294237fedbc0dfd2a3d6990f205661bfe5d70278c72bbb51a,3937
view/frontend/email/order_new_guest.html,349340e92bd13f95fce13f6813ab6acdc1f26fed39a17cbbfe072f23c7344f28,3822
view/frontend/email/order_update.html,165d61f8a151afdf2588d9f64035722d84936adeb46f6785a18cd7e545a27044,2103
view/frontend/email/order_update_guest.html,932a2b18822cd883b8220242d0d682953ffb9e146819aab0f85c57001da82f89,1830
view/frontend/email/shipment_new.html,91c91ddc4003da15c0639d55c492066e16dc422c2fa1ecdd7adccbe3c9af419c,4175
view/frontend/email/shipment_new_guest.html,5798aaac54e48f1f107d36f4970d81a7f34bd18db8f61ad5263a14b3f37daa78,3905
view/frontend/email/shipment_update.html,1f08894f2aa35e4e438bea8943036c6a8596b80da081b682b3a2671ec92be310,2149
view/frontend/email/shipment_update_guest.html,f3c7eacfe09b1c498fcb91753cac2677f91231e76b643698b37dbbb2fffc87b6,1876
view/frontend/layout/checkout_index_index.xml,ddde7d11a080b3f1cd19679ae196e9e172b0775a7be05c658d82109fbeddbbc9,393
view/frontend/layout/customer_account.xml,54fd56cfd200031e2cbbb04d82c55fd683c836e53fb6a60857d799e10218708c,803
view/frontend/layout/customer_account_index.xml,9bd882c64cffc3e9c71402439cf72901a361805c2619811c437a9fe4944fbc00,570
view/frontend/layout/default.xml,775ddc762f8e403f473b742feda16af1f93fc85333f8d45581a4a4a29834468f,1193
view/frontend/layout/sales_email_item_price.xml,888d26f19923ecd233bed73c1ee3deb75f45880c483138f35fed3da1755aa667,526
view/frontend/layout/sales_email_order_creditmemo_items.xml,30dbf49a65558c9e4eed1495cfa527ea2a3829792b55a3bbd190718cc45e69c8,1338
view/frontend/layout/sales_email_order_creditmemo_renderers.xml,bb22d105e16bca6b0f25ff313cd012d55ddfd9f9be3d57599a325063e56f7ba9,627
view/frontend/layout/sales_email_order_invoice_items.xml,fa0c187c414310643533b147d0d0da312e3a1b38a4fc95ae9c37b9f6d256cf81,1317
view/frontend/layout/sales_email_order_invoice_renderers.xml,16e11078a5c8a16c7301d6244de2fa937dd5f046a3f48d2fadc9e0d0421698f8,621
view/frontend/layout/sales_email_order_items.xml,047ae5036ff54cb8f104d78d5565d7a5ed6dc9f3c7abf0d5dc153b21b0b2af4f,1458
view/frontend/layout/sales_email_order_renderers.xml,ce188068dda5fe959139b27e3f406bcb6f50f8f33262347dbc781a4f334e3e23,617
view/frontend/layout/sales_email_order_shipment_items.xml,c277c9999467a327c41faa09c5212da21f41b989823bb14071da11384d929fb8,859
view/frontend/layout/sales_email_order_shipment_renderers.xml,cf667e31690da1ecc2fda8d48748ddcc83d7c01c436673229d3d8f4429579298,623
view/frontend/layout/sales_guest_creditmemo.xml,c9a13c986ac90d6e1df4b967cc9759f39d774da37892243c27138c3d4b213a87,2633
view/frontend/layout/sales_guest_form.xml,97898dd1a1fe4c464cc442cf659f2b479f14b24cc7830060df36db63dca9f866,529
view/frontend/layout/sales_guest_invoice.xml,4f59854bd73c43b2a68562be3aa608cb1330e0e4974f96531c3a630f9d765b1c,2582
view/frontend/layout/sales_guest_print.xml,6f17fe0bcbdf66efb36adf55964cbb17c81488116ec727367a5f4c4841150223,2267
view/frontend/layout/sales_guest_printcreditmemo.xml,cbc5a82c8b733f93765cd5d60efbcce94c11e601a77defa18abf7d0ab632db47,1820
view/frontend/layout/sales_guest_printinvoice.xml,9b772e4a611d073319e85873f3aaef01694b9d9ed8c4669fc24c00d4d5729b2f,1794
view/frontend/layout/sales_guest_printshipment.xml,13f483138d3213cd035a2c33da2bcc0d24d4173faff2c06d5458a092415de481,1199
view/frontend/layout/sales_guest_reorder.xml,b7cb45821ddc45ad095bf6f823a2f13be941b80e22fac3ee2a1fca5bb636cac7,518
view/frontend/layout/sales_guest_shipment.xml,ce3008dd585752e5bf247316a817fa82e4e0203aedfb01247150c9b532e5e121,1357
view/frontend/layout/sales_guest_view.xml,ece8bec85014987b51fc14089d0edc0e5a36d9b63940d15dedc9fa56c23d9844,2375
view/frontend/layout/sales_order_creditmemo.xml,34c971501ce57de3ed075cbf3d16267f6de1eaba4418963fc4eee7bdeb1d2aba,2719
view/frontend/layout/sales_order_creditmemo_renderers.xml,8dd55d1efa9e76e62cd7504b3f4b0e07db3ca22a52896f0efa6ca3b7b214178c,571
view/frontend/layout/sales_order_guest_info_links.xml,b7b30b01ee2ad398ea03fce4b838bf28628a46331b74a4bfd0fec3e192c503e0,2522
view/frontend/layout/sales_order_history.xml,287f481ca001d779a0cbccdac622db60e39dbbc9d4748c5f6491a5dc4fd4742d,1328
view/frontend/layout/sales_order_info_links.xml,621fde19eaf7b1fd2b9a2a7f8c35b4a63503d7afafa38c9a92b514539b757495,2518
view/frontend/layout/sales_order_invoice.xml,7f3a8e39c9f69a2c58b44e3b9554b2591d6aedcb0545bd632f87647c8918df4a,2793
view/frontend/layout/sales_order_invoice_renderers.xml,ac673fc3c2b9b921c63f7d7d628fd0d4cad09b07c9e1c79f8bab8c3ec482f003,565
view/frontend/layout/sales_order_item_price.xml,91b9be69b902ee5883d469db08f0466d18a541d5f7826cde5739d09335a4cb26,767
view/frontend/layout/sales_order_item_renderers.xml,9875bd1ac2fb1e88b95e6fc33a0a3acd7e7c20f4cdede2c91af6b93a61a287f0,555
view/frontend/layout/sales_order_print.xml,abf174c094541dbe041ba0c9bc9ff105e6a2c5abe486dc28a8451ce5504a7c62,2378
view/frontend/layout/sales_order_print_creditmemo_renderers.xml,f2a0b31acbe84d5a6ee2df24be2406f08080e462472dae9944274355bf204981,577
view/frontend/layout/sales_order_print_invoice_renderers.xml,12dc2d31d4d86f5ce1775c3a53fde550e2dbb8553f2e2c4647009e14f920d299,571
view/frontend/layout/sales_order_print_renderers.xml,8c73d8fb24605d836d9619ba9fbe45f36a2a34366b5cc8babf474ffc3bdc37f9,555
view/frontend/layout/sales_order_print_shipment_renderers.xml,bb946b7d6733e9a2be0c4c4a0af6bcac40e7b3ad579aaa88f32e589664c75fc0,573
view/frontend/layout/sales_order_printcreditmemo.xml,08f342a6c4351cf55f403a8e05129bf4978abd4866a521d53457a589ee1fe64b,1948
view/frontend/layout/sales_order_printinvoice.xml,7e904e0b494c07cf27a2ee95fd158097220836b3e7df3772a775fd09d4f734dd,1922
view/frontend/layout/sales_order_printshipment.xml,ae52eb6f9ccd67fcc7edcfccbd3ae4fc09b59e2715059f50b16ac8b73f6d3ba3,1326
view/frontend/layout/sales_order_reorder.xml,b0b2ae9e1c9c2ceb21656c30b478e4bac2f4828876be2d49f620319b0384a71d,541
view/frontend/layout/sales_order_shipment.xml,c95fcdd449750c23f0725a07b77d54106acbe71e48f5ec5de55ac4dfeb2e0564,1568
view/frontend/layout/sales_order_shipment_renderers.xml,771737db09015e9aad36e2abb28f3ddf47fd803d9af84982fdc1b066002807e5,567
view/frontend/layout/sales_order_view.xml,e9602d6de165d507501e99984b1d6ed8bcfecadb1230814f144e7cac46b2b9c8,2891
view/frontend/requirejs-config.js,7c43889f56f7c33c5860cbfe660e26bd73fc81c32f127205f7e9bdec2122d44a,287
view/frontend/templates/email/creditmemo/items.phtml,c91736632d081e5600e6411148cbd05bbb96b0da0e23698450db9cacdfb97c55,1240
view/frontend/templates/email/invoice/items.phtml,9f8f67dd9388f70777b0b0d975293063ef64db95660021fc4c4079d87663177d,1222
view/frontend/templates/email/items.phtml,2f37c7df5cbb52524ce54b9f616d6bebd5ab28a388405676bf54018ee2d76d24,2288
view/frontend/templates/email/items/creditmemo/default.phtml,4712cd25be1024ab72f4a1e92d2eb2bd20503701d3528d002643931a8d7bee9f,1475
view/frontend/templates/email/items/invoice/default.phtml,4712cd25be1024ab72f4a1e92d2eb2bd20503701d3528d002643931a8d7bee9f,1475
view/frontend/templates/email/items/order/default.phtml,01966f327278d544e04e5fa2868256177a75e2dbd77d6b896a694072c2613065,2459
view/frontend/templates/email/items/price/row.phtml,71e110742f6a5d6e966509f8ae26e317d72738b755e10af095596396f63ce617,415
view/frontend/templates/email/items/shipment/default.phtml,ef94baba53d77d270674fdf56a62b7208fe824b7410855e0f444dd9155945679,1379
view/frontend/templates/email/shipment/items.phtml,5ac4f7c17a7dc10b6fac02990141b0cd7a3f10e6d730bb4620e935b586e0782f,981
view/frontend/templates/email/shipment/track.phtml,ab3296a321af0f5643e4bb80b1fc61bdb77c1d740ae3308be2df8767da6825b3,834
view/frontend/templates/guest/form.phtml,2e560204f1016bd301dad5cbed01544b07a696a60344e3aac7d9f37994a8c02e,3067
view/frontend/templates/items/price/row.phtml,4d4debb1f96867f2afe7833dbec6d184b8f3438957c514e413d4cacf9678fa6b,516
view/frontend/templates/items/price/total_after_discount.phtml,66e75ca2a394907dea936fdb99c6d082b383130026b74824698eed5e38605d59,410
view/frontend/templates/items/price/unit.phtml,f8a7857de004cf8c307299e237bb5939ec44fef5a342edc9fee389a0fe019571,513
view/frontend/templates/js/components.phtml,6f966a8d6eb7d772bcf9d94b561aa8871d5c33538ba1d56eb8fb16a74a38642d,187
view/frontend/templates/order/comments.phtml,d8934df124b0579ecb9f608977828c938adabc198dcea2706c6057429a2dec7c,899
view/frontend/templates/order/creditmemo.phtml,9e6b2e74011a3f6f3e00cb0a8a9605c3f901533770f0e48c88a7a586f16751b0,532
view/frontend/templates/order/creditmemo/items.phtml,92a1b61df7983eb5b05e0e8ed750df19ebc2a06f444c460fff8fde331fe72aa9,2562
view/frontend/templates/order/creditmemo/items/renderer/default.phtml,cc5ca01a09dc5d019c66278622317006a8c08e94865d0c58600485d4122d52ff,3698
view/frontend/templates/order/history.phtml,8e681d33973a2ee82ae8129edf64b46cd694223e747fa86ccaa516d8ee9a8191,4161
view/frontend/templates/order/info.phtml,47a4d36053f0ba89df09d4a32a2ec9a883c785c406b50b4750752a5db113d105,2230
view/frontend/templates/order/info/buttons.phtml,244409f7c20cb4e5e743bfed0031bfac28d415d552cc377a32d7f10e7cd697f2,944
view/frontend/templates/order/info/buttons/rss.phtml,4e00fca4f1f9120f1cc496b822d40a3ab0db0486493927438cab98863d98c6e7,455
view/frontend/templates/order/invoice.phtml,df80875469d9b6e7727e9637f326207dd2507a74d0dc749ed8edbe9a3385012c,526
view/frontend/templates/order/invoice/items.phtml,a0ae08428af5342c5103f080c4099c02678ab3e479d49d58bb2a4264f96c2797,2335
view/frontend/templates/order/invoice/items/renderer/default.phtml,765bea2772e905e596ee7fffe999b7aa7d5d50e18783af2fae7e5a6eff623a60,2906
view/frontend/templates/order/items.phtml,6bb9f919d9b9b9f69140b52b552c9ad0233418ebeb5f6233194a9892f80243b4,5014
view/frontend/templates/order/items/renderer/default.phtml,59581554f8fb157bed1dcd129533a049b3d1179be1b1a29ea1e75ba89f69fbbf,3892
view/frontend/templates/order/order_comments.phtml,2f429a258129812af0962b3069b144bd4dad186bce21adec5931972321cbdfbe,1005
view/frontend/templates/order/order_date.phtml,e9b6a1498f6243ec3155823b124f41faf5accda0817bba7e9579c45425bd2e71,379
view/frontend/templates/order/order_status.phtml,9cccd4901312c73a64d52c48c16e584923bc24adfb9e1022bb5c7bbbca59a672,289
view/frontend/templates/order/print/creditmemo.phtml,c9926e4578b8a27e585c57d88cfdc1b92a604155b63f08ea932d38acd1a7d9d0,4388
view/frontend/templates/order/print/invoice.phtml,faf480e55be228398f17503af4f98a6589416a2707d7386a8ddf5aeab46c99bb,4399
view/frontend/templates/order/print/shipment.phtml,ff9f8dbbac8941c85b89fa4f5231b5d4dddec8e5fb57afb69ac45d90e03f2c60,4273
view/frontend/templates/order/recent.phtml,4f204e38c49bf2de9a71e604d258ba02a0c0cb421c41148bc63a3be7aa96c623,4337
view/frontend/templates/order/shipment/items/renderer/default.phtml,73548b1592b0992f4be9b0ff761ac6d761a92f5e6de6b835aacaec8cbb506bcf,2475
view/frontend/templates/order/totals.phtml,44981ddc672bed90dbf389cfa1fa917fc20ff6ef16316f94bb5768949c950cd8,1344
view/frontend/templates/order/view.phtml,11300bb3706c24141dab12ae6071976946e6e3e8e2393c432f18775bf246d1b7,2071
view/frontend/templates/reorder/sidebar.phtml,66558a9fd1c45adf2faefe017e57a789fbbd711d2fa27ea802ba0b2458abdc2b,3898
view/frontend/templates/widget/guest/form.phtml,8259d5be82cf214898d9c0fb2f4fbd5973d18b3fcb7cbc9fdf66b9c2ef6dfce7,4005
view/frontend/web/gift-message.js,38cc166e9534a5d6867e57e252e7009c0161fc2d71bdec52bf2e65fa047c2ba5,2667
view/frontend/web/js/view/last-ordered-items.js,6f38c8a3377496e030e9ccd5fa4e065ea58e6f528356da5b2f8c745e52cb1f05,744
view/frontend/web/orders-returns.js,8361c9bc93964d4357d95b6bdb2d0e3fb17824826d815fd8a9934b4ce136085d,1155
