path,sha256,size
Api/CreditmemoCommentRepositoryInterface.php,ab5e933ac2d8a913184cd04fcbfc9e7ef60917955e0769a43db760de6d9385d5,2192
Api/CreditmemoItemRepositoryInterface.php,a5c2c2e0e971245b786071a524e42fde94364c8e2f458fac5ef4e8cb367bc939,2039
Api/CreditmemoManagementInterface.php,5a5489f2df8df6a0500f4179e3aae5c541b1547598ca575bc26281415cf4338e,1605
Api/CreditmemoRepositoryInterface.php,ad4940952ce5e82e416a18814e460b23eb23029ddd1cd09d75905b4f59d2a2d9,2238
Api/Data/CommentInterface.php,e1d9493edd1115c2d59db69c20029470f991e3d36d11f98e0fed01b851669ee0,1165
Api/Data/CreditmemoCommentCreationInterface.php,72b8231ff60eb37fe325f7d8eb2cf10cbd39f4488e7cf4ec6f66f7f1223030a2,990
Api/Data/CreditmemoCommentInterface.php,230adbb0c3d93bda6d1685105c2a3a8e0f7baba0254b576486aad1be0e8d044d,3868
Api/Data/CreditmemoCommentSearchResultInterface.php,488ec92812c727a1c4bd0d4c7fa5d6506fd3a41b3ef14be6de7843f04a3de7e9,1118
Api/Data/CreditmemoCreationArgumentsInterface.php,467d1f9cda4026ac020a80c6e5e552f45aae61c939927d353b265c113b5469d9,2030
Api/Data/CreditmemoInterface.php,5c1a55d5473c0da413a9f56658d2e625fbcdca96fa897ee5ef9e60fcced70b5a,23379
Api/Data/CreditmemoItemCreationInterface.php,41b61ed919b8920e94c34adbe752732d7b957902d427917273eb043bc0719284,973
Api/Data/CreditmemoItemInterface.php,6fc7c523a447be2ab0ded964c3b7dc6a8c254634b13a0745b20f26741f325297,15898
Api/Data/CreditmemoItemSearchResultInterface.php,ecba329675a395c5bab0eca6d0169467033d13c2b2b01dc9d2e4934b10f5691f,1079
Api/Data/CreditmemoSearchResultInterface.php,0225be5c4e2fa7a5ad7bc281756350871ef947d83100985a08d3a0d7d043762e,976
Api/Data/EntityInterface.php,0dc6aeadb0891b98f4209c342f271349e8c33cf6a38d6e0d4a8f71ebadfdfb77,1092
Api/Data/InvoiceCommentCreationInterface.php,545f4dbaa6f17302fa8a81bfa5f9b534177fc81d3e1d79126e3f9ac1283e0a59,976
Api/Data/InvoiceCommentInterface.php,4add0a73473105d34fad3892c002e5f7a257dd354424498bb1ec6c4125eb9d91,1999
Api/Data/InvoiceCommentSearchResultInterface.php,656a98aad569a9276851094d5c12f356acf476c3c1898345e13242df059b2de8,826
Api/Data/InvoiceCreationArgumentsInterface.php,3b2e86f0e8175c15be4711daa7395a29b995b94ae4d1b6e7264c1720f36012d1,907
Api/Data/InvoiceInterface.php,79ae7102a4f9fee3e7408cbc784915a69e230cef2db97795d197d76f3a65e31a,21089
Api/Data/InvoiceItemCreationInterface.php,f1e744d6ffb2c9ca80f3380136ccae88bfff225b890863d4db2027070575ee21,1004
Api/Data/InvoiceItemInterface.php,5b6af9f13887469e9541eddbebe061b58e2ae72b4161a55732b3617bed1aac27,10462
Api/Data/InvoiceItemSearchResultInterface.php,ab7cf1c046df4f6b124ccf2dfd685e448cdc9c5030d76a2d248dddcd3536d3a7,797
Api/Data/InvoiceSearchResultInterface.php,9a6052f6530862058b39e44c965a1ca5ab7d1daccfdb1c2f3990a23c68095ee2,729
Api/Data/LineItemInterface.php,22a426a4d21cc74204d01a9200872cb6d151175515bc8694f96f5c2aed31703b,934
Api/Data/OrderAddressInterface.php,479741340968ca1391925ca756fcd674a237cde7919b601f6ce4780532fb6295,11302
Api/Data/OrderAddressSearchResultInterface.php,dab004df0afa53f2de484d6258612cf1aa0b459dfbbccb8794540634b75d8098,972
Api/Data/OrderInterface.php,cf16481a64fc051d140149f6b75f93a6e06ffbc7c4357d4cc4ad0f98a01ac6cb,63758
Api/Data/OrderItemInterface.php,db3d9fdab2fd7617538c5d80e5b607abdf4f0481445559bc94a912fe693c9440,43450
Api/Data/OrderItemSearchResultInterface.php,e8262d112c0d24596fffa47260e6d5eae3469dfc997aea892e9e269a3dfa8613,960
Api/Data/OrderPaymentInterface.php,ddc0afd26e67a4f5cbd4f8fda514ba83736c9afa261342352f9e186b31a5fd28,26158
Api/Data/OrderPaymentSearchResultInterface.php,69bb53f224b7308f3d6664317e1b345d3c20ccb90f66440dedca77abaa7d904b,972
Api/Data/OrderSearchResultInterface.php,1e351cbf44e07561b22e2c174abf3cb7c0b2faa1769a5d5b3de8bd461a0d0fb8,927
Api/Data/OrderStatusHistoryInterface.php,7f3f7b1d643e1fe68083e293b4020791164e77082351fee5cf01429be42d976c,4685
Api/Data/OrderStatusHistorySearchResultInterface.php,65b152f429343b181fb57d171694e89c3c14e4686570c3d859247e5755bfd75b,997
Api/Data/ShipmentCommentCreationInterface.php,fc3d9a8dff0da67de9729272c482ab3ca1d60ffd2a9a6dcb7184537c43930507,977
Api/Data/ShipmentCommentInterface.php,9b697bc07d310bf7f726efc73c7ceafdefae7c4c4b2563a1b817a8043f2fae06,2136
Api/Data/ShipmentCommentSearchResultInterface.php,f24679932ca96212c4e8cd58d801016e0be154f4ea80cd3ca7491c47befeb723,925
Api/Data/ShipmentCreationArgumentsInterface.php,a0d6a36604ab6459934a684fff3a9766a9366909b90f9404aba39be71ea252bb,912
Api/Data/ShipmentInterface.php,1c3732cfd80053c654ff8586dee57bce2d02a72c903219b466698f071a91d815,8430
Api/Data/ShipmentItemCreationInterface.php,3ea91cf781e2612a682703ec67a1f102ce6832e619a83189f1d43a44f81d2604,994
Api/Data/ShipmentItemInterface.php,ca0cbded9b0aeecda452d206e32f035baf730574f6785e6bef4eaf05d410672d,5014
Api/Data/ShipmentItemSearchResultInterface.php,e2cffd0e0a36da0b6bf085ea39bae48fea37be7045ead1fc9e5e7da3358040b7,907
Api/Data/ShipmentPackageCreationInterface.php,0971642cc635f0768798c080afebbcaf60b485bbca759a632c0ee298c6d465f6,1106
Api/Data/ShipmentPackageInterface.php,bbc3c6d8c3aa5fc620848011b4636ab01249a25cbea65a09461ce93ec92a7c83,1030
Api/Data/ShipmentSearchResultInterface.php,5f515ad1bfa9de8a7d0aa65d2d03a31c9cfd0b7b82473817366f03c177c954b9,882
Api/Data/ShipmentTrackCreationInterface.php,b480d904b749ba33b55a6d29bd979a4ab1d682907cef2e52c50a08e43025aa9b,963
Api/Data/ShipmentTrackInterface.php,1bc7622e8e5789c1ef366bbbee8635f711443fa9d347ebfe2ed6d4c4a2b2ab95,4504
Api/Data/ShipmentTrackSearchResultInterface.php,f27d1199e69a6bc48ed4727aaea9f97c8df1a3294ed26d183dc4f88b0ddf4506,923
Api/Data/ShippingAssignmentInterface.php,9b4e258db831c9560c1697d39311af76330eb78a45d5f74cdc598cd6fa1560fb,2227
Api/Data/ShippingInterface.php,3e2119d7cac941dff37f7be4e3527c3ee2de47e70cd05cf751d8268a0f491668,2172
Api/Data/TotalInterface.php,cb1a971668fa6da0db6e911a1cd009c5c699fb0ff157c594db6b732ed62e4193,10185
Api/Data/TrackInterface.php,63724556ad31d826f060e39655598c73ca794a88bef9d2fc1706b3294e9aed65,1327
Api/Data/TransactionInterface.php,88c026c58e69622ebab240253da7f6677ed88bcb6bfcf2cf650af88b7f5f4feb,6088
Api/Data/TransactionSearchResultInterface.php,405b3e6df9f35bbe03d265bcf8782d316459cb648f94cd51ea4f05e73e0aaf22,798
Api/Exception/CouldNotInvoiceExceptionInterface.php,a3e640ed22e8331d70652f558000a709add6fdac3a9ebfd93a26c1de4554abfb,227
Api/Exception/CouldNotRefundExceptionInterface.php,a643a80b5c084c758d86bca58642db4ca64aba3e4e9c97811ca72a69efc444a7,226
Api/Exception/CouldNotShipExceptionInterface.php,fe1ad97c05fb77d2c54aca18d33d663114d3d5bacde91eaca39920b87b05583d,224
Api/Exception/DocumentValidationExceptionInterface.php,1d64a457eeeb75463f0d51123a0744c23c5440329f626dd9da4ce35dd3daa849,230
Api/InvoiceCommentRepositoryInterface.php,e2843d10f60358dc71c92204338d028e116e8420ac4c497db45666f78b2a0e10,1771
Api/InvoiceItemRepositoryInterface.php,64fc1b1d6640a122aa56ccbc4c7176b3faaaa143974ffcc3c217af5657071bde,1650
Api/InvoiceManagementInterface.php,ed1e4da968c7ab817617622649e97971aa6a9f5efdbd8d78c49f958d083efb1b,1019
Api/InvoiceOrderInterface.php,3db667f59150fc01af3889d3d278792cfc06d4d4a775512d03e63969330e2751,970
Api/InvoiceRepositoryInterface.php,678d4733ffbb7b7d659e84f059951fa637705b63341eec331be494cb4012f172,1900
Api/OrderAddressRepositoryInterface.php,aa888f7658c7110eb415c652c031fc4e70e32bbc2432144de6479df5d8a64604,1763
Api/OrderCustomerDelegateInterface.php,1f2b53edd1b45e9a507cfde9205202b635e6aaf18d6c4a8c30ee6078a995a30c,575
Api/OrderCustomerManagementInterface.php,14e5c87d548df70da7ffaed39218b09d4ed1bf7ed4292372f8eeef03190cb401,475
Api/OrderItemRepositoryInterface.php,c517669af16b011fb2e62ae9a38af6395c38da7389367f03e2bc09abb8860791,2035
Api/OrderManagementInterface.php,0c380c8160aaab675d56460cff718a646e3a8283637b60c66b998f9f82091e99,2136
Api/OrderPaymentRepositoryInterface.php,e152c54c952e0f388ab7a095b7eb472249ff1296b932395641bb68bfea2918e7,1949
Api/OrderRepositoryInterface.php,8fd00e22799cc196db92ecf3c362aafa840ab8f6523b7b4b19a230b23d193f67,1950
Api/OrderStatusHistoryRepositoryInterface.php,76f4d21a89741c9db9cc6d06b71144d90cbb9174399a7693fd932094c688235c,2037
Api/PaymentFailuresInterface.php,d1c2c97acb7481bdb3e2dc8e46d72f9824bb85c9e837922c5ec19c310330a5f1,613
Api/RefundInvoiceInterface.php,985e6c996ef93d01eafcecf722ec762646a97dbf5c58077cc0dd934e733c1c72,1071
Api/RefundOrderInterface.php,4bfd174e046365dc00c6095b6a0d8064f23f19fef90d577dd444cc00968d750c,1008
Api/ShipOrderInterface.php,35e08429e217ec5fe9b31d3cf1ca1807a51e4b52b8b8873de00027dd23f26d7a,1230
Api/ShipmentCommentRepositoryInterface.php,679ff00c0ca38a487bc98c68a3e064fd31e19acaa33abd495540e352d7366d89,1893
Api/ShipmentItemRepositoryInterface.php,2dc80e1bc2eafd8116f897ff7b60553b619aed0c2702b4d6dc3c9eda5b112da7,1779
Api/ShipmentManagementInterface.php,5e2f03accbf6ce5dfc3fafe8c7fbcf027b7e79b7eba1cd865e33be4b1fec6cf7,1045
Api/ShipmentRepositoryInterface.php,80516e1fa3d14447544e66334fb6fc4aa51c202061ac44bbf71287234d9a798b,2053
Api/ShipmentTrackRepositoryInterface.php,d067e09c654c7ac65e171da2f767cb9e01f502be3910dbfb144691c0ccd4846c,2057
Api/TransactionRepositoryInterface.php,0643e221d3384f8b85626112217d593558953a031e695d0d90dac5a105c727ae,2073
Block/Adminhtml/Creditmemo.php,4009141a25fccbf6b6360aff20f5cc5c4f518d39efcac980c374fa8a167f4c65,634
Block/Adminhtml/CustomerOrdersTab.php,678c994f9eb6a80410be88fcd27fa054e0c3802eaf4e44e5ef6a1b8e97bff9af,1508
Block/Adminhtml/Invoice.php,642260d6b1305fa5f1f7026c836e111d8bfcd14fc9032bbfc20465c457821a1e,827
Block/Adminhtml/Items/AbstractItems.php,3634f1ddcc9eb488cbc4d08833e62a42e7947def30fc276232c479af68bfe99b,15569
Block/Adminhtml/Items/Column/DefaultColumn.php,f17291ef385c0281ce78554b55d0f19ab68e3860875d0591ba90a899b2f6c49a,4079
Block/Adminhtml/Items/Column/Name.php,6997d6b910257b90229f4190f873f84f4d1793e85976dd36c0fa3667d6e44a94,1512
Block/Adminhtml/Items/Column/Qty.php,2558477241e2a112c60adf63453a45c5e919120576660be1bcb646c3383aeb4f,378
Block/Adminhtml/Items/Renderer/DefaultRenderer.php,9d11e542347bb31340dc46af90821e686a7268718a54a263e3fca107d8c9644a,526
Block/Adminhtml/Order.php,061c3457f74b11f4834939d9da3cc34c284271c185f26314cd2d861ce6d902f2,974
Block/Adminhtml/Order/AbstractOrder.php,28806adc2ce377075edcf35d71070524c0bd8f1bb8ce11d92acf052227935628,3953
Block/Adminhtml/Order/Address.php,9bf08be2e61d46dce3e51020344ca233903c1092d9530fd12d12f2dfb169b902,2059
Block/Adminhtml/Order/Address/Form.php,758ec422bd4b9cf39547ba8d84a28859bb158dc527220f87cced2aa1edb4c2d0,4645
Block/Adminhtml/Order/Comments/View.php,930d58febc601d87d58c967c01b14a5ccf4c3e530c92cd8e8d44e3eb3c612813,3266
Block/Adminhtml/Order/Create.php,bac87984994878a91dbcecfb956dff91bed6991ebeab3c090c5471c28f10cf28,4479
Block/Adminhtml/Order/Create/AbstractCreate.php,96d9fde652bd72318ba1275be474bbfe7131b70c98b971052db595c7bf49b3ee,4246
Block/Adminhtml/Order/Create/Billing/Address.php,627d75ec5b548258c4de7d4a47cd7b66becd5adaa74a882d3aa32cdee8218b67,1890
Block/Adminhtml/Order/Create/Billing/Method.php,66f725e0bd0781ecb9eb65d7a5a2933b023a018e58c44c7239d05bee30c0d764,939
Block/Adminhtml/Order/Create/Billing/Method/Form.php,fba4872836967d8f2ca8717b57f4c2fafd801a14de4bae77fcec43e4a74ee98c,3473
Block/Adminhtml/Order/Create/Comment.php,91e647591b93e53abf71d363168a22f10eb9b7e3a650a27e9f586881f3e535bb,1002
Block/Adminhtml/Order/Create/Coupons.php,f2b15e2f0ff287687179b839aad9cbfe146e931bb6babab30df52b017da04ce0,1081
Block/Adminhtml/Order/Create/Coupons/Form.php,1c6719bd8f25035cdfa904ef999e9a4e9012d9124df28185c676832fde347744,782
Block/Adminhtml/Order/Create/Customer.php,4fe42c7375d1608800866812a48f9697432ea9290506fde037bb58390fe6aed0,1345
Block/Adminhtml/Order/Create/Data.php,d0f168681b1803806698d49944e35bd533c19c38d195ce60f4eb5e8c99467824,3225
Block/Adminhtml/Order/Create/Form.php,b4059dff7a3291de95fa26507d36beab31684c35b282f6af7527edaa391e5fd2,5873
Block/Adminhtml/Order/Create/Form/AbstractForm.php,5fcfd543a2150270a1be072086e1e39dc38950c98ee618e687c2d7f04f4f733c,9106
Block/Adminhtml/Order/Create/Form/Account.php,0f65ee4d58f17addae2512ac47952c1d4f29af0d5eeb27c919a1d3e440c3d9bf,7019
Block/Adminhtml/Order/Create/Form/Address.php,5ded3717d0722923e47bbc086e222b296e19d4eeb013f2ac59aa64b0e3a4f68d,12977
Block/Adminhtml/Order/Create/Giftmessage.php,74c81b29b9a232ffe427e879593405f1133d882c697b0f10b3f4c7a73a37de9b,3229
Block/Adminhtml/Order/Create/Giftmessage/Form.php,de93b5bd58ddf8174d260e4eb524497adb1e394f125c5a94fa1bb2abe6228611,8929
Block/Adminhtml/Order/Create/Header.php,179b7aad0bb482293d547ae510cb6de6d67306b0c5e4d97ea920c79b82040660,3342
Block/Adminhtml/Order/Create/Items.php,4450bc2bc485657728e8a33c330d1024c8e766b6be09ba679b8c1dda8e3e60f0,2138
Block/Adminhtml/Order/Create/Items/Grid.php,0cac4bcd061777521b2cd585f1c304aed06f37de988d50b1d805fa5137b9d347,17921
Block/Adminhtml/Order/Create/Load.php,33875a1e4ce38194c048c700f90a19403f229b9eb15036e6ecd5c83e008a762e,1825
Block/Adminhtml/Order/Create/Messages.php,6c191cde2069804e759d3d7adc8a24b3c8b96f078477c47f1d0398f204f7edb5,1383
Block/Adminhtml/Order/Create/Newsletter.php,0053d84e24a9c06dd92f935abc679524456be3fe99dfaf3a72a3068e9345e1af,1054
Block/Adminhtml/Order/Create/Newsletter/Form.php,6b2f9611011a87630161a72b98cc79fa05f6f27a0700b4c2a1366769a8f2a898,576
Block/Adminhtml/Order/Create/Search.php,a24a80fe2292ffd241d2e2cd20b2858bd23051edf99cc6374eb7d366f2125daf,1429
Block/Adminhtml/Order/Create/Search/Grid.php,17e0247c4931fa7d5f761d0124caa6fd44ba0a576a7d86913e44aaa66aace758,8293
Block/Adminhtml/Order/Create/Search/Grid/DataProvider/ProductCollection.php,dab8bbf15988f2b989b5beeefcd9bc9aa94705042d69a09a978b4451c62c7e21,1375
Block/Adminhtml/Order/Create/Search/Grid/Renderer/Price.php,2ebef4e7a4c20546c8507cc8c179023b16648ee8f8ee6bab98204c89879e1a92,775
Block/Adminhtml/Order/Create/Search/Grid/Renderer/Product.php,3861d8a6b508429e61e380bd8ce69e1281330ce66a6d1c00fe10b9fb01b40b00,1159
Block/Adminhtml/Order/Create/Search/Grid/Renderer/Qty.php,0cb1b4b8565d00947f1ba739d5827a7e3c9cad34f8fbf345b4096c065d592720,2186
Block/Adminhtml/Order/Create/Shipping/Address.php,b443e1141161785211bccbfa4eaca6832024ba1bafa2d4d2e7614f30b712db42,3434
Block/Adminhtml/Order/Create/Shipping/Method.php,b9d2b63617594f2915b8ed6b02ac7e406f43a89c860171a88afb9a18edf1a292,944
Block/Adminhtml/Order/Create/Shipping/Method/Form.php,d7c9d71ebd6a3cb47b8b0b7b809ae02d9c5df55555732ef1c638c44e2df782a7,4516
Block/Adminhtml/Order/Create/Sidebar.php,bf6313b2cb89d17fea3cf14a35ddc9c2973b5a99608ddd0b71af8fe8a79ba8fa,1624
Block/Adminhtml/Order/Create/Sidebar/AbstractSidebar.php,87f05f611e3bdf9fa5c4a4deab18032ce6e634ecf650a4e61a7b173cc4c26c5c,5844
Block/Adminhtml/Order/Create/Sidebar/Cart.php,f25b65e5349c7f02eed97f82521b473de1a54e8d03c34042bbaf394b44d77e57,4355
Block/Adminhtml/Order/Create/Sidebar/Compared.php,48605089497aaa54fb6c55bb305a256c175e91569415c818d9245fe1782c1f76,2128
Block/Adminhtml/Order/Create/Sidebar/Pcompared.php,bfa716dcade2a4aaf4fe5f41f4995022aaf1d5e467ebafe8b9b4f0c24e7120ed,4606
Block/Adminhtml/Order/Create/Sidebar/Pviewed.php,7a486759690c801cfdd91ede1dc176cd60cdb02272313348ab0051e3e69a73c4,4322
Block/Adminhtml/Order/Create/Sidebar/Reorder.php,19cba7fa14faac8399ce8c9a5234a2d7e85e89b4186f243330b8163ec34e53b5,4020
Block/Adminhtml/Order/Create/Sidebar/Viewed.php,a1bb320a0da57c62b55067ba995f59f91a943bfb6fb5bbc61c563d2b22103206,1145
Block/Adminhtml/Order/Create/Sidebar/Wishlist.php,0f549d706ee18d7dd876936cd1bf07f302acee1e302b0f29ace031e884f69dd4,2567
Block/Adminhtml/Order/Create/Store.php,8606f6228562a2560c89eaed2bcf19721bb07034d99c3fd72b3239d360bddb53,762
Block/Adminhtml/Order/Create/Store/Select.php,e986ec008f9d9d63d3a4cc05dc01b70702d7766a52607a4080fb7dceaecafaa8,559
Block/Adminhtml/Order/Create/Totals.php,a5246139ca23c561d2410e95a8d71898421285b869a353b3a6d7513f4dcf79c5,5204
Block/Adminhtml/Order/Create/Totals/DefaultTotals.php,1d559aa9e6c13f197339f4e5b19da08aa3e9a01027dc461c7d3efe862ab518b1,1337
Block/Adminhtml/Order/Create/Totals/Discount.php,2c52902c310f5657de0bdc69ab7cfce6f686ad6e6c4cd3ac939fcf0f58722843,1756
Block/Adminhtml/Order/Create/Totals/Grandtotal.php,354d6c41d9ce6f0b1ec6ef1f74eb80ca2ca36bae40d2d1a10c7db0c1e05dd0ce,2209
Block/Adminhtml/Order/Create/Totals/Shipping.php,a115ef03f81bcd565156c22296cbec31b996d83baff48f971dd5010d4e32348c,3212
Block/Adminhtml/Order/Create/Totals/Subtotal.php,fb67a070c9a2fe14b9257847d4105a9cf935995aa08698cf7f0266db37f82316,2052
Block/Adminhtml/Order/Create/Totals/Table.php,3bf2d05589ea4f4a7209b03a7cd0c59950d5a1198174ccb63d934156213807ba,722
Block/Adminhtml/Order/Create/Totals/Tax.php,dc36c0f03befde788851b33954f43e92ba39e1f00ea731cc53e6168f96267f2e,527
Block/Adminhtml/Order/Creditmemo/Create.php,e4eea84c4dc2cb8308e48420f0d9d249dedf281979e8c5056d60b3ad9fda03e2,2172
Block/Adminhtml/Order/Creditmemo/Create/Adjustments.php,85614beec1364083342413818a3e3cfa5ffc40ef86eaf6719ad7b3b9d2134959,3057
Block/Adminhtml/Order/Creditmemo/Create/Form.php,a9f25f57c64d6c1babfe275c7bd8737f84483e8ab0136626495d2559a982e85c,1105
Block/Adminhtml/Order/Creditmemo/Create/Items.php,325f0678f3aed0907450fc094af456b95323904a882339a24a01dcf0c38ed434,7216
Block/Adminhtml/Order/Creditmemo/Totals.php,e68b3aef32b68df1eb4b039248667fbf0e0c3e3f7619d9a33503d652836df2d4,2355
Block/Adminhtml/Order/Creditmemo/View.php,198f668c744e94ae657e07a98c20371fb379923260ba31dfded5470bc6648fc1,6828
Block/Adminhtml/Order/Creditmemo/View/Comments.php,d383ad8f00d41a5c15f0254c74c3840375f7cededb8484fed131016bd2a69aef,1531
Block/Adminhtml/Order/Creditmemo/View/Form.php,c78a725f5abd8d93a419ba0d8dcd19f98fcf72f9563bdc12f4cf14ad7cc1221d,1391
Block/Adminhtml/Order/Creditmemo/View/Items.php,29377244e042d617228d88be2aa764f175b32949a402e38a60dbe6e0000fffaa,1340
Block/Adminhtml/Order/Details.php,8753771b40e55da8b4149c458dcfc292dc538081cd484ff77b5d3ff345b427c8,393
Block/Adminhtml/Order/Invoice/Create.php,89fd90f61961e72c73afba9bf05460e1bb491556038dc5c84e57f34c5b7e2af5,2156
Block/Adminhtml/Order/Invoice/Create/Form.php,3f7ab73b9d3011fc1e126e3dfa6dc501c2be8647deabaa295e412afab5cb072d,2452
Block/Adminhtml/Order/Invoice/Create/Items.php,4fa4963ba8d3de68155d7ee5feead38e5124c7b8ad88aafb5ed8314b0bab1c33,6948
Block/Adminhtml/Order/Invoice/Totals.php,75bbed44dfdd2f03f9560b1b594c7beb2b74c0830b40b0742783f538630ed576,1452
Block/Adminhtml/Order/Invoice/View.php,db0542ed6e5397a679d752aa87cca847538f5855f2439eef1c6f24fcdd070a4d,8847
Block/Adminhtml/Order/Invoice/View/Comments.php,e72632da748e05302641aeccf91f0d35cc38399c937fcde245cce5baad3c8e4d,1507
Block/Adminhtml/Order/Invoice/View/Form.php,ea533b3ca72828c097237fbe17cc90820ef998f253110f235888d96f068ea6c2,1390
Block/Adminhtml/Order/Invoice/View/Items.php,ea5541470e53e665e6e0b178e756731431d96a0683b082cd3018edce0b3140d0,1343
Block/Adminhtml/Order/Payment.php,cac89abd3f44ab40f94f81cac192af92805eb69411e458b0af95d4ac7b202e78,1937
Block/Adminhtml/Order/Status.php,ad3211e95c6c11100ce946b77d0f0d948c598e90246b6171fe5c730a3ff33cb2,1295
Block/Adminhtml/Order/Status/Assign.php,6676dacfb2e5b0e93b538a3d0f66e61b795196c426c3e9079f46009b12db2f3d,894
Block/Adminhtml/Order/Status/Assign/Form.php,3202fb1b628a552ffe64bd51cd2ffce9c07a4b2e966ab46ac9ecb56bca9b8e5e,3522
Block/Adminhtml/Order/Status/Edit.php,f10d258abd2ea9f66912a62e2ec12065dc33b0d6520a17fa7cd171b85392c475,706
Block/Adminhtml/Order/Status/Edit/Form.php,164e775bdb25fb96f5d5bbe0e10799705f7baa3882a92a2926527be62a51f2b6,1009
Block/Adminhtml/Order/Status/NewStatus.php,1e2c70aff16f4ab676fbb73227b00c7fb06a22306dac735db324bb465d8a49b5,915
Block/Adminhtml/Order/Status/NewStatus/Form.php,1b64999c917805947596dbd7d4f247c375e8f71af2080e29e9ce8d355bfae99b,4693
Block/Adminhtml/Order/Totalbar.php,4ec78a9d69431e79b75c88f3181b56198f6b99e9c8d8d1fdf31effc3de97f929,1718
Block/Adminhtml/Order/Totals.php,c4336e3469004f9ff229f3773d6e55284986082cccc4e12bafaa1e9bbf88124f,1769
Block/Adminhtml/Order/Totals/Item.php,5103c26191c570f2f4acb7d463b6752e2706d558822add786cfb63115c9cc6ce,2313
Block/Adminhtml/Order/Totals/Tax.php,53be73917a2607f7a0e777c9e842f90feac5d9404951883d318cc94e87f2aacc,3271
Block/Adminhtml/Order/View.php,36cd23b08f8b455925766198ff71016364e90661ce5cfbc87debd6d9a27565e7,14366
Block/Adminhtml/Order/View/Form.php,b578f722c4f062ec8e5423422fd03baaa82a08183ec8b1451d5ae44681f79d1d,446
Block/Adminhtml/Order/View/Giftmessage.php,34cacd75e501acb79b3da4587b90bb7c156c704da6fb01582ab706af16148d44,7289
Block/Adminhtml/Order/View/History.php,fb8a9c0a10f12f227873647030625815d461be07fdbdc33aa5da6656f0575213,3760
Block/Adminhtml/Order/View/Info.php,c96c3636dd1424c84134ba1ef1e171a63153c69769cd6cb1a548f3c18d8f26d2,9485
Block/Adminhtml/Order/View/Items.php,ac5fa1ea1688aaaf550156126813fee504a29a10fb468bbd2b335892da29d047,1244
Block/Adminhtml/Order/View/Items/Renderer/DefaultRenderer.php,3334019f08186bc2a7b1561991fbecbb00b93674be2c9895d706bcd286041ae9,8562
Block/Adminhtml/Order/View/Messages.php,249d9ae41a30faa1a56260efa8fd409470f9ec9f1c4155164f536e1d5b5b15af,2304
Block/Adminhtml/Order/View/Tab/Creditmemos.php,3e94aeeaaa1f0a346f9f51ca926e7d180af456cee6d0264e35727cc7a641b4b0,814
Block/Adminhtml/Order/View/Tab/History.php,3e80afe105f97915ab640a0ac2fe9b007b6c1bd1065a57d2980c0a484e083295,8806
Block/Adminhtml/Order/View/Tab/Info.php,ada75fc003ae26e941d3c2a857618ae6948dd6a5351adf8af5d7f1708e7506d6,2767
Block/Adminhtml/Order/View/Tab/Invoices.php,aee48c56721ba773b9d9c5c4a38d0e6b87b71961266f04c2d5fe573c9ed9cef8,799
Block/Adminhtml/Order/View/Tab/Shipments.php,e4b81272bdae8fd2a7a61b9e58b03d46fb0667c9832787beb63f941b0f7d7cd6,1688
Block/Adminhtml/Order/View/Tab/Transactions.php,e4a8707b9d6bb402695761355e681c864c8279674aadccb0683440f4ddc592c0,1977
Block/Adminhtml/Order/View/Tabs.php,bf429e0742fa0177c4c255fd9ecad39597ad3d71124002a3e3c5e72c4bb5c681,2055
Block/Adminhtml/Reorder/Renderer/Action.php,cba4554c3507c1cf40d28c9495a0074ef53c1f06ed7f2bd5b8b0f900aabb6032,2929
Block/Adminhtml/Report/Filter/Form.php,1ea247c2a7f23c034c380fa938c57d5e00ce0550eeef160105832450142e8520,3783
Block/Adminhtml/Report/Filter/Form/Coupon.php,283244f5f300f4f05d185039635713d642118c1c97ef3bf3816916d0f3b89872,4512
Block/Adminhtml/Report/Filter/Form/Order.php,a4bf2beef16022c550e8b6865bf3640c1411f9a70bfb911e63a87adde33d114b,1239
Block/Adminhtml/Rss/Order/Grid/Link.php,4028304d06012ae6b1ee417db445d7f297bdb2020593e0ae88b82a92439db1d5,1708
Block/Adminhtml/Shipment.php,b10e2cf0ea9d6bb4950e514cc5d7125a13649a8dc21fee953243f82fa7bdb233,651
Block/Adminhtml/ShoppingCartsTab.php,117fc012e72a5e75fe34eddc3533ba5443c98c8d476e598ac088270ecd677b55,1454
Block/Adminhtml/System/Config/Form/Fieldset/Order/Statuses.php,b4de1a16af26879d2369d4ea68cd9f610a07b206dc95ff7a9a3a3bfdc7e5a2b1,4204
Block/Adminhtml/Totals.php,5928e7d3f27b29c7826940acd7f69baa1c882d7804fd187d1b7f94cdf96421f9,3641
Block/Adminhtml/Transactions.php,8a3d20f25ac42a9383ee91a86b9e19401d6659a7e581135f46a3ab6584a4b111,690
Block/Adminhtml/Transactions/Detail.php,0030042bb87c066ec3783931b993afa3e7a4a48e50c6dbfa179258d2f40b0074,4466
Block/Adminhtml/Transactions/Detail/Grid.php,e9bcc849e4d2d14d4dff4a37acd663207b2bb7df9c07fa5d70564a84750f926d,3427
Block/DataProviders/Email/Shipment/TrackingUrl.php,205bdd0cef73673ebc2cccc76e3b7c98e46a7428d24634821d4bb145ed8a602e,900
Block/Guest/Link.php,3de86ad47dab530f7a61513a770ebabb7bf6605b6f831c15be1602f105ca21f1,1291
Block/Items/AbstractItems.php,53f15e0b68f5863094192c0bd5bb8362b389ff1d3d6f983bee6b659e8077c197,2819
Block/Order/Comments.php,448d91541fca596d372041cf68e726be8de63cbc707c8e491a061500b11e29b7,4195
Block/Order/Creditmemo.php,2d879a8a285010ed40e151fd48c2e78a5939d27977d1ea2672f884c4afd9f205,3836
Block/Order/Creditmemo/Items.php,6b9c848b5e26d74dd16f4cf6d0b96da22f59937264fa126cb87e95e02d62faad,2587
Block/Order/Creditmemo/Totals.php,6e9a565c68768a3786648fff650275dc831eadef35dd1ba5a755ec4c2ee8845b,3911
Block/Order/Email/Creditmemo/Items.php,eafcde576eb2a82a0e4f5803d0c3372ba1f6a0e894cab96915ddb1227c659acf,3475
Block/Order/Email/Invoice/Items.php,0c0e64b7bcba180559012610dd3a0b17b1aab7213914f9b0083d3aee8a4287b5,3320
Block/Order/Email/Items.php,db46b9e4712efb19855e1eaaca9ae1df126367db67a22f0c32cbeeb69b1c9dbd,1825
Block/Order/Email/Items/DefaultItems.php,8cfec65e9b8703a20661cbebe98eafe3920fbbce5e1bdeccd40a169a609bfa12,3264
Block/Order/Email/Items/Order/DefaultOrder.php,5525457c9d46c3f3a06fde53a7d0fe3b618bd12f490ddf303cebc4d23b8475d3,2627
Block/Order/Email/Shipment/Items.php,61a1e8910c2e0f7032e047dd32923ad7df6b20548accb75f84db95fc2b3168b0,3358
Block/Order/History.php,e4b5ee2aeeebdc72b4b5f209fa222058974c2d655fa078aed8f963484e84d67c,4911
Block/Order/History/Container.php,c0c3021adca63bc42e851f813c67cb643004ec054d54b9264e8e7d10888164cb,1482
Block/Order/Info.php,5749bdc81c3effe2f3a3ac30e4eb97c401a3faa642335258ea0963cfa10a2d71,2597
Block/Order/Info/Buttons.php,3b0d630c53f669f3c7cc180a50a409121fb8ebccc7fad3311a5e4d6a1ee04ebf,2380
Block/Order/Info/Buttons/Rss.php,153b178a41261a7d2a5cdd459b81a25783a3e040f7c532d908b371d9d7547207,3186
Block/Order/Invoice.php,41bdc2d8b0b169771e5571c6302e26bef0f267e23ea6d646e4980deed391f0f9,3748
Block/Order/Invoice/Items.php,a30cc9ba19647afbdfb08596e3235b98a8794597993ed3824a7b780f49db869f,2592
Block/Order/Invoice/Totals.php,6ebfec0ded01354d285a863c364aa794506944a026eadbd1328da0127027ac47,1944
Block/Order/Item/Renderer/DefaultRenderer.php,cea48094a48554520cb1ea79883cf336e1345c40453503a945225045ad97d492,8070
Block/Order/Items.php,c88affc1b3fab1ceab0719470e73328f8c786a1f10802de496bee413d3874a2e,3993
Block/Order/Link.php,6c000ba2cdbcd3eb63833cba0d1fd4b81c7d7a862bd26a516645747dc1a29f44,1757
Block/Order/PrintOrder/Creditmemo.php,9eafdc10775f30c299b58585f131092bb5c6ca4bce8e2f12db95046e05ee195e,3576
Block/Order/PrintOrder/Invoice.php,6469ad707f23079a1a245bb906d1b869c8acd24f862369aad3148a0c68182cae,3532
Block/Order/PrintOrder/Shipment.php,c64bc86400c2e630ac09fb5fb5ce8c725c845f98c635590c1253b2ac1a153b94,5728
Block/Order/PrintShipment.php,a585a9d042b88151ed938a236ca16de35096205ea00ad992753b13c32237bf76,3327
Block/Order/Recent.php,e2b4aa1a7cc8c461be80ee56d58dcd90f379873eae3313f60ba43664067a09e3,4067
Block/Order/Totals.php,6d86888c349eda95bd71b2af65ed28a3e8411c2ad24642f49c0b9fe282c8b4cd,9856
Block/Order/View.php,e4ab073edcc9ac0411eae22355639f66283beb3671315ec945b63cf5e641f42e,3493
Block/Reorder/Sidebar.php,689945ee27fbde24144abf54481dcd79b94fe470bcb3d7c510efc3ff8eeff15a,1461
Block/Status/Grid/Column/State.php,d13210c2d0758a4430d23a97cee0d20ad7e1c7d09067a5f6a54a552416fc7b57,1573
Block/Status/Grid/Column/Unassign.php,9cc46c09cd8e9f5a1b81822a932d81f6386f0d9fee3cac39002d751cfb439cd6,1889
Block/Widget/Guest/Form.php,7b9b231dd7776fab93fd3c49ecaac32323c83791e431057e8f050aea6a1a9ddb,2462
Console/Command/EncryptionPaymentDataUpdateCommand.php,d21e4bda103aa1012384c2ece774700f86f23be12b0682dc0cf970b95340cc15,1774
Controller/AbstractController/Creditmemo.php,c11698b8e75e6804b44bf12b44a5054fc3dfa6b0be066649e6617f0fb21b8167,252
Controller/AbstractController/Invoice.php,1a3afd082c6c02f49b2a47d651b416cc03b1b9d659f1f3b4f8942aa2f21c2da9,249
Controller/AbstractController/OrderLoader.php,bb9a982c209667e9159dcfbf06778d8564d7c22bd5f6025edc805f2a1275fa7f,2817
Controller/AbstractController/OrderLoaderInterface.php,495f5eb706ca8c7f772df9adf3a4fa99309b30c2f81f20eabaee220166fea0cb,534
Controller/AbstractController/OrderViewAuthorization.php,f35d0ba470386547ad7ae9106f611ea56d3a4c44d55f3b2ebf654aaaacbcacc8,1334
Controller/AbstractController/OrderViewAuthorizationInterface.php,d55377b0318bce001f1dfb75c17991c83ef2290ef2bee73fffbe688ed2e17a5b,510
Controller/AbstractController/PrintAction.php,f83973e6fc501ecfe60687476ff64b6852b7d6bfc854b688f2e17c9ac4ab0adc,1488
Controller/AbstractController/PrintCreditmemo.php,1e9793f7a3f2e2ee411b17bb73faf671bcd3ae8960cb77fbcd038821e6bcc672,3121
Controller/AbstractController/PrintInvoice.php,b18a1f4dc021425ec2de99bbb59dfaab436aabc0e9e6995eafbacc1a85351dd0,2837
Controller/AbstractController/PrintShipment.php,5a435aa5f35eca4fe5d79592d6ef9b9059abf65fe5c3a8017ae9a90387424832,2808
Controller/AbstractController/Reorder.php,4d2810d90522e072091b13d8cbf69cb32a7bb0a820a676028511f76e2d1eb1c4,2781
Controller/AbstractController/Shipment.php,b81791877cfb6e410a901fe35e82d48c0a47f5767ff3925db1999162b06dcbf2,250
Controller/AbstractController/View.php,ed541f7b53de28effcbd428f1585f4549e5e3b08d12a1169a62e5b8545413400,1701
Controller/Adminhtml/Creditmemo/AbstractCreditmemo/Email.php,f2d83ce68b5bbca36a856931094e4a016c528decb02403b637f6745a9edfc384,1186
Controller/Adminhtml/Creditmemo/AbstractCreditmemo/Grid.php,9cd9a583a42fabaa5519b3f0e3e32b3c6c5a0aed8661baba84be893423849fa4,1168
Controller/Adminhtml/Creditmemo/AbstractCreditmemo/Index.php,c9be5f0067238dd7f123ab7f056d29847630e90b312de860644f54417c3631fa,1674
Controller/Adminhtml/Creditmemo/AbstractCreditmemo/Pdfcreditmemos.php,7bda4958f3453470b77b220d205dabce9663dc850a39a17e0b49048f2dfadfaa,2512
Controller/Adminhtml/Creditmemo/AbstractCreditmemo/PrintAction.php,418e7a2faad93aefe58d08b66bbb5cb5b753d8a786a07f3f1680c94509b0633c,3029
Controller/Adminhtml/Creditmemo/AbstractCreditmemo/View.php,c844465ec87b01e71e93e2119601a6b756317e4a6dc26e7986bf7f5826b04096,1529
Controller/Adminhtml/Creditmemo/Email.php,beabd9993ca4c5e31add5d6bb6d53b3f2d7c48c8ffbd3334fc99cd828c800d11,259
Controller/Adminhtml/Creditmemo/Grid.php,b13b301b8690865c5c6a8a84a15956dcb783aadeb1970d894c392a952ed6e2d4,257
Controller/Adminhtml/Creditmemo/Index.php,03137705893abcdbb2923693b32a97f1db314558481f47afe6f4f126087f1446,584
Controller/Adminhtml/Creditmemo/Pdfcreditmemos.php,6bb359f1bd956b5402464c1bc539ca8db202d9622fa9633b9b7d25728db96982,277
Controller/Adminhtml/Creditmemo/PrintAction.php,832f9e594879edba78ba64c1e79efb9bdf68e88931fab29a0031c3e3d00784f2,271
Controller/Adminhtml/Creditmemo/View.php,cea36144c4a0b75ca565dd9132a68b60dcbab355b747b0970134a37c33fe76af,257
Controller/Adminhtml/Invoice/AbstractInvoice/Email.php,cb83e3a6df13ff51d827fe7ff0a148c9fe385ce2c77daf93c177b599bb26e2dc,2081
Controller/Adminhtml/Invoice/AbstractInvoice/Grid.php,d0d28292ea13725c8a8f704caea9b888ec56d7c7681de9f4f8c3ac6fb0fba1c5,1127
Controller/Adminhtml/Invoice/AbstractInvoice/Index.php,f3c01f266fc13419147343483261faacc8b42b786779ba6b80588852723e1d95,1715
Controller/Adminhtml/Invoice/AbstractInvoice/Pdfinvoices.php,9a7a7505f28115b8109d0848494302527fc6f7e5ebd516f583c2a736176edbba,2469
Controller/Adminhtml/Invoice/AbstractInvoice/PrintAction.php,3c675855d79de43b9b3dcbbf9965677ae95f26df490657eec88b8eb7826f4d93,2491
Controller/Adminhtml/Invoice/AbstractInvoice/View.php,7609d512464034555f60da29a3d26df76f04ea487bf1f6a586c25cde92334e1a,2650
Controller/Adminhtml/Invoice/Email.php,1a8374136212828e6812efe1fb523d1690926c6e44fcdc7a0910f0c9821eb05f,253
Controller/Adminhtml/Invoice/Grid.php,a3714dadddd7ec88d96593446242810001b30f28229eaf3a90866eb5df3acfa8,251
Controller/Adminhtml/Invoice/Index.php,1655e28941048d56a9a3d04925e9ebf6b9f4baa5285c84558d8bf7be52ca0a53,371
Controller/Adminhtml/Invoice/Pdfinvoices.php,56aa2c2aecb1b9f6d2e8b50cd798a8ee1914a55fad0da6fc3724a231e00d616a,265
Controller/Adminhtml/Invoice/PrintAction.php,879577e7f280051fde47be4526c64aabe1e272d7b747fa1cc1427b6b0c8344c8,265
Controller/Adminhtml/Invoice/View.php,2a2e2c3d5877bb38247f69c67c2056c0ffe3f525796d316ccf0dd14ba63e8e7a,369
Controller/Adminhtml/Order.php,d6f8e8f06c43b8eb65823ebf10737ac4415015c40cefc9090d450fdf8b9d6bef,5741
Controller/Adminhtml/Order/AbstractMassAction.php,26c0b159d973b0f58268e5cb2a39a85e287990f769d5edc6c56dc744c9c21adc,2584
Controller/Adminhtml/Order/AddComment.php,be4bdd6c54b92cac9d60563496b9fa46950243b777dc4f5e4787acab40839a9b,3014
Controller/Adminhtml/Order/Address.php,ba8f10854bdbb1d81350d12201a1646bcd288e8f7bb744e67873f01e474b8a96,1410
Controller/Adminhtml/Order/AddressSave.php,9b46db523401099e55b5b8d581e3f4facc82f7e506fde80dc1a35ccaa04677d2,5599
Controller/Adminhtml/Order/Cancel.php,2b624bcf4643fdb1479f606b98d4623dc7683d640b60de617f1543c478e68e0d,1700
Controller/Adminhtml/Order/CommentsHistory.php,0958b9b552aabdc84e8d14a4e2e6e185a7aee0807372b437ae528897f7a517b0,3551
Controller/Adminhtml/Order/Create.php,c6fe0c3fb577e9304c15ffbe119800c19b77f138ebb633cd383279098829dd4f,13496
Controller/Adminhtml/Order/Create/AddConfigured.php,26ca7d43786d854fd825e708f3dd5f3c2da73d2731ef30d690ebfe26dc304bdd,1356
Controller/Adminhtml/Order/Create/Cancel.php,918b87b255e8221f29bf0ab77f472c3f5c9ffe2a849583f4cf1d3a67b34cca3b,892
Controller/Adminhtml/Order/Create/ConfigureProductToAdd.php,2e33b29a946f06db13e25be00d7a408acc75ebc9cb3921b528977313c9a53a9e,1213
Controller/Adminhtml/Order/Create/ConfigureQuoteItems.php,73fc2862a5d7dbe0ad43fbcedfd21cb3fe706adfe528f13292acc05d8d0b72ed,2354
Controller/Adminhtml/Order/Create/Index.php,0fae35904b41255bf85bd3ee2dcc49ac6060e312f3933d3bc72ad72681d37617,992
Controller/Adminhtml/Order/Create/LoadBlock.php,df35c7a0d37ed57c3243eee2b1b73768dfac539eb1e92c1842a0987804af2648,3358
Controller/Adminhtml/Order/Create/ProcessData.php,9c3475ac0017416b963bd9235f3a5069ff93e6a0c3a894eca31ab55aed58a280,544
Controller/Adminhtml/Order/Create/Reorder.php,369ab8e492e40ee26689ed3d67a6f30d9acad8ee6943f1513fc789a0a4efbc78,3555
Controller/Adminhtml/Order/Create/Save.php,e27215a56397052a17ecc65efb3b0718accb9aad79d5f4c1e5d58b64d1cbf611,3575
Controller/Adminhtml/Order/Create/ShowUpdateResult.php,5f5b5841e100e8313b6469dea892bf3371c7cd9de1ad5f0b1a6ded4d9b73ea84,2133
Controller/Adminhtml/Order/Create/Start.php,20a1714687066aa6b6b923b75f4a9b9b5792b0dac3b37503fb357487c9ffcfb7,854
Controller/Adminhtml/Order/Creditmemo/AddComment.php,402eb6c489ee769b868413c7251c8e971e4efd824e2f82c61cdd7265be4d0101,4415
Controller/Adminhtml/Order/Creditmemo/Cancel.php,c4314a0d8c69cc25b64bd9876a3febf80094618ec18ca87753e0c2c46a296aae,2254
Controller/Adminhtml/Order/Creditmemo/Email.php,9f4cd7c89f185e8c17e83c7089577c4aca92b451fe9806ff92d2f1bc7a70aad2,265
Controller/Adminhtml/Order/Creditmemo/Grid.php,4361c594359c213da1dfb5f75afd94d9ce2da722efb9a123edf4a0fd3c9f363a,263
Controller/Adminhtml/Order/Creditmemo/Index.php,3d437340db7c423a52615bf5f252ad06e3288bfb27515ec11aa62979209d8bb0,265
Controller/Adminhtml/Order/Creditmemo/NewAction.php,6019f95a2b053576b4296b16179d6a5beabb288e1080e52a6c7a3ad5e270dfef,3297
Controller/Adminhtml/Order/Creditmemo/Pdfcreditmemos.php,e27c29ef0c626f01f72e96566e405c492fa0875a828ea0538397517b4b670b25,283
Controller/Adminhtml/Order/Creditmemo/PrintAction.php,809a9b3871a14ec0a6258cfa312795584aa4bb47354d36c7ee8cd0dfeb8238af,2236
Controller/Adminhtml/Order/Creditmemo/Save.php,3dc70b049a0d72eb1dee9dd3825ec70d9d18ed333814f3d4879d883625593424,5555
Controller/Adminhtml/Order/Creditmemo/Start.php,8941bd946b83318c393c740ba0248742feb5c8a903b5c69d8a372a0c665a8e55,906
Controller/Adminhtml/Order/Creditmemo/UpdateQty.php,9f9534d8091a2b68d861f38afdde84ed6be8988e2d4e55e421b6ae8e212c5a41,3443
Controller/Adminhtml/Order/Creditmemo/View.php,aece0f38cb72a74ae4db9ec803e6709c60515983adaf2c54168978b9ff0ba819,3076
Controller/Adminhtml/Order/Creditmemo/VoidAction.php,8e3bb2f2c644ebb07328a30eb20e5c9ca3cdbfa96d0e650b2844c6648cc41c8a,3166
Controller/Adminhtml/Order/CreditmemoLoader.php,f3266a0dabd1660cf5ed3cfade5b71c98254c239bf6e75044e8ddfeb4c1b8a8d,7619
Controller/Adminhtml/Order/Creditmemos.php,e03aa77abcc57d2679b39f0e46112fe7535e8fb47bd50c8851e77503e474f49c,677
Controller/Adminhtml/Order/Edit/AddConfigured.php,06d97419c08d4a3d53df2605166cadcd24fa895ae13267fe20d8a074990c4e99,419
Controller/Adminhtml/Order/Edit/Cancel.php,35503cf5555fb47fd91dcbbd104cbbb6ad9599fa4b6ab1afc750883b7dde37dc,405
Controller/Adminhtml/Order/Edit/ConfigureProductToAdd.php,d065a0a75de7908de6f1642691dd535bb463c68cb7d71f946dd0b87d1a556c36,435
Controller/Adminhtml/Order/Edit/ConfigureQuoteItems.php,f5a4225e7f4620d9e8434da3ac5961473bdedcdbf701bf6292fec99e5cc1e2cc,431
Controller/Adminhtml/Order/Edit/Index.php,984c25cfaa67d9d5a0a26e3d23a31c8a153b45b4dc6101e680c9c0724cb259b6,937
Controller/Adminhtml/Order/Edit/LoadBlock.php,c2a413e9795c7cc8ff44d8e4c6a780345e5b119a79ddc8f26bc7ba7b4963a4ca,411
Controller/Adminhtml/Order/Edit/ProcessData.php,d1d2c7997a1f4fd6b9d95e60d58c631c55f07cfdf5dec30b3df89af6a06c2843,415
Controller/Adminhtml/Order/Edit/Reorder.php,97873070d3ae9a487f04b8c94b0d09c18e2ff1e7dc4b14d22c8963c962a2a935,407
Controller/Adminhtml/Order/Edit/Save.php,b1c946057d6aa6867b5100327f47f7ede15c93d736c91ebd55083c74a5e1e1ed,401
Controller/Adminhtml/Order/Edit/ShowUpdateResult.php,9b6f3618827c046c75f4c8c58f4bfa1c24b9ac5215342b0089c6d00b3e13ef89,425
Controller/Adminhtml/Order/Edit/Start.php,9bd9484e747ee59755dac60d20e28b1ce706a6f6a94d3087a4bb1644b62e0267,1715
Controller/Adminhtml/Order/Email.php,6dd0cf23e3a2bc59ff81de32811247de71ef16ee826d5bffe0a82e85b96e5aaa,1407
Controller/Adminhtml/Order/Grid.php,ae77aa0210bfa932b35a403c862d3ceb9f62e556c1f98c71ea40d581b301774e,451
Controller/Adminhtml/Order/Hold.php,e46bee46ffa4291b5c2c9752d6255b20e9b8eb903e127d69bda315bf74ab287f,1542
Controller/Adminhtml/Order/Index.php,8b0740cb66d1f09032bf806dd438a5575fea5797eef7d85ea72b44375435726a,622
Controller/Adminhtml/Order/Invoice/AddComment.php,0b7824956b06cc37a9d4d0c63d679f1cb0010ed2278a0726ec59936bd3e08693,4709
Controller/Adminhtml/Order/Invoice/Cancel.php,e21c5ab696485000e0c23be1940afa06a66529ea47d801f587df620de7f13966,1653
Controller/Adminhtml/Order/Invoice/Capture.php,c1b985d89954e82331b6a801cf536d4914703a2785ebdac6ab8748af7e81a033,1840
Controller/Adminhtml/Order/Invoice/Email.php,3e1f46379f656cfe76d26b60c06377daec71f6370971e5aadcfccaa6d001c4c7,259
Controller/Adminhtml/Order/Invoice/Grid.php,68005ea2e53c248fac2a21e3a0de39685eb4ab2a90cb332c2230f36dbd717465,257
Controller/Adminhtml/Order/Invoice/Index.php,01487d67500bec873f1f880487454f34b303eb51f93e2e865c4d14eb0ad6754d,259
Controller/Adminhtml/Order/Invoice/NewAction.php,13927810730d7a7766513a98cfb6193fd12f049e4a39868c0d60da5e2e383ac8,4421
Controller/Adminhtml/Order/Invoice/Pdfinvoices.php,d4003d2e12441869d4373cb27661f7b9950a8ded495bbcb6f898c10a5352d80d,271
Controller/Adminhtml/Order/Invoice/PrintAction.php,3c39c92e39e2b524177002fceeb1fa067ae5d6897c2d2fb2e2e71e1645b1d2e7,271
Controller/Adminhtml/Order/Invoice/Save.php,b06436afca6ded6a4a9c9f26be759c35ef9addfadca6e80ed75f2d92c08dbf57,9161
Controller/Adminhtml/Order/Invoice/Start.php,b38eb4c7d0e98aa1cd61c183d603cd4e25e46879a01767c7e1c97e1b71b71e52,950
Controller/Adminhtml/Order/Invoice/UpdateQty.php,457d4573500500a0b109fc3e9a81c76f80f91c090efa8a865247fff11bb7c359,4723
Controller/Adminhtml/Order/Invoice/View.php,6dd385785bdf7b6d5f855f0ae1967e738ed5d3c16e78e27bfb1fb9b24c7f7c94,2141
Controller/Adminhtml/Order/Invoice/VoidAction.php,435b749d4884dbbda2b58fec61ca26fcc68a543b9e5147eeb8ce28ab9d5c15d9,1895
Controller/Adminhtml/Order/Invoices.php,a339f89d25339f1385f735f1bc2f27f3dd4ab0630e8969ad481022886cc93fab,513
Controller/Adminhtml/Order/MassCancel.php,117c8dd59335ebd4dd7aee6eae698a34ee5174bd7ff204acfff2993b5af4a0c6,2752
Controller/Adminhtml/Order/MassHold.php,ed09df7b5398af8664b45967cd2bef6e55b284a7e4336440f8cfff9b3b36d674,2568
Controller/Adminhtml/Order/MassUnhold.php,521eacba50e5e18550cc0c7c4dc3a837949737a3a1a03ea355fbc95c4a940d4e,2994
Controller/Adminhtml/Order/PdfDocumentsMassAction.php,2ea8e94d86b7dace8373eda3473ff6c258193b9deec75dad9466db1697082bf7,1703
Controller/Adminhtml/Order/Pdfcreditmemos.php,d050fd6497fbd2e1de577ab458875a7addbabcb338bfa0c905331d484ca144b8,3120
Controller/Adminhtml/Order/Pdfdocs.php,c46dd09f3bbbd6768ad8ac6e7dceb8a342d47fc072114ad8025cfdf154cc71a1,5303
Controller/Adminhtml/Order/Pdfinvoices.php,30b9a1ca9d2e471c5ca66d53f673490eb253869fb7b74fbad39ddc3a69d0ea34,3043
Controller/Adminhtml/Order/Pdfshipments.php,4927c21f8295b1b3bf051e718b2ede000e45dbbac9fecc2c15a04010c8afdd48,3293
Controller/Adminhtml/Order/ReviewPayment.php,cc6fcfd5ac268b5fcd4964acc9adfafb6e553234421b241c67ed6b09b20bbe81,3016
Controller/Adminhtml/Order/Shipments.php,88b2753f1a7e2f3fb6d60e3a092dd9c5fc7cf56094c3ac0b2bb49517a2b61603,515
Controller/Adminhtml/Order/Status.php,e07eab5cde9083a7d71d8002290a31622f140839224cb7b8915b45d2d168be9c,1391
Controller/Adminhtml/Order/Status/Assign.php,04cb58666adb38528da1497474c395f4cfd9bc6a852bbd0b7283b450f06e0109,1493
Controller/Adminhtml/Order/Status/AssignPost.php,0d3b68f4c2ef4ea293c014323aff3e730abf0df437694ddcb5317f81726ad509,1998
Controller/Adminhtml/Order/Status/Edit.php,8791ab66c4f1343901c08604bb334a43f04b548faf6878bef2be09ef27b4d8d7,1856
Controller/Adminhtml/Order/Status/Index.php,f1bb18985069f35ab4c4fb4a8a0fd5e455e69fb5eeffb1c65beab378890aad12,1392
Controller/Adminhtml/Order/Status/NewAction.php,73bb90bd8ffc4c96f6d8d7b0ba294c3cde72509453a4818fa065f2af6c3c921c,1632
Controller/Adminhtml/Order/Status/Save.php,1cf1650b1d9fe1d9060dd5e4bec32e0f4aea9f4430e60fe38f437da301c192ce,3291
Controller/Adminhtml/Order/Status/Unassign.php,cc416d61c36f338578db4a645433fbb8a0e8bcb97cd6ac87d85ef1eeb8e13d70,1443
Controller/Adminhtml/Order/Transactions.php,a08bafa0cff4004695d8114c53534ec75d1f1000a08df73078b0ba2eff33c533,546
Controller/Adminhtml/Order/Unhold.php,66b951cf5e1bb47cf9352a24eef921fec301f9a7fb64783f256407257a39766f,1712
Controller/Adminhtml/Order/View.php,0b39ca1520715862535008637f4f9f5ba503399a8b3e95ba33f059d46540d2a4,1398
Controller/Adminhtml/Order/View/Giftmessage.php,bf6dd92dd341bf1d3a0cb252a3834138bb3c51a29006e2903649fb2e37709e8b,770
Controller/Adminhtml/Order/View/Giftmessage/Save.php,5bd6292283a5a55c41a2a813464f3264db90b0298655748cabcd912127bf1fa1,1091
Controller/Adminhtml/Order/VoidPayment.php,a9dd36741d3e9caa5b986977010777510b62eafd4686d26ad38ed25bb39a0034,1408
Controller/Adminhtml/Shipment/AbstractShipment/Index.php,8be07d7b3c8712443a578ee85bbcf474431685ae253883546d49649baed1c2ea,1417
Controller/Adminhtml/Shipment/AbstractShipment/Pdfshipments.php,53099475720bd1816ec0b27da2553a2197e3ccbfe726d799f409ca27f531c883,2368
Controller/Adminhtml/Shipment/AbstractShipment/PrintAction.php,3b011c465e8d6d5f3398519b2f296e1d8078b9520f218cd3589399198e000910,2577
Controller/Adminhtml/Shipment/AbstractShipment/View.php,bf9cd8071d8bfd9180fe036e8120ece5e68fa445a58c033765c2020994e89286,1553
Controller/Adminhtml/Shipment/Index.php,ad1a4e10e4fb5e9ba6b06da1783668f8060ddf0da7cde82fc84c71b39e97da3f,409
Controller/Adminhtml/Shipment/Pdfshipments.php,3c43b1ad93a9573b977808b0241b43f3ae888df20ed4858075f13f53d6f9a18e,270
Controller/Adminhtml/Shipment/PrintAction.php,f61312a65ce9ad15a3edbe5d5866c56c59f8323408949b7c82f0712cce4553f3,268
Controller/Adminhtml/Shipment/View.php,56baf44dec53af8b63cd02c326ee06415dfd24241d23fd9bae6a3df4f0caa901,254
Controller/Adminhtml/Transactions.php,14b7b187671cf9d1008674736c5a49bfe3d6029fb841346dc4f9e3daf0d2c743,2789
Controller/Adminhtml/Transactions/Fetch.php,b44f2d7ed607c5e205f27881b83951c8421516c39883325292271373f6d65269,1746
Controller/Adminhtml/Transactions/Grid.php,8b9051471f95ae11c14e878448bd3c14d57b5a70bdd181675c0e9904059f336a,479
Controller/Adminhtml/Transactions/Index.php,41681e34f034a12d58098d4c4c1eddc90ee64bb43203fe4006c622a8ba169846,753
Controller/Adminhtml/Transactions/View.php,7c6e5144754f2e895c896e1e2b68207cc6c64eb9be919e6de784718f6193e8b1,1086
Controller/Download/DownloadCustomOption.php,80433ee710c03c5e798cc4ead8c52e683dcfd9848fc9fb00b8a6548cf3bf8b52,4092
Controller/Guest/Creditmemo.php,6b4435f3dfb9cc49a267e3eb737613e7b768ef91698b23fce753ecbb04fab790,217
Controller/Guest/Form.php,ccbd33fbd903f2539d5b6b9d7acb4d5622979ee3b6df3f3fcff23f8b1d105982,2092
Controller/Guest/Invoice.php,eae5f144f684fa2292221c4db81ffdb8b83d4fcd9c8efdff269d1e2c0acf7528,214
Controller/Guest/OrderLoader.php,407f8917ef75c9ddfa0e31fdcd1072e87cb59e74b3e0a6d369a0447353f3a1ea,778
Controller/Guest/OrderViewAuthorization.php,a9c430b481050fb7ae5e7b7a4d39888222f6e71b622daf5cc00042e5ec02cc04,894
Controller/Guest/PrintAction.php,892eb7ef4c1b923378f58fab2e6c35103e0e559f12209b40275e816fce29cc3e,710
Controller/Guest/PrintCreditmemo.php,f8e311861fe1d428f53276430eb6f0a278bfcb04518de7578bc0fa43a91e4152,2463
Controller/Guest/PrintInvoice.php,b63e26000dfc07b00ea6a9de155f52d89515da63ee3768e8bfec278654b20daa,2103
Controller/Guest/PrintShipment.php,3f9230b21828afc19866c2d1f9420d8859cacd77adee2584314c78a74fa8763e,2074
Controller/Guest/Reorder.php,eaa9862bc7cb411f441664135e5dcc8a73007d5bc45fe8f952146b220a98fbd8,709
Controller/Guest/Shipment.php,027bd62a0a43dfe8ef154522ee2c0d7008555758688f406e580b654ce857d1ed,215
Controller/Guest/View.php,a3f96fa67d0548cc6b228fa4e8d7b97d21443d9fde509928c8ae30c10d117d0b,1742
Controller/Order/Creditmemo.php,735c96c20b079af9f583716c5a88d42ce518b0b66245468e35b33ca886ad5c98,460
Controller/Order/History.php,50a312b5321a28df86b4068ba2638b654b97ca2b657805bc5a035392a8cb8a8d,1410
Controller/Order/Invoice.php,f00956f3ccd02194b6d5c0b72b7357b4e4cf6b91a68229a142ed33e7d97a0559,302
Controller/Order/Plugin/Authentication.php,1b65f797d2140771180ca1fbe7213f33a5f3b3cc74c30fc17847022a4a7b66a0,1348
Controller/Order/PrintAction.php,918f99cc84d9d15947bfeb665c967659583178a8268cb87bdc7dfd55d243053f,310
Controller/Order/PrintCreditmemo.php,9a43fc8ab156aa3e9cdd15a65aabf54f52716c6b920fc25c3297f8b73f32394c,318
Controller/Order/PrintInvoice.php,1f52b40f5bec4b0a948772d9b41f13eb96889663b55f661f82936014fd0522b1,312
Controller/Order/PrintShipment.php,891dcf75194a543e234fa6b43f28ecf47ee479aea202d2337f5d7fe1f873f5e0,314
Controller/Order/Reorder.php,e97118445b2c5a16abdd00a9214ed831e200968d7b11c5ae3a02eab28dcf8421,302
Controller/Order/Shipment.php,673f42634c827bd2f226acc028cfd9d066231d69db1c852b25fd4e2776f4e34a,304
Controller/Order/View.php,66cb4395f8863ef1e217665a1c96b646239507ed8a9aa8325dc102337425bf77,403
Controller/OrderInterface.php,75c81613c7fdded64e5b5871ebaeb1bb8e1ac001324ed05e24da6b09a163e77b,307
Cron/CleanExpiredQuotes.php,8e6d2ad26043c6f7f22e4a2718b62fc52d4f68ef6bbc4eb7d78a2dd776c0df0a,3960
Cron/GridAsyncInsert.php,1cd6d9bdf623ee1937c436c9a8b733d740c08d1a2b5fa41adb7e41141100f728,1081
Cron/SendEmails.php,c266d865d558aa5aef7b165986eed34b8ff9fb3214e35b6a13a78c2f4c772064,1182
CustomerData/LastOrderedItems.php,be256270d5d72af4ef9b2998f5126ac9e241945eb4c1301691441268f4a088f3,6077
Exception/CouldNotInvoiceException.php,d23ca216db740d540d1dc477a92ba086131298879fe852f7138d460d52e064ef,439
Exception/CouldNotRefundException.php,3d41513806e1e7f924713611c4aaf835272fd27ef4293d9b5ad7ad7b94443645,399
Exception/CouldNotShipException.php,74630daa300d87b688d73de31c348367b3559c2e3a671a15dcbb6205106958d8,393
Exception/DocumentValidationException.php,467c5e4d8a2a2ff582a09495aae6567893fc4942e46b63328986ad6ff299d5a5,411
Helper/Admin.php,38ffbe3239acccd8629003c7c2563929cd87ad629a174cb4ebae482e83937ddc,7493
Helper/Data.php,6f5ae1fab5b582f233a559567a5cbe1c8cd1377dcdbc218e8730898d47a35c7d,4229
Helper/Guest.php,80bb1b9b85c09c4e60b7e85608d73c4367456940a5bd3e86cd7bff6a5af06a16,11218
Helper/Reorder.php,7c799d4508702cb9ac4681d40e385910ffe877097727d244c6ea27a7bd05455f,2134
LICENSE.txt,4c8537fd5431aafcb0ab22c49cba68febb59dd3595210f6c6c3b9212de0a7b49,10364
LICENSE_AFL.txt,49d9aa4c0615ff95305681c358fa1575f54ed3a512b016f61c71d6784860dd8d,10376
Model/AbstractModel.php,d391546ab01328b3ead40ddd0abf2be67bac71317a9d45c7a1fdcbd9b3c30cc9,1756
Model/AbstractNotifier.php,ca92b4cc197c7ad177e3ceb4eea94b99f60276812c90b2665d79a4324dc89ebd,1884
Model/AdminOrder/Create.php,fd64eef5a48d599636f471d48d513d36981fef2db841fc50f5c094fa68b992a1,70978
Model/AdminOrder/EmailSender.php,fc8eebbae63dc162368e889094b3cf7e86154cd8b4e186778e90f096edf7352c,1541
Model/AdminOrder/Product/Quote/Initializer.php,b4bfda800ecf81578c17628e8ffb39e6b0ebc43889d91acad9095211f24e30c2,1595
Model/Config.php,1fbd8feda48d716bc614d346464eea51a5209d0409c3508bb50ac50a406b2a25,1757
Model/Config/Backend/Email/AsyncSending.php,a86eb46afd49752c7736ed06c99519acaac7e8c119ba4ccc61490f46269227b9,1003
Model/Config/Backend/Grid/AsyncIndexing.php,32587bd4d2110e114efd40fff98f38bfbaa028ea8035c68c2830f9bca4a5bf7c,963
Model/Config/Converter.php,af29c20c9ae51faaf6c1813355a08a17e8e9e504c369dc3ce9ff967ea8b1ae62,3667
Model/Config/Data.php,ad5da943002b551877002cfd1bcb8c83f93937a82ed61c4f0ab93aa5555a6adc,831
Model/Config/Ordered.php,d14d510e9a9e8d82bd0391aff7ab4553cd6e65074561ea158ae9bd254829be39,5402
Model/Config/Reader.php,a8f2e05f84d154fc26f87a039bc6846059c5d8acc782cbe466c917214bb9526c,1886
Model/Config/SchemaLocator.php,4d980bc8a5b2c9c76bb979362e256d4c9176a64f2ef9911567f8c097fe33ca53,1234
Model/Config/Source/Order/Status.php,49f64657318df18aece632214ab8d39a6751b0bf6180600a71d6f6e4f4deb672,1542
Model/Config/Source/Order/Status/NewStatus.php,6f0aa8f87d62a6bc6f47c8f45ff253316f44cdafd4576f30a20e43932274ded7,385
Model/Config/Source/Order/Status/Newprocessing.php,77b6a462ad2daded729a83415802e6bf2c79c5825ab67dc26c8370c078597bc1,462
Model/Config/Source/Order/Status/Processing.php,875eb98355439af22faddfffa8b1bc36583aae6c3a7e1a28abb5c906778be0cf,393
Model/ConfigInterface.php,63a4eae84d84228078b87e864f8e5295b70dd08e8494b13cd9fd537d6cf0d118,810
Model/Convert/Order.php,1c3e0598475e5c3796eb9092b432c03c24150f29d29992885d894c38b803ff01,7217
Model/CronJob/AggregateSalesReportBestsellersData.php,31d521e132fc51a2a3f7163221619e7fa445291db7d47821c07700f7a4c0aa82,1593
Model/CronJob/AggregateSalesReportInvoicedData.php,5b289ef18d4dd7bdaf8a070947a3459fe02040e3de139d53179e67349e3563bb,1640
Model/CronJob/AggregateSalesReportOrderData.php,753d072840945b5f4d7297de1169589821ddad88867c8d051a33f448b086eb8d,1604
Model/CronJob/AggregateSalesReportRefundedData.php,aaa7ae87ae87f7237653eef16ba9914957361d54f60e3961faab272f0a0e9b68,1563
Model/CronJob/CleanExpiredOrders.php,c147306adbc8c915937f061dcd502b0d33925c0042be6916eb6ac2f09c18987d,2215
Model/CustomerGroupRetriever.php,0f13bf458cf1201fa5cceac698afb8d473af88eeff61efb7530f5bee19029a5f,1190
Model/Download.php,1bab8146769fbccd694a4950d6d014d4f2e3c409def02226d4d30d5691a06097,4199
Model/EmailSenderHandler.php,dbb31280a717862a0f44dd40445ea349c0a5d7f51b5798fc31610a7b04e9f222,5086
Model/EntityInterface.php,23abdf9eab81d21f2c5015d22fcc1942c458c4c18a32d6062bfd432468bccdc3,307
Model/EntityStorage.php,1275d71ccebf841648c6969da45e5b4bb623dac2713362007366d6b878374a05,3211
Model/Grid/Child/CollectionUpdater.php,4fe6130396e5066cd77d6a13076a191420035daebf592e66fd101bc4adfbee69,991
Model/Grid/CollectionUpdater.php,2e79305bf5db0b7b099d61874a56d57d67278d6af19831841636ee50d9b704c2,1080
Model/GridAsyncInsert.php,6d9542a3a90cc75636027ea3d79e8ef785046fc00e1bcf4d14296ee886883d4d,1606
Model/Increment.php,73faa0d619fe628056ee5ea2f614743b87cb09ea763d9027dd9f9902a33686f5,1154
Model/InvoiceOrder.php,5e97a41d17004ca7a8125bd7c258ac0c240a655e4501f7a5cfc2b25cd04c8a96,6336
Model/Order.php,dde99fe9e80b62f46d7e53754932f25368e5d50e67ff3242cc97ea7166470cdf,115253
Model/Order/Address.php,757654bf9727ec70e37d172f465f45aafb17fdae26a93eb51c6409a95f12dd01,16744
Model/Order/Address/Renderer.php,a48d04e03a77d0dafd6266e4a8e92372922c0ed8b83b0b1663476eb02cdb50bb,1546
Model/Order/Address/Validator.php,f3f10407fa497aebe4e2515d8ac540252c41da3990e56e42a38cd7d13d39d537,6437
Model/Order/AddressRepository.php,379f80366291cc1a98d0ac40ca2cafd4bd6b30e59da29dc92d92d8d02ca94b08,8071
Model/Order/Admin/Item.php,2b4c73062cfeaaf913aa51fbf7c38e203cd9e46cd3919ccff887f0c6ea326ecc,882
Model/Order/Config.php,4c56f997b03223529fc6ec17dc222e98d6ca28ba7c35ce0c46ef49cd98ca50e2,8485
Model/Order/Creditmemo.php,26ae3846d58ebfc33cc838b57a5b5c4b282971283b6500e7fde983f0d955b925,38061
Model/Order/Creditmemo/Comment.php,1a3b27f7b3c2a96132c8041807e8e184bdbe8067e8b6becfbe16786f8fa2cade,5679
Model/Order/Creditmemo/Comment/Validator.php,3fbd4119f38cda5f27967251dad384551019ad444be57a86332c64b14d4f87c4,1064
Model/Order/Creditmemo/CommentCreation.php,cc3c154983970ae7bee38d5631371112c4ced22f8450d2c76749287e5112e22f,1858
Model/Order/Creditmemo/CommentRepository.php,673f2e88a48fcb32ede4f630f5e494553fbd18344662af34fd87283e970de30e,4761
Model/Order/Creditmemo/Config.php,bd75e8b968c7286ff8ff6b145ba01d9d335d164359924b8fcb5f6464d2ca5570,538
Model/Order/Creditmemo/CreationArguments.php,c83973f660206610f6fbbf9bfd24aabf0cb9cfecacab2b1b2c59f558fd14edde,1977
Model/Order/Creditmemo/CreditmemoValidator.php,e1882856d3c618f322696624d8f08ad5ec372f91a5c39b7aacecfc38f63eb177,825
Model/Order/Creditmemo/CreditmemoValidatorInterface.php,b3b883bf1b3e9692d4c80b7002271c186961456afdff32c0cde3871a778d1559,713
Model/Order/Creditmemo/Item.php,ee50dbe831f9f50080d11113d165360c799aedb2830212fd141eeadafb317044,22314
Model/Order/Creditmemo/Item/Validation/CreationQuantityValidator.php,326cce1622dae5e6dde67a3cccb9da732c1d0a58c0b23434a64a76842940ad80,2669
Model/Order/Creditmemo/ItemCreation.php,7835ae7de40e099082d0e241b6cd2a803740f21cb416b05888ad8e3db326ba35,1766
Model/Order/Creditmemo/ItemCreationValidator.php,346074dd4142d7ab36fc9ea6db8e7a10b1c218b4e05d1960b242056542aef2e3,966
Model/Order/Creditmemo/ItemCreationValidatorInterface.php,848d5bc35ba92a10b0bc86c6f2e75679e095e57d074c71494abd85de9b7559a9,708
Model/Order/Creditmemo/ItemRepository.php,33d6cb0f312df5127fa2b774b39bd553e3ef5f822a6c423cf1eda56d2be9470f,3105
Model/Order/Creditmemo/Notifier.php,9bac2ec489e45e5177a656b1c04069b402fc938724788c41e51d69e55e6f504d,1070
Model/Order/Creditmemo/NotifierInterface.php,bcd2e1284f30cf9cb8202a8fbb240b4bb89d9cba77db4e21714ca655df27c2fe,880
Model/Order/Creditmemo/RefundOperation.php,3fd4d0b41c5c49b883ca20fd6b3075ba06406d64798fe4fd058272c4a4a43d98,5279
Model/Order/Creditmemo/Sender/EmailSender.php,33fe5ef09e137d062db8c6f2e776acbb31de8b148ec16a831f9b8d52345c7b4a,5814
Model/Order/Creditmemo/SenderInterface.php,4b9f657a5348da769ae49733d5fb9a8ace1b28d1c1fa56422f46bb7047763030,855
Model/Order/Creditmemo/Total/AbstractTotal.php,54cd35801975a5555e3e8992c2f308576b2298a11249d94d08774ac3ac63569d,693
Model/Order/Creditmemo/Total/Cost.php,adef8f1e5ad224bfed7ab25d5f809171c676074632a1adb4e35ac1ca2b8e274f,756
Model/Order/Creditmemo/Total/Discount.php,8164fd3c8b262e283d755fc9cd70266a7ce0a6776c6260572c86a7f95c5dfc1a,5431
Model/Order/Creditmemo/Total/Grand.php,717b7ca78708b1fb5c6cba952858183c6e0601971a8be2a1ac892259757ab22f,1199
Model/Order/Creditmemo/Total/Shipping.php,f035a7d4caa1801faaf358606be0cbbffddc87c514dc0beeb01b1b1d0257c8b4,5971
Model/Order/Creditmemo/Total/Subtotal.php,c347ef9299f8c5ff77897a4dd1c60523c1df7bf33de5a053c9d7059209145e3f,1393
Model/Order/Creditmemo/Total/Tax.php,c0777cb6081c098e0d256512f4241b6e7eb594920f4c5123bf2ce41c68e57d0c,10024
Model/Order/Creditmemo/Validation/QuantityValidator.php,2158c3874c6dee4f67fd9b05c5d3deaed340ed1d4aa2fbe783bcf117c57d649c,8418
Model/Order/Creditmemo/Validation/TotalsValidator.php,cc169c2bb3ace9c882a6522f93f596f022aa5b2160548fab53fe309936b4acb1,1360
Model/Order/CreditmemoDocumentFactory.php,5dbd5c603d790c1fc61ad996abd7019934f3eaa5c70c45ac8d2176b08650fbf2,6092
Model/Order/CreditmemoFactory.php,f4e7a4cae5f171315a0cbe773193806a0680f00137b06f2eebb3bedb2142976d,11576
Model/Order/CreditmemoNotifier.php,ec7e440bd7c1646b080c7d5436c699701e68ac624b524d9c14a944e848048885,1134
Model/Order/CreditmemoRepository.php,d65315db251bc800751e6213689d14d5ab17bafcaceaf1a17121e56a97f781d3,5599
Model/Order/CustomerAssignment.php,5b8c82fe74f1d4b2df450e170c96fe2d5859a04f3b87d19b1c07eba706e07feb,1964
Model/Order/CustomerManagement.php,ade72e2ee769a716b76924cbdbbb47170523b7e6bc482bd660e1eef123e42632,5260
Model/Order/Email/Container/Container.php,4064a2d6753779716e2513070074a0fc83966a2770da1bec89e2aefeb08f7856,2640
Model/Order/Email/Container/CreditmemoCommentIdentity.php,5b4e2bdfa33704c27a4acbd7ed68ca740e05e44a76426781f129d4d5609e196a,2472
Model/Order/Email/Container/CreditmemoIdentity.php,083cf5022cf8e457db841b7431afb4b26fca8aa24ec9489c6b04024792546c4d,2410
Model/Order/Email/Container/IdentityInterface.php,1ee4a7053b451b14e3e477e3325b70feebf0fbf5ae82e877b6e089c2ad14ddd8,1324
Model/Order/Email/Container/InvoiceCommentIdentity.php,c5da2d6d4fd808c73a716ff041ee2785c49ccd80c69d0d2393cda8cc5048a79c,2448
Model/Order/Email/Container/InvoiceIdentity.php,7c9ca628c39201a801b3d311b53ce46f4404bec3cd14f7c251bf97df4f36297e,2386
Model/Order/Email/Container/NullIdentity.php,76b07a8fdee2b43f62d823634edcaca633ae0e7b0b0e6ac1932b22d36946cca8,886
Model/Order/Email/Container/OrderCommentIdentity.php,dad9abfe0da3b2a9168f5c007022efebbbf61650cca92d56517f8fa1a059e131,2432
Model/Order/Email/Container/OrderIdentity.php,a79c9548027a479d82ebc11be605f08292a16635f7d9fc4898e2e3afd5d5e97c,2364
Model/Order/Email/Container/ShipmentCommentIdentity.php,ae1f00eb6839702f381f318db3118f80818abbf04c3e2da87178ff5b681ee582,2450
Model/Order/Email/Container/ShipmentIdentity.php,371e8bbecc0bcd03b2d0887dc5b9d4b160e62eebc431df4ee0e7e53f72240fee,2398
Model/Order/Email/Container/Template.php,d9a3d1451997d07c2345c324ff59a42b66d366fdab9f527c805553fa6a8bb0e9,1451
Model/Order/Email/NotifySender.php,1b927f589fce73676a0ebed351be2190a4bc711e6ce8455e72bff4a5ea3f60c5,1042
Model/Order/Email/Sender.php,58695ce146b5080f3a2099abffeedaa3356305aadb2678950d3eeb7425211d88,4706
Model/Order/Email/Sender/CreditmemoCommentSender.php,6192107ac3ed0c4d0f89feeded00441bb71b770af383e55ce18f65be32f7bfb9,3180
Model/Order/Email/Sender/CreditmemoSender.php,4b88087c5c80ef618e28e7c7fd4ca626e2a12c0dc196613b63843f982260c8fd,5888
Model/Order/Email/Sender/InvoiceCommentSender.php,0f3d221d5328097b00629d3946fc57e0bccd9a41b9646bfc399b5a96b9fb9e86,3138
Model/Order/Email/Sender/InvoiceSender.php,1f6e685f987c2c6630800e964c0e17c00afb5416c1b7d3fc24b0153071ebdcd0,6530
Model/Order/Email/Sender/OrderCommentSender.php,af17391ddf7624f2d6fafc758e25c84f9c565b78c67093b43d87d29d05794d14,3005
Model/Order/Email/Sender/OrderSender.php,3a2a43049c451c7b7fae1274ebae1941ec57f6fa7b81df20d4800f7e053daeea,5488
Model/Order/Email/Sender/ShipmentCommentSender.php,b155fd740493d0167385aff5874a7187e0df2e07a2516fd8be275e719b49c5d1,3152
Model/Order/Email/Sender/ShipmentSender.php,f49fa9fe2c7d2f683783e7e702ddfbd5447b03b44cfe504a49636de5905cdbfd,5809
Model/Order/Email/SenderBuilder.php,3392ac8f98036a8dc27e8b6780cffa30abc15236a296e442521ad997bc853026,3166
Model/Order/Grid/Massaction/ItemsUpdater.php,d36e92bb3205d267d7594b3ea29760cc0a24d608db6d4bc3645d77f1c629c67f,1213
Model/Order/Grid/Row/UrlGenerator.php,06f175659ea1b169e7b627a589616cfd23194f04ab88f9d4d74401c7ea8d0520,1168
Model/Order/Invoice.php,050f63b617bb61ea49f92a1c33101ffcf6da6bfe714974e49a386e1c9b3daddb,41366
Model/Order/Invoice/Comment.php,3d3b273784e42ec6b642afc570fc63f5396d6891172748885e7371d7bd959a90,5475
Model/Order/Invoice/Comment/Validator.php,ed69f2f69290a8856c2ea8e37ab7b4d61732cf8251f53fe115a966d7cd03d9ef,1052
Model/Order/Invoice/CommentCreation.php,d23732e5b2fc0f58ac81ba60e057e9bcf3cb16416d14b26994f404c416e99d62,2213
Model/Order/Invoice/CommentRepository.php,a11dc2ea7b29165fb80ebfd0a78bef90418898534b29effb61e95934297e1e75,4638
Model/Order/Invoice/Config.php,02ae9804377909d4e35f50ad5ad72bea9bf94657adee52b865418ffcdd8a963e,526
Model/Order/Invoice/CreationArguments.php,a83bb7fc21923cd0cd6978256a6979b514412c3e367e1d872ebc77882edfc027,905
Model/Order/Invoice/Grid/Row/UrlGenerator.php,e0560029a63a4e1784bb7dd056f7fd43f03ef4c16dd5b5d3e445e6d9119a499c,1184
Model/Order/Invoice/InvoiceValidator.php,7dfcff52761c7bffb18ba4e31684532ddf75bd3dce2aa288d7c1282c3a0ec2d6,813
Model/Order/Invoice/InvoiceValidatorInterface.php,e1d8976ec9ef2f996de053380a79b10ab68d90f22959d7ffe9a1d9b7e8f329b8,695
Model/Order/Invoice/Item.php,031b63bf26472de3a7ad539a4a27db341219936ddde9d04da08ab45c4cdaeccd,18364
Model/Order/Invoice/ItemCreation.php,d4ed0427fccfae826ef3f29f4016afb8ada035c5c802a91d339d3ec9149331a8,1710
Model/Order/Invoice/ItemRepository.php,f9a7667cbfed6685b48d635413e4bfd659adb9a7cd58627cb638c68086311d83,3043
Model/Order/Invoice/Notifier.php,5bba5a94a85e588372a450b4757c759dbc6587a65768fb4b29486e1b069b814d,1043
Model/Order/Invoice/NotifierInterface.php,dc5f2f05294556739c26c0f580f5306a33e142ed551b0f4701064107deaf07b8,857
Model/Order/Invoice/PayOperation.php,ab65ae57b17c467d462d3ed679fbcbca661d1a4ffa5d7b93c5862336a66d46c9,5407
Model/Order/Invoice/Plugin/AddressUpdate.php,39e884f6d7cd86a8c9034fb007ea220f263b07571cf5402322ec9c685ed2d025,2661
Model/Order/Invoice/Sender/EmailSender.php,fc0400182cebf5f19e6287c060405bab1e91f2d66e195d10153901f3f0464d7e,5718
Model/Order/Invoice/SenderInterface.php,9fb7ea3c4009f0cadd3a5810be9822f3cc84a0c5c3d788a32a78f715ab32b1e0,831
Model/Order/Invoice/Total/AbstractTotal.php,0a9cc8be12cb6efe18932296f75be0e4a3b6ecd9996c29934c48c4421b4d0271,667
Model/Order/Invoice/Total/Cost.php,78a5a832cd9e093667acfc154123faa930cd564d5365b403f713754a81a43cef,738
Model/Order/Invoice/Total/Discount.php,0c017237e8fb1729f0e10035dc74913c336f66c8ca40c6a4ae5a53a17b1cd848,3605
Model/Order/Invoice/Total/Grand.php,652de2cc0146af8ec9dc75e626300a04c065e1b41ba3da31fef2ca6a32406d94,493
Model/Order/Invoice/Total/Shipping.php,ae5a28400aeb363a319c8043854aa6dad5b24c0117fa7f193d484d8bef2c9cc2,1756
Model/Order/Invoice/Total/Subtotal.php,09fcb0730e71c18af5265e377cd760e04e4165b38a44cdb4a85ae5a7c577124f,2070
Model/Order/Invoice/Total/Tax.php,abf215c722e8948d539892957024b1490dd9b6d5916a51c1b9717099b253119f,6681
Model/Order/Invoice/Validation/CanRefund.php,242b20192f484c8cc807b47cdd6472a8c3baef157499739c15a7dee0b7c7ca73,2948
Model/Order/InvoiceDocumentFactory.php,5d5e890d6655aa0991ee7321164a83e889dad2af40295800ebd3004c60241a5b,2193
Model/Order/InvoiceNotifier.php,58b0f8beceaf0ddc6f0798097903519b94097a210fe840a2c2837ca0253f51e1,1116
Model/Order/InvoiceQuantityValidator.php,87601de9c1451479aca7fbd7f53c4ddff773ad08d97f9b07aa7f80bfe29cf507,2962
Model/Order/InvoiceRepository.php,1ef918681cf2c324ac37738ae9bb8bd8aa4ab3721ad474058bbaf40581d9386e,4729
Model/Order/InvoiceStatisticInterface.php,ad6b8bec05ac6a3face75f19ccc226393e10f878b322707d92c76858182b4e5f,571
Model/Order/Item.php,dc939b4517e222f09d9ea6030b9e31741b1cb8a00a621e6944768cd86100b2aa,55859
Model/Order/ItemRepository.php,93c65a1a78ee806aaeeac2cd83044d2132a43fb5082641b8d087c16acb04708d,7178
Model/Order/OrderCustomerDelegate.php,b4275849c834220afff60b1d09679059eb09940fd7a1a13699b0a033d7ccaa7b,1368
Model/Order/OrderCustomerExtractor.php,465adf47b8b9baa770bb9b09734bc6ee9868ef07da2f414bba19bdf99299b8d4,5159
Model/Order/OrderStateResolverInterface.php,55efd51900f3d97991b7812d635574b31266f5768addcf8528943bc379179747,616
Model/Order/OrderValidator.php,d22f8a1678bc65cd80f70ec4f1930d5ec8996e93421c4a0616f2c0a031bb0c74,781
Model/Order/OrderValidatorInterface.php,2d68e7133bfbfe5f7ffcb51fe53b524a63aefdffda23c15a81e2258ebbd51481,677
Model/Order/Payment.php,377e11a3719ae568ff066a0255eafe45634c1afa5fb914c26907d2af9747a6a6,72560
Model/Order/Payment/Info.php,665ab3c1205b810f553ca61afb3045305a5808f6a066ccf0e6c319ce869253dc,7133
Model/Order/Payment/Operations/AbstractOperation.php,558435e88adf0b38c3113c30185d937bb02cd3dbdf8bf48ff0f4078f5414d0c4,3666
Model/Order/Payment/Operations/AuthorizeOperation.php,c3a7bcfd5db3a40a6c5e29db121028a80a89ebce9899e6e2be43b78840a71792,1852
Model/Order/Payment/Operations/CaptureOperation.php,cd218199470137e9e9582ff650cff936e5de3c0625f62e8063c17caa56d9d824,4151
Model/Order/Payment/Operations/OrderOperation.php,598e2184c9fa66bf445c7f06439d1661b0dc50eb5aaeb37c08bb854fdc037756,1389
Model/Order/Payment/Operations/RegisterCaptureNotificationOperation.php,3d8a591daa1fab7be005687873d99eb9cd8911cadbcf2eec42fd068311acf164,2597
Model/Order/Payment/Processor.php,2361e2fdc2d6f83042abb9c1882702040768ef1fc8ac6bb9f0e67b846fd4e4ca,3409
Model/Order/Payment/Repository.php,e0433dd5360d90c69d1c12438f2e9be9a4343d3e45975043fe4768229148e311,4650
Model/Order/Payment/State/AuthorizeCommand.php,3b802d389b1492ac8d302719ab1d68b87cab40e583a78b4b8dc6658dc73cbe9d,3046
Model/Order/Payment/State/CaptureCommand.php,bb93f8b3a7569f1252a457b979b39b5e005ff2357055f7ff8bb57516391a3404,3048
Model/Order/Payment/State/CommandInterface.php,08a600dd71584156eeb2a25a3cb7f45c0cebf7ee89d7ab8c33b692581d0f74f6,646
Model/Order/Payment/State/OrderCommand.php,504810d45e7555e63506538dfede1ed4adaafde8476bc0f89ee98a06e0ec0d45,2302
Model/Order/Payment/State/RegisterCaptureNotificationCommand.php,2fb5808dae78fd77a71118a1fa6894b7b6d30da9cbd1e57acebf7dfdde1d22ea,2401
Model/Order/Payment/Transaction.php,0dacb7445c57b2fb639fbd815ae21ae6c0257aeb5c9ea8680f25af2ac585bc9c,28634
Model/Order/Payment/Transaction/Builder.php,83df4995819a1b68020ed454f5f3572a0919567c382fc60affd46937b4f7aac7,6235
Model/Order/Payment/Transaction/BuilderInterface.php,845eb7efa4e3e25a5f8dca92689c3967dd69c30f3f4c8117fbb1381e97ed0c4a,2643
Model/Order/Payment/Transaction/Manager.php,1d02a41df8d6fe606b430ec282392412ccf65794276a0848d0fcc78681f18d82,2654
Model/Order/Payment/Transaction/ManagerInterface.php,ec8950f3cba8fb853e0df75ea04bce7f54932f9dd7598da2f9ac82df6114c526,1353
Model/Order/Payment/Transaction/Repository.php,494847492a973d6443451d808da254e0de050e1479487dadd796fcea5d496bfb,8411
Model/Order/PaymentAdapter.php,2bbf4d465fd4b0e71bf506a54a81e25e7487c9d64e0eb26ef8fb6ec2669e3cb2,851
Model/Order/PaymentAdapterInterface.php,670e48d2f17833a5f58e3da27e6f8c774cd3f01300ac2158001c37e315b8a3d1,659
Model/Order/Pdf/AbstractPdf.php,e9dc4751fecdcd6e2ce590d8623569bd517685f42e367a248a594e9e392ed434,36796
Model/Order/Pdf/Config.php,31309b8477f01550e65e4874aa517b80052cd4f1972d92c393e04906abab57c0,985
Model/Order/Pdf/Config/Converter.php,51e6dd16e6d8c61f0254d7906646891391bc17975656b278e039ae40b0e5cf9e,1759
Model/Order/Pdf/Config/Reader.php,d50fd848665cdfea137dcdf54da71e39bad40eed52ff61216f7628213a52061d,594
Model/Order/Pdf/Config/SchemaLocator.php,5c9fa9bc3b1b3dfce525059a39de7c677ffd56886d3b479daeaf7c31d287272c,1201
Model/Order/Pdf/Creditmemo.php,3c2ba37e600bd77c0b2889ec5a2ccb529f06e6c1f6085a870a8948ccec6b0dd1,7241
Model/Order/Pdf/Invoice.php,4b74c4726a035d04992c9d1cdf13eeaa255e616b324e8d1e54b5a88cecd3bc3d,6684
Model/Order/Pdf/Items/AbstractItems.php,ff3f54800e26f4ec879c99316a0dafec61b29573cf2a905a3317cc7a41eac4a4,10451
Model/Order/Pdf/Items/Creditmemo/DefaultCreditmemo.php,862bade12ba3498a240e2ae87a30c49fafd18b791d11168625b86946805f6aef,4786
Model/Order/Pdf/Items/Invoice/DefaultInvoice.php,6513354d55954cd4e8411613830767212be8cea998319614916ae7252b51325e,5267
Model/Order/Pdf/Items/Shipment/DefaultShipment.php,79200e72838d9acc9af6390d1c2bc668bddd9c6ccf1f191b02fbd88da1a934da,3888
Model/Order/Pdf/ItemsFactory.php,6a0498f32e6f376c7adede7d39a6229260ad7c0affd337fe9fab306cb9d97ef1,1024
Model/Order/Pdf/Shipment.php,897d005a3f2d4e387aba8a4690e4687bc07511c141918a4256f6ae0590dcc3f8,6326
Model/Order/Pdf/Total/DefaultTotal.php,895038250f5b53f5b9ff58e3e49df45def4ad4ce1ba1c766f8b5e48dffa328c2,5076
Model/Order/Pdf/Total/Factory.php,5b17f9e4cd63330d08ae033ff02f9b2009503962ce1b72dfccee8e4ec5791d25,1490
Model/Order/ProductOption.php,6d43233c49c3df10e4c751dc31935d80678c064664f76ede999ba3558aeb1b55,3172
Model/Order/RefundAdapter.php,4c585b9882ea5a01988164c1ca351abab4d027e14b660e4898a4eb78ccca47d5,907
Model/Order/RefundAdapterInterface.php,691fa723c304d0ac45160e3b42cbd7a9efe1dae383c2a69c57412516d7ca5b03,715
Model/Order/Reorder/OrderedProductAvailabilityChecker.php,e813eb095fb689d2e5956c52c8c373846970f9ccf496490848dfbddf10a7d1e1,1783
Model/Order/Reorder/OrderedProductAvailabilityCheckerInterface.php,6aa6da991df8d72555a3187c4ac35f8c71737caf8a4ede6d5b9614d2821c597c,585
Model/Order/Reorder/UnavailableProductsProvider.php,2226ea0cb0dcfeda23d4acb1922cf7b948d3e4000722fec1459fe38f6ed1563d,1486
Model/Order/Shipment.php,4fea103dd47b2538562eb2c350965788e346d233e3e6e865ba399e1c108ef697,22905
Model/Order/Shipment/Comment.php,41e2de0292b5fe524a0b89684a893a59fe0c736780f2e646d4bcdaa601d38b81,5577
Model/Order/Shipment/Comment/Validator.php,fda2b165f64d698c762691d572c21dafe466b23ef58e6257fe341e7ffa34359e,1056
Model/Order/Shipment/CommentCreation.php,5232ba63d83c40043a7dd301e1e888b6f5aa59bf27b684f015c74bfe815b8db6,2211
Model/Order/Shipment/CommentRepository.php,e7b7b96e5465ffb7c78cad93a5f7a63999975695eaeda164b6ab4a32afee7984,4684
Model/Order/Shipment/CreationArguments.php,25b51d49fa7d100d7336758f123b3630b22a5282a101f034575818df64fccedb,909
Model/Order/Shipment/Item.php,698c4d13ec5239e6b40c66f0180dc1d887dd293f391df30a4cea10a7db288973,8703
Model/Order/Shipment/ItemCreation.php,be21a7b78b2b96c07f5b5b44d56269e265511e900b71ff9465ea6cff2f907e3a,1751
Model/Order/Shipment/ItemRepository.php,2c7da130637c2e9514380e4f3ed46a5e88e19af79ed2a00d72ab05330167bc7a,3063
Model/Order/Shipment/Notifier.php,b365ec97ecbcd63433272b3ba5810d1a57566770e25567b457fdfc6a3340a503,1052
Model/Order/Shipment/NotifierInterface.php,10e4cd37e3e4ff9bae827c5ac7fe148f7d56e3d9a3f0ba6eb64d62232a029c2f,864
Model/Order/Shipment/OrderRegistrar.php,f8b16109fab2fd562f758fa10eb7b0a6060fe6bf1e30d73837ea1a20e3bcd9c6,991
Model/Order/Shipment/OrderRegistrarInterface.php,07f41813178f85a0403d29ccb703bd35d85a948e503bca9ade4684508b1d3757,643
Model/Order/Shipment/Package.php,4ddc49b475d9d4eb9b2604fabfdd511d5157b987d055ddf4cb0b4515d3d8de88,847
Model/Order/Shipment/PackageCreation.php,44b923da5bb09c7d9a82192fd2175120373f0f5e032c2d38a9c5caba0b3ac4d3,887
Model/Order/Shipment/Sender/EmailSender.php,7a289aa213bdb8eb0a621f94031d852f17550f5d35ded1060f10d4419c428956,5907
Model/Order/Shipment/SenderInterface.php,0e9ccc740d32723909acf2bcb1f8f21c2f8a8aa017329a4445ff02c151a4946e,839
Model/Order/Shipment/ShipmentValidator.php,cecc00392ea6787eae39eecf8c3797e921616bbe7ec2ab4297dd75db982f7969,808
Model/Order/Shipment/ShipmentValidatorInterface.php,ecb1a05b8402d8c7031618c5a6708c012340faf2d9ce0f4301514abc8b50b8dc,705
Model/Order/Shipment/Track.php,6779e984f561a31a3b43ce69e9a27a7503c6708ab9c3469e62b5e46b052e5517,9707
Model/Order/Shipment/Track/Validator.php,2f38f04ca6aee518921a778d418402b58181dd8d82cb2c07d645885321fddfe6,1117
Model/Order/Shipment/TrackCreation.php,d37e27569a4a487bf4d84f5b551f3152bb74e0e66a585b7ecaed9c5705d1a835,1907
Model/Order/Shipment/TrackRepository.php,7250fc6e38d6a6112b2f094ccc39dbcf649dd2e2baa423a24841a1a32f87d6f9,4498
Model/Order/Shipment/Validation/QuantityValidator.php,94e93cdb0b09e50e8d54754dbb3915b494c741d86eed3c2ad918697d13e33246,3161
Model/Order/Shipment/Validation/TrackValidator.php,2c6bb55027c0f5704b275353971194e1aa2b8162757589e068839407532bfe15,795
Model/Order/ShipmentDocumentFactory.php,474d88079ccf7a2c59fd11cfd19bf951195c2664b1a7baef957f6e024eb8f9bd,4994
Model/Order/ShipmentDocumentFactory/ExtensionAttributesProcessor.php,d5b514d3a5a40f5931d831731b3bf79fc9f40a13505d3489d0b31ad01ec358d4,2543
Model/Order/ShipmentFactory.php,9f982fd855f6a4bc55781977a5fae164672a2fe5a28e04dfa03a639b65aac76d,9701
Model/Order/ShipmentRepository.php,bd799c822764e7c289763c453dc1239ab4d8e9547dda650ee3092cebebdd0dd1,5417
Model/Order/Shipping.php,fbdbc1e0c282504c9c0f8365b1622512b3f4510d3b7e7aa06ff5ff99e8fa6d39,1633
Model/Order/ShippingAssignment.php,10bf99c13f533998b75a48a8d29ff2685e71ce0a693b4236319971f2deb08358,1657
Model/Order/ShippingAssignmentBuilder.php,f3a9c85bb1690a41f5c120c46dee21ce6d6c558e4cfe1836e4c791e299431b9e,2542
Model/Order/ShippingBuilder.php,57da7a810ac0ef3ff427ab84d5fec50d62ff4936a84c2fb1f2f90072eac0ae9b,4142
Model/Order/ShippingTotal.php,2b12cdfbc8cd405ec4da5fc56c18c7fca898471420ee4e3ac5eeb4038bfdaf00,6947
Model/Order/StateResolver.php,890194083696717853ee93bfee1d5d498ef69110081d9de0ad02f4e331edc10d,2768
Model/Order/Status.php,124fda4b2c80a0d6f440f00afc533988031c629c3f4cd8b6673547e79e76ddc8,5134
Model/Order/Status/History.php,80e88fffd5d1729c0758e4130d0c4e8a3e99f2e63053466b987c0fcb0329dce9,7864
Model/Order/Status/History/Validator.php,2c59adaaa07e99a3ff47c6d19dfafde9e2785620712d56b49e84c97db8a75e40,798
Model/Order/Status/HistoryRepository.php,67400186748c1b7cd35d1bd747c9f08c88536fb56f5dd85d047f41cd733bcaf7,3223
Model/Order/StatusResolver.php,1a7d9443f9886fc6aa04584ead3ae806f6f7f6fc7c6a54bf52b820a43fcc72fe,735
Model/Order/Tax.php,a9eacf910747ff7732c7999e41474c8967d20ee44a47692c63c144c182a455f1,1405
Model/Order/Tax/Item.php,6b697de47f67c15fd7b4d56dcca8685c7cb16c75c9fd6060cb366eccf000497a,2952
Model/Order/Total.php,8715aaf455666f6bb27d2343b7471a26ebd1569fda355ae2bc4c6b24d1db7b8e,197
Model/Order/Total/AbstractTotal.php,e218207db8e3906a41cf1e02be7b43fb24890a4655749e9d25b96c0f89fcff2c,628
Model/Order/Total/Config/Base.php,5b7441a5cf821862f55906e41e6dddda752b60d066f5659ddc9da3ab2e3f627e,3052
Model/Order/TotalFactory.php,f2a898d5181a0a7f3eaed516bfeba509911f6182d1b272cff484599cc04a8e15,1002
Model/Order/Validation/CanInvoice.php,4f21f0b711fcc9583a4f8100b560eeb805e7881c367dfff1acde5757bdde2b7c,1855
Model/Order/Validation/CanRefund.php,be528bdf68a834ab29c876136dc8c281dc137f3d38bb1b9a993f3c4968347f5c,1913
Model/Order/Validation/CanShip.php,9854fd002f2c19295bbdc9a6822282009d76eb4c63a82b56e95d2129387b3b9b,1695
Model/Order/Validation/InvoiceOrder.php,375f40941a5927f0d5e2ace1806f3c0748712357d5399da3c6ff59696e1d0710,2301
Model/Order/Validation/InvoiceOrderInterface.php,72e3da16d042f03a792a26444504bd6b4b4d32a8e3f170014c640f5b8651afc7,1247
Model/Order/Validation/RefundInvoice.php,18f5e3be8f09f678ae11a7de7753c7cc734c2e8dfd2206865941a2cf843ad49a,3888
Model/Order/Validation/RefundInvoiceInterface.php,1dd164f0d336e321ba190fcfe17cf01c8c44263ff4a19a8e10d49b08ac7c3c20,1372
Model/Order/Validation/RefundOrder.php,b0bdd8f0f0293269b6a8dc58448d06ac6e60fae315388b279b0ce40eb8cb2bc5,3203
Model/Order/Validation/RefundOrderInterface.php,dfe421005091a56000371ad66ae513babe1f70ade5a010eeb762bf028365cf61,1192
Model/Order/Validation/ShipOrder.php,c210b918004b5e4623e18bda169070c63d572ce68c79a6df6379e0f8c35be6bf,2817
Model/Order/Validation/ShipOrderInterface.php,89a3fb07ec1d6598542057bc1aa5a865f013f77b9e7844292d978a343c17af77,1224
Model/Order/Webapi/ChangeOutputArray.php,7ce6b786dc6d21c0e37b734c9b956e90a6cf97455fdc463e70d3e4719718eb4b,1852
Model/OrderIncrementIdChecker.php,06aae6a28c849e7bb9ace3bd7c9d1b150837485e19592ce535f53a0db361ee72,1425
Model/OrderNotifier.php,58871fbf4c2caf0f86db207dd30040918ab241bc58f016c54dcdfc34f30a25ab,1098
Model/OrderRepository.php,d6c4ddc33ca71956d913b34578115b6ae5ef8ad9b79559e44de0b573ed5aef23,12249
Model/RefundInvoice.php,81b8a677b622c4033c4492c10e513691aa65dfc9674d81c58ab61f7699743a25,6424
Model/RefundOrder.php,49631843c2eb5f93e52bc1c37e87ee4c3a08470da4d6abf52bf4a7b770cb556e,5840
Model/ResourceModel/AbstractGrid.php,b473b3167f3b3a24eedf69a4ebacefe889cfe202ae4c0ec87e523c625973394a,2495
Model/ResourceModel/Attribute.php,1c2b47b4e8cd8bf4137637d108702ac11affa20a4d306318ee20473af65aae98,4111
Model/ResourceModel/Collection/AbstractCollection.php,6299550fe3bff4ae36a4a01633eabd59ac06f835088bee75738805db0e9d364e,6000
Model/ResourceModel/Collection/ExpiredQuotesCollection.php,76d93ecaa7a0e9e083cb6aa88e05c1b52413e3b4f3683ba0a0c92358a020068c,2075
Model/ResourceModel/EntityAbstract.php,435cb2498c5bcc89cff90ef72b5655252136c3a99daffe7627b5a71ace076e86,6469
Model/ResourceModel/Grid.php,eb437f2a7fb6fb73305462187060f0ee307f69863f551704d5c0a34265fe4229,4892
Model/ResourceModel/Grid/Collection.php,ce4dc55679af52c7ca864d78b7ba33de9569a60c206d8196a55828edfbce5e49,4185
Model/ResourceModel/GridInterface.php,01d0034b33655293799795dcd0a7cf169dccfbc6772485a454af5878eb25631d,902
Model/ResourceModel/GridPool.php,f8f638f1ac9ccf1f417d5214c5aa95aa0568ad54132278382ba76e19d2acb924,744
Model/ResourceModel/Helper.php,af039fc7e705284f82ae4aea9086b7b235da0aa34c8e5a58713b9cd87935d74a,2366
Model/ResourceModel/HelperInterface.php,272fb7a84c6c2edcae346421069f6e25ebed524c2cdd275bff82ef6eea4f1ebe,800
Model/ResourceModel/Metadata.php,d8a5aa2da04fe93249d8465f4f940a78dbf6eb474539c53622dd0606285b2406,1307
Model/ResourceModel/Order.php,bb01101e1ba497fcd0cc49276280eaedfa1e6b9d219f6ceaa0dcc4de673b5b0b,5529
Model/ResourceModel/Order/Address.php,84c512423bf4c0c77777eceaa7ab65671812381a51a7c5dfb3b351aa5408d40c,4041
Model/ResourceModel/Order/Address/Collection.php,56c724d80457e0df1eaa0f627f8d99c8531560694f54471b97557545d140fd69,1318
Model/ResourceModel/Order/Attribute/Backend/Billing.php,f1e27e898156bd4ed3b96cb5198659bf42e9bab2bf8f61820f70ba6a5cd29b06,1349
Model/ResourceModel/Order/Attribute/Backend/Child.php,b74456f57859d4cb1d94cfaac3ed44bd8fab8ef13a3abde5c5250fe854a662a9,729
Model/ResourceModel/Order/Attribute/Backend/Shipping.php,c268d37da1dd2f3b8ab0e371d3d6fc6fc66a18ffc0bf2a51bfa902abc40c0655,1378
Model/ResourceModel/Order/Collection.php,7b76bca15bd352ceef1de4a8a5ed972cf10ca62dd711e72b4972b4ecc3ea3121,8324
Model/ResourceModel/Order/Collection/AbstractCollection.php,2d0c14d7ae2db4a03639e1e889cea9988a453b27ddfddd242b65fa95f2d103fd,2027
Model/ResourceModel/Order/Collection/Factory.php,8a0f1de5334276bc2fdce7d8f3a1566f509781a190a36d57b4f0f74d7878c752,1109
Model/ResourceModel/Order/CollectionFactory.php,75ecb9a7f41852f65162c27febd662263b73af0bfc756068381d5679901d9d6f,1347
Model/ResourceModel/Order/CollectionFactoryInterface.php,13b655eca0de1a9a3128a93bef0bf97aa6e45a2795c84497ac6eb5153d4e87a8,466
Model/ResourceModel/Order/Comment/Collection/AbstractCollection.php,1af5fda4e019af9e07d38a3f96eb1307ed937a8df4051f87db775a4ea261a275,1391
Model/ResourceModel/Order/Creditmemo.php,6a9682717da19d0e5d5b718e2a4e9209fe93323d2ff2fe95b23ed9b8a4284269,1758
Model/ResourceModel/Order/Creditmemo/Attribute/Backend/Child.php,655007150b9926d857c342065ecc7c29e17c4cb0fc730b84d0be038d06af6ff1,789
Model/ResourceModel/Order/Creditmemo/Collection.php,716cfda5d960a20ad7628cd875f0eff3cf88a16486eae9655a729e24e12f9613,1890
Model/ResourceModel/Order/Creditmemo/Comment.php,990111bfb0b4aca0464120e4c93e0645fe9125861ad311111b679534559720f1,3094
Model/ResourceModel/Order/Creditmemo/Comment/Collection.php,944ce60a101966148bec4b6fb90fbfa30690c06dcd76f07a23fccfabe5b94d93,1398
Model/ResourceModel/Order/Creditmemo/Grid/Collection.php,0a1741504b9dcfdee207bb82eb3fb31c159fa03525b22529bd91d9cd4d8aa41d,1241
Model/ResourceModel/Order/Creditmemo/Grid/StatusList.php,9b80c9284835c0eb2d90a9e86d134782057d6723eb80be786d9d401f84b7d502,876
Model/ResourceModel/Order/Creditmemo/Item.php,751ff4b369ecf0a15fc4157c079bc1fe901125c0b79f549a9f182afbeaf53232,1264
Model/ResourceModel/Order/Creditmemo/Item/Collection.php,f24d47d2e289b3cb23061c2389c9b87631d701a4caa6225ebd863ffb30c28d57,1198
Model/ResourceModel/Order/Creditmemo/Order/Grid/Collection.php,8447099d1a1964d78aa3cff8069e0271671359aff01f5a963ac8386e12e5ea46,1247
Model/ResourceModel/Order/Creditmemo/Relation.php,9209ba12b807c4fbf379d9e639c401dfd426c94115f6f479d063a754cdbd7c06,1715
Model/ResourceModel/Order/Creditmemo/Relation/Refund.php,1eaaf1bb7289bfa7bf4bd24c049c03b30e722b2f7f46660772433b5288d480fb,6430
Model/ResourceModel/Order/Customer/Collection.php,377d68156fe7723839c36523575a221a7acf72df2cc057e53e8f68e7d82ec303,1730
Model/ResourceModel/Order/Grid/Collection.php,5d3183a8d1d7a7efdbf57003c98bbe918446c1d10397b2a3caef6b52f7375056,1646
Model/ResourceModel/Order/Handler/Address.php,1858dbc57e3c8c878751163750d1727b057baab68c98d73fc2db498b9e8b4680,2328
Model/ResourceModel/Order/Handler/State.php,8b58e45869cf709636fd82c26f87473c940540808628558fad1a018b5c39f136,1575
Model/ResourceModel/Order/Invoice.php,de768201767c2157059041dcaaa86de366a946b2faad99f7a61de544d9139802,1515
Model/ResourceModel/Order/Invoice/Attribute/Backend/Child.php,1e7b3b89f0a6d57159c0197467a400350f15e4b385e97cfdb628d060468293ce,780
Model/ResourceModel/Order/Invoice/Attribute/Backend/Item.php,4a3b5112cfcf169e7d776dbb219ef0d9489e26b32518d0e3ad5e4e62acfa0336,757
Model/ResourceModel/Order/Invoice/Attribute/Backend/Order.php,acc50e1111d731630a144b7df965d2cd02b0c98ca4a73d3ab0b563aaa3a65e7b,814
Model/ResourceModel/Order/Invoice/Collection.php,b40d615e51029176a66579d6e4f70271d33752feeddd05c31ce860518c46e176,1484
Model/ResourceModel/Order/Invoice/Comment.php,1933e5706de280b9fb3e09e19107da89e6348d427579319c28422d7e037ee3bb,3061
Model/ResourceModel/Order/Invoice/Comment/Collection.php,d2d9acff98ae887d85062c57c8d1658c798e588e1919fea3e100ca99ab549b95,1358
Model/ResourceModel/Order/Invoice/Grid/Collection.php,f694d4a628883fc278f5cfbe618490876accf8ae5b0cf48deb1c187e37ac261d,1369
Model/ResourceModel/Order/Invoice/Grid/StatusList.php,a1b27bfbeadce9e6cc299dfddadee5919bd35cd519aa0e6ac5ff6fdd194bb58d,844
Model/ResourceModel/Order/Invoice/Item.php,efa28b3cf177ed063243cba6a9c918ddbb44d486b9343b82fd21f250a8b9e12a,1775
Model/ResourceModel/Order/Invoice/Item/Collection.php,9dfea041f3d3bc8fc811da7223539c6a304827b90a7bad60e85292103f4cabe2,1190
Model/ResourceModel/Order/Invoice/Orders/Grid/Collection.php,e29bf5934eaf8e001a73e48407cc22ca10777af44c20b46bb27aaf183642dff1,1239
Model/ResourceModel/Order/Invoice/Relation.php,b95f17e05eb87cc9ff08a2932f322f8a3abeff4657cc9f7eb3f61a5ace95d488,2025
Model/ResourceModel/Order/Item.php,22ffd61ae9f6af5220e3daec086e7c8a77d20f4983b7fc1d85fad98911c84f8c,1502
Model/ResourceModel/Order/Item/Collection.php,72f899b87c6cfc59a1eba0be56f9c54f5a03dae6c4c8edfbdd359b2dad8155ec,2952
Model/ResourceModel/Order/Payment.php,57920dba2f88b8812f2be68db2f2f7eaa7fab10fd6e6403257f2172943ac6b39,1364
Model/ResourceModel/Order/Payment/Collection.php,53859534316bc1f52d79904ca162049fb1c6481b63bcdd3733353446bf8a77d8,2589
Model/ResourceModel/Order/Payment/EncryptionUpdate.php,b71fe1a5096759eda60388ed3243b38720473d9827299f0000b90e14de9828e6,2100
Model/ResourceModel/Order/Payment/Transaction.php,adf276f0c44e97137ff60e96cdaa4956148947c67a914cd3e4601775fe84a3b7,7120
Model/ResourceModel/Order/Payment/Transaction/Collection.php,4079dba2428269f88ec1a6d76a1a5b6fd53031f9400df3b8054faaa277e3542c,5600
Model/ResourceModel/Order/Plugin/Authorization.php,3fba091a74f8bb91f874ffde3029a9471e613c13ca13e508773f783cc2ac180d,1708
Model/ResourceModel/Order/Relation.php,b30482a46a9c62716d0b64219a4fe9b251a1b0b3a3cd7044f61efcc601bcb960,3390
Model/ResourceModel/Order/Rss/OrderStatus.php,b79924fb04646b31c0973f4bcd3083670dc8c4b6862b25aeaa1b3f47d2eceb2f,2594
Model/ResourceModel/Order/Shipment.php,0da5167ad71907dd3d6610817ad3ce74517920db8e881b38a9cdec9df2a136f6,1986
Model/ResourceModel/Order/Shipment/Attribute/Backend/Child.php,82a8397ecfb5fda983e038833854e6eaa947338832639b10774ce03195c9ade2,730
Model/ResourceModel/Order/Shipment/Collection.php,11b4a9dd70f6e6a8db15f66978a59966d4db6c04db08f93aea0944f1ef2eed78,1535
Model/ResourceModel/Order/Shipment/Comment.php,93c1cf804a8edd88743a90b197d961c0ca2803942122984d48a23d60b8ea4328,3073
Model/ResourceModel/Order/Shipment/Comment/Collection.php,a902c39db45597b9b5daf342539e172c98b3feaeed20653fce72cbdc1d78dc2f,1342
Model/ResourceModel/Order/Shipment/Grid/Collection.php,83272c84a659141306ce113280d65b5ec4d124484e1bdd4a91f5d63c12125753,1235
Model/ResourceModel/Order/Shipment/Item.php,39b0beb7418db69f497163df278fe4d589456c35abe6769291ed264275189dd0,1328
Model/ResourceModel/Order/Shipment/Item/Collection.php,c6e46b0ac55b78c619a3f3eac912a2c7fd1e4a7162f06461e4a62c266e2615f4,1176
Model/ResourceModel/Order/Shipment/Order/Grid/Collection.php,73cdf083c27f2308287026471ba9f4a60bfc5984c9a85166bd2688c12787bc5d,1241
Model/ResourceModel/Order/Shipment/Relation.php,b23ead084f58cda3c4107a35a51bc73767c0d90c738fbb61a34e6042675bdb4e,2447
Model/ResourceModel/Order/Shipment/Track.php,869896a81e05354acd3211110dc741b5c66117412f31b7bfe437519136e52c2a,3069
Model/ResourceModel/Order/Shipment/Track/Collection.php,321368588fba720bc525b6db16c7dd9e43da9a2c1df21ccab338461a629b6050,1450
Model/ResourceModel/Order/Status.php,c1ed9ae4d1de66790bf86de24dab38867b0a222d3e420d71e8933aa825dfde8e,7837
Model/ResourceModel/Order/Status/Collection.php,88b6c78ce4314ea8830c48650fa18abfbbc496c9657bed54406c771437b42970,2084
Model/ResourceModel/Order/Status/History.php,bf4a0586eac6cf38cda5bcf9288117c6c5623201379997b1f12d9f6d6a8249a5,2770
Model/ResourceModel/Order/Status/History/Collection.php,5e743d69027321fe621960caf9ac2e75e0874443226584002c6a5327c3d5e854,2215
Model/ResourceModel/Order/Tax.php,16dc287b83cbebea9df52f54823f5906de02662ea8bc06ea94cfa9d23cc5b2f6,490
Model/ResourceModel/Order/Tax/Collection.php,b7994f86a97d88e72c67328094233b10391bea518c73d8f11fff1e0a0720d067,906
Model/ResourceModel/Order/Tax/Item.php,e463501cb7c8a2fc5659200948440051e900630b12ad5d0c0ea27a3c7c72cbd3,1345
Model/ResourceModel/Provider/NotSyncedDataProvider.php,5cc80bdb9872fba26f760ff093fa0ad592db073b06d6bb1fca5e5f18fd91c379,1147
Model/ResourceModel/Provider/NotSyncedDataProviderInterface.php,323d25fd0fa1a41f9bc1c1e24222a900bbbba5648da610e3e9a64c50ef3fe90f,560
Model/ResourceModel/Provider/UpdatedAtListProvider.php,2b7fa61668051b94ec8211576112e3beed015fc7202e409440616dc43cb6e0ba,1827
Model/ResourceModel/Provider/UpdatedIdListProvider.php,87a17541f11b5ff79e4917cc8238211b8b76a46f8e26a61231772969cba94c29,1957
Model/ResourceModel/Report.php,8d3f7660b3115e936890d1bc0e5d2aa662bb6ca8deafdbeccb9a25a1da3590cf,706
Model/ResourceModel/Report/AbstractReport.php,04ff46e7d38c93a4cded60920c6e3abcfe97be8c3718a6036a9ccc0650a30679,362
Model/ResourceModel/Report/Bestsellers.php,6d0f866f2fee8dca9eb71aac70c409a546c9fd83840e7de2cd09454d390f90ab,8173
Model/ResourceModel/Report/Bestsellers/Collection.php,82929a5ebd58b58c13aa9bd429b67837de1d1c574857452bc7c3ba2df389ec38,15005
Model/ResourceModel/Report/Collection/AbstractCollection.php,377c0aa49529a6596c5a746e8890d397a1181b6faf2bca6d19402aa4a391dd37,2436
Model/ResourceModel/Report/Invoiced.php,43d6daf31f593a64721fe53da5922f16c90e65868be21c39a744b1eca42af3bf,9698
Model/ResourceModel/Report/Invoiced/Collection/Invoiced.php,0b9acfa6e6aacb211730d36faedc5aeaad33f97dfac402a7378651e4a251fd66,1369
Model/ResourceModel/Report/Invoiced/Collection/Order.php,7dfe09b4ae7a722665dfbb1d767ba560bc3797989198799da4f2e985f4e0e38e,3296
Model/ResourceModel/Report/Order.php,ba996057aa28a00f4817d420d6ee2570b9247399e49d6c51d2139e42a29528f7,2813
Model/ResourceModel/Report/Order/Collection.php,8a5bd3eb4b959424fd482a306c67c99067aacef6c7f892a73bdce2c39b185445,4222
Model/ResourceModel/Report/Order/Createdat.php,561f2628951d181076db17f4d894785da2638a3d8aa9762717c5e531865613f6,10738
Model/ResourceModel/Report/Order/Updatedat.php,d5f2489c155e478089e9f2d1c173a4f616935fa67f37537bc816fe5592eae068,848
Model/ResourceModel/Report/Order/Updatedat/Collection.php,fc20f1af130ede63f703ed773dc45a988d947fc79d183e62f1c11454388a4bcb,512
Model/ResourceModel/Report/Refunded.php,0f4fdbc981711001e9e10fc45f6ef2ebd61143614b6771cfbd58ee30d5d8ad81,9079
Model/ResourceModel/Report/Refunded/Collection/Order.php,a58c477495b7d1e0278eab192edd56aab1a98471ee802faa0005f0d051bb34dd,3199
Model/ResourceModel/Report/Refunded/Collection/Refunded.php,ee3b75a08e02aaf838002aeb6aca5cda638beb020617e8d62c29a2dba414be28,1369
Model/ResourceModel/Report/Shipping.php,3f30ccbbe83be7352cadbabbf1aecc0426495fb3c8ec468711ec35fc4b0767b4,9759
Model/ResourceModel/Report/Shipping/Collection/Order.php,4af3b22366f9e0fbf140eebf18cd73fcc502d67f7fee31bd398de9cf48072b24,3560
Model/ResourceModel/Report/Shipping/Collection/Shipment.php,87d9e5b53de12e268d451081cc0bf34d10056fba768550ab791dddc9c391368f,1369
Model/ResourceModel/Sale/Collection.php,7e3bc0740bd4e15059d332547d8d78252b07029f0343401930758eb0ec951789,6397
Model/ResourceModel/Status/Collection.php,7547f695ffa1252c22a0ab8a7810c06868b2a08d56dae83a1e5cb119748a930f,495
Model/ResourceModel/Transaction/Grid/Collection.php,b71e32dc010544bc72f20938ec72877ca380c4159a5f89bb4852c930aeb2169f,2377
Model/ResourceModel/Transaction/Grid/TypeList.php,7a5ab7886758d8373a7f182661ac011f793a73396d10ddc4a2c88be0c95442d2,884
Model/Rss/NewOrder.php,6a2a861b22999288f615e310a33a12904b894067d031d550c0f855f07e36e0c3,4685
Model/Rss/OrderStatus.php,32852bfc73586da5c3adf949b61b1db229782e88a6e7a96d4850470378e3b086,8093
Model/Rss/Signature.php,19c7e778a47b5201ad30c31bc31ea065d6599488734d8fe88b0ad15bf5da2c4e,1049
Model/Service/CreditmemoService.php,8dc7d77b227c626f72be74edc3d544e199b7e9abc50bfceaee6295900e170203,9147
Model/Service/InvoiceService.php,0be6e29a8e151f5b24a9fa9eb047438fc8c24e151a850a6fb5d46c34b28b4972,10082
Model/Service/OrderService.php,701711c2e56a84028debb650370ecebb3e07482d017ef7b6c5ebdc0b049779c7,8754
Model/Service/PaymentFailuresService.php,945e82df80bb4f657894961dd18a8f3a84a8b30706f543661b19095e8b539b17,9250
Model/Service/ShipmentService.php,fea0d27e17254a8143112ac355fd60e9686218e5119e36a596699f3f81b1a5e4,2944
Model/ShipOrder.php,58e1bfae243cd0433a9816dd06b76d988e66e0bcb030ea67c61845974a704e64,6425
Model/Spi/CreditmemoCommentResourceInterface.php,57277926dd868868c751a6e4d037d3d513ef686ba18141f6620239d74802fb75,964
Model/Spi/CreditmemoItemResourceInterface.php,b8bd7134f5e68c6aca166d019de74a179517b50403577f401adeb3335202b737,961
Model/Spi/CreditmemoResourceInterface.php,df2543467a35154b7353e00c0fd799439c73138daced18613178c200a2093468,957
Model/Spi/InvoiceCommentResourceInterface.php,9b41c8f6d81ef1ba949180ea81bbed3a6e0c49b1a3a73a568da82c931d8ac067,961
Model/Spi/InvoiceItemResourceInterface.php,e6b60a0795ca55e74b275e045664892f032286075d9bf79b7dc86991f1e1773e,958
Model/Spi/InvoiceResourceInterface.php,39fa9544c3af3f9e406cefa270cc0bda208cf004f8a6f8cdd748987cb4c80f6a,954
Model/Spi/OrderAddressResourceInterface.php,59b895ff55ebe14f9fd482dfd5a461b7b0d9c85ae05666de5ccc29c9c903ddcf,959
Model/Spi/OrderItemResourceInterface.php,d95e36105dfe3bf7b81eb46f80717c4aebb643a9a17338b99a9a657f1ed3806d,956
Model/Spi/OrderPaymentResourceInterface.php,5e37fce335dee86b086b30895d8b0f5f38b15fdba93d2395ae0c0bfd73966b84,959
Model/Spi/OrderResourceInterface.php,f3cef853349b8f1cb770199cd28e23a63230b7fb45ed3f1da2a6c6893dc85d89,952
Model/Spi/OrderStatusHistoryResourceInterface.php,0fb6cdaf068e474f3ba5985bf3db29300135234d9f427ac64aad3ec9ffadae7f,965
Model/Spi/ShipmentCommentResourceInterface.php,7c26ba1651b5507334210c3705920d8e9e97d188aa326bd38d357b43a6bc20bc,962
Model/Spi/ShipmentItemResourceInterface.php,d389f1537e1cc04c0edb2c79ca2be901741074abbcaabfee66b9692d33a5e6cf,959
Model/Spi/ShipmentResourceInterface.php,d97db85fc075c8db83727c2cc65ed79abba3801450c562863be06f40bfdd4839,955
Model/Spi/ShipmentTrackResourceInterface.php,ee09be58bf5f9b956202963b3f29af82ffce58a05acb97fb4864b9a1ca9e6cb7,960
Model/Spi/TransactionResourceInterface.php,cf794b05d731f9d12cf7e157607e772728c25f6147be26d4fb899a4447db25d0,958
Model/Status/ListFactory.php,f7c02d04e68a23602dad16581e77258ee1e7edc85f22523348e23ab5f3d1557b,858
Model/Status/ListStatus.php,a5b082cfa18ee2c4e92938a57646ff46dfc726b0378a6e7457e7565863309103,3443
Model/Validator.php,4eaf608441ebfe5649f4f518eada9d4775bfbec5c98b5023a579ee9c600f487d,2079
Model/ValidatorInterface.php,d7bebacb1483a091b41d7ebbe055f5647c7544caba61bdddf76d08fe69da4844,530
Model/ValidatorResult.php,c540dd27718ec6756157ca8655a14566771d145073e963814e1fafb678eee71f,679
Model/ValidatorResultInterface.php,25b64fcf6d934ef0197a2f792121360f9c4add60b014cc032e2b644fa8b8323a,571
Model/ValidatorResultMerger.php,e132b69b199458af548ad50aa354dc1e1e0599e09265ef46109cd67a5ea7dd70,1332
Observer/AssignOrderToCustomerObserver.php,b84d1265cdf81ff60d0473eebb240faff0a2f2cd34d65184e88aa33b7263d346,1836
Observer/Backend/CatalogPriceRule.php,667fa2eabf9de91096cb9d1f7b7d9573a879500f2bb4dd10e9579b60337409e8,932
Observer/Backend/CatalogProductSaveAfterObserver.php,48f8d5351992e57e2877a9f43ba031cb2f1a8319ef148d2c91185ab68ac0cb45,1326
Observer/Backend/SubtractQtyFromQuotesObserver.php,80a2cd4cf0a6624a165a9d8efa99d68f250a8334e5127a882d77649b26d08914,933
Observer/Frontend/AddVatRequestParamsOrderComment.php,46f35fe502560f16fd84b1773f410e8fcb8d635aeb0f4431a8e2aa908b993f5a,2532
Observer/Frontend/RestoreCustomerGroupId.php,99ecf3f374d26ce1aec33bc4633555c5ed9dd286693b31d4acf35a7a389d72dd,1880
Observer/GridAsyncInsertObserver.php,1e46128d773acae1f84299c852fba2f1d8f3434b3af2c32ddd0702619baa314f,1325
Observer/GridProcessAddressChange.php,29a3f0f1f676c51483d0fbfd7f79313350d05594157a21a93ea0969d27c971ab,987
Observer/GridSyncInsertObserver.php,a243973301ef51f24c47815aaada59d7398d1854a5fc2c8a526dcb3dcf34bb4c,1905
Observer/GridSyncRemoveObserver.php,866a54bb653e1dacba0fc2de461341cc41faaea84979819a7c50bc225b700bd9,1378
Observer/Virtual/SendEmails.php,c80fd78f819bd8b85bc1b48b835ae9ba09de3765e30bba86b01c5a0418a256eb,1426
Plugin/ShippingLabelConverter.php,24d79f0217b69c322f93366cf256d0c1691dad764cb535ab44dde74385ea6810,1873
README.md,1eeb081039d23e69e9d6bc15a3670f3ec2a279492e988bd0f8c33fca1cdfa83d,742
Setup/Patch/Data/ConvertSerializedDataToJson.php,9a68a643d60240d6db4642ba2f7cbb618fcba9da2ab717c98d02e9e2d8304c04,4453
Setup/Patch/Data/FillQuoteAddressIdInSalesOrderAddress.php,940849b9377f5251e2144e4d3687c46467486b5c5c02e00aac03eff844e78b7d,5646
Setup/Patch/Data/InstallOrderStatusesAndInitialSalesConfig.php,c3835f6e0031f94327ddf831fdb6bc94b61c9db18cef4d07d1c03c7460c03708,6419
Setup/Patch/Data/UpdateEntityTypeModelForInvoice.php,6ab38c878ec9e92f11530fe251c35aa9a50b1ab70bb6f3df74c4fb2aa61756d6,2033
Setup/Patch/Data/UpdateEntityTypes.php,22f73f126ea63f495d09d7ff781f86f7d5b8ca5c3e9ccfc4a5a794da6e30725c,1811
Setup/Patch/Data/WishlistDataCleanUp.php,d5be417fea241a0964e79247015c8ca93aa48c31364129bb6510900fa9641c2b,4337
Setup/SalesOrderPaymentDataConverter.php,c80f7d951dcf22f4761b367e3bb819a231ab94599e2c97c42e1e56f8f99a2926,1163
Setup/SalesSetup.php,e0bc4fdda31c03c29e52a173f19dbcf7c2ba602f528917deba8f1468d3de404d,11426
Setup/SerializedDataConverter.php,b4cd3e68b38b254df6a35bf9a368c3f70d18ba6408fae4259c824d66edbc001f,1403
Test/Mftf/ActionGroup/AddSimpleProductToOrderActionGroup.xml,b921c925d3745e8e638ac959cab37c79c6d3b0380ad0945dc3c96f4687d554e1,1763
Test/Mftf/ActionGroup/AdminAddToOrderBundleProductActionGroup.xml,f6882059e822a9f0c0effececfaa9bc1f1a14c476a4f2a9500138efbd575242e,1682
Test/Mftf/ActionGroup/AdminAddToOrderConfigurableProductActionGroup.xml,598431259d91b05ddda955f20a6dda26dc9c4aba9ebc83586088c8121925b25a,1691
Test/Mftf/ActionGroup/AdminAddToOrderCouponCodeActionGroup.xml,3fe5c486ad8f4f12d736c9b843916fcf15be765dab50ff8eadb34ae97d112d61,794
Test/Mftf/ActionGroup/AdminAddToOrderDownloadableProductActionGroup.xml,c3c3f818df76b5725fcf02b7ff94f778ed968b967488e4ab29c6f55d45975a8e,1518
Test/Mftf/ActionGroup/AdminApplyCouponToOrderActionGroup.xml,3a53d829ba5fd3d58477e3ad57ecba93b35303371c415639d57cb8cc692c000e,938
Test/Mftf/ActionGroup/AdminAssertOrderAvailableButtonsActionGroup.xml,8f602dc8dcc2fa4c4edec92d9512573dffd20588f287fef6bbf33b9e709d6cd0,1158
Test/Mftf/ActionGroup/AdminAssertProductInShoppingCartSectionActionGroup.xml,3fb11c1a9b4f2883f8c8eb8cbfba7900bdce796770bc742cedfec5ca24a4be65,841
Test/Mftf/ActionGroup/AdminAssertProductQtyInGridActionGroup.xml,33bfffd42168c17f3a280cbbd380f4fa553694ede98b91a09a6ffbfcea31d388,1680
Test/Mftf/ActionGroup/AdminAssertRefundInRefundsGridActionGroup.xml,c9222aae22eaea2360c0c0bb047ee815f1c05a86609ee5c08d2f8dcaf69ad38b,2760
Test/Mftf/ActionGroup/AdminAssertRefundOrderStatusInCommentsHistoryActionGroup.xml,3e8df1d20db433372f180023f668bc2e692481e8e0cc27ec1ed2cd4bbc26890e,1342
Test/Mftf/ActionGroup/AdminCreateInvoiceActionGroup.xml,55ccd78364c3370dc7e6bdb292e5ae4d714ca7dcb6220e9175ea294576657c8c,1983
Test/Mftf/ActionGroup/AdminCreditMemoActionGroup.xml,6b143199fe522029e4f4c597c682045feb8b4c58f5a06fce4d78c29ae6845ebc,4839
Test/Mftf/ActionGroup/AdminFilterProductInCreateOrderActionGroup.xml,a857c1fa2683bad15371bcadb6e6a90ff3963c3b8786cf1bb1278f44ff625e26,1127
Test/Mftf/ActionGroup/AdminInvoiceActionGroup.xml,ca0902453c0aed491c39423e27097da997378f47c5e8c66bdac6aec2b456a0a5,8624
Test/Mftf/ActionGroup/AdminMoveProductToItemsOrderedFromShoppingCartActionGroup.xml,f93bd553725058a3691b4770a7c7edeb4c3e9a494101e83e559f49ba25efdf19,1146
Test/Mftf/ActionGroup/AdminOpenAndFillCreditMemoRefundActionGroup.xml,00013766752727518ec8b7e9772e0977a5127fe6f199a1b7df6eb98cb357c100,3401
Test/Mftf/ActionGroup/AdminOpenCreditMemoFromOrderPageActionGroup.xml,e108dbc3fe8829ddd388c860bcc7e003abb4f97375689591db765d44afd81aa9,1027
Test/Mftf/ActionGroup/AdminOpenInvoiceFromOrderPageActionGroup.xml,7b61af44796028623c5eaf8c99bdcfe504f14b767124006d10f8fe75dd446f1b,1004
Test/Mftf/ActionGroup/AdminOpenShipmentFromOrderPageActionGroup.xml,b9617608f003fee223d1c84dd75d011ea91fc392be61fb4880cd4010371e1965,1016
Test/Mftf/ActionGroup/AdminOrderActionGroup.xml,eecd2b6e56a0fb58fdca56d3e5b8630fd66f51d4e938ebbb39f6453057c618e0,40722
Test/Mftf/ActionGroup/AdminOrderActionOnGridActionGroup.xml,22ddf8df67103bed82449ef6885406459fd0fc1e9ee1d1eb9eced47ff3d71fe1,1433
Test/Mftf/ActionGroup/AdminOrderFilterByOrderIdAndStatusActionGroup.xml,528545d48d779c243861c6b017377f25de6588d3f4be78ab1a94b045c08fb9e3,1419
Test/Mftf/ActionGroup/AdminOrderGridActionGroup.xml,ef2e558e56f83cc2a57c8a1bdfe6a8ff0a97a5a302f7ca9c74eb30ee26c1afb4,6894
Test/Mftf/ActionGroup/AdminOrderSelectShippingMethodActionGroup.xml,f0a40dd466f1dc5f41e05d77e19b907f0b502e05e46f6286dc3e4f9ac07f82bc,1626
Test/Mftf/ActionGroup/AdminOrderStatusFormFillAndSaveActionGroup.xml,4970097bea27360b42d04251d7c3ca013903b14c8fde6b963662ad618613b750,1105
Test/Mftf/ActionGroup/AdminSelectFlatRateShippingMethodActionGroup.xml,c55f31f74140fccfb6d76020d32e1c95e9d07c5799d843caedb5cd7c933d4144,829
Test/Mftf/ActionGroup/AdminShipThePendingOrderActionGroup.xml,c3d1eda9e07d7da4e317cfedf98739fc568ed42b09e100d1da965006a2d5f16c,1277
Test/Mftf/ActionGroup/AdminStartCreateCreditMemoFromOrderPageActionGroup.xml,881adc0216d1a4c49f4e3a65bacb1d6bd78506f954ccba5f7a8d24d76ef49fc2,1133
Test/Mftf/ActionGroup/AdminStartToCreateCreditMemoFromOrderPageActionGroup.xml,20471de206cfa57f462a68f36beb9f095258a9013b2ea0b782c55819ceb1f704,876
Test/Mftf/ActionGroup/AdminSubmitOrderActionGroup.xml,9d9932c710352a2b18d23d0f0623e76c6c22559e640e5ae805e009d75b094e51,626
Test/Mftf/ActionGroup/AssertAdminCreditMemoGrandTotalActionGroup.xml,739b55c4bab9a3f0dc8406d279e94a4d6bacc8c2814887f444b8394202a0f344,929
Test/Mftf/ActionGroup/AssertAdminItemOrderedErrorActionGroup.xml,1fbce49b01133d82b79a644d16d815b28cec430f8be26dc94ae102db4c1b5887,1025
Test/Mftf/ActionGroup/AssertAdminItemOrderedErrorNotVisibleActionGroup.xml,7aa96f7898df3c29874acb312457615a6b515557523733a1d7cfa1bf250dfcb7,1052
Test/Mftf/ActionGroup/AssertAdminShippingDescriptionInOrderViewActionGroup.xml,97bbc0625011bb9cf6aeb214b618e28dcd0f15369078330d97b9baa0acc02b6a,963
Test/Mftf/ActionGroup/AssertOrderButtonsAvailableActionGroup.xml,0aaf0792685b32505bfcda4e20ef1a7dd4ca0d5eef51cad4ea0495fa3ec76a76,1397
Test/Mftf/ActionGroup/AssertOrderStatusExistsInGridActionGroup.xml,22ee4cffa77378d712bddfe4ca8178fe5eae6897176e1ddd0774d91acb37ac4c,1403
Test/Mftf/ActionGroup/AssertOrderStatusFormSaveDuplicateErrorActionGroup.xml,797d0dcf76144833948da82f284a915ca30ae638c19349fff98908ba26ed68f7,808
Test/Mftf/ActionGroup/AssertOrderStatusFormSaveSuccessActionGroup.xml,73fc49f86f089dc147d2786306eefa09ff2187f451600eb2deee7048aaf2ebd1,745
Test/Mftf/ActionGroup/AssertStorefrontShippingDescriptionInOrderViewActionGroup.xml,710711a757068a5aa0635812279adbe00db0d632ba05d7176d8a79490363898d,987
Test/Mftf/ActionGroup/CancelPendingOrderActionGroup.xml,0fa6dc9a8092de2d04bbd750eaa5fd1c4dd5c7968a4df9a3352483651cb9ebca,1464
Test/Mftf/ActionGroup/CreateNewOrderActionGroup.xml,cf6a15f415912143ca60781d432254fc7f8a3bbb3edf528f167260c4cf544476,2678
Test/Mftf/ActionGroup/CreateOrderToPrintPageActionGroup.xml,c0f410eeb3e3b4193628c3e6c7349659abcb3f6267cb729ccc33fcc831c1beb1,2994
Test/Mftf/ActionGroup/FillOrderCustomerInformationActionGroup.xml,17c93e8b001bae92030e64d9f2d9c7574ac52c51a53b90ae1632767e9f58cc40,1799
Test/Mftf/ActionGroup/FilterOrderGridByIdActionGroup.xml,7a534bddd796d4ae22b884e0c0dab3e1670151b4b599e3d88cbb57b6b62c4f5b,1527
Test/Mftf/ActionGroup/FilterOrderStatusByLabelAndCodeActionGroup.xml,d796817f5270bfa114dfeb3e28c75c10407e9faeb88606f06dee98afb3a52eb4,1259
Test/Mftf/ActionGroup/FilterShipmentGridByOrderIdActionGroup.xml,70cc6aed6ba13042af358be563fe9be42d478b2381732a0ab1fd5c42ce988f0f,1199
Test/Mftf/ActionGroup/GoToInvoiceIntoOrderActionGroup.xml,f3bf163295db8e5ba67fe69129aee0f11fff7a8b2ff34c979f4e88306ad41bf0,902
Test/Mftf/ActionGroup/NavigateToNewOrderPageExistingCustomerActionGroup.xml,ddf1adedf7ce1a969e5f070430a3ec210e2a927d4fc1539eb9200f41fb9748a6,2156
Test/Mftf/ActionGroup/OpenOrderByIdActionGroup.xml,3dbd324ac3e8a6239f16f0a9e55d4d20bf72b205cc2616e7f666ea5b6f76b7d8,825
Test/Mftf/ActionGroup/OrderSelectFlatRateShippingActionGroup.xml,4d9be03fdf11768c86685666aab3d37b09d32125f4f30701bc569822ae28964d,1097
Test/Mftf/ActionGroup/SelectActionForOrdersActionGroup.xml,7ba7dcb0c81aaaf7eb410318cb187697b230382bcf09bcdcc9c965310954b7a5,893
Test/Mftf/ActionGroup/SelectCheckMoneyPaymentMethodActionGroup.xml,10a7cc7a5ef0b27c9097a8b7a3ac4e1abc4871ae9bbe825270aad11bd83b7125,908
Test/Mftf/ActionGroup/StartCreateInvoiceFromOrderPageActionGroup.xml,c8033e5f1fd32981851b67b52a723d7eda3e27e16db00241b832d5c0b467df23,908
Test/Mftf/ActionGroup/StorefrontAssertSalesPrintOrderBillingAddressActionGroup.xml,a7be7da4a7520be56ec89d49e8396bf425112bceb9122e60d41ad43f32a297ae,1704
Test/Mftf/ActionGroup/StorefrontCustomerReorderActionGroup.xml,3618b41d9c48f9a8057185ad7805ece649dbc8be5ce7aa2469829709b2f5d747,1186
Test/Mftf/ActionGroup/StorefrontFillOrdersAndReturnsFormActionGroup.xml,9a74c4279fce59eb6a7f3e5671544b43669044ba4b72e3e08034b432b82230a8,1116
Test/Mftf/ActionGroup/StorefrontOrderActionGroupActionGroup.xml,8ce39be1d3c6b113b24e77ae50f95ce20362c81d8b9ce7601c4b90e3678cd1e0,1804
Test/Mftf/ActionGroup/SubmitInvoiceActionGroup.xml,368f7d6cbf3ff674847e8c65ded4c3e042e2cabf0a8376bdfee1622acfea4e1f,1188
Test/Mftf/ActionGroup/VerifyBasicOrderInformationActionGroup.xml,f1b95fe5ab9d9db4e1eb4bf748ddf30b73f60e4f4fa0068afdc38435110aebbd,2557
Test/Mftf/ActionGroup/VerifyCreatedOrderInformationActionGroup.xml,6bce35b936c84ae01b8d3569e7b2791f20837579ca5139ad76eccd3d04c4ea5a,1091
Test/Mftf/Data/AddressData.xml,e35c577d1e72d7093f21b84396bcfb897ad71b229901729e560212e351f76eeb,1692
Test/Mftf/Data/AdminMenuData.xml,a2d4f7444faed50026b90703e0d4ef928460d1a5b6ab7d2dd39b93ff7bb9a899,1637
Test/Mftf/Data/ConfigData.xml,d4edf06223b55a24815d90939ee7884eb9dfd5112fb36747ac7c71906590b545,794
Test/Mftf/Data/ConstData.xml,3bb97238442290a6dc757035a934950fb970275c9b43399432fc4f485429dc31,486
Test/Mftf/Data/OrderActionsData.xml,83d618c1decf6d40a1ab990e6e18c902952d52aad65b05fef47e33bec5a45277,813
Test/Mftf/Data/OrderData.xml,07c3da5e89311899077054714577cdb79b342fcd95b08ad052abce2edf3a1980,1911
Test/Mftf/Data/OrderStateData.xml,75065963ae949f18ba45696077398a4ad331f5236239cd598bb44d557daa13d1,763
Test/Mftf/Data/OrderStatusConfigData.xml,2895c637cd90a562c25ff9892fadb28ff414a391246bff9544ce57b2308bd6bd,616
Test/Mftf/Data/OrderStatusData.xml,c19376d418a831809d003a2145d4c2c7897238af6352a0f706874a03d1c48ad9,841
Test/Mftf/Data/PaymentConfigData.xml,07795758e12b66fc5c2b228558c44a7dc46ce301fb4a791f17aa22e8e27a49e9,1541
Test/Mftf/Data/PurchaseOrderNumberData.xml,445b9cfef9fb9fbeeb003c40a361082f78186435a32670ab7a8032e3fe9ead35,440
Test/Mftf/Data/SalesConfigData.xml,7ca658b7f2fe8417b8c075b10bccb8ef20b2fcdee21da49bcd0415e4ee3cc832,1042
Test/Mftf/LICENSE.txt,4c8537fd5431aafcb0ab22c49cba68febb59dd3595210f6c6c3b9212de0a7b49,10364
Test/Mftf/LICENSE_AFL.txt,49d9aa4c0615ff95305681c358fa1575f54ed3a512b016f61c71d6784860dd8d,10376
Test/Mftf/Metadata/sales_config-meta.xml,167cf1f04b80faf99ce80f4ab13c078564d09f618a19ff7ab4a77f59cd1d917b,1067
Test/Mftf/Page/AdminCreditMemoNewPage.xml,e7e9a554669af5a02dc80578748a8d1e17f9d89f84b37b1898077d7247078d9a,740
Test/Mftf/Page/AdminCreditMemoViewPage.xml,4d60cb59cbf77b6ebb8574b8c9dcfcf79b2f1b4dc6e31ea7f8cf424fe553e05d,569
Test/Mftf/Page/AdminCreditMemosGridPage.xml,b93ab740fa457c6ecfc4313ce1ebffaee5242335d9bd60de8007fafd8def32f7,472
Test/Mftf/Page/AdminInvoiceDetailsPage.xml,2fb8dba31608d673a9e35d3e898725f091eec7dabb518de3cd4c34a514545ea8,495
Test/Mftf/Page/AdminInvoiceNewPage.xml,a3a29576aa2ee4462dad5529cf1c842d9f69f7529ef47df47b140296a6c181a8,776
Test/Mftf/Page/AdminInvoicesPage.xml,5a5cd11c627e5d48ab701a6a17725c795bba34f72e9ff70eb29398895cbdf423,569
Test/Mftf/Page/AdminOrderCreatePage.xml,130b414df8486bf990433fed88ce0096df72dcff2c552569f3ff95552ebb5365,1054
Test/Mftf/Page/AdminOrderDetailsPage.xml,5a58e3f9ebcf0d8c094c54abda0cca1a86d0f22137d34a87e4032130112b5a9f,1183
Test/Mftf/Page/AdminOrderPage.xml,2d2e04972372623538d230cd23a99e1ce378d59dc2845f7caf2f8a95671dc413,447
Test/Mftf/Page/AdminOrderProcessDataPage.xml,7f3336b2c14c52815229563aac1fda31253bdb2cb7c245a7f28fdec43c8871e5,485
Test/Mftf/Page/AdminOrderStatusPage.xml,62982c3a0c6addfe3b364f32106838f75fadc50d7f261b3febd15544f4d4101d,470
Test/Mftf/Page/AdminOrdersPage.xml,1b41531fa4c0446ed768b2ca057cfeda4a7e451d696c4b7466b01b99ab3001ec,454
Test/Mftf/Page/AdminShipmentPage.xml,ddc775e51e99a0b8acfd77ee8288a1904ee0008116d60cc27285fa35fdcb64de,460
Test/Mftf/Page/StorefrontCustomerOrdersHistoryPage.xml,334471b15d1b2f23a73abb3d9ecc537153c88802dd412f586e78d4c4ec39fac2,499
Test/Mftf/Page/StorefrontCustomerSignOutPage.xml,f3c7cbb27b0cee01b226c18a24c4e053bf7bae1933664c46f2ab337aa04ba2ad,522
Test/Mftf/Page/StorefrontGuestOrderSearchPage.xml,62286a71b04a8b65c3cde5df6c0796135650d8d4a4dcc1d1bc11572b2616ee89,489
Test/Mftf/Page/StorefrontGuestOrderViewPage.xml,287bc97806de6d9aeb1840430a5cfd4442cbb9de25a60bcd799606bd8379b414,485
Test/Mftf/Page/StorefrontOrderInformationPage.xml,81900479aacbce1a4b3526c9b90ee0431a6d789c2452508d9b6fe29c1df262d4,492
Test/Mftf/Page/StorefrontOrdersAndReturnsPage.xml,101026ba7698b497c01a8c89d87f831a8d444657785f70cd4f021afba89567e8,497
Test/Mftf/Page/StorefrontPrintOrderPage.xml,8f27e3412ab6f0c8d2132e8685f48cb6dcf649a699fbfb794e38b2f4a5ac2113,522
Test/Mftf/Page/StorefrontSalesOrderPrintPage.xml,b638fa4f54b15397643a6adf3b8b50e797f33f3fd10b866ac5bdc6025cec0c6d,621
Test/Mftf/README.md,551f75e4a68c56b9f10770fbc07c0022d0231291c7dbae1e9f4365b25faa38d3,83
Test/Mftf/Section/AdminAssignOrderStatusToStateSection.xml,09a3c4de0443b733ec8e9657dd1bec3136f7d795be429ade81e4a5e124e658e0,795
Test/Mftf/Section/AdminCreateOrderShoppingCartSection.xml,9b45cd61badf2bcb4d9122b82987f90986c89cd3dcbecaee1453716ef1d6692a,687
Test/Mftf/Section/AdminCreateOrderWishListSection.xml,77bb98aa61e6afc5c33fc91aa00a3517b65e8144322041454214720ad359b747,925
Test/Mftf/Section/AdminCreditMemoAddressInformationSection.xml,ece96275f2d8955dc511b043ae4b9b4cf25fc53c3a203d1f64cc56384050ccd7,791
Test/Mftf/Section/AdminCreditMemoItemsSection.xml,02ac89e87a9a3314c3d23007b018b7677f799fdec6a5add45ec492b9f182ba7c,2582
Test/Mftf/Section/AdminCreditMemoOrderInformationSection.xml,4a54015bc3a37931f60ef42cd70bff0eb897547f2b9210aa842f5fe514de4541,1243
Test/Mftf/Section/AdminCreditMemoPaymentShippingSection.xml,46cc0728ece5cd713fd815eb9a46a0663abcac1a4ce53cda2cdf369af3641cfc,1096
Test/Mftf/Section/AdminCreditMemoTotalSection.xml,fd7cf1a0a3a0bcc9d7c50d55edc69fef24b88c8a215791c8cdaf9e3d4f2d5a89,2535
Test/Mftf/Section/AdminCreditMemoViewItemsSection.xml,185784cc23d57524279d7cb343ea758d0b66e407061424e1514ed03db996d9fb,747
Test/Mftf/Section/AdminCreditMemoViewTotalSection.xml,4f122e8d795fa8df6a0c2b8b3f3e6acdcf4732554fc597602cdbe02b8b1219f6,933
Test/Mftf/Section/AdminCreditMemosGridSection.xml,55953e0ee1887bd6b5d7f9efbc575e6b249464c8b31955ad84843eb412105f9e,1615
Test/Mftf/Section/AdminInvoiceAddressInformationSection.xml,12da8fee0de0accd754d99ec395021d8aa49c0289ff132b91006f227ba973cec,788
Test/Mftf/Section/AdminInvoiceDetailsInformationSection.xml,c1b3f7bfd4a42ed5d1be54e5b7378aeec4a9a62a3a382af8820a9277c7b6dd0a,462
Test/Mftf/Section/AdminInvoiceItemsSection.xml,549930ba821eeb2311595a03728100d79d1a2893205161d32d3aaabcdd77f8ad,2808
Test/Mftf/Section/AdminInvoiceMainActionsSection.xml,547de9f89e992ab671a7647206f22dd33f18fe442b94d146451be81a4ac588e8,764
Test/Mftf/Section/AdminInvoiceOrderInformationSection.xml,1f4ee9b6de04cbb51ce3ed4de3763f028a1b7bec44f665c01ced4f7788e3be33,1330
Test/Mftf/Section/AdminInvoicePaymentShippingSection.xml,55d9bc56e113da3357414b9c40a047d71125d81fbcab998784275697582c2c49,1587
Test/Mftf/Section/AdminInvoiceTotalSection.xml,5bfbf7b80fc25502bdddfe9f3592f1cfe259d2632f917fd009f559247ba15006,1209
Test/Mftf/Section/AdminInvoicesFiltersSection.xml,8ed5f0bd465de7a03716ecff1ae7d9b7c24305d11391b952f6b29de225792c11,586
Test/Mftf/Section/AdminInvoicesGridSection.xml,9f5df3d7877848f0d32dbb3c9d614081db6953ce34ed761fffe44e9b8472de12,802
Test/Mftf/Section/AdminOrderAddressInformationSection.xml,2f23085ebc6ab0b9502a48978722617671cbfa1badd84db99258c1742a4b77b6,576
Test/Mftf/Section/AdminOrderCommentsTabSection.xml,32faff0d6f89b8d2316140f680c336a5436025124867f30962426be96d2a64d3,700
Test/Mftf/Section/AdminOrderCreditMemosTabSection.xml,bfe0db7dab63251fb0db518ef5c9c1ac60a34cbc23ec735da2058d38eb4a78ea,1178
Test/Mftf/Section/AdminOrderCustomersGridSection.xml,a098df15826570a2aa0a210eaf710f64205dcabdf098fa1cc9fbab746c44e352,988
Test/Mftf/Section/AdminOrderDetailsInformationSection.xml,e3a2c254adab8b80e749910382d593362fba839226fc6d388740dec34d85c031,2037
Test/Mftf/Section/AdminOrderDetailsInvoicesSection.xml,a5948aa5531d05b05e4223def94a2838b379b92d12e0f46a23fc22f1d94147c9,553
Test/Mftf/Section/AdminOrderDetailsMainActionsSection.xml,a6c59edc7aff68390fbdc0186a4162907f91e1bcf5c7d502baa4a4b0032350dc,1731
Test/Mftf/Section/AdminOrderDetailsMessagesSection.xml,9d04956668b264eef47d949b262e95a2088b24719c35b5067cd2819ec8ed9ddb,466
Test/Mftf/Section/AdminOrderDetailsOrderViewSection.xml,6725296d0cfbba60fde7a8355b5c33b966df814dcbeb2ee2a685f7c16198810d,886
Test/Mftf/Section/AdminOrderFormAccountSection.xml,d296209dad793c30bc127f38bc1ee2579eb272b65749a6daa2a959eddd50adfa,1000
Test/Mftf/Section/AdminOrderFormActionSection.xml,007e3e47f541d2e7b1986b153a9a67ea4cd7fef9cdd3025e21fbb6b91896a1bd,1108
Test/Mftf/Section/AdminOrderFormBillingAddressSection.xml,df4229b4fc5e988a45703ed809774dcadaecf9215d3dc5f3961dd1adb080fa33,3293
Test/Mftf/Section/AdminOrderFormBundleProductSection.xml,fdf1d7164e394fc0456ed57194f8f221d455f0f2e21a4afe992c74a59ae88068,604
Test/Mftf/Section/AdminOrderFormConfigureProductSection.xml,c8598e1d1ed5a3a9e955e10a2384dc985489050289f06543cfbe78469b08af1e,1870
Test/Mftf/Section/AdminOrderFormDiscountSection.xml,115448010d360e2296d6953b54e4cc2ba814d44242079951e731609451d0f699,598
Test/Mftf/Section/AdminOrderFormDownloadableProductSection.xml,fb82709602a02d5cd463fc232eef3dfe1d6dbaef92fc92496d8f088f489b5c6c,784
Test/Mftf/Section/AdminOrderFormGroupedProductSection.xml,646d6290ccf39088d60e319c26196690b6428feb9b22d162d0030d77950be674,671
Test/Mftf/Section/AdminOrderFormItemsOrderedSection.xml,c9811058732fae634dd84bfb9a1becf990d867fc5e9cbdf0fc73d4a04e197c9c,1812
Test/Mftf/Section/AdminOrderFormItemsSection.xml,4548a533f29e8a5a43920f47274b796e75c65869e51c6408e1ef39d9f878f2e8,3606
Test/Mftf/Section/AdminOrderFormMessagesSection.xml,ed339e2b3ce45317bd2420987231bf4e6107d4cdbc46005a1117c727a0212989,559
Test/Mftf/Section/AdminOrderFormPaymentSection.xml,b9324dd09331357e8b2f44dba8760ee52119461be2cf8b2d2b57dd4f8b60db48,2260
Test/Mftf/Section/AdminOrderFormShippingAddressSection.xml,6080cb513f52b1715e5ebd2274a9dfe844b79c7dbcc52d07abed55d39ff570e6,3138
Test/Mftf/Section/AdminOrderFormShoppingCartSection.xml,bc655fa142f9adf39507ba5f7f77b86d6c5c12cb1f6a62aebe94e04cfa97588c,781
Test/Mftf/Section/AdminOrderFormStoreSelectorSection.xml,36df15e48cde9862a086e5ded97b0d1326401511089731447f622fdd07e82bed,639
Test/Mftf/Section/AdminOrderFormTotalSection.xml,a2c4c7960324dbb188fe8960b0c671524b3c3970c4709c1970a5477adf5b3644,929
Test/Mftf/Section/AdminOrderInvoiceViewSection.xml,9edae0a26366a3c53929d27817e0980912a6e28b340b6bd9825c8ed160bad633,592
Test/Mftf/Section/AdminOrderInvoicesTabSection.xml,5a94a902bc31a50164d1e0834a13ac7493037c9bb0d22a8bf524e95307eafc9f,1887
Test/Mftf/Section/AdminOrderItemsOrderedSection.xml,bc5e4592bdfbb7f03d9a1fa0be5693b9cbfc188446c45cfdc96f39f1db645259,3795
Test/Mftf/Section/AdminOrderPaymentInformationSection.xml,899ca6e4dd3e372ef5b62c2e7c1edc189177a25fd0ffee2c2b44dbe559d88885,723
Test/Mftf/Section/AdminOrderShipmentsTabSection.xml,30855a97aad6c953ab3c5b7f51d5161a380a91ce79414d8d59521910251a746e,1935
Test/Mftf/Section/AdminOrderShippingInformationSection.xml,0866511600207395acfa596ceb132f9ab6c9d74cdd4d0bd85d53175ca54a124c,633
Test/Mftf/Section/AdminOrderStatusFormSection.xml,5304e130c2f0156fbd9d4286a26deabd127b748f53509b84073e12990ca8376c,556
Test/Mftf/Section/AdminOrderStatusGridSection.xml,c61c0ffaa3442bfd7c4cba3aa8538e4428bc14e0e68dc7f16c0ae6ce030f6bc5,1743
Test/Mftf/Section/AdminOrderStoreScopeTreeSection.xml,c04b6985af641a933546b3adbc6240811f231eb769829c6bdf6e9fdcb344c2bd,843
Test/Mftf/Section/AdminOrderTotalSection.xml,a199073c81b28de82c19c360e8b6f9e1f851a19f3827960a1872110458a70104,1201
Test/Mftf/Section/AdminOrdersGridSection.xml,5edcbb6ee9a753ea68061af5fb2aa50e4fbd53cec5f515bceeeca2ba474b0a84,4788
Test/Mftf/Section/AdminShipmentsFilterSection.xml,9e9ed6e0e5e706551cc95d9f66aa830a759c4cd8128bdeaea1c5dd4dc87b878b,588
Test/Mftf/Section/AdminShipmentsGridSection.xml,7b7a0df4ce8e3e99c345c473551b33910bbf9387b8988d736f3f1cd793eb150f,556
Test/Mftf/Section/ConfigurationListSection.xml,26c12687d8e2cfe1b3593190218d5a788d93090ccf122ab1f45d63cf824ab6d1,628
Test/Mftf/Section/NewOrderSection.xml,aef6723720473d71274396c718ee1ea8c7742a8c92e7779d74eb7a527bc87a95,2555
Test/Mftf/Section/OrdersGridSection.xml,5d4bfc527dfdec99797f8742ebc971ae6d4a4d59f55e537b6b10e06d6a3ee841,3024
Test/Mftf/Section/SalesOrderPrintSection.xml,c61214e8945098c6ff2a7cefea179f4bb1fa7007c7bc47c10412cd62e7f1bbc1,546
Test/Mftf/Section/StorefrontCustomerOrdersGridSection.xml,f8b4a1e8c5338ddd2e5dd68e5f839094ac3c8bd9d0c62ea519720c3f999dd90b,761
Test/Mftf/Section/StorefrontGuestOrderSearchSection.xml,acf7f564e27a0bcb89f56f4200964c438a6d918654d3f3e6003487a4999fe71e,796
Test/Mftf/Section/StorefrontGuestOrderViewSection.xml,75ceed2f61905bcd8b76cb2cc7a7e8196de7698913c54089f3a42c2ccec50b60,643
Test/Mftf/Section/StorefrontOrderAndReturnInformationSection.xml,7b2fdeced4370469238f7308fb50783aedb39523b91c01a5730e893df1465dde,990
Test/Mftf/Section/StorefrontOrderDetailsSection.xml,6e7930d390a4e4dcb2639fed9e2aabe3f1b5c2a5d3ab154e1fc891eca2c188fc,1290
Test/Mftf/Section/StorefrontOrderInformationMainSection.xml,63cffce8bed050f702762e506c74a2f2dfa8812141959ca663f96f5e4bd53332,707
Test/Mftf/Section/StorefrontOrderInvoicesSection.xml,9377502f0ae3721f52cd3ffdd71795ae76e23d3b51521a07b00ddd28b646ee30,574
Test/Mftf/Test/AddConfigurableProductToOrderFromShoppingCartTest.xml,91005b2b3d327ef2b8f3bb1e69c454166b259ddfd56354d8287bff3690666e2e,6723
Test/Mftf/Test/AddSimpleProductToOrderFromShoppingCartTest.xml,a31385fe2140be0b15bc3e70b1950b3a0ac42c1891cc291be83d4287de21743c,4084
Test/Mftf/Test/AdminAddSelectedProductToOrderTest.xml,5127d8ed519ea93955144d6ecb5fcefe67866614bdd80e35788f595a724a74ef,4180
Test/Mftf/Test/AdminAvailabilityCreditMemoWithNoPaymentTest.xml,5bea80414d5cd68c3b4adfea1558d51fefb60ed2975a195deb6dc1227adb5620,4967
Test/Mftf/Test/AdminCancelTheCreatedOrderWithBankTransferPaymentMethodTest.xml,7d360d3643b07896c89f053e5e3009915c7d0b2dac00b2217dacc74e0f260774,4220
Test/Mftf/Test/AdminCancelTheCreatedOrderWithCashOnDeliveryPaymentMethodTest.xml,b9d37d5d2e5cfccb04ee33c6221fadc235996f8cb63e80d72e4fe167e68c5eb0,4136
Test/Mftf/Test/AdminCancelTheCreatedOrderWithCheckMoneyOrderPaymentMethodTest.xml,37a29578e91c4e587f52ff1e2dd5ca00dc557dd48b3fca6c8b85d1bef8f6f98c,18302
Test/Mftf/Test/AdminCancelTheCreatedOrderWithProductQtyWithoutStockDecreaseTest.xml,3d1e19c7a35519df1da47b0823bfdaedb8db0d0b19e2fbcb1430ba675125a02c,7138
Test/Mftf/Test/AdminCancelTheCreatedOrderWithPurchaseOrderPaymentMethodTest.xml,519fdab15b3e872edb10ba8ebf04e9faec2e35804e0cbad5e9bbf4c9d02f3233,4701
Test/Mftf/Test/AdminCancelTheCreatedOrderWithZeroSubtotalCheckoutTest.xml,3f9dd95c3cab1864e3d8fe0028a4591256579be283b513d60311dd8027177a8d,4065
Test/Mftf/Test/AdminChangeCustomerGroupInNewOrder.xml,16ba0cea9bd2fa967b8139e7a74ce4d35c708329d8ee67ac7d1e8a866474e48e,1698
Test/Mftf/Test/AdminCheckingCreditMemoUpdateTotalsTest.xml,0ab11bb57b95a00f70751e0ba838b96e726fe12f7d236757d4a4aed927f36459,2946
Test/Mftf/Test/AdminCheckingDateAfterChangeInterfaceLocaleTest.xml,d3113a97a6d98e721a84319ec563f244875e8023f7c2307d230df63619b01d3c,4841
Test/Mftf/Test/AdminCorrectnessInvoicedItemInBundleProductTest.xml,8ed094ff0e6b9bc05aac6f20afa3e0c67718c98a7eadd73a820858c5e5327da0,5058
Test/Mftf/Test/AdminCreateCreditMemoBankTransferPaymentTest.xml,cd9d0e94654c8b4246f47ab7a19a2b8ea105175a2a583f92008f1d96f56bdc21,8881
Test/Mftf/Test/AdminCreateCreditMemoConfigurableProductTest.xml,f0792fef26a62a214e0b288b281bdbb4da4530e83a384c5c52995e47aef2752e,9054
Test/Mftf/Test/AdminCreateCreditMemoPartialRefundTest.xml,3fca94b59256d370c48f380df6bbd2277c79ae16fee4cb82863d5b61bedb5f80,8412
Test/Mftf/Test/AdminCreateCreditMemoWithCashOnDeliveryTest.xml,acc828b478e2d6e31be7437859804764aa29f4e0e73e337027d41dc8023d578d,7790
Test/Mftf/Test/AdminCreateCreditMemoWithPurchaseOrderTest.xml,94e8a0b9f309fee9e0268a2f2402ed50301c91f4192a016b06abe9765834890f,8133
Test/Mftf/Test/AdminCreateInvoiceTest.xml,64e1d7ae493109ece151fdcdce05abd82d9fe46e6e1af90d65c1aed5a25367a1,6959
Test/Mftf/Test/AdminCreateOrderAddProductCheckboxTest.xml,a44eb416f543379b566ab678544260d060c1d1dba99a2fb14e024eb12ecdbff7,2422
Test/Mftf/Test/AdminCreateOrderAndCheckTheReorderTest.xml,b63f785b84246f6e4b712cc2e4271b5f64b738b86b37b9387cf713d4cbf403d6,3656
Test/Mftf/Test/AdminCreateOrderForCustomerWithTwoAddressesTaxableAndNonTaxableTest.xml,2b2c8de07921f83a84f567ef0c2ba90c51c5fed6663dc6d5d3f7655ae6693460,4762
Test/Mftf/Test/AdminCreateOrderStatusDuplicatingCodeTest.xml,b3e5355fbf48398fb2a4047579f2630c691c8607728c9ff91006d77e527c212c,1670
Test/Mftf/Test/AdminCreateOrderStatusDuplicatingLabelTest.xml,75788ad144b156b60444aa7a2cf4e9290cbd2232ff3ad35bb6e2b4128ef5a58d,2004
Test/Mftf/Test/AdminCreateOrderStatusTest.xml,f9f76f1ddeb55c29f9cd5dc89eef0b4df2ce97b4063ccfb3004773487a7f14ad,1982
Test/Mftf/Test/AdminCreateOrderWithBundleProductTest.xml,0e3f79f80c149a250ed03800205b99ae02c4b301b61f3f96e654e3807045f863,5397
Test/Mftf/Test/AdminCreateOrderWithMinimumAmountEnabledTest.xml,208037893b58c65489acbced85f727cf092c645ba376001e76944544f60212be,5141
Test/Mftf/Test/AdminCreateOrderWithSelectedShoppingCartItemsTest.xml,40561bf84005ec691abfb1816fcec79d3aefe5d85a09ab037b050e10a7084baf,4619
Test/Mftf/Test/AdminCreateOrderWithSimpleProductTest.xml,2f97c73fa86ebf19905c4f0ad77377d317136a55267ab486b744ab2df2039cc7,3379
Test/Mftf/Test/AdminFreeShippingNotAvailableIfMinimumOrderAmountNotMatchOrderTotalTest.xml,18ff59903daf8c9a25eb2bccf9b6da1cf7f894ff38304e1f3fda3192e385051d,3723
Test/Mftf/Test/AdminHoldCreatedOrderTest.xml,eec1d59cffd9bb119fff961af2205ed5f81bd5a54ea6ad84053c092d90ec41bd,4859
Test/Mftf/Test/AdminMassOrdersCancelCompleteAndClosedTest.xml,b0166ac0c0746e407d40e467fd81dee4a3a61465e6f2489af61023579f4884ed,4799
Test/Mftf/Test/AdminMassOrdersCancelProcessingAndClosedTest.xml,a77e74fbddc91ca6051cd3c1f7dd59e8e4514338f39f2a904f1b8026162a43ec,4783
Test/Mftf/Test/AdminMassOrdersHoldOnCompleteTest.xml,0e4a247de0da66ba50e29ab23e12c5493110ea70fd33fe2bc9da2cec7b05ea8d,3435
Test/Mftf/Test/AdminMassOrdersHoldOnPendingAndProcessingTest.xml,3f9a0f0a537672a92eef01438bb7c60872f1d0c21dc20b55b62290113ff26aef,4625
Test/Mftf/Test/AdminMassOrdersReleasePendingOrderTest.xml,f63224174a9ee4dc550e024d28a018ae6fd65757405278638bc141450a36a35b,3313
Test/Mftf/Test/AdminMassOrdersUpdateCancelPendingOrderTest.xml,142c411ee02a40d9a81081bc253d6598791ad1e6a444dfc7dcff10047e9f53d7,3298
Test/Mftf/Test/AdminOrdersReleaseInUnholdStatusTest.xml,50c00fcb33b2fc0cb5f92332080a84955d6ec2fc2732b4f6a40cc48d0822b888,3558
Test/Mftf/Test/AdminProductInTheShoppingCartCouldBeReachedByAdminDuringOrderCreationWithMultiWebsiteConfigTest.xml,444d1a0989362e4ca42b29b802d90c7678de59c95f7a4303db9976865508228b,6079
Test/Mftf/Test/AdminReorderWithCatalogPriceRuleDiscountTest.xml,3b99ced1ef8a27214db801a441fa26400679943dc931035fa5abc6036df7b7bb,4107
Test/Mftf/Test/AdminReorderWithCatalogPriceTest.xml,bb9c14463d233de41147a4211860ab968e6e7acc5aa944dd2e0f86756f277fff,4745
Test/Mftf/Test/AdminSalesCreditMemosNavigateMenuTest.xml,396d1687edc81e890da770eab521b02fe18b529d346e2285fd49eb4726707003,1498
Test/Mftf/Test/AdminSalesInvoicesNavigateMenuTest.xml,bf542846c0c840be5f195e05dbd817d281581317cd531e3a027414ba49cadbca,1478
Test/Mftf/Test/AdminSalesOrdersNavigateMenuTest.xml,dbf881df6fbdc1f6dd00c62695d49e47b1fa1b21da41b95539e7bcb0dc6c4d79,1465
Test/Mftf/Test/AdminSalesShipmentsNavigateMenuTest.xml,f016638cb12a767813af6ec6cab1b5523be19ed448c38aeea66c4eabb056a347,1484
Test/Mftf/Test/AdminSalesTransactionsNavigateMenuTest.xml,1e6cddef12e6e7d7682228c990bd47546d95a80436b0d335e342222c8f3d17ce,1502
Test/Mftf/Test/AdminSaveInAddressBookCheckboxStateTest.xml,3bb543e98255eb46d4d47a72f55758353eef54cbc99d4606992dff80943b5ca3,4786
Test/Mftf/Test/AdminStoresOrderStatusNavigateMenuTest.xml,27cbda86a8cf4d028b9c81a38bbe394f355ec8b48f0ac93e805ff9902c2d6888,1521
Test/Mftf/Test/AdminSubmitConfigurableProductOrderTest.xml,c0f0bb5f3d54a9db73ad80f9d7fcb0fd1315593f203921d6ec8ebc98f279add9,7370
Test/Mftf/Test/AdminSubmitsOrderPaymentMethodValidationTest.xml,3bdac3b4ac509176265177cbef1d588cca6bc48b4231f35ebae884332a322a0c,5449
Test/Mftf/Test/AdminSubmitsOrderWithAndWithoutEmailTest.xml,78ec51db8a6cea479a8bb7e56720f781635e4ebab88a04234f17426c87b09051,4939
Test/Mftf/Test/AdminSubmitsOrderWithAndWithoutFieldsValidationTest.xml,29ab66e82e70e2efcbf2d76b3acba579158e333d6b32417cd3722077c1b16d45,5838
Test/Mftf/Test/AdminUnassignCustomOrderStatusTest.xml,1e6ea3efedea9e73412cc21d5ff86089a3e90e655050a8485a9d77dc869ef9c9,4135
Test/Mftf/Test/AssignCustomOrderStatusNotVisibleOnStorefrontTest.xml,fa23e6a7c17e6b9122e88c6d20778df260d0959800344128001b366ed2d5085b,7508
Test/Mftf/Test/AssignCustomOrderStatusVisibleOnStorefrontTest.xml,ce59bb2c7f74680c08e2b0aae488a77b41905201ccc7969505d7fba49ed3578e,1359
Test/Mftf/Test/CheckXSSVulnerabilityDuringOrderCreationTest.xml,68c85504ff81cdede20b86e47cf2d6baa6dd730eb9fd8f00f8a51eb008264bf7,2958
Test/Mftf/Test/CreateInvoiceAndCheckInvoiceOrderTest.xml,a266c387e918d88780de1b56fe728f9bbff1a81c8ff7746bd0bf43d31496f4d8,8641
Test/Mftf/Test/CreateInvoiceWithCashOnDeliveryPaymentMethodTest.xml,db5506be322d9e55f4a45d55d9f4c793778b3b46588041381b885c99be1ca797,5753
Test/Mftf/Test/CreateInvoiceWithPurchaseOrderPaymentMethodTest.xml,4f86f2e911eb03d7c5e239cd7f17c3cf3b7303a97c44236235ea23d22a42c22e,1800
Test/Mftf/Test/CreateInvoiceWithShipmentAndCheckInvoicedOrderTest.xml,e305c6a78334e6d13857f5fdd18b39c50e2a9f03e81799d7082971fc14efa724,10804
Test/Mftf/Test/CreateInvoiceWithZeroSubtotalCheckoutTest.xml,307d0188707d1565b5441e631e561b18c6ecc74981a7d0ce279499fa5712288e,5800
Test/Mftf/Test/CreateOrderFromEditCustomerPageTest.xml,19da8ab7f84dfee50fd2c9bc7a6fb4232d90cc99ccd29b9e201ee0e70dd72832,15901
Test/Mftf/Test/CreditMemoTotalAfterShippingDiscountTest.xml,f77f0e391b95983ce8d8b2c10513cff082cdf2fdd4be9c42742759c2a5d1fd23,11631
Test/Mftf/Test/EndToEndB2CAdminTest.xml,35a09d16902ec8e56742a3d0e7c1bef9c29389d75e35df6029dc96d691f2ab2a,26308
Test/Mftf/Test/MoveConfigurableProductsInComparedOnOrderPageTest.xml,d70d6b63ddc456917c3213cfec7ba884ad6a10af84a6b84138aef78c7826d40d,10527
Test/Mftf/Test/MoveLastOrderedConfigurableProductOnOrderPageTest.xml,7495c768d9a2d7750b9631138a7731208910510623306b9ea193d3d7eae885df,6330
Test/Mftf/Test/MoveLastOrderedSimpleProductOnOrderPageTest.xml,b34f73ef6e7e422a8f88da61f18b6b2c838d79d185ea2350fda0e9e19a819735,3031
Test/Mftf/Test/MoveRecentlyViewedBundleFixedProductOnOrderPageTest.xml,5e873fc619bd032ab244e7196fcbc66b573dc6ef60f3f1c8084923b53cdb8023,5849
Test/Mftf/Test/MoveRecentlyViewedConfigurableProductOnOrderPageTest.xml,4dbc2a56c2e1fb8485881b87cf5ba5f2f0379d497d9aeabebeee8823dba06246,6695
Test/Mftf/Test/MoveSimpleProductsInComparedOnOrderPageTest.xml,6b5367f9fe04b7a4e8466ee0de56b7ce727a000b0f3a20aac52b7eb0aad7e07f,5309
Test/Mftf/Test/StorefrontOrderPagerDisplayedTest.xml,3f3828d91707f938c2d182b3b4c48ac0e762e2fad8f4c59ff2d2e26fbdd5c747,13198
Test/Mftf/Test/StorefrontOrderPagerIsAbsentTest.xml,f3b5731e1c52f6827d3997633c9163e2bcc8246198e9154d57b45a9db2337771,12677
Test/Mftf/Test/StorefrontPrintOrderGuestTest.xml,162841fbc222b1e9a50a0bff7200fb788260dd17fbb953831ec49a4f736a2621,16700
Test/Mftf/Test/StorefrontRedirectToOrderHistory.xml,4957c911e22e963b7453a37f250b0056dcd98aea2683e80b0dcf49c770c09b32,3993
Test/Mftf/Test/StorefrontVerifySecureURLRedirectSalesTest.xml,de9d3bbc181f1c1f31276bd26b04afd73e66cad6148b8197cc0c8f2f66e21a87,2128
Test/Unit/Block/Adminhtml/Items/AbstractItemsTest.php,7786280c228df42f75c3eff40c909dc461689cd1b14a0d9967f38d2101ef67b1,8765
Test/Unit/Block/Adminhtml/Items/AbstractTest.php,4d655ba9e42d02122620e278d81872f893076f300fb1b8bb031857b288758be4,3126
Test/Unit/Block/Adminhtml/Items/Column/DefaultColumnTest.php,1efe040996d0193317e4f533bc8fd363dafe50b33fe3ac6f1ccf2d8b03841144,2253
Test/Unit/Block/Adminhtml/Order/Address/FormTest.php,141711f802a0a3d0ab6b28e7a97f51c3fafe5603ab75126cfa5c1ebc99453336,4644
Test/Unit/Block/Adminhtml/Order/Comments/ViewTest.php,a0aa092089feca88cf665681f574aa541e98c06afaa641704bff0442f8557de4,2249
Test/Unit/Block/Adminhtml/Order/Create/AbstractCreateTest.php,4c7ce444d5798f6a463d2d6d009521e1993d8005c27d6c77e8e23d5057564b44,3150
Test/Unit/Block/Adminhtml/Order/Create/CustomerTest.php,70f01b02840106a4a51da19f4e580155493776a47c6a9bea8502f2bf5cd34f4c,1190
Test/Unit/Block/Adminhtml/Order/Create/Form/AddressTest.php,f838a23c7df3baca9cb2d562ad5a8c5e4c9cea1ff5dace2c28468e4cdeeed1fe,8607
Test/Unit/Block/Adminhtml/Order/Create/FormTest.php,44b28d7063ec6c7682e6af2e81f170119672e2565e90b87fffed58e60d070c69,6677
Test/Unit/Block/Adminhtml/Order/Create/Items/GridTest.php,1c23e5c81b38562c696b0df071608c8132069a17e1285856f7421c1aaec4ef01,15736
Test/Unit/Block/Adminhtml/Order/Create/Search/Grid/Renderer/QtyTest.php,280925e57900a8796d1b42c32945a7765e77ac1e0ca4129984e75a96e925b0d6,2148
Test/Unit/Block/Adminhtml/Order/Create/Sidebar/AbstractSidebarTest.php,42b9c803c7348505c249db166110c4a10c8b2f6e8a537dd32e6436ee036d3a05,1740
Test/Unit/Block/Adminhtml/Order/Create/TotalsTest.php,e6e73bb89953395fd5d51854544afc97092d31792ea75ae1a5a6c816c3f1f4da,2174
Test/Unit/Block/Adminhtml/Order/Creditmemo/Create/ItemsTest.php,592af8eda33493b3bf38f462b441d54f67e726505bc9c709ccf8a6151e9c277f,6499
Test/Unit/Block/Adminhtml/Order/Invoice/ViewTest.php,45d25f93ebc1c388a2ef8bb81ce2f49c370a601a48c1997c29830954688e4fce,2255
Test/Unit/Block/Adminhtml/Order/Status/Assign/FormTest.php,15fbd14daaa4a1cc46d66385162291cf2974009fbbfb295b628340a80bf3b5df,4472
Test/Unit/Block/Adminhtml/Order/Totals/TaxTest.php,e4370eb31e985d302bb9b051a35e82392861900b8e8013358b9fadac699b0ecd,4713
Test/Unit/Block/Adminhtml/Order/View/GiftmessageTest.php,06e282781359e133b37f64071e8dd9d6b9d2f93e0199879333d533d55891887e,1156
Test/Unit/Block/Adminhtml/Order/View/HistoryTest.php,df5538098f19ea7e6ad768c7b80d9f944ac51c2e6bf706725f85986d8327c2d5,2243
Test/Unit/Block/Adminhtml/Order/View/InfoTest.php,038aca3e2eb5d8469feb8c917e9903e9ff0dfc750d13eb8c20443a226dace3b7,5013
Test/Unit/Block/Adminhtml/Order/View/Tab/HistoryTest.php,9db95f5d510d0bbd981b084ea7a97bb5ff028b0d46b7c6e908a063b80f0fc52a,4281
Test/Unit/Block/Adminhtml/Order/View/Tab/Stub/OnlineMethod.php,eca54f88cbf334cf5cfb43d1f348125d19f84a35b8428acf42ff7504c699b342,492
Test/Unit/Block/Adminhtml/Order/View/Tab/TransactionsTest.php,e90ddf811671a4b4c9fbc4f0405d55015637e3944262e6b7a62b1c8e2af2d85f,3972
Test/Unit/Block/Adminhtml/Rss/Order/Grid/LinkTest.php,0669b09ca0142005cd8e112bee099b43b49dfae855db14da10e665d6a3dca9e9,2493
Test/Unit/Block/Guest/LinkTest.php,a709fa7669a893e365a4613942897556eef3dd5aa29741df07e099b3e0100962,1179
Test/Unit/Block/Items/AbstractTest.php,1002b4ca0be2b627332eaa4b283fb787090f39aa26c1dea38aeebd47c3bd167d,3022
Test/Unit/Block/Order/Create/TotalsTest.php,8d0c6f6257e55fb4683cd96dbdc0fe118e7f7c0de9746bb798ac46c93af3e09f,3424
Test/Unit/Block/Order/Email/Items/DefaultItemsTest.php,ed19324377e58b9f5e76c3ad23485ba5a4c08bc4a72787dd65dece5f06516814,3923
Test/Unit/Block/Order/Email/Items/Order/DefaultOrderTest.php,5ec2a90e45389e7ad02ff4e1b4c208b26246f24e239b0e26821c7eb4ef4243d9,2658
Test/Unit/Block/Order/HistoryTest.php,13c6c7fef4710aa93ee984dd61affba47ddda09f8db620e801413543a450b1da,5148
Test/Unit/Block/Order/Info/Buttons/RssTest.php,10032c0142cc7cf32a5769cf524ec19a98eaf2fd788d73bc6bacd0e62a14b98a,4453
Test/Unit/Block/Order/Item/Renderer/DefaultRendererTest.php,36a22cfa31dd9a3b392f2d95415480cd7a1788344279a4fe3a3ac53039a948fc,5446
Test/Unit/Block/Order/PrintShipmentTest.php,d706e229fdeeb419edf3f3d34565aa56f0c766ffe8aba72bb03b13a344ea9387,2854
Test/Unit/Block/Order/RecentTest.php,3f1c8fcf6f6f92159e1c1727f9b7da29bd26f9f2f1a64b7fd35b654ad8f92d85,5067
Test/Unit/Block/Order/TotalsTest.php,35fff1944a6455fe93b6ff42dfb1046608156c60f5d7fad3c6a77479264eb315,1944
Test/Unit/Block/Reorder/SidebarTest.php,a50486e05898ee935412ca957547c0de3586c979665e6d63bffca88ea10d6938,9937
Test/Unit/Block/Status/Grid/Column/StateTest.php,27e67631f5d19050d9133829d3f2b1af3e36c6c530763252f08b3a5286efbede,2797
Test/Unit/Controller/Adminhtml/Creditmemo/AbstractCreditmemo/EmailTest.php,85801549bcdc320ee3315c241b6716e3e9984dcff701793f17a5c9d8b52ef568,6920
Test/Unit/Controller/Adminhtml/Invoice/AbstractInvoice/EmailTest.php,fd6c97e4f25f88d3c21d06942d3ac85115e8fdd360a526470f61e187802d7a8a,9770
Test/Unit/Controller/Adminhtml/Order/AddCommentTest.php,7ef631d3d8b8ff037a7f2fa38ae4359176c7c1fc578c9ea27c113a7e795e980c,6704
Test/Unit/Controller/Adminhtml/Order/CancelTest.php,fb48f877fcce7af8bcc251e61743d2a45f5b069b279b4c488c3b3bcc5e99700e,4729
Test/Unit/Controller/Adminhtml/Order/Create/ProcessDataTest.php,1f9dd07f7dd350cbc26522844df61f2ffd74b18adccda7a90484c0371bf91b92,8974
Test/Unit/Controller/Adminhtml/Order/Create/ReorderTest.php,04accd8cfe1b27813d226fafee3bcb369c222f4a67679a0379678ab231c18ce7,10634
Test/Unit/Controller/Adminhtml/Order/Creditmemo/AddCommentTest.php,2c34c3ff70b2c899ff9c75fcb6c207e5d1efaa8e6840a65c5c0cf0a5703471b3,10598
Test/Unit/Controller/Adminhtml/Order/Creditmemo/CancelTest.php,458deb992181b0efc03f681f2fc0c3556328f7803bf7918bedee3cf4bd737f28,10984
Test/Unit/Controller/Adminhtml/Order/Creditmemo/NewActionTest.php,6be7462964f6a0532746a076738b0f259d747c671a50a6f9138a1d4b46b8e74e,8702
Test/Unit/Controller/Adminhtml/Order/Creditmemo/PrintActionTest.php,c5d31f8fcd0f0aa8d719f7c623d0e204ca035aaabb83b9a69a745bb29fac28d3,9521
Test/Unit/Controller/Adminhtml/Order/Creditmemo/SaveTest.php,692b556b46d53fe62f0286d2899fde4e1b60619fafb37b5e47b638b743174b51,8674
Test/Unit/Controller/Adminhtml/Order/Creditmemo/UpdateQtyTest.php,bea792f73dedf2f67a911924af5134ccd961aeb2c3817fdebe269d095c36b374,11249
Test/Unit/Controller/Adminhtml/Order/Creditmemo/ViewTest.php,d5d5745e5c76597d4a12a3b715ccfbc6d836ae366f25085136f59b8b2d96b35a,10721
Test/Unit/Controller/Adminhtml/Order/Creditmemo/VoidActionTest.php,6391d31f6b1c1006f06f0066c2cdfb93bbbd78da91e3ab7926d229e5c394a3f1,12570
Test/Unit/Controller/Adminhtml/Order/CreditmemoLoaderTest.php,c6d04efabd4dbaa18fdb9aa79c4467bfb965a0f06d529a62ff643ce3e2b8af4b,8823
Test/Unit/Controller/Adminhtml/Order/EmailTest.php,1215f033cd264c2134449d508cb104a80c99c46a7a28ebe356bc53bc6ae82f7d,8457
Test/Unit/Controller/Adminhtml/Order/HoldTest.php,9f25456a5dbaef07355b12328c86487f170477c914e8a81762e0e1fd6954b471,4725
Test/Unit/Controller/Adminhtml/Order/Invoice/AddCommentTest.php,bdc35ad152abc278a905f39a8f1ed5803f56eb85640a3a05d1e1ff7e1bb4a0b8,11581
Test/Unit/Controller/Adminhtml/Order/Invoice/CancelTest.php,1f15eb650f830ebd6ab6b2edc9379c73eb50ab16e01af678c458b2b9a763cc54,12331
Test/Unit/Controller/Adminhtml/Order/Invoice/CaptureTest.php,59ea17545fd3e35537f75d4370090cc2a87bd4fdf72aa9812c2c13bda00934be,13074
Test/Unit/Controller/Adminhtml/Order/Invoice/NewActionTest.php,561e28b84e40d5fc61ff20974b78a618c9f3ef473c373138812efa280c361a3e,12273
Test/Unit/Controller/Adminhtml/Order/Invoice/PrintActionTest.php,7f7933305db58c4f247a3922344850d5d46bd622a713e6c544507eb0d63586e7,5241
Test/Unit/Controller/Adminhtml/Order/Invoice/SaveTest.php,f35b803199043c173c7c74d3307e71d6c9eb991101d44d6fb04f92841ef9c8b7,4313
Test/Unit/Controller/Adminhtml/Order/Invoice/UpdateQtyTest.php,b130c3b0d6826597ede4be9843a26026a633f1a47898ecf4aa1144ba15182d3d,12790
Test/Unit/Controller/Adminhtml/Order/Invoice/ViewTest.php,d4e57b47cca576bc174b42eaaa583826439d8f2ac5260ce22ffe4a6e23b39e01,10149
Test/Unit/Controller/Adminhtml/Order/Invoice/VoidActionTest.php,73fbcbad7b38fb85430c61534c15ec3b057fbbb23a5cb8d6c357846be240b5b9,12310
Test/Unit/Controller/Adminhtml/Order/ReviewPaymentTest.php,ea37495c4fe23f94ccab1c09ef213e97808baa9fb3af4c7fff7d034f826e06a5,6139
Test/Unit/Controller/Adminhtml/Order/UnholdTest.php,9737ed33781feb7d8a2d9b995ecae95550f11594d552c8e39045e4e01e9223b0,4718
Test/Unit/Controller/Adminhtml/Order/ViewTest.php,4a46e319b3a885c3f512c87e346492d941e942df507c160abc20ffca77a9cab2,11697
Test/Unit/Controller/Adminhtml/PdfDocumentsMassActionTest.php,668e9f773862d883ac859fb95e9cc900143418cc2ffc8673cdfa686fbc560bbd,3359
Test/Unit/Controller/Download/DownloadCustomOptionTest.php,6eff838a4754cc9093684b2bbc475a48d5a37d687c64e5bb179b29dbbe7832f9,13160
Test/Unit/Controller/Guest/ViewTest.php,21f2973eeec7fc87321fff18bd2877071d8508cfc1b99d05b2d2bd7030a07094,3838
Test/Unit/CustomerData/LastOrderedItemsTest.php,1aa4d80de0de28375c83f0540430f85e5d790f5a3f01ecfba402347d9036339f,10904
Test/Unit/Helper/AdminTest.php,6b70915c1eaea70627ad04865ef47fbb8dffd06f4ade3214bc2d0dd2b6bf9e8f,11569
Test/Unit/Helper/DataTest.php,f28520afd7299a7ae6745958783795e1acdc6b028d0da184b87ba3f4dcad6f4f,6762
Test/Unit/Helper/GuestTest.php,ed69478b57c45da9028a21f9578b00d03b96033f8fe78ad0c50dcb8c8263d092,10062
Test/Unit/Helper/ReorderTest.php,308da3e8c32f55a6b746bf6b20ef3bf309f61bec7b1ff78060311e2b02b9fa7d,6435
Test/Unit/Model/AbstractModelTest.php,3e3e16bad6e52c40f896e6bfa4bb251a900a127b757fbe730c02d81d6b075b0f,802
Test/Unit/Model/AdminOrder/CreateTest.php,f3b0407675db867f920c733559867d1cd66bba6e8978acef31e98af92abd0c25,14275
Test/Unit/Model/AdminOrder/EmailSenderTest.php,d5564786d9b91811b98d1da4ca4691d695d4b7320d08649adeedcc4871da396f,2095
Test/Unit/Model/AdminOrder/Product/Quote/InitializerTest.php,933c747b61644ca83ae22be0b93e56b3d3fadeea0fb34b4a85cf506cadf6cb53,5363
Test/Unit/Model/Config/Backend/Email/AsyncSendingTest.php,7a2a6d48d96c1fa84599f3c922ebc2bef829d8366c6eccf232eb0910a70f990d,2833
Test/Unit/Model/Config/Backend/Grid/AsyncIndexingTest.php,ed041424016867991026fd275046f3fa0a5ab369fa72996ad9c956799ea67bb6,2850
Test/Unit/Model/Config/ConverterTest.php,da4fb34c6c1438a21beb918d413d4c53a84046b74a4a243ed6019e144c6f8a1f,2412
Test/Unit/Model/Config/DataTest.php,c632a14e370dc93a8d081ffd31df4ea8df9a99b037ed37716bf48a32b6832799,1924
Test/Unit/Model/Config/ReaderTest.php,d1afd8a3ae983b6703271febff550ed2403908a138f49c38d1d80e449498d7f9,1317
Test/Unit/Model/Config/SchemaLocatorTest.php,a1a4e77cae986be7d4b340489f9f016dedc9924cfb991420ee1d0ffa3e0f8dfa,1207
Test/Unit/Model/Config/Source/Order/StatusTest.php,cf87ae7493a225b0648bf9f208086fc19d6cdd1ad6571c8cd47a749a2665432d,1443
Test/Unit/Model/Config/XsdTest.php,f928c524464ac33d76f23a473d4013e8c339af2a4cba2d5e21f843e72bc38f5f,4157
Test/Unit/Model/Config/_files/core_totals_config.php,370613870aa5deeffc8f0477849240e81c0f00be2f65dd9941a56d3349f9cb5a,1111
Test/Unit/Model/Config/_files/custom_totals_config.php,574a226cdf5388ba7893d86d3c576f831020b0e0e49a02dc2beb695da98b57e7,523
Test/Unit/Model/Config/_files/sales_invalid.xml,1357770802d54729772bcb2a209133b3330afe46a1535f78c765b9451e088995,374
Test/Unit/Model/Config/_files/sales_invalid_duplicates.xml,3eb6f5054750c174c0167d8afb6affc58afd63d240f5d5b66e7e1d89189071d6,1003
Test/Unit/Model/Config/_files/sales_invalid_root_node.xml,8f0de6da0518a8b291909a0270a56b1c83463d29e51cd2e86385058769681056,296
Test/Unit/Model/Config/_files/sales_invalid_scope.xml,1ec2d0ce3d634a9f0d9f44c139ad54d866cb8933ac4ccd1b4219858737e8114b,924
Test/Unit/Model/Config/_files/sales_invalid_without_attributes.xml,dccd2adc02c288da0498d92e31d4391bdd83f09ae69e4a0366b24f9535abdcf1,470
Test/Unit/Model/Config/_files/sales_valid.xml,1ec2d0ce3d634a9f0d9f44c139ad54d866cb8933ac4ccd1b4219858737e8114b,924
Test/Unit/Model/ConfigTest.php,48c885be16fd733ec618a6b5d99db5e04cbf8f0304baf03738d7637019c5561c,2790
Test/Unit/Model/CronJob/AggregateSalesReportBestsellersDataTest.php,47dbc667acfbb7547626b01082041132f29aa20a415de4bdfa43f588e968f33c,2951
Test/Unit/Model/CronJob/AggregateSalesReportInvoicedDataTest.php,58061ded7fdc0ed5644b230ee0e34708c201799960d93a2d0c186f94aca642a8,2916
Test/Unit/Model/CronJob/AggregateSalesReportOrderDataTest.php,33538243bdc911fc4335b4ebfe5e5c118bf73d56263823561a8c5e33d6c15afa,2849
Test/Unit/Model/CronJob/AggregateSalesReportRefundedDataTest.php,ac08f06e2977fd4f3c8391d8aa08da1a52ae19417afbde6124897a41c2056518,2916
Test/Unit/Model/CronJob/CleanExpiredOrdersTest.php,d414ee49e98dae0b5444e9c2ed9b2df570b5c342738d4ac0576919c02029aa6f,4046
Test/Unit/Model/CustomerGroupRetrieverTest.php,fea7fb95a386e3d1e05b8de757573e4346c7be6024c32bf243b619bb7a6bdd59,2852
Test/Unit/Model/EmailSenderHandlerTest.php,aacfe656e652644945ab602c258005e75cf52d671eead610fd8cd0c9c1c74ae7,7472
Test/Unit/Model/Grid/Child/CollectionUpdaterTest.php,eaba98740f38c9a0bdd3885adcc07812410a4aa132a7e6fc00db934bdd42e505,1518
Test/Unit/Model/Grid/CollectionUpdaterTest.php,5c2d5cb8bb5726bf90347ca151075a501ed5c318965b46ebbc12d3bc55346e95,2393
Test/Unit/Model/GridAsyncInsertTest.php,09cd2f16e9c51a76c37cf8bb131a31531dc0fcc46fc249ec8d0c27798df4a4eb,2357
Test/Unit/Model/IncrementTest.php,f045c011e7c72fc2a76e808db428145fd2afb2a9a2d636308c2f5fafea9d8696,1936
Test/Unit/Model/InvoiceOrderTest.php,9e2921de0e594c5cec288480bf754419ecceb7cc7985ad1f9d3025524e0eae21,14777
Test/Unit/Model/InvoiceRepositoryTest.php,7368dc6b21638521b0d6ce2e6cfb3e17dd36943980d0ebb791b46d8879d96112,7291
Test/Unit/Model/Order/Address/RendererTest.php,8d4dad69f5ad546ddcf2f660dce398af417174c995eb93d41bc1764fbdfe405d,4786
Test/Unit/Model/Order/Address/ValidatorTest.php,c6810c2f7f32a883a238b21d25e970f97b284413682c63ed626928ad9c6b88ff,4333
Test/Unit/Model/Order/AddressRepositoryTest.php,80b80ae8475de8458f2c1c0d0300ef53be2b130091f6990e7fc8e39f1da2278f,13212
Test/Unit/Model/Order/AddressTest.php,f32749b42736b1bf49109185824bd55cac590ff3d819af3af3400dd1261762d3,4581
Test/Unit/Model/Order/Admin/ItemTest.php,ffb0399bfb737dda8303f664b9c78c77f4540342ee8e09d06e1435aba7edf28e,1598
Test/Unit/Model/Order/ConfigTest.php,1931adf31d5c2919ab562211caece32f85ef41aa7512421ade2f82f9af35b166,8397
Test/Unit/Model/Order/Creditmemo/Comment/ValidatorTest.php,a697f554f917e018c3d0b96e070219c0fc4c37ae16a9a95cec99c2f2b3a9b8af,2484
Test/Unit/Model/Order/Creditmemo/CommentRepositoryTest.php,a9e7a379de549b9ae2a41e20856579ed41ec8fc26a7dfded1c17f0611ed6c31a,6635
Test/Unit/Model/Order/Creditmemo/Item/Validation/CreateQuantityValidatorTest.php,e4c807ac377365969861ab99ca2ffff9d0c1fe9e373f150f9ef9275268c4350f,3773
Test/Unit/Model/Order/Creditmemo/ItemTest.php,d29f1d29695d83cdb8843c8e68dc83bb04758c6265649f3e35c2a6d5329c7eb7,10836
Test/Unit/Model/Order/Creditmemo/RefundOperationTest.php,3d12ff9c33780f9b0f22a79f23ecc3b9c4035aa6d4464b842759f05b421b0aee,16155
Test/Unit/Model/Order/Creditmemo/Sender/EmailSenderTest.php,cc50736748cb613c34c55bd7e0126c0947b867d15fa0f8fd9b38b55d5c6cdf02,12762
Test/Unit/Model/Order/Creditmemo/Total/CostTest.php,fd54bf31a38f8c161ca9adfd1d628224c5b12f2a2f626810bd948847a7122349,1960
Test/Unit/Model/Order/Creditmemo/Total/DiscountTest.php,87827900134662f83710de07fcc7d2b1010958bff7a26399dd7cddcdc8d03ed0,12200
Test/Unit/Model/Order/Creditmemo/Total/ShippingTest.php,c07dc2b31a6fe906768d1cac9ad5226e72430e39971fc0ab769fe88589b49383,16463
Test/Unit/Model/Order/Creditmemo/Total/SubtotalTest.php,f4a5010c8f05a85df93781cd768cc95e57c5f12e2c527bf33f0447aac5b7b743,4571
Test/Unit/Model/Order/Creditmemo/Total/TaxTest.php,78c8171adec083e5537c435ff6425ec2114b720ddd135bc40680f22d6922bec7,33505
Test/Unit/Model/Order/Creditmemo/Validation/QuantityValidatorTest.php,b2f32a5c6170e0948e0ed341a427c0f55085abca18bcca48fd59cb53e5f6007f,8826
Test/Unit/Model/Order/CreditmemoDocumentFactoryTest.php,1affa541881b94abda4e140144f9c41ed66ecc25358c3013db89d3b1791a6d51,9196
Test/Unit/Model/Order/CreditmemoNotifierTest.php,41da710d70397af5dc6e401fc0878b1b9112a9a198a96421af294cdee2fe2b45,4226
Test/Unit/Model/Order/CreditmemoRepositoryTest.php,1de4b85434c199f920145382853c10917a1ca04eedbc2eed1ca762748d9df45c,8382
Test/Unit/Model/Order/CreditmemoTest.php,80e4752fa494292d6eb1eef929a99d149e4a824177e5a78e0526293fc1a0519f,7085
Test/Unit/Model/Order/CustomerAssigmentTest.php,2bc2e70d26c3aaf6b009753090d7be7d46da55c3c8759f63e121869a0227d8e6,5935
Test/Unit/Model/Order/Email/Container/CreditmemoCommentIdentityTest.php,28b7ef7187388f49a7235303edbaa565b065499c1a49328baefdedbed87d103b,7400
Test/Unit/Model/Order/Email/Container/CreditmemoIdentityTest.php,6d5e5183a453814a2b733103a6a0794dc0df14bd38bb2d64b505ea11c7c39b0b,7316
Test/Unit/Model/Order/Email/Container/InvoiceCommentIdentityTest.php,a773d5dcfc5336fe79c008b8373973cf2dfb6d0d09dbc88a83e2a83c9b5f3543,7364
Test/Unit/Model/Order/Email/Container/InvoiceIdentityTest.php,7a8a2ae968b56df806247397581454c2f56b5d7870993aed87ae9bd971c2d150,7280
Test/Unit/Model/Order/Email/Container/OrderCommentIdentityTest.php,c91aba56b0d7ae66c4ca5a47e532e5f745cf888f8187689942f6255afdc4bfb7,7340
Test/Unit/Model/Order/Email/Container/OrderIdentityTest.php,b94526a3bf2c06471e3b332f7a2e3a30a164c02c3cd938c068192700135e89c9,7243
Test/Unit/Model/Order/Email/Container/ShipmentCommentIdentityTest.php,03325a450796984a983e4de543ee58959112d3cd9386c1302f8333c38e614226,7363
Test/Unit/Model/Order/Email/Container/ShipmentIdentityTest.php,29f0e272e90e29d4c85af058cc6efa694986669d0beea0eeb2537919983ef275,7292
Test/Unit/Model/Order/Email/Container/TemplateTest.php,3238244d07a1cdb0e580e661a0e9558911d406ec7e0a089600d1a4fdf0273439,1268
Test/Unit/Model/Order/Email/Sender/AbstractSenderTest.php,359c93a9280d23c5850af97694804783161cecf6ddb5e217278dbf212cb7b2a7,6238
Test/Unit/Model/Order/Email/Sender/CreditmemoCommentSenderTest.php,27d7775d3ada2fb206213a7ab322de12873fa2fcadfaee7a85920d1c90c84f32,7027
Test/Unit/Model/Order/Email/Sender/CreditmemoSenderTest.php,8cb4c1f5a1d8f00d6415bb0929df8c85e7db7dab1dd0a45824b20d4d97367536,11839
Test/Unit/Model/Order/Email/Sender/InvoiceCommentSenderTest.php,e18a29eaaec524f9bad622f297795c300122eadabf64a80eb460089f82a8ac16,7218
Test/Unit/Model/Order/Email/Sender/InvoiceSenderTest.php,136c5710a604c1b85021c49c4d90a3cd4477676c30588735d248b7e4968be3d5,11891
Test/Unit/Model/Order/Email/Sender/OrderCommentSenderTest.php,a1fc4ce9dadbbb8064bdf73b111a01aafc528afe9e156c50645e37238fbc7d29,4472
Test/Unit/Model/Order/Email/Sender/OrderSenderTest.php,737fbefa31fa4360ccb3d0e8abd5dbf29840e5866f10401c2d8d93c22499360d,12258
Test/Unit/Model/Order/Email/Sender/ShipmentCommentSenderTest.php,ef7ac8c53988ea77824243acc7aa6ad29713bb7dd1cff5ca0eb95ca8eba35932,6996
Test/Unit/Model/Order/Email/Sender/ShipmentSenderTest.php,1965333397b49951417e11bc17426a31e297d5cc0a671872e1d4e48cdba0dd01,11917
Test/Unit/Model/Order/Email/SenderBuilderTest.php,a50e8f2f489ade73a12f124b07e734b194c5a4c9e0b0d8252acff002c119e8f3,6992
Test/Unit/Model/Order/Email/Stub/TransportInterfaceMock.php,f53c52ead1f66e3dc079395e5607154e9276315de7e1b0a18fdc4ffe8c09f44e,552
Test/Unit/Model/Order/Grid/Massaction/ItemsUpdaterTest.php,1df1270fbc88d1bf633707e6f6a52d1bcd1afbdc8511cc5e7bb6f110f64866b0,1403
Test/Unit/Model/Order/Grid/Row/UrlGeneratorTest.php,04a5cc71c14789609969fa36744d8e841e02c7a40ed549a12406a170fc006ab5,2002
Test/Unit/Model/Order/Invoice/Comment/ValidatorTest.php,2047b742f21c0c448a8085a62fda2140bb3627e9429f5615b17f4525a4ab71bd,2466
Test/Unit/Model/Order/Invoice/CommentRepositoryTest.php,be7fffa1d6728d6aba6f8cc348e7f87530092d31eb8b39a3cf145dd492df2f77,6511
Test/Unit/Model/Order/Invoice/Grid/Row/UrlGeneratorTest.php,0f777899542f2c114d3c97fc21a178d878b14f777aa7bd193b5c117305135785,2049
Test/Unit/Model/Order/Invoice/ItemTest.php,27f7a480a765dedb70b93eeee593ec03eaa6163777cd0b39793d7177b67e6064,10834
Test/Unit/Model/Order/Invoice/PayOperationTest.php,ecf1ff1c79780de4f44864da2dd8037474e558fef54eb796a20344cc8d580741,14834
Test/Unit/Model/Order/Invoice/Plugin/AddressUpdateTest.php,83c31ad450c359687b7c10b7ec62235c49829bc6a0534a15973421caf8a05ea9,3422
Test/Unit/Model/Order/Invoice/Sender/EmailSenderTest.php,8d165b7e1a0a01d38c6170e7ab3406ceb66f35150b15b3758c421cb2eeb5feb2,12652
Test/Unit/Model/Order/Invoice/Total/DiscountTest.php,bb6653677145a1f78797337a486bc595788f17f8c0373be83711eda8c91a8729,4581
Test/Unit/Model/Order/Invoice/Total/ShippingTest.php,ec04d80cd439d4bbf77824830b9bfdd7ffb0e695c0bd31e2a336d6b802e8e87d,5244
Test/Unit/Model/Order/Invoice/Total/TaxTest.php,a8e98d92d04c71a65217e329ec3909987d49cca8780da336ac318753747f8984,14825
Test/Unit/Model/Order/Invoice/Validation/CanRefundTest.php,919e6441cb70a74a6e41e1dd7f2148000ef7ceb8ebaa0070637e488bd9c59b3f,4581
Test/Unit/Model/Order/InvoiceDocumentFactoryTest.php,2510d2c60a4ec8ff75e1bb352ccb304b2f16b6b3848938167787c13da3007ee5,3442
Test/Unit/Model/Order/InvoiceNotifierTest.php,750ce4e8bd9a55279425edb3e5c2dd883a073a3249f559f07763d6c26bd2bd5b,4183
Test/Unit/Model/Order/InvoiceQuantityValidatorTest.php,604f1e4482e1a13f7e18351881163f9f2feaf107dee3022fd6ef865a51d7bf9b,7050
Test/Unit/Model/Order/InvoiceTest.php,523f748652483a3f1d861dd124c5eed5e11885c91988cbaed23852c947a5b677,15993
Test/Unit/Model/Order/ItemTest.php,6c88f9180a55367f692e4f8b4c1f9e9e9f7691483dc202dfb6829a40a1f17745,12987
Test/Unit/Model/Order/Payment/InfoTest.php,cd73256bf11ea3a373f55735fe9a02e1f02fc338111f648e630871322a00d7d7,8399
Test/Unit/Model/Order/Payment/Operations/CaptureOperationTest.php,eb93a1095b6fa41686a8152c5a1dd99c49153a0815a14a3abe1f1b5f692dd974,4140
Test/Unit/Model/Order/Payment/RepositoryTest.php,560315c30d44819fb2f73434ae2ead13ae43b576f5cf261363c3777fa6d20b0c,5676
Test/Unit/Model/Order/Payment/State/AuthorizeCommandTest.php,7b73cd059ad9f5559ef4c1c954a26badbcad3b4834e3871f6c8b20bbbe6f65a3,4833
Test/Unit/Model/Order/Payment/State/CaptureCommandTest.php,5869f20747cb0b91f5540f5b8227d74fe4de19dda4b02151e274ae9f589a3a67,4835
Test/Unit/Model/Order/Payment/State/OrderCommandTest.php,88e33778a52d834e6b8c4d3dfbcfa5196b787709bb0314423e6222c893590d84,4635
Test/Unit/Model/Order/Payment/State/RegisterCaptureNotificationCommandTest.php,3f2d3aaf901b50f464d53227cec3562cec218918ac17a455837610e269d40940,5628
Test/Unit/Model/Order/Payment/Transaction/BuilderTest.php,9ba0424f4f6c954fe163aa54aa85c3545f4b8beaa7fbb474921504ee915c31ea,11309
Test/Unit/Model/Order/Payment/Transaction/ManagerTest.php,2ad0dea168aada0d088d2127701644d93cecaf4a2e60be56b59b221c04cc8d9b,6285
Test/Unit/Model/Order/Payment/Transaction/RepositoryTest.php,197627433f15accad42c4e547dda0fb9c147e657905b64a1a2eaac275ab5abed,16556
Test/Unit/Model/Order/Payment/TransactionTest.php,aad767c8a033e1d2c40a3aa69eabf1efd37123f08ed7856481e73daa77493a77,2240
Test/Unit/Model/Order/PaymentAdapterTest.php,e99908511ee568e1856856e2c6b14f9fd53a93f3315ea446b678b8d21676a76e,2299
Test/Unit/Model/Order/PaymentTest.php,344ddfcfe8a7e5c7210f641dfb13c1c2581fcb71fbf216c90d57fb1b6939b6de,63912
Test/Unit/Model/Order/Pdf/AbstractTest.php,b04cfd643161fd06fb4298102ea0a1b50cc83353cea5d9ae20ccbcc12bc04e74,4678
Test/Unit/Model/Order/Pdf/Config/ConverterTest.php,9059f2006fc071d8e1d5bc712f8af6c05c9d6db6da0465844a172b175d21b082,748
Test/Unit/Model/Order/Pdf/Config/ReaderTest.php,81237db783a1ce8aadc09af4d8edef0a5ed76bb87171f2cbe1e20b9a0eb04cab,3354
Test/Unit/Model/Order/Pdf/Config/SchemaLocatorTest.php,7a3e0cbcc1786f9fb2f0417dec46bc514ba2c65667e2c57a7558412a62441612,1641
Test/Unit/Model/Order/Pdf/Config/XsdTest.php,9e7c24b7c362504ef3706f8b3f57072a986b351f2dc347c3213332f482e304a4,14175
Test/Unit/Model/Order/Pdf/Config/_files/pdf_merged.php,353a10f25442b921109d45b83b17b5604e2660c98f5bb8f2dfa3aaf92bc4599e,1468
Test/Unit/Model/Order/Pdf/Config/_files/pdf_merged.xml,35cf67d2644b44e5c598af34d7184201ca2396bfab3905d910aea269034e9a14,1966
Test/Unit/Model/Order/Pdf/Config/_files/pdf_one.xml,6dc2270c8885b4cfe80a0e950517b2d86deb278f8c5f8af026c8b122efa61465,1410
Test/Unit/Model/Order/Pdf/Config/_files/pdf_two.xml,d8ee76a02fdeb39d7c0c467aa891a160d6189959827e3f80e0cf4800f3cb2c34,1143
Test/Unit/Model/Order/Pdf/ConfigTest.php,9332471ca098559ba398c8f99287762e5f5db31250ed514e38353e037c7b90ab,1606
Test/Unit/Model/Order/Pdf/CreditmemoTest.php,ce908d24709df66d99235c7dc3864b8686680dee89b72c0ee4449eba7192aa73,7282
Test/Unit/Model/Order/Pdf/InvoiceTest.php,15e6437de881f0234e105631009a363a4e65e4802e16f85c35c734ddb9b1f504,8200
Test/Unit/Model/Order/Pdf/ShipmentTest.php,e69da826d22a4d699498c5daa6fa2192eb863d647fcfd75817a141482472a789,7258
Test/Unit/Model/Order/Pdf/Total/FactoryTest.php,71453ce8f53d310cf740eb03f78e41067a04f51be5a9e6cd5b2ecac79ca9cc3c,2227
Test/Unit/Model/Order/RefundAdapterTest.php,a3cb294b939eaa91f3a36b530953495bc15783a10e96af0ffe9a1adbb332049a,2267
Test/Unit/Model/Order/Reorder/OrderProductAvailabilityCheckerTest.php,8e01af47e88c03273b44d9c4f1e81ae379ebdf3db0bb137f25710953b7553740,4082
Test/Unit/Model/Order/Reorder/UnavailableProductsProviderTest.php,eee5eb7d055116ef3cf5b83ec0d3abe3efeeb2759e226c1293cef13d3db09e92,3190
Test/Unit/Model/Order/Shipment/Comment/ValidatorTest.php,21b50e9e5448007dc3129cf53c5a17e214527a5846fe4cef180281130aaa2333,2472
Test/Unit/Model/Order/Shipment/CommentRepositoryTest.php,24ef066591b42f741dbe8a0fc2a7049f43d6385985837a9d8ad8d3f86f248bcd,6562
Test/Unit/Model/Order/Shipment/OrderRegistrarTest.php,a42ea88402c4a00ab34c0e769999973a26f1457755eb3086af459c9b8729c019,2480
Test/Unit/Model/Order/Shipment/Plugin/ShippingLabelConverterTest.php,a6f338769045a00c1389c94cf032c208d5e7f41d2e4997bbf38ed894a649b103,2304
Test/Unit/Model/Order/Shipment/Sender/EmailSenderTest.php,db87caefad7f270eb29cb7d2ebe6ece179130d954aa55386363d2bf11f2a1cda,15761
Test/Unit/Model/Order/Shipment/Track/ValidatorTest.php,baf3c8f2e91ab2912d946c65736a854ddaea9c3735944019e22d3e4156fb2847,2933
Test/Unit/Model/Order/Shipment/TrackTest.php,7752f70be2d1c242fe96066781a42a3285cef9fc852895deb2d097a8449cd5d4,2441
Test/Unit/Model/Order/Shipment/Validation/QuantityValidatorTest.php,6c2f17fbe5b11c2cd360e2240b0b266cfed1edcbc4687902051cc43441b5a0e4,2034
Test/Unit/Model/Order/Shipment/Validation/TrackValidatorTest.php,d05d3cb43563a337e35fd4d5fc6966e5b805add71c5d7f074964b8ea7b1c3fe3,2481
Test/Unit/Model/Order/ShipmentDocumentFactoryTest.php,19da1a7587b8fc26c11c3803722d2e40d6b61bd4619c0ac319d648eb1449f07a,6859
Test/Unit/Model/Order/ShipmentFactoryTest.php,195dc2b36877793c8be4d9e5fb3520f8a05bad71209be03278822908f8230c3b,5458
Test/Unit/Model/Order/ShipmentRepositoryTest.php,82cd3ea9159426243509f607a71175e20642a3d35b0cb75ddb57274d9068756f,8246
Test/Unit/Model/Order/ShipmentTest.php,2949c5c82f5619eed4e95678d91b0fb4cb0b08cd59b5a3a470ca22ae347381d1,4702
Test/Unit/Model/Order/StateResolverTest.php,d8a817baf5da0d5c946cb27af8fdbbf443c5b4659a2588d213df181ba4323d41,2223
Test/Unit/Model/Order/Status/History/ValidatorTest.php,6e27ef6deee45a19e98f3869ee7d601acf37ec8d1bb5be4d3db819f1e082ac03,1122
Test/Unit/Model/Order/Status/HistoryTest.php,d76409aad9b14a5b4c28e0d51c1b879d73a3f6293cef05a2bf002672a124afb3,3150
Test/Unit/Model/Order/StatusResolverTest.php,b30759c55c6690c0816ef2d0e71b5e802d886bb0c5243b2de1a7fff3dc43a651,3163
Test/Unit/Model/Order/StatusTest.php,f48c9af09e78a6beefec6adcf6c075b4d7af24dc6ac4e820d311b43ac31057cd,6377
Test/Unit/Model/Order/Total/Config/BaseTest.php,99e231d54929037db147b24f1d29244269b6e6dc20a9857d89b0aeee5378ff07,6895
Test/Unit/Model/Order/Validation/CanInvoiceTest.php,108e8f27045f0f8e9ec0ae6de6c699fc10f67cca799572dd45fd9ad6b03a7bf4,4435
Test/Unit/Model/Order/Validation/CanRefundTest.php,55492b4bae152175f20401473437bf2fc6c8d0806c00378e14d0f5b9c00e91e0,3454
Test/Unit/Model/Order/Validation/CanShipTest.php,591a4aeb8edb44d5a916c60119032de703a4701a8425e34d8820423a252b5c40,4325
Test/Unit/Model/OrderIncrementIdCheckerTest.php,fd037e01a74b1be8f13e126282ca6d49521ac852521f87069ac1f19c210df809,2567
Test/Unit/Model/OrderNotifierTest.php,a3a72cbf702dedaa7c74871e33201c549515460c8d3cf7470fbe84fcad220fa0,4074
Test/Unit/Model/OrderRepositoryTest.php,8d3e91f352a7528142016610db37549819963e1f7fcce38c24a4c438fa106ba2,8137
Test/Unit/Model/OrderTest.php,2965671f2e1d4eed7cfe859deeed0e10701bb0aa9a975843d830cee11b472fd1,42830
Test/Unit/Model/RefundInvoiceTest.php,9733d58557897b000fd6a1e5fa40c77e897f08984e63bd67e4960c3f795dca1e,17182
Test/Unit/Model/RefundOrderTest.php,8f0d59297bb725436ca2312574737fcf72195dfe252caec512321a9c0d85b398,15391
Test/Unit/Model/ResourceModel/AttributeTest.php,1856ce0a3be890ed30bb3ef215888a6404a6a2347c186f325c7680c56109207b,5203
Test/Unit/Model/ResourceModel/GridPoolTest.php,e84a0d219868fd34c6a3f886aadd828e16e3cd8b1f7ee2e458e5e59deceadac2,3664
Test/Unit/Model/ResourceModel/GridTest.php,fd4c609898dcd14616835aa46c11222c3dddcf44dda89cce6ae7db2e8a014667,3741
Test/Unit/Model/ResourceModel/HelperTest.php,8229d737647a4b8724645c6e9fd30927e7f07563217cd62731a70257ed786455,2914
Test/Unit/Model/ResourceModel/Order/AddressTest.php,2dee2e0e6b7ae7db2168d2c4559ae4342b8a4823f30155e0d46bc946a1fdf5a1,4455
Test/Unit/Model/ResourceModel/Order/Creditmemo/CommentTest.php,6e9c6526a10087f97ef0c88e68659be6afecc8729033b65bdceb98b421176e02,4798
Test/Unit/Model/ResourceModel/Order/Creditmemo/Relation/RefundTest.php,26a4cd3cad6da331eb31229a0c7761e35ce16553e95ec0d11b93d0502084f71e,2940
Test/Unit/Model/ResourceModel/Order/Creditmemo/RelationTest.php,d91f8ec0232ac8ed455a3d6cfb61f268b68b1e0b32c2e4c3593bc24dd65c863c,3763
Test/Unit/Model/ResourceModel/Order/Handler/AddressTest.php,bf257e668febce92ef2dbbad90e2c8befdc60b09e1d09914d73a7b7db6f0b499,5652
Test/Unit/Model/ResourceModel/Order/Handler/StateTest.php,bc52b570c6086e1701e95ea4d4e854ea315c208f01ef7f781f3501e961fc33d7,5862
Test/Unit/Model/ResourceModel/Order/Invoice/CommentTest.php,fc31245e78023ce58964e0907ba21d9541d175ea9927441a361de1db08971426,4776
Test/Unit/Model/ResourceModel/Order/Invoice/RelationTest.php,253586e41c0e03086f2b78e104443c96b71830db1b28b73ddb2859ce4128c446,4424
Test/Unit/Model/ResourceModel/Order/Plugin/AuthorizationTest.php,3783dffe499afac3291db6e1d5db2af533b1db181d18169bea448c2d5d8d150e,2900
Test/Unit/Model/ResourceModel/Order/RelationTest.php,6b70e706207b68191235aacdb40bd981dff764e015520ceed39f0576db2d7ed9,7411
Test/Unit/Model/ResourceModel/Order/Shipment/CommentTest.php,07148b9b40fc612fe8a74a298ac431d574bb43997580b4a054117d781df64139,4783
Test/Unit/Model/ResourceModel/Order/Shipment/RelationTest.php,78be52fde483dd081f6cfd2632342c97e906516113782e153b32bd0987cbf3bd,3590
Test/Unit/Model/ResourceModel/Order/Shipment/TrackTest.php,93d5ed6d509029db12ea96860e8c35a03f0cd4ddedf641d3988ed2ceb59a6785,4824
Test/Unit/Model/ResourceModel/Order/Status/History/CollectionTest.php,7ddf8177de3124b612073ae3b13a3450b6a42b71b6e5eeef4bc03c9c1d168188,5473
Test/Unit/Model/ResourceModel/Order/Status/HistoryTest.php,3220c01d6140e1fefa8c88a596f1d64d8b343007099414f8f0ce4807bc822e1a,4599
Test/Unit/Model/ResourceModel/Order/StatusTest.php,34838beab26b9d0405ba147e36a380b2f21eadca18c56c5eb5763525c9074de8,3424
Test/Unit/Model/ResourceModel/Order/Tax/ItemTest.php,091fbd651cc2fae36d7c0567c380bb48bf023ebb40e95fcc2d5d0ee8a0d64f3b,3026
Test/Unit/Model/ResourceModel/OrderTest.php,c47cb8400c23c51cb4904f96f0c962b5fdba00e56074ea9a83c553cfd2e5d017,8775
Test/Unit/Model/ResourceModel/Provider/NotSyncedDataProviderTest.php,111507eba483ac9fcc00353dae6dbd3994645e5654872253d2e4dca2ea063dcd,2240
Test/Unit/Model/Rss/NewOrderTest.php,43f4f55489fe0effb87f600f2afa1bf5e6de3bbcd313cb1072402b10ce2c0beb,6972
Test/Unit/Model/Rss/OrderStatusTest.php,5fb3422c8390ac3aa534b77383c660965193789dbb3aa61ae1fee2bb4cf9258c,11385
Test/Unit/Model/Service/CreditmemoServiceTest.php,cd5af917c2aa8fcd1d4bc20a0b92fadb7edd68e7ab97960b0c74b5d5ce8f31ec,17140
Test/Unit/Model/Service/InvoiceServiceTest.php,843a3843abbd5456f1ae1c44e6fa820a44d19a534cb68ca8f107f6be474fab1a,6385
Test/Unit/Model/Service/OrderServiceTest.php,e5da501b2524d7e7db31cb9bbdd008206f59a712902def3f1d56a5032cb6af2a,10798
Test/Unit/Model/Service/ShipmentServiceTest.php,91332208750697e68d36d2603c7ff2e52eb4a209dab33b2dad4990ee9f4e5f40,5777
Test/Unit/Model/ShipOrderTest.php,f35bc07b0d4598103596c5fe0de2a85f1b19764055e6deb005cb7d0748d13bc1,16166
Test/Unit/Model/Status/ListStatusTest.php,7ffef54baf37e0414386d3702c6d3c464b0077b361c07008125e0c2fd37728ba,2724
Test/Unit/Model/ValidatorResultMergerTest.php,e54cc1831f7d63231c369bdc1ae51a9a0dbcf05d8cedf03ba6f3d0974d9c29c7,3104
Test/Unit/Model/ValidatorResultTest.php,e9d613374fc5e4124cd05a83ea9f0f4f239f86a5d7dbacda3e37d752a0c7416d,1940
Test/Unit/Model/ValidatorTest.php,5c07e727c7fb1298a6be85ba61489ea62dffa45d4f22c227eaa7d634482cdfb1,4170
Test/Unit/Observer/AssignOrderToCustomerObserverTest.php,da1347bea53a35eaeeb6045128acd88d48c090e808b3bd5f4971fa7e92097e8a,3822
Test/Unit/Observer/Backend/CatalogPriceRuleTest.php,76bbafbfb8155b5f2139ca80b821545c19e6c655b1401ef61c3c3d7514711b62,1098
Test/Unit/Observer/Backend/CatalogProductSaveAfterObserverTest.php,41547c90b7417bebee04da97b09112d446ed95a6c6aca5fe05c7c5253124654a,2234
Test/Unit/Observer/Backend/SubtractQtyFromQuotesObserverTest.php,787e9950a97a6fb7f3065c83d9ddd7c6bd3abf7d83608ddc14a71e1fb428141d,1768
Test/Unit/Observer/Frontend/AddVatRequestParamsOrderCommentTest.php,db66b8759bbe04956b8a7d59fb91d9f410e160ff0bd430767044242255f5bca3,4169
Test/Unit/Observer/Frontend/RestoreCustomerGroupIdTest.php,fa46d7933483564e74acfed6672e7a3cb967f55b20a7b567df0aea4d1cf07728,3301
Test/Unit/Observer/GridProcessAddressChangeTest.php,93f7a2b4c0e85219092df45d6ab6e60d4a107e83ae7b4943db80c276ea48863d,1567
Test/Unit/Observer/GridSyncInsertObserverTest.php,ce41f6caa3dd97837be9509fa3281f52721aabee4605067065fa1fd64d203b27,3204
Test/Unit/Observer/GridSyncRemoveObserverTest.php,44bf43a4b501b5e7ace427e0383cd01098865234d11a19783a942917f79a4bdd,2216
Test/Unit/Setup/SalesOrderPaymentDataConverterTest.php,baa5f2d1e58d1bd471add431b17fec02a530b4a065c5cc9e8e7c9230f034b726,2130
Test/Unit/Setup/SalesSetupTest.php,591fcb8af747863c086da29342fccf77ed2ef4aa949cf8dd9600f943cbb5f610,2852
Test/Unit/Setup/SerializedDataConverterTest.php,a783f788a01b09dd2dea07a34fdd35c0277790a39c2481d879e441a4dc69f15c,6449
Test/Unit/Ui/Component/DataProvider/DocumentTest.php,56ca646771af446cfbee7d9f2f98f9d06341c68f813a3ec986bbf94697deddf1,2786
Test/Unit/Ui/Component/Listing/Column/AddressTest.php,bf46416a81888c842982f49e525b262d96aee82e0742e5603b6699745dbdaf4d,2137
Test/Unit/Ui/Component/Listing/Column/CustomerGroupTest.php,5ec47631fedad0e174d77198e5c6591b6d36f7922157cfcfe28d442de08146d6,2408
Test/Unit/Ui/Component/Listing/Column/PaymentMethodTest.php,b7b8ef15e5e28b90704444d39e00adcfee70d4458ef415633db8d59825af12a9,2343
Test/Unit/Ui/Component/Listing/Column/PriceTest.php,d15fcb884756d754a605d9b771502bd0cc929d547dd67818480aaca0e7dadaf6,2530
Test/Unit/Ui/Component/Listing/Column/PurchasedPriceTest.php,0b25a529c86d69253face1266043dec568d2ee4454ece75909149696f9dda656,2559
Test/Unit/Ui/Component/Listing/Column/Status/OptionsTest.php,516276d34022b2fb12cc50276ef552a6ba535b7da60a6258160aa0e220b88c64,2036
Test/Unit/Ui/Component/Listing/Column/StatusTest.php,9598ad5a9f31cb95ca29a42492400b79640578aaa76ab332e19fdcd5ba489373,2127
Test/Unit/Ui/Component/Listing/Column/ViewActionTest.php,f40fa9ae61b176b307a345ef377176562cef3355f0c12913105484576161abb0,3358
Test/Unit/ViewModel/CreditMemo/Create/ItemsToRenderTest.php,69faee73cb77d19fce7c563b00a0c4c5f24fd8d5046f6ce49e55d01361f76c87,4675
Ui/Component/Control/PdfAction.php,6115672487393dd021feea7995d758bd2543dce17c6fa5e6436b3c97ec039149,672
Ui/Component/DataProvider/Document.php,93b71eb5fc912911da7cf0d6f79082771ab7e8ef8c151b474e47482fdfe11203,2554
Ui/Component/Listing/Column/Address.php,f733f9a33b026441f6defea0dfd0b6d31daa73e02da9c88acbe1d188c382192d,1530
Ui/Component/Listing/Column/Creditmemo/State.php,c1b79bc355679beccddfae7870de2e77b1b4dd57d4e079e6de4627986a5b1c20,1726
Ui/Component/Listing/Column/Creditmemo/State/Options.php,9896f596a5291c4931824cfb5d5d2969dff8a2fd524c2f1445fd3a1b39f771de,1307
Ui/Component/Listing/Column/CustomerGroup.php,f739cf6c2a3b834923055943ecba34a146c76afeeedfe1f1b82cc6d933583298,1986
Ui/Component/Listing/Column/Invoice/State.php,4430e3bc69b3039995862369040eddc798b5be6aa2ac1eea9330205dd18224f9,1705
Ui/Component/Listing/Column/Invoice/State/Options.php,093d057d4af1573b9919b3f263ad52b71fc6231b1b4db33303bd61a5e1b2eef4,1274
Ui/Component/Listing/Column/PaymentMethod.php,cd3d5dc3c67406ea6917ad655c7e2a94eee83a3c62f1bd59b9978d609f3d13f0,1792
Ui/Component/Listing/Column/Price.php,1d0538a6b26dddd18210ccde4122fd709203dbd9ccc87c9d12c1eb6e44def7ae,2119
Ui/Component/Listing/Column/PurchasedPrice.php,1230a21b0330477403939529cbea7a491366a9de09d6ea4eea5be883e5c49302,2122
Ui/Component/Listing/Column/Status.php,2397def6a4fbc8650b156a7d194fd2bf3675166f01a0196218361fb2f381032e,1712
Ui/Component/Listing/Column/Status/Options.php,6916fb02578b0c6a466b860e49d24066ac9295d1e5182d4601f389ac15ff40bc,1216
Ui/Component/Listing/Column/ViewAction.php,15422c2cf15cad8e6cb44bb6a8fffb72d0378e5358f42a562bb20f6c28f5c4bc,2139
ViewModel/CreditMemo/Create/ItemsToRender.php,a42cf8b7d2c866ac04a11ca1544f1a39af8cc0fda564b5cb2697d61f246ce48d,2166
ViewModel/CreditMemo/Create/UpdateTotalsButton.php,7e4b84d1b671a27cfa9a0caea8be85ccdcd176c20d3a56db5c6780f2abc21a33,1762
ViewModel/Customer/AddressFormatter.php,e2fe17591cc955dde2f5593f2f0c91933109e0a812c16690a701073f01b7a7c6,3740
composer.json,5109500167f66eb3bf5c13eabb25c55204e798684e9644beb8379b62ac5ee8f2,1694
etc/acl.xml,be2dfbe00dc8c6ab1cced615dabe5d6129acfba7efc5675f809ee12f49b8dd09,4307
etc/adminhtml/di.xml,342b63ab271cd65e0c540769ac9f215949f4f1c185e614698a15ba89a10870f9,2710
etc/adminhtml/events.xml,01f4f5bf6653b87951f30ed8c04f7dedfe50b9bfabeb29fb1865200430b7a832,963
etc/adminhtml/menu.xml,8cfb13f2e74b62c9f4b8859ee338c3fa900ec22bf9ed9b3234733ef302e9409c,2066
etc/adminhtml/routes.xml,a639061c42a9b241590b943d49f1f304f3098ab6474375608629d7b07e2ca9f3,445
etc/adminhtml/system.xml,35e8a232befc5a57681fc0fdeaf0d77cae9bd3f6fc91e8bd6cafd3ca97097ff1,34974
etc/catalog_attributes.xml,7c77ad3be15476fbcbadae5556a412c55b1b9dda66f5a7705b0cbeb07bec41a7,992
etc/config.xml,82541e17aa21c41cafe3fd00e44297c5d47754e41ebbecf3eaadea3703150165,4605
etc/crontab.xml,135bbda47458b571707b9d233465739ee16fb3c0a2f52a287bf9f8e44d21aca0,2892
etc/db_schema.xml,dc10dc5857616f52b85814dcfb42bb2f104ef071415c32c7f5b4bf33f697e2f0,151594
etc/db_schema_whitelist.json,2fc2e77dcb874d4754f5dc45220eacb20198d9208014c916d2594a12586d2837,43592
etc/di.xml,3afac7d19d95b27f380673fc6308ef8fcbe788f5182392c5afadc22f335cf59d,70050
etc/email_templates.xml,f325e6b02cbbecee133a70019d9837c9a3bf6713b25843326e5a59eb8e707c7c,2928
etc/events.xml,1e774ba6759f8af4ec392f4ec1705383a7943e21e4e98aee5617982bc3f3f0fc,3474
etc/extension_attributes.xml,cca5b9982f18bb10dadff87d23c26f77d0f5e92fda19ca14c37a4231dbe046e8,887
etc/fieldset.xml,8c49375ac67a4205e60f58f4eeb2d46eb118b49ffc3ba298917aff38c947c92b,31653
etc/frontend/di.xml,aae4f684b5aff88912691dbd1a925ef3040e34ce1f20237791f3ff4d28b33b1b,1200
etc/frontend/events.xml,18e43f100586043d5c7dabb7839c9227c4841a28746d196ae68639304e01af02,480
etc/frontend/page_types.xml,efc4db66946326750ac37a91a5c6b36cfdb23feffa27a6b4c66b57f76bef9a84,1835
etc/frontend/routes.xml,8648b7e7e92a19eaed0f58c70deade2ae229c6fb5d235c253fb3fdc6e9d4017c,423
etc/frontend/sections.xml,e53a475857edb51b7a8476074052e3746dc9246c9fa87790e80434bd831cec07,466
etc/module.xml,0da77891dc587853691ebc3b62aa92cccee515f2d23e4ce3bf306065865b6b5b,596
etc/pdf.xml,74e7748f71022c0952e0b0ae32abb381456d0674460ed7744de1b5e76a8b88e6,2671
etc/pdf.xsd,89bed1ff4d4730d5aab65e123114c964204f8692f3a66575b9f4de828d8ca525,3794
etc/pdf_file.xsd,0611ee79be9da697cce68ebb6721c04e76fb570bab0d6e52ce5f8757ad3efa5d,1412
etc/resources.xml,bea97f390de64bbc5ebccc21fa0eac220b0dcb1737b944d19650a4585d876de8,398
etc/sales.xml,0a3c91b2cd381e59e7818ce927ab038fd5ada668e97d5a16f514345662fd88ca,1949
etc/sales.xsd,532697a90d391e9c545b371db88403f72c3a75366315f867ec7d338c04c6e838,4976
etc/webapi.xml,3dddae277a12a9d90eec42ce0614074909d8e5129c6b0a4c542540d2ad76a9ac,11711
etc/webapi_rest/di.xml,cdf901ab0c61f25a31af33bb5845a453488c51cc5f98bb677912a96018f498ee,984
etc/webapi_rest/events.xml,18e43f100586043d5c7dabb7839c9227c4841a28746d196ae68639304e01af02,480
etc/webapi_soap/di.xml,cdf901ab0c61f25a31af33bb5845a453488c51cc5f98bb677912a96018f498ee,984
etc/webapi_soap/events.xml,18e43f100586043d5c7dabb7839c9227c4841a28746d196ae68639304e01af02,480
etc/widget.xml,55f4e76e9b51cd1ea92e1df62871579fd54643cf5ac24d35b85c219c12be0f16,1524
i18n/en_US.csv,1f3cb121af124b7691d3ac214de59e73b550e32d60fc80ed020ead6c6515235f,46316
registration.php,932001d1ab01843ecf4f828cff5775d08d4f025d98c80d9ad6a128b4fcb7e0bc,244
view/adminhtml/layout/sales_creditmemo_exportcsv.xml,b9e553c82e3a86f3d5e773c9e8d0d774fc0f360681f771593df2380b6398c819,536
view/adminhtml/layout/sales_creditmemo_exportexcel.xml,b9e553c82e3a86f3d5e773c9e8d0d774fc0f360681f771593df2380b6398c819,536
view/adminhtml/layout/sales_creditmemo_grid.xml,a1153472686e6db4a0b6334cabe4a33e8ad0547de6a2017f3fa041e259cb7b70,589
view/adminhtml/layout/sales_creditmemo_index.xml,3726a28c739bde978b1a366ccca17b6731d1af6d1404f89240841ce2c8005973,481
view/adminhtml/layout/sales_creditmemo_item_price.xml,2ccbfaaa2309db2565b113f13b8fc2fe88ed086799a5ef2580f0941cc65a4620,903
view/adminhtml/layout/sales_invoice_exportcsv.xml,665a3a93fd90dcf2cc7cee02be483500de97681331285d1eaa3bd82676d4e5e8,530
view/adminhtml/layout/sales_invoice_exportexcel.xml,665a3a93fd90dcf2cc7cee02be483500de97681331285d1eaa3bd82676d4e5e8,530
view/adminhtml/layout/sales_invoice_grid.xml,5b55c9ea1586299129800ec9e763c83ca40f347bfd2b058e724943a0f98ff693,583
view/adminhtml/layout/sales_invoice_index.xml,30d7c4ab19d9b2c4bb39b158396ad0a5f99746d5edb862de1c8497f64e651221,478
view/adminhtml/layout/sales_invoice_item_price.xml,dabb4f550e93acb43ab35114d9b64fc38030b12621825e870bef2fdfc3e7d2c6,900
view/adminhtml/layout/sales_order_addcomment.xml,05d864bcc271903c4966a8805729d57258e3a4e14a1a209fb8189bb6e1fb2fb3,483
view/adminhtml/layout/sales_order_address.xml,66c385954afa37bfd5d188d235776d65864521885332c021dcb78efe428d1577,504
view/adminhtml/layout/sales_order_create_customer_block.xml,a590e5c9f7782c0e529c92cc47a301bea03467d31eea22a44381938a3c76b1cc,6531
view/adminhtml/layout/sales_order_create_index.xml,e4ef5f80b90c55d0f01542d27bc546f2875c49b21438b61815897966bc00c5c5,8819
view/adminhtml/layout/sales_order_create_item_price.xml,99f26e8338616dd8a633daab8ac60a40cb63546db2fd3e5c01da75ade6c3ca50,819
view/adminhtml/layout/sales_order_create_load_block_billing_address.xml,0d67e5e8306e403d4dc6c4029f243f594385e014b6f7bb2d7af4ae2c3cc1e6c1,924
view/adminhtml/layout/sales_order_create_load_block_billing_method.xml,d57b0810e8bb50b50f6965fffdc7a0e76b5367777f769949aac8f9554eae8b12,783
view/adminhtml/layout/sales_order_create_load_block_comment.xml,d7148d881459e4a5a727d1c938943e950afe37c0cd4ebeaf27b70823b4cbdf2d,537
view/adminhtml/layout/sales_order_create_load_block_customer_grid.xml,014d510eb62e69dfc31b951c3fa253fed6454fda9ca3922f7e385321d89346bb,577
view/adminhtml/layout/sales_order_create_load_block_data.xml,67e415cf0fffe28729d38610831902c4772124ce3ce37a574f66290b26123f70,6249
view/adminhtml/layout/sales_order_create_load_block_form_account.xml,2c3c2dca407f8816343c81ebd11ea19f13ba9deeeaaa51d00141ba380a1d53fd,552
view/adminhtml/layout/sales_order_create_load_block_giftmessage.xml,11de64807731d0c1d4eef1d2fee705a69f8ac59e59f2536985ca327c79cc223e,549
view/adminhtml/layout/sales_order_create_load_block_header.xml,252e87562b40e8db2d600116bca7fe120cd3b572fc7e7abd626e4eb2950cc92e,482
view/adminhtml/layout/sales_order_create_load_block_items.xml,07b632bf72360318bbbb24d25da825924e3effad0777e59e8c732916ed18be69,1279
view/adminhtml/layout/sales_order_create_load_block_json.xml,42a720cdf83a068dbbf6db0070e6ff21f5c8767ccaa0160389fef068d56eaceb,478
view/adminhtml/layout/sales_order_create_load_block_message.xml,7ed2d0650bce646889b71a99aa6bf967589343cfa90b736f7af637ff386a6949,485
view/adminhtml/layout/sales_order_create_load_block_newsletter.xml,6db6aa42c14da763648fb01e8f7b99f7ae24ac945f71fc1865533fc765e22de0,763
view/adminhtml/layout/sales_order_create_load_block_plain.xml,abf22f969c810e3a406fc36acedcec70b381d063b358dfc3704b368901c6d543,442
view/adminhtml/layout/sales_order_create_load_block_search.xml,0f31efa946ddd6e499482536f0f5526734474e818a92d4b37b81411de0b4c883,673
view/adminhtml/layout/sales_order_create_load_block_search_grid.xml,2370fe499d91dc2820fcac0686b389a24f271eda9a13a9c761773f9548f2c4d7,502
view/adminhtml/layout/sales_order_create_load_block_shipping_address.xml,0e90612b2600e551e41cf34900c5a0348b5ac33cef9c39ee691c2e494dc65122,926
view/adminhtml/layout/sales_order_create_load_block_shipping_method.xml,914b492038b90cc7a7a0ed301139c06d1a500bd5a87a3be84d8de717c32feb91,788
view/adminhtml/layout/sales_order_create_load_block_sidebar.xml,6863b5ecaa496d89b0494bb78e83f76d201c4192e8806941067275f7899f478e,1719
view/adminhtml/layout/sales_order_create_load_block_sidebar_cart.xml,957a224ac5ea8a3302cb7db7f6e9f187f789ef65dd701e38eb2574e3991f8bf4,553
view/adminhtml/layout/sales_order_create_load_block_sidebar_compared.xml,c1778939661be22f09fdd82bafebd8cb9763e3d54e6e83937fc41b3dd298c91c,561
view/adminhtml/layout/sales_order_create_load_block_sidebar_pcompared.xml,5812d8e684d9218536c17919ac00586c5937bbcdec3c5b99c2fde76f867daca2,563
view/adminhtml/layout/sales_order_create_load_block_sidebar_pviewed.xml,81a28a3b2186d21a1e2f7e1feed85e2feaa3ffa9901f67d68ac256eb4913aea4,559
view/adminhtml/layout/sales_order_create_load_block_sidebar_reorder.xml,bf010f049d1442c5d65050191998294bbf3c4eb28aad1d232bba781077006c6d,559
view/adminhtml/layout/sales_order_create_load_block_sidebar_viewed.xml,87dbf0f47acace02fe47993dc368f3700b208102d880446e0a23bf58bfc3e2f8,557
view/adminhtml/layout/sales_order_create_load_block_sidebar_wishlist.xml,12351cc33343826da56636c62542425336c9411477b35188b460684f813e41d7,561
view/adminhtml/layout/sales_order_create_load_block_totals.xml,23df3791ac4a3fa5eee1c6354354a5b4313e0f3c0b80adcb00acf1f0710d49d8,534
view/adminhtml/layout/sales_order_creditmemo_addcomment.xml,57a6fd8c90fb1e0b23f47fddb10b6ac91540bafe0299f022bd7eba29f45dedad,597
view/adminhtml/layout/sales_order_creditmemo_grid_block.xml,7b9c8df1d337e04cd1e0afd163838241bccba0ec7336adf12e43c0a3a94de300,6436
view/adminhtml/layout/sales_order_creditmemo_new.xml,d7bedf95bab0a9821413ccd633b3c77f85a1fcc722ed294cdf1c327da70d6432,3293
view/adminhtml/layout/sales_order_creditmemo_updateqty.xml,1401e2993e050c27268bb9c8ae897eabfc878e707994cd977c18f1c393fbedaa,2137
view/adminhtml/layout/sales_order_creditmemo_view.xml,9c42f3cc7d3ca63ae075b2ef9f26c12adcaf94a6e1c16ac958b0f52ed216bbc6,2916
view/adminhtml/layout/sales_order_creditmemos.xml,f82f203950f3dff8b84c0f1690b8d53d1bb3595e67f53ecc99cae6932f854b22,521
view/adminhtml/layout/sales_order_edit_index.xml,a835da02f09ee8006cb1230a52c9b8917b998f17ce9d0e2c15d06cbd37430214,352
view/adminhtml/layout/sales_order_exportcsv.xml,73022f9599aa0c4225b4e33fcc7b557d71e27a639cd008280694a53b9a94507c,526
view/adminhtml/layout/sales_order_exportexcel.xml,73022f9599aa0c4225b4e33fcc7b557d71e27a639cd008280694a53b9a94507c,526
view/adminhtml/layout/sales_order_grid.xml,c58f6852aebd9fe4f65355b1ad20a61614ba12755aa1b64173c6e04580cd540f,579
view/adminhtml/layout/sales_order_index.xml,948155e1a5df3208bb9167aaba5c8fb03705df184cf0bb912b815418e50d52e1,470
view/adminhtml/layout/sales_order_invoice_addcomment.xml,b033c18e69af8c6414bd50645804f936f16065f4d8a12197c9f12ac71f05792e,591
view/adminhtml/layout/sales_order_invoice_grid_block.xml,e5af0c41ea877996271c911e89637900447a376985a078ece8692d73e53e00f8,6371
view/adminhtml/layout/sales_order_invoice_new.xml,a6a879c61def87353248624baf6763bd04ec39363518c8a22c67d7ed34a0fb65,2784
view/adminhtml/layout/sales_order_invoice_updateqty.xml,92e2524baec44081d54d59fd036b7178e2ea205c6b9ebf2b2d48f85f656a706e,1472
view/adminhtml/layout/sales_order_invoice_view.xml,216267ba26a5ee81e340c1d88be8b6bf4d5141e67dbe73bd08dd70a03422e134,2878
view/adminhtml/layout/sales_order_invoices.xml,d5c670b20a3697e152e769885342a54dba5716d3f58782f96384b88d1dfe7df2,512
view/adminhtml/layout/sales_order_item_price.xml,462495aa8a9f1e6bb63b9e05ea79a184bc07fccec85b77c3f3b8bc22a8b19a9b,898
view/adminhtml/layout/sales_order_shipment_grid_block.xml,dd33671240fa259311d384db80d981cb29d7b8760479e0823a6e78bd094d37c0,5327
view/adminhtml/layout/sales_order_shipments.xml,30da93dc1a9b743e657ce1e3a4e4512ced5649319223cae5690db1aada737016,515
view/adminhtml/layout/sales_order_status_assign.xml,2cdf6b3fcf529641eca28c7b005d556b5bcebb1f9a4e2defab357994c2e506dc,511
view/adminhtml/layout/sales_order_status_edit.xml,c671765a0a5db670173aeff2e6d9dd11ceef622834431f20ff0fa32b745d5605,507
view/adminhtml/layout/sales_order_status_index.xml,6923adc363e0ce98e148cf972d09bd9a0faa94a81650f592b633fb02c7e002a1,7939
view/adminhtml/layout/sales_order_status_new.xml,838e1b9a64b179d0dd476367b7537dc529a0718e62f30adb2523fc8738f2004e,511
view/adminhtml/layout/sales_order_transactions.xml,927367e57e4c0148957df28c4188d66cf0d17e1207b69f9a00871614dd61ec8b,520
view/adminhtml/layout/sales_order_transactions_grid_block.xml,053e9469ce20808e42d05e4d9c810c6073a205ba28ad32cfc13b3327babbafe8,2290
view/adminhtml/layout/sales_order_view.xml,fd3b0415e69260ac1a188491a594d1a60f310c0732857ea9a03a55b12f9b4808,9120
view/adminhtml/layout/sales_shipment_exportcsv.xml,bc0eb32350a76925b399481fc1f7426891012e62578d567ade9e5fa9f303a3a9,532
view/adminhtml/layout/sales_shipment_exportexcel.xml,bc0eb32350a76925b399481fc1f7426891012e62578d567ade9e5fa9f303a3a9,532
view/adminhtml/layout/sales_shipment_index.xml,b99aa51ce7d26d9837bfe82bf50d2603892afaddf1ebb123559837006ef595aa,479
view/adminhtml/layout/sales_transaction_child_block.xml,d3265fe5587e823941b1ffd7f59c8c557d2b8abd21f0b02c0ee7b3cd757d0bde,2988
view/adminhtml/layout/sales_transactions_grid.xml,23a3af8254038885c11d45f0968903aaa8fcfe6dad1cb9a1b86d33796171b506,593
view/adminhtml/layout/sales_transactions_grid_block.xml,e6722267b2504b2c22b69a1592c9dc6ee7b18554350d130f9f005f5db4488c32,8983
view/adminhtml/layout/sales_transactions_index.xml,a205bf5b6fe3030717075f754dcaa8bfc6e605dc35e951e6567b2978f6c83a39,555
view/adminhtml/layout/sales_transactions_view.xml,e51d9f3816a5a6efdd120606bf29c5e526e6f641e4ab3b258217cb27c9e0bc7d,1126
view/adminhtml/requirejs-config.js,b6c28a24592e164fc2352c5b448d6fcfc2162810f2a94b9876990637d7524a5f,224
view/adminhtml/templates/items/column/name.phtml,229331507f20e0eadf2617cd57163634cdcb73cea5c7ce5cda7276a6300a314d,2753
view/adminhtml/templates/items/column/qty.phtml,2744918d272fca15480df9099e57a74cdd1bdf807865bd266b35b18e4ff7dcd6,1344
view/adminhtml/templates/items/price/row.phtml,04b4991117bce126f936a1b3153be83b0b32a48783bd882e856a54452f3a4633,357
view/adminhtml/templates/items/price/total.phtml,5ae209164b88f88fc897554526ce4c9ca0881293121ce8bc79ed4bbdf5b9e76e,335
view/adminhtml/templates/items/price/unit.phtml,b43bda22cfbc6ea05b66dc98bf9795cfc6d0dd1befd9d52104cbbca4db05b6d1,347
view/adminhtml/templates/items/renderer/default.phtml,a445955082b7f30ffdb1b8a12fa8b18ddf3e445a637ee86b349c894153d7b2d1,1088
view/adminhtml/templates/order/address/form.phtml,1ab52b27245b29a367388b795eaee4ac58d3bcf736d7fba550cfd62a18a836db,706
view/adminhtml/templates/order/comments/view.phtml,8c08a85f2a492318c63d12d4759d619bf2cf7e26aaf3eddd8332a1f501cd9061,3652
view/adminhtml/templates/order/create/abstract.phtml,275c091a0835db5babadff5c04c0b998f66b39490de5695da58e8feae249e28c,409
view/adminhtml/templates/order/create/billing/method/form.phtml,41e1429eb71df97c65eb91c2af3875c473ad0e8de4f977c2d3a8a19694192299,2633
view/adminhtml/templates/order/create/comment.phtml,47e5cd9bdaabbe5a428231650ab1310df8316ee9de4c460941826351a2945dfd,748
view/adminhtml/templates/order/create/coupons/form.phtml,b88d55da2e90d332fb3d049b8d82bdd6b905ea321d9d1069e5ee3d721d20f1ae,2024
view/adminhtml/templates/order/create/data.phtml,648e7d9107d5734a5b90fbb33747212dbbc9f3cbdab71609ec33df6067e30963,5263
view/adminhtml/templates/order/create/form.phtml,8930dc0eb2e5c9986bbcf4a49f7cab82902aa6fffdeb12eb36d34b8bca9c41b9,1165
view/adminhtml/templates/order/create/form/account.phtml,f63ac8e327316a50756e767e953d116a32456ca758f6bb4fa9bc9c4742a0be86,689
view/adminhtml/templates/order/create/form/address.phtml,172638f74834e37e8e136ccf4ee318275a386ff878417e503cec40aeb8b0aa56,5517
view/adminhtml/templates/order/create/giftmessage.phtml,9e23b2ab4078be6294fad0ce2442cd46950f3338afadd57b7c56e08c264b0d33,1296
view/adminhtml/templates/order/create/items.phtml,c227e07de726b00ddd4e0e13a6cbd65b57051408691edce2735f7513134dbb2b,418
view/adminhtml/templates/order/create/items/grid.phtml,73c15452d8fb3748e42e33fe69ce5a53536704c044b07bf41fb7e459bfc3e019,13884
view/adminhtml/templates/order/create/items/price/row.phtml,628da66b5f219fc9013ae7dab1f8ecf855fb0450c8d248ee74755b80f3c617ca,325
view/adminhtml/templates/order/create/items/price/total.phtml,36b489db27b590bcd657493df3ebab46a25c1acaf8a08a600432abd4f7b7641f,392
view/adminhtml/templates/order/create/items/price/unit.phtml,c45032765ad7e85e156cd1aff2659db4e36307547c99065c3a6b753e97d741c2,329
view/adminhtml/templates/order/create/js.phtml,0c139776c4cc30e4f8e924901b7d213885ec6eabb89f86bea4692aaa04877e15,740
view/adminhtml/templates/order/create/newsletter/form.phtml,d81a85117d171fdb2c99234ef84ea2199211b9d2ddaea16a16892f1228997951,297
view/adminhtml/templates/order/create/shipping/method/form.phtml,7bcc8c890fd732cd485015fdb158f48c28ed598a6a0a8f180d5ae4496bb64587,6320
view/adminhtml/templates/order/create/sidebar.phtml,7538b2d9590c471e6071b18d37c028fbc643d0b5a114c6d496e2abef2bd55e00,2333
view/adminhtml/templates/order/create/sidebar/items.phtml,67839abd585b9cb92556fcb3c46f8d6f0b6abd3384fe228f369e57afbca61a1c,7436
view/adminhtml/templates/order/create/store/select.phtml,bf0ca00b58486bdb8525cbfc7887f04e6dda6d0983581881ec1323ee7a90b4bf,3142
view/adminhtml/templates/order/create/totals.phtml,bb62924cb6aaede36787ed1ee8cc6812db4a53bc67fd4983b740ca69588f8f1d,2204
view/adminhtml/templates/order/create/totals/default.phtml,c952519762c7317dfadc339bd1ae62127d73a25e49e60c280ce349880967b7d3,1062
view/adminhtml/templates/order/create/totals/grandtotal.phtml,cd5c4805b0bd6b0ad1002cb7720f7267722ef28ce2be328334954e0ea6324ad2,1883
view/adminhtml/templates/order/create/totals/shipping.phtml,ec73b7a50402176d8ea139d349e862a3d65d67bb7d7655bdf3cd2f625c591777,2035
view/adminhtml/templates/order/create/totals/subtotal.phtml,9e7890f9bbcb98e6c4d01b95608440f45b2bd4bf822720193796fa83c6370eb9,1628
view/adminhtml/templates/order/create/totals/tax.phtml,a6fa1233ea8d7726f7d6eab36bda7bd0e134ce642b61fd822d52cad100f00a46,3227
view/adminhtml/templates/order/creditmemo/create/form.phtml,5eb0486168f0971b6460f433d2ad7caeda75b6afed5c9b78421408cc9b4961b0,3512
view/adminhtml/templates/order/creditmemo/create/items.phtml,d2813e79eb9285f0139a2b9751869be328197392f86f18ade038a7d4f0f10b98,8939
view/adminhtml/templates/order/creditmemo/create/items/renderer/default.phtml,a1ebcdb9f1ca983d220bd0d75c812581580af5a6c854fa527c3012ad473140fa,1892
view/adminhtml/templates/order/creditmemo/create/totals/adjustments.phtml,c8fe437c06cb99e750b3d1d0d2c4f7551af8203267019ec434c3d4c16a271f4b,3285
view/adminhtml/templates/order/creditmemo/view/form.phtml,60456c1ce3554b81c42bba4f5b819eb43dcd25083f8f407dc06dcc638cadae35,4581
view/adminhtml/templates/order/creditmemo/view/items.phtml,423c610182f39d2d882e7072482d4b267399eda4ceddc3670103cf8cc108a00c,2059
view/adminhtml/templates/order/creditmemo/view/items/renderer/default.phtml,d1fa1f2a16ad02fba5eb70bd635a47b3123a712ba49a29681d2c0f590bc164de,981
view/adminhtml/templates/order/details.phtml,877bcef099d4ec5ff79fba3fbe293f3d8d68967f0c4fa952aebb525e4ff32a27,5005
view/adminhtml/templates/order/giftoptions.phtml,b745c2ead23a8e7b5f28ffcd1303ae41375cc3acb8266fb0add798417c8990a8,391
view/adminhtml/templates/order/invoice/create/form.phtml,46580571e13cd4bddbbf6bdb48fac8481c9ab73995e3f3bf9a5017d6f630a192,5752
view/adminhtml/templates/order/invoice/create/items.phtml,13a84b1b3141f48141c1c62f99042991613096e1add775efcaf298bbf38b61b4,8743
view/adminhtml/templates/order/invoice/create/items/renderer/default.phtml,555ef9169106eb616a9c84a79a0f748ff68bee2f67030b7cb21f2eaae1e2b2db,1287
view/adminhtml/templates/order/invoice/view/form.phtml,aa5479acd8494e21d3dfdccfc38af6073aab8fdd4e3f528d7b3929c0e900e913,4595
view/adminhtml/templates/order/invoice/view/items.phtml,34991c34a84974ba2bb30be9ef9498d4c47e8ed798751f6453b96495d9d6f890,1614
view/adminhtml/templates/order/invoice/view/items/renderer/default.phtml,2b7d25669dd0b4f191102260509fea0d3bea9c0408a0c5818f667cc5a31fcb05,978
view/adminhtml/templates/order/totalbar.phtml,f6db1ef7bb079e415d6ecbf7c7a8a548625d9483c8f86d204f834551d8d01fdc,579
view/adminhtml/templates/order/totals.phtml,5eebaa3f5eac8bf35fc6c0cf8d9001db9697f68b241cf18f3c84c6bc16c83a42,2741
view/adminhtml/templates/order/totals/discount.phtml,a6be5ee6353d9e6b0849d7269ab9ae6f8098582b46f7d7fee09bfecc1a9d6406,711
view/adminhtml/templates/order/totals/due.phtml,8e0eb90fc48597463aecf45807765f477dcf0e41913d53cbba2966d70bccf8a3,420
view/adminhtml/templates/order/totals/footer.phtml,9f5a63ece750640c27184742aa7fa18734858f8ba8df0a3ff64eb7a247385087,159
view/adminhtml/templates/order/totals/grand.phtml,ae9e354476c2d4af3969afd2981937b157af38cc8f72fa1a3497464bc73f2a9f,653
view/adminhtml/templates/order/totals/item.phtml,d58a9401dbc635956d8d31b7c32ef95f7e5e38062da5231f1fa80abf25726091,972
view/adminhtml/templates/order/totals/main.phtml,bc30197dcecc72f2fcb0fa26d9f4e1a2db20ee3746a8df035c411771086af39d,159
view/adminhtml/templates/order/totals/paid.phtml,12f74fc9bf71cd8b31d8c55bdef194676ec81411127ecf7836fcb894b290453f,376
view/adminhtml/templates/order/totals/refunded.phtml,6eb2c5f307a1b1b1261176ab59fd75c261532ee2be3cd002891437d6058929d6,383
view/adminhtml/templates/order/totals/shipping.phtml,c14383d5d9b9314f5967fcfe503d5d732fd03c38d894658a69c45c1136f0893e,500
view/adminhtml/templates/order/totals/tax.phtml,12ec356182f5182e2269327e4d2ef85bccc1f95b4afbbf6296959906f4de20f4,3542
view/adminhtml/templates/order/view/form.phtml,1ac2c07b2feea25eeecec7223a95ada54f2a157b49c9faf5375938a7b12c734d,172
view/adminhtml/templates/order/view/giftmessage.phtml,cf5c6a355d11e25386f9a9ea73de22ac99f060d3ca0f21950c2f106d7f219d4d,3684
view/adminhtml/templates/order/view/history.phtml,15aa0494450bf41bb30a346a9a265c841bf8fa2b86e3a0eb525e425aec9c9d5a,4966
view/adminhtml/templates/order/view/info.phtml,e673031e5bb3df489603b3b65a58738ba15c243121b55e25bc68dbdb8297e2a8,9868
view/adminhtml/templates/order/view/items.phtml,d7ca72dba5ff167114c05b56397513e553c40c6abcd168c2c16294e58301f19c,1381
view/adminhtml/templates/order/view/items/renderer/default.phtml,ec43b7ccfbbdc4a6503bdcf5044846f1ac751760238603b4dedac5feaa24e2d2,704
view/adminhtml/templates/order/view/tab/history.phtml,4390310e029bf077c5b894f27eff4ccc08522e39ae9a76a3c5e62f32e0e34b62,2512
view/adminhtml/templates/order/view/tab/info.phtml,6d180c74feb23f45cc8fedeb31090e12692e298a61dad32023a54e8a59e3b067,3934
view/adminhtml/templates/page/js/components.phtml,02c41835d0b68068a13d97ba47a5e93a3cefdd57cfc7cf905b283c99644be3f8,138
view/adminhtml/templates/rss/order/grid/link.phtml,78c5c2e4225120f9561ce5fb0a796f2a43136b47ca5bb8c6fe1d602bec5bb219,377
view/adminhtml/templates/transactions/detail.phtml,4392824044056a2b91acb4edf1e5b32389a52ad4dd6d8bfa34ddfbb1c62637af,2787
view/adminhtml/ui_component/sales_order_creditmemo_grid.xml,94c8cc0890a9b92f1cf2ac27d2992adb8084079e82b63c9c629ff4d0d4a87e19,10762
view/adminhtml/ui_component/sales_order_grid.xml,140e7c11f237028a1a86386985e65b5a6e11386cfa163ce064d1d0d606262470,12019
view/adminhtml/ui_component/sales_order_invoice_grid.xml,ac7adbc0de0dc7048139c0ac46266efd81e2622f6d4026fd7e3091a0edd8a018,9668
view/adminhtml/ui_component/sales_order_shipment_grid.xml,6f271004dc49763b591a2349630cc0ae0a0cae86ed1c0841f74fadd7e79da300,9106
view/adminhtml/ui_component/sales_order_view_creditmemo_grid.xml,53f2ef5fdd7dddff93eaaffca29bbc4c3dcc31f3c7d4457ebd4f1387a05b119e,11420
view/adminhtml/ui_component/sales_order_view_invoice_grid.xml,f9b09d4799ff03a766a619812043e2cfd02aa7be6c111637b79d6d190521181f,10038
view/adminhtml/ui_component/sales_order_view_shipment_grid.xml,9862415d768cc260b9a916eb532bf8bc69a017844ce9515d7307c965330bfa8b,9428
view/adminhtml/web/js/bootstrap/order-create-index.js,4fe933b43d70d699169c3ba38da33226d2140bcc5b8ef6ce633c83c11e6736f4,159
view/adminhtml/web/js/bootstrap/order-post-action.js,e77fecff6a791f0a449f5ee40215ab96332203a6cc6faa61c637db578da4993b,158
view/adminhtml/web/order/create/form.js,4f7a6a79e89474c5934da50046e1053e4a74bb75d94626a78af85214be4f3e47,704
view/adminhtml/web/order/create/giftmessage.js,79a9172c2f00bf9d63a96d8e911f7380490c82c666e9be2b1f35a1eb456221db,12130
view/adminhtml/web/order/create/scripts.js,160f4934f8d1aace34aecd6184cb718753bec052fa47beef54d3693fa4c90667,60924
view/adminhtml/web/order/edit/address/form.js,50bfb8cfef44e2544df7f0b5b56fd239d2e902e2006f184e0afbfa06d689d15d,916
view/adminhtml/web/order/edit/message.js,29df8f8ed302e1105bcb9714db651c20a7fd43f1373d8bbb36a49b7411e6e74e,1548
view/adminhtml/web/order/giftoptions_tooltip.js,d623c4978fcbcf12201ed24277ee29259aa7c0425d6157e22301a5018a0d97f1,5700
view/adminhtml/web/order/view/post-wrapper.js,65f12a698fcd7188d6358464b2fd9a37ce761e9032fdcc4121a7a2246036e951,1433
view/adminhtml/web/templates/order/create/payment/reload.html,97841a96240eb0b91dddb04184e128cc44f680ae8be1fbc15daf80465444b1d6,444
view/adminhtml/web/templates/order/create/shipping/reload.html,cd7511e298a2c691ed2822f305627a22726d5d565e6cb411f2a307fa1ad33637,532
view/base/ui_component/customer_form.xml,b171153c83179398649b32873ad906060af86934c430c7ee9ec671c02f0c391e,652
view/frontend/email/creditmemo_new.html,84d1d9fbe1f96e7b8bbfeaac625e23946ec35d05b5cf32aed7787610a26b1443,4013
view/frontend/email/creditmemo_new_guest.html,f83c93d854d33c5d90349d2243184c44e220b47d596af743c8b2e3617f9471ff,3755
view/frontend/email/creditmemo_update.html,d8d9557ddb9f747b97f2f8ed4ede206c7fb715c39678af59aa5fdf354673e394,2342
view/frontend/email/creditmemo_update_guest.html,c3f45da125d3bc11f469cbc690151d9e3f889bc4d8aa5c585089ad96f3d57430,2071
view/frontend/email/invoice_new.html,00c49b39e57094d638bff2bb1e9256b1c8792c502df22ed12497bce2e5ccb086,3986
view/frontend/email/invoice_new_guest.html,57f3d83db5edc30b4c94f6671edf2612bbe5c958403cc62a92256a4550430162,3684
view/frontend/email/invoice_update.html,35eb85c89ab1786cf2b73e5d1afb0038698626d1bc5e8edd925a7b6b364e2050,2327
view/frontend/email/invoice_update_guest.html,d73cdc636b50577063c5fe69fba167725c4ae8f943c5808c43036431a01159f9,2056
view/frontend/email/order_new.html,64b13bf6df0d8235eb36c99865e7ff3c706643c527ebdd97b53a91218408efae,4364
view/frontend/email/order_new_guest.html,a0d1fc20298b5c41981dc93d2271745058b582f163a52fc27a7aec96c9392fa4,4030
view/frontend/email/order_update.html,613f7bd73f5cbe8a7eccbb75d06b8d773e264f30e1cd8c5c418330f0436e9f58,2282
view/frontend/email/order_update_guest.html,7216d4e124780180a32af8dd0299b056ca4a680d50dca33db54b251831d553ed,2011
view/frontend/email/shipment_new.html,b684355f9cef8783c940f0d3368617c9c3d33bb9a7ac04a653405188fb23cfde,4380
view/frontend/email/shipment_new_guest.html,f9d54ea9ae5005e2b210946f2e081cf06589f6c83f563ff3732afaad06ab9a29,4112
view/frontend/email/shipment_update.html,aa6b3bfaa0ac8a3120018c2fbb03702d99107a014b3c6271d3daee3f1b9908a2,2328
view/frontend/email/shipment_update_guest.html,a9ebef854a9d054cea7dedebda3e7ccc3e44f55e77571e5cc34269cbe8ea7a23,2057
view/frontend/layout/checkout_index_index.xml,359ecacf486382373cc92726dd7574746f824168814845c5dd0aee902c0273ff,383
view/frontend/layout/customer_account.xml,486540e4361ed16ab8bbdd9d44eaac3e9325484893ae8407350f5918a6bd4035,873
view/frontend/layout/customer_account_index.xml,a7b3995b48e49e5684fddc9627205c4e96b4faa7249b6ade2eeb2f6f21a72ce4,534
view/frontend/layout/default.xml,3206c612c389eff3713b0a6557112b5f49405b8f5e6a2ddec82752aa19e7e0af,1215
view/frontend/layout/sales_email_item_price.xml,05e4765cbef0b1627f62bfc33a8c0f54ae6cf8603d8048399b02cddb06d17ae5,531
view/frontend/layout/sales_email_order_creditmemo_items.xml,de0736e7755d91c32cba3aedda12cbe69c4bfed9bb12d743941a1f537980cfea,1371
view/frontend/layout/sales_email_order_creditmemo_renderers.xml,327433a7121ab2915e9051f1272720bd83f5b1336bb47dacbc9df549a8328b93,686
view/frontend/layout/sales_email_order_invoice_items.xml,e9c560bee308bb1eeef84e88c0bd07add6b1dad9491e327ccd95f255fee62fb1,1350
view/frontend/layout/sales_email_order_invoice_renderers.xml,13e6de347e476817838c597370d591e423537a43a88400b158cfb37d1fa2b415,677
view/frontend/layout/sales_email_order_items.xml,0730d7c041006910355347a978e2d941fe1ef0f5605afe19773c3c19bba89dfb,1491
view/frontend/layout/sales_email_order_renderers.xml,1097a4f288f855493c9ab11312af09d22d08e4e2efa9d4b62e7a805738544cb6,665
view/frontend/layout/sales_email_order_shipment_items.xml,f73b5f9476e50f88fe66844859048ad4e7018d6bae37a4455029cff2052f61d2,864
view/frontend/layout/sales_email_order_shipment_renderers.xml,0b2d8b7d6fbd54d26463c27d802986adf1adfdfc0edfa281489ba46b566e8cd9,680
view/frontend/layout/sales_email_order_shipment_track.xml,b7cb15353477ebaad162f8f36a8740718ad0f8be303f330e8ffe1c74acb47df3,741
view/frontend/layout/sales_guest_creditmemo.xml,61f10f6820226422803c643108a3a83f1d0b06138ca576d23d63a5cea96f13c5,2711
view/frontend/layout/sales_guest_form.xml,a0037612fcb1b52cba8c34fb5891d0637d1db667ed6219b0e54dddab59d16a27,534
view/frontend/layout/sales_guest_invoice.xml,17f4a5a38106df5c53c31d047a0111f32d57bee50322457406bcddca718493bd,2660
view/frontend/layout/sales_guest_print.xml,9d7d008d32dde74069b1adda118a679696c214ee63a24d2e59e6c94acc868672,2585
view/frontend/layout/sales_guest_printcreditmemo.xml,6dfa9e709885346c6b90e68da1978bae6422555b7b712d48ce114280d0c7cf72,1883
view/frontend/layout/sales_guest_printinvoice.xml,6487346387a38dcde45c91161a5cc5dd2b0355346787c1aaded18f3198f24bf7,1857
view/frontend/layout/sales_guest_printshipment.xml,f2465311fd89821f288cb866f08fb963a2383c747e4a7cc15ef7dfbefab48d70,1234
view/frontend/layout/sales_guest_reorder.xml,0dfeaaf657a365b2e2ca0cbc04664ada186e736f2ada75fdbf6f11aca2ef0647,508
view/frontend/layout/sales_guest_shipment.xml,c7cf2ea427acaed1c0c1c1b8d3118800f794efc9dee228fb2079ebec429dd44c,1377
view/frontend/layout/sales_guest_view.xml,9c0dcbcfc472fd979b8b2382aff30d1c2afba346363db6af133eaff3481ccd99,2536
view/frontend/layout/sales_order_creditmemo.xml,6d1ec790cbf116b3520c1f77bc6830c087d5c267bb71490b599e998d87db6c45,2797
view/frontend/layout/sales_order_creditmemo_renderers.xml,a9137951a402856efcd0ac59a3843f7ad7f88dc0a4c57818bae7eaf7158de102,624
view/frontend/layout/sales_order_guest_info_links.xml,63b2f6a1a920a658d3374c5ca3777748eb89af8b28dc42ff7ed5430ffe87d807,2512
view/frontend/layout/sales_order_history.xml,027dbb4efc0d36ae7f0011847704050b35a0a1de8253b7654716d740bc50399c,1336
view/frontend/layout/sales_order_info_links.xml,b85c7267e92cb1154267f23484ffd88efade956735d9b0b685ef55d24ffcc7a7,2508
view/frontend/layout/sales_order_invoice.xml,5b65f2fbc5fa55448eb5b57ee4fdfb9245c645dfaa7aa1dfc75313571383d036,2871
view/frontend/layout/sales_order_invoice_renderers.xml,ce7bab9738cedb43c532c555738a55ff454daab7a9fb0ed9f45e9f9b8ae90074,615
view/frontend/layout/sales_order_item_price.xml,88005813fb9478ccd8eb456433053018b633c5558e6105e9b4265fa184e21025,802
view/frontend/layout/sales_order_item_renderers.xml,5cafd797cc26b185838ef89818b7c4a6e59d43c03a022a70fa7dadf205d7279a,603
view/frontend/layout/sales_order_print.xml,6cfb1f4b80bfda4abed5f62639313ed845d0ee4bc6db6fabdeeff02d5f820fee,2696
view/frontend/layout/sales_order_print_creditmemo_renderers.xml,12fac31e53767eff2ca1ddf2e9ede61c86c830fb1fdfbc369b1721c18ae016b3,636
view/frontend/layout/sales_order_print_invoice_renderers.xml,052d77a20e0e6880f67e02324f51f893e9d425a5f09c39da650b2b1c8454fd04,627
view/frontend/layout/sales_order_print_renderers.xml,7804bf4f4e93fe5ee3763526e2b14744f5c2b84cc52957317dfba0ee4c092e08,603
view/frontend/layout/sales_order_print_shipment_renderers.xml,c325b28ae86106db7fcba13a1b9bf6ee134bcafed59c8f5c6349920b0aa77ca7,630
view/frontend/layout/sales_order_printcreditmemo.xml,eb1cbf4fefb4c3528aac9ea0f959a6522e51ebc411689635eec26935e5def51b,2011
view/frontend/layout/sales_order_printinvoice.xml,f50a498ee4b9db02e87b5e197475aae3e791c66aa3562b73eb96cb4f3cf86a8a,1985
view/frontend/layout/sales_order_printshipment.xml,d33e40a2ed48669662c5635df457166f9c6b049db9fc72ef0e47f77fd02c357d,1361
view/frontend/layout/sales_order_reorder.xml,3a47612f6d05c778bdfd5d620224dd7782af766c455e444bb20ee22a1507efa0,531
view/frontend/layout/sales_order_shipment.xml,1c02019bf657abe23e93d70b5a427dc770929ae543902a3ec3e94a68eaddee4b,1588
view/frontend/layout/sales_order_shipment_renderers.xml,2704566895ecd2783b262403e39f5f4eaf01657a66d0f7e484e39ab03d05af96,618
view/frontend/layout/sales_order_view.xml,4d1acf5dda63e36485bcc5a86cb4f194b52303e33d3bbcca776dbe2fdfefd886,2969
view/frontend/requirejs-config.js,11035cf01d3833a80335412a662e736bc4d65625e5521564ff4c7b2631a9392c,441
view/frontend/templates/email/creditmemo/items.phtml,fdb4b1333391cb8064d4911a123d27a5d527790625218c013fda3fb2af3240c4,1145
view/frontend/templates/email/invoice/items.phtml,4d693bdb66ae46676a7055e08d88182fc9f911c0bcf961e4ced6eec96d7dc6c2,1127
view/frontend/templates/email/items.phtml,98131339392391f1096d59f28d530072572737fd8e6a27ae9739813cbc32297a,2329
view/frontend/templates/email/items/creditmemo/default.phtml,5dfeee57aec7d3e268d1f6fea54deb08745dc8bac11a8b19a08953b609468225,1615
view/frontend/templates/email/items/invoice/default.phtml,d6ef2d44cad40443db7a39e0fc22b6f55012c39e7fed7cc507c4ea39fc2e8c6f,1406
view/frontend/templates/email/items/order/default.phtml,b4a13fda7a476f8cbb8ae322afbedaa833fd872ddd1c16fbe42a4eded95a0e3b,2424
view/frontend/templates/email/items/price/row.phtml,aad1dfbc060ced9ceebe4b9beec3bb98c9569e717284514d1917622b91e04799,363
view/frontend/templates/email/items/shipment/default.phtml,7039c8e3619d49279d07da1a0b9a2d77ec328d5c29a922d903bf0c6392b47745,1286
view/frontend/templates/email/shipment/items.phtml,ad59513b593891814914760ffbca93822d63fca782a4dfe36760e5a0ad0af33b,893
view/frontend/templates/email/shipment/track.phtml,2ef30faa1d609313b64a3ed3b6ace1a998cc7dd6003b73ab7f8b56f21b2536f9,1312
view/frontend/templates/guest/form.phtml,84b5482c6b1bcd06d10af40152ab738c8712b335381694ff54a3c2e4a43d1e10,2929
view/frontend/templates/items/price/row.phtml,576a0ca0bbf6df8617f3168c3a8030108984a85cde9c7e65a8b6958a3dccb9ad,455
view/frontend/templates/items/price/total_after_discount.phtml,c6f03c7a9d35097798626edcfbcdcfa801ea208049bf446ed1f2f4f13f01fce1,401
view/frontend/templates/items/price/unit.phtml,3397c992e01f6a92d261173c10d6595d9982ef70d9837ed8e500dab70df17d1a,452
view/frontend/templates/js/components.phtml,02c41835d0b68068a13d97ba47a5e93a3cefdd57cfc7cf905b283c99644be3f8,138
view/frontend/templates/order/comments.phtml,4285db8837c398ce0e22456adf0c0aa785f0ef9b3cf8e43cc0b2d7b37726d12e,883
view/frontend/templates/order/creditmemo.phtml,59dde75276407def03bcd29d1cdba6ce33c7f5c98e2cec11d4e99e58714e52f4,547
view/frontend/templates/order/creditmemo/items.phtml,3eb4f843903d09d9b7d36a1f25f5bc866b19ac3cc98570180170ab6146cddc71,2465
view/frontend/templates/order/creditmemo/items/renderer/default.phtml,373cc768f209fbce5a0bc74f1478006ec6e75a72135cabcfa9cd837cdd8a049a,3539
view/frontend/templates/order/history.phtml,a706957c5b3bed53482b87ebb4bb8f710c68f0c35940339495b4910cc27be434,3990
view/frontend/templates/order/info.phtml,07a64cafc6463f654cf5ab334a8c3fce8cec26f405bda9124a6b7e4e1c98fd59,2150
view/frontend/templates/order/info/buttons.phtml,4b8f271e6c5cae341d619d32d2d7d9165053810d02ec0b98b5f9d711ad9c423d,904
view/frontend/templates/order/info/buttons/rss.phtml,b376ea64d9689327c9817633d31887bdff20ceb0c6b8b91b8f6e2350813cf4c3,402
view/frontend/templates/order/invoice.phtml,d894aa9deb30e6cc1cd1f18e7ba2f0d26d83c268f27298bb531071ade985b7b4,538
view/frontend/templates/order/invoice/items.phtml,dc1b9600d83d6baad79c04460a02a3c35937c87d813182bab7932434723754f4,2270
view/frontend/templates/order/invoice/items/renderer/default.phtml,c4acbbf9d843b3c47ada47fe05f9bdc195825e8ee2e97d68b04ae38dd3f43541,2774
view/frontend/templates/order/items.phtml,8e5731e4bdae9d9c46a65833eb52413fffc09ea228be52a0baa3fdd9b9c1e5bf,4676
view/frontend/templates/order/items/renderer/default.phtml,ea4e6b25566192da579ca7c183618f42362da3ecbd0d809bb86c48726f1a8977,3940
view/frontend/templates/order/order_comments.phtml,20a9aeac856404c5d84c53332231597e1a866c4011a2151ade69c55881502991,1000
view/frontend/templates/order/order_date.phtml,5b96adfea97026265e4fe8f607f661c16778fb9fa96ebc395c59efe6693f89f7,390
view/frontend/templates/order/order_status.phtml,baa6af5588e251b1ddba53ec7ded3a36c3a2738a48265a6e4b06c7b0d4834e69,267
view/frontend/templates/order/print/creditmemo.phtml,1580ff5f7b75fd682de64721a2b00bd9025e9fe8d9c1c1cd992bbcc78bf26484,4094
view/frontend/templates/order/print/invoice.phtml,589bd41c7d8be87f37e8d78a310c0cfb7f303298a55972ec380723de92f78741,4098
view/frontend/templates/order/print/shipment.phtml,b6f206704d13dc401c2543b27a485d911571cda3ff4e3021a4ea527c0cfbf52a,4327
view/frontend/templates/order/recent.phtml,3fbd2d5f52898d2fcb2a89f95a9abeb600ba1103ef25a389b3f3bca878ac0ed9,4201
view/frontend/templates/order/shipment/items/renderer/default.phtml,39a885045d03e031627aee48d1e5a9a050c00021d489b1363fbce106de572f57,2376
view/frontend/templates/order/totals.phtml,471f21feff58f90be94d52e4812f39e502dcbc662c1a7b8557884155d4d80394,1239
view/frontend/templates/order/view.phtml,54c169416911a92599f1bf1a504784d8ef53f0945ee72ca8dc2cc1217fe3f375,2081
view/frontend/templates/reorder/sidebar.phtml,9e5d9e5b265862cdc3cd65de14105e0a5b8bc3e9472aeb31d6523ba96a42d629,3923
view/frontend/templates/widget/guest/form.phtml,a38823c2709fb8f7602a690a4309931b07dbcc670f6ce4f8dda4f713bc02bc41,3841
view/frontend/web/js/gift-message.js,67a5dca2d3fca980cf62c483ac16110a8a1213b73c92df9c5ea1eaad1fea6f98,2658
view/frontend/web/js/orders-returns.js,ec6edc7f7bc65a60d1fe60c4b141317f8a7d21ba5030a9e873dec4ef50d47921,1171
view/frontend/web/js/view/last-ordered-items.js,3eb44d44b44e44727caf88ea898e9e61d07556fd56262d19ff62db5e212a9fa6,1184
