path,sha256,size
.gitignore,f66295867aa4d1152f5018fa974f63041e271decd5d65e34fec622a6c31aee2f,1460
composer.json,6f2e0e4034f7786d95fc87439de8aca459d7f62d156d95115eac03a39a526f58,2297
update/.gitignore,0de2bd8530f8275f94289657f2d7c9aefd3df189c58fe2b76d5a7e9d722b7e1d,116
update/.htaccess,71a290d37a71f5cb794700825b70c8135047f149a638ed21c852be87423237f8,78
update/README.md,e3b0c44298fc1c149afbf4c8996fb92427ae41e4649b934ca495991b7852b855,0
update/app/.htaccess,18196c27bf35820cfca1df85ab4533c5a00839e90c82fa43fb69e1841e86e8a1,32
update/app/bootstrap.php,3119b8285d0fd49d6f8cad6b6cae3d94614a6cb842fe8a83d80006762de12b10,383
update/app/code/Magento/Update/Backup.php,ca173f2caef4c62e998308434934f1181eafa4c6f094d5aaea708fc7126b1d0b,2468
update/app/code/Magento/Update/Backup/BackupInfo.php,e229cd8aae4d7b0083430f7898f88f189fd5011a39973eae62ab4c25a7e6217f,4154
update/app/code/Magento/Update/CronReadinessCheck.php,be5f36e37ac9b144a1ad2ad68a6c694b29891bbcff4555bf3f9dffebc1ff1e3d,5932
update/app/code/Magento/Update/ExcludeFilter.php,0ce213d09812c272c22e7449b715702ae613dc916373403aa5d22e3aa4524f70,1290
update/app/code/Magento/Update/MaintenanceMode.php,b3e30f01f48e2650554d0d2f6395e2703d0cac2f2b4008185e521b2e757292d6,2403
update/app/code/Magento/Update/PermissionInfo.php,214dc28b74e06d779378e55bb0fdbba6a418ed3b87c8b72ebe889ce54694b62a,1414
update/app/code/Magento/Update/Queue.php,dd43f28cf32a21fe4e01221e3a1ed1cd56a23ea0dc2053bf172cdb9bc709b19b,4098
update/app/code/Magento/Update/Queue/AbstractJob.php,70cf924a1bf7901b250d082e838ead6c0591ff550d9bc29102942235d7115524,1586
update/app/code/Magento/Update/Queue/JobBackup.php,c0cdfc78089e3abd2d3ec104d9368acc7a252f3c204dd121be389f61025bec91,1181
update/app/code/Magento/Update/Queue/JobComponentUninstall.php,941949272fd8a29403504962d00db9dbdf27acb4a3aab3718612997950abaa88,3078
update/app/code/Magento/Update/Queue/JobFactory.php,9406ce1fdc9fafc8c8c470d87d2c6e3f3b8c238f62adeaef43de9dac4e3717f5,1626
update/app/code/Magento/Update/Queue/JobMaintenanceMode.php,b72beccb833085b870d1c7698f8af766b2cabe17231215bdfc886c044ac85f46,888
update/app/code/Magento/Update/Queue/JobRemoveBackups.php,c836511b8302ca9996b2cca78e73abba263f3c0932e4bd797aeea77d996e1352,1148
update/app/code/Magento/Update/Queue/JobRollback.php,095378621770b97132bd3a2dd26dbad3604c22a4815fca51ec61caaa9d5cc759,628
update/app/code/Magento/Update/Queue/JobUpdate.php,0cab5a21aeab01b455d55a9152ab76f24c0f94b6530affd0b6d6e0acfc7ff78e,4251
update/app/code/Magento/Update/Queue/Reader.php,d18a29b59c40a6130112149c9c5bc67b70ebcd9382f91b8b10d65f9407162696,1273
update/app/code/Magento/Update/Queue/Writer.php,e7b1c4e4ee55846914b3cd99b0757f54347873c74742750d4d0f3491b3f4477d,836
update/app/code/Magento/Update/Rollback.php,13b9206322f9ee2183bb3f3ac5d845c4971acd813a23e38efeff372ca95772e2,5511
update/app/code/Magento/Update/Status.php,ecf94e681004dc412cdc012efa065d03ceb41549b056b9bf7943c2b6e36da7be,7139
update/app/code/Magento/Update/Test/Unit/Queue/AbstractJobTest.php,a200e105c4afc4df990c370cf4892fbf4fbdce468d840ad4938b637d37879ed1,709
update/app/code/Magento/Update/Test/Unit/Queue/JobComponentUninstallTest.php,775d949f00f63e48bc1d73ca7fa8401d38ebbcee3b121067e2227dbc9b663663,3081
update/app/code/Magento/Update/Test/Unit/Queue/JobFactoryTest.php,e4545446b81c3826cabe6c375077482c097855df59e8f2b20eeaa8ceea880b10,1475
update/app/code/Magento/Update/Test/Unit/Queue/JobUpdateTest.php,fb939c70ee047460fae1805684e9638c5831f8c133c2aeeed08bf84736146b4f,3446
update/app/code/Magento/Update/Test/Unit/QueueTest.php,77ff293510478814ab721f2e7227187e124e65c7ba457dccc4809509975020a3,5575
update/app/code/Magento/Update/Test/Unit/_files/update_queue_valid.json,9a58eb2d7e12d8f1251ff2b42c47dd886be4d245b725f16bb14b3e8fd936ab38,973
update/app/code/Magento/Update/UpdateLoggerFactory.php,6c424fbda53e8fc0218b622c369936e8696506f0b8455dbb0d2504fbfe2b2f8c,991
update/app/code/Magento/Update/etc/backup_blacklist.txt,e81712e6aa16207595651bc606e74fcb05e39a87ce341384bd7eaf037f0fa065,141
update/app/code/Magento/Update/view/templates/status.phtml,f30518ee9d6785941ec495478d0e01481c4cde6a1a23f945102ba2b8514d1fea,5951
update/composer.json,9eac7771a0709cde0cf5ecfb8b9ab2cfde1c19d56901a37353a1284d61daa492,703
update/composer.lock,606a0c7299fe1c7e64bf81886630e3cc6ced6de7b3589c62e8fab5d0df3762ff,86053
update/cron.php,6912f47389a56238f01913d4c1dbb9490eb388bc46e3ed163967d372712dae9b,2728
update/dev/.htaccess,18196c27bf35820cfca1df85ab4533c5a00839e90c82fa43fb69e1841e86e8a1,32
update/dev/shell/cron.sh,1cc8c2a2115a9bcb4475d4cde1f75ed070e5c43025c3303155194f5d3c7b15fc,351
update/dev/tests/integration/.gitignore,14507bc7137f9f2374c9f58e2c2cd5372ac7bd7e661e14a50e38fcaf6a8c4675,13
update/dev/tests/integration/framework/bootstrap.php,4ba850bd8d385eed683f763ab95916df066cfe51abc09f14e028d270218cef14,363
update/dev/tests/integration/framework/cron.php,7277a0d1771827bd18ee986bc2bae72a8a9383fe31d0a7f4e0deeec17a092641,205
update/dev/tests/integration/framework/magento_bp.php,68d550dc5ec441c2c17e87971a9f1971b97e97c3035fa8cd4189fdb68a123dec,176
update/dev/tests/integration/phpunit.xml.dist,f5c3ed2649d6295491e6274d97fc6ae6d547b06f1fcac9fa2ca0e0d1cb90f7f9,615
update/dev/tests/integration/testsuite/Magento/Update/CronReadinessCheckTest.php,4930e2d84be39197652c83c638caf266e8e7c57b6852048912bed5e527162544,3284
update/dev/tests/integration/testsuite/Magento/Update/CronTest.php,b2608a82757f627a645f164e91bfba510ee45750dbbe0229a448cc82e9a6dee0,4748
update/dev/tests/integration/testsuite/Magento/Update/MaintenanceModeTest.php,695390e7d78916e153d93b7757c97faf03e81f49c76b7df7284281b41c8142c1,2011
update/dev/tests/integration/testsuite/Magento/Update/Queue/JobBackupTest.php,fe1581f4884e7046ef1749b045c0f2c05857b77b007687e75b228a1673445056,3140
update/dev/tests/integration/testsuite/Magento/Update/Queue/JobRemoveBackupsTest.php,0344d5434778150c96f394473ebd854bdd83c73eb3825b070f933deefe98c9c4,6539
update/dev/tests/integration/testsuite/Magento/Update/Queue/JobRollbackTest.php,ee5a75979cd8e81410c89738fb7978cc81f4373af2bd4473c5ff90050b881352,1770
update/dev/tests/integration/testsuite/Magento/Update/Queue/ReaderTest.php,b009bee6ce6b082ccdb4d2391382c8952edfd9ae9a1b111ad9ee85ce7ecf10cb,2385
update/dev/tests/integration/testsuite/Magento/Update/Queue/WriterTest.php,17128a4fd4abab89947b7f507785b7fd8245d5bb926f8eef6a3eb26d2d92409c,2005
update/dev/tests/integration/testsuite/Magento/Update/RollbackTest.php,148eb4ae9578630a3e1599b2f75886e1e70ca3de239a4b992281081090dba766,5050
update/dev/tests/integration/testsuite/Magento/Update/StatusCheckTest.php,dc125323d11fcd0dc87fc9f540db1f0349c0664aadcc5ed0bad632514d966e8b,3002
update/dev/tests/integration/testsuite/Magento/Update/StatusTest.php,9b8cbd85f0cfdca875435ce7476feba02aba500b4642f63a7cde9914fb8c65a5,9200
update/dev/tests/integration/testsuite/Magento/Update/_files/composer.json,1c684e0b251d837b75991cc329086e0db542266d9e7cdd31d790e060f1541c82,565
update/dev/tests/integration/testsuite/Magento/Update/_files/update_queue_invalid.json,d64565274ba516790bd3ce34d989f4e2a993830fd1bbbca9e652327f964de906,907
update/dev/tests/integration/testsuite/Magento/Update/_files/update_queue_valid.json,6e5babfd0e8de8ea310ab768f2626cc22e0e27ad45b096e0a6964c1d7cf453c9,1355
update/dev/tests/integration/testsuite/Magento/Update/_files/update_status.txt,86007023892c7a7d503179d61b73c1b46ec8b17a46749bbf2cec4537956deab3,1486
update/dev/tests/integration/testsuite/Magento/Update/_files/update_status_scrubbed.txt,2824d944b564fac9751266a02529a19e13b30f86f749ece39c1cb1f583909064,1478
update/dev/tests/integration/tmp/magento/app/etc/config.php,ae303b5dc09668174b06290d18fe352ed01b3bdf66c47a5d0df8fccfb4431953,16
update/dev/tests/integration/tmp/magento/app/etc/env.php,ae303b5dc09668174b06290d18fe352ed01b3bdf66c47a5d0df8fccfb4431953,16
update/dev/tests/integration/tmp/magento/app/etc/vendor_path.php,81cbd88eb15bd52a99f5a8ffe4513d2e04359bffdcc39ef095d3b5d0e144743f,70
update/dev/tests/unit/.gitignore,14507bc7137f9f2374c9f58e2c2cd5372ac7bd7e661e14a50e38fcaf6a8c4675,13
update/dev/tests/unit/framework/bootstrap.php,f8b2577141bb42c949265a50e1ccc31dae6755bd90d678cd975ccd5532af10dd,227
update/dev/tests/unit/phpunit.xml.dist,96ba225666e5e6450640240017c7dc52d653d44e357d4658dbb3b2a2dc5a251c,610
update/dev/tests/unit/tmp/.gitignore,1ac283bda20bbd62be9918da0265293bc3723a654d112e47817a1558be115be8,16
update/index.php,bfcb686f21300399f831ccf6fd4649c2b469fdbc0fd935264b61573848829052,3497
update/pub/.htaccess,7bb519b5824c062dca397581aae5fc88742ff73e2f0a0e223fe867eb9ce94c40,172
update/pub/css/setup.css,68a7a6fd5a6534f27046807d443ce3778bd1244dbbb04739c22c1375f319c7ad,214360
update/pub/favicon.ico,ce2de4b3be943fd5414dc6f3190d332fc9f6369f5dfbf6366b00b261ed02a4cf,1150
update/pub/fonts/icons/icons.eot,d9ffb20bbad5018b058eea8421e542ad4a4b40edff3ce49b574750f1b6b977d8,11148
update/pub/fonts/icons/icons.svg,333c9d448a5145ca9dfa297ca73bbba789b434ed3a3f4189cc1d82ce5b1bf626,38965
update/pub/fonts/icons/icons.ttf,3e10f6df982a6d25d7846b65b12a05d5190dea60bf5e932f2f7b3b4ccd3c0869,10984
update/pub/fonts/icons/icons.woff,d254763bbcebaccf128faa8994678bb7fdfbe9070aa43a740a7bda02f8694332,11060
update/pub/fonts/icons/icons.woff2,b685e2a6d027079e97811833114c02772317ee9100dd691c67fe36dcc7439045,5752
update/pub/fonts/icons/selection.json,e42e4dc8eb4fd585fc1bd76971c52a2cce65529235a37c17db99dcd78c87e0d7,94637
update/pub/fonts/opensans/bold/opensans-700.eot,5753780fe4ed044cfb98144f0bd6f8da560e00e485573ee038acf26b26a849b2,19544
update/pub/fonts/opensans/bold/opensans-700.svg,0519c58be0e85ad19925857e455b82eeacd4dd010127f8ad60dcb1ab559188da,100048
update/pub/fonts/opensans/bold/opensans-700.ttf,eeee8057e8b35113884c14c993ea88418d18626bfbcd8842580f721dc0690a8b,38452
update/pub/fonts/opensans/bold/opensans-700.woff,a0357cb694b5284870c77c0dbcaf33f238004800419288afde313317b0dbd0b7,22432
update/pub/fonts/opensans/bold/opensans-700.woff2,796de1bd57056646e70e7749841a0f1f15043f263e63cd41f252e238e3a40b1c,17668
update/pub/fonts/opensans/light/opensans-300.eot,83a5c3512b7e56bef9b0d5451adf664b070eb3cf6278e69e2cf4fa0b2d2ef379,19514
update/pub/fonts/opensans/light/opensans-300.svg,3b2b59e26fa76a0dcbe5edd696656035ebf2fe2b7d8cd8405d300747e5be3c1a,99171
update/pub/fonts/opensans/light/opensans-300.ttf,3fc333eb3107febd406586ee8206bc0ee2aeb7f6c7a77f3923a353b72b0ca080,37336
update/pub/fonts/opensans/light/opensans-300.woff,a1cb81c9f07f1f399db66ec188c02a1c74bc382df9a8550ab8091aac93dff8a2,22248
update/pub/fonts/opensans/light/opensans-300.woff2,69fd4fd58ab3812b5b43a91478b13191fee58a0a438a5901345c89ea4991e9ca,17436
update/pub/fonts/opensans/regular/opensans-400.eot,25f7c6430e4b537dfa6bbe5554d4641c0fbdbf3f9351aab6cd91d43d11738528,19836
update/pub/fonts/opensans/regular/opensans-400.svg,dbcac54a436cf43adaa410b990833d4a889bfd7c7aaffc6e773536a2e57cdf7c,100945
update/pub/fonts/opensans/regular/opensans-400.ttf,dee2d2b7658161d7efa0dede8298b64bf88c8bc1fea782fc10468c9269e78d4a,38232
update/pub/fonts/opensans/regular/opensans-400.woff,22e7a1b10c110072f5a0bfd16e2197a76b279ec879bcce8978fada1dc9ee5d40,22660
update/pub/fonts/opensans/regular/opensans-400.woff2,b367d278abdbff97dcca334e31b1714fae2f7922f2347c5e76a6fd2c67f15079,17848
update/pub/fonts/opensans/semibold/opensans-600.eot,efe97650f3270aca9ba594789ca75ba7b1fc1a22d8189b3439e6dfb57a16e853,20028
update/pub/fonts/opensans/semibold/opensans-600.svg,7d252e607704f654b072dd476c4e73861fae1f922e559895a15d08e340cd9079,100273
update/pub/fonts/opensans/semibold/opensans-600.ttf,9f8567ea7c2d954377d5a3c26bdaf666ff993dd6a2d4e7e6931917a0286514a2,39476
update/pub/fonts/opensans/semibold/opensans-600.woff,26b216fadb2ffcd542ca56c2d84f9918f62e40de89bf88b4211fffacd2a4ad83,22908
update/pub/fonts/opensans/semibold/opensans-600.woff2,e970869c33bf34e4efdffeed811711d5e1d3956d08ed64a85865d544099b3395,17980
update/pub/images/ajax-loader.gif,ef97c4bed490a701bac7b7d8872d50955ffb7205ce09f37f8fba9eb29e30dbb3,3197
update/pub/images/arrows-bg.svg,29ab63089a14938672bfcc61241310bfbe7afb5d985061d2a6fb56eeee6860f4,393
update/pub/images/favicon/favicon-16x16.png,bcea6e651331523f237a22b453dcf345d584a6a3ee5ed3b8571ac0236b4271d7,334
update/pub/images/favicon/favicon-32x32.png,597b94285d5bef44a73fd9b6fada564d29e4c14a2df9c59e478076fcbcdb8579,399
update/pub/images/favicon/favicon-96x96.png,f6958851427875b760e3eec7d8f25acd23a05f240b9aeb85cea4dd51d0f4bac6,780
update/pub/images/favicon/favicon.ico,c9b872d0f3111af3a32d52f8315053c4285d9c0c5e5ac7fe0d197d1f80d22ccd,15086
update/pub/images/loader-2.gif,32a3a3b89f685bbb8d1a9ebdef6e5bf38b214ad2846dd4730a9ba527430a3ef5,2035
update/pub/images/logo.svg,0e2bc36e1a03cbf59a03ea1a49623ddddfe00423d097fc630940c5ea9b385df8,347
update/pub/images/magento-icon.svg,0e2bc36e1a03cbf59a03ea1a49623ddddfe00423d097fc630940c5ea9b385df8,347
update/pub/images/magento-logo.svg,70f0391759fd7263b662cc64a005c98ba7566c46b2efa8ab6394afd95bb32dcf,3096
update/pub/js/lib/angular-ng-storage/angular-ng-storage.min.js,b680e461353bdee12f25e048bce8770119ac8fe34e4491e49493de501c104546,1179
update/pub/js/lib/angular/angular.js,c2ad0dba961154b85b31a09984678e148c256aee5395a77edf40d08d7559046b,901324
update/pub/js/lib/angular/angular.min.js,a8fbbdf8a81c088895049b9098a2004b4188991ef29cedfb8eec8ed59b1f6d03,105583
update/pub/js/lib/angular/angular.min.js.map,45800f8db7676d7b1479231e0c8993028d91f58cd1a785932db7357807c07e71,263506
update/pub/js/lib/jquery.js,ce0343e1d6f489768eeefe022c12181c6a0822e756239851310acf076d23d10c,282944
update/pub/js/status.js,716c44ae438c26010c166cbbde6aaf98228efa8fa0d3773dccb284a56482c45a,2827
update/var/.htaccess,18196c27bf35820cfca1df85ab4533c5a00839e90c82fa43fb69e1841e86e8a1,32
update/vendor/autoload.php,8aac8da33d8c7327f80cf4c2f3d861536a31657e09125a0b09492d20299932ec,178
update/vendor/composer/ClassLoader.php,7ed0e500e81a43b8f106d0c19ace4e7352473ac7938e67424b8e5a69a4895f6e,13451
update/vendor/composer/LICENSE,c8cce4b6b9729f264ffdf9296d505d63432497feeed1f586d1902b942197e024,1070
update/vendor/composer/autoload_classmap.php,007c624702b9207d44ccce2f9198898f7d1edfedc0dc2a52e2d5049cf84e901a,56172
update/vendor/composer/autoload_files.php,89bb0bf78421a8b378c570f1d88e32ccc97230a985901202bb5099c827294e96,347
update/vendor/composer/autoload_namespaces.php,b51b3149e1ab54c8184dc52bed140ae1eeb56b536dbf53ec496bfdbde3817fcd,214
update/vendor/composer/autoload_psr4.php,5ab50a34eee670821c9700ddefc9540d587c588a28adf399798b5b7c0ee085f3,1958
update/vendor/composer/autoload_real.php,f1d78cca14f0fdfc24add21bd045cf5ca8d2b05eb1abafd22ada4c3efa7ef0f2,2414
update/vendor/composer/autoload_static.php,d5e48f702abfc2471f504c4846df9dc1fcf505337955c2c186256b7cb5b6d45b,66217
update/vendor/composer/ca-bundle/LICENSE,37b21ffcf3e606669896eb33ec7559a745df1e70cbf0372a6f56d977cf6f0c37,1052
update/vendor/composer/ca-bundle/README.md,8fa419d89bccc85f999e0c3c8170888b9206987116a77567a44ab473b543125b,2043
update/vendor/composer/ca-bundle/composer.json,760c47fd895c21551ef7f532093d4699ab9eb758d40638a9bea3c8323f5510f7,1421
update/vendor/composer/ca-bundle/res/cacert.pem,e78c8ab7b4432bd466e64bb942d988f6c0ac91cd785017e465bdc96d42fe9dd0,256008
update/vendor/composer/ca-bundle/src/CaBundle.php,e0832b18480f274953fd763f8b6cc584a9dd684dd674faaf168c62484e96cd85,13582
update/vendor/composer/composer/.gitattributes,2a3062973fb7d235e74fc813704f7d2016d9040006039f3ed183a276011c29af,680
update/vendor/composer/composer/.github/CONTRIBUTING.md,b910c0769298dd1c260224a32b3ad99995356ed25d5e2706df68ff5fcee958e1,2275
update/vendor/composer/composer/.github/ISSUE_TEMPLATE.md,42c656f882b153fb85e296a908c373fbf7e4a228963c3b77cc332c9f33ee67df,247
update/vendor/composer/composer/.gitignore,9c72ced9dcf87ad5cd9d4ad59573e1c294904e02cc1a839bce3fc5d39c89f6f0,119
update/vendor/composer/composer/.php_cs,ee51b901832242fdd5e8bbd290d2f9c4ea48feaa867e2e98c57ad93130d5e887,1942
update/vendor/composer/composer/.travis.yml,03e205c72033a5006149d20fdeff2eded3905b7372df02ae411fe8a2f841d7c1,1728
update/vendor/composer/composer/CHANGELOG.md,cf504d8ce71a9172f8689fad6d79242e8149ee6a51ee5daa9c87f7caf2402c3c,44959
update/vendor/composer/composer/LICENSE,7855ac293067aebe7e51afdd23b9dea54b8be24187dbecc9b9142581c37f596c,1068
update/vendor/composer/composer/PORTING_INFO,d5bfb0cf8fcc466efbefed42493dd41bc56a5af48f3537635ee0fc3968819c48,1600
update/vendor/composer/composer/README.md,21ca8caa812c9ecd8cf4d29961c6f926962aed7f0e9955c91ada4664284ee6ea,2689
update/vendor/composer/composer/appveyor.yml,054659725c2cbfae146a69e31962ffa028c5b804c66cf2133a06410c1ddfe00d,763
update/vendor/composer/composer/bin/compile,8e7a84006713c00bb92a53c996dae35fd9332100626908ec30296177c41c8a02,966
update/vendor/composer/composer/bin/composer,e23fa67903b5cf4e86f1c8d51b5b8d5e1c4e04914e1605eed737b52d0b5daca2,1587
update/vendor/composer/composer/composer.json,7fe08f04663baf810c163db3d1add2e3545ecdcb9d0089108076618ce41523a7,2183
update/vendor/composer/composer/composer.lock,0617871e1cab1e54318be8d0e5f79301e477f46db30494c23b23169e06bf79d7,60218
update/vendor/composer/composer/doc/00-intro.md,bf17d946ddf53aae210c09af18eb3f7fb162189980ba4f4871c53bd15e1ded52,5608
update/vendor/composer/composer/doc/01-basic-usage.md,e116e02e8c2996ad95fa3b516e9551c47693674008dfaf7ad599ba04a5293f9f,11876
update/vendor/composer/composer/doc/02-libraries.md,19c9c58f69635ef3776c7b0fd4026eba590e7a132a511117b1f8fcb471d568e5,5688
update/vendor/composer/composer/doc/03-cli.md,4f639dac9eb815a2b77dba433149f8d162f149caf35864a85c78fe3111fd5e36,36023
update/vendor/composer/composer/doc/04-schema.md,21f6de01a33d759f767db23cd0269678713d8dc3cf9c533c9efd7d989a12432f,27543
update/vendor/composer/composer/doc/05-repositories.md,241d378635b06de794f169b6b668b0d5496e238b5ebfe1adb559c8469a9e2390,23638
update/vendor/composer/composer/doc/06-config.md,298048be083fa2462613c336611baba2f32fbd2800ed26ae27520ade16a1a4be,9735
update/vendor/composer/composer/doc/07-community.md,6270806d9a45c6e3c14e1130af9ce76f3962708e571cefa6966adeeb60d30d1a,1321
update/vendor/composer/composer/doc/articles/aliases.md,dde936de47ace366aeafb5d84b43f4bea74f0b149c26d8e3ac3e4bfec1823023,3837
update/vendor/composer/composer/doc/articles/autoloader-optimization.md,cbc9f33dafadea56bab4bfa1aecbd0c7fdab13ba8098b11b6be7a70ba6914562,4459
update/vendor/composer/composer/doc/articles/custom-installers.md,2859a1883e27c983b1d5348052c27ec3d135d0d072198ead47b0f1221e1a5288,6767
update/vendor/composer/composer/doc/articles/handling-private-packages-with-satis.md,d1a2774ecca8c692fb88116734e99ace47b206f831a600eff8bef9bd3d652e4f,12494
update/vendor/composer/composer/doc/articles/http-basic-authentication.md,b031d128ba19ff0f1fc92653fed17d4888aa1d79776bc46985f9a4313d8fd9eb,1875
update/vendor/composer/composer/doc/articles/plugins.md,4af18318d85ec947b2e96fd01e7046a65c2478eaf9e6cf72353d7d46a96d3f81,8698
update/vendor/composer/composer/doc/articles/scripts.md,c4379b213b7518bb4ad04db57fa29dd47dd96f32cb95057047115b506f04ab0d,10126
update/vendor/composer/composer/doc/articles/troubleshooting.md,9b6f3903ed3618ad525f77380660ce4a8c21eac412e6290ffaefc744b3761095,12040
update/vendor/composer/composer/doc/articles/vendor-binaries.md,94551e776367432af79e9c63e5107b548ef2ac63a58fe17675704d9a670479be,3405
update/vendor/composer/composer/doc/articles/versions.md,4980cf8550cc72fd1e16ef8ec224dff102689a090baa2dc8ccbbe9329d4d41ab,10450
update/vendor/composer/composer/doc/dev/DefaultPolicy.md,a439d62f3b8980e819c236d7f4571b18c2ed22519549bd1c81126a88b9b17765,1280
update/vendor/composer/composer/doc/faqs/how-do-i-install-a-package-to-a-custom-path-for-my-framework.md,b98e6f471e1c9a17063d9ed288ce3c827ef13ee07294e69245f04554691d253b,1828
update/vendor/composer/composer/doc/faqs/how-to-install-composer-programmatically.md,a5c35d79d87b6239bcd45b8de72793120258b6be88bb70132fdcf8ba11053846,1408
update/vendor/composer/composer/doc/faqs/how-to-install-untrusted-packages-safely.md,8f19e331afea47fecf78299122bbbb9c9804c930a64c93afcd12f78f592dd82d,938
update/vendor/composer/composer/doc/faqs/should-i-commit-the-dependencies-in-my-vendor-directory.md,e3fdafdecda886e54e6d06b01e25fac3804fd4fc7870d0ec8c86a01fdb38ce22,1704
update/vendor/composer/composer/doc/faqs/why-are-unbound-version-constraints-a-bad-idea.md,4d0f55d0dba6712663dce7ef0c3fe43b56136e69b3088ea1f45bf66fc862f403,1087
update/vendor/composer/composer/doc/faqs/why-are-version-constraints-combining-comparisons-and-wildcards-a-bad-idea.md,b72057a1f5865d98e82a3d5e1934809f9c3d8ffb3ed4badd4a29d3d7686a6c01,998
update/vendor/composer/composer/doc/faqs/why-can't-composer-load-repositories-recursively.md,2d10d4d8edd5e5b71859719c72bb2b1c6de7e73b295126660cb00b1af83116fe,2106
update/vendor/composer/composer/doc/fixtures/fixtures.md,c4c3f80ec517eaaafa9735d8e57583275b190be2cbacdadd7c4ab08a3548bccd,982
update/vendor/composer/composer/doc/fixtures/repo-composer-plain/packages.json,f98ee8f59286071274ddbcf1e1e06daa91811a7411c1ebb16d4a8ab29e878a22,5455
update/vendor/composer/composer/doc/fixtures/repo-composer-with-providers/p/bar/baz$923363b3c22e73abb2e3fd891c8156dd4d0821a97fd3e428bc910833e3e46dbe.json,923363b3c22e73abb2e3fd891c8156dd4d0821a97fd3e428bc910833e3e46dbe,1656
update/vendor/composer/composer/doc/fixtures/repo-composer-with-providers/p/foo/bar$4baabb3303afa3e34a4d3af18fb138e5f3b79029c1f8d9ab5b477ea15776ba0a.json,4baabb3303afa3e34a4d3af18fb138e5f3b79029c1f8d9ab5b477ea15776ba0a,2607
update/vendor/composer/composer/doc/fixtures/repo-composer-with-providers/p/gar/nix$5d210670cb46c8364c8e3fb449967b9bea558b971e5b082f330ae4f1d484c321.json,5d210670cb46c8364c8e3fb449967b9bea558b971e5b082f330ae4f1d484c321,1614
update/vendor/composer/composer/doc/fixtures/repo-composer-with-providers/p/provider-active$1893a061e579543822389ecd12d791c612db0c05e22d90e9286e233cacd86ed8.json,1893a061e579543822389ecd12d791c612db0c05e22d90e9286e233cacd86ed8,516
update/vendor/composer/composer/doc/fixtures/repo-composer-with-providers/p/qux/quux$c142d1a07ca354be46b613f59f1d601923a5a00ccc5fcce50a77ecdd461eb72d.json,c142d1a07ca354be46b613f59f1d601923a5a00ccc5fcce50a77ecdd461eb72d,632
update/vendor/composer/composer/doc/fixtures/repo-composer-with-providers/packages.json,a58ef240fcfe251742273fbe210a3d5d3a4ecfef43abaefbde9391845f8f915c,308
update/vendor/composer/composer/phpunit.xml.dist,60ed8db12119471d0ff76b8cb51f9d59546c847d254f12e09fdd5f3c71e13885,932
update/vendor/composer/composer/res/composer-repository-schema.json,11901016b2fb723c0794cc0a346cadaccd0e1237552bb91f1cda78d1055f8c5b,4080
update/vendor/composer/composer/res/composer-schema.json,c68ef2589a19b33f4434da2f456b12cfb13227b2c83992e2baa758b4091484b5,38265
update/vendor/composer/composer/src/Composer/Autoload/AutoloadGenerator.php,f71ff5854a8e96db574cd0e6c7685d0d05d75645db8c6efa4a360f58dc445cd9,34575
update/vendor/composer/composer/src/Composer/Autoload/ClassLoader.php,67fed6bef15549cfa3a57c92431c6c008f5ddc49c6ff0808363bda378d674459,13304
update/vendor/composer/composer/src/Composer/Autoload/ClassMapGenerator.php,dc0fb3a85a8602ac4869b483bfe47d0e0642cbc0595a8251964c2b56025bb99d,8393
update/vendor/composer/composer/src/Composer/Cache.php,d01c766110375c82a51cbd571e8485b250b6f369bc6f8454b6080a44e30309c4,7414
update/vendor/composer/composer/src/Composer/Command/AboutCommand.php,2e390e6613c5e3d2d44ebc08a549203a6b623bfc9ed3e5c18a923d07b7776785,1123
update/vendor/composer/composer/src/Composer/Command/ArchiveCommand.php,c3145903fe82d024332b782800d874a8a9c9a0677b5403c4108f5e28a57140a1,6571
update/vendor/composer/composer/src/Composer/Command/BaseCommand.php,d5a1330ca2ee63bcd95ee506a21b3c78e2955eee0da322eab0c7c8edc9e8389d,4618
update/vendor/composer/composer/src/Composer/Command/BaseDependencyCommand.php,1dbbc6ef0195ed8b0f7485902f6cce4b7b467b3bd9b64574af20f874d5f0ff27,9937
update/vendor/composer/composer/src/Composer/Command/CheckPlatformReqsCommand.php,aa98068524e8c24ef6dcb6dae4a5b8576f1383d2701a5f088d3758f21aba16b9,5013
update/vendor/composer/composer/src/Composer/Command/ClearCacheCommand.php,70ed64343137ad4091d8ee1f27f287fb57f81eb712713510948fa9379e9a4b3f,2039
update/vendor/composer/composer/src/Composer/Command/ConfigCommand.php,18be44614242022b0f0b2ec6d116840af932cea8de425cc3d9954972b9c22397,26841
update/vendor/composer/composer/src/Composer/Command/CreateProjectCommand.php,9d6fe7bb955e873b54fcf31da51afaa542aaf557724faccc5f8e0669379bbb23,17355
update/vendor/composer/composer/src/Composer/Command/DependsCommand.php,3af3558896b5ad5f7fbe37538ee7b46fbb54de3056874ee0febc51b1ff21893a,1320
update/vendor/composer/composer/src/Composer/Command/DiagnoseCommand.php,f75e47e4804e333a18d27a53e84d547620e42fc21e123e82dcc726fd2cb641ef,26137
update/vendor/composer/composer/src/Composer/Command/DumpAutoloadCommand.php,8ef096a471f13fb7626e2a5b97ce8b12f48f1962a7aa3dc277e07e10ed3ee034,3282
update/vendor/composer/composer/src/Composer/Command/ExecCommand.php,35b2f938c22b77814d9cd5dc6567058db3096b115d462603d115a8fa44f2ad1b,2805
update/vendor/composer/composer/src/Composer/Command/GlobalCommand.php,f8e88c76d98c0da9d804f83ca88976c04fd29e5f118ac3d8c03cb8d290b533fa,2929
update/vendor/composer/composer/src/Composer/Command/HomeCommand.php,58ea36f5fc2525625aa16b99a55a0807dcdd7bffe0b54cd0737d6efb45173454,5412
update/vendor/composer/composer/src/Composer/Command/InitCommand.php,51002cb32ea493ca85921353ecfb7cb3fbb29cc68a17d1146032a958082a2449,28160
update/vendor/composer/composer/src/Composer/Command/InstallCommand.php,46ed30bf9298e2d1257fb12bddb363469381395cfb4ee8f9fcda3fa209bb9e58,6322
update/vendor/composer/composer/src/Composer/Command/LicensesCommand.php,00bb764b8e9edbdb5800cc5314cbae411abc64ab3a9444d482afc3ab2d239c55,5443
update/vendor/composer/composer/src/Composer/Command/OutdatedCommand.php,11bbc9ae5181b69d26c99d64b16d68d4240e0e416a2fe7ea6c944189d37bd773,3522
update/vendor/composer/composer/src/Composer/Command/ProhibitsCommand.php,90fc39f809ae0f438227ad56a6c15e403a56c0f7e7517b892dca315123ac0602,1340
update/vendor/composer/composer/src/Composer/Command/RemoveCommand.php,62dc8af26ac07f159209a32cf93b32053ce51256f82efb1c398a39a2ece27d87,6978
update/vendor/composer/composer/src/Composer/Command/RequireCommand.php,4126c55ed228331c363d0d7fb746ab66fa9979b50376d2a8c288630c601b1e9a,10390
update/vendor/composer/composer/src/Composer/Command/RunScriptCommand.php,bbaa45a4fbe31b348384b683cba693cb717c3f0dffe9ad564e527eb30d5a3948,4355
update/vendor/composer/composer/src/Composer/Command/ScriptAliasCommand.php,e66c2d34ac1db9989eee20a9ebc3552d3a2afe7bbce288e5e037d6d35076e515,1923
update/vendor/composer/composer/src/Composer/Command/SearchCommand.php,cdb409f457588dba17ae7bf3ca63a9b3392f318800dc17e7dfeec58ebd91a60c,2931
update/vendor/composer/composer/src/Composer/Command/SelfUpdateCommand.php,5d15aa8bf281d2fa314fc5ae47e1302d1b6f19051cd7f30720778f9e5ef6a982,16230
update/vendor/composer/composer/src/Composer/Command/ShowCommand.php,307291c8fa77b4e401d7190c33cbf5fb260de813bd28e1c499c349e85aaaebd7,38726
update/vendor/composer/composer/src/Composer/Command/StatusCommand.php,1240933e0b915c574a7a1cba30bca52dde262eaf852e471312bc702dc8393815,8077
update/vendor/composer/composer/src/Composer/Command/SuggestsCommand.php,2503a66fef29f370ae211fab26eda319bf3c05534cdb704ff900ba05e554634c,5225
update/vendor/composer/composer/src/Composer/Command/UpdateCommand.php,6b486e36c46fb31752a2c8dbb4df002a231c89d1fd1f8aa30ea36046262ccce0,11078
update/vendor/composer/composer/src/Composer/Command/ValidateCommand.php,0001adafbdd3d94dc9f14722b673906225257c86ec8a2f8f49f1415c1d57b635,6891
update/vendor/composer/composer/src/Composer/Compiler.php,e667905544eac8da44867be15b427d6d490af54789b954f4f72647f06baddc2e,10146
update/vendor/composer/composer/src/Composer/Composer.php,77811a5361cd75a80f1f0bb1e8bde80a2d4008f8b21666ef1742116d2bf3d72a,4975
update/vendor/composer/composer/src/Composer/Config.php,f6917389a846f969301ac85e7d129b0e0ce613bdbbbf0047abf69062c505fc18,15493
update/vendor/composer/composer/src/Composer/Config/ConfigSourceInterface.php,88fbb482e7d7a4a5bf2c3ac8e9a37704fb1c53528f27ed87e21d76de1a51fc48,1977
update/vendor/composer/composer/src/Composer/Config/JsonConfigSource.php,6c16ba1b9c3b32a45bcbb577fc1c601d00a80ae4426bf57fe936d9bf58da16c5,8147
update/vendor/composer/composer/src/Composer/Console/Application.php,53345b50183a028857e7fd6df2674d1ddb9a769172df097b47d2757ca81394ec,19172
update/vendor/composer/composer/src/Composer/Console/HtmlOutputFormatter.php,cca67f2f4405a41b108f6ebfc01f877bedcf30b00ae3a18c6e2ba6c609b22b21,2561
update/vendor/composer/composer/src/Composer/DependencyResolver/Decisions.php,231971283931e2b84e29909a7a2a74d83901fbf57d379e9855e8b5070958db5a,5223
update/vendor/composer/composer/src/Composer/DependencyResolver/DefaultPolicy.php,900b231ef214e0aff2fb1403a61042de62ffc25950d9f19ed2a7de2e5e1d37e4,9337
update/vendor/composer/composer/src/Composer/DependencyResolver/GenericRule.php,74216a7cefcf28898e94b7f915fd2843a02e6f1804eef2f5c2c0a9827a9111fb,2172
update/vendor/composer/composer/src/Composer/DependencyResolver/Operation/InstallOperation.php,1f4f93ca7e39d817260020c6c0a07bad03509b339e0a678ce6f9039dc5a941d8,1355
update/vendor/composer/composer/src/Composer/DependencyResolver/Operation/MarkAliasInstalledOperation.php,2e195a102a9077928c0c962e1e39ea5654b326cdc160dd7e64142a3e284bac37,1521
update/vendor/composer/composer/src/Composer/DependencyResolver/Operation/MarkAliasUninstalledOperation.php,4ef895fffcb6999c311437814ced14affa9ee6dd5bf260562a52d6735e71be80,1527
update/vendor/composer/composer/src/Composer/DependencyResolver/Operation/OperationInterface.php,0006576a27913942d78720f5d31004a3c6eba79cf61631e2724fd076b753dbf2,803
update/vendor/composer/composer/src/Composer/DependencyResolver/Operation/SolverOperation.php,e9fe7d6bd3b67f9094d6e8617ad943e0fab3e04b29c42bf424fe99acd5b2eeda,1020
update/vendor/composer/composer/src/Composer/DependencyResolver/Operation/UninstallOperation.php,fe156a0ac3c381f946fa8474495193ce43163b3c5743dd790020f04e8992fadb,1363
update/vendor/composer/composer/src/Composer/DependencyResolver/Operation/UpdateOperation.php,62c12943c035cc4ae33810e8016a9a8be844f6e5aeb11c99ecacbda0f1f386af,1838
update/vendor/composer/composer/src/Composer/DependencyResolver/PolicyInterface.php,288f43f5993bc157cbc8bac32a1b0c2d4d44fe2a670699cb4d45b80f06c79260,746
update/vendor/composer/composer/src/Composer/DependencyResolver/Pool.php,52aefba72d4ac8f92eb16023648cd94f0d0863d7a83258d88292a67e71c5282c,14216
update/vendor/composer/composer/src/Composer/DependencyResolver/Problem.php,587b25022cd4bf28dc3fc34de1b930dee30fd3fe492c2e85e8c40bbb41732b96,8898
update/vendor/composer/composer/src/Composer/DependencyResolver/Request.php,cf22542db16a185f945b113542246bedaa94129aa0422d33f19db9c982a9a996,1953
update/vendor/composer/composer/src/Composer/DependencyResolver/Rule.php,ae4d9d9d11135c7a28352dc2842df25bf13b0865edb1534e068a9c6fdc25d769,9204
update/vendor/composer/composer/src/Composer/DependencyResolver/Rule2Literals.php,b201bdcfb4995570d595b71eea6b2a398cc17c92bf0e7bf7e2315eaf78ce4d97,2498
update/vendor/composer/composer/src/Composer/DependencyResolver/RuleSet.php,592813a5b31f9b6ba60c55c315c71c3c54af73137aa8a91952c4ec5090e3be16,4156
update/vendor/composer/composer/src/Composer/DependencyResolver/RuleSetGenerator.php,914c49d3793edfdb6b5abd1caf3dff8a7bbe9b70199810412d725ac632e1d893,12705
update/vendor/composer/composer/src/Composer/DependencyResolver/RuleSetIterator.php,8997409755c7cd2e5be57f4b3144b8e4d1eed59a27a59c269ac3c5997f8e66b7,2333
update/vendor/composer/composer/src/Composer/DependencyResolver/RuleWatchChain.php,1298a2aa3965bb0e87dc2793d93fcfa710b2bb2e7c96888f48b11827b6796df2,1402
update/vendor/composer/composer/src/Composer/DependencyResolver/RuleWatchGraph.php,d7f80c1788e4531a5ab38ed6f2b73acd3bf8e46a38c3e6c596f0612bd45e81ef,5325
update/vendor/composer/composer/src/Composer/DependencyResolver/RuleWatchNode.php,5820a2898f8abd2c2c046b16b76fdfb0e88bd71669e518282855464fc7fe589b,2744
update/vendor/composer/composer/src/Composer/DependencyResolver/Solver.php,54c9cfbaf04122ff742908fc04b951e846e757b8480fd14509443d38b66f52b9,26776
update/vendor/composer/composer/src/Composer/DependencyResolver/SolverBugException.php,7c915552dafa405482389086d51f3e3f3b1fc1f61982b0a073d36f3dcc5808dc,757
update/vendor/composer/composer/src/Composer/DependencyResolver/SolverProblemsException.php,146f1f32c69918dcbd8d8c888429298d5ab107f6e4e362f1872e4782dad0681a,2757
update/vendor/composer/composer/src/Composer/DependencyResolver/Transaction.php,1e50383901d9602b90779b5a1488edfcc1f72ec7b1a91b1177a4c7b7237e9ec9,7727
update/vendor/composer/composer/src/Composer/Downloader/ArchiveDownloader.php,7a9ed8736af2ac3eb75ce6491fa6bc36287f8e1f12a029c8d847ed9eedfef30d,6352
update/vendor/composer/composer/src/Composer/Downloader/ChangeReportInterface.php,25e34990ededed75f34780656164bb66e4e3770ab07ee211b2b4e92ad10add40,766
update/vendor/composer/composer/src/Composer/Downloader/DownloadManager.php,61b85009dea1afeaab1e7cb385fe21c4711cc0fbcc3f75fedf3c518f7671315f,10511
update/vendor/composer/composer/src/Composer/Downloader/DownloaderInterface.php,6572116f52478c29a9713de4a6d56bed8151a57049169e2168452e18420f8e6b,1781
update/vendor/composer/composer/src/Composer/Downloader/DvcsDownloaderInterface.php,7448b66876b670d0055fc3692146d74b1b067e39cea77516b2481b5672701f84,782
update/vendor/composer/composer/src/Composer/Downloader/FileDownloader.php,b81dfc88a8cd10ddebcf7fb36b399e5966e3e3f8912878b1ce1fad3f65f1c30b,9897
update/vendor/composer/composer/src/Composer/Downloader/FilesystemException.php,038cd03275efcf73aa8f128bacdbf10afc29266c58803694eb947c083be02951,672
update/vendor/composer/composer/src/Composer/Downloader/FossilDownloader.php,21a841059fa5107cb3bc50b29565bd4bf6acf941313811d89dc5d8330fb1723c,3976
update/vendor/composer/composer/src/Composer/Downloader/GitDownloader.php,bf0645edeae25674c9fdc54004cd9653ee477c0efc2e86c4d1575e364e07539e,19857
update/vendor/composer/composer/src/Composer/Downloader/GzipDownloader.php,94287d48c82f59b8ee5e171ce2b5c39b404359798b3e59ec96fdd084990d534b,2602
update/vendor/composer/composer/src/Composer/Downloader/HgDownloader.php,1776174b58e3867645ced11d7ed124ae4df7baf711502c6fd7691b07f9e11539,3302
update/vendor/composer/composer/src/Composer/Downloader/PathDownloader.php,e16b20426dcb8cd3ddc0edd9b2f454637f03a58a6e5f133ce3786dfc44323549,7086
update/vendor/composer/composer/src/Composer/Downloader/PearPackageExtractor.php,7a2c33245a99d918d1cca38ed44041d31cfd4b188a9e87757312e3f00e84cd0e,11666
update/vendor/composer/composer/src/Composer/Downloader/PerforceDownloader.php,793da9c876f5177778eafd98248a71847e1ee76dc72fd4872dbf6a2e5b53a6c4,2852
update/vendor/composer/composer/src/Composer/Downloader/PharDownloader.php,fb7d0ea7985376c5f3fb2c20cd6c0c939e50c8818e9836ce82a0d82c95c54a88,937
update/vendor/composer/composer/src/Composer/Downloader/RarDownloader.php,5bfe453f2f86fafbdf8df026318db09da2cad643905e11f89ae16136ad347b81,2854
update/vendor/composer/composer/src/Composer/Downloader/SvnDownloader.php,1b2f5ce1fe09abc54849a68489135047b186263af217a1001e5484c099e3ed2c,6972
update/vendor/composer/composer/src/Composer/Downloader/TarDownloader.php,1d4624cec728c813a9099d94f80df9af520d01e8f66db5973aea1d77657904f9,697
update/vendor/composer/composer/src/Composer/Downloader/TransportException.php,f644f2a1250a82a8f77f659ca16fe5ff33f056f24582144840a5559527f324cc,1009
update/vendor/composer/composer/src/Composer/Downloader/VcsCapableDownloaderInterface.php,dc4bd0dc1bf720054d328c3ab78bc170ca9038488f901140b08a42a3368ccd28,795
update/vendor/composer/composer/src/Composer/Downloader/VcsDownloader.php,b8148667cb507375b7bb25668e3160d4d3c2fb16a90ed20f7516d74662208c5e,10505
update/vendor/composer/composer/src/Composer/Downloader/XzDownloader.php,96bdc82c740a96be646e5b931c16ae88f9f6838ea73f92421896881157bb79d0,1715
update/vendor/composer/composer/src/Composer/Downloader/ZipDownloader.php,b546a837284d0a0182eaed41d793f34294cc304af837cef3f35009bd3996b67c,8100
update/vendor/composer/composer/src/Composer/EventDispatcher/Event.php,47521c79de6e9b09f49003246ffec42c76f09d74063bc8a14983851ea1f552ba,2150
update/vendor/composer/composer/src/Composer/EventDispatcher/EventDispatcher.php,0e4e52d387007d8a86c61dbef9e54d46cdc8450d79064c89fb1ef7b482d0bf0c,20642
update/vendor/composer/composer/src/Composer/EventDispatcher/EventSubscriberInterface.php,1f0a05fdc965a73f087d7e4888590c7c7bcbf44a51c8124b62855f2a4b27d068,1553
update/vendor/composer/composer/src/Composer/EventDispatcher/ScriptExecutionException.php,70810ba550d9319feaa3b12861e9ed3165890a8aadc5d5734e5d4acde1eac36a,422
update/vendor/composer/composer/src/Composer/Exception/NoSslException.php,df46437b2f01f3c9fb58546245c6d4ef33260637b0d2ef7b405bee42ad254e50,406
update/vendor/composer/composer/src/Composer/Factory.php,77e19947d7c9bcd75339a9d433e6c8b8133f37535ccd1908c7a89db498c6dfbe,24422
update/vendor/composer/composer/src/Composer/IO/BaseIO.php,13829313e49dc9d392dad7d53d1b9bc17944c2c56cd7cae7a821864fecac75f9,7571
update/vendor/composer/composer/src/Composer/IO/BufferIO.php,d16996a56648f3a9c95133e051a5f8c43394cae9002eaa4aef3ea4cdb49807fe,1811
update/vendor/composer/composer/src/Composer/IO/ConsoleIO.php,441e606be2449703a4091f7dec1461ec7a6166a2aaaf85e9b886804a2017c15e,9521
update/vendor/composer/composer/src/Composer/IO/IOInterface.php,8089202abae4fe5622575aa7b3df3269b24c3249a304ad56b1260eaabece4c8d,6754
update/vendor/composer/composer/src/Composer/IO/NullIO.php,9dfc1106c2f6a27358963dd4ba6782bf030f65f044f3277ebd50c5a8508bb598,2311
update/vendor/composer/composer/src/Composer/Installer.php,5b451610697551b6dbe5c11517fb0089b9f187c04e0e54c9a2a2b6ff451a8067,69206
update/vendor/composer/composer/src/Composer/Installer/BinaryInstaller.php,240d69b2dcccfc02c9bebd176a16d082df2ffba70d3d1c04add28a5d0d1cc44e,6967
update/vendor/composer/composer/src/Composer/Installer/BinaryPresenceInterface.php,1cf18dde52b1af946624947b025873d075090e7fc10ed6758f33ba5e9e6dc3ff,731
update/vendor/composer/composer/src/Composer/Installer/InstallationManager.php,2667be78ac2d83489ac83dd9f9f3548612f781fdc0450adf6ebe888c8ff8ff45,10767
update/vendor/composer/composer/src/Composer/Installer/InstallerEvent.php,a60f9ad0fad3464a0e26abcac06780a6178c07650ec065e45b7e7fb022d20a63,3220
update/vendor/composer/composer/src/Composer/Installer/InstallerEvents.php,37b4e9fe5e5592c4c517c6366d16db6d9f5f5640b00a22e2ba8621556ee11446,1039
update/vendor/composer/composer/src/Composer/Installer/InstallerInterface.php,380155cee98b5ed79fd4d25adbd97d17eb40b1d5fc868628779b7669000676b0,2457
update/vendor/composer/composer/src/Composer/Installer/LibraryInstaller.php,b6e5be16a6710ce7d7d62d0e638e6d0092076a72af6d10a43ae1af7067011835,7327
update/vendor/composer/composer/src/Composer/Installer/MetapackageInstaller.php,d061c677762905755aa642fb37f455f6fa928ef058fa482db6b94961586aead5,1913
update/vendor/composer/composer/src/Composer/Installer/NoopInstaller.php,2596a7a39bc97c0620e7e1e55f5e02e220ff963d8969811bb94be5b3589471ec,2158
update/vendor/composer/composer/src/Composer/Installer/PackageEvent.php,5013e3480d3625b1d77464b1a66bb9f6e83a6dbd3b7ca5b007015b7932912ebf,1876
update/vendor/composer/composer/src/Composer/Installer/PackageEvents.php,5fcbf99480cc28f6c16906b333388b8209b0712c9829a9fa2adbec62caa209dc,2020
update/vendor/composer/composer/src/Composer/Installer/PearBinaryInstaller.php,dbaf3f5edc46247a699105ddff4782565aba0aa4683600a45663744aa0080a50,4926
update/vendor/composer/composer/src/Composer/Installer/PearInstaller.php,4d3acd75486b44812989c97cab5a8d85e9ebd8f75752538438811983ba1b2e3d,2870
update/vendor/composer/composer/src/Composer/Installer/PluginInstaller.php,82ad695ed4e4441a9f6f0c436c88a9cd9731e8ac3b5d0e8eee5704384f1079aa,2612
update/vendor/composer/composer/src/Composer/Installer/ProjectInstaller.php,3c286c736ffc0f2dc1c2c3c472a785bed6e4bc7ea96fc9ade2469a05864884d0,2607
update/vendor/composer/composer/src/Composer/Installer/SuggestedPackagesReporter.php,36508467419dee1b31ef10ec2282cf14123a908cc2936c49388cf4d6f05c666d,3989
update/vendor/composer/composer/src/Composer/Json/JsonFile.php,16063f1491908092f9240479b8a3e1a389156974ca3f2161107f226c1738af7b,9527
update/vendor/composer/composer/src/Composer/Json/JsonFormatter.php,179ba69b412c33bc5e7ba75f4391a657bab0f1cf9ecdd304558c9a05e35a6384,4116
update/vendor/composer/composer/src/Composer/Json/JsonManipulator.php,8c01b0852abfedc98f38d70839ee0551d8b45c9f36fe9840301c3eea2a6b8b15,19120
update/vendor/composer/composer/src/Composer/Json/JsonValidationException.php,9c241318462a26a8917a970e9e4d5ef2dbc52ed0a9d3ac2554281398ce53ed83,704
update/vendor/composer/composer/src/Composer/Package/AliasPackage.php,277259eda1a4172ef2d85d4d8ad0de638b41f4dd3ec95e4c2786ef0b37d2c8a5,9095
update/vendor/composer/composer/src/Composer/Package/Archiver/ArchivableFilesFilter.php,99caa87bbccfb2b54847770e9aba008c46f6398b6d3ebbf8df4e6955eeb44984,990
update/vendor/composer/composer/src/Composer/Package/Archiver/ArchivableFilesFinder.php,4961817687ce00e357b777540644f247b7e0abee6028046ccc04acf5271cc2a9,2891
update/vendor/composer/composer/src/Composer/Package/Archiver/ArchiveManager.php,6a478974c3424babad1f90756143afe8e1b2da3362b9f233da22683145cbf091,6082
update/vendor/composer/composer/src/Composer/Package/Archiver/ArchiverInterface.php,f5e6e133ac10ccdf08f4cb8139bbf15243bd374c05b356834aa0aef4dc67de11,1271
update/vendor/composer/composer/src/Composer/Package/Archiver/BaseExcludeFilter.php,9eb856ba8e64f4d5c89503a4755fdeaa6acaa3910d9e0cea24923a301af76c9e,3991
update/vendor/composer/composer/src/Composer/Package/Archiver/ComposerExcludeFilter.php,fb5200fa7822a778d37c77d1ec46aa6ccf8c1e839dbc1c51bc08b9bab4636773,858
update/vendor/composer/composer/src/Composer/Package/Archiver/GitExcludeFilter.php,919d3d5448ec73a23c7e7bffa5ddac8fcf5d629b4b61e26147e7ecaa7721b42e,2083
update/vendor/composer/composer/src/Composer/Package/Archiver/HgExcludeFilter.php,0cd8ecabf7d341e9d04f1c641556026a99297c52900605889228ee7407e8264e,2797
update/vendor/composer/composer/src/Composer/Package/Archiver/PharArchiver.php,3da9cb1d0c59d6a1d1a2943b6d6353584c964aa84df7b1e9729c6caf1fb888e3,2869
update/vendor/composer/composer/src/Composer/Package/Archiver/ZipArchiver.php,301c83af8ac766b1c48f7ccb9034009b71c644dd11a1ad29c9bb697f7a30791a,1996
update/vendor/composer/composer/src/Composer/Package/BasePackage.php,a27ab651b7fbe2e89a1f1824aa68bf030c135f263e828d115c36f99701ac10b9,5645
update/vendor/composer/composer/src/Composer/Package/CompletePackage.php,a04b1d850527ba90ed3847e967820a287d374be92e2d013b110b0a2ea22b2794,3642
update/vendor/composer/composer/src/Composer/Package/CompletePackageInterface.php,66c581a97a93504626ce7a5cbd81e761d2bf166d36838409a3807de019da8850,2019
update/vendor/composer/composer/src/Composer/Package/Dumper/ArrayDumper.php,839a07e1fd34d5e39132fc4e76b59d31f8d85db88b2f49cf65f14e1c33a4207d,4504
update/vendor/composer/composer/src/Composer/Package/Link.php,0ee059c02ad06de1e3bef636d741be4be513c3bd74ece63f907c1720ef896320,3013
update/vendor/composer/composer/src/Composer/Package/LinkConstraint/EmptyConstraint.php,10cc6c698f05ff0de53661598cb38ed65e9c1a48b12300900ac4bb2ebbcb536c,713
update/vendor/composer/composer/src/Composer/Package/LinkConstraint/LinkConstraintInterface.php,4f407f3defa4cc98b4cc1df1df1f705e0c917a08ac82197b8f8031790a590b1f,687
update/vendor/composer/composer/src/Composer/Package/LinkConstraint/MultiConstraint.php,c4dc33759a37540d3d21b56ae2e4529c382980585bb1a820cdb8275fbf3a867c,713
update/vendor/composer/composer/src/Composer/Package/LinkConstraint/SpecificConstraint.php,825ccac299fd5d15a12ef20e185c4caf9f5ace53195b7bbebc6eb54dbe9eb9cd,691
update/vendor/composer/composer/src/Composer/Package/LinkConstraint/VersionConstraint.php,418896a03849223105affc5e514644a603b65d33e92c8f91188401f7e4002c27,666
update/vendor/composer/composer/src/Composer/Package/Loader/ArrayLoader.php,72e0882fad31aefb8b19735377afbaeee555322d3ed889105dac1515be306108,11399
update/vendor/composer/composer/src/Composer/Package/Loader/InvalidPackageException.php,63f4645b89aa07d7bf57243e807ae781d29fcededd88e31dba139d7d9c107604,1001
update/vendor/composer/composer/src/Composer/Package/Loader/JsonLoader.php,4dd3c7486561a91413a6dc0c7dd2311a8deb43abd82c2979e7c35f66c9bb3e11,1116
update/vendor/composer/composer/src/Composer/Package/Loader/LoaderInterface.php,94d5a9d92e9dc0e2df041197aeb80f0ba6db26ffc788ef451ed6e249de79e60b,834
update/vendor/composer/composer/src/Composer/Package/Loader/RootPackageLoader.php,d774f37cf716ed822973f7a88d0734ab6f657c0f927a8603b860a474331ab6e2,9093
update/vendor/composer/composer/src/Composer/Package/Loader/ValidatingArrayLoader.php,65ee8520dd96726b7e6a2f237787fabdef134cd687e3d2453f49e93603264d1e,21091
update/vendor/composer/composer/src/Composer/Package/Locker.php,9b131d3146df693817a31a2e6545af0e48152610c2f3a02f2bb3afec8c0975f0,14681
update/vendor/composer/composer/src/Composer/Package/Package.php,a669e25f0af044f6e64e6af10fbea967bb3063c139f8a8bc8ce37f6690979fd7,12546
update/vendor/composer/composer/src/Composer/Package/PackageInterface.php,98e40e59bf52295e6ca3a226e355a2b32cb22a37248de911e173ad9697725c02,9107
update/vendor/composer/composer/src/Composer/Package/RootAliasPackage.php,0e28b133815c7d559e731b2fd644c9ad7b0589e035b4f00b190820be396c81b4,3645
update/vendor/composer/composer/src/Composer/Package/RootPackage.php,0288731595ae97cf17e51ef5d29719344318427128b3effdc9ccaadecce7dcdc,2628
update/vendor/composer/composer/src/Composer/Package/RootPackageInterface.php,7df82ac6d5159a9344b7a1fee4a1193e4ef8a5fdd497180f1edf39e3ddc92ef7,3208
update/vendor/composer/composer/src/Composer/Package/Version/VersionGuesser.php,6f88f4ddfcae409f864b2ff9a9c4ff1b14a44173a59c0852c58dac84f7f0cdba,12167
update/vendor/composer/composer/src/Composer/Package/Version/VersionParser.php,a99c0bcf1faf6395e805fa97e6824b9e4e67fa83eb703cee025f058ceb823d13,2092
update/vendor/composer/composer/src/Composer/Package/Version/VersionSelector.php,12e89788b3ca82deccbbb43fed0f78fb06e45bb1eab47e00a29562c40244d641,6090
update/vendor/composer/composer/src/Composer/Plugin/Capability/Capability.php,5f34e86a3a628fffc4c3394a46ab96da09421b666070686a1ecc0aad40ebd654,485
update/vendor/composer/composer/src/Composer/Plugin/Capability/CommandProvider.php,aa462bf8eec1149a1b029a374bb52f5fc84a0af6b95f313de361527f735ef887,863
update/vendor/composer/composer/src/Composer/Plugin/Capable.php,fce5429055be516dacf9118548c29b12a47344d0c9580935eb0f39cc26c67ef8,1179
update/vendor/composer/composer/src/Composer/Plugin/CommandEvent.php,b5b5ebffb23719a5648da1561767a6478f7e53b5cae7fb16cd5be606aa1134ac,1965
update/vendor/composer/composer/src/Composer/Plugin/PluginEvents.php,a93fa3f6143ba2b85ec0f62322b3b3704b95f48db9db3c6c6638d95fc2ecf919,1138
update/vendor/composer/composer/src/Composer/Plugin/PluginInterface.php,911d4e6ce7e14217d80d9fa8825492eb25ade0274e76168971278f86e704f047,810
update/vendor/composer/composer/src/Composer/Plugin/PluginManager.php,cff55153c425544fa2b7a044baa33d790f6057a3da4292c1b6e6f5b7c88b5819,15911
update/vendor/composer/composer/src/Composer/Plugin/PreFileDownloadEvent.php,7ccdacecb65fb4385f4ac747a090f005df697ae1a280cd10bc8c41ab66511c3d,1591
update/vendor/composer/composer/src/Composer/Question/StrictConfirmationQuestion.php,ec1620d1f13abc8e880d4b85a0fb5743d8b164e9675c525fed57f59256d18838,2667
update/vendor/composer/composer/src/Composer/Repository/ArrayRepository.php,77769a53c256ccde4a617e966a7cf3715047d762327d7d566cd304de2aa25232,5718
update/vendor/composer/composer/src/Composer/Repository/ArtifactRepository.php,ab0103ab86263c94babdd2df96005ffc5e83012164949cee8f7a30f7ce319dd0,5000
update/vendor/composer/composer/src/Composer/Repository/BaseRepository.php,4ae382ccbed303c60d8ef4a23da18a439bb656d782198616181c1a0c1bbc8481,7793
update/vendor/composer/composer/src/Composer/Repository/ComposerRepository.php,843d0988ba3c4dbf6e3b61207d5cb872cc00bf6b00e45c63aa397def323ee951,31835
update/vendor/composer/composer/src/Composer/Repository/CompositeRepository.php,08875777f7a880e05c2d4b04c8dcbecc9be86e9e8a9fc5ec670e6a7f700d5d04,3927
update/vendor/composer/composer/src/Composer/Repository/ConfigurableRepositoryInterface.php,4baec366add4de162469dcfaacec4b0bebcf871c3de8f3ff938c50384bf988e8,478
update/vendor/composer/composer/src/Composer/Repository/FilesystemRepository.php,c235f64f12fa3d99b17a25f2868f0fdf6a89db8cb63958d0d2e0125a600c30f2,2280
update/vendor/composer/composer/src/Composer/Repository/InstalledArrayRepository.php,ac67812423c8ba016b70ce50f2177f1be3df877206941beea5546c293b6c54e6,584
update/vendor/composer/composer/src/Composer/Repository/InstalledFilesystemRepository.php,88bee0e0f565975569053a49a2f057468bf67b2b10947d88814e23071b09740a,504
update/vendor/composer/composer/src/Composer/Repository/InstalledRepositoryInterface.php,e1cea1728e85aa3b29ba399fdbf0780abcef8625b7975354b904c4cca41ed168,579
update/vendor/composer/composer/src/Composer/Repository/InvalidRepositoryException.php,f81040eff1fe6847b0fa05c61b6e6e44e1360faf0f32474ed62ddf541190e1e3,479
update/vendor/composer/composer/src/Composer/Repository/PackageRepository.php,a7a1a45074f0aca3b7a1ecc63c9962c588526e044161b19d9295b360a2e09847,1628
update/vendor/composer/composer/src/Composer/Repository/PathRepository.php,c1d0407b72783c8d86537979bb37fb339dafd3bb6351cfa4e80add701429f5b6,5266
update/vendor/composer/composer/src/Composer/Repository/Pear/BaseChannelReader.php,5fba05975a6b116e1b7727707d8c3ccd6018fc648b71ff141493ce1b534b5720,2527
update/vendor/composer/composer/src/Composer/Repository/Pear/ChannelInfo.php,1117316b7a397a62e03fe457cc605e6bc2723a14149077386995c5406740caf0,1218
update/vendor/composer/composer/src/Composer/Repository/Pear/ChannelReader.php,904d593b3c7923a1b2ad667a079e8a3a15d0774ea2db2c0ef816a198a3040068,3216
update/vendor/composer/composer/src/Composer/Repository/Pear/ChannelRest10Reader.php,5db0fae187d8c3d05464c71e12c1a12795c136f86453dd6df2a53cbafe2fd6d3,4847
update/vendor/composer/composer/src/Composer/Repository/Pear/ChannelRest11Reader.php,ec729436f77b74aa5fab78179d6228bfcbd7fee85a6037b011236fb89fc9eb5e,4097
update/vendor/composer/composer/src/Composer/Repository/Pear/DependencyConstraint.php,3d96f3725849da8c08dd3071b928c7683f27378006468d8425f045ac0a44de91,1248
update/vendor/composer/composer/src/Composer/Repository/Pear/DependencyInfo.php,dd3b45e79a4b73516db8a6ec7176b934974dcdcc52104f7364b985f80965d8dc,1179
update/vendor/composer/composer/src/Composer/Repository/Pear/PackageDependencyParser.php,d121e58d8327cd15164808b87ad265e52ba8047738d4c816543ca7a51a4407ff,10910
update/vendor/composer/composer/src/Composer/Repository/Pear/PackageInfo.php,f8652107e5c293c32ac6bd304fac09bf3dc0a2b2cbd109386f59c25d2d8c6800,2122
update/vendor/composer/composer/src/Composer/Repository/Pear/ReleaseInfo.php,99e9c74b0b3a7d016570d32dba93ef389858bbcc2ab85b0a40dd23d5a677999c,1026
update/vendor/composer/composer/src/Composer/Repository/PearRepository.php,7aece57552d701b51768163e624ac6241e0c07b409dd3ec2cfc727a8a3287424,8743
update/vendor/composer/composer/src/Composer/Repository/PlatformRepository.php,d940ed8dd01422f6afe8a855422a6ce4872a741adf9334e20f9d4ab87b0dbac3,10823
update/vendor/composer/composer/src/Composer/Repository/RepositoryFactory.php,77e1cec19fc8f4b0da311f9c987f1b3d60fd269529be78dc88670cf3cb237b86,6701
update/vendor/composer/composer/src/Composer/Repository/RepositoryInterface.php,99c10b60f9e5c2c4980bf6ba26e499121a46febde40ed0a60117fbd8ab615f9c,2234
update/vendor/composer/composer/src/Composer/Repository/RepositoryManager.php,7970c2d26a0a5620fb43a4a8039b311b0bd24f36c30cd15a649883ef29279164,5548
update/vendor/composer/composer/src/Composer/Repository/RepositorySecurityException.php,3aa5be7802fdd5b38b6b930444fb8b18a1935e515e0178c8087a7e9dbb4fe798,482
update/vendor/composer/composer/src/Composer/Repository/Vcs/BitbucketDriver.php,1e412584c5184ea6ad57d5c4c1ef4fffe0aadef149b9b1db21da1ad5ea263701,12990
update/vendor/composer/composer/src/Composer/Repository/Vcs/FossilDriver.php,32faa28fbe4625ec738f8042beb18564b8e76d5eb5a76eeb1d3c87418c142947,7145
update/vendor/composer/composer/src/Composer/Repository/Vcs/GitBitbucketDriver.php,efde03a3e0c63dc01b395bbccc59e6edcea567a4a03970bd9dfa110021f17878,2380
update/vendor/composer/composer/src/Composer/Repository/Vcs/GitDriver.php,235eade6f407fffe1efd8da3881df272a432caa4449e8a0cb37efac10caf0a08,6590
update/vendor/composer/composer/src/Composer/Repository/Vcs/GitHubDriver.php,b4940dcec7c8078fb3f5f0815176d4ae2dec76de3428b4671c5f01644513f7e4,17097
update/vendor/composer/composer/src/Composer/Repository/Vcs/GitLabDriver.php,10517f1d2cea62ea836042e1fd18a9afd45b1eef40f409a9b49fc12e8715eccc,15032
update/vendor/composer/composer/src/Composer/Repository/Vcs/HgBitbucketDriver.php,20793234c5a68aa4417553746c8d5ae16392ae02be64494029605fef9bd89605,2374
update/vendor/composer/composer/src/Composer/Repository/Vcs/HgDriver.php,99ae585f05a6fb8d76499c8ff902fcbb1a17178c2c6e786948a908168433b03c,7036
update/vendor/composer/composer/src/Composer/Repository/Vcs/PerforceDriver.php,c65de57e511dd263d7b3cec18caacb7717c495b67e197f7e8d9899480028a51e,3692
update/vendor/composer/composer/src/Composer/Repository/Vcs/SvnDriver.php,f81cbbeec812fcd3026800dbeb654ace4837e395dbfea3a6d222afe3f95c0ab0,11535
update/vendor/composer/composer/src/Composer/Repository/Vcs/VcsDriver.php,a07487ad7ae5785ebb93a56a5c9247aecc09dd8454c398d3ac85f159bdc6d0ce,4958
update/vendor/composer/composer/src/Composer/Repository/Vcs/VcsDriverInterface.php,8d6cd9acfd291dc4614eeb6e92cd89e78431d1252caad4c88936db2b1fc14391,3198
update/vendor/composer/composer/src/Composer/Repository/VcsRepository.php,e6a1381c1637457fbb2f24a4ab2ca2103a3fd9a4cc30e503fa2a65e7033a76e6,11452
update/vendor/composer/composer/src/Composer/Repository/WritableArrayRepository.php,e1767778544d83d577c42ab98a5c3d8a5b30aacfa77822e00de29bf935898c42,1520
update/vendor/composer/composer/src/Composer/Repository/WritableRepositoryInterface.php,55a508fdb34a6003420e51bbd9a9a2d890bc542d5b0d5350fea76cb49d3a9215,1253
update/vendor/composer/composer/src/Composer/Script/CommandEvent.php,a235947665de76bf4a58158b46a1c8538abd0377ee0e80569c567dbdf131063c,416
update/vendor/composer/composer/src/Composer/Script/Event.php,c245b0d5e5c76a61cc65a1ae0740e4e61954714bab6c1ca39922079c67b80b97,2000
update/vendor/composer/composer/src/Composer/Script/PackageEvent.php,99e7973a41838402f5a86da37b1621e8642c958b2f9760ee2abd8daccfbc8567,495
update/vendor/composer/composer/src/Composer/Script/ScriptEvents.php,f2f30ca3fefcbfefca22afae262b01d6ba1f6b2f36dd48216211e1f426008836,5803
update/vendor/composer/composer/src/Composer/SelfUpdate/Keys.php,f3179f564e2eaddba635ba5ed2d0e7cb2fd544667253dda8d77a06ea610171f6,874
update/vendor/composer/composer/src/Composer/SelfUpdate/Versions.php,4d18d03e6cef070216bd81c34d1c0cc6f44c56af9a2814feb5304a049b8178e9,2140
update/vendor/composer/composer/src/Composer/Util/AuthHelper.php,b7baf409583b1265faca667931ccd8ea3fc9875ce04e3826aaa94e0eec3ab4d4,1695
update/vendor/composer/composer/src/Composer/Util/Bitbucket.php,387d7c8d2f820bcdc796d917750c6cd295823a1ad8e85ea4efc3f3495737f922,8584
update/vendor/composer/composer/src/Composer/Util/ComposerMirror.php,8f2e8a1653eb72d03131aec9e816de5141d484923db84ca43e8c7181dc855a04,1787
update/vendor/composer/composer/src/Composer/Util/ConfigValidator.php,d6be30472f60d83776cf4fe6f9cec1886052309dc4616b1df1d8ff49360b5569,5578
update/vendor/composer/composer/src/Composer/Util/ErrorHandler.php,643625eb947963b8fcf224adafe69c973a844219a7c88c70d6166d3f7a09a155,2292
update/vendor/composer/composer/src/Composer/Util/Filesystem.php,7b603611eb03f33fb56278c07de291bfcc86e889552632d7027bb15682bf028b,21766
update/vendor/composer/composer/src/Composer/Util/Git.php,1032adec712d39e7b4b50275da265632288ee7648d2e740abbf7a69dc5a49292,14644
update/vendor/composer/composer/src/Composer/Util/GitHub.php,a391db3f50a2109ad01aa18840fa58993194351b1b0181f15a8ee2b3de69f775,4624
update/vendor/composer/composer/src/Composer/Util/GitLab.php,63f114438c5e9bb47bd1ba2cd30e5c15fce81a9d98288f71c3c8f73d9fb0b5bc,5548
update/vendor/composer/composer/src/Composer/Util/IniHelper.php,d9fa776359985a15a2f9d2d6960e524bd521283f24b93d4272aa8dc12c0c17ce,1953
update/vendor/composer/composer/src/Composer/Util/NoProxyPattern.php,9901ddd496ef36ace9f7febf4170b478e5309b60b85dcf64d6fbe3290138fb33,4166
update/vendor/composer/composer/src/Composer/Util/Perforce.php,55abc93bcab79bb09792e09e6533c41bbaa9c4a29f1f6f87d7cc6af1b2fff75f,17121
update/vendor/composer/composer/src/Composer/Util/Platform.php,f102cc705cfe8088f023b11dec92a71659f4340749fb30e3ede4eaf73c13ff1a,2600
update/vendor/composer/composer/src/Composer/Util/ProcessExecutor.php,6e0429337fc16c4b0bfe4c3bfa3d4353dc4b069614062d985b8159a5c6e465bc,5625
update/vendor/composer/composer/src/Composer/Util/RemoteFilesystem.php,4aed5ccc7185652f946e2401437d46662baf5eb3e812084d73b9f2f5d87ba983,42159
update/vendor/composer/composer/src/Composer/Util/Silencer.php,ad4d28a40ad3557318ded127027c7205d94fdbe80dc90b91b18164505f86bb41,2166
update/vendor/composer/composer/src/Composer/Util/SpdxLicense.php,701a5163eaaea41ba3d22bd32a1592662781ef69a698d3997a0531f08866a187,570
update/vendor/composer/composer/src/Composer/Util/StreamContextFactory.php,d5eb26be5255238cc06fceba79f99f36dc960b37be044a2d22cb21f96531864c,7300
update/vendor/composer/composer/src/Composer/Util/Svn.php,25539698e27462f3a16b90640b8ef68694d8a97b6a96af8d6325f5135ed3b810,8563
update/vendor/composer/composer/src/Composer/Util/TlsHelper.php,96843ba7f3e07bcb28fa310f91470b53edf122ff48b4282b8067d99dcdb7cb26,6664
update/vendor/composer/composer/src/Composer/XdebugHandler.php,162ca1f9795ca05a3a0c96c1d71819930489c1c4098f1a235461737e33bd9475,8611
update/vendor/composer/composer/src/bootstrap.php,474691338d02a2bbd2bc87fcbc83c7e0a5be410ff7a955e5b6a1903cb8127e5d,713
update/vendor/composer/installed.json,906003ccb2e0a01b43cc7757b53fa0084239449fb41b30252dff6e50b7ada399,79420
update/vendor/composer/semver/CHANGELOG.md,bf76aad116e63d32eb75bdff656d6bc69df573b172f126537fda236a91b2532e,3009
update/vendor/composer/semver/LICENSE,6bb16991cf366c84116c5f6a4d5078f7113ebc47d1f245ea9b57b8c10abd7479,1052
update/vendor/composer/semver/README.md,8442152e226d19057326d9f6ef3cf7388922aa4b56ed082bdb24fab23025d6f3,1621
update/vendor/composer/semver/composer.json,abe6c6835038beb9e3156fd2a1c67500e4728f096ce0a0463691a9f9d044b4f3,1405
update/vendor/composer/semver/src/Comparator.php,e47414e7fc99b1a2b11dd65b6f5cf1fad3358f4f7ee3735c2f48423c4e020cda,2555
update/vendor/composer/semver/src/Constraint/AbstractConstraint.php,21f636db4aab867e5b5c291d3d10bd0dcfe8317fc0da8c6ba30919b75726d93c,1623
update/vendor/composer/semver/src/Constraint/Constraint.php,ca217b7594c12383b90be38c3f6be8c53940fd5cf33d68068a493e97ec0a9c0f,5974
update/vendor/composer/semver/src/Constraint/ConstraintInterface.php,725c0ab7978ebf2b93fda9dde5cd2062e0ea60d03ac00782b1c64a3284a8b3ce,606
update/vendor/composer/semver/src/Constraint/EmptyConstraint.php,55450a921e3a57ff4e741cd1a880d3fa151a48f3a82647a3188bd0d1d41b73ab,1080
update/vendor/composer/semver/src/Constraint/MultiConstraint.php,2fae1cb378f991fa22e1f73e03e5354a160295ada5216db2d97e9d52dfd460e9,2598
update/vendor/composer/semver/src/Semver.php,b039b608e69486ef4a9174b7a94a242485b7268fe0045f7aaaaf919f7ecaad1d,3202
update/vendor/composer/semver/src/VersionParser.php,c3d0e33ed095307cc9215f0545dbaa3e159af7d55cf839eee7f405a898c6edb6,19777
update/vendor/composer/spdx-licenses/.php_cs.dist,f0b65e11bf5e5386cd9f1c90691b7d60a304609aef838ce53a2404835a906b4a,1895
update/vendor/composer/spdx-licenses/CHANGELOG.md,dd70736a5825f05ac041f05a33cc7092c8af4777faea8e9196492c706200b7a4,2004
update/vendor/composer/spdx-licenses/LICENSE,6bb16991cf366c84116c5f6a4d5078f7113ebc47d1f245ea9b57b8c10abd7479,1052
update/vendor/composer/spdx-licenses/README.md,df9435a3a82f280cb0a54d7c71c2dbec9fd8866bffd231e7bedf62f90e2d86b9,1596
update/vendor/composer/spdx-licenses/composer.json,5659a2fdd23831cc9c89397f634cfbffd7c400e0a342baf6b4caf0df525fdd66,1351
update/vendor/composer/spdx-licenses/res/spdx-exceptions.json,564986413f367a58aa5dfdde20030666ea1f038a16f6bb99ec91d8839f74a5cf,1773
update/vendor/composer/spdx-licenses/res/spdx-licenses.json,886e9eeaffa56cd034f3da04b2f3f8369ae97850c2fb3d3e94eb2be87e585a33,26351
update/vendor/composer/spdx-licenses/src/SpdxLicenses.php,204f5bb77e452e52a77fa13c80245ddf65162821be9c605b359a3d018e4017fc,7885
update/vendor/doctrine/instantiator/CONTRIBUTING.md,5475e1ea8f3b565efec1cbc2b2260b36c8e1aeeb4a9fe2044dc127d10ed02cf5,1083
update/vendor/doctrine/instantiator/LICENSE,1aa2931bf24eff4ca405891a2f8adb35dcbf23cb705ed439cc6b6341a2e7a332,1060
update/vendor/doctrine/instantiator/README.md,ca761673f442edb2db352b06bf49498673ed5511a91ce5de2c26cbbfbe06ee33,1915
update/vendor/doctrine/instantiator/composer.json,39f77b15d9784eabbf7ae4990f90d3d477a859b41d66ff17958b49fd5cb5cf03,1334
update/vendor/doctrine/instantiator/src/Doctrine/Instantiator/Exception/ExceptionInterface.php,b18825d84157ec265b635b0ae72c93b55932f8b041c7a420a4eb518fd7aa8e3a,1189
update/vendor/doctrine/instantiator/src/Doctrine/Instantiator/Exception/InvalidArgumentException.php,720e9688bda36504ed59b3ded1c5c901ae879b25cb3bb18bb5c8727a1411226a,2148
update/vendor/doctrine/instantiator/src/Doctrine/Instantiator/Exception/UnexpectedValueException.php,ab534075d471887ce0a7207e33ed7bcc1c3865c3f069e1cbe495b2b20b8d0d80,2413
update/vendor/doctrine/instantiator/src/Doctrine/Instantiator/Instantiator.php,4fc6063c8d5582e19583eafed82bae8f7f36b766db4430b3e911a1755dfc9b43,6783
update/vendor/doctrine/instantiator/src/Doctrine/Instantiator/InstantiatorInterface.php,1aa76b66e4d8163f4d7b3b5cc2a1374f826f7599ba6268018c0559bfabf82ea0,1406
update/vendor/justinrainbow/json-schema/.gitattributes,6fb62db4682195e2a8f3d8be55eb503ad9adcea333d6239af605f8721666c75d,170
update/vendor/justinrainbow/json-schema/.php_cs.dist,fd1fea0fbffa29e10a5622b98882c595cd4c3b163b149993f0287edaceb6fa73,883
update/vendor/justinrainbow/json-schema/LICENSE,06738824e7714c8c666cd3dffd99825ea7a95c34d159a7759d07fd79893e7928,1056
update/vendor/justinrainbow/json-schema/README.md,12ef1ed30c72e7ff64ee0bc4cb8dde650967102aff681d7d0f7cd5816d15d942,6266
update/vendor/justinrainbow/json-schema/bin/validate-json,57ac69d9aa20706acc007d5c1efacf3896ec7b6ef5e2530604d94490525cf377,6794
update/vendor/justinrainbow/json-schema/composer.json,ae36367ce11b48023e32521ae2649ab4792c909acb4351bbd903bb08851182d3,1936
update/vendor/justinrainbow/json-schema/demo/README.md,f23c30e57e3102c6d4e5c823f47867cb3cb03f164ab4b74c16333dc69c2f4043,556
update/vendor/justinrainbow/json-schema/demo/data.json,13849cdbc62563d9f8a3eb3b25e69cc5591888d61b19f21d9f16b5491b73bf3a,18
update/vendor/justinrainbow/json-schema/demo/demo.php,5a134aacfe58608414d4e01d0c39ecff60c82e46ce75219a26553896498bed9e,532
update/vendor/justinrainbow/json-schema/demo/schema.json,59dd9138acc693310fce4722159a02240f995b2be524301ba57548a1aa7b10fa,23
update/vendor/justinrainbow/json-schema/dist/schema/json-schema-draft-03.json,ccd758693334d5f0ab9c4926fc364b2d97fa070b6fe9c34d6e0f8fabe4ee27a9,3863
update/vendor/justinrainbow/json-schema/dist/schema/json-schema-draft-04.json,7353ff13faa979027813b95c8b35f992057822696a70c43c79b3bfb7249e76b4,4375
update/vendor/justinrainbow/json-schema/phpunit.xml.dist,f89bc078f8a28355ab54d04b7c507149ffa3b989e8f4bc8837e8073dafc8af95,704
update/vendor/justinrainbow/json-schema/src/JsonSchema/Constraints/BaseConstraint.php,f1214e101db4f8ba5ec9bcfa010d8dec358a85e62ed1d48d16bcf0b999c87d62,3877
update/vendor/justinrainbow/json-schema/src/JsonSchema/Constraints/CollectionConstraint.php,3c0eb71007eac8f5083eee728e452ff491a0b506cbb4ca65ffb5e00ca1b0d438,6307
update/vendor/justinrainbow/json-schema/src/JsonSchema/Constraints/Constraint.php,5704010da4732b7dd103ab863fe7d2c9a21a07c3b280bfddf9cb205c69abcbab,6589
update/vendor/justinrainbow/json-schema/src/JsonSchema/Constraints/ConstraintInterface.php,67e53797cc99e57d64787c98f66355873eefe344db517bfced0bf401223f83df,1565
update/vendor/justinrainbow/json-schema/src/JsonSchema/Constraints/EnumConstraint.php,bb230a041ab19eb9561b99ad5529c05ee57bcf6c5268c04146c777623996975b,1649
update/vendor/justinrainbow/json-schema/src/JsonSchema/Constraints/Factory.php,e6482b51eb6f527fc8c53fac0edfb5e1b408c5b70bc37777b928609e50beca36,5790
update/vendor/justinrainbow/json-schema/src/JsonSchema/Constraints/FormatConstraint.php,863c79975694bb9c558b4c88aaaf692fe22b8503f2bcb420c6eac8122e341348,8853
update/vendor/justinrainbow/json-schema/src/JsonSchema/Constraints/NumberConstraint.php,2db477682029d70b8a173661cd4814962ee7d2af7a3b7e8880b8c9ea46acc17c,3770
update/vendor/justinrainbow/json-schema/src/JsonSchema/Constraints/ObjectConstraint.php,2ae561a556f9f3c616877d63adb69a890ea64969f5e6863cb0020f5ba85a1825,8079
update/vendor/justinrainbow/json-schema/src/JsonSchema/Constraints/SchemaConstraint.php,a57b6b631e6007e15caf1a76239e3f5b1c4126d16e224b67ec3c1e8feff5b44c,3821
update/vendor/justinrainbow/json-schema/src/JsonSchema/Constraints/StringConstraint.php,5dd125e268eda75c61dc0dd2c6a035a5ffdba7e6368a7f1d39ffed71de46227b,1990
update/vendor/justinrainbow/json-schema/src/JsonSchema/Constraints/TypeCheck/LooseTypeCheck.php,2689c1fa34bf4c2823cb739ecd085508a97bca08c45d753e844415f6d13e9f19,1558
update/vendor/justinrainbow/json-schema/src/JsonSchema/Constraints/TypeCheck/StrictTypeCheck.php,2b3b5323597a7bb882eb158d0168051b546fc5a02dda9531fad35a7057c340ea,744
update/vendor/justinrainbow/json-schema/src/JsonSchema/Constraints/TypeCheck/TypeCheckInterface.php,b51e6798923832ea45e8c8b09f3799f83ae32b71dc26e6631112db2829751204,417
update/vendor/justinrainbow/json-schema/src/JsonSchema/Constraints/TypeConstraint.php,009e2fd6472f120ed35d1d4c634a5b99420576fc0eb54124417623a6ab019196,7974
update/vendor/justinrainbow/json-schema/src/JsonSchema/Constraints/UndefinedConstraint.php,51422a7f1c012164321f224632aa9debbe7d343c907f1b0d8bd6e4da3c3bfbcf,15318
update/vendor/justinrainbow/json-schema/src/JsonSchema/Entity/JsonPointer.php,c165d641b8e2079c4b7312a5395cf929975cb1096907e3a987ef1d7501699ede,3390
update/vendor/justinrainbow/json-schema/src/JsonSchema/Exception/ExceptionInterface.php,a6c0840b3df6e23143b2d2d7e63683e02c7dde09757a816f3b4f2c9180e5f3f7,73
update/vendor/justinrainbow/json-schema/src/JsonSchema/Exception/InvalidArgumentException.php,69b79a41050d624bf06501320fe909ebc2010d3a95dc4ebada92575249eb083d,377
update/vendor/justinrainbow/json-schema/src/JsonSchema/Exception/InvalidConfigException.php,d602225fc7a4ba1d88dbd912534f50423c376bc8c6ce740a44220a251c6df125,337
update/vendor/justinrainbow/json-schema/src/JsonSchema/Exception/InvalidSchemaException.php,7767a517db49b55b839593d2c4fe4d6bff3d53820fd045b95d1b4511894c08e4,334
update/vendor/justinrainbow/json-schema/src/JsonSchema/Exception/InvalidSchemaMediaTypeException.php,6e64547c50608ea02d399a2c4fc7324585f4ff2a26ab612c5fa14da372676c4e,343
update/vendor/justinrainbow/json-schema/src/JsonSchema/Exception/InvalidSourceUriException.php,eb51d06dfe3ddf666c893dcb8b065cd479d5ad41b8ac985815b0eb55d92264b1,348
update/vendor/justinrainbow/json-schema/src/JsonSchema/Exception/JsonDecodingException.php,71c2bbf778508f80ca169fa6fee12b01718a506b4b8d084d8e95a4133a5c5226,1243
update/vendor/justinrainbow/json-schema/src/JsonSchema/Exception/ResourceNotFoundException.php,cba7c93cced5520a8cc93b57112a0363fd834d3e95510335653f3cac50bb1872,340
update/vendor/justinrainbow/json-schema/src/JsonSchema/Exception/RuntimeException.php,fe1211b1c4ffaa1385207df8fae778618c3d2a381e8b7248cdba01d580fcc076,353
update/vendor/justinrainbow/json-schema/src/JsonSchema/Exception/UnresolvableJsonPointerException.php,1010a2e7d9c2b7aa46cea76800e67688e8647a392690bb3aea05dc058dbf0af0,394
update/vendor/justinrainbow/json-schema/src/JsonSchema/Exception/UriResolverException.php,efd03aba2e5a015934bc6dda636ba52d5b1bb31ff2183a898875a61fc317e006,330
update/vendor/justinrainbow/json-schema/src/JsonSchema/Exception/ValidationException.php,13c7356ec0d4cabd902000bfeb2bf6ad5bd8fd78024eb76dbf7d75075d489c86,281
update/vendor/justinrainbow/json-schema/src/JsonSchema/Iterator/ObjectIterator.php,345eaa9f5b97661b535107216915e75ade59dbb9781cae976f83b9960774157c,2791
update/vendor/justinrainbow/json-schema/src/JsonSchema/Rfc3339.php,b5fe68b190c6fa6cabaecb7df4a7b33ca32130a402e5f262a8849410ed308b9e,886
update/vendor/justinrainbow/json-schema/src/JsonSchema/SchemaStorage.php,483e8eb3c0a38d6bbe8e8926cce7ef624178f3bfca8444cb3f1e3f5c840e9dcb,4830
update/vendor/justinrainbow/json-schema/src/JsonSchema/SchemaStorageInterface.php,d6242f19ed7bcf304d3bb98b89702941bcada9611a57a887715c4cd7521c24cb,802
update/vendor/justinrainbow/json-schema/src/JsonSchema/Uri/Retrievers/AbstractRetriever.php,00a4340b5cbdef50941d4fb9562119e14d663fa2a50a5eb8ee868d7924c550c8,626
update/vendor/justinrainbow/json-schema/src/JsonSchema/Uri/Retrievers/Curl.php,130b74eb32caf745e78a7d11e0cf2b8b60fbffd048d7214f8dbc3220fc4bf799,2159
update/vendor/justinrainbow/json-schema/src/JsonSchema/Uri/Retrievers/FileGetContents.php,f2071b73c1541554bf003dbedff55faeeac5156730c5d5ae4875ef1c828b654e,2666
update/vendor/justinrainbow/json-schema/src/JsonSchema/Uri/Retrievers/PredefinedArray.php,1a6f2e608fc0ed145a3ec71ee43db40a50575f1a3db74440e4e2c855496aeb6a,1300
update/vendor/justinrainbow/json-schema/src/JsonSchema/Uri/Retrievers/UriRetrieverInterface.php,dadca96a6f183638424bb762252fcc86646301db77d61f7730fe70dde95800b5,746
update/vendor/justinrainbow/json-schema/src/JsonSchema/Uri/UriResolver.php,165ac71f10efd58711ff72cf18a26026b23979c0df35bff630c89352dbb8d6f8,4097
update/vendor/justinrainbow/json-schema/src/JsonSchema/Uri/UriRetriever.php,616f4c6a0425f373d6fd76ceb51986175ec40b24397c17d5cc1ae66a78da2c81,8895
update/vendor/justinrainbow/json-schema/src/JsonSchema/UriResolverInterface.php,e99a40127cc99684647803aedd93e92de0fbda382b20bef784d9ca4977c3e6eb,530
update/vendor/justinrainbow/json-schema/src/JsonSchema/UriRetrieverInterface.php,92a74d588cb2674cd5e3e0032baa8935cd3dffb1a761da192bbd9844754ec2d0,517
update/vendor/justinrainbow/json-schema/src/JsonSchema/Validator.php,276c1122f7530c241a326528ed6e13b9135e6b7eb237e3e90d570452792382c6,2768
update/vendor/magento/composer/.gitignore,0ba1dc081a3a8a837eb4337250f35275c4178b682ed7925c66d53a53b6e6d64a,82
update/vendor/magento/composer/LICENSE.txt,4c8537fd5431aafcb0ab22c49cba68febb59dd3595210f6c6c3b9212de0a7b49,10364
update/vendor/magento/composer/LICENSE_AFL.txt,49d9aa4c0615ff95305681c358fa1575f54ed3a512b016f61c71d6784860dd8d,10376
update/vendor/magento/composer/README.md,9f87893be1d33326f767291092ea45d040cded8f0476fd7543d83aa67073f449,94
update/vendor/magento/composer/composer.json,1479ab3955dfc4142e8e20bd74a41e8c80e57080639bdfaf662db948c25360eb,485
update/vendor/magento/composer/phpunit.xml.dist,54753500f9eac6b0e25e6b02364155f6ca111726fefca7f6c0e6e31bbf554ed5,729
update/vendor/magento/composer/src/ConsoleArrayInputFactory.php,9b772a655cbb17451a2fd10be6e09ce15e744bacbbb175e3315ad0bfa09bde62,471
update/vendor/magento/composer/src/InfoCommand.php,174dd259528b31ef7d1cc7830dda2050bb2018a39e0bb41428ada91a9ad55fff,3599
update/vendor/magento/composer/src/MagentoComposerApplication.php,4d4ead5dbcdc2b1eb085c0f383c126270a2e073b452b115c8dba618626dfa27b,3385
update/vendor/magento/composer/src/RequireUpdateDryRunCommand.php,fe0f61faf365a06e4fbd809be1abb6e20c033c9fed0fa07c7b3f7c010742e5b7,4703
update/vendor/magento/composer/tests/Composer/ConsoleArrayInputFactoryTest.php,c20e016159b071fb603fccf2071e5d9c694f6f337893c98181c8061e183b9597,567
update/vendor/magento/composer/tests/Composer/InfoCommandTest.php,fdd4dabda45443258a6708f2c290492049bdeded6dc58f1388d735097de16716,3775
update/vendor/magento/composer/tests/Composer/MagentoComposerApplicationTest.php,6ab37cad15248ce5567da2850ff42fdb8610ee5e2066243cf8cd06f573324d77,2348
update/vendor/magento/composer/tests/Composer/RequireUpdateDryRunCommandTest.php,7515490b3736525dc1d1dcd68519eb5d0b7b316469607918fdee33e9f33d362c,2986
update/vendor/monolog/monolog/.php_cs,f74fa6f7e7cf282458d8d18f88cce398b2f051d831e530ff9b7b2d8b1c8256b8,1868
update/vendor/monolog/monolog/CHANGELOG.md,7a62ff0841c0a847d48739a34447a8d80b463b8e207dcaac8f732a4cc4549f35,19217
update/vendor/monolog/monolog/LICENSE,dd678c7de632ca2119083c763400237fabd45510dec4680b1eb5d6c0e7700379,1063
update/vendor/monolog/monolog/README.md,8ae5192e1837b622046b107742ab806755007224190b2d5c20f8eab1c0d19040,4047
update/vendor/monolog/monolog/composer.json,2c8067974a2e3371da6122ee77416ee3664e8b1980114a94929a8e3f563ec105,2535
update/vendor/monolog/monolog/doc/01-usage.md,8c835b24d135055b948b0b6264e8663025747dfb0d2a80eefa97dfad543d7369,8476
update/vendor/monolog/monolog/doc/02-handlers-formatters-processors.md,886b993b5518f3af12aab84d0ed22d45fafdab53acd6a30f9f8fd04ac115006c,9951
update/vendor/monolog/monolog/doc/03-utilities.md,cd1be42d271e81bf43faee48b748ed98ba2a96257459c47ae6307dac1d1e7ee3,798
update/vendor/monolog/monolog/doc/04-extending.md,555ad230516535778ba381f5b54828fe5f993d2e0c3f401e5d5fa5608055227a,2159
update/vendor/monolog/monolog/doc/sockets.md,8cab601998c3c8bbdf116bed2daf4dddbb46453937e4a8c63b4168ed0ff73545,1023
update/vendor/monolog/monolog/phpunit.xml.dist,11befd94ee77d5c0f1e3069e4d2b007746542cd5ac302ecf02e17f4f7d0acefb,460
update/vendor/monolog/monolog/src/Monolog/ErrorHandler.php,37ce2cf88f4013f29182f9b8c68ab6e25cdec570752e255c887b26852c791615,8057
update/vendor/monolog/monolog/src/Monolog/Formatter/ChromePHPFormatter.php,ef8a9b6cb471e8c6a4499f31955f181940a93bc465342b52d1b6980f0e3519ef,2043
update/vendor/monolog/monolog/src/Monolog/Formatter/ElasticaFormatter.php,8bb2ad8b759598854cbda9a059c58ac877af5a959fcf94d9e482210923364bdb,1837
update/vendor/monolog/monolog/src/Monolog/Formatter/FlowdockFormatter.php,ff986f02a7f70ce2bfe6c8f37e442b80f3bd4fc28697bb0f920bf39c6a974878,2548
update/vendor/monolog/monolog/src/Monolog/Formatter/FluentdFormatter.php,ea2b1482d3a4e0b99288bf741959107707c2a9673c3161dba0444ce7056a20ee,2118
update/vendor/monolog/monolog/src/Monolog/Formatter/FormatterInterface.php,a08f82dad743e989c65e62e85a694d40fd2d1ac98c1c5165d69ed6d7a89e0826,787
update/vendor/monolog/monolog/src/Monolog/Formatter/GelfMessageFormatter.php,4225f19ac300796422f0f09161e6fd8eec3b3704c12392a9f0159cf3d55d0c4a,4408
update/vendor/monolog/monolog/src/Monolog/Formatter/HtmlFormatter.php,7c3e48f377fd496efa687833328944293c80f21f70174bd0a54df1a5de7669f9,4537
update/vendor/monolog/monolog/src/Monolog/Formatter/JsonFormatter.php,60a0666eb5ae4c90b6a92362aea09469f8bbf2e62ab00e16cdf5b058f75f7d53,5482
update/vendor/monolog/monolog/src/Monolog/Formatter/LineFormatter.php,b0f3a8076a147a9a921c33ea6eb24ada5a18972a5cd8d0e2e066a0931cd7b7a9,5528
update/vendor/monolog/monolog/src/Monolog/Formatter/LogglyFormatter.php,5196e7c617e7b527e3d260b25878f06a9b586cc6058a235014ed17f64d9607d5,1322
update/vendor/monolog/monolog/src/Monolog/Formatter/LogstashFormatter.php,716dc0f596bd4db63c39fa0f3a41b9db3a96ac395bde787ecd88618942e1490b,5307
update/vendor/monolog/monolog/src/Monolog/Formatter/MongoDBFormatter.php,b30647dd4df0851d65353749320f665c3ea594dd150b990d973ae02078a09f07,3260
update/vendor/monolog/monolog/src/Monolog/Formatter/NormalizerFormatter.php,c244b0b995ad13f76ec101e1a418d2236a6c316fae3d3f655127f55641ef0083,9402
update/vendor/monolog/monolog/src/Monolog/Formatter/ScalarFormatter.php,2d728387705636e6c3619b7cba77ca3599e684098ddde5784b1c654eaa3e577d,1040
update/vendor/monolog/monolog/src/Monolog/Formatter/WildfireFormatter.php,4c389a9c21aaf95052f7f665e625080a4493d8ed9981ab130f2a51f1319827ad,3234
update/vendor/monolog/monolog/src/Monolog/Handler/AbstractHandler.php,e07b7609ff1e18dc561c113a2cdcee5e63a69740d60ec86b639e5f1230640fca,4127
update/vendor/monolog/monolog/src/Monolog/Handler/AbstractProcessingHandler.php,2fa028eae6d0452358501e81d5cef672fa227e068b43676738f804d02ebc9082,1498
update/vendor/monolog/monolog/src/Monolog/Handler/AbstractSyslogHandler.php,0d3f7a523e3aa6127a2681e1d2f640debb400bf10374c0f0bf5e5ab07e983eeb,3382
update/vendor/monolog/monolog/src/Monolog/Handler/AmqpHandler.php,02b45d21651c0485c03e4b6e589e9be6658922aaf2d1e2f7887e65b27e49b758,3866
update/vendor/monolog/monolog/src/Monolog/Handler/BrowserConsoleHandler.php,4c9b3e5466e9ea20b02f63f7529526ac97e813efcfab53d617cd080afde09e81,7162
update/vendor/monolog/monolog/src/Monolog/Handler/BufferHandler.php,735bbe67de1ca3eb268ecb2da77adde86584b1abe9646118bd97b5f200cc636b,3436
update/vendor/monolog/monolog/src/Monolog/Handler/ChromePHPHandler.php,8b3d25b5d98daf0e25866dd0e6ef41c8148a8220691727b7f403303b3ec97edf,5623
update/vendor/monolog/monolog/src/Monolog/Handler/CouchDBHandler.php,6210863fe2dee9064124d49747e67b156cb022914df086a38a74913b70e0ce05,1953
update/vendor/monolog/monolog/src/Monolog/Handler/CubeHandler.php,dee429b5af0ce3e9513eff09bb7d15a350194b3176d355ec7e2b5c6839deefad,4631
update/vendor/monolog/monolog/src/Monolog/Handler/Curl/Util.php,fbfc5b6d0e888e7d4ea4477c22c08ff926947c4b3b7cdbe71258cb6b4185576c,1497
update/vendor/monolog/monolog/src/Monolog/Handler/DeduplicationHandler.php,9a639b438c0e382f7590b2d27ebec6da36bd592a439b2bb71ca3a6ff3ed345be,5479
update/vendor/monolog/monolog/src/Monolog/Handler/DoctrineCouchDBHandler.php,b8697c2d2427809ca3c36a9dd666758278996beb0c8ada95e0221b663369b1cc,1000
update/vendor/monolog/monolog/src/Monolog/Handler/DynamoDbHandler.php,33759a0e5e20add115eae75a4de5ab04508e2ddc47a7c931ce712c7200cbefea,2440
update/vendor/monolog/monolog/src/Monolog/Handler/ElasticSearchHandler.php,c8877dce0d8e4b9b4a671414cc067ba601ac8cceafb5bfea72d69a6612662622,3417
update/vendor/monolog/monolog/src/Monolog/Handler/ErrorLogHandler.php,6edeb9339dd17471439f32e8d47bfdd3c4c6352206e31e66a4ebdfee849b77ef,2380
update/vendor/monolog/monolog/src/Monolog/Handler/FilterHandler.php,80166a50ce610af2b527f6b85075a9f67eb938ce0d3394e475d1be81cdd8b83c,4425
update/vendor/monolog/monolog/src/Monolog/Handler/FingersCrossed/ActivationStrategyInterface.php,2526c63cfa450432f1717ce9ce14153cf3954216d470db44e8d702abdfe8f207,651
update/vendor/monolog/monolog/src/Monolog/Handler/FingersCrossed/ChannelLevelActivationStrategy.php,daade04197744ab0bedef3dff898d984b9f162051bdf2036e6a5bc79fc2bd064,1933
update/vendor/monolog/monolog/src/Monolog/Handler/FingersCrossed/ErrorLevelActivationStrategy.php,6feb90b549d7a60eb6e674590f65de3fef637b4d0a4c92e296926e0a502c230e,759
update/vendor/monolog/monolog/src/Monolog/Handler/FingersCrossedHandler.php,78e3a913edb61ea53478f3347e64c3d955fdbfa876057a3338a6d5b328c22790,5637
update/vendor/monolog/monolog/src/Monolog/Handler/FirePHPHandler.php,41dfe07b444cddeb88c3b9f56c4d7b3a40da5d29958c5a740e10e699200c295b,5466
update/vendor/monolog/monolog/src/Monolog/Handler/FleepHookHandler.php,9517a135bfe468ab5c444bb15bb823eec83b7e83cb58f05a5c64e0ea72212056,3363
update/vendor/monolog/monolog/src/Monolog/Handler/FlowdockHandler.php,1a77e9cf0a3ca10f828247ffef8411221e8605f8efa67bfadc8cdebed3d6840b,3357
update/vendor/monolog/monolog/src/Monolog/Handler/GelfHandler.php,81b9606c9fa9e7e68eb57905bba74adf7b0103db6f99a8e2594743ba87f13f7b,2068
update/vendor/monolog/monolog/src/Monolog/Handler/GroupHandler.php,1ddeb972726c3a74375dc47a6446ea56316478993724eba2439ed358f4874f46,2496
update/vendor/monolog/monolog/src/Monolog/Handler/HandlerInterface.php,6f0df47df61db9e9017caa416e037296840e59d264aedd9c5b8efaae8a2ed1b3,2597
update/vendor/monolog/monolog/src/Monolog/Handler/HandlerWrapper.php,f86ad11ef7ad1f062eec43e350acca8b7415fdb55f20b88ead49393e12f55e8e,2156
update/vendor/monolog/monolog/src/Monolog/Handler/HipChatHandler.php,20a4180e14ac2025c90e5711f02f28d265e0f2d0359ce1b7aa8228cb269fe17a,10347
update/vendor/monolog/monolog/src/Monolog/Handler/IFTTTHandler.php,d4a81fe08d0868a1e53031e27c1471f059347b0ba273ebfc0bd3d715b4a667a9,2118
update/vendor/monolog/monolog/src/Monolog/Handler/LogEntriesHandler.php,23fa9d088021fcd73e61604414ce4fc4381865eb428ac2e8a7915cca28bd73e6,1601
update/vendor/monolog/monolog/src/Monolog/Handler/LogglyHandler.php,01ff4bd5d1bb106df5f54a29968e0c3b8e147f207f3b4ded3d35240e9d16f54d,2619
update/vendor/monolog/monolog/src/Monolog/Handler/MailHandler.php,0c3d3e4ae40e7d1239a4493c738825e5a7dd18530ba304c7f428fbfabdb22796,1622
update/vendor/monolog/monolog/src/Monolog/Handler/MandrillHandler.php,5e94106375e742f8ef73fa6a09998ec4aa440d3cd984386c138dfe712c36e166,2156
update/vendor/monolog/monolog/src/Monolog/Handler/MissingExtensionException.php,4cb4dd1ecb944005d7912a58a5118bcee9f1e5b8d7eecf6447f357d543f9e31b,450
update/vendor/monolog/monolog/src/Monolog/Handler/MongoDBHandler.php,f7626295e38e10650162f0bacc644e32c61951430e4fe1b9ac89a2e38110dc92,1606
update/vendor/monolog/monolog/src/Monolog/Handler/NativeMailerHandler.php,acd588d5d8ce692e95bae05e85ec83f5883f9db2bb601e12fb6b04cc72ff9647,5206
update/vendor/monolog/monolog/src/Monolog/Handler/NewRelicHandler.php,11598d3a975f0332c0ef728d44aad57598428ed457c8f47c6976a71543ec231a,6015
update/vendor/monolog/monolog/src/Monolog/Handler/NullHandler.php,f4225bb41ae863bd9d48e995907733b50e7f91f7ab4d5213fccefded68896759,953
update/vendor/monolog/monolog/src/Monolog/Handler/PHPConsoleHandler.php,5e9e572919a9c13143feb08a135466c96b682112de422839f9d717e69cc2a92e,9990
update/vendor/monolog/monolog/src/Monolog/Handler/PsrHandler.php,9c67c5d653876d1a956aeadf87c47ccbd24ea2ae4c2551eee30b7428a54872f1,1433
update/vendor/monolog/monolog/src/Monolog/Handler/PushoverHandler.php,2a9904f55b10910d197669ea2d45c4d74b31ba959ef2623e36caabe7463cbe4a,6629
update/vendor/monolog/monolog/src/Monolog/Handler/RavenHandler.php,91c733648f77b5bc6903c4134bd554c1e98b096c6de5bf799592e4290585873c,7115
update/vendor/monolog/monolog/src/Monolog/Handler/RedisHandler.php,5d35b10fc9dea9c1263565c5914da59825581e5efed4af0b7353b10b58f4c771,2889
update/vendor/monolog/monolog/src/Monolog/Handler/RollbarHandler.php,a18160241b026fcfe4ad60ed3edaa5d5f1ce6b6204935de720d119e0a897f92c,3812
update/vendor/monolog/monolog/src/Monolog/Handler/RotatingFileHandler.php,d258d45d799cfaa6aab6f6279209835e9456d9ae5b230d9553777fce4d5a44cc,5687
update/vendor/monolog/monolog/src/Monolog/Handler/SamplingHandler.php,6311b56fa9a14b3faa6d8ee059716df4f10f8f12bc7c8af8dc9307ee3eaeab77,2674
update/vendor/monolog/monolog/src/Monolog/Handler/Slack/SlackRecord.php,b35a5da0438d466cb622fddb44289bd3ab5acae835ffb846cf2fd42f3a2a0d81,8192
update/vendor/monolog/monolog/src/Monolog/Handler/SlackHandler.php,ff0d0378ee610e79b2b5fc66501b61c34702dbfe902766304c4ed54c73475e39,6381
update/vendor/monolog/monolog/src/Monolog/Handler/SlackWebhookHandler.php,5812855f125d63ea392629ef74ec2a1df1fe50e409db63f037f6148abf832207,3737
update/vendor/monolog/monolog/src/Monolog/Handler/SlackbotHandler.php,376b693c04a39e40f62fc549a0fdb8a09c5115139673c6f9c9fc0ab2bb2e6ba2,2029
update/vendor/monolog/monolog/src/Monolog/Handler/SocketHandler.php,cb66000d45f0e1fef1ee9af51b4caa0f1b7ca5874aa0220d7bc2f9339b5ae90e,8884
update/vendor/monolog/monolog/src/Monolog/Handler/StreamHandler.php,c069784f4276221f7ae0dd34b25bb4014dd085764f9fa213a0aa3100e562f371,5203
update/vendor/monolog/monolog/src/Monolog/Handler/SwiftMailerHandler.php,c992a3217d5d19b3c3e0c8990e0f6335a1ff188daae0ff3b6f7aabe3f0775a18,3095
update/vendor/monolog/monolog/src/Monolog/Handler/SyslogHandler.php,c8d8c67f9e1dc76f9b1243db208bd8219af9a99be1f76a5168894cf70f63f281,1848
update/vendor/monolog/monolog/src/Monolog/Handler/SyslogUdp/UdpSocket.php,d50186d6fcebfcdbeb2ed7ec35fe6766a067a54166eef4f05f3795c681e11c3d,1401
update/vendor/monolog/monolog/src/Monolog/Handler/SyslogUdpHandler.php,ef2a51e586dd836b642bf16488db758a531b8beb0590d3ff77b60be19f790291,2580
update/vendor/monolog/monolog/src/Monolog/Handler/TestHandler.php,d9b29222f3ee68e353257e32e3cd69014ece330529407f7c74da1d37b02c655d,4676
update/vendor/monolog/monolog/src/Monolog/Handler/WhatFailureGroupHandler.php,16704386f7f96c5bd3e2d4415f79fca738c20835e68e7a4fb8d60693fffabde7,1485
update/vendor/monolog/monolog/src/Monolog/Handler/ZendMonitorHandler.php,6d65b094f4c53d186530b046cc3a2740a64630e175660f1908da8befb5c3a714,2240
update/vendor/monolog/monolog/src/Monolog/Logger.php,b4ab977df879a1b4a781a3089991e7a46abbfed8dcfa416a90a04ab93c637cba,19304
update/vendor/monolog/monolog/src/Monolog/Processor/GitProcessor.php,9e656cc91924a3659ce5460e4b65c1c046caf740528b235e273394b16f25afa3,1406
update/vendor/monolog/monolog/src/Monolog/Processor/IntrospectionProcessor.php,08ef66fe54b35036ded6d36a8f0d9c53c567f81f9673f9726ac98aac39a2da86,3535
update/vendor/monolog/monolog/src/Monolog/Processor/MemoryPeakUsageProcessor.php,4e4ffbc79f004470b8a51d0fdb24478196216509c86113f3756eb44b290a5b62,790
update/vendor/monolog/monolog/src/Monolog/Processor/MemoryProcessor.php,527ac2312cf2fea4371db4cb1551f3c1e5ee4a496987b5e16bc3c7a27778a1f0,1809
update/vendor/monolog/monolog/src/Monolog/Processor/MemoryUsageProcessor.php,88b896eb3d3aab16d84e24989a6b4bc63ad29208f0e32c05c2fdf8755a5d8dbb,771
update/vendor/monolog/monolog/src/Monolog/Processor/MercurialProcessor.php,e0fb674277fda171cbfd45eac93bff203e7bb9de216986513c6f1a1a59ccba58,1381
update/vendor/monolog/monolog/src/Monolog/Processor/ProcessIdProcessor.php,9763c867631d55153499a3c26b334a435f0a25b5885b2c39457e02f5dcd9c9bc,574
update/vendor/monolog/monolog/src/Monolog/Processor/PsrLogMessageProcessor.php,f58905ea56526c470350142b049e78f74cd503bf62a18a678e9ba08c745d0c9e,1272
update/vendor/monolog/monolog/src/Monolog/Processor/TagProcessor.php,9fb86bdea433c0007287c42eaa0f3dbe65e142e668691f6b8a03c17b63414ced,820
update/vendor/monolog/monolog/src/Monolog/Processor/UidProcessor.php,3bc16cb5bbfed24d1794d8a22518038574207a2a02101ffd662aed3cda67dac6,944
update/vendor/monolog/monolog/src/Monolog/Processor/WebProcessor.php,91388ed3f5441129c775be480c60d8a1419b4e5fa9fd6785803e68bdb0b51b3a,3212
update/vendor/monolog/monolog/src/Monolog/Registry.php,c7ddf07ec3b8a359e95b49e2ddf8cb7802bdfde434c3874f3dc1971a8d229cd2,4024
update/vendor/monolog/monolog/tests/Monolog/ErrorHandlerTest.php,a18df12a14bf414adfce24a9b2288674edc989a39bbddc2133cf0f304295099b,934
update/vendor/monolog/monolog/tests/Monolog/Formatter/ChromePHPFormatterTest.php,19b40dac6f160d4eedaf7aab16663103ab33eab9a88cf13cb0a3c391b6228195,4252
update/vendor/monolog/monolog/tests/Monolog/Formatter/ElasticaFormatterTest.php,a1164b278311583a7bd2164c2ea43450706ae9f0198ced103fdb846dbb90091b,2356
update/vendor/monolog/monolog/tests/Monolog/Formatter/FlowdockFormatterTest.php,63890ce7a4a81037f3b7be06345686e452d856fbd223c707000a32aab68fb075,1545
update/vendor/monolog/monolog/tests/Monolog/Formatter/FluentdFormatterTest.php,61d20be4e971ddafc0ab2434378e4c7ab23c149c5ae6f182d65aa46166945439,1769
update/vendor/monolog/monolog/tests/Monolog/Formatter/GelfMessageFormatterTest.php,6c714dd90e1d84ac8edf9e685d09516be20710c121560941aa4b1f225d6040ce,8206
update/vendor/monolog/monolog/tests/Monolog/Formatter/JsonFormatterTest.php,37095887b39757fcbbe500025ea34aa41ddc88598ead5f52f66b8214c945ceac,6113
update/vendor/monolog/monolog/tests/Monolog/Formatter/LineFormatterTest.php,cbc36617601aca5042d8aa5c51f4da9e2b6c1c3259ed9320055b2f170eaaffcf,7627
update/vendor/monolog/monolog/tests/Monolog/Formatter/LogglyFormatterTest.php,0579bc4175831da9ee37d8f203232369f7667482d57c4c1d69003f8ed3af140f,1211
update/vendor/monolog/monolog/tests/Monolog/Formatter/LogstashFormatterTest.php,cc4bfdc6f5f858f8fc38454286e43a9b1c14f0f75cfa6976c648a4ac57c74744,11659
update/vendor/monolog/monolog/tests/Monolog/Formatter/MongoDBFormatterTest.php,26640368a3c0c3d9eaf94944a2ff284b505df286f640a84efcccae88738bdbb9,9236
update/vendor/monolog/monolog/tests/Monolog/Formatter/NormalizerFormatterTest.php,a26ae0ff6f9636beb04cd8702a269c398fe247776b852b7d7042582d91419e46,13946
update/vendor/monolog/monolog/tests/Monolog/Formatter/ScalarFormatterTest.php,302f35b4add0ec730a91bd19600ae321053a21dec6df8ed8250a3c08d0ecf7c6,3276
update/vendor/monolog/monolog/tests/Monolog/Formatter/WildfireFormatterTest.php,1efb4cb7a7eb39c21f32a0517fba49246269e55dfa4f927ee68b6352a345ceca,4242
update/vendor/monolog/monolog/tests/Monolog/Handler/AbstractHandlerTest.php,abd71eb659ab6fc960fd81144ed6cee2a2e8eb4e43d306fa9a8eaa1b53260da7,4089
update/vendor/monolog/monolog/tests/Monolog/Handler/AbstractProcessingHandlerTest.php,be5726d2503c309d6b81897686b87b70d161fe44c5d0a107f052a2a80f8a494e,2656
update/vendor/monolog/monolog/tests/Monolog/Handler/AmqpHandlerTest.php,454b07b580febe98b047d2f8475a8216e1cd4234d6caa86c61783e0287a999b5,4193
update/vendor/monolog/monolog/tests/Monolog/Handler/BrowserConsoleHandlerTest.php,3dff619a5edcfd575b685e762e3d5f67157ea85cb7b8d6ed64d67e121b53df56,4203
update/vendor/monolog/monolog/tests/Monolog/Handler/BufferHandlerTest.php,45810d1087d16391e965b3cf183e8193aabda94dc0d65b3998cd50360c46672f,5359
update/vendor/monolog/monolog/tests/Monolog/Handler/ChromePHPHandlerTest.php,dce79ec6a0f9765be9dc5472fbcfa9ceb9ae3160562df4aae7912b1606e5b414,4880
update/vendor/monolog/monolog/tests/Monolog/Handler/CouchDBHandlerTest.php,43e81e44eae68a7f20c791d3fc5369421de0ed2e88f85edcab0165826d8530df,751
update/vendor/monolog/monolog/tests/Monolog/Handler/DeduplicationHandlerTest.php,53d0b16a51a005b666b1e5884ea7cdb15359292338c7782d5d787e177570610a,6134
update/vendor/monolog/monolog/tests/Monolog/Handler/DoctrineCouchDBHandlerTest.php,9e6008f91313c210c5e56afd246232e328efa0e6f86c6fecf9b2f8eaee9de461,1478
update/vendor/monolog/monolog/tests/Monolog/Handler/DynamoDbHandlerTest.php,1a3ec502988ee7c12a2b0a5e0e3b033b1d15ffaa2b3ad07ce14201ddff88b4eb,2519
update/vendor/monolog/monolog/tests/Monolog/Handler/ElasticSearchHandlerTest.php,07f14bfae1c7cc7cd0babc597be485f24e0ed87993b8246d59e1a1ce3a095907,7688
update/vendor/monolog/monolog/tests/Monolog/Handler/ErrorLogHandlerTest.php,122359a2ce72dc63bc45794db13992f06e341b82bc569230e60874373db146d3,2147
update/vendor/monolog/monolog/tests/Monolog/Handler/FilterHandlerTest.php,0c7890042203d028983ee4ac9bc0e04c4a4924533053ead3dba8a1bb0c75cbd8,6407
update/vendor/monolog/monolog/tests/Monolog/Handler/FingersCrossedHandlerTest.php,6d3e5651ca0d7b697b0b6acc2c4dd448b92817724c5a8a86e7d357119aa610cb,11106
update/vendor/monolog/monolog/tests/Monolog/Handler/FirePHPHandlerTest.php,d6f8694074e2781079b539372fcbbee8e506012665a296d96638a6504d33d8e0,2959
update/vendor/monolog/monolog/tests/Monolog/Handler/Fixtures/.gitkeep,e3b0c44298fc1c149afbf4c8996fb92427ae41e4649b934ca495991b7852b855,0
update/vendor/monolog/monolog/tests/Monolog/Handler/FleepHookHandlerTest.php,eefd5fa6fa2ae982d74038aecaef83af5c2fb8bb870e5aba426a5fef725793ac,2242
update/vendor/monolog/monolog/tests/Monolog/Handler/FlowdockHandlerTest.php,8cacd6e143c65f7e2c4a61d7e75390938dab7da4972148ff5e4739d65e15a1d7,2595
update/vendor/monolog/monolog/tests/Monolog/Handler/GelfHandlerLegacyTest.php,658669343072593d2e9965d7f74daeed6100686d8436c64fba3b31f18ad7c505,3191
update/vendor/monolog/monolog/tests/Monolog/Handler/GelfHandlerTest.php,d6bb92a7f985cefe49f2beb738d3fb0d9c3bed78b85fe39f48446c76cb077bca,3387
update/vendor/monolog/monolog/tests/Monolog/Handler/GelfMockMessagePublisher.php,a0bfe9557a59fa8453b0945c8329f62ab2398cacaae7722d3000e417e44de093,500
update/vendor/monolog/monolog/tests/Monolog/Handler/GroupHandlerTest.php,a58039e83141d8b605ea4554abf18b923c2c3cec35d3b26200a80493f9f4b9b2,3793
update/vendor/monolog/monolog/tests/Monolog/Handler/HandlerWrapperTest.php,b255a93120a1995a1d4633c863c3cd725ad39d906707d341dba73d2dfea49e79,3301
update/vendor/monolog/monolog/tests/Monolog/Handler/HipChatHandlerTest.php,5f92b8aeb56c4872e954aeeba91db8ff4ab0414a8b0cabbe8d476b8c4c8477be,10473
update/vendor/monolog/monolog/tests/Monolog/Handler/LogEntriesHandlerTest.php,ebe42ffb41c7ff5334cc3b5d83a8d0c920e3e4aa8f9be7d57190f0eac30be344,2399
update/vendor/monolog/monolog/tests/Monolog/Handler/MailHandlerTest.php,63b117aada02de601886ce7e18447dfc2e53c9f5d6a6a823a953a52b5acf42b8,2203
update/vendor/monolog/monolog/tests/Monolog/Handler/MockRavenClient.php,4fb3eff371d459b03ec94610b97175e57763dad895cc0ec3f7b7444730cec578,573
update/vendor/monolog/monolog/tests/Monolog/Handler/MongoDBHandlerTest.php,bcbcf7e51730f3bb3f555169acbf59899ad513d18932510130bcf787e551619a,1750
update/vendor/monolog/monolog/tests/Monolog/Handler/NativeMailerHandlerTest.php,a1c52fca52d2978b31e420d8e3dc96b75471f060e8129ebb963dab02564eed75,3736
update/vendor/monolog/monolog/tests/Monolog/Handler/NewRelicHandlerTest.php,0a0892b69d6e483aa72608aecd6ccfbfa600b2c72fb2e70a9036f326a977152b,6061
update/vendor/monolog/monolog/tests/Monolog/Handler/NullHandlerTest.php,3c228a46ab147e5855d2acf057a7e6267b90c335584b8360884c205a0c2ff9e1,747
update/vendor/monolog/monolog/tests/Monolog/Handler/PHPConsoleHandlerTest.php,65f1b1a3d1c33d9573286763e389b92f50008af3ab22845110e4245604560e86,9892
update/vendor/monolog/monolog/tests/Monolog/Handler/PsrHandlerTest.php,2d16634459ff7f01e49eb63e14c8617a49738cacacd336b4af62eda5872ef18f,1285
update/vendor/monolog/monolog/tests/Monolog/Handler/PushoverHandlerTest.php,0fd4dc5306eed855df1b07e7d4973518469b76fe5fd2faf9ed95a1cd468aabac,5250
update/vendor/monolog/monolog/tests/Monolog/Handler/RavenHandlerTest.php,543bde52a677ca312c6550b4428d623aacc37ae9e1590737924b645447115cd3,8900
update/vendor/monolog/monolog/tests/Monolog/Handler/RedisHandlerTest.php,d66e0a53db4e0d63cb06ce12be702978123c7f3ab6c74c930f70b6b10898c16f,3922
update/vendor/monolog/monolog/tests/Monolog/Handler/RollbarHandlerTest.php,b76844c89f2e6ba255107d89722d3d506d35ae540f1bf391eb8c2fdfa2e2906e,2188
update/vendor/monolog/monolog/tests/Monolog/Handler/RotatingFileHandlerTest.php,8796d1902bc644e3270bc749f5ac5b1d6698638f0fa5203e042838e28bfcbc59,7849
update/vendor/monolog/monolog/tests/Monolog/Handler/SamplingHandlerTest.php,471d870e52e01a17d2cc91bbca0883226e87dfe6e3272b87606a23733458eb9d,845
update/vendor/monolog/monolog/tests/Monolog/Handler/Slack/SlackRecordTest.php,89d19d93aa7dd2019f37b9b7714f97d486c0a0b6c48278362c90c5941163dd00,13532
update/vendor/monolog/monolog/tests/Monolog/Handler/SlackHandlerTest.php,4cf666a61de6c4bc1926dfbdff63cb94199bc995687ce886b0fef19a9173283a,5434
update/vendor/monolog/monolog/tests/Monolog/Handler/SlackWebhookHandlerTest.php,3f2e639d597008c725702cff104a379bfba32eebb1ff480b1a5b314af74a9f46,3204
update/vendor/monolog/monolog/tests/Monolog/Handler/SlackbotHandlerTest.php,8b8b200adbcb50e83d5197a4636b4a0b7989a61474407194991c95986554cc1e,1153
update/vendor/monolog/monolog/tests/Monolog/Handler/SocketHandlerTest.php,7a9a0ddc9ff6c6c5824ac505852b3fa66771d8928ca237d570bd4bb20afde6c9,8702
update/vendor/monolog/monolog/tests/Monolog/Handler/StreamHandlerTest.php,25c2a84d590dc06d2b992cb25b4a769cf49bf70ba53ddc4e3bc3a3b12a48b33f,5939
update/vendor/monolog/monolog/tests/Monolog/Handler/SwiftMailerHandlerTest.php,6580ca163a23a118c7abd949b1e9ef3d11fdcf5451731f9e84e61b39ba64c23d,3831
update/vendor/monolog/monolog/tests/Monolog/Handler/SyslogHandlerTest.php,3702df651f64247d6235df8f59741ff05e79304e1a0769aea28dd16141139b53,1283
update/vendor/monolog/monolog/tests/Monolog/Handler/SyslogUdpHandlerTest.php,a259dc8bbfab7705cdd66ee0be6697cf08ed797ff0e8273734ae36d76a450d6e,2315
update/vendor/monolog/monolog/tests/Monolog/Handler/TestHandlerTest.php,caae7bdaa53625f2117954444eb791deaba90a6103c8245e9ee8729be113df7b,2675
update/vendor/monolog/monolog/tests/Monolog/Handler/UdpSocketTest.php,ce102f958c445802c8ef7aa7ba649380a95442c604f22151dc2b9b2e83b40b2f,1669
update/vendor/monolog/monolog/tests/Monolog/Handler/WhatFailureGroupHandlerTest.php,c88c30a1bff0450308968b2b2b3760001f4ea70346b01d559ca64e385936f26d,3928
update/vendor/monolog/monolog/tests/Monolog/Handler/ZendMonitorHandlerTest.php,88023b16f5d489f65e1f7603d3a31af8bebffa7291de19aa129f5f747afd927a,2039
update/vendor/monolog/monolog/tests/Monolog/LoggerTest.php,838e68d1775b2fac19c670e47013ff253d6b10af4945a40ff780492cc44da679,16714
update/vendor/monolog/monolog/tests/Monolog/Processor/GitProcessorTest.php,f2735c7f9cdbcf17bf7891db9c5ed5769e432e4e5228e519d062c7698b925d67,677
update/vendor/monolog/monolog/tests/Monolog/Processor/IntrospectionProcessorTest.php,dbd56be2109e98d47bcf60147dad63fbd73a0b6b47a15404d31467aea2c87dd5,3153
update/vendor/monolog/monolog/tests/Monolog/Processor/MemoryPeakUsageProcessorTest.php,1af8a1580b17c96509a5936cfc72eb88d1e48bfc4a4012c2ddd5c7cc47202b2b,1361
update/vendor/monolog/monolog/tests/Monolog/Processor/MemoryUsageProcessorTest.php,f65986e3442cf432e2320567501d745756cd44634f3934fbf8f61636d041feff,1316
update/vendor/monolog/monolog/tests/Monolog/Processor/MercurialProcessorTest.php,210cced0a9be8f41f65b9a36a08b8649ba6197b7759ab54a26d037e3041134f0,1116
update/vendor/monolog/monolog/tests/Monolog/Processor/ProcessIdProcessorTest.php,9f36fae67b249b1252b56fc1e22a9beb3b5d36aa4cbaa5d4bc2cb6468d78e68a,844
update/vendor/monolog/monolog/tests/Monolog/Processor/PsrLogMessageProcessorTest.php,9fe20541bf7749213896287c421dd28bb62b919336967da0beab733b6e7eb23e,1056
update/vendor/monolog/monolog/tests/Monolog/Processor/TagProcessorTest.php,883ce4fc1643d50b478c5e4b99b7fcc5cd747c8f872c10a69d1482e4bbc684d7,1351
update/vendor/monolog/monolog/tests/Monolog/Processor/UidProcessorTest.php,804215e870824836e38186d7300e4951c422a6f0b614c71812e2c9d7487b6dcc,755
update/vendor/monolog/monolog/tests/Monolog/Processor/WebProcessorTest.php,1063f374710c4256e25a9959ffa15ebac26283003d023426c5b6b20410af0158,3486
update/vendor/monolog/monolog/tests/Monolog/PsrLogCompatTest.php,9c4cec7ff24025a8156a992c339d8e907fe490d6d5715637aeaf238dc2bdf58c,1175
update/vendor/monolog/monolog/tests/Monolog/RegistryTest.php,b70d55cb3312b8cfa89812918570c3336d627a3ccba3b5b613093ba7339613b1,3972
update/vendor/monolog/monolog/tests/Monolog/TestCase.php,00ab68905e5a33e84b6e406d209a8a19ed5002e2a18395747e43faf16e1a0fa1,1645
update/vendor/myclabs/deep-copy/.gitattributes,0356eed98b8670f0b542631923802503b040fcd66d3b1e2ca18e743837ddce3b,136
update/vendor/myclabs/deep-copy/.gitignore,f9f9478869d113769642eb83b6518453cad84b742a94969040e8348adc06eec5,40
update/vendor/myclabs/deep-copy/.travis.yml,3989b1149a772057d0d341a5948b0b45eb7d4f956db8fa10cad2f2f1b44f5cfa,762
update/vendor/myclabs/deep-copy/LICENSE,90007d13610253dfbbe382190c336b50718f8344d5bff230d0580282fb16a7d6,1077
update/vendor/myclabs/deep-copy/README.md,f890a20807c64d817842fd3b21d7d98aefa6c62829776292a72b88898deb0bec,9681
update/vendor/myclabs/deep-copy/composer.json,c9fff39794adcc582c8a0840ea20c1956b502e9d17a0bff2b290dd4f84245da7,784
update/vendor/myclabs/deep-copy/doc/clone.png,f052a18f0533cce74823cf450de43ae9728bfb0d648f16936d9d04813868b5f3,12380
update/vendor/myclabs/deep-copy/doc/deep-clone.png,73f0d11ea7402f93b08bf6c9f59c64a6fcb00470266cf5c27f1f5a9abe2cc74f,14009
update/vendor/myclabs/deep-copy/doc/deep-copy.png,07f6eabcd6df664cf410907b21bdc21ff498e14542f3eba37b46d949cc2ed24a,10895
update/vendor/myclabs/deep-copy/doc/graph.png,939be3642e2eaa1786013b6273503a0f5ec87197b816e4b031a9badb545fa6f6,6436
update/vendor/myclabs/deep-copy/fixtures/f001/A.php,782889eb350592eeb85b3acb87c7a96fc1ce907b51e1322267881e8044945f43,240
update/vendor/myclabs/deep-copy/fixtures/f001/B.php,14974137cfba4ac52f0033d65c01d17d4078e48c5a28537226cf978ea9a0911f,250
update/vendor/myclabs/deep-copy/fixtures/f002/A.php,030476037efd7894b072892b56463299a7f6ef0a92da05ecf283b4657b1a7deb,435
update/vendor/myclabs/deep-copy/fixtures/f003/Foo.php,82a870c709e5c8953f072f9b987572f1ffe9f11877d8b9f4c959c069a849f939,336
update/vendor/myclabs/deep-copy/fixtures/f004/UnclonableItem.php,c47b12da474164093ec595f06d8505e571b00e07460eb74905100118998606a5,193
update/vendor/myclabs/deep-copy/fixtures/f005/Foo.php,001bddccb852bbc03f66059a3ea24dbb0d12ad83e0fcdfe4d6143d1005743de4,148
update/vendor/myclabs/deep-copy/fixtures/f006/A.php,55cb4d59341d9c54209fedb60de6b09f205cbe3be9cce20d664f9d054058c5c0,341
update/vendor/myclabs/deep-copy/fixtures/f006/B.php,3bd3833b00aac07fc0fb38c569bc6bd1d5807071e21854dc82a1449a4f8b63b7,341
update/vendor/myclabs/deep-copy/fixtures/f007/FooDateInterval.php,c8b522baf6b7324b256005a181022027676bbbdc92bc105dbf50243a9d9dcc30,200
update/vendor/myclabs/deep-copy/fixtures/f007/FooDateTimeZone.php,ae0413ff293fa5ef55fa25ab70c302264976f6bdb2b43f65482a8b5dbe587d54,200
update/vendor/myclabs/deep-copy/fixtures/f008/A.php,1066efa2ed5d039a441f9721be2a8125dda9102f8d7361bb9b181148abbccb69,210
update/vendor/myclabs/deep-copy/fixtures/f008/B.php,1bde8e0196046b1000fed6c5977a7df062f249336cae06e4892e43164680fc14,55
update/vendor/myclabs/deep-copy/src/DeepCopy/DeepCopy.php,7c4707c068f768a3e07fc88d8bd2a1b7e47005a9b2e126f3d58f6f83bc41e040,7355
update/vendor/myclabs/deep-copy/src/DeepCopy/Exception/CloneException.php,a64e6df0cb4f449b68378f12835ce8b9138a995dac4fb4a3cb3e47ac523a9752,127
update/vendor/myclabs/deep-copy/src/DeepCopy/Exception/PropertyException.php,c9e2a9a3b86cbf3ffce080cf986c11207241e6ccac17909b841b759b2b4adb36,120
update/vendor/myclabs/deep-copy/src/DeepCopy/Filter/Doctrine/DoctrineCollectionFilter.php,eaa920c7524898dcd7075425ce7418ad1b2729c208a2a25cfc021f94847e49a7,788
update/vendor/myclabs/deep-copy/src/DeepCopy/Filter/Doctrine/DoctrineEmptyCollectionFilter.php,3c48598dd1c287b3779e772cce1ce274de448f35aeb53c407f9752ce31950aec,705
update/vendor/myclabs/deep-copy/src/DeepCopy/Filter/Doctrine/DoctrineProxyFilter.php,f65799b340c6d4a7982fb67295e1b378d9d613b141b851d9a14e4bab9cd73567,403
update/vendor/myclabs/deep-copy/src/DeepCopy/Filter/Filter.php,fc37ee2bfdf3c8bbbc8fdcc855f105b62a5afb7b257d4d8ab2e8d8b42c9e7170,348
update/vendor/myclabs/deep-copy/src/DeepCopy/Filter/KeepFilter.php,e6d15c4ddea0f6628e5ab292b783d70205a6db8fdab9dc74558b5b7e22986ef3,263
update/vendor/myclabs/deep-copy/src/DeepCopy/Filter/ReplaceFilter.php,201108357113c7094cd68f13127321a77120026ababbed777078f18621e3887a,912
update/vendor/myclabs/deep-copy/src/DeepCopy/Filter/SetNullFilter.php,bcdc6d198c7fe864c10aa6d03d71fc23c05650a3f8eef0dcaffb840fbda5cf3a,482
update/vendor/myclabs/deep-copy/src/DeepCopy/Matcher/Doctrine/DoctrineProxyMatcher.php,669086c0d825301610e86487df5cd9cadbf9085bc6fd954833d1737e4296caa5,367
update/vendor/myclabs/deep-copy/src/DeepCopy/Matcher/Matcher.php,7c00bd95cf71aec9f85fd563a75333183002ddbca93a851c0b0d4f2c92fa2100,213
update/vendor/myclabs/deep-copy/src/DeepCopy/Matcher/PropertyMatcher.php,79ca14c99726b1e794c39fb4a1a8033ee120aad3ff90bcc9bc90cab0f0438d25,691
update/vendor/myclabs/deep-copy/src/DeepCopy/Matcher/PropertyNameMatcher.php,eb4b07c5c54fe0dea037b05e85e5a96a32da048a493c4c98663ec82f7b2fcfaf,504
update/vendor/myclabs/deep-copy/src/DeepCopy/Matcher/PropertyTypeMatcher.php,ab4bbd2891f2c9b451d911d2b0492c30301a10ecf4f91c839eaff23ce339ba02,1062
update/vendor/myclabs/deep-copy/src/DeepCopy/Reflection/ReflectionHelper.php,99943aa58b83d4fc37a73927e0e11ae9c0a83eb3cd89a821ed2ca86606af7e03,2174
update/vendor/myclabs/deep-copy/src/DeepCopy/TypeFilter/Date/DateIntervalFilter.php,d6cfc6b4cbfe1ec1f6dfde272e4715274dde137fb5c125721d2bda5403d5fac0,639
update/vendor/myclabs/deep-copy/src/DeepCopy/TypeFilter/ReplaceFilter.php,d5b34b6a45d88c993bfb63d51f88521e76e4a2ef3cb1e102e0b67bdf8428dcb5,524
update/vendor/myclabs/deep-copy/src/DeepCopy/TypeFilter/ShallowCopyFilter.php,12d2df7be91ce07db0797dd0d8f0ee70abfa16b2a018d72f5b481ff212974521,223
update/vendor/myclabs/deep-copy/src/DeepCopy/TypeFilter/Spl/SplDoublyLinkedList.php,3daf3154c815119739601c6844576aa42850f6639093821656d791da67139e15,176
update/vendor/myclabs/deep-copy/src/DeepCopy/TypeFilter/Spl/SplDoublyLinkedListFilter.php,81d49e658fa86f810654014a33cc53b3a1e2aa2714fddf935031f0b8f182174a,1040
update/vendor/myclabs/deep-copy/src/DeepCopy/TypeFilter/TypeFilter.php,e2e7084d924bbb2eb250abbc72dafd0c1d57b1641031bcb7e46f01ef99e25230,194
update/vendor/myclabs/deep-copy/src/DeepCopy/TypeMatcher/TypeMatcher.php,99327ae0a529f165ee21448acc4811f6ae8645d9f8f729da54f324f0b3890881,468
update/vendor/myclabs/deep-copy/src/DeepCopy/deep_copy.php,85cd361589359e5ee189c6bd5644f2b4b1d26200f3a18fe0762da1c5e268b6b9,260
update/vendor/phar-io/manifest/.gitignore,cf4e301acf2137fcb03b356a9a3b1d70d7cc396e42f6c15788a45b9ac8f5226f,78
update/vendor/phar-io/manifest/.php_cs,c3bccf9cd2969e80d4042005b3aceafca36d35e491772ec1710210ad36f7d780,1941
update/vendor/phar-io/manifest/.travis.yml,2e34649e1e1adf24b88bcd7f42c3a24ab4cadd6c3eaa81f1e8d281ce18c4837b,533
update/vendor/phar-io/manifest/LICENSE,ff90a3c95c45ac3e7a5f318858d336643c191c57ab0ba9faf919b954d0ad9769,1617
update/vendor/phar-io/manifest/README.md,ab77782d19e3b25f7036c36c5547e5b934dfb9af60c2a3a38f3f2d13520d95d7,1225
update/vendor/phar-io/manifest/build.xml,9ea7224a59ef52e4951fb0e1d86b22dad4214704d1fb13e1909f9256a7aaef1e,2032
update/vendor/phar-io/manifest/composer.json,e10b05779e4abd60d902e17c3512cffd54bd280dd1a2d22792c16b1465909c19,849
update/vendor/phar-io/manifest/examples/example-01.php,f154cecb4da09502d4b9ed8b67293216fc98a849702abfd758a1285b9dad067e,711
update/vendor/phar-io/manifest/phive.xml,2046c8f418c3193bb0e6bd6f0b390579fa097e57ff66772c74e0400ebb0c78ef,172
update/vendor/phar-io/manifest/phpunit.xml,3be11c9888205962d354ce4d6ade0e64e86b9234bb04561267a722a8ed3bcc4c,742
update/vendor/phar-io/manifest/src/ManifestDocumentMapper.php,4b587fd094e5b893e701d17d39b162253949c63ba788308dac2187b0960607e6,5781
update/vendor/phar-io/manifest/src/ManifestLoader.php,adf6276cab859922c9531fd1a640e0862f63b05a536f6c230d8f1efa42746506,1672
update/vendor/phar-io/manifest/src/ManifestSerializer.php,52c9933455763dbd66c7cab7ed5874e11fe81ba9f7a2376be9849584b22ee106,5647
update/vendor/phar-io/manifest/src/exceptions/Exception.php,0867e528c05c28a2237e5bcfe7b583c1b7872719dbc0a939bb6b8829a64df451,366
update/vendor/phar-io/manifest/src/exceptions/InvalidApplicationNameException.php,c9479abdb58a73e694eabdf7860adb46ddd0bc2733d7f94c98a6ce8754eb8208,497
update/vendor/phar-io/manifest/src/exceptions/InvalidEmailException.php,a55c0a2f7ba4364d53681793379e25e894452a7a4ca0015f99bed6db4aaed846,429
update/vendor/phar-io/manifest/src/exceptions/InvalidUrlException.php,cc7c603adc6e75f9a3340ff635265e40c36462af621c3242a99ce2f86a5b811f,427
update/vendor/phar-io/manifest/src/exceptions/ManifestDocumentException.php,f4dad6dd5a2ab89c1a6f19305e6c0477f83555be46a1787033830392102c62aa,118
update/vendor/phar-io/manifest/src/exceptions/ManifestDocumentMapperException.php,9e73e447008c91970368df717e861732cdba3db0ae764f7e6007a4289b2616c0,124
update/vendor/phar-io/manifest/src/exceptions/ManifestElementException.php,d1f841cbee54473497723e5c7151f7e5c00ff240a9a285c21bb240637993a3fc,117
update/vendor/phar-io/manifest/src/exceptions/ManifestLoaderException.php,a9806ab7ed3b2a3669ed243109153e51ce0ad347dedcdd37e87efe061ee6c998,109
update/vendor/phar-io/manifest/src/values/Application.php,1daa27894c143ea32a01f5356907a677a02f6c22c4aa3af2e2ee2764efe4dae6,478
update/vendor/phar-io/manifest/src/values/ApplicationName.php,f7193d9feedbec620f779088442775edd639842fa54b5aba487f47be32d6414c,1635
update/vendor/phar-io/manifest/src/values/Author.php,9467a29e22f2cb105e9288f567721b9f6e09b1840410b91eb1f06a8ce64e1a89,1061
update/vendor/phar-io/manifest/src/values/AuthorCollection.php,f777b1d22c50e1b75913eec0fad7fb06ac3ea5fe2daa64ae29fc9b15dcf74b4c,934
update/vendor/phar-io/manifest/src/values/AuthorCollectionIterator.php,4be2644d3ad6558d2cb9f5e1a17359852055af3b4532bed398f39072be5484cc,1121
update/vendor/phar-io/manifest/src/values/BundledComponent.php,2682a9dd538c89de935ce9663e5c7cf42b02bea5ab7791306e707616b7ec1002,936
update/vendor/phar-io/manifest/src/values/BundledComponentCollection.php,2b659bb930b09bff8d739dcd08a237b363bfb80ef07921648b12cdca58b4c0e7,1064
update/vendor/phar-io/manifest/src/values/BundledComponentCollectionIterator.php,e5463c91dd40ceafae682bc2085644eaaf73d8bafaaab32a99670cb118366889,1231
update/vendor/phar-io/manifest/src/values/CopyrightInformation.php,f3a11f140334d22f90ab9fe299475e523abf4f65d4a21e7581e2197f36a30cbe,888
update/vendor/phar-io/manifest/src/values/Email.php,d0476f66286dc2203bbfba4a5433b37bda3c1df08124c326359345bd5c0c20b9,996
update/vendor/phar-io/manifest/src/values/Extension.php,71d10cdce9ece425969e63eaf84b2d2331ab80176d4e3a55662bdde844788abd,1785
update/vendor/phar-io/manifest/src/values/Library.php,3bb3ab1bdb4cbd4083d44640335109c0149f86f626f9646d93e8b1953e637fa6,470
update/vendor/phar-io/manifest/src/values/License.php,ccc4121b48551f5ae0e302221062e367cfc5403228684b54943bda74e8e64569,785
update/vendor/phar-io/manifest/src/values/Manifest.php,2260624a6083b53ada0ad1b50cff81de2f640ea4e2dec0f9703b36157c1e4c88,3009
update/vendor/phar-io/manifest/src/values/PhpExtensionRequirement.php,296e151f2138dc4495bb38ce346252aa54c5c24627b0975cee267957130956a0,711
update/vendor/phar-io/manifest/src/values/PhpVersionRequirement.php,e83f6c05b8ad72097d01c28757250aacb785958216f7c618966efcec1e1e9e2a,790
update/vendor/phar-io/manifest/src/values/Requirement.php,e3f9a929f10dd5dc9e71c0f4a46bc6f9d95e1ca88ae898fb8d71a2642d98af7e,368
update/vendor/phar-io/manifest/src/values/RequirementCollection.php,f03535e56bd43c7cce9e543fc0532ab9111cdbe8cf7dc59544fa1c59ddefa60c,999
update/vendor/phar-io/manifest/src/values/RequirementCollectionIterator.php,fec9ab8d0c8579b96830b16e171052c24a58bef6a54f155a4c0825949f826b66,1176
update/vendor/phar-io/manifest/src/values/Type.php,14f65866b90ad2a83c3ce3deb14fd66c7400b30c38abf3bdc16e046408d06b6b,1267
update/vendor/phar-io/manifest/src/values/Url.php,5393f25bb2af05ff6531e33fef1c365b274e0ddaac39edbb9ea052c87c42fa4d,968
update/vendor/phar-io/manifest/src/xml/AuthorElement.php,78b9516e75d69d2e284a307ccc7d7d6ca69e3499b9867518f987a3d4b08a0ca1,567
update/vendor/phar-io/manifest/src/xml/AuthorElementCollection.php,f6d4879b83387f8ffde5b29f84e8ae912d64f8859c7f6b50a6bc71957a7d3427,524
update/vendor/phar-io/manifest/src/xml/BundlesElement.php,6879aa9787bab42160c802bcbd9a787186b35cb2ab40061da17e4ecd3a2bf2f7,550
update/vendor/phar-io/manifest/src/xml/ComponentElement.php,9cd6dff226a3b204876c0dc79404501c6ccdf6d4dcb9578e1e9e58f65ec5c49a,574
update/vendor/phar-io/manifest/src/xml/ComponentElementCollection.php,1397b7b1ba20b6c7dcc408814fa8a3979e2302b7ddf0d9577e2f3fb7979691b0,530
update/vendor/phar-io/manifest/src/xml/ContainsElement.php,60852ef906bbe4b82691c613ac00905608097489aecbbadd222f940a19c1153e,807
update/vendor/phar-io/manifest/src/xml/CopyrightElement.php,63ddbe1244dc271793c3d3e293ef467947d470b99071471896e4f7524a6c447a,683
update/vendor/phar-io/manifest/src/xml/ElementCollection.php,17866ea5e9d1d1b308059e8bafcc89d6ae6f21038d7e02932ced82802bdc0e6b,1230
update/vendor/phar-io/manifest/src/xml/ExtElement.php,53286ee196189317de277c06c92e66bceaa6ec48123138843c81447da410909f,474
update/vendor/phar-io/manifest/src/xml/ExtElementCollection.php,90252b1fea7a47ca409906347853165e60820a5d231ad788b53ce60ceb3d7374,519
update/vendor/phar-io/manifest/src/xml/ExtensionElement.php,44183620a12944e97d53cd1f0321ab74e1b0b433f859e8357fe12e892bec1373,578
update/vendor/phar-io/manifest/src/xml/LicenseElement.php,26a546eebf1b67ea09064b1a55d287925b6c50f9ff1cbd0e100b98d1d99b4949,564
update/vendor/phar-io/manifest/src/xml/ManifestDocument.php,bd6f03f823f3017f4d82ce740971d6e255a8ea3fe64039101d416598ada4aa57,2995
update/vendor/phar-io/manifest/src/xml/ManifestDocumentLoadingException.php,9def43f28fb30505e9c74f82297b7b188eaa364a23f1c343d106ee5fe041daa9,1202
update/vendor/phar-io/manifest/src/xml/ManifestElement.php,450890b677bb86f54bb58ddf9ab69559b8e4aa4332b9cf26c0deb125a80d3dd6,2437
update/vendor/phar-io/manifest/src/xml/PhpElement.php,51c752ea6f3bb4899b818045f05ba36f2ae1189f61911450ca49eaced614806a,707
update/vendor/phar-io/manifest/src/xml/RequiresElement.php,ca7981e4010aeb22dddd52b88f5e8e403f949f41c98ce1f738b709476b6fb83c,519
update/vendor/phar-io/manifest/tests/ManifestDocumentMapperTest.php,d13b2b1abde724705bc22402cba3314a29a3338a868d485f6871cee75ba57cd6,4099
update/vendor/phar-io/manifest/tests/ManifestLoaderTest.php,8a945746a0bf281c3a0ab3417adcdf1ac2d0927c24d6ec6bce0c25d569faf6c4,2823
update/vendor/phar-io/manifest/tests/ManifestSerializerTest.php,49bcfa7329dae900e3f575d0cae02844f89ec1e235909f6926cce22a859a5540,3931
update/vendor/phar-io/manifest/tests/_fixture/custom.xml,961ee93a284c0a059c59b0e4be3ee15b579536cbc00e4fb40c9830f8e8c82460,314
update/vendor/phar-io/manifest/tests/_fixture/extension-invalidcompatible.xml,0d186091a5667ee9dd3162c07ac2b16ef3e6f23c0d1da7ab2fc3d4bc0f43ea47,559
update/vendor/phar-io/manifest/tests/_fixture/extension.xml,f3963ba02d81347fa812728d225823af12609eca9e645f34db91d95afd4db8e0,556
update/vendor/phar-io/manifest/tests/_fixture/invalidversion.xml,e42f37c92f4042c1d6e65d9b4b18f8b64e5b44e5c55757260cbc3e8352a43bf5,390
update/vendor/phar-io/manifest/tests/_fixture/invalidversionconstraint.xml,b4613eba3b41be8be6f29ae0352acc03fba9a96c9b1f0e6300d588f00b02edfb,396
update/vendor/phar-io/manifest/tests/_fixture/library.xml,254a4903a474089a8eeb70a61647b79d99b532772d172b424dd90c3d980d43cc,392
update/vendor/phar-io/manifest/tests/_fixture/manifest.xml,254a4903a474089a8eeb70a61647b79d99b532772d172b424dd90c3d980d43cc,392
update/vendor/phar-io/manifest/tests/_fixture/phpunit-5.6.5.xml,f41750ebe44a542665ebcd35e5d42927da8a079f22867d7138ad9eeb04acba8b,2459
update/vendor/phar-io/manifest/tests/_fixture/test.phar,3ae5fd44f9fd353cb30478095396e74bb28096f685d8de6b54d79c57dde8b24c,7165
update/vendor/phar-io/manifest/tests/exceptions/ManifestDocumentLoadingExceptionTest.php,9802876eeb09d54ee20823491551330da8005a7c2ac7f9a2bb5196da809a4c11,575
update/vendor/phar-io/manifest/tests/values/ApplicationNameTest.php,2b1e61e46b5dd4c43fdd16e776d69d04cac491c6fe73fa8f3beb6fa1f02a1774,1450
update/vendor/phar-io/manifest/tests/values/ApplicationTest.php,b6043ad32ba1c2888b1c78cfa36453f2267ada37701422b893c7fa860b3be3df,1067
update/vendor/phar-io/manifest/tests/values/AuthorCollectionTest.php,8d9156fabb8888dc13d27986996dd576ad4a8aae7e202627b67c266afcf81af2,1651
update/vendor/phar-io/manifest/tests/values/AuthorTest.php,3f5c9bdf6a56bee26f2e37fe72af7815a1d6d41d150b259f6b938523201bc387,1170
update/vendor/phar-io/manifest/tests/values/BundledComponentCollectionTest.php,539f79cefb8bf4362502975043b5e6ca9222c70300eea565762c0363e9d3603b,1738
update/vendor/phar-io/manifest/tests/values/BundledComponentTest.php,a9e1e4f90d0175ccb22ed85f894fba6694260a88594daa2581108ad785a70386,1195
update/vendor/phar-io/manifest/tests/values/CopyrightInformationTest.php,f76dfe862c5059dfaa1de7608e7c6871f390fc31fdc8bd7b38246f65bc0a705b,1760
update/vendor/phar-io/manifest/tests/values/EmailTest.php,5d663d86effc4b8fa4b4874d4774b93b3362e0ba9377af8e6693f20934ecf1f8,952
update/vendor/phar-io/manifest/tests/values/ExtensionTest.php,8d936b6009ea0056f851b7e3057aae720967f626f65e6df14d8ab554e806ed23,3260
update/vendor/phar-io/manifest/tests/values/LibraryTest.php,a036da7f39e2787431b01c972b166203627ce01581b1d2953175af07fad791c3,1047
update/vendor/phar-io/manifest/tests/values/LicenseTest.php,a91a301e2c5c24f1d23218385a749c2b02001d31a63248374467d2dacfa66ef7,1133
update/vendor/phar-io/manifest/tests/values/ManifestTest.php,95e093166a20fc517923b3cf32f5892f6ece114b3cd6a5b8e629a0c14b5713a1,5592
update/vendor/phar-io/manifest/tests/values/PhpExtensionRequirementTest.php,8951542bf22b09d2fc7ba51f96ca1ee2ea13bd26f2e9c9fe41cfbfc5dfe2811f,762
update/vendor/phar-io/manifest/tests/values/PhpVersionRequirementTest.php,4fbbd7eac51c5f0efe479f73ec830f29c97b25ffc497b94b745430dafb27c2e4,1075
update/vendor/phar-io/manifest/tests/values/RequirementCollectionTest.php,d0332492fb2d23353646e5f6528a1de7213997721ca59e53e8989970197009f9,1744
update/vendor/phar-io/manifest/tests/values/UrlTest.php,a30a30878e4b189979348be46bd29560fd32475f193a05a0be97b93e7577e677,932
update/vendor/phar-io/manifest/tests/xml/AuthorElementCollectionTest.php,2e1070f9b8f751b776bb808a18d6743ae3898bc225f712780cd9dafd961dce10,588
update/vendor/phar-io/manifest/tests/xml/AuthorElementTest.php,70745b7ada034926fa9339453c18a204271b6ca5320cc5fb11c437a73ad44815,707
update/vendor/phar-io/manifest/tests/xml/BundlesElementTest.php,2ed69d9b0bdf700a9d11b3b19edda027441a5e6235f0f6be232771717b1d5fed,1162
update/vendor/phar-io/manifest/tests/xml/ComponentElementCollectionTest.php,db0d7d4d39e38a2de1fefedd5e903499c6d4abf97f4915c73ba3b641431655d2,563
update/vendor/phar-io/manifest/tests/xml/ComponentElementTest.php,ba1cd8d79830279e05924fb4065a6e8dde3393e67292607fac43bba21bc6b68c,713
update/vendor/phar-io/manifest/tests/xml/ContainsElementTest.php,2fb2bca11a29d4be359053d5e2c9d9529d36cec79a9854b38d1428be78b2cc8d,2035
update/vendor/phar-io/manifest/tests/xml/CopyrightElementTest.php,9eed3cf47e8592aa5516d035e96b5658afa111e9f28de2cf65de2493947ca921,1629
update/vendor/phar-io/manifest/tests/xml/ExtElementCollectionTest.php,dcf4277689475548230a3873f4487edc7df5c8d123818fba8f8b00403ae54e6e,587
update/vendor/phar-io/manifest/tests/xml/ExtElementTest.php,570ff13de336a5b9284c64e88fe4ff9596771d5a3a32c9f0a1bfc6312d7060d8,510
update/vendor/phar-io/manifest/tests/xml/ExtensionElementTest.php,dcddadd9cd4c7b966b8d4ef767d9d1489e5e1c2da4626c3e3e1190e3edbe8bf6,737
update/vendor/phar-io/manifest/tests/xml/LicenseElementTest.php,5572ecbf41e7cc2800b1e255556cffb7a2dfe9f56bf92b091c9e510f39f95273,709
update/vendor/phar-io/manifest/tests/xml/ManifestDocumentTest.php,3177ae1fae6567918bc4a8abfb882414ad6aea2f8c696142423936a9a84391a0,3712
update/vendor/phar-io/manifest/tests/xml/PhpElementTest.php,133b85f11e8f89be8f3f9a90e69e125b6942b1c54d4cd1669592a299d6b86d5c,1354
update/vendor/phar-io/manifest/tests/xml/RequiresElementTest.php,afd90818b6873ce0d2b419e309ff661de81761940d6b563c2a06e748eca0e7ff,1029
update/vendor/phar-io/version/.gitignore,2baf5e586a8ebd7d4051781927ce952679c7dd46290ad2ebc63925bcfe69d0cc,71
update/vendor/phar-io/version/.php_cs,c3bccf9cd2969e80d4042005b3aceafca36d35e491772ec1710210ad36f7d780,1941
update/vendor/phar-io/version/.travis.yml,2e34649e1e1adf24b88bcd7f42c3a24ab4cadd6c3eaa81f1e8d281ce18c4837b,533
update/vendor/phar-io/version/LICENSE,db5d55e9e9725bf098fdacdd922b759bbe6f2d560a011ff3cb364870e6dcf2a0,1585
update/vendor/phar-io/version/README.md,566184d9755da6ba76b4cd8af8c1f153c46831d2ff0224b58d58ffdebbc0e59e,559
update/vendor/phar-io/version/build.xml,f37294c371b02c5d981a232111994b7b88265c3af278f0f19f345ff4ee8e5469,1613
update/vendor/phar-io/version/composer.json,832787d207dd9f37088c3d398b34cf67e366c171bd6d38c4e7c5d986c668efba,673
update/vendor/phar-io/version/phive.xml,3319214dc233e42eff37306ccc66df8467e148062ceb765bac4027a5880d8ec4,258
update/vendor/phar-io/version/phpunit.xml,aab13587ff582e6b6da2b368215bff891378bd0178ed172b5e26e028b7f3fe02,693
update/vendor/phar-io/version/src/AbstractVersionConstraint.php,a1f10eb0b5e0f3eb120d67e9f57ff5808cda7c557f1148d08e4c804e3205d984,753
update/vendor/phar-io/version/src/AndVersionConstraintGroup.php,d065184f5d434d84d999ced4b8ea5c6d98281bf9ec06a87a8ff7a349905e7599,1079
update/vendor/phar-io/version/src/AnyVersionConstraint.php,edc74a35bc28c96bdd5a7fe60d92f734f456befa0a34209b334d3485bb0b53a4,648
update/vendor/phar-io/version/src/ExactVersionConstraint.php,5f192708d73e47562173a76c039a6fe9bcfc711f153eef45eee9312d72a858fd,602
update/vendor/phar-io/version/src/Exception.php,b0ec1ee4486f2a90e632b5846d3606dffe42fa88ac0b1dd9bd3c7b7bd0a104bf,364
update/vendor/phar-io/version/src/GreaterThanOrEqualToVersionConstraint.php,785105c8bab1e01ac1c706ee6bd14e3736ad05aff464bf9de54ee2505f074504,1033
update/vendor/phar-io/version/src/InvalidVersionException.php,e0c6af0ca8393a2879b9668d4b197260958ff5a58cca1c129d8c9bdc0a768a07,122
update/vendor/phar-io/version/src/OrVersionConstraintGroup.php,34c70cc30179d9ca3cb23d9334e73355ed5f45396a450572f03af41274c8163f,1077
update/vendor/phar-io/version/src/PreReleaseSuffix.php,d671838ba058f28d404d4cfc46718a0138b6d55f4aa0e0d688c5485a634a54ed,606
update/vendor/phar-io/version/src/SpecificMajorAndMinorVersionConstraint.php,0be544a466ed9525aa0b0e3883f4969baf806eca7411f0a77779bf1cc5720dc0,1121
update/vendor/phar-io/version/src/SpecificMajorVersionConstraint.php,43d8ded305062416d10d8bb4089ebe3135659c4743c22130402fbac1dc42476b,888
update/vendor/phar-io/version/src/UnsupportedVersionConstraintException.php,c9e65854ad8ca5ede7f4b2be68e801d09b5d46e9524a20e16f8fb592d915ee03,441
update/vendor/phar-io/version/src/Version.php,b3a3f500181c553b7d6a30453fffd6da2c761e9ee6387965bed7cd4a564a60c4,3835
update/vendor/phar-io/version/src/VersionConstraint.php,23a4899bdecf925555d390adc6f618e62f8d9efcbfb50307fbcd74f0f7cd4d20,566
update/vendor/phar-io/version/src/VersionConstraintParser.php,5fac8ace4f2117370742dd758321c81e7196820496e31cf4283ef77bccb6f7f8,3417
update/vendor/phar-io/version/src/VersionConstraintValue.php,e56219f5f2a7834a44bc8ba353f4342098611a3a84fe6f0978c7891d627491c0,2583
update/vendor/phar-io/version/src/VersionNumber.php,54f73fcab086d0e8f3b8ccf43bddf3e937f5d2223476669705788b75da22cd77,802
update/vendor/phar-io/version/tests/Integration/VersionConstraintParserTest.php,08da8334b34c9600cf970c4c7c1577d38135db8f124124d84db3f982d68eac0e,4153
update/vendor/phar-io/version/tests/Unit/AbstractVersionConstraintTest.php,fc86b5f876be507b46b282671f68abccdfc2c439f9342714d3f1fb98075465ec,790
update/vendor/phar-io/version/tests/Unit/AndVersionConstraintGroupTest.php,81225205d50c5b9f0850d4bed7b13f3cc615365479b0f2961e1ce01bc62a7963,1776
update/vendor/phar-io/version/tests/Unit/AnyVersionConstraintTest.php,1ee0decbe747e56b409ce51b96855fcf1d1c93aa54ff02e47d2b77fb34fe8d4f,1044
update/vendor/phar-io/version/tests/Unit/ExactVersionConstraintTest.php,86c268585ff810943f51db2834f97c6f79da158aa1be18d88117835f96168de4,1662
update/vendor/phar-io/version/tests/Unit/GreaterThanOrEqualToVersionConstraintTest.php,de1d92a95193fecb0f04f16a5deb1de44813974685b439dcf4e9bb87a39f5dd5,1708
update/vendor/phar-io/version/tests/Unit/OrVersionConstraintGroupTest.php,de366ba6a593f80e60b4bdda29655bd819683af97bdbd6e0d4d4ec7583a9eabb,2286
update/vendor/phar-io/version/tests/Unit/SpecificMajorAndMinorVersionConstraintTest.php,fda047a0645dd046c51231ef4630d34dc2dabd41aae32b442cbbe308fb022b07,1423
update/vendor/phar-io/version/tests/Unit/SpecificMajorVersionConstraintTest.php,a4aa5e0da5b44221d6eb09dffcb2d7a18928c11925a7736fe34bc57360f42e96,1336
update/vendor/phar-io/version/tests/Unit/VersionTest.php,1f631c498a181c0b10a66d7997610cba66234df2bb076a458c354ba642b76875,3426
update/vendor/phpdocumentor/reflection-common/.travis.yml,0b60bafa88dff0a27a6525be414fd1113c5473f0269ee2c15caee5d86fee432b,685
update/vendor/phpdocumentor/reflection-common/LICENSE,6f9a55142e7e125ae29a8975bf704ee0f4fc6a924af26b826ee3f27ec8f69fdc,1081
update/vendor/phpdocumentor/reflection-common/README.md,ec7bdc3552d27c734936c5ea18623a9ba62a45068d40802eb99bf74f081455aa,163
update/vendor/phpdocumentor/reflection-common/composer.json,e9f84ee96655bd56efe2106d8cd66607516e0f7edb68e5c4fc95ed8602bb2b13,731
update/vendor/phpdocumentor/reflection-common/src/Element.php,686bfb726b033f523ecdd1db19e06cba034768b4bf5181e6a48c392e76a879b1,561
update/vendor/phpdocumentor/reflection-common/src/File.php,4b967e33f066ba85b8e41dcf01b9f8f78087445c53bb6a3e74120e778464069c,823
update/vendor/phpdocumentor/reflection-common/src/Fqsen.php,67770cf2b57ded9a9cf87850e7c90473c01588dcccd8de38950ad19ac9b3311f,1804
update/vendor/phpdocumentor/reflection-common/src/Location.php,16ec0bcf155bb17ebb36d664a98539d7b545c9bc9e4510c171159d70a9b30d04,1352
update/vendor/phpdocumentor/reflection-common/src/Project.php,76392d668519b8d63204baabc3ad75a65e62ddc52aaab84da82b1e22ef403526,533
update/vendor/phpdocumentor/reflection-common/src/ProjectFactory.php,86f25d0a64457aca904283a7199fbe7dd26456d168e1fb810dae323d809dc6d3,639
update/vendor/phpdocumentor/reflection-docblock/.coveralls.yml,4165e362585d7adb6461f9e7711f04ac80ea00198eb7799cfcc6f5130f672d2f,79
update/vendor/phpdocumentor/reflection-docblock/LICENSE,06063317b326f364bd17ebb74e8a329aa65d053355815651d32f3d38372a1b42,1080
update/vendor/phpdocumentor/reflection-docblock/README.md,edf1fa7b32f7840d99689f178dc301a3f54b7969eda98179b5b1ad9598bdddfd,2165
update/vendor/phpdocumentor/reflection-docblock/composer.json,45fdfbc2bbcb45d1914df3c6705578d2ced0aa1f9244670473955914e1aa464f,991
update/vendor/phpdocumentor/reflection-docblock/easy-coding-standard.neon,ce5110bc1e1711713e9c21fa08b82c57d271c8a7a43a4b80362c544ab3a7acd8,1204
update/vendor/phpdocumentor/reflection-docblock/src/DocBlock.php,566a4b7c73f15527d86f79f424764b4e37615b62ab47131c819783bf276a37de,5889
update/vendor/phpdocumentor/reflection-docblock/src/DocBlock/Description.php,eb3765585360a0b3aa850baf5a544c3a540d9821c361af57bb08bc9bb965fd4f,3631
update/vendor/phpdocumentor/reflection-docblock/src/DocBlock/DescriptionFactory.php,da6d975b8f85eb9b7d35dedc10add227e42cef7b101d68377d19ba8c63b5f7c9,7024
update/vendor/phpdocumentor/reflection-docblock/src/DocBlock/ExampleFinder.php,e7df3e34913506208df4b3cb66d7ebad5107e04b2cbb528bcae8e2e51db3d47e,4813
update/vendor/phpdocumentor/reflection-docblock/src/DocBlock/Serializer.php,f3ad4ccb7e36059f06700612de2a5b326846846da9c911dadcae8d61022d4ffd,4862
update/vendor/phpdocumentor/reflection-docblock/src/DocBlock/StandardTagFactory.php,99ee07104b23904cceba70ba307ed22476e243a0d43928a8552728c28d35aa24,11858
update/vendor/phpdocumentor/reflection-docblock/src/DocBlock/Tag.php,5366288457d3f73cbc4275f4156f650024aba24aaff3f63a155ede426d503059,629
update/vendor/phpdocumentor/reflection-docblock/src/DocBlock/TagFactory.php,efa59ae634fadc1a39017a2b5b02cdbb456ef9bd5da4a592012efc9ef33762e3,3847
update/vendor/phpdocumentor/reflection-docblock/src/DocBlock/Tags/Author.php,1ca25536460c482228ba7fb2add7c0d2189dadc825fe51967ebaa821657aa293,2525
update/vendor/phpdocumentor/reflection-docblock/src/DocBlock/Tags/BaseTag.php,74dfe8d7417e49654784c8409ac0952a43ac649e96b58681d48e9e1b219a0c50,1215
update/vendor/phpdocumentor/reflection-docblock/src/DocBlock/Tags/Covers.php,4120935921778d79a80d951bbf84b9510950ff861780a8357fb4656af1810a37,2118
update/vendor/phpdocumentor/reflection-docblock/src/DocBlock/Tags/Deprecated.php,6abdac13bf7dea4e972d18a1cafaf40dbaba86ee232f2d099f6f8f9265905f2e,2711
update/vendor/phpdocumentor/reflection-docblock/src/DocBlock/Tags/Example.php,a87b163cffee55b845494454a321ec40d4f432fad2783d6b63386ead8233c2ad,4464
update/vendor/phpdocumentor/reflection-docblock/src/DocBlock/Tags/Factory/StaticMethod.php,99221c1abd82edccedafcb78505dacb4346928c9436fafad266549345529084a,471
update/vendor/phpdocumentor/reflection-docblock/src/DocBlock/Tags/Factory/Strategy.php,8712268ce3e8314dbfde9dd25a94cf0490919b1b61398e60431671eaca766a07,460
update/vendor/phpdocumentor/reflection-docblock/src/DocBlock/Tags/Formatter.php,eb371e1bc6f6b3913d9edf30974b10d09a452cb0acc6b10b16a87205acabdf7e,675
update/vendor/phpdocumentor/reflection-docblock/src/DocBlock/Tags/Formatter/AlignFormatter.php,ad9a940e271aaa665d90f0a744d188617a7f2f5704972f97ea336581c4bd0912,1274
update/vendor/phpdocumentor/reflection-docblock/src/DocBlock/Tags/Formatter/PassthroughFormatter.php,923e81213cf3a3b2ea4fa3db9c3c09e4f36c1accfd4750e4971e0aef3a9a569b,811
update/vendor/phpdocumentor/reflection-docblock/src/DocBlock/Tags/Generic.php,0cf8f804b2faa8c5674dcfc5e06acaba7c5683e45429f46276f47e814a111436,2648
update/vendor/phpdocumentor/reflection-docblock/src/DocBlock/Tags/Link.php,fd426ee1462073e83c8527b10b63dde14e78b20d0bd505de70274c504a2babea,1870
update/vendor/phpdocumentor/reflection-docblock/src/DocBlock/Tags/Method.php,47519014fe5ef590c5515e6af7c6a7b58496fbcad807fc2e5950c2f21eda8212,7094
update/vendor/phpdocumentor/reflection-docblock/src/DocBlock/Tags/Param.php,8c3230d4925cefd77b211530d1f1496ec70cdd7ddec2f9d4ce1b0bd585a1d368,3964
update/vendor/phpdocumentor/reflection-docblock/src/DocBlock/Tags/Property.php,9f8b254e45ab36d56a468bf61cc9b7d721689be82cf6e3fc1599016bc35bc128,3284
update/vendor/phpdocumentor/reflection-docblock/src/DocBlock/Tags/PropertyRead.php,c81b8779e981ba3bea72bc78faa87fdc462ccec49b1c879e10c8d7f11e8f918a,3298
update/vendor/phpdocumentor/reflection-docblock/src/DocBlock/Tags/PropertyWrite.php,7633ed722017b8d2fdbfdaec0f0ea2f5c8d402e4cab0f55ead85b727b598eec4,3301
update/vendor/phpdocumentor/reflection-docblock/src/DocBlock/Tags/Reference/Fqsen.php,6bf061bf514e1fa06d4c1614c703f5679e1c2c5f74f60a16ba31e67a24d497f4,948
update/vendor/phpdocumentor/reflection-docblock/src/DocBlock/Tags/Reference/Reference.php,d13ce0f93195bee4b94dba7322d77adc0c0c472bea0e8544d6358846b0f7dd79,556
update/vendor/phpdocumentor/reflection-docblock/src/DocBlock/Tags/Reference/Url.php,1115fea19e536d13e1ff7a4e7375c6b2f848adbd5c3cad51a394a27c9c821051,845
update/vendor/phpdocumentor/reflection-docblock/src/DocBlock/Tags/Return_.php,c3899daf3460a8179e5d88e6af7e0f0e614df6f14bd3f3a9adbaf141a186a81c,1920
update/vendor/phpdocumentor/reflection-docblock/src/DocBlock/Tags/See.php,88e26ee3b6a57944c8b2a895ececf718d6bbc3e38dc4f7c91f38873344390fcc,2500
update/vendor/phpdocumentor/reflection-docblock/src/DocBlock/Tags/Since.php,5504eb6f7ab0f0aeeb9a1e4378aa26d0c4cf27b3b393f14b60c9c60fa1eec57c,2559
update/vendor/phpdocumentor/reflection-docblock/src/DocBlock/Tags/Source.php,44dbe138a76e39733593402a15d30dbf7cb0109dd29cfa11815f512c5c8c0c05,2926
update/vendor/phpdocumentor/reflection-docblock/src/DocBlock/Tags/Throws.php,d8db7219425bf47b4dcd7ef2a98e38c6fac11653c7df8b487e4aea29f3356f34,1933
update/vendor/phpdocumentor/reflection-docblock/src/DocBlock/Tags/Uses.php,45a53ba285b1cb0c3456d2923bdc8de8ccab36a75004c35b40862d3e9d9bb530,2128
update/vendor/phpdocumentor/reflection-docblock/src/DocBlock/Tags/Var_.php,7952159bdb875e24fa104a43aa220fbaa9092cb649fa0fce6e0bda11e74d3cb0,3342
update/vendor/phpdocumentor/reflection-docblock/src/DocBlock/Tags/Version.php,68429b3589705c6a985700c240a446dc4a818aec9877a0f47b352cc8eb35b0e7,2500
update/vendor/phpdocumentor/reflection-docblock/src/DocBlockFactory.php,d1efec3ab85c69249cf838fd187a2e9661219880a66929c14c70f7eb514c347d,9350
update/vendor/phpdocumentor/reflection-docblock/src/DocBlockFactoryInterface.php,5ebe81e443f2162544547e37dfc0964b53f05c809072fe7b8e7b775e23aacc8b,545
update/vendor/phpdocumentor/type-resolver/LICENSE,06063317b326f364bd17ebb74e8a329aa65d053355815651d32f3d38372a1b42,1080
update/vendor/phpdocumentor/type-resolver/README.md,842f83e5808228025335b5f623b88bd6414582962cdbb3651e06c39907456823,7803
update/vendor/phpdocumentor/type-resolver/composer.json,5e56d7ef9e1bd88a931a24710c9f4ced82eef86fde0731868d7e9db89124aa11,673
update/vendor/phpdocumentor/type-resolver/src/FqsenResolver.php,20ed8db3f3a69de68c6dd7357981e7dc66dc735dd534fa4b5305df605ea127be,2315
update/vendor/phpdocumentor/type-resolver/src/Type.php,68c74c11698193c4ceb7b63bcf209bb8efef81658dbdefaacf40171bd0c54351,433
update/vendor/phpdocumentor/type-resolver/src/TypeResolver.php,1db72d44d7e888c03828d1181c0938a36cc835cc970c9d2b2e9664268d8f4478,9335
update/vendor/phpdocumentor/type-resolver/src/Types/Array_.php,9b79e4d00a2b5fc70f5907415641104fc5c9099a4c114393cb1f1f4e60dd887a,2093
update/vendor/phpdocumentor/type-resolver/src/Types/Boolean.php,9442f305e05f65c0159c4a9888f909bf396e07a929f1ecb175861ce3aeddc687,708
update/vendor/phpdocumentor/type-resolver/src/Types/Callable_.php,f4d82ab481c0b2cddb05991f98b49aaef7f775e748ae05f1a3cb332b5d58c18c,715
update/vendor/phpdocumentor/type-resolver/src/Types/Compound.php,0c3bd9221a9623be96a4d2dcd1e94506601f2e167bcdfd64e1cd164bfd483bcf,2330
update/vendor/phpdocumentor/type-resolver/src/Types/Context.php,660d5672e8effac1fe0324071bb423d99bdcbe0ab1b605da3d7c7a372d6648e6,2902
update/vendor/phpdocumentor/type-resolver/src/Types/ContextFactory.php,113f700174bb71d91060235303bcac403cfc199f78ad3ef7127d8bc805417a1c,6894
update/vendor/phpdocumentor/type-resolver/src/Types/Float_.php,e772a44dad3e7813fa4f7ecbb6b4b8f587576771cb9b6e04e84fb39fd89d4635,701
update/vendor/phpdocumentor/type-resolver/src/Types/Integer.php,c26cccb140aac3abcca7c2480108846a10dd3e4334b640fab711f015696d0bb5,654
update/vendor/phpdocumentor/type-resolver/src/Types/Iterable_.php,237869ece42635bd9287733412352b702abeb25479df8b3ace6747e673c6caf6,712
update/vendor/phpdocumentor/type-resolver/src/Types/Mixed_.php,c3dca3d5c0417acb534cbb9c0ce5903e1e3d74b33e6ff9539abb676c1b5cfa50,720
update/vendor/phpdocumentor/type-resolver/src/Types/Null_.php,0e79ecc33aa454a2aa30ee39971dd0327bfa1ee72c377d5c41ed4ae6d7326019,712
update/vendor/phpdocumentor/type-resolver/src/Types/Nullable.php,0a35abf714724fb2b8468a6a825de0b243d06043101196e9d5c4b1d91fa5d75b,1225
update/vendor/phpdocumentor/type-resolver/src/Types/Object_.php,7d85a7d8f824c7a8436fcfc30153be4d7980e7d6c57c0d0e02b2fd7960959e89,1982
update/vendor/phpdocumentor/type-resolver/src/Types/Parent_.php,d38598a88fa313d2c53ebc86f379c30d41fcef5d10431607068928c899e8dda0,820
update/vendor/phpdocumentor/type-resolver/src/Types/Resource_.php,067a80b43feb642893835686c80214f57e82af72e8535719e36ea562ac25caee,719
update/vendor/phpdocumentor/type-resolver/src/Types/Scalar.php,7a429bdb3e39d21ab50a59db19c0af3bcd47b55549632f50b9d534bf70632004,772
update/vendor/phpdocumentor/type-resolver/src/Types/Self_.php,e8adc0d5e29c9f38a8b8faba736dca2c36c1f1ef39b1dccd654eaf7ed97bf331,796
update/vendor/phpdocumentor/type-resolver/src/Types/Static_.php,fe1dd7a8f1587e52ed4dbd29598f35c115bfa4959dfb4c81790580c1a404d282,1109
update/vendor/phpdocumentor/type-resolver/src/Types/String_.php,22dcac43d82b7d0ca2217027e943c630eb4f8e236dd3756f5a243f40810c16f5,713
update/vendor/phpdocumentor/type-resolver/src/Types/This.php,6061f93f8d367a9607b4f5618315743665527098a3052d978316fc68ef446882,937
update/vendor/phpdocumentor/type-resolver/src/Types/Void_.php,df1f2740518350c355b2919df2db2a250aa8852b2483d4ec49cdeb8a16e0698c,855
update/vendor/phpspec/prophecy/CHANGES.md,d7c872681aeaeb48b8960fa601ea6c8a476ccf2ff8f9bd8d05505c95bed4c6fc,7150
update/vendor/phpspec/prophecy/LICENSE,6d740d309490bce9c25ef2ca99a6e5a6032f336467d313a17c7ffc7930b9a087,1149
update/vendor/phpspec/prophecy/README.md,d873beb61d8fd5a32c08810058c0048a87afd668e2c003b9ff8e942a102d40aa,14605
update/vendor/phpspec/prophecy/composer.json,cc50a7816b5a77696d8539bdb0b79da6448992ea3619357ff97f5674e519f7c2,1351
update/vendor/phpspec/prophecy/src/Prophecy/Argument.php,662411e12dd0237efd85abde3d6c6ae35922aaeaeae5268de8a165b6128a1401,4807
update/vendor/phpspec/prophecy/src/Prophecy/Argument/ArgumentsWildcard.php,f8b3d24b4eb17fd25f6b96527e208fba1ab11641292327065e647c013fc18a43,2356
update/vendor/phpspec/prophecy/src/Prophecy/Argument/Token/AnyValueToken.php,3d439dda0de66027a513e01a324df3a11ca7d6632b0f8a29675d2e24815da6c2,939
update/vendor/phpspec/prophecy/src/Prophecy/Argument/Token/AnyValuesToken.php,6e88d57ed7127da4e75333532502dbc82c72dc1049367c5484073a65aaea8fb7,986
update/vendor/phpspec/prophecy/src/Prophecy/Argument/Token/ApproximateValueToken.php,97fe2be2766c173bddc85a7c49da131fd8d98e204694256ba5c4a6fc0d5469de,1159
update/vendor/phpspec/prophecy/src/Prophecy/Argument/Token/ArrayCountToken.php,92ba0237dc087438b94bd919aed2e195b4a0ace6c73ee6325274359dc3589803,1761
update/vendor/phpspec/prophecy/src/Prophecy/Argument/Token/ArrayEntryToken.php,d1697f4088e1a6c88d64a7c947b7985b578b34ec3b2b545e69c3cbf5a648d4af,3732
update/vendor/phpspec/prophecy/src/Prophecy/Argument/Token/ArrayEveryEntryToken.php,7ec8b55eb4bc8ecfe80abf4278ef71b041b5cda15541815dbb08fd1e44cb3fc4,1682
update/vendor/phpspec/prophecy/src/Prophecy/Argument/Token/CallbackToken.php,67e8b405dfacf0c7cbb222205bc4dd7035b7a8d2398d790f33e9c4042adabf6c,1580
update/vendor/phpspec/prophecy/src/Prophecy/Argument/Token/ExactValueToken.php,a08843f26ec8a584379e2a31f8bca95c19c24bd6c9314b6b243303500fb7eac9,2977
update/vendor/phpspec/prophecy/src/Prophecy/Argument/Token/IdenticalValueToken.php,fc420396db7d5bcf2c418116b19fdff0883ed8bfba21a3bc354945b0c5db1dec,1510
update/vendor/phpspec/prophecy/src/Prophecy/Argument/Token/LogicalAndToken.php,1db8833818fc06d35006f2e4b36280f707dbdb0f3c81066fd17d272242b84454,1784
update/vendor/phpspec/prophecy/src/Prophecy/Argument/Token/LogicalNotToken.php,8084349a2fe1506ebd02058e9b7f1a08eb992aba67970f87f55d7678c36e78c6,1551
update/vendor/phpspec/prophecy/src/Prophecy/Argument/Token/ObjectStateToken.php,d504f6e34f1cfdcbfa4afc54c1089fb8bc974845d2c23fc60078ae4f381d1629,2617
update/vendor/phpspec/prophecy/src/Prophecy/Argument/Token/StringContainsToken.php,ecb8ce2bd2fd0c7d0f1508cfc88eb9cf2b276c938af09c7bfd32b4ae2cc98e98,1276
update/vendor/phpspec/prophecy/src/Prophecy/Argument/Token/TokenInterface.php,292c0a3ae523ae8201cec5f3f582550e1d4bf48ea447d9760220abd636d3e615,912
update/vendor/phpspec/prophecy/src/Prophecy/Argument/Token/TypeToken.php,30cd49ea540a067b8965709e59ec0112f1ff13fbdbb75999b3727852f70d3cda,1701
update/vendor/phpspec/prophecy/src/Prophecy/Call/Call.php,7ffff424535349b1c798315f1f3e0b0cc38fc06e6d4c8d1225f9bfb55446af59,2515
update/vendor/phpspec/prophecy/src/Prophecy/Call/CallCenter.php,2dddd9861b7f48e4fb765dba8fc31eb824cf55defa3ed5956d2d230515e341a0,5901
update/vendor/phpspec/prophecy/src/Prophecy/Comparator/ClosureComparator.php,92e96a2c217ba8735640cbc7992997f20e8fc3e7850a96383244be3575bbb128,1099
update/vendor/phpspec/prophecy/src/Prophecy/Comparator/Factory.php,e03a7317bfc1c47a861d3087ff4e211d489c18aea95fed0adace9e4043812c98,980
update/vendor/phpspec/prophecy/src/Prophecy/Comparator/ProphecyComparator.php,a3deb8ca62709d57f7edf825be4dc734e40e03bab94bed5f8e55166e3e3646bb,883
update/vendor/phpspec/prophecy/src/Prophecy/Doubler/CachedDoubler.php,c92c89d4bc8de90602b1fc159daacf54bd0f96deb64a67e6e712745fe695f336,1667
update/vendor/phpspec/prophecy/src/Prophecy/Doubler/ClassPatch/ClassPatchInterface.php,0f2b6efc7c216c16fab45e8f89688b823dc60413d03723bd6f56efdafad89fba,1132
update/vendor/phpspec/prophecy/src/Prophecy/Doubler/ClassPatch/DisableConstructorPatch.php,fbc57ea50099a0c4e5e02719c26553d0da1d0cffd5a0c227ea49a853c9feb20a,1682
update/vendor/phpspec/prophecy/src/Prophecy/Doubler/ClassPatch/HhvmExceptionPatch.php,f6c4ac8c2a007ff72f4d2928d7b86d11394a64c1042cfbe16ed84baa32473b0a,1489
update/vendor/phpspec/prophecy/src/Prophecy/Doubler/ClassPatch/KeywordPatch.php,39fb6186371e7ccbd3e442de59f128ce8741e5f0137a9345d633ae39792020d0,3108
update/vendor/phpspec/prophecy/src/Prophecy/Doubler/ClassPatch/MagicCallPatch.php,56c9aabdb694aa781e3de487c01f7f17512593109d6c3d93e4f6c9c67e781737,2413
update/vendor/phpspec/prophecy/src/Prophecy/Doubler/ClassPatch/ProphecySubjectPatch.php,be341fee2881846d2efb13815c5924af55e3dcf4cf2e37f49d81fe8284d9a552,3058
update/vendor/phpspec/prophecy/src/Prophecy/Doubler/ClassPatch/ReflectionClassNewInstancePatch.php,f22058bcb793a32331c33f782553aa079cee383381ab3222d15cb1e0e5e420cc,1392
update/vendor/phpspec/prophecy/src/Prophecy/Doubler/ClassPatch/SplFileInfoPatch.php,3e71738a860789d7e32b896d3742e46628077617e416697c51e42e06c4fefa5f,3198
update/vendor/phpspec/prophecy/src/Prophecy/Doubler/ClassPatch/TraversablePatch.php,7e56dea916f5f895f0369b3148afd5973d242f55cb258939e688fb42a600e281,2306
update/vendor/phpspec/prophecy/src/Prophecy/Doubler/DoubleInterface.php,8ebb33e7ca19154bb52cc7ad489ff53c9d9a711f82a4502b9fd66afd5b49e07f,482
update/vendor/phpspec/prophecy/src/Prophecy/Doubler/Doubler.php,ba51e1a2044fb82ed500a020bc73e0520014991d5b8858706fd5e223eace8c6d,4239
update/vendor/phpspec/prophecy/src/Prophecy/Doubler/Generator/ClassCodeGenerator.php,81dd8244718cd7933a883754b239bd21f71501a002fcfaf4e5168f4bd453df15,3854
update/vendor/phpspec/prophecy/src/Prophecy/Doubler/Generator/ClassCreator.php,2f2fb82a733975e8904a38a86e6253caab0c4c906e00d2fe446c0b86ed3d5823,1748
update/vendor/phpspec/prophecy/src/Prophecy/Doubler/Generator/ClassMirror.php,58fa51690c3fea7b7aeb50d384ae3aba4991db8f2b7f1c1cc1517146ba0a9f1c,7976
update/vendor/phpspec/prophecy/src/Prophecy/Doubler/Generator/Node/ArgumentNode.php,98f4c82938b26d7cd5216d763e594a214456d2d3eb90496f6dba2b17b48cac2a,1984
update/vendor/phpspec/prophecy/src/Prophecy/Doubler/Generator/Node/ClassNode.php,ec5b5fac9cd881f5d20a0193b129040990d0388e4fdee31fb2ce1341ab59e0e7,3657
update/vendor/phpspec/prophecy/src/Prophecy/Doubler/Generator/Node/MethodNode.php,32f8813989018c446b4ee5af7b2d2e465719344a970f7718dc8641a7c8ae605c,4382
update/vendor/phpspec/prophecy/src/Prophecy/Doubler/Generator/ReflectionInterface.php,287d98e458dd54ae400458707bdfb87c40374598ecff88ebbe38d3eaa1262730,498
update/vendor/phpspec/prophecy/src/Prophecy/Doubler/Generator/TypeHintReference.php,38228e74fa756ae0f85cc973139c64bd48b57532f39f3e49c46d81c954c9642c,1005
update/vendor/phpspec/prophecy/src/Prophecy/Doubler/LazyDouble.php,216936e5a89d211dcb0744766f1824bdaf257b2057427221587431776037c05d,3398
update/vendor/phpspec/prophecy/src/Prophecy/Doubler/NameGenerator.php,0bdb993db47266c94a41d2a25659af9c3829f9e7648ece28b057a0446429e29b,1162
update/vendor/phpspec/prophecy/src/Prophecy/Exception/Call/UnexpectedCallException.php,cf481848c3188ea3f186c89aab545485f3f52bac6085ba224bd1f6342870e1c2,982
update/vendor/phpspec/prophecy/src/Prophecy/Exception/Doubler/ClassCreatorException.php,d945206e925bd40784a745ddc9928ddd80b39fd8414ed2fb079f88bbddb4a658,693
update/vendor/phpspec/prophecy/src/Prophecy/Exception/Doubler/ClassMirrorException.php,b1c3079ab58ee3cc5a2d69de32c8f441054d9384700a00814bf2255eff13dd7c,682
update/vendor/phpspec/prophecy/src/Prophecy/Exception/Doubler/ClassNotFoundException.php,5a1e809dd616ef33e581b1c27722c4d96dc8c8915e4818887aa4be680a257957,709
update/vendor/phpspec/prophecy/src/Prophecy/Exception/Doubler/DoubleException.php,560b54c2e9866050da5f1607d04b29760614935cb3fb26cab522e4bd5f01fd2b,425
update/vendor/phpspec/prophecy/src/Prophecy/Exception/Doubler/DoublerException.php,7651213009027f3f4d291d4ebe653bbdb96529febdf14d6f3301660bce1cbb8f,407
update/vendor/phpspec/prophecy/src/Prophecy/Exception/Doubler/InterfaceNotFoundException.php,057527f9debb3858004e5cc1d729e1398eab2c879d8c99c8dd33a93d789a183d,480
update/vendor/phpspec/prophecy/src/Prophecy/Exception/Doubler/MethodNotExtendableException.php,1fd1b20ee2a03433a6ab7e3cf9ac88135c33ddc4a32f446689b1fcb20b41bfa1,836
update/vendor/phpspec/prophecy/src/Prophecy/Exception/Doubler/MethodNotFoundException.php,4c374373a8b63bfd3b1fe96200e4c65cff392aaae53235372275ecc87aec5757,1252
update/vendor/phpspec/prophecy/src/Prophecy/Exception/Doubler/ReturnByReferenceException.php,6ed53c0478b446fbed22bd0bd17d9f8b0ac4860677d8552fe64f43083db1bebc,909
update/vendor/phpspec/prophecy/src/Prophecy/Exception/Exception.php,14df592a423d0c7365c66fd25f719da8ae4c390bbfad7db7d1c8c32762b95258,555
update/vendor/phpspec/prophecy/src/Prophecy/Exception/InvalidArgumentException.php,b85ccc0497471154243b30ea8105b700083e2ff86271b379e88f37876d3b8ae3,405
update/vendor/phpspec/prophecy/src/Prophecy/Exception/Prediction/AggregateException.php,afc10f7ec414cc67314efe87eebc9e6ac449f5f2fcbc9b43bcaff9021010b6c1,1211
update/vendor/phpspec/prophecy/src/Prophecy/Exception/Prediction/FailedPredictionException.php,c6391acbb803f92031d072a510c521d7c92784ab4402920f8565c40b4a61ea4d,586
update/vendor/phpspec/prophecy/src/Prophecy/Exception/Prediction/NoCallsException.php,ea220b56c8713bca9ec1a7575f9b6290fc915ec02506dda8af88327c85bf0a4a,474
update/vendor/phpspec/prophecy/src/Prophecy/Exception/Prediction/PredictionException.php,daf68c1118cb2a79ff54ab49052bd883d303b1ff27485b7aa131a47805b8455e,413
update/vendor/phpspec/prophecy/src/Prophecy/Exception/Prediction/UnexpectedCallsCountException.php,9566e9efca4743284bb15bcba272ed01f77b9dd09a91ef7e9397e76edb7793a7,776
update/vendor/phpspec/prophecy/src/Prophecy/Exception/Prediction/UnexpectedCallsException.php,2de6e757c872b533b0f06c2d4af970a6bc9e32943e9a3ca8467961f0ff3f71e2,812
update/vendor/phpspec/prophecy/src/Prophecy/Exception/Prophecy/MethodProphecyException.php,0115d652ee85a57802ebbda0a45ef2c3b3a17cb04848a0930b32a1fb1d989af3,809
update/vendor/phpspec/prophecy/src/Prophecy/Exception/Prophecy/ObjectProphecyException.php,1a851bb8c1601519cee09e3328088288efb228a35a7bcfebe43bb0c06046ed14,794
update/vendor/phpspec/prophecy/src/Prophecy/Exception/Prophecy/ProphecyException.php,c8d947930370870dc1f94b7d55a5e8a1c281cbdee7fe21e2987eca93587884f6,409
update/vendor/phpspec/prophecy/src/Prophecy/PhpDocumentor/ClassAndInterfaceTagRetriever.php,53f4d5c477c143a1e65e37e62b18655d88ca70ad5baf17805b740c67ee1a01d0,1912
update/vendor/phpspec/prophecy/src/Prophecy/PhpDocumentor/ClassTagRetriever.php,3d65d40f806e3a050f21e22ac782dcc77210415f08ec8b3b7e91c1c8cfd0a8f6,1348
update/vendor/phpspec/prophecy/src/Prophecy/PhpDocumentor/LegacyClassTagRetriever.php,1ad99bde2993ad715e79dc99bafde36825f60cf26c6ce4e553a9bf53f2f88b37,879
update/vendor/phpspec/prophecy/src/Prophecy/PhpDocumentor/MethodTagRetrieverInterface.php,181f7d0f48f18f00d3099722347d041b463b069d6f8339c728995df14b2c35b9,735
update/vendor/phpspec/prophecy/src/Prophecy/Prediction/CallPrediction.php,e02585a358b95279752038c2dbcc507e65debfb89ee64658d08cf5c37ea8a582,2385
update/vendor/phpspec/prophecy/src/Prophecy/Prediction/CallTimesPrediction.php,e82b2e3eefaccc67dad024d3bfcdbba5129ac041333151e096ae785c6c2b6ca7,3219
update/vendor/phpspec/prophecy/src/Prophecy/Prediction/CallbackPrediction.php,07cebab78250c4c89442c03a194bcb31a7b71dafe39ecf2c4620caa439793908,1683
update/vendor/phpspec/prophecy/src/Prophecy/Prediction/NoCallsPrediction.php,7c3fa0f434f0d5e6b9f4c6b5d36230ff0f4af833f148cd6ac5249d6505f30aa1,1765
update/vendor/phpspec/prophecy/src/Prophecy/Prediction/PredictionInterface.php,6bba812907d2f5a90a567302d0ccb2d6c4b131eb45df6667738b89091cdb4d7c,927
update/vendor/phpspec/prophecy/src/Prophecy/Promise/CallbackPromise.php,0cde0be726ffccd2e751f78c4b22cf119ecc6d14b0bac2cbd6d1bb5b062979d7,1677
update/vendor/phpspec/prophecy/src/Prophecy/Promise/PromiseInterface.php,d2aa0743038236517a8122ea85a02a5c4b32628b042e26f1031d5b196e3f2131,843
update/vendor/phpspec/prophecy/src/Prophecy/Promise/ReturnArgumentPromise.php,9a69209b3824b0a2b4851d3e68cc28e728c2c22830ea31eac0ecc0a4edf5f5f3,1575
update/vendor/phpspec/prophecy/src/Prophecy/Promise/ReturnPromise.php,3f68b7ada21ee332c3caf0de358f6047d6a0854e4036d68da94db23a176a79ee,1303
update/vendor/phpspec/prophecy/src/Prophecy/Promise/ThrowPromise.php,08cbb9211859ee81b1dcfa4d8a3a9354ae3d7e2fb18583283d6e0e680c818d80,2909
update/vendor/phpspec/prophecy/src/Prophecy/Prophecy/MethodProphecy.php,f020f57db9a9c1c15478e0bf03b4024c0cdda1bd0423d9d562c3aaf2f346ab40,12132
update/vendor/phpspec/prophecy/src/Prophecy/Prophecy/ObjectProphecy.php,2b0ecfab29e61c39dbfe81fb6371ad5ee5befc5c86c9bca605a581bd47959fe8,7815
update/vendor/phpspec/prophecy/src/Prophecy/Prophecy/ProphecyInterface.php,ce2c75872d523af4b16f3da00e765f2ae6557805a8c126207599a32d95a76bc9,556
update/vendor/phpspec/prophecy/src/Prophecy/Prophecy/ProphecySubjectInterface.php,2a3f194fcd1da99a8cb8574007e2f705ad299724e203fe58c5467bda33da7c80,735
update/vendor/phpspec/prophecy/src/Prophecy/Prophecy/Revealer.php,998958b02e86abd2092a74023446085975657d0f16cdecea33c75a348dfcb477,912
update/vendor/phpspec/prophecy/src/Prophecy/Prophecy/RevealerInterface.php,8511ea4530b5d58a25df023c9287b2c7fe1b79a2c3f1f1a5b9abe8be8851f588,584
update/vendor/phpspec/prophecy/src/Prophecy/Prophet.php,e9e18186f695b70fbd9c73cc55be6fbdae81a6a42dac0ccf73078349c9132fd3,3865
update/vendor/phpspec/prophecy/src/Prophecy/Util/ExportUtil.php,77e44ed48e6ccf7645e615ca3cb2ff433b7aa646b9004282d7f114547719fd2e,6736
update/vendor/phpspec/prophecy/src/Prophecy/Util/StringUtil.php,be718e020c060bb1d55ddc91340fa001335cbf699d33c10351db9259ff89f794,2540
update/vendor/phpunit/php-code-coverage/.gitattributes,f709083d426085b4a162cdf9af665b172cdbffd69b00e2f977c785f2891fd58a,15
update/vendor/phpunit/php-code-coverage/.github/CONTRIBUTING.md,ba8f98665503b194777fa3b6c31037ffef26d9bd499da75a04dfd9e397cccda5,215
update/vendor/phpunit/php-code-coverage/.github/ISSUE_TEMPLATE.md,caf8b16cd6632d0e126babe13b2a0904bc2597947a9083924905775dbc645a84,720
update/vendor/phpunit/php-code-coverage/.gitignore,0725400cb82324e2b0176abaec562d741cd91f7a0375ee0acffebe4a0d6666d3,64
update/vendor/phpunit/php-code-coverage/.php_cs,43792213d81a6c3afd3ee4b26eaabf729151fca53b2355f55d36e4804e84ee54,5799
update/vendor/phpunit/php-code-coverage/.travis.yml,1e73b91898cf2ea1eb183c75915bbf3f9a9174d553b4dc2d9c7e575228e984d4,882
update/vendor/phpunit/php-code-coverage/ChangeLog-2.2.md,aa3d1fbec01345990c3b8d4f5deb37a65d0d4d08a4c708912ea769f035e7c70a,2367
update/vendor/phpunit/php-code-coverage/ChangeLog-3.0.md,0fc44ae761fda42b9f3b1242ec86126c7e3958a155bd1846873681b526621b13,910
update/vendor/phpunit/php-code-coverage/ChangeLog-3.1.md,9c81133b041397471b68dc105e65b77fe0724e464f415895bdbea66857df0a0a,1008
update/vendor/phpunit/php-code-coverage/ChangeLog-3.2.md,bdea480fe10493a88ecb2eb4cbc004058b5d2671dc3f93d0325fc34d2318070d,689
update/vendor/phpunit/php-code-coverage/ChangeLog-3.3.md,92ec68d9b908472003bcd80f4f266e5f70063e09dffe5adae9036fb637770b5c,1055
update/vendor/phpunit/php-code-coverage/ChangeLog-4.0.md,b15f6777daf148872a357d73e332ab24b37d8361f93ae7dca6d9552d30a4da2f,2225
update/vendor/phpunit/php-code-coverage/ChangeLog-5.0.md,015df77a213891ebff99a62dab6eae097c5a6bf2993eed00f7eedbf0688ff640,1559
update/vendor/phpunit/php-code-coverage/ChangeLog-5.1.md,795513d162833cd9c1153c5a776c233ce4cb46f0487840ffd9f6b728999c14be,716
update/vendor/phpunit/php-code-coverage/ChangeLog-5.2.md,50b0102f14555e119955868c00e8743619e9c791abd1e75e0c16d8e468431166,1885
update/vendor/phpunit/php-code-coverage/ChangeLog-5.3.md,5bc21216bb768896d7cbcbe0dc3bcf0ef2b023f351429d30a80620e9051b8e60,822
update/vendor/phpunit/php-code-coverage/ChangeLog-6.0.md,922b9bdf1c9de103bb27e47726f6bf940b9186cd89ae7d80bb74da100bd02ac8,1127
update/vendor/phpunit/php-code-coverage/LICENSE,17882864e327d44e486b3a32d01e7b7724124a6c06603d5ab5ba3d6b6adb7697,1551
update/vendor/phpunit/php-code-coverage/README.md,859e04277124d891d4fae17d220ac66e33d1f7381eab84f7a95c070694924694,1392
update/vendor/phpunit/php-code-coverage/build.xml,925228527f6569d6ea16983c47d26483d19841077f0135c1902beec817001d27,702
update/vendor/phpunit/php-code-coverage/composer.json,1bd5b6393322bb0dd61ce8929035b2d0736ccfb73704f30fd7ad4f145928a46f,1462
update/vendor/phpunit/php-code-coverage/phpunit.xml,e182e9f49aa06cd041620a07e714db7a8c24b48a37deccbcc33909a0a602fca4,642
update/vendor/phpunit/php-code-coverage/src/CodeCoverage.php,21688d2286f7963ef114373b05e5cde28ff9a515b0eb6117671e6ec465e0cd31,28798
update/vendor/phpunit/php-code-coverage/src/Driver/Driver.php,d4deb90c26e6173b55e9617c57ae4f65f87057dab78aca60701cffb35e707b98,1002
update/vendor/phpunit/php-code-coverage/src/Driver/PHPDBG.php,fc71b1dd715db489afca7999daee099c1900fd2a4f5946f8296c87ad96953630,2677
update/vendor/phpunit/php-code-coverage/src/Driver/Xdebug.php,f174c43ead9c40b6505acbfd6340a71e523d3c353281dec382ecc36b185fc98b,2497
update/vendor/phpunit/php-code-coverage/src/Exception/CoveredCodeNotExecutedException.php,799ca028203b33aaed62680b9465039788dc21bb450accbbc7fe6730303b757c,438
update/vendor/phpunit/php-code-coverage/src/Exception/Exception.php,5478ad7c6d89783eabf5538749dceb565b8f1654d9961a38cb55599e56d6fa78,382
update/vendor/phpunit/php-code-coverage/src/Exception/InvalidArgumentException.php,ac711a0bb0adade3094ca5fb24f4bf7ea0398ce5090a77d2fef81e56f641d4aa,1014
update/vendor/phpunit/php-code-coverage/src/Exception/MissingCoversAnnotationException.php,21bba93c83dddf24df7d909ee6c65eae445fc74f565d2ad96544fffb1fe806ce,442
update/vendor/phpunit/php-code-coverage/src/Exception/RuntimeException.php,d676b20e379ac5ba70a5949e46fc94d58a45064b2b3a7fa782099361b8ffcd85,368
update/vendor/phpunit/php-code-coverage/src/Exception/UnintentionallyCoveredCodeException.php,c4da82c9eaa6d81cc1b70cfca10920f026e3da82a02c051376d7ccc13ec14a08,1217
update/vendor/phpunit/php-code-coverage/src/Filter.php,ec1e115f021487e00d2e50ec8e95ea10aaa6983ae8499353e8a0c2b6d863e8cf,3759
update/vendor/phpunit/php-code-coverage/src/Node/AbstractNode.php,2433ef36bfd147fd13b34efdb3622f90d20a7ae23cb4409f2f3715544fc28273,7700
update/vendor/phpunit/php-code-coverage/src/Node/Builder.php,8d2cf50d9fc8ba7674bed994aa3284edb674ccec49fa65d4b1260afbea71e755,5436
update/vendor/phpunit/php-code-coverage/src/Node/Directory.php,f42b7fe31d5ebe30b61ed2ffa5f963a61460b3ef6638417adca885f47884e1b9,9305
update/vendor/phpunit/php-code-coverage/src/Node/File.php,82eede97a5d8021fdcb064d196553cb8f1362dbd8d33a8cf3ce1fc409d30800f,18773
update/vendor/phpunit/php-code-coverage/src/Node/Iterator.php,d707f1787bd12657b9f1fbae1473474f35a8fbe30370e304290cacf11a9d735e,1853
update/vendor/phpunit/php-code-coverage/src/Report/Clover.php,4bf0f4c2735e91d138b16bddee71858e950a1486e0cabc9c27811b70c01eb9f0,9992
update/vendor/phpunit/php-code-coverage/src/Report/Crap4j.php,b0f31ff5600727cc79bdfe8e1343bae48c714e2c046a7495935d43a774d4561c,5535
update/vendor/phpunit/php-code-coverage/src/Report/Html/Facade.php,95556310163beb4b24449cdf6dcc9cbcc4340fca29cb844fa6c22eef5f0ffe34,5690
update/vendor/phpunit/php-code-coverage/src/Report/Html/Renderer.php,0b38252100da880e42bc6988ae8fc8dd1dcf8a53e64fe05eae67e1ec9db99804,8300
update/vendor/phpunit/php-code-coverage/src/Report/Html/Renderer/Dashboard.php,6748e9c4e2491b828bcc24e6e17b3a12ed0a777ef820ea836b6e095c25ac5674,9504
update/vendor/phpunit/php-code-coverage/src/Report/Html/Renderer/Directory.php,b307fef8ca25c004a4bdcb9f563cea3f4804f50189eb5c1a1e40f1a4e6c82bf3,3311
update/vendor/phpunit/php-code-coverage/src/Report/Html/Renderer/File.php,58ce91d7d81d6ca183c44bcefa85fff7c39ffb0051f6e7eb6ea29769dc008cef,18558
update/vendor/phpunit/php-code-coverage/src/Report/Html/Renderer/Template/coverage_bar.html.dist,0ee3d96138462db5f0b902b6a990ada71e21a11e11093bc05a1e49e4908ff23e,305
update/vendor/phpunit/php-code-coverage/src/Report/Html/Renderer/Template/css/bootstrap.min.css,f75e846cc83bd11432f4b1e21a45f31bc85283d11d372f7b19accd1bf6a2635c,121200
update/vendor/phpunit/php-code-coverage/src/Report/Html/Renderer/Template/css/nv.d3.min.css,dc2b0982ed367aac5ecbf7ead227b16bb5e228a58cc32c504b3e56213c5ed065,9560
update/vendor/phpunit/php-code-coverage/src/Report/Html/Renderer/Template/css/style.css,f8da6cd2af590389f805a3613665fae8fb72609dd4e908efd9a45a2dc1757542,1835
update/vendor/phpunit/php-code-coverage/src/Report/Html/Renderer/Template/dashboard.html.dist,80bc71dbfdee17ebe98b4116d77bd9c6c10e574724afb11a4c85a4e94eb76684,7167
update/vendor/phpunit/php-code-coverage/src/Report/Html/Renderer/Template/directory.html.dist,11c9adea79a1e016db1444a9617e3a9f1dbe7c46466a5483b0e84d747dabc9bc,2120
update/vendor/phpunit/php-code-coverage/src/Report/Html/Renderer/Template/directory_item.html.dist,83e64522d1b55ea9993676e652e9d2650cea8c0b6a87236daedf887621812f2d,821
update/vendor/phpunit/php-code-coverage/src/Report/Html/Renderer/Template/file.html.dist,a09cf1e5bdc6dfc4bdbd30146f7851b220911c48d253b672b3fdd5401ac6e196,2331
update/vendor/phpunit/php-code-coverage/src/Report/Html/Renderer/Template/file_item.html.dist,4890bfc9e9193e41c7adfb3c4d25f395fd2a31cf4e84918f0d1a30501956908f,871
update/vendor/phpunit/php-code-coverage/src/Report/Html/Renderer/Template/fonts/glyphicons-halflings-regular.eot,13634da87d9e23f8c3ed9108ce1724d183a39ad072e73e1b3d8cbf646d2d0407,20127
update/vendor/phpunit/php-code-coverage/src/Report/Html/Renderer/Template/fonts/glyphicons-halflings-regular.svg,42f60659d265c1a3c30f9fa42abcbb56bd4a53af4d83d316d6dd7a36903c43e5,108738
update/vendor/phpunit/php-code-coverage/src/Report/Html/Renderer/Template/fonts/glyphicons-halflings-regular.ttf,e395044093757d82afcb138957d06a1ea9361bdcf0b442d06a18a8051af57456,45404
update/vendor/phpunit/php-code-coverage/src/Report/Html/Renderer/Template/fonts/glyphicons-halflings-regular.woff,a26394f7ede100ca118eff2eda08596275a9839b959c226e15439557a5a80742,23424
update/vendor/phpunit/php-code-coverage/src/Report/Html/Renderer/Template/fonts/glyphicons-halflings-regular.woff2,fe185d11a49676890d47bb783312a0cda5a44c4039214094e7957b4c040ef11c,18028
update/vendor/phpunit/php-code-coverage/src/Report/Html/Renderer/Template/js/bootstrap.min.js,53964478a7c634e8dad34ecc303dd8048d00dce4993906de1bacf67f663486ef,37045
update/vendor/phpunit/php-code-coverage/src/Report/Html/Renderer/Template/js/d3.min.js,76c39718d1c0a3fb321676b3b7e29306c0907919a5716d5728bd1b08ae0169e7,151725
update/vendor/phpunit/php-code-coverage/src/Report/Html/Renderer/Template/js/file.js,90169036913ff8c1004620ae1168ed6b4e178ad496d8b54aa565ea45fb7280e0,1453
update/vendor/phpunit/php-code-coverage/src/Report/Html/Renderer/Template/js/holder.min.js,b493210d14aa66a6de26908a4c9e9d71e87f8a086f20c0433e0488ffc40171f4,28064
update/vendor/phpunit/php-code-coverage/src/Report/Html/Renderer/Template/js/html5shiv.min.js,b2a42570e67080a9014519f95af4a14acba8a4e76af5cdd4f92b6a80f8858474,10331
update/vendor/phpunit/php-code-coverage/src/Report/Html/Renderer/Template/js/jquery.min.js,85556761a8800d14ced8fcd41a6b8b26bf012d44a318866c0d81a62092efd9bf,86709
update/vendor/phpunit/php-code-coverage/src/Report/Html/Renderer/Template/js/nv.d3.min.js,0ec70f7ac9519d96d4a814bccfa73f574a3b3a8c2646eeaa449ccea68033fe7c,217818
update/vendor/phpunit/php-code-coverage/src/Report/Html/Renderer/Template/js/respond.min.js,83a8807ef669fa70d0d9375347f5552897f76c6ae8e2e6f97ef592595462d8d1,4377
update/vendor/phpunit/php-code-coverage/src/Report/Html/Renderer/Template/method_item.html.dist,5b7fc80598e197abea71fb8c4dcd28de206abe3c04a38886bd6a5720fae408f2,632
update/vendor/phpunit/php-code-coverage/src/Report/PHP.php,83cb1f1f0026192512293cf2d6f3755f51578c0629e2bd4cff12aee65bb23baf,1153
update/vendor/phpunit/php-code-coverage/src/Report/Text.php,ea07463fd1cf9fa3b90462e3608ce6ad1ff16136c05f56c5f989d4b92e85897f,8796
update/vendor/phpunit/php-code-coverage/src/Report/Xml/BuildInformation.php,fd0b56c287639dd29a92e0964c3c75e0d7cf0458e08aed5fd739feb485355754,2259
update/vendor/phpunit/php-code-coverage/src/Report/Xml/Coverage.php,8af20e38588de6f93bb91d87f8c751006d550e1a5416ad8255dfd1e63830cfc6,1685
update/vendor/phpunit/php-code-coverage/src/Report/Xml/Directory.php,fca4e830818c96509ac4da3b633641fe37df07551cd8fe7d291214d6010e59b5,344
update/vendor/phpunit/php-code-coverage/src/Report/Xml/Facade.php,a0fa32c53b3219ce8756def34eca815a8e21b08843b06c52aac97b6ecfd2a979,8113
update/vendor/phpunit/php-code-coverage/src/Report/Xml/File.php,d65c1419664e4ad695123880242eb3a0436391e2149691c2c2f7d1e4fe19f066,1971
update/vendor/phpunit/php-code-coverage/src/Report/Xml/Method.php,3790dbe0cbb8f463c4308101b6810326dad19f397ae7933de30ce5ebe424564c,1467
update/vendor/phpunit/php-code-coverage/src/Report/Xml/Node.php,ebea628274c6e4c5febd14a215feee7b8543d694869729f6fb949dea3b7137c0,2123
update/vendor/phpunit/php-code-coverage/src/Report/Xml/Project.php,1af5ff03793043a10bd95e620af081b50c330a5f6a75ebd92a4865c86d14cf11,2335
update/vendor/phpunit/php-code-coverage/src/Report/Xml/Report.php,00a7eb1731c21f6b41c1ecf11e1b97e869740743c355c989a3d4d7b935273230,2479
update/vendor/phpunit/php-code-coverage/src/Report/Xml/Source.php,467c180b251b415e8c6f5b1eecf7b3239335d8a358cbfc6dfa552178086e1271,1051
update/vendor/phpunit/php-code-coverage/src/Report/Xml/Tests.php,2a8a4ec51b5e9c49ebc2ed8c904b703ea19234b61d424184768e8932d0dea69d,1559
update/vendor/phpunit/php-code-coverage/src/Report/Xml/Totals.php,0c212e89858cf0183de5dd8e57a1839d97964a82cfca664df4687330ce06d3c5,3988
update/vendor/phpunit/php-code-coverage/src/Report/Xml/Unit.php,96266472c1aaa58075487b1a037f12271b13ef1ad2244c424418c7c4709bc2a2,2681
update/vendor/phpunit/php-code-coverage/src/Util.php,2fc54a1249c58b8b1137dad86c76c4713662ae1521c4edc618ab178d97499c7b,846
update/vendor/phpunit/php-code-coverage/src/Version.php,2474b466e1e5fe46819729930b77bcbdc07e96638245ef7c82a806725970c718,686
update/vendor/phpunit/php-code-coverage/tests/TestCase.php,6bda53237a271a68a7b1700d2aa6b57fb2d00d2740b1acfb7179ca4661153c84,10258
update/vendor/phpunit/php-code-coverage/tests/_files/BankAccount-clover.xml,60e662abd86edbe7567c0beb18a27c1f4dd36313f1962583449d4f4558f45af8,1719
update/vendor/phpunit/php-code-coverage/tests/_files/BankAccount-crap4j.xml,8ce1dc22acfdc53f0bbc00084bb12d13b390465bc6a00b49e1c364d98183c7fa,1862
update/vendor/phpunit/php-code-coverage/tests/_files/BankAccount-text.txt,5cdb8fda1cfef8d396905cc7b459105e2d69b62d274020441d318eed1fe820b9,224
update/vendor/phpunit/php-code-coverage/tests/_files/BankAccount.php,946157393de0e87eab4edd3e3105f9a1d103bacdc7ee8202aff19c673135c2e8,630
update/vendor/phpunit/php-code-coverage/tests/_files/BankAccountTest.php,b9c9b5086c94fed2a050aa5ab5ffea8f7b305b4c2c308c9309878b0bb97e6ced,1503
update/vendor/phpunit/php-code-coverage/tests/_files/CoverageClassExtendedTest.php,d018253e14e317a1200e8221d3c0ee193106492ab24530526f5a9b41783c9e04,253
update/vendor/phpunit/php-code-coverage/tests/_files/CoverageClassTest.php,218b269d0bc7e1cb27bd1aa253aa3f4600518eea83d584c88c441bb4d46cc407,235
update/vendor/phpunit/php-code-coverage/tests/_files/CoverageFunctionParenthesesTest.php,d6a47b4e0979a2a94e7527ee34efd749a37d7e5de2ca23deb544c670357137ff,222
update/vendor/phpunit/php-code-coverage/tests/_files/CoverageFunctionParenthesesWhitespaceTest.php,79caab034232e82bd9d3285b1966a9b6c6806811ef8da062125e81a09f633926,234
update/vendor/phpunit/php-code-coverage/tests/_files/CoverageFunctionTest.php,9e101bb6a2925bc10216848a6d724c1ff38f143c75ab2e3dd11223971aa3d86c,209
update/vendor/phpunit/php-code-coverage/tests/_files/CoverageMethodOneLineAnnotationTest.php,5f860e21f17a684169c81bf6ec7bf1e8fb31ec1599c840d782da7c275da1a31b,255
update/vendor/phpunit/php-code-coverage/tests/_files/CoverageMethodParenthesesTest.php,6ce750a33343eefa1b3e2bab074ecdbc9d4855e7c36dca393e55050dc90d8899,263
update/vendor/phpunit/php-code-coverage/tests/_files/CoverageMethodParenthesesWhitespaceTest.php,195c1c57b660a556b892a11f593c848f910afd010164d545ac8cbb656be5a9c4,275
update/vendor/phpunit/php-code-coverage/tests/_files/CoverageMethodTest.php,0789599c4f19251c94ce099b4e876e4c8672d40be159ba9f5b1b9520720224ef,250
update/vendor/phpunit/php-code-coverage/tests/_files/CoverageNoneTest.php,557db7687106c57684c05c40a6fb158ccdb7df426437cd7f5a9c2ec8b9b8af4b,190
update/vendor/phpunit/php-code-coverage/tests/_files/CoverageNotPrivateTest.php,439a4f2bf1ee9bc5adc6229117abd558798555e891b981bff6b8e6a0bbb298fc,252
update/vendor/phpunit/php-code-coverage/tests/_files/CoverageNotProtectedTest.php,e2bce2bc1f5f8bd0baaf429346353d0c49951fbf4b96d062f86c0e2c21349961,256
update/vendor/phpunit/php-code-coverage/tests/_files/CoverageNotPublicTest.php,b6baae029ac23315bb9049f052e189d051296299856abef829428604b07a2585,250
update/vendor/phpunit/php-code-coverage/tests/_files/CoverageNothingTest.php,1291e39b15fe825ac1154959ba641392b016b31d6156efa489a9b8dced27dfd7,273
update/vendor/phpunit/php-code-coverage/tests/_files/CoveragePrivateTest.php,32b06c53b64dd5182bb5d72498b940264e4f10d4e7d208216fd38f8ee57e1c69,248
update/vendor/phpunit/php-code-coverage/tests/_files/CoverageProtectedTest.php,29bf5fd658376e90ba6fd54c1008194222dd29033c86652669eb0df7d3710358,252
update/vendor/phpunit/php-code-coverage/tests/_files/CoveragePublicTest.php,915abe67d3ddaf21c6e06a2f08f22fe7e716909c14c57c41279665fc83627c21,246
update/vendor/phpunit/php-code-coverage/tests/_files/CoverageTwoDefaultClassAnnotations.php,33b7ccb794ba9d5bbba8198c05f6a7584a0eca5031f6c4c23fe19a40c69f355f,330
update/vendor/phpunit/php-code-coverage/tests/_files/CoveredClass.php,dd3016016bb4223070381b27e3efaf7bf9fcef4d6ad832b1bf58839135daca43,587
update/vendor/phpunit/php-code-coverage/tests/_files/CoveredFunction.php,6445d3541e9513f5ce004f17ae1df2849b0b6527f9c0a858df998fb922226685,36
update/vendor/phpunit/php-code-coverage/tests/_files/NamespaceCoverageClassExtendedTest.php,5a78a4fe0744f4b51b3f7f228a000bc8baca686fea7c6bccaa57075519be2dec,270
update/vendor/phpunit/php-code-coverage/tests/_files/NamespaceCoverageClassTest.php,181cbf18621d92e084e7faad8fa6f305fa02168d1217b45360c08616468812d6,252
update/vendor/phpunit/php-code-coverage/tests/_files/NamespaceCoverageCoversClassPublicTest.php,57cdafcc48e2dbf106873d54e3680a4300ed07e544d7a8618ce33f5df45d9191,311
update/vendor/phpunit/php-code-coverage/tests/_files/NamespaceCoverageCoversClassTest.php,5e53ea4be855b0da066169d3c47b00d60b82ca2c4761ab51a98cc2617050ccb7,532
update/vendor/phpunit/php-code-coverage/tests/_files/NamespaceCoverageMethodTest.php,07cd5934b7d8f656bdbb36a6673396b8fe57aed88ec8692422521434ffec323e,267
update/vendor/phpunit/php-code-coverage/tests/_files/NamespaceCoverageNotPrivateTest.php,3abc54bdf89533cfbc0ddbc1a4b9a53e74f8699f67f6ede22e07daf46a204f0a,269
update/vendor/phpunit/php-code-coverage/tests/_files/NamespaceCoverageNotProtectedTest.php,712449c4d1aa63d0f041aed19522b64d035ab8f255514ca8f10ffdd7d88e701a,273
update/vendor/phpunit/php-code-coverage/tests/_files/NamespaceCoverageNotPublicTest.php,abbd253d313cecfcfee8f5eb40b8519f14c0a9368536598feceb115a84ffc9b0,267
update/vendor/phpunit/php-code-coverage/tests/_files/NamespaceCoveragePrivateTest.php,0df34cf152938896166546914116dc4b814a111b8cb7b6099ce21111d421334c,265
update/vendor/phpunit/php-code-coverage/tests/_files/NamespaceCoverageProtectedTest.php,fdc75112af613a274789319113ad1b1df3d56e14b03ca4d6d3b264d7497aceaa,269
update/vendor/phpunit/php-code-coverage/tests/_files/NamespaceCoveragePublicTest.php,9ef4dc7298a49884140bdb683305f8fea1f6cc6b4ec7fbce04f33465dff96998,263
update/vendor/phpunit/php-code-coverage/tests/_files/NamespaceCoveredClass.php,3d39d8de560c872c41586af498bc5c55e42b98950008bb94f9d72838963788c1,603
update/vendor/phpunit/php-code-coverage/tests/_files/NotExistingCoveredElementTest.php,a8c02b9c449ca32380e6535e5276a402f7e28274c1387e6b9b67885172c9bc1f,399
update/vendor/phpunit/php-code-coverage/tests/_files/Report/HTML/CoverageForBankAccount/BankAccount.php.html,0ea8e8c636582bb5c9a5207cd1fc90fa7502524ef86337af87772ca0ffdff3fb,21223
update/vendor/phpunit/php-code-coverage/tests/_files/Report/HTML/CoverageForBankAccount/dashboard.html,181a6999372be8a06eaac7f664fde4aebeb3fd6414fb86cb7340995eecfad407,7764
update/vendor/phpunit/php-code-coverage/tests/_files/Report/HTML/CoverageForBankAccount/index.html,0ef2592788ee9d5b81b5427f8dc4881a1a4993ed591d20c6765ddcaa318bf434,4968
update/vendor/phpunit/php-code-coverage/tests/_files/Report/HTML/CoverageForClassWithAnonymousFunction/dashboard.html,eef16332ae7e12d64ce9280b7926da910be1944c175ded3bd674c17378672cb8,7718
update/vendor/phpunit/php-code-coverage/tests/_files/Report/HTML/CoverageForClassWithAnonymousFunction/index.html,30f840b3c47428171921f3fd57fb8bbe8420378bbb1f30f8b18dd2442cbd083a,5026
update/vendor/phpunit/php-code-coverage/tests/_files/Report/HTML/CoverageForClassWithAnonymousFunction/source_with_class_and_anonymous_function.php.html,7bd41b929fd55c9a0ff24f6c1135284062dd0b8a1811c85181bf0b1965757d95,14817
update/vendor/phpunit/php-code-coverage/tests/_files/Report/HTML/CoverageForFileWithIgnoredLines/dashboard.html,d25fc96bc3f2e20b7e05c874c549045284c9beec39341da7c09ce517902ca81f,7154
update/vendor/phpunit/php-code-coverage/tests/_files/Report/HTML/CoverageForFileWithIgnoredLines/index.html,4ed9fb3e9fe79f8ee7441eb7cdc9be1e96bbc4da321ef5769598a4f6fe75b26d,4392
update/vendor/phpunit/php-code-coverage/tests/_files/Report/HTML/CoverageForFileWithIgnoredLines/source_with_ignore.php.html,366d0e1ba472b9a3bfc54cb5aaa2500ddf0051d7ac4c249e588ec411e8223fa1,13641
update/vendor/phpunit/php-code-coverage/tests/_files/Report/XML/CoverageForBankAccount/BankAccount.php.xml,5d365fbc43c6aba823ede5fb077a0ea997a895d8662b39b1e67a00d57d4e7935,10611
update/vendor/phpunit/php-code-coverage/tests/_files/Report/XML/CoverageForBankAccount/index.xml,5aed4c80433d1880182f7ae0c08619b1aeefa9b93b652b0d6a7e757db32c09a8,1550
update/vendor/phpunit/php-code-coverage/tests/_files/Report/XML/CoverageForClassWithAnonymousFunction/index.xml,6432599f4564a3051fef6d9a3bbac9ef5a0aa20dfbb041951d5de465b0984d3d,1259
update/vendor/phpunit/php-code-coverage/tests/_files/Report/XML/CoverageForClassWithAnonymousFunction/source_with_class_and_anonymous_function.php.xml,6d80d6de4cfb9a77c18fc1e8b5c94b39b322b85e0cf7a63a755ae55c0ceab982,6334
update/vendor/phpunit/php-code-coverage/tests/_files/Report/XML/CoverageForFileWithIgnoredLines/index.xml,4949f5629f4ac6d58562834a82cec0d8e3f7ed0067acc483ea81aa3ea6d097c8,1207
update/vendor/phpunit/php-code-coverage/tests/_files/Report/XML/CoverageForFileWithIgnoredLines/source_with_ignore.php.xml,840d6351f5c00838da6ccd785eb4b0156709d464bb7429c74ed5565cac80e00f,6680
update/vendor/phpunit/php-code-coverage/tests/_files/class-with-anonymous-function-clover.xml,b6be1a8698dda0604ac62169f5e75fc1c9724a47a1a581592f3ee475a15f65af,1439
update/vendor/phpunit/php-code-coverage/tests/_files/class-with-anonymous-function-crap4j.xml,ff551df5842c5b7999434b33d631c86ea65de2e24ec582bc18fc1b51c3e2afa2,1264
update/vendor/phpunit/php-code-coverage/tests/_files/class-with-anonymous-function-text.txt,b3553fcf89ecb6dd674c1e7d4298c98143f44b6b20751ca7260f07264412bb62,254
update/vendor/phpunit/php-code-coverage/tests/_files/ignored-lines-clover.xml,a192d2fdbfa899570d3f7594f1e245b59cdd6f918a1e6cc58ff28b289139d2a6,1121
update/vendor/phpunit/php-code-coverage/tests/_files/ignored-lines-crap4j.xml,b8ffdfbb09e426a2198db8420f0d3ae83992ddfcfc8aac1da8b2a9931bfe3c3a,1055
update/vendor/phpunit/php-code-coverage/tests/_files/ignored-lines-text.txt,d3fef7a99cadf0c2e754d174c4dc0c89316db433f13e5a0d29286925af1cf339,119
update/vendor/phpunit/php-code-coverage/tests/_files/source_with_class_and_anonymous_function.php,7c3cca38c12d8f4fe38ec9911bdeeacba24e2989ba973d767f7f1101185223c9,385
update/vendor/phpunit/php-code-coverage/tests/_files/source_with_ignore.php,ea140de4d2f8bf8a15f538cc48859ac5ff9c53f9da193e19e329ee6be05f4eec,391
update/vendor/phpunit/php-code-coverage/tests/_files/source_with_namespace.php,b1b4a66ad362413f5acb26e42bc350daa94c4c9d7335ea754791df75c6c3a085,236
update/vendor/phpunit/php-code-coverage/tests/_files/source_with_oneline_annotations.php,fe8ac6a0378f24616208d43e30a0cf243c36eb873d183d590bfb071e4fdd9b52,517
update/vendor/phpunit/php-code-coverage/tests/_files/source_without_ignore.php,ff2d41c07616de575d33259899d3da749411e0249dd5e2001f482b80bd82082d,44
update/vendor/phpunit/php-code-coverage/tests/_files/source_without_namespace.php,4fdf61c896d4a5498e641285d13043324a34ee114f2a171973bfb8e1945dd490,198
update/vendor/phpunit/php-code-coverage/tests/bootstrap.php,a27e2db9f0e561f65a39f23d9c365f93a44e9bc096175e6d28f532384582e815,136
update/vendor/phpunit/php-code-coverage/tests/tests/BuilderTest.php,2258fba1ec8b2da3ab4455fc0f3dae522f83fe197b256169aa177c7c64f78220,7815
update/vendor/phpunit/php-code-coverage/tests/tests/CloverTest.php,f3328fdbb206bdfaa3a46c878326898f2f4a3dced5c9c6dcfe3191d541698726,1348
update/vendor/phpunit/php-code-coverage/tests/tests/CodeCoverageTest.php,a496978a7625a89de688707cf8ab5b5a844ffeadcf36a2bb2f57133539b30953,12060
update/vendor/phpunit/php-code-coverage/tests/tests/Crap4jTest.php,5a01effc543b1a843149add4a81bdf1d8e519b4b53615b3ba8d81439bfd9407d,1418
update/vendor/phpunit/php-code-coverage/tests/tests/FilterTest.php,a018a17b46e8d1287a3c7992a40755f44cf60eef90b2ab1bb2d5c80441076cc9,7459
update/vendor/phpunit/php-code-coverage/tests/tests/HTMLTest.php,b83c0ee18aefcc71092d176cc3d5398987c39dc5c4609ad0439d97c10a6bd499,3426
update/vendor/phpunit/php-code-coverage/tests/tests/TextTest.php,becf1b5ce79e0904612f38c540800fc548b9f27a46a086200013c91c5e2dcdc9,1443
update/vendor/phpunit/php-code-coverage/tests/tests/UtilTest.php,0c570bc7923397f1175f12dab207a2095e976a7c28cdb43afd6a4f6dad503dfc,685
update/vendor/phpunit/php-code-coverage/tests/tests/XmlTest.php,3f4fa3c4a2fea82d713c861b7e3e1632b10915efb11099999035c2dc9c443beb,3131
update/vendor/phpunit/php-file-iterator/.gitattributes,f709083d426085b4a162cdf9af665b172cdbffd69b00e2f977c785f2891fd58a,15
update/vendor/phpunit/php-file-iterator/.gitignore,3bc8de240860f2ad6e8c0946c5f9648dcd22dc9ea3feae830c838b51c5f4efce,98
update/vendor/phpunit/php-file-iterator/ChangeLog.md,1be6b6ccc7a9d0a9b2e137b45ac054e565549aca7de269aabe5006963f180b37,1365
update/vendor/phpunit/php-file-iterator/LICENSE,802803623f4cd01b980fb360e643a445938f365ad51309947d29a84bbea1cfc4,1548
update/vendor/phpunit/php-file-iterator/README.md,11ba224da71b5230bf1a3df80d988c3f33b8151bd66c7ac482d6c0d638668851,412
update/vendor/phpunit/php-file-iterator/composer.json,978048fe7a2d02d85a3bde94d757f10dbeb3ec5774ad70ceb28addf74985d66a,878
update/vendor/phpunit/php-file-iterator/src/Facade.php,9ca7b9ffe154f59366362ef019b656f2c6bc89067b0be6adfdf262a67a698610,3003
update/vendor/phpunit/php-file-iterator/src/Factory.php,80ba91956012ca054190b12f479810c0db20a8677783682d14bdf666820c5b31,2471
update/vendor/phpunit/php-file-iterator/src/Iterator.php,a12a5015031972be25f40312d32196ef6ccb6b6babf36fbcdad2be46ad8d5a9e,3938
update/vendor/phpunit/php-text-template/.gitattributes,f709083d426085b4a162cdf9af665b172cdbffd69b00e2f977c785f2891fd58a,15
update/vendor/phpunit/php-text-template/.gitignore,95a324aea906ededf66bf8d46b1ad370257fcc2629f443e72e8acb368125e3dd,46
update/vendor/phpunit/php-text-template/LICENSE,7ffad7b8393f1bd22a4c9c0149cb62997120c796d2e153549141c5ed0cde4fe8,1548
update/vendor/phpunit/php-text-template/README.md,bad051744bb1fe61486677f4c9808a045f4dda87659d756947f6e6674218a228,412
update/vendor/phpunit/php-text-template/composer.json,9775c6bf192f3f6bdd36e4fda34ae72efc417e49ff3343324e63b68eade105ed,653
update/vendor/phpunit/php-text-template/src/Template.php,c17a06561b198071748e4911ecfce41c90f02483046af1cee9cf8493ca7d4fae,2964
update/vendor/phpunit/php-timer/.gitattributes,f709083d426085b4a162cdf9af665b172cdbffd69b00e2f977c785f2891fd58a,15
update/vendor/phpunit/php-timer/.gitignore,0c210b463ce361087ba6fc28a97bd18fef5ff8562d273076736c71510f746dcd,46
update/vendor/phpunit/php-timer/.php_cs.dist,9c2eb3dab9f693e5075a75f87304bfeaa9011bd155272882411a929097faa34b,5955
update/vendor/phpunit/php-timer/.travis.yml,31d308f0af47c65731eb5f1e89df2e3ef6159f0f9460acc3eab10fe1fa586396,380
update/vendor/phpunit/php-timer/ChangeLog.md,f89499d1757e4f86a8ce1ecd85a08cb28a1eb83200985fed0116b1d28c7d41ee,385
update/vendor/phpunit/php-timer/LICENSE,817bf836bcb326c3d7a70a1beb191531cc6d6b858d8fd99b38d192a15ab370b8,1552
update/vendor/phpunit/php-timer/README.md,ac5c0dbbab640a87d387cf21de8fe918db5a8a104c6e332ad4b137b7de727305,1086
update/vendor/phpunit/php-timer/build.xml,1cc64db3cc61e519fb2f70617997d1d8b3190d86d4c511863b196544f175efd1,695
update/vendor/phpunit/php-timer/composer.json,76a74e0e17557c4311b9bbe758548b8e125fcbfc5448df69e29e751aa2f6472d,897
update/vendor/phpunit/php-timer/phpunit.xml,7e9f71806190af81d43a28977282ac9c69852ec63bb43306da29bfd7c496d5e3,708
update/vendor/phpunit/php-timer/src/Exception.php,1dab0fd1b625d30e9f417111d1626dc29eb219b36c25eb4563c0280c00ef6501,324
update/vendor/phpunit/php-timer/src/RuntimeException.php,013c54885d97a2ee0a1d73c748805d4f83bd4ac3161526c8e41eaa7685ed6333,380
update/vendor/phpunit/php-timer/src/Timer.php,c5ef93f70e1d7dcb7a8bb19fa81e7cb57f442246400adeba608c1a2ebef196cf,1965
update/vendor/phpunit/php-timer/tests/TimerTest.php,a8704fcb2a5e570652b4fe8066c02b26cc048cdc0b895c376ccac3475d89bed6,3125
update/vendor/phpunit/php-token-stream/.gitattributes,f709083d426085b4a162cdf9af665b172cdbffd69b00e2f977c785f2891fd58a,15
update/vendor/phpunit/php-token-stream/.gitignore,bb9bd67b74b296c4dac65dd32edd2e9861bbe9b7c6f26ea1de0a0f17d1a9217e,30
update/vendor/phpunit/php-token-stream/.travis.yml,c5d489e7e54fd8053703009dbeb8adc83c0e155642f3b638b85e45f484606717,381
update/vendor/phpunit/php-token-stream/ChangeLog.md,5deba76cf8c123a1803bde9a733c8a40422cdd30512fee1917ed75a8ada71f0f,1164
update/vendor/phpunit/php-token-stream/LICENSE,e872fc28db23f8d52a8a71b82fb36daeef7f7cd6d441ea644cfc986b6216c94b,1550
update/vendor/phpunit/php-token-stream/README.md,8acf8685b80841dce82c7cc99142e3f352cf10cdb44f44becacc211709673718,566
update/vendor/phpunit/php-token-stream/build.xml,b97ff03d0a982b3c643009e60016e7405acac668a1d8b0b4e52f4084f7955135,766
update/vendor/phpunit/php-token-stream/composer.json,ba098bc497fdcbec99b1b1f74ef197401da6255748be14d988498e9d7ffa88ed,926
update/vendor/phpunit/php-token-stream/phpunit.xml,c50447481885302129584805f8347d0dd1d95624b61a79ae3c4b8e629db3465c,609
update/vendor/phpunit/php-token-stream/src/Token.php,27d682c92b231aa7df624a9b5e07f762bcf919391f01cae16e2f4b82861d71b9,24800
update/vendor/phpunit/php-token-stream/src/Token/Stream.php,a7f707d395981197e2a27497aa5c205a85c4319cd5a7d88adc3ad86b62d1b93b,16114
update/vendor/phpunit/php-token-stream/src/Token/Stream/CachingFactory.php,1f7faf9fbd67c8f034a6729e1bde9bf2ddc99872a184439f92f49ec99110489b,962
update/vendor/phpunit/php-token-stream/tests/Token/ClassTest.php,71d9f447bcff51a880335eea4609d65ec9f5735436ee6e3c6a41d9ce9dd4734e,5450
update/vendor/phpunit/php-token-stream/tests/Token/ClosureTest.php,4ffaf2f7fdeeaef42cfe36c113e64ffdec1a3ea775fb0e5091281ceed7747e1e,2705
update/vendor/phpunit/php-token-stream/tests/Token/FunctionTest.php,544d2557de3e845dea09dc46ed7ba35d4162b4e078c9ad39457bb3ebe167b72f,4016
update/vendor/phpunit/php-token-stream/tests/Token/IncludeTest.php,6aa75711df4e97ac564468f3f74ee980d63fbda8d3aa7a40dd2058d0bb7f45b3,1515
update/vendor/phpunit/php-token-stream/tests/Token/InterfaceTest.php,bfb6da4137dc89d2ad29250f482a84fc117794f25a98b2d9a59d60e152f2e9a4,5466
update/vendor/phpunit/php-token-stream/tests/Token/NamespaceTest.php,5adaa66c17cc8192970e6f9334b0cca281260e1baeca858525ce7ec34c8ee1b6,2099
update/vendor/phpunit/php-token-stream/tests/_fixture/classExtendsNamespacedClass.php,cab9f95942c329ffe1a8a599eb21111420dd4eaec90ba1fa0a2a630578833240,105
update/vendor/phpunit/php-token-stream/tests/_fixture/classInNamespace.php,5569e19dab750288ddef29c6e8f80526787d5cb49760ee7c7ff026e8efbc7249,46
update/vendor/phpunit/php-token-stream/tests/_fixture/classInScopedNamespace.php,9b84eb2c2c5df643e54dec44d08c3a0f9b2b82a7e7378a8e8a9e3db4b2bc5653,66
update/vendor/phpunit/php-token-stream/tests/_fixture/classUsesNamespacedFunction.php,efe30b4176d45918b9b361386d3c298fef6a6b05562ff9e8960410f406cd0afe,58
update/vendor/phpunit/php-token-stream/tests/_fixture/class_with_method_named_empty.php,f9bd2f6cb37a155b379d6a025ac55a9921f8bc2ed1402167feea8ca909e763b9,92
update/vendor/phpunit/php-token-stream/tests/_fixture/class_with_method_that_declares_anonymous_class.php,23184d0bca27b3c317af325d885cae85a63afb2f88db2e0195f90b4b80140dc4,356
update/vendor/phpunit/php-token-stream/tests/_fixture/class_with_method_that_declares_anonymous_class2.php,927f6c72c9a18ab50d02c4c18ed570b8a3fa2836a183271ccb44d65333d1dd68,248
update/vendor/phpunit/php-token-stream/tests/_fixture/class_with_multiple_anonymous_classes_and_functions.php,4fcf8c8fb5abcc85da1bca02bdae9cb468a2c43fd19d49e55476bef0a6283477,477
update/vendor/phpunit/php-token-stream/tests/_fixture/closure.php,d57fbda5edb5f7da8a3567215e28b9cd7197526fd13fb06781e2128616816680,259
update/vendor/phpunit/php-token-stream/tests/_fixture/issue19.php,104483ec99eba7fd1bc4507f175561b7ec0ce24866caa99a40d061878c0f1f8a,26
update/vendor/phpunit/php-token-stream/tests/_fixture/issue30.php,b7a8dcf91a6c4dc07ae1b43ef88f2f1130e903211579ccd5353c28c38aa3340c,85
update/vendor/phpunit/php-token-stream/tests/_fixture/multipleNamespacesWithOneClassUsingBraces.php,b1b0497a050d6ba11befedd72a1eefd47e8abaaa75d7128c40cacd9db3a2ba67,97
update/vendor/phpunit/php-token-stream/tests/_fixture/multipleNamespacesWithOneClassUsingNonBraceSyntax.php,22f6ec031eaa7bfd78f6c5c4043d761d787cb6e2b3be2f491bb0f855b0c7aae4,125
update/vendor/phpunit/php-token-stream/tests/_fixture/php-code-coverage-issue-424.php,bec81c24f8098f8041caa70f5ec09dad2406f9348daff4824bc43c8434353ce8,222
update/vendor/phpunit/php-token-stream/tests/_fixture/source.php,4e81a3c93b390c52245bc06854bbf19cc6bdd9df839fe76a9c5b2a35c27e9819,468
update/vendor/phpunit/php-token-stream/tests/_fixture/source2.php,9662a9183409f8cc1b973c1eb52f1afa550f9e4fac6bd043b1a6244e4e36d262,109
update/vendor/phpunit/php-token-stream/tests/_fixture/source3.php,7ba75394ba1ab184fe751f4a1b063a599840787df76075e60b3d3fe9d2484a98,305
update/vendor/phpunit/php-token-stream/tests/_fixture/source4.php,f099f93385f7801185b2d7cc7f55ccafb6f85849227e3013d6cc177b5ee2e487,436
update/vendor/phpunit/php-token-stream/tests/_fixture/source5.php,c5bba6eb92a5167037df9188422ab4d5c3f88c8adfa5e22de9ce08d567a8ccbb,275
update/vendor/phpunit/php-token-stream/tests/bootstrap.php,e79270b33139d525fd1bf56b11e2c65e9537426e127ecfc3c697945f0a0571ef,386
update/vendor/phpunit/phpunit-mock-objects/.gitattributes,f709083d426085b4a162cdf9af665b172cdbffd69b00e2f977c785f2891fd58a,15
update/vendor/phpunit/phpunit-mock-objects/.github/ISSUE_TEMPLATE.md,22d80f6e637a2984c30f454bd09cb344820f0c11dad77092cca1f7a38a5bfedd,602
update/vendor/phpunit/phpunit-mock-objects/.gitignore,1a1f708b470bb6c1164adbaa47fcec918aa467412ade56fc697c86621d91c1b9,45
update/vendor/phpunit/phpunit-mock-objects/.php_cs,33e96ee0fdd62361053149b5d722ae51d359e06bb02f0769aae53405e469da58,5802
update/vendor/phpunit/phpunit-mock-objects/.travis.yml,979d0638ca7093549b5e178074820281ed6daaab66607f02578670482bd5ac88,673
update/vendor/phpunit/phpunit-mock-objects/CONTRIBUTING.md,47f99896050e7e3c087899ace7905eed49ebd6a38a49bbbdb76e21bc16233966,231
update/vendor/phpunit/phpunit-mock-objects/ChangeLog.md,921e74a950682565f2a855fdb34fecd9b7730f8cd89ce2309bd69fc8d12c7484,514
update/vendor/phpunit/phpunit-mock-objects/LICENSE,7a204833fb5a4761dcca0323477d7466ab4c6db6e71867f4646ca1bf9cd997b8,1555
update/vendor/phpunit/phpunit-mock-objects/README.md,5eec3da9631f4f25f9e9b3952de471d4975291ecb4b31c299a6a745e926113c6,547
update/vendor/phpunit/phpunit-mock-objects/build.xml,3f5f5eee32462e81317ed9b6b3e777b902c8f94be065d285f15b40146dd7edb2,705
update/vendor/phpunit/phpunit-mock-objects/composer.json,437af5032c471cc8d9966ce4fcce45908b73d0c5dcee48b0691fb1874013c0e8,1222
update/vendor/phpunit/phpunit-mock-objects/phpunit.xml,229a001392771ed5b478763df81795c614a364472755b2a7950d602924006fc8,903
update/vendor/phpunit/phpunit-mock-objects/src/Builder/Identity.php,b37daca268b42e4b50d129249fcc6502bac9d8e050c8a34b0e16e984a990e3a4,883
update/vendor/phpunit/phpunit-mock-objects/src/Builder/InvocationMocker.php,a70e15e2095243f6c64f513c95fabe260e143d54a023cf9b8192f1436a31a3cb,6979
update/vendor/phpunit/phpunit-mock-objects/src/Builder/Match.php,da09e85bda2d53c0c2c8c2004dbe4d53b0bef08ebcf37329a4f1d1f5e3d65449,675
update/vendor/phpunit/phpunit-mock-objects/src/Builder/MethodNameMatch.php,f42e66b2d530478ce10b0322b7a422f6174b1caeb13b7d8822274fe2f3c0ec6d,796
update/vendor/phpunit/phpunit-mock-objects/src/Builder/NamespaceMatch.php,9746f513e555093eaf2dea8188e96eedb0f8514adc8028525b8ab7ad5d4a9581,1081
update/vendor/phpunit/phpunit-mock-objects/src/Builder/ParametersMatch.php,e0ce97446e3bfcaef8ef6d8b71ca09201432c3524fa44ff69baec5f91274712d,1469
update/vendor/phpunit/phpunit-mock-objects/src/Builder/Stub.php,21f84e48629a8ba8300597123a283985132573987e5d6e65896793519e237d32,744
update/vendor/phpunit/phpunit-mock-objects/src/Exception/BadMethodCallException.php,dfde57212bba20484e6d61af677719de721d90670f4f94a49daa3176eb81da31,380
update/vendor/phpunit/phpunit-mock-objects/src/Exception/Exception.php,31ae78bc8affba536681fc974e771842d83103d1cf8e94cde07146f9f3c386ea,382
update/vendor/phpunit/phpunit-mock-objects/src/Exception/RuntimeException.php,1392a8e51b812255b2636b5e813882f0f6ffb7f1ef38b3888317bacdc213d028,368
update/vendor/phpunit/phpunit-mock-objects/src/ForwardCompatibility/MockObject.php,e50c29350c2de7c2b80a35d02de6a096d54d3c55948876e0c258ae604ad65f5f,414
update/vendor/phpunit/phpunit-mock-objects/src/Generator.php,68e0ac33480b2212d903dbdb692992a7fc44aff3ae043a6a5eddc7cccf2650ea,39177
update/vendor/phpunit/phpunit-mock-objects/src/Generator/deprecation.tpl.dist,648e7962a17b6e1d0ed9cfafd267469b26af42cbb353e41435e8bfaefbe983ad,59
update/vendor/phpunit/phpunit-mock-objects/src/Generator/mocked_class.tpl.dist,192fa6927675256d39f4bfb51f4a733941973368b8eda692d661adc5ee9d5e1c,1205
update/vendor/phpunit/phpunit-mock-objects/src/Generator/mocked_class_method.tpl.dist,a7d92218cbabd965288994cfd77098e1c090ca0bf7f412962fc20e9d439dc717,238
update/vendor/phpunit/phpunit-mock-objects/src/Generator/mocked_clone.tpl.dist,58098b24cd6f7315d9bde6c15245f9f2e3030705f632c3e16e7e13dba6a920f5,132
update/vendor/phpunit/phpunit-mock-objects/src/Generator/mocked_method.tpl.dist,dcb3b37e309716595f931159480b1f9c1895f7b0718436a80c67e05e911f315e,715
update/vendor/phpunit/phpunit-mock-objects/src/Generator/mocked_method_void.tpl.dist,1b48c0fb8a7fc6ce83de564afda47fe42ab52d397b40b5e4be0f55424e80f773,680
update/vendor/phpunit/phpunit-mock-objects/src/Generator/mocked_static_method.tpl.dist,40846db054599199c3e36f318d065b9f22e6a8f34d1f9853a5193a68420a732b,245
update/vendor/phpunit/phpunit-mock-objects/src/Generator/proxied_method.tpl.dist,9bbe55dcb1748578c57aa74335931cad2add926cbdb0d72be9b08ae577097aa2,774
update/vendor/phpunit/phpunit-mock-objects/src/Generator/proxied_method_void.tpl.dist,48cc95aef7b1e8edb08cf6d7b72892a09ba7a45bfcea996e22ddfc35ffe14d85,767
update/vendor/phpunit/phpunit-mock-objects/src/Generator/trait_class.tpl.dist,84fdc71400525893408f3301018d5ccb678571ed810dbc0ed732a7d74a1c52ae,55
update/vendor/phpunit/phpunit-mock-objects/src/Generator/unmocked_clone.tpl.dist,e62df85b4b39df8aabcc39514df11d71dee1ada7b6365cacfecff1491a070d3c,159
update/vendor/phpunit/phpunit-mock-objects/src/Generator/wsdl_class.tpl.dist,53beeb86970e53d0450f0fb73bbf5c4da56ffad4c0a0365d1387a29ca159b93b,179
update/vendor/phpunit/phpunit-mock-objects/src/Generator/wsdl_method.tpl.dist,aa44023ac5b0a9c9c5c35ab53256be8e40265cb010ca9c3b26ef8f971c690cbc,60
update/vendor/phpunit/phpunit-mock-objects/src/Invocation/Invocation.php,6b07dd1f738f4d93ee80ebcd2fde5c3b60b76e586890ce6189298b3fcc615642,690
update/vendor/phpunit/phpunit-mock-objects/src/Invocation/ObjectInvocation.php,a12a4b9ad42c43e801d9a5d40e07603578b1c6c7ba65e438e63a2c7d704134a4,1009
update/vendor/phpunit/phpunit-mock-objects/src/Invocation/StaticInvocation.php,a833fbc00ac721489334c4a3b0454de4b1af57f4039d4f1e09307ade59d2d98d,5905
update/vendor/phpunit/phpunit-mock-objects/src/InvocationMocker.php,8ce5f45b3285b34e6e883eb7a543dda961ed56856a16c55d6fd45e27de0a455a,4225
update/vendor/phpunit/phpunit-mock-objects/src/Invokable.php,f1620caee8ccae3f7f3c48a727b748d12a0b72e80658678ff123ce44473e1d70,1028
update/vendor/phpunit/phpunit-mock-objects/src/Matcher.php,3df0927c88258c1fd5bca63e8b0c830e212b9496b57b270cbb2b5e19106d27ff,8971
update/vendor/phpunit/phpunit-mock-objects/src/Matcher/AnyInvokedCount.php,24ca51e96b78f2beafdf607256f5e09c27918aaaa3c98c69637105958365b66c,655
update/vendor/phpunit/phpunit-mock-objects/src/Matcher/AnyParameters.php,83798356f0503f8ef1fa7b47e2f4602e9a18cdf9856ce2e0a5bd2f23f41491f3,790
update/vendor/phpunit/phpunit-mock-objects/src/Matcher/ConsecutiveParameters.php,8502ea850d34e37d0cb6164d5372d868abb6ca18bc9725c32484eb88c2cd569f,3802
update/vendor/phpunit/phpunit-mock-objects/src/Matcher/Invocation.php,699da5828ae50d40babae7dd5260f36e418c511e16a6b2492a88cbe29296c222,1754
update/vendor/phpunit/phpunit-mock-objects/src/Matcher/InvokedAtIndex.php,830c09c387ee98bf670b0300e72ee1a483825955c6c3379d9a85e55c051e1cde,2236
update/vendor/phpunit/phpunit-mock-objects/src/Matcher/InvokedAtLeastCount.php,3be876bd13a1950ea37b6fa39dcce8d144bd752b8ea1f97dd5bb96dcfae12a51,1483
update/vendor/phpunit/phpunit-mock-objects/src/Matcher/InvokedAtLeastOnce.php,bccfa59e6d748951415885fbf3eb5bfec0df1031afca394bfdd9e2bcc17eaaf5,1183
update/vendor/phpunit/phpunit-mock-objects/src/Matcher/InvokedAtMostCount.php,1c1ae9cfd83d3d4301aa4bd1fd7e8c2f059873677742d238379a0fe616cedf69,1472
update/vendor/phpunit/phpunit-mock-objects/src/Matcher/InvokedCount.php,2b4bb5fee92516fbcf4a4ec35e60259a8eb00ed6c52a14bcffddcdca5e23503b,2851
update/vendor/phpunit/phpunit-mock-objects/src/Matcher/InvokedRecorder.php,bebcb7c2f571610c7eedbbbda433ddfe4b2d8ff5cad5ffd63c907e63962b5ae3,1462
update/vendor/phpunit/phpunit-mock-objects/src/Matcher/MethodName.php,15604be81324e296c5a383d6ebaaaba80bbc967c80934431e068247c42f62aeb,1879
update/vendor/phpunit/phpunit-mock-objects/src/Matcher/Parameters.php,5c0e2e6fee3bd97a34bdafcdd8e0c1f04b8b9ec8c189ae160e05e39e355de225,4711
update/vendor/phpunit/phpunit-mock-objects/src/Matcher/StatelessInvocation.php,f67abf288bceb322536351265e91749d5873a3d82285b8e6da03ebded9b6ac3e,1796
update/vendor/phpunit/phpunit-mock-objects/src/MockBuilder.php,2cf5698c7ddbcb81a357cf27c7ad12c7bca192a4fd546f04073ffbe9b442135b,7734
update/vendor/phpunit/phpunit-mock-objects/src/MockObject.php,3fb9d0df806a6b4545ad8c9baa7936d3798bedc59a26dc3295047e3ceed26820,1499
update/vendor/phpunit/phpunit-mock-objects/src/Stub.php,774492e0aa3d7a66abdd79827f966771c564abda24bc9ef02787efb4905f450b,910
update/vendor/phpunit/phpunit-mock-objects/src/Stub/ConsecutiveCalls.php,a136324aa47f1cd005aea02a755010a2fe714d83c23aef30436ad3e588038632,1213
update/vendor/phpunit/phpunit-mock-objects/src/Stub/Exception.php,c60c9958ea41aebcc36b3f3645017da38fbfc5310c4f2eaa2b4f9cd1d19568ee,971
update/vendor/phpunit/phpunit-mock-objects/src/Stub/MatcherCollection.php,fa5a6251b1814f3c9a32867165d01d1be2e10e096b8a7da385721d8f5917f1fa,694
update/vendor/phpunit/phpunit-mock-objects/src/Stub/ReturnArgument.php,e522a25d6ee4d51304c10fd5c09a6bdeafd6142532947b1d68608ad31234fc1a,1039
update/vendor/phpunit/phpunit-mock-objects/src/Stub/ReturnCallback.php,2cb679cc84e089c7477ed7741f43473ee138b536714e7303d9b32dad4f5d490d,1407
update/vendor/phpunit/phpunit-mock-objects/src/Stub/ReturnReference.php,3121577da9e8d553c15a77a83da867264465a1dcf5d785ebae43451a82ac74ef,1017
update/vendor/phpunit/phpunit-mock-objects/src/Stub/ReturnSelf.php,de49e9403878bdce72a4347b5546cdec6d9b4a5edf6c0c2b04823e5db4176989,1038
update/vendor/phpunit/phpunit-mock-objects/src/Stub/ReturnStub.php,3b3058a5b1771f9d1d41e6ab221b634a89c36824ef66a96156820ddd852ea8b0,967
update/vendor/phpunit/phpunit-mock-objects/src/Stub/ReturnValueMap.php,bad6811482c603f80d518b76cde564ceec82ab358a135bf61118b8eda4b840e3,1197
update/vendor/phpunit/phpunit-mock-objects/src/Verifiable.php,d7fcbe3d0cd905398b2df0d6c70ece2f404c242567d694ecec49e0e312f96f39,683
update/vendor/phpunit/phpunit-mock-objects/tests/Builder/InvocationMockerTest.php,8b36548b12e5569ed155e14f5345f389d6f7dc3681f588c263af53a23927a3db,2064
update/vendor/phpunit/phpunit-mock-objects/tests/Generator/232.phpt,6909f8cb7a0bbd14cc3a92956cc19943632adfc416b5b1e659ffcb736f65e842,2872
update/vendor/phpunit/phpunit-mock-objects/tests/Generator/397.phpt,3acb8d4b8f7bb93521e88047d932abddb8944a01bb22229068db5fb78319d7c1,2510
update/vendor/phpunit/phpunit-mock-objects/tests/Generator/abstract_class.phpt,478219b060114b6c5ea80b186ea58bb0a96b6a9a28cb3c46262ce8ba3c176515,3698
update/vendor/phpunit/phpunit-mock-objects/tests/Generator/class.phpt,6d4b9c25e1db5daa03c706963af659cc09fd985b188d925b2931fcd0cc089dfc,3132
update/vendor/phpunit/phpunit-mock-objects/tests/Generator/class_call_parent_clone.phpt,fff2e1ddf4e23cc2e39c6905bc92d9955a8835377b8b94ffdbf1245e73c7c9db,1974
update/vendor/phpunit/phpunit-mock-objects/tests/Generator/class_call_parent_constructor.phpt,e4ba3cd4a8928e6b10de931932586122331b5c582cfacabda8a8b68cfd8a9e5e,1951
update/vendor/phpunit/phpunit-mock-objects/tests/Generator/class_dont_call_parent_clone.phpt,23e24139bf84176fee0dee6170b45c5c538b44e3def59cd7d5b10e984c53ebf7,1949
update/vendor/phpunit/phpunit-mock-objects/tests/Generator/class_dont_call_parent_constructor.phpt,3675d64a36d1444a180069533dee812f63f8914e1fb61ab84140fe0d9ff996d9,1952
update/vendor/phpunit/phpunit-mock-objects/tests/Generator/class_implementing_interface_call_parent_constructor.phpt,c3fd85c897af8923f43e554cf475a0d7e511fa81d60ed64277b5ab0c31c132fc,2030
update/vendor/phpunit/phpunit-mock-objects/tests/Generator/class_implementing_interface_dont_call_parent_constructor.phpt,c3fd85c897af8923f43e554cf475a0d7e511fa81d60ed64277b5ab0c31c132fc,2030
update/vendor/phpunit/phpunit-mock-objects/tests/Generator/class_partial.phpt,8f2f05bace7bd8c85d330d02a4c1b0e3935a5ef9d5bdd1446a1175f88d2ee615,2592
update/vendor/phpunit/phpunit-mock-objects/tests/Generator/class_with_deprecated_method.phpt,127b592a85da4a3e21433540b7b64190e2cb126e9e15389cdf78780c608dc61a,2882
update/vendor/phpunit/phpunit-mock-objects/tests/Generator/class_with_method_named_method.phpt,ac933d508e2446b7146e1144ea6ef9f447e6ebf1dd782ea5f2de4c3d8753fa32,2279
update/vendor/phpunit/phpunit-mock-objects/tests/Generator/class_with_method_with_nullable_typehinted_variadic_arguments.phpt,953d9f07bacfdaf5e1011352b98f0970a110e25dfbefee117d226fac245f1d40,2965
update/vendor/phpunit/phpunit-mock-objects/tests/Generator/class_with_method_with_typehinted_variadic_arguments.phpt,ee22208ffd93db96e7ca81f71c9404f5a527643ad2cb6ec3e8fcd53f42ba1a0e,2898
update/vendor/phpunit/phpunit-mock-objects/tests/Generator/class_with_method_with_variadic_arguments.phpt,0d9a6b9cceb37f7db72879d7c421b27d9a25da6cc07948e61d9366495fca4a60,2805
update/vendor/phpunit/phpunit-mock-objects/tests/Generator/interface.phpt,dbedfb74bc24b198975e40b8c57ece01e7263a3ba44eb9891d61711a937ef137,2511
update/vendor/phpunit/phpunit-mock-objects/tests/Generator/invocation_object_clone_object.phpt,5487f38955921c43203d8e8aaed289a25bb2331de3703079f909a39d4eb74966,3149
update/vendor/phpunit/phpunit-mock-objects/tests/Generator/namespaced_class.phpt,4a199969c3a6fe544086be88e011fa77bd4494728063a0e45a5d33da38a616a1,3168
update/vendor/phpunit/phpunit-mock-objects/tests/Generator/namespaced_class_call_parent_clone.phpt,a2a3c249c57ef47231f2023915b9e8c1b1a23350076bc2dd8483a3cdb5746b88,1999
update/vendor/phpunit/phpunit-mock-objects/tests/Generator/namespaced_class_call_parent_constructor.phpt,3101b71ba86f73fa9acdccf3121c3525ca5fcbf26fec19a06f0a859cef36355c,1976
update/vendor/phpunit/phpunit-mock-objects/tests/Generator/namespaced_class_dont_call_parent_clone.phpt,674f560222007f00afc204953a7774993770fd4927fd3910be773b5d5a1cc92c,1974
update/vendor/phpunit/phpunit-mock-objects/tests/Generator/namespaced_class_dont_call_parent_constructor.phpt,3101b71ba86f73fa9acdccf3121c3525ca5fcbf26fec19a06f0a859cef36355c,1976
update/vendor/phpunit/phpunit-mock-objects/tests/Generator/namespaced_class_implementing_interface_call_parent_constructor.phpt,4368f8a30bb100d038287f9ae0acf3a72c5d63ad433b2d065da81318b983d4c9,2054
update/vendor/phpunit/phpunit-mock-objects/tests/Generator/namespaced_class_implementing_interface_dont_call_parent_constructor.phpt,4368f8a30bb100d038287f9ae0acf3a72c5d63ad433b2d065da81318b983d4c9,2054
update/vendor/phpunit/phpunit-mock-objects/tests/Generator/namespaced_class_partial.phpt,51c57f48caf21711d911c180393ae0b3cb3efd4c15b1f50aa508db84ffa9d9ad,2623
update/vendor/phpunit/phpunit-mock-objects/tests/Generator/namespaced_interface.phpt,1823153954d054bee8a2b0b4f10cac6ee030afef99da6c08bbedd10fba2723f9,2541
update/vendor/phpunit/phpunit-mock-objects/tests/Generator/nonexistent_class.phpt,fc3374f6d992be511f4b190611981c1611d01eeb1b41d0fce78ae859ddc9524e,1973
update/vendor/phpunit/phpunit-mock-objects/tests/Generator/nonexistent_class_with_namespace.phpt,0bc139b57db0a0bb13336efc949f757a16767322030bab50b36f9ce6bd5f8b1d,1963
update/vendor/phpunit/phpunit-mock-objects/tests/Generator/nonexistent_class_with_namespace_starting_with_separator.phpt,025530b08c3738086c34ca970ceeccf12f4d7fcc54352de26f10010c7510f3d4,1964
update/vendor/phpunit/phpunit-mock-objects/tests/Generator/nullable_types.phpt,75bb3c45e4f9d984ea242205edc1a1db7f67663c04e2d2d139dfb88a2957b2ee,2522
update/vendor/phpunit/phpunit-mock-objects/tests/Generator/proxy.phpt,5847ea301e68f06d5ae992e5d8bba31f267a2e27109f2ca83bdf5dc364261f58,3269
update/vendor/phpunit/phpunit-mock-objects/tests/Generator/return_type_declarations_closure.phpt,0971d0aae7bd06632a7fcd664312758ea011b22f8fbe1759620e0023c402b503,2517
update/vendor/phpunit/phpunit-mock-objects/tests/Generator/return_type_declarations_final.phpt,7361856d66ec504f2f85c9be24e24074c223947e3dae24f286c8eff42a7c4006,2601
update/vendor/phpunit/phpunit-mock-objects/tests/Generator/return_type_declarations_generator.phpt,537e01b45280df90f965ab3f816b387b46bebfea94725f75d2851daf61b500ac,2522
update/vendor/phpunit/phpunit-mock-objects/tests/Generator/return_type_declarations_nullable.phpt,d7b11f760aeb23fe02fee0c5116a78e6281b1af8d0090f2d5719b995bee1b0c3,2543
update/vendor/phpunit/phpunit-mock-objects/tests/Generator/return_type_declarations_object_method.phpt,22d3a87b8e4031e732d58c2dc54938ce58cf27c996e24b1a1ed151813a3af68d,2568
update/vendor/phpunit/phpunit-mock-objects/tests/Generator/return_type_declarations_parent.phpt,d23aaefaad2d4a7bbdb2d4e9765bf8c84fd7cc864e51f8031005e6056b0c33e4,2591
update/vendor/phpunit/phpunit-mock-objects/tests/Generator/return_type_declarations_self.phpt,83a04b35953a8d728436716a39928ade37932e41c15c783c070070e035397602,2531
update/vendor/phpunit/phpunit-mock-objects/tests/Generator/return_type_declarations_static_method.phpt,c3df7d3ad131e4a3b3571c04e9ec246acd73805035f51be368893ef6d4431fcb,2200
update/vendor/phpunit/phpunit-mock-objects/tests/Generator/return_type_declarations_void.phpt,d6f6a10a02799a6c49f11e9012c18247b6d9cc2833cb1e4617e63428bb106abe,2499
update/vendor/phpunit/phpunit-mock-objects/tests/Generator/scalar_type_declarations.phpt,5f7ce957ff574bbee14ed066bfeaa65b8ebddf3c7b2de8f3e8f5ff64facabc27,2532
update/vendor/phpunit/phpunit-mock-objects/tests/Generator/wsdl_class.phpt,79d6b10381386a214390619c0be9a831f8637e64d49379a9d51fa823ddab3175,880
update/vendor/phpunit/phpunit-mock-objects/tests/Generator/wsdl_class_namespace.phpt,c485826893b754a20a2e0306859ca99bf0b915181c5807ded6da2e9ff4e97c8c,820
update/vendor/phpunit/phpunit-mock-objects/tests/Generator/wsdl_class_partial.phpt,23de3513f79ca0be8a343dbafc35152dfcb9b1f82b35be191b02b0166d64581d,804
update/vendor/phpunit/phpunit-mock-objects/tests/GeneratorTest.php,012618cf843ba3470afe6a7a1b2b8bc36258b09945baf457fb9450671ad1d083,6789
update/vendor/phpunit/phpunit-mock-objects/tests/Invocation/ObjectInvocationTest.php,d2472ab544f394f2b7d3879d8f9547beda82045c260261d9cfbfdb83383e2a69,3150
update/vendor/phpunit/phpunit-mock-objects/tests/Invocation/StaticInvocationTest.php,8c4ee893681252b482155f9953a0ff97828dcecefc17a3d9e4ab4d9c3b6bd6bb,2610
update/vendor/phpunit/phpunit-mock-objects/tests/Matcher/ConsecutiveParametersTest.php,56f34585e5f70c4d146e6b5f48fb46fab0fc0429ee6c47b7f8ae2d74675ddcdc,1779
update/vendor/phpunit/phpunit-mock-objects/tests/MockBuilderTest.php,dea17cb5def2946b5d62d41d43d318e25967847712617b4cedaa9196c4249e83,3837
update/vendor/phpunit/phpunit-mock-objects/tests/MockObjectTest.php,f6c44dfd35f7741d78bf9dba4c3aa87e72546b843bb990c3e123fec27882f11c,33753
update/vendor/phpunit/phpunit-mock-objects/tests/ProxyObjectTest.php,3efdc12b40ec6c72b5d0c6722ab61ec2ff9b7d4e387dc65e40719d58f62e6c6d,1084
update/vendor/phpunit/phpunit-mock-objects/tests/_fixture/AbstractMockTestClass.php,7522f2cb818b24bcbd680edff7639ad6a0bb331e5a0bfe2c98440f28a305d558,188
update/vendor/phpunit/phpunit-mock-objects/tests/_fixture/AbstractTrait.php,b9555983f3c7d842608016b3f5b559a2c5b5101269819a2d311a959543b5fa00,223
update/vendor/phpunit/phpunit-mock-objects/tests/_fixture/AnInterface.php,78d5154d545b218af5debcb59f220f2dfcffbb56f1cd47e26e760f1fe41f916d,68
update/vendor/phpunit/phpunit-mock-objects/tests/_fixture/AnInterfaceWithReturnType.php,ca2cd08a3297918356519159d92bd1a27bc5eb482a576a3cb7573a97c4d067e6,90
update/vendor/phpunit/phpunit-mock-objects/tests/_fixture/AnotherInterface.php,13b63b1095ead0d42733e12e4f11d2a2196aca098a2385c00f4e19f23867883e,76
update/vendor/phpunit/phpunit-mock-objects/tests/_fixture/Bar.php,06955e5dcc2e3921168ddfe29fbaa1f8f141ae7fe1d820c916632dbafd1d29f2,95
update/vendor/phpunit/phpunit-mock-objects/tests/_fixture/ClassThatImplementsSerializable.php,1b8a4ee21bf95219c5c469ad4a3b005b2c5fc5cb9bd2f6924ed0c0927e86a8c3,322
update/vendor/phpunit/phpunit-mock-objects/tests/_fixture/ClassWithAllPossibleReturnTypes.php,cedb3a3437a5dc8751ab8d695b9a44a293bcc5cde5e6aa8655f6e1a428904367,1158
update/vendor/phpunit/phpunit-mock-objects/tests/_fixture/ClassWithSelfTypeHint.php,bf20a43444f9b110fb7a1edfd49be3361d3396a8d4cf6c56e04093db04d789a4,85
update/vendor/phpunit/phpunit-mock-objects/tests/_fixture/ClassWithStaticMethod.php,7d57c4b22d686e9d2a9a552db0fec064c6d64741a9e06b65e11806629ef4b7c8,92
update/vendor/phpunit/phpunit-mock-objects/tests/_fixture/Foo.php,1deff9d7f8bb2f2a6f401a93e27ff1bdc5eaf7f287dc6a398d2ccc5714f4ae17,114
update/vendor/phpunit/phpunit-mock-objects/tests/_fixture/FunctionCallback.php,e76c32da709ea19a357933667ddfbbb683bb60301e9abe284e4969dc485dbfdf,132
update/vendor/phpunit/phpunit-mock-objects/tests/_fixture/GoogleSearch.wsdl,f7ca5ae751c8d30905c0a9333c953ec47823695bd3b913f60925bd0dcf12cf18,7456
update/vendor/phpunit/phpunit-mock-objects/tests/_fixture/InterfaceWithSemiReservedMethodName.php,7a6eeb9d2bbb8b24a5ed158a2d300598b8b9ead1e6c86c58f96472307d2a1612,85
update/vendor/phpunit/phpunit-mock-objects/tests/_fixture/InterfaceWithStaticMethod.php,9323bd14e7db6d0efe8f10a9b4f78095e4ea2a06a32d82816488e64efb422529,89
update/vendor/phpunit/phpunit-mock-objects/tests/_fixture/MethodCallback.php,31a8702b658c3fc98c63ff5d7d87017e56f3c40e54056be6d50c1595060ea862,360
update/vendor/phpunit/phpunit-mock-objects/tests/_fixture/MethodCallbackByReference.php,655107eb6004d8e2c637af7e92519bc97013378ba6af64228a0250bc4c3ec2bc,197
update/vendor/phpunit/phpunit-mock-objects/tests/_fixture/MockTestInterface.php,22618781fc4deab1e199d0ec1158456dae7cd3d7d796c13c0b856a45ba494e3a,118
update/vendor/phpunit/phpunit-mock-objects/tests/_fixture/Mockable.php,020ab5a569b4582039eb537dea6b7cca35fce812918eea04d6e3cf519de10c4a,500
update/vendor/phpunit/phpunit-mock-objects/tests/_fixture/PartialMockTestClass.php,c962fe49fa7f387f9043c902889753fd1a365a51a5ef871cdfa38240d4360a59,261
update/vendor/phpunit/phpunit-mock-objects/tests/_fixture/SingletonClass.php,f17651516f53c1f844c8aa7af51813961bdffb7dfe152df4ebc8cfb37d342548,333
update/vendor/phpunit/phpunit-mock-objects/tests/_fixture/SomeClass.php,11c2a765b70b39157ade5b29eef2f02d4dd85fd720e8bd23271c0aed638469f1,163
update/vendor/phpunit/phpunit-mock-objects/tests/_fixture/StaticMockTestClass.php,f15d29f78bc23a705958c2c00831cc9ed3d8ee92f209d054319482616a597fc7,185
update/vendor/phpunit/phpunit-mock-objects/tests/_fixture/StringableClass.php,4d8a22f598c57a139640a69201ed505a51fe0c66f90a9237cfaece45d990de97,101
update/vendor/phpunit/phpunit-mock-objects/tests/_fixture/TraversableMockTestInterface.php,0e12d8c9b02779d9248bb150debe1ee0b0086263a63421f6402c3bfb1eb58b58,71
update/vendor/phpunit/phpunit-mock-objects/tests/bootstrap.php,fa0265036ba76c31fe2225cabed7b1daa58d6d27fa8bddf70082bb7c84f0aba0,103
update/vendor/phpunit/phpunit/.editorconfig,e4f7d48c42fffcfccface5f10ebb261d831a4c3ddcb116852cfe7439333a8ceb,115
update/vendor/phpunit/phpunit/.gitattributes,b66b05690be303ee7855d0223c350b1ce8d4433ae96e6bd9b3016c9e250f516c,38
update/vendor/phpunit/phpunit/.github/CODE_OF_CONDUCT.md,9f45b8c06cec8d0b58ba7ae53e32b3c71421e62f538246459e38db43d8f63a36,2391
update/vendor/phpunit/phpunit/.github/CONTRIBUTING.md,bb3a5861ac13572f1809b5fceec1d085c88a71ff78520c59d5a3395501bf315f,2669
update/vendor/phpunit/phpunit/.github/ISSUE_TEMPLATE.md,02fd613b0630d2b45ed44213d7165bf580008ee196aa50dfecab64e177e2855a,613
update/vendor/phpunit/phpunit/.gitignore,9ab06669c20a1056471649002b406952c8f343aafaad82c07ea61245b5018b04,315
update/vendor/phpunit/phpunit/.php_cs.dist,f2b1db0cf2c93404653efb02fe82e30e37fc708e506662295cdfdec4dcbfed00,6068
update/vendor/phpunit/phpunit/.travis.yml,a65a3c16f1cc456bee063f03a85baaf0fd0f03c9c8f193b4294ba4974fbdc7d8,1449
update/vendor/phpunit/phpunit/ChangeLog-5.7.md,8d620985966c6cc34371bea8548eac706868b43428de8a871db3f2cbcf4f5e95,12202
update/vendor/phpunit/phpunit/ChangeLog-6.5.md,d12d5480fc828f185e64a843162403cc9be9d5d3119bc426196114bb7e733e4e,3107
update/vendor/phpunit/phpunit/ChangeLog-7.0.md,eaeba4c240f993ebd2d043788eb3d5ada70090e783a7581546bb669fe80ce7b6,3133
update/vendor/phpunit/phpunit/LICENSE,6bec8094715cef185725a4212f12d667d544f6190a8e0abc294ca2d49f3d9b98,1542
update/vendor/phpunit/phpunit/README.md,905d3c42dc50abe37854f0b9c2f5405b1f6b56f59f1318736498e608777701b8,2158
update/vendor/phpunit/phpunit/appveyor.yml,4c58b21a1aed6d39f3e337cbce6e221cca2895056e222160f46c1f4e0acf6c29,2351
update/vendor/phpunit/phpunit/build.xml,daf220a33cf76b8c6fadeb804da46ef060bb64dedaf62e60f6f10ebb5d2f9b94,19057
update/vendor/phpunit/phpunit/composer.json,a4e349fa3a8162723172ee2d689975f21de33ae771a66e4f8e118cbb70c54c3d,2249
update/vendor/phpunit/phpunit/phpunit,a514c5b666255d5d05e2a721c5df6663fba87302019b12e1cf06e1bd09e3ad42,1277
update/vendor/phpunit/phpunit/phpunit.xml,268d0ada6f43ed8fde3719a901df0bbb9cccb994b3f8e0425722e6169f7dcf56,1112
update/vendor/phpunit/phpunit/phpunit.xsd,959d5bb6232a59f3ea7c1811cd59c555dc7c46f15fde413c3be40943754f85fd,13492
update/vendor/phpunit/phpunit/src/Exception.php,c52482b2700bba94a580df7aea3fc2c28bac95833b0520e8e7bef7610c806949,325
update/vendor/phpunit/phpunit/src/Framework/Assert.php,090ec047982e466e8306b90338a9e6668f4438b825f2025f364a7df5f5675429,88751
update/vendor/phpunit/phpunit/src/Framework/Assert/Functions.php,0da72b3125e01fc9596a0fbdafb12c71218668d607f61630f38ccef330f4ad4b,56330
update/vendor/phpunit/phpunit/src/Framework/AssertionFailedError.php,62b25f51463cedbb1acc2ee16f02da4017477d1bf2730e3c093bc3bc33a47b88,570
update/vendor/phpunit/phpunit/src/Framework/CodeCoverageException.php,b4e3ffc596d56c8aeb8a9a5917841f9d53207f2fc01d49fb96fdc90fec6339fe,309
update/vendor/phpunit/phpunit/src/Framework/Constraint/ArrayHasKey.php,5093eb4ead1bab2c0d087a8966e1df6fa879438b68f490a5ca11144763f48b9f,2124
update/vendor/phpunit/phpunit/src/Framework/Constraint/ArraySubset.php,6d6f079d7105c0421f06670c24ecf617a1ebbe2e57c4780612b241e895b3f8de,3995
update/vendor/phpunit/phpunit/src/Framework/Constraint/Attribute.php,220019a6eb371b095c72ab21f18e7ae6801c185300094d08175ffe2ffcb0892f,2496
update/vendor/phpunit/phpunit/src/Framework/Constraint/Callback.php,380a23dac5d78dea40a2aa4b3415ec103c4b43ae68f598dcb7b27253e90b4fc9,1055
update/vendor/phpunit/phpunit/src/Framework/Constraint/ClassHasAttribute.php,241ea8809652c662c855cb38fae4f9811a10281999aa98f4923552950ab14cf3,2029
update/vendor/phpunit/phpunit/src/Framework/Constraint/ClassHasStaticAttribute.php,d21449c6da61febe38ae47c0c1cffa466da258b6b5ada4d5f348121ba70747f5,1308
update/vendor/phpunit/phpunit/src/Framework/Constraint/Composite.php,43582088c7056a970ba6be54f42f06e4afaafac469835dcd8d133ad9ae9f881f,2101
update/vendor/phpunit/phpunit/src/Framework/Constraint/Constraint.php,f63e936215f038a122865913558b76443d6de4218935f96a20f6323790d949d4,4548
update/vendor/phpunit/phpunit/src/Framework/Constraint/Count.php,870ba7ce194c93c6d0fd00428d5aa8d61adce92a87610644431743a17feb0c85,3076
update/vendor/phpunit/phpunit/src/Framework/Constraint/DirectoryExists.php,f37594e4a3c0e175da8ab53dfd401b39fcfc363acb4ada4618cb7094c6d54497,1440
update/vendor/phpunit/phpunit/src/Framework/Constraint/Exception.php,876af10b4db7542145ec97d20e8a5a8880e19b38e499644b4c458e5106631e89,2157
update/vendor/phpunit/phpunit/src/Framework/Constraint/ExceptionCode.php,6a81d969826d819c03565b47dffaec8a01c758e6366ba33bf621ffa95fba380b,1672
update/vendor/phpunit/phpunit/src/Framework/Constraint/ExceptionMessage.php,bd58fc05861d3d01af3fae5c47aacea2d40a35b6cbc549c20d2a5cd8873f8e64,1972
update/vendor/phpunit/phpunit/src/Framework/Constraint/ExceptionMessageRegularExpression.php,08c725ec81da15f558f14b745b177783ff7b0ce533984f1ade26689977e825ab,2020
update/vendor/phpunit/phpunit/src/Framework/Constraint/FileExists.php,9e199af95728305073a388a35759badd34292c9adaee419f6b5fcb74f28b59ba,1425
update/vendor/phpunit/phpunit/src/Framework/Constraint/GreaterThan.php,5a296dce8a577e807eb5c4e9a10e4b6dc33036e0e8689838e3fdf89b9bf7e6d2,1266
update/vendor/phpunit/phpunit/src/Framework/Constraint/IsAnything.php,63299274b4fa212b12f52896a8b5a596d38892cbbdcd8f44445e6f7afb705a69,1578
update/vendor/phpunit/phpunit/src/Framework/Constraint/IsEmpty.php,8faf2551cbe1224f39084330992945193a1e67d71e115d8f366fa47d0debecea,1557
update/vendor/phpunit/phpunit/src/Framework/Constraint/IsEqual.php,293ba36434f967caf7a9aa0cb5c7025b2421be9f9edba57393f7ae04164e9eae,4332
update/vendor/phpunit/phpunit/src/Framework/Constraint/IsFalse.php,316873baa4cd06e47f13b6d52e9cd99e427616e072acd8f7c0b01b3e32116f3f,842
update/vendor/phpunit/phpunit/src/Framework/Constraint/IsFinite.php,774a6f39af60172ae840cdaf8705ab3b8c99e55b2ad712709aef3fb0a69a6a80,847
update/vendor/phpunit/phpunit/src/Framework/Constraint/IsIdentical.php,e6fa6413011aeca7605f9d42566a0219a8b90c0f5f3a9d639d7a28dd24a555f9,4597
update/vendor/phpunit/phpunit/src/Framework/Constraint/IsInfinite.php,c977ff02f8df298f5a78a939eab98d2f1d81b5d89290d26d953603d7c81f7180,855
update/vendor/phpunit/phpunit/src/Framework/Constraint/IsInstanceOf.php,e50014cacf10e17fad2d6c2ba2264de41ad02f782188a38dba29884a3262c44b,2331
update/vendor/phpunit/phpunit/src/Framework/Constraint/IsJson.php,42756e7bec3215e7ec0e6a28927a2839efc1e540feb8b95baac39dfbdd6114bd,1866
update/vendor/phpunit/phpunit/src/Framework/Constraint/IsNan.php,15fa08f86ae8582d0ddfe4301d09fdee32cf898c2860a77f855f951b8ffa370e,835
update/vendor/phpunit/phpunit/src/Framework/Constraint/IsNull.php,417dcee602b7b85f12857d3a2ff9f60c40ffd53414860dccfa715c5596c93dfc,838
update/vendor/phpunit/phpunit/src/Framework/Constraint/IsReadable.php,4d36d47a729c2bafe2133e6070240a12991eee2a4863b257f5ee5d8961863f62,1434
update/vendor/phpunit/phpunit/src/Framework/Constraint/IsTrue.php,7d2f8f8e501fe2b183695dac9906a46fb46450c2590a2c82e594c90a284bc8d0,838
update/vendor/phpunit/phpunit/src/Framework/Constraint/IsType.php,8b90210106d055cc1cb42b29263a22827eb55be5947e9f6599ed86fc6442525e,3481
update/vendor/phpunit/phpunit/src/Framework/Constraint/IsWritable.php,98d8c9dbbcfc8ce360fa7cde9134aacac0a24f442f74304300a50659a0940b63,1434
update/vendor/phpunit/phpunit/src/Framework/Constraint/JsonMatches.php,1252624c167e2267bc6848accd46111ee4f5916bdada6367a27681b8e4a50852,3058
update/vendor/phpunit/phpunit/src/Framework/Constraint/JsonMatchesErrorMessageProvider.php,4725ea17b72ee68fab492f0dd11e02dbee652fc8e325b28d6f2cc34f8cee99d7,1955
update/vendor/phpunit/phpunit/src/Framework/Constraint/LessThan.php,1c568f067c0936cc81916412f51d877c9932d27910c1201128b881a512d3fde8,1257
update/vendor/phpunit/phpunit/src/Framework/Constraint/LogicalAnd.php,5531224d65f261ea0e462c78e934c411c1ee7790d0ddfe5d579d91df7fe5f9e3,3172
update/vendor/phpunit/phpunit/src/Framework/Constraint/LogicalNot.php,c0f3b80ba56b396b12f0806d616dd45377e3bbf7a4308c33bff2489b52cf69ed,4711
update/vendor/phpunit/phpunit/src/Framework/Constraint/LogicalOr.php,af679cc5a5d350f335e5b469036e5625aeb9fcbcfcf3d533f28ce33b1e7b7d59,3029
update/vendor/phpunit/phpunit/src/Framework/Constraint/LogicalXor.php,d53fd7bed74e3e3ca57a2526ff460a6a9f885398b3cb5aac5257cf09c71b54d6,3147
update/vendor/phpunit/phpunit/src/Framework/Constraint/ObjectHasAttribute.php,c4f1b838805ce8ad013ec380b71014bf4c41df3ad2370cb447443418c44a86c1,888
update/vendor/phpunit/phpunit/src/Framework/Constraint/RegularExpression.php,7c1d115ef22f3283511bc4dade2196472948ba5901823e79ba850a188c279ee8,1435
update/vendor/phpunit/phpunit/src/Framework/Constraint/SameSize.php,01df3cac35713429b9a7a06c259f4655b77890985996f415538b9d2e7209b208,486
update/vendor/phpunit/phpunit/src/Framework/Constraint/StringContains.php,8bcc6fa0e7554b63a86f47b3af832491ac573c1b4e8cdd47e3a1c2df0e5a755a,1863
update/vendor/phpunit/phpunit/src/Framework/Constraint/StringEndsWith.php,510e35669baca0e0813e0288fe64a7c2ad436f28edc09994d04434e1e71488b2,1196
update/vendor/phpunit/phpunit/src/Framework/Constraint/StringMatchesFormatDescription.php,33c69146e02f9f452c9f3e9ed9764a4cc7810ae3ffaefdb21d95ed92770f770d,2574
update/vendor/phpunit/phpunit/src/Framework/Constraint/StringStartsWith.php,67281ece4baa1f824138c697d6e69502aaea02c059d0c6344e88c0e1c7dcb43f,1186
update/vendor/phpunit/phpunit/src/Framework/Constraint/TraversableContains.php,41b28496ca467ffa35ae1bdad6f9528b0e1456871d1e0f540cd42b19ff099efc,3377
update/vendor/phpunit/phpunit/src/Framework/Constraint/TraversableContainsOnly.php,befadc7fd007b0b5829e279669343a944c451303c15145ed28a94178add327a2,2452
update/vendor/phpunit/phpunit/src/Framework/CoveredCodeNotExecutedException.php,3b19f0bdd53de567a0f5c9439cfd221db8601600a8cc9af80d973f1b1b260c48,324
update/vendor/phpunit/phpunit/src/Framework/DataProviderTestSuite.php,8d4f1ad2feced1fee0939d836ff47600437d2dca299ee95bdbe76661bd87ff00,590
update/vendor/phpunit/phpunit/src/Framework/Error/Deprecated.php,3e107c1f83501ea11fe707d95afc154d70d9289d6188e2e59019879eda2c4d04,334
update/vendor/phpunit/phpunit/src/Framework/Error/Error.php,60fd5bf7a592ea916aa1250f525d5b21b4fca01dd2a9b946d96534b06688205f,793
update/vendor/phpunit/phpunit/src/Framework/Error/Notice.php,f661a07b3fa77b489424adc49ea802d41327b4cc8aa6c3e47075326eaac3c76a,330
update/vendor/phpunit/phpunit/src/Framework/Error/Warning.php,0105f42f69e6b68f64e04c7c104a01b3a35207d143f6197419d9c82b7fc24c79,331
update/vendor/phpunit/phpunit/src/Framework/Exception.php,2b38d80236c4a523fe368e7682f4c0b697fce1b1f58f53db2e2f8541d4fe65b7,2369
update/vendor/phpunit/phpunit/src/Framework/ExceptionWrapper.php,030a04d988cdf21779fcb17c3100722534808733bfcaef8037b828a8d8e81570,2191
update/vendor/phpunit/phpunit/src/Framework/ExpectationFailedException.php,5bb0c235bb4b14207abe1fa8d9431cbd7b7676d570e72f8c390ae12edeb45ae7,1232
update/vendor/phpunit/phpunit/src/Framework/IncompleteTest.php,273a65d7fd7bb49853bc8d5b19107625171d2d2cc2b00ccb45d8de0c1a2c106f,438
update/vendor/phpunit/phpunit/src/Framework/IncompleteTestCase.php,f98d56d0307f30e084b15d5231f0df0fa1ff034fd441bd681ab301719625162f,1620
update/vendor/phpunit/phpunit/src/Framework/IncompleteTestError.php,d6e05548da798c645ebbc5b2735d85c70ee13c2290fb77e8a7d37fc911f60a6f,343
update/vendor/phpunit/phpunit/src/Framework/InvalidCoversTargetException.php,a61a3a1689e2777677e7f65de806c4a6c2fb970ad00f3b2a81ce603e2f868b1b,327
update/vendor/phpunit/phpunit/src/Framework/MissingCoversAnnotationException.php,b3e1e53f4a7b8eb11b110d9a90f3c87df69bbbcde5c53f562be2d621473043ab,325
update/vendor/phpunit/phpunit/src/Framework/OutputError.php,a0b418cd6faca7e98290a2f7e1c6b8a523e4cf6c3639464241121b5f28db7951,309
update/vendor/phpunit/phpunit/src/Framework/RiskyTest.php,ba44b9b37d2e04b87c66abf4e253a5b64c316dabbb16e2f4efef6df127fe7ea4,283
update/vendor/phpunit/phpunit/src/Framework/RiskyTestError.php,da0cda50f40eee2d1dfda320ef0b5aef4b8e18b9af9ba53760a60d291747c4f8,333
update/vendor/phpunit/phpunit/src/Framework/SelfDescribing.php,1ba9d7c2883024c9be656e2cec8a99224ca3030223bbe6e88b6b49aa1d14a823,501
update/vendor/phpunit/phpunit/src/Framework/SkippedTest.php,d1b45546c5776c92b2681f02aa38470bc8faf5a04dd779b77addc4084ff5c397,285
update/vendor/phpunit/phpunit/src/Framework/SkippedTestCase.php,d4381ff64dfd7e7123c4ce892efe63f163b05fde0d061d8816eabea78d515252,1610
update/vendor/phpunit/phpunit/src/Framework/SkippedTestError.php,34ade7f448f7b4a396ebf7d37c9e983099ae7ee1688ff86e20987be5bf7d8164,338
update/vendor/phpunit/phpunit/src/Framework/SkippedTestSuiteError.php,93132fcf1a65ab56aa12d65756e8588e899f5a060a5d7d97947e401f8d1fec3f,343
update/vendor/phpunit/phpunit/src/Framework/SyntheticError.php,46430ef0bd737c0143bea369b2d23f97e0ce81b8fc950cd52a88ad8c4d747999,1510
update/vendor/phpunit/phpunit/src/Framework/Test.php,bc2a9aeb4e4a5dbc66a82f5eabe12938108fcebd969ddc99e9ce03f51d2fdf10,515
update/vendor/phpunit/phpunit/src/Framework/TestCase.php,6f613fb28fda7366cc46e7d88abc71cb4742baa31fa03e005e3494da9d2d123e,64257
update/vendor/phpunit/phpunit/src/Framework/TestFailure.php,fe5acdd4d2de8d4027d3a39d8b43a8c4339730f7e96c09d56e3feacb8cb69fed,3822
update/vendor/phpunit/phpunit/src/Framework/TestListener.php,4627e7d8167f6f3c6c347344c094c91ab00c7302fb7aa7ab65a2ca97368f3e96,2222
update/vendor/phpunit/phpunit/src/Framework/TestListenerDefaultImplementation.php,d72597bace062ae1cd1d81cda0888e8ff5a1958ed822b2d0d94d8df8e97c8de9,1134
update/vendor/phpunit/phpunit/src/Framework/TestResult.php,1af862d95772b354d74e65a01c02ffd356deb4283fc727cb3286f4b81ced31f5,29070
update/vendor/phpunit/phpunit/src/Framework/TestSuite.php,263634ae4691ee05510a5145bc099fd155d4ef2b4948607f894e6b1c4ccac405,27673
update/vendor/phpunit/phpunit/src/Framework/TestSuiteIterator.php,2c442eb958eb6d088519cf217227484f87b6e17acda8a0b3a3916c84adb7ec25,1973
update/vendor/phpunit/phpunit/src/Framework/UnintentionallyCoveredCodeError.php,bd504d2371eca219ab34b9509088644e5a80c6c1b31d5316aacea34ee873bc9c,458
update/vendor/phpunit/phpunit/src/Framework/Warning.php,f1ed59853f612a0c152e4aaff7faf53c18508a14ca4ce7a55e8d59a9673dbe99,555
update/vendor/phpunit/phpunit/src/Framework/WarningTestCase.php,2a47c58a0a6aec9949143d1826155e2d70801d0e1b355b0369e08ed761e0ecd6,1317
update/vendor/phpunit/phpunit/src/Runner/BaseTestRunner.php,e8e906490190005145a7a257d2a441d2838db15d30735fe34b809597153f6bff,3856
update/vendor/phpunit/phpunit/src/Runner/Exception.php,6921cf17e7ef05e534e0a5c608dfb6e6eebfdd1cf26a8c6c63ecb599db48a75d,331
update/vendor/phpunit/phpunit/src/Runner/Filter/ExcludeGroupFilterIterator.php,87718a391c9f0a9d7f44c6d1d07dee6e01d4a0875c925790123cf9d70418fc8c,507
update/vendor/phpunit/phpunit/src/Runner/Filter/Factory.php,c7dfc2c425052cce2baff44222e8641c02cc547131f79ddc4bca8f3a71136cf9,1360
update/vendor/phpunit/phpunit/src/Runner/Filter/GroupFilterIterator.php,838a9b19ad650dca155c090a40dadac9f3fa5107b5b93c04d21f3895b4e5ba70,1519
update/vendor/phpunit/phpunit/src/Runner/Filter/IncludeGroupFilterIterator.php,e9cf288e28e8202ccc2724d1ff717d25c542711d89e88d5f7106690ecf500a2f,506
update/vendor/phpunit/phpunit/src/Runner/Filter/NameFilterIterator.php,cfc7652d193ed8d63bb7542a78fc7bfe85fd1a77d60dd691d985a2443fa8a19c,3410
update/vendor/phpunit/phpunit/src/Runner/PhptTestCase.php,67e60b55aee05c7e2ed31edd111a3999fc1ffbb95ab4e24d967c9e0ec613567d,16303
update/vendor/phpunit/phpunit/src/Runner/StandardTestSuiteLoader.php,5cc94802451e373bba8f1738b62605c43cef286f3c006df6114c4311e15ccee3,3542
update/vendor/phpunit/phpunit/src/Runner/TestSuiteLoader.php,07d409d0d8b8dd538e23fe2ae63f98a64144e4f15c067c48bdd55d00ad66ae2c,750
update/vendor/phpunit/phpunit/src/Runner/Version.php,fb27bab9e209ae30f8c8fb2c7d15032be91beaf8ea41131a8d89b64e269fb27d,1656
update/vendor/phpunit/phpunit/src/TextUI/Command.php,1a1e4dd2d82356237d0e61b89c7f5a972dd669874096dec784cc7521bd55e148,41347
update/vendor/phpunit/phpunit/src/TextUI/ResultPrinter.php,1c8b524b23470ef3e8937de5a74a023c2c362460e8a70362d0fa79ee15f3739b,17673
update/vendor/phpunit/phpunit/src/TextUI/TestRunner.php,8c57eef6b926a50de3a20218fd5b173a04a4ae7f18634e6f69af3e78f57522e9,44500
update/vendor/phpunit/phpunit/src/Util/Blacklist.php,1c4a79a91c71a49823e52f94e6babe253c51072c9b6f88288850efc55310abd7,3689
update/vendor/phpunit/phpunit/src/Util/Configuration.php,4af1bbae8507a61ac3b2bb556afd98e3fb7ce18a0cc450234b0f53566d815aa1,37429
update/vendor/phpunit/phpunit/src/Util/ConfigurationGenerator.php,88a041ccf66971e1eef3d8ae72dbaa11cb9704865629ac4a33d08e3dc9f88dd4,1681
update/vendor/phpunit/phpunit/src/Util/ErrorHandler.php,31f4f133dd9c9cbfe2172c5a1b10e0750785c227910e66142f7c147abd335543,2947
update/vendor/phpunit/phpunit/src/Util/FileLoader.php,21e08bf203ae51486c01b9fe60775ebf6ff527dc52e28ad270a71df3e2ac12cc,2227
update/vendor/phpunit/phpunit/src/Util/Filesystem.php,e951486290a179c85d31ee5a4b159fc91922a073ecc8958f51dcae1802cebbd3,764
update/vendor/phpunit/phpunit/src/Util/Filter.php,ce81d54c63354ab104cbbce51a4df3351d5f7c9c88c1f29d0aca1f5b731ca1e2,2358
update/vendor/phpunit/phpunit/src/Util/Getopt.php,681fff49f2298df5cf48d5a8301c71740e659a5a6ddc6ed86c4f7c1f3c66498b,5523
update/vendor/phpunit/phpunit/src/Util/GlobalState.php,3b4c55b25319f0d506e39b1b9855ef22ceba580a8feb5a679358445171f370e6,4877
update/vendor/phpunit/phpunit/src/Util/InvalidArgumentHelper.php,ef07e1953763344dc7598d68d7da11965aafc44bb472010b78fd93fdc41e985f,1093
update/vendor/phpunit/phpunit/src/Util/Json.php,65a7ae2f1e11b9d0d2a4ec70973d599b2c407c4995288078477adb09e195ba2a,2518
update/vendor/phpunit/phpunit/src/Util/Log/JUnit.php,b3f6287fc71d5f2864c2d7284a10ebcb46d413cd893160d28fd5fcea17979ec8,12371
update/vendor/phpunit/phpunit/src/Util/Log/TeamCity.php,32292a7f5fa97207b0cb8db89b8e300ad3898073f4a155e615cfa3573e68d9e1,11357
update/vendor/phpunit/phpunit/src/Util/PHP/AbstractPhpProcess.php,97c96428bee019f02bd1bee8f6640b9928da945d7b786d4779ee855490e74495,10784
update/vendor/phpunit/phpunit/src/Util/PHP/DefaultPhpProcess.php,23df7422ab17c719967890c68c820065dbad66f717d725d6c32dddea60ff2b33,5667
update/vendor/phpunit/phpunit/src/Util/PHP/Template/PhptTestCase.tpl.dist,701294d86d8e2cba82f4da20bed2725451d8e0639619eef8df8c4f00a66db050,1094
update/vendor/phpunit/phpunit/src/Util/PHP/Template/TestCaseClass.tpl.dist,1faa7d78b1b1ab8a0deaaae0ce7c861889ec092ec93719e4eb0c82cbe8fc5267,3059
update/vendor/phpunit/phpunit/src/Util/PHP/Template/TestCaseMethod.tpl.dist,ac97acdc73fc5314a3a67955318b4af61f138685994264a834397ef3200a6f1f,3132
update/vendor/phpunit/phpunit/src/Util/PHP/WindowsPhpProcess.php,d3242f69a228e458d40304d0a8bff7d5e328a619092058069644419d2f4c1328,1105
update/vendor/phpunit/phpunit/src/Util/PHP/eval-stdin.php,4114ecf78f3ea77d54075bcd592be82845c8482788d1ae4832c655f293711720,276
update/vendor/phpunit/phpunit/src/Util/Printer.php,41ab32ba51c610b21c219f76eca4e54b91284bffab9bcf49720c9cfeb6d64541,3400
update/vendor/phpunit/phpunit/src/Util/RegularExpression.php,07684ce24fa011c0476c121981b325ed82c013e08467df08b00ba6648546af39,863
update/vendor/phpunit/phpunit/src/Util/Test.php,da1347da58a3e8e83715ea8932dabdbb7f9a62f7045aa19a0f213b808758a134,39487
update/vendor/phpunit/phpunit/src/Util/TestDox/CliTestDoxPrinter.php,f98d653cf511b4ab391f3e7390bc59ba3213a3dc450128cdc284ac7457dd9300,5818
update/vendor/phpunit/phpunit/src/Util/TestDox/HtmlResultPrinter.php,d0fb639b856bbf0fa4fae4c5568242b804505e81905e8cdc7aa84604ec954b27,2814
update/vendor/phpunit/phpunit/src/Util/TestDox/NamePrettifier.php,5c5d0ed0c82e27ec01a7bf3fa1a838273cbfa4c8bf0c83833a57e7e25cc2706d,2638
update/vendor/phpunit/phpunit/src/Util/TestDox/ResultPrinter.php,5c06cc2a7f7ce0dc58207db903834a7963bb9eb88367dcccfa54381827dcd9a3,8648
update/vendor/phpunit/phpunit/src/Util/TestDox/TestResult.php,817fc4ecf951a2307fe9ac5854ede755182fbaa34936a001c549ef93288a337d,3976
update/vendor/phpunit/phpunit/src/Util/TestDox/TextResultPrinter.php,f417c1469dd534cb89f77e8214d2f1bba1dd301ee9975aff72c3cf92c3df0464,1208
update/vendor/phpunit/phpunit/src/Util/TestDox/XmlResultPrinter.php,d550c79cd6b29f3e1e9adc71fd03181edc060b6f5ae64e22b69e89a1bc55a842,6142
update/vendor/phpunit/phpunit/src/Util/TextTestListRenderer.php,df1946255376b350b45fdc4007c5e632dcd639f6aca411448ad4c46191a4ec70,1154
update/vendor/phpunit/phpunit/src/Util/Type.php,ea4790f9d044f2437756b29232079a648baba6b0be93b5cc91f76f507da61b8f,777
update/vendor/phpunit/phpunit/src/Util/Xml.php,0f51cfd0ce9dd31987f94890f69ab33845ef90f4d4cfdd43b0068f5e9035710e,8529
update/vendor/phpunit/phpunit/src/Util/XmlTestListRenderer.php,504e55972cec7641c54905e442e6b846134bff2e981617604add99c08080483e,2456
update/vendor/phpunit/phpunit/tests/Fail/fail.phpt,ec7157d1d4dc7ead4e174c137a363bc493104a775dfa8010df2017c5b7f08b0b,103
update/vendor/phpunit/phpunit/tests/Framework/AssertTest.php,3ad1613f92324a21e985e99ec9619a71b22fdcbff77aa695307a0923bee989b0,83183
update/vendor/phpunit/phpunit/tests/Framework/Constraint/ArrayHasKeyTest.php,c70ce136acb006159991a5b7461b66c347fbce6cabe74709d52db0ff3e83ea07,1542
update/vendor/phpunit/phpunit/tests/Framework/Constraint/ArraySubsetTest.php,0700a5aa28f949c8a0d51daa438fdf0a2f57e68c67a61d009be01c224a5c3af0,3019
update/vendor/phpunit/phpunit/tests/Framework/Constraint/AttributeTest.php,80fa70d46a432d7598ecb588f17a8e1496e50cd58bc59f44b891c9094ee1934c,1959
update/vendor/phpunit/phpunit/tests/Framework/Constraint/CallbackTest.php,306b7899f1223aef0e808e4e4715cf118e06a7df7d90a4b30bf57162797371e3,1927
update/vendor/phpunit/phpunit/tests/Framework/Constraint/ClassHasAttributeTest.php,2f50e5c8c42f35b591d94f6c3a62f6cc705706a85f816e9cc3539fed8f927c54,1862
update/vendor/phpunit/phpunit/tests/Framework/Constraint/ClassHasStaticAttributeTest.php,d6c87911c5cc2f4aa148230f8162baf2a8695511018d1a71036be21f76987dee,1861
update/vendor/phpunit/phpunit/tests/Framework/Constraint/ConstraintTestCase.php,67c486930713146d53f135e79978e5dd435d62118e18ba8820c78f9e291a420b,1418
update/vendor/phpunit/phpunit/tests/Framework/Constraint/CountTest.php,c964d1603556df1ebae3f31dd89c5086b82af59b7c4f2a8d44b0065ef3dd49d3,4987
update/vendor/phpunit/phpunit/tests/Framework/Constraint/DirectoryExistsTest.php,d6479877ebda7f33e1275b733c84693d577b534556f5fc66a01aac7abc12daa5,1704
update/vendor/phpunit/phpunit/tests/Framework/Constraint/ExceptionMessageRegExpTest.php,479e648ddb6014572002de1533dc373d4b869e65782a8e2e4434891c107b47e8,1496
update/vendor/phpunit/phpunit/tests/Framework/Constraint/ExceptionMessageTest.php,d142eba45252f5dc7180cc4f78b25cceedececd24a3de24a33237e7ba6a07dee,1266
update/vendor/phpunit/phpunit/tests/Framework/Constraint/FileExistsTest.php,c5df6456585c0064efd5244bcaaa9f9aee04e3e877a380b257d5ac6b60b2cafe,1531
update/vendor/phpunit/phpunit/tests/Framework/Constraint/GreaterThanTest.php,df975f4df220ac777387d090bee2c9e9501cb34f93b986b44e7b5fdc234200c0,1599
update/vendor/phpunit/phpunit/tests/Framework/Constraint/IsEmptyTest.php,f5201d0eca3451de361cfa2f47648fa9681e87bc5d62e20da69e68add210bad9,1754
update/vendor/phpunit/phpunit/tests/Framework/Constraint/IsEqualTest.php,7bdf0288ca4824d396e8aeb1adf01f02ac89a906d8c7813fb63e738f1ebf16e5,6893
update/vendor/phpunit/phpunit/tests/Framework/Constraint/IsIdenticalTest.php,6c6e95e5d8e2d2bda51368810d561e1edfcb8d62730eae708d00d5d7ecebdf37,4227
update/vendor/phpunit/phpunit/tests/Framework/Constraint/IsJsonTest.php,a3c9d91da26ce6741154f6c1a6bed4a59f01a3b091b5070c6ea72a40ebc4d09c,1028
update/vendor/phpunit/phpunit/tests/Framework/Constraint/IsNullTest.php,13192dc23d26b0d92422fe8a7e7fbcf1a93e528333a470a510b916bc3578cee1,1545
update/vendor/phpunit/phpunit/tests/Framework/Constraint/IsReadableTest.php,79cdd7aee34539e895f8559b4f9bb4763e89a703910fbe5eb000352b6a880539,1043
update/vendor/phpunit/phpunit/tests/Framework/Constraint/IsTypeTest.php,f5a8911bf1a91c4ea1ca833c1e0202d08a6c97bd9635f2c20ff9e459fa331af2,2567
update/vendor/phpunit/phpunit/tests/Framework/Constraint/IsWritableTest.php,7d3c32214f96737d95bfc747cb23738ef719dd3f39bd0a3d609e0026d683c5ab,1043
update/vendor/phpunit/phpunit/tests/Framework/Constraint/JsonMatchesErrorMessageProviderTest.php,77a2c342c3ed1823a5408f8776424757f33b2b264bd6a032f5cdda8f342095b3,2870
update/vendor/phpunit/phpunit/tests/Framework/Constraint/JsonMatchesTest.php,df88e62979cbe3a686ac73c0896003146f5f5f540d4a2253bfd26b6ea7f3e88f,5041
update/vendor/phpunit/phpunit/tests/Framework/Constraint/LessThanTest.php,4a4f8eea1a28b00b910b45e4bd1769d5aabb49a3299d744233982ff1cd034451,1575
update/vendor/phpunit/phpunit/tests/Framework/Constraint/LogicalAndTest.php,47f345599f98383ce387678947f28530e5f3e9afaf24d5d6fb11e65c1fe78107,6293
update/vendor/phpunit/phpunit/tests/Framework/Constraint/LogicalOrTest.php,8fcfafc7367198a178b3f2e9e878ae4aa7ec711351fb428c11bee1c7da7ce536,6132
update/vendor/phpunit/phpunit/tests/Framework/Constraint/LogicalXorTest.php,ac870bf40f9f1d12eb741dbfd6d8d853bb1bb06b9c5f2d4ba6e8d0cc72ec3ccd,1229
update/vendor/phpunit/phpunit/tests/Framework/Constraint/ObjectHasAttributeTest.php,2654a2e2401d527451beae22df724ae636f3ffaed2ce26e0b3e1d97e674b50eb,1831
update/vendor/phpunit/phpunit/tests/Framework/Constraint/RegularExpressionTest.php,89f6077c197d5feb8a8b4b00f8046c6991b5d33a4bc6e7dda64ff555f492fd16,1734
update/vendor/phpunit/phpunit/tests/Framework/Constraint/SameSizeTest.php,c5a98d5a749b85f1cec37a5f6727b353fbdb259f7147e70341c8d58ed5c783c9,1910
update/vendor/phpunit/phpunit/tests/Framework/Constraint/StringContainsTest.php,ab218fe63f0823529c1bc9632b7c6a2390424a253f1695cbd9569a70673ba6e8,2907
update/vendor/phpunit/phpunit/tests/Framework/Constraint/StringEndsWithTest.php,20949bfb96fed5e8c1dad8606c55d2187fc41083ad00a67d189ea67064b5c607,2316
update/vendor/phpunit/phpunit/tests/Framework/Constraint/StringMatchesFormatDescriptionTest.php,6c1e44cfb697798ede6493a74e2c8e297947340eecc1445a3fcdbfed29264f2b,2843
update/vendor/phpunit/phpunit/tests/Framework/Constraint/StringStartsWithTest.php,3afce3c15d906385c67fdbde2942ddd002eda23f7f48e7772a08e0540ecbf4a1,2344
update/vendor/phpunit/phpunit/tests/Framework/Constraint/TraversableContainsTest.php,21580fa4c52f4844b3237d5b630c86ae0d3550b99a8a43f94deac49d2842d691,4818
update/vendor/phpunit/phpunit/tests/Framework/ConstraintTest.php,4d6ecfe8b3d1b6718244695b90547b783166ca70f36c4f387508d037a210c64a,39289
update/vendor/phpunit/phpunit/tests/Framework/TestCaseTest.php,ef9c4df3399df2a5ed2304cb690cdb1e5607222134123430dcf00a9d75914398,22658
update/vendor/phpunit/phpunit/tests/Framework/TestFailureTest.php,0206dab094b1f5e014bee4268ad2b11028e0738c8115c466cd8090d089b0e4c8,1164
update/vendor/phpunit/phpunit/tests/Framework/TestImplementorTest.php,5faeb4b11137614c22f1a4055b9e9db407b6cf9192ab324d907fbb4061024efb,644
update/vendor/phpunit/phpunit/tests/Framework/TestListenerTest.php,79697019c66ea154b9262137444598a09f65297103a87c366883a9f517a15524,2692
update/vendor/phpunit/phpunit/tests/Framework/TestSuiteTest.php,2e8910fe69b3def19030127e0fa3e9adb4dd8e0c363c5c402e5f498a65f7b369,7461
update/vendor/phpunit/phpunit/tests/Regression/GitHub/1149.phpt,a47b653a07f166217056b9efecfc3deb2550f50d75941a12bc6e8fb3f89f196b,510
update/vendor/phpunit/phpunit/tests/Regression/GitHub/1149/Issue1149Test.php,3fe5de6f363de286852e5ac6a4229e7dd7291629bf66abd642c5730668f05258,314
update/vendor/phpunit/phpunit/tests/Regression/GitHub/1216.phpt,fddf69e5a5034b0115a3c3ddffbb9a2fb25903d3da12b1bb64e1a1b5fc1e0f56,720
update/vendor/phpunit/phpunit/tests/Regression/GitHub/1216/Issue1216Test.php,98fb96afe89c32aed109aabc0093291efb5d93bfc352b54c71ad40cb1131f855,209
update/vendor/phpunit/phpunit/tests/Regression/GitHub/1216/bootstrap1216.php,fa3444ddd3bd7a426dc5173d163e67c477115f49e38dcd17529ee8537f786f9d,78
update/vendor/phpunit/phpunit/tests/Regression/GitHub/1216/phpunit1216.xml,2894d769139b53bc01d55552487d2c53e655fbd4ce23302ccb8da49573a5575b,188
update/vendor/phpunit/phpunit/tests/Regression/GitHub/1265.phpt,a3b7bf1f28ab753be18802de3cdebc83c0665f85f3a46386b82b1651dee24add,566
update/vendor/phpunit/phpunit/tests/Regression/GitHub/1265/Issue1265Test.php,46d58c8d3b0bb3f74c1de15c758e7c76248f7e0d5739211219299783f148856a,156
update/vendor/phpunit/phpunit/tests/Regression/GitHub/1265/phpunit1265.xml,20ece35197f034f45d0a8618f30a0cc46c1daea805cf781227771e837467290f,83
update/vendor/phpunit/phpunit/tests/Regression/GitHub/1330.phpt,3d0bf7a2f6794e1797959a6d3113a6fd7fd60dbd5a156fe336d270ac40382614,560
update/vendor/phpunit/phpunit/tests/Regression/GitHub/1330/Issue1330Test.php,f95a34803e73092da840390681b34ccea72abda98967ff71815107bbb844325c,164
update/vendor/phpunit/phpunit/tests/Regression/GitHub/1330/phpunit1330.xml,159ce4420d7f0809033f96099ccdfa1e85bd65b00c512d5bb6f8616899275c40,84
update/vendor/phpunit/phpunit/tests/Regression/GitHub/1335.phpt,b532cd4fd65c52821b7bef92f8a6fb8d375fcfd257d5369e46fe737136017608,552
update/vendor/phpunit/phpunit/tests/Regression/GitHub/1335/Issue1335Test.php,a0163df2bf776ee740f9132ef4aa0b4119637b0ca2fb3d2b64612eae0c8fe2cf,1688
update/vendor/phpunit/phpunit/tests/Regression/GitHub/1335/bootstrap1335.php,189e3aae8e835369de354427f335051de42e610eccb8d753e3888a3a4538d601,655
update/vendor/phpunit/phpunit/tests/Regression/GitHub/1337.phpt,ad914e67ea377f4bd9f4caa937b85411924d5ab9212aa49e070846a10a0ca712,538
update/vendor/phpunit/phpunit/tests/Regression/GitHub/1337/Issue1337Test.php,fbef12e4a3891f3cdd017690916510a002f90677040cff961e7b85a9d263045a,339
update/vendor/phpunit/phpunit/tests/Regression/GitHub/1348.phpt,5605ee7817b6a80083bd3be7f8b0734ecab61029c2ff8969b751ce027e267bef,785
update/vendor/phpunit/phpunit/tests/Regression/GitHub/1348/Issue1348Test.php,1d68d30b5e3ca12a7dc69b1aabd01854436aeb9f2c5c441c7965ba17cd25af63,319
update/vendor/phpunit/phpunit/tests/Regression/GitHub/1351.phpt,fd7d3d3081081a481c8582cf75ca28e3750d5d9da6005f9e729c550b046361c7,1074
update/vendor/phpunit/phpunit/tests/Regression/GitHub/1351/ChildProcessClass1351.php,fba718b92b9d11dd773e3f37094fcfad9a1c3c7d6c096f15e62b45bb6c55dea0,38
update/vendor/phpunit/phpunit/tests/Regression/GitHub/1351/Issue1351Test.php,535bef72263b4804de8c2c2d00c8cd15b6d56f3ade6e22966744951f7cf806d0,1484
update/vendor/phpunit/phpunit/tests/Regression/GitHub/1374.phpt,c4d952e0e042caa5dcd14aa226081eefa9b4bbb89fc5e53c2bebb044d77ab90d,548
update/vendor/phpunit/phpunit/tests/Regression/GitHub/1374/Issue1374Test.php,f4f871749d14de79aed6ccfa9e84e2b2d36a605b5f0f6fbe9380b3f4449fb019,384
update/vendor/phpunit/phpunit/tests/Regression/GitHub/1437.phpt,24a61ec20759b2b7046c5f77d70b76514ca9e1bbd0b26ad22884aec398b95ce1,628
update/vendor/phpunit/phpunit/tests/Regression/GitHub/1437/Issue1437Test.php,dac4f205d353808c96d772ae1e3bd614cbb4c85cdc984e969e56ebccc2805729,180
update/vendor/phpunit/phpunit/tests/Regression/GitHub/1468.phpt,d4ed57680aa37e1f5dccab53bc6d3fc5dd91cf96c4e64c8c6f1a0aaf9803ead5,598
update/vendor/phpunit/phpunit/tests/Regression/GitHub/1468/Issue1468Test.php,834acd835ab979df1d85ae6f0d8d708f2c546e421e9f75dbd15ccc77fcd746a9,212
update/vendor/phpunit/phpunit/tests/Regression/GitHub/1471.phpt,e33fe38912aeaa7acc8736a97d1c95809c98df3e3dff3be2cddd2707ffa403b7,630
update/vendor/phpunit/phpunit/tests/Regression/GitHub/1471/Issue1471Test.php,07d21a40267a6c45bde45e72a861b0b3ab7650639ba73411a57dc1ab4299de4c,221
update/vendor/phpunit/phpunit/tests/Regression/GitHub/1472.phpt,92e2c5dce7b4d434f6da52cd6aa9b25ec8ece31089016f5ef09e21407aa79dfd,492
update/vendor/phpunit/phpunit/tests/Regression/GitHub/1472/Issue1472Test.php,54cbb6c187a5cabfbd9817b4f842d9c8ba42741fac0eed2c22d58f9a92488eee,829
update/vendor/phpunit/phpunit/tests/Regression/GitHub/1570.phpt,d88a712e97e032a37c3f880c42a95c492aea4de437492f937e0c692b1696223d,688
update/vendor/phpunit/phpunit/tests/Regression/GitHub/1570/Issue1570Test.php,002be628c8941de410531e7e91e5041183336b03fc8ce7b7b6aa8b81a40bd702,141
update/vendor/phpunit/phpunit/tests/Regression/GitHub/2137-filter.phpt,cc7517b692085b8402dd1c98d28ec724040ee104d4846cbfdccb44232029dfb8,712
update/vendor/phpunit/phpunit/tests/Regression/GitHub/2137-no_filter.phpt,02dfb6615007355e1ae50c7436c0eeaefc7da4bbae491acdd5c2b265d9ddcf79,762
update/vendor/phpunit/phpunit/tests/Regression/GitHub/2137/Issue2137Test.php,e117d5e7c4721bf24762d3f6d1bb08e8e960000e5c2663047fdac14f4bd19be1,1028
update/vendor/phpunit/phpunit/tests/Regression/GitHub/2145.phpt,476544ec353c704c91a0957896d448ce93e3c6d043f1d9f3fcace65661f3eec9,538
update/vendor/phpunit/phpunit/tests/Regression/GitHub/2145/Issue2145Test.php,5e4d191bf8eb0992b23e71e3a112b08ffcfddad6d1b34d5a05d3294725b8c1bc,244
update/vendor/phpunit/phpunit/tests/Regression/GitHub/2158.phpt,1dfe251b72d28d0af2d9d998ce737c839db97268839a6b98d1c9b79c35b705e7,555
update/vendor/phpunit/phpunit/tests/Regression/GitHub/2158/Issue2158Test.php,fddda5af95bca7d8738291ffe286d07595b7620dba717c038350b1a02903d93b,561
update/vendor/phpunit/phpunit/tests/Regression/GitHub/2158/constant.inc,90cf4469b813ad49a629f7334c24b347e49df1c410e936af3a6c2f82202e2df9,42
update/vendor/phpunit/phpunit/tests/Regression/GitHub/2366.phpt,cb0a7dc2f417272e8996b950c9fdd2efc14d1615becc647dc282efdf9a4687de,503
update/vendor/phpunit/phpunit/tests/Regression/GitHub/2366/Issue2366Test.php,2c76d12e4ab157ad0b52f644e8f26f1ae178a15809dddbb8eb4ee8f2ae94b694,473
update/vendor/phpunit/phpunit/tests/Regression/GitHub/2380.phpt,b8aa8d19bfa11409a6cb0702fc612d463220ed80bfd3d045dc786e7eeaedbbc5,488
update/vendor/phpunit/phpunit/tests/Regression/GitHub/2380/Issue2380Test.php,4131c8ecd3142a3a4f4dca834ccc35cb1e34bf73de4808e1850b5dcbe8a772ba,347
update/vendor/phpunit/phpunit/tests/Regression/GitHub/2382.phpt,7282207be1fcf0e5fdfea5da4d2f514f4afc62aa7803cc2ba43e08d091d70772,495
update/vendor/phpunit/phpunit/tests/Regression/GitHub/2382/Issue2382Test.php,e585453bc78461bebfc27fb54c95dd37995f4268524ecffb5b0c0e5576d13cfa,408
update/vendor/phpunit/phpunit/tests/Regression/GitHub/2435.phpt,4ac7faf412314a6f5da501455d4aec5ae5543750f92e34d6f84df8322a6dd0f6,476
update/vendor/phpunit/phpunit/tests/Regression/GitHub/2435/Issue2435Test.php,00cfa9997b47b9732ee4c305d0a7422afea0196de8f498ef7a976645d2bda0a4,158
update/vendor/phpunit/phpunit/tests/Regression/GitHub/244.phpt,0242f9d7175af64ac979972f2f7b5e8768d7576ccc00a8a71545f7eb4cdea9ed,960
update/vendor/phpunit/phpunit/tests/Regression/GitHub/244/Issue244Test.php,c0c42970723c19fe7e63ffdf21e7ea3dc310f529e05a1b780d26679439f36712,1131
update/vendor/phpunit/phpunit/tests/Regression/GitHub/2448-existing-test.phpt,c78c835aaf2ee454c725f7ae13b5c88c9d22821171167ebc59b4bd03847053cd,485
update/vendor/phpunit/phpunit/tests/Regression/GitHub/2448-not-existing-test.phpt,0ce61fb9b34370936e13f9493815abe29742cc0346599442c7b4075686838598,308
update/vendor/phpunit/phpunit/tests/Regression/GitHub/2448/Test.php,38c4a6eb90229dd5c0352f530030f57d691a31549344e5f74c6fb16d01573ba5,131
update/vendor/phpunit/phpunit/tests/Regression/GitHub/2591-separate-class-preserve-no-bootstrap.phpt,3d1b852582f5632e85ffc9b55b7eb10b8b234a2caa4648e28f05d17112b57d24,927
update/vendor/phpunit/phpunit/tests/Regression/GitHub/2591-separate-class-preserve.phpt,a3eab391f631c86c9245be06e30570b2b627c65025c1c1511ba3e62ba5bda7a2,707
update/vendor/phpunit/phpunit/tests/Regression/GitHub/2591-separate-function-no-preserve-no-bootstrap-php73.phpt,87918289f261a5aaf43dcdb4accb4bfb5279ed12b4e9abbef6f613b9151a7982,1611
update/vendor/phpunit/phpunit/tests/Regression/GitHub/2591-separate-function-no-preserve-no-bootstrap-xdebug.phpt,886d5137199cdbf1148b0100d716ac65c2030e6aba761fb85f632d07b4f67fb2,1179
update/vendor/phpunit/phpunit/tests/Regression/GitHub/2591-separate-function-no-preserve-no-bootstrap.phpt,6b43a0db28e63d7c9d7c49452a68d9e70b125d54bd943422c5d488c7cb8cb73d,1233
update/vendor/phpunit/phpunit/tests/Regression/GitHub/2591-separate-function-no-preserve.phpt,038653350553af4ea1ad7df8439a29d1e07e0a25a8275289858d608fcbeaeae3,618
update/vendor/phpunit/phpunit/tests/Regression/GitHub/2591-separate-function-preserve.phpt,272df28829ab7e13661439deb8092ed2fef12aa4849e7f6d156cabe4427b3903,613
update/vendor/phpunit/phpunit/tests/Regression/GitHub/2591/SeparateClassPreserveTest.php,00df15792cc6c055177ca85ba49a888d0ac4e64818da69a48951fdcc4e0f75ed,582
update/vendor/phpunit/phpunit/tests/Regression/GitHub/2591/SeparateFunctionNoPreserveTest.php,bd213ee2ab4d21900b395fb14fec7da92aee36be94de398afd7d921c2e08e2d0,465
update/vendor/phpunit/phpunit/tests/Regression/GitHub/2591/SeparateFunctionPreserveTest.php,c53c9bd901b17d64cc9368bfb89796772f5efcf5239d1d1003dfb6b4c301cafb,462
update/vendor/phpunit/phpunit/tests/Regression/GitHub/2591/bootstrapNoBootstrap.php,c718f146699e10bdb1bf5e8356809d11a723a4931759b04638274facbab8fce7,162
update/vendor/phpunit/phpunit/tests/Regression/GitHub/2591/bootstrapWithBootstrap.php,e5bcfcfb41301b0488245f78604ae7862b97b64b50ffb580411dab0d4cf5a8c8,101
update/vendor/phpunit/phpunit/tests/Regression/GitHub/2591/bootstrapWithBootstrapNoGlobal.php,82ca23f4ced115b1e9d7589381d4a699041dac1f6b1999421cd57bead4afb33f,104
update/vendor/phpunit/phpunit/tests/Regression/GitHub/2725-separate-class-before-after-pid.phpt,bb4ab4e15fa8a11e980a8a88b579ee69d700ff1351287ac661d71eb3fd3d5055,589
update/vendor/phpunit/phpunit/tests/Regression/GitHub/2725/BeforeAfterClassPidTest.php,fcfc5d337d0d2f40925b3dbb2fd886b1a991106d190381304a365b0c28bd1dc6,730
update/vendor/phpunit/phpunit/tests/Regression/GitHub/2731.phpt,5a0a4100c61faf843d558dbdad8319c64d8ea98e4d3ec8ce053e38564997c797,629
update/vendor/phpunit/phpunit/tests/Regression/GitHub/2731/Issue2731Test.php,8bff555717c2c99e462770e69220dfe988958569af123553102dc7d611fc9f26,241
update/vendor/phpunit/phpunit/tests/Regression/GitHub/2811.phpt,005c0f4787d20163e8dbad7b118271a27a2b634bd19135501346e0329430ad86,512
update/vendor/phpunit/phpunit/tests/Regression/GitHub/2811/Issue2811Test.php,59e8d11c6ffb5e5498b4b99430ec5644b4642a55ba67ae2ba251fb5e0d762fcd,195
update/vendor/phpunit/phpunit/tests/Regression/GitHub/2972.phpt,16d0c3278000cac4e3d843453365a976d19767620bf7ebdc806920bda8a5b47d,486
update/vendor/phpunit/phpunit/tests/Regression/GitHub/2972/issue-2972-test.phpt,ed62a9ee4615a774896987e8e1bdee8ef8118e19b556ae2e84cc34ceec55b043,161
update/vendor/phpunit/phpunit/tests/Regression/GitHub/2972/unconventiallyNamedIssue2972Test.php,4eece5d04a8c1e1530e4fcde1cf9dd7e1a014f7dc2d81bc45d83ddac567a351b,194
update/vendor/phpunit/phpunit/tests/Regression/GitHub/322.phpt,6129dcf076e0ca282238c85882b1535c871860f0da0adf07790dff6b8ac62094,661
update/vendor/phpunit/phpunit/tests/Regression/GitHub/322/Issue322Test.php,a8718d498fe350b9f76f77bb95212e6e51be80ce832b411c4d962cbd3c5a45c1,298
update/vendor/phpunit/phpunit/tests/Regression/GitHub/322/phpunit322.xml,892fc2c81a1253b3fe16202141de0e2c31d0e283ee0fec22e6d9ab50ddd3684b,175
update/vendor/phpunit/phpunit/tests/Regression/GitHub/433.phpt,6f8408d9f156e1b9f6194a2e6dd9afe8ba3176655762017b6d4ec4e448941263,671
update/vendor/phpunit/phpunit/tests/Regression/GitHub/433/Issue433Test.php,c40089a15a4df51b00e4b7412267c1d449a8b88bd8d958409b030a95638a58b3,461
update/vendor/phpunit/phpunit/tests/Regression/GitHub/445.phpt,cfccabf6901d1e40c18dbc2846de41a2b61f4a7d0fc17318d48d1a9f26dcc67c,711
update/vendor/phpunit/phpunit/tests/Regression/GitHub/445/Issue445Test.php,6d2d48415064f28daaee837a0f1d1c4e8ddccf9b40107bdf0a0b36875f59aee2,461
update/vendor/phpunit/phpunit/tests/Regression/GitHub/498.phpt,c12009ebffab0474f53a315682be57a139d2f56f89717ac0e21e29a49040869d,763
update/vendor/phpunit/phpunit/tests/Regression/GitHub/498/Issue498Test.php,22d68219194f99a334ec7cb05c6534382460f0ce0785e33e503ed91b662218d6,829
update/vendor/phpunit/phpunit/tests/Regression/GitHub/503.phpt,8af8f819a95b1956bdca4f98f6c26bded002edaf316e1e3760345a2ed5e0176f,741
update/vendor/phpunit/phpunit/tests/Regression/GitHub/503/Issue503Test.php,644a6080bf6b6626f1840d081ca78d6ae73b191a93fc7bcd429ba74566481aa8,226
update/vendor/phpunit/phpunit/tests/Regression/GitHub/581.phpt,8804e3ba7c6555c068cbccf6351b36d954461a1fc580d33b5f17d421e93b818a,802
update/vendor/phpunit/phpunit/tests/Regression/GitHub/581/Issue581Test.php,ef9523be10612abc10b57848b8a3f8c6d0df0285c7f21683fd489434971d56d7,313
update/vendor/phpunit/phpunit/tests/Regression/GitHub/74.phpt,6d65c78b9702d2c62b5ebdf5e745e2e3cc18e38f129ee6f0acace176aa5b66e1,667
update/vendor/phpunit/phpunit/tests/Regression/GitHub/74/Issue74Test.php,dc9f3d1b6bce4e04e6b766d8fc888e0d15cd340960236b9eb55a67e7240229b5,262
update/vendor/phpunit/phpunit/tests/Regression/GitHub/74/NewException.php,64eb3640467662922513d98b51fba9e3fabaf0924ab17dc61e3cc3f0bf81a9b9,47
update/vendor/phpunit/phpunit/tests/Regression/GitHub/765.phpt,0d61d1c88afb44e1ea0bebf2a19b484feffbc3844c71950788b9f9647c73181d,675
update/vendor/phpunit/phpunit/tests/Regression/GitHub/765/Issue765Test.php,80ccb166f8bef2f43b2f8be636e4683c39130be442d8e24eada2c381649f67fb,409
update/vendor/phpunit/phpunit/tests/Regression/GitHub/797.phpt,cd7768eb9380d14479879c9a29a0b628133599268f1c081ace01fa79e779db1b,603
update/vendor/phpunit/phpunit/tests/Regression/GitHub/797/Issue797Test.php,a2027312a1962db12a84d64a2529dbd82236f95787b337f6ff6c9b1052efbcb4,244
update/vendor/phpunit/phpunit/tests/Regression/GitHub/797/bootstrap797.php,f8d269ff3d71fb0c91885e93d937bfc9631761c31a5f22ecb276cfc8db9e308c,192
update/vendor/phpunit/phpunit/tests/Regression/GitHub/863.phpt,c2c59216c3c2074b6fa4abb7fcbe6803e8b06d6b14a0732b511bf05aabfa13bc,768
update/vendor/phpunit/phpunit/tests/Regression/GitHub/873.phpt,e3c4d1e2ebf097b2238ae58c48005772dce980968acf75e2acf022624fa0f7e0,542
update/vendor/phpunit/phpunit/tests/Regression/GitHub/873/Issue873Test.php,f8d06c3a1e56f8fd980b4bceb1d6c4a90a32695076802c6b09aa84bb796be9e1,175
update/vendor/phpunit/phpunit/tests/Regression/Trac/1021.phpt,3c7ffe1e5a4e4f8fc87a708863277c0c5b9c036f2cae397eab9e1b66c86bfce5,506
update/vendor/phpunit/phpunit/tests/Regression/Trac/1021/Issue1021Test.php,0b6cbeed999fb43bfa2fed109b88a0def29085ab76de58433c6fc0c7c6a6c866,414
update/vendor/phpunit/phpunit/tests/Regression/Trac/523.phpt,46153e1081e04684795688eb142153b8a9384d190bdb5d8d18d0db7a425a10be,513
update/vendor/phpunit/phpunit/tests/Regression/Trac/523/Issue523Test.php,9eca0a28a31db71f9b6cace102c4fb3487a733df9ef17a3c3253ddfdafecc9f6,275
update/vendor/phpunit/phpunit/tests/Regression/Trac/578.phpt,8031bb665aa49e2039f439bfd848d7745cb2857ccd069b4649c1f06bf65c5faa,876
update/vendor/phpunit/phpunit/tests/Regression/Trac/578/Issue578Test.php,a1c2e350902baf1e0cc737b8beebbc6292c226e62839e07e294b763b84830e3a,588
update/vendor/phpunit/phpunit/tests/Regression/Trac/684.phpt,3407cc79f4f0bb8cf4580d98679876d2cce92d0dbe7fdd23a1d8c73bd0ade0b1,599
update/vendor/phpunit/phpunit/tests/Regression/Trac/684/Issue684Test.php,c9321e3ba9151083a72229488a4d4b55f5b35c39cfc7bc390ccc3367ca491782,87
update/vendor/phpunit/phpunit/tests/Regression/Trac/783.phpt,22c2a1ba5ec32dcc62a7660049706bc10aefd84dbfd0bfe7a5695ce6a765a7fc,562
update/vendor/phpunit/phpunit/tests/Regression/Trac/783/ChildSuite.php,178c8dd401b69191602b14d89a63d4415b40aa0ec4160d1431e2c18bfb1a6c8d,322
update/vendor/phpunit/phpunit/tests/Regression/Trac/783/OneTest.php,11aa24d2af91540a81f02b0a489bbf7c86ad973855962800c14f636556066b2c,177
update/vendor/phpunit/phpunit/tests/Regression/Trac/783/ParentSuite.php,8dbb913bf21cc596dc4c9658223f10a1d147b18e2442b12f9bbba27b6897a3e0,253
update/vendor/phpunit/phpunit/tests/Regression/Trac/783/TwoTest.php,a97a03861181d421526a58d21425596885d8a881d46a5a597d30ab60852e813c,177
update/vendor/phpunit/phpunit/tests/Runner/PhptTestCaseTest.php,8e237a291584ea473be963c2f0ae0675ee711a74151a9e946166c95a69d5eb9a,8088
update/vendor/phpunit/phpunit/tests/TextUI/_files/expect_external.txt,a591a6d40bf420404a011733cfb7b190d62c65bf0bcda32b57b277d9ad9f146e,11
update/vendor/phpunit/phpunit/tests/TextUI/_files/phpt-env.expected.txt,9f1cf746dbf146ce3daaf55ad0b8da434fb5d78d16fa6f29f68b87ab2c9e0fa5,16
update/vendor/phpunit/phpunit/tests/TextUI/_files/phpt_external.php,25286fb1ca92b93bd19e50a9f80167d8958e9d5271c2ac9534e77e1c99aac15c,249
update/vendor/phpunit/phpunit/tests/TextUI/abstract-test-class.phpt,24624613d8941966adb76865817348f991e3c03461135d80b0d794bc85812862,580
update/vendor/phpunit/phpunit/tests/TextUI/assertion.phpt,79134f456113916b7f60e9a4a651794fd7fad06e363bbc931772bd2238af6a47,938
update/vendor/phpunit/phpunit/tests/TextUI/code-coverage-ignore.phpt,ce185bccf1d8ab4eb18e82cae4f659988497d5e7cbe4f2705f6f03c6469c7aca,1006
update/vendor/phpunit/phpunit/tests/TextUI/code-coverage-phpt.phpt,e79a8e8cdf586b7af6b1188d1b3ae5135c5984dccf40c94b2640f022153c0dbb,1182
update/vendor/phpunit/phpunit/tests/TextUI/colors-always.phpt,50353241ad56ab2e2f13d9e18fd9651163ec431b7cf006843b0029d5906b7a74,526
update/vendor/phpunit/phpunit/tests/TextUI/concrete-test-class.phpt,f85c1e24a59583a45d2a4947c676209a4c667a885af477d27b16495dd43dc044,484
update/vendor/phpunit/phpunit/tests/TextUI/custom-printer-debug.phpt,1e0904a4557e41d6a41b418dcc8f3a34873b515767f450b9e9c5706bc0680c49,936
update/vendor/phpunit/phpunit/tests/TextUI/custom-printer-verbose.phpt,87f525ac7266763927d42261e4a61f23e24821cc2d238fd0895861e016ff436b,858
update/vendor/phpunit/phpunit/tests/TextUI/dataprovider-debug.phpt,476d6e61c07fe289438dc1426e3ad39e87ee4c1189318391143ed69502cc2f8a,2121
update/vendor/phpunit/phpunit/tests/TextUI/dataprovider-issue-2833.phpt,912f1012350807ae8e643487f6c1717970cc255f020fa735263c9e95f0022184,443
update/vendor/phpunit/phpunit/tests/TextUI/dataprovider-issue-2859.phpt,e9cfa161881d410599b4c390e1d913e0e014c4c33a20ba56de4b4883f541aff1,452
update/vendor/phpunit/phpunit/tests/TextUI/dataprovider-issue-2922.phpt,194eddabb573f5157cb5db790c0c37878b1302a83e2cbb1e9c90d3e581ebcb41,506
update/vendor/phpunit/phpunit/tests/TextUI/dataprovider-log-xml-isolation.phpt,a303acf280c28a339e7338c906d9c20db928767c837a47f254a21cb63954cc47,2050
update/vendor/phpunit/phpunit/tests/TextUI/dataprovider-log-xml.phpt,42ea6f2e269a2f73c6d966a858d420e4cf911e9a9dcb2206572f06b119f21d7a,1985
update/vendor/phpunit/phpunit/tests/TextUI/dataprovider-testdox.phpt,07c489c695b9ee93c7f6ef147c15625b6dc9d42ec9300a3db1306d65849097db,672
update/vendor/phpunit/phpunit/tests/TextUI/debug.phpt,59036e857197548030553ce4d4954a52b697bf41214561a795ca42d37c0f9ae2,827
update/vendor/phpunit/phpunit/tests/TextUI/default-isolation.phpt,d4d6e2a7f87f13054fa21e4e81adaa342753c3ce9bfcf2a038b090dd1ed823c5,561
update/vendor/phpunit/phpunit/tests/TextUI/default.phpt,f1d7f39e7fc4aa894923397258bfcdf565f9a1739ad3ff610fa68e5231fcba1c,496
update/vendor/phpunit/phpunit/tests/TextUI/defaulttestsuite-using-testsuite.phpt,d60f6e3a78ca6aab5395c0ec2d13e30dec16ad6ebe1c2998deea1a646e010dab,570
update/vendor/phpunit/phpunit/tests/TextUI/defaulttestsuite.phpt,d6a78b3acfa4178e0f87cadf8b9a0459ecda736f702d49b91f5bf1edf32c19c3,482
update/vendor/phpunit/phpunit/tests/TextUI/dependencies-clone.phpt,bb86a0c17c435ea48197cac8cc2dd88fbcbc651c68a8e1a477de2930376921e5,581
update/vendor/phpunit/phpunit/tests/TextUI/dependencies-isolation.phpt,2434c75aff1aa8e16aa008ce225d67f0058ce641f944a3d9e1805c5b2bb6f84f,1068
update/vendor/phpunit/phpunit/tests/TextUI/dependencies.phpt,5bd9cdc85272b863f2acd6923be401318a1d7960f41e0a1ba71e4f16c55c3e6a,1003
update/vendor/phpunit/phpunit/tests/TextUI/dependencies2-isolation.phpt,d0de3f703d1f1fad8d1c96817721c15d75620b7b9a5c0aca1caf5f929417bc22,537
update/vendor/phpunit/phpunit/tests/TextUI/dependencies2.phpt,59b468c9300aabb74e9b131d010dce990c78b26732417fa656a8d8071de4ead5,472
update/vendor/phpunit/phpunit/tests/TextUI/dependencies3-isolation.phpt,62162a899b471353c0855dc8802205d70149896a80e65cef2823920f63afd776,577
update/vendor/phpunit/phpunit/tests/TextUI/dependencies3.phpt,a11040ff4be04c5e3622d2a3b488571e884e09e8ab1104e9fa84ea64bdf88791,515
update/vendor/phpunit/phpunit/tests/TextUI/disable-code-coverage-ignore.phpt,03f7ab23ebd81282b03726179b21e1fee0e0c055a487ded0fed49a10861b0e86,1172
update/vendor/phpunit/phpunit/tests/TextUI/empty-testcase.phpt,5486866c03dd3ed1d0a435f13e9fdb9d8cad9c6b6d517bab63b8c26930e808d3,607
update/vendor/phpunit/phpunit/tests/TextUI/exception-stack.phpt,fae936cb2676d93a6606fd71fe6b3a515b8758eb3bdbc9dc77cedc26c7fa632d,1055
update/vendor/phpunit/phpunit/tests/TextUI/exclude-group-isolation.phpt,17c411be16b1a783cd9fb24041bd558b89b83797e204fe42612f6c6a2f7bd0e9,689
update/vendor/phpunit/phpunit/tests/TextUI/exclude-group.phpt,c13a385c3a49af5703ba568deb438d0905d942fdad541ba2fcfc8846f63c13e6,624
update/vendor/phpunit/phpunit/tests/TextUI/failure-isolation.phpt,619c5ce15ec7d06a593f1e71e278c1ca00c834f0aa5366e5528c7d6f0f08d994,2421
update/vendor/phpunit/phpunit/tests/TextUI/failure-reverse-list.phpt,4a190ef0e3d60d2c0c2781871fd3aaf56e2437e41e82787e45116403f1b9788f,2411
update/vendor/phpunit/phpunit/tests/TextUI/failure.phpt,900525ada6aeed69513aa116a288b80294e0e7013a445aef3627268351349c38,2356
update/vendor/phpunit/phpunit/tests/TextUI/fatal-isolation.phpt,fb0f861b0f7277138a4c0ae452d34baa30177e524d8cce175b374bb88ed26df3,607
update/vendor/phpunit/phpunit/tests/TextUI/filter-class-isolation.phpt,038a406ca1baef216b85c80160d06484904f423b7631ae0b72c484184313a60f,661
update/vendor/phpunit/phpunit/tests/TextUI/filter-class.phpt,628e8e9fbbc2dfea8ba63e3c0f3a9bf640c4e4a7481982d2e21b2d5942353aa2,596
update/vendor/phpunit/phpunit/tests/TextUI/filter-dataprovider-by-classname-and-range-isolation.phpt,2f00e9ac64b1c4713f870ac87419be6724b908e47a5fd8b9628a14c6694865f5,711
update/vendor/phpunit/phpunit/tests/TextUI/filter-dataprovider-by-classname-and-range.phpt,70988d6f259ab281217f8841c2f77633a146923dcbd2fcb02e5e578b3975e03e,646
update/vendor/phpunit/phpunit/tests/TextUI/filter-dataprovider-by-number-isolation.phpt,559e0606e6c784bef28ba03b3e75375b64e22857f66662a54af674e8dd3c3b72,677
update/vendor/phpunit/phpunit/tests/TextUI/filter-dataprovider-by-number.phpt,839a32ad60c975ef416debc591c5d190f0ade4a3153a906a6d09163500e6f776,612
update/vendor/phpunit/phpunit/tests/TextUI/filter-dataprovider-by-only-range-isolation.phpt,25e27b500ffd834842429c3e8bb5ee6155a4b07f42927a477cd760b125d1c959,668
update/vendor/phpunit/phpunit/tests/TextUI/filter-dataprovider-by-only-range.phpt,aa60d1e2009867df28af64b28adfa42a6e3ce0b7f49560b1d1f13563d0d7d197,603
update/vendor/phpunit/phpunit/tests/TextUI/filter-dataprovider-by-only-regexp-isolation.phpt,f0f872e713f11da5e990d05ad492251256c88de346d4e0fbbcd6cc5a02ae33d7,675
update/vendor/phpunit/phpunit/tests/TextUI/filter-dataprovider-by-only-regexp.phpt,ab14ed2a992e482f6f93b3cf0d45c5539e4cea096fe6fe62d52ce385429030b5,610
update/vendor/phpunit/phpunit/tests/TextUI/filter-dataprovider-by-only-string-isolation.phpt,0bf601c240d8892f1b828a579ba04e96366b2d7d7ebdf14da74ba8e9570a674b,680
update/vendor/phpunit/phpunit/tests/TextUI/filter-dataprovider-by-only-string.phpt,8868da41a2868c63c4fe68dda4cbbe8f5eef8dac73bbd1c1e538f4df93fe49fc,615
update/vendor/phpunit/phpunit/tests/TextUI/filter-dataprovider-by-range-isolation.phpt,91b4482a25e284de4ff65c43a96effbbaabd76d9b98c25b9866b9b0821942997,683
update/vendor/phpunit/phpunit/tests/TextUI/filter-dataprovider-by-range.phpt,e7cf9079e27f8465045766a75f4ce666b11c077be4309f59a00b36a4a4eb04db,618
update/vendor/phpunit/phpunit/tests/TextUI/filter-dataprovider-by-regexp-isolation.phpt,5f3baf6e49943f25da433075f8922cd6135eb3efb5a27998cf44c4550ed69033,693
update/vendor/phpunit/phpunit/tests/TextUI/filter-dataprovider-by-regexp.phpt,08da8600feb084ea8fb8b95cc94ac642f439e9730fa01c5fb0f7b693ff5c1de7,628
update/vendor/phpunit/phpunit/tests/TextUI/filter-dataprovider-by-string-isolation.phpt,0c10348e78951ccc71df89286a43f136f3b9b19243a4342310aaeb28af8e2fdc,698
update/vendor/phpunit/phpunit/tests/TextUI/filter-dataprovider-by-string.phpt,fbd71ecec6bfd7f16a73f2642aad9b7d79a9668a0c37ccb281ea2398a9876312,633
update/vendor/phpunit/phpunit/tests/TextUI/filter-method-case-insensitive.phpt,8af70813dd4ee7331c012dee5185b1ca358dd23823a5cb9c6c1a04f3003e115f,614
update/vendor/phpunit/phpunit/tests/TextUI/filter-method-case-sensitive-no-result.phpt,5c94b3c5f4e29760d772bfd42ce9b81c02627301bbd16839d0ac5cdd6e6dba20,524
update/vendor/phpunit/phpunit/tests/TextUI/filter-method-isolation.phpt,38ffc130558ba1bbaf371288f6e276a13004dfeed0bce47c9406f25e9d645f2c,681
update/vendor/phpunit/phpunit/tests/TextUI/filter-method.phpt,79ab26b58d1e775fd038d01671cb3a6de4fe36045bd64fbedb8f6bef717b2450,616
update/vendor/phpunit/phpunit/tests/TextUI/filter-no-results.phpt,35d0fc605e674b7f0cb30c038b5d8f6590719da62902f6a80d6b3fd6702704a0,502
update/vendor/phpunit/phpunit/tests/TextUI/forward-compatibility.phpt,f1d7f39e7fc4aa894923397258bfcdf565f9a1739ad3ff610fa68e5231fcba1c,496
update/vendor/phpunit/phpunit/tests/TextUI/group-isolation.phpt,a53be2af5d22ae10827324b1900a8b31aefb4fbb2d076e4a3e5bd214b146724d,671
update/vendor/phpunit/phpunit/tests/TextUI/group.phpt,b2bd52c7c9a33c6afab1db3dc551db4e33741938aa57b416a6954283c6adfdd7,606
update/vendor/phpunit/phpunit/tests/TextUI/help.phpt,2c2bff6e13af0ae4dd228274ee7d2f5eacefbe3775f1e82aa0c4fef692121fb7,5324
update/vendor/phpunit/phpunit/tests/TextUI/help2.phpt,88dfacb5c96bcb616fc8cf2ab1e6971392ee5f2a4833e1e72a39be543ba190c9,5363
update/vendor/phpunit/phpunit/tests/TextUI/ini-isolation.phpt,5a1c7f14922c46ca522db9b21aa56abaee05276f4736b59903639494fa428393,655
update/vendor/phpunit/phpunit/tests/TextUI/list-groups.phpt,b7ea5ce5d71b5ba2283e0980a1bc8292affef1927d9da45a0649b53b7da6d95f,517
update/vendor/phpunit/phpunit/tests/TextUI/list-suites.phpt,c2a09705eb5b587bac6643d8d2b34bc495b0ad1ed890960d7e71e4d59c2be363,444
update/vendor/phpunit/phpunit/tests/TextUI/list-tests-dataprovider.phpt,2fc6ee184c651385314780f128886ced681dd884265f675d2598a448c3e01dfc,563
update/vendor/phpunit/phpunit/tests/TextUI/list-tests-xml-dataprovider.phpt,f752506da870b853c8694e47e75cf27c810ef0aacb9a604cacd5d2f153cb848b,975
update/vendor/phpunit/phpunit/tests/TextUI/log-junit.phpt,70e029db6165989dc866409ccbbf4e627e44f77aed48d68dbb51b4bd1a11b643,3116
update/vendor/phpunit/phpunit/tests/TextUI/log-teamcity.phpt,e7523bf0477c8e04490798d228d6c86ff8c63e4d3305d8f94b7efbd55531e625,1690
update/vendor/phpunit/phpunit/tests/TextUI/mycommand.phpt,28ca44d1bdd3ba027919c711946234e4a5f343c72c5b16a80a03d56b98ac6241,641
update/vendor/phpunit/phpunit/tests/TextUI/options-after-arguments.phpt,c9b9b091ce67490161195e0132616ae39342b56cc216a77975352ba6917535f8,519
update/vendor/phpunit/phpunit/tests/TextUI/output-isolation.phpt,913ffbf2146543a5b07ea57759520dd4cb57519b086d3a30b7eeb4912e6376dc,638
update/vendor/phpunit/phpunit/tests/TextUI/phar-extension-suppressed.phpt,82d08eda693533f023ca215240600e5f1eac61031bafe900d9433797a6b4c724,401
update/vendor/phpunit/phpunit/tests/TextUI/phar-extension.phpt,a8365e26d302f13235bdfe6d31dce4ce91420d073e0d296cf30d0a60a5eca71f,597
update/vendor/phpunit/phpunit/tests/TextUI/phpt-args.phpt,520740d67d06524f8dc0286bad33ce9cd267b90dd7fb5e14e598f9637ef5a2b0,150
update/vendor/phpunit/phpunit/tests/TextUI/phpt-env.phpt,bddba5a063065b17cd2c97052c6a1be54c91c419cd2f249fa4a34f2ac2058700,196
update/vendor/phpunit/phpunit/tests/TextUI/phpt-external.phpt,31a020224fe90dcabf728bbc6e20bfa67de416ab45d4d68343cedb35f37a15be,151
update/vendor/phpunit/phpunit/tests/TextUI/phpt-stderr.phpt,b258ec4eaf11bdfdbbfa37ac33a24f87543d4eb2dc69392baeefe578e4d816bd,245
update/vendor/phpunit/phpunit/tests/TextUI/phpt-stdin.phpt,02d1e34a434176f6bcb5c049f71f867f7a062342cfb16d130b6f597c16a98f42,165
update/vendor/phpunit/phpunit/tests/TextUI/phpt-xfail.phpt,f421eb84a21015787731c281a34274fcd00ff61e750047713175bf1a71ce194e,489
update/vendor/phpunit/phpunit/tests/TextUI/repeat.phpt,669225a9e2ce9eac066a405de53bf6673aa175637a69899b5d7da15140a9056c,568
update/vendor/phpunit/phpunit/tests/TextUI/report-useless-tests-incomplete.phpt,6b5c6ed86d092589d78093456f21eb08504e555ac38e53a7af24702c7fec68f5,550
update/vendor/phpunit/phpunit/tests/TextUI/report-useless-tests-isolation.phpt,ef49ca53a97c025b3fcdf1c6920e119957579340270ca27ccc5a8ddf048a32ce,699
update/vendor/phpunit/phpunit/tests/TextUI/report-useless-tests.phpt,82a8757c25f9c6ee4db65bccb97d015641bee711948f3c7b48789f8f5a4ee8f9,628
update/vendor/phpunit/phpunit/tests/TextUI/stop-on-warning-via-cli.phpt,e0214aa9626fe2b72301e60fd4d9c06ae387d668c9118d993a534406b32bd93a,604
update/vendor/phpunit/phpunit/tests/TextUI/stop-on-warning-via-config.phpt,fc5b8330b635ebefdf77ff54f00f78f97099dfe373b6254b06ac7fe348dd4a8e,715
update/vendor/phpunit/phpunit/tests/TextUI/teamcity-inner-exceptions.phpt,a057375d46d1061f1c0be417a6a910384d8cd59525ad0ec8c0bec13ff4953164,2085
update/vendor/phpunit/phpunit/tests/TextUI/teamcity.phpt,254dc5d0ae8286613fc6862814a470fce097e14de3a093bd1e88cc9fb69b657b,1551
update/vendor/phpunit/phpunit/tests/TextUI/test-suffix-multiple.phpt,71ac6235939187402933161d67de4f464a2f88b0289dd700494be7cec422dabb,515
update/vendor/phpunit/phpunit/tests/TextUI/test-suffix-single.phpt,89106c9c7039b9ee4623398c8c3cdca1811735a3b0aafcc61063338db21a83ba,499
update/vendor/phpunit/phpunit/tests/TextUI/testdox-exclude-group.phpt,d228a7e3f0dfc482c7e8cf0fbf30e1539ce0cfc4905a354f09e30f96d4f2af15,731
update/vendor/phpunit/phpunit/tests/TextUI/testdox-group.phpt,abfdc439a456fae7520502406d7594046294b02eb66710d1b3e3cda848729df2,715
update/vendor/phpunit/phpunit/tests/TextUI/testdox-html.phpt,1fb5ccdc6534d120c73b9d06b88048ffcfa9f2969016273ec4f733bb2b15f86f,1707
update/vendor/phpunit/phpunit/tests/TextUI/testdox-text.phpt,265e12618610b7ca11f1fb4fe6aca03a56018512757a0dd59dd81f92959e2e6d,718
update/vendor/phpunit/phpunit/tests/TextUI/testdox-verbose.phpt,df7bf6c64be6a18af65be5f470d8a3242199c8d825b7f9393ed602af5e55b8f3,663
update/vendor/phpunit/phpunit/tests/TextUI/testdox-xml.phpt,696d1d65d01a2bb1c7ce03e2ad16ccf0a16dee62d4ab47bb30bec1e5f5fcbddd,2617
update/vendor/phpunit/phpunit/tests/TextUI/testdox.phpt,8a8be3cced405aa8668bede88c285c0952cfe9b2fae54e4f1d232b5b33fea037,575
update/vendor/phpunit/phpunit/tests/Util/ConfigurationGeneratorTest.php,17aa691f7140c91ba30d094d0d447a86c1483499586121f97fd2f5257c1026fd,1412
update/vendor/phpunit/phpunit/tests/Util/ConfigurationTest.php,766188d34d1eb7ef73d2d9d0c3e4e1907c3184726fa7c5f841c626c632a7c5aa,19414
update/vendor/phpunit/phpunit/tests/Util/GetoptTest.php,80f5b97e6c2d3a015ff5587f49e7638c3e048a3735d2b7d46e97099c89498709,5432
update/vendor/phpunit/phpunit/tests/Util/GlobalStateTest.php,78367e260be068a7fa476bfe9b7ba00850045e40795b17fdacd6e1319bceaa4a,1068
update/vendor/phpunit/phpunit/tests/Util/JsonTest.php,bfdd25512692163c2745b143cfa3fea588d119fb4084872abf2bd65f2d28a8ed,2515
update/vendor/phpunit/phpunit/tests/Util/PHP/AbstractPhpProcessTest.php,403d505aabebda732a24963471f565ee642fc6b88a87ef80873e6f0ca9e8a846,3573
update/vendor/phpunit/phpunit/tests/Util/RegularExpressionTest.php,f01cf2368a353dd58fd823bbb3df24d7d7d7e2e5550c44950d3e6233b7b38cdd,1598
update/vendor/phpunit/phpunit/tests/Util/TestDox/CliTestDoxPrinterTest.php,285c0eb3902840c4ae05d402845e8c91b35f4fd322903817a23fd9cad727b4b4,6933
update/vendor/phpunit/phpunit/tests/Util/TestDox/NamePrettifierTest.php,d9a2baa247a0c764b70ae5488a2e389010fb48a2ea4d3fef5e0dc58442ec6c3d,2363
update/vendor/phpunit/phpunit/tests/Util/TestTest.php,f0895c4ae8d213a1c117761b66588f30dac921d098b2dc0604d9a0f15761dae2,36490
update/vendor/phpunit/phpunit/tests/Util/XmlTest.php,7ae5d21f4f9e27bd9f35fab4929ded05fdc123b4625b0a2dbebe8c7580e2e7b9,3500
update/vendor/phpunit/phpunit/tests/_files/AbstractTest.php,4b88f2090d39cd3684f6f865c69b4e0b52d3ac3796dd3aa6bda97514f2587db9,163
update/vendor/phpunit/phpunit/tests/_files/ArrayAccessible.php,6bb65928883612d396859a88351b168ae1d0eefaa3d9289e5073126024372cd9,778
update/vendor/phpunit/phpunit/tests/_files/AssertionExample.php,d01ce0b9d3ebeac527a8d229764418492999b897dc1c235c6fa3cb76bf642299,102
update/vendor/phpunit/phpunit/tests/_files/AssertionExampleTest.php,86e1b7eb2fa327f177198dda023fad6a6920887f0e9e67292bdbbc6aa2851310,192
update/vendor/phpunit/phpunit/tests/_files/Author.php,1b5405f77457cd339d5c40904e25b0ccfc0aa3c0cd266b6ea7626f6a75e50499,465
update/vendor/phpunit/phpunit/tests/_files/BankAccount.php,88101cda375ec9b902698c925040e389f9ac514c03dcb4993672eafeb262bfaf,1544
update/vendor/phpunit/phpunit/tests/_files/BankAccountTest.php,f76595afde65395154afc470695d3071af67e7ea8a70d816f3e493b1f187359d,2202
update/vendor/phpunit/phpunit/tests/_files/BankAccountTest.test.php,f7fa51ef3574862f2e506c7e41f0e9f5228e1af8919d808eb2c749acc6864c54,2043
update/vendor/phpunit/phpunit/tests/_files/BankAccountTest2.php,5e4b1f5ccaa131e2ea77d67c20e0d5391da4cdddf4d58f8dc817fa35bce8dc88,1149
update/vendor/phpunit/phpunit/tests/_files/BeforeAndAfterTest.php,63153c17880ee265a8a6f64a11092e745c12efa69ff7e0da0e24d310ba6206ea,574
update/vendor/phpunit/phpunit/tests/_files/BeforeClassAndAfterClassTest.php,140f71eba8acaf8bdbf37439911b080856577fda8c994e6718df369aa6022a18,657
update/vendor/phpunit/phpunit/tests/_files/BeforeClassWithOnlyDataProviderTest.php,2f9ae35dbbd8926596ff654187379059f760935d36c678c0c6dd2ca77cdce471,839
update/vendor/phpunit/phpunit/tests/_files/Book.php,876724feeea129ed2af69c6b075a9c6ac7a34c98d41f9ff773cb8aa825982082,357
update/vendor/phpunit/phpunit/tests/_files/Calculator.php,17775df39792dc430ef080fafdcf0de771a609bb02d3b0f8fdcc36d13eb953bd,219
update/vendor/phpunit/phpunit/tests/_files/ChangeCurrentWorkingDirectoryTest.php,8960942d80c7545987fbe12c4212726ef8718e9c90ba0c6d2e8025b5ea37f46e,220
update/vendor/phpunit/phpunit/tests/_files/ClassWithNonPublicAttributes.php,7655596c8e741d3bedfb9d602f5a619a83db67124a81031fba28703c65653048,959
update/vendor/phpunit/phpunit/tests/_files/ClassWithScalarTypeDeclarations.php,4231587bdd6b883d778faa08ac7e3906d39ef6cc292e2b685ec759c34fbe4231,110
update/vendor/phpunit/phpunit/tests/_files/ClassWithToString.php,8c87b8d4426e1252da9d9d041cf6c7a60ec472cd50203e03ff028368f72d6085,389
update/vendor/phpunit/phpunit/tests/_files/ClonedDependencyTest.php,9e90631b5c90a4fd825b5aa73a0dc44228d037f647be6d2a6d85ea21b2462ded,1152
update/vendor/phpunit/phpunit/tests/_files/ConcreteTest.my.php,3e3a8d24ba1e70c0d5e95f631f8c33db794fe97a1c86f9492a96f3faf39068b5,146
update/vendor/phpunit/phpunit/tests/_files/ConcreteTest.php,9d86e8ab34b08ac6c618885116947759f293a70078791cba78ad9ac8085ceefb,125
update/vendor/phpunit/phpunit/tests/_files/CountConstraint.php,35f3f17d15fac5f70557cf7a2bf15a9db5327ea1cc84dec7f936c173b95e00db,613
update/vendor/phpunit/phpunit/tests/_files/CoverageClassExtendedTest.php,d018253e14e317a1200e8221d3c0ee193106492ab24530526f5a9b41783c9e04,253
update/vendor/phpunit/phpunit/tests/_files/CoverageClassTest.php,218b269d0bc7e1cb27bd1aa253aa3f4600518eea83d584c88c441bb4d46cc407,235
update/vendor/phpunit/phpunit/tests/_files/CoverageFunctionParenthesesTest.php,d6a47b4e0979a2a94e7527ee34efd749a37d7e5de2ca23deb544c670357137ff,222
update/vendor/phpunit/phpunit/tests/_files/CoverageFunctionParenthesesWhitespaceTest.php,79caab034232e82bd9d3285b1966a9b6c6806811ef8da062125e81a09f633926,234
update/vendor/phpunit/phpunit/tests/_files/CoverageFunctionTest.php,9e101bb6a2925bc10216848a6d724c1ff38f143c75ab2e3dd11223971aa3d86c,209
update/vendor/phpunit/phpunit/tests/_files/CoverageMethodOneLineAnnotationTest.php,62f3827517b65ec73f23bc8e7126d3821d74e221e9c502efbc1991e6f6d7e220,256
update/vendor/phpunit/phpunit/tests/_files/CoverageMethodParenthesesTest.php,6ce750a33343eefa1b3e2bab074ecdbc9d4855e7c36dca393e55050dc90d8899,263
update/vendor/phpunit/phpunit/tests/_files/CoverageMethodParenthesesWhitespaceTest.php,195c1c57b660a556b892a11f593c848f910afd010164d545ac8cbb656be5a9c4,275
update/vendor/phpunit/phpunit/tests/_files/CoverageMethodTest.php,0789599c4f19251c94ce099b4e876e4c8672d40be159ba9f5b1b9520720224ef,250
update/vendor/phpunit/phpunit/tests/_files/CoverageNamespacedFunctionTest.php,68285514e693272eb237df2b648e3151387945753417ff12a4293a5f16223dd1,202
update/vendor/phpunit/phpunit/tests/_files/CoverageNoneTest.php,557db7687106c57684c05c40a6fb158ccdb7df426437cd7f5a9c2ec8b9b8af4b,190
update/vendor/phpunit/phpunit/tests/_files/CoverageNotPrivateTest.php,439a4f2bf1ee9bc5adc6229117abd558798555e891b981bff6b8e6a0bbb298fc,252
update/vendor/phpunit/phpunit/tests/_files/CoverageNotProtectedTest.php,e2bce2bc1f5f8bd0baaf429346353d0c49951fbf4b96d062f86c0e2c21349961,256
update/vendor/phpunit/phpunit/tests/_files/CoverageNotPublicTest.php,b6baae029ac23315bb9049f052e189d051296299856abef829428604b07a2585,250
update/vendor/phpunit/phpunit/tests/_files/CoverageNothingTest.php,1291e39b15fe825ac1154959ba641392b016b31d6156efa489a9b8dced27dfd7,273
update/vendor/phpunit/phpunit/tests/_files/CoveragePrivateTest.php,32b06c53b64dd5182bb5d72498b940264e4f10d4e7d208216fd38f8ee57e1c69,248
update/vendor/phpunit/phpunit/tests/_files/CoverageProtectedTest.php,29bf5fd658376e90ba6fd54c1008194222dd29033c86652669eb0df7d3710358,252
update/vendor/phpunit/phpunit/tests/_files/CoveragePublicTest.php,915abe67d3ddaf21c6e06a2f08f22fe7e716909c14c57c41279665fc83627c21,246
update/vendor/phpunit/phpunit/tests/_files/CoverageTwoDefaultClassAnnotations.php,29297e1d44957bced33346b10c5eca7834aade191a535a9a32143e260791f9bc,330
update/vendor/phpunit/phpunit/tests/_files/CoveredClass.php,dd3016016bb4223070381b27e3efaf7bf9fcef4d6ad832b1bf58839135daca43,587
update/vendor/phpunit/phpunit/tests/_files/CoveredFunction.php,6445d3541e9513f5ce004f17ae1df2849b0b6527f9c0a858df998fb922226685,36
update/vendor/phpunit/phpunit/tests/_files/CustomPrinter.php,ebaf37342836470ecb48d7f652f7fb8065db547eb4b268e8cde25032e91c21a5,87
update/vendor/phpunit/phpunit/tests/_files/DataProviderDebugTest.php,5bad6ad27f790779c6be601cf99093af099e9f13075f0979452b389da2fa899f,1487
update/vendor/phpunit/phpunit/tests/_files/DataProviderDependencyTest.php,428b2b96792a437308b51050735ab8117bde7d3f078c92f4fcff81b1998f6ae6,574
update/vendor/phpunit/phpunit/tests/_files/DataProviderFilterTest.php,e9b6a0de4724f3fe02880bc602edc4927b1bc932bba3f018c2d3c978f8acbc02,768
update/vendor/phpunit/phpunit/tests/_files/DataProviderIncompleteTest.php,8a31a189ca96d2f9fb755aa9519ee5a0f2671f589a1381a0a401881b0397f319,709
update/vendor/phpunit/phpunit/tests/_files/DataProviderIssue2833/FirstTest.php,ea00c538f8053fce08d4da2f6b54b30fb21ff3635702a1439f203c8a11a58fef,335
update/vendor/phpunit/phpunit/tests/_files/DataProviderIssue2833/SecondTest.php,63e5bcf48e9d507f071e73e4bf60555b14ed61353400e53de6398060a1f8592a,222
update/vendor/phpunit/phpunit/tests/_files/DataProviderIssue2859/phpunit.xml,5333f5ab43af932477bb9044f712651fbcc92854e9531d3d84a69535c831d46a,245
update/vendor/phpunit/phpunit/tests/_files/DataProviderIssue2859/tests/another/TestWithDataProviderTest.php,b3b55ea63276c299a8ed10a3a287111aab54b46d48cfdf588c3991a63d90909c,322
update/vendor/phpunit/phpunit/tests/_files/DataProviderIssue2922/FirstTest.php,33ad9da774c59c83478ff7e5c4c55e5e0ae3eb5e0abb118b2eaacd4d615b8c5b,336
update/vendor/phpunit/phpunit/tests/_files/DataProviderIssue2922/SecondTest.php,4770bccc058f001ad2635e5042584804d92036d843fa0f508e55b621020f1d08,280
update/vendor/phpunit/phpunit/tests/_files/DataProviderSkippedTest.php,4197a04e64f951905a7ba4f4ac920003e0691cd4d4a48a638a2c0a34e773369a,691
update/vendor/phpunit/phpunit/tests/_files/DataProviderTest.php,3ae7bbb62e84f21a7d56d1826960b56346f35e636f37aae267f38ff594e591c1,397
update/vendor/phpunit/phpunit/tests/_files/DataProviderTestDoxTest.php,9abf02c9e32ad061e0fbf5f07bc81f84e853a4189851c39efaeedbc9785b0a1b,510
update/vendor/phpunit/phpunit/tests/_files/DependencyFailureTest.php,97dfa1da1113c7aacb7e464658e183fb9db18add9f6ef6640b3b228cd9ca1f73,517
update/vendor/phpunit/phpunit/tests/_files/DependencySuccessTest.php,10514e0e03362729e2efbddf4cdb394cc4bcef574a50df2fc8c88b2ba37bb7ab,420
update/vendor/phpunit/phpunit/tests/_files/DependencyTestSuite.php,d3ad3ddb6436b4faea10d1611abecbefe0f7cd6b4ac472bfbe09c95aa625b490,315
update/vendor/phpunit/phpunit/tests/_files/DoubleTestCase.php,c0c5f731c5b49a4d21a68e4df7b1818bd1257841ba1b30bac545289264baa7a5,574
update/vendor/phpunit/phpunit/tests/_files/DummyBarTest.php,da73e9fbef8eda2716b72864ac63a61ff03456b42953e3d2c79b6d6d698d5039,395
update/vendor/phpunit/phpunit/tests/_files/DummyException.php,e95a3db8897d36913c40dd0d1ce98755859edefd11b750fe7474ccb6f9778cfa,50
update/vendor/phpunit/phpunit/tests/_files/DummyFooTest.php,2c8b923922d2998881ac48ee1228bd5326bea2426725f8b4c7c3f2a45c148957,395
update/vendor/phpunit/phpunit/tests/_files/EmptyTestCaseTest.php,8ab4292ac3f3a399bc1049f1d7941c89c75da34bff6974dbea4a4cf7262d478f,84
update/vendor/phpunit/phpunit/tests/_files/ExceptionInAssertPostConditionsTest.php,80379dc6f91a488366c03080a415047e4ec3eebd293d87b16e30599939064ef5,795
update/vendor/phpunit/phpunit/tests/_files/ExceptionInAssertPreConditionsTest.php,d5cf8394aec47b5d5f23172697bfa9dd44b01302d9532cc2154703c4c7051c97,794
update/vendor/phpunit/phpunit/tests/_files/ExceptionInSetUpTest.php,4a8aade7be5ac88f15edf94f3264326dba2260734026a03c7fa6dc8862bbb2e4,780
update/vendor/phpunit/phpunit/tests/_files/ExceptionInTearDownTest.php,f805e8b089f61c80ab2645cba3c5c6237f698a681f20f04dfa974f736cd198e1,783
update/vendor/phpunit/phpunit/tests/_files/ExceptionInTest.php,1428a0a63877a9ef25b6b50fe1934f5f77c2606e0f3f62ed0675f1fa132d34a1,775
update/vendor/phpunit/phpunit/tests/_files/ExceptionNamespaceTest.php,394284d0b30e98be59623a89b4c564223ba28424741e72319a1927f08a40ac8e,842
update/vendor/phpunit/phpunit/tests/_files/ExceptionStackTest.php,be3cd146603345743846b846a10519083c61e19388ba4d073bff4a14db9d6cbb,780
update/vendor/phpunit/phpunit/tests/_files/ExceptionTest.php,6e150992e29e23b594e5e84862c7d1f3ee4359709daca7aa1531452bba9a2003,2721
update/vendor/phpunit/phpunit/tests/_files/Failure.php,7e5d3feb3c3160769fef66ac224bbb53ff6d2797aa2421cb56d34d4ae1c1aea1,142
update/vendor/phpunit/phpunit/tests/_files/FailureTest.php,b63046471aa3162c37859c4e59bca4a61630517cf6b7a877d002ec7b8f4a2c5a,1847
update/vendor/phpunit/phpunit/tests/_files/FalsyConstraint.php,15c334cfc44bdac7be3f4e04590f7017b43b55352b5ea221e1343bb7f13f7a00,323
update/vendor/phpunit/phpunit/tests/_files/FatalTest.php,dfe798c38d6a820307c6818300a4d08cd29107522a5b1b257911f8ec1a9bcaa0,245
update/vendor/phpunit/phpunit/tests/_files/IgnoreCodeCoverageClass.php,67416e5d2ec1689420e9eef9ee0f5e9222a4f7994b43e2962b1c06497a686373,206
update/vendor/phpunit/phpunit/tests/_files/IgnoreCodeCoverageClassTest.php,aa6e67338c05dfaaefdba794dbbb223c0f31c40c2479d8e7578209499f15d872,382
update/vendor/phpunit/phpunit/tests/_files/IncompleteTest.php,fc8635e0169db41dda1e53b37a9c7afe2ed3719ffb0ca32733791206e5b03559,184
update/vendor/phpunit/phpunit/tests/_files/Inheritance/InheritanceA.php,74343f6cad4b92ba04e87c77cce33c1d7248eb3c1a493579913ef1ec51623120,96
update/vendor/phpunit/phpunit/tests/_files/Inheritance/InheritanceB.php,2f8ecba50239e201966fb8ac23b68850757dff51b8c80738629b02f45260bd13,128
update/vendor/phpunit/phpunit/tests/_files/InheritedTestCase.php,b08d97a991ee0bd4092353a74d94387f4815b844565e95b91ec52b51566d9f24,94
update/vendor/phpunit/phpunit/tests/_files/IniTest.php,c20f6035f6d1baef4f93bd519b8ef9f2fa3ddc924301622943b6175ddb97b48c,196
update/vendor/phpunit/phpunit/tests/_files/IsolationTest.php,a19b25540756b84d50ba07a2975e0bcc5106fd00585abb0a0525219e0b2c28a3,311
update/vendor/phpunit/phpunit/tests/_files/JsonData/arrayObject.json,7e904b5b2755ded29097937403e66953265dbbcf2975f846972a7320c547ed9a,34
update/vendor/phpunit/phpunit/tests/_files/JsonData/simpleObject.json,854721cfd9971a8c5b57f0691e4dd87820fcd11e278ded9b8af95a8e99ac52ee,17
update/vendor/phpunit/phpunit/tests/_files/MockRunner.php,306998d2efda55abbfe3f3a9246567b1b290282a399cdd2be174dadaaa671605,141
update/vendor/phpunit/phpunit/tests/_files/Mockable.php,178930224c763cbbc60a10efead741d9c9518358de7aae5fb923117def285596,385
update/vendor/phpunit/phpunit/tests/_files/MultiDependencyTest.php,74c8f901f040a61242a16a70c978553983a9f61a13369bd47381c099babb51c9,478
update/vendor/phpunit/phpunit/tests/_files/MultipleDataProviderTest.php,81860c5d2153d6d01979769d46c4d3729fee772cb1e9ba84f706ee6c5541a376,1500
update/vendor/phpunit/phpunit/tests/_files/MyCommand.php,f08acd81d5cc888e6be31ce7faa9d1f942e432f70217bad68c1fc4c12bed88e5,317
update/vendor/phpunit/phpunit/tests/_files/NamedConstraint.php,2a4a7b6ad0e682e701c0a344dbf3bd99a561e0b274d2368f60a2fe8cc5d831cb,472
update/vendor/phpunit/phpunit/tests/_files/NamespaceCoverageClassExtendedTest.php,5a78a4fe0744f4b51b3f7f228a000bc8baca686fea7c6bccaa57075519be2dec,270
update/vendor/phpunit/phpunit/tests/_files/NamespaceCoverageClassTest.php,181cbf18621d92e084e7faad8fa6f305fa02168d1217b45360c08616468812d6,252
update/vendor/phpunit/phpunit/tests/_files/NamespaceCoverageCoversClassPublicTest.php,57cdafcc48e2dbf106873d54e3680a4300ed07e544d7a8618ce33f5df45d9191,311
update/vendor/phpunit/phpunit/tests/_files/NamespaceCoverageCoversClassTest.php,5e53ea4be855b0da066169d3c47b00d60b82ca2c4761ab51a98cc2617050ccb7,532
update/vendor/phpunit/phpunit/tests/_files/NamespaceCoverageMethodTest.php,07cd5934b7d8f656bdbb36a6673396b8fe57aed88ec8692422521434ffec323e,267
update/vendor/phpunit/phpunit/tests/_files/NamespaceCoverageNotPrivateTest.php,3abc54bdf89533cfbc0ddbc1a4b9a53e74f8699f67f6ede22e07daf46a204f0a,269
update/vendor/phpunit/phpunit/tests/_files/NamespaceCoverageNotProtectedTest.php,712449c4d1aa63d0f041aed19522b64d035ab8f255514ca8f10ffdd7d88e701a,273
update/vendor/phpunit/phpunit/tests/_files/NamespaceCoverageNotPublicTest.php,abbd253d313cecfcfee8f5eb40b8519f14c0a9368536598feceb115a84ffc9b0,267
update/vendor/phpunit/phpunit/tests/_files/NamespaceCoveragePrivateTest.php,0df34cf152938896166546914116dc4b814a111b8cb7b6099ce21111d421334c,265
update/vendor/phpunit/phpunit/tests/_files/NamespaceCoverageProtectedTest.php,fdc75112af613a274789319113ad1b1df3d56e14b03ca4d6d3b264d7497aceaa,269
update/vendor/phpunit/phpunit/tests/_files/NamespaceCoveragePublicTest.php,9ef4dc7298a49884140bdb683305f8fea1f6cc6b4ec7fbce04f33465dff96998,263
update/vendor/phpunit/phpunit/tests/_files/NamespaceCoveredClass.php,3d39d8de560c872c41586af498bc5c55e42b98950008bb94f9d72838963788c1,603
update/vendor/phpunit/phpunit/tests/_files/NamespaceCoveredFunction.php,886da8c656ea1bc2159bd32a2b5edcea7af2781581b337acb0420e59ee944e86,59
update/vendor/phpunit/phpunit/tests/_files/NoArgTestCaseTest.php,dd55f84859bfdf6165c043fa5c6c2203aed7b42205d075439c42f1125b68dc73,130
update/vendor/phpunit/phpunit/tests/_files/NoTestCaseClass.php,076f8af5fb53f48e306615614fb605a36837a6feb6cfd563e7b9fd79828ddd83,32
update/vendor/phpunit/phpunit/tests/_files/NoTestCases.php,837049b2b26965b6fdec987a5382da344a87919646750eb4398bf23181a1763e,123
update/vendor/phpunit/phpunit/tests/_files/NonStatic.php,ac8a9c6c42686f106c0b131a1eb753c58ae2ffe197f8acb5fd9600481a35badf,66
update/vendor/phpunit/phpunit/tests/_files/NotExistingCoveredElementTest.php,a8c02b9c449ca32380e6535e5276a402f7e28274c1387e6b9b67885172c9bc1f,399
update/vendor/phpunit/phpunit/tests/_files/NotPublicTestCase.php,8b226e65834e93d0bcae6dd385b2ac6222248a11a80b3c5b9fa293e061f5ef52,181
update/vendor/phpunit/phpunit/tests/_files/NotVoidTestCase.php,86c4bba63a778b58662e15ff7ed45a1497c965d64431023e9f8c2adb26370d23,82
update/vendor/phpunit/phpunit/tests/_files/NothingTest.php,f738d887a679dd0f3916be3bcf3d6c51e3aa8d617bddbe70620c2bab728d1758,124
update/vendor/phpunit/phpunit/tests/_files/OneTestCase.php,fd0f45eff560e64ed71b7ec6e928f80a7f9f587b5aed0f1174dad5665c6cb2ee,176
update/vendor/phpunit/phpunit/tests/_files/OutputTestCase.php,00274556f1d7072d27765e4586efd93c0bef3571d077331209acc9880144bcbd,612
update/vendor/phpunit/phpunit/tests/_files/OverrideTestCase.php,98aa09df8f7c076cb68301287a8b4676dc49faaf248b53a1195ee888e68492b9,105
update/vendor/phpunit/phpunit/tests/_files/ParseTestMethodAnnotationsMock.php,996d1bc4b4fe8e0954ea226528b05039590bb1f233606ee35053e6aa7ed5deba,193
update/vendor/phpunit/phpunit/tests/_files/RequirementsClassBeforeClassHookTest.php,c6600af37dd27bf9ee071950048e4c18fee31d228be007350656ef3a61be720a,317
update/vendor/phpunit/phpunit/tests/_files/RequirementsClassDocBlockTest.php,c649309669ec5fa515e252f555cd92d5121e357aa9f6f8ac65fe765c84efb7fa,418
update/vendor/phpunit/phpunit/tests/_files/RequirementsTest.php,3ddd8a01d7e99dbf73d99c007a1a7905f9b10446b07577854b0b334885293766,7851
update/vendor/phpunit/phpunit/tests/_files/SampleArrayAccess.php,40c8878af266b2dec9d802b7f26f987e64c81eeb6e3cb7e1e31906e07fd17c17,886
update/vendor/phpunit/phpunit/tests/_files/SampleClass.php,43182b8ceec6469731ab71af279a0da51587c1b40d13fd4f68bb1d3f9bbcbbc4,199
update/vendor/phpunit/phpunit/tests/_files/Singleton.php,5ea6643125d38133c0d7f9d7678e6b892c6e14cfd39bcb081d8b7819dcb6598a,364
update/vendor/phpunit/phpunit/tests/_files/StackTest.php,0d9d4f15d6c8e6d1efafc8e6b751d0d64e79fb5f3f40e68e8dafcd83a3d3b9f3,508
update/vendor/phpunit/phpunit/tests/_files/StatusTest.php,955d34e8819e9df1221e12fc6af4b6ab05a5c12b3511c0c09f2f91b9998d5698,664
update/vendor/phpunit/phpunit/tests/_files/StopOnWarningTestSuite.php,9893a1060bb466d49e3fbc034af32b9fbfbef7beb01e6724d043493131f3dcb8,300
update/vendor/phpunit/phpunit/tests/_files/StopsOnWarningTest.php,2c030a512cb12261588dddb65e4ec29eb06104bdef42aaef2c50dc9979d4a836,127
update/vendor/phpunit/phpunit/tests/_files/Struct.php,79c67e0c738bfdb92e20048fbc37ad67131037a9d103a0a7b9f6a1b2fae61113,118
update/vendor/phpunit/phpunit/tests/_files/Success.php,4d3401014c0e5347c5baaa548932bf96d393ba729363bdc300a0fedc0c1bc127,152
update/vendor/phpunit/phpunit/tests/_files/TemplateMethodsTest.php,bb6bd0f7777e8c359ff86be8e94cfbd6f851d05483698077d842184862a873d7,975
update/vendor/phpunit/phpunit/tests/_files/TestAutoreferenced.php,7008864e6361969befd29960917589b5e7968f97cec0efed733823813274de3a,215
update/vendor/phpunit/phpunit/tests/_files/TestDoxGroupTest.php,dfc4bd985349753a49006312b81a36525725ec14317df79db7e14f55eede20fa,303
update/vendor/phpunit/phpunit/tests/_files/TestGeneratorMaker.php,544388d7f742882ebc6945860c62ebcf26ce3e5c7b8928fbcdb4129bd4966d18,176
update/vendor/phpunit/phpunit/tests/_files/TestIncomplete.php,68fb1470bca0148c96b0134aec55edc6751ca27751a367339ea4bf69429d9227,180
update/vendor/phpunit/phpunit/tests/_files/TestIterator.php,04a3c26f7fab5982b552f9e4ec2fe76eb713b2831fd9ae3ff20965ce497c482b,582
update/vendor/phpunit/phpunit/tests/_files/TestIterator2.php,293a777f81ab125b8bb7c508b0f88158f6eed080596d14ad1a4e896fb5e063c4,532
update/vendor/phpunit/phpunit/tests/_files/TestIteratorAggregate.php,131a0bf644ae6ee822c01b1dcc5520ddeee6a4c9b98c75a47fcb9e44aadb0207,291
update/vendor/phpunit/phpunit/tests/_files/TestIteratorAggregate2.php,8b7993900f0bb6d6c08a226ec0f10edc9f18afa7ee6a24d27228d39f203b3548,468
update/vendor/phpunit/phpunit/tests/_files/TestSkipped.php,919a947527254e7b0c1db2b759b3606cdd5010ef3309a287a4e11568c2563c52,171
update/vendor/phpunit/phpunit/tests/_files/TestTestError.php,a3ac4e15179d5affd83bc38aa59a64b71eac8a5eff732cdda8f4aa23c4e90803,150
update/vendor/phpunit/phpunit/tests/_files/TestWithTest.php,41787f356d6286ba4a34330207ea9c7863f39b1da3c84f16b0d0d3959eb7177b,468
update/vendor/phpunit/phpunit/tests/_files/TestableCliTestDoxPrinter.php,ca561b0041d33cfb31668004b6dc60288aa175535a09988d01cb81cdbfeb855e,518
update/vendor/phpunit/phpunit/tests/_files/ThrowExceptionTestCase.php,817bf82841aeabb9cfd1c54e26dddea84ec9ffbfa2c45cd8365b4e5efffcbad2,192
update/vendor/phpunit/phpunit/tests/_files/ThrowNoExceptionTestCase.php,6a84452cd331aba6c1a1195dfbec2265e158cda3195ded43517d3308441ca6ee,130
update/vendor/phpunit/phpunit/tests/_files/TruthyConstraint.php,605b446db7a98218687ba46cef080cd53e0e8d68a31e6cbb5f388ebbf4587523,323
update/vendor/phpunit/phpunit/tests/_files/VariousIterableDataProviderTest.php,82724667d327e3e5c86ca0b8c6c29a2cf10e823eee6bba2b19d8f4f486f4bb25,670
update/vendor/phpunit/phpunit/tests/_files/WasRun.php,b39511a1924b767ecb68ff148b793f3115d3370e2e1f11211bce8d3f5839b625,177
update/vendor/phpunit/phpunit/tests/_files/WrapperIteratorAggregate.php,bfad0e740f1f573352de075ac9cb05bc3d115ceb28555f162e7c068eb7dc03bd,482
update/vendor/phpunit/phpunit/tests/_files/bar.xml,0788fce7466b0e0ca2c34ffc9f26729ef3691d0f08e03bec60d7092026b77982,7
update/vendor/phpunit/phpunit/tests/_files/configuration.colors.empty.xml,9beb40914c10a42731c66d5dcfc3325b207d05fdb840d8abaa9d3485222a3e8c,30
update/vendor/phpunit/phpunit/tests/_files/configuration.colors.false.xml,2192ff7bc7f42d3684b027c4f79ffe19492785e940575dc1a247744212ec9309,35
update/vendor/phpunit/phpunit/tests/_files/configuration.colors.invalid.xml,3d7ea9aaa8e006b5c65e454ab85ba9a7345c67124a4fe9b5fe60dfd1613f48b5,44
update/vendor/phpunit/phpunit/tests/_files/configuration.colors.true.xml,11897d940263c9b7f6f5e4c88b98e805a0a5b6f57c90728794e2d9860c53ccb9,34
update/vendor/phpunit/phpunit/tests/_files/configuration.custom-printer.xml,af9536a0d86e23a98236843946e050add03cfa097fd116b5fc4582896a911124,111
update/vendor/phpunit/phpunit/tests/_files/configuration.defaulttestsuite.xml,c19443aea65751d2fa4ea0c7b9352e23c2df35116f78dab7de744b620a337b20,295
update/vendor/phpunit/phpunit/tests/_files/configuration.one-file-suite.xml,72e13d7cee4c2ed1a251dc7fd93b48824e4fb30813ab8a174f5e58dbff1564cf,174
update/vendor/phpunit/phpunit/tests/_files/configuration.suites.xml,07168ca1f02d3422348817554dd55b3eadcd293e0cca9a1d27a4ff8735186552,154
update/vendor/phpunit/phpunit/tests/_files/configuration.xml,3a30be39dc847841e861f9da7ddcb9e1431912b9b00f671208198d172998ff23,4823
update/vendor/phpunit/phpunit/tests/_files/configuration_empty.xml,51e98dfc4db1d66d9e4d2db28a6c3f5a8fe5c07468606250c56dc4f9511af705,983
update/vendor/phpunit/phpunit/tests/_files/configuration_stop_on_warning.xml,b9e6253d485fe4df55c7bf5e3d3175711a98866cb5a567a8feeffffa401c669c,71
update/vendor/phpunit/phpunit/tests/_files/configuration_xinclude.xml,dcd0009c807c6616414ec388dca4aa078038dbb0b1b9ee56689354e06f5d2288,2775
update/vendor/phpunit/phpunit/tests/_files/expectedFileFormat.txt,1706b5c18e4358041b463995efc30f8f721766fab0e018d50d85978b46df013c,4
update/vendor/phpunit/phpunit/tests/_files/foo.xml,03751785bf65de2c43077fc658ac32f5428e2ad2142fc9b176c7372a51d5c307,7
update/vendor/phpunit/phpunit/tests/_files/phpt-for-coverage.phpt,958f18228aadcd8ce4aa5c7c4c70ae5ea68dd87b0f8afe9b9aabdefb6b8e5bef,167
update/vendor/phpunit/phpunit/tests/_files/phpt-xfail.phpt,f3adafc83395bc8d6679d309bb4c6b4dc33c27d0b57eefbc32423cae6628d3c7,186
update/vendor/phpunit/phpunit/tests/_files/phpunit-example-extension/phpunit.xml,d386cca1a126c9ec5ad72ab05c4c44a6b0174395ca0394c912862c14b4af6232,357
update/vendor/phpunit/phpunit/tests/_files/phpunit-example-extension/tests/OneTest.php,f25e8579078fe6467b2e69677b0225afce6a3dbd691ed7ad69f5c0c44ac16c04,217
update/vendor/phpunit/phpunit/tests/_files/phpunit-example-extension/tools/phpunit.d/phpunit-example-extension-3.0.3.phar,9875f254a7ce1733e098a3f11bf58f7b9a848010c564ea0119f541da6c084ef5,7698
update/vendor/phpunit/phpunit/tests/_files/structureAttributesAreSameButValuesAreNot.xml,322f80288c67e923f71ec43ce5fd30c69b4c9df2c24788118013802f5f3a38f9,791
update/vendor/phpunit/phpunit/tests/_files/structureExpected.xml,0a1aac94b7288dd78e57d4f02e938a1274d0407c84b20e5ca853581711a1866d,846
update/vendor/phpunit/phpunit/tests/_files/structureIgnoreTextNodes.xml,7f0511fc360b39e2600b94748e6cfdb8eb613b4f7d541b2c4c2c76278e972d0c,898
update/vendor/phpunit/phpunit/tests/_files/structureIsSameButDataIsNot.xml,2bc8fd139ea40d1a8de4723194d8162b7b1d0f68302480c0bfcdf63ca3980bc0,862
update/vendor/phpunit/phpunit/tests/_files/structureWrongNumberOfAttributes.xml,eaca5e1b14dc62e96fdc4a3de5ff20e3b638377dfc9184813a6443d6eb729a69,768
update/vendor/phpunit/phpunit/tests/_files/structureWrongNumberOfNodes.xml,2604f51282f4ddc00069d37728a65703cf29143088af2562db696e2db2afe72b,580
update/vendor/phpunit/phpunit/tests/bootstrap.php,2cb28226aa4334f01cbe14ae5183a475e97b82935be98694309faf067bdf5194,1473
update/vendor/psr/log/.gitignore,667c8222edb934123a43746eed02b50c77fb0c130451148c41d1095f30b22200,7
update/vendor/psr/log/LICENSE,6e944907067bae93c00a9f2ad51032243820b22df34b77c77690d46cb2e98e24,1085
update/vendor/psr/log/Psr/Log/AbstractLogger.php,a3645b89e79acc15798e4e80b38f964b3b02083162fd477e2d50ee892bf0ff7e,3088
update/vendor/psr/log/Psr/Log/InvalidArgumentException.php,403c6def4d4199a12cb4a54e804c7d29405968871366500f72d6f3ea401bfc64,96
update/vendor/psr/log/Psr/Log/LogLevel.php,9f2520b22945ce1599c4fedba0a4c75985f172ca86cdf386766ebb8b2363768c,336
update/vendor/psr/log/Psr/Log/LoggerAwareInterface.php,c32ef350fe969788d0de3996e33c4b6a25308c7ceee1f7e87286f491b2bbf25a,297
update/vendor/psr/log/Psr/Log/LoggerAwareTrait.php,395bcaf42e14d5995b331875645e8d28be8d7242d30473aaa066fef8a80eea55,397
update/vendor/psr/log/Psr/Log/LoggerInterface.php,d3fdf77b72ebf85f08c868d464c0e8ae4bfc4e4dc5a5232254eaabce16eef0cc,3039
update/vendor/psr/log/Psr/Log/LoggerTrait.php,ee80487e397eb3f14be541d77c0320cd30494174f50cc8c3d0fe6751727363b2,3359
update/vendor/psr/log/Psr/Log/NullLogger.php,842d3bac97738101b1b0f8540f8c5be2477259b9235a6f623e9e3798106685de,651
update/vendor/psr/log/Psr/Log/Test/LoggerInterfaceTest.php,8242cf8bf621d68c5e795dd21f06b0418fd8ab5f41c0c97bbad362ac0955e9c1,4597
update/vendor/psr/log/README.md,5c71cc4e7ce8f98a157fa8be0a4084cdb1e58dc9906cbc525292f722f5961311,1088
update/vendor/psr/log/composer.json,1a8923097e260af37eb05ffceb2f88294ff16838dd7ce1961d77538ede6d01bb,561
update/vendor/sebastian/code-unit-reverse-lookup/.gitignore,346303a2ae04c065ffb99e0832f971ddce134c762597bb23a2a5516fc73f7b7f,31
update/vendor/sebastian/code-unit-reverse-lookup/.php_cs,2316e576ea506c56c32081d0b37b7856c392baf59c6d05ba006327a1f73c088b,1937
update/vendor/sebastian/code-unit-reverse-lookup/.travis.yml,75e768bc5f063901edce27e6d56c95e79848a722a11b3a603375fc2a7a399666,368
update/vendor/sebastian/code-unit-reverse-lookup/ChangeLog.md,c4608ec99a1270c6e90944a9815d397e33dca5eb8278f043c25dfeda4f662201,233
update/vendor/sebastian/code-unit-reverse-lookup/LICENSE,dbec4103ce7d2a31bf737f3d55446fe0ea57a31ce67b62ef436c00b1ae14199e,1559
update/vendor/sebastian/code-unit-reverse-lookup/README.md,1f273eaf34227beb168893c46e406b2f10157eccd1f6196d479a603571fdc798,503
update/vendor/sebastian/code-unit-reverse-lookup/build.xml,ec9a0260bf27fb2c294c961af143dfe64bbcec1436413f9dac814150b20880fe,802
update/vendor/sebastian/code-unit-reverse-lookup/composer.json,aaebe7e1835858940c32dbb9ae85e2f466d789a8092abec5029e1d8f3776732a,674
update/vendor/sebastian/code-unit-reverse-lookup/phpunit.xml,1f25cbeb2bfdc9619a67125002af4e6043f767eb10daf5e119e8340d4d017f97,782
update/vendor/sebastian/code-unit-reverse-lookup/src/Wizard.php,ece89fc9726e0a4aec4a8f9c151bac6133e83d4fa38d3e32a44ee092ac7dc4b5,2917
update/vendor/sebastian/code-unit-reverse-lookup/tests/WizardTest.php,3005875ee71f6ea8e5e153ce1e5e4ed4bb46d3b10fa6c1b0c43f9012bb8675c8,956
update/vendor/sebastian/comparator/.gitignore,1a1f708b470bb6c1164adbaa47fcec918aa467412ade56fc697c86621d91c1b9,45
update/vendor/sebastian/comparator/.php_cs.dist,f7a08eda64f9323338a974474566967f1dc7fe5ffc9b5c17f3ea7b49373f4ef1,3234
update/vendor/sebastian/comparator/.travis.yml,a2b1ba9afa556d9b6091083224181a0d5fc804116b0a2de4d27667cec3e8239f,681
update/vendor/sebastian/comparator/ChangeLog.md,673f803339954a40ba58a39445d1d32769da176f32e2f278e680ae66b2d80d18,992
update/vendor/sebastian/comparator/LICENSE,ae5e5643a32452c77126cb5ba3ba26f1acc2cc7b3fa09e4659ff119a8fdfa8e2,1545
update/vendor/sebastian/comparator/README.md,d02a0ae2cd89408e2182d49467592ac3edd68b5a64b40d615b23c944a4195e1d,1143
update/vendor/sebastian/comparator/build.xml,c291d5490698afd3d79c1abf87470baa5822ece8bb3b692423ea27749becf25d,760
update/vendor/sebastian/comparator/composer.json,a70c026755be37f204776f40ac3fb14082d66868620b111f86c934ab22299554,1283
update/vendor/sebastian/comparator/phpunit.xml,415b1cf1c3974fd7213cffe24300fb4955f2b36d56011816ff698b7900712735,655
update/vendor/sebastian/comparator/src/ArrayComparator.php,df9980a6c6d2f1c67a271eb1f10a23150c54119801ecc9d048bbf00dc628bb74,4233
update/vendor/sebastian/comparator/src/Comparator.php,e33c5be253cb3ac7d25efc5a8f10966b256d8936ae54ebfbe143ab1c7e61c9ae,1676
update/vendor/sebastian/comparator/src/ComparisonFailure.php,e5bd31fb898d727dea39edd658b9db7141cb8c34cc75d4762fc6c2cc531717ab,3067
update/vendor/sebastian/comparator/src/DOMNodeComparator.php,a644ee5f859185c600ce7f2102d1656b43743859be53d9742d98805c5d7afebf,2792
update/vendor/sebastian/comparator/src/DateTimeComparator.php,311aaa00d92fcfba74c5e2486ca4eefc2f3fb46b71336989e70e05e817b4b763,2907
update/vendor/sebastian/comparator/src/DoubleComparator.php,4e102344da32931036e739513fdb92b27a365a2fc140ad47b3db3f5ce4afa226,1653
update/vendor/sebastian/comparator/src/ExceptionComparator.php,85fe061819bf00ee6139dcbc2d44346ef116efd290d822879d959dd40c617519,1248
update/vendor/sebastian/comparator/src/Factory.php,b1c4505e26e4e438308a77673e6dbc6891ae8f1ccdd9ef05f10643627f5995ff,3867
update/vendor/sebastian/comparator/src/MockObjectComparator.php,6c1f07fbec2794a0303c86fd2918449d1aee8f20025bdff3a6f9c7977f2d0dda,1361
update/vendor/sebastian/comparator/src/NumericComparator.php,e2f110dc5ab32f994c8efa5e8f1860c553a6e3e41109a9b290a6420ac2ce92a3,2246
update/vendor/sebastian/comparator/src/ObjectComparator.php,593fa6f934189eaf076a4cd692470798723c0c0fc6ca1205b73bf2bf41e0c1db,3609
update/vendor/sebastian/comparator/src/ResourceComparator.php,e5a8db5b28fad0db27cf440e6332ef91678c5a4e727c50d44258f30b9b5f4a61,1583
update/vendor/sebastian/comparator/src/ScalarComparator.php,e927e5b57ff21ce3304681af0a598781d0a7433cb689f6ce09081c5745ef3155,3216
update/vendor/sebastian/comparator/src/SplObjectStorageComparator.php,440b47978a95597e4441eef0118bacff1574cc2cd4670621cd2179be50ccb125,2265
update/vendor/sebastian/comparator/src/TypeComparator.php,09e62dcc83e44e86e5351a9ce29202625c43f5e3cbae2d1234c3c7e2e9071d92,1767
update/vendor/sebastian/comparator/tests/ArrayComparatorTest.php,4d52eeca9af757ee428136ec972cc493b69781c3ad9c1fc1d7a0775d9e6721e2,3640
update/vendor/sebastian/comparator/tests/ComparisonFailureTest.php,fbd07acf11e0ea0071cf1829f5b76b9cca22a8226f824f401b6471e559b1dcc9,1481
update/vendor/sebastian/comparator/tests/DOMNodeComparatorTest.php,3d99c712ad0e09f4002a88c91d4ca84b36831a23c91763672f28b070f5f6fdca,4254
update/vendor/sebastian/comparator/tests/DateTimeComparatorTest.php,2830f66e1759e175076c0e80b52bae479b20fa20c58662acb9b44d4ece6fecb9,7267
update/vendor/sebastian/comparator/tests/DoubleComparatorTest.php,8cab43960d88f325646484c0a59b1e4d303072ab524109f661099ae239538f40,3221
update/vendor/sebastian/comparator/tests/ExceptionComparatorTest.php,248f7d119297f13ec1855a52d9f66cdf434a5f7e8994597299c502d928a1e1bf,3696
update/vendor/sebastian/comparator/tests/FactoryTest.php,d68bd946271391aa7ab55ae45a4e440e893f1421bfa5d6c76c794134885ebf61,5345
update/vendor/sebastian/comparator/tests/MockObjectComparatorTest.php,e91037b109630d6542eecdbf331be97d124bd864e9a4a97385b7040fce9ab793,5952
update/vendor/sebastian/comparator/tests/NumericComparatorTest.php,138bcf58ff8c4996d79c9c412c375e00566b1e0cf349dc362a6b39b2d2aba9d6,2904
update/vendor/sebastian/comparator/tests/ObjectComparatorTest.php,05ec4baf39d558359ce12bce987363424e5bb311630b3be8e00df90dde0664e1,4271
update/vendor/sebastian/comparator/tests/ResourceComparatorTest.php,e3a14ed9d28213e5e02d8cd2b9c5febf99dc03c035d23084b07c06468adee23a,2843
update/vendor/sebastian/comparator/tests/ScalarComparatorTest.php,7e4b42841657418654faf77154359362850592abfb91b0bb88903267daeb18a1,4582
update/vendor/sebastian/comparator/tests/SplObjectStorageComparatorTest.php,5434cc8b688522591f8bb10666045a4e8fe40f029a09ec831b96c6600ed7d3d1,3777
update/vendor/sebastian/comparator/tests/TypeComparatorTest.php,e574ed5c67876097c5fb7483c8c12e40e959da9a755585972af48a355f6357af,2520
update/vendor/sebastian/comparator/tests/_fixture/Author.php,0bebcbdd4a0e1fcb5391c0dc76f4f5ed397f6d1bf6d2349eb3c3497b59d8e3fa,519
update/vendor/sebastian/comparator/tests/_fixture/Book.php,cc1dc34febff0e96d8ed7cb3e741ed407b0b93b56c4e9b51e047c0148add5569,411
update/vendor/sebastian/comparator/tests/_fixture/ClassWithToString.php,9601e8514fe1369f486d8567e9c0d1422bd2504c74428cf439a522c48d5adef9,396
update/vendor/sebastian/comparator/tests/_fixture/SampleClass.php,760eda6159b5eb272f998af0e9db526603294f43509d2e4071869c23988016f2,509
update/vendor/sebastian/comparator/tests/_fixture/Struct.php,40f5b294717408b014ad6b60be5aeef95fa63f46fb723d761f12a2c481962b4e,416
update/vendor/sebastian/comparator/tests/_fixture/TestClass.php,8ee8a060d99217ea89e4ebbb95096cf7cf1f3bf6e7902f95ee2994fe7afb097e,303
update/vendor/sebastian/comparator/tests/_fixture/TestClassComparator.php,bbf8f4a7a1dfad4422b68fd29e272e3cd44b9cad3d45af35c1fec75156a9df60,338
update/vendor/sebastian/diff/.gitignore,85105f5caf3bc3be713bfd604ecf3caf70ece067592cd6c1f8425a3a1397bbaa,59
update/vendor/sebastian/diff/.php_cs.dist,7169b2b7fd3d6292e100f2cc14fb22af99f3bd7eb218ad701107c2b047c3c725,6021
update/vendor/sebastian/diff/.travis.yml,c5c0b98ec96d5874f0baa36170f7f0df41ac086258887609adc4a54e2903be20,419
update/vendor/sebastian/diff/ChangeLog.md,fd79628a69490fb8802941cbf71ede8e2dfef82b98fc051c9cf4233c8c93b551,1226
update/vendor/sebastian/diff/LICENSE,e7ae5e07ed7c4078df295ea9ccd7e569336972b0a1d01e2b5e7c2299d23a0d91,1549
update/vendor/sebastian/diff/README.md,07fdb7496f93a92eabbd34b4fb9b37fa1b13aacafc9f915c9068dcbe2f44c9d3,7449
update/vendor/sebastian/diff/build.xml,338da4e31ba98a122658d5f53496d813bce862c70c0998689d55badcb03b889f,782
update/vendor/sebastian/diff/composer.json,e2252769ab46a34c68be15107f2f3803a092985ec3a3d78628a98de632761420,901
update/vendor/sebastian/diff/phpunit.xml,683ecc0864f4e58b1ac965f05b96566cb938d3f3dfaee96c324dd827ac119b2c,693
update/vendor/sebastian/diff/src/Chunk.php,eb996287881963e080bc695384780aa4f0c9b14f1c2b33710eed2d5244e028c8,1407
update/vendor/sebastian/diff/src/Diff.php,aa77c10b6abb8b72d17646bea327b38770bbfdf51a976288542725592600199a,1184
update/vendor/sebastian/diff/src/Differ.php,bbb3111578424e82542a88da29307c7c05cc6d4d1494bf7bed762530e54d2fd0,9528
update/vendor/sebastian/diff/src/Exception/ConfigurationException.php,f95525ea56243bfc94fe7a6106f9fd5b4f173af1c17f9b96e4a1d0453eecf468,1091
update/vendor/sebastian/diff/src/Exception/Exception.php,31e60add109807fd051178d4abffc7d725cdfe7723a5ebf873ff4198641bd870,320
update/vendor/sebastian/diff/src/Exception/InvalidArgumentException.php,e01ad5bb4459857229c8738e65fa70b40f1d47669a0d3adb69b6eef70b3fcf8c,386
update/vendor/sebastian/diff/src/Line.php,716490f674d73a927955944c3bbeee2fb38912616488435763213a971f9a57a7,847
update/vendor/sebastian/diff/src/LongestCommonSubsequenceCalculator.php,4840596ef2fb286525ce80944c67214da388a30a5c014d98247d525afb7e3e6f,572
update/vendor/sebastian/diff/src/MemoryEfficientLongestCommonSubsequenceCalculator.php,df3713815b8ea07dc41f9e5fa490ad359e30e6c9df493021499398b868bd3786,2134
update/vendor/sebastian/diff/src/Output/AbstractChunkOutputBuilder.php,ad67e13bae80c9802a3fccfa7fd16dabf4c5aa267e38fb15c8d3529ee8d76edc,1615
update/vendor/sebastian/diff/src/Output/DiffOnlyOutputBuilder.php,971d55b406916ff688d9f8027d321e61d317d9be2e0a5f06dd8ad380b23dc4f0,1991
update/vendor/sebastian/diff/src/Output/DiffOutputBuilderInterface.php,d3cbdb9984b8c59bcb35066c148397205a294d549bfeafbf1ac904813ed46df6,522
update/vendor/sebastian/diff/src/Output/StrictUnifiedDiffOutputBuilder.php,af5be705a2065d1ec0cf6bbe165c79eab43508e2c5365b2e8e1101dba0b0e47e,10442
update/vendor/sebastian/diff/src/Output/UnifiedDiffOutputBuilder.php,8818dab4eb4dc3228dc1a5a4ec5a89774139208a6273dde5e9a1450e7b285eec,8229
update/vendor/sebastian/diff/src/Parser.php,af92f70b7295989cdcbcf684525a6e79e96acba44173347f9e92548953561c00,2982
update/vendor/sebastian/diff/src/TimeEfficientLongestCommonSubsequenceCalculator.php,c926e860942d9bd3ec50acfedb51dc2def81d7ccbf9380545147a04849bb1b17,1804
update/vendor/sebastian/diff/tests/ChunkTest.php,763a5a05a95138ab0b5f7883cd133d2d1441e6c42b017d8da38d29b0c6a6203b,1578
update/vendor/sebastian/diff/tests/DiffTest.php,bd0da7a8b41ee80abf380780911b85674ee264b0f83dd4e7d5abacbbfac983bc,1653
update/vendor/sebastian/diff/tests/DifferTest.php,5d335aebe041d39951d7e8324e2c009ffb05ae4a445ab305aa75fcd606bae7dc,12468
update/vendor/sebastian/diff/tests/Exception/ConfigurationExceptionTest.php,6fbf2ecf62f26a2d8ec656848cbc7ae69b3389b2d625a31f3b7c176dc4d5bc41,1118
update/vendor/sebastian/diff/tests/Exception/InvalidArgumentExceptionTest.php,302c6336e8362ab29c72b632b988c96d3c7d184ca9d09e9564c1637ed3bdb324,997
update/vendor/sebastian/diff/tests/LineTest.php,63fcfeb803ee0f266ca764eadd7e22e695667bce1f54daa3b36aadd025923eba,942
update/vendor/sebastian/diff/tests/LongestCommonSubsequenceTest.php,e3494855172bb739d8b55352e86da15d53e288026041a7367c7a23b68b0dda87,5782
update/vendor/sebastian/diff/tests/MemoryEfficientImplementationTest.php,e9ade30e91d29d43ba682e47567f812d02b1e8b57266f5ad3e068809978899fd,639
update/vendor/sebastian/diff/tests/Output/AbstractChunkOutputBuilderTest.php,7f877cc5e1cede0aec9fc08e029b0099e467ea0e5415007bc15099fc5c35ef12,4393
update/vendor/sebastian/diff/tests/Output/DiffOnlyOutputBuilderTest.php,426bff2a216a12eb156594572ffde4433c697391642c447de1625dab3870d1a1,1892
update/vendor/sebastian/diff/tests/Output/Integration/StrictUnifiedDiffOutputBuilderIntegrationTest.php,d2965bf8b3abf59476c203835a90603db33aab2dc78504e759ed0ce98f8e5d4b,10044
update/vendor/sebastian/diff/tests/Output/Integration/UnifiedDiffOutputBuilderIntegrationTest.php,1e3835809791836d42a839b358ebf443e1a3f41022db7c8405b3590aa5fe5b88,4784
update/vendor/sebastian/diff/tests/Output/StrictUnifiedDiffOutputBuilderDataProvider.php,bbbe948f919dbc245c49ab5d78f043547616b399b4bd92a97b6ab206afddc009,3366
update/vendor/sebastian/diff/tests/Output/StrictUnifiedDiffOutputBuilderTest.php,cd642160ccdc8df2df11eb54d9730da9dc88badcc8088a01c825cc50723cd0e5,17494
update/vendor/sebastian/diff/tests/Output/UnifiedDiffOutputBuilderDataProvider.php,d3cf387851fe90df6f311437b024e2119960354d35bc2bfb98cb78ca9e9cb956,5513
update/vendor/sebastian/diff/tests/Output/UnifiedDiffOutputBuilderTest.php,efe25451a67147b7c99cc8c9403463ea58a7e3e168f8801f47a348afc35b3a94,2390
update/vendor/sebastian/diff/tests/ParserTest.php,8d4d2b4631efc4080359bd7e20ee1a1a8df426c3fb39acbb25e4b7ae168cb39c,5149
update/vendor/sebastian/diff/tests/TimeEfficientImplementationTest.php,69b7e96d3910ebeaa16034cb23161d6cdc1ba834cb4685b2e7f5c15521ad15e6,633
update/vendor/sebastian/diff/tests/Utils/FileUtils.php,7053929629284debf58956587be90304a606ffc5b9a33b37e3279494ed1cfae9,763
update/vendor/sebastian/diff/tests/Utils/UnifiedDiffAssertTrait.php,15a005e604040db770a489c4f9e32ad999607c1134cf43091d22da1f96678987,11189
update/vendor/sebastian/diff/tests/Utils/UnifiedDiffAssertTraitIntegrationTest.php,22ae23ad55b0f6ad0a8cf74cf93469a1aebb1f090fa0c916ee4ecd09a46c2e45,4077
update/vendor/sebastian/diff/tests/Utils/UnifiedDiffAssertTraitTest.php,b96a77251d359ec7f3e5e9b4518e4bebe7e175cfd89a10c0f0d648ba45876ba5,11364
update/vendor/sebastian/diff/tests/fixtures/.editorconfig,5a1a948fb3fd8d68bee00abb4d6d05b6437033cf330d0b1b90f62c79622b41e6,12
update/vendor/sebastian/diff/tests/fixtures/UnifiedDiffAssertTraitIntegrationTest/1_a.txt,ca978112ca1bbdcafac231b39a23dc4da786eff8147c4e72b9807785afee48bb,1
update/vendor/sebastian/diff/tests/fixtures/UnifiedDiffAssertTraitIntegrationTest/1_b.txt,e3b0c44298fc1c149afbf4c8996fb92427ae41e4649b934ca495991b7852b855,0
update/vendor/sebastian/diff/tests/fixtures/UnifiedDiffAssertTraitIntegrationTest/2_a.txt,141e878f447944d534c1cb05cc15fa4a137d56492cf170389e249be7c15a10f4,69
update/vendor/sebastian/diff/tests/fixtures/UnifiedDiffAssertTraitIntegrationTest/2_b.txt,4c5364867a185b49f31bf4f12a479913f08d8fe0b2ea4c928d4b4af6642c78f6,35
update/vendor/sebastian/diff/tests/fixtures/out/.editorconfig,5a1a948fb3fd8d68bee00abb4d6d05b6437033cf330d0b1b90f62c79622b41e6,12
update/vendor/sebastian/diff/tests/fixtures/out/.gitignore,2beec8c597dc71f7041fcb9d246952aac272667ffc8350e5de53d2e6e9c8d5dc,68
update/vendor/sebastian/diff/tests/fixtures/patch.txt,3e16a949ed81a4dfad0aa33133f6250d12df6ba35664ee8e1483d60fd5f9bcaf,200
update/vendor/sebastian/diff/tests/fixtures/patch2.txt,98fd54dea6606ab1d911d09aeb55b98e16f0092e0317a30a6a4b8bdffd67f595,410
update/vendor/sebastian/diff/tests/fixtures/serialized_diff.bin,4e1a3b4a91ecb5009a6b8d6c2d377f90c43daffa18e73e3ea808e324898a319f,4143
update/vendor/sebastian/environment/.gitignore,be4b5279689f2a4558347a6bda1574e80e487e28d12eba1442b3cd2ce083f943,60
update/vendor/sebastian/environment/.php_cs,6d772342fb405870b205b99263d1fdeeec41d1505fa2f7bdc650842f23dd4731,2983
update/vendor/sebastian/environment/.travis.yml,39a3cbdd29d91e8dec7bd2364db0b4ba2d6091797e6de22d1d7a217fee47a344,582
update/vendor/sebastian/environment/ChangeLog.md,9c4e3f5f29b5444cbcb30c0605b735fb35912e2a658a8417366182022eec7c36,1633
update/vendor/sebastian/environment/LICENSE,38ef968828f863257e05129b57955a3dd90c1e16aad613d4e152c4841e470b36,1556
update/vendor/sebastian/environment/README.md,3798ff205d3c0e8bfc5d51dedd070b3599323d736fcb3bb1ecca6a6c000829bb,957
update/vendor/sebastian/environment/build.xml,93ee18acc74536d53f340a374f92eab879eb3909fc9d57d9462803c7660e842f,686
update/vendor/sebastian/environment/composer.json,aca4151ce37161deb7a0c82a7bcfbcfec3a0e974b4d97484d4229c52be3ea687,705
update/vendor/sebastian/environment/phpunit.xml,55cc233394307bef0bc51f14bbf7311037f7312067322a875e9893814f048900,645
update/vendor/sebastian/environment/src/Console.php,7a7760f0ad558c7a74dbc26c20302d67329458c487a6fbbb150912fbf251fb98,3664
update/vendor/sebastian/environment/src/OperatingSystem.php,2f95601833e833c6f07f9839a6cc7929da9802c49e798fddeb2217f0a0cfa3c4,1156
update/vendor/sebastian/environment/src/Runtime.php,d873d91a57cb9bfc74830b9a2389580e7d46d55ce26e71e14b35dacc87625fbe,4756
update/vendor/sebastian/environment/tests/ConsoleTest.php,d6eeff31de9006da5b23f05896dd71adf5d04d3c6be693ddb9812c9e0bcc1128,1887
update/vendor/sebastian/environment/tests/OperatingSystemTest.php,c8e7131383dd19d4feb9c8cad9ace5d61b22ef16cbed7e753bc53eda737b28a8,824
update/vendor/sebastian/environment/tests/RuntimeTest.php,f207b96ab7b9b774c85d08a5938f7e19bef027497b7525658b50f4ce12204d87,3286
update/vendor/sebastian/exporter/.gitignore,f5bce72dd9b8ab33229e720bbb5ae74f03d602d27a5577b65d40f37d768159cf,45
update/vendor/sebastian/exporter/.php_cs,27a5b38d2fb3de81ef53af8bc3238fff4a9aa37c5761acfd1f14d6e77455f391,2898
update/vendor/sebastian/exporter/.travis.yml,7db56eb5c5f72eb58ef1ad1e94fb2df22bd9fbb4fe4fd3d4916296474b99ae7f,450
update/vendor/sebastian/exporter/LICENSE,3868265d0785e731150ac29c2e0472b4a097dc9dbd2e24a2ee631751fad020f6,1543
update/vendor/sebastian/exporter/README.md,05dc4e6cc61ae5df3f1b2a4f371e5e5d3b4d0aa9850baf23e5bf16c20ecaa87e,2900
update/vendor/sebastian/exporter/build.xml,b5c8a6900cc95fd19a70c57e9420f511cd7c98a4d0dc5b26d14a170f5840e10a,683
update/vendor/sebastian/exporter/composer.json,97e9ef5502108e8a66eac821b80f5d6989aca179e921864746ee42a6c70f75c0,1159
update/vendor/sebastian/exporter/phpunit.xml,02acc9913ea42bb14df5549ae94a8dd9d2cf314ee006fc7dbe85ee15e7847f3c,693
update/vendor/sebastian/exporter/src/Exporter.php,ae6e0512aaf0d330b4a0297a101940f685a150783e19773ff8f40b0138b3f649,9175
update/vendor/sebastian/exporter/tests/ExporterTest.php,0a9260ba47a524973d09335a2724eebc6281a3aed6395f3a8e9255b7a6da0444,9254
update/vendor/sebastian/global-state/.gitignore,1a1f708b470bb6c1164adbaa47fcec918aa467412ade56fc697c86621d91c1b9,45
update/vendor/sebastian/global-state/.php_cs,7883be698508d67e47fa4c109c3c65a17e70b6078ef028a9e683248162de6ceb,2984
update/vendor/sebastian/global-state/.travis.yml,7db56eb5c5f72eb58ef1ad1e94fb2df22bd9fbb4fe4fd3d4916296474b99ae7f,450
update/vendor/sebastian/global-state/LICENSE,ef73395da7c307927bb3a3b3e725562bce7906d6d2ba1dba22a8e96bdab32ab8,1557
update/vendor/sebastian/global-state/README.md,2d7a55e08619225fcecfb5111a055c974f5cff6f61ad2b7717377cbed93f6526,634
update/vendor/sebastian/global-state/build.xml,4b8797c32280f1d4857f065c999318da38d8873ad7081c3bf2f26e597c02e057,853
update/vendor/sebastian/global-state/composer.json,78eacee534e292ffc9cbacac98a112c480cccf879b4c4728f741cf45a6fca1a4,857
update/vendor/sebastian/global-state/phpunit.xml,3463f8e49689e2754a040f3d92146da6a71195cdec705203e7c72ba0c0465110,826
update/vendor/sebastian/global-state/src/Blacklist.php,754891a5c442acccddfa2fb0e3aeff0e235090e53cc3b28c5ca29b04896251f0,2734
update/vendor/sebastian/global-state/src/CodeExporter.php,ba2559ce68a9f208529b9427fc1ad57071bb5fb5a8e38af0a49e20280b0b4827,2406
update/vendor/sebastian/global-state/src/Restorer.php,e033a8a27c5204ffac35c88abdcaa67e0eaccc9acaa0e7c06da016b33fd452a8,4386
update/vendor/sebastian/global-state/src/Snapshot.php,a175a2ee1d4630280f2a3c6bdac1a0c1b6c53d337a32d8019be9abf0ec7e8899,8684
update/vendor/sebastian/global-state/src/exceptions/Exception.php,ea9e2e7712c174c0b71226de255c5c11d0d47c429b630e403108c4759869cb62,336
update/vendor/sebastian/global-state/src/exceptions/RuntimeException.php,15425a93b1c1aea3bf2e0d604c8b49457c46d8307c280355231e67002716e22d,386
update/vendor/sebastian/global-state/tests/BlacklistTest.php,4d7a918d7c36b58c6f4583cc638caae2913b6ea76d1730afd20348424c19a5e7,3238
update/vendor/sebastian/global-state/tests/CodeExporterTest.php,628e18c6181f2cb94909e3eeeb442f4aaaa6e6c810c181194a92b9f31dab24e0,919
update/vendor/sebastian/global-state/tests/RestorerTest.php,1dfd4ebdff5671001bc2ae30ceeb359dee78b7572719b136cbc011cc3ed8af42,4271
update/vendor/sebastian/global-state/tests/SnapshotTest.php,d0587c2f58eb499ad7ebbeba863d1aaaca8c627b9a6166f42470513e57e7ccaf,3745
update/vendor/sebastian/global-state/tests/_fixture/BlacklistedChildClass.php,543455549c1aecd89e6f802d1d7a93e822324f04b5ae789b6d4b6f6f32858b85,381
update/vendor/sebastian/global-state/tests/_fixture/BlacklistedClass.php,52971b7a71e6c2d1f13faab181fd955213b217c53dcacb6f5799e4c237d1a035,382
update/vendor/sebastian/global-state/tests/_fixture/BlacklistedImplementor.php,7c1db7f790c7066a9ea9f001f12382a065d5a88fdd13c85d282caa93a8519f83,420
update/vendor/sebastian/global-state/tests/_fixture/BlacklistedInterface.php,2a26ff034ed24c213e79fbc3165d6ae692d88263c381ef688b8d0566f68bb10c,359
update/vendor/sebastian/global-state/tests/_fixture/SnapshotClass.php,f9c83b0462a92b1e36cfc108f25d476343889c1c8d59531a141ebc49e9d8eebe,1017
update/vendor/sebastian/global-state/tests/_fixture/SnapshotDomDocument.php,a62a514a89e27bd5b08a357f521f8b1a4cc1b0742eadef2cc8dfad7fd092141f,392
update/vendor/sebastian/global-state/tests/_fixture/SnapshotFunctions.php,e1c2b64544251a08a81cb0d03d6fc4416fab2f3c536f3565823aee1170314d81,356
update/vendor/sebastian/global-state/tests/_fixture/SnapshotTrait.php,acd22569705a7bc3da21f095978dcc424002bbd98bf26ffa06386644fba6cf3f,348
update/vendor/sebastian/object-enumerator/.gitignore,971e2ceee95ae3532256fc09ef1e014ec3aacd1c59f3fa14933e3f91e6a33a21,101
update/vendor/sebastian/object-enumerator/.php_cs,2316e576ea506c56c32081d0b37b7856c392baf59c6d05ba006327a1f73c088b,1937
update/vendor/sebastian/object-enumerator/.travis.yml,7db56eb5c5f72eb58ef1ad1e94fb2df22bd9fbb4fe4fd3d4916296474b99ae7f,450
update/vendor/sebastian/object-enumerator/ChangeLog.md,e1a7d43edc006e8907783e58ef342d9e0afb746cc86742677b410db4395227d9,1401
update/vendor/sebastian/object-enumerator/LICENSE,3ab589d87191f27a99e4782334fe63d25c5ffaf248d8fb0203485c802fbd8cb1,1552
update/vendor/sebastian/object-enumerator/README.md,9b2982dc3767293afd9069ef442bd524b4b8eea1a205b586312f4ba69f34204b,503
update/vendor/sebastian/object-enumerator/build.xml,ee3e6d05001dd28dc00f588c95fc5b1c4238a91cf81ef3efa21fa80bcd83b5fb,795
update/vendor/sebastian/object-enumerator/composer.json,a290e1023d8dbff08e80d5defac061e7e0bd24dd5d0fb9947966fc705d3b497c,851
update/vendor/sebastian/object-enumerator/phpunit.xml,9fbd9591544dda81220dff9d9fac4ad33764f24be5d5d5352db08b383d125c1a,742
update/vendor/sebastian/object-enumerator/src/Enumerator.php,7e6cf657e251e1477a0e29dcc1b83f714fef409ee43713ee85da33e2ace498bd,2162
update/vendor/sebastian/object-enumerator/src/Exception.php,f5ad5278bac96c19657769c7ce5cdafcf087fd184d203950cb80b5526a3b8cd3,310
update/vendor/sebastian/object-enumerator/src/InvalidArgumentException.php,bdd972d8cdcef76eeb61315937d1e4d82140f94040f1614d0d5074ad923832b8,376
update/vendor/sebastian/object-enumerator/tests/EnumeratorTest.php,6d5adaa8a2997f168ec61557f5840f3a8bbf0fc1596f2f2431b6d7b231ada7f0,3363
update/vendor/sebastian/object-enumerator/tests/_fixture/ExceptionThrower.php,6615ef329168b078f02c5f94ddcd7d2f2a891b087d2a2caaf4dc43be149a9e61,533
update/vendor/sebastian/object-reflector/.gitignore,1a1f708b470bb6c1164adbaa47fcec918aa467412ade56fc697c86621d91c1b9,45
update/vendor/sebastian/object-reflector/.php_cs,5a058e326a69890d49f0153a87c4cc70a72dd9e8b22658cb93d62a31260acfe5,2972
update/vendor/sebastian/object-reflector/.travis.yml,7db56eb5c5f72eb58ef1ad1e94fb2df22bd9fbb4fe4fd3d4916296474b99ae7f,450
update/vendor/sebastian/object-reflector/ChangeLog.md,0092e5cb11b0efb59557a53a79b165d78c125947d16f942f260211c311f04cbb,704
update/vendor/sebastian/object-reflector/LICENSE,970a5a4c6c50f377fe2fe73f540790a96f624765897b5db72bf5f96636c004b3,1546
update/vendor/sebastian/object-reflector/README.md,3c5cbe9b58dc00c38c88dd9f7ed8ec14feadb7cf5f60c8f6a22becc0e88f3344,499
update/vendor/sebastian/object-reflector/build.xml,c37ee26cf108f92307f0ca950469f26f75aac2ba54756e52788b65ad1c49d45f,794
update/vendor/sebastian/object-reflector/composer.json,8eed7349837cfa37e82db3c64b97ad90237879142a1d72e0e8f2a5b9d1deb177,751
update/vendor/sebastian/object-reflector/phpunit.xml,02acc9913ea42bb14df5549ae94a8dd9d2cf314ee006fc7dbe85ee15e7847f3c,693
update/vendor/sebastian/object-reflector/src/Exception.php,4529b42ed7260323413aac0b3ffd66b2968125dc184943d056d2700f4daadcdb,334
update/vendor/sebastian/object-reflector/src/InvalidArgumentException.php,59c379cf0b7a5967055a5e47de9607bf16dbfaab29d4583c348658ee9a121c0a,400
update/vendor/sebastian/object-reflector/src/ObjectReflector.php,52773ff28fff59d9fa4d4b3e5ea57586277ba2eb798034b81b2c4e1b58d7dd8e,1160
update/vendor/sebastian/object-reflector/tests/ObjectReflectorTest.php,3342f8764094b31319c17b8e9c30b133ee86830969dd7d48fca4ded9a130bf19,2021
update/vendor/sebastian/object-reflector/tests/_fixture/ChildClass.php,0639b1e47f48d832b19b364733114d7f711f940de5ba607ceeb224d670171fc0,577
update/vendor/sebastian/object-reflector/tests/_fixture/ClassWithIntegerAttributeName.php,69a766008b229f1e1baad86d0b8e1f35ea1541231ee1adf923648ed2cffd6b95,454
update/vendor/sebastian/object-reflector/tests/_fixture/ParentClass.php,8d78b977a30ffdb142a4e9f4b0b2b2d5eb696af035292d087a93edf4899f8415,472
update/vendor/sebastian/recursion-context/.gitignore,bb9bd67b74b296c4dac65dd32edd2e9861bbe9b7c6f26ea1de0a0f17d1a9217e,30
update/vendor/sebastian/recursion-context/.travis.yml,0c5321f1fc6c7d3be6af18ad611ddb3a4a70ff77857c748a67174277dd8f48d9,359
update/vendor/sebastian/recursion-context/LICENSE,18dc4035514ebaddb9f15bf6d85df518807be9ff45e4ab29bd6959680892a073,1552
update/vendor/sebastian/recursion-context/README.md,1dc975bb70ced1a79c9119296632dd3e54f56cd90b1c87cdc78eacd376ebbbca,425
update/vendor/sebastian/recursion-context/build.xml,b71ca3756488930f6588f0fd5fd86034eea0d114be9a73cc5e171b7c162d13ee,692
update/vendor/sebastian/recursion-context/composer.json,d62e36a52c296990dd66dad65122e4a727081713a116fcf4963ed6958040e429,841
update/vendor/sebastian/recursion-context/phpunit.xml,02acc9913ea42bb14df5549ae94a8dd9d2cf314ee006fc7dbe85ee15e7847f3c,693
update/vendor/sebastian/recursion-context/src/Context.php,2010b4fe491c25568b3c417aeeff1491fd3dc2fcafe5d7353f3eddb83f9e272a,3963
update/vendor/sebastian/recursion-context/src/Exception.php,c69e22b318ec28666ecb337a68606840024b716628bec73517a81aec7c09ffe9,330
update/vendor/sebastian/recursion-context/src/InvalidArgumentException.php,d5c382f9609ae1d27935f413f8c09e6f9e9bb75657216bb4326a90ace8975893,402
update/vendor/sebastian/recursion-context/tests/ContextTest.php,22e7f5e6a80e5e3a837fc5f7ffe2ee4639855d3a92479acb705afb91787e06fd,4125
update/vendor/sebastian/resource-operations/.gitignore,1495d0b609a67cfdbde3a7fd89bb50a93e7c3a8e5e45288924c529ea32eca47d,27
update/vendor/sebastian/resource-operations/LICENSE,3953c5b999fe2f0f793216e8b78fac06a3bebd134c9111f1c124a0c2b8ca2221,1549
update/vendor/sebastian/resource-operations/README.md,1baf4d676c3dc822df3f3a343387075d4f593fe82c42ba813dd5fe47d8e9faf9,474
update/vendor/sebastian/resource-operations/build.xml,00d40d2da73a52ed0e236040285fedda72e940099a447544fb00f46e2589bfae,763
update/vendor/sebastian/resource-operations/build/generate.php,2d0812e3900ca71dc451568917f2566345ac264fcfe3ebd80fce094e108a3c61,1286
update/vendor/sebastian/resource-operations/composer.json,37a70887306fc6b7b935e77865fb9301051b1faf2523f779ea1d50cfd05a693d,601
update/vendor/sebastian/resource-operations/src/ResourceOperations.php,1402b0a7b3bef7481b438fc2532256881f7074c5644f72281c4bec762d76e4e3,21906
update/vendor/sebastian/version/.gitattributes,f709083d426085b4a162cdf9af665b172cdbffd69b00e2f977c785f2891fd58a,15
update/vendor/sebastian/version/.gitignore,58c59124b1ef1248ef8b887561e9bf5c4043bad7df8505c089a5b5be580596ff,7
update/vendor/sebastian/version/.php_cs,e63095bd1ed45e8fb8a82dbf8f38ff9d6ce465512c6d35cb2603e792ee0ecebb,1919
update/vendor/sebastian/version/LICENSE,c6da6e74d28bdd27167d0d80feacc7ee0e9ec030b795c1725f61a307645c3f73,1542
update/vendor/sebastian/version/README.md,6f1e4811ca6b80b9a9db9f33e4c7c0ff11d702c3b8e4d66c873959a4f8eb678c,2047
update/vendor/sebastian/version/composer.json,b784751f9303cbee760fc695511791a02bcbfecbbce6968d79517c9f7c7e48ad,705
update/vendor/sebastian/version/src/Version.php,88617c0fdb9fcb7254d2ccf50d58fedd9eb48c0c4fe26054086d244921b025c6,2225
update/vendor/seld/cli-prompt/.gitignore,88e274162098de2fd10df15bd450bb1d26fc5c41c2e8fe324f11b0c25bc7d87b,8
update/vendor/seld/cli-prompt/LICENSE,3fc337478e9445732febc4657820de91ff1e71e6796e8e212c49efa7ca5b57e8,1058
update/vendor/seld/cli-prompt/README.md,0c289b95727d73043a993051fdcc630f66b52e6c0f9a09bed05107a50175989c,1449
update/vendor/seld/cli-prompt/composer.json,3e6eba7a7dbd0a519ff83e996cfdf84e30a36b2eaeba27f36b5b8a8b8b006f33,627
update/vendor/seld/cli-prompt/res/example.php,20d11e16f3c927e684e2f4f25265953ae13460531beff9e471201cbfac899f80,295
update/vendor/seld/cli-prompt/res/hiddeninput.exe,8fdff52a7430dba14fb97239c7fe414710991f16da269374e0936a1385f3a318,9216
update/vendor/seld/cli-prompt/src/CliPrompt.php,be31347ebdb321c204e79da066e96198466191b3627ea441e22ea1f1c159e2ab,3570
update/vendor/seld/jsonlint/.gitignore,b3cc7fa39fc6a4887fd214bcda1779516c04b6cdc5ca30935ddb6802d60e3680,34
update/vendor/seld/jsonlint/.travis.yml,b83efd80ae660aa086efc288215953ed86fb6d48fb84a24a4d26f84a7ed706fb,166
update/vendor/seld/jsonlint/CHANGELOG.md,d81131b7cee7113bd1fa9e2711cc5108299538287f5ee3ec4863959ecf3b5e35,1590
update/vendor/seld/jsonlint/LICENSE,0f8b952ae717f0e1eaa1e67cabc212238e9364d4e74e0af8d12bc7de860e1450,1058
update/vendor/seld/jsonlint/README.mdown,b66fc21b745765238c4d7246a9c42bf77fc52ab4de336147223bef8fcdd51a92,1806
update/vendor/seld/jsonlint/bin/jsonlint,081d94d8dd9152462455dd9e4ef2cba845247741200ce3236ad96228875d3caf,2587
update/vendor/seld/jsonlint/composer.json,76e27d49738a9d53d42c2ac058032701e0cdee52199627d0cc379548a2cef167,568
update/vendor/seld/jsonlint/phpunit.xml.dist,d703fd3183818c75079746e66bdbb4a2fd462c385cd62433e79e572a35b0528f,684
update/vendor/seld/jsonlint/src/Seld/JsonLint/DuplicateKeyException.php,fe0a29860f9e460be88261c7afc9592af0c7c95df170e839bd165821dcc94db3,568
update/vendor/seld/jsonlint/src/Seld/JsonLint/JsonParser.php,28a3015cb96260bff44e625013b9aa561a57542a4e8245eb366fe323ac90de3f,20634
update/vendor/seld/jsonlint/src/Seld/JsonLint/Lexer.php,a31ca440edc9b5f58b9d4c09b388ded73c24911dbd65b963fee1f8d3d79695b0,5733
update/vendor/seld/jsonlint/src/Seld/JsonLint/ParsingException.php,46ace58bba4ed8c4a33d2f277cc95857db95055e35bc31627452fa40d7754ea6,560
update/vendor/seld/jsonlint/src/Seld/JsonLint/Undefined.php,67ed2d71e20c0bdf82d75b31e802c3e0617550006257f2dcdc103f4b0174c9c2,284
update/vendor/seld/jsonlint/tests/JsonParserTest.php,dd44cb3bf8ad82a70013e9863943542a738e8c32cfcd4b66b9610d9ff2cfb764,7176
update/vendor/seld/jsonlint/tests/bom.json,81d7ed85c353c66579b631ccad958b38a83f304cea5287b1eb16397cb7414abd,91
update/vendor/seld/jsonlint/tests/bootstrap.php,faec2b3a47903efb4a552bfb77856c402ee075376b7adfad50ba5b5077e2f9d3,336
update/vendor/seld/phar-utils/.gitignore,88e274162098de2fd10df15bd450bb1d26fc5c41c2e8fe324f11b0c25bc7d87b,8
update/vendor/seld/phar-utils/LICENSE,3fc337478e9445732febc4657820de91ff1e71e6796e8e212c49efa7ca5b57e8,1058
update/vendor/seld/phar-utils/README.md,db936e760e27d471101efc0e4abe391deedf5165aa5470dbb4f00ea4fb7410e5,736
update/vendor/seld/phar-utils/composer.json,2206dc3b9533ea6b0d491443eef4bc7f01059483ddecd391e0035e1e7cf4da0b,540
update/vendor/seld/phar-utils/composer.lock,440f52c1f48b9997b1429a5398ab7e783fa46a7b40640e70fb711c6eb86a2eeb,559
update/vendor/seld/phar-utils/src/Timestamps.php,1c5567b34eab1e5e314b9c82fdeefcac83f0fe56e51506e05ad1d4465bad68f8,5571
update/vendor/symfony/console/.gitignore,7b3ba9901711eeb5337461d79f2bfc753f605fcaff82e1f55daf05f09e96ea0e,34
update/vendor/symfony/console/Application.php,80ebc3ae60698846c4c8f85cd594588701e9c64a942182df19b597c981ec809f,38845
update/vendor/symfony/console/CHANGELOG.md,c3bf94155a0ad143fa4b8f59e5096c7ca66fe720c9394d7263c6acde81838ccf,4100
update/vendor/symfony/console/Command/Command.php,2f4a1b1467ae3e721a887fb8fc8abe087b7887454fe3710fffdc1e3835a04c36,18416
update/vendor/symfony/console/Command/HelpCommand.php,25ca6f5f13f37984e2393169f3704acb1fc3df468ef3c6df88f95a885c1852b2,2377
update/vendor/symfony/console/Command/ListCommand.php,ca755e877c7e47cf8be9425a4788b165941fa75410f572a71df811f17d09e2cc,2569
update/vendor/symfony/console/Command/LockableTrait.php,8620fc23cf70e83d1bd8c8df0249a9c1b2acb04d1d98f541f1140343d9b9071b,1755
update/vendor/symfony/console/CommandLoader/CommandLoaderInterface.php,791df87082a1ddd2d750d2a12da678f34921800ff95274ce8bbf5aaa5938e73f,697
update/vendor/symfony/console/CommandLoader/ContainerCommandLoader.php,6a7e8f88e632855fcfc9a4b64f6b1430d17b851f48696b1151a75c273f883757,1367
update/vendor/symfony/console/CommandLoader/FactoryCommandLoader.php,f85bf332c3337d9b48f4413c9ecd85b9e4acee9fe190217568e907d7cfe67005,1335
update/vendor/symfony/console/ConsoleEvents.php,6d5b48cbc5a2dbe97562886a0fb93716ae69f1100daef5c64774ceb9e735b417,1324
update/vendor/symfony/console/DependencyInjection/AddConsoleCommandPass.php,01169c719f759a6fd7cd468d855dff396d3a47d83095d74bf753e32960650f73,3660
update/vendor/symfony/console/Descriptor/ApplicationDescription.php,d801ef97072175875e5141e8cc650eb4aa59c42f096680a0cd85b2327edd450c,3723
update/vendor/symfony/console/Descriptor/Descriptor.php,d0daf0ea46f1017973ba23ce07fd32377ba9b22cdf5142c761cba8f7727df5cc,3201
update/vendor/symfony/console/Descriptor/DescriptorInterface.php,a952558ab7221afa05b26e82b39eb4a6a37c1efe07ba568359ce6910d3ff78c0,737
update/vendor/symfony/console/Descriptor/JsonDescriptor.php,5693bb521d5c741a37294cedf7728cb6d57b5f4f23fe37b0b027d107aa6a1867,5220
update/vendor/symfony/console/Descriptor/MarkdownDescriptor.php,7c8934a88bee50d015a588324361963a8868665809d7a7b2794f948c1babe40d,6115
update/vendor/symfony/console/Descriptor/TextDescriptor.php,cfc7dd097208769b72cedd3d52dffdd6854cfffe637505fc0510f38f08fc20f0,12344
update/vendor/symfony/console/Descriptor/XmlDescriptor.php,b6f11952a369cd0fa9ccb5a9797ecf1394093c73af50dcbff3f2d7fdefde93db,9283
update/vendor/symfony/console/Event/ConsoleCommandEvent.php,72c840c3bc58d17a8875274de83d2597fac31a31c2c6f8909f5bb5f7de7e3db3,1317
update/vendor/symfony/console/Event/ConsoleErrorEvent.php,23ecb2e6bad30ba4c0ad562cfaa9124f96cafaa206f64da14fa6d2fbd55bbbc7,1522
update/vendor/symfony/console/Event/ConsoleEvent.php,9914d9e8a6b8a1f0ee8c7b32c0dc919f0159bd2cff4951ff4d2fe55ca43d9027,1476
update/vendor/symfony/console/Event/ConsoleTerminateEvent.php,f92f8876531f109cac0e69ee30128c2ad67e75c30beb5042d4f4a5ace24e2153,1234
update/vendor/symfony/console/EventListener/ErrorListener.php,4a402fb358ab2f4ea53392dc498768e291c7a14a5c810e17300730552b855096,2808
update/vendor/symfony/console/Exception/CommandNotFoundException.php,7bdfb094313dfd2aa7164520ecb5ce56c92522bed3b33a16a216603fcbec271f,1229
update/vendor/symfony/console/Exception/ExceptionInterface.php,7356b2c2e6bfb87aa4ff9cec3b98ea616987add11352dc036fcfaee0d9fd0a80,406
update/vendor/symfony/console/Exception/InvalidArgumentException.php,e9a87cd31fd0d47e461f13a055c042441ab577fcb5dfa578ce139b248d532465,446
update/vendor/symfony/console/Exception/InvalidOptionException.php,21b2e2c5514edccf25c03470c1cd3bf53f5b0952413934c6306d6c68592f0bd5,508
update/vendor/symfony/console/Exception/LogicException.php,343d90a43622307d53b0838e63bf12a59322bf1092076c780836d42f85f2b3c7,426
update/vendor/symfony/console/Exception/RuntimeException.php,7f91bbc54e3cf27e100bc83d93ef7d29addcf2bb857b20a9781fb5042b0bfc4f,430
update/vendor/symfony/console/Formatter/OutputFormatter.php,582cf7e4fa498f6d74064ef790c67b2f28389606d10b5d7ca5ebc405bf04e6e3,6309
update/vendor/symfony/console/Formatter/OutputFormatterInterface.php,1d5bcdbeecca5f13390745745166666bf75d046db8679a47b612a193b5a8807d,1702
update/vendor/symfony/console/Formatter/OutputFormatterStyle.php,b9ff3f7846c4113d56a1ff6d66a63f1d4549c47d4d582a12b3631c53235f3781,6803
update/vendor/symfony/console/Formatter/OutputFormatterStyleInterface.php,18535a81de5afe87d04464eea5e6cbc8ccb9138c0377fd9506513f3c558f1a7e,1335
update/vendor/symfony/console/Formatter/OutputFormatterStyleStack.php,55216600257e694a9e86c4106e322e884efd9f6e1ea48a902027092fd5a356fc,2488
update/vendor/symfony/console/Helper/DebugFormatterHelper.php,3ef8b185abb7c49b4719d744d750664c4fb1056207e719bad15151cb3f708032,4182
update/vendor/symfony/console/Helper/DescriptorHelper.php,15206ec21563f44979cd652eb04ba1ad430a167650d324f9cafd4553e6a756c5,2609
update/vendor/symfony/console/Helper/FormatterHelper.php,011b98835153e37fb51039783ef31848d491de2e27084a7f09fd63199b8b64bc,2962
update/vendor/symfony/console/Helper/Helper.php,e58ecd8922978b89879bac0e80d7073a79116f9aad94452e151bf779fceeccb3,3807
update/vendor/symfony/console/Helper/HelperInterface.php,aeeeb7a5291e2c44a7f7970038fa60009c7e5986b3c61e64af2a0c0dc8ab7f7f,880
update/vendor/symfony/console/Helper/HelperSet.php,23dca2ebeb1a415413e7c2509b5105d27b17f35022174e81206ab81161117f3c,2506
update/vendor/symfony/console/Helper/InputAwareHelper.php,22276c901d44ee8034ac7d7e420a37b47a1347ce4e96db278002d6a0e5cb0869,747
update/vendor/symfony/console/Helper/ProcessHelper.php,261bcf66aeedd013a72228df6760a627cebf1d33a79f7041a98620b9465ef702,4850
update/vendor/symfony/console/Helper/ProgressBar.php,d30e9d7115432fa49b72d1909952ece8d69bb870bbb561a177abef38f1a55ffa,15690
update/vendor/symfony/console/Helper/ProgressIndicator.php,f454c6d83839b625eed981d34b424af77a7a537e28f6df4d8bf0000662d2f31d,7922
update/vendor/symfony/console/Helper/QuestionHelper.php,fad05026bb7be8dad46c8212f1afe8fe560452365e9504aec864031b613c7783,12975
update/vendor/symfony/console/Helper/SymfonyQuestionHelper.php,3e7056c152a96d97af259cf86051f1b4d5ba4014e0d49441744432d8f640fe7b,2998
update/vendor/symfony/console/Helper/Table.php,8815a998e4f1d04b90e043a2787c66c8c5b3b9af269c5145e1e5d0ab73f03028,19585
update/vendor/symfony/console/Helper/TableCell.php,1c35868b8902201d15daa794cc8f8f94f275fc70a3cc2334967c58cf39ca85c2,1485
update/vendor/symfony/console/Helper/TableSeparator.php,afb52a15ac4aa002ef7fe4aa01b5ee8df02abbbc892b34f27a95988c5201bc53,536
update/vendor/symfony/console/Helper/TableStyle.php,f95d6f38d563feb52d7e2f307a91de3e03102b93368949748246be5e3e001f9c,5256
update/vendor/symfony/console/Input/ArgvInput.php,6a5ab2ee156739af1bb75e035f89976ffcf721e68708d07f03326bfc45bd2227,10666
update/vendor/symfony/console/Input/ArrayInput.php,16ab8ad9fb622a6c62bfe2ab8d30a2e6abb733e48e72b1d0f1e5f1e89e868a2e,5581
update/vendor/symfony/console/Input/Input.php,f02ad14c3f4ff72ddc8dcae13e5b9de276e6a80fbb358886074301754de006c9,4995
update/vendor/symfony/console/Input/InputArgument.php,af21a8f233689eda4e0a17ed507a8bd7f0a14e52156e7e53b67940885cf5d09f,3324
update/vendor/symfony/console/Input/InputAwareInterface.php,ad688ced260a8795edfeeb3301164ef79a940df434a7b0e0e4d547d951b2783a,606
update/vendor/symfony/console/Input/InputDefinition.php,f8f9c2ad498e7611a1a71e6ef0f8cc4f5ed964fcb2cbcc1e59040aae37c93395,11265
update/vendor/symfony/console/Input/InputInterface.php,947f57ff9869c748605843cbacdc610b8bd10c589df3fa7a3f2c19c6447f4dae,4911
update/vendor/symfony/console/Input/InputOption.php,44eb833e2b9e94f685b3f129b786c31a1c30339a8f50a5243d82577bf65bc1f3,5921
update/vendor/symfony/console/Input/StreamableInputInterface.php,bc93f82b7bf5e8365d22870efb49b5cf3f7b807e743d4a4686034a9c1608e4ac,873
update/vendor/symfony/console/Input/StringInput.php,158e9185b041f331cb6ea0739faf651c86a5da7d6f467b3cb6d3549debdd3a7e,2391
update/vendor/symfony/console/LICENSE,950c956cdbad9a22a9bf2fd200e6adf6f0c66a1daaaa19150c44f04c761d4cae,1065
update/vendor/symfony/console/Logger/ConsoleLogger.php,9e83f289ad12b35e2a1d0bba58f99a535211c698a39c080a74171e0b8744d802,4292
update/vendor/symfony/console/Output/BufferedOutput.php,9b21d96d752ce41b62830fa43b69678e485927972547f63799f0e10e59719e71,840
update/vendor/symfony/console/Output/ConsoleOutput.php,d90cd7afe0b7a7c93fb752b8b45ab860664d1568cd2c373064ad2ee54296bffa,4019
update/vendor/symfony/console/Output/ConsoleOutputInterface.php,0d6d92c77be65c1a7a9f43379e24a7d8de7e343b24bbe30fbdc745d683f99911,734
update/vendor/symfony/console/Output/NullOutput.php,2399576734e491c7f7e67d9ac73bb186741981ab54226d4c4da5eeacce440c3a,2158
update/vendor/symfony/console/Output/Output.php,5591a5c1b1157fccf22c054612414600d6f142e6d05a2c95a12b17b9d267f0cf,4485
update/vendor/symfony/console/Output/OutputInterface.php,a09367bf90ea4c3a3bfe9afe5d7db73905997c522f6fdc0ced7187ac23a125b3,3339
update/vendor/symfony/console/Output/StreamOutput.php,45fe3d626d365250cb135c7a1e2529855035e425263bd69d53b87ef53642c9fa,3439
update/vendor/symfony/console/Question/ChoiceQuestion.php,56c979411606ca350d4e9d17cd4ebb5d33e1290b1807e3168990b32a2e81ce46,4981
update/vendor/symfony/console/Question/ConfirmationQuestion.php,e51a6a9f655877496de74a25c75eab0d3b498000c54b4fcf93950e155fff0be3,1576
update/vendor/symfony/console/Question/Question.php,3438b915cc078c6c414e0c5c8d85d07c7013f865ecda6bd4fa6c7080317c02a7,5613
update/vendor/symfony/console/README.md,9bcd0fa97e7d71a8b7e44f5b5217aa316be79a597ce035d377017af6c9f59595,692
update/vendor/symfony/console/Resources/bin/hiddeninput.exe,8fdff52a7430dba14fb97239c7fe414710991f16da269374e0936a1385f3a318,9216
update/vendor/symfony/console/Style/OutputStyle.php,d96bfe4f368d01fe024b868c4eee57a8ce9c52e816589044dc1cc84fc713c984,3069
update/vendor/symfony/console/Style/StyleInterface.php,ed05b49d5b6da7866bc92cd85bb8183afac5e6d27d0c55176a6fd681a7b87f38,3151
update/vendor/symfony/console/Style/SymfonyStyle.php,46b5b06f1e35e51fda2d9e728551024eaf63e9e5dc6a40d634052f46fde217c7,12084
update/vendor/symfony/console/Terminal.php,de38ddaaf675970d5c25abae50a67954c58da8e7c3604ef6b3e71ef68df0ad23,4004
update/vendor/symfony/console/Tester/ApplicationTester.php,87f17533f438b17ba148dcd1be168e7662e6dd30b73d92c129337b467ef4aa31,5644
update/vendor/symfony/console/Tester/CommandTester.php,12551f98ed168f88230f4fffed721f24d2a72d1fbd66411663daf2bd32ef7e42,4293
update/vendor/symfony/console/Tests/ApplicationTest.php,a26fb659489c5be381475d9ead607d688839a3a5a571ca412c51230d06846fdf,73563
update/vendor/symfony/console/Tests/Command/CommandTest.php,0a8f3c7e394fdeaa0c1a33cb9ed8225019450d26dc75839cca908f40b0596ec5,17747
update/vendor/symfony/console/Tests/Command/HelpCommandTest.php,4ead721990c4f5483c120005321182e451f27d077ff6f2d7ae25140d2f3e542e,3642
update/vendor/symfony/console/Tests/Command/ListCommandTest.php,ac60f015c85f46e370b4f8b13472b159c553cc7e49d2bdbdd6732fe501caf5c5,4138
update/vendor/symfony/console/Tests/Command/LockableTraitTest.php,d7174034579237ec010d7402a88425d7afb19c781db1ac8e806535db5cf3884a,1883
update/vendor/symfony/console/Tests/CommandLoader/ContainerCommandLoaderTest.php,3f004128cc2227a5c2658ff5fba7e995e48afb284145acc33d456a96e8974856,2167
update/vendor/symfony/console/Tests/CommandLoader/FactoryCommandLoaderTest.php,97fda8a26137695d40197defdaaf2304986b064d3f8f3f9d20a762a0428e7b16,1795
update/vendor/symfony/console/Tests/DependencyInjection/AddConsoleCommandPassTest.php,98f64667d4d2bc831774942c095ab542053a2cbfd08c809b3f7635eb7cafe204,7200
update/vendor/symfony/console/Tests/Descriptor/AbstractDescriptorTest.php,acbfe162e032c92be0122eb8192d94916f400d14924b3407ecfb4361e81bcdd0,3832
update/vendor/symfony/console/Tests/Descriptor/JsonDescriptorTest.php,2db577ae83264afd0220d7320d9b895681d0af1c879e53bf84b3aac97f784d66,1077
update/vendor/symfony/console/Tests/Descriptor/MarkdownDescriptorTest.php,d0ab4d57c9abb10bced9c0e35c02b70086ccc4d20e2503a14f51ea1bc65db005,1242
update/vendor/symfony/console/Tests/Descriptor/ObjectsProvider.php,bd14cd01903c01813ce4770d559656885b468d1aa41014f85dfa0c55f600e584,4107
update/vendor/symfony/console/Tests/Descriptor/TextDescriptorTest.php,a0b4578f44dc5fe3392e4f5c8c5a513470d4fb46d9a0e0fa7210f5156c3c87a4,1594
update/vendor/symfony/console/Tests/Descriptor/XmlDescriptorTest.php,d3e5bbdfcb5ee74e1a116ca9e028de00117831d8192b4244867fa5cc77c29f58,566
update/vendor/symfony/console/Tests/EventListener/ErrorListenerTest.php,19cb7085f2995444468dffdb09ec5ac157442938cead9605b502e247f4891c6b,5411
update/vendor/symfony/console/Tests/Fixtures/BarBucCommand.php,26689dd685a7667180d806c71785f7a692fdd6720ac173ce97cfca7fc7b800a4,177
update/vendor/symfony/console/Tests/Fixtures/DescriptorApplication1.php,cb9ae103b3c206d29d330af62c5f6632c18e2aa88bf8144e808db02ef1cdb52a,388
update/vendor/symfony/console/Tests/Fixtures/DescriptorApplication2.php,d9f2a9b3db3e9189fd857c3a98c61ee168cf586fdb3926e9c1bf8858d809122f,681
update/vendor/symfony/console/Tests/Fixtures/DescriptorApplicationMbString.php,c00ce03ee1d97bb2b72de641641c297b8361406d190230b609e18a441d8b79a8,550
update/vendor/symfony/console/Tests/Fixtures/DescriptorCommand1.php,7d3287e3e83c0791f7c25e1a9bf8cccd6100704aed4bf9a01e83f393aa1add36,646
update/vendor/symfony/console/Tests/Fixtures/DescriptorCommand2.php,b8e5eae66298d46647b758c7ececee13b558e37f07eb4a5a5d029eb80072be69,932
update/vendor/symfony/console/Tests/Fixtures/DescriptorCommand3.php,e584663c8bd31e8164a0b795bdaaa81a8c8003598ddd600bb944b992c1a176a3,624
update/vendor/symfony/console/Tests/Fixtures/DescriptorCommand4.php,d14ae7a1cf75fa4736b52975be257e762b203f07328a92a74b3b9e1fbb3b98b7,584
update/vendor/symfony/console/Tests/Fixtures/DescriptorCommandMbString.php,0a03a22b28421727ba1adfb0d30a4951b97c50525e3804fc2bb6ce32961cbdb0,951
update/vendor/symfony/console/Tests/Fixtures/DummyOutput.php,8bdfe6222ec179ae3925fdef8dd4b463905e0370b7ff2b1fb71bb140bd32a8c5,802
update/vendor/symfony/console/Tests/Fixtures/Foo1Command.php,703700d00638b90ea649525052e4974f8b744123a96fd1793f82d2dfaad61bbb,597
update/vendor/symfony/console/Tests/Fixtures/Foo2Command.php,0918fa18347fb2ecf2613cf5fe46a81a2ef2fd27494a1085bfa6e201c20acfb3,493
update/vendor/symfony/console/Tests/Fixtures/Foo3Command.php,8d952fcb5b22a4c8ad4903fce054a288983c2b052769fc13b9d608bb8ebcfc46,835
update/vendor/symfony/console/Tests/Fixtures/Foo4Command.php,db7eb0702f97a851b6090b99b40b4150880ccac9939280f3412300c3a0baafc9,180
update/vendor/symfony/console/Tests/Fixtures/Foo5Command.php,7cc5b983e2b087be78b18b15eaa0a738bbe9242e4199e1c2ca89d12310170444,139
update/vendor/symfony/console/Tests/Fixtures/Foo6Command.php,d4d958f430056a2a05ce581fd679b49fce737b5b9fda430ed2c571306d9ca352,213
update/vendor/symfony/console/Tests/Fixtures/FooCommand.php,ffba20c0583d9dbde4b991dbb59d6f5b7d489cae994d431e0d3f350dbf7f9777,768
update/vendor/symfony/console/Tests/Fixtures/FooLock2Command.php,d2723afee5ca4308464256f836b6778011b494c902a514a3c13c6c7b2942fd0e,613
update/vendor/symfony/console/Tests/Fixtures/FooLockCommand.php,c6bc65eb3288810984aea4f2970a3391394d40895a642900c673995568d3014c,562
update/vendor/symfony/console/Tests/Fixtures/FooOptCommand.php,5291685994b0714d2a8a2947f27e7b255eedd7c94eb5f62e83c68c38100e3acb,972
update/vendor/symfony/console/Tests/Fixtures/FooSameCaseLowercaseCommand.php,bff09427f2011679730010af2f7de0688ccf701efe2e89a5eb4cfa709e84cd50,226
update/vendor/symfony/console/Tests/Fixtures/FooSameCaseUppercaseCommand.php,f49ea0996274b76d2ae9da59a0eebbc0a6fc74b71f7d8ea89d3fae7c9c78b9a7,226
update/vendor/symfony/console/Tests/Fixtures/FooSubnamespaced1Command.php,b3dd7714240101c46c28da3b456e73e7f427f89e005876106f70d8cb5092fde9,617
update/vendor/symfony/console/Tests/Fixtures/FooSubnamespaced2Command.php,22e82dcdbe8e4e22c1d20b04720cd71a4fcd9ab23e4f848c628297d308b8befb,615
update/vendor/symfony/console/Tests/Fixtures/FoobarCommand.php,9b6e218f3dd2ffe38061024d403a666df83983844f3d43e83334af2521d30a45,559
update/vendor/symfony/console/Tests/Fixtures/Style/SymfonyStyle/command/command_0.php,1b11739bd6476f7e5c03f6693d2dac5eb641b47aca8c532a28b39a139428175b,400
update/vendor/symfony/console/Tests/Fixtures/Style/SymfonyStyle/command/command_1.php,c346569e855c5d50a57dfa61bc09c54ade6c9c5fe3752863cef5e34d821d4ead,450
update/vendor/symfony/console/Tests/Fixtures/Style/SymfonyStyle/command/command_10.php,f89b0716055f437d402d15cfb0ec0cc8177ab203eaa0530bf39e39d9d9a4250b,934
update/vendor/symfony/console/Tests/Fixtures/Style/SymfonyStyle/command/command_11.php,c95f10828578b72d1f81fb88e9f86b3467f7752b4b9bb2af0ce24f37a5bf01fb,607
update/vendor/symfony/console/Tests/Fixtures/Style/SymfonyStyle/command/command_12.php,7af0ea5f71d3a2a3df6ed4611a4a87bc95d3272d349e62db4834a7eaee454e8c,883
update/vendor/symfony/console/Tests/Fixtures/Style/SymfonyStyle/command/command_13.php,198610bf41fa8ab0a05b10d140523c3bb53ec498ccc05b187d678186f6062ff8,894
update/vendor/symfony/console/Tests/Fixtures/Style/SymfonyStyle/command/command_14.php,647f09c20544d43aaf5b38c34f97b40c1bda0f1ef68a6164416a874715066e12,893
update/vendor/symfony/console/Tests/Fixtures/Style/SymfonyStyle/command/command_15.php,b66cfac220f692b9e1bfd0652b281f7bde40db48b3df5c147b8feaf952766c6f,853
update/vendor/symfony/console/Tests/Fixtures/Style/SymfonyStyle/command/command_16.php,e666bede28428eeb7a1588cbcdf7b18b898cb7b11839ab8267759c508df41081,890
update/vendor/symfony/console/Tests/Fixtures/Style/SymfonyStyle/command/command_17.php,f08299ba64ca00cadfb19ee3e14c7c136d1997cda2bcd9895544e39b3c2eb04f,478
update/vendor/symfony/console/Tests/Fixtures/Style/SymfonyStyle/command/command_2.php,8041dce2bb1587b213561e8011cfa83d7bbe12aa0cf79a362127b4c131162056,563
update/vendor/symfony/console/Tests/Fixtures/Style/SymfonyStyle/command/command_3.php,4faedd6c5ea71f172fcff8a1a5578db16e008d21cdde9674f18cba48a720ff49,404
update/vendor/symfony/console/Tests/Fixtures/Style/SymfonyStyle/command/command_4.php,cf49d866d66e142042347e8147d5432b947c54e0505cc9d1f355af4e10bae173,1185
update/vendor/symfony/console/Tests/Fixtures/Style/SymfonyStyle/command/command_5.php,6cdb849bc37587daeec2a1021013b597034ab2a42c81afc7186d836f243d6773,1108
update/vendor/symfony/console/Tests/Fixtures/Style/SymfonyStyle/command/command_6.php,ded3fd7c56f8eb8aaee86076c12e21e571212ecab05320613393f8255d51c7b3,548
update/vendor/symfony/console/Tests/Fixtures/Style/SymfonyStyle/command/command_7.php,b58558ff108b0958c157da7cad8e75449481f314bac8af758f5beebc352e7071,666
update/vendor/symfony/console/Tests/Fixtures/Style/SymfonyStyle/command/command_8.php,1dd89382d29aa9f0e3837b542b9f4038f551665d3c61645f4011574e0f43167e,834
update/vendor/symfony/console/Tests/Fixtures/Style/SymfonyStyle/command/command_9.php,ce252c60b954d70c9b5e5097b64abe26d5c46c46bef25976dd5bbd94e34c0599,486
update/vendor/symfony/console/Tests/Fixtures/Style/SymfonyStyle/command/interactive_command_1.php,e34a9d910aff59bf5e7e61f23d43bf043a79229149df643c1bd19fdfd1da8798,595
update/vendor/symfony/console/Tests/Fixtures/Style/SymfonyStyle/output/interactive_output_1.txt,8e1887224b0d0ab31ac2a02229fededcde586318b727533a0ba869ff6e67df3f,74
update/vendor/symfony/console/Tests/Fixtures/Style/SymfonyStyle/output/output_0.txt,fda303bbeb7f001e46c807b357590c562c191c506b48db900e711ed5ac79f476,123
update/vendor/symfony/console/Tests/Fixtures/Style/SymfonyStyle/output/output_1.txt,50a37de127917cc8ea7e67882b8bcc89b77a129c062f189def4e6af820f0706e,149
update/vendor/symfony/console/Tests/Fixtures/Style/SymfonyStyle/output/output_10.txt,81d0483d4734c72b08f7fbb259ec4bfe8d200785cdd27387e018eeb457aa91c5,607
update/vendor/symfony/console/Tests/Fixtures/Style/SymfonyStyle/output/output_11.txt,4b494e05eb894d4ede98af631e7aa245b439387d1001772a732b589511695887,246
update/vendor/symfony/console/Tests/Fixtures/Style/SymfonyStyle/output/output_12.txt,d80ca525adac5e6c0cf82fa4281796774495d42edc75bff86b31a9ff0d7cc923,486
update/vendor/symfony/console/Tests/Fixtures/Style/SymfonyStyle/output/output_13.txt,93b7bf2d60a6b260c066cc3de66110bff9daa2737a8d707bf0a77301d328607c,727
update/vendor/symfony/console/Tests/Fixtures/Style/SymfonyStyle/output/output_14.txt,7af6ad13e4d042a807b4a94a90d974e8c441c7ed273417611cbc7006c0a61466,486
update/vendor/symfony/console/Tests/Fixtures/Style/SymfonyStyle/output/output_15.txt,d38f5b89afd7cd90f3bc83c543bba035fff07456831350ae955b60d8489fa19e,607
update/vendor/symfony/console/Tests/Fixtures/Style/SymfonyStyle/output/output_16.txt,2eed211bdc10dcfd378037f25c38ecf954d92411a657e8187fa97a427f580e7f,824
update/vendor/symfony/console/Tests/Fixtures/Style/SymfonyStyle/output/output_17.txt,a76a4ee0909d77e9f620e0615007d3879f42fbc47c025a141745aba8660aea93,87
update/vendor/symfony/console/Tests/Fixtures/Style/SymfonyStyle/output/output_2.txt,d6f5620e62fc9bfaa197f5120e854dd2349801ee5557c88ab3ad28bd0763837b,733
update/vendor/symfony/console/Tests/Fixtures/Style/SymfonyStyle/output/output_3.txt,db7377267e8a1ec44cbc86ab65d628d5f5894a4c565a170bbc1459f2fcc160a3,53
update/vendor/symfony/console/Tests/Fixtures/Style/SymfonyStyle/output/output_4.txt,8b26de049008482caf043a6a032c2e2a5904c98d28fc589c9f73ab388ecbb00e,324
update/vendor/symfony/console/Tests/Fixtures/Style/SymfonyStyle/output/output_5.txt,d971caf1de52f58dcf13a6eae709cd7ad3e5c7622d2da3b2466526bf4a328400,655
update/vendor/symfony/console/Tests/Fixtures/Style/SymfonyStyle/output/output_6.txt,b2bda7d140a146f6ff5333d38a4a8b1c958e701e4341f66636b644306ff4aecb,185
update/vendor/symfony/console/Tests/Fixtures/Style/SymfonyStyle/output/output_7.txt,0254db77978b20ba2b4e07658ffc05e896a54d4b7f08c5d595d4752494d39c24,78
update/vendor/symfony/console/Tests/Fixtures/Style/SymfonyStyle/output/output_8.txt,b0805449490e15051422d032b1904ad67c966eafd0a8ab91a0a3f9215c285b81,457
update/vendor/symfony/console/Tests/Fixtures/Style/SymfonyStyle/output/output_9.txt,e28b6801759b7f2c934f3effdba300c5c0d3f5738ec12d0a338948653428bf3a,365
update/vendor/symfony/console/Tests/Fixtures/TestCommand.php,6411d7faef85a853474daca248204b371ec8e31f5ec020a189759a99dc98b0dd,698
update/vendor/symfony/console/Tests/Fixtures/TestTiti.php,a8fa8cf4487d438dfcd6b19e2c57ae689f4404332387e23e110b6e72b6a7ac7f,485
update/vendor/symfony/console/Tests/Fixtures/TestToto.php,629e16fc533239b0ff3ef0454426943df410e9548d8100a8567e51a920b534ef,525
update/vendor/symfony/console/Tests/Fixtures/application_1.json,2b519fa6254b3d9c0731ce129970bf0670b1ccf1fb422a10f20bf44654a35cd3,6880
update/vendor/symfony/console/Tests/Fixtures/application_1.md,67ade1f6b1d6220a806677b4e412aca33516fa23a62a19d441c6828cc956b829,2689
update/vendor/symfony/console/Tests/Fixtures/application_1.txt,97bf432cce448ee44970d8b6ed193c0786a3215a9efc051dbcca1c6355b9263c,743
update/vendor/symfony/console/Tests/Fixtures/application_1.xml,74aca1f97e1dc2baeb256e765bf371dcd88b0ee1c2324eb50a1db5a65f9307e6,4504
update/vendor/symfony/console/Tests/Fixtures/application_2.json,f8f86e718e8cddcda4e7186b767ffcc366094d01bcc9f7067f56741956b9d836,21349
update/vendor/symfony/console/Tests/Fixtures/application_2.md,96fd23481b9b01c84e0e285490d01a3c439e7c622e4d10394c3a6301949ddff3,6775
update/vendor/symfony/console/Tests/Fixtures/application_2.txt,b87e3caa484c2648f22a12a3b89576cd8ca7ffcdf2e709cbe8e03fa4c073a502,1048
update/vendor/symfony/console/Tests/Fixtures/application_2.xml,ca867cbf30475cec5cdcbdba2de6017190c978ecf62ae946f8784deee8da60fe,12385
update/vendor/symfony/console/Tests/Fixtures/application_filtered_namespace.txt,92d93ee17a3e7369f59738e938a22083c8825bf56d35b4864869c863be040c1e,750
update/vendor/symfony/console/Tests/Fixtures/application_gethelp.txt,9ab42271ba32c2e703f012c3db557b6c340caf72230c611dee3ec885c55c7773,12
update/vendor/symfony/console/Tests/Fixtures/application_mbstring.md,bef085bff21c49ad27eadf7a7a244de329ba15345615753a8abb3152920d98d4,4220
update/vendor/symfony/console/Tests/Fixtures/application_mbstring.txt,8b6cf96a38729af586a0f46a565db8041ca40c4167d1576dd97d80b4e82d1e69,865
update/vendor/symfony/console/Tests/Fixtures/application_renderexception1.txt,fdd297eb02497c77b7757459007c3445e0254fb0b6dbb6e5d0269851646f1734,104
update/vendor/symfony/console/Tests/Fixtures/application_renderexception2.txt,07acf4adf63636fe5cb1b2abf0d4f8e9dcf57b761b6b8fc44a4881f00fbe8c2c,170
update/vendor/symfony/console/Tests/Fixtures/application_renderexception3.txt,41b764a9813acbede5c0189654496bf1d9c95a639b6ef1b6504b4b0a224d68bf,503
update/vendor/symfony/console/Tests/Fixtures/application_renderexception3decorated.txt,52d872dd8d19025cb6923b23affbd84f3a587a0477e870ab80cb39ca4b277653,687
update/vendor/symfony/console/Tests/Fixtures/application_renderexception4.txt,2def233f2ffaf5cb248a748d1eb152e07ece06e287322d0f36cc6114bc173c69,130
update/vendor/symfony/console/Tests/Fixtures/application_renderexception_doublewidth1.txt,48c8ad267a81e0caeb47b4fccea5a0a656a33872f7edbe17139bb7cd2b861a1f,110
update/vendor/symfony/console/Tests/Fixtures/application_renderexception_doublewidth1decorated.txt,6bd1469c512478658f5c8a435180dc41d50517a44215d1eec2b0a94caf607a09,178
update/vendor/symfony/console/Tests/Fixtures/application_renderexception_doublewidth2.txt,6959f85a1a9815b1d0f01f525bdfdaa5c7925981d925c3aa97fcc193ad086ab9,183
update/vendor/symfony/console/Tests/Fixtures/application_renderexception_escapeslines.txt,a77a9abbe1d81b0ea6b0e0bf3f67bdeead6a4bc9c95cf8038415bae205a760eb,127
update/vendor/symfony/console/Tests/Fixtures/application_renderexception_linebreaks.txt,bb497fea615385530f94996f58f31b8564a74c695f222d0517b030efeec5b938,261
update/vendor/symfony/console/Tests/Fixtures/application_run1.txt,ecae06ab7bbdf28cb664747dd764f63aaee94fdcecb17f117e6deb8501d592db,569
update/vendor/symfony/console/Tests/Fixtures/application_run2.txt,6bb7edec33d6470998afd430d0df4d365f6174f1d0d8e8cf5f290622bcfb7fac,665
update/vendor/symfony/console/Tests/Fixtures/application_run3.txt,6bb7edec33d6470998afd430d0df4d365f6174f1d0d8e8cf5f290622bcfb7fac,665
update/vendor/symfony/console/Tests/Fixtures/application_run4.txt,e22668ee665cd9571a17a42e13694b20d7fedc41774a59ad61ae017488a0ef26,13
update/vendor/symfony/console/Tests/Fixtures/command_1.json,0bf2c4c6231224111675a90b00761174750760b0bf1dd0d999a1566dbd75b0cb,295
update/vendor/symfony/console/Tests/Fixtures/command_1.md,37b93f069cb43321798fa224b6589fd9b92b12e4779bb007d78a254f63e0b3e4,141
update/vendor/symfony/console/Tests/Fixtures/command_1.txt,ea8779f3715bcb31ed148a90af3d34cccd72084daf9344541c6492ca9d834b4d,109
update/vendor/symfony/console/Tests/Fixtures/command_1.xml,d1b1d965df28e54172c9249b8c3651e4e47a8acff48870f67e29ee0fa9c76fc1,346
update/vendor/symfony/console/Tests/Fixtures/command_2.json,c0cf26692895c199d24ef659bf98a9d111a4f4ebc5270ec15dfe8420cae8a0b8,960
update/vendor/symfony/console/Tests/Fixtures/command_2.md,c4d50105247433b88dc7db05808da9b028dbc61bf7b565568a42e0f25b765bfc,465
update/vendor/symfony/console/Tests/Fixtures/command_2.txt,503d700acf179dd6e75e705fa10e7fafbd4bf76ae0e4f7e580ad05227bc0faa7,348
update/vendor/symfony/console/Tests/Fixtures/command_2.xml,cc67ded45d9711a2a7d24034e94a3e56863533556fca5a03c87197043d814d6d,789
update/vendor/symfony/console/Tests/Fixtures/command_mbstring.md,64fef61809162302c7049171f9062ae77c50438e900292e37c5382fbeec04ab0,470
update/vendor/symfony/console/Tests/Fixtures/command_mbstring.txt,d014559a1ea39956564292988b7cf000e8d9a8c7d60bb83c37d50690d70acd36,350
update/vendor/symfony/console/Tests/Fixtures/input_argument_1.json,ef77d7a4dbdd4ae3f59ae0aa487a31e94f4d9a825669b349540e90638546547c,124
update/vendor/symfony/console/Tests/Fixtures/input_argument_1.md,362b9f62ae2ceb49043de65488b5926d37dc2e67570d25f277697f4dc7e1d9b9,74
update/vendor/symfony/console/Tests/Fixtures/input_argument_1.txt,a7fb065a93159d61bb383477477cb6aa415db25369b20a958bf8513cddad7d88,29
update/vendor/symfony/console/Tests/Fixtures/input_argument_1.xml,b5a7fa0a4f8a9feee92bbd34f28fe622a4ef14c5b07cd00ce6563d66077d8561,156
update/vendor/symfony/console/Tests/Fixtures/input_argument_2.json,94ccc32f1d0ee62acc057940c534b24979cdd6e9c1aed57de3a7601c7ff508d9,142
update/vendor/symfony/console/Tests/Fixtures/input_argument_2.md,3bc6cf9468b7c93960c3e61e5479e4c089927da60881364d54ac0860f29c22a2,100
update/vendor/symfony/console/Tests/Fixtures/input_argument_2.txt,dccb43b71e80ec96ba2e0a923b5d6ff51b15e6186e276f96fcddaff83b1eb4a3,51
update/vendor/symfony/console/Tests/Fixtures/input_argument_2.xml,0fe7d6742d287c10dabfb890ed3fa356d98d47ab16a6a29f2dd78f160a18f0e7,176
update/vendor/symfony/console/Tests/Fixtures/input_argument_3.json,70e50d2e437ef96ab5800d847f9b401bafa4fc0adf32d5df335aea7e96329a1b,156
update/vendor/symfony/console/Tests/Fixtures/input_argument_3.md,2074e20dd2618f5178a6aa8831b0ef3151285253b71172f6be5cfd05299827c2,106
update/vendor/symfony/console/Tests/Fixtures/input_argument_3.txt,6c7d48e406b50dcf5a16297543416ade7514abafbbdb240e0d2227b7a8507a83,97
update/vendor/symfony/console/Tests/Fixtures/input_argument_3.xml,91ba71d1e00ee730235ab501636af2d8f811603fa0c2cae1824059fbd06df20a,226
update/vendor/symfony/console/Tests/Fixtures/input_argument_4.json,ef7a1fd3a189b67be477f6d8a035c03dd1608defd6e985bfcbd10a6685d02044,154
update/vendor/symfony/console/Tests/Fixtures/input_argument_4.md,44fec62da84cc36742953d08413940d18da41bf2dcc0272ba26f6d994b2f5bf9,106
update/vendor/symfony/console/Tests/Fixtures/input_argument_4.txt,f0c53846d1de09ab123a02fe9f9d102aba14743cf8313f5ab62770893ce55ccb,78
update/vendor/symfony/console/Tests/Fixtures/input_argument_4.xml,19b6b8fe14e009a558a5eae2a523d0ffbdca32583106ddef47fac5e45d3eb59e,186
update/vendor/symfony/console/Tests/Fixtures/input_argument_with_default_inf_value.json,b6bf50e9f1703d436ea4bc6c01e6eaedd07ea7f0bc8ed06d2edd0c3958465e98,146
update/vendor/symfony/console/Tests/Fixtures/input_argument_with_default_inf_value.md,c86b05a2ccf50038077819df8f1e3f3911741b4d99147d933ccf257b600c2aff,94
update/vendor/symfony/console/Tests/Fixtures/input_argument_with_default_inf_value.txt,7ba64e6b08142b32705b1ca1863cfcb5a51519a9c16f85b7b0b052a66386dd89,85
update/vendor/symfony/console/Tests/Fixtures/input_argument_with_default_inf_value.xml,bf7277a2d7f8ca4d3aa7f1c515a4a61c84708e409678279e743729a5e89f85b4,216
update/vendor/symfony/console/Tests/Fixtures/input_argument_with_style.json,49fc12bc857ab7b4751cbb0009336c65399707d0ad41897ba69025e9f17738b6,160
update/vendor/symfony/console/Tests/Fixtures/input_argument_with_style.md,36129d7b0e28923075ec5bd7dee4ffcbdaa4dd67b653dcbe38a7d21877ad4f58,98
update/vendor/symfony/console/Tests/Fixtures/input_argument_with_style.txt,a373c67abaf7b2e0dde74bbb4d2861d48a6ed8174cda065a5dd546f2b0566346,103
update/vendor/symfony/console/Tests/Fixtures/input_argument_with_style.xml,f70382b58f1e2b7887930fa84ade58ebc3fc8d974c8445339c939c0c1b0fde97,242
update/vendor/symfony/console/Tests/Fixtures/input_definition_1.json,8a784eccd508c2d99d3f7239261aef52a58226d8f4682adfe7a067099a584874,43
update/vendor/symfony/console/Tests/Fixtures/input_definition_1.md,e3b0c44298fc1c149afbf4c8996fb92427ae41e4649b934ca495991b7852b855,0
update/vendor/symfony/console/Tests/Fixtures/input_definition_1.txt,e3b0c44298fc1c149afbf4c8996fb92427ae41e4649b934ca495991b7852b855,0
update/vendor/symfony/console/Tests/Fixtures/input_definition_1.xml,e441716a7291d9c873b47d7c354034481f2a98ae97f7518dfad9593843fbad24,94
update/vendor/symfony/console/Tests/Fixtures/input_definition_2.json,375d4e45603fc4979400f6532baf7dd68eb112acc85ad8b4c26223f8737d4744,245
update/vendor/symfony/console/Tests/Fixtures/input_definition_2.md,8c8e10fba9c4562f10fdc2e6f9bb762bdf157306a703f4d3472ac1ea13b889af,89
update/vendor/symfony/console/Tests/Fixtures/input_definition_2.txt,cb258a2d7c3f836c37872bd55035e5b38c257b0ae4015b65b8855de7a2ad37e5,59
update/vendor/symfony/console/Tests/Fixtures/input_definition_2.xml,89d24cf2d20fb05c5289659a3c7f33b565943690b983bc4461fb98c67a0d6c79,241
update/vendor/symfony/console/Tests/Fixtures/input_definition_3.json,b37cd8a7d195a16f2c907d6f4b3b4810454698ae3c41eb0cf8188f572a8404f6,319
update/vendor/symfony/console/Tests/Fixtures/input_definition_3.md,ffd8e062e573b1c182fa6da88c3f511ec4883c1bbfd375fab79d00a4abecc903,118
update/vendor/symfony/console/Tests/Fixtures/input_definition_3.txt,a151defdd4c61f37173fbbd0dc76af17344d5f1c8a58bc8079bc622a881d6d10,61
update/vendor/symfony/console/Tests/Fixtures/input_definition_3.xml,6d79da4156192d44aa2986bbf4c69b7d3e9fc2f25561f6832edccb392b40b241,257
update/vendor/symfony/console/Tests/Fixtures/input_definition_4.json,0a5ac338e9a29e7919ab93ffc2eda4446118f5f84a61c0f8263cc4a4f78a45e6,521
update/vendor/symfony/console/Tests/Fixtures/input_definition_4.md,f9b4170cb98ee8017e8810b506adb65e359525427622c8209f08ad8cb805be9a,208
update/vendor/symfony/console/Tests/Fixtures/input_definition_4.txt,545448fc883210a5268490251bb8c78760ef87253a6fe9375c5cb21561ca19dc,127
update/vendor/symfony/console/Tests/Fixtures/input_definition_4.xml,44625e4def4e5c6434a6d43ed771b257fa9ee4a9ddd8a33ec8fe0012340bbb8a,404
update/vendor/symfony/console/Tests/Fixtures/input_option_1.json,03463c0fcbd80514eec5218f4e417fb3afc200b36720ada0626026320e3438b8,184
update/vendor/symfony/console/Tests/Fixtures/input_option_1.md,536f0e947fcefd105ae9b94dc418e81ccfb9fade5777641d05d4d35687f2d396,105
update/vendor/symfony/console/Tests/Fixtures/input_option_1.txt,b406e62407af6b736fbc9b76470e80d466e6ba63cac8224740fe518282cb1ebf,33
update/vendor/symfony/console/Tests/Fixtures/input_option_1.xml,7ddd91c453439d269b4b1caa15e1c53d032ead92ddc7176c7339dc5eedddd964,178
update/vendor/symfony/console/Tests/Fixtures/input_option_2.json,3ad91e635e51b705ea8395c1e7d1065c7c04bd5ea669946b043d390fef3643a0,211
update/vendor/symfony/console/Tests/Fixtures/input_option_2.md,4e5e7c150501817b2d2ded75127a4ff639aa8b509f794d059e00402e48084a3d,136
update/vendor/symfony/console/Tests/Fixtures/input_option_2.txt,50690290e8bceb0c258ce265edff056585bd3413f28eb6f6b62684c24ccb03f6,113
update/vendor/symfony/console/Tests/Fixtures/input_option_2.xml,7249c865c98583ef2f77235b96f46b124c602177520fd2c9336bd21a8040cf46,260
update/vendor/symfony/console/Tests/Fixtures/input_option_3.json,43a8957650644fee88e145a653551bc8bdf23d20a4ee6be2f1e5efc52b2ed613,199
update/vendor/symfony/console/Tests/Fixtures/input_option_3.md,dc6a5be7967c559dce46989064ec5b2e940aef7b82b01d4ec564f23eb3d65fcc,126
update/vendor/symfony/console/Tests/Fixtures/input_option_3.txt,bde29402589f8e09592d5833df983d8c71d60600243a89fa047fa452f9ae9c6b,65
update/vendor/symfony/console/Tests/Fixtures/input_option_3.xml,8ed6e0c98cc77bd07bf3fc4180f0a1e4dd1b733774f6832a608565eb5f7ba86e,210
update/vendor/symfony/console/Tests/Fixtures/input_option_4.json,632038669bcdfc54f5e4319903d32af4236a5c9f2a433931a1413153b7f83d7c,197
update/vendor/symfony/console/Tests/Fixtures/input_option_4.md,6c951bc9243b14f9f8901a4606e2957f45f0d02bb36fae355188666c31818613,130
update/vendor/symfony/console/Tests/Fixtures/input_option_4.txt,61ccaa19f5def1adaff518e4fcabd321ce390eba58d78e3b7706a0ec7a9386f8,112
update/vendor/symfony/console/Tests/Fixtures/input_option_4.xml,30f0299e1c0713574e4dd41b810fd0c4661dd91acf9952be282468964ef61e62,210
update/vendor/symfony/console/Tests/Fixtures/input_option_5.json,961fc4e96e0b3e61be773f3958010f6b2e447792f6dbf6a96788c6673fbfb003,209
update/vendor/symfony/console/Tests/Fixtures/input_option_5.md,87b9f149520fdd617d661dc48fe0e186e22cf362fdf9e6a14dfe0721efc12cb9,136
update/vendor/symfony/console/Tests/Fixtures/input_option_5.txt,0da07762218201a4043df629777cc41ba41f6a950de0258b67a4fda767f8984b,108
update/vendor/symfony/console/Tests/Fixtures/input_option_5.xml,d1f688820d72514d79685108069838fd0b3043552cab8f74fe49a5b3a2ce3dcb,220
update/vendor/symfony/console/Tests/Fixtures/input_option_6.json,bc145c6dbf2340a40adf5b5fc2c52a02a6609c84a5d5762d3dc6521949b271fb,214
update/vendor/symfony/console/Tests/Fixtures/input_option_6.md,bb0b4e5c9f6a580fbcdb74d1faa0b159cfce343ef50c22ca382d5bc378384966,141
update/vendor/symfony/console/Tests/Fixtures/input_option_6.txt,5b6ed6d045b3a0967d5c4c1b43d7bf639e35ea55f9ec84580bcf383ea72acc71,79
update/vendor/symfony/console/Tests/Fixtures/input_option_6.xml,01d0c61934a72920bc99cab72aeeb78cdd0b7dfd3d9c56da7ba63efad8eac223,240
update/vendor/symfony/console/Tests/Fixtures/input_option_with_default_inf_value.json,631feafcd1024053a3043a7009bdffbd6285c562ddeb9c7471b4025faa5b3806,201
update/vendor/symfony/console/Tests/Fixtures/input_option_with_default_inf_value.md,ab6d8d28c73a4357649a41ee150cab561c44d75ea48c2804565c4c1eaff98d37,124
update/vendor/symfony/console/Tests/Fixtures/input_option_with_default_inf_value.txt,0f5c4c96b69f21259bde89d8664d622dfd504716eb87b33c772be856f571981d,101
update/vendor/symfony/console/Tests/Fixtures/input_option_with_default_inf_value.xml,bbed60634e01abdde6c2556973687a3df930a72a7b4fb9bcfabba8c0b5b7f997,250
update/vendor/symfony/console/Tests/Fixtures/input_option_with_style.json,583d72a45aa67eb0367a37b619689ebf36c50d106ca857fedd8dd5d20c701f33,214
update/vendor/symfony/console/Tests/Fixtures/input_option_with_style.md,ad5a5504e7a0bad5be6b7d18b5a197ec7ee24d2b44f26a9b98ca5fea462842ec,129
update/vendor/symfony/console/Tests/Fixtures/input_option_with_style.txt,a3db3ffedde46a2de0083f1f62526600ac71ee98d3e3eab0a8d3e7c97b551cb8,117
update/vendor/symfony/console/Tests/Fixtures/input_option_with_style.xml,38f9b286eac417c5531fd1042ae3d29fd46ae4fc36d52b4f34474618cc83af49,276
update/vendor/symfony/console/Tests/Fixtures/input_option_with_style_array.json,811d699528d5f7c546c6f637dbb63f9811daf86c5066045b125dfe828b1dc6fd,266
update/vendor/symfony/console/Tests/Fixtures/input_option_with_style_array.md,62405e0a78b2e64df6b014904bdfb577695343c5d213b25acc7f4130d1261e98,161
update/vendor/symfony/console/Tests/Fixtures/input_option_with_style_array.txt,88612c87da7a54e494021010303fe2bb1f8baa5bceaa6f04b623cd413dadb775,194
update/vendor/symfony/console/Tests/Fixtures/input_option_with_style_array.xml,42c8eea798d5e0dd669edfb9229899b893f19fb948299ff50c31a1b7a0626c65,337
update/vendor/symfony/console/Tests/Formatter/OutputFormatterStyleStackTest.php,fa49fe28f121dbbacbd772ea695742e1905c5cbe3be5e265fc094fbf2609317e,2180
update/vendor/symfony/console/Tests/Formatter/OutputFormatterStyleTest.php,f3f1927f002573ffc28ea58e94615d77fdf2f3e4a9351216279a6440c91bbdc2,4101
update/vendor/symfony/console/Tests/Formatter/OutputFormatterTest.php,36f855b64a82225d7f1f75c43ade2242ac7165224c23928dcd33d1404927efe8,11019
update/vendor/symfony/console/Tests/Helper/AbstractQuestionHelperTest.php,d7c6522805c0ea62b46dfda6c6f157f3071dcb9e7db341a957cf2220548736b0,941
update/vendor/symfony/console/Tests/Helper/FormatterHelperTest.php,f7a7fd2fb321aabb7f1c0da9fa9b0127416a0913d5bdd158cfe85847284c10f1,4412
update/vendor/symfony/console/Tests/Helper/HelperSetTest.php,e54271f1b585f299ef73286607e2691babcab3942d8e4c3232fbe3c4ff4a919d,5556
update/vendor/symfony/console/Tests/Helper/HelperTest.php,e14dadcbda18b860e96b502a364566e1528f9aeda9eff4306a3b1f151db2e931,1493
update/vendor/symfony/console/Tests/Helper/ProcessHelperTest.php,577a0b6acdfa41ab9cb1275d956a1c94d64a829a48aa65172aa045077bfcf9f7,4845
update/vendor/symfony/console/Tests/Helper/ProgressBarTest.php,1a39f24c7c65ef48eeacb63b12a7a076a70f0df34def674bb22c07347ba6f25f,26706
update/vendor/symfony/console/Tests/Helper/ProgressIndicatorTest.php,88cdb026eb8ce44c3ae165f272af3dea4ad24b93d892eae8f406ad6b19c4bfde,5366
update/vendor/symfony/console/Tests/Helper/QuestionHelperTest.php,6b93d072451529cba6d938885292c4ad3c7a294f70b3f3b0725d50f248a5ca62,25274
update/vendor/symfony/console/Tests/Helper/SymfonyQuestionHelperTest.php,a44c8bb322d87c3351bbcc2e11c4bca5ad758bcdc755b4a1e2413bb0f745ee97,7440
update/vendor/symfony/console/Tests/Helper/TableStyleTest.php,86a098ec87cc5d913d00daec3d00aa77898c47a04673dc6554cf487921188f2c,739
update/vendor/symfony/console/Tests/Helper/TableTest.php,cec59c0d6bfdf7443f7a4aca5dc4065530111c7cbff250d917dc38e81a109947,29928
update/vendor/symfony/console/Tests/Input/ArgvInputTest.php,8133304eeca81589a9291994ce8c4aa2d45536af448c3660948785fccb81b59e,24097
update/vendor/symfony/console/Tests/Input/ArrayInputTest.php,8b409c8725f0b758fd2ee6aed4101f1a62bc0e40340aa69bf6da3514b36c87fd,7803
update/vendor/symfony/console/Tests/Input/InputArgumentTest.php,0cba71a8999d2b08cb1709df510b2068ed112e92ed2ec3b55a8e4e0ac5562824,4108
update/vendor/symfony/console/Tests/Input/InputDefinitionTest.php,a6b4982bf487892bd1b53c18634de32972aa7b327a460c71a83d40bd65eb2d8b,16815
update/vendor/symfony/console/Tests/Input/InputOptionTest.php,46c5d379e4f8e8c542278fe954b7b6f221faae3287f20d72ecfb0490dfd0d658,9029
update/vendor/symfony/console/Tests/Input/InputTest.php,6e2bbd329a2104533d8b0d2fad1cd8791a6b1d6b3948bfc2adb5cd97f2b964e9,7270
update/vendor/symfony/console/Tests/Input/StringInputTest.php,96660590e010fe4c103c0aea2666b212f3bbb681084ca35dd336cae8de0d939f,4617
update/vendor/symfony/console/Tests/Logger/ConsoleLoggerTest.php,405e78b1180867fb80aa35e1ce8d2df045fa145cc9b1854555bb93396947b65b,7589
update/vendor/symfony/console/Tests/Output/ConsoleOutputTest.php,750f36009bf54312e150d105caf7f98fefff2f812d14b8e62a5abec70edab820,1425
update/vendor/symfony/console/Tests/Output/NullOutputTest.php,564738e3d392477b31b865ab1369c4beffa33429f52c73977c7f4f8821522807,2584
update/vendor/symfony/console/Tests/Output/OutputTest.php,ae94df8ce63c726e5a1ff4477a6f498259d3ea5c987318dc9357a7c3290285f1,6493
update/vendor/symfony/console/Tests/Output/StreamOutputTest.php,a26b49fd30ea889a8e86e2f35c186f66aff838dadbacc27173418dc635985e7c,1812
update/vendor/symfony/console/Tests/Style/SymfonyStyleTest.php,ebd8cf5f873eb36dd98ecd92e09396226cd74834d2aa1c21f4cfa1ffbbd57c40,3826
update/vendor/symfony/console/Tests/TerminalTest.php,009384022fbc280a2ee06084d5b633d10697ed4df792bdda85702b849df320ef,1098
update/vendor/symfony/console/Tests/Tester/ApplicationTesterTest.php,f7ad2134c6f4cb6560cfd9b4598bb1984fd072a2c7c5040a39cc980e4affa9f3,2417
update/vendor/symfony/console/Tests/Tester/CommandTesterTest.php,14cee9e9724475deabab52300957840bff7d732ddcba026cd1fa7d53029f940c,5687
update/vendor/symfony/console/composer.json,6aff5a93eb5a9c3c48c3e7cc8fa3e02d3c27f9af9b8245086fccde02d0a57493,1354
update/vendor/symfony/console/phpunit.xml.dist,b38f7c43c9f870a268170815d8010566c4516a707d282963ad812f083f0288d7,1211
update/vendor/symfony/debug/.gitignore,7b3ba9901711eeb5337461d79f2bfc753f605fcaff82e1f55daf05f09e96ea0e,34
update/vendor/symfony/debug/BufferingLogger.php,800bb752f4c78c73f3330b0ce9220fdd24338ea56154dbcf71a83fe5863486aa,752
update/vendor/symfony/debug/CHANGELOG.md,43021cc258aab9a34f30860d7cbc037985e8b8fed183cefbbb9e16a8911a6a0e,1043
update/vendor/symfony/debug/Debug.php,b22ff42e1377d29fe43d9a39ee7b5ab9bdd78112f7cf4ca454180ff79da39f24,1789
update/vendor/symfony/debug/DebugClassLoader.php,634bc6f3a0c93895f57d614d3fe5c4348e6cb1f0899fe1b97ef7eab63b0c546a,11932
update/vendor/symfony/debug/ErrorHandler.php,e00e1da7ef891a3f8c2701d5ce7b6b94ee9b19d9d8d0e2427b621c5f53374e36,24673
update/vendor/symfony/debug/Exception/ClassNotFoundException.php,96190d7e66f25ca161fd280cabb9e3d168b3b6c9d96defb64d6869fb6e5ae76a,828
update/vendor/symfony/debug/Exception/ContextErrorException.php,d69b92aedc2c42147ad0efd2b2b0c29d8400a3c4dd23d61d92fbfcec490f0136,875
update/vendor/symfony/debug/Exception/FatalErrorException.php,61a1c75642374999b581956b07c5a9ba5f647fefbed82d08a385cb605223291d,2840
update/vendor/symfony/debug/Exception/FatalThrowableError.php,505be423f54d716e7dea35f5df7b65c4490995fccf494395bfff57d6ffde4cc1,1076
update/vendor/symfony/debug/Exception/FlattenException.php,545aebe96e828ea126d90916d3bb7f04ba32f40e655dc6bdf3b3dc3fbaf2fa9a,6852
update/vendor/symfony/debug/Exception/OutOfMemoryException.php,0c66ce459f1ce0d6f247bb4a98c9ab4d02c6f175577308bd92c62368710f4c7a,424
update/vendor/symfony/debug/Exception/UndefinedFunctionException.php,02b7d67240f1be872c0167af9f1d81e3afd23e5c8388df9040c696374af7bb35,811
update/vendor/symfony/debug/Exception/UndefinedMethodException.php,4c81be50ceb9eead7341e4919866d4a5522ca1b93d2c0cc2e8076e32e0163c1f,806
update/vendor/symfony/debug/ExceptionHandler.php,a625acf227402c4797efc1ebb9cb268e32f756df393578c9f2c28c96ef1f4f5a,16180
update/vendor/symfony/debug/FatalErrorHandler/ClassNotFoundFatalErrorHandler.php,caac5a8c699afa43491f221b94faf57ad4cada101ccc8deea429ed6715795097,7370
update/vendor/symfony/debug/FatalErrorHandler/FatalErrorHandlerInterface.php,553712e50dbcd6b8eca0022a14f592aa659aabe3b43fb3947594602954b00d80,959
update/vendor/symfony/debug/FatalErrorHandler/UndefinedFunctionFatalErrorHandler.php,fef3387687048fd3fcb8a8a1af1427ed052767a9c65473ccc53937d68065a12e,3061
update/vendor/symfony/debug/FatalErrorHandler/UndefinedMethodFatalErrorHandler.php,982cc5cfbed4a48802437b939114bc798ad6ba272542093d57b11a7c96f600a3,1854
update/vendor/symfony/debug/LICENSE,2fb0c4a058ff8717b8270c8348a5e657f7f234f526a7f61ae79eb74e43ef48f6,1065
update/vendor/symfony/debug/README.md,221af4e680b7f4075e9530842fc8660445edaee682be2ca6dc8c70d46e32bef3,482
update/vendor/symfony/debug/Resources/ext/README.md,77de635ca4cb7a860f2571fe446003280a59887ad254bbd3f8ac1b44869f14df,2995
update/vendor/symfony/debug/Resources/ext/config.m4,7a7b46a7c10c450eceb47aafe4b38af3d43a9cc2786b9f3e6e6cdeb4d3f5c6b4,2250
update/vendor/symfony/debug/Resources/ext/config.w32,9befe71b6b53df5004fa200fa08177b595c1fb4b019c3a896e47bdbaebf6b0ce,345
update/vendor/symfony/debug/Resources/ext/php_symfony_debug.h,a1cb7f946a04b23ff7a88875b07b660cf542da14a1a8736175f480a4d348ba66,1867
update/vendor/symfony/debug/Resources/ext/symfony_debug.c,8a39581e0aad399fa50e997971e88e2167e0ea2835af8a2c76c0b2628caae726,6789
update/vendor/symfony/debug/Resources/ext/tests/001.phpt,5ba2bf0132d1f58475e2309a4b791c75144db31cad622c9c756b332e45463e9e,2646
update/vendor/symfony/debug/Resources/ext/tests/002.phpt,1f5062ce163e30129b3905b0806665c9df58feb967a4be0a3f6b0fd5ef0edc48,912
update/vendor/symfony/debug/Resources/ext/tests/002_1.phpt,e8b6cd2f3375dfa60af84c3ca7c69cd05a94fc5cbadc9e9f81a4686c1f226bc0,643
update/vendor/symfony/debug/Resources/ext/tests/003.phpt,fea5b1797d778eb1936078585b58401f2c88a1ed0f2f6a1b2ea4f289824be1ea,2082
update/vendor/symfony/debug/Tests/DebugClassLoaderTest.php,85e74a951d044fda101239447bd4e2798030575dcca6eab99652d876deda79e0,10944
update/vendor/symfony/debug/Tests/ErrorHandlerTest.php,e4f105563c15cea7594fbbae56631f61261123047fe3a104f44bed9d886a127c,17973
update/vendor/symfony/debug/Tests/Exception/FlattenExceptionTest.php,f2c8f8ea2902d85c4a72cf464689ac0cb0d62aee77519dfff28056573fd1d96d,10796
update/vendor/symfony/debug/Tests/ExceptionHandlerTest.php,e7c83811ef106d7a18c60b505b40276be1554bb0bcb8badc3800876b00a682d5,4038
update/vendor/symfony/debug/Tests/FatalErrorHandler/ClassNotFoundFatalErrorHandlerTest.php,c46b2db058f9cc92c99399a43eed55f9ec8554892b697fe5de172abeae129345,7513
update/vendor/symfony/debug/Tests/FatalErrorHandler/UndefinedFunctionFatalErrorHandlerTest.php,2dd65e703ffe6348724c76436fc7ec133290da839b2362388d1e398716dc9f59,3163
update/vendor/symfony/debug/Tests/FatalErrorHandler/UndefinedMethodFatalErrorHandlerTest.php,89516f63f92fdb5c2de2a3afa7ea29cbc099865dea9c083af040129c73411ec9,2570
update/vendor/symfony/debug/Tests/Fixtures/ClassAlias.php,ff45b3cf4051f6f699d6a514a2fb8398bf68733b68947f5a9265752af5aa1d04,126
update/vendor/symfony/debug/Tests/Fixtures/DeprecatedClass.php,d354a392f38eca9d8dce6ea6fbe27eb5cf8fd00e4978334e4eac184b07c6b223,172
update/vendor/symfony/debug/Tests/Fixtures/DeprecatedInterface.php,999c876776b0d92e4514b45cd470ab8cec2333e7798c36d9e591e62e6280c1b6,180
update/vendor/symfony/debug/Tests/Fixtures/NonDeprecatedInterface.php,337146a2edc73c3f93e1aa6f8426cc880678a3fa8dedd3eca98caaf70f8b67d7,123
update/vendor/symfony/debug/Tests/Fixtures/PEARClass.php,6bb8207c9c3382a206e44d874de9a5244e034b8bbdbf1e7ecc4e95999edd89b4,66
update/vendor/symfony/debug/Tests/Fixtures/ToStringThrower.php,e59383f5b086fa84263ace92affde6d0f209a68857ae0bf048c3d736a8e2f32f,541
update/vendor/symfony/debug/Tests/Fixtures/casemismatch.php,8e1fe06e517a75d7b0c13463180da26c68e5ae986efab8b6cdbc29f49b172d3c,81
update/vendor/symfony/debug/Tests/Fixtures/notPsr0Bis.php,e0a85daf495db1d72880955f047030caa41861f4ef6dde73598579776d31586a,79
update/vendor/symfony/debug/Tests/Fixtures/psr4/Psr4CaseMismatch.php,bcef3f208afa2d830f310b952f4ae2744846580052b39cd63a133c09fbd98559,85
update/vendor/symfony/debug/Tests/Fixtures/reallyNotPsr0.php,aade88b68d992dea570f04778e0d5e750944494485f3a1b6ec775bf22e2f4843,76
update/vendor/symfony/debug/Tests/Fixtures2/RequiredTwice.php,bcabb9fba08c2a3ee7225f56ab2f1c8a97283b0e8e20ed8a7a83e2c3fb53d9b2,83
update/vendor/symfony/debug/Tests/HeaderMock.php,ae0e5c517f0d569cae808355ff9152ec5cff728af2941711b21592bc466c1713,673
update/vendor/symfony/debug/Tests/MockExceptionHandler.php,922a5587d50bdcc71047a570862e047d47eaf30d1702fcfa9e4da6f0758a7d2a,476
update/vendor/symfony/debug/composer.json,0f2f7540c2fce71e3d9e950e2614028f79e6d1fda6cfe4f97e349982f49b819e,1000
update/vendor/symfony/debug/phpunit.xml.dist,2bbe96086840f33fead48e9258d2a87443f6d920b331376134708127b06228fb,930
update/vendor/symfony/filesystem/.gitignore,7b3ba9901711eeb5337461d79f2bfc753f605fcaff82e1f55daf05f09e96ea0e,34
update/vendor/symfony/filesystem/CHANGELOG.md,c499145d1351aadef0ae380a58104f598abc963ea1d4c9dcc1aea57d913c957e,719
update/vendor/symfony/filesystem/Exception/ExceptionInterface.php,abdb681fe688560ec00e997d60d10999308d8e33589722be39ca0e6e508680f6,445
update/vendor/symfony/filesystem/Exception/FileNotFoundException.php,b1f6a6625b841848d65eff79423795316c8b5fe8ae2ace2671e0914e70da48ce,951
update/vendor/symfony/filesystem/Exception/IOException.php,113286d2bb25d65a4035996e4097e2be9db287f38d3f7b76511cd2b43310649f,938
update/vendor/symfony/filesystem/Exception/IOExceptionInterface.php,41a12c377c9606abd3d41f7986e5bbe5fc0d7ef9a76beb41a99f8e5ee4ea4909,673
update/vendor/symfony/filesystem/Filesystem.php,9635ae0e44f88f37ef00c8e67e267b449366380f195e8972a346d1b05fbbb152,28153
update/vendor/symfony/filesystem/LICENSE,ba11f6f98ad69d63e38a69107f2f26d935c7948629ba00d5bceaec9f1a9495af,1065
update/vendor/symfony/filesystem/LockHandler.php,2c722868366c3397e1c7015cad240af9fd8580384891a3ad36a22d61529016fc,3355
update/vendor/symfony/filesystem/README.md,c173c7e452b46b7b2d02efd9703b1694aa985b638530a9b2c74fac9a24452433,504
update/vendor/symfony/filesystem/Tests/ExceptionTest.php,e672b6dbfabe75b4967caec511af9db0f68fc09261a35b1367b4bbcff1ccabb1,1422
update/vendor/symfony/filesystem/Tests/FilesystemTest.php,c6c537401d4528fc0cd7ffc4c29a182ede20f0e1a6c6bbcc9616690cd0677309,50953
update/vendor/symfony/filesystem/Tests/FilesystemTestCase.php,168f0c4a465a101a41cbec5a032391255a23d99967c8962f2415286509a50f4e,5044
update/vendor/symfony/filesystem/Tests/Fixtures/MockStream/MockStream.php,4f8e501fa0cc76f1eb798a1c96df4d6fe36111c8ce7e4a8f070ddd054c245882,1443
update/vendor/symfony/filesystem/Tests/LockHandlerTest.php,bb7c88e4370b4b0f39543363f3dd4be4500c4486f9f8b02912cc5887c68f833b,4160
update/vendor/symfony/filesystem/composer.json,0350f462d849f798c5757a2edf36dbd945371143f99bb34c15371cf1d175a8c0,774
update/vendor/symfony/filesystem/phpunit.xml.dist,ef9a07f70ce8a833439e020996024102e9f16eb79c4cf2f9e8b165694f374322,837
update/vendor/symfony/finder/.gitignore,7b3ba9901711eeb5337461d79f2bfc753f605fcaff82e1f55daf05f09e96ea0e,34
update/vendor/symfony/finder/CHANGELOG.md,35ab0cd3db705088fe12338bbb334242d1281452bdf78518ec68b00e5e1bea78,1259
update/vendor/symfony/finder/Comparator/Comparator.php,950efc2c4aeb48472efa7897d601bf8781dfd72b10b895faab90bdee1f10e3c3,2055
update/vendor/symfony/finder/Comparator/DateComparator.php,03f8a126c9c898037fd1986d67ad5d699e044f821dfba166566a462c66991f10,1465
update/vendor/symfony/finder/Comparator/NumberComparator.php,85326d524550c55df50a6c80772836c1770de67a317376553afb32909a3bcbfc,2606
update/vendor/symfony/finder/Exception/AccessDeniedException.php,3226ca3e2ca3f4134848d00be239b0f248421e2e54ed3b29c7164961a8716611,427
update/vendor/symfony/finder/Exception/ExceptionInterface.php,4d55e4b394196ea263f37ff6e3d9bb128aed1fbe23c5cfcab8102d7170d42d38,546
update/vendor/symfony/finder/Finder.php,e0f0d78d62e71375eedb0db865a921b33cc4bd568ba85c1ba805ffc3a03c203d,19101
update/vendor/symfony/finder/Glob.php,bb5ef5e1e787e5784940f7479d8c0b34c92e564a0fb3007b0f921bdf7f5878e6,3797
update/vendor/symfony/finder/Iterator/CustomFilterIterator.php,8d29e5407a1d35c225b8e75b92ce9d85533021a89c1d3309d27c6b7b8529eca5,1543
update/vendor/symfony/finder/Iterator/DateRangeFilterIterator.php,b625e2374dae900ebb6c71523eb131dd72b692f2ccee1a5d5ba7173dbe0f1617,1477
update/vendor/symfony/finder/Iterator/DepthRangeFilterIterator.php,e2114055aecf3ab9d7365b46bc25bd936e8e317069b132dfa73cf37c060a330b,1253
update/vendor/symfony/finder/Iterator/ExcludeDirectoryFilterIterator.php,b26b6e8cdfc7efef61555899036d5c91a63e5de2883ac302b43eefb89d858127,2496
update/vendor/symfony/finder/Iterator/FileTypeFilterIterator.php,7e67047edf3f83bb3ccffa1b7f5d4900495e190c492313198b3311cda3942ea2,1369
update/vendor/symfony/finder/Iterator/FilecontentFilterIterator.php,dc979b1c909ba4333727e6f481961fff1498bf8193e792d6de12060830c065ef,1446
update/vendor/symfony/finder/Iterator/FilenameFilterIterator.php,2feef601a7914841ac197b9468d9cc5409c2bae7164cf83e5592af0e693d45b9,1173
update/vendor/symfony/finder/Iterator/FilterIterator.php,1194c8b8b8b3e2ee3cf2c702ad9653fc1236fa377a73ca4e94037d61a84880c5,1686
update/vendor/symfony/finder/Iterator/MultiplePcreFilterIterator.php,583f6efd14a10182159d8ea65364cc156d55d9809077c1b967e23f9e3d9ad2b9,3256
update/vendor/symfony/finder/Iterator/PathFilterIterator.php,1f45a9dd8eb0354086e4b66c48c96df313c007666b5afb571ab287fdac3017b7,1450
update/vendor/symfony/finder/Iterator/RecursiveDirectoryIterator.php,ea67f4e0415429c35fc6a3416452c456938de3358c07b39fd3f0c50f386d9d52,4602
update/vendor/symfony/finder/Iterator/SizeRangeFilterIterator.php,fda872820abd7d45f8a9ca77cefd98eb1cc18168917aef3c5078476ce9610e22,1442
update/vendor/symfony/finder/Iterator/SortableIterator.php,7ea8d211ac20350c61e0083cfb4424e363ab400d6c24473707cdb948a68f704b,2615
update/vendor/symfony/finder/LICENSE,ba11f6f98ad69d63e38a69107f2f26d935c7948629ba00d5bceaec9f1a9495af,1065
update/vendor/symfony/finder/README.md,aef9da58efe03907bec4b3d4894d7f511a65e07556f47d467e1e81bf3206a7a3,500
update/vendor/symfony/finder/SplFileInfo.php,a528fff4a1e4825eb47ccdbdb610c37455ef7ca65e7f33b03ad47bf079f5fe98,1909
update/vendor/symfony/finder/Tests/Comparator/ComparatorTest.php,b778e3b57ceae4e007c12a4afbc6eacd4ac3adeb4fcb276124487afce7d6da94,1955
update/vendor/symfony/finder/Tests/Comparator/DateComparatorTest.php,92567423aa81750c705296a0adddca262d0c2b400e3faa51c56bf0f447b87588,2448
update/vendor/symfony/finder/Tests/Comparator/NumberComparatorTest.php,b049e2d805715e4e675ca2fcc9e00f4abd1de7372b9b16d5dab2cd5d6351a7a8,3669
update/vendor/symfony/finder/Tests/FinderTest.php,3be32392943ed975f8039a2dbdd96303a7d2824faff91edfc556533f83cdfa16,25894
update/vendor/symfony/finder/Tests/Fixtures/.dot/a,e3b0c44298fc1c149afbf4c8996fb92427ae41e4649b934ca495991b7852b855,0
update/vendor/symfony/finder/Tests/Fixtures/.dot/b/c.neon,e3b0c44298fc1c149afbf4c8996fb92427ae41e4649b934ca495991b7852b855,0
update/vendor/symfony/finder/Tests/Fixtures/.dot/b/d.neon,e3b0c44298fc1c149afbf4c8996fb92427ae41e4649b934ca495991b7852b855,0
update/vendor/symfony/finder/Tests/Fixtures/A/B/C/abc.dat,e3b0c44298fc1c149afbf4c8996fb92427ae41e4649b934ca495991b7852b855,0
update/vendor/symfony/finder/Tests/Fixtures/A/B/ab.dat,e3b0c44298fc1c149afbf4c8996fb92427ae41e4649b934ca495991b7852b855,0
update/vendor/symfony/finder/Tests/Fixtures/A/a.dat,e3b0c44298fc1c149afbf4c8996fb92427ae41e4649b934ca495991b7852b855,0
update/vendor/symfony/finder/Tests/Fixtures/copy/A/B/C/abc.dat.copy,e3b0c44298fc1c149afbf4c8996fb92427ae41e4649b934ca495991b7852b855,0
update/vendor/symfony/finder/Tests/Fixtures/copy/A/B/ab.dat.copy,e3b0c44298fc1c149afbf4c8996fb92427ae41e4649b934ca495991b7852b855,0
update/vendor/symfony/finder/Tests/Fixtures/copy/A/a.dat.copy,e3b0c44298fc1c149afbf4c8996fb92427ae41e4649b934ca495991b7852b855,0
update/vendor/symfony/finder/Tests/Fixtures/dolor.txt,20ea8350a4015450bda0ca6337936d7e5e720fa74b21e8d5aa0c252c1a9696d4,29
update/vendor/symfony/finder/Tests/Fixtures/ipsum.txt,91c34b7422b36d7b29d35ab73294f8a65b8e2235cf520c7531a7163cf56cc023,41
update/vendor/symfony/finder/Tests/Fixtures/lorem.txt,33049ba6cdbd9a89bcdcb60d95ee09cb7c1e41f7bbdd6098bcc0215e7dafc952,53
update/vendor/symfony/finder/Tests/Fixtures/one/.dot,0ce4e5a50a79574695e2224fc6b38e38d8be3c660821d81fcd7df08cd0677edf,4
update/vendor/symfony/finder/Tests/Fixtures/one/a,e3b0c44298fc1c149afbf4c8996fb92427ae41e4649b934ca495991b7852b855,0
update/vendor/symfony/finder/Tests/Fixtures/one/b/c.neon,e3b0c44298fc1c149afbf4c8996fb92427ae41e4649b934ca495991b7852b855,0
update/vendor/symfony/finder/Tests/Fixtures/one/b/d.neon,e3b0c44298fc1c149afbf4c8996fb92427ae41e4649b934ca495991b7852b855,0
update/vendor/symfony/finder/Tests/Fixtures/r+e.gex[c]a(r)s/dir/bar.dat,e3b0c44298fc1c149afbf4c8996fb92427ae41e4649b934ca495991b7852b855,0
"update/vendor/symfony/finder/Tests/Fixtures/with space/foo.txt",e3b0c44298fc1c149afbf4c8996fb92427ae41e4649b934ca495991b7852b855,0
update/vendor/symfony/finder/Tests/GlobTest.php,a86abf7dc73842e9e5605e94305983a2a5e5159512e575c8a470c986c3523d3e,3132
update/vendor/symfony/finder/Tests/Iterator/CustomFilterIteratorTest.php,75e00bab452f1a2c994a42c685f9c665d9b422e4a6c28b1514ab45ef1b08c17d,1256
update/vendor/symfony/finder/Tests/Iterator/DateRangeFilterIteratorTest.php,3797b4327d25a0b17fe98c9fd6fb37b7a3f358a4e4da73abd734371ccb1b1e61,1902
update/vendor/symfony/finder/Tests/Iterator/DepthRangeFilterIteratorTest.php,c0115decb0c040644b9f5a5472a39dc709e4b95db3d4ff9881d6bfb9c3724568,2163
update/vendor/symfony/finder/Tests/Iterator/ExcludeDirectoryFilterIteratorTest.php,cf0947ca27cd1c3122bf7ffd27a709cd15ebc92bf6b5a0cd5f88d44b358b4a14,2005
update/vendor/symfony/finder/Tests/Iterator/FileTypeFilterIteratorTest.php,e27b09149f18b29c404210e9471a12b8c33e3403f29084a32d178eda60bba2e1,1639
update/vendor/symfony/finder/Tests/Iterator/FilecontentFilterIteratorTest.php,e6396d487e2a8301a2a7a019bee89c53302aac2bbb48a1e9abb6499ffa68f248,2674
update/vendor/symfony/finder/Tests/Iterator/FilenameFilterIteratorTest.php,e12a1d5eac961f3acb36804c4ab1354a7cd419347a13644eaf61123bd444753e,1528
update/vendor/symfony/finder/Tests/Iterator/FilterIteratorTest.php,29502af78535aedca1e5030bc4ed7c25c6045fb23cdef451a7060555b82c76b1,1365
update/vendor/symfony/finder/Tests/Iterator/Iterator.php,51b847dcaa661c9fc38479ee4d0be443cefd8b44558957fc7f7d81252d3f5cce,1041
update/vendor/symfony/finder/Tests/Iterator/IteratorTestCase.php,82ae369e53f0c46128701b016b6835f6e05f131367f5b376ae5bc0fffc280f4b,3444
update/vendor/symfony/finder/Tests/Iterator/MockFileListIterator.php,ad2cce7c161f71909461cbf6467e6a822e8e4edb2b655bbd6c37514e980f6209,552
update/vendor/symfony/finder/Tests/Iterator/MockSplFileInfo.php,0c37ba1cde6f1fd0f65a192c8564b2ef2931f2e62a0fb11596d022710cab8a45,3330
update/vendor/symfony/finder/Tests/Iterator/MultiplePcreFilterIteratorTest.php,406035601b399ad33388f64ecce73780958db98d0d0496c96d3526a3825c5f86,2311
update/vendor/symfony/finder/Tests/Iterator/PathFilterIteratorTest.php,6522a717f45e80c8c09bb705e49ea29ce2794f4dfe29f37d67feaa347857efd5,3229
update/vendor/symfony/finder/Tests/Iterator/RealIteratorTestCase.php,efb90e1ba422f6b366109588357cf6b234930d51d30fc31a52665d028dda45b0,3029
update/vendor/symfony/finder/Tests/Iterator/RecursiveDirectoryIteratorTest.php,4edb6161f10a6cd575ef36bb22f01d21375c779c363df9c185ea7f59e872cba6,1554
update/vendor/symfony/finder/Tests/Iterator/SizeRangeFilterIteratorTest.php,b49067f51c5f184fb4d92a665f79c6ee18aa44bdb39396689a182a28e5d0a8ee,1562
update/vendor/symfony/finder/Tests/Iterator/SortableIteratorTest.php,a29f70996808aae2c238a33a10f42456cfe48950ecee441e1b5c784131a1bfbb,5747
update/vendor/symfony/finder/composer.json,c48a69513cd6eb50342cf24cc509fb2e3a4e7ad9684733a00e516d84ffd8f8e3,762
update/vendor/symfony/finder/phpunit.xml.dist,b283e72e010b3395d5981fa96595bfe07af5be4ed5ff64c51e614194b9fc49a7,833
update/vendor/symfony/polyfill-mbstring/LICENSE,7967dcacd45fd1dcca65ccf7c719ea00fb3375e3ea7aa357bb3329b737c7da51,1065
update/vendor/symfony/polyfill-mbstring/Mbstring.php,92a28de390970ff9f1139ebae52d7f5ce086a32ebc5c09ad4b18498d0dfa27d5,22122
update/vendor/symfony/polyfill-mbstring/README.md,74a6cefb78dc6b1447f9686cc2a062112027c8d2a39c4da66fd43f0f2bf76c3f,371
update/vendor/symfony/polyfill-mbstring/Resources/unidata/lowerCase.php,dae2a4d5c9012e1898abd8627f443a4b09d52952c6aa5613478bb57a78c298d8,18874
update/vendor/symfony/polyfill-mbstring/Resources/unidata/upperCase.php,1f88eee4a1407eac52a8cf964cc3f6ac363e9dc134626ca95b1f97da575d3463,19001
update/vendor/symfony/polyfill-mbstring/bootstrap.php,a01b78d49658e49d7febfb1b4677c96721703c983fe8556055a79ecb19cdec5f,4391
update/vendor/symfony/polyfill-mbstring/composer.json,77d4f1b6497767d7ac9b40725ad216ff69e19dd5e3050bad827aad4c6097a127,879
update/vendor/symfony/process/.gitignore,7b3ba9901711eeb5337461d79f2bfc753f605fcaff82e1f55daf05f09e96ea0e,34
update/vendor/symfony/process/CHANGELOG.md,6bd4eff0015f26273ab496b107bbdde56eccdb3cee9405c49475b8d04f336e3c,1516
update/vendor/symfony/process/Exception/ExceptionInterface.php,7b4940bdc17b1d5ba14d63d963b160af53d08794919b96437ba8dd7b00bf8938,431
update/vendor/symfony/process/Exception/InvalidArgumentException.php,804a50e6fddbd347ef2e58ce1e517bb9b5c0e6e85f3e180aa737a309efa275eb,496
update/vendor/symfony/process/Exception/LogicException.php,324d0170880899015dddab3d4bfb41586358c9052b7996bd7e691d5ab7ac7a59,466
update/vendor/symfony/process/Exception/ProcessFailedException.php,dac064bb55aec8cc959a5a2855fe4be43cd6e40ccd3e5d92a9aecd82693e87f0,1421
update/vendor/symfony/process/Exception/ProcessTimedOutException.php,5816fc5fc006a61e40b838fcdbfd04300e98fae517591a3ba8aeba989966a7b7,1659
update/vendor/symfony/process/Exception/RuntimeException.php,6a030facd29abdb91ecaf44baf3f0f9dd210e3085e1928f153a721229a253d84,481
update/vendor/symfony/process/ExecutableFinder.php,528b5b23d8de1bc962823feadc8c06aaf8c13abb42674ee82aaee2dd1083b349,2599
update/vendor/symfony/process/InputStream.php,5ce50d842e8da3bc3f66101434fc246abdf29848e9eab4f5ec7a96aec5704dd7,2204
update/vendor/symfony/process/LICENSE,ba11f6f98ad69d63e38a69107f2f26d935c7948629ba00d5bceaec9f1a9495af,1065
update/vendor/symfony/process/PhpExecutableFinder.php,d96a2ad484c8fba3f84b5ce066343550a12a13be7ffa694bffefd2c502694473,2254
update/vendor/symfony/process/PhpProcess.php,df131e897fa23a1771d44d5e9d409cea89effcc7842b87a52f57a4d6724a11d2,2518
update/vendor/symfony/process/Pipes/AbstractPipes.php,51a6187c09e60aae11f1f13d20e5d8350b76ed804a5e9863a61e623909408777,4872
update/vendor/symfony/process/Pipes/PipesInterface.php,4b9da38d7502928418068f44593c743c0aad22f588305a6016cf46df0f31881f,1528
update/vendor/symfony/process/Pipes/UnixPipes.php,b01fb051c9ff3469e491b6c4e343358db09a7e8e8103aa4f8fe673647ef38807,3660
update/vendor/symfony/process/Pipes/WindowsPipes.php,4901789542e7c8ec8954a889c5bd7886959a84f172e0ad03323fada4e0402056,5644
update/vendor/symfony/process/Process.php,16f962517c2cbb6935b0ef5374b3a091324c05f5cc1598d5cc0eda8298f8215c,56131
update/vendor/symfony/process/ProcessBuilder.php,80d5a4287cd562ffaf8f2ba1ecfeb99c239a31a24e0de83e536c239e46dff052,6879
update/vendor/symfony/process/ProcessUtils.php,448084a96ef0066b71fad8c589bc54c506b61ec62db840ea4a2920655cb10605,4025
update/vendor/symfony/process/README.md,a2d777c3d1aab1c975834295869503ecd3ac6ab573682a519be82a9df62766bf,477
update/vendor/symfony/process/Tests/ExecutableFinderTest.php,9619311d7dfaab6e05b3f43b165a2776bf0ad23958b0b6f6d9d09cc5d45e3136,3605
update/vendor/symfony/process/Tests/NonStopableProcess.php,319796d60866a4795ecca592ad7ddd4aece11b0536a552016da2ad1ef752a6eb,1061
update/vendor/symfony/process/Tests/PhpExecutableFinderTest.php,ddae2aa5a24a47e5056c975ed1f91f734f621e35a4d0e4d0f2212cc661a2e9b8,2191
update/vendor/symfony/process/Tests/PhpProcessTest.php,8791e07d86a82c4497176d2635ae7cc816dd7c4058b70925bc157b29db94ba3e,1287
update/vendor/symfony/process/Tests/PipeStdinInStdoutStdErrStreamSelect.php,fc549609137056d113f69fe9e522d2da008aaef17fa8b09efb7c31f5e9c44151,1753
update/vendor/symfony/process/Tests/ProcessBuilderTest.php,5f1e2a7a64c450901519d1a55c9133b20abc4500a6fcb5eb517a0b054542e959,6892
update/vendor/symfony/process/Tests/ProcessFailedExceptionTest.php,4010617cec68bbd53898df266430e06333b456b1df7ed0e39382b20f7e5cee8d,4894
update/vendor/symfony/process/Tests/ProcessTest.php,f8bb38ea02798c2988a2eac0c05eaebea213cebc8d3c5c744461d307be60cbd6,48925
update/vendor/symfony/process/Tests/ProcessUtilsTest.php,4b4eed2f3bbe9d249c760d2d82b3f1ee3725dd9d9e522e802d58ef43bcadb6b5,1500
update/vendor/symfony/process/Tests/SignalListener.php,0f2e9c9fc2104be766fbf10ae29efa4c792ad6bb69c87b3852e49c4810f94787,398
update/vendor/symfony/process/composer.json,4342ef8ea550bbceadda7e101c1c52ee1a7534ba44c813ae543cf445f456533b,765
update/vendor/symfony/process/phpunit.xml.dist,310cc3c39db3840e628355029e74b6dabe74a06c73c2de1efbf14b990fa00268,834
update/vendor/theseer/tokenizer/.gitignore,5a0d7df925b7fb625d4bf8b9600db7554915c3e6f47b48ce46594e7e6f18d21d,77
update/vendor/theseer/tokenizer/.php_cs,c3bccf9cd2969e80d4042005b3aceafca36d35e491772ec1710210ad36f7d780,1941
update/vendor/theseer/tokenizer/.travis.yml,2e34649e1e1adf24b88bcd7f42c3a24ab4cadd6c3eaa81f1e8d281ce18c4837b,533
update/vendor/theseer/tokenizer/LICENSE,2820584a513c2547c81656abe330f414b4b395994d552f4c5e13c3d6e9279a90,1532
update/vendor/theseer/tokenizer/README.md,6bc54415553b1ac2549b42644a14139fa48718ec4f200759bf596b8982eb3d90,1799
update/vendor/theseer/tokenizer/build.xml,86642613d73798107b10ed84b98ee35997a2a87dd646023184c17cf9ca3d26d0,1615
update/vendor/theseer/tokenizer/composer.json,33fa65e9ca5371ded34152c26607828a4696116b83e1d07c429c8deb0a75e404,554
update/vendor/theseer/tokenizer/phive.xml,9fb68cbc0b0a833deecac5f7ede9c05b63f63cb2ccddf8b50a4ad34ec5054974,257
update/vendor/theseer/tokenizer/phpunit.xml,6bfffb0ae796f15af0cd3173860de94e8eb4cd76aecb80c041e414b082d23be5,889
update/vendor/theseer/tokenizer/src/Exception.php,b186842832d6403d06c195652e862fa1115867e49fbec4313c5dd373c0200a7f,103
update/vendor/theseer/tokenizer/src/NamespaceUri.php,12d5e9516e8b5a91f1375dc42b47e0e8c625c5c75c6fd691827a4a8c7a3b62a6,631
update/vendor/theseer/tokenizer/src/NamespaceUriException.php,0567fc7af6d066d629583401655917bfa8e080d762589a21d04512229e8083db,114
update/vendor/theseer/tokenizer/src/Token.php,8852980f37e6a1074c1cb252607ea29eb65c863bb79db3c7d95cc59041eb6f0b,881
update/vendor/theseer/tokenizer/src/TokenCollection.php,fe513e57a7bcb1e845d04e46de8fea9b4a94e6278ee06fa6d50ff17e606fdd97,2674
update/vendor/theseer/tokenizer/src/TokenCollectionException.php,6327b20f94d1a204c7567b33a1c015ca932ae96f3e9d9164f7368ae11c845bc4,117
update/vendor/theseer/tokenizer/src/Tokenizer.php,36f829f6962222b29dc6bbb50221dea861961d04e4ecee3ab0f25625c2afef74,2029
update/vendor/theseer/tokenizer/src/XMLSerializer.php,33c34a564421ece496e5301799524f7a64271cf7bbd43fa0741c2507dad81efb,2435
update/vendor/theseer/tokenizer/tests/NamespaceUriTest.php,ba0091cd9ab371e3161fa45984adafd1c0f534e053611924e93a5f11558c3503,728
update/vendor/theseer/tokenizer/tests/TokenCollectionTest.php,480c82e36781e7bb178486716777ada01f2aeef15c40bbb18f6c751e421f089e,2230
update/vendor/theseer/tokenizer/tests/TokenTest.php,9552b00ccce8877dd5da134374381147fe3df3af63cbeeef45e7b253e6a49f2a,758
update/vendor/theseer/tokenizer/tests/TokenizerTest.php,393916ca1acc3528e7623930e920bdf934151c398a2d031dcf38120184fea528,565
update/vendor/theseer/tokenizer/tests/XMLSerializerTest.php,acfa135e6dd9fa50828e2e6646bef6f00a06b8829d17c9898bd37fc6f48a6914,1305
update/vendor/theseer/tokenizer/tests/_files/customns.xml,7b1ad94252d9d2e0c04bcac95b8ad294595972c74323bb16d59eb9af896bea76,5857
update/vendor/theseer/tokenizer/tests/_files/test.php,090d393c52992086189ea25eaec8b590839763300bc15637634500d95cdec997,420
update/vendor/theseer/tokenizer/tests/_files/test.php.tokens,3e254d2cc4bb192170c8b6a64cc123c657127317201283c8c828e10a4517bf61,29474
update/vendor/theseer/tokenizer/tests/_files/test.php.xml,0398ba2bc8771afdba3b2282799593b9fc66b44fde674f4ec381d569a1fd9c2b,5873
update/vendor/webmozart/assert/.composer-auth.json,2b6c97c38835f7fba51e2f652d2e9131b051bfbd019256adf2edb798cc22107c,267
update/vendor/webmozart/assert/.styleci.yml,7dc188a6421269e261346eb4f4774c4336b2c5f1235b09b13b07deba3de3665d,200
update/vendor/webmozart/assert/CHANGELOG.md,e445f5bfdc5d92cc135f1d51379869d15cf874d22391eb54667282e328ce3331,1094
update/vendor/webmozart/assert/LICENSE,5f82f5e664e8683e3d97d3bec6f74620b9d0a4d8669f9e617da96bce8767d4d3,1084
update/vendor/webmozart/assert/README.md,157b7aca28cd707c272c6d486de2d5c265d4ecbf72681bd07e041c26c8d638e3,12869
update/vendor/webmozart/assert/composer.json,389b48b7ce0a75889b51819c5490dea8f5084eb1e7019fb2da03a12fb42ed6c8,781
update/vendor/webmozart/assert/src/Assert.php,7105476c8393bab68d598919c43fd11898022bb712e30ed90b5c6251f923dc89,37435
