path,sha256,size
Api/AccountDelegationInterface.php,c9fda9c9fff71d92ae9861ac4d53c471ac61c3d61ba010115a08bf9ae7ba944d,789
Api/AccountManagementInterface.php,5a674555f6828694117d5198841df2e4d375b9eaf503e1aeb8a964cf4fa4b1d0,8359
Api/AddressMetadataInterface.php,c0c9d9897d9f26ff3bc76413d8bc33f8cce9c2c9893213ad79ffc8cce8e76ea9,499
Api/AddressMetadataManagementInterface.php,0e7e248a83fe871adb7d2b81b8f4496720959f64a2eaf77027dfe4aa0673825d,373
Api/AddressRepositoryInterface.php,4e60f366fda834a02fff20ac5624d1e000981819244e38993618605b779043ee,1826
Api/CustomerGroupConfigInterface.php,e0b52ed094b44de1d83d3703f8b7ba9c82a5f1d00b081a3f6d63f634a2aeb74d,662
Api/CustomerManagementInterface.php,f2667d58e572962e84f9e7bd914cb8245478283dee155b5904cde96f39bd1dcb,332
Api/CustomerMetadataInterface.php,d7e854bc9178eab7d85b340a06d6095916344af7649f4b7c5702711e44c7ee98,487
Api/CustomerMetadataManagementInterface.php,4d20b335678e950bda96789385a6907741046319b1cbd5e030855ec927cc8903,359
Api/CustomerNameGenerationInterface.php,95438ffece3b61a152a79b2c5e8e4389a7c6bc1071f31696d6eef85d99277c30,571
Api/CustomerRepositoryInterface.php,e0c306ed0793c9fd2308004e92e463ddc852a957aec10ad0637bf0ae12dfe343,2930
Api/Data/AddressInterface.php,b947f45c54bb3902afafd0596339914dcb68312e48987ea0f0aa26984712ee22,6481
Api/Data/AddressSearchResultsInterface.php,38001ff2005a7fa5990fa1a9eb69a3cebe41ae79044d326c5a119f0df3f556a2,670
Api/Data/AttributeMetadataInterface.php,c7476f99eea9a840140614bcf494ed3f2e1c1deaa7f78209921746c45a0e621e,7608
Api/Data/CustomerInterface.php,9d9f018f16ec02acb98f44dea327bdea98bbfbdafeb9712fead8018b16d9590a,7178
Api/Data/CustomerSearchResultsInterface.php,18004d448ba3bb72e65f6b06a3234094e5268f11c35f143d5fe22835b0d8691b,647
Api/Data/GroupInterface.php,79296af1364087bcf4499ef413e771b17abd7cb0c7ee881ab82eb4734786a62e,2089
Api/Data/GroupSearchResultsInterface.php,33066d3cd46fb6c4e05092202ea9ad334fb3da7f640264d1e7ac9262b0e69230,669
Api/Data/OptionInterface.php,872024a0e663df4fc00f3cc62c3001b5ce52e6f7ff69662f533dbeffa1ee01a0,1211
Api/Data/RegionInterface.php,269bf492decb51a1d576de3dfe0fcb9208d78759cf3cc71df243d479f84af321,1777
Api/Data/ValidationResultsInterface.php,c61954b30895fc9ff0d399eba308afb639a5168d6401ea25e81e4e24dc1e5aee,1034
Api/Data/ValidationRuleInterface.php,892bb0d9d4928fd009dfa9821e27742aabc52b0db6f2ffe4e88d0e981212258e,877
Api/GroupManagementInterface.php,a112102fb8a1b779a320af659874596081088385bd71590e953ac1d28b9d23cd,1711
Api/GroupRepositoryInterface.php,9890914c5e1757c7a23eff99a2946da48245869cf04cf5180ee706e8a864e614,2890
Api/MetadataInterface.php,857261f054fe984b439c1a8f0a7c3105e44005ba49ad01695993b91e0abdf9d8,1600
Api/MetadataManagementInterface.php,9148dfb11084254d52cb8cf345901ba55ca87eed686d9b6222eccae3100ceada,985
Api/SessionCleanerInterface.php,8abae7d22b763a76c9c41ed3ea9d5e9e971912a7c2bf8326a9885f827f197fdc,486
Block/Account/AuthenticationPopup.php,34e4464c48019dae8f00f7cff3e447b50e6a64b1366a2fd69e7ae1681314c896,3088
Block/Account/AuthorizationLink.php,24504129adf89503107e75e08c62dc43146e6862d9e98d1c43f8297c40983b3a,2479
Block/Account/Customer.php,4c0502e20d4f91bbba280b7bf7c39d37f6c655f479b110eab891728ec7e04684,1293
Block/Account/Dashboard.php,1506b3c28bde81dd7495597fd38fc157e7357b598e4aa0d591781bd675c82167,6593
Block/Account/Dashboard/Address.php,6d758dd110de6e65371fb4b3bcfc4df42b23181d67270c7a786a6290dfc12f55,5093
Block/Account/Dashboard/Info.php,2243d533564754882341c6995751a471f3a1d30a4c1aa1267e81fcbcdaef805c,3779
Block/Account/Delimiter.php,734ca5674d60e0c251367ba37462bcc8c8309448fe80ae7695b1e9d46c96bb82,463
Block/Account/Forgotpassword.php,f569115c4aec7083c3b0dd4689864c12b9a0f345927dc2aea40a26256570c617,935
Block/Account/Link.php,d0dea1b29fa803f738adc8ff5019cc699dbf76b00563ec82146d44007bd7eb76,1219
Block/Account/Navigation.php,52878231a6c3a2eba738a5a9014b3009470e96227a6fc365800d521acb087237,1306
Block/Account/RegisterLink.php,f65e3c6b8b0c49d3f7aa9332c73b0c79a4122f7f48a6540e36b6c47b0dacddf1,1868
Block/Account/Resetpassword.php,242eecb508c171765653590935b0fd9786f4c23c02b5cdcde4ef7427f1035169,1230
Block/Account/SortLink.php,35ac62d510c0a5f08feb4128ff8459ce9561a4ff8432811ad502a297d6771ffe,425
Block/Account/SortLinkInterface.php,04e2d8a201aadf03f88e3eff6fbcc6e3b68557d173051dc9dd6ac1c73d589f67,490
Block/Address/Book.php,0bc9845b19cda8e7c408e8331be266fa96c560914d555a3190f2d07547317154,7137
Block/Address/Edit.php,c5602270bc00f4307869fd1e2fb86ee360ab12e6aad4c7e67533359b15d958c0,11628
Block/Address/Grid.php,433038a55fb10ab1c42e50757825ce455dae55045626e16df6f7e1fb7b647df1,7568
Block/Address/Renderer/DefaultRenderer.php,c4d735b13aa0e85333319a7c61d840085ae3777444e6f1853930f5b8db66d8c0,6489
Block/Address/Renderer/RendererInterface.php,292857d8bb8beeb8738d1ea2eb40382d12bb2492456f4a706e7f2b00ff195a40,1481
Block/Adminhtml/Edit.php,b516e92ca9e1c11edc0a64acb737afcfed02ddf985d8c4609ca8e36c9fcf3256,6900
Block/Adminhtml/Edit/Address/CancelButton.php,97abbcc30c4067dfd4461669201986c28ceaef63b674b40496194422e86fb095,1163
Block/Adminhtml/Edit/Address/DeleteButton.php,6fa7aee2129547c5887cff0c7b919a6126cacebebafcbdc17703fc970de6c078,1934
Block/Adminhtml/Edit/Address/GenericButton.php,ac8a08f97cf4c0519f7aba8ee02e56be00d21e9b73ae191adcc34e1f624372cc,2629
Block/Adminhtml/Edit/Address/SaveButton.php,2bcb5cef9ece6a72b4dce8b23aa272ee7f4a1709e52d24c8b386015dd6faa0bf,830
Block/Adminhtml/Edit/BackButton.php,c74eee39173edb887093c7a81ef23a057eb6a2ee639386b55075d8fbc7561ea6,801
Block/Adminhtml/Edit/DeleteButton.php,4590c1ced2b5b956ba15313f3480f003fbc86b3a5ccc8646b4a8b671557b8551,2081
Block/Adminhtml/Edit/Form.php,014e44c5ae1cf52f8f72f48f3277751c5de928cefce91f08459cc6dfb278b4be,2870
Block/Adminhtml/Edit/GenericButton.php,d0d7b323c18648e091104bc45bdecdb4c9d7b72e4f1235fd8aa7c843858e3e6d,1412
Block/Adminhtml/Edit/InvalidateTokenButton.php,30b3a7a90a8c84163628457fb082dcf65cf91ad9ea5e7156d8d018a805dd6b7e,1355
Block/Adminhtml/Edit/OrderButton.php,d5dad162e15cffbe77abbd9bb8e65e0a8fac94e8ce63bfd5f5850d9065411f5e,1623
Block/Adminhtml/Edit/Renderer/Region.php,d07cc090cc6646e167b61ad1dc20d0f4310064ab565f626b7cac5ef991612707,2897
Block/Adminhtml/Edit/ResetButton.php,2f83b7c41d07cfe4cfde8380619b16e329d497053f78a2c33b9851847d2244db,582
Block/Adminhtml/Edit/ResetPasswordButton.php,f1487ce2787dac6753bbf44e1db334862e6ddee025c068b4b10b4093408469b3,1190
Block/Adminhtml/Edit/SaveAndContinueButton.php,73abd172bb05c0177c849b7324e5ec468bc02ab45a19eb93f9f8b95cc7a86df9,1743
Block/Adminhtml/Edit/SaveButton.php,6d145b42ff9175a725aedf08fa36db585d64b55daeba9e0ae127b86febd0cc7d,1751
Block/Adminhtml/Edit/Tab/Cart.php,43d43867c48e66e59669942dae041903f8dd57d0346332a0222904175e61d57d,9208
Block/Adminhtml/Edit/Tab/Carts.php,ab71b0247f8ef2edba7d49480e86b02680c2d8df9a27649d4915bc6cd0c8c752,3208
Block/Adminhtml/Edit/Tab/GenericMetadata.php,25a2c8a73c9392c9d0663afc7428e51fb6f9b5b59d0276314ab38309de9a9c2d,4428
Block/Adminhtml/Edit/Tab/Newsletter.php,6e76a6e9a7d21efa0ec33175b27de22b1e8422ca5e449de4ed1398f911813672,6332
Block/Adminhtml/Edit/Tab/Newsletter/Grid.php,3e99ebd6c9ee85604af6d64f5d4512160af2a4ba72a41b07bcc441df712417a9,4503
Block/Adminhtml/Edit/Tab/Newsletter/Grid/Filter/Status.php,6d8f7aa64335d4438b95025c23b524505043c439257d3a30a4279e15b4d0bf5a,1304
Block/Adminhtml/Edit/Tab/Newsletter/Grid/Renderer/Action.php,4238d75e76f1c0a8985d42b8fb5ccbf35261d24f3f5473246563a39f567e4a5b,2715
Block/Adminhtml/Edit/Tab/Newsletter/Grid/Renderer/Status.php,949065f8d4de3decc0bba6451bca19308c4a2cd27cf97aee9894f41fbbe433aa,1521
Block/Adminhtml/Edit/Tab/Orders.php,4dd3760c1e8f3cb2b6dbdb340057a82e4969b5e32bcb993c107d6d25044390f2,5152
Block/Adminhtml/Edit/Tab/Reviews.php,a8fd49c1a1beeb5b572ca222b2b2e3591aead99b33c44ef970bdfd9a3b4c8b76,676
Block/Adminhtml/Edit/Tab/View.php,e3988818e3bc3f4dd9776ae88ba2568f0308c6750607040b77f6e40841b0ccd9,2168
Block/Adminhtml/Edit/Tab/View/Cart.php,e82a896e22475a429bd528dc23f68a375bc77dda3685abcfd1985bd12b414f23,5354
Block/Adminhtml/Edit/Tab/View/Grid/Renderer/Item.php,a1a935d38c38dd6e924d7ee62bb19cdd55df277839a5bb177f24cf6630354f7d,4671
Block/Adminhtml/Edit/Tab/View/PersonalInfo.php,1175f06aa5960b82488a588809315f409b4d379bf7ac8e68dc70124db7771167,13339
Block/Adminhtml/Edit/Tab/View/Sales.php,7ebfaf148e42bf7c02f5cbeaf8206cbfa2d8c6583a6803ba62deb23c9a23ce73,5138
Block/Adminhtml/Edit/Tab/View/Wishlist.php,b5a5e421a15e04f1028fb6ff335ca2337a87aa77b3ab5af2ad30969709f213be,4065
Block/Adminhtml/Edit/Tab/Wishlist/Grid/Renderer/Description.php,81dc46e5eda0cf53c2fdc3dd3f3e87b60936ab1c30e239ec7a6e35ede62aa6f5,660
Block/Adminhtml/Edit/UnlockButton.php,b3482a120d0a03db65398405e213911d6325dadf341a630cd6896908911dcc5b,1919
Block/Adminhtml/Form/Element/Boolean.php,6644c57dfaacb16e91c1c0c12c730da4e4436eaa2bc293cafac6f979e2b0b5e4,608
Block/Adminhtml/Form/Element/File.php,c84b5e97cd66f6d80976fb5eb86050a1897c73efeb483a8ffdd25fe9b1d93b46,6425
Block/Adminhtml/Form/Element/Image.php,b525c1028c35762755422c4e9ff54406e104be9a8774e0cdaaabe4bc21b3e9cd,1999
Block/Adminhtml/Grid/Filter/Country.php,8579b73baf8638e11b2bb773bc99ab0cfd90bef866b7c4fdcc7bd4b625b1f918,1389
Block/Adminhtml/Grid/Renderer/Multiaction.php,8d8b98b01653ff72cd8fd838b44ee731f15636d53fe9fba614f7d7d697b1c05f,2026
Block/Adminhtml/Group.php,373bd32c626ae6bb7efd0a4c109e6523ebecc65e6d5a6911d5f630d83c12e50a,874
Block/Adminhtml/Group/Edit.php,695b2b12754f18c604d073bdc2cab365224e3074359c4cce4edc4fcb57dbf132,2926
Block/Adminhtml/Group/Edit/Form.php,946fd6f52498cdac2f9c7dafb9d699278062e747443dfa6a8425ce0dc759d1af,5066
Block/Adminhtml/Sales/Order/Address/Form/Renderer/Vat.php,b7aae86589aaf2b4d3c5d6ed9e8a7c870bd99cf3eee60fedb521d3d55376fdc7,4164
Block/Adminhtml/System/Config/Validatevat.php,a16e04859e01f7a4e0f18c15c0ee0d54cee65a6dd56803391839fd7d70ab82e8,3632
Block/CustomerData.php,bacbb0642925f54f8016e7f0bf4afdc4d1306e2c67f03060167c4a9f4d66e333,2114
Block/CustomerScopeData.php,698652d8a008bb4986e329871e2a9c8a03c589f3e3bfe0459415177af0c8a240,2151
Block/DataProviders/AddressAttributeData.php,b8de70f42193b11e893e5e821c24bdefcfae1984656462e3b2cd34557c64070b,1560
Block/DataProviders/PostCodesPatternsAttributeData.php,2af357f75499fa795c7d5c6d790c0f56dc5717e633dfc88c9a11170c11679293,1196
Block/Form/Edit.php,7eea747e3dd2108048a30e16f80464e35e9eaaa918491aa499f760e63707f16e,2473
Block/Form/Login.php,9c58f031b8230a08a05e0479532d87c75df77e67f570c860a143ea94c05eb308,2267
Block/Form/Login/Info.php,f6293ae7e0c944d05d04a1e209da23eb654db9e4be1e499e23d8c1c584ae455e,2286
Block/Form/Register.php,7f935de6ef49bf156a4e4da93cd2da2285b072861ec9fa567efc694ae5d1f848,6363
Block/Newsletter.php,fcc40b972c9edd092c500d89978843cc8d2b5a44c4131038f556b49971971bba,935
Block/SectionConfig.php,ac3f6e039f3dd92e90b9642639d3c9ec7a67da46a288b1db8510ad18d17b01b9,1511
Block/SectionNamesProvider.php,b2754b676de0fa715b9d0008ab7848a0a0ad56f27fe95a7c4127ba7cc5f3f7cc,806
Block/Widget/AbstractWidget.php,6b88f3b2cbc9a5b1ce6215fc7791960fe76f6fbc676aa5c9d8616cd6ffd847a6,2618
Block/Widget/Company.php,71275c7d6c015d11da8b79c473fce422a965672208ad3b125e5eb200a56a1c21,4577
Block/Widget/Dob.php,4c293b1f4e3a9667c2796455c6200582f23170d08e6a56d6838228f281fd2532,9806
Block/Widget/Fax.php,aa80bf123ccbb7dada0d46b4c0e2d5b1211dfee6ad9ba4040679f8f8053220fa,4561
Block/Widget/Gender.php,28db8162755bc6da559380696fbcd83c9a2a64bb6ab9abc7e84d50e65c971dd7,3159
Block/Widget/Name.php,ba12d93ed19f8d4e897e8c2c36a794795cceecddb169fd3baa50e493b6b0a77c,7228
Block/Widget/Taxvat.php,80df6ed4fdfe675f75004057f3e0a169891d6b605970af0e7bdb1a3e941a012f,1930
Block/Widget/Telephone.php,1615f6ca8c8fe73db76ae89ceb4f1f4a754ce759986d0a0d1f2df2d01f85be07,4591
Console/Command/UpgradeHashAlgorithmCommand.php,b317c7df1997dd00b255baea1ca1e8f3a9c61ecc0d3f7cb1d4fd6a5e7d3681fa,2687
Controller/AbstractAccount.php,72e7ff1c0bccee1d15c93906fcb9390d58cc312ab59ea80b9565a38040d60c75,386
Controller/Account/Confirm.php,f4a2c060f402d1a961bfee3f9a3c7c08b8e5c706ddabfe6cad6141b271e2d784,8135
Controller/Account/Confirmation.php,e6ca1950579d9d24eca52159359dfda30a7a101882986dc611d9ca4e2fed55b4,4298
Controller/Account/Create.php,7c0764622a3b7867c2f9ba85a63aeafb39dc3f7ac95e54e220dc97443263b0a5,1958
Controller/Account/CreatePassword.php,42cac57be407abbbd332cb07738d0bc964b5d462fb2305edbd2e3f97e9e1148d,3751
Controller/Account/CreatePost.php,9bf30e847f411a34e49d61c1a400db856777b54788755c1a7b38b239df17b9e3,18389
Controller/Account/Edit.php,360c390484234518b4c68a384976ceb34d6e65184e33f7d8bfb43d5b90096a3a,2811
Controller/Account/EditPost.php,03c650f396fa27ff01155651c4d142e5ac08544888a0f2413171ed4ea14e1104,13109
Controller/Account/ForgotPassword.php,ba35190537609d2809cc7b5b712eda61aea61c4d195f4c8ca45a1d2ecc359fce,1870
Controller/Account/ForgotPasswordPost.php,b583f8bf78276f60b3ef71e3c8353272f5490b153f0e21ae3d82943d9bf10345,4017
Controller/Account/Index.php,a05796342952043bb904fdd234ba5f1be32a631cff8063aee2d1076f66fe8c4f,1010
Controller/Account/Login.php,430f5953e4e19b886975c80a326085e39fbab389c50d8c065658e862ae36c4fa,1872
Controller/Account/LoginPost.php,8a433a2620a24cbfe4020bcf31cf68d3752d4b2aeb93918b0486b0517aff586a,8544
Controller/Account/Logout.php,bbf46ad5ace43218c24c41be31381388564c4af2fbc23c6e7ebbb888a550b356,2822
Controller/Account/LogoutSuccess.php,4fbd0c074242d30e277cb95092a4fc07f743b4955af2fbe1b6f2e428348522d7,1008
Controller/Account/ResetPasswordPost.php,58b08a98a4e1a595b92857473848b2d051c7f6439ac74b19a2b8838b09f1d33f,3928
Controller/AccountInterface.php,9dbac1ce01f6b66ec019bee0ee334d28a54f64f81eeaaee2cb3f12eccf4f21b1,314
Controller/Address.php,893afe6029b6437b83df1ee2ddc3edb60beceabb50842d2815117a5e6485d422,4725
Controller/Address/Delete.php,fcf58fc9cbc64fcd8f6c13d9a49dbd01b7957ac50158008eeaccc0ad5d510c55,1486
Controller/Address/Edit.php,def0d38e6ce426bde5be3de2342b25520f95fb95040cc32d2f153d094981d1c2,687
Controller/Address/File/Upload.php,cb4f7695dea106301acd353fb0ba345574f992739e105200dc7cc66c738ad34a,4671
Controller/Address/Form.php,4cb62a6e43231a2dcf80e1873eec41069a20b2d7db053d4685df032d752d6de1,836
Controller/Address/FormPost.php,7f6448acee80b657456b03337ff4fe75cfda746cca25126be0cd7da24e4562c3,8955
Controller/Address/Index.php,80f553bb5bb6d0d05331d0b532e6e27d6d8d794972f286ded6be4de52e192f96,3591
Controller/Address/NewAction.php,3df7eef70958096c95a2a38ecbc87b27938d8310888655d74c600b7b276ae240,649
Controller/Adminhtml/Address/DefaultBillingAddress.php,f51fe930eacacda7085f7a4cd32b5e765e9a7c00394ee86b748d23c5d9ab4b13,3084
Controller/Adminhtml/Address/DefaultShippingAddress.php,77de1be037ad554956bb8ec20ef830c901c5561335a0f5676eeab75225207959,3092
Controller/Adminhtml/Address/Delete.php,63a868eb2d00f8a90514a9058b097516165977305707c6c8a2f991031f3522b4,2638
Controller/Adminhtml/Address/MassDelete.php,b6d88c12a981d749a688675bc16bc930cd01ac0a5ad6904f7b13394998cc36ce,4014
Controller/Adminhtml/Address/Save.php,a52284a0058c3cd77039f881a1b1e39a02671588855f579f8eb37fdfaaab66d9,5912
Controller/Adminhtml/Address/Validate.php,5697c114b7578c65f32a43dcb4c7041c19d9a9c11284746e8f6abc959348ac00,3080
Controller/Adminhtml/Cart/Product/Composite/Cart.php,c34d4baf6ae1b50b2209c05187e77e82ee8b637234f68cd164bcf0a0f78dd23f,2968
Controller/Adminhtml/Cart/Product/Composite/Cart/Configure.php,68b35055f2a63772cb20450b4c3a66fb3c05d73ec650bb553448a881eaea02f4,1584
Controller/Adminhtml/Cart/Product/Composite/Cart/Update.php,e2a6e6f2d83f8ee8aa3961a56cfa7a77ef0063f9320145577e4ebe2d3e373e92,1339
Controller/Adminhtml/Customer/InvalidateToken.php,43d6b8f4fe332f6337e5494d3255b7db57de40dfdcf09a9f8f2fd113df92991c,6667
Controller/Adminhtml/File/Address/Upload.php,e6ccd755cbb6a9e222f3123f50bcd576f7743d7bc38ae19649ba57e26e69b16f,4155
Controller/Adminhtml/File/Customer/Upload.php,86d98ef5a047a4f2b582c551be0f90de5cc4c087a688ae23682222deb9f95a77,3156
Controller/Adminhtml/Group.php,8edee1e93308db5467ea2651886b1a12d36262dcae0e9c8afe84df66569f0d54,2202
Controller/Adminhtml/Group/Delete.php,a7b5f978078061fcf9dfeccd1cf179729b860f0b03f6953b6130eed14a4ab9f6,1441
Controller/Adminhtml/Group/Edit.php,f83ab700ee9f37ae8369d42c5fd522edfedfe507ab8de6e4e86c0430ce62b7ed,601
Controller/Adminhtml/Group/Index.php,07324116b27a12ed0ae56b26c14b5cb6cb7461295c667133329fbfb1bb368716,960
Controller/Adminhtml/Group/NewAction.php,65f212fc40da62cbb931fde3807387f77161a8940852d44ceb851a4c784458a4,2038
Controller/Adminhtml/Group/Save.php,89421e1616337a88e83b2c1a1062c06888d550763ffc3833b1d2230087ac036b,4472
Controller/Adminhtml/Index.php,f38e12c9b863f3129a4a665d7d9c5e7db6194def947834e7de94d3c1be371784,10773
Controller/Adminhtml/Index/AbstractMassAction.php,af4ce302eaaea4b41e8c9f3c163460eb81e4d17c61c6098c9f96f33eb3c4df8b,2683
Controller/Adminhtml/Index/Cart.php,c04817c4736779c6d887685e9e30c1e7b2b250a14e49b9158f1cad60f35836ff,7236
Controller/Adminhtml/Index/Carts.php,067ea35806cb193a929107da7bef9c27ff7a72c00184b2c745754bba673ad3a9,543
Controller/Adminhtml/Index/Delete.php,acdbeec017ef4e69afc3a05b990f316ef22abd0a92705b462b6b861b875802eb,1794
Controller/Adminhtml/Index/Edit.php,924b83ca706a91c0e30ed3cc55948ba688af8589df94ba5f5577e6f5a9ee92fa,2812
Controller/Adminhtml/Index/Index.php,b5b241db11e4c5e7f3f164efa23d5142e06f48539ff6627323d71fb4ae2965f7,1352
Controller/Adminhtml/Index/InlineEdit.php,65bd986b2fb027796cab7ca287ab97d708e08e2c42f78cd4cde195744becddd5,10752
Controller/Adminhtml/Index/LastOrders.php,883c5f307dd7f05ad133569a4d0310f93210f3ed420a52a3ac3f7e3615a4a70f,525
Controller/Adminhtml/Index/MassAssignGroup.php,8969899f835c35f3deff4ecc587386df20c67b272682590d479cc00d28dbfea0,2826
Controller/Adminhtml/Index/MassDelete.php,b7dfa9b03bc8f7fa2caf23ca2d0549b30c9cb4caab5f151c5fbdf164962fc05c,2174
Controller/Adminhtml/Index/MassSubscribe.php,29071f96ca59abdae601c04d4bb0d92134f918c26b9bb6bc7acf83f28f611644,2554
Controller/Adminhtml/Index/MassUnsubscribe.php,dfcd1d393375271d2b0ab1e640a0843c8bdbf25ceabec155f34ede646386e4fc,2562
Controller/Adminhtml/Index/NewAction.php,4001bfab272376e3577774ee40cb5c8eed765b9e6fe8f4de399602b84df01db2,645
Controller/Adminhtml/Index/Newsletter.php,6073350216a06d7e3f334b5c15606c2b1905873a92170b88f6d8895fc9bdf610,822
Controller/Adminhtml/Index/Orders.php,c2ef2fcf942bc358455830d501ef0ecb50e2f8acd1da22ffad35293f888a1729,507
Controller/Adminhtml/Index/ProductReviews.php,ed268acfbd893dcd0d153022c214abdbc5368b708f57139653ae511ef39cc17d,687
Controller/Adminhtml/Index/ResetPassword.php,89cad1ef09a835b115297c5f2e7001f757f07cf6bc43ee585af357c3ca653b66,2626
Controller/Adminhtml/Index/Save.php,cf962c80bb9320e607bed1aa72b0d8a0b5040a135ad43840e507cc45f1aa396e,20867
Controller/Adminhtml/Index/Validate.php,522dbd1c6b47765a8d2a3aa7117fd88f60454d6fa5434010b2187b42699a8b3e,3116
Controller/Adminhtml/Index/ViewCart.php,319db7968e1aab0c33881cb53633a28e0f613bf7e841756ca2bcb5589f522693,679
Controller/Adminhtml/Index/ViewWishlist.php,a1199120dd849c803dcf4e0ffbb48d3c995103bbfdec5cb996deb77915193a1a,529
Controller/Adminhtml/Index/Viewfile.php,8ecb421916f14dee00c2e319c80c98b9107a36bfd2bbc18ee1f38e46a1a67324,9078
Controller/Adminhtml/Index/Wishlist.php,9e5889783e37023e0229a35a1e055d9bdd034bfe6630f1c187c78ebfef598658,917
Controller/Adminhtml/Locks/Unlock.php,15a0a07b35d5296a8c971a6800290f65f46cfbdf3e4e39af9cb0f55598b00041,2021
Controller/Adminhtml/Online/Index.php,fbe28443dc4fd89a2bebf84c3c095c8d885a0683999b3bd0445d4e90077fa091,1561
Controller/Adminhtml/System/Config/Validatevat.php,4f0c90107a38fb76b3754fcea5aaf3f1854dd6e9c1e6ba3551e4e78e3c7ce90e,883
Controller/Adminhtml/System/Config/Validatevat/Validate.php,d9ceff186a82f0acab000d4f0df7a42c8f881f76112ff0485a4d8a6e1aab4f8c,1242
Controller/Adminhtml/System/Config/Validatevat/ValidateAdvanced.php,98639589f18019c8f160cbbce2dbbce89ee3bd63be88d7875c77c1aaf1597c71,1835
Controller/Adminhtml/Wishlist/Product/Composite/Wishlist.php,ab43e89202a5ebc43c3d06aa1911a2589d0d1b06f5f24a6d6beed5b9e5a2b85e,1729
Controller/Adminhtml/Wishlist/Product/Composite/Wishlist/Configure.php,2eb384b1cf2e4d7edb1dffb936f338545b13749567ae056f1cd4adbf66943e5a,1321
Controller/Adminhtml/Wishlist/Product/Composite/Wishlist/Update.php,9ab2f3ff78c81d77f94b4baf710fe50fc96e6ba87a288c24b8f8e2181f0204d6,1319
Controller/Ajax/Login.php,67de781ad29fc9ec73708ed54a6044be260553839d5aebbdb3be880af4f923d4,7291
Controller/Ajax/Logout.php,bff4541dfa3507a13547361ecc6e8dcd41d272271bac5b4ec459d3c902088470,1893
Controller/Plugin/Account.php,232f576385a2913ce6574a8806c82ea6c2a8d5916a44d62a1ab4a4d46fff156a,2102
Controller/RegistryConstants.php,0ac52de9ea52c1f35c557d590e175170a90cead3f3c2dd34c5c53c61e7875ad2,504
Controller/Review.php,7429fda59f6d7500aef2cfe711f4ff9cbd6adfd9dd412d05af537485e537634b,831
Controller/Review/Index.php,52cc776f835ec8ce624696cce05aa2144d3b9177dac3b52aa3196ede037baa34,215
Controller/Review/View.php,d89a7e96fcca95330d215328189587ace886b9d2c00f9622414ba9bb2baad823,214
Controller/Section/Load.php,eceb42720e1d907d5903ecacf98d06dc31c59fd2e2d64dc1b99a6c0c230156fc,2924
CustomerData/Customer.php,94e694297a0263e3721ce6559030fbe331fbad3f8d98b3587307ef65f30fef76,1246
CustomerData/JsLayoutDataProviderInterface.php,69221ca623aa4425cd58b6a29d25e30fc519652b64f900e240dbda8124dbea95,357
CustomerData/JsLayoutDataProviderPool.php,ecf399263ea30e4407aa2217bef43a56efa54143150b3f155573d48f717c9ddd,1036
CustomerData/JsLayoutDataProviderPoolInterface.php,d00555f9215a58af2ffb0ed551c5860d6ac8831449a4145b4f103ac30e7f8c1c,337
CustomerData/Plugin/SessionChecker.php,38654fd9d2c26368b759bdcaef5b1e998172c39373f9d563137bfe5f94fce13d,1653
CustomerData/SchemaLocator.php,2eee6b10eb5d9d76be73f64635837c13e7e610e4288bb7f677ce59bc400e35d2,929
CustomerData/Section/Identifier.php,bdf0a173b18f61cf67553749264eca95ee7d29df9685d088cf5f8c76a7ce1bf5,2141
CustomerData/SectionConfigConverter.php,6f03d627812f2d71c239496402598f8c932ae78b7b2410ba3da95f86e843af45,1050
CustomerData/SectionPool.php,cf4038d99fb4dba74ba12f6f4aa80cf6f668a56b8273043a6001219be127f98f,3388
CustomerData/SectionPoolInterface.php,0acf0560edc38441800922dd4719085c3046fa5a3d0127459d2b27d6becdfa5e,522
CustomerData/SectionSourceInterface.php,deac575f7c6514c983acdd218ebfef40fb63437d4ff886fa2a9bb73b75794f75,453
Helper/Address.php,b681d89c98325697ef4cb9e5f763fac5e371546e55b8fc06e6d1d41cfe3d8d48,11605
Helper/Session/CurrentCustomer.php,5b860a554d7b31940878fb387bc4f9ef9c27dbcd7da56a8c88b945d5492c9d24,3803
Helper/Session/CurrentCustomerAddress.php,497b248d7dade6d33c0620ecb1fffd7e75fc95fd07a321ef246ba484a1fb25ef,1498
Helper/View.php,bc012ddaaecef5f711296301887646d26ccc0df4782883424d6ded6a02767a77,1971
LICENSE.txt,4c8537fd5431aafcb0ab22c49cba68febb59dd3595210f6c6c3b9212de0a7b49,10364
LICENSE_AFL.txt,49d9aa4c0615ff95305681c358fa1575f54ed3a512b016f61c71d6784860dd8d,10376
Model/Account/Redirect.php,24b36f7f12e93533f43c59fc549328fc33ae82ea33d4de930258e07f2f43e90f,8289
Model/AccountConfirmation.php,6d390636636bb51e6cf50ac8bd7e465ddca95b64d89cdf5b68306670bf9a2377,2368
Model/AccountManagement.php,a483d8be47015616e88ecd5d7c1e3d20d45cdb8982c161f45d95eec2df6771c8,55617
Model/Address.php,a50c369c1f22f61d4f96e5504dbe5461d54c02eb5fd779d6447e81efd380d30f,12122
Model/Address/AbstractAddress.php,8e707edc0b75cbe7fff0e6580ddd4616553ea8e76f2757c2e10d4631c29c330e,19392
Model/Address/AddressModelInterface.php,5e448f952230bc07daf4e677ec1a287913183a2be97cb12afd8494e743380bd3,588
Model/Address/CompositeValidator.php,2d7fe7d22ba2accb961aac29c6429645ed3a101f462a585297672db3e2b9948a,778
Model/Address/Config.php,de57f3bc7156629b52848c767254e2fa14cbe767e758b19a62a3e61a22a968a7,5771
Model/Address/Config/Converter.php,5c9ba34acafb5f6af8c64c63d9ec35fe1b441f4f7ce1b27bd79ad4380248566e,1258
Model/Address/Config/Reader.php,54798a40d199b62d1ef2885d8978a7f7ccf02feba2a75007ec4d11d4ec7c36b4,1026
Model/Address/Config/SchemaLocator.php,e6f47610aa60c1a388d7e05173c966e947366d9d3fe775b5026a7856749f1870,1006
Model/Address/CustomAttributeList.php,6017440e2994c67c99bcf35ac40470d8cbe97628fd2cfd5a0f1da4bd49bbe131,322
Model/Address/CustomAttributeListInterface.php,7bbbef86776091182df98fec7a84b0fb3f808627fb7ece9586ff389ab5bec60b,389
Model/Address/CustomAttributesProcessor.php,48d3dfc6f85a436b85e62f8b4d5f99e092d142abe1fa4b4f29fb0800fdf8a073,3766
Model/Address/CustomerAddressDataFormatter.php,dda0c376d7fcbbed8f29f88ccc752af8d0c92c58f164849453803b2b13fd9301,3847
Model/Address/CustomerAddressDataProvider.php,db3aa53326c084adce1d9a01b872d4fc46e6ae77de10e33b9fa901321d1205d7,1638
Model/Address/DataProvider.php,88fea25382d467f51de1b333930e5b4f9717b3de366e4b9fdf559d80aa359554,7817
Model/Address/Form.php,54abe3111846768fcb702d772481f935ce119b52f32fdb9c179804c14cc66872,435
Model/Address/Mapper.php,c4024a8548397cff918ae402a393bba53cbd092628b7a427fdc2f7613f568494,1764
Model/Address/Validator/Country.php,86b2995076d471b4a4b305708030b68678638a97cc23e96fa65c04c00eb396f3,4542
Model/Address/Validator/General.php,d1cdcab0b1bc89ed2d13b7ef888ff935f47098527a152e12490cb73bb807f1b4,5173
Model/Address/Validator/Postcode.php,9e2fd176945abac691b117e9144582652faa2bd5a4a1fb4cee464a0d88c71ad3,786
Model/Address/ValidatorInterface.php,e72512a07013603108107a29ac4b9954d3bf22bb82a5c650a7af67a760f6221f,494
Model/AddressRegistry.php,44e4520d2adcb000222e87557088398217078b69027699649be7b212e675a5b9,1702
Model/AddressSearchResults.php,2758b34b0d78f2932cc7b19086087d1950be009bd0163c1e16d4d88cd3b9feee,423
Model/App/Action/ContextPlugin.php,7f97a28cd01c0ad83c62a75a12a6bf332c9e3219e3b34e35027eb93302983e1f,1576
Model/Attribute.php,3e0ee2c994bdde1eb60fb775ad65b21f5911175a0dce6256937a4935a6462771,7676
Model/Attribute/Backend/Data/Boolean.php,a0b5fb4aa57b73a0f6b3a0a318d92bdeb3a065d6f86c5dc631c96e95bf7c289f,921
Model/Attribute/Data/AbstractData.php,b90033b8db2ee4fb21b1f9aa01635eb9d88e0788444213d89832ecd7ac483a0a,357
Model/Attribute/Data/Boolean.php,302225abb1976d5fb3d777a87abe1bb525408d37e6f0b2771fc8be009608711e,337
Model/Attribute/Data/Date.php,25c7f99966c811a918ebd53da41cc541951db8120f978a11483fc00398ffee21,328
Model/Attribute/Data/File.php,5f215cc991d5a8a93c74e85f52d42459cd6ef580a046617e873e3324c4108667,328
Model/Attribute/Data/Hidden.php,d920d93ad1462006c08173208a4a267dc02663516f4a5c59feb6059926abad6d,339
Model/Attribute/Data/Image.php,79ab04dd616e6e15ed64a4010fb9982265af2e2f69f43a67af4613203cbd83af,336
Model/Attribute/Data/Multiline.php,49708979bf33c8a405efd23786b34a044b6d26cf5ba67477056aef741722e2d0,347
Model/Attribute/Data/Multiselect.php,3ae1a90e9c7ada23d7f4e5f3c42524fd0cf709e072b4e6b777b032a945a81c88,353
Model/Attribute/Data/Postcode.php,0545ec981a6bf5695e1e9a2fece171f1f3da64522e1a3a3bee7bf5c865ffd3dd,3382
Model/Attribute/Data/Select.php,92c39a22e33bc7bd73498d5ec66ae69b836656af344df3dbfbaf9b672cc9cd8c,334
Model/Attribute/Data/Text.php,579635cdd90b4771e783d76cb0a435a5335b335300584eea85b00399abe83147,328
Model/Attribute/Data/Textarea.php,0230a7e7f57ee8793228fb5673676e11fd699633f9a13dec60bd55d0d4ecc7bb,341
Model/AttributeMetadataConverter.php,296591de492a36da82b96fa995000d5ea4eaae1900c2ba02038fc46132aef6ff,6735
Model/AttributeMetadataDataProvider.php,3227eed0b3b066716c853ca99a4ffa230d4f3d8e8e91401db090b7d91e6e7fae,2970
Model/AttributeMetadataResolver.php,e9f84dcfbe5b0d3d14a561559a2a720bb683118e36e23869d0cec73aae2d36d3,8202
Model/Authentication.php,046539fc5a1f28017cbf02d12c74c93b36877d298ecd1157f12de562673197f5,5888
Model/AuthenticationInterface.php,c0931e8e8c70ee740853a577e7baaed9d01c59292b1fb841747b9ea2a9748af3,1241
Model/Authorization/CustomerSessionUserContext.php,2025d593680961d1c46055466a19bf4bae7ad7f772ac4288477b3c251b998754,973
Model/Backend/Customer.php,d52d2862b70c1d01ae225f0a0f47263420c15f239a2ae4e8bec23c69d344e598,451
Model/Cache/Type/Notification.php,e12b94d7f8287e498589b2f1b6b045a899548f66956cd90725fa61b46c490ddb,869
Model/Cart/ConfigPlugin.php,efe70056397ec7c3c3837d5cd6e1b0848c6b638bcb5c031d44493856ffe834a6,871
Model/Checkout/ConfigProvider.php,60e85717aa4d6813be46bfb94ca802af1a67ee19ae5d2a2b63f0d12c6e642345,2781
Model/Config/Backend/Address/Street.php,c73d0d712ecd562d799949269bd70ba770974acb4e1209548ebd820a4e064f32,3764
Model/Config/Backend/CreateAccount/DisableAutoGroupAssignDefault.php,837a2aec26729a7a824a5f2fe35b758149a6400f57c8d4f4b8e4fcf9d4098af4,1916
Model/Config/Backend/Password/Link/Expirationperiod.php,2b1d7c8dddab012abd7d8c327beaa87c1a1a83608a4fa22f5ae58d4cc0ebbe7c,849
Model/Config/Backend/Show/Address.php,b55e34bdde1f3c265058baad0139dfe5c1aeeb16f38cc64d4799ea4d362e5203,681
Model/Config/Backend/Show/AddressOnly.php,13acf37655429c298ab274e027c8dc027be900e5f261b127bac499f0f68b0534,608
Model/Config/Backend/Show/Customer.php,c0e24857f464c9bb861132f741f6b615f536c2dca282af10da06298bfc5b7770,4505
Model/Config/Share.php,4d4724eb7dc4e204078f09b2b642587301bf4808a58ee30eecaf2788b027c76f,4368
Model/Config/Source/Address/Type.php,e19d4f2119d5571d47a483babc38e1787fc76bc1d6084f25af25a42b6a005a6c,712
Model/Config/Source/Group.php,d36a5bfbf731c8bf1474b387eefe44f4928691996141888f9fa326c14949cad3,1843
Model/Config/Source/Group/Multiselect.php,2d0367861ac7edd83cabf161488639c0353bfbe04b798235b8295c3605269561,1835
Model/Context.php,fe7e31c64faff8dc1f83067a21d49b48e1bae9c68593c0823a56c3128449c1d1,362
Model/Customer.php,97ac3e7a4b632c4cd7371089ee27e98acd86ce0928a407aa4fa797e82e91f83f,38104
Model/Customer/Attribute/Backend/Billing.php,7dc94e355d495df80156710083b869ff7c9eb53642e6d1ad207eb7372423e6bd,1485
Model/Customer/Attribute/Backend/Password.php,4b38d610029d06c3b43e73d4b000ad5fbc1bc18ba66633238b18452693537af3,2307
Model/Customer/Attribute/Backend/Shipping.php,f33a85fe3c9a4acdd6d34eb839c2c2f07d3c39f57a2bd37478701509795b84df,1496
Model/Customer/Attribute/Backend/Store.php,816bad007322c0ce9a8061e78579f872c124698ff30173c6c34f04ffa5814ea6,1239
Model/Customer/Attribute/Backend/Website.php,69868f45274fdee1e1391bf7bf4808cfe5345d12d6016676a56beb95f5605ded,1102
Model/Customer/Attribute/CompositeValidator.php,461ccdc5c9a5df2644acb5f087cc98abdf5fcec22b344ed59fdfd9de25af32ba,881
Model/Customer/Attribute/Source/Group.php,7a8586eb73c7f24959e41beb730c860b79f05d1cbfbb8f0eb15b5c4503227fcf,2038
Model/Customer/Attribute/Source/GroupSourceLoggedInOnlyInterface.php,efc4428f6347b99ce70a26bc0e49f65b675a4a947ee06a113e68e1446d4b1fa5,404
Model/Customer/Attribute/Source/Store.php,70fc0f502e84319d219a8a75b9365d6907fff33f53857351c2f7bda2e3186c8a,3415
Model/Customer/Attribute/Source/Website.php,6536a5b11d830c1ee0ca123063f1fe5d64cd5089b5f4cef61e328676e7af35fd,1813
Model/Customer/Attribute/Validator/File.php,04a99e865ecbe3f1d6817ec7618bdc05cc564ea7e56827141a08897b31a5b8d2,1332
Model/Customer/Attribute/ValidatorInterface.php,c4c0f31b9568991a60a1601064f0cef0d92df4657af3ef8773e49b36b6de1059,614
Model/Customer/CredentialsValidator.php,6cffc4b4bf8a33de45bf45c2fba8a2fce752fe07cb3154848e7d139b734d2d0c,773
Model/Customer/DataProvider.php,0d84ff678cb648b5c84d5df01ca6abcf3de189c182388a6d1c44643867b62690,13751
Model/Customer/DataProviderWithDefaultAddresses.php,1f4e635b9669a6ad028ca9b90793568ba09ddb67be2da014d11f7596d1d5201c,6409
Model/Customer/Mapper.php,d58110214a255e71f70320b076b62e74f99c528599f64dae4717dfe85410fcdb,1286
Model/Customer/NotificationStorage.php,acd7d28ab552846195f3886559133c9cf4e8fb5b03fb7e20547dc47f3e65c969,2342
Model/Customer/Source/Group.php,aab3af4309afe844ef0776c431a5ecdedb624cb885033e085b39cd1bcb546256,2043
Model/Customer/Source/GroupSourceInterface.php,728bf1b4e5307059152470804105825567608fbeeae27e1d48f5196b3a4b836d,307
Model/CustomerAuthUpdate.php,393f2e955bd114bf94f2ad9a3f06d91bf791007a48fd1205461b4d73b4ef509b,2344
Model/CustomerExtractor.php,9e84615e70577297196eb174ce4d1fe09d06726a6d4ffec859fe2d5f0cb0942d,3528
Model/CustomerGroupConfig.php,2f1fae5ea66f9a4ad3adecb0fad6f4d50e9c56afb91ce48ac659e84fcdc7d06b,1246
Model/CustomerIdProvider.php,e2da4a65251d8976a5a292fd02c7620eb16a12bcb405e6a46cca1f0c6f7a696c,711
Model/CustomerManagement.php,bbe43670974b3de7c0c90a7bb65b2a80556b6862a999c7628a29120817fa863c,876
Model/CustomerRegistry.php,a2d6d493add146c02d78c4a0d81060528410e2aab0e4ba9ef5ed7f6719866c58,7576
Model/CustomerSearchResults.php,692114e57eb0370a2b2d55c29080fc459acfacea33c51750bfad2ecc6451efa3,427
Model/Data/Address.php,a4f9889b5297f606e7b3c62c83517531b3e15c4edf71107a09c1dfaef7854aa4,9372
Model/Data/AttributeMetadata.php,f1fa1243657ec70252049160793bf21ef94808ae4fd2693242342adbcd66375b,8638
Model/Data/Customer.php,1c806b74c307be62d634ec6e666c3a6f7d8d0ec3e135d77ba2e18193805f7f49,10224
Model/Data/CustomerSecure.php,6b34c549340b9a1b877bfcf8478286e84bb607a021eccd851b61ffe3649b2c2c,671
Model/Data/Group.php,84cfb2f93aaf3ac6114b85cc4cfebb7e7a43805bd7321f7b45717cf71b957a75,2317
Model/Data/Option.php,d33078ddea813a09fb61aa9e91db700a172826de819852e3c4b1c5fcb62e4a85,1496
Model/Data/Region.php,7254abdcb8364868f131f14c03a2f2cdd2f4824304d348ee838089753ce148e8,2009
Model/Data/ValidationResults.php,5de5d30de5966f40c7b4c410b24c3fb972f5a49e256cb1cbd6a0105a2821eb1e,1076
Model/Data/ValidationRule.php,36a143fdea5ee9c2ff9f301b19b96f2f36f864d56fef23db0176c6625ec019ac,993
Model/Delegation/AccountDelegation.php,6fd4b6c7d23e3ecd8783c0361b76ee2d0253d0ab77ae183ca8803974596469e3,1231
Model/Delegation/Data/NewOperation.php,67bc6ea8178718d3edbd4b32207b56573a8eb34fbe66fa483c517f4c307a738e,1027
Model/Delegation/Storage.php,d22cfa8711d01c2b610e6248483b9b2de3de73ba1eb0c762316b192621a5bebc,5049
Model/EmailNotification.php,0cc721cab1804599157e3bb3d6d8a5af32fb52dc632c79614e66aaedbfae7847,13396
Model/EmailNotificationInterface.php,0cf3f03cdeaaabd46707cb9c1267c2d7600dd27797eaa54e18200c1b5d026700,2253
Model/FileProcessor.php,f23f7a4778f50f7fe6247416797ca59e852fd3d32be963a47bbdd095dc9678e4,7949
Model/FileUploader.php,1fafaf65190d22fe05d51eea27665f1c3359675f59bb521e131cb0252ec4c3ac,4587
Model/FileUploaderDataResolver.php,ea11c9a467ccf9d2fda4842eca15cab6ba0e966236543eff292f1cf58607de90,6426
Model/ForgotPasswordToken/ConfirmCustomerByToken.php,04015377b0f4599c8772d5a0658c4b0d5020dd7f5138541f52651f28ed20fadb,1400
Model/ForgotPasswordToken/GetCustomerByToken.php,fd6fa716b9af60fd13f829342845e34177e178eb693e0d4aaa3d17183138ea7d,2644
Model/Form.php,fc7f682391fc441ee69f6b20fa06221921fc8987b42e29ed5749e24f3105569a,1088
Model/Group.php,1d03ebd59a4e7d924c9ecec68178a9baf38eb9402e70f10604905dda50073959,4606
Model/Group/Retriever.php,bbf90a9266ec8777e9b2a557de6a393a2e8623edae2c4e0109995dc4e8746592,701
Model/Group/RetrieverInterface.php,43044029ef6bf344869f4e7abbd62165b67eda1e8cb5d19d512d47bc340b555c,419
Model/GroupManagement.php,26ce285940063c9a3b669b89a1b55b940f764d379afffe8ac593f646f809a1d8,5668
Model/GroupRegistry.php,4f1a2d02063f5b942895af61a0c1f37615e992054272f68a1700be66208089cf,1483
Model/GroupSearchResults.php,3fbb7196f44edb22ddffb31ca1e6c7e8713989be43da188717943eca854f28ff,425
Model/Indexer/Address/AttributeProvider.php,b57f92f5cdddbd0c694145265d9b1107e7a26a473a9ea02ef18d10b47dfa3297,620
Model/Indexer/Attribute/Filter.php,9688feb5874e41b6a54c58b2f2f6f5549c9651b0db22ab236adc3125354d09d8,1903
Model/Indexer/AttributeProvider.php,99956078bbddca7f0ac4c604219ba1e7d098ef03f2cb1bf5c1757c98313b5c0f,4259
Model/Indexer/CustomerGroupDimensionProvider.php,d3aca4f2281ba29d4e9cdd68545ce6f71e759f914cf86b2c40e2fef7445825e5,1988
Model/Indexer/Processor.php,87db99e4f5aac0cfb901d192545294257ca987edc879afb3eb31fb0e3031ee54,346
Model/Indexer/Source.php,2624dfedf80645ac35c3f5f0eee321f78b6e8bd745ee62b75073155834411e04,3455
Model/Layout/DepersonalizePlugin.php,dff01bae5f3199be6f56650511fa72e597b725e00276421cb5d2c36e9976b014,3111
Model/Log.php,f90d4ff37f7a6c95ce070218f60b2c5f51e210430170bf389c9eb94507d03fec,1783
Model/Logger.php,ee8beed102dcb1b749fa00d21d13512c9ab70062ffed42c0adb972f4925e18fb,3216
Model/Metadata/AddressCachedMetadata.php,88f3f0fc29b049d5c185e5a379222df27ac611cbf1c5e0233a7eae722505b369,787
Model/Metadata/AddressMetadata.php,feb6ed65d4b4caa156e48420db53beee3e4d6a8f50d8ede7407b543c2623ce32,5060
Model/Metadata/AddressMetadataManagement.php,eab712b7692bf062dc97f805e921acc9782c433d427e00daea55b8b6077a297e,1258
Model/Metadata/AttributeMetadataCache.php,8567ffe71d6a371d9de1ba0037fd1537f31f51c4c4e705cd6a444b42b13eb85e,5044
Model/Metadata/AttributeMetadataHydrator.php,55aece64484dee915a4bf9de0b35a8964cd1296795d543212cdc91e7adabca95,3893
Model/Metadata/AttributeResolver.php,8a00dbb782e9fd3f8cca6988160db07127a23e13dd3d08f1eeba2b4aaf6277ad,1839
Model/Metadata/CachedMetadata.php,46b1349bd8953de26a38f949111fd83cd5fbaaa439dd3e8d02bde3f27a0f6cab,2981
Model/Metadata/CustomerCachedMetadata.php,9326971a09220aca51aa6518830d20273c1b25ee4c0691049cbe68fd26377ca4,784
Model/Metadata/CustomerMetadata.php,02bb58703f2ff086fcc6f90467fe36e653cc04f976ddb140142fc48c7f747bb9,5388
Model/Metadata/CustomerMetadataManagement.php,fb482ad55cdc2c584af874d0dd35181261b1b4852328d0516f776ab883d6425f,1255
Model/Metadata/ElementFactory.php,2a8337cc709741e3655a7c5d0a7221fd2abaf6ba6c91bacb39c58004b1797cde,2513
Model/Metadata/Form.php,b4f5e7a2d4d9e5ffbeda8b37cf1164052dd1d23f592053b3649738a8e7c9762f,11997
Model/Metadata/Form/AbstractData.php,2045e79d0c6e798df7870d2253a54b467413db0f7292b5a14ac95c9866856c19,18459
Model/Metadata/Form/Boolean.php,20717d5fa8a5812569e767b38ee2d7c3a109a666229ace18a83ca918367bc3a8,680
Model/Metadata/Form/Date.php,4fa701aef6d246381a431f2b1411a6336a2d3e16974c53a581ac7dd195758d48,3829
Model/Metadata/Form/File.php,5eb5b18ebb91574e90d255b167a8f04e6edbc6b7b63d4145f8bd0a836318a8c8,12008
Model/Metadata/Form/Hidden.php,db41d5332deea09d1c781cf6d76cbe7a6e5b3a8f621e2380b033e90fe3842ae8,221
Model/Metadata/Form/Image.php,87e876541039512c32846cd8a3e9aef084a0cbab243414138af445667aaafe8f,9114
Model/Metadata/Form/Multiline.php,de9dc2ad2e44c0c96dbe6a7743535120edf8cb2f836a48f8466519540c350fab,3206
Model/Metadata/Form/Multiselect.php,79e3141268edf8f6e8c86a96b23593253c7007908bd571722c3bd65a4eada125,1619
Model/Metadata/Form/Postcode.php,23f82afeec6671da9402c45b25c969550a2658e4cb8a12d8375a2cdbf401e6a5,2942
Model/Metadata/Form/Select.php,c5a4041844afb6db51fd35a2f2aa6704dfe827874582d1c7e0b9549763f5f035,2341
Model/Metadata/Form/Text.php,bbbcc84f1b81d1ff4e14faaa16ee75a2849de26aaef7408a5b17d1a0efbb95e2,4300
Model/Metadata/Form/Textarea.php,b71fa957a4968647305743fa2092cfee0d11ea001d48d1fa5e83103de2328d6b,225
Model/Metadata/FormFactory.php,ea21c40b40d5cdb27eaa649f977ebd8f6d219c524b8475d784008e113661c455,1491
Model/Metadata/Validator.php,c16240b628fcd5b877e5e75cd2865955e9f6213c4dab08ef86b0eee651be5660,2596
Model/Observer/Grid.php,d3698cf75209f498fa3b518a6b5b151ffc46511cae991c5e3bb1e3d8ce0fe45e,670
Model/Options.php,12ff4c1df400898450cec402a0edec797fd1e510a370694050bba3a25e0b0e21,2975
Model/Plugin/AllowedCountries.php,bccc6d9aa8fcff46c971320196fd59ce573c6c4549ed7a30be27a66e2dc346fa,1767
Model/Plugin/CustomerAuthorization.php,0e1a5439439416a1aa8e96afc1a8ebbda8a433ba5f4dd56b3b1dc3c55521275e,1722
Model/Plugin/CustomerFlushFormKey.php,163f9b0081ca43edd91b07e0314db622389610d8ca3a79ee9becf7f7577eab6e,1393
Model/Plugin/CustomerNotification.php,8823394a026c0d1293399cdd39c96c4065b52f2ff027751cfce3f49f8bec0442,2907
Model/Plugin/CustomerRepository/TransactionWrapper.php,daed9fc71780a678afb9ff40c8350dd7cc49aee0f7cea806ae2ad20a8cd19519,1607
Model/Registration.php,a3676f03e4224ab6aff90f6dbf69abdc898ed8e5e64881ab627fa66bfc1e9e67,360
Model/Renderer/Region.php,e100a592b4d96f803f88652a9a92a3eacb2133520b63546eb02844e1aaf11992,5536
Model/ResourceModel/Address.php,02826c3fef4a028b71a3501f092ef2f5940f70569b68893aa7642ee9035058dd,4604
Model/ResourceModel/Address/Attribute/Backend/Region.php,128c82e758b0dfd2238949547086acd16d6d9e5514c53ba12777cec5433991e2,1478
Model/ResourceModel/Address/Attribute/Collection.php,43561bdb1fb8f8e3adad409c08161afd156405493536256061a6b97243247a2a,535
Model/ResourceModel/Address/Attribute/Source/Country.php,20b1fcc6f62f29c5a24fb9248ce8219991a5ec1261ad7286effe8d60ba4ebce0,2485
Model/ResourceModel/Address/Attribute/Source/CountryWithWebsites.php,dde7ae5a80b9ddcb5f6028e54bc9ad3e4220509bafc91166f2f9b1b895af8818,3930
Model/ResourceModel/Address/Attribute/Source/Region.php,7963e5241bc1ebcbb1447fcc069dbc4df84629471517d87c2aa0d772f136fa18,1770
Model/ResourceModel/Address/Collection.php,09a17be4b768fded66c64a01a017335e3de8293c48bdd91c0b5651bd93b551b7,1151
Model/ResourceModel/Address/DeleteRelation.php,d98a7e6b94996ccef9cb563a58ae3d0050ca4577dc61e0ce4635b605709e20d8,1986
Model/ResourceModel/Address/Grid/Collection.php,afbd98b04838ee29da2df403fb470f3f6b47233f307cae627b93401063fa3262,7296
Model/ResourceModel/Address/Relation.php,d44e4b0df90f4d26e3fea0663b941ba2724b56e190e709a017d1597ee562984e,5164
Model/ResourceModel/AddressRepository.php,4d49b3b349887093035993b4af3bb16afffb690529d25a9369dba6082a7d0eb5,10516
Model/ResourceModel/Attribute.php,90328b2fc5cd171c93aa9e6c702cf0612c4a810e15b7859fc2d3063219eabb34,1000
Model/ResourceModel/Attribute/Collection.php,0844ce69fd60a9c7c8243a7a7376c59a45f6921927e8c2a63fa7aea0bd73c864,1065
Model/ResourceModel/Customer.php,523e51f2f057f81d05b48508bfd084766911628ef4f22c17bfa305110675b722,12371
Model/ResourceModel/Customer/Collection.php,575c815d05efb2ee93712d9b0f482e7204f123490b0555debafa5f4684381d18,5943
Model/ResourceModel/Customer/Grid.php,9b91f8a0c5b43ed731e9afecc98e37b11a6fa814a9d44b0e5f5dd9d6ca90d9c2,2514
Model/ResourceModel/Customer/Indexer/Collection.php,fe6837c91be86f095624a87e540c854de625bf80d2adcf71636a477418c7b5f8,465
Model/ResourceModel/Customer/Relation.php,d45c1d9b8d9f14f27c3a4cca8bc00df236e83e4cd73455f0509e1d2740a16f50,2971
Model/ResourceModel/CustomerRepository.php,c91ce78f937263bcd515d17538f4afa7900e901cc9d6f27c5ebeca35a5b09eef,19164
Model/ResourceModel/Db/VersionControl/AddressSnapshot.php,58c41ced21883e364e6fc71695cdee47e894f5390abbb35148fb336530df7fb4,981
Model/ResourceModel/Form/Attribute.php,6912f4bb2c8cff1e50ff15e41817ced7298e1980cc59501e4bd281c8420bf273,556
Model/ResourceModel/Form/Attribute/Collection.php,2779cd16cdd7f686c37b2ac053c124d27b2b098b5a5acb8f25e3391f32651a48,1272
Model/ResourceModel/Grid/Collection.php,fa3e1b7ee460e92dc269cb8938aa4bedf58bd81493afae2e4723f70680ab7705,5240
Model/ResourceModel/Group.php,edd747bfc0eb83d8ca820224f6d73a544f7afb5e4bf73339888c0545414a98f1,6042
Model/ResourceModel/Group/Collection.php,f2b075b928f39157ed9df28c0c60278d3b8e96098da5fbbca50c16df1123cc9e,1921
Model/ResourceModel/Group/Grid/Collection.php,38d99af94c81406474aa7f39e3204146a8e4ea7e1ef667fc5878f5db77c6ae91,4025
Model/ResourceModel/Group/Grid/ServiceCollection.php,ee9648fc5788db68125db1ed92cc4e1eb1e04e62d3109e2b32d9f8393cda018f,2868
Model/ResourceModel/GroupRepository.php,a49501d46f6ab6cdc900f26a668caab061aa067a41d8887c05059c2a2a614e17,13333
Model/ResourceModel/Online/Grid/Collection.php,1ba84b188475bda67f2c0c75f3c656f41a505f9cca1ff3a5db98335a02615400,3445
Model/ResourceModel/Setup/PropertyMapper.php,ea2349fd9e0aaa8059266b9e62dbfcb4f612725777e0e423a6308032c4aa2088,1504
Model/ResourceModel/Visitor.php,e304af3ebfc48fcd0685832cb6bbd3aaa4e49bb0f1b9b42cf2d12e9b533fa076,2803
Model/ResourceModel/Visitor/Collection.php,386ecaa098b9728b45e6f55dc3285b5f1364d1ff644b8b7d17fa537de69bb49e,501
Model/Session.php,60b7eccf65c6735b5229c62a1c4694bbe2cd1b575409fca08a864f0bd201c39c,16766
Model/Session/SessionCleaner.php,85907ff8efac5b45f62bdbd8768d553bfaeb13886a4e97734ec43e5c2ceee942,3313
Model/Session/Storage.php,ba71201826b5c0ae0cf21f098f2ea09bdb78b44cc34e7e867014987dac7fecde,855
Model/Url.php,cf4086260372eccd8301fbfdbe27ae2b622ec5cff99cbb16be3ec240757c5730,6345
Model/Vat.php,f0fe50d21741056394051014e5745b000d52a2389acd845801aee83e0b00e4f3,10932
Model/Visitor.php,109e2bef3088566b845b4fbd57ae8941055cd87b54886a6d917658919454255f,10534
Observer/AfterAddressSaveObserver.php,5de1bceeea392215c679beb0cb5c5d333632ca2ab0dce008bfae8d9b37ba6568,9958
Observer/BeforeAddressSaveObserver.php,b2ae5f784a084eb03a9f06db970e831c6289fd50e4c56a7d1eec55f8c27b4376,2254
Observer/CustomerLoginSuccessObserver.php,3ed87d6fab55d2c6cc64061d2d188a810f8e3373f8dfe2f54af53b780cac4430,1119
Observer/LogLastLoginAtObserver.php,e2f0526266cef82d868f77f4f586b9c90124f35dcc85d15975e84d6221848823,1035
Observer/LogLastLogoutAtObserver.php,951769348e76af1d658ab93c004e2d7fa47cd83e7c66405e4b42fe8c40ae2da9,1038
Observer/UpgradeCustomerPasswordObserver.php,2d96e9abd39571261b41f7b365d9d8e47dae5fefd4d387b651be44c15063c239,2644
Observer/UpgradeQuoteCustomerEmailObserver.php,3d615dae68dec319af12803ff27aa225ef33f7f93b2e3b074ceae7b3f883720c,1770
Observer/Visitor/AbstractVisitorObserver.php,af022f04d318dc52018c06c5132f83b4a168f0b0a0ab6a49e73bf7cd1d4456d1,638
Observer/Visitor/BindCustomerLoginObserver.php,e081377a5ab9740a185f769a94d312a71feb446f802780453b87bcec97e14b34,502
Observer/Visitor/BindCustomerLogoutObserver.php,7a85c886b7c94c9fb2b0d3ba70b46e0117b41ace65021926e7241f1b4fa66ee1,505
Observer/Visitor/BindQuoteCreateObserver.php,7260dc462abf70140eb62847e23b39246bad4c962adc546bfc70448759293323,497
Observer/Visitor/BindQuoteDestroyObserver.php,e8183729350d8be48e10a65fb957a72839671a4aa23fdbd3a9bf5fac70ffc3fc,499
Observer/Visitor/InitByRequestObserver.php,a710056f151e3d8d1864461160fcaab36b5eaf6915c553ebb24d6e4078835a45,490
Observer/Visitor/SaveByRequestObserver.php,77346664c3c83dd02fc3160c8a8037a69f7ce0c6d6d3f64b459ce5ce857f28bc,490
README.md,be6b090d5fd2313ddf157b30992ef6d2f1371668f592b6e98ec46685fa62e6bf,230
Setup/CustomerSetup.php,be2b6b5a671bcb479e201c9f36765c6f73a2d3d6182ea50dcb5f0ff34ed8aa46,22122
Setup/Patch/Data/AddCustomerUpdatedAtAttribute.php,6b0043329b483438959c1907589d8932b3bfa066654bb8853295b23a339f1afa,2210
Setup/Patch/Data/AddNonSpecifiedGenderAttributeOption.php,6ac3eea0fde31869c41f887d6f308311fd826f390ff09d94ea150c71888cf1ec,2647
Setup/Patch/Data/AddSecurityTrackingAttributes.php,11829bb4f5fa5202b72279564f08dc25c90b6bd82d052c45f4fe9f67383f138f,3360
Setup/Patch/Data/ConvertValidationRulesFromSerializedToJson.php,75c2edb01a38ec0b5ed00144164fc36dea59ba4fabb5dec6142f589782423a38,2147
Setup/Patch/Data/DefaultCustomerGroupsAndAttributes.php,9cd283da58ef80a9b5329ac97a355e2d03efc8e1e8a5dbe9c25229f7a013c5dd,5700
Setup/Patch/Data/MigrateStoresAllowedCountriesToWebsite.php,9f53bac36cf204a1612755fe7a9d213d77115b50864b43c0e6c5670c36c016fe,5007
Setup/Patch/Data/RemoveCheckoutRegisterAndUpdateAttributes.php,7a51bcb44fa3a61225350fde2b065c8096b02c7c8bfee10b5230ae31c8e56275,4262
Setup/Patch/Data/UpdateAutocompleteOnStorefrontConfigPath.php,a3c8220b928281bc572b0f47ffc71a8bca16f73d37e8e3509a27102b1a5c6eb4,1694
Setup/Patch/Data/UpdateCustomerAttributeInputFilters.php,9801586faec80fd9d698b4db7eeff120c6f2be4b29348319fcae47613f280b54,2553
Setup/Patch/Data/UpdateCustomerAttributesMetadata.php,9d61ae3f2fec1b19b9301d84e5061fbbf1b95038e6160d75e31783833ae00478,6886
Setup/Patch/Data/UpdateIdentifierCustomerAttributesVisibility.php,a2f37a1387c179d57fe8f91c019aa3c688c1f0622ce2fca2e8bbdaa04a1b3e3b,2747
Setup/Patch/Data/UpdateVATNumber.php,7bffcdb87246f68311c41560dc06622694bbde04c04da5d1e34851fb84082c3f,2340
Setup/Patch/Data/UpgradePasswordHashAndAddress.php,0cd6be00809abf04e3f53563dbd99812c3942feb72d18b1de44d004d1aeb7e4e,3365
Setup/RecurringData.php,105d2f65c7569c25f98bf6c5bcd4835ddc1bfeefaa15a082a0a61e5c6638067b,1586
Test/Mftf/ActionGroup/AdminAssertAddressInCustomersAddressGridActionGroup.xml,8580d729f8f3c7e1393a20d5e8ec5ea0ac8986349e4b449e21f552242c44225b,928
Test/Mftf/ActionGroup/AdminAssertCustomerAccountInformationActionGroup.xml,7d52240faaa8d73bcb7a7fb0e8a83c2fc4b3554afba1265fdac7f4d39cd569ec,1462
Test/Mftf/ActionGroup/AdminAssertCustomerDefaultBillingAddressActionGroup.xml,acb015ff58013a112832edebfaaff56003aebe17872cb948a4a9eec1c0385bcf,2280
Test/Mftf/ActionGroup/AdminAssertCustomerDefaultShippingAddressActionGroup.xml,801c5f0bb48b3e7c735718e914d2d23eb66bc431a2bbb4f61583fa48e5aeb375,2282
Test/Mftf/ActionGroup/AdminAssertCustomerGroupOnCustomerFormActionGroup.xml,785dcfc1cfff13c5c03a2cb1b67ecf42ded8f7f4fa9a30f02eff82b16055cb9f,876
Test/Mftf/ActionGroup/AdminAssertCustomerGroupOnProductFormActionGroup.xml,7c455f74e7e82b450fa1013b02ca2de31f60b675c94852e903a1a4279a9b8400,1348
Test/Mftf/ActionGroup/AdminAssertCustomerGroupPresentInGridActionGroup.xml,521d0d8df0b8be73a28f8401806676f6e00234d202465dd645021106bb61353d,703
Test/Mftf/ActionGroup/AdminAssertCustomerInCustomersGridActionGroup.xml,707d15b62bc77d7dea76c25b5c65967bbc5ab301ae9cc4e0fc1c0692e55caa53,903
Test/Mftf/ActionGroup/AdminAssertCustomerNoDefaultBillingAddressActionGroup.xml,a8af6d14135a47047203ddf64735b79a84f074330c56410e74e35da3d8221e77,949
Test/Mftf/ActionGroup/AdminAssertCustomerNoDefaultShippingAddressActionGroup.xml,a1eee85bc14173b3bd034b4f4a4a2e52d6a87c1f6568e31e30d3b2a8616cc6d3,962
Test/Mftf/ActionGroup/AdminAssertDefaultValueDisableAutoGroupInCustomerFormActionGroup.xml,db12bee96a1b3022435fa59b54b132b4988e0f20ce7ba59fe0c2420a231f7953,1239
Test/Mftf/ActionGroup/AdminAssertErrorMessageCustomerGroupAlreadyExistsActionGroup.xml,f69b861191901df3049fb31286e7185ad554273843094ff58f88a795f05c794d,765
Test/Mftf/ActionGroup/AdminAssertNumberOfRecordsInCustomersAddressGridActionGroup.xml,53a80a8805676fb33571c7509dc60de27294e6b872bf95d02e0464de53079654,905
Test/Mftf/ActionGroup/AdminConfigCustomerActionGroup.xml,27fae848e49d697c151e28755ac385f2607b6a80c01b086eb78d2738f9efc82c,1294
Test/Mftf/ActionGroup/AdminCreateCustomerGroupActionGroup.xml,a2ae677cb8201691b5eb2936f78340ccebe7b707febd62eef5c3f681317e56c0,1545
Test/Mftf/ActionGroup/AdminCreateCustomerWithDefaultAddressWithoutPhoneActionGroup.xml,19d069f05366cd1dfb4ce66258dc3dc7ddd3606b632278de374e3197792561ee,3631
Test/Mftf/ActionGroup/AdminCreateCustomerWithWebsiteAndStoreViewActionGroup.xml,0d6ef4d092f8be49d0f3c8ec25abefec7631926a3f511686d8ef8d2f0796e3bb,6037
Test/Mftf/ActionGroup/AdminCustomerGridActionGroup.xml,75eff4867e6418bf632f99f239e444b4ebf49229b859302114d2eb622edd4c47,1398
Test/Mftf/ActionGroup/AdminCustomerSaveAndContinueActionGroup.xml,c6eaac88039144a554fee7f66e67cf42daf22af68174fd7b85ffb09367873307,723
Test/Mftf/ActionGroup/AdminCustomerShopingCartActionGroup.xml,7a82a1b62702c7ab98bdb0a642b4bfe75999c8a13e78bb47a0092eda75119bd4,2059
Test/Mftf/ActionGroup/AdminCustomerShowDateOfBirthActionGroup.xml,f97b090eb9ca0cdcc7cfe4d94df467d7bdce46d2331bcb39a97d81ee7cf3dc28,1330
Test/Mftf/ActionGroup/AdminDeleteAddressInCustomersAddressGridActionGroup.xml,64315c1af9a0c26dd0ebe26fef346c5f91340dc9b1f9420428b7a62c2b115055,1288
Test/Mftf/ActionGroup/AdminDeleteCustomerActionGroup.xml,5f8b388974f81b3e5c93d1daf264dbd25a88931df09b98b10c0fa6b6cfb245bf,1547
Test/Mftf/ActionGroup/AdminDeleteCustomerGroupActionGroup.xml,94f3f87cb3958f9dd4cdb67785df3d7d2f91db8bedebcd19e848863544bafcbb,2249
Test/Mftf/ActionGroup/AdminEditCustomerAddressNoZipNoStateActionGroup.xml,88d56bab3eeca32c640dca024f08216ec9dbca22cece9df7cde111c601f95a0d,1056
Test/Mftf/ActionGroup/AdminEditCustomerAddressSetDefaultShippingAndBillingActionGroup.xml,b5f2140b513570d2cdb3c91dc0a75789bdf94910c5e315f2de1bcb03ebc3dd1e,934
Test/Mftf/ActionGroup/AdminEditCustomerAddressesFromActionGroup.xml,b250c7253c9c400992555bebe85abe1428ac117bc95b5fa5848986bbf9f42971,4897
Test/Mftf/ActionGroup/AdminEditCustomerInformationFromActionGroup.xml,f3fe21d98918dde5137a7d9d17cac5d919a24a17ceb492346f741e9f2e192f53,1905
Test/Mftf/ActionGroup/AdminFilterCustomerAddressGridByPhoneNumberActionGroup.xml,4802a3cce4ac9d7e2bfc8d02a321eafe3567deb94a353cc5c5a40fbaa154cd06,1247
Test/Mftf/ActionGroup/AdminFilterCustomerByNameActionGroup.xml,c1db9fd82a1ad34f8f4362e633c32fdd3847f4006032708f5b7918e676e15a52,1217
Test/Mftf/ActionGroup/AdminFilterCustomerGridByEmailActionGroup.xml,167d44847e1c7c2f6379c5516f81e70611b92e0194fd319601a5fb847ecc4fdf,1184
Test/Mftf/ActionGroup/AdminFilterCustomerGroupByNameActionGroup.xml,9c5531c2b5c349574badb05be1148298c9cb0d85c2d9c3128b86a452e8ba4bf2,1273
Test/Mftf/ActionGroup/AdminNavigateCustomerEditPageAddressesTabActionGroup.xml,55050b731a48e1cd5517ab8c5c22d1195d783f0f0c4ac868d204f1e20d438128,882
Test/Mftf/ActionGroup/AdminNavigateNewCustomerActionGroup.xml,8d5731b2915d31d709f7679567e69f0693f45e1cfb464ccc4171ae981319e13e,661
Test/Mftf/ActionGroup/AdminOpenCustomerEditPageActionGroup.xml,0e9efec32eb1c0c32d242cfb296f158e670718771b5d53072f833ead60427d7f,815
Test/Mftf/ActionGroup/AdminResetFilterInCustomerAddressGridActionGroup.xml,394c7016c02cb1d4bbfc0ab21439dabdf92c7d1f0a366faf6cbbfec4aae74733,1272
Test/Mftf/ActionGroup/AdminResetFilterInCustomerGridActionGroup.xml,5e810ba3bc843a5ae8fcd652232174329ddb9ddb92566d93f7635e27e2a9b04f,1221
Test/Mftf/ActionGroup/AdminSaveCustomerAddressActionGroup.xml,1fc71b35f664a7ea10573551ec235d26adce670167d8f3880227b56d37100043,648
Test/Mftf/ActionGroup/AdminSaveCustomerAndAssertSuccessMessageActionGroup.xml,ac2198bdc4664eb8ed94ebd80f53b32742bde0d09bbbcae7e7e6f685a8b1c024,916
Test/Mftf/ActionGroup/AdminSelectAllCustomersActionGroup.xml,01226b7bf93399b935548a0ad80333ab3d26aa20af35d51a0e6058ab684f470c,655
Test/Mftf/ActionGroup/AdminSelectCustomerByEmailActionGroup.xml,a9f5c91eda65172ee9e2ab44d227c31630d69fd6ebfd776e2e731059136898fe,805
Test/Mftf/ActionGroup/AdminUpdateCustomerGenderInCustomersGridActionGroup.xml,9e5ef1a746c93836118a617a20e3b82245a9d104ca9946ae38f21ba20e4f9c8d,1324
Test/Mftf/ActionGroup/AdminUpdateCustomerGroupActionGroup.xml,484a78d5e6f06a235155c757c71788797e5e93222a1519614ad1e1c532242ea3,2384
Test/Mftf/ActionGroup/AssertAdminCustomerGenderInCustomersGridActionGroup.xml,1b0601ea7ba51206ebe2b310e2e49b25a1220b67c3d263fbf113fc6601329bf0,972
Test/Mftf/ActionGroup/AssertAdminCustomerGenderOnCustomerFormActionGroup.xml,d12392c5a7b639682a43b7bb5318cf2ae492722af8b95db6a9e3a2922d98fa1a,1176
Test/Mftf/ActionGroup/AssertAuthorizationPopUpPasswordAutoCompleteOffActionGroup.xml,41ffe897841029a288f0c7b311d63179aba43dc0d276ba4505b807e337e01981,979
Test/Mftf/ActionGroup/AssertCustomerAccountPageTitleActionGroup.xml,b4852dbf990a6e748d1f1751d2c6d07d1a975b3a00c33839e56dd9b86d01ca59,827
Test/Mftf/ActionGroup/AssertCustomerGroupNotInGridActionGroup.xml,f0d55feccb0f94632b4b550cbd25f3b9671d7f130c872ce8f5897a38bc54474f,1436
Test/Mftf/ActionGroup/AssertCustomerGroupNotOnProductFormActionGroup.xml,914be68aff0ba040be8a79ce5535308620116900c27fd4636b5afd9bf4f5392b,1608
Test/Mftf/ActionGroup/AssertCustomerGroupOnCustomerFormActionGroup.xml,12fb077118babdbd3c3a3d5691b703740ff20e3f5b8cad21e1ae233e02230139,1049
Test/Mftf/ActionGroup/AssertCustomerLoggedInActionGroup.xml,cdf16db6fbeec02cde4556ff9d717ff7514fd47227d1b642a5f227abdf990c79,900
Test/Mftf/ActionGroup/AssertCustomerResetPasswordActionGroup.xml,bb142333137f8803b0de7f954a2de1bb7a0da023a848b76914c826afdda097ae,1219
Test/Mftf/ActionGroup/AssertMessageCustomerChangeAccountInfoActionGroup.xml,77aecc8662abc3968048c5603f62b628e2d932c233b112c70d02931e3926a3ad,958
Test/Mftf/ActionGroup/AssertMessageCustomerCreateAccountActionGroup.xml,4cbf5ebbafbf6066f331ed5715de1f1769211f788f6957c8404e32a29dadde37,962
Test/Mftf/ActionGroup/AssertMessageCustomerLoginActionGroup.xml,1d8bde8ecd660904b028bdd88119442a6ab3fc3ac5417be7ee0d4be5f74bdb5f,1011
Test/Mftf/ActionGroup/AssertStorefrontCustomerSavedCardActionGroup.xml,d0346bb9581b1fd48f5abd4dc4e3402e38b20910cfda54f33110a82c7ef0e9e7,849
Test/Mftf/ActionGroup/AssertStorefrontDefaultWelcomeMessageActionGroup.xml,5a578c2d68a9f192149a17b6830afddd227801a0a8bf4687176df756343743b5,965
Test/Mftf/ActionGroup/AssertStorefrontPasswordAutocompleteOffActionGroup.xml,1111af138c37866e2f7cb5ed09ab8f5f9db88a9b6147e8f87f7a016c418bdc28,933
Test/Mftf/ActionGroup/CreateCustomerActionGroup.xml,9ba4ba197f0169c69c54280b539e3fa85a7a86f85a30c55c2a8b6cbbcf3ecf18,3745
Test/Mftf/ActionGroup/DeleteCustomerActionGroup.xml,7f0bc01378ff10ba13e5f1a4482a4eda8320ade987e0ed27271905ef307a5c21,3422
Test/Mftf/ActionGroup/EditCustomerAddressesFromAdminActionGroup.xml,733bacf05f0c4b427868b42d5e43eb7b8147df54b0e479ce69280654787185c6,2655
Test/Mftf/ActionGroup/FillCustomerSignInPopupFormActionGroup.xml,9e472e0affb465340f04ea92d1abb9ada57309bc4a9d9b418cb159cceac91d41,1266
Test/Mftf/ActionGroup/FillNewCustomerAddressRequiredFieldsActionGroup.xml,db843d3dcc83cfe5804f0be2724d33695709810e948cc815ec1e3916f643cd3b,1618
Test/Mftf/ActionGroup/LoginToStorefrontActionGroup.xml,0bbd63860b8b2264b5b89ae4b6cf48daeb0d3390f367498cf2710d8b32770991,1390
Test/Mftf/ActionGroup/LoginToStorefrontWithEmailAndPasswordActionGroup.xml,e555f7936c9dbdc5b91affedca66f8a848d37dcb1cbc2714235ca6a3def9e875,1251
Test/Mftf/ActionGroup/NavigateCustomerActionGroup.xml,c7f3a6ac90c02f43e1ac398689de774ca92f89dbc9f05f9938388c5c042eafc4,662
Test/Mftf/ActionGroup/NavigateCustomerGroupActionGroup.xml,92900517f90ad39de218281b5a66e09c7518e5d9db684027d40e612dbe968259,670
Test/Mftf/ActionGroup/NavigateThroughCustomerTabsActionGroup.xml,c073a438f9ae5d8430c3a0564806690d5c62fc5a5be8b27b79f0fd3228645970,858
Test/Mftf/ActionGroup/OpenEditCustomerFromAdminActionGroup.xml,f7e520ee0d486be9d6451d428e26d0bbff2f61f034137d6de5f1bbc1bc35cc50,5389
Test/Mftf/ActionGroup/OpenMyAccountPageActionGroup.xml,b4fed6a43f37422d5383af62883f73c1827b9f2bd3ce11303fbe677b30738740,855
Test/Mftf/ActionGroup/OpenStorefrontStoredPaymentMethodsPageActionGroup.xml,f664a37bbc57142824d6587bd03545528fd97f17708a4ca75ecdf13601dfa576,637
Test/Mftf/ActionGroup/SetGroupCustomerActionGroup.xml,1fa77776974e748fe6fcbb5761bdd0a17184b3c9f2756da32b418bc2be31ba98,1282
Test/Mftf/ActionGroup/SignUpNewUserFromStorefrontActionGroup.xml,be4b2c7f90731823f66453017c0359a38b25ef96e9a9ae9af6abca2389202589,17721
Test/Mftf/ActionGroup/StoreFrontClickEditDefaultShippingAddressActionGroup.xml,573596f4c8fa7bf30890e92210696fea75c45037a34387990968ba31811aa96b,763
Test/Mftf/ActionGroup/StorefrontAddCustomerAddressActionGroup.xml,b5a51e55c2b26e6c5f3e1c763819efa8dbf2ae56561aa0bd686a005b176277a5,4475
Test/Mftf/ActionGroup/StorefrontAssertCustomerAddressItemsActionGroup.xml,4b23a6cbac569270eea8014892f9d99d155ec30ff8ecc9ba43dccbf9cc9e8b10,1896
Test/Mftf/ActionGroup/StorefrontAssertRegistrationPageFieldsActionGroup.xml,d137c4fcfa124a14bce20fedc14b765c8407ce50af71b4fc79d1f32199f982e0,1101
Test/Mftf/ActionGroup/StorefrontAssertSuccessLoginToStorefrontActionGroup.xml,5e4ba6d0fc89be07add71642e153a7ae317c1b6820e626c7e1ed3ab5a0f77036,915
Test/Mftf/ActionGroup/StorefrontClickCreateAnAccountCustomerAccountCreationFormActionGroup.xml,7819a2eea314d012fb695a8dc8636dd09689a87f5638cc3a9ef5164c0eacb5b3,773
Test/Mftf/ActionGroup/StorefrontClickSignInButtonActionGroup.xml,e2ec25ea3f64474abd2bd32380518e3e020821a4a35a3c2109809a10bd1ef75b,719
Test/Mftf/ActionGroup/StorefrontClickSignOnCustomerLoginFormActionGroup.xml,eebf68ebea78cfe194fe11a9a4a23b6076e76144ec28855d11b1d86161f01410,771
Test/Mftf/ActionGroup/StorefrontCustomerActionGroup.xml,08e546ddd907a0b8b41eae63a6498dbd63a2904a4a1d4fef0cde256691fd753d,908
Test/Mftf/ActionGroup/StorefrontCustomerAddressBookContainsActionGroup.xml,9476f179733cb0c771a8c891f28cfbb027dbab4e63048356dda177b5089dd60b,828
Test/Mftf/ActionGroup/StorefrontCustomerAddressBookNotContainsActionGroup.xml,61d68ac05a4298d65ea9640bd84c84dd221c2a7567b558eefaa52df174a17f64,858
Test/Mftf/ActionGroup/StorefrontCustomerAddressBookNumberOfAddressesActionGroup.xml,cd1f818bb59d2ed7902b86831daa000707ebab13ffc534b99fc97fb57567131a,891
Test/Mftf/ActionGroup/StorefrontCustomerChangeEmailActionGroup.xml,0c553b99a274d9fdfa0f45d066fdb7ef8ed4db681e598c4774c5528bc124daa8,1637
Test/Mftf/ActionGroup/StorefrontCustomerCreateAccountWithDateOfBirthActionGroup.xml,a0f83eba5a4b4dd5dc4feb85fbda21213c09fa6db41e8c8fde7f56acea28c2c9,913
Test/Mftf/ActionGroup/StorefrontCustomerElementNotVisibleActionGroup.xml,fc148fbb6fa0969a14d36059a352d2015d484f4f149213bd93701369cafb7e8a,545
Test/Mftf/ActionGroup/StorefrontCustomerGoToSidebarMenuActionGroup.xml,f8938b73e83f882068c68236fa9cdf409192cc46ebfd133de0559e2f825f2efb,879
Test/Mftf/ActionGroup/StorefrontCustomerLogoutActionGroup.xml,965d1f6d6fa45052d1f716160f440e6bb3aabbb6f1d4f1b639e04a2b9f9d4693,1309
Test/Mftf/ActionGroup/StorefrontCustomerResetPasswordActionGroup.xml,e669423e94a0ac07dfcd422f0f3839bc611c56b579c61353218f80aa93e1b026,1419
Test/Mftf/ActionGroup/StorefrontFillBillingAddressActionGroup.xml,b442939a40d5ad2ff3db97ef6e776bfe32d8baba66b54f62b85048531942e45a,1517
Test/Mftf/ActionGroup/StorefrontFillCustomerAccountCreationFormActionGroup.xml,9471cb900659d5408c4d8599ec84183201a8f80c755c6f185ace66237fdee205,1418
Test/Mftf/ActionGroup/StorefrontFillCustomerLoginFormActionGroup.xml,c91a704999e7b2754b47c32a3561a6f1adc8d415d7871536e8c88f9851d18c7e,964
Test/Mftf/ActionGroup/StorefrontFillCustomerLoginFormWithWrongPasswordActionGroup.xml,843c61c133afa78baa3bcc40f2c0ef4dfc82f8c5c359cb7ac594a40ce0c17e1e,888
Test/Mftf/ActionGroup/StorefrontNavigateToCustomerOrdersHistoryPageActionGroup.xml,dabc5f4183ea78f7fba803807dba4aae1199b4ea3039ccca0cd0ceb669be44d5,584
Test/Mftf/ActionGroup/StorefrontOpenCustomerAccountCreatePageActionGroup.xml,fe474b173580c1047ac027c8d0c1ca1905f4e7ee78beaf982e7dd96928ce8aa8,1267
Test/Mftf/ActionGroup/StorefrontOpenCustomerAccountInfoEditPageActionGroup.xml,5332b87539eff1df9d51e813d0ec48cde4c65fd78c0fdd8a7409436bf955074d,709
Test/Mftf/ActionGroup/StorefrontOpenCustomerLoginPageActionGroup.xml,a38f1546f1b0a91ca6c5f67e76c92a04ffc76bf4d3379a7bfd39af7f0d5039a3,700
Test/Mftf/ActionGroup/StorefrontOpenMyAccountPageActionGroup.xml,4ae3258fe6213e21548f6f6b1c6ccc916eb4f140b430673aed4ebadfd7e1ce46,561
Test/Mftf/ActionGroup/StorefrontRegisterCustomerFromOrderSuccessPageActionGroup.xml,37996c20e8df31bdc3ac12b9c902a28a428e8403d3972c983e43197f0a9b903f,1458
Test/Mftf/ActionGroup/SwitchAccountActionGroup.xml,269c026dbe14bae4f798161d02ffde98ccc264f02cdae935f616bcef71fc842e,1021
Test/Mftf/ActionGroup/VerifyGroupCustomerActionGroup.xml,b767b27f55b25dfdb4d4de58fd298142b72d682898e39f96d30ae874a3a91034,1026
Test/Mftf/Data/AddressData.xml,e8f1128d675382fe48efe05719aabfd92d7d9d1d87d6d6c7adceddb284b607aa,15326
Test/Mftf/Data/AdminCustomerConfigData.xml,962d6d7ccf3ba468b522f59b696f07c7f4eb2a54bad2fcbba46410a4fffd32d4,501
Test/Mftf/Data/AdminGeneralStoreInfomationConfigData.xml,487e889be281a4600ff27c47dfe468be5a2b68b64b02e2e17008b1a363220487,518
Test/Mftf/Data/AdminMenuData.xml,676dbd0d1e9c7aa2e19d8d7348bb78cb44a51ddd89eb9fd53dfea4b5f0180ab0,1231
Test/Mftf/Data/CustomerConfigData.xml,bc5809531ec1d4f904394517ac011d9053c289ed85772d5ea7792770f465bc79,2856
Test/Mftf/Data/CustomerConfigurationData.xml,558612791790c11b67f8dd92a7444bfb13d0a7894f85161b58bcbe9d1a37ffd1,1980
Test/Mftf/Data/CustomerData.xml,ef8a4bc91be4db13da5400a3937834fbccae823aca01af9d8d0c6e4371a614b8,16464
Test/Mftf/Data/CustomerGroupData.xml,d4563991acffdc810cbe6f2dffab17238e284b6662a9f52ff3299edbd9351c7a,1420
Test/Mftf/Data/DateData.xml,74a3a7f2dbf2f61ba278a0705ff864849e1e0d7a5d6943969551499b23e6155c,922
Test/Mftf/Data/ExtensionAttributeSimple.xml,7e741df0ba3328aa8d20a29de96bb61b6b53c1aa06f1ac1ca989cbf51bcb279a,458
Test/Mftf/Data/GenderData.xml,f52c5c9933843fa836f2b84d2ecda446c7e76b9cd0d585bea29f8e1cd3d9c473,544
Test/Mftf/Data/NewCustomerData.xml,f18b2040131d962338f4f900b31f2ec003ce5c4665fdcda93e9a3344ece1a717,2064
Test/Mftf/Data/RegionData.xml,b0408e3ca0fd212e1596fef8e05d2a0af17c818d6f7df3eb82632270805ea2ab,1391
Test/Mftf/LICENSE.txt,4c8537fd5431aafcb0ab22c49cba68febb59dd3595210f6c6c3b9212de0a7b49,10364
Test/Mftf/LICENSE_AFL.txt,49d9aa4c0615ff95305681c358fa1575f54ed3a512b016f61c71d6784860dd8d,10376
Test/Mftf/Metadata/address-meta.xml,b3bcb98deb917427cf35e17cb431faf88fef5ee185c07d5b9c1dac2441eb11e7,2510
Test/Mftf/Metadata/customer-meta.xml,b828b47a27eb5c4b73462d3459b6b09e486ad49979f7fd842e1f05ed95b7067a,2141
Test/Mftf/Metadata/customer_config_account_sharing-meta.xml,2b4a83dc1a5175e6e98fb459916aae012650df40eb598ba92ac751db8ebab6c8,1804
Test/Mftf/Metadata/customer_create_new_account-meta.xml,a01173aeacade8158c214e14e4d38a8a98dba66e6e5201f91834d4ad2dc0e5c8,1401
Test/Mftf/Metadata/customer_extension_attribute-meta.xml,7a09f83248208015a981e1abf695884969551bcabff0304e8b3b70774d78b31c,852
Test/Mftf/Metadata/customer_group-meta.xml,061dc02bcf2752889533991a4b76980e19fa525bb42b750673414f35a6ba2e13,974
Test/Mftf/Metadata/customer_nested_extension_attribute-meta.xml,32196ae1a5b3135ac6490e6e3ccef0c86fc6ce84fe062e48bd2833104996f012,852
Test/Mftf/Metadata/region-meta.xml,5fa2bee51650446a05d723b36b24c47b4090aa9920b1bb42534c2c2845d688e9,917
Test/Mftf/Page/AdminCustomerConfigPage.xml,871959c88785298b37d706e0e15370a51b3bb225a3b774eafb414eef45afdf5d,522
Test/Mftf/Page/AdminCustomerGroupPage.xml,5eaaf7e88c5c00a0f23a87a91e604ec165bc8f91fba73d15740d84664b65e429,475
Test/Mftf/Page/AdminCustomerGroupsIndexPage.xml,2e710006a9013ce200a7949f3f91948e2e4e1b80c8a2de26541b451e3c7d26d1,487
Test/Mftf/Page/AdminCustomerPage.xml,435020f14b31685107953716fbdfdd1762a9e0b635012a7ef43b74b1dccad5ee,699
Test/Mftf/Page/AdminEditCustomerPage.xml,1dbc808268fb2f5b050c0eb95a4337340d4027947868d2d1e612435730b73ed9,931
Test/Mftf/Page/AdminNewCustomerGroupPage.xml,c98c6c6d8af121ad9b629681e5fdd1e7e78f65e32affd42c7e7f098f6e74f52e,481
Test/Mftf/Page/AdminNewCustomerPage.xml,83337aad3d2f06ff2faf7ee94b14caad4ad348d0b414a7a2de2f2ecf1d7e7647,543
Test/Mftf/Page/StorefrontCustomerAccountChangePasswordPage.xml,532fd7847a0bd34b4a37c130bdb8b2679291b48ac4ab510d37fc9f5f1d4b5e6e,535
Test/Mftf/Page/StorefrontCustomerAddressesPage.xml,eb8e5ec48d1277a8a4927f377b140273f7c41659688d0098132903484aa5446d,496
Test/Mftf/Page/StorefrontCustomerCreatePage.xml,12bdf8e8839e6377eb9c6f0f1f858e0f5157eaa4dfd631a2cb299c3d8fef0b83,571
Test/Mftf/Page/StorefrontCustomerDashboardPage.xml,7951c5d8df97081f1aa25c45a964e43e1c50791b189dffa3d9e33cf54935c61e,748
Test/Mftf/Page/StorefrontCustomerEditPage.xml,0688252f5f8c11812292141dcdaae1e81c2bc5b6ff71631fc3ff68eeb31ed14f,503
Test/Mftf/Page/StorefrontCustomerLogoutPage.xml,777ee5da2c99eb56faa740d26de0ecbad1d057d3ccc8326a5037cd18d7ef36db,425
Test/Mftf/Page/StorefrontCustomerLogoutSuccessPage.xml,939cd39ceea9a26a409e8b387c84e3f96a654430a6515896a1a5604bb382944a,439
Test/Mftf/Page/StorefrontCustomerOrderPage.xml,1d44d3aa35b56d79d3e5d18c805b782193e0638b15cee5da9bd90da9e220d1be,498
Test/Mftf/Page/StorefrontCustomerOrderViewPage.xml,fb4bdbf726995bb32737f5c982cee5d89ddd91fd4fa542fca346e45a1dad345b,529
Test/Mftf/Page/StorefrontCustomerSignInPage.xml,b7a8d5124b129e5195cd52cd34d86fae96703a1d9cf75e176e1e177a7575814e,566
Test/Mftf/Page/StorefrontCustomerStoredPaymentMethodsPage.xml,8ae6b2ab45db0ef585c49b708577546b07a5afa09b8ca99bf9459a56c0ff81d3,523
Test/Mftf/Page/StorefrontForgotPasswordPage.xml,2d308c470be0ee4db161fc3896fb32d14456bb63e666d4b3dc0fbacf83714628,506
Test/Mftf/Page/StorefrontHomePage.xml,c22923d738aadef995863a2cb29bd52d3d78422fa6e4004ae4cee6b2c0de395e,454
Test/Mftf/README.md,4d4296e1d2758fe0a09b5cc9272afc474e8d9687ac5e442d13b743d85cd497f2,89
Test/Mftf/Section/AdminCreateUserSection.xml,7b2d191f97012563f7bef01081018c52ac9e14e3e73f831a08ce6fe362787ec0,1503
Test/Mftf/Section/AdminCustomerAccountInformationSection.xml,97bf45b4d6e4f7f94bf17d9fe471d9479f7328d320762beb809452a51d0e5d69,3526
Test/Mftf/Section/AdminCustomerActivitiesComparisonListSection.xml,e6513bff6a4ab7da445acf73cddc8e49a769277d4d3e906308c41f47e108ce31,811
Test/Mftf/Section/AdminCustomerActivitiesConfigureSection.xml,5ef8dbfdffe0b21214c474a33e7ce3eb8a5d067404a93d7d7b9dee397db04ba7,863
Test/Mftf/Section/AdminCustomerActivitiesLastOrderedSection.xml,625f6d020ebd173c34f0ff1d8a78c38662f16ff785ce17b98b500cb68936e189,587
Test/Mftf/Section/AdminCustomerActivitiesRecentlyViewedSection.xml,128093865dabef8df66004f2104997d51c63c9c6210acbdd67be08e79e0dfe41,613
Test/Mftf/Section/AdminCustomerActivitiesShoppingCartSection.xml,50419ae90e327dbb956db1df927a3b12bc7d16b603514f0d3c78c13337a640fa,742
Test/Mftf/Section/AdminCustomerAddressFiltersSection.xml,b13e15a832f107ac33c5184426fbd874982da67eb4ac80c964dec888f065a213,1739
Test/Mftf/Section/AdminCustomerAddressGridMainActionsSection.xml,5dacf7ca756e74f04a01bc29b2df034f8611d34dfb603cc7535c3d95b429d1f4,590
Test/Mftf/Section/AdminCustomerAddressGridSection.xml,38e81afc35d5f288e28e37071bf6cd2c3397b8e690db7031d34d35fadfa86844,732
Test/Mftf/Section/AdminCustomerAddressesDefaultBillingSection.xml,4797dfb9ea4c26d8c1aed83a88d932740ae6fe2d5f20bab0d22819b8bf6d1ba8,779
Test/Mftf/Section/AdminCustomerAddressesDefaultShippingSection.xml,8e4b34933c8e02fa97d188d420089d8188e74ec5ea1a32d7414c29dbecda264d,783
Test/Mftf/Section/AdminCustomerAddressesGridActionsSection.xml,2af284142a1af8ee02d68c18dd347db4308afcd55b0b1c1361345dfc1531b024,1424
Test/Mftf/Section/AdminCustomerAddressesGridSection.xml,8238812513d509212572ff432ae93bf40f57b2d7e03b6d0a97bcff286dcf5fc2,2457
Test/Mftf/Section/AdminCustomerAddressesSection.xml,6ea27b797c0e37587a6183ece21033dc64ba0b42f02547223fdb3b389e1f2144,3903
Test/Mftf/Section/AdminCustomerCartSection.xml,f17590876472953cd5f6d36c6fba6876ce4d010c6df047bd5e787da430385cd4,541
Test/Mftf/Section/AdminCustomerConfigSection.xml,edffa59e7374a098743caacd9238fc22d8f6f4510fe798e59d5575b54709c775,907
Test/Mftf/Section/AdminCustomerCreateNewOrderSection.xml,7a92142f14a272fa1abf205f1b9ff91f00cacb13257204ca375bd8be43d128d7,1103
Test/Mftf/Section/AdminCustomerFiltersSection.xml,c042763f79fe37ece75207ac8a434f5253233c77159516b76b1eef42a8e8b542,1621
Test/Mftf/Section/AdminCustomerGridInlineEditorSection.xml,c1666204b4f25c09b18290bf8b9e4e5db1020841f4d2cbd67bb2a269e541d34f,663
Test/Mftf/Section/AdminCustomerGridMainActionsSection.xml,6e1e7550113828e6b746ec4d558706d2f6b6ac67e13b53933bc8f1c6c71da510,1182
Test/Mftf/Section/AdminCustomerGridSection.xml,123f7d16190737ef2450bce518825ada562edb47d4297890f8d988ee3fe3a86e,1732
Test/Mftf/Section/AdminCustomerGroupGridActionsSection.xml,d52c8e83a40fce7876e9af69364e85bd48a6c179daeea22871a36e5ee633750f,1049
Test/Mftf/Section/AdminCustomerGroupMainSection.xml,17502222c66b99eb76ef7d062520cad60ff9c2fd21af27f02c13378590c71301,1150
Test/Mftf/Section/AdminCustomerInformationSection.xml,070364e0d8a9f93b325c5ee365eb9c533042084f070600eb927158127b1810ab,1167
Test/Mftf/Section/AdminCustomerMainActionsSection.xml,fc6c3fa6683b59ec607b05740e1fe4327df02d081e526b71d140ef1ee4611355,837
Test/Mftf/Section/AdminCustomerMessagesSection.xml,43cb290770dce5fad9290135cfc0182c717f367a438ba44c4ad3673ebec1137b,459
Test/Mftf/Section/AdminCustomerShoppingCartSection.xml,0bc9fc2622c149cd707d4d0b3c83416bc68085100fe226fc5bc0df36fb203a4e,1284
Test/Mftf/Section/AdminDeleteUserSection.xml,5a03e3d16ba18ada4c506d9449c08b7eb05476324c8fdf5c023c7b77c63fa756,753
Test/Mftf/Section/AdminEditCustomerAddressesSection.xml,dad26f5e9ce223f8aaabc2b664b8d2decdf5c0d0869fac8e70c41021480ed0c4,2481
Test/Mftf/Section/AdminEditCustomerInformationSection.xml,73a2cdc3907cdca99d0015886105d027cfd0161d62a617d8e2279c95ee5b54dd,885
Test/Mftf/Section/AdminEditCustomerNewsletterSection.xml,4ca138b648371a01422ee66eb25c1527e4370ea9390954415dd6ae35c2235f67,532
Test/Mftf/Section/AdminEditCustomerOrdersSection.xml,f6ccd87dd403af5e459ec224d53c05b7efd1c469745b91b4d68c0eaf432305b1,584
Test/Mftf/Section/AdminNewCustomerGroupSection.xml,29feee96b4404a48e0963f6ddc258fe68ef782666a6799e3497e05f14a6b41bc,742
Test/Mftf/Section/AdminUserGridSection.xml,e7717a286e390e59902f61f348bf32e51502e24550d24aad75925641bd848275,938
Test/Mftf/Section/CustomersPageSection.xml,38b87f5953af0aac395f0fabe22fc5e503f933ae918f08b2b6e3391cb45f7cac,1656
Test/Mftf/Section/CustomersSubmenuSection.xml,7f54d8425340fb7347c35ef9dd139d81e48416e0958cf8564a3a49d29e7fb75d,539
Test/Mftf/Section/LoggedInCustomerHeaderLinksSection.xml,82665d695ae314630ee072f9c9387df794744fb463ad8236ec98e9aa075dfafc,846
Test/Mftf/Section/NewCustomerPageSection.xml,471ead4a4c85f355f418b6b7941073e0567912e6a5762de79100a558816d32ae,2529
Test/Mftf/Section/StoreFrontSignOutSection.xml,247a9bfa61a7a7439bf71c27a354ddbc12f611853a873f5f3e4ce68e91eb9165,557
Test/Mftf/Section/StorefrontCustomerAccountInformationSection.xml,ac4054ae574bf8de324d0745e0b6b81ae560184b11dd21b582f1f9b9c204d1ae,1695
Test/Mftf/Section/StorefrontCustomerAccountMainSection.xml,d8da7de56b241153915fd9a3e00e4e8fc897eac4e54938306eb709e090c415e5,722
Test/Mftf/Section/StorefrontCustomerAddressFormSection.xml,2b1b33a87a74371640155fc95458aded977528e45e261e0a8dc82a4a1559049b,1967
Test/Mftf/Section/StorefrontCustomerAddressesSection.xml,c1214b906d9b808213eb073a3a0e760a0b752b18144c65a4e64fa9de1181f979,1904
Test/Mftf/Section/StorefrontCustomerCompareProductSection.xml,d9c13a8e7928c2b13db6cb9b3ba8f1abbca2691a7f9ca33c30d4aa61b482ed16,1300
Test/Mftf/Section/StorefrontCustomerCreateFormSection.xml,56add8fc382f43d0bb6ca988153036d2c024f52c733fc2af6ab6395701580639,2690
Test/Mftf/Section/StorefrontCustomerDashboardAccountInformationSection.xml,59ad19356470715ffe486f342c3d493a4418c3204a57897d549199ade5b7348b,1864
Test/Mftf/Section/StorefrontCustomerFooterSection.xml,5734e5b874298b9a3c7f8461cd257fa32f618daecc6b80af959bfccd91cb187d,695
Test/Mftf/Section/StorefrontCustomerLoginMessagesSection.xml,1bf78339f5f3b06f0d3fa5435ee36f81d00f4257bd09b6dee1e966e6d22ae290,671
Test/Mftf/Section/StorefrontCustomerMessagesSection.xml,274961f3d30dd5f38c83ffa01e4ab167942b8407547c72bed436c298fa6fe145,541
Test/Mftf/Section/StorefrontCustomerOrderSection.xml,b485754d6c3063f68b63de03f5eaeedad5653e3b60c686af8b4dd6017ac37a99,1973
Test/Mftf/Section/StorefrontCustomerOrderViewSection.xml,7242aea21d345d6ea1defe0f18fa9cb6a4d35bd84844ee275f2f8abca5b4950a,1282
Test/Mftf/Section/StorefrontCustomerResentOrdersSection.xml,8bdd1962db5a70c3ead70f073b78a52a27f39a602e9639c46a797160a2a1fd6b,665
Test/Mftf/Section/StorefrontCustomerSidebarSection.xml,29f389f5d6109aeeaecb66e8fd28226b1dffeee57c15578868cf2eaf8fcf8b04,693
Test/Mftf/Section/StorefrontCustomerSignInFormSection.xml,0d046fdeda989a322f36fb44c258582aef40494d1fca7f9dfe2faacf84ce2d73,1859
Test/Mftf/Section/StorefrontCustomerStoredPaymentMethodsSection.xml,e30610036301acf5c9db8f4f1a957ed9f31f7dd33eea6fd133d18a2f56b75928,551
Test/Mftf/Section/StorefrontForgotPasswordSection.xml,5b697f5868d1406e63605d0284cac678b1681c4e03d83e9e29cf644cb506a262,632
Test/Mftf/Section/StorefrontPanelHeaderSection.xml,0d0883227dc3cc7b1eb2e9dd77a99c567415effa55fb2b14a77b3f63dfc9cd52,1412
Test/Mftf/Section/SwitchAccountSection.xml,5eadbc45ca4644d493572a4fc5ea32356132736155fdb415113c99bfdf758aae,829
Test/Mftf/Test/AddingProductWithExpiredSessionTest.xml,0cd36e783f9265e39217b1e00c711ad026030a8b68c8b8a698cad845863c1778,2085
Test/Mftf/Test/AdminAddNewDefaultBillingShippingCustomerAddressTest.xml,c659e1fc25e1df5795edbfa1c6eb6c7e02e0355c95635539e42d59baac06c8e3,6021
Test/Mftf/Test/AdminChangeAllCustomersGroupViaGridTest.xml,3f861ed6687decbaa8989ee1235ae026bb431e333b6a03743f24fc2afeaf269c,887
Test/Mftf/Test/AdminChangeCustomerGenderInCustomersGridTest.xml,d43d7900c38849f5048aa0e17eca0a7d93fbd6ead0f2375b9f80fc6900005d05,4742
Test/Mftf/Test/AdminChangeSingleCustomerGroupViaGridTest.xml,bff0ebe5d3c55cced85d22e1f95235cfba28a6c6d642b0680bb21d384b8564da,2734
Test/Mftf/Test/AdminCheckDefaultValueDisableAutoGroupChangeIsNoTest.xml,f96d5d0e6f59e9cc255253f1a2f2c596286f503e72234fa954a946c2cafb1899,1628
Test/Mftf/Test/AdminCheckDefaultValueDisableAutoGroupChangeIsYesTest.xml,5c09f766b744593b0950b8c0402e1aef21a89dc334d51ef0bd3a32173e371f7e,1843
Test/Mftf/Test/AdminCreateCustomerGroupAlreadyExistsTest.xml,bb4ddb76a9bc96268d6a4b1d4705f8244a5f8724227eac3c0ae25b382b11d65e,1810
Test/Mftf/Test/AdminCreateCustomerRetailerWithoutAddressTest.xml,4f2497bfd684beb411ccd58ade60e2044b9cab17b4582d2161a3fa5b35711f4c,4077
Test/Mftf/Test/AdminCreateCustomerTest.xml,070fff7a894212502a38d0f57c5ada219cfa69ed20bf1df73c5234c751457e64,2893
Test/Mftf/Test/AdminCreateCustomerWithCountryPolandTest.xml,8313daa2c64c758c8f25de86463b3f6db44bfcdd3bcb3ca565792de20a1cb5e7,7765
Test/Mftf/Test/AdminCreateCustomerWithCountryUSATest.xml,44f1de581ae148c1820a1c31d13b2ca1eeec87eaaf070b845e22cabc32416701,7971
Test/Mftf/Test/AdminCreateCustomerWithCustomGroupTest.xml,f2952e9dbff86b24a6bb58679e69da585026bb03b370e8c45028546ac8f33b08,4246
Test/Mftf/Test/AdminCreateCustomerWithPrefixTest.xml,423e25d5463b92429a9b7467727966ff9f16b692eacde88ed7f6bc35d66b5307,5018
Test/Mftf/Test/AdminCreateCustomerWithoutAddressTest.xml,62f8b5ddadd0a352fb0629ecb49a2184898535a3810c13c9d847650564a1a6bb,3636
Test/Mftf/Test/AdminCreateNewCustomerOnStorefrontSignupNewsletterTest.xml,976f6e04a2728e1a7ac6fbaf46d43f00579ee21cfe10a8c558eeee67ace63015,3092
Test/Mftf/Test/AdminCreateNewCustomerOnStorefrontTest.xml,3c27ac016697a5b4ebb9d1fe2e91c52c90c1982500b68bb2c975eb37be25f78e,1633
Test/Mftf/Test/AdminCreateNewCustomerTest.xml,9035e868e8b035586733bc49f2f9bbb8ab5f3b2c3717c41c0306c4beabf0417a,2883
Test/Mftf/Test/AdminCreateRetailCustomerGroupTest.xml,1d1047d3fe36576fa8bf79c488b5e38f453212976c6c2d7dea639144bc558874,4001
Test/Mftf/Test/AdminCreateTaxClassCustomerGroupTest.xml,adda7d4cf9aa6990f9d4c28e6ccc7750c73736b8e8b71d922fba108acb44a1ae,3132
Test/Mftf/Test/AdminCustomersAllCustomersNavigateMenuTest.xml,a35b76963ee58ef4a609f03e033593916add6649bc3b6a56f773684e4c63e666,1525
Test/Mftf/Test/AdminCustomersCustomerGroupsNavigateMenuTest.xml,0d8e7855c3b008b3fb57f249ae8e771d4fa7da8a5211059e3ca98fc321c27f4a,1538
Test/Mftf/Test/AdminCustomersNowOnlineNavigateMenuTest.xml,6fbad92582dd0b9e71d819e5141314db5ddead3a088f7b7f36cd4b9c4718c3c6,1508
Test/Mftf/Test/AdminDeleteCustomerAddressesFromTheGridTest.xml,47c13267a9d10a3297717ffb15b72aa9de3be40d070642e26eb8bbf94b642006,3766
Test/Mftf/Test/AdminDeleteCustomerAddressesFromTheGridViaMassActionsTest.xml,c323d22a669825a99a302dee3aeabb566fd8aa21bdd729a377e2d164a5fba94f,3375
Test/Mftf/Test/AdminDeleteCustomerTest.xml,56a79024cc2d3bd5d587ccd35c7ff68ffe969370ff23584a4a850dabc9009a1d,2276
Test/Mftf/Test/AdminDeleteDefaultBillingCustomerAddressTest.xml,163f244e4cb3c6a815a7790d55aa8d892ad3793a1f3d502746e25fdf9d52c0b0,3204
Test/Mftf/Test/AdminEditDefaultBillingShippingCustomerAddressTest.xml,b5eb8393f7e119cbbc3206461b922835127eaad2b9cb03266566d6a8ecd932f9,5995
Test/Mftf/Test/AdminExactMatchSearchInCustomerGridTest.xml,221c5f9a5a5dd19fcd747160b8849ffeb4bd2c72c2767158ff1962ef76af422f,2402
Test/Mftf/Test/AdminPanelIsFrozenIfStorefrontIsOpenedViaCustomerViewTest.xml,0da53626ac390f29bae1fb9c204e61e00c2857781f356ac05ca51898d70b9c1a,4078
Test/Mftf/Test/AdminProductBackRedirectNavigateFromCustomerViewCartProduct.xml,8bca386a3f42dee4f28dee1661b3bf53f6e9f54d2f4e19ec26ac87609ab0a68a,3138
Test/Mftf/Test/AdminResetCustomerPasswordTest.xml,e793861a07a8ba259ca9fcfe837cb2382e65f672f2ec32d6f4a596a3ff53b4de,1667
Test/Mftf/Test/AdminSearchCustomerAddressByKeywordTest.xml,ff6c5b0e395fb282d5f326ebe977acaadbc38559221c7e8bf30d5c2c2b9f8d75,2876
Test/Mftf/Test/AdminSetCustomerDefaultBillingAddressTest.xml,385189e57d1735896859d21430ca4bbd57de3257b3264cf9c21fc41642e6b3c8,4314
Test/Mftf/Test/AdminSetCustomerDefaultShippingAddressTest.xml,c37820fdb18baaadf018f1979ee5e5c47076d9503b6ce7598268d21c063924ff,4333
Test/Mftf/Test/AdminUpdateCustomerTest.xml,256549136d241b5cf6286b06b6522f51127d29e215b1943d234539d8568b8bec,18398
Test/Mftf/Test/AdminVerifyCreateCustomerRequiredFieldsTest.xml,5b0deaa45df0d4fb0705852790a7f31a64bd7dbb93950eb09911c55ce01163c5,1804
Test/Mftf/Test/AdminVerifyCustomerAddressRequiredFieldsTest.xml,c7c110c09434f2a784a0f2d284e43deb0b9bc3aec679a74281a96f4c8f71af64,2678
Test/Mftf/Test/AdminVerifyCustomerAddressStateContainValuesOnceTest.xml,56c019ead482f3c499c79a29b83ba1bffad81ee7b7cd922e94b434107a82613e,4176
Test/Mftf/Test/AllowedCountriesRestrictionApplyOnBackendTest.xml,b25ac8ea74d4e85346fafc2375cab6711824fb797374ff2cead751377ccc6b23,9436
Test/Mftf/Test/ChangeCustomerGroupTest.xml,5c01ae051475624b8c7a7e8978ae5eb6f5b0e0a975626acda4ba9ecbc03f41a3,3973
Test/Mftf/Test/DeleteCustomerGroupTest.xml,8ef1ae508b8f539f1742013440daab10676f204a307e5493440b66cf8d694c38,2504
Test/Mftf/Test/EndToEndB2CLoggedInUserTest.xml,cb864b238a491b9464975d525bbda0a112cae5a8acda09f32b5c5d376464afb5,1981
Test/Mftf/Test/PasswordAutocompleteOffTest.xml,432835aaf8fc14bc9b81895577e016d19a81988e6d17596671b23b0645aff8a6,3223
Test/Mftf/Test/SearchByEmailInCustomerGridTest.xml,a5a25ba1d6aef206a28beb241ccdf3cf34b4ae813af4d04cb677dd49e00cc5fe,2261
Test/Mftf/Test/StorefrontAddCustomerAddressTest.xml,f702cf340340f09dd0e97de4f25702471b560eff137c5b608b3a6471976cea66,7095
Test/Mftf/Test/StorefrontCheckTaxAddingValidVATIdTest.xml,265e0a1404d30e1467d00d8d875c22ead53c39b2604e96b62fee8c670ee4811c,8341
Test/Mftf/Test/StorefrontClearAllCompareProductsTest.xml,b57e29e9e1958a136e37cc26e6ead79e61a2e551a39498dd72fdc92a5a1df926,11152
Test/Mftf/Test/StorefrontCreateCustomerTest.xml,89937bec2fd145a54e49277e7bf285ee490c6c5b88055839da62e5107f8c30fc,1141
Test/Mftf/Test/StorefrontCreateCustomerWithDateOfBirthTest.xml,418a19294d70c1b9c17a4a5078b14c257a6339f7cb407a92778c433b525da960,2027
Test/Mftf/Test/StorefrontCreateExistingCustomerTest.xml,f8606c6da68230c5b7ddf7b054b17d4efec2d75aaeb27d96d268314262eb1c14,1800
Test/Mftf/Test/StorefrontDeleteCustomerAddressTest.xml,83deb32b22ea75eb7352f147786e7969c5b34054ba4689ab7ff7a1758bda06c8,2456
Test/Mftf/Test/StorefrontForgotPasswordTest.xml,4f7e21d1a4a0285418e591600fb693e08e8e6cec2a092f8a2be190e94773d4f2,2845
Test/Mftf/Test/StorefrontLockCustomerOnLoginPageTest.xml,a28b5345fbffa79e228e87d97766d37b733faaaf1349b3094709bd02bc14c930,6255
Test/Mftf/Test/StorefrontLoginWithIncorrectCredentialsTest.xml,da94fcbbb8f25753c1908fedf3bba8b8bba19a261cf31eddfc6cb1e9b721a59e,1795
Test/Mftf/Test/StorefrontPersistedCustomerLoginTest.xml,bc9b28ab1c55442e65bfe0c5375d1e98434870fcfaed6e9643c047b2f2018206,1986
Test/Mftf/Test/StorefrontResetCustomerPasswordFailedTest.xml,b5b8eca2c0e5f87aab63782e4ae012e381ff210608f6fadb240400969e7d511a,2275
Test/Mftf/Test/StorefrontUpdateCustomerAddressBelgiumTest.xml,ee0e39417d6ac352e33e6096cdc2eaaf74b5f8a1f883a4e08596161da4fc790d,3130
Test/Mftf/Test/StorefrontUpdateCustomerAddressChinaTest.xml,2acf0a2bce01a944458a5dd84fab7a707bdcceddc6a434707f9fa6390e85a080,2357
Test/Mftf/Test/StorefrontUpdateCustomerAddressFranceTest.xml,6cf6e545b8bab16a03520a236e4f7a4a2adb783f8f94412f7b7e38c71f58d2c6,2371
Test/Mftf/Test/StorefrontUpdateCustomerAddressTest.xml,f9827428fa027f5ed3e32336f435127a253a4520d6b575b42e9800d9242159cd,7682
Test/Mftf/Test/StorefrontUpdateCustomerAddressUKTest.xml,16bc5d7e2c2380ed1456f0913ffc8455de45aa06b1969dba651124e1d5e93aa9,2555
Test/Mftf/Test/StorefrontUpdateCustomerPasswordTest.xml,c95f8ba182634ea200666bd5fad0414940808b4c1b16f8332f20b51b8ea77c7b,5716
Test/Mftf/Test/StorefrontVerifyNoXssInjectionOnUpdateCustomerInformationAddAddressTest.xml,c3e93e267567fd98ba34e9d5c3188766b50b87c2956db3b3591435a4f3b0a671,2687
Test/Mftf/Test/StorefrontVerifySecureURLRedirectCustomerTest.xml,c26c978310453f5b37b93bb203d5f8fcfe18d526e3077ff383e2e17fe8fdc968,2113
Test/Mftf/Test/VerifyDisabledCustomerGroupFieldTest.xml,117887083cd91729a5aef14e70cddd56cc14246bfa58efff9f387b370898b2ad,2033
Test/Unit/Block/Account/AuthenticationPopupTest.php,565f213c1f41c9d957081b820e96506d9b2f326272d629dfb52977ab0a969cd9,7964
Test/Unit/Block/Account/AuthorizationLinkTest.php,d10b7fd462ebee2589ccb4cbb79c18865ff2d23f40d5d866439499ef05658a7b,2939
Test/Unit/Block/Account/CustomerTest.php,e518f0e11bd99d26bbf77f4fcf5befd9af143eb979e46cf72cd2542340f458af,1405
Test/Unit/Block/Account/Dashboard/InfoTest.php,450b7dd0a23fbe311cf6d55c7cb519250fb96d124ac2901dcbdb59d6045043cc,7308
Test/Unit/Block/Account/LinkTest.php,6277394777be49a9bf6f4e4b6f95e435514d79763506ee91e1f8794e515bb6c6,1080
Test/Unit/Block/Account/NavigationTest.php,c0c9aa2045d9a295169f21965a4aec22d11ec4a526c1b5c26e76f55df3510bd5,3019
Test/Unit/Block/Account/RegisterLinkTest.php,d33b7a59fecb3295a7ea1f9855ca2cfde5059acb0382b74403d8fffc0bf4a413,3203
Test/Unit/Block/Account/ResetpasswordTest.php,4f4c1158584807f5006a3e50b107e4b4a80d3258762a9e5b04921e6930d2512f,2361
Test/Unit/Block/Address/EditTest.php,4ca65115723af550ab0d95e8735b3b0c5e8bd4264bdba30b50004c597ab45b29,16247
Test/Unit/Block/Address/GridTest.php,ff3d90b8c3c829aca5855be0c2dec76ef5e50080d5b7bb67c1272bfc875b38f5,9473
Test/Unit/Block/Adminhtml/Edit/Address/DeleteButtonTest.php,3ca910a88f93c06e71ff7012363e4cd0dbb3bcd0c891fd2882bc1c00ab7c807e,4204
Test/Unit/Block/Adminhtml/Edit/Tab/NewsletterTest.php,8c9b1bef18ad215331b60e3a351e0281ffaa9a79e9b04feb959267cb7a295e2c,7965
Test/Unit/Block/Adminhtml/Edit/Tab/View/Grid/Renderer/ItemTest.php,22b37ee996c9115477f4a965fe440ffd627a3d7166b2fdc6b1bcff73b6d71098,4773
Test/Unit/Block/Adminhtml/Edit/Tab/View/PersonalInfoTest.php,9247d9bc128cc14283a9d5bdbb9de1de60d1bf2f6d046f3ad7f13035cb8c231d,8748
Test/Unit/Block/Adminhtml/Edit/Tab/ViewTest.php,96fadb8ee09287213b67e65af471d9f090129dc8f948efa0545ad5d385fa9c5a,1123
Test/Unit/Block/Adminhtml/Edit/UnlockButtonTest.php,215c6fac116045c34cc5c0ec6e177762c9f68a0f2aa3aad342c74589e564c651,3519
Test/Unit/Block/Adminhtml/From/Element/ImageTest.php,d9251559e579d3d5eee5cbda64d01e5e8471c7fbafa600cd1c5ea11a498b62a1,2212
Test/Unit/Block/CustomerDataTest.php,4cd9f42b5b6e2e7fd114d43e1d732af6f4f9fd8615c1238cdf2bc3836e04a959,1805
Test/Unit/Block/CustomerScopeDataTest.php,e5023370c8382e268f50209f946a6792bbd209c5ce8426c63043fb348e5a7c41,3726
Test/Unit/Block/Form/EditTest.php,e3da70272f48081377404d160ac151abafd59d915e8218711607cae3ca83258d,2336
Test/Unit/Block/Form/Login/InfoTest.php,2ff450860f54f1dd63be01d01747e4fd9cc40f05f7c35f092fed74a6dd7a4040,3133
Test/Unit/Block/Form/RegisterTest.php,698657a4318ebbc65f1f5bca7dd097ba44ab7d24381238bf766c610dd4caca17,14158
Test/Unit/Block/NewsletterTest.php,856223e63391c88c03c1d30b8e1cbff3999d8cfe636a9362f06cfd001409e6ec,1100
Test/Unit/Block/SectionConfigTest.php,a3532f85393dd49b6ca07a53d36e7215c23c26c11b98c291161ff55f9d991152,1719
Test/Unit/Block/Widget/AbstractWidgetTest.php,b035f49f2689f2b4d89b71f7d32b713da0e69f79dac62baca6570395803df08a,5371
Test/Unit/Block/Widget/DobTest.php,f954ef84e08965886e76542a98c3834bad06a22a7e36ad1dad93ec1d19d04c6c,19620
Test/Unit/Block/Widget/GenderTest.php,340b6a9a00217337347bf3a87220f21ce8aa2338064ca5cf511063b45abae130,5994
Test/Unit/Block/Widget/NameTest.php,52b46da275bfd785ab413d4109049b5d2c4a6d387b91826970ee1844839129c0,16677
Test/Unit/Block/Widget/TaxvatTest.php,0f67508a11acc4daed577cce09c1cb6473e6ea91a60aee8903ed841977b24f98,4017
Test/Unit/Console/Command/UpgradeHashAlgorithmCommandTest.php,feb66b052ae88f41ed5160e2059006e0fcb48dd0f65693a5f6dc3d9ee33c998e,1617
Test/Unit/Controller/Account/ConfirmTest.php,f63e596295415bed76335b5a822dc2a83aa3ea88d1f11a4bc6791a60a6135678,17419
Test/Unit/Controller/Account/ConfirmationTest.php,f9503897254d669fdc4eab14a8bbeaaac969d1c0d6be501565e2d38485ffbfb0,4152
Test/Unit/Controller/Account/CreatePostTest.php,fb477aafdb0f39212eca94457599c90ccc8b0d4713367279895634b30ee9a94b,20725
Test/Unit/Controller/Account/CreateTest.php,0188815d9bba5f919fbadf7224424335ea8acd9ca7e80ee3f201388476995f48,4459
Test/Unit/Controller/Account/ForgotPasswordPostTest.php,94071f4527bbf016d7d80875057b128ac9a7bb56962b66b6a12bdc3f99ca80a5,7889
Test/Unit/Controller/Account/LoginPostTest.php,e1a1eeaef72d9ba3a100291f6d7d9441a1adfb55327230a98a90dca791f53d72,20150
Test/Unit/Controller/Account/LogoutTest.php,c83d626ca1fae280ba8c7bf14d7adc8e12070c8d9087aa1e547ff880d81322fe,5419
Test/Unit/Controller/Address/DeleteTest.php,b56c1c151b028f0fe84a9985b28632c8ccee969366b4d47d8e63f5def281e3b3,8185
Test/Unit/Controller/Address/FormPostTest.php,86fd9c200d7389ea26a2c2d7da9c32b1a75d263cd9df48db263306e2cfaf229e,25248
Test/Unit/Controller/Address/SaveTest.php,78aadf3c2ba0fc2d47a37f5cb6d8e163b5e1114ca37fcc4623a8cd8fd1a49617,7612
Test/Unit/Controller/Address/ValidateTest.php,95999325615b4f3f93c0e9629c01f0a2aefac148a66b7878ae1f4a90ce36c81a,4073
Test/Unit/Controller/Adminhtml/File/Address/UploadTest.php,4d784186dc041258ef154fa6ac58c8a8b05edd9604d14c94279cc11cd00c3c7b,7867
Test/Unit/Controller/Adminhtml/File/Customer/UploadTest.php,4d6698e02cd715f3ebe48af925f38acbc4bb99b95daec62b17771f3b6ebe40e3,7610
Test/Unit/Controller/Adminhtml/Group/SaveTest.php,6ec556308e931fdbb1d44c7bd990d1bac5d6df22b4bac5a605f6b17b29a88869,8669
Test/Unit/Controller/Adminhtml/Index/IndexTest.php,d8b959042e5924c6c4fea21b27937e3e55fc7903f89971bb8eff40bfe53575b7,6231
Test/Unit/Controller/Adminhtml/Index/InlineEditTest.php,0c12288018dce1d067396631694d2c3e24f1955e7aedaf655f6a5fa4a1ee43dd,15180
Test/Unit/Controller/Adminhtml/Index/MassAssignGroupTest.php,5773a2ae016c1b02ed4e048d6ec206ae4e3fc41b8e70454f7355b44a0ac8bdc6,7906
Test/Unit/Controller/Adminhtml/Index/MassDeleteTest.php,1cce49f06a13024135e67173ef91cb62f9957d7536d018af2ac0ccd996e127be,7244
Test/Unit/Controller/Adminhtml/Index/MassSubscribeTest.php,87f46c4b88aa45f205fb6f16b82643b6eebd072cd5c7c86151ea6417ac76569d,7989
Test/Unit/Controller/Adminhtml/Index/MassUnsubscribeTest.php,8db4a033a493be33e10f2741d8fc73f389756b29b7a05bcf12fe7d9f902b8665,7999
Test/Unit/Controller/Adminhtml/Index/NewsletterTest.php,0c476c62a070666dcd71860901a46cd540a6ddbb568a40bfd319ee82db36444d,8788
Test/Unit/Controller/Adminhtml/Index/ResetPasswordTest.php,f6260e7a1756b3c02ba3e66dbea1eee521736d32afc3dd2ea35ca8fc3ddaac57,16928
Test/Unit/Controller/Adminhtml/Index/SaveTest.php,3d6e986a9a38d725b95a953c8e35862b8c91a7c17212eeaf84a7103a4b5482f5,43380
Test/Unit/Controller/Adminhtml/Index/ValidateTest.php,05c7bca9bff0191efee42b6a4dfd73de1a7f608b8e3771690653c305cfcec8e0,9717
Test/Unit/Controller/Adminhtml/Index/ViewfileTest.php,790d3a03f8ad6630324b94776714666273e925b9e7da909cb532f13f856ea1e7,10495
Test/Unit/Controller/Adminhtml/Locks/UnlockTest.php,c7a9fff4387e3437bdd2b4cced71f968b42aca4c3fa7c33665bd9000d5bd1c9c,5054
Test/Unit/Controller/Adminhtml/System/Config/Validatevat/ValidateTest.php,487b2d651afef7f902b215fad8d507e062433e4c8d41e4f0d2027e3c8aa0a0b5,4038
Test/Unit/Controller/Ajax/LoginTest.php,77cafe002b292b335a8f2bd616220d413b2df524f2112ce436df9f8a0af0a8bc,10558
Test/Unit/Controller/Plugin/AccountTest.php,d33a041da57d7b04d33555bd75f245706079c39d21578d9b02bb5d844f8783be,5469
Test/Unit/Controller/Section/LoadTest.php,eb65a2323ccb76f0dd719d93bd762ed5876b409ee2eb7d85b942f014f3b290d1,5812
Test/Unit/CustomerData/Plugin/SessionCheckerTest.php,0c97fd74b051a144e7fee79407643cfa4f83157d1d57a0d5146e13db25b66dd1,3169
Test/Unit/CustomerData/Section/IdentifierTest.php,8e8b11681d75ea7e89a9cf58822e976de0e2f75527800eda9543ecbfc53d56a2,2652
Test/Unit/CustomerData/SectionConfigConverterTest.php,fcf09de66e47c64d0cf9005ace1e8691fb6f93f8d855e5e707f5a2ac02218945,3217
Test/Unit/CustomerData/SectionPoolTest.php,1a3bf7cea5c1ccda1128349c69055abf8635333643003e8b65ac1aca5278f1ae,2779
Test/Unit/CustomerData/_files/sections.xml,f5a083787157aeade79fb0744f18212ffef17e8ee5a4c918943782f1f1c7c291,2349
Test/Unit/CustomerData/_files/sections2.xml,776940afda17a7c1fe459dc24c3a03ff19cac241c4350db502f720202dadf18d,1612
Test/Unit/Helper/AddressTest.php,c511ee229645c5892f77383ed9c115636a651f896b82226fd3ba156c03e9aa31,14464
Test/Unit/Helper/Session/CurrentCustomerAddressTest.php,ffb1675cf1b88ef8209253eccf1fd98bda8faa1e94b31fdada4ea814a477b08c,2768
Test/Unit/Helper/Session/CurrentCustomerTest.php,c42984af1c5bc8924d3049e71158c6a6222eb12bec5622664a77a277290ca7f0,5066
Test/Unit/Helper/ViewTest.php,4c43385647fc724874a8296aafe3b9047a4413b2dfaa4510a00b5cf157937da8,4593
Test/Unit/Model/Account/RedirectTest.php,01568056d2326c06182178ad0e8ac1969c697ad8a4c3d5ebae0164ea23cc19c9,12728
Test/Unit/Model/AccountConfirmationTest.php,312a841ea27b74500422df355c3018e2ecfb9115c8c42f1c1b9b5a96e95f915d,2699
Test/Unit/Model/AccountManagementTest.php,51d038cc51cc5e4cb36c0d5c19334479e367b23b6b4d5da7f0c2ab4725d1c484,83525
Test/Unit/Model/Address/AbstractAddressTest.php,e3d0940b66a5dde8de306703878ca6694475d23fa5aa8a5a709c26e7b9df68ee,13778
Test/Unit/Model/Address/Config/ConverterTest.php,473c92cdcbdba163abd82a87af9d211b1d0356120b61e4bd70f0ca2db60308c1,759
Test/Unit/Model/Address/Config/ReaderTest.php,dcc32020afae81805644dac15e3fd42a0d0f6c490470bcd06da51dd4d951a0fb,3365
Test/Unit/Model/Address/Config/SchemaLocatorTest.php,3947d5f548b1858f1ca996c7192c1e1aa832ea5313dd2d72e237d5dec498ae9d,1722
Test/Unit/Model/Address/Config/XsdTest.php,7d49949134cede3c90e5c07962333a590f92d04a2c230a76431c9926c9cbac94,3846
Test/Unit/Model/Address/Config/_files/formats_merged.php,a75779e5c284e5b406515486adeb66cf3e2241b594dd0c2e4b70d7980c8a1265,295
Test/Unit/Model/Address/Config/_files/formats_merged.xml,ae69f13bc57d4871e112ae7719bf6726cef1bf1929f94d4b5f6768ef53df2468,429
Test/Unit/Model/Address/Config/_files/formats_one.xml,0bba3b4b56eee7bce60e191a24514a0ed3c41eca7521d55283d4180e44a776cf,424
Test/Unit/Model/Address/Config/_files/formats_two.xml,e8de8d5a523e0b0df958f3c12759f2bfc83f83396654d5e14cb1cf655894c552,371
Test/Unit/Model/Address/ConfigTest.php,810a37a6c9082cd15db5203ceb0d204fb194a0c791574cb521e3036c3fbfdf02,4468
Test/Unit/Model/Address/DataProviderTest.php,9d4f14435fdab29f6e2c87f51a5eeb18486b435cac8aeb8df2cc4b5853808747,12495
Test/Unit/Model/Address/MapperTest.php,20463716f9fac32b4a1bb83b5ddd4c19dac198f612c0ddf6039afe97fc50ab77,4165
Test/Unit/Model/Address/Validator/CountryTest.php,0a3ece42df1fbc65012268ae4521d30d1f445deef1cead80e2ececbbd88e46e8,6045
Test/Unit/Model/Address/Validator/GeneralTest.php,5c72e1b62130dc2cd35b348bee1ae804e8488dbedda6ac1b84453a4b1db69620,5262
Test/Unit/Model/Address/Validator/PostcodeTest.php,224bc1c0ddedba550019d3162be3047cd6aa2daf9fac57ea315c907f39736c7c,1078
Test/Unit/Model/AddressRegistryTest.php,7e7440dd1ba39153e0278bf743a7c03d9f19799341a98167d1ca1823594d9f27,3515
Test/Unit/Model/AddressTest.php,9eacbe368446acbe67033fab48afdcdac2c97d9dcdb24c89e7b58d65fe6c7a68,4586
Test/Unit/Model/App/Action/ContextPluginTest.php,9fa231ee970b67d969230e6997e76f7236755170af6fca98deaec7d6595527d7,2351
Test/Unit/Model/Attribute/Backend/BooleanTest.php,2cdef475287609ac2d0f845da99e89a6b4409db029e64f835854495cdf3f9f16,2299
Test/Unit/Model/Attribute/Data/PostcodeTest.php,dc2a7d3c3a553f616f1d48e10fe0127338932914ecacb7ea58b915966aeae7df,3248
Test/Unit/Model/AttributeMetadatConverterTest.php,94974fa9b44b4f634816b2278e8edd88dd8830a13274e5630ab7c3bf0d90ff8c,7531
Test/Unit/Model/AttributeMetadataResolverTest.php,038389230e99ee810a45afbc8040fcde78d3ed7a237e30af2a231b0c9e09d3ae,5397
Test/Unit/Model/AttributeTest.php,6ef5e078395a684a5febd46e26353f74e5289337e6486149d493f7003fb71224,12653
Test/Unit/Model/AuthenticationTest.php,47c3cc69e5498e3cb053ae6253c05394af7cca77e7af2bb619e3c7576842e458,11619
Test/Unit/Model/Authorization/CustomerSessionUserContextTest.php,5a6c50cb4f7544ad955bb235250323eb2a17d37dd9b71ff47dfbb48debdc2174,2136
Test/Unit/Model/Backend/CustomerTest.php,b7425b0cd5b62500cd37f8a467d8147da31872cc938930a428c07210a90cb429,1922
Test/Unit/Model/Checkout/ConfigProviderTest.php,e821e04b1c8e7c8c98db374000c5afe4710a1f50f38999ed9071849bb3e7c986,4234
Test/Unit/Model/Config/Backend/CreateAccount/DisableAutoGroupAssignDefaultTest.php,ed143401dfaef934aa47e3eb93a7c0e3e77360cb6958fb8dd50397f646c60475,1878
Test/Unit/Model/Config/Source/Address/TypeTest.php,d6e749042cf122791a416d180dbc1fb3ea0702e4af9e7b8bc48105e70949d36a,667
Test/Unit/Model/Config/Source/Group/MultiselectTest.php,84f6b904e5c39c0dc7b7fd93727aba566a4ed49232af5afe992ff4a101eea0f6,1807
Test/Unit/Model/Config/Source/GroupTest.php,a5d39bd7a89826fac7deaedd586a519d45cc6857952b67d3570ec684e09b55f0,2121
Test/Unit/Model/Customer/Attribute/Backend/BillingTest.php,05138d50fd11f99128eeaf0b562b383dca15932ca8fad1c8ca966eb5f32e6814,3402
Test/Unit/Model/Customer/Attribute/Backend/PasswordTest.php,39d5b6d82c62fb8f6bc24af69c075c00e3a0feb175974585b035fdad32b19879,4093
Test/Unit/Model/Customer/Attribute/Backend/ShippingTest.php,649aebf549f42dd20100aa7cf5f131a6e4e83cd66b37d95b74eeb36e41f85796,3419
Test/Unit/Model/Customer/Attribute/Backend/StoreTest.php,9e9f9139405a4b7a2166e8b7335a789a5580a083ad5dddf63583d00413600d38,3159
Test/Unit/Model/Customer/Attribute/Backend/WebsiteTest.php,b26229f1f41d4a72e56a68b9c35140f2ba8bf56896729655ec2a6b916b78c243,2576
Test/Unit/Model/Customer/Attribute/Source/WebsiteTest.php,c8e0f0a35e7f3303b53c4dc5cfe17d22e84d12bd6d73200e93f7a23857183c9c,2764
Test/Unit/Model/Customer/CredentialsValidatorTest.php,f14d86eb8d5a05f9fd83847b99c0a0be3de9dbcd261ecbb124878935e6eec42f,1252
Test/Unit/Model/Customer/DataProviderTest.php,087f021946a22510d8d4f6d990d5778ec5bd391a71f97c0e7630b59e7f22f2d2,50153
Test/Unit/Model/Customer/DataProviderWithDefaultAddressesTest.php,c0f318d948d2f0785b569240105242408009e086370d8816830344d2c8b911b6,17433
Test/Unit/Model/Customer/NotificationStorageTest.php,3468a64acf2fe3da04ceb2485367667bb7763fcf3e3b8e4edb1f4b7099eff828,3018
Test/Unit/Model/Customer/Source/GroupTest.php,d368a5e8ac2cf90c778cd3ca9807c83b85c67c92157dee7db98fb3a50f3e943c,3857
Test/Unit/Model/CustomerAuthUpdateTest.php,fa4a8861893b72d008a7e9b57b838ee8f450c508582735b80fc13d69d6d1e1d3,3382
Test/Unit/Model/CustomerExtractorTest.php,4a5df42bd3b72e8eec000912b8d654fcc75862ce611610dd367795b22b995bb4,7115
Test/Unit/Model/CustomerGroupConfigTest.php,5ca3bb9ee4aa3e47fd152e132c74bc65d18e2a3ce142bedf91c9a03acf3c367b,2357
Test/Unit/Model/CustomerManagementTest.php,f6bac5f752bda2d2f4368489d54c84b88056295f5ba918437b29fd34f2823c41,1370
Test/Unit/Model/CustomerRegistryTest.php,2b33cd09669e4ea32f07a4b507e25f800f5bfbde18186bcc8fa5f9485cd266f6,8049
Test/Unit/Model/CustomerTest.php,2ab836224ee05f7f581c18c0300f72151ad5ed470679b0a26fe0781a22686d83,15869
Test/Unit/Model/EmailNotificationTest.php,e231e709eecbbb65eabcec8f5190e23e0b7257d1d74ef6b59a741fb45220a400,27009
Test/Unit/Model/FileProcessorTest.php,46fe764b1dd31b7336d15d63e896e5979097c10b8d60a45fd43fee9978c29b7a,14961
Test/Unit/Model/FileUploaderTest.php,b52ca13d8e040c48940462fdbd137e9191fda071436506b76ef2c328be8ea15d,6329
Test/Unit/Model/GroupRegistryTest.php,e576bcee93d12092e30f7dfd7a8ccf837b6fb610d2bb6dfc73a89a2fea70fd1e,3841
Test/Unit/Model/Indexer/Attribute/FilterTest.php,fae9c0322dd1ac423ac788a4dbe2b7bbf1f08ffaa5ac5d5c449f6ac493f8f639,5018
Test/Unit/Model/Indexer/AttributeProviderTest.php,5ea9a85d071f8526f0894e4c7588a66b872e78425d58766d93b031b0f30592c3,13151
Test/Unit/Model/Layout/DepersonalizePluginTest.php,32df289a2d711ac4942a70b81b888c0880f180d4f1c03b8192d5fd32c613cdbf,6856
Test/Unit/Model/LogTest.php,e06433fa8790e4e30672c18afe0fe3926194a54816554ef4ac971981ae23549c,1913
Test/Unit/Model/LoggerTest.php,7bdff544a14e81539717e25676fbf636ab4fe4d6854b08c1fd69749a5b0008ed,5603
Test/Unit/Model/Metadata/AddressMetadataManagementTest.php,c57fa025326004f3a8dc108ba8687922429aa799e2462d375121e7f5c88d4723,2984
Test/Unit/Model/Metadata/AddressMetadataTest.php,e49a006d72fa875214a4f6b579545f84e3f6ed5879096d1187067c6aaf596ec8,15173
Test/Unit/Model/Metadata/AttributeMetadataCacheTest.php,d352b4559ae17f6f64f0b7a81d0ad608093ebf25d3d82b7834b0225de0955526,8899
Test/Unit/Model/Metadata/AttributeMetadataHydratorTest.php,8d0fcabf1b82c610c596ba91c9349864a5340348a3292a4b973cea0ecc55a6af,8190
Test/Unit/Model/Metadata/AttributeResolverTest.php,a6b7c347a6ca35a4adf4ce80e4dfe550d41564c47fb381aee5b9d9e5e1b9dddb,3012
Test/Unit/Model/Metadata/CustomerMetadataManagementTest.php,2e10def562b7266e711394cb7950c7232ffa6d0430adf8ec4d52590d202fa835,2913
Test/Unit/Model/Metadata/ElementFactoryTest.php,110a594e1593cb62c3c2e3cff53d28483476595d3130b1cd8a63e64f5fbe01d7,2897
Test/Unit/Model/Metadata/Form/AbstractDataTest.php,d628a118116a96bdd959808b62e1e2720542f16b95223121a5989014007ad5ff,13104
Test/Unit/Model/Metadata/Form/AbstractFormTestCase.php,6a4e6927603b88dd368ed77405ec87d598a1f6378951d49a36836ebc302915ec,1371
Test/Unit/Model/Metadata/Form/BooleanTest.php,b6fa51b06e7da8895012493d565f528651e20c323d7ea5bb415c8f5bee8dc935,1254
Test/Unit/Model/Metadata/Form/DateTest.php,8e35659aad2d63cf0d8427d7b8ca64c8fcc869f2365efb66b334ce281ad15354,7156
Test/Unit/Model/Metadata/Form/ExtendsAbstractData.php,9a0be63ae134176a776913f79b551b546f77ea664b81518b4adf88a71c3472a9,2382
Test/Unit/Model/Metadata/Form/FileTest.php,3991e17fad773fb486f80134314e9ad0959743c57d96b87f3ca7af77360e165e,21450
Test/Unit/Model/Metadata/Form/HiddenTest.php,0c7ec82178f42fd9580a25162cd2a6b3c2459a8c83b4689b582b7ef7fee3ecaa,801
Test/Unit/Model/Metadata/Form/ImageTest.php,14ad0caf981db0bd26441a052500451f0039c09f339b389f5935946e2ae7c654,17068
Test/Unit/Model/Metadata/Form/MultilineTest.php,334baa376af5521519e86ad5b54d51cd3e4d8aabba158ec9083289087899346b,2899
Test/Unit/Model/Metadata/Form/MultiselectTest.php,900e5c16dec11194e0be12f71dac828f24f2f055126654c3de7685c22e80e361,6972
Test/Unit/Model/Metadata/Form/PostcodeTest.php,8798c84e2f6ea27e30f26e63f650d9ec57591eb27e870f4822bb80f1e844f202,2442
Test/Unit/Model/Metadata/Form/SelectTest.php,8043182d8d681b82f329e984aa53d60102f40b98ef81c61a9056f11c2deaa434,5156
Test/Unit/Model/Metadata/Form/TextTest.php,d6e10e83f8b23ae74166a6a3760c62ed851e441000936fb1dbd9ab767ba9d5a2,6406
Test/Unit/Model/Metadata/Form/TextareaTest.php,e00f08c46ff8d7ff0199fb9db43f685fe98b2b1ce99931aa443ba86aca047a47,809
Test/Unit/Model/Metadata/Form/_files/logo.gif,0698fd8831eb5a2e246106ea0720768e6e49b4a4047c00d79faa88927d117c97,2373
Test/Unit/Model/Metadata/ValidatorTest.php,db90795a977043d8696762ea71e58efa07724eb15fd307e45ec588bcb117abb2,4504
Test/Unit/Model/Plugin/AllowedCountriesTest.php,f8a744ee0ecb039ef65b5ac39882d0ed5166de527641007b12b6a598ad2fdee9,2053
Test/Unit/Model/Plugin/CustomerFlushFormKeyTest.php,f3bd49bbaea6f8e56aa94a518efd43d7fc3417d313c823fe55a378218cac1499,3121
Test/Unit/Model/Plugin/CustomerNotificationTest.php,3c0318188291190c471b81e313ce090ea481e96c53e7a5b12df4e074c08aba84,4845
Test/Unit/Model/Plugin/CustomerRepository/TransactionWrapperTest.php,73d7264509d55c53d2a309dadefafbb1460308480aa0f773a1e42dc441cb79d1,2668
Test/Unit/Model/Renderer/RegionTest.php,90eb505261d01cfec209423255e76535b11ff35a853a5e3e9632911d47b0fa78,4340
Test/Unit/Model/ResourceModel/Address/Attribute/Backend/RegionTest.php,f7d39fc508baf9ab6972bb182f4fe7ff6ed8ab827e5813976a18deab4f66f793,2585
Test/Unit/Model/ResourceModel/Address/Attribute/Source/CountryWithWebsitesTest.php,25bab85a57c6ac927d15823383f8ba861cb594bf24eb49609566e6fc8a8e4342,4356
Test/Unit/Model/ResourceModel/Address/DeleteRelationTest.php,fd8bfb0246fba99c4d4e8d4222488089e6dcc1bc48fbb38f841b07900d2f716e,4407
Test/Unit/Model/ResourceModel/Address/RelationTest.php,e08ea1c31bf1ea2bd65e59ac28e6ab7779794b3f53b79d3254870e7401483b9c,5074
Test/Unit/Model/ResourceModel/AddressRepositoryTest.php,b4c6fe0078c9f15164f70265e85f511ae17fc30af418d7ee1a9428b9ace6543c,16926
Test/Unit/Model/ResourceModel/AddressTest.php,508eb754b7fe918f8f3d9504f385634baad6a1eb2000bc09d58663f6b04c31fc,10890
Test/Unit/Model/ResourceModel/Customer/GridTest.php,62073354238ffd7f0a00a2afa5848159cf26d7ef572afcfdfd18ee01a551d435,4588
Test/Unit/Model/ResourceModel/CustomerRepositoryTest.php,70dfd48bff39026d78937e8b77182e9681c2a04a373ef486cb5069bf58e04ef4,24999
Test/Unit/Model/ResourceModel/Db/VersionControl/AddressSnapshotTest.php,870b70655af24928fc1f5693f71f79660ef5163839113b228b1135d73a329814,3952
Test/Unit/Model/ResourceModel/Group/Grid/CollectionTest.php,72d792b4aee8ef4b3ad5f61a6e4f13bed2e8fcfda51cb137b51e12d4f6c4d95a,4496
Test/Unit/Model/ResourceModel/Group/Grid/ServiceCollectionTest.php,d93ffb123b44bafa5da635581aa117049e01cb0ed6ee06a6a92fd91355285bc3,10152
Test/Unit/Model/ResourceModel/GroupRepositoryTest.php,6fd9e5e444522c5d75408b8371ba91f565476f05c0aacc535f4b57f1b8b9f470,17958
Test/Unit/Model/ResourceModel/GroupTest.php,081cbaf7c7d235fc666695912f61345c462c951c29553e855624dd5a304b0120,7666
Test/Unit/Model/SessionTest.php,b996314126ae8fa6a5d180e4369961a45bf6918452b9a9885f1abc1ace6d9603,9385
Test/Unit/Model/VisitorTest.php,51064689fe0b959b0f8b362d8768c8239656730da4083efee1b3f0372af94b2f,6147
Test/Unit/Observer/AfterAddressSaveObserverTest.php,c760dbab10de17b526f804e440d04c8f361f205786ebb0dac575a0fc8924bf15,23423
Test/Unit/Observer/BeforeAddressSaveObserverTest.php,8a7f607bcbdfde624ce7e37ba79d52fae6824305b46e610d2006839b01c5af8b,5805
Test/Unit/Observer/CustomerLoginSuccessObserverTest.php,d6cc3ed94cad5b80f7ce470c3bf86ad453f5bd7fee278c3861085ac6856755ae,2030
Test/Unit/Observer/LogLastLoginAtObserverTest.php,296f439d01eeb570bce9e6a687e7dbd024a8e63ab95c6ae7b142ac434f68a9be,1749
Test/Unit/Observer/LogLastLogoutAtObserverTest.php,2ccb016b14a4492df75b697b420b03962b0f7e37e0ced8b7e14baaa032cce4b7,1758
Test/Unit/Observer/UpgradeCustomerPasswordObserverTest.php,dcd49654bb031abdccba7ee7becfb9394c305d9807a50d4177752f0ccae372d2,3982
Test/Unit/Observer/UpgradeQuoteCustomerEmailObserverTest.php,50c1c66c4cf01434abb1407e305749a9bfba01b2dd5742abc01b08dd0fe66c52,3348
Test/Unit/Setup/RecurringDataTest.php,69bf4d3d9844074882568027614be7db50957dbf49ee1fe7f228e1919e0d9a89,3908
Test/Unit/Ui/Component/ColumnFactoryTest.php,baef7733c6d59a76cdfa62b865aa34285c97e2fda005a1cbbf3be623f06253a1,4528
Test/Unit/Ui/Component/DataProvider/DocumentTest.php,6ecbc0510170b56907808bf8322dc14f436fe2cf2c3b44437fde5e5bbd864f99,6723
Test/Unit/Ui/Component/DataProviderTest.php,92d68a0fe17ab51dc802f849265dc328726dbce87526b39701f660618508fddf,5457
Test/Unit/Ui/Component/FilterFactoryTest.php,7ff37c46626b879d333bed355b2bcc37bf3dcd99b54f5a102274d39a44a26ac8,3511
Test/Unit/Ui/Component/Form/AddressFieldsetTest.php,e8e6b6f6d4aa00c4a24b04b8ddd7e405923890d53743b7382d150f3068deca40,1693
Test/Unit/Ui/Component/Listing/AttributeRepositoryTest.php,ec6b376c82ed26c1b65c90ee7bc421483fd01cd3c4747dd81b83c392e0f779ea,6217
Test/Unit/Ui/Component/Listing/Column/AccountLockTest.php,684e704bad8125b76c91c274fb11770e4da6491612fb9b442b9c5de173e41c12,4226
Test/Unit/Ui/Component/Listing/Column/ActionsTest.php,8cee840c823f61598040972789c67df9a7b8c16872c9d10fa9b9c65c9296f28b,3160
Test/Unit/Ui/Component/Listing/Column/AttributeColumnTest.php,875647d7b13f5971b32923764d12e8ea7c46206ae069ff7ab83217fd974aa515,3754
Test/Unit/Ui/Component/Listing/Column/ConfirmationTest.php,3ece5192a7acf0882c700fd78b0ac92edea8c171fc5f76ee11937c3a75ad307a,4227
Test/Unit/Ui/Component/Listing/Column/InlineEditUpdaterTest.php,be9167118c2e1338204bbf05b74b1f3c0bc559285795db8597bce886f1a103ba,2590
Test/Unit/Ui/Component/Listing/Column/ValidationRulesTest.php,2633cf3d38c38c38de06f75e18e1cfc61fb3aa8002326e8973f9b29c9ef3e9a1,2532
Test/Unit/Ui/Component/Listing/ColumnsTest.php,97da42a0a4bfee77c3cd43dde75318cfb3e7b176760928321c760da45e839a88,8539
Test/Unit/ViewModel/Customer/WebsiteTest.php,321e2c60fbada8021d20d8b2a258a3ed2e2b158f1ae434f7e396444920fa7437,2750
Ui/Component/ColumnFactory.php,71b21d905bde3cdcef43e4f3518bff015b72a77f6420b786ab05b82958cef90e,4368
Ui/Component/DataProvider.php,2da2f8584d985281c2c97f3bdaee5e9e57647628ce49e8d0b7eeb76db78da434,2344
Ui/Component/DataProvider/Document.php,6918e96a61ebff547b322231e70171dd02993aae9e7dd9dac939b0a22d18d6d8,6631
Ui/Component/FilterFactory.php,d8ec7a6f20d78ef0a9891bebfb96e12dad5f69b030f42fe7f3f237a8668d57d5,2359
Ui/Component/Form/AddressFieldset.php,a48e34776880bdf11a7c06884e8543a552baff7a35df454cf9bda5ff1948a015,1249
Ui/Component/Form/Field/DisableAutoGroupChange.php,3971b91f9d7b374e7aea7b5676899c002843d51d0d656e690c8855868df50a3a,2011
Ui/Component/Listing/Address/Column/Actions.php,c139b1258b92bd493abadc572240c05eee8e2534b28a8fc4d792e74fed60720f,5169
Ui/Component/Listing/Address/Column/Countries.php,31ad6af97e994837713d18c822fbb07d96110aa1313657a4800e6b79b2efe2e7,1206
Ui/Component/Listing/Address/DataProvider.php,00b4b91b46670539e19e865acb3dc0dbc860689808ee046cd8804226a0102ae9,2985
Ui/Component/Listing/AttributeRepository.php,b8dd33082e18943894b0ea0f7df568db90d4321e722ea80d6209b43210d64990,5863
Ui/Component/Listing/Column/AccountLock.php,41b1f59d7868fdaa750cd1637a55f4b92d437a4bdb7ee5e7e0b347d151dd4147,1673
Ui/Component/Listing/Column/Actions.php,a296720d91e1a260c1e8cd9841f3e2edef90569dc6233b39dd4b63ff700cc72b,1887
Ui/Component/Listing/Column/AttributeColumn.php,ba96b2a02da8dec9bbe2eac81e1d0538211afc538dc672952345bc8d9025e60b,2074
Ui/Component/Listing/Column/Confirmation.php,44867db6cdba99f97af6c34e930a31e14b0945430474ad7f8de14fe6b80a15ed,2436
Ui/Component/Listing/Column/Group/Options.php,d6dc59a4a9179b73cd89d5037945a7208b59d5f14e7d37f0135012039e6651b8,1159
Ui/Component/Listing/Column/GroupActions.php,cca0a1eae51ad72ac9644096f348554b21327735ebb808e769a67f4a1f1076f3,3546
Ui/Component/Listing/Column/InlineEditUpdater.php,cbf9d87edd315aca8a951308ce61857485bc06dd8aa55e84f6a708281f82a003,2333
Ui/Component/Listing/Column/Online/Type.php,bb06975761ce11e88006e957c0346f3bec3a07dbd754f9f5bd7377ba56c19015,831
Ui/Component/Listing/Column/Online/Type/Options.php,3885fd772e0cd957e75fec73b6a85491a7d6e18a5c8674eb90c6611618cd613a,936
Ui/Component/Listing/Column/ValidationRules.php,59473dabceb1fc8f6352dcbdf24c3995bed6716d09efaf39e4cdbde8061b17c4,2236
Ui/Component/Listing/Column/Websites.php,e2444e1fe8706daacb7ddfe19464e45ea4911f203c52d7a264f3dd9202db2f21,1385
Ui/Component/Listing/Columns.php,5eead460a8e38344280415fb13c762503ad639f482d62590bfbda3f1dd1bea6c,6956
Ui/Component/Listing/FulltextFilter.php,6986aeb7d58360a97fce279770cb6e821b0ed8020bfcf32928c1c930154947b7,1002
Ui/Component/MassAction/Group/Options.php,6e722cdc6c2f269ff71cb7b0b14fc5ec4ae1cd81c72ea61eeebd4d1f17a3e22c,3437
ViewModel/Customer/Website.php,3e77356917ba91c5e6b3dc48e17879fb89fabb36eec4f3203aa39932bafd1ead,1721
composer.json,95f2a5b18f05fadaa014354b032861135f94b71096e8395ec3e4b16c0f32d05e,1500
etc/acl.xml,b5ee65c0399a97502a1668319eaa46ad39b17ea5cf31ccd26904bf2124cf21e2,1899
etc/address_formats.xml,371b18e5ae19424b4d045897bf363e67237b27bc3e5ea5ea5e91d1241f6b100f,483
etc/address_formats.xsd,f63f94ed2bd1c6c54e27ab2fb644a960e8a6c241483160d065f216703aa5a098,975
etc/adminhtml/di.xml,27cd7e4a59f43ee0bbec1197d13533cad9cfc3d3eee6801f45144b05b35e52b0,2186
etc/adminhtml/menu.xml,400accb47d2abf449630d7454f65d7f7e0dbb26292bb8b7edbecaecc18a264d1,1161
etc/adminhtml/routes.xml,1757f2715749548ff9793ed88c4a0dfa6e40744af2af7923d289d27b3a8f6726,429
etc/adminhtml/system.xml,c1c47c31d21f963693042a2cbdbd86929e2ab999637b53705b0364f3b960e640,24348
etc/cache.xml,c50f3dbdf637ddeef8669a48dd88b12df688cc544d0ee0c97cde786f1c12f9f4,519
etc/config.xml,c374d5ca11b11a66cc060bd8a63d90f11347a6c1297458aeac218c6a0d44a06c,5829
etc/crontab.xml,43d002d19ac0734b4c012ef9d9266bf2e9e5606cafda4e2591bbfc7310253920,471
etc/db_schema.xml,dd3879fc7cd613661f5f77ebd06e1058c3537e470685e131c5d6fafb73f8e012,37044
etc/db_schema_whitelist.json,ba3220744e7048a7841a62da7cad4fcfdf54f85b7082a23d997c686f83051721,11480
etc/di.xml,e89300b4df4547fc59fcc0652d44b90fc5c061c8a60436c0d8abdf0a153668e1,33010
etc/email_templates.xml,81d27e3a13549159dd372b95110f13d7f889be248e7b3467503f538ca2297c1c,1931
etc/events.xml,063d8e93f614a3ff4702c218cad77a3805793d6871fd124c7baddac425e6627f,1023
etc/fieldset.xml,4dbd752ac04aeeb7e597c12e179d2d79cabcad23ecfb73921f55c697a849c53a,4816
etc/frontend/di.xml,a944acc385b115a4bf8918317bacc228640352f356f32be6996820c5f7cb1903,6131
etc/frontend/events.xml,3abfe9a2848932064b143057883cff202669eab406fbf57797dada0e87cffca7,1689
etc/frontend/page_types.xml,a8ce6e2f1cdbf7b5ab51ed6bf5f7308a93446db811a481ee2d471778b5c7040f,1098
etc/frontend/routes.xml,514fd507ed98d79bce53f070905cddbceef37bab26d30154141da376620c8483,432
etc/frontend/sections.xml,74e40e176250f9d72b4dcaf0a9a6df4a18dbe829c2a6fdbf464f2ac0bc9b5c7c,770
etc/graphql/di.xml,99d218c6f8346c441429ea85de99c56b498239dfad40ec5436fb9dcc7a181753,786
etc/indexer.xml,7422f58fbc1822980237cb1711d7eb8118662f8b7e5b9e9f18d556dd0609a388,3380
etc/module.xml,5bf758a19fbcfdbd24e7b917678f5cb4709f2f08624ded987015a58c7f9c22e2,458
etc/mview.xml,e69bb3cab1e1b90ef1e63d9a1e1a0ec7cbe1f864ce20371d0106a79a68529a78,389
etc/sections.xsd,d0f8407844354f33279215bb140e840451955096dd3243edd0d7e0fb2d88ad90,1820
etc/validation.xml,2a1588699583107676ea52ca59e332fce632ff2a58e66216fccad62acd6efd21,1728
etc/webapi.xml,59dfe52c4636d7c9a9c6cdebd7b2250d757fcd7e5a23c2c37e45e5ec7d767438,12311
etc/webapi_rest/di.xml,d21d10f7b60ec126c4fd4e24cdbdef4d3ded7eed58c6508ac1455662f1cd1e66,956
etc/webapi_soap/di.xml,3fb9807abcbed6c02f75d84e88227cab66373a7067101e3548e22a6b5c940aa2,456
i18n/en_US.csv,0e678693321e399da9a2d34892720cf2e29aee84b0f3dbfe169040c29cf136f4,35748
registration.php,4c7a2dc15ad3539a86a06dd450aaee84adeaf55d1b6ab1f50ba87cb1f83223cf,247
view/adminhtml/layout/customer_address_edit.xml,94a63a4bb2f07d8bba5fea6afa91ac51037afb5d5f2195b771c038d56f32b422,498
view/adminhtml/layout/customer_group_index.xml,a017c6b29a5e297f5c63765ef68f87cd7e6530bd2efe2b891d304f7f754f9553,446
view/adminhtml/layout/customer_index_cart.xml,4d7f56aee2bbf3326976fb4a6b3d2f3cc6658473de8640d5e3a4601f566f6642,459
view/adminhtml/layout/customer_index_carts.xml,0cb787f18fba9de3165f269c86495911c739bfbb09def988f8760770197c7a2d,451
view/adminhtml/layout/customer_index_edit.xml,1a0694273571a8f945c46669fbe6664d3621e8bede9421923b1f366cc32ac796,1089
view/adminhtml/layout/customer_index_index.xml,78241f3f13295cff8d228ddf04aae36ea453cfc800fdfe5e9e9647ca07b1d5e8,488
view/adminhtml/layout/customer_index_newsletter.xml,265a29f0bfabb06e446a3c6fe34444f476a26fdd727abf6d10c29a45759859e0,471
view/adminhtml/layout/customer_index_orders.xml,c69c7530e6e8b8ec41a2a5abe7678735517243d97f42d9a6034fab3890c9f842,466
view/adminhtml/layout/customer_index_productreviews.xml,60b2853997226e19f99210e0309ea1f2f2d7966af2d2e7f1349d850b77ea66ff,455
view/adminhtml/layout/customer_index_viewcart.xml,83f4063b6a67743c6c87ef89eb5a28111a73c3b408a8a9b3b0ea5f076fd8a5da,459
view/adminhtml/layout/customer_index_viewwishlist.xml,b4894e093d417aef6878fc7ff3e0ab1d184616dd7feb498796146d2ec5bb7bae,467
view/adminhtml/layout/customer_online_index.xml,4f2be09376ba7e1a8298c78e38592c3d7f4662ded539716bec5edbcb2e5bafad,474
view/adminhtml/requirejs-config.js,c4571fdde06e931a58f86352ff427fa66260cffdb94cc7a71eb7ff1a423315fb,471
view/adminhtml/templates/edit/js.phtml,81279c0a59cb8920f1998a3ad760dc453e33312021e5a1545cc59a56b20d4ecc,108
view/adminhtml/templates/sales/order/create/address/form/renderer/vat.phtml,9e60ff2ba0337a19d9c756401ff7800fa12874550e073da8bbfd7644eb5bce55,1345
view/adminhtml/templates/system/config/validatevat.phtml,f84e200e849aa46032e8b9bb7087d7618eac401bbd088265535625f959b1bfff,2134
view/adminhtml/templates/tab/cart.phtml,f8ffc8281a4e789c11e2b144fba0e49ec41cb00abd403a3574f1b050b9da3270,2841
view/adminhtml/templates/tab/cart_website_filter_form.phtml,a220f5ab8f1109b0ddedc0f9faecea08d6f2c28c6a2dd166618b5d41b302aa3a,234
view/adminhtml/templates/tab/newsletter.phtml,ce2e32e20a45938125e369cbc9bd4e832b0f257e5fd939065d7ee89812aa97e4,212
view/adminhtml/templates/tab/view.phtml,8ca4e9ac0181c9c5b98872168f854246653b9bfd0e7085eae7cca1b38b19437e,283
view/adminhtml/templates/tab/view/personal_info.phtml,58c95da31d8ba3140d4a244a7a326523ef60af060495254752b7ea38167199b3,2764
view/adminhtml/templates/tab/view/sales.phtml,5df3c6ab53b21e8b8a5fa94b65273043bc5a6f6c0ceebdda94f2947839f43330,3674
view/adminhtml/ui_component/customer_address_form.xml,3238d3f91889dac88a4e2ced345042407bc618ef7c112583c1eb2f5efa4e5799,10445
view/adminhtml/ui_component/customer_address_listing.xml,ed15e4fbe8402e354a6467dacd0686f8fccdb3da7ec8e6a25a21e431e82ddacd,7334
view/adminhtml/ui_component/customer_group_listing.xml,cfb0a6e259ad579c28411a501e5f4fd99f7f9cd677e8723af87658d513248316,3065
view/adminhtml/ui_component/customer_listing.xml,f0530ff315d5a689413c468f2fc28ae004058b64ab1dd30c95e72e02740e3f15,13363
view/adminhtml/ui_component/customer_online_grid.xml,0592e195b881764439f8b793c6ef2b21ff03cceebbac06745ff12056da1d3ceb,3336
view/adminhtml/web/edit/post-wrapper.js,48d4827d9263834a6ab3261fb5286b3679ac388946dd208cb04a02ca826519f2,1083
view/adminhtml/web/edit/tab/js/addresses.js,f61a44c9ea46df2c126642416deaa943f56cd08cd5799da35c63c547ac07559f,22179
view/adminhtml/web/js/address/default-address.js,922a22d1d9ec1d64bc3d0485092714b5d69c993a4df3bd36d4557c09f720d119,1353
view/adminhtml/web/js/bootstrap/customer-post-action.js,9b170eda4548b59db1551cdafbcad04b8e59a735ec0f388d8eb7b3fc6bf1f019,155
view/adminhtml/web/js/form/components/form.js,8187a9b751f7efc1a3dddd2d69652ef7c2d52e270fa70022a851b6d1c582760a,2386
view/adminhtml/web/js/form/components/insert-form.js,afeeee38c2062d016126f8f276b87b41785e4b98f1fec1d787fc94720aac5f21,2646
view/adminhtml/web/js/form/components/insert-listing.js,cc0b0617f904020c88c5b0d53af5fcad9ba18aee2dc0fa256c9c75db2c848911,2449
view/adminhtml/web/js/form/element/country.js,5f18980e517dbf27f6b06cd191f26dc67bd083802187683b02dda8667af39a9e,646
view/adminhtml/web/js/form/element/region.js,b152f385dd4dddc12db61c34e13f5f7fbb9f97eb583b5025e3e49d16526efc92,650
view/adminhtml/web/js/form/element/website.js,5246bbe492e98b8459cf3692c14f4fc9e541e062ade73a5f8c58e8453d0f1331,709
view/adminhtml/web/js/grid/columns/actions.js,923cfdd02bf3002966bf7b929abe9e759c9120a123d5500f464c7a59079fdfd3,3115
view/adminhtml/web/js/grid/filters/chips.js,82e31da19fc38c0a90d8bb9a5012d533112a8f1d1ab4fa9c8b31abb0982b338d,507
view/adminhtml/web/js/grid/filters/filters.js,65994ad4f9a3dea0a83d82c6f6b779c5ebeb3b4133b0e1917d1d4d6fc7d7f432,468
view/adminhtml/web/js/grid/massactions.js,1e91d0eea3d24b558884f1e9fed18e3ef163ddc4c9ff2b61df92cf2fa8d7a73a,3002
view/adminhtml/web/template/default-address-wrapper.html,cf0df8d9f91419981c51c2afa9ec8da69fdd05e3ef45b206bd8e24cca59c9b74,200
view/adminhtml/web/template/default-address.html,54ef3369b74b6c7642fbced4b16da004d9f99906d9d0883e42993fb6ca947228,2151
view/base/ui_component/customer_form.xml,e9c0bbd94d86c571747f388147d53d462b22d3bcf4d9a4a9b78d13bf98ffa69d,26805
view/frontend/email/account_new.html,e7645387d9bd4c5a71989d52a154df393a034250b63af254bbbf130a21669b37,1835
view/frontend/email/account_new_confirmation.html,45f61ec328f4257a8531c5f3ea178a9998f7c6c994a5fe5aef21d38260948084,1491
view/frontend/email/account_new_confirmed.html,9cb773b327e9f8f75324632f8e13f137abcfdc955d9ed1a5cd672907c1b91f11,1861
view/frontend/email/account_new_no_password.html,ad2b20cc823092d0abf5e94f4ea029ca758f6ac4f4a9aa789c53c2edd925b444,1510
view/frontend/email/change_email.html,5fc17af52e7d3b696a57b18d25d6ac466322da0780b75436c0ee3be3af7a8ceb,1054
view/frontend/email/change_email_and_password.html,f741492ded89a24463db261292695ff2125abed8c799a4dfd9107905f5e7803a,1077
view/frontend/email/password_new.html,8328f3706beb4aece0b4de5d0c3cd1b4f0ad0feddb09a782412eaaba06454ef8,1544
view/frontend/email/password_reset.html,3f70f2819152f1056ae95fd7b6b8d00724c900f1e664c6ed273ed23acbbd7ab2,1097
view/frontend/email/password_reset_confirmation.html,de26b26a8b495c2da1e876ac373709cf8155369c0f285a4ea169d1d522f5b59c,1443
view/frontend/layout/customer_account.xml,af99b0d0353cdc0d7b927c3b78d5470aa055f03c9f4180474315a4f62d91ee3a,3576
view/frontend/layout/customer_account_confirmation.xml,23c97c53e3e6c7b793b864291dec95eaf08e5c1e6ffdd3528dc3f89d59c4df12,624
view/frontend/layout/customer_account_create.xml,817a5ad883fa9325c5c4c8f402e5b7bcc0e88a41b94d9df4cc5131e84b8ff591,1995
view/frontend/layout/customer_account_createpassword.xml,87bbe602123bf00127a3210c9ae04fe668d79486261f5b89ab7e484ad876b518,881
view/frontend/layout/customer_account_edit.xml,c4b24e9a68fd444ba118f970840abd9e459269940408252838cfba1493261372,1169
view/frontend/layout/customer_account_forgotpassword.xml,a0b8fc28e0800f0e670af09258b8e4630291145a8df83a60ea3fcc56760c6100,963
view/frontend/layout/customer_account_index.xml,fc2d09c5bb10e2c20ff7708de4967eafcd5f2461335d100a753a1b89aeabc3fa,1099
view/frontend/layout/customer_account_login.xml,f97a0ea79d21922b7ef36a173c8813921cf6a265f2f7af989af2bab039777f30,1706
view/frontend/layout/customer_account_logoutsuccess.xml,8f2cab9d278c339dd647cece0c07c0d4c043d7473393bdcb675c472ab60b4869,783
view/frontend/layout/customer_address_form.xml,a0a0ec065522e1d05fd43ebbb8d15f53c0edccb13545d64765ead552d3b7fb8b,1421
view/frontend/layout/customer_address_index.xml,c156d2ad08c1b1a0b6d7b0f28bbcdb10e0f7a2befa795665714919408955a3e8,968
view/frontend/layout/default.xml,56f655dbe245eb2e3a99a804ae0b77e2c165e4f19d2dfbf2195067f9aa69a099,3166
view/frontend/requirejs-config.js,2855e11b87970890907ccc6b8248c3020138d6bc36dcb8c2822a5aac21c12be7,754
view/frontend/templates/account/authentication-popup.phtml,93648497e941679da5065de6c41673d1dbdc129d8b16d8600cdba4acaee3c8e8,836
view/frontend/templates/account/customer.phtml,abf83d6c85069bf4ef3a3c1f5ad1759c68a559b5a445e9fccba04a367816060d,1386
view/frontend/templates/account/dashboard/address.phtml,11ab5dcf6ae8f63390b67a54719b64c4f9120e09fc8aa3df538f6aae86312537,1864
view/frontend/templates/account/dashboard/info.phtml,4c119b372cde59ecd22c42650924ae7ded11ff03f2027eac3fc9d850395d3ae0,2367
view/frontend/templates/account/link/authorization.phtml,d7716e10a6b6f3db919eb43ae5c1702025e8e5d9313200577c49d35ff262ed89,554
view/frontend/templates/account/link/back.phtml,6e4f49e82f91ec13c42a1f5bbd896a218ea8d06413832af561046fa3b340e068,310
view/frontend/templates/account/navigation-delimiter.phtml,257a2379e2dcd7c537d3c533c033497853a0788a0817ef98e17c4cec7516b9b6,172
view/frontend/templates/account/navigation.phtml,c26280646f4baecc0a22077ddc58c2433da58989f3fb12db77d0dca89ecdebe3,499
view/frontend/templates/additionalinfocustomer.phtml,741702c6e7fdf6670867b75d08df41f3246ac651e57212b1a40068797aff4ee2,350
view/frontend/templates/address/book.phtml,aebb9b3a7f5c941c278ec4724aa2470ee1e7cc0f3598cb0b16dc91c7f8486c4e,2824
view/frontend/templates/address/edit.phtml,89fee85ab5178cf0b3673d9d9ebe019c4deac29a11f93d3017c51101f2409371,12155
view/frontend/templates/address/grid.phtml,43739bc9b6b0efd5cca7b63145225a0c2c27f9fc8b96736f825e5ea70997e54c,5334
view/frontend/templates/form/confirmation.phtml,419666f8603e83f3ec9a588710eb12d2964bde03e6a7969b8cb49658ba1e1b46,1454
view/frontend/templates/form/edit.phtml,a398a90f2c510e5bd686d5366eab294511e6ed71e25091eeb3f3686914d2b9a9,7671
view/frontend/templates/form/forgotpassword.phtml,41342cbc2782a43a7ae721d831e3d3825fbf488b03a663df5298a48cb7f9a647,1929
view/frontend/templates/form/login.phtml,78ed6b86fdc4fcab0c3e51476425a29a13f7650eff14081296240ebea35bfdda,3276
view/frontend/templates/form/newsletter.phtml,c110764c66ee77d14b0be6a02fb3a91129caefad3f265a32a4a9ac695a73d62e,1659
view/frontend/templates/form/register.phtml,df409825f2e0a0a1e2313dbde050a85a4977ecbf41de7e712ee8058d67b0017d,14447
view/frontend/templates/form/resetforgottenpassword.phtml,d63dbf30ea551f1d13bc533ca934903c232752e1461720fb8517968aa1f3e795,2621
view/frontend/templates/js/components.phtml,02c41835d0b68068a13d97ba47a5e93a3cefdd57cfc7cf905b283c99644be3f8,138
view/frontend/templates/js/customer-data.phtml,c414ff4d749a3851250d77eb737392587af463871eb3686e6a8b073faf29d167,969
view/frontend/templates/js/customer-data/invalidation-rules.phtml,d431816b685603d77fae24752e139a2c2bd7feb5aca55b709bee56dcc8716fbf,720
view/frontend/templates/js/section-config.phtml,cc91bc4bfa68eb76c36b80568fafb79a1467075773d5f144bc8a963c0879929a,1115
view/frontend/templates/logout.phtml,3f795aefe1bc28b4697d4ae373285bfd4a64377a1cfa6f1e62d5140efcdabdd1,507
view/frontend/templates/messages/confirmAccountSuccessMessage.phtml,5231b73921522aeaa5c302490b49e5cca043756eb26bb66052b2c9051fdd65e1,359
view/frontend/templates/messages/customerAlreadyExistsErrorMessage.phtml,784678ebd7be6c8b2f91d3546a9df0e08448fe92be69ab4f5964d7064319ff50,405
view/frontend/templates/messages/customerVatBillingAddressSuccessMessage.phtml,6755dde792eab5597bed97e166dcd998cf8c1a3d6f69ec77f9454c75c5433533,362
view/frontend/templates/messages/customerVatShippingAddressSuccessMessage.phtml,3fe8c3fa6b825d450dc49da06c9f97885b1286e40158e780f763013f8bfeedbe,363
view/frontend/templates/newcustomer.phtml,6a00246b0cfae4702dfe63af3449947f95a8292bd1aabd73d419df9d7809a259,990
view/frontend/templates/widget/company.phtml,2c4dd53ebd630fb903bb371f60b14bc3db896941a813ed99b6677755fa378940,963
view/frontend/templates/widget/dob.phtml,bc4497f40058828a53f5a210f000ad19a90fcf6103ad724e7dc48ce8b0088e5c,1445
view/frontend/templates/widget/fax.phtml,5f724808c38c97e80fe9a830d0455c974acaca3e66282cf0c055c1aed3a5e50f,927
view/frontend/templates/widget/gender.phtml,7d76c697e345212e7c3a44811c38d8508ca9e426159a5d6fd7c5b8437fe60f7a,1207
view/frontend/templates/widget/name.phtml,ffae7d50f6089f8f1f04d6d4261345032502cfcaa3edfeeb3a36fc830df90573,8301
view/frontend/templates/widget/taxvat.phtml,93b5291748116d887193782f2014e9888e73171d87041213d21093b51d25e992,961
view/frontend/templates/widget/telephone.phtml,2e9f70d87ebc0d3634a7e0c8d4d276146ebcccd73f213a0dc8e338c2be52acdd,833
view/frontend/web/js/action/check-email-availability.js,666a754b85202b0b41bc279bf5d4b3b609db48f71e6a5718db11319aa7193402,737
view/frontend/web/js/action/login.js,06ea1ea5c79ac17679d57f9ed5410986c5886c8ca20c63d5af09b0c24888b3cb,2147
view/frontend/web/js/address.js,33491a5ac02cb829c471d96b65079b152c4f109eaa806dd17f31643548ce9ab2,2419
view/frontend/web/js/addressValidation.js,a81fb29e4e7c75508e5afe1abbb58cdf92c92ac6d9e3f234aeb3334adc605a2a,3476
view/frontend/web/js/block-submit-on-send.js,69e8ba1c8105eeb22b0147289dc4b68c4490b86f127a41fe7ac5a736d5b900f5,516
view/frontend/web/js/change-email-password.js,d1ed9e7fa9ef71e4b5cf5bb2d96b4a6eace9db2397bbe57ebdeeabd5efd871bc,5621
view/frontend/web/js/checkout-balance.js,3e58d6ebb7f3e70d394460ab29cef5e011c8e4cb2e263d92ea65c86a716ec7a6,1223
view/frontend/web/js/customer-data.js,79f4e39b2c1d79662cf9965e1b2fc03a38680252c7867a9ef66cba03916177dd,12401
view/frontend/web/js/invalidation-processor.js,d2dda771b95702612eb7c911d7f954d5d8f1570d337adc97ebbe3b5d1b8e7cf7,1272
view/frontend/web/js/invalidation-rules/website-rule.js,299748930082b4999ae9ac88416c634a5b3606eb8428e4b63278e1b192a643b2,855
view/frontend/web/js/logout-redirect.js,9c76f1653b2e5eca273e58ea6886547f4084ffd17401e4aaa2d002f46d37bcf8,270
view/frontend/web/js/model/address-list.js,3ac682ab175ed497762a213f53dd6fcb2de55dca816d7cfe1225efeb81c6d9cd,287
view/frontend/web/js/model/authentication-popup.js,8b54c9cbe91931af1ada734b45980b2e9ffffdc6dc1b97fe29f5d0c41894ca6f,1010
view/frontend/web/js/model/customer-addresses.js,1eb6f18ad899bef0520f574247ec434a16c3c46d949eb742aa71324cb33030e1,793
view/frontend/web/js/model/customer.js,8d438c4b03e8c8e17d3dca24726076435c6540cd8524192175fa1a86f7450329,3909
view/frontend/web/js/model/customer/address.js,a3b231817a59856d972fab96a57dd25272d5a2c59893eed48fcaf4845183fd54,2896
view/frontend/web/js/password-strength-indicator.js,1eac11c063ee68dbf887ba0233344b19aef2ec9b680d1f819402f92a9b473e1c,4969
view/frontend/web/js/section-config.js,1ee1f227daf7877d618345d55fa7600547cbde2959eb314a4f9e7d91e1aa92d2,2784
view/frontend/web/js/validation.js,de7ba0b0d8758559a06d5bd437764c9b03777e1a47dc513ee187d369258143cf,577
view/frontend/web/js/view/authentication-popup.js,b954be46a941c15e681f30db8669300cee0cfd094e5f432ad99d4d17aac3bffb,2716
view/frontend/web/js/view/customer.js,e90605dd38cef94cd4cdcf494d3feddb87facacec7bd08cf2409b9fbe0507e69,423
view/frontend/web/js/zxcvbn.js,26e416b33c6a6cd58aab41a84f5bb6bb2ecfc8f02ab6e45344251026cedd755a,52004
view/frontend/web/template/authentication-popup.html,427d6b323c6614377e13502d3168da1ddc91ab24b569c725a674423d796dbdb7,4657
