path,sha256,size
Api/AccountDelegationInterface.php,ae0b03352ef64094015c4822c1ae19b9a596fc5a1656dbf200281fb6df757ec9,800
Api/AccountManagementInterface.php,251299bc3e599897f6c2ea4466d6ce296ad1f1b7576484f28d05d94ad68a2e46,8408
Api/AddressMetadataInterface.php,c0c9d9897d9f26ff3bc76413d8bc33f8cce9c2c9893213ad79ffc8cce8e76ea9,499
Api/AddressMetadataManagementInterface.php,0e7e248a83fe871adb7d2b81b8f4496720959f64a2eaf77027dfe4aa0673825d,373
Api/AddressRepositoryInterface.php,4e60f366fda834a02fff20ac5624d1e000981819244e38993618605b779043ee,1826
Api/CustomerGroupConfigInterface.php,e0b52ed094b44de1d83d3703f8b7ba9c82a5f1d00b081a3f6d63f634a2aeb74d,662
Api/CustomerManagementInterface.php,f2667d58e572962e84f9e7bd914cb8245478283dee155b5904cde96f39bd1dcb,332
Api/CustomerMetadataInterface.php,d7e854bc9178eab7d85b340a06d6095916344af7649f4b7c5702711e44c7ee98,487
Api/CustomerMetadataManagementInterface.php,4d20b335678e950bda96789385a6907741046319b1cbd5e030855ec927cc8903,359
Api/CustomerNameGenerationInterface.php,95438ffece3b61a152a79b2c5e8e4389a7c6bc1071f31696d6eef85d99277c30,571
Api/CustomerRepositoryInterface.php,8bee21a99491a0dcdc2296bc50257b76330d23d4f81207f364391bcc117479f5,2936
Api/Data/AddressInterface.php,b947f45c54bb3902afafd0596339914dcb68312e48987ea0f0aa26984712ee22,6481
Api/Data/AddressSearchResultsInterface.php,38001ff2005a7fa5990fa1a9eb69a3cebe41ae79044d326c5a119f0df3f556a2,670
Api/Data/AttributeMetadataInterface.php,c7476f99eea9a840140614bcf494ed3f2e1c1deaa7f78209921746c45a0e621e,7608
Api/Data/CustomerInterface.php,edeced63d4a826152a1cec05fd4f24fb315c60bd0e8168f6265b8113050ad7a2,7532
Api/Data/CustomerSearchResultsInterface.php,18004d448ba3bb72e65f6b06a3234094e5268f11c35f143d5fe22835b0d8691b,647
Api/Data/GroupExcludedWebsiteInterface.php,9f85a98e817195cb9efc5d0fe38d66894d4639f8a4cc05b5ec4dff160baf411b,2078
Api/Data/GroupInterface.php,79296af1364087bcf4499ef413e771b17abd7cb0c7ee881ab82eb4734786a62e,2089
Api/Data/GroupSearchResultsInterface.php,87e71e010bcd64e8af1321d9e9da75c37907f5c4faed680785451ba3618e56c5,657
Api/Data/OptionInterface.php,872024a0e663df4fc00f3cc62c3001b5ce52e6f7ff69662f533dbeffa1ee01a0,1211
Api/Data/RegionInterface.php,269bf492decb51a1d576de3dfe0fcb9208d78759cf3cc71df243d479f84af321,1777
Api/Data/ValidationResultsInterface.php,c61954b30895fc9ff0d399eba308afb639a5168d6401ea25e81e4e24dc1e5aee,1034
Api/Data/ValidationRuleInterface.php,892bb0d9d4928fd009dfa9821e27742aabc52b0db6f2ffe4e88d0e981212258e,877
Api/GroupExcludedWebsiteRepositoryInterface.php,59920bed50cf93e1fdc82b7054f22a586985c97f0a20c4ef2657a6dd363eb295,1692
Api/GroupManagementInterface.php,a112102fb8a1b779a320af659874596081088385bd71590e953ac1d28b9d23cd,1711
Api/GroupRepositoryInterface.php,2d7aeb407b15e774b6604f21357a9e3b6e36f2a10bf09aa086a7302abaf73f17,2896
Api/MetadataInterface.php,857261f054fe984b439c1a8f0a7c3105e44005ba49ad01695993b91e0abdf9d8,1600
Api/MetadataManagementInterface.php,937a09dd7404643aed45cf55031f315fe44f806a82892af0fe308d4fac04c1c4,961
Api/SessionCleanerInterface.php,63a5dc568c0f324cfc4e4c2a527072075e665326af71f4d11bb543211fdfd65e,497
Block/Account/AuthenticationPopup.php,39778dabb55382610c61b4fc8143b80521737971bd28383fc1e3b7c2feb87673,3203
Block/Account/AuthorizationLink.php,24504129adf89503107e75e08c62dc43146e6862d9e98d1c43f8297c40983b3a,2479
Block/Account/Customer.php,4c0502e20d4f91bbba280b7bf7c39d37f6c655f479b110eab891728ec7e04684,1293
Block/Account/Dashboard.php,565fea9f447597d003aa6abab09874ce0f20988a5261002c8f8062501693cabc,6343
Block/Account/Dashboard/Address.php,5905cf701890cdf95d04b7bb7dd257aa3c72d99b97999400be1a3346ed0a7777,5092
Block/Account/Dashboard/Info.php,6c00d2e0d30242d70b6cd6863a6899ae8c07afcb89ca6b0fa250ad6f35a6109f,3828
Block/Account/Delimiter.php,734ca5674d60e0c251367ba37462bcc8c8309448fe80ae7695b1e9d46c96bb82,463
Block/Account/Forgotpassword.php,f569115c4aec7083c3b0dd4689864c12b9a0f345927dc2aea40a26256570c617,935
Block/Account/Link.php,d0dea1b29fa803f738adc8ff5019cc699dbf76b00563ec82146d44007bd7eb76,1219
Block/Account/Navigation.php,8e57b7111ac7d448998bcff886f7a9c2650d9feba31b2a8ba8a5e27bfe5c1bf7,1301
Block/Account/RegisterLink.php,f65e3c6b8b0c49d3f7aa9332c73b0c79a4122f7f48a6540e36b6c47b0dacddf1,1868
Block/Account/Resetpassword.php,242eecb508c171765653590935b0fd9786f4c23c02b5cdcde4ef7427f1035169,1230
Block/Account/SortLink.php,35ac62d510c0a5f08feb4128ff8459ce9561a4ff8432811ad502a297d6771ffe,425
Block/Account/SortLinkInterface.php,04e2d8a201aadf03f88e3eff6fbcc6e3b68557d173051dc9dd6ac1c73d589f67,490
Block/Address/Book.php,379d4c7a258c359c1cd89afc8769c125e823264424ca8a5e263b5ef07b84277c,7369
Block/Address/Edit.php,0d0df3040083c0c7b8ff49461166461397a8a0ccdece48f1eb69ffd310155c53,11901
Block/Address/Grid.php,433038a55fb10ab1c42e50757825ce455dae55045626e16df6f7e1fb7b647df1,7568
Block/Address/Renderer/DefaultRenderer.php,1e5faa28abda442937e9deecff8251532dc85fc392095e919984a767ab09d379,6968
Block/Address/Renderer/RendererInterface.php,1d7d49ca6118c5e94af4c0fd448f4c65f62ac01d8dcf07fe1f610be0a3034558,1428
Block/Adminhtml/Edit.php,b516e92ca9e1c11edc0a64acb737afcfed02ddf985d8c4609ca8e36c9fcf3256,6900
Block/Adminhtml/Edit/Address/CancelButton.php,97abbcc30c4067dfd4461669201986c28ceaef63b674b40496194422e86fb095,1163
Block/Adminhtml/Edit/Address/DeleteButton.php,6fa7aee2129547c5887cff0c7b919a6126cacebebafcbdc17703fc970de6c078,1934
Block/Adminhtml/Edit/Address/GenericButton.php,ac8a08f97cf4c0519f7aba8ee02e56be00d21e9b73ae191adcc34e1f624372cc,2629
Block/Adminhtml/Edit/Address/SaveButton.php,2bcb5cef9ece6a72b4dce8b23aa272ee7f4a1709e52d24c8b386015dd6faa0bf,830
Block/Adminhtml/Edit/BackButton.php,c74eee39173edb887093c7a81ef23a057eb6a2ee639386b55075d8fbc7561ea6,801
Block/Adminhtml/Edit/DeleteButton.php,4590c1ced2b5b956ba15313f3480f003fbc86b3a5ccc8646b4a8b671557b8551,2081
Block/Adminhtml/Edit/Form.php,014e44c5ae1cf52f8f72f48f3277751c5de928cefce91f08459cc6dfb278b4be,2870
Block/Adminhtml/Edit/GenericButton.php,07b1b13d126f9fa4f1774fcba443f073459b835cde8076edfe32b19b2b39b7a1,1399
Block/Adminhtml/Edit/InvalidateTokenButton.php,a87416b6742564810c71656aea7c65fa649ad8e21ef45645c7c0f34fb4efbdb3,1840
Block/Adminhtml/Edit/OrderButton.php,d5dad162e15cffbe77abbd9bb8e65e0a8fac94e8ce63bfd5f5850d9065411f5e,1623
Block/Adminhtml/Edit/Renderer/Region.php,b619f9e7b5930f3d132cb968e0518e8ba5d53ce04cf06c07b8de3122cd0959ac,3437
Block/Adminhtml/Edit/ResetButton.php,2f83b7c41d07cfe4cfde8380619b16e329d497053f78a2c33b9851847d2244db,582
Block/Adminhtml/Edit/ResetPasswordButton.php,f1487ce2787dac6753bbf44e1db334862e6ddee025c068b4b10b4093408469b3,1190
Block/Adminhtml/Edit/SaveAndContinueButton.php,73abd172bb05c0177c849b7324e5ec468bc02ab45a19eb93f9f8b95cc7a86df9,1743
Block/Adminhtml/Edit/SaveButton.php,6d145b42ff9175a725aedf08fa36db585d64b55daeba9e0ae127b86febd0cc7d,1751
Block/Adminhtml/Edit/Tab/Cart.php,0b9c44ad8ba8ea69f6670bd53f8b587d367dd19f3d33fca16df1466016e7eb35,9230
Block/Adminhtml/Edit/Tab/Carts.php,ab71b0247f8ef2edba7d49480e86b02680c2d8df9a27649d4915bc6cd0c8c752,3208
Block/Adminhtml/Edit/Tab/GenericMetadata.php,25a2c8a73c9392c9d0663afc7428e51fb6f9b5b59d0276314ab38309de9a9c2d,4428
Block/Adminhtml/Edit/Tab/Newsletter.php,67d2e00556a541f1910e5363db3f3ad9ab1f777f3be78e88f4226158978ca075,12946
Block/Adminhtml/Edit/Tab/Newsletter/Grid.php,e70c364905fbd0642eb4579def16358cdf7760484e8413716c33ff70be3c5692,5882
Block/Adminhtml/Edit/Tab/Newsletter/Grid/Filter/Status.php,6d8f7aa64335d4438b95025c23b524505043c439257d3a30a4279e15b4d0bf5a,1304
Block/Adminhtml/Edit/Tab/Newsletter/Grid/Renderer/Action.php,a0afafc380bed56e08c2b116bbacb65d09e563bc590dcc71ad11dd3d54ea4a71,2686
Block/Adminhtml/Edit/Tab/Newsletter/Grid/Renderer/Status.php,949065f8d4de3decc0bba6451bca19308c4a2cd27cf97aee9894f41fbbe433aa,1521
Block/Adminhtml/Edit/Tab/Orders.php,20f51652b5ff04d5b3a2e34a041f969acd05e3c157e3d937d4310c7d1fc83a3a,5289
Block/Adminhtml/Edit/Tab/View.php,e3988818e3bc3f4dd9776ae88ba2568f0308c6750607040b77f6e40841b0ccd9,2168
Block/Adminhtml/Edit/Tab/View/Cart.php,e82a896e22475a429bd528dc23f68a375bc77dda3685abcfd1985bd12b414f23,5354
Block/Adminhtml/Edit/Tab/View/Grid/Renderer/Item.php,d90405dd58a060affface9ddb85ee6c16ced444d2d69528bf7cac754c282e352,4768
Block/Adminhtml/Edit/Tab/View/PersonalInfo.php,402319d47881e3a67daadae008a52be16d2a53d4be0096b9b703daf8f0cdb8e0,13084
Block/Adminhtml/Edit/Tab/View/Sales.php,7ebfaf148e42bf7c02f5cbeaf8206cbfa2d8c6583a6803ba62deb23c9a23ce73,5138
Block/Adminhtml/Edit/Tab/View/Wishlist.php,b5a5e421a15e04f1028fb6ff335ca2337a87aa77b3ab5af2ad30969709f213be,4065
Block/Adminhtml/Edit/Tab/Wishlist/Grid/Renderer/Description.php,81dc46e5eda0cf53c2fdc3dd3f3e87b60936ab1c30e239ec7a6e35ede62aa6f5,660
Block/Adminhtml/Edit/UnlockButton.php,b3482a120d0a03db65398405e213911d6325dadf341a630cd6896908911dcc5b,1919
Block/Adminhtml/Form/Element/Address/File.php,5e1267dec5387710b9c999ed1d30f8a5f7d402bb02fcc4a85cf8bf08c68f86a7,585
Block/Adminhtml/Form/Element/Address/Image.php,2b7528789f2b571d81ab5d0508ae7f19cd02988c0ce695db29fa3abee82c3d88,588
Block/Adminhtml/Form/Element/Boolean.php,4f2822de558e48e5730440def757d5fa3872b7dde077daef1ee07e8cabc6e348,551
Block/Adminhtml/Form/Element/File.php,9def0a612439c104321d863c386ea9099bf656387c53554719b71f8648422766,6332
Block/Adminhtml/Form/Element/Image.php,203d1e618c1c55ec417e059a32ecd73d4997cb10d40c951744e262593e260f78,1934
Block/Adminhtml/Form/Element/Newsletter/Subscriptions.php,d8e4421a4594835579c397567371906af04cd03355a58ccf55a2b06c9bfbfb85,5612
Block/Adminhtml/Grid/Filter/Country.php,5391f3be979915dfb795bfd1c0da3a001542496176acb542a4aa98de51151ca6,1354
Block/Adminhtml/Grid/Renderer/Multiaction.php,64842643c0c880c6667fa1bb38bf6a6e115ecf000292fa2b3e7cba461b94d0d8,3080
Block/Adminhtml/Group.php,ae855895c3cd49dccdeadb17d47f0f148fb434f20c54bb82afee9ed356afc83c,810
Block/Adminhtml/Group/AddCustomerGroupButton.php,71e2a62383f40f8159e9fab3fdd13c9ddc50e232356178ff7aeb2e9e12e129f3,820
Block/Adminhtml/Group/Edit.php,695b2b12754f18c604d073bdc2cab365224e3074359c4cce4edc4fcb57dbf132,2926
Block/Adminhtml/Group/Edit/Form.php,de55ea3792331eb3545a5bdc013ed071c67cdbdfbc1fdcbeccb7e86668f23081,6807
Block/Adminhtml/Sales/Order/Address/Form/Renderer/Vat.php,0eea889ebb2a2bdb2862b7777fb816f9ddae0d474f81928c1e5f07ae9b8b1f34,4510
Block/Adminhtml/System/Config/Validatevat.php,6f5282232887fdea25052efb15a6cf0427cff740917ed82cc29b41fbf1dce2a2,3569
Block/CustomerData.php,bacbb0642925f54f8016e7f0bf4afdc4d1306e2c67f03060167c4a9f4d66e333,2114
Block/CustomerScopeData.php,698652d8a008bb4986e329871e2a9c8a03c589f3e3bfe0459415177af0c8a240,2151
Block/DataProviders/AddressAttributeData.php,04496cfb9742f51863f8e6f62e2c877a92aa91572e0724cd20684c765240c290,1591
Block/DataProviders/PostCodesPatternsAttributeData.php,2af357f75499fa795c7d5c6d790c0f56dc5717e633dfc88c9a11170c11679293,1196
Block/Form/Edit.php,7eea747e3dd2108048a30e16f80464e35e9eaaa918491aa499f760e63707f16e,2473
Block/Form/Login.php,449d141a27d5be9839724f8e29c19586cb1080ae7a518d9a516509f15014b6d0,2206
Block/Form/Login/Info.php,f6293ae7e0c944d05d04a1e209da23eb654db9e4be1e499e23d8c1c584ae455e,2286
Block/Form/Register.php,2f8573463c5717b470500c192e4cc580ee98fce0bb05628ffff4108c7ae3910f,6703
Block/Newsletter.php,fcc40b972c9edd092c500d89978843cc8d2b5a44c4131038f556b49971971bba,935
Block/SectionConfig.php,ac3f6e039f3dd92e90b9642639d3c9ec7a67da46a288b1db8510ad18d17b01b9,1511
Block/SectionNamesProvider.php,b2754b676de0fa715b9d0008ab7848a0a0ad56f27fe95a7c4127ba7cc5f3f7cc,806
Block/Widget/AbstractWidget.php,6b88f3b2cbc9a5b1ce6215fc7791960fe76f6fbc676aa5c9d8616cd6ffd847a6,2618
Block/Widget/Company.php,71275c7d6c015d11da8b79c473fce422a965672208ad3b125e5eb200a56a1c21,4577
Block/Widget/Dob.php,0493fa7f984bcd45eaae34d31219e35862834ffaf99287f4d93f7eaa83e45704,12121
Block/Widget/Fax.php,aa80bf123ccbb7dada0d46b4c0e2d5b1211dfee6ad9ba4040679f8f8053220fa,4561
Block/Widget/Gender.php,28db8162755bc6da559380696fbcd83c9a2a64bb6ab9abc7e84d50e65c971dd7,3159
Block/Widget/Name.php,38d5f66840cccd3a56ca898305384a1f980ffd84d434b77b4045f2bc09ed5c96,7240
Block/Widget/Taxvat.php,80df6ed4fdfe675f75004057f3e0a169891d6b605970af0e7bdb1a3e941a012f,1930
Block/Widget/Telephone.php,1615f6ca8c8fe73db76ae89ceb4f1f4a754ce759986d0a0d1f2df2d01f85be07,4591
Console/Command/UpgradeHashAlgorithmCommand.php,53843c6c02949a4ba24a9234e42a2c4da30be2a51c7d71d63e45d17d6f164e48,2661
Controller/AbstractAccount.php,1227e35b66ea99616b6d8a4f42591ce3177b99aeecb3fdf09e2306e5715538ba,496
Controller/Account/Confirm.php,52c3076e7f3b8cef5332669405c4905367a1ea509c85132349d9a92c3851ffef,8772
Controller/Account/Confirmation.php,6b086d8d3217dfef090336b3b147966357de54cf4ab06b8e63a9214ba9f901fd,4162
Controller/Account/Create.php,7c0764622a3b7867c2f9ba85a63aeafb39dc3f7ac95e54e220dc97443263b0a5,1958
Controller/Account/CreatePassword.php,8c5a790a2555281e6205719c9b0acfb4a2387a2909957c5b926d43f199914f6b,4806
Controller/Account/CreatePost.php,ab1bacaa6af55a4960aa5118bd53fe0d1f64006d4330fb570547d4ac97ce7c2e,18432
Controller/Account/Edit.php,fd89d1529180b77edc4fb7ea2cfa67bde85d3f5704874682eb043abb815b691e,2705
Controller/Account/EditPost.php,143544b98ad1b4e2316cc7e1767cdf31f12a4efb4e12aedcd495853a47323236,15649
Controller/Account/ForgotPassword.php,ba35190537609d2809cc7b5b712eda61aea61c4d195f4c8ca45a1d2ecc359fce,1870
Controller/Account/ForgotPasswordPost.php,26d759c1ac5bac0d3f46b7092bdefe44072bbd420718be9592aeca55c80fcac4,4195
Controller/Account/Index.php,a05796342952043bb904fdd234ba5f1be32a631cff8063aee2d1076f66fe8c4f,1010
Controller/Account/Login.php,430f5953e4e19b886975c80a326085e39fbab389c50d8c065658e862ae36c4fa,1872
Controller/Account/LoginPost.php,6ede809574f37e6f71aa3451fd6b090b23cde14417e11ab86e0340bde30636d1,8466
Controller/Account/Logout.php,f5cc4f6ee0135b931b1d246e91f4221a6ceb4e5822d41abbbdc70cfaca2fd422,2848
Controller/Account/LogoutSuccess.php,4fbd0c074242d30e277cb95092a4fc07f743b4955af2fbe1b6f2e428348522d7,1008
Controller/Account/ResetPasswordPost.php,31c51b6d7f62ee53258e9d0c06647017bbb1b844dd44a3d70f984fef20d96471,4407
Controller/AccountInterface.php,ca3c438232e6b0ff15361a806d6d6d7de371d7a518d0d285f5991138658da6c3,322
Controller/Address.php,893afe6029b6437b83df1ee2ddc3edb60beceabb50842d2815117a5e6485d422,4725
Controller/Address/Delete.php,fcf58fc9cbc64fcd8f6c13d9a49dbd01b7957ac50158008eeaccc0ad5d510c55,1486
Controller/Address/Edit.php,def0d38e6ce426bde5be3de2342b25520f95fb95040cc32d2f153d094981d1c2,687
Controller/Address/File/Upload.php,cb4f7695dea106301acd353fb0ba345574f992739e105200dc7cc66c738ad34a,4671
Controller/Address/Form.php,4cb62a6e43231a2dcf80e1873eec41069a20b2d7db053d4685df032d752d6de1,836
Controller/Address/FormPost.php,d0bb72edd96685b007ddabf45b964b3e732ac4c707d2771b67f1677984c805b7,11931
Controller/Address/Index.php,80f553bb5bb6d0d05331d0b532e6e27d6d8d794972f286ded6be4de52e192f96,3591
Controller/Address/NewAction.php,3df7eef70958096c95a2a38ecbc87b27938d8310888655d74c600b7b276ae240,649
Controller/Adminhtml/Address/DefaultBillingAddress.php,f51fe930eacacda7085f7a4cd32b5e765e9a7c00394ee86b748d23c5d9ab4b13,3084
Controller/Adminhtml/Address/DefaultShippingAddress.php,77de1be037ad554956bb8ec20ef830c901c5561335a0f5676eeab75225207959,3092
Controller/Adminhtml/Address/Delete.php,63a868eb2d00f8a90514a9058b097516165977305707c6c8a2f991031f3522b4,2638
Controller/Adminhtml/Address/MassDelete.php,b6d88c12a981d749a688675bc16bc930cd01ac0a5ad6904f7b13394998cc36ce,4014
Controller/Adminhtml/Address/Save.php,056f6d424c1d7d1540ee58e92a7e08dc0964e505cff5928c32c7c70eafdd5ad4,6943
Controller/Adminhtml/Address/Validate.php,1010151d508601062390aea122ff3a284b09b331112717c1ffd48239463c502c,4159
Controller/Adminhtml/Address/Viewfile.php,cb857a1bf21876ef93989f28a8b68ae67c7fc3a5fffbe37750fa2594c8fcae2d,5432
Controller/Adminhtml/Cart/Product/Composite/Cart.php,1fceef7b6e0d00e2c0ccd455cd61fe4e7df710ad1afd5faf681fb04d27d84fdf,3826
Controller/Adminhtml/Cart/Product/Composite/Cart/Configure.php,68b35055f2a63772cb20450b4c3a66fb3c05d73ec650bb553448a881eaea02f4,1584
Controller/Adminhtml/Cart/Product/Composite/Cart/Update.php,e2a6e6f2d83f8ee8aa3961a56cfa7a77ef0063f9320145577e4ebe2d3e373e92,1339
Controller/Adminhtml/Customer/InvalidateToken.php,43d6b8f4fe332f6337e5494d3255b7db57de40dfdcf09a9f8f2fd113df92991c,6667
Controller/Adminhtml/File/Address/Upload.php,e6ccd755cbb6a9e222f3123f50bcd576f7743d7bc38ae19649ba57e26e69b16f,4155
Controller/Adminhtml/File/Customer/Upload.php,bcb185c0bfea5216d77197fadc749b0ac308df93dabebf070059713bea497e1d,3302
Controller/Adminhtml/Group.php,8edee1e93308db5467ea2651886b1a12d36262dcae0e9c8afe84df66569f0d54,2202
Controller/Adminhtml/Group/Delete.php,a7b5f978078061fcf9dfeccd1cf179729b860f0b03f6953b6130eed14a4ab9f6,1441
Controller/Adminhtml/Group/Edit.php,f83ab700ee9f37ae8369d42c5fd522edfedfe507ab8de6e4e86c0430ce62b7ed,601
Controller/Adminhtml/Group/Index.php,07324116b27a12ed0ae56b26c14b5cb6cb7461295c667133329fbfb1bb368716,960
Controller/Adminhtml/Group/NewAction.php,65f212fc40da62cbb931fde3807387f77161a8940852d44ceb851a4c784458a4,2038
Controller/Adminhtml/Group/Save.php,da75e0c664f676424baaa3da51c467b02439d143a44b47b5a385b32236842e66,5539
Controller/Adminhtml/Index.php,64c0ce1826941d8bb615b8e1980864ee50b843448094f9290a5281ef89272212,10790
Controller/Adminhtml/Index/AbstractMassAction.php,af4ce302eaaea4b41e8c9f3c163460eb81e4d17c61c6098c9f96f33eb3c4df8b,2683
Controller/Adminhtml/Index/Cart.php,2ff24f61d79a51cb3f5dee091f9e5101be4190e4a2fe108f1cd7ae5f0ac1e6bf,7440
Controller/Adminhtml/Index/Carts.php,141356a15d43fac14e25c64da0a81a60eda3835d1bddc4ba9590a7f2193fc3c7,954
Controller/Adminhtml/Index/Delete.php,acdbeec017ef4e69afc3a05b990f316ef22abd0a92705b462b6b861b875802eb,1794
Controller/Adminhtml/Index/Edit.php,924b83ca706a91c0e30ed3cc55948ba688af8589df94ba5f5577e6f5a9ee92fa,2812
Controller/Adminhtml/Index/Index.php,b5b241db11e4c5e7f3f164efa23d5142e06f48539ff6627323d71fb4ae2965f7,1352
Controller/Adminhtml/Index/InlineEdit.php,0a4126e57e645b87cfe604e383b41c89574f50d116be27da5e47e43efd10be25,10765
Controller/Adminhtml/Index/LastOrders.php,883c5f307dd7f05ad133569a4d0310f93210f3ed420a52a3ac3f7e3615a4a70f,525
Controller/Adminhtml/Index/MassAssignGroup.php,8969899f835c35f3deff4ecc587386df20c67b272682590d479cc00d28dbfea0,2826
Controller/Adminhtml/Index/MassDelete.php,b7dfa9b03bc8f7fa2caf23ca2d0549b30c9cb4caab5f151c5fbdf164962fc05c,2174
Controller/Adminhtml/Index/MassSubscribe.php,7047537799804411be3e99fc3b803b3f5fba1176af0286c8100a27d101f65bc7,2652
Controller/Adminhtml/Index/MassUnsubscribe.php,086b539d28e89defcacf007fe5416d4a22f884b99768c548e8923ae43880d9f0,3817
Controller/Adminhtml/Index/NewAction.php,4001bfab272376e3577774ee40cb5c8eed765b9e6fe8f4de399602b84df01db2,645
Controller/Adminhtml/Index/Newsletter.php,6073350216a06d7e3f334b5c15606c2b1905873a92170b88f6d8895fc9bdf610,822
Controller/Adminhtml/Index/Orders.php,c2ef2fcf942bc358455830d501ef0ecb50e2f8acd1da22ffad35293f888a1729,507
Controller/Adminhtml/Index/ResetPassword.php,89cad1ef09a835b115297c5f2e7001f757f07cf6bc43ee585af357c3ca653b66,2626
Controller/Adminhtml/Index/Save.php,99f0f9f30d17779348c7ce74a697fafc5339679c6f0c4671b82b342be8afc28b,22435
Controller/Adminhtml/Index/Validate.php,7bfdc9cccfeee3c146990a75a0f72dd3fa7ff0d804be004b0744827db1d221c4,8462
Controller/Adminhtml/Index/ViewCart.php,319db7968e1aab0c33881cb53633a28e0f613bf7e841756ca2bcb5589f522693,679
Controller/Adminhtml/Index/ViewWishlist.php,a1199120dd849c803dcf4e0ffbb48d3c995103bbfdec5cb996deb77915193a1a,529
Controller/Adminhtml/Index/Viewfile.php,621e93b96b0b361fc905d830056c693374df57daf648179dc803883ffc8798c5,9162
Controller/Adminhtml/Index/Wishlist.php,9e5889783e37023e0229a35a1e055d9bdd034bfe6630f1c187c78ebfef598658,917
Controller/Adminhtml/Locks/Unlock.php,15a0a07b35d5296a8c971a6800290f65f46cfbdf3e4e39af9cb0f55598b00041,2021
Controller/Adminhtml/Online/Index.php,fbe28443dc4fd89a2bebf84c3c095c8d885a0683999b3bd0445d4e90077fa091,1561
Controller/Adminhtml/System/Config/Validatevat.php,5d4270bba2f13544e79d54a6b91938fe50075093b3d5bc9ae40483d4f73f270c,827
Controller/Adminhtml/System/Config/Validatevat/Validate.php,d9ceff186a82f0acab000d4f0df7a42c8f881f76112ff0485a4d8a6e1aab4f8c,1242
Controller/Adminhtml/System/Config/Validatevat/ValidateAdvanced.php,98639589f18019c8f160cbbce2dbbce89ee3bd63be88d7875c77c1aaf1597c71,1835
Controller/Adminhtml/Wishlist/Product/Composite/Wishlist.php,ab43e89202a5ebc43c3d06aa1911a2589d0d1b06f5f24a6d6beed5b9e5a2b85e,1729
Controller/Adminhtml/Wishlist/Product/Composite/Wishlist/Configure.php,2eb384b1cf2e4d7edb1dffb936f338545b13749567ae056f1cd4adbf66943e5a,1321
Controller/Adminhtml/Wishlist/Product/Composite/Wishlist/Update.php,9ab2f3ff78c81d77f94b4baf710fe50fc96e6ba87a288c24b8f8e2181f0204d6,1319
Controller/Ajax/Login.php,67de781ad29fc9ec73708ed54a6044be260553839d5aebbdb3be880af4f923d4,7291
Controller/Ajax/Logout.php,bff4541dfa3507a13547361ecc6e8dcd41d272271bac5b4ec459d3c902088470,1893
Controller/Plugin/Account.php,2e1bb2c6f57bfde0c76334060cb3f40ff41331654f6006ee3d4479f045ffe4ba,2146
Controller/RegistryConstants.php,97550ce450b2089ddadcfc6203231455e285dcafb5f2e64b51ea1e5f817ddcb3,538
Controller/Section/Load.php,a69eaa0b2f1481e95becd836baed26af8c6a129daa0fd99cdc39c0a31fad9a53,3120
CustomerData/Customer.php,94e694297a0263e3721ce6559030fbe331fbad3f8d98b3587307ef65f30fef76,1246
CustomerData/JsLayoutDataProviderInterface.php,69221ca623aa4425cd58b6a29d25e30fc519652b64f900e240dbda8124dbea95,357
CustomerData/JsLayoutDataProviderPool.php,ecf399263ea30e4407aa2217bef43a56efa54143150b3f155573d48f717c9ddd,1036
CustomerData/JsLayoutDataProviderPoolInterface.php,f1a5670db592afdd747c2f9d09d0e3b7a4fc1690dacb70da717abd1000eb262b,348
CustomerData/Plugin/SessionChecker.php,38654fd9d2c26368b759bdcaef5b1e998172c39373f9d563137bfe5f94fce13d,1653
CustomerData/SchemaLocator.php,2eee6b10eb5d9d76be73f64635837c13e7e610e4288bb7f677ce59bc400e35d2,929
CustomerData/Section/Identifier.php,bdf0a173b18f61cf67553749264eca95ee7d29df9685d088cf5f8c76a7ce1bf5,2141
CustomerData/SectionConfigConverter.php,e2194e70a9416990969a6b11becee2427aefdea44d7ed65ada9840dd18fad6d6,1214
CustomerData/SectionPool.php,cf4038d99fb4dba74ba12f6f4aa80cf6f668a56b8273043a6001219be127f98f,3388
CustomerData/SectionPoolInterface.php,4ad0bcefce573b3dcbdd0dd9bcf58447d4d48a09eeaa8c360976e333ff539dcd,533
CustomerData/SectionSourceInterface.php,deac575f7c6514c983acdd218ebfef40fb63437d4ff886fa2a9bb73b75794f75,453
Helper/Address.php,68d11f42efac5bf5ddbab71d2cd0d0853e8295a55cd43405794b47439b113867,12172
Helper/Session/CurrentCustomer.php,5b860a554d7b31940878fb387bc4f9ef9c27dbcd7da56a8c88b945d5492c9d24,3803
Helper/Session/CurrentCustomerAddress.php,497b248d7dade6d33c0620ecb1fffd7e75fc95fd07a321ef246ba484a1fb25ef,1498
Helper/View.php,9c55263d6dbf737daff802853eb70e0f3e5d1a5625a769707a3b99f77335a0ac,2294
LICENSE.txt,4c8537fd5431aafcb0ab22c49cba68febb59dd3595210f6c6c3b9212de0a7b49,10364
LICENSE_AFL.txt,49d9aa4c0615ff95305681c358fa1575f54ed3a512b016f61c71d6784860dd8d,10376
Model/Account/Redirect.php,748890ecd0dd7b3645fb055c94b356b1299c221951793c18a5e5f9922ad21321,10319
Model/AccountConfirmation.php,d9467daa1d2f099e1edc37a2a6aeda133a5c8036f6bfc647f8ee4bb359bc3849,4783
Model/AccountManagement.php,bdd479184afba3788cdb63b73a5ec4643b896e83192f6db94cb91ce799a44f33,56497
Model/AccountManagement/Authenticate.php,b35f80383fbb7a8f3d6dccad684fca2ba3e42eba4e2c3ce0dca83fae3518b77e,4628
Model/AccountManagementApi.php,f947d2f3935dae91b0cf5033298491b5edf5ec405fcdb7ba610c8dba8f6ec15a,5858
Model/Address.php,053ed430e86c4a330866860c3541c4fa4111131a678131c23ee34db567816c0c,12760
Model/Address/AbstractAddress.php,16d9c5298eaa53aa877a6b9f2e9d174a00c701046186ca1b3fe6cc944c1f3adb,22936
Model/Address/AbstractAddress/CountryModelsCache.php,6533f5a97c2df076a5a0149228438f76fd3af9cd18d60a27ee7fffbaf20cdd84,1059
Model/Address/AbstractAddress/RegionModelsCache.php,ce3bc8858d547e2aad82d9ae672e22725778f9c9feef17cdd60e1ed2c324f1d1,1048
Model/Address/AddressModelInterface.php,5e448f952230bc07daf4e677ec1a287913183a2be97cb12afd8494e743380bd3,588
Model/Address/CompositeValidator.php,1823d66883eb005fa071d2e0fec1d2c4c31ab21ec03fe635062a688a015016b5,778
Model/Address/Config.php,de57f3bc7156629b52848c767254e2fa14cbe767e758b19a62a3e61a22a968a7,5771
Model/Address/Config/Converter.php,5c9ba34acafb5f6af8c64c63d9ec35fe1b441f4f7ce1b27bd79ad4380248566e,1258
Model/Address/Config/Reader.php,54798a40d199b62d1ef2885d8978a7f7ccf02feba2a75007ec4d11d4ec7c36b4,1026
Model/Address/Config/SchemaLocator.php,e6f47610aa60c1a388d7e05173c966e947366d9d3fe775b5026a7856749f1870,1006
Model/Address/CustomAttributeList.php,6017440e2994c67c99bcf35ac40470d8cbe97628fd2cfd5a0f1da4bd49bbe131,322
Model/Address/CustomAttributeListInterface.php,7bbbef86776091182df98fec7a84b0fb3f808627fb7ece9586ff389ab5bec60b,389
Model/Address/CustomAttributesProcessor.php,9b215dcc799e09c6617d0ba4cc77492748ccd0d583b1c3fb04aecc4936f6a45c,3802
Model/Address/CustomerAddressDataFormatter.php,dda0c376d7fcbbed8f29f88ccc752af8d0c92c58f164849453803b2b13fd9301,3847
Model/Address/CustomerAddressDataProvider.php,ac3de0c21ef3e956490991220b8ced6bc42eae69b164172969eaf6298b785321,2820
Model/Address/DataProvider.php,35d27d5a4b69577aa97d4abbd0f0a6e5c67444ce4421e1481bc7c85587097143,9357
Model/Address/Form.php,4f1c937644c9b8b35cc3ea6ca95a4a6fbb84bc61449ebc1512a43a407cf695ca,371
Model/Address/Mapper.php,c4024a8548397cff918ae402a393bba53cbd092628b7a427fdc2f7613f568494,1764
Model/Address/Validator/Country.php,7b478a537abf491bf2ce1668fcbc22976ac2d0aff1d5276cbb19de45c9aa369d,4691
Model/Address/Validator/Customer.php,62785bac707795940f2c7d81bf85b4d54a614c98efb2746ca60ae117ca064665,1653
Model/Address/Validator/General.php,80afa19b7449eeb035cdeb9c4cd532ddb32bbac93cc7a49056b116138df87843,5261
Model/Address/Validator/Postcode.php,9e2fd176945abac691b117e9144582652faa2bd5a4a1fb4cee464a0d88c71ad3,786
Model/Address/ValidatorInterface.php,e72512a07013603108107a29ac4b9954d3bf22bb82a5c650a7af67a760f6221f,494
Model/AddressRegistry.php,4a1f0aa564827848db644b921e499a94f965220895f92ec8cb4b1299804caefe,1922
Model/AddressSearchResults.php,2758b34b0d78f2932cc7b19086087d1950be009bd0163c1e16d4d88cd3b9feee,423
Model/App/Action/ContextPlugin.php,5a47feeacbab4fb8bcbb2413cc945c547dfe8625eb08f52cb1b55184fb230001,1518
Model/Attribute.php,3e0ee2c994bdde1eb60fb775ad65b21f5911175a0dce6256937a4935a6462771,7676
Model/Attribute/Backend/Data/Boolean.php,f656ba13045b342ae563ef54ab13ae2fca1656e3e907affdf6c90c59fb4b5ae2,858
Model/Attribute/Data/AbstractData.php,e152b2e996c4498fc6076987e0d2538a013b024531d388ca28f7ad9324d42df9,293
Model/Attribute/Data/Boolean.php,8719127cd428b877fec6e03630cd756194503b7e5dff3fbd93fa6d11ca310fc0,273
Model/Attribute/Data/Date.php,215de1ceae04afddb0edd3f7aabe1de7bdb8cae804e8b16369b724bc994f122a,264
Model/Attribute/Data/File.php,c66b926eced689c7c99bc8340d8d3ad530d84adf64b085ff801984afa7db7a80,264
Model/Attribute/Data/Hidden.php,9e37387a108e3ab1fc48cb54599b527f6c19dfbd97b620fb3741d1b9388a9b07,275
Model/Attribute/Data/Image.php,188f125944ef6657b62e129d30e40c197ee006f565a174f6cb8504211b7a986b,272
Model/Attribute/Data/Multiline.php,49708979bf33c8a405efd23786b34a044b6d26cf5ba67477056aef741722e2d0,347
Model/Attribute/Data/Multiselect.php,3ae1a90e9c7ada23d7f4e5f3c42524fd0cf709e072b4e6b777b032a945a81c88,353
Model/Attribute/Data/Postcode.php,0545ec981a6bf5695e1e9a2fece171f1f3da64522e1a3a3bee7bf5c865ffd3dd,3382
Model/Attribute/Data/Select.php,92c39a22e33bc7bd73498d5ec66ae69b836656af344df3dbfbaf9b672cc9cd8c,334
Model/Attribute/Data/Text.php,579635cdd90b4771e783d76cb0a435a5335b335300584eea85b00399abe83147,328
Model/Attribute/Data/Textarea.php,0230a7e7f57ee8793228fb5673676e11fd699633f9a13dec60bd55d0d4ecc7bb,341
Model/AttributeMetadataConverter.php,296591de492a36da82b96fa995000d5ea4eaae1900c2ba02038fc46132aef6ff,6735
Model/AttributeMetadataDataProvider.php,3227eed0b3b066716c853ca99a4ffa230d4f3d8e8e91401db090b7d91e6e7fae,2970
Model/AttributeMetadataResolver.php,1d0eb4fb7fc513d55689a4183dcf0868aa017a0e4fe37de4d4bd30194a23f9c6,10182
Model/AttributeWebsiteRequired.php,1ed11bced0f1b4b55cd25824293e2cf33c8b90d14160dfaa9b3d836c123f1bed,2309
Model/Authentication.php,046539fc5a1f28017cbf02d12c74c93b36877d298ecd1157f12de562673197f5,5888
Model/AuthenticationInterface.php,c0931e8e8c70ee740853a577e7baaed9d01c59292b1fb841747b9ea2a9748af3,1241
Model/Authorization/CustomerSessionUserContext.php,2025d593680961d1c46055466a19bf4bae7ad7f772ac4288477b3c251b998754,973
Model/Backend/Customer.php,d52d2862b70c1d01ae225f0a0f47263420c15f239a2ae4e8bec23c69d344e598,451
Model/Cache/GroupExcludedWebsiteCache.php,5f7fd07775646a08919589f0047767bc57e2b026188fc599a96ad64565c8479b,1477
Model/Cache/Type/Notification.php,e12b94d7f8287e498589b2f1b6b045a899548f66956cd90725fa61b46c490ddb,869
Model/Cart/ConfigPlugin.php,efe70056397ec7c3c3837d5cd6e1b0848c6b638bcb5c031d44493856ffe834a6,871
Model/Checkout/ConfigProvider.php,60e85717aa4d6813be46bfb94ca802af1a67ee19ae5d2a2b63f0d12c6e642345,2781
Model/Config/Backend/Address/Street.php,c73d0d712ecd562d799949269bd70ba770974acb4e1209548ebd820a4e064f32,3764
Model/Config/Backend/CreateAccount/DisableAutoGroupAssignDefault.php,837a2aec26729a7a824a5f2fe35b758149a6400f57c8d4f4b8e4fcf9d4098af4,1916
Model/Config/Backend/Password/Link/Expirationperiod.php,2b1d7c8dddab012abd7d8c327beaa87c1a1a83608a4fa22f5ae58d4cc0ebbe7c,849
Model/Config/Backend/Show/Address.php,b55e34bdde1f3c265058baad0139dfe5c1aeeb16f38cc64d4799ea4d362e5203,681
Model/Config/Backend/Show/AddressOnly.php,13acf37655429c298ab274e027c8dc027be900e5f261b127bac499f0f68b0534,608
Model/Config/Backend/Show/Customer.php,ce9b155f170bc5c98195e7e543b1a75ecc3597e891639120747cf48cdfda3cc4,6159
Model/Config/Share.php,4d4724eb7dc4e204078f09b2b642587301bf4808a58ee30eecaf2788b027c76f,4368
Model/Config/Source/Address/Type.php,e19d4f2119d5571d47a483babc38e1787fc76bc1d6084f25af25a42b6a005a6c,712
Model/Config/Source/FilterConditionType.php,f53b077724dbdef6e998e93cf2b8c9a1d5244c9739ab8ba1c2d5a79ad87a1e4e,736
Model/Config/Source/Group.php,d36a5bfbf731c8bf1474b387eefe44f4928691996141888f9fa326c14949cad3,1843
Model/Config/Source/Group/Multiselect.php,2d0367861ac7edd83cabf161488639c0353bfbe04b798235b8295c3605269561,1835
Model/Context.php,6db223f17ab8e0db2e57931e298b5cb9bd98b4e184616aa8f335ab7de602dd41,424
Model/Customer.php,949fb48d4be199cbe90833478b036e944699a1b917f48f94ac63d39a10cba251,38579
Model/Customer/Attribute/Backend/Billing.php,7dc94e355d495df80156710083b869ff7c9eb53642e6d1ad207eb7372423e6bd,1485
Model/Customer/Attribute/Backend/Password.php,4b38d610029d06c3b43e73d4b000ad5fbc1bc18ba66633238b18452693537af3,2307
Model/Customer/Attribute/Backend/Shipping.php,f33a85fe3c9a4acdd6d34eb839c2c2f07d3c39f57a2bd37478701509795b84df,1496
Model/Customer/Attribute/Backend/Store.php,816bad007322c0ce9a8061e78579f872c124698ff30173c6c34f04ffa5814ea6,1239
Model/Customer/Attribute/Backend/Website.php,69868f45274fdee1e1391bf7bf4808cfe5345d12d6016676a56beb95f5605ded,1102
Model/Customer/Attribute/Source/Group.php,888dfac6d2de975fbbd1971ae5a3c63c76767524afdf04917fe327652cce9a84,1860
Model/Customer/Attribute/Source/GroupSourceLoggedInOnlyInterface.php,87e259ad2e8fc44953d3024e5abae1369fc85f68eaeca2fcad680852aa04a4df,412
Model/Customer/Attribute/Source/Store.php,70fc0f502e84319d219a8a75b9365d6907fff33f53857351c2f7bda2e3186c8a,3415
Model/Customer/Attribute/Source/Website.php,6536a5b11d830c1ee0ca123063f1fe5d64cd5089b5f4cef61e328676e7af35fd,1813
Model/Customer/Authorization.php,981ab482f428d4a460640936c39199d49f9dd1759e6166c617119b9c33017092,2331
Model/Customer/AuthorizationComposite.php,e6b8ed4bbf420ecfdad44167d7831c64272bf650a2bb179168c11e6d0dbe13f2,1076
Model/Customer/CredentialsValidator.php,6cffc4b4bf8a33de45bf45c2fba8a2fce752fe07cb3154848e7d139b734d2d0c,773
Model/Customer/DataProvider.php,66bacecca27f3a9e345931cc3f9224aab8c77bc03121b209343acc839f6bdfd1,13806
Model/Customer/DataProviderWithDefaultAddresses.php,44a889158b4b9d330e3a51596121251a66b99eb75af79a029d0bafa68ad4548c,8644
Model/Customer/Mapper.php,d58110214a255e71f70320b076b62e74f99c528599f64dae4717dfe85410fcdb,1286
Model/Customer/NotificationStorage.php,acd7d28ab552846195f3886559133c9cf4e8fb5b03fb7e20547dc47f3e65c969,2342
Model/Customer/Source/Group.php,aab3af4309afe844ef0776c431a5ecdedb624cb885033e085b39cd1bcb546256,2043
Model/Customer/Source/GroupSourceInterface.php,728bf1b4e5307059152470804105825567608fbeeae27e1d48f5196b3a4b836d,307
Model/CustomerAuthUpdate.php,393f2e955bd114bf94f2ad9a3f06d91bf791007a48fd1205461b4d73b4ef509b,2344
Model/CustomerExtractor.php,9e84615e70577297196eb174ce4d1fe09d06726a6d4ffec859fe2d5f0cb0942d,3528
Model/CustomerGroupConfig.php,2f1fae5ea66f9a4ad3adecb0fad6f4d50e9c56afb91ce48ac659e84fcdc7d06b,1246
Model/CustomerIdProvider.php,e2da4a65251d8976a5a292fd02c7620eb16a12bcb405e6a46cca1f0c6f7a696c,711
Model/CustomerManagement.php,bbe43670974b3de7c0c90a7bb65b2a80556b6862a999c7628a29120817fa863c,876
Model/CustomerRegistry.php,3af8323facce00fec099eb484cfb711220b84719d1d003eb28b6ff59eaef8d8a,8015
Model/CustomerSearchResults.php,692114e57eb0370a2b2d55c29080fc459acfacea33c51750bfad2ecc6451efa3,427
Model/Data/Address.php,e54242b09f8d5da6d404e0eb383b4fc3a6493e9c9a10b779ff85dacd75774766,9458
Model/Data/AttributeMetadata.php,f1fa1243657ec70252049160793bf21ef94808ae4fd2693242342adbcd66375b,8638
Model/Data/Customer.php,f60f8a6c18d6868a1d2c4eba239fd922a37152a02a70b4c07a3282b5bbdc0283,10268
Model/Data/CustomerSecure.php,6b34c549340b9a1b877bfcf8478286e84bb607a021eccd851b61ffe3649b2c2c,671
Model/Data/Group.php,84cfb2f93aaf3ac6114b85cc4cfebb7e7a43805bd7321f7b45717cf71b957a75,2317
Model/Data/GroupExcludedWebsite.php,a3975aa549b58af5d126d3da9226c9397a6838a3fc45a9a21d77747657a8e9f3,2141
Model/Data/Option.php,d33078ddea813a09fb61aa9e91db700a172826de819852e3c4b1c5fcb62e4a85,1496
Model/Data/Region.php,7254abdcb8364868f131f14c03a2f2cdd2f4824304d348ee838089753ce148e8,2009
Model/Data/ValidationResults.php,5de5d30de5966f40c7b4c410b24c3fb972f5a49e256cb1cbd6a0105a2821eb1e,1076
Model/Data/ValidationRule.php,36a143fdea5ee9c2ff9f301b19b96f2f36f864d56fef23db0176c6625ec019ac,993
Model/Delegation/AccountDelegation.php,6fd4b6c7d23e3ecd8783c0361b76ee2d0253d0ab77ae183ca8803974596469e3,1231
Model/Delegation/Data/NewOperation.php,67bc6ea8178718d3edbd4b32207b56573a8eb34fbe66fa483c517f4c307a738e,1027
Model/Delegation/Storage.php,d22cfa8711d01c2b610e6248483b9b2de3de73ba1eb0c762316b192621a5bebc,5049
Model/EmailNotification.php,8a88946ecd241c4f5270fe5fb971e601d80d68b14a84459b697dcdf58452d239,15762
Model/EmailNotificationInterface.php,0cf3f03cdeaaabd46707cb9c1267c2d7600dd27797eaa54e18200c1b5d026700,2253
Model/FileProcessor.php,133e399734e03642bed23cbd7f63685d3f435557e082f1ec824a3ba8e2fa6201,8544
Model/FileUploader.php,3b6b8b85e4cfc83dc7d9b72c3942f757b2e75718303bdb11395ad91d5b4b1aec,5586
Model/FileUploaderDataResolver.php,1d626300ca053c3851188cb250a4f2b26a9b6ca59fd193167691c1f1fd6a7c15,6502
Model/ForgotPasswordToken/ConfirmCustomerByToken.php,b025e78c511568c576160f604d48c6d7575a780a746329171db9ff73a1923dc3,2132
Model/ForgotPasswordToken/GetCustomerByToken.php,0883d9ea6939128ec918be5262a1d0fb29330d4c5f2fbe092ec6b1ea16cb96b0,2705
Model/Form.php,fc7f682391fc441ee69f6b20fa06221921fc8987b42e29ed5749e24f3105569a,1088
Model/Group.php,1d03ebd59a4e7d924c9ecec68178a9baf38eb9402e70f10604905dda50073959,4606
Model/Group/Resolver.php,0f236eda44a2e4e7854471aeeb6d2cbdd8c9f7f0006bd76e2c6458bd65128e6d,867
Model/Group/Retriever.php,bbf90a9266ec8777e9b2a557de6a393a2e8623edae2c4e0109995dc4e8746592,701
Model/Group/RetrieverInterface.php,43044029ef6bf344869f4e7abbd62165b67eda1e8cb5d19d512d47bc340b555c,419
Model/GroupManagement.php,26ce285940063c9a3b669b89a1b55b940f764d379afffe8ac593f646f809a1d8,5668
Model/GroupRegistry.php,c7071317f2fd3d1af5a5c9f94552f774ce4983eaa989e20813b6aa80092ef8d2,1703
Model/GroupSearchResults.php,3fbb7196f44edb22ddffb31ca1e6c7e8713989be43da188717943eca854f28ff,425
Model/Indexer/Address/AttributeProvider.php,b57f92f5cdddbd0c694145265d9b1107e7a26a473a9ea02ef18d10b47dfa3297,620
Model/Indexer/Attribute/Filter.php,9688feb5874e41b6a54c58b2f2f6f5549c9651b0db22ab236adc3125354d09d8,1903
Model/Indexer/AttributeProvider.php,5ac56c368e36f73e343905c29dc6b1dd481b7302fc9017b177dc65f2787d9d12,5023
Model/Indexer/CustomerGroupDimensionProvider.php,d3aca4f2281ba29d4e9cdd68545ce6f71e759f914cf86b2c40e2fef7445825e5,1988
Model/Indexer/Processor.php,87db99e4f5aac0cfb901d192545294257ca987edc879afb3eb31fb0e3031ee54,346
Model/Indexer/Source.php,6b31b5d2bd1bbc44f5ccb1ae406dd2e05a0bfae42b003ea04ce9815519503731,3513
Model/Layout/DepersonalizePlugin.php,2d9c44e0fccd038018469ab2ee7448a34f689acbe4de72336f1367b8fe44b869,3069
Model/Log.php,f90d4ff37f7a6c95ce070218f60b2c5f51e210430170bf389c9eb94507d03fec,1783
Model/Logger.php,ee8beed102dcb1b749fa00d21d13512c9ab70062ffed42c0adb972f4925e18fb,3216
Model/Metadata/AddressCachedMetadata.php,88f3f0fc29b049d5c185e5a379222df27ac611cbf1c5e0233a7eae722505b369,787
Model/Metadata/AddressMetadata.php,feb6ed65d4b4caa156e48420db53beee3e4d6a8f50d8ede7407b543c2623ce32,5060
Model/Metadata/AddressMetadataManagement.php,eab712b7692bf062dc97f805e921acc9782c433d427e00daea55b8b6077a297e,1258
Model/Metadata/AttributeMetadataCache.php,363fcccbbacda39440b415a3ef58d4673da3570f6d1e94ace1effc5b421ac031,5348
Model/Metadata/AttributeMetadataHydrator.php,55aece64484dee915a4bf9de0b35a8964cd1296795d543212cdc91e7adabca95,3893
Model/Metadata/AttributeResolver.php,8a00dbb782e9fd3f8cca6988160db07127a23e13dd3d08f1eeba2b4aaf6277ad,1839
Model/Metadata/CachedMetadata.php,46b1349bd8953de26a38f949111fd83cd5fbaaa439dd3e8d02bde3f27a0f6cab,2981
Model/Metadata/CustomerCachedMetadata.php,9326971a09220aca51aa6518830d20273c1b25ee4c0691049cbe68fd26377ca4,784
Model/Metadata/CustomerMetadata.php,02bb58703f2ff086fcc6f90467fe36e653cc04f976ddb140142fc48c7f747bb9,5388
Model/Metadata/CustomerMetadataManagement.php,fb482ad55cdc2c584af874d0dd35181261b1b4852328d0516f776ab883d6425f,1255
Model/Metadata/ElementFactory.php,2a8337cc709741e3655a7c5d0a7221fd2abaf6ba6c91bacb39c58004b1797cde,2513
Model/Metadata/Form.php,971b6adc055ad1d44204c2eb1b66bde64ebb5ae34ab3c596c92f512096588a3d,12054
Model/Metadata/Form/AbstractData.php,c23e5b23300a1c46f7f62c9050ca62f8d026097c5de4308ff0400522edf863ce,18661
Model/Metadata/Form/Boolean.php,20717d5fa8a5812569e767b38ee2d7c3a109a666229ace18a83ca918367bc3a8,680
Model/Metadata/Form/Date.php,4fa701aef6d246381a431f2b1411a6336a2d3e16974c53a581ac7dd195758d48,3829
Model/Metadata/Form/File.php,ee837c16c592f7d5585a611144ec1f6567af873f156ed9b705bd23be2729cd4e,14250
Model/Metadata/Form/Hidden.php,db41d5332deea09d1c781cf6d76cbe7a6e5b3a8f621e2380b033e90fe3842ae8,221
Model/Metadata/Form/Image.php,003222a2f5acdd8448078d931e42aa77ac0da8f1fdfb19cd6aa259616084cfd3,9243
Model/Metadata/Form/Multiline.php,82db56eb96009e6962df36a52d96887960a985986314090894591aef2e615043,3361
Model/Metadata/Form/Multiselect.php,a19e0229d0b54eb81d4cc6eac4e7872ed3130894f13b87612104fc51db7dbacb,1626
Model/Metadata/Form/Postcode.php,b3d56a60596b789a87941e4feec613cccd0432957b5b226b46a07482f8a2ffd0,2758
Model/Metadata/Form/Select.php,c5a4041844afb6db51fd35a2f2aa6704dfe827874582d1c7e0b9549763f5f035,2341
Model/Metadata/Form/Text.php,b4334ba4706acf5eaa09611bf31e4849786952e324a676c853beea43c999083d,4280
Model/Metadata/Form/Textarea.php,b71fa957a4968647305743fa2092cfee0d11ea001d48d1fa5e83103de2328d6b,225
Model/Metadata/FormFactory.php,1a00ff788a0ba60ec53507f0192ba60a6faf742657c12933b8fd076cf0cfc96f,1507
Model/Metadata/Validator.php,c16240b628fcd5b877e5e75cd2865955e9f6213c4dab08ef86b0eee651be5660,2596
Model/Observer/Grid.php,d3698cf75209f498fa3b518a6b5b151ffc46511cae991c5e3bb1e3d8ce0fe45e,670
Model/Options.php,97d108834a944ca2577f31c9fa8936813ea497c8b727825c28d8bac8c56be53a,2932
Model/Plugin/ClearSessionsAfterLogoutPlugin.php,0c97876eaa1ee86b8f19fd472adb65555d0d56027d968e325f3e7889b867c198,2858
Model/Plugin/CustomerAuthorization.php,0926efd97fc2ba0cc94b4d85bf1596b1d80186580cefa2c360acea3815e022db,1394
Model/Plugin/CustomerFlushFormKey.php,163f9b0081ca43edd91b07e0314db622389610d8ca3a79ee9becf7f7577eab6e,1393
Model/Plugin/CustomerGridIndexAfterWebsiteDelete.php,ac0bd94a28ca81047a283cbbc70b18c202b95947192f3daf9fde2b2c3045306a,2021
Model/Plugin/CustomerNotification.php,dc8fbb35cccc578b52a6296960ed5e9aaf14d4888e90fd5f59e1e75ad0950e04,5393
Model/Plugin/CustomerRepository/TransactionWrapper.php,daed9fc71780a678afb9ff40c8350dd7cc49aee0f7cea806ae2ad20a8cd19519,1607
Model/Plugin/DeleteCustomerGroupExcludedWebsite.php,0109df538004e413c25b895020f1d326a89c074b53cc389f0b6f8896d67cb1c6,2505
Model/Plugin/GetByIdCustomerGroupExcludedWebsite.php,0ff37162a5dd6e5b8988e4df26cf93a820fd7d0b69b8d36c5824dca82aaba9d0,2312
Model/Plugin/GetListCustomerGroupExcludedWebsite.php,40331d5dd2a6921677350f0d6d1bb00c62e4d30a95c4a30206ac5d99ba784595,3006
Model/Plugin/SaveCustomerGroupExcludedWebsite.php,605407ea767541a0bf32626a5d695ad797093fba16df02fae6b0f47cfabb8d1a,5293
Model/Plugin/UpdateCustomer.php,81b346deab92097b62a62c72492374e405e723c80b3e096ee5f71577c78eb375,3253
Model/Plugin/Website/DeleteCustomerGroupExcludedWebsite.php,5486ce0d8bcef5ddb67b93f70678b082b8ff9df785d03f6d1fd763966ca42d7a,2002
Model/Registration.php,a3676f03e4224ab6aff90f6dbf69abdc898ed8e5e64881ab627fa66bfc1e9e67,360
Model/Renderer/Region.php,097ea3ee9eeddfb409054df9513ea3bd3a052e4d14ab8440b072bc9af392f27c,5627
Model/ResourceModel/Address.php,02826c3fef4a028b71a3501f092ef2f5940f70569b68893aa7642ee9035058dd,4604
Model/ResourceModel/Address/Attribute/Backend/Region.php,128c82e758b0dfd2238949547086acd16d6d9e5514c53ba12777cec5433991e2,1478
Model/ResourceModel/Address/Attribute/Collection.php,43561bdb1fb8f8e3adad409c08161afd156405493536256061a6b97243247a2a,535
Model/ResourceModel/Address/Attribute/Source/Country.php,20b1fcc6f62f29c5a24fb9248ce8219991a5ec1261ad7286effe8d60ba4ebce0,2485
Model/ResourceModel/Address/Attribute/Source/CountryWithWebsites.php,a590e55d7623f0d10e5324e33d03c9f9ff0ca77435f1d963d0471db0437979d3,5237
Model/ResourceModel/Address/Attribute/Source/Region.php,7963e5241bc1ebcbb1447fcc069dbc4df84629471517d87c2aa0d772f136fa18,1770
Model/ResourceModel/Address/Collection.php,09a17be4b768fded66c64a01a017335e3de8293c48bdd91c0b5651bd93b551b7,1151
Model/ResourceModel/Address/DeleteRelation.php,d98a7e6b94996ccef9cb563a58ae3d0050ca4577dc61e0ce4635b605709e20d8,1986
Model/ResourceModel/Address/Grid/Collection.php,056d77dcd1a035e5f7125142be44c13266a7e3ad12de2bc849c5e0738ede4f1a,7463
Model/ResourceModel/Address/Relation.php,d44e4b0df90f4d26e3fea0663b941ba2724b56e190e709a017d1597ee562984e,5164
Model/ResourceModel/AddressRepository.php,7a336562650d0497a8b13af3c53fb8010ad0dc70fcdb82ad7a8309ac56bdf621,10649
Model/ResourceModel/Attribute.php,90328b2fc5cd171c93aa9e6c702cf0612c4a810e15b7859fc2d3063219eabb34,1000
Model/ResourceModel/Attribute/Collection.php,0844ce69fd60a9c7c8243a7a7376c59a45f6921927e8c2a63fa7aea0bd73c864,1065
Model/ResourceModel/Customer.php,cd3007a447620dfd6412f061c24ef7742e2663bd2a5c4d0889cb3891e375f32a,15794
Model/ResourceModel/Customer/Collection.php,575c815d05efb2ee93712d9b0f482e7204f123490b0555debafa5f4684381d18,5943
Model/ResourceModel/Customer/Grid.php,9b91f8a0c5b43ed731e9afecc98e37b11a6fa814a9d44b0e5f5dd9d6ca90d9c2,2514
Model/ResourceModel/Customer/Indexer/Collection.php,fe6837c91be86f095624a87e540c854de625bf80d2adcf71636a477418c7b5f8,465
Model/ResourceModel/Customer/Relation.php,d45c1d9b8d9f14f27c3a4cca8bc00df236e83e4cd73455f0509e1d2740a16f50,2971
Model/ResourceModel/CustomerRepository.php,6e3a3691e1857b0c8fc2df8a425f227f7a1754bebfa1f602919fed78aaad1cab,25325
Model/ResourceModel/Db/VersionControl/AddressSnapshot.php,58c41ced21883e364e6fc71695cdee47e894f5390abbb35148fb336530df7fb4,981
Model/ResourceModel/Form/Attribute.php,6912f4bb2c8cff1e50ff15e41817ced7298e1980cc59501e4bd281c8420bf273,556
Model/ResourceModel/Form/Attribute/Collection.php,2779cd16cdd7f686c37b2ac053c124d27b2b098b5a5acb8f25e3391f32651a48,1272
Model/ResourceModel/Grid/Collection.php,85c4666416026bc80f86ca31e42ae430bcda9d4484a5417607e6c83f420908e4,5884
Model/ResourceModel/Group.php,edd747bfc0eb83d8ca820224f6d73a544f7afb5e4bf73339888c0545414a98f1,6042
Model/ResourceModel/Group/Collection.php,26d479b53f5694ac113c6f5b1851f6b7096b68088ab6358bee712bf67b7af5ba,1857
Model/ResourceModel/Group/GetCustomerGroupCodesByIds.php,59a3579aa5dc260001b100bb55822f06bd8ef32ca04fcb18cb2c2c116827f637,1357
Model/ResourceModel/Group/Grid/Collection.php,691d994d5c954a29b094dfbec1c18cfcc91f405d8407cc62686388d394973c53,4429
Model/ResourceModel/Group/Grid/ServiceCollection.php,ee9648fc5788db68125db1ed92cc4e1eb1e04e62d3109e2b32d9f8393cda018f,2868
Model/ResourceModel/Group/Resolver.php,878d5123775d828b8e0e52ae5b0e1781302737492e5c1761c05c0f12da7e52cd,1349
Model/ResourceModel/GroupExcludedWebsite.php,0641db905b10ea65cdb1cfa7cf30eba781ad2a67bf60d244b294fb10a2632ed6,4581
Model/ResourceModel/GroupExcludedWebsiteRepository.php,4596b44eba1146ab390b0b6410331c211c8a00baae6fdd8d646164583fd9a29e,3619
Model/ResourceModel/GroupRepository.php,32f34f225f5e675e7f921087641ce5d1aa555f2812f2551c0c5c243fe125850c,14093
Model/ResourceModel/Online/Grid/Collection.php,115c6794f5bb4665097962eef7b2c2ec1113f684934ba2f05d16c124aa7191d4,3464
Model/ResourceModel/Setup/PropertyMapper.php,ea2349fd9e0aaa8059266b9e62dbfcb4f612725777e0e423a6308032c4aa2088,1504
Model/ResourceModel/Visitor.php,3237a733f0bae71fb8e56e2e4a67a33dee9d238babf8e426a711ce6c50d24c1b,4012
Model/ResourceModel/Visitor/Collection.php,386ecaa098b9728b45e6f55dc3285b5f1364d1ff644b8b7d17fa537de69bb49e,501
Model/Session.php,076e2cc90c2936cb109a824e19e758f3318b019bd4a9d2b67e837777ee84ed8a,17095
Model/Session/SessionCleaner.php,8bc0b62e8c2a329bdde6b513eedb858687cb769c8b2c735b6dd925457a8b369f,3378
Model/Session/Storage.php,ba71201826b5c0ae0cf21f098f2ea09bdb78b44cc34e7e867014987dac7fecde,855
Model/Session/Validators/CutoffValidator.php,ac0f874c5250b6caf9d694053d92ad57d7a68f093e8f30f953d296284752136e,2482
Model/StoreSwitcher/RedirectDataPostprocessor.php,4c871bd195456357e1af559340c9c46c6dc4afcccb343097a6c7519b1381b17c,2239
Model/StoreSwitcher/RedirectDataPreprocessor.php,81684b3c33ffe7107ef976a11da949e4718cb836928330a2e678bacd7ad3b284,1834
Model/Url.php,33c69174e307e660d1f9a86f33521455e8576338cccc9550dd87fe5b218df500,6427
Model/Validator/Address/File.php,f655c2d61ad62ed53166cd8f25c27ad5f0f1d1f476a9d61edee478c0036785fc,2264
Model/Validator/Name.php,334325dc628f4b76220d62752c794f75b5b7cbf04140e4c5682622d67699737e,1473
Model/Vat.php,c6e2e32177e78217fe06424957e7697499509fdb73d4b078539babd90920e5e4,11364
Model/Visitor.php,b5a1601da4d0f9ac30809194506d89677f9c70667b13ea3633eff8e4cf7e6d95,10801
Model/Webapi/ParamOverriderCustomerGroupId.php,37cac1cf6c047f2394ffdb811f64a6a049c969f17878d392c8e433ccc72e6e71,1343
Model/Webapi/ParamOverriderCustomerStoreId.php,c14565d3be53c0b3d6c15fb2d767fca49fa1d3edd52bc862e3089f98a5d4daef,1343
Model/Webapi/ParamOverriderCustomerWebsiteId.php,96de189d1f957d81ac31143d046549e2a82dcf9fdde74669ed6f70bcdb7307f6,1349
Observer/AfterAddressSaveObserver.php,f28218b59a5027aa043d3b07293a2331db927d143d49ffefb4b899cfeec9ce3c,10059
Observer/BeforeAddressSaveObserver.php,b2ae5f784a084eb03a9f06db970e831c6289fd50e4c56a7d1eec55f8c27b4376,2254
Observer/CatalogRule/AddCustomerGroupExcludedWebsite.php,5625b704493878b58d223872912c1c5008f872afa9c501771b9a8c73bce8963e,2662
Observer/CustomerEmailChangedObserver.php,1ad37768199a7bcb6248ee6358541d3a53f1b1ee48a8f99a67f7248fe0ef9657,2837
Observer/CustomerGroupAuthenticate.php,1120499f92e40f508d42b383f02cfb68b4aa4bd803f1d99e849ec41f1ee2cc71,2013
Observer/CustomerLoginSuccessObserver.php,3ed87d6fab55d2c6cc64061d2d188a810f8e3373f8dfe2f54af53b780cac4430,1119
Observer/LogLastLoginAtObserver.php,e2f0526266cef82d868f77f4f586b9c90124f35dcc85d15975e84d6221848823,1035
Observer/LogLastLogoutAtObserver.php,951769348e76af1d658ab93c004e2d7fa47cd83e7c66405e4b42fe8c40ae2da9,1038
Observer/UpgradeCustomerPasswordObserver.php,2d96e9abd39571261b41f7b365d9d8e47dae5fefd4d387b651be44c15063c239,2644
Observer/UpgradeOrderCustomerEmailObserver.php,d900d71e231bae418e432432696d24a551624d1b34b8d60d9465cb9dcdf54408,2392
Observer/UpgradeQuoteCustomerEmailObserver.php,3d615dae68dec319af12803ff27aa225ef33f7f93b2e3b074ceae7b3f883720c,1770
Observer/Visitor/AbstractVisitorObserver.php,af022f04d318dc52018c06c5132f83b4a168f0b0a0ab6a49e73bf7cd1d4456d1,638
Observer/Visitor/BindCustomerLoginObserver.php,e081377a5ab9740a185f769a94d312a71feb446f802780453b87bcec97e14b34,502
Observer/Visitor/BindCustomerLogoutObserver.php,7a85c886b7c94c9fb2b0d3ba70b46e0117b41ace65021926e7241f1b4fa66ee1,505
Observer/Visitor/BindQuoteCreateObserver.php,7260dc462abf70140eb62847e23b39246bad4c962adc546bfc70448759293323,497
Observer/Visitor/BindQuoteDestroyObserver.php,e8183729350d8be48e10a65fb957a72839671a4aa23fdbd3a9bf5fac70ffc3fc,499
Observer/Visitor/InitByRequestObserver.php,c0eded1b0e88cf850442bd71ff92b5fd5d37a46a7e8ff7eed8608f43a58e2d0c,1220
Observer/Visitor/SaveByRequestObserver.php,77346664c3c83dd02fc3160c8a8037a69f7ce0c6d6d3f64b459ce5ce857f28bc,490
Plugin/AsyncRequestCustomerGroupAuthorization.php,6ef533b51f909a7c562e303a4168a0b751a76baa8027dc257ef7989def1c1f3f,2526
README.md,74c3de73d713485b13a8f9f50af1f798ebbfae8cbc2554f469b1055077725a41,15893
Setup/CustomerSetup.php,b0a46477c1c40ef28cc6840db5be248264db70e3d203fc67aedbda4261013693,22364
Setup/Patch/Data/AddCustomerUpdatedAtAttribute.php,750829656eda62eae79d1253121f8c6fcfa3e1f5e23777c247fa4c88f0500a2a,2126
Setup/Patch/Data/AddNonSpecifiedGenderAttributeOption.php,bd1d39c7ccb4e9c1652f38b7333eafbe97e1223554ecba4f5eefef37be498920,2040
Setup/Patch/Data/AddSecurityTrackingAttributes.php,8e92809315c1aabc9013c6de8d02e4cc72b5206f3fbb70e5f3eb0727204d13b2,3254
Setup/Patch/Data/ConvertValidationRulesFromSerializedToJson.php,6a2948f179f7dcee2a406eb95c2d631f83565033684d02e5f675be439a31dbe1,2056
Setup/Patch/Data/DefaultCustomerGroupsAndAttributes.php,bfd22e4f0de64ec0d160623430665b625d172084ed690e8ba7503c5328b5cb12,5608
Setup/Patch/Data/MigrateStoresAllowedCountriesToWebsite.php,393a3778698f6669e7ed9c7f81852149c381e7844286d4cd2d398ebd5ff3fc07,4996
Setup/Patch/Data/RemoveCheckoutRegisterAndUpdateAttributes.php,1126ee3a5552cbd07a954c724769055a6ec558e229cd051e01161251d850a77a,3555
Setup/Patch/Data/SessionIDColumnCleanUp.php,baf879c968e8078f3c6a6b61646fabaf3bd92d2849994a091e2e5644451c3a9a,2495
Setup/Patch/Data/UpdateAutocompleteOnStorefrontConfigPath.php,8b62cd9c79036bc210c12b5721ee88c07155821e5b760f339fd9aef97d512977,1596
Setup/Patch/Data/UpdateCustomerAddressAttributesSortOrder.php,8426eac0604d638fd2348ee218a01ea07c4e1461ee014a1389d13fb2f3a3bb7c,2745
Setup/Patch/Data/UpdateCustomerAttributeInputFilters.php,f0d687f5768b1d7160466dada5549ba6b67d1ec9df329c30d8ed23b176e2e58b,2452
Setup/Patch/Data/UpdateCustomerAttributesMetadata.php,9d61ae3f2fec1b19b9301d84e5061fbbf1b95038e6160d75e31783833ae00478,6886
Setup/Patch/Data/UpdateDefaultCustomerGroupInConfig.php,74866d0254059465348f6366cfeefc57742d82b47a992279a6305406820396a9,1885
Setup/Patch/Data/UpdateIdentifierCustomerAttributesVisibility.php,2deb9192ee93fc8e116f4f7422bdb755f9fe0e0c4f8d9a57c2c1a68009435525,2637
Setup/Patch/Data/UpdateVATNumber.php,b8fe06de5c077dac3c38cc62ced57d793426784902be4532cafe0b82ba380db6,1829
Setup/Patch/Data/UpgradePasswordHashAndAddress.php,a058d159cb109b15fe6290e787782b1095298c44ed90afb988f42cd4356783e2,3300
Setup/RecurringData.php,105d2f65c7569c25f98bf6c5bcd4835ddc1bfeefaa15a082a0a61e5c6638067b,1586
Test/Fixture/Customer.php,544d6344ce74565e73336358674d776ac460723f7c6ee11cdf6c500b55856125,6863
Test/Fixture/CustomerAttribute.php,f15e37a26e7f26588d0797cc6dd97830ddd7fadae0284147389aba6636ee6267,3480
Test/Fixture/CustomerAttributeDefaultData.php,4a6ff9e1fed2b22013a27eed5b47783b19e8f313a65e416cfaceb7a1e990e40e,1487
Test/Fixture/CustomerGroup.php,1b76fd62ccce6b790bdcc3add08e1c86bfa70b75ad713ac9da6d1194ad54f98e,2416
Test/Mftf/ActionGroup/AdminAssertAddressInCustomersAddressGridActionGroup.xml,8580d729f8f3c7e1393a20d5e8ec5ea0ac8986349e4b449e21f552242c44225b,928
Test/Mftf/ActionGroup/AdminAssertCustomerAccountInformationActionGroup.xml,7d52240faaa8d73bcb7a7fb0e8a83c2fc4b3554afba1265fdac7f4d39cd569ec,1462
Test/Mftf/ActionGroup/AdminAssertCustomerDefaultBillingAddressActionGroup.xml,acb015ff58013a112832edebfaaff56003aebe17872cb948a4a9eec1c0385bcf,2280
Test/Mftf/ActionGroup/AdminAssertCustomerDefaultBillingAddressAgainstEntityActionGroup.xml,cc50bf86c99047def20caa92107914803d3b92797d407e1b1ac6aef94a766885,1687
Test/Mftf/ActionGroup/AdminAssertCustomerDefaultShippingAddressActionGroup.xml,801c5f0bb48b3e7c735718e914d2d23eb66bc431a2bbb4f61583fa48e5aeb375,2282
Test/Mftf/ActionGroup/AdminAssertCustomerDefaultShippingAddressAgainstEntityActionGroup.xml,72bd95f03d76fd89da75f86daf91d8d58354d81fdf809a2bd7fef248de5109a3,1696
Test/Mftf/ActionGroup/AdminAssertCustomerGroupOnCustomerFormActionGroup.xml,785dcfc1cfff13c5c03a2cb1b67ecf42ded8f7f4fa9a30f02eff82b16055cb9f,876
Test/Mftf/ActionGroup/AdminAssertCustomerGroupOnProductFormActionGroup.xml,7c455f74e7e82b450fa1013b02ca2de31f60b675c94852e903a1a4279a9b8400,1348
Test/Mftf/ActionGroup/AdminAssertCustomerGroupPresentInGridActionGroup.xml,521d0d8df0b8be73a28f8401806676f6e00234d202465dd645021106bb61353d,703
Test/Mftf/ActionGroup/AdminAssertCustomerInCustomersGridActionGroup.xml,707d15b62bc77d7dea76c25b5c65967bbc5ab301ae9cc4e0fc1c0692e55caa53,903
Test/Mftf/ActionGroup/AdminAssertCustomerInCustomersNowOnlineGridActionGroup.xml,a7f9d54659334e7afef02c6f92787ef6918723a252374a8e28d2dbed7b8aa9e9,976
Test/Mftf/ActionGroup/AdminAssertCustomerIsSubscribedToNewslettersUncheckedActionGroup.xml,35380fb9d2e5e3a632a5f860282275701fa54a8e249fb0673ea094cb06f21bc5,936
Test/Mftf/ActionGroup/AdminAssertCustomerNoDefaultBillingAddressActionGroup.xml,a8af6d14135a47047203ddf64735b79a84f074330c56410e74e35da3d8221e77,949
Test/Mftf/ActionGroup/AdminAssertCustomerNoDefaultShippingAddressActionGroup.xml,a1eee85bc14173b3bd034b4f4a4a2e52d6a87c1f6568e31e30d3b2a8616cc6d3,962
Test/Mftf/ActionGroup/AdminAssertCustomerSubscribeNewsletterActionGroup/AdminAssertCustomerIsSubscribedToNewslettersActionGroup.xml,d54d6b6254e44f113539b4c09987902414ac7b491052b67015851f5b7ac2c79a,1031
Test/Mftf/ActionGroup/AdminAssertCustomerSubscribeNewsletterActionGroup/AdminAssertCustomerIsSubscribedToNewslettersAndSelectedStoreViewActionGroup.xml,91b17f2c6a7924594983ecc6972c1eddb4ce7ba07859b5cc65a8e44dc5411ca5,987
Test/Mftf/ActionGroup/AdminAssertDefaultBillingAddressToggleIsOnOnAddUpdateAddressPageActionGroup.xml,9e498029d50b12756702680d7de42dc7730929a3013baae56a74ad21657c21a6,950
Test/Mftf/ActionGroup/AdminAssertDefaultShippingAddressToggleIsOnOnAddUpdateAddressPageActionGroup.xml,8ae83df3dfaa6a3fb7362ed188aac38120fe1c4a7288a8d97a89d1b12af7253e,954
Test/Mftf/ActionGroup/AdminAssertDefaultValueDisableAutoGroupInCustomerFormActionGroup.xml,db12bee96a1b3022435fa59b54b132b4988e0f20ce7ba59fe0c2420a231f7953,1239
Test/Mftf/ActionGroup/AdminAssertErrorMessageCustomerGroupAlreadyExistsActionGroup.xml,f69b861191901df3049fb31286e7185ad554273843094ff58f88a795f05c794d,765
Test/Mftf/ActionGroup/AdminAssertNumberOfRecordsInCustomersAddressGridActionGroup.xml,53a80a8805676fb33571c7509dc60de27294e6b872bf95d02e0464de53079654,905
Test/Mftf/ActionGroup/AdminClearCustomersFiltersActionGroup.xml,2c45b8980cc9eafa907e6335ba962050a6db0f1f71213ed60a771a192dab21c1,909
Test/Mftf/ActionGroup/AdminClickAddNewAddressButtonActionGroup.xml,cd12e2ec4a6a7841fe8ca5d8befdb459b3996bedebf1ad4367c626481507e920,715
Test/Mftf/ActionGroup/AdminClickCreateOrderOnEditCustomerPageActionGroup.xml,2e8a1a1896741eb05ac00074d0618354766a3767f88ac5efe359e013cb093528,742
Test/Mftf/ActionGroup/AdminClickDefaultBillingAddressToggleOnAddUpdateAddressPageActionGroup.xml,0bdb81a11714286937a00f92771a0b946099ffaf70e080e7d3f93f2180cb0c64,771
Test/Mftf/ActionGroup/AdminClickDefaultShippingAddressToggleOnAddUpdateAddressPageActionGroup.xml,6885c7eb594b89fd9fda5d3135557a5ec41cfd12edd0817e5af705b8c164b2b8,775
Test/Mftf/ActionGroup/AdminClickEditLinkForDefaultBillingAddressActionGroup.xml,ad0a5c64d55b2ba1a31c4c6a9c091ae0284ce3baa078a92cf21a2ca756960a24,726
Test/Mftf/ActionGroup/AdminClickFirstRowEditLinkOnCustomerGridActionGroup.xml,30543ac484fbdffeb932d6d6d4d361c496e0c51a686d47d6e38c985d59030703,711
Test/Mftf/ActionGroup/AdminConfigCustomerActionGroup.xml,27fae848e49d697c151e28755ac385f2607b6a80c01b086eb78d2738f9efc82c,1294
Test/Mftf/ActionGroup/AdminCreateCustomerGroupActionGroup.xml,a2ae677cb8201691b5eb2936f78340ccebe7b707febd62eef5c3f681317e56c0,1545
Test/Mftf/ActionGroup/AdminCreateCustomerWithDefaultAddressWithoutPhoneActionGroup.xml,19d069f05366cd1dfb4ce66258dc3dc7ddd3606b632278de374e3197792561ee,3631
Test/Mftf/ActionGroup/AdminCreateCustomerWithWebSiteAndGroupActionGroup.xml,2966d16a900a59ce199d818bf56024d4714c482c010676a1cac9e87097cccc12,2420
Test/Mftf/ActionGroup/AdminCreateCustomerWithWebsiteAndStoreViewActionGroup.xml,562933a9c386c8b3313b70d971776e8495538859ee1182e5df4677b6225bf8a1,3958
Test/Mftf/ActionGroup/AdminCustomerDeleteWishlistItemActionGroup.xml,935f11ff7a2fff20df4ab589705f6a358ae9bc3f59dbcf17003bffcd692ec4c6,736
Test/Mftf/ActionGroup/AdminCustomerFindWishlistItemActionGroup.xml,fed8d3f5020d3d4bcb4fff1977414fda73391f9c92d48ea6eb1bada73052ec3e,814
Test/Mftf/ActionGroup/AdminCustomerGridActionGroup.xml,75eff4867e6418bf632f99f239e444b4ebf49229b859302114d2eb622edd4c47,1398
Test/Mftf/ActionGroup/AdminCustomerGridApplyInputFilterActionGroup.xml,a7a696b2024ef8d8c403866b9f40c8b0279bdfe78c90b5c80da22a0bc9400062,1307
Test/Mftf/ActionGroup/AdminCustomerSaveAndContinueActionGroup.xml,9920f33d90890c7a43297b7ef6b3ff442a5dbd298ac60ea4143a177c64525b3d,824
Test/Mftf/ActionGroup/AdminCustomerSelectWebsiteGroupStoreActionGroup.xml,55fc96b3b91e0407e759d8ff69a96ba916d219c79fdd89aa3fb45453677ba0bd,1735
Test/Mftf/ActionGroup/AdminCustomerShopingCartActionGroup.xml,eb88f1c85d72e4fc50cfbd03d669d5ecda22aeae8e2f787f12771db2b5f107a8,2062
Test/Mftf/ActionGroup/AdminCustomerShowCompanyActionGroup.xml,bcc71a3285fa39f6d031c665719084f771550e34b1486a14c9ea4b1dfb529c70,1413
Test/Mftf/ActionGroup/AdminCustomerShowDateOfBirthActionGroup.xml,d110fea57c4057c5bab12e0208eb058520c6fa4f9777984cdf3417fd960b57e9,1447
Test/Mftf/ActionGroup/AdminCustomerShowTelephoneActionGroup.xml,763c9607ff4a3119a764ace7abcd26c3ebc8c76a7986bee94c70b00e924ed0a5,1252
Test/Mftf/ActionGroup/AdminCustomerShowTelephoneUseDefaultActionGroup.xml,65e03509bc27c4678de8b645b5dfb61e25eaf0424daf370f5a777c22e56746b9,997
Test/Mftf/ActionGroup/AdminCustomerSubscribeNewsletterActionGroup/AdminSubscribeCustomerToNewslettersActionGroup.xml,1396e581911413b2841279529fc39114c22977d8a26a36bcdd76c4daf6911fc9,1222
Test/Mftf/ActionGroup/AdminCustomerSubscribeNewsletterActionGroup/AdminSubscribeCustomerToNewslettersAndSelectStoreViewActionGroup.xml,547677fa1fbc8e62aa637837f57a53d53663caebfde243bd5b9c2d7705484ea0,926
Test/Mftf/ActionGroup/AdminCustomerWishlistConfigureItemActionGroup.xml,78cf764634d756633c68a0b32427be4b6a88bd5f8ce5a706bfbcad2eae9eb0de,1472
Test/Mftf/ActionGroup/AdminDeleteAddressInCustomersAddressGridActionGroup.xml,64315c1af9a0c26dd0ebe26fef346c5f91340dc9b1f9420428b7a62c2b115055,1288
Test/Mftf/ActionGroup/AdminDeleteAllCustomerActionGroup.xml,c4cf4999385737fe7feb797714b881f89f82b2083350f3852a5cce2c382f9d96,1936
Test/Mftf/ActionGroup/AdminDeleteCustomerActionGroup.xml,22fec3149dedcd19239dfe2aad6e6c7e8da115d1a2ba426020a5a201529c25fb,2153
Test/Mftf/ActionGroup/AdminDeleteCustomerGroupActionGroup.xml,94f3f87cb3958f9dd4cdb67785df3d7d2f91db8bedebcd19e848863544bafcbb,2249
Test/Mftf/ActionGroup/AdminEditCustomerAddressNoZipNoStateActionGroup.xml,838651ce7d54fe08a211f23ce593fef42b2606c20295f23d49e827a77dbd85ec,1078
Test/Mftf/ActionGroup/AdminEditCustomerAddressSetDefaultShippingAndBillingActionGroup.xml,7342adb7c3b275cc8b89a93d93fb19dcf384bd0948e0bb51fd9fe496c0c9a125,956
Test/Mftf/ActionGroup/AdminEditCustomerAddressesFromActionGroup.xml,59ce7714315a233fd327d70d4a26b624466a180d7fcc116f8414808f5099db5f,2799
Test/Mftf/ActionGroup/AdminEditCustomerInformationFromActionGroup.xml,f3fe21d98918dde5137a7d9d17cac5d919a24a17ceb492346f741e9f2e192f53,1905
Test/Mftf/ActionGroup/AdminFillAndSaveCustomerAddressWithoutRegionActionGroup.xml,63eba0eeafcfc2172f415e18deadbf4044ad4911e0b82a2e36f4d2b51ed6381b,947
Test/Mftf/ActionGroup/AdminFillAndSaveCustomerlAddressInformationActionGroup.xml,6549371c04cd103ba055e4a412e9afea6226b0c15ccbf0ff9c95b444d12a94f0,2230
Test/Mftf/ActionGroup/AdminFillCustomerMainDataActionGroup.xml,1d86511ad7724c5dbed206b243e0397d2bdd25961876ccd337bc9176846d091b,1431
Test/Mftf/ActionGroup/AdminFilterCustomerAddressGridByPhoneNumberActionGroup.xml,4802a3cce4ac9d7e2bfc8d02a321eafe3567deb94a353cc5c5a40fbaa154cd06,1247
Test/Mftf/ActionGroup/AdminFilterCustomerByNameActionGroup.xml,c1db9fd82a1ad34f8f4362e633c32fdd3847f4006032708f5b7918e676e15a52,1217
Test/Mftf/ActionGroup/AdminFilterCustomerGridByEmailActionGroup.xml,31f57e68d6a9d40c8d7d8f94aadb03e7e84d478ac0cee3df02382f4bf1cc5869,1296
Test/Mftf/ActionGroup/AdminFilterCustomerGroupByNameActionGroup.xml,9c5531c2b5c349574badb05be1148298c9cb0d85c2d9c3128b86a452e8ba4bf2,1273
Test/Mftf/ActionGroup/AdminGridCustomerGroupEditByCodeActionGroup.xml,939bc6822323c930152356d9265dea554e52af7efceac917c01e9375ecfa8d7a,663
Test/Mftf/ActionGroup/AdminMarketingInviteeCustomerGroupActionGroup.xml,531ade7befa39437f5aac7e225a2f7c1250ea2a1fb4414ba6d189d2bcdc6fc73,714
Test/Mftf/ActionGroup/AdminNavigateCustomerEditPageAddressesTabActionGroup.xml,55050b731a48e1cd5517ab8c5c22d1195d783f0f0c4ac868d204f1e20d438128,882
Test/Mftf/ActionGroup/AdminNavigateCustomerWishlistTabActionGroup.xml,e2ea5ea342edaa182e58ca4f956ed7b7bd3559c3ea2b1731a6465fbc96e41de2,575
Test/Mftf/ActionGroup/AdminNavigateNewCustomerActionGroup.xml,8d5731b2915d31d709f7679567e69f0693f45e1cfb464ccc4171ae981319e13e,661
Test/Mftf/ActionGroup/AdminNavigateToCustomerConfigurationActionGroup.xml,6fb7c31b95e5f7870e7f5810b8a9387c1a9b77f4e6ab37875a3b271e93933ea9,698
Test/Mftf/ActionGroup/AdminNavigateToCustomerGroupPageActionGroup.xml,7f1afeaff137e7c5b7f56d25e9009eabdff70ad1433dc8d6cc88e791a2d8b3d3,686
Test/Mftf/ActionGroup/AdminNavigateToCustomerOnlinePageActionGroup.xml,ea9e598df0d43a68e365189feb95d265ff7f98ff0b33c1f22861a2f1349fe0fe,698
Test/Mftf/ActionGroup/AdminOpenAccountInformationTabFromCustomerEditPageActionGroup.xml,fc435350cdb99ae93ee093b82d8a149d76ebdb45a6fffad2e8dcf391ae70e976,907
Test/Mftf/ActionGroup/AdminOpenAddressesTabFromCustomerEditPageActionGroup.xml,e6256716f8443760d6e12c49432080d572a88d79de73a06a7cc170a42e3073ea,988
Test/Mftf/ActionGroup/AdminOpenCustomerEditPageActionGroup.xml,0e9efec32eb1c0c32d242cfb296f158e670718771b5d53072f833ead60427d7f,815
Test/Mftf/ActionGroup/AdminOpenCustomerGroupEditPageFromGridActionGroup.xml,020b7975e4657f1799caddeac83a29239f9c7e28db41449ce4dd338fa7b727b0,925
Test/Mftf/ActionGroup/AdminOpenCustomerGroupsGridPageActionGroup.xml,e5aff7245eae506c461a0c753e054bf6b0188495975be30f5367d94c87f5306c,603
Test/Mftf/ActionGroup/AdminOpenCustomersGridActionGroup.xml,0fa8efb72a8636070f8fc072cd06f20421063c60a83133871fdc8479e0fb2dcb,667
Test/Mftf/ActionGroup/AdminRemoveRegionFromCustomerAddressInformationActionGroup.xml,cc6ba8f2c5e6c6cc5b4c3f99ddd64109bbd7344e29d649df5b42c8edee0eb273,899
Test/Mftf/ActionGroup/AdminResetFilterInCustomerAddressGridActionGroup.xml,49bef4ea14fc64ebee9feb578f1bf3b7230ec9e83963da73a94c41d6027877d2,1282
Test/Mftf/ActionGroup/AdminResetFilterInCustomerGridActionGroup.xml,abe758e689f083a8376bb3ef2f9236d0b23e904228194d0583c0057c57b17b2b,1239
Test/Mftf/ActionGroup/AdminSaveCustomerAddressActionGroup.xml,1fc71b35f664a7ea10573551ec235d26adce670167d8f3880227b56d37100043,648
Test/Mftf/ActionGroup/AdminSaveCustomerAndAssertSuccessMessageActionGroup.xml,ac2198bdc4664eb8ed94ebd80f53b32742bde0d09bbbcae7e7e6f685a8b1c024,916
Test/Mftf/ActionGroup/AdminSelectAllCustomersActionGroup.xml,01226b7bf93399b935548a0ad80333ab3d26aa20af35d51a0e6058ab684f470c,655
Test/Mftf/ActionGroup/AdminSelectCustomerByEmailActionGroup.xml,a9f5c91eda65172ee9e2ab44d227c31630d69fd6ebfd776e2e731059136898fe,805
Test/Mftf/ActionGroup/AdminSetCustomerActiveViaGridActionGroup.xml,767ec0dda24afcfe9053ba79d288c6abec35396c120901aefb8756691ecde256,1519
Test/Mftf/ActionGroup/AdminSetCustomerInactiveViaGridActionGroup.xml,f5a3b1fff2d0262ba4f6161a5683c337ea3c90016f1c8b0cebae008ad083a890,881
Test/Mftf/ActionGroup/AdminUpdateCustomerGenderInCustomersGridActionGroup.xml,9e5ef1a746c93836118a617a20e3b82245a9d104ca9946ae38f21ba20e4f9c8d,1324
Test/Mftf/ActionGroup/AdminUpdateCustomerGroupActionGroup.xml,484a78d5e6f06a235155c757c71788797e5e93222a1519614ad1e1c532242ea3,2384
Test/Mftf/ActionGroup/AdminUpdateCustomerWebsiteInCustomerInformationPageActionGroup.xml,163db91c6b5066748786fd6745ac8611e41e06cca43fc82ae7ffdb2ba0477903,862
Test/Mftf/ActionGroup/AssertAdminCustomerAddressInAddressGridActionGroup.xml,52d43b8026b1b79a4812b124d163f896bf49d6f3e8449382a3fc7f9e4b111ff2,769
Test/Mftf/ActionGroup/AssertAdminCustomerDateOfBirthValidationMessageActionGroup.xml,0099f213932e2b32351982db33dd4f7e81823218119802e1ee570f91677864bb,1344
Test/Mftf/ActionGroup/AssertAdminCustomerGenderInCustomersGridActionGroup.xml,1b0601ea7ba51206ebe2b310e2e49b25a1220b67c3d263fbf113fc6601329bf0,972
Test/Mftf/ActionGroup/AssertAdminCustomerGenderOnCustomerFormActionGroup.xml,d12392c5a7b639682a43b7bb5318cf2ae492722af8b95db6a9e3a2922d98fa1a,1176
Test/Mftf/ActionGroup/AssertAdminCustomerNoItemsInWishlistActionGroup.xml,307afad7ca1614ce8bc60f0aaf638226471812c0bab7c638123ad68ba34d7452,543
Test/Mftf/ActionGroup/AssertAuthorizationPopUpPasswordAutoCompleteOffActionGroup.xml,875ebceb18a334710dd74934fe1eaa7fe2e2d2ac9da16fa92e62fa0190358034,1054
Test/Mftf/ActionGroup/AssertCustomerAccountPageTitleActionGroup.xml,b4852dbf990a6e748d1f1751d2c6d07d1a975b3a00c33839e56dd9b86d01ca59,827
Test/Mftf/ActionGroup/AssertCustomerEditFormPasswordFieldActionGroup.xml,aa1dba4f602f01c7b2e773217c770a04c1483945754b7aea7e510065841c5ecc,1598
Test/Mftf/ActionGroup/AssertCustomerGroupNotInGridActionGroup.xml,f0d55feccb0f94632b4b550cbd25f3b9671d7f130c872ce8f5897a38bc54474f,1436
Test/Mftf/ActionGroup/AssertCustomerGroupNotOnProductFormActionGroup.xml,36ebe8309156299e38a080e4880169f3d27d77b40d384802fda80d196a880da2,1600
Test/Mftf/ActionGroup/AssertCustomerGroupOnCustomerFormActionGroup.xml,12fb077118babdbd3c3a3d5691b703740ff20e3f5b8cad21e1ae233e02230139,1049
Test/Mftf/ActionGroup/AssertCustomerLoggedInActionGroup.xml,cdf16db6fbeec02cde4556ff9d717ff7514fd47227d1b642a5f227abdf990c79,900
Test/Mftf/ActionGroup/AssertCustomerResetPasswordActionGroup.xml,bb142333137f8803b0de7f954a2de1bb7a0da023a848b76914c826afdda097ae,1219
Test/Mftf/ActionGroup/AssertDeleteCustomerGroupButtonMissingActionGroup.xml,8673dfc4465744ad7a34a63b95feb3d392ea6a155e81f0bceaa8d696d559b4ef,535
Test/Mftf/ActionGroup/AssertLoginFormPasswordFieldActionGroup.xml,6002da0ab1591878ec79296431c76cc612b4a123ede22ea83a865c5e622c9a24,966
Test/Mftf/ActionGroup/AssertMessageCustomerChangeAccountInfoActionGroup.xml,77aecc8662abc3968048c5603f62b628e2d932c233b112c70d02931e3926a3ad,958
Test/Mftf/ActionGroup/AssertMessageCustomerCreateAccountActionGroup.xml,4cbf5ebbafbf6066f331ed5715de1f1769211f788f6957c8404e32a29dadde37,962
Test/Mftf/ActionGroup/AssertMessageCustomerCreateAccountPasswordComplexityActionGroup.xml,bb82aadee0f9806a74c74e9ca955f4ddb964c586f7f1e935acdf74db214c2856,829
Test/Mftf/ActionGroup/AssertMessageCustomerLoginActionGroup.xml,1d8bde8ecd660904b028bdd88119442a6ab3fc3ac5417be7ee0d4be5f74bdb5f,1011
Test/Mftf/ActionGroup/AssertRegistrationFormPasswordFieldActionGroup.xml,c4cc8ce34dcae42e375e7a26eabac73bc5049b8f85ca4708192ab948089e0c92,1283
Test/Mftf/ActionGroup/AssertSignedUpNewsletterActionGroup.xml,6084372db3ff40e2cf0dbdd8352a50ca19ca8a5852e4ec2392662ebef05c88c2,1543
Test/Mftf/ActionGroup/AssertStorefrontAccountPasswordFieldsNotAvailableActionGroup.xml,ad4265f8c69da49c16ca168e412546c304e9e65173834edc06440f34aedcbc0d,827
Test/Mftf/ActionGroup/AssertStorefrontCustomWelcomeMessageActionGroup.xml,a14399e0bcf699e78d570a7bfbc39dd96e9fa30e8d1bcc3d644a32d5982340b0,1011
Test/Mftf/ActionGroup/AssertStorefrontCustomerAccountInformationActionGroup.xml,a21f6f92ad00422ae700149dcbf022d7d988e9a25fe4910b75d34aa449e3748b,1110
Test/Mftf/ActionGroup/AssertStorefrontCustomerAccountLinkInUrlActionGroup.xml,4465e35229199d57e3e88ac87f6055c7ca0fd3779e77a087c92715eb9191a13d,540
Test/Mftf/ActionGroup/AssertStorefrontCustomerHasNoOtherAddressesActionGroup.xml,0c13c89fa908ad197340a692e0f2d5c954ff940b21522ab53491a30b81951f75,820
Test/Mftf/ActionGroup/AssertStorefrontCustomerLogoutSuccessPageActionGroup.xml,581ebb6e255f340f293c57bc3aee134613ab648ddfc7af4cdeec1b2829e37f44,676
Test/Mftf/ActionGroup/AssertStorefrontCustomerMessagesActionGroup.xml,8d5fd60ab6975c74dd765156e9b5725807b7fa71cc49df540892ce97ab860b79,760
Test/Mftf/ActionGroup/AssertStorefrontCustomerSavedCardActionGroup.xml,d0346bb9581b1fd48f5abd4dc4e3402e38b20910cfda54f33110a82c7ef0e9e7,849
Test/Mftf/ActionGroup/AssertStorefrontDefaultWelcomeMessageActionGroup.xml,ca8e7eef4f1e4a7ae594701f27f974c2c0b32eaffb191f2e35463108abf3e331,973
Test/Mftf/ActionGroup/AssertStorefrontPasswordAutocompleteOffActionGroup.xml,1c504f122668b6e0ebb5818ee917c67f5ada044bb1f9ad0666899825470ac301,1008
Test/Mftf/ActionGroup/CreateCustomerActionGroup.xml,9ba4ba197f0169c69c54280b539e3fa85a7a86f85a30c55c2a8b6cbbcf3ecf18,3745
Test/Mftf/ActionGroup/CreateCustomerOrderActionGroup.xml,3dbc418883dd1cd5adbc180d62d29ce6e6bd74b2e39c636c0544d25c5627a8ed,1265
Test/Mftf/ActionGroup/DeleteCustomerActionGroup.xml,5e6e2cb3da69925c7decbcce2286a076711ff53926e8780298707f3c005cb8a8,1755
Test/Mftf/ActionGroup/DeleteCustomerByEmailActionGroup.xml,a3233ced5ca37fb164a620ca495507ab1db0f5d714ef583ef52aebbacec83777,2056
Test/Mftf/ActionGroup/DeleteCustomerFromAdminActionGroup.xml,2a85ff7d36e30b3a3f73d01f614a8b68f9067f1fb5a7fd74c4aecc81aa352cce,1886
Test/Mftf/ActionGroup/EditCustomerAddressesFromAdminActionGroup.xml,733bacf05f0c4b427868b42d5e43eb7b8147df54b0e479ce69280654787185c6,2655
Test/Mftf/ActionGroup/EnterAddressDetailOfStoreFrontCustomerActionGroup.xml,41b55571687e33805947882dda9a9c6c1cc798471c7e5b77d91722d1e55b856b,2181
Test/Mftf/ActionGroup/EnterAddressDetailsActionGroup.xml,9cb4952fcfa19d2af7b193e35980b1f201909067d461073c50396867d3fe2cac,648
Test/Mftf/ActionGroup/EnterCustomerAddressInfoActionGroup.xml,e5e35e17344d75468644513b7a7ba4194dc077709ee5ec952ca9778acf445783,2324
Test/Mftf/ActionGroup/EnterCustomerAddressInfoFillStateActionGroup.xml,ab42d58b752b1868d2cb9ddf359e8c93d66f1f353d08ab3ab241b26a80149111,759
Test/Mftf/ActionGroup/FillCustomerSignInPopupFormActionGroup.xml,dc4a433cba32b5a3b42be28f2a6c12b0fbc7abf8f8fcd49fad50be984672feb4,1258
Test/Mftf/ActionGroup/FillNewCustomerAddressFieldsActionGroup.xml,32d93863297d589e70de2c88d6d24f8ccb9b0b3b776f0ea0d66455bd29bde758,907
Test/Mftf/ActionGroup/FillNewCustomerAddressRequiredFieldsActionGroup.xml,db843d3dcc83cfe5804f0be2724d33695709810e948cc815ec1e3916f643cd3b,1618
Test/Mftf/ActionGroup/LoginToStorefrontActionGroup.xml,0bbd63860b8b2264b5b89ae4b6cf48daeb0d3390f367498cf2710d8b32770991,1390
Test/Mftf/ActionGroup/LoginToStorefrontWithEmailAndPasswordActionGroup.xml,e555f7936c9dbdc5b91affedca66f8a848d37dcb1cbc2714235ca6a3def9e875,1251
Test/Mftf/ActionGroup/NavigateCustomerActionGroup.xml,c223dc612b01130f36e914d97fe785f1dc9d419c6b34baee1e572df3a0d6550e,722
Test/Mftf/ActionGroup/NavigateThroughCustomerTabsActionGroup.xml,c073a438f9ae5d8430c3a0564806690d5c62fc5a5be8b27b79f0fd3228645970,858
Test/Mftf/ActionGroup/OpenEditCustomerAddressFromAdminActionGroup.xml,2fc97f599e5bc5a25f48b88d97e160c83bc295534ed04ba8ece21a9477ed6c69,2055
Test/Mftf/ActionGroup/OpenEditCustomerFromAdminActionGroup.xml,e139f528d2118af3ab3e9889e593f6676195989a10332daa36e0cf04ad66a492,1529
Test/Mftf/ActionGroup/OpenMyAccountPageActionGroup.xml,b4fed6a43f37422d5383af62883f73c1827b9f2bd3ce11303fbe677b30738740,855
Test/Mftf/ActionGroup/OpenStorefrontStoredPaymentMethodsPageActionGroup.xml,f664a37bbc57142824d6587bd03545528fd97f17708a4ca75ecdf13601dfa576,637
Test/Mftf/ActionGroup/SaveRegistrationFormActionGroup.xml,b1c26f65bb31b3451b72b665499dc579d205d0e8e1678886384654b4eef16902,601
Test/Mftf/ActionGroup/SelectDropdownCustomerAddressAttributeValueActionGroup.xml,fc3c115d2ae395c58f4d868a8fd3bdd59aafd988a9a9db9be6f81a1b9753eb21,1260
Test/Mftf/ActionGroup/SetGroupCustomerActionGroup.xml,1fa77776974e748fe6fcbb5761bdd0a17184b3c9f2756da32b418bc2be31ba98,1282
Test/Mftf/ActionGroup/SignUpNewCustomerStorefrontActionGroup.xml,4d40a176fa25ccac61e014cb4aa7fcbf56714743f3951a845d9119c18006dce7,834
Test/Mftf/ActionGroup/SignUpNewUserFromStorefrontActionGroup.xml,e74843d91dc2bc2624a7edca124706d7582d533267288d12f82248008dd08fa8,2660
Test/Mftf/ActionGroup/StoreFrontClickEditDefaultShippingAddressActionGroup.xml,573596f4c8fa7bf30890e92210696fea75c45037a34387990968ba31811aa96b,763
Test/Mftf/ActionGroup/StorefrontAddCustomerDefaultAddressActionGroup.xml,bb73b8d5d575aaf376a9c96f4f37f79106d90a46dadeb2cd2e881d60bc9d56f3,2752
Test/Mftf/ActionGroup/StorefrontAddNewCustomerAddressActionGroup.xml,2223d7df9b63252ef0081380b2d95e8b9f463f3c785c60101aad985b666984cc,2215
Test/Mftf/ActionGroup/StorefrontAssertCustomerAddressItemsActionGroup.xml,4b23a6cbac569270eea8014892f9d99d155ec30ff8ecc9ba43dccbf9cc9e8b10,1896
Test/Mftf/ActionGroup/StorefrontAssertCustomerSidebarItemIsNotPresentActionGroup.xml,f8dae2f72ab2b28897c618bf1bbeef646b76c4dc47b032235ed5d29247adb5ec,667
Test/Mftf/ActionGroup/StorefrontAssertCustomerSidebarItemIsPresentActionGroup.xml,6b47ca5f2046e99c58937e27691d4160e03fefe1c11094a6a5c630629f1d11a4,656
Test/Mftf/ActionGroup/StorefrontAssertOnCustomerLoginPageActionGroup.xml,73a7ad92a911dd0f5a3dcfdee665b59bb550b87cb7d053602a12d4a549e765f7,651
Test/Mftf/ActionGroup/StorefrontAssertRegistrationPageFieldsActionGroup.xml,d137c4fcfa124a14bce20fedc14b765c8407ce50af71b4fc79d1f32199f982e0,1101
Test/Mftf/ActionGroup/StorefrontAssertSuccessLoginToStorefrontActionGroup.xml,c8ad986f172a49e39ac5ab0511526f9a5ef5434ab58e6a97d3b65753ba769a1d,915
Test/Mftf/ActionGroup/StorefrontClickCreateAnAccountCustomerAccountCreationFormActionGroup.xml,30ab33a0929f5f722dc59271332d1df9c0cc6a1a49951b139e63b30cc8c41ff0,837
Test/Mftf/ActionGroup/StorefrontClickPrintOrderLinkOnViewOrderPageActionGroup.xml,a8e4cf250b4b384729a7e6766bb996c981e56f60f271bb5d64a3a40aa515f1c1,767
Test/Mftf/ActionGroup/StorefrontClickSignInButtonActionGroup.xml,e2ec25ea3f64474abd2bd32380518e3e020821a4a35a3c2109809a10bd1ef75b,719
Test/Mftf/ActionGroup/StorefrontClickSignOnCustomerLoginFormActionGroup.xml,eebf68ebea78cfe194fe11a9a4a23b6076e76144ec28855d11b1d86161f01410,771
Test/Mftf/ActionGroup/StorefrontClickViewOrderLinkOnMyOrdersPageActionGroup.xml,1a6c316f73dbe377523ccee38e1fd99d754a2f9f27cae883ac0389138bb86ff1,742
Test/Mftf/ActionGroup/StorefrontCreateCustomerSaveActionGroup.xml,71919a9e8fe7f0d2437053751fb161eb49aa65643e6d2c247e3a7f796f188f30,798
Test/Mftf/ActionGroup/StorefrontCreateCustomerSignedUpNewsletterActionGroup.xml,d8e3d91106e47c92202a7ea6dd217a5116de63232522356f3af583322b4d09e7,2105
Test/Mftf/ActionGroup/StorefrontCustomStoreCustomerLogoutActionGroup.xml,a48990914663b8a3fadd0fb3aa178108b47c2bc8dbdc403911243db34d9de4cb,905
Test/Mftf/ActionGroup/StorefrontCustomStoreLoginActionGroup.xml,84531ed6c1452df7bcdd43fb52b5b8ca2b89f7302a2d70cef3412f08d7d40333,923
Test/Mftf/ActionGroup/StorefrontCustomStoreNavigateToCustomerOrdersHistoryPageActionGroup.xml,c6aed34f5b92d87502d0ed623f61f9433b8ad2b3fa1a3b1ef866048e4f934566,961
Test/Mftf/ActionGroup/StorefrontCustomerActionGroup.xml,08e546ddd907a0b8b41eae63a6498dbd63a2904a4a1d4fef0cde256691fd753d,908
Test/Mftf/ActionGroup/StorefrontCustomerAddressBookContainsActionGroup.xml,9476f179733cb0c771a8c891f28cfbb027dbab4e63048356dda177b5089dd60b,828
Test/Mftf/ActionGroup/StorefrontCustomerAddressBookNotContainsActionGroup.xml,61d68ac05a4298d65ea9640bd84c84dd221c2a7567b558eefaa52df174a17f64,858
Test/Mftf/ActionGroup/StorefrontCustomerAddressBookNumberOfAddressesActionGroup.xml,cd1f818bb59d2ed7902b86831daa000707ebab13ffc534b99fc97fb57567131a,891
Test/Mftf/ActionGroup/StorefrontCustomerAddressFormCheckDefaultShippingActionGroup.xml,a5c10c3a1b37805f5e4e69aa729e2ac654e24bcd878cbd7037443604ededfd28,723
Test/Mftf/ActionGroup/StorefrontCustomerChangeAccountInformationActionGroup.xml,a30d74c52ae7ee446392a667caf61d104a1d4932084aa9b13142dbe0280c40d5,1498
Test/Mftf/ActionGroup/StorefrontCustomerChangeEmailActionGroup.xml,0c553b99a274d9fdfa0f45d066fdb7ef8ed4db681e598c4774c5528bc124daa8,1637
Test/Mftf/ActionGroup/StorefrontCustomerChangePasswordActionGroup.xml,ad97e00b7fcc7e447c35fd376ecb95999de4c80413d45db9ed22d3847f81b03a,1268
Test/Mftf/ActionGroup/StorefrontCustomerCreateAccountWithDateOfBirthActionGroup.xml,a0f83eba5a4b4dd5dc4feb85fbda21213c09fa6db41e8c8fde7f56acea28c2c9,913
Test/Mftf/ActionGroup/StorefrontCustomerEditFormClickShowPasswordActionGroup.xml,1a66ea2aa3184107c5869d18a8abca912e95910cd80aa99d02d5070de4283a88,721
Test/Mftf/ActionGroup/StorefrontCustomerElementNotVisibleActionGroup.xml,fc148fbb6fa0969a14d36059a352d2015d484f4f149213bd93701369cafb7e8a,545
Test/Mftf/ActionGroup/StorefrontCustomerGoToSidebarMenuActionGroup.xml,f8938b73e83f882068c68236fa9cdf409192cc46ebfd133de0559e2f825f2efb,879
Test/Mftf/ActionGroup/StorefrontCustomerLogoutActionGroup.xml,bcc08bc341c326439260e04406711a140c7bbb5615fce50c715b856359954fe8,684
Test/Mftf/ActionGroup/StorefrontCustomerNavigateToNewsletterPageActionGroup.xml,0be1113a3fd604c86346ddecebb809fcdb59ab4615b0b0198132feab6a598a8c,584
Test/Mftf/ActionGroup/StorefrontCustomerResetPasswordActionGroup.xml,e669423e94a0ac07dfcd422f0f3839bc611c56b579c61353218f80aa93e1b026,1419
Test/Mftf/ActionGroup/StorefrontCustomerSaveActionGroup.xml,e2ae9e930180d7c787ca14ada125f1b3cf3364eb56b6130efc3b91e1ffa0c000,1114
Test/Mftf/ActionGroup/StorefrontCustomerUpdateGeneralSubscriptionActionGroup.xml,b8308fcb09507fe99e352ddcb6ef5731ec60ccbf6e30ca67283454eda207edbf,666
Test/Mftf/ActionGroup/StorefrontDeleteStoredPaymentMethodActionGroup.xml,4859b0ff7698a4ea6b5b8184aef86dcc183b25bf60a3c0456b40b1337cde118b,1460
Test/Mftf/ActionGroup/StorefrontEditCustomerPasswordActionGroup.xml,c4fab9dd3a0caa0d549eec5dec515d42ab12a1b293097ab05afe696a67db1de9,1335
Test/Mftf/ActionGroup/StorefrontFakeBrokenSessionActionGroup.xml,d89109baaaccfa8987e93deb29fa8e0d113d4c3479ce4bfa0f40610acca69721,554
Test/Mftf/ActionGroup/StorefrontFillBillingAddressActionGroup.xml,15e841813b20ae70fe227bd8cd4461e71fddab3f1a76ea160a76cd732deb575b,1510
Test/Mftf/ActionGroup/StorefrontFillChangePasswordFormActionGroup.xml,7c4404b53738246d249c352547d612a6d254e519cd3b10e1b3f41059f33f6467,1168
Test/Mftf/ActionGroup/StorefrontFillCustomerAccountCreationFormActionGroup.xml,9471cb900659d5408c4d8599ec84183201a8f80c755c6f185ace66237fdee205,1418
Test/Mftf/ActionGroup/StorefrontFillCustomerAddressFormActionGroup.xml,b0fa2f93be7d761cf0ce4dd1bee3dc59aa63f5a66103de0350e8b6a9b7345843,1885
Test/Mftf/ActionGroup/StorefrontFillCustomerAddressWithAttributeActionGroup.xml,597ad4542fe9da59e22f04ea21533d449c9aa0279fa8c8ba743b07cb6fac7c62,2264
Test/Mftf/ActionGroup/StorefrontFillCustomerCreateAnAccountActionGroup.xml,048f43c3b5b8a43ffc9203e7090c4a8b4015b929a5c88232d14a3f48b901f5f1,748
Test/Mftf/ActionGroup/StorefrontFillCustomerLoginFormActionGroup.xml,c91a704999e7b2754b47c32a3561a6f1adc8d415d7871536e8c88f9851d18c7e,964
Test/Mftf/ActionGroup/StorefrontFillCustomerLoginFormWithWrongPasswordActionGroup.xml,843c61c133afa78baa3bcc40f2c0ef4dfc82f8c5c359cb7ac594a40ce0c17e1e,888
Test/Mftf/ActionGroup/StorefrontFillRegistrationFormActionGroup.xml,2c3c556cf1035249340dbabebc3868e58b45751a183a9096bc03a61dd0217754,666
Test/Mftf/ActionGroup/StorefrontGoToCustomerAddressesPageActionGroup.xml,a435db16bca6b5ece19be15588e286911ec48bb9f51a17ebbc5310f88f0a591e,644
Test/Mftf/ActionGroup/StorefrontGoToCustomerOrderDetailsPageActionGroup.xml,0cfb8a498c2d0e3d4cac7a0f27dd9ff645e1034852d536c4685a65296cbc8670,986
Test/Mftf/ActionGroup/StorefrontLoginAsCustomerUsingHeaderSignInLinkActionGroup.xml,3c15e109b2dac03c8dabcdabbafb1e8403f605ad0e3a249531a6a220c88d13a4,1450
Test/Mftf/ActionGroup/StorefrontLoginFormClickShowPasswordActionGroup.xml,3b079cf0777fe5ba1ee17b12a5630e4e1bf87e0ce86f71cbd04f6072ef6b1a0c,683
Test/Mftf/ActionGroup/StorefrontNavigateToAccountInformationChangeActionGroup.xml,c0a13a6b6f0d497dc47037716153d263a84870a717d3886ad6f191710fad94b6,887
Test/Mftf/ActionGroup/StorefrontNavigateToCustomerOrdersHistoryPageActionGroup.xml,dabc5f4183ea78f7fba803807dba4aae1199b4ea3039ccca0cd0ceb669be44d5,584
Test/Mftf/ActionGroup/StorefrontNavigateToMyProductReviewsPageActionGroup.xml,2b95fa89a12e0ef0b397ac9a8019b8897c32cd80dd833707b5ac3512b34e08b2,586
Test/Mftf/ActionGroup/StorefrontOpenCustomerAccountCreatePageActionGroup.xml,cc50d748da6e1262fa928c95820f50a7943edcf9265d872c4ce84f36df3d4265,714
Test/Mftf/ActionGroup/StorefrontOpenCustomerAccountCreatePageUsingStoreCodeInUrlActionGroup.xml,69e8bc0202de6c261118a67a974239a44c5bba121486f5fa049c6d0e7fb327ae,883
Test/Mftf/ActionGroup/StorefrontOpenCustomerAccountInfoEditPageActionGroup.xml,5332b87539eff1df9d51e813d0ec48cde4c65fd78c0fdd8a7409436bf955074d,709
Test/Mftf/ActionGroup/StorefrontOpenCustomerChangePasswordPageActionGroup.xml,c1f5b7ae1d962cb7aad090d777f36d2453019d0e1efe5df0c2d86a21f7093a57,747
Test/Mftf/ActionGroup/StorefrontOpenCustomerLoginPageActionGroup.xml,a38f1546f1b0a91ca6c5f67e76c92a04ffc76bf4d3379a7bfd39af7f0d5039a3,700
Test/Mftf/ActionGroup/StorefrontOpenMyAccountPageActionGroup.xml,4ae3258fe6213e21548f6f6b1c6ccc916eb4f140b430673aed4ebadfd7e1ce46,561
Test/Mftf/ActionGroup/StorefrontOpenNewCustomerAddressFormActionGroup.xml,3571c17f13ae1ddfe99691e929a3b2001aa94b1dd869e2e2a9e6ca7efa2863a0,703
Test/Mftf/ActionGroup/StorefrontOpenOrderShipmentsTabByOrderIdActionGroup.xml,066a7e37469965130a258ae7550c047908192a02c7a718f6e8bc21415983f0c6,835
Test/Mftf/ActionGroup/StorefrontOpenOrderViewPageActionGroup.xml,2f62e82021f299e700e33cc906d72d10a63f7c805aad55b1dcf1f252a41e712d,782
Test/Mftf/ActionGroup/StorefrontRegisterCustomerFromOrderSuccessPageActionGroup.xml,37996c20e8df31bdc3ac12b9c902a28a428e8403d3972c983e43197f0a9b903f,1458
Test/Mftf/ActionGroup/StorefrontRegistrationFormClickShowPasswordActionGroup.xml,a49f571f3f3c633b2ae01cd671788a9b854bbdd571a10de6d89afc9eb774980a,697
Test/Mftf/ActionGroup/StorefrontRemoveRegionFromCustomerAddressFormActionGroup.xml,2a2b1f5f3b281200da2ef4e585831b196dedec51bc0aa1c17ec30d15fee87b71,732
Test/Mftf/ActionGroup/StorefrontSaveCustomerAddressActionGroup.xml,921891bac398f157ac5b3fe5bc3faab685a06060c6edabff14d95f99f2469ae3,934
Test/Mftf/ActionGroup/StorefrontSignOutActionGroup.xml,b81ddd6ad2395f6dc394295954c230dff8fc53e0cb00730b5bf64a2733776b36,963
Test/Mftf/ActionGroup/StorefrontVerifyCustomerAccountInformationActionGroup.xml,911fc218b506fef135cd3c70afd1b8377a319b2560c5bf4e297b004e51697519,1231
Test/Mftf/ActionGroup/StorefrontVerifyCustomerDefaultCookieExpiryDateActionGroup.xml,66ce96bf1105409006e0e233fa6a950d2609f8bfd04477827c942047de7eb72d,2786
Test/Mftf/ActionGroup/StorefrontVerifyCustomerOrderDataActionGroup.xml,c89d2d65e7d67d99204104ceb460a3b7839f2ecbb8b4c7d8106adbb68a6d29dc,1680
Test/Mftf/ActionGroup/StorefrontVerifyCustomerOrderProductRowDataActionGroup.xml,5e12af83364efb35b83dad4c973a10425c3b9eb8c6c169f1324e8fe3e71494bb,1713
Test/Mftf/ActionGroup/SwitchAccountActionGroup.xml,269c026dbe14bae4f798161d02ffde98ccc264f02cdae935f616bcef71fc842e,1021
Test/Mftf/ActionGroup/VerifyCustomerBillingAddressActionGroup.xml,8bde5b15ef191c88826ce3b68c65ef4f796632325915b71671023965dad2accc,2253
Test/Mftf/ActionGroup/VerifyCustomerBillingAddressWithStateActionGroup.xml,948dbb0c6f9b4d544ce33728c5bc8a5f5fb792b6261349282b9fb84231b12bee,2250
Test/Mftf/ActionGroup/VerifyCustomerNameOnFrontendActionGroup.xml,71a738bce9a428ab288790c26c58526de88182e3c66e57c511b129ec67d41200,1436
Test/Mftf/ActionGroup/VerifyCustomerShippingAddressActionGroup.xml,3d6625479b281fd8c87b562b177e704af2f5db12e24f283df8a2302db58f739d,2216
Test/Mftf/ActionGroup/VerifyCustomerShippingAddressWithStateActionGroup.xml,7a7a417ba2364745f0449d17cf0bd4b4246da7872504f34b8edd2852cb99e30b,2267
Test/Mftf/ActionGroup/VerifyGroupCustomerActionGroup.xml,b767b27f55b25dfdb4d4de58fd298142b72d682898e39f96d30ae874a3a91034,1026
Test/Mftf/Data/AddressData.xml,348e42a265273e9743fb6cc3736111b864ca688172f68632057072ed3544e69f,21546
Test/Mftf/Data/AdminAddressTemplateData.xml,39eaa70224dd9c0f248ab013a9a2cf660a624896950c188b856726122a1a0efd,622
Test/Mftf/Data/AdminCustomerConfigData.xml,e5552ce54e3246749a0f2123249050bad8a91ed98455301ed5c3842c2a0196cb,1090
Test/Mftf/Data/AdminGeneralStoreInfomationConfigData.xml,487e889be281a4600ff27c47dfe468be5a2b68b64b02e2e17008b1a363220487,518
Test/Mftf/Data/AdminMenuData.xml,676dbd0d1e9c7aa2e19d8d7348bb78cb44a51ddd89eb9fd53dfea4b5f0180ab0,1231
Test/Mftf/Data/CustomerConfigData.xml,bc5809531ec1d4f904394517ac011d9053c289ed85772d5ea7792770f465bc79,2856
Test/Mftf/Data/CustomerConfigurationData.xml,558612791790c11b67f8dd92a7444bfb13d0a7894f85161b58bcbe9d1a37ffd1,1980
Test/Mftf/Data/CustomerData.xml,a58de2f47b94fdc9312ea401671dc09c8f7f1ec501106e4542f27c64328d5ea6,24690
Test/Mftf/Data/CustomerGroupData.xml,d4563991acffdc810cbe6f2dffab17238e284b6662a9f52ff3299edbd9351c7a,1420
Test/Mftf/Data/DateData.xml,74a3a7f2dbf2f61ba278a0705ff864849e1e0d7a5d6943969551499b23e6155c,922
Test/Mftf/Data/ExtensionAttributeSimpleData.xml,7e741df0ba3328aa8d20a29de96bb61b6b53c1aa06f1ac1ca989cbf51bcb279a,458
Test/Mftf/Data/GenderData.xml,f52c5c9933843fa836f2b84d2ecda446c7e76b9cd0d585bea29f8e1cd3d9c473,544
Test/Mftf/Data/ImageData.xml,6e02801131972fb71f3210537f1af1b07e15ff71b363caeb716b430ea27d14fb,511
Test/Mftf/Data/NewCustomerData.xml,4c509542e9280623e23dd8dd5a672b8a024adecd44d492afe87830f13dfa5bf4,1542
Test/Mftf/Data/RegionData.xml,b0a98e2c2a33679add325d11c8daca48d1cd7b517e2482ad4db874a567ed6c04,1499
Test/Mftf/Helper/CustomerApiHelper.php,ed8fb9b7f3b1f5b55dd46f3643be02308a1d4b03ba8c12cac583070506fe31db,9392
Test/Mftf/LICENSE.txt,4c8537fd5431aafcb0ab22c49cba68febb59dd3595210f6c6c3b9212de0a7b49,10364
Test/Mftf/LICENSE_AFL.txt,49d9aa4c0615ff95305681c358fa1575f54ed3a512b016f61c71d6784860dd8d,10376
Test/Mftf/Metadata/AddressMeta.xml,b3bcb98deb917427cf35e17cb431faf88fef5ee185c07d5b9c1dac2441eb11e7,2510
Test/Mftf/Metadata/CustomerConfigAccountSharingMeta.xml,2b4a83dc1a5175e6e98fb459916aae012650df40eb598ba92ac751db8ebab6c8,1804
Test/Mftf/Metadata/CustomerCreateNewAccountMeta.xml,a01173aeacade8158c214e14e4d38a8a98dba66e6e5201f91834d4ad2dc0e5c8,1401
Test/Mftf/Metadata/CustomerExtensionAttributeMeta.xml,7816dbc31a5900c4a588dbb1f3db60cc66e50b6ab3a0312654e6310655fd0d4f,964
Test/Mftf/Metadata/CustomerGroupMeta.xml,061dc02bcf2752889533991a4b76980e19fa525bb42b750673414f35a6ba2e13,974
Test/Mftf/Metadata/CustomerMeta.xml,b828b47a27eb5c4b73462d3459b6b09e486ad49979f7fd842e1f05ed95b7067a,2141
Test/Mftf/Metadata/CustomerNestedExtensionAttributeMeta.xml,32196ae1a5b3135ac6490e6e3ccef0c86fc6ce84fe062e48bd2833104996f012,852
Test/Mftf/Metadata/RegionMeta.xml,5fa2bee51650446a05d723b36b24c47b4090aa9920b1bb42534c2c2845d688e9,917
Test/Mftf/Page/AdminCustomerConfigPage.xml,9bd4af5a3142e149fe0ae9e991ddc3e6749c3aa5d40d78a7b2d5bd5213503709,590
Test/Mftf/Page/AdminCustomerGroupPage.xml,5eaaf7e88c5c00a0f23a87a91e604ec165bc8f91fba73d15740d84664b65e429,475
Test/Mftf/Page/AdminCustomerGroupsIndexPage.xml,2e710006a9013ce200a7949f3f91948e2e4e1b80c8a2de26541b451e3c7d26d1,487
Test/Mftf/Page/AdminCustomerPage.xml,435020f14b31685107953716fbdfdd1762a9e0b635012a7ef43b74b1dccad5ee,699
Test/Mftf/Page/AdminCustomersNowOnlinePage.xml,8315783aed238b26be220f26bc470f6cff510859b65dfffabeba5cc48b8b0902,486
Test/Mftf/Page/AdminEditCustomerGroupPage.xml,8b81c43c05a7f11af4af1601bfd282e91ae5f15f8c735e25a0e92e0f760d728e,495
Test/Mftf/Page/AdminEditCustomerPage.xml,1dbc808268fb2f5b050c0eb95a4337340d4027947868d2d1e612435730b73ed9,931
Test/Mftf/Page/AdminNewCustomerGroupPage.xml,c98c6c6d8af121ad9b629681e5fdd1e7e78f65e32affd42c7e7f098f6e74f52e,481
Test/Mftf/Page/AdminNewCustomerPage.xml,83337aad3d2f06ff2faf7ee94b14caad4ad348d0b414a7a2de2f2ecf1d7e7647,543
Test/Mftf/Page/StorefrontCustomStoreCustomerLogoutPage.xml,c446dff8e988ba8121c5a9ce0db797dacb4b1ad57af3ddae56112bb4f9c7a68e,472
Test/Mftf/Page/StorefrontCustomStoreCustomerSignInPage.xml,c7cf85160bb5ade459a29fd7f9e1011039acd9d85793272039f90b45578f3ffa,612
Test/Mftf/Page/StorefrontCustomerAccountChangePasswordPage.xml,532fd7847a0bd34b4a37c130bdb8b2679291b48ac4ab510d37fc9f5f1d4b5e6e,535
Test/Mftf/Page/StorefrontCustomerAddressesPage.xml,eb8e5ec48d1277a8a4927f377b140273f7c41659688d0098132903484aa5446d,496
Test/Mftf/Page/StorefrontCustomerCreatePage.xml,12bdf8e8839e6377eb9c6f0f1f858e0f5157eaa4dfd631a2cb299c3d8fef0b83,571
Test/Mftf/Page/StorefrontCustomerDashboardPage.xml,7951c5d8df97081f1aa25c45a964e43e1c50791b189dffa3d9e33cf54935c61e,748
Test/Mftf/Page/StorefrontCustomerEditPage.xml,0688252f5f8c11812292141dcdaae1e81c2bc5b6ff71631fc3ff68eeb31ed14f,503
Test/Mftf/Page/StorefrontCustomerLogoutPage.xml,777ee5da2c99eb56faa740d26de0ecbad1d057d3ccc8326a5037cd18d7ef36db,425
Test/Mftf/Page/StorefrontCustomerLogoutSuccessPage.xml,939cd39ceea9a26a409e8b387c84e3f96a654430a6515896a1a5604bb382944a,439
Test/Mftf/Page/StorefrontCustomerNewsletterManagePage.xml,0e9c151b2a8e219bff8dc1286e4eea51abf606f64b28431b51ed4af8d3535b1f,504
Test/Mftf/Page/StorefrontCustomerOrderPage.xml,1d44d3aa35b56d79d3e5d18c805b782193e0638b15cee5da9bd90da9e220d1be,498
Test/Mftf/Page/StorefrontCustomerOrderShipmentPage.xml,84abb111cbb12c8290f45431d8aec795dc3f6a850db21744f6f0e39b2573f3a1,536
Test/Mftf/Page/StorefrontCustomerOrderViewPage.xml,fb4bdbf726995bb32737f5c982cee5d89ddd91fd4fa542fca346e45a1dad345b,529
Test/Mftf/Page/StorefrontCustomerProductReviewsPage.xml,49f63a6caf1303602b0d10938dd97b477c1d4c633ab29f95ac2fbe49572e25c5,437
Test/Mftf/Page/StorefrontCustomerSignInPage.xml,1d182771beee79a6c334441977184538bbd2d841f02536c7be9b169e26ecd08b,629
Test/Mftf/Page/StorefrontCustomerStoredPaymentMethodsPage.xml,8ae6b2ab45db0ef585c49b708577546b07a5afa09b8ca99bf9459a56c0ff81d3,523
Test/Mftf/Page/StorefrontForgotPasswordPage.xml,2d308c470be0ee4db161fc3896fb32d14456bb63e666d4b3dc0fbacf83714628,506
Test/Mftf/Page/StorefrontHomePage.xml,c22923d738aadef995863a2cb29bd52d3d78422fa6e4004ae4cee6b2c0de395e,454
Test/Mftf/README.md,4d4296e1d2758fe0a09b5cc9272afc474e8d9687ac5e442d13b743d85cd497f2,89
Test/Mftf/Section/AdminCreateUserSection.xml,30586433a52dea0ec88bf130c4b14f6601c0db2876e3f5a01c2420aefd9bbc8a,1671
Test/Mftf/Section/AdminCustomerAccountInformationSection.xml,308263e480d92ecf3d7d05a11177b489943e41efa8263e86c733bf0cf033f3b6,4500
Test/Mftf/Section/AdminCustomerActivitiesComparisonListSection.xml,e6513bff6a4ab7da445acf73cddc8e49a769277d4d3e906308c41f47e108ce31,811
Test/Mftf/Section/AdminCustomerActivitiesConfigureSection.xml,5ef8dbfdffe0b21214c474a33e7ce3eb8a5d067404a93d7d7b9dee397db04ba7,863
Test/Mftf/Section/AdminCustomerActivitiesLastOrderedSection.xml,625f6d020ebd173c34f0ff1d8a78c38662f16ff785ce17b98b500cb68936e189,587
Test/Mftf/Section/AdminCustomerActivitiesRecentlyViewedSection.xml,2ebf3c4c3116a473a838344da5e622a5599e7a456afb71fcd9fa2dbb2eb6ce7f,772
Test/Mftf/Section/AdminCustomerActivitiesShoppingCartSection.xml,50419ae90e327dbb956db1df927a3b12bc7d16b603514f0d3c78c13337a640fa,742
Test/Mftf/Section/AdminCustomerAddressFiltersSection.xml,f7d9f16a1f8491d962850d2c70b31c111b01dcf5d9918b105cd33d816a2c78d8,1885
Test/Mftf/Section/AdminCustomerAddressGridSection.xml,38e81afc35d5f288e28e37071bf6cd2c3397b8e690db7031d34d35fadfa86844,732
Test/Mftf/Section/AdminCustomerAddressesDefaultBillingSection.xml,4797dfb9ea4c26d8c1aed83a88d932740ae6fe2d5f20bab0d22819b8bf6d1ba8,779
Test/Mftf/Section/AdminCustomerAddressesDefaultShippingSection.xml,8e4b34933c8e02fa97d188d420089d8188e74ec5ea1a32d7414c29dbecda264d,783
Test/Mftf/Section/AdminCustomerAddressesGridActionsSection.xml,2af284142a1af8ee02d68c18dd347db4308afcd55b0b1c1361345dfc1531b024,1424
Test/Mftf/Section/AdminCustomerAddressesGridSection.xml,8238812513d509212572ff432ae93bf40f57b2d7e03b6d0a97bcff286dcf5fc2,2457
Test/Mftf/Section/AdminCustomerAddressesSection.xml,6ea27b797c0e37587a6183ece21033dc64ba0b42f02547223fdb3b389e1f2144,3903
Test/Mftf/Section/AdminCustomerCartSection.xml,f17590876472953cd5f6d36c6fba6876ce4d010c6df047bd5e787da430385cd4,541
Test/Mftf/Section/AdminCustomerConfigSection.xml,87a9c0bb79341f800e43d9f1bd29b708142fd3ea53d5ea077edec3ab5720e4e3,1432
Test/Mftf/Section/AdminCustomerCreateNewOrderSection.xml,7f28df5621d507b149475683a793951cacadde1acf2255c65442ee4fd5cd7507,1253
Test/Mftf/Section/AdminCustomerFiltersSection.xml,4827621afed2ce77c33dcb20eec5dd8628f527310a124552292d3e1ed9a78625,1849
Test/Mftf/Section/AdminCustomerGridInlineEditorSection.xml,c1666204b4f25c09b18290bf8b9e4e5db1020841f4d2cbd67bb2a269e541d34f,663
Test/Mftf/Section/AdminCustomerGridMainActionsSection.xml,f41a7f37a4dbf58be3efd965b04291d1cc5c9784b74c62a6726dab1ab35af123,1860
Test/Mftf/Section/AdminCustomerGridSection.xml,4d005d483978b26233f91024d7dfc8d598db68c6c85aac610f97224596970c54,1921
Test/Mftf/Section/AdminCustomerGroupGridActionsSection.xml,d52c8e83a40fce7876e9af69364e85bd48a6c179daeea22871a36e5ee633750f,1049
Test/Mftf/Section/AdminCustomerGroupMainSection.xml,17502222c66b99eb76ef7d062520cad60ff9c2fd21af27f02c13378590c71301,1150
Test/Mftf/Section/AdminCustomerInformationSection.xml,50ca55662a7e450dce0bf1fd8a324190baff3adab026608d67ba1f24ba049e95,1257
Test/Mftf/Section/AdminCustomerMainActionsSection.xml,fc6c3fa6683b59ec607b05740e1fe4327df02d081e526b71d140ef1ee4611355,837
Test/Mftf/Section/AdminCustomerMessagesSection.xml,43cb290770dce5fad9290135cfc0182c717f367a438ba44c4ad3673ebec1137b,459
Test/Mftf/Section/AdminCustomerShoppingCartSection/AdminCustomerShoppingCartProductItemSection.xml,c96cab8286ee8e6afb1c5a358a0ae5ca832ef603d94f260338a5e7828f908149,1280
Test/Mftf/Section/AdminCustomerShoppingCartSection/AdminCustomerShoppingCartSection.xml,0e3c9388d856b9b5d5b677d5d0cbb912d90f91bb425e32fb66f5ee50d973449c,472
Test/Mftf/Section/AdminCustomerWishlistSection.xml,02e222c4f52ec21589eb2a80fcd6469ed568672f928640010f043a6a3896a33b,1511
Test/Mftf/Section/AdminCustomersNowOnlineGridSection.xml,1b4eb930ead496f495d475e61d68a8547d0761d409532480c43c8e7dfedc36cd,729
Test/Mftf/Section/AdminDeleteUserSection.xml,509a62f3f787e17a59454dc8d95811953c710cc70102af4ed37e80a56cd40fc1,765
Test/Mftf/Section/AdminEditCustomerAddressesSection.xml,dad26f5e9ce223f8aaabc2b664b8d2decdf5c0d0869fac8e70c41021480ed0c4,2481
Test/Mftf/Section/AdminEditCustomerGroupSection.xml,20822d488a077da2f90540aa7aa2ae416a7241b62fe377adaed5b9b0e5bac40d,1124
Test/Mftf/Section/AdminEditCustomerInformationSection.xml,73a2cdc3907cdca99d0015886105d027cfd0161d62a617d8e2279c95ee5b54dd,885
Test/Mftf/Section/AdminEditCustomerNewsletterSection.xml,d617ecbe5e7a3912f09061e32aced37977ecc644daec027bcbd7e6bacddaf258,1393
Test/Mftf/Section/AdminEditCustomerOrdersSection.xml,ee8b283fc7d538fc617bf599e1252fe0b7365c95abe5264e1c9b2cc266cdf579,786
Test/Mftf/Section/AdminNewCustomerGroupSection.xml,29feee96b4404a48e0963f6ddc258fe68ef782666a6799e3497e05f14a6b41bc,742
Test/Mftf/Section/AdminUserGridSection.xml,e7717a286e390e59902f61f348bf32e51502e24550d24aad75925641bd848275,938
Test/Mftf/Section/CustomersPageSection.xml,38b87f5953af0aac395f0fabe22fc5e503f933ae918f08b2b6e3391cb45f7cac,1656
Test/Mftf/Section/CustomersSubmenuSection.xml,7f54d8425340fb7347c35ef9dd139d81e48416e0958cf8564a3a49d29e7fb75d,539
Test/Mftf/Section/LoggedInCustomerHeaderLinksSection.xml,82665d695ae314630ee072f9c9387df794744fb463ad8236ec98e9aa075dfafc,846
Test/Mftf/Section/NewCustomerPageSection.xml,471ead4a4c85f355f418b6b7941073e0567912e6a5762de79100a558816d32ae,2529
Test/Mftf/Section/StoreFrontSignOutSection.xml,247a9bfa61a7a7439bf71c27a354ddbc12f611853a873f5f3e4ce68e91eb9165,557
Test/Mftf/Section/StorefrontCustomerAccountInformationSection.xml,b7fd9d15e9ccdc75fa67850e0ff551fcbb7c6cba698b52af5378b29a09e5d6c3,1781
Test/Mftf/Section/StorefrontCustomerAccountMainSection.xml,d8da7de56b241153915fd9a3e00e4e8fc897eac4e54938306eb709e090c415e5,722
Test/Mftf/Section/StorefrontCustomerAddressFormSection.xml,008a76cd67d5004fcb453f7a05c4afb82061eb5324a37625d370fcf2bdc046be,2319
Test/Mftf/Section/StorefrontCustomerAddressesSection.xml,5c937d3141d113ff142dc723bbfa27cc1d6976724904df95c8ff4be8486c08ce,1917
Test/Mftf/Section/StorefrontCustomerCompareProductSection.xml,d9c13a8e7928c2b13db6cb9b3ba8f1abbca2691a7f9ca33c30d4aa61b482ed16,1300
Test/Mftf/Section/StorefrontCustomerCreateAccountSection.xml,e3e1d02ec17560e4d1cb575a3979c1fc8861bd1ec9cbfd275785b62e5a30a9c9,1286
Test/Mftf/Section/StorefrontCustomerCreateFormSection/StoreFrontCustomerAdvancedAttributesSection.xml,e2cb687d940a46835ff6056f530b250ac974d757c2d93e2e432c5b2280285ed6,2750
Test/Mftf/Section/StorefrontCustomerCreateFormSection/StorefrontCustomerCreateFormSection.xml,89b47cfa88a5af0b6c40191e811d4107abdc5476a904e52435ecb137ebff64da,1317
Test/Mftf/Section/StorefrontCustomerDashboardAccountInformationSection/StorefrontCustomerAddressSection.xml,a17297b9432c6949268efa7bccd7b6c33fcd519d63971e2cc45995494884c9bf,1313
Test/Mftf/Section/StorefrontCustomerDashboardAccountInformationSection/StorefrontCustomerDashboardAccountInformationSection.xml,d4a3ae2ecc78d4e22e21622c0a86163f99a2b2dc36e54dd9904ac94593cd4cbe,764
Test/Mftf/Section/StorefrontCustomerDashboardAccountInformationSection/StorefrontCustomerMyRecentReviewsSection.xml,6b22acade3958b05cb034a5417e95d8f69b2c79a9f30872d9b745865277b23ff,561
Test/Mftf/Section/StorefrontCustomerDashboardAccountInformationSection/StorefrontCustomerRecentOrdersSection.xml,5cee4aede92c20666cc5912f1971eaab1195586239f990699e6836be415e73a4,453
Test/Mftf/Section/StorefrontCustomerFooterSection.xml,5734e5b874298b9a3c7f8461cd257fa32f618daecc6b80af959bfccd91cb187d,695
Test/Mftf/Section/StorefrontCustomerLoginMessagesSection.xml,1bf78339f5f3b06f0d3fa5435ee36f81d00f4257bd09b6dee1e966e6d22ae290,671
Test/Mftf/Section/StorefrontCustomerLoginSignUpSection.xml,e480a9704e4de8e580bf321dd9a8eb8a2da008e6d03a570c185052373340d38c,719
Test/Mftf/Section/StorefrontCustomerMessagesSection.xml,7fb0f892f88f6c37254a97ee345d743505174df4f8c16787dfd976a2e182c30f,623
Test/Mftf/Section/StorefrontCustomerNewsletterSection.xml,d9f06f976f9343d5a7918469daf229091a60104ee9b9b7afe6909f9e6ed0df2d,561
Test/Mftf/Section/StorefrontCustomerOrderSection.xml,62ef3b8b139c49841902d3ae427ed759c0b6275b6e092c3a96c97bd886fc49dd,2965
Test/Mftf/Section/StorefrontCustomerOrderViewSection.xml,d7ec25ad8677b7934e08e4a9563819dfdcad4134b42f1fb20556fd6b1c4ceaae,5063
Test/Mftf/Section/StorefrontCustomerResentOrdersSection.xml,8bdd1962db5a70c3ead70f073b78a52a27f39a602e9639c46a797160a2a1fd6b,665
Test/Mftf/Section/StorefrontCustomerSidebarSection.xml,29f389f5d6109aeeaecb66e8fd28226b1dffeee57c15578868cf2eaf8fcf8b04,693
Test/Mftf/Section/StorefrontCustomerSignInFormSection/StorefrontCustomerSignInFormSection.xml,326735f60548fa79e9d26a1d05e8301579300e0536b7584b251c9924cb2dc53c,1094
Test/Mftf/Section/StorefrontCustomerSignInFormSection/StorefrontCustomerSignInLinkSection.xml,e73b7faa62d6c5e4b8938862fbcbad69604ebef4069a4cc8d64cf20024253bed,764
Test/Mftf/Section/StorefrontCustomerSignInFormSection/StorefrontCustomerSignInPopupFormSection.xml,31536f896e4d6bc0ba26854855a23104bbb22a1adcb4a16cad47dae39909467d,1089
Test/Mftf/Section/StorefrontCustomerStoredPaymentMethodsSection.xml,c207666dcbcce0f492729efee131ff753307985c19ce0ae38073b807242fc2d6,1072
Test/Mftf/Section/StorefrontForgotPasswordSection.xml,5b697f5868d1406e63605d0284cac678b1681c4e03d83e9e29cf644cb506a262,632
Test/Mftf/Section/StorefrontPanelHeaderSection.xml,0a47a7678e6894d87065fdd2da27e65499300100576fc3a6a2a147837c729865,1201
Test/Mftf/Section/SwitchAccountSection/LoginFormSection.xml,40222a4afad8a82134da8d24cf930979255c7e960c396f30693a4fc66f31e2e8,589
Test/Mftf/Section/SwitchAccountSection/SignOutSection.xml,219c53d962c3402b85a32be0524183a37908d9bb81812b0424ebc8402bab72a2,534
Test/Mftf/Test/AdminAddNewDefaultBillingAndShippingCustomerAddressTest.xml,ec2f53323d214ca0e2d943109a30298e4b008cbaddb51a883f2af3237a5641ca,3536
Test/Mftf/Test/AdminAddNewDefaultBillingShippingCustomerAddressTest.xml,889da318b741eb20518dddb8bb211028f6ab1a311a95bd4e7a900d8ebe7a82a5,6632
Test/Mftf/Test/AdminChangeAllCustomersGroupViaGridTest.xml,133462b8b3d88b2cbdc13a116bcaeda1cb79b8c5c8ca823433b94040a4215b80,1088
Test/Mftf/Test/AdminChangeCustomerAssociatedWebsiteTest.xml,43feea0760661af2744d4b34b865c18836cabb312f8a6b3d41018b7bd0eb83c4,4912
Test/Mftf/Test/AdminChangeCustomerGenderInCustomersGridTest.xml,23bc1b0c6889a7133177be5e2bc633b82ff5be35604afe4bcd1449ecbb2919d2,5017
Test/Mftf/Test/AdminChangeSingleCustomerGroupViaGridTest.xml,ae1351c93cf22588574e2c88048969ee54fa36af05646518fe4dc5bb96162a5a,3267
Test/Mftf/Test/AdminCheckDateOfBirthValidationForFranceDateFormatTest.xml,bbe1c5a3720fc060482cad6522126ed80f8673596cefb19b1698b3fe33144f8d,1912
Test/Mftf/Test/AdminCheckDefaultValueDisableAutoGroupChangeIsNoTest.xml,9020962e217afbcf39b32e268bd352db7a0c634095946723da478b071731b66c,1805
Test/Mftf/Test/AdminCheckDefaultValueDisableAutoGroupChangeIsYesTest.xml,df81a7020055c6c477c9d1bdc1ab152f0d2d68f572eca0f8e4a1040befb79972,2142
Test/Mftf/Test/AdminCreateCustomerGroupAlreadyExistsTest.xml,74414f8087500f84c38239cd75982e9fa8b98f6c914418bf0c59895700dfb331,1910
Test/Mftf/Test/AdminCreateCustomerInSecondWebsiteWithGlobalAccountSharingEnabled.xml,f6e0c348e8b0c9225c756ae1803961ad00d63b3da4ad40ae4e7769cce99fc293,4489
Test/Mftf/Test/AdminCreateCustomerRetailerWithoutAddressTest.xml,01be845cda4ec17833a9fc724321656becab581f4f4339bfdb12e6c037ffb5b7,4207
Test/Mftf/Test/AdminCreateCustomerTest.xml,220c43ea83a361bb059973609cfcc53e7c66c97596e9bfd5fd8124e3145194bd,4057
Test/Mftf/Test/AdminCreateCustomerWithCountryPolandTest.xml,9dbfe36fab72d3618d01681c6401ea9ee389085d290e94c3c19c1b823ea888f4,7959
Test/Mftf/Test/AdminCreateCustomerWithCountryUSATest.xml,61146a3b1d815707b545f254016b374213af9186c2c5509cd818ed24e870b92b,8165
Test/Mftf/Test/AdminCreateCustomerWithCustomGroupTest.xml,b877f0363a6ad03098624c042f9fb96cc9d9fcb010e4c79bcea07bb23febf20d,4641
Test/Mftf/Test/AdminCreateCustomerWithPrefixTest.xml,9e202f687a4d71c6b373325127a08a16895c70d8ac1986008ed30f3ca74c5762,5158
Test/Mftf/Test/AdminCreateCustomerWithoutAddressTest.xml,e3921a3a5ed2bbae1115974c0dd20bc1f9c5f34a4550f9f184cf46e5c44befb0,3953
Test/Mftf/Test/AdminCreateNewCustomerOnStorefrontSignupNewsletterTest.xml,8cf3660fa9dc89dacefd618b1c70f8363b886e5d7aa05929c2cf9407755a097b,3177
Test/Mftf/Test/AdminCreateNewCustomerOnStorefrontTest.xml,d465ba28d555ac6d8cf68875bbe8f85fd498dd422b62237c08d13e0f5462e811,2338
Test/Mftf/Test/AdminCreateNewCustomerTest.xml,53e034adba2be1e5c921c31306ff0f6903817a004e7d2ebb12c091044650b830,3021
Test/Mftf/Test/AdminCreateRetailCustomerGroupTest.xml,e577bdede5a1b5db6e2205d9ca8b8484f09df61c79284b2d5d2066b7f57f4cb6,4072
Test/Mftf/Test/AdminCreateTaxClassCustomerGroupTest.xml,ce32aa593e224463055fcb256ba29851dbcb3a5d09ba50e12262323f6e9af7e3,3203
Test/Mftf/Test/AdminCustomerAddressAttributeWebsiteScopeTest.xml,b96bcd00e276e94063a718a4353510f0dade2784097bb71b36f0f97d714be84c,7729
Test/Mftf/Test/AdminCustomerAttributeChangeUpdateFromRequiredToNoDefaultScopeTest.xml,868652ac63bd78054331dbad475d016816348b58de312e7e9e12ac84b5243eb0,6377
Test/Mftf/Test/AdminCustomerSubscribeNewsletterPerWebsiteTest.xml,ee2216969efb0c2c469174c4c76dbe70d2ada4861b18753a053f13e2cd9cc848,6652
Test/Mftf/Test/AdminCustomersAllCustomersNavigateMenuTest.xml,44f609beed4b88f1b67ebcee68006718caeeed34935f19a2d317e031466f58cd,1625
Test/Mftf/Test/AdminCustomersCustomerGroupsNavigateMenuTest.xml,274a3f59960162b37c3e697b72a1f28995ae126016071fdf40b58642afbeeb9e,1598
Test/Mftf/Test/AdminCustomersDeleteSystemCustomerGroupTest.xml,0615641fbeed508214cfbb128d8825844d8eced8af2e5987ece09d0b43f33c7c,2713
Test/Mftf/Test/AdminCustomersNowOnlineNavigateMenuTest.xml,a8c32330a8ec68ee599ed25cb5451371710195eb1d0f104afbe68c24eeee4475,1568
Test/Mftf/Test/AdminDeleteCustomerAddressesFromTheGridTest.xml,175d5c15b76f23219528d8ce99fe19f5bd80396a26e2c1a0901ab22288915fdf,4063
Test/Mftf/Test/AdminDeleteCustomerAddressesFromTheGridViaMassActionsTest.xml,cc921c2fc077cd4384a8adfc99b49ff0ab6e1fa46eb2f737da493b587528f329,3629
Test/Mftf/Test/AdminDeleteCustomerTest.xml,1c2ff89bd000a701288c344bcbe1459a8f11d15ed93d4fbfcad3eed88268ea6f,2427
Test/Mftf/Test/AdminDeleteDefaultBillingCustomerAddressTest.xml,382fffef71aa906bcf533a425282942af55553094e60a7b4a125315829125401,3460
Test/Mftf/Test/AdminEditCustomerWithAssociatedNewsletterQueueNewTest.xml,23ec1627a107a1596ed8c8a2d49dfaee5c26f6821619efe51f066e2977175aa2,4587
Test/Mftf/Test/AdminEditCustomerWithAssociatedNewsletterQueueTest.xml,00060c9da7b52677ff12343e5087aca3e920417863c20e9d0e43d95a2b367bba,4919
Test/Mftf/Test/AdminEditDefaultBillingShippingCustomerAddressTest.xml,b73d90157fecec73c87bba93df2f7e1858ba6937347d2a554fc3784f93c13a94,6468
Test/Mftf/Test/AdminExactMatchSearchInCustomerGridTest.xml,5bf3d81d45976366a5ae917e2a4a47d231399f7409938de85715e5e557eb6eef,2659
Test/Mftf/Test/AdminGridSearchSelectAllTest.xml,b1084a6800ce3ec1b13e2ae79441b6a579fb09c830b03bdedccd8744d237b025,3791
Test/Mftf/Test/AdminGridSelectAllOnPageTest.xml,dd4133f8d29995af9e8434fc19b78e81e504c17c58cbeb225cba15e2c3e7cfc1,4116
Test/Mftf/Test/AdminPanelIsFrozenIfStorefrontIsOpenedViaCustomerViewTest.xml,4a33c5e254d579258af2db5fea0cec635fac8e272acd776090dda8a42a1a3d10,5218
Test/Mftf/Test/AdminPlaceOrderWhenCountryAllowedOnlyOnCurrentWebsiteScopeTest.xml,176f77ed9e47b9858e0cc8f7b50122c601c8579d9a87a3564f9e2d2bead8327b,3030
Test/Mftf/Test/AdminProductBackRedirectNavigateFromCustomerViewCartProductTest.xml,b0c92c7d104fbea55aa9c8eab83e8aed751e193712196d2653f1d40c2189c6de,3307
Test/Mftf/Test/AdminResetCustomerPasswordTest.xml,f85e8bc0da533c056e280d1a64c1cfe93c1ab0921db71614db3a349449e72745,2219
Test/Mftf/Test/AdminSearchCustomerAddressByKeywordTest.xml,46b717c7ca2dcb1c0d28e1d10954b74827fc5192f39a7d7605fe5c2d149f215e,3096
Test/Mftf/Test/AdminSetCustomerDefaultBillingAddressTest.xml,cf1365eca8ad0e2935d2ec0936b0d698e7ce28b916925be4baa03a127e7aef2b,4713
Test/Mftf/Test/AdminSetCustomerDefaultShippingAddressTest.xml,cdd782a6fcd62fe34edf19c563c461fd2ffbacf3197b23ebba08b1bbb0335f24,4732
Test/Mftf/Test/AdminUpdateCustomerTest/AdminDeleteCustomerAddressTest.xml,0cc39572e4b4025bd2df28720350c442e24e87786c03bd19d4a33380a91acc0f,6687
Test/Mftf/Test/AdminUpdateCustomerTest/AdminUpdateCustomerAddressNoBillingNoShippingTest.xml,85276fa2b60552b3e1b758be4de749614f214896f670eaa40026a3f8a903ce2c,4267
Test/Mftf/Test/AdminUpdateCustomerTest/AdminUpdateCustomerAddressNoZipNoStateTest.xml,33b2963b43e1739bd3036148cad5fae38b16306e12512e1473b4332d09973537,3343
Test/Mftf/Test/AdminUpdateCustomerTest/AdminUpdateCustomerInfoFromDefaultToNonDefaultTest.xml,f4f5fb9113c876736b4e18bffcd4357b00d6e4208ad932c64f934692c4d342c7,5415
Test/Mftf/Test/AdminVerifyCreateCustomerRequiredFieldsTest.xml,2fb5b6f6b0fbd0c598ac757c66b4496734444dec3e6c0c734145605e1007b0bd,1854
Test/Mftf/Test/AdminVerifyCustomerAddressRequiredFieldsTest.xml,03ffa5a5195e9a5b450298e97c0ad6c33d6ad65c3be159961542701d9ad88521,2991
Test/Mftf/Test/AdminVerifyCustomerAddressStateContainValuesOnceTest.xml,041be721c6a2815e537c5ed1709c2c678ab2f11eb93a2c4403991041cf369f96,4366
Test/Mftf/Test/AdminVerifyCustomerOnGridAfterDeletingWebsiteTest.xml,ac498c3078424687786bf78983f078ad2d1990755a6d7c36793c4bce45880218,3701
Test/Mftf/Test/AdminVerifyDisabledCustomerGroupFieldTest.xml,9b977b5874353f4f89e114978a6fdc4ed9bc088d15eb14ec05b8b57535c04fa5,2010
Test/Mftf/Test/AllowedCountriesRestrictionApplyOnBackendTest.xml,22af0af130717410fadd95241775536db0b9fcb20843b6e697052813a9f8921e,9962
Test/Mftf/Test/DeleteCustomerGroupTest.xml,9582b144b3600170d2cf470a2a19833191cf07a405f32453b6274d5de4616bee,2659
Test/Mftf/Test/EndToEndB2CLoggedInUserTest.xml,b91fb48f0668c72d3303d8a13982e10d0f158c9df5c970d521e43f30eeaee4bc,2988
Test/Mftf/Test/ExcludeWebsiteFromCustomerGroupCustomerAccountSharingGlobalTest.xml,b75f01c08cf1f3e868ab70e961e1b27b2ab9dc4462454040c1db1c5e092e82c7,26272
Test/Mftf/Test/ExcludeWebsiteFromCustomerGroupCustomerAccountSharingPerWebsiteTest.xml,e3cff8ae8ad79fda07c0c6d5dfa8c10b9e348a0fb1976c36e0d70b1097b1e962,27012
Test/Mftf/Test/PasswordAutocompleteOffTest.xml,672ecfa4b4bfa35e5a558d5c9410f14ecbc4495a76674a9e6e8897653339bd07,3234
Test/Mftf/Test/SearchByEmailInCustomerGridTest.xml,d3399f0657a0c111489d8e196fea318475dac4ede37598b643ab5a4d0cda5e46,2512
Test/Mftf/Test/StorefrontAddCustomerAddressTest/StorefrontAddCustomerDefaultAddressTest.xml,5c1352136d93e93aa63f73739476e9943c07254db35dde5e6cb157150f5863ae,2777
Test/Mftf/Test/StorefrontAddCustomerAddressTest/StorefrontAddCustomerNonDefaultAddressTest.xml,ebe4b98e5d47547dc03baf3924bb79c9cd7f7316e00de6a849380cc7b7e420fc,2316
Test/Mftf/Test/StorefrontAddCustomerAddressTest/StorefrontAddNewCustomerAddressTest.xml,d1ce41b85bd97fc50d0b23c5a7bb785023b204f2d44e1f3a23fb539c91ed723c,2820
Test/Mftf/Test/StorefrontAddProductToCartVerifyThatErrorMessageShouldNotDisappearTest.xml,e0df371c1d591c54eb494be7b7ca6ebd8a27ce3f77adae33216aaa7ec12fdcb5,3348
Test/Mftf/Test/StorefrontAddProductToCartWithExpiredSessionTest.xml,5dce5772bef4e625db2461f0dcce3290b65c625cd74a8dc5a1103878094c0b86,2228
Test/Mftf/Test/StorefrontChangePasswordFormShowPasswordTest.xml,93afb848dc2f57102597a67cc15a3fbbbea2415dc21c87191e81dbfe1df98e53,2096
Test/Mftf/Test/StorefrontCheckTaxAddingValidVATIdTest.xml,ac3c30e49d6a0d7509d05e6a30e7f9ebae6e7c0b48ea91e19a01da8e3688ff4c,8657
Test/Mftf/Test/StorefrontClearAllCompareProductsTest.xml,5a2c7f4d0df3030b5ac308c3831e9dadc673dbdae07a64f191ac071d74e1bc98,11433
Test/Mftf/Test/StorefrontCreateCustomerFormShowPasswordTest.xml,99fc857822b3d2ea88d457a14bc7b12d97757470e716a0577fe99b25ba140a36,1378
Test/Mftf/Test/StorefrontCreateCustomerTest.xml,0de6ab632dd41d038f8011f5aa9cf12753f396c6535de7aa67e152097b750df0,1644
Test/Mftf/Test/StorefrontCreateCustomerWithDateOfBirthTest.xml,04c4d89c813f4a4ead0b6257be9175980b9aff69532343014810fb2438fa3672,2272
Test/Mftf/Test/StorefrontCreateCustomerWithInvalidDataTest.xml,c8b320cd7c2cc775aa105f149d88695d01074839888955071c3f1611de8e92d8,2378
Test/Mftf/Test/StorefrontCreateExistingCustomerTest.xml,4a591bce94053b80166050216636b008f66d4436ebe33fbc361d16fa4a106764,1849
Test/Mftf/Test/StorefrontCustomerAccountOrderListTest.xml,01a6c837386b7815017eb80ef677c0c50072b813b5ae6352a5dcdf14696bf3ab,6824
Test/Mftf/Test/StorefrontCustomerAddressSecurityTest.xml,c560170687512fd56aa0c832044e50a44edfbcedbe62cd7d07f8a983e19ed118,3157
Test/Mftf/Test/StorefrontCustomerDataStorageOnSessionTimeoutTest.xml,196504927211e2338cda5e5b4794cb7c5d2e34b22e5df060ad752390bc2ea272,4686
Test/Mftf/Test/StorefrontCustomerRedirectToAccountDashboardAfterLoggingInTest.xml,8204bdb46c2e203d51f970bfd294d69cb156b6fe294f49b7e861b74ca293c7b5,2398
Test/Mftf/Test/StorefrontCustomerSubscribeToNewsletterAndVerifyInAdminTest.xml,aee62cf9edb3624e30bcfd3f6ba1932ce7182d91fe8bbf615c32ed5c95d1c4b1,3727
Test/Mftf/Test/StorefrontCustomerSubscribeToNewsletterTest.xml,4d5294ebbd19df0e42d298271f75cd14dbcc275050f5561e2004a0841f00cfab,1692
Test/Mftf/Test/StorefrontDeleteCustomerAddressTest.xml,6d91f8b6e8cd173af12bfe74f067a1be18ef4be3cd2c9007f0c467a2fe2d0511,2513
Test/Mftf/Test/StorefrontLockCustomerOnLoginPageTest.xml,3988770c93e4b0efdc7b92fa998d5bc721857d02e7fc5fe4ddecf162bc044ec9,6385
Test/Mftf/Test/StorefrontLoginFormCheckDuplicateValidateMessageTest.xml,8f12203db71e87a42e4e60eec4efe4710d260909cd3bdd6f1cc48884847b7407,1834
Test/Mftf/Test/StorefrontLoginFormShowPasswordTest.xml,aee3cc6f2d96330a9f73ba36974d77fc97c88f1ecc5e4fb14a9f3c18e63ad26f,1664
Test/Mftf/Test/StorefrontLoginWithIncorrectCredentialsTest.xml,7579128698d9da22823dcb5b214695dab9630ec244291a466742b257b8666b6a,1977
Test/Mftf/Test/StorefrontPersistedCustomerLoginTest.xml,73e75f64fff52c705cbc09d34060e0929e36a3eba591f3653ce81e1ae66629a7,2037
Test/Mftf/Test/StorefrontResetCustomerPasswordFailedTest.xml,de88fc56ac408b5ab0f12a6528fe09a18eda4155eb5679dcdf59b88abdbb78ea,3407
Test/Mftf/Test/StorefrontResetCustomerPasswordSuccessTest.xml,b82dc8215aa332075b150f1ee2f7a507a19d8c9890692035d9d445616626e20d,2730
Test/Mftf/Test/StorefrontRetainLocalCacheStorageTest.xml,18a7400aaf0342f93b8d554ea7c3386bd5e693e93db9b5e4ce04c5046cc65d64,5866
Test/Mftf/Test/StorefrontUpdateCustomerAddressBelgiumTest.xml,e394dc5a52a963191088918947d5f4f0ce9737cea9a90c16435808c92bdb8d73,3854
Test/Mftf/Test/StorefrontUpdateCustomerAddressChinaTest.xml,1f81ae41a4b922c5c8d2b272211a1ea79f0fe3daaa3bdbac532c43c6d424882e,3081
Test/Mftf/Test/StorefrontUpdateCustomerAddressFranceTest.xml,5ff5d26aaab5e112ba69366e79c707aed8bc03e65ea13034ff2ce9f22df2e6af,3130
Test/Mftf/Test/StorefrontUpdateCustomerAddressTest/StorefrontUpdateCustomerAddressFromGridTest.xml,87b44774cefa4e9a577d0d26efdb9f7ed9f70670687b757bd87797990003794e,2455
Test/Mftf/Test/StorefrontUpdateCustomerAddressTest/StorefrontUpdateCustomerDefaultBillingAddressFromBlockTest.xml,74d2d2d66896118d886d8a73bd547cc98f43adb52c6aa595bfa1b9b0dc0d3299,2951
Test/Mftf/Test/StorefrontUpdateCustomerAddressTest/StorefrontUpdateCustomerDefaultShippingAddressFromBlockTest.xml,5287b4a51357f01a72d7e962f173b1ac43f8a6c3e00537f443ca71140262508a,3333
Test/Mftf/Test/StorefrontUpdateCustomerAddressUKTest.xml,ff30a6291939a12c307663ce4af6a33730db263a8e8addba46662ae09e380854,3325
Test/Mftf/Test/StorefrontUpdateCustomerPasswordTest/StorefrontUpdateCustomerPasswordInvalidConfirmationPasswordTest.xml,17756116c74e6738a254f9217ffcbc1607a99cea44b16c0fe4c7e8fac80aef4d,1444
Test/Mftf/Test/StorefrontUpdateCustomerPasswordTest/StorefrontUpdateCustomerPasswordInvalidCurrentPasswordTest.xml,b94c57cab3761a791b90d530609abc9d0772fb0dfe7ad4126da796853946ae40,1443
Test/Mftf/Test/StorefrontUpdateCustomerPasswordTest/StorefrontUpdateCustomerPasswordValidCurrentPasswordTest.xml,db505f9b1ee608bb57afd1b48e1b6ae841fd8aa7c599675a018039f2f990bd58,2924
Test/Mftf/Test/StorefrontVerifyNoXssInjectionOnUpdateCustomerInformationAddAddressTest.xml,c09ccb9dcbb12a97b7f95903474abc4caf57816204d348ac22b2761c1653088b,3581
Test/Mftf/Test/StorefrontVerifySecureURLRedirectCustomerTest.xml,b746c2c8160d00f9e572750abf391f2cba77ed2f7f1df10da24f6386ee838d07,2351
Test/Mftf/Test/VerifyCustomerAddressRegionFieldTest.xml,dd1297954e414189cfe744596bd8d824a5204d254b46983cd00b8de06b7c4d83,5030
Test/Mftf/test-dependency-allowlist,31848cce7b1c02d1e840b3d2d89ca64e26db5779e3926cfb746b797ecbf6a860,165
Test/Mftf/test-dependency-errors-detailed,c99ae543262333f1eb0604bdd744a39e8c9cb45639eac577ece9382b112bfd50,1030
Test/Unit/Block/Account/AuthenticationPopupTest.php,180f22ef0d90dba9ad594a5c33be1b09e0bdde49a4a3a537c44173fb3bb34c14,8326
Test/Unit/Block/Account/AuthorizationLinkTest.php,9b364944b52ea69f2699268d020d2b1500a2eba7e86148a16d205c630330224d,2860
Test/Unit/Block/Account/CustomerTest.php,a1a5edaa10a0e28d523ab8573646569e03861c30f5b68117ac1609ddc4226c61,1490
Test/Unit/Block/Account/Dashboard/InfoTest.php,668dea034ce71785986b06a4e350f57ae828161c5626cd59b3b01fee156d7b19,6854
Test/Unit/Block/Account/LinkTest.php,0997b3f62824648286019cbb1fa1aa1549a20471d88a56c7057680b99b928aaf,1243
Test/Unit/Block/Account/NavigationTest.php,9a25472623d41fd1229c1218325e90b572a522e3af33751e2b877dfa17b99743,3023
Test/Unit/Block/Account/RegisterLinkTest.php,101cb3f36d1d8ce440dff47418a4a9aabefb5342be1fb513493fc78b8c06b29e,3133
Test/Unit/Block/Account/ResetpasswordTest.php,57954691f85d90d8ee4ad72c342e074ab2919555898e4c040cb3f438dd4c18aa,2401
Test/Unit/Block/Address/EditTest.php,e17d4155766ab31c8dc8524f9303ea515ec970273a320c06138139598b25c7e8,15959
Test/Unit/Block/Address/GridTest.php,ad943fe1becbf74d758a3e7ff18dd15a23608d68fa9bea7d23953ab1030bd4ba,9073
Test/Unit/Block/Adminhtml/Edit/Address/DeleteButtonTest.php,821cac4dad4338f980279515f0c058ac2cea914195d936647d91acebd5d29187,4032
Test/Unit/Block/Adminhtml/Edit/Tab/NewsletterTest.php,22d122b8b1850e279b1985c679629793de26b1d6d1c85ebc0f42c59ad125ac13,16025
Test/Unit/Block/Adminhtml/Edit/Tab/View/Grid/Renderer/ItemTest.php,22cd0cdcf13cc866f5a334175165a716ff9f755d1406f6a5ae0e447053369a5f,4844
Test/Unit/Block/Adminhtml/Edit/Tab/View/PersonalInfoTest.php,b759dc247e709cfaa34cdc89a3f8af5e1e427ea2bc6eb9846e29247934eb7a3e,9074
Test/Unit/Block/Adminhtml/Edit/Tab/ViewTest.php,21765f650284c9f24a6eeb284a746b6ed3f7b67c8aacfe8ea13a2ce84b0ca22e,1110
Test/Unit/Block/Adminhtml/Edit/UnlockButtonTest.php,dc2c7877e9887b13f438a2cc5019deb185844e9ef7587417f93beb04158b75d2,3429
Test/Unit/Block/Adminhtml/Form/Element/Address/FileTest.php,81e1af5239ae664ec939bf6d0590c2b45545756c01f5afd91874e2b5b5214a14,2714
Test/Unit/Block/Adminhtml/Form/Element/Address/ImageTest.php,44301482ee2714bcf4279f7ef9eccf1171956f62106f70b89c2dd9764cb0b07f,480
Test/Unit/Block/Adminhtml/From/Element/ImageTest.php,ff7076a4033e6aa1e221fc14194dfccafe6d51fb76482a82fb68cbca47340b5a,2244
Test/Unit/Block/Adminhtml/From/Element/Newsletter/SubscriptionsTest.php,1af8b7f9ad080db90a11350459f409368c53dcf626ae380c30e08484ceaa53d9,6767
Test/Unit/Block/CustomerDataTest.php,7216ad1627001bf64d3778d00dbf21df9e88f00f07d427a687c48176f87602dd,1874
Test/Unit/Block/CustomerScopeDataTest.php,ad65619d628446cc07c2b55ca164f4ef1907b52589b96b6ebea2c06cb85969a7,3567
Test/Unit/Block/Form/EditTest.php,3024395c93c8259f41d150e7ed5f74f75a4a4fa8617bb6a275969245f07369b4,2382
Test/Unit/Block/Form/Login/InfoTest.php,9f708ef154e7c0fd07419d8ce9b6795a635b71e842459e007260b4b40f1bc265,3105
Test/Unit/Block/Form/RegisterTest.php,ae846b8c4824162e9608f8b771bea1eb615ea616c38715de3c303e763373fd6c,13740
Test/Unit/Block/NewsletterTest.php,efcbd6b7847b0583ac593faaf50037af52266729762aa0355f4d0f2cbbe7d787,1184
Test/Unit/Block/SectionConfigTest.php,a058d65a4e6318e4ef1252dfb17a50d03d27be6fcd45e4574db44e242fec6440,1723
Test/Unit/Block/Widget/AbstractWidgetTest.php,a0c5589ae548e47fab098c5c8b8208b23dc4690e74d3238414e5fab098a900d6,5430
Test/Unit/Block/Widget/DobTest.php,bfd9b3ccc2abaa1b0001307dae3cb95e5f38a9515d46c118a9d9a54fdb864bf2,24299
Test/Unit/Block/Widget/GenderTest.php,118800439b5a487c0f6a073787b02b9475edfc08423b6757398d159ae688ff43,5817
Test/Unit/Block/Widget/NameTest.php,020482a6d4b717e93f0a0b3436148daddb5b1004763b1494918686abe9f78b89,16672
Test/Unit/Block/Widget/TaxvatTest.php,4211d6765d43672cba3e306f0eff0bd520782166d91e99be0dd20be97f3bf515,3979
Test/Unit/Console/Command/UpgradeHashAlgorithmCommandTest.php,16918597b57da35e0fd56c94618e76029ac1a40c8c00206edff73301590fc203,1596
Test/Unit/Controller/Account/ConfirmTest.php,4b9d6c54f9ff9dd3d98fdf6a50e95cae10ed145d28cb72838b238df6b07f9660,17657
Test/Unit/Controller/Account/ConfirmationTest.php,49378897eb7227a8e1329a6dc639264dce6455856a3c194daa4af1ed54d36b5f,4022
Test/Unit/Controller/Account/CreatePostTest.php,9cd5912b0571bea343e32d131de04210914e6206d5be78eaf4a2abc62849ca8c,19374
Test/Unit/Controller/Account/CreateTest.php,a74c78bf4021a2a077ee42b1131a3cf180854fd64209f70807a2d4f671d11b5d,4390
Test/Unit/Controller/Account/EditPostTest.php,3c1af0be2cbff8919e3e8532203c9f618a19cad478c70e046d2fe01295a9c6cb,7523
Test/Unit/Controller/Account/ForgotPasswordPostTest.php,bc84b6037c4fd0342e6879b32a389f705a05955bf60dfed3b220ba3f27028dd1,7695
Test/Unit/Controller/Account/LoginPostTest.php,8635baf409369edb332b5149ea1748b030188a5d6189bd483ef9fd743f728bee,19709
Test/Unit/Controller/Account/LogoutTest.php,e1c4a9536e3fd66fe1436f1dc7ea11f1399fcaf0dba2ca372f5a7b812044987f,5267
Test/Unit/Controller/Address/DeleteTest.php,b130c7bda818f132f6c1e6dcc3aecca282d0e23ff094ff2428684f1c9211ef79,8095
Test/Unit/Controller/Address/FormPostTest.php,73e2958159e990557cce27878f8816f98a3f12cf61e30ba0c6794dbfe05ce6b4,28098
Test/Unit/Controller/Address/SaveTest.php,463f19d35cbe1f31424bcb38d46e044843c2e23cb97786e05170208bf1cfe161,8781
Test/Unit/Controller/Address/ValidateTest.php,f4975c9e695b4d754513f415597831e1f36004fdbba81e16f1e3f33e18861724,4056
Test/Unit/Controller/Adminhtml/Cart/Product/Composite/Cart/ConfigureTest.php,946411cdd03b86aad7d9f31cfa54884ad2b4536fb4781720d154d30412d98066,6037
Test/Unit/Controller/Adminhtml/File/Address/UploadTest.php,20fad4974acd4d0b53916932e41daea5bc0c3501b05cc512aaef26fd8c811dea,7571
Test/Unit/Controller/Adminhtml/File/Customer/UploadTest.php,e402e63f5cd74632042e98c34c9d3605675465d94dc51de7dc80ca607cf0070d,7314
Test/Unit/Controller/Adminhtml/Group/SaveTest.php,e7c4913c3e3a320ba47126107ca9c7ca8fbfe906c68606fbce707dd3a4980c59,9599
Test/Unit/Controller/Adminhtml/Index/IndexTest.php,874d1ef1dd99d30b6476b8855c11e69b2539be72d5f4f35d83835b78085096d6,5910
Test/Unit/Controller/Adminhtml/Index/InlineEditTest.php,ff6a27e0fe3267cc7a4dc76a0403bf28c2a26b452a61417d96c98250a3f3318b,16318
Test/Unit/Controller/Adminhtml/Index/MassAssignGroupTest.php,955ae191d9a45e93ec409b1aea478c4b858e06fe69432df6cc2d6fc9e24058ae,7570
Test/Unit/Controller/Adminhtml/Index/MassDeleteTest.php,7e841197e69dcf86b23b54b220f293bbb50bd6624fc8421287b5cce5964af106,6894
Test/Unit/Controller/Adminhtml/Index/MassSubscribeTest.php,25a9bc2bf31470850188eb233cf5ccf99a8976ae7e651e2042a804c657875000,7765
Test/Unit/Controller/Adminhtml/Index/MassUnsubscribeTest.php,6a4102e1a0214fbd88c4a066b05a2d4591f035aed15799e310650de694aadd00,7783
Test/Unit/Controller/Adminhtml/Index/NewsletterTest.php,1dfb11ada7823ffa1eb79d8bb4e90b88503e3f19410848477c99ef71596dbdcb,8632
Test/Unit/Controller/Adminhtml/Index/ResetPasswordTest.php,e4e42e7990845896fa1499f01a7fea5007e3e8bc51d610a4394790eabec1d0e4,16142
Test/Unit/Controller/Adminhtml/Index/SaveTest.php,638ecfd41fca67be2c7f58805ef52898472caaac24ac1e165975f9033416a008,42038
Test/Unit/Controller/Adminhtml/Index/ValidateTest.php,b24e7867ae78e4c2ddc832a01c4ff85f6d5c49e224d345225bef567e86c5c099,9332
Test/Unit/Controller/Adminhtml/Index/ViewfileTest.php,b413adf74eb2da067debab235ade9c4bbc8765ef01c8cb232a15c7f5f8abaf3b,9557
Test/Unit/Controller/Adminhtml/Locks/UnlockTest.php,2e99d374455ce1f82ee52383dd7824378a95efde3a5bb176ffc5e83fdc4a1bec,4906
Test/Unit/Controller/Adminhtml/System/Config/Validatevat/ValidateTest.php,1bfc11605bd5a50fc5f1bbb6a7044362db43d71d445d23d9bf52b9223a4ebb79,3926
Test/Unit/Controller/Ajax/LoginTest.php,638dd74c5e18d0ecae5eea4acd2c76e6ba403935c5ead47597c528e92a042261,10596
Test/Unit/Controller/Plugin/AccountTest.php,349dcb7f9d0f604d9c26dae02c9c317217043b0a6232302f1361f04776cb258a,4547
Test/Unit/Controller/Section/LoadTest.php,e3f94596425b1ceb43b1f66369b07b10867bdaf7bf71b48ff153417b58a7167f,6552
Test/Unit/CustomerData/CustomerTest.php,2a1d8220ccca258063ab79f796051ad4b21cada022b2aae9bc35c56d8e00143e,2734
Test/Unit/CustomerData/JsLayoutDataProviderPoolTest.php,3bf680be4d4007d57840f366886182a1b8304549b2da96f68187075c04cf42a2,2627
Test/Unit/CustomerData/Plugin/SessionCheckerTest.php,8fc4eee4af04b08fd88430ac0c0a815ffe3f25e5d7268524b07f2992281754b2,3144
Test/Unit/CustomerData/Section/IdentifierTest.php,85841233e0d15d139f7297abe490ed78468c6bb89e0a578090b876a3f49e96c7,2692
Test/Unit/CustomerData/SectionConfigConverterTest.php,f1c246c96f6c2136fed36d8927936f8cbc45cdbb908466a06f32a7ea1798f2ec,3239
Test/Unit/CustomerData/SectionPoolTest.php,dac5c1ca4fc905493e8f39f7d42acfa7943879e02f86a39cd9346028731c34bc,2939
Test/Unit/CustomerData/_files/sections.xml,f5a083787157aeade79fb0744f18212ffef17e8ee5a4c918943782f1f1c7c291,2349
Test/Unit/CustomerData/_files/sections2.xml,776940afda17a7c1fe459dc24c3a03ff19cac241c4350db502f720202dadf18d,1612
Test/Unit/Helper/AddressTest.php,be69e85425c5405f2c01912e1e1e247b04e1b61a0778e1df8201688adab75cbb,13992
Test/Unit/Helper/Session/CurrentCustomerAddressTest.php,64eb372104af14e1519ad940e982da5f1352d38354e20861f448587c9ce6b209,2767
Test/Unit/Helper/Session/CurrentCustomerTest.php,a483fa26716e0258dbd1e1810d50ff1e193b877acaf6b63a7e3acfcc2a96c085,4848
Test/Unit/Helper/ViewTest.php,eab4b874a0dc4e24c3da9d3dfd7fa0df4b3294b2d313e063118269b89fe7777f,4833
Test/Unit/Model/Account/RedirectTest.php,8da40375efbd25b51fb33c3c3b69d5123d0d283b11cd8a3fbc4d80bf9af88c55,15818
Test/Unit/Model/AccountConfirmationTest.php,33ae14318973e030f56c0a9307e823bc797f4c5c08a27988542f8841b6488230,2712
Test/Unit/Model/AccountManagementApiTest.php,59d333d3e761613d141f2b9c6ca5f02ccb60c746d523b4746d24613a728336d9,14223
Test/Unit/Model/AccountManagementTest.php,9d5de5bcd16be509359b86ffba3f209fa7846249751ea0b757322d4f6e94e3c5,94340
Test/Unit/Model/Address/AbstractAddressTest.php,b64bfe9a838cb16133dc134c70d6549fabf0eeaf27847b3d4e4516206dd669e5,16620
Test/Unit/Model/Address/Config/ConverterTest.php,ff8d7f9d65d40a03d1a9b4ac4f26c8ced3cf62918c89feae632a1c6b92e0fadf,780
Test/Unit/Model/Address/Config/ReaderTest.php,dfe90a6291758e4d4b332ca8904ae340ad114bfe6c12ab2f7b18e353ed2985e4,3273
Test/Unit/Model/Address/Config/SchemaLocatorTest.php,70c1ce72727ceb4319ac8a7f414c903246ac963326144dbf34f1959020910bae,1729
Test/Unit/Model/Address/Config/XsdTest.php,482c35abb1cbbd08a4b56b90862e5b69e453e80dd1a7ef5cce9420bdb33c45c9,5211
Test/Unit/Model/Address/Config/_files/formats_merged.php,af50f9c9e4b204bf3cdb88f40181849887bdf639b97034b9a3b5968148ca6291,320
Test/Unit/Model/Address/Config/_files/formats_merged.xml,ae69f13bc57d4871e112ae7719bf6726cef1bf1929f94d4b5f6768ef53df2468,429
Test/Unit/Model/Address/Config/_files/formats_one.xml,0bba3b4b56eee7bce60e191a24514a0ed3c41eca7521d55283d4180e44a776cf,424
Test/Unit/Model/Address/Config/_files/formats_two.xml,e8de8d5a523e0b0df958f3c12759f2bfc83f83396654d5e14cb1cf655894c552,371
Test/Unit/Model/Address/ConfigTest.php,b30535b04c5459cd3c65aa83b8e82b3dace17cccbb744977c1c7f45818e11289,4530
Test/Unit/Model/Address/CustomerAddressDataProviderTest.php,bc93657d76e8c79d3405d72bfeeb9cf954110717df1112aca778ba096bcd2e19,2728
Test/Unit/Model/Address/DataProviderTest.php,c59a579aec97cefc2eecb63cd8680588acb87815870240b832ba5e98606c98d0,12833
Test/Unit/Model/Address/MapperTest.php,2cc123a0aa1c67b9b453ff90b9c2f5368216625f9c32c4155544dc8194a3df2a,4116
Test/Unit/Model/Address/Validator/CountryTest.php,683e440b22692da45eafd0867d6c00dd1e48980b9b09b6b52ade5063a0423827,6060
Test/Unit/Model/Address/Validator/CustomerTest.php,08e37f2f36d52f0d229dbb89733753d39326ec36bf320076090297a14c931a52,7260
Test/Unit/Model/Address/Validator/GeneralTest.php,acef97ede716e988e34761a978a109b795f6f2d6d4f55ad5b735ccc858e2336e,5286
Test/Unit/Model/Address/Validator/PostcodeTest.php,d9ccfe68e4422b189d3c1ea72ae25816aaf99d0f8a033a04546ee7444daa7bdc,1140
Test/Unit/Model/AddressRegistryTest.php,599fb61a20a7b6563163654b9f43722d4f9d524db7c3692ed3357d083e543143,3429
Test/Unit/Model/AddressTest.php,3cc4e999a24ad631fd02df47460acc8ed58f128e73bd165a36debf1b314e5609,4385
Test/Unit/Model/App/Action/ContextPluginTest.php,27c7c885963750f2a3515572f580481d3284da2e68ac08b271c938f17b8b9d5b,2589
Test/Unit/Model/Attribute/Backend/BooleanTest.php,639bd87551e13dbf67be670d88522a6fffcdfba272297e38ce12b277fc505e3b,2344
Test/Unit/Model/Attribute/Data/PostcodeTest.php,4cb63e1344c761e717fdf517ec25d116f1333c4736bcfe2df3e5232cf163a155,3165
Test/Unit/Model/AttributeMetadatConverterTest.php,a00ccf6c5ef49121419b9525d9a2f64b4f566e69a6ab9fed25485d56f3cfc253,7403
Test/Unit/Model/AttributeMetadataResolverTest.php,2608739ddde27a5a2ec26da903b54469036ff6a218553d5689d79201b2ce7139,5650
Test/Unit/Model/AttributeTest.php,a656b8f702e3be94f83d972dd5e08bc1101bb1fc4ccc3b331bef18486cb04ed5,12230
Test/Unit/Model/AuthenticationTest.php,422fe345c3024e16da19c52256751f30239dc49abb6ddf65c831d5c02c729e6d,11542
Test/Unit/Model/Authorization/CustomerSessionUserContextTest.php,a664f8984dd12ec37cab4c41028d3c660cb13276c0854dab7ac6331695e7c1ab,2120
Test/Unit/Model/Backend/CustomerTest.php,179726e9aeb1e8f9c17af071d541e6af99c959f80bed0371d7ffe4b5f6ce0eed,1978
Test/Unit/Model/Checkout/ConfigProviderTest.php,95c05a8dde597c15f24f206d27a7e8e6d76cc35886b830cee99733915ce085e2,4056
Test/Unit/Model/Config/Backend/CreateAccount/DisableAutoGroupAssignDefaultTest.php,c2604edd186f038c7dc7edda9c086ed6f44c8c77593a56cb2bd2792f2df50879,1952
Test/Unit/Model/Config/Source/Address/TypeTest.php,b9c4791eaa6f4df404c79bd596ba3601f56b8bf9ed2e0a2d07100806c5d2ef56,676
Test/Unit/Model/Config/Source/Group/MultiselectTest.php,d180609bf8bb8c6861fd3e68ee5d43c5e764799f5c3e28b324636f387317326a,1849
Test/Unit/Model/Config/Source/GroupTest.php,2fa82863fea37a44fe1859261ad10ae831c6df5aa22667374ff0fe42be51eca4,2134
Test/Unit/Model/Customer/Attribute/Backend/BillingTest.php,0a5e9df49dd71abf167ea4ce81124e41f4bf76a286d67131f38181d04fd43389,3098
Test/Unit/Model/Customer/Attribute/Backend/PasswordTest.php,cda3519b42af88220e51c9a460a523b2dcdc0372c560ecee558b3564b928cd39,4001
Test/Unit/Model/Customer/Attribute/Backend/ShippingTest.php,e3ba7c035814171466ea00ad9591148eff5c7755cc86c4287eba06ec35c743fb,3114
Test/Unit/Model/Customer/Attribute/Backend/StoreTest.php,015fd04244050ffcab3c65e2714461b352c9d17619479559a95610979c671a3e,2879
Test/Unit/Model/Customer/Attribute/Backend/WebsiteTest.php,25ea16ae861798c19437af87544f69d22923e8512ccd98223c16f2e42a00e4da,2352
Test/Unit/Model/Customer/Attribute/Source/WebsiteTest.php,137f64856449d472c7f59bdf99f18222e9bfb43cd3830cc38b3603f5b358fe3c,2665
Test/Unit/Model/Customer/CredentialsValidatorTest.php,5a9f274cd8bda03d6420622dc0ea65f530972c1778ae5afcfe76c388b0c6945b,1306
Test/Unit/Model/Customer/DataProviderTest.php,94257ae03a34797eeccf8bdb2bd376be552a964d748e3378d864cc9283e0dae1,50400
Test/Unit/Model/Customer/DataProviderWithDefaultAddressesTest.php,1fa798c757d04b30c84a0bf39d2cbd1ee89aa4cbc747239326936e3c203edd20,17320
Test/Unit/Model/Customer/NotificationStorageTest.php,17f2f39c0106b79083560e3afba1a296214331f6bb83b0c26cfd84a0a02c894d,3084
Test/Unit/Model/Customer/Source/GroupTest.php,3ac8bd828d71298a0f0f5100c663367929d66cdc26f6ffcf145e8e5f5b4649a1,3779
Test/Unit/Model/CustomerAuthUpdateTest.php,f29340621d6156be6c07ee69097872758c04ca23a25e3f36a0b43913b280863c,3355
Test/Unit/Model/CustomerExtractorTest.php,f29650a06150c2f061ebc404c7bf78391a5f72cee25ad8fdadf6e55788850c51,6904
Test/Unit/Model/CustomerGroupConfigTest.php,f01cad92e025db5b10ab642170f9221737c72a25842db10569281095d8a2c2fb,2456
Test/Unit/Model/CustomerManagementTest.php,01ecc38be5b846af311b3b32f84e50528ef14382fd13453672984dfe63e9e3b0,1420
Test/Unit/Model/CustomerRegistryTest.php,12fc10213a894f90374130330c0556e7ef219070f1b851febaef3f007d3ac3b7,7713
Test/Unit/Model/CustomerTest.php,e8f3ab08d7479c5381a8adcbc117fb24dc0f1a8230e732a75e2e81df4ac2606d,15316
Test/Unit/Model/Data/CustomerTest.php,36411e0019a17ab4b599b20b600b27aac4fb574cf1000f136d21c85eb7d6b9a7,1952
Test/Unit/Model/EmailNotificationTest.php,ea73df65efb669c27d7bf65bf70bd6496ece1f202baa99ebf5a94c2ea9c4233a,31600
Test/Unit/Model/FileProcessorTest.php,8baca805f2e0f9c6da940384c7a2ff75422312bf27fded915aeb55f3ef9ac199,19621
Test/Unit/Model/FileUploaderTest.php,65bcb586545fc0a84aaa46ea4017253cfcafc753ebaca7a57c9ca42f93bc4110,6265
Test/Unit/Model/ForgotPasswordToken/ConfirmCustomerByTokenTest.php,6db0fd13e06de10627c6a8273c5d326997984b22015e9f9e91dbec990e164c54,2839
Test/Unit/Model/ForgotPasswordToken/GetCustomerByTokenTest.php,8dee69ef057d694d0cc0ab6ec79d01968286f405d40d6a2bc1132fc0f7623cca,3975
Test/Unit/Model/GroupRegistryTest.php,ceb9c5d65b64146c4eb2d60bbd31ffcb27e9bcd281c062f202a2c5a71f5542dd,3790
Test/Unit/Model/Indexer/Attribute/FilterTest.php,6c54d83496f2a8acc5c95bc0845271b188c047e9d3d1296eed514141dc9b430c,4841
Test/Unit/Model/Indexer/AttributeProviderTest.php,426b787869eb273595f0dd6272fc08b75d4162211442defac14122b1c796f1f7,12533
Test/Unit/Model/Layout/DepersonalizePluginTest.php,bf1e9287c41a9de1001a212a2f61b7b23464c68aa492c686ac04764d1e0a9aec,6803
Test/Unit/Model/LogTest.php,48c43e55c5b76b31b2a341a7ed6cb73e3a6c06f8d0897a8e790615f742a27557,1961
Test/Unit/Model/LoggerTest.php,e96b3bdf4b3bc8e3fc02ccdab4f46a0d5f98e12cf267c6bf0d2c19173e8910b9,5595
Test/Unit/Model/Metadata/AddressMetadataManagementTest.php,943bf2698a5ba82f1cad7957dccdd5ab5cf5ae5a8d7df17aefacc832cda04894,2811
Test/Unit/Model/Metadata/AddressMetadataTest.php,0807bf9e1f9bf7de6f18f8bf848bcb397bccfbd0d52e0d27481822248e6e0b4c,14265
Test/Unit/Model/Metadata/AttributeMetadataCacheTest.php,f9a2153dd137ec173b32152a58f7ede0556265618a4f686c42e56486fb6293af,8991
Test/Unit/Model/Metadata/AttributeMetadataHydratorTest.php,798910f9f8a34591d0b53b6c4fb9ec6bcba28347caa5daa2827b5d2a0d1391df,8093
Test/Unit/Model/Metadata/AttributeResolverTest.php,5443666cb2811f714afc665ca7cbe70e85fb2a17d1de69dc1b368efe73c67bb3,2959
Test/Unit/Model/Metadata/CustomerMetadataManagementTest.php,0093de7adafdf692d9336956ac7636251e3fac0c398fd4b60a7c860bc1665a3b,2740
Test/Unit/Model/Metadata/ElementFactoryTest.php,242aa7a8990a18e1ec92e4a6b2213f2d9e31007ac3de6b10221e81ad123939c2,2829
Test/Unit/Model/Metadata/Form/AbstractDataTest.php,44523f927576f483912d4b151e544b452954425c05f3a94638b415761f441b9b,12902
Test/Unit/Model/Metadata/Form/AbstractFormTestCase.php,9a126cb3a0a9ff08cbd69457aaeeb42f1b833294fa26d46c9bcf5c2f76224cb8,1358
Test/Unit/Model/Metadata/Form/BooleanTest.php,63e786d9cb0c320b6a1b00b801a72c81e50b3c1d30032fd3a6fd1782a46b0557,1292
Test/Unit/Model/Metadata/Form/DateTest.php,ee742e4a74b087bbbe3e779239a30cede40ce4e09db4f880676d65d20ba6f31f,8841
Test/Unit/Model/Metadata/Form/ExtendsAbstractData.php,0fc29b71a8d86d590856a3203f624540eca67feee1c24a90f8341ec90659b9fb,2404
Test/Unit/Model/Metadata/Form/FileTest.php,0eed51cf0e18d41c4555b3de0eb263adfa671db8a54a925149277073997fddf5,26702
Test/Unit/Model/Metadata/Form/HiddenTest.php,fbffdc706e8feec494627ed60b7f9566f436804a647f3acf063df798e6fbf803,789
Test/Unit/Model/Metadata/Form/ImageTest.php,f018344154e92fab419cf8c56628657fa153b1670f335605f77d7f67c414d696,18219
Test/Unit/Model/Metadata/Form/MultilineTest.php,0333d3c756c80799a6171e3217d87417729b1cef7a6bd6d9ca0048788d154211,3454
Test/Unit/Model/Metadata/Form/MultiselectTest.php,417267660d70575b1a5d2f5323d82ddf889eee029b1f603911e9df9712447585,6611
Test/Unit/Model/Metadata/Form/PostcodeTest.php,f6e9cd0c313155089b17bf221495e05a6fb91e3d3375a97a01a2f4deaf44126e,7042
Test/Unit/Model/Metadata/Form/SelectTest.php,03333ee7d5275ae5c085274c20cf6c7d9c6d1de9d655cf347663a8cd5349d918,5295
Test/Unit/Model/Metadata/Form/TextTest.php,8ebe45dee5e0e0de9118e3681b5365560feef3b5f7fd6b3e9c80420c0b64f9b5,6786
Test/Unit/Model/Metadata/Form/TextareaTest.php,a1906242cd390064e68cf945ad70b9885e3ecf8627ac22231d22fc786f071521,797
Test/Unit/Model/Metadata/Form/_files/logo.gif,0698fd8831eb5a2e246106ea0720768e6e49b4a4047c00d79faa88927d117c97,2373
Test/Unit/Model/Metadata/ValidatorTest.php,428d8674c49819e5f3179ac33096ba4c840d4eae93021dd8442943aa305025dd,4441
Test/Unit/Model/Plugin/CustomerFlushFormKeyTest.php,a80990a127405b86104d1843aeed27e21d9db944063a76a61c48d653c6f5f9f3,3146
Test/Unit/Model/Plugin/CustomerNotificationTest.php,581e761821b7695a7e86e71615a0387cd4efb87da6f3733ef2fae3743b1df903,5606
Test/Unit/Model/Plugin/CustomerRepository/TransactionWrapperTest.php,4dc87bbd6f3d245efc5a93abf579d729bfe84a5942895f8790a43ac026bdb88f,2663
Test/Unit/Model/Plugin/RequestStubInterface.php,f74e3d8274e0cab320b636ffceea77880081f905f47b3337069ba3806ca5531e,358
Test/Unit/Model/Plugin/SaveCustomerGroupExcludedWebsiteTest.php,f3e4c6ead829833044f3c91e3ab1d2f247d16074e410dbaf02ede2597695e8ff,9336
Test/Unit/Model/Renderer/RegionTest.php,e8343cb432d595b9bc2fd51bc630f35ac8e110bf46eb583b6f0927b24ab136f2,5467
Test/Unit/Model/ResourceModel/Address/Attribute/Backend/RegionTest.php,41a14455b907850947b0c3d626efc735c58cf66c2f08527f06e46f47c41cfedb,2726
Test/Unit/Model/ResourceModel/Address/Attribute/Source/CountryWithWebsitesTest.php,3bff0c77b5804a2c267b8dfee79943991f72821f71130ce4141c8bc9172bd245,4306
Test/Unit/Model/ResourceModel/Address/DeleteRelationTest.php,a8188d9fc993213b20a73eafeea9c032a6cbd37eecefbc1e7e3cf200adb4a658,4362
Test/Unit/Model/ResourceModel/Address/RelationTest.php,22062a74d5c56d657967560af82bdf26cf5415423e1c62adbc77b27609fb84d4,5361
Test/Unit/Model/ResourceModel/AddressRepositoryTest.php,f8ed7d4a8d71c94a770f14a04f53cf0e75d5e97741602f62a6bf9ced1b4575d6,22263
Test/Unit/Model/ResourceModel/AddressTest.php,96cd4a232a9bfe534229b61f4cac911b28d9a6b1fdebba509a0a2f80554b5b53,10771
Test/Unit/Model/ResourceModel/Customer/GridTest.php,0df13206caacd36b4c344f31d222f4d375454155848e93188468ca0b9d83e81d,4405
Test/Unit/Model/ResourceModel/CustomerRepositoryTest.php,fc909b58b73e816e552f57a297590c52b07c300e7ea243d4e502ada02ddcbeba,26385
Test/Unit/Model/ResourceModel/Db/VersionControl/AddressSnapshotTest.php,4e0041d11f4a410c0ecc52c79c7c19e0ae289d5685e52cc0eb8d3f5ab969e0e8,3953
Test/Unit/Model/ResourceModel/Group/Grid/CollectionTest.php,ff99546f048071cf61be0fe4014339ef8c0e0dc2a67846ebafdafe111fce5cef,4350
Test/Unit/Model/ResourceModel/Group/Grid/ServiceCollectionTest.php,11d05f554d41de39d8665e6ff346cbb0b44cfb9e77258e214835d487a91465b9,10153
Test/Unit/Model/ResourceModel/GroupRepositoryTest.php,020fcc6577ded8e31131f9d26ddb9a6f88315fb506097eb9625fbd1ffdfec1ac,17646
Test/Unit/Model/ResourceModel/GroupTest.php,08988cc996c8d44561fa723b39e88ea08394cf1740e6d5224554253396210401,7759
Test/Unit/Model/SessionTest.php,6cebbdc725f8ff2ee415c5037d619961bb6f54300924029831cad544ed200b65,10207
Test/Unit/Model/StoreSwitcher/RedirectDataPostprocessorTest.php,4546ac2af89dbe43c18d46091eba01f9e3a26afe35bc8ccae20bc07f506683b8,4523
Test/Unit/Model/StoreSwitcher/RedirectDataPreprocessorTest.php,0e0eaaaa7157e2f1385ced2db67fb858ef1da4bc4d768344d7642814e06a7d05,3577
Test/Unit/Model/Validator/NameTest.php,e6b153a0fd5e44c87b373e78c0f5c2feed7ab2c49a060b71637311088206544e,2960
Test/Unit/Model/VisitorTest.php,53e518966e299a85786928afcd66bdc1e2f5c538eaf3e0d29ab61d9e31ccbf26,6406
Test/Unit/Model/Webapi/ParamOverriderCustomerGroupIdTest.php,6a41c7995b61ed3e8381b9539282b3d325d36bd9ad41776da52e2b23d36b3ea2,2676
Test/Unit/Model/Webapi/ParamOverriderCustomerStoreIdTest.php,0bbfb0cb1e8c49b93a79b7b8ce01f68b88c38c1145a31cd90aa554bd763d534d,2676
Test/Unit/Model/Webapi/ParamOverriderCustomerWebsiteIdTest.php,712bca3fb48bdb94d47c15d84b2127c541f23d56fcedca8564367e835332fd71,2688
Test/Unit/Observer/AfterAddressSaveObserverTest.php,906ffda7ff4584f5fc8912ced2b528d5a9f23b57b7eb07c732020b7e06ba8cd6,23048
Test/Unit/Observer/BeforeAddressSaveObserverTest.php,7aad2920f0e4a0eecbb2485f094ba7f70bd5114b7947f0ce06919092e9e3c0f0,5716
Test/Unit/Observer/CatalogRule/AddCustomerGroupExcludedWebsiteTest.php,2cdc223b8fc39ec5d718d6bf9f220a2d5c73e9be9ca27593679378fa11c88cfe,3801
Test/Unit/Observer/CustomerEmailChangedObserverTest.php,c401da7db012f3a2dff10e5a311e6c3c2aaedee59730904c854692fd978d457d,13987
Test/Unit/Observer/CustomerLoginSuccessObserverTest.php,32f8e97ad0036c40ad7ab6513ab3c92f601eabab6753eeabc6366b172388731b,2015
Test/Unit/Observer/LogLastLoginAtObserverTest.php,4fe854b521818b7d49aff7a0e7783cd7862c28ac8ff761efdafe9ca45ab37c0c,1787
Test/Unit/Observer/LogLastLogoutAtObserverTest.php,3aee8feaaa8c7f2d4bb3c80c7aa56f667bda4763cd7a6d47e78aeb2405a612e8,1795
Test/Unit/Observer/UpgradeCustomerPasswordObserverTest.php,201e99aa05d16de12984c2dfdd89caca9860768f723dd82c92e6c058b392a0e8,4011
Test/Unit/Observer/UpgradeOrderCustomerEmailObserverTest.php,abc170e6d5f2f169e7e11c45aaaf9a9fa33a068da149c3a4b1801277b99134dc,7136
Test/Unit/Observer/UpgradeQuoteCustomerEmailObserverTest.php,6cf45d2ac3a93995d35da5c39158390eed00fc0bb51939d8749f7a3276db881b,3303
Test/Unit/Plugin/AsyncRequestCustomerGroupAuthorizationTest.php,11b247aa382b859c5a42c1127ffc3e898c34721d762f6a0eb30892195a8e8435,3380
Test/Unit/Setup/RecurringDataTest.php,3641de11d3ad1ecb30d3b3ad7aeb92ce86d25ced4018b58c5e714a833c33d8c8,3822
Test/Unit/Ui/Component/ColumnFactoryTest.php,4dcc2dd6c778b8af1868d4bf8990cb45352ad92fd8e33984cf79871062961fb4,4315
Test/Unit/Ui/Component/DataProvider/DocumentTest.php,9abae45252073c9e023d120a9d79da95000e677aec5907faf248ba958c35d663,8435
Test/Unit/Ui/Component/DataProviderTest.php,4ed78ae5dc2e1acaf4cc4444fdb726d481ff4f01b6233b81c48bc5e0c0ee0294,5315
Test/Unit/Ui/Component/FilterFactoryTest.php,95df8b024ba8873d6fca8eeef37db77139781508e1410df0d6c2c06d406e05e2,3351
Test/Unit/Ui/Component/Form/AddressFieldsetTest.php,af78a3a3f21ba4e1e40444793cb4e4ec533dfe9986731d6d342eeba99bb012c0,1677
Test/Unit/Ui/Component/Listing/AttributeRepositoryTest.php,cdd269a52d8b952b9af4896a7906553c08996fb10942c4e682f023c28ec02985,7035
Test/Unit/Ui/Component/Listing/Column/AccountLockTest.php,875abbc2425bc4fc02100c0e99977bef5f5692bdc1229471fe9fac9d194b3bdd,4191
Test/Unit/Ui/Component/Listing/Column/ActionsTest.php,7b428690ad24e98f3219e35e61fc749f6098276e1222ff0ef670fcbb8af1c020,3101
Test/Unit/Ui/Component/Listing/Column/AttributeColumnTest.php,75a060cd399c20565280304646286176f31afe2f922c20fb6f8f57a71b3e39ba,3698
Test/Unit/Ui/Component/Listing/Column/ConfirmationTest.php,5fa98fdf458cda4cc158d39c8c130a1679b963c01c0e2474c8ff0d1cfb96c78a,4023
Test/Unit/Ui/Component/Listing/Column/GroupActionsTest.php,68c34167a18d47f9efaf5a8712b1fefac43b98ea33a20ebb40c6314a1f9abdac,9996
Test/Unit/Ui/Component/Listing/Column/InlineEditUpdaterTest.php,020a883ff8625e4b94e6938199e56e286729b2e8e90f37202fcc6ae3f0dc5920,2555
Test/Unit/Ui/Component/Listing/Column/ValidationRulesTest.php,5c2020c590649b0bc3c12dda7fe201aed6b937dc1fb544d016c24523449af2db,2596
Test/Unit/Ui/Component/Listing/ColumnsTest.php,25cefe941415e4610bad68bd69070e5ac6efde0e1b0ead12b5ddd92179153f21,9889
Test/Unit/Ui/Component/Listing/Filter/TextFilterConfigProviderTest.php,ca53ec11fed25105c9f99225654526a7c4d352eb888313819d4ae682f7185cda,1680
Test/Unit/ViewModel/CookieSettings.php,78975424229874811cd36a1894199072726589316165a3dff7f3ab521be94b88,1292
Test/Unit/ViewModel/Customer/AuthTest.php,34881a5903806f98f444aaec913f94307470e0fed09f6ead7b6fc0b4e6c09c2e,1193
Test/Unit/ViewModel/Customer/JsonSerializerTest.php,258df3e4cafc8985f5c9828c16ef884095b98f3c54176ee47f935127d08a199f,1552
Test/Unit/ViewModel/Customer/StoreTest.php,8aeecdf1f4ecf4ebe5209752787b0c5e57b8257e14aff2e33bf69faefe6ad37e,6858
Test/Unit/ViewModel/Customer/WebsiteTest.php,6565e276205e04647d35b07bbc2d3e66950c77a50ca4bccb2511fb794cc116b0,3764
Ui/Component/ColumnFactory.php,e81d90dfce6300ee1b7384f8a8c00384f8025762435229a4e2315318108bf15a,4260
Ui/Component/DataProvider.php,2da2f8584d985281c2c97f3bdaee5e9e57647628ce49e8d0b7eeb76db78da434,2344
Ui/Component/DataProvider/Document.php,6d437dc369882e1740bb630308b2325b811b7e4b9e20822dcd17368a0e3713c4,7283
Ui/Component/FilterFactory.php,a11f8b345f67b6a6499a9fa1ea3c5644677b2a89331174166691135f3fac6212,2280
Ui/Component/Form/AddressFieldset.php,a48e34776880bdf11a7c06884e8543a552baff7a35df454cf9bda5ff1948a015,1249
Ui/Component/Form/Field/DisableAutoGroupChange.php,3971b91f9d7b374e7aea7b5676899c002843d51d0d656e690c8855868df50a3a,2011
Ui/Component/Listing/Address/Column/Actions.php,c139b1258b92bd493abadc572240c05eee8e2534b28a8fc4d792e74fed60720f,5169
Ui/Component/Listing/Address/Column/Countries.php,31ad6af97e994837713d18c822fbb07d96110aa1313657a4800e6b79b2efe2e7,1206
Ui/Component/Listing/Address/DataProvider.php,3a07ac0b6812984e8cc05b7d06ac3f7005374bfa19776ffb9449b7249b61df73,3050
Ui/Component/Listing/AttributeRepository.php,8cd732d41aa9f1a1fc35dac92d536622afda64544780530bc687691552e957bf,6753
Ui/Component/Listing/Column/AccountLock.php,1154eb03dfdccf28122e3b84a36ff76eb51d6f75bdbb68694f935bc95b86e99b,1072
Ui/Component/Listing/Column/Actions.php,565859378495ce3d21c22707920eb06482ae1aceae07d87642a628c61f7e02d5,1843
Ui/Component/Listing/Column/AttributeColumn.php,ba96b2a02da8dec9bbe2eac81e1d0538211afc538dc672952345bc8d9025e60b,2074
Ui/Component/Listing/Column/Confirmation.php,0618514850bd6ad2a772aee07438cf09fd3e9898bd98eecd4515a4c07f59f19c,3061
Ui/Component/Listing/Column/Group/Options.php,d6dc59a4a9179b73cd89d5037945a7208b59d5f14e7d37f0135012039e6651b8,1159
Ui/Component/Listing/Column/GroupActions.php,3a4953ff09989b39581de15e30c23e7cae4368e7754e17fc5e5720953654bfa0,4397
Ui/Component/Listing/Column/InlineEditUpdater.php,cbf9d87edd315aca8a951308ce61857485bc06dd8aa55e84f6a708281f82a003,2333
Ui/Component/Listing/Column/Online/Type.php,bb06975761ce11e88006e957c0346f3bec3a07dbd754f9f5bd7377ba56c19015,831
Ui/Component/Listing/Column/Online/Type/Options.php,3885fd772e0cd957e75fec73b6a85491a7d6e18a5c8674eb90c6611618cd613a,936
Ui/Component/Listing/Column/ValidationRules.php,e5448f24927c12a69721b3c0f1bcf546c219f7d95e2ebada8b82fad8e464a057,2172
Ui/Component/Listing/Column/Websites.php,e2444e1fe8706daacb7ddfe19464e45ea4911f203c52d7a264f3dd9202db2f21,1385
Ui/Component/Listing/Columns.php,4099796205acd1973df463441f75b38ba6751c7e7eb2448458fd93f3ac6ab5c3,9452
Ui/Component/Listing/Filter/FilterConfigProviderInterface.php,a80ad24c47d3d84280d65c1b2083af1067ff7633b4f2918a73c7b8d9badb3a4a,427
Ui/Component/Listing/Filter/TextFilterConfigProvider.php,48283e1bfaf928b7c419a0e769a2022c8547f9209d9648075fbc5c0a51a6ae1f,1287
Ui/Component/Listing/FulltextFilter.php,8ec4721d55ca30e2f3f4557783ed9f1819c482ce17bdf7864d4e23a8bcef1853,1063
Ui/Component/MassAction/Group/Options.php,c34332d269d084d052261728b5d7179e358b2c3b908deda91ea3afb408a38560,3532
ViewModel/Address.php,e885f0106b8d76fb9cfa66f6f00ba6d3f8bab08f82b78b9f97a633889e134d9b,2893
ViewModel/Address/RegionProvider.php,b97418087a02a8d31709effdbd4d81220f836d9947029f8dbfb0dea60e0d8a79,901
ViewModel/CookieSettings.php,9f5149dcfe10c58bfd65784642becacce4046112b0c76349989422b6cae18ff8,969
ViewModel/Customer/Auth.php,74d961f70723e403ca060d39391a2729166e4c52888dec1fcb344f755d703dc6,755
ViewModel/Customer/JsonSerializer.php,113e21c2f57b2f1a2433a6a5a9e0969949097196dae2973bad0aba4d9ac0c093,772
ViewModel/Customer/Store.php,dccafe7b36c1b64543d08cf24863c485d339fa804a35688c84294656cd00a137,3729
ViewModel/Customer/StoreConfig.php,79677237841a1151a2ae39fe87d33316549da0f471fec540973c86c3fc80866c,841
ViewModel/Customer/Website.php,5b3fc8778e438f3abc1ffc432c34378de5518f86a16ee080c767f64cd4d43d3d,2535
composer.json,b38e772ab773d0dd0da4dec3b05d3d14c1101eafb019106bb78ef47fc9439051,1400
etc/acl.xml,b5ee65c0399a97502a1668319eaa46ad39b17ea5cf31ccd26904bf2124cf21e2,1899
etc/address_formats.xml,371b18e5ae19424b4d045897bf363e67237b27bc3e5ea5ea5e91d1241f6b100f,483
etc/address_formats.xsd,f63f94ed2bd1c6c54e27ab2fb644a960e8a6c241483160d065f216703aa5a098,975
etc/adminhtml/di.xml,267e2fc6d1e26103eb8fecc354df4ecd397c592db139dc0e10b370d49c54b39c,2544
etc/adminhtml/menu.xml,400accb47d2abf449630d7454f65d7f7e0dbb26292bb8b7edbecaecc18a264d1,1161
etc/adminhtml/routes.xml,1757f2715749548ff9793ed88c4a0dfa6e40744af2af7923d289d27b3a8f6726,429
etc/adminhtml/system.xml,f4d53d46e50fe4606e6ae815ca2152c0360d5ade59b24411631e651d3ed058d9,24272
etc/cache.xml,c50f3dbdf637ddeef8669a48dd88b12df688cc544d0ee0c97cde786f1c12f9f4,519
etc/config.xml,ba7e1ef600e4076e7d7d8b9b73360ae264f9bb9a23346ff36d0c6c141263d4a6,6408
etc/crontab.xml,43d002d19ac0734b4c012ef9d9266bf2e9e5606cafda4e2591bbfc7310253920,471
etc/db_schema.xml,863ee55b2b20b871af922c7facc057c847755100a743ed84f561da94861280fb,37629
etc/db_schema_whitelist.json,45a10946712db33114bae7eca0f36c98811a0edfdebda5144a53a3c6a23c0545,12020
etc/di.xml,f5b8cb652dfd4d5f4ebf05f936cd87a86b9b049f39ecf68dfcee4ac89dfbaf65,36504
etc/email_templates.xml,81d27e3a13549159dd372b95110f13d7f889be248e7b3467503f538ca2297c1c,1931
etc/events.xml,398de9074517542530320d1c36fab5a711fba7f7de9bd17c4d053c9ce7385144,1547
etc/extension_attributes.xml,2405b5932d2e1dcead2e551acb81c32e9bbbbfbc361bbbe5058f01faeb70573d,454
etc/fieldset.xml,4dbd752ac04aeeb7e597c12e179d2d79cabcad23ecfb73921f55c697a849c53a,4816
etc/frontend/di.xml,0414c97458b15929809d5fd08391c181fd866a07d09b33e60d648d4a7194735e,7449
etc/frontend/events.xml,3abfe9a2848932064b143057883cff202669eab406fbf57797dada0e87cffca7,1689
etc/frontend/page_types.xml,a8ce6e2f1cdbf7b5ab51ed6bf5f7308a93446db811a481ee2d471778b5c7040f,1098
etc/frontend/routes.xml,514fd507ed98d79bce53f070905cddbceef37bab26d30154141da376620c8483,432
etc/frontend/sections.xml,74e40e176250f9d72b4dcaf0a9a6df4a18dbe829c2a6fdbf464f2ac0bc9b5c7c,770
etc/graphql/di.xml,99d218c6f8346c441429ea85de99c56b498239dfad40ec5436fb9dcc7a181753,786
etc/graphql/events.xml,fece5c5ed895e0210b10429230e2469b1905aa6ed2e5ea0e3f03a5bdbbb2881f,428
etc/indexer.xml,7422f58fbc1822980237cb1711d7eb8118662f8b7e5b9e9f18d556dd0609a388,3380
etc/module.xml,5bf758a19fbcfdbd24e7b917678f5cb4709f2f08624ded987015a58c7f9c22e2,458
etc/mview.xml,e69bb3cab1e1b90ef1e63d9a1e1a0ec7cbe1f864ce20371d0106a79a68529a78,389
etc/sections.xsd,d0f8407844354f33279215bb140e840451955096dd3243edd0d7e0fb2d88ad90,1820
etc/validation.xml,9c2e361797abddb47279b30f22e594bf73aa2748a6cebc331dd0b824e80a3055,2009
etc/webapi.xml,b0d6ed32d5138675c30366caaf7217ffb8ae8a8ccca71439314bc39fa859260a,12516
etc/webapi_rest/di.xml,1b02dcb1214cde39464f103fd1cb98bad6b4ca9ec0fc2c56301d28e289f66131,1672
etc/webapi_rest/events.xml,fece5c5ed895e0210b10429230e2469b1905aa6ed2e5ea0e3f03a5bdbbb2881f,428
etc/webapi_soap/di.xml,7ff75a71bb6ebfc587fe4206fd17cd0616d6ab57dca999ac32a07325509fe74a,979
i18n/en_US.csv,9726ee08357bd520a8709501300e7cc28a2bb434509f4f487b2521f2b55560cf,36398
registration.php,addb2c1066aad86dfd4b66b38069d51433638aa5f23e44fd8f2bfa9dbcbcf89d,246
view/adminhtml/layout/customer_address_edit.xml,94a63a4bb2f07d8bba5fea6afa91ac51037afb5d5f2195b771c038d56f32b422,498
view/adminhtml/layout/customer_group_index.xml,a017c6b29a5e297f5c63765ef68f87cd7e6530bd2efe2b891d304f7f754f9553,446
view/adminhtml/layout/customer_index_cart.xml,4d7f56aee2bbf3326976fb4a6b3d2f3cc6658473de8640d5e3a4601f566f6642,459
view/adminhtml/layout/customer_index_carts.xml,0cb787f18fba9de3165f269c86495911c739bfbb09def988f8760770197c7a2d,451
view/adminhtml/layout/customer_index_edit.xml,1a0694273571a8f945c46669fbe6664d3621e8bede9421923b1f366cc32ac796,1089
view/adminhtml/layout/customer_index_index.xml,78241f3f13295cff8d228ddf04aae36ea453cfc800fdfe5e9e9647ca07b1d5e8,488
view/adminhtml/layout/customer_index_newsletter.xml,265a29f0bfabb06e446a3c6fe34444f476a26fdd727abf6d10c29a45759859e0,471
view/adminhtml/layout/customer_index_orders.xml,c69c7530e6e8b8ec41a2a5abe7678735517243d97f42d9a6034fab3890c9f842,466
view/adminhtml/layout/customer_index_viewcart.xml,83f4063b6a67743c6c87ef89eb5a28111a73c3b408a8a9b3b0ea5f076fd8a5da,459
view/adminhtml/layout/customer_index_viewwishlist.xml,b4894e093d417aef6878fc7ff3e0ab1d184616dd7feb498796146d2ec5bb7bae,467
view/adminhtml/layout/customer_online_index.xml,4f2be09376ba7e1a8298c78e38592c3d7f4662ded539716bec5edbcb2e5bafad,474
view/adminhtml/requirejs-config.js,4af49f031fa3ff622c02c942684e25b3dee36a0e9e52aa67bb2918ae21f52360,195
view/adminhtml/templates/edit/js.phtml,81279c0a59cb8920f1998a3ad760dc453e33312021e5a1545cc59a56b20d4ecc,108
view/adminhtml/templates/sales/order/create/address/form/renderer/vat.phtml,9e60ff2ba0337a19d9c756401ff7800fa12874550e073da8bbfd7644eb5bce55,1345
view/adminhtml/templates/system/config/validatevat.phtml,99b69f9a69b1eebe25bd0d7795752bb9d510ed708a853e25d474d93e2c9fc0f2,2996
view/adminhtml/templates/tab/cart.phtml,a6257fcecfb6d3798e86b1c90e66ea3868c2a4fbecaa27aa7d1bd32a028d98ba,3063
view/adminhtml/templates/tab/cart_website_filter_form.phtml,a220f5ab8f1109b0ddedc0f9faecea08d6f2c28c6a2dd166618b5d41b302aa3a,234
view/adminhtml/templates/tab/newsletter.phtml,9837b1dd468b46eaea87c8b2753522d59fb50db79a9c076ec201a56ad059df13,294
view/adminhtml/templates/tab/view.phtml,8ca4e9ac0181c9c5b98872168f854246653b9bfd0e7085eae7cca1b38b19437e,283
view/adminhtml/templates/tab/view/personal_info.phtml,58c95da31d8ba3140d4a244a7a326523ef60af060495254752b7ea38167199b3,2764
view/adminhtml/templates/tab/view/sales.phtml,5df3c6ab53b21e8b8a5fa94b65273043bc5a6f6c0ceebdda94f2947839f43330,3674
view/adminhtml/ui_component/customer_address_form.xml,29c8c53a59c96cd8eb15304ba9a0bb48eeb785d2b7837eaaf235895a0fb7cab3,10446
view/adminhtml/ui_component/customer_address_listing.xml,ed15e4fbe8402e354a6467dacd0686f8fccdb3da7ec8e6a25a21e431e82ddacd,7334
view/adminhtml/ui_component/customer_group_listing.xml,8cfbcef53a199785082bb6f07b50b8e6fcdb93cd103f45fb5ed92db725d68f15,2966
view/adminhtml/ui_component/customer_listing.xml,d7c9b53b353e16682042c893de97fa1a9f71827b928b03e431f43629fc932b5e,13451
view/adminhtml/ui_component/customer_online_grid.xml,0592e195b881764439f8b793c6ef2b21ff03cceebbac06745ff12056da1d3ceb,3336
view/adminhtml/web/edit/post-wrapper.js,615ea67e9d8988e3b8c16f4e22c7f1465b18452903fa8bfe0d434d318bd26cea,1089
view/adminhtml/web/js/address/default-address.js,922a22d1d9ec1d64bc3d0485092714b5d69c993a4df3bd36d4557c09f720d119,1353
view/adminhtml/web/js/bootstrap/customer-post-action.js,9b170eda4548b59db1551cdafbcad04b8e59a735ec0f388d8eb7b3fc6bf1f019,155
view/adminhtml/web/js/form/components/form.js,8187a9b751f7efc1a3dddd2d69652ef7c2d52e270fa70022a851b6d1c582760a,2386
view/adminhtml/web/js/form/components/insert-form.js,afeeee38c2062d016126f8f276b87b41785e4b98f1fec1d787fc94720aac5f21,2646
view/adminhtml/web/js/form/components/insert-listing.js,1d7fad8226a1fe1d14f956241dc258ced8901b0d078a986b8c1b26999cf57df5,2668
view/adminhtml/web/js/form/element/country.js,5f18980e517dbf27f6b06cd191f26dc67bd083802187683b02dda8667af39a9e,646
view/adminhtml/web/js/form/element/region.js,068949cb402112daea2bd941373fe3bf82d68c1d6c9dad5db9ceb8f901ba8c8b,999
view/adminhtml/web/js/form/element/website.js,a6838648dfa7c568fe3e810bd3848ce982e08a3d80f4632d2d62bb8495d93e2d,1711
view/adminhtml/web/js/grid/columns/actions.js,923cfdd02bf3002966bf7b929abe9e759c9120a123d5500f464c7a59079fdfd3,3115
view/adminhtml/web/js/grid/filters/chips.js,82e31da19fc38c0a90d8bb9a5012d533112a8f1d1ab4fa9c8b31abb0982b338d,507
view/adminhtml/web/js/grid/filters/filters.js,65994ad4f9a3dea0a83d82c6f6b779c5ebeb3b4133b0e1917d1d4d6fc7d7f432,468
view/adminhtml/web/js/grid/massactions.js,1e91d0eea3d24b558884f1e9fed18e3ef163ddc4c9ff2b61df92cf2fa8d7a73a,3002
view/adminhtml/web/template/default-address-wrapper.html,2a5da2855f243c50de9506023a325252afb30902983ad7832209213496f48667,205
view/adminhtml/web/template/default-address.html,f9e9b6da65f79f0c352689f12abbcae72a102ea35902f4faf484a5d35788f301,2437
view/base/ui_component/customer_form.xml,62135f5be0c49203c2ec5fa4d11c165fb005801f007f350fd39b9c14b2cdde3b,27771
view/frontend/email/account_new.html,e7645387d9bd4c5a71989d52a154df393a034250b63af254bbbf130a21669b37,1835
view/frontend/email/account_new_confirmation.html,45f61ec328f4257a8531c5f3ea178a9998f7c6c994a5fe5aef21d38260948084,1491
view/frontend/email/account_new_confirmed.html,9cb773b327e9f8f75324632f8e13f137abcfdc955d9ed1a5cd672907c1b91f11,1861
view/frontend/email/account_new_no_password.html,ad2b20cc823092d0abf5e94f4ea029ca758f6ac4f4a9aa789c53c2edd925b444,1510
view/frontend/email/change_email.html,007d483866291d9a379eff6f2b787cafc5d0cb3066807cffad30b3790c0dd02a,1020
view/frontend/email/change_email_and_password.html,05511391f20494b3f397c974aa6111437f5d731175e05a55ebb53c8d4bbf5d5a,1043
view/frontend/email/password_new.html,8328f3706beb4aece0b4de5d0c3cd1b4f0ad0feddb09a782412eaaba06454ef8,1544
view/frontend/email/password_reset.html,3469d889191e9d52ba021005fd5f366c98871816f96c9d4f640aecea3886c46d,1026
view/frontend/email/password_reset_confirmation.html,0369aa4da44cb5420f86c3f1472340d9bc6b62052bb9fc896c3526ae1ba9d478,1475
view/frontend/layout/customer_account.xml,af99b0d0353cdc0d7b927c3b78d5470aa055f03c9f4180474315a4f62d91ee3a,3576
view/frontend/layout/customer_account_confirmation.xml,23c97c53e3e6c7b793b864291dec95eaf08e5c1e6ffdd3528dc3f89d59c4df12,624
view/frontend/layout/customer_account_create.xml,1eabc05e1f19138c59f569f7435aaaacf7d6671b5d22c8116df422074ce4d548,2262
view/frontend/layout/customer_account_createpassword.xml,87bbe602123bf00127a3210c9ae04fe668d79486261f5b89ab7e484ad876b518,881
view/frontend/layout/customer_account_edit.xml,bea37ae726f0d5a326c4c7feaf718358db526c2d511dc87de05b59b1b1546ed5,1427
view/frontend/layout/customer_account_forgotpassword.xml,53d4707c236ac4f45a960ddd86b445cab34bee24c2fcb4ff971949180853895d,1155
view/frontend/layout/customer_account_index.xml,8f2c38979c5ace46bf0b374a44d5578f63e47ba0fb117303e3f71185e4c35418,1217
view/frontend/layout/customer_account_login.xml,c572f49e6e9aa5768ef44b01391199b86876718e2b497e13e0090d96cb89fa19,1910
view/frontend/layout/customer_account_logoutsuccess.xml,8f2cab9d278c339dd647cece0c07c0d4c043d7473393bdcb675c472ab60b4869,783
view/frontend/layout/customer_address_form.xml,14fba90e97fcfade603ec8237887765d79a9c7afb49ebbfeafe3fdab8938f325,1665
view/frontend/layout/customer_address_index.xml,c156d2ad08c1b1a0b6d7b0f28bbcdb10e0f7a2befa795665714919408955a3e8,968
view/frontend/layout/default.xml,eab0d197472cf5808f829150b84e8cc413d8ffceffb69d147a757333fc98fb9d,3737
view/frontend/requirejs-config.js,a1ac1ddc33cf5452f8cd89e8b9bd46ec2c47aa74e6508e6ce55c69928070f31e,910
view/frontend/templates/account/authentication-popup.phtml,2a893917356127684af975cdca66e6ac0d31e47f8538fdedf174fc7a9d9e6c71,1394
view/frontend/templates/account/customer.phtml,abf83d6c85069bf4ef3a3c1f5ad1759c68a559b5a445e9fccba04a367816060d,1386
view/frontend/templates/account/dashboard/address.phtml,11ab5dcf6ae8f63390b67a54719b64c4f9120e09fc8aa3df538f6aae86312537,1864
view/frontend/templates/account/dashboard/info.phtml,4f7a598d282c7609c3d4d29d6249640b5c3d138b3d9aa92017cd9c5c13b7f811,2447
view/frontend/templates/account/link/authorization.phtml,4fe9d2fd8de14d9cb2221242bf511561bbe1c7ed44e58e061ecdf43088fa5368,601
view/frontend/templates/account/link/back.phtml,6e4f49e82f91ec13c42a1f5bbd896a218ea8d06413832af561046fa3b340e068,310
view/frontend/templates/account/link/my-account.phtml,5cd8a2c1000878b576a81ea44e275f5a7783afbbb4295db3a4e1b6d00c36ebfb,363
view/frontend/templates/account/navigation-delimiter.phtml,257a2379e2dcd7c537d3c533c033497853a0788a0817ef98e17c4cec7516b9b6,172
view/frontend/templates/account/navigation.phtml,c26280646f4baecc0a22077ddc58c2433da58989f3fb12db77d0dca89ecdebe3,499
view/frontend/templates/additionalinfocustomer.phtml,741702c6e7fdf6670867b75d08df41f3246ac651e57212b1a40068797aff4ee2,350
view/frontend/templates/address/book.phtml,aebb9b3a7f5c941c278ec4724aa2470ee1e7cc0f3598cb0b16dc91c7f8486c4e,2824
view/frontend/templates/address/edit.phtml,640af4dd745fadc280fc2c19ae9b116f2a1e766e7601a640e8abea0b32e84cf2,12355
view/frontend/templates/address/grid.phtml,f6b39ebf5ee533bebc38f728213d357dd1671ae227f33cf358f9edb4d5c80535,5298
view/frontend/templates/form/confirmation.phtml,419666f8603e83f3ec9a588710eb12d2964bde03e6a7969b8cb49658ba1e1b46,1454
view/frontend/templates/form/edit.phtml,91ccd694dee23e3cd54cc751ad0a666fef04445ab3327fe5b1c3fab1ec41affe,9304
view/frontend/templates/form/forgotpassword.phtml,962001939bf9fb227ac3638699ddf37ba1ef0d9f9a77e3fab235cb0a3c35f4bb,2129
view/frontend/templates/form/login.phtml,614fdc5c6630fe880986bdce4814a5ac307f5e2191546849eba0c58fb6d41828,4089
view/frontend/templates/form/newsletter.phtml,c110764c66ee77d14b0be6a02fb3a91129caefad3f265a32a4a9ac695a73d62e,1659
view/frontend/templates/form/register.phtml,5589140456d52adcbd7f2b830125c31ab7f78955c316250da5c7b352bcce70fc,19379
view/frontend/templates/form/resetforgottenpassword.phtml,1ba3e87ae58c3b168d941cda75088ba9ef7f531d7fa55ea13e224d62b8c8ed47,3291
view/frontend/templates/js/components.phtml,02c41835d0b68068a13d97ba47a5e93a3cefdd57cfc7cf905b283c99644be3f8,138
view/frontend/templates/js/customer-data.phtml,54e9d1287523a19155ee4c64d5aa28e15e9951cd461762def49b38b3161d3a16,1701
view/frontend/templates/js/customer-data/invalidation-rules.phtml,d431816b685603d77fae24752e139a2c2bd7feb5aca55b709bee56dcc8716fbf,720
view/frontend/templates/js/section-config.phtml,cc91bc4bfa68eb76c36b80568fafb79a1467075773d5f144bc8a963c0879929a,1115
view/frontend/templates/logout.phtml,3f795aefe1bc28b4697d4ae373285bfd4a64377a1cfa6f1e62d5140efcdabdd1,507
view/frontend/templates/messages/confirmAccountErrorMessage.phtml,383b1eb29407921aa15d1c70b0d83b1d8568cefdf96d3512066563821e51a903,403
view/frontend/templates/messages/confirmAccountSuccessMessage.phtml,5231b73921522aeaa5c302490b49e5cca043756eb26bb66052b2c9051fdd65e1,359
view/frontend/templates/messages/customerAlreadyExistsErrorMessage.phtml,784678ebd7be6c8b2f91d3546a9df0e08448fe92be69ab4f5964d7064319ff50,405
view/frontend/templates/messages/customerVatBillingAddressSuccessMessage.phtml,6755dde792eab5597bed97e166dcd998cf8c1a3d6f69ec77f9454c75c5433533,362
view/frontend/templates/messages/customerVatShippingAddressSuccessMessage.phtml,3fe8c3fa6b825d450dc49da06c9f97885b1286e40158e780f763013f8bfeedbe,363
view/frontend/templates/newcustomer.phtml,6a00246b0cfae4702dfe63af3449947f95a8292bd1aabd73d419df9d7809a259,990
view/frontend/templates/widget/company.phtml,2c4dd53ebd630fb903bb371f60b14bc3db896941a813ed99b6677755fa378940,963
view/frontend/templates/widget/dob.phtml,ead83e5f092231af50fe16a7a8f8e4f1b61889a6226071b195d8edf3a3cde24c,1932
view/frontend/templates/widget/fax.phtml,5f724808c38c97e80fe9a830d0455c974acaca3e66282cf0c055c1aed3a5e50f,927
view/frontend/templates/widget/gender.phtml,7d76c697e345212e7c3a44811c38d8508ca9e426159a5d6fd7c5b8437fe60f7a,1207
view/frontend/templates/widget/name.phtml,9a522dc36628adddadd913c5525534a407dda136a7b5c455e19d111c060952d6,8926
view/frontend/templates/widget/taxvat.phtml,93b5291748116d887193782f2014e9888e73171d87041213d21093b51d25e992,961
view/frontend/templates/widget/telephone.phtml,d5b6c541de3f27722c91077daa608c2e87b7b4b3cc5cc1135a79b2d835d34550,832
view/frontend/web/js/action/check-email-availability.js,666a754b85202b0b41bc279bf5d4b3b609db48f71e6a5718db11319aa7193402,737
view/frontend/web/js/action/login.js,0d3ae3ba3d3c3ca21129f2cde898448aebfc3b8cdd531fc1141ca37ddec97669,2375
view/frontend/web/js/address.js,33491a5ac02cb829c471d96b65079b152c4f109eaa806dd17f31643548ce9ab2,2419
view/frontend/web/js/addressValidation.js,a81fb29e4e7c75508e5afe1abbb58cdf92c92ac6d9e3f234aeb3334adc605a2a,3476
view/frontend/web/js/block-submit-on-send.js,2919a46456505b97646912f07e263c2d5f17bb861efc8692c81c5940c3189696,709
view/frontend/web/js/change-email-password.js,d1ed9e7fa9ef71e4b5cf5bb2d96b4a6eace9db2397bbe57ebdeeabd5efd871bc,5621
view/frontend/web/js/checkout-balance.js,3e58d6ebb7f3e70d394460ab29cef5e011c8e4cb2e263d92ea65c86a716ec7a6,1223
view/frontend/web/js/customer-data.js,edf27609f81bfab8e9f54d473cfd1c85df14dfc0ba710916ebd280698862e0d0,13971
view/frontend/web/js/customer-global-session-loader.js,db55edae58a5b50e8381fcc4b41eee9e6eec8a68d26bcb7bef3266523db7d5e2,761
view/frontend/web/js/invalidation-processor.js,d2dda771b95702612eb7c911d7f954d5d8f1570d337adc97ebbe3b5d1b8e7cf7,1272
view/frontend/web/js/invalidation-rules/website-rule.js,299748930082b4999ae9ac88416c634a5b3606eb8428e4b63278e1b192a643b2,855
view/frontend/web/js/logout-redirect.js,9c76f1653b2e5eca273e58ea6886547f4084ffd17401e4aaa2d002f46d37bcf8,270
view/frontend/web/js/model/address-list.js,3ac682ab175ed497762a213f53dd6fcb2de55dca816d7cfe1225efeb81c6d9cd,287
view/frontend/web/js/model/authentication-popup.js,8b54c9cbe91931af1ada734b45980b2e9ffffdc6dc1b97fe29f5d0c41894ca6f,1010
view/frontend/web/js/model/customer-addresses.js,1eb6f18ad899bef0520f574247ec434a16c3c46d949eb742aa71324cb33030e1,793
view/frontend/web/js/model/customer.js,8d438c4b03e8c8e17d3dca24726076435c6540cd8524192175fa1a86f7450329,3909
view/frontend/web/js/model/customer/address.js,a3b231817a59856d972fab96a57dd25272d5a2c59893eed48fcaf4845183fd54,2896
view/frontend/web/js/password-strength-indicator.js,1eac11c063ee68dbf887ba0233344b19aef2ec9b680d1f819402f92a9b473e1c,4969
view/frontend/web/js/section-config.js,3d90fb5973182bab3a283fd07c31adee6e02883542d34e876075b9b53ed3b7db,2765
view/frontend/web/js/show-password.js,e7484bdd009349df05d6662f52511d3f0b6fab0cc54ffb1514fef3b17f82b1ae,1070
view/frontend/web/js/validation.js,896003c8558648be6a5a8649b93636d2317688b16ce53475c89e8d9382cc2365,934
view/frontend/web/js/view/authentication-popup.js,9fce034b297d76771133d0d4fefbdf54107616cf1cb838d93a0ab35819a25837,3417
view/frontend/web/js/view/customer.js,e90605dd38cef94cd4cdcf494d3feddb87facacec7bd08cf2409b9fbe0507e69,423
view/frontend/web/js/zxcvbn.js,26e416b33c6a6cd58aab41a84f5bb6bb2ecfc8f02ab6e45344251026cedd755a,52004
view/frontend/web/template/authentication-popup.html,427d6b323c6614377e13502d3168da1ddc91ab24b569c725a674423d796dbdb7,4657
view/frontend/web/template/show-password.html,e679136ba85700ed22f7df78b23e46b73b3a1ad9c1cadd7fe620e6aff6809a75,387
