path,sha256,size
.gitattributes,cd9deb608da9ea7a1c2be832c0119e48bf27fc558978b5b22d98667a7beffe55,90
.gitignore,0ada9a3e4fe546d924a364c0cad08df4e12da5583e6dc895bf35107fd9cecd6c,443
.travis.yml,bb513540aaaef2afb0cf96dcbc4841c413bb49b2bcc2db0e46675d7c33cefef1,1146
CONTRIBUTING.md,16cbf8bfafce9046b2a949744e1001da736247348b70369e004f51739464b105,2089
DEVELOPMENT_README.md,7cbb79f3142c42d8f4d5dcf42811e57a43b053364e5e6076d5d8bb254563be36,1822
INSTALL.md,cbaff202a158ea6dfd992a0c4e41909cfe01e246c5f06d4ed25d41f499b2d916,3609
LICENSE.txt,ec23fc793e0472d7b34129069b71acb3efbfa3700c2317c7819657b30ba52e29,1548
README-GIT.md,9ddf0c17bef09d2c22bc86df7ad7facf51d88ac906207765c7639876a18817d8,6591
README.md,eaeb50d9c908720a23750efb91391704428ecbd3846304e3d02f592e4b8d94a7,351
Vagrantfile,905096cea288de51c9c118ac2bc7e9863db951ea460d2fb52a03a91cbd79e997,1339
bin/classmap_generator.php,43638c4765ef1405690eeca60fcf75585ed3e5c8f47085cdedeb9354e05da09d,8557
bin/zf.bat,cbddd37a3976d8794ee4fc89ca861a990e5ea60ab2bae815e988715d954ddb39,1258
bin/zf.php,dea15186daa23c614712a15e2f5868d6534531c823832112e065620201a4f0f8,19616
bin/zf.sh,e8f00595810a885dad8e22b208e4b5aa08b708dafc9eebb3528e01648752e409,1409
composer.json,55a3f9ebbeff562e2da6982eb633f5b747bf05806e883ce351786d44b2e84e3c,756
library/Zend/Acl.php,7246c2e8899797f3e5241030c0cea6575494eac2d4286a776afe998258be7e3d,47289
library/Zend/Acl/Assert/Interface.php,9aebf2744b82afb0f41b99c83f4c40945992f701872b19f67f8f9ae64e7c148e,1962
library/Zend/Acl/Exception.php,9b6cdbf893767c3e1b8b5d471ad5b69b8c7e0a05bfdf908cbd0be3423f73f3d2,1035
library/Zend/Acl/Resource.php,f86deab6e629a409b16d9ac8ffeacf7f59da2aa630a13b8d347d830eb40fc59a,1829
library/Zend/Acl/Resource/Interface.php,6565f3273171f602edf676b254f028f2903d63b287a756b077473731f4f0c1f5,1092
library/Zend/Acl/Role.php,0f2c65d599e609fdbad9487870eadc64c6c30d7fac61f2cb659c34c138a5d526,1753
library/Zend/Acl/Role/Interface.php,8e35cb6dacaf02ce9f9fa5cc3d4ecce54a5ed29d959b9cef36459ac749b5f81d,1080
library/Zend/Acl/Role/Registry.php,bd386eb93415e46c6fdaf98f7144ae8494d6104769d85881a42dd58574fbb4c9,8780
library/Zend/Acl/Role/Registry/Exception.php,c99840d8d3c29f78b29fd1f9c4daf0564790bb4aaccedee101d2fe3ac78f210a,1061
library/Zend/Cache.php,67becd7039d0e057e6349f0fed7a1223164c4fb33d82ce195bff4384f8976620,9676
library/Zend/Cache/Backend.php,ff6aee8b3422f7a16d51eb3bce4945520e97143f3d4a5c02d31cf689a1f963b3,8356
library/Zend/Cache/Backend/Apc.php,1bae0422905b4f3a6a8feacbf0bbb9360c32ccc503b005f135ff385f82a97985,11039
library/Zend/Cache/Backend/BlackHole.php,96b41b3eedeb70a6d8aabe6aacde89fda443f7b7f268eb59cac4061d82a657a7,7408
library/Zend/Cache/Backend/ExtendedInterface.php,fd30effed7d8b73f0ce8a8b676bdf88023cba3ba48f1178becf227f9a4f2ce02,3976
library/Zend/Cache/Backend/File.php,a9df196a56bf60d04f0b74123aa9984ad71685c25f5124df70da3a131e906f12,35910
library/Zend/Cache/Backend/Interface.php,220423ddfe80922c95ed0dc989ee57ea0e45ca9cce77b7d7ce651d61c9ff10da,3855
library/Zend/Cache/Backend/Libmemcached.php,937738be63dcf71eb630cb5f5a43bfee165ec3c1df1b822eb351240895d0eaae,16235
library/Zend/Cache/Backend/Memcached.php,2c53a1bc5f586c38e5d3df074cfe7bf1b4f941e2a6c9314610b07c0925ba1924,18048
library/Zend/Cache/Backend/Static.php,ca1659d5dc9cbddfe3e8ce1a48282050864fa33d96ca7468e6a05ef3f6150f2d,19972
library/Zend/Cache/Backend/Test.php,ff9c52bfe36ee9da5eb49b8277ba637fe5b109b7624407a833f69433ffcafdcd,11897
library/Zend/Cache/Backend/TwoLevels.php,91826172002185a8571b7efe5f24b51884356b8b706c93e23b77c76badbc73b9,20497
library/Zend/Cache/Backend/WinCache.php,e0a1a67fbcecfeb6df3ff946ad02f09861d831d3f578927d70e6bff58219890e,10919
library/Zend/Cache/Backend/Xcache.php,7684135195e0607a784a4f1d3e92351027f13af3c6e883dec4cb5c975f810743,7299
library/Zend/Cache/Backend/ZendPlatform.php,37355bc72ae3ed45228abd2a84b4d7ecec01981049ab7c05d3096744d09ce88b,11929
library/Zend/Cache/Backend/ZendServer.php,961d7d30a92f7809f4c4db6369f884bb034984670e59693bc10e59fb788c7815,6450
library/Zend/Cache/Backend/ZendServer/Disk.php,75fb5a668a792e5b5c44b0737bf76dab110555c32f50d8c0f5b7364f1fe11b03,2931
library/Zend/Cache/Backend/ZendServer/ShMem.php,f79763a06434a1660c400f9982773e726d97df492b3c8ec62ed061590440855d,2903
library/Zend/Cache/Core.php,d19b3d2d800e2253d5d65f58789cef5657cc050070843173d92342abd15e25eb,25781
library/Zend/Cache/Exception.php,aba3c77e19efb668b58fe1650c2d7528479b6531dd7a79cc7f40f36f889edd92,1019
library/Zend/Cache/Frontend/Capture.php,c0db04dbbcb3b6f9374a8bd343a6abe42c0ce3631c1bf1d068a0bd6bbd41ab1c,2399
library/Zend/Cache/Frontend/Class.php,fff85c9924abf20476a8165bcf6e1b5622e6adba30cde6dc2dd4611c35ad2908,7832
library/Zend/Cache/Frontend/File.php,e151c4ce0c7ce336bf6554e0a44e0ab166a519dd20998c6c2037ffc6ece2d2ac,6890
library/Zend/Cache/Frontend/Function.php,eb9c484587f70e8468000117a59b6e8e8c4ca1001416c197dab125ea16558b80,6011
library/Zend/Cache/Frontend/Output.php,8a307d98ae0e898c622b696a463fc19a52aa6ae58871b1b44a0b38d7d016a325,3415
library/Zend/Cache/Frontend/Page.php,cd0a1cd7179db8f537228094b80b7a87c02ff7a2858b2d7cce4ca8ee9efe2289,14331
library/Zend/Cache/Manager.php,8a8525c5e921c4bb238ad53967d6bb85dd0540e4b0153a5185f8d5a40dd21cc1,10102
library/Zend/Config.php,598fb54ec91d24a758dc8beeff050e44ecbf35129338d48db224186ea687226e,12914
library/Zend/Config/Exception.php,1b36ff44446b542e6293efdf8371281c84b775e42361278f9e1c77a4c886f0de,1042
library/Zend/Config/Ini.php,7f753b34ed9409062ec146299a605ceb9c1645f13597890d95590900764b74fe,10828
library/Zend/Config/Json.php,5357073352d44db9d384ef97ab3b804418555aa1cf28bfd14fce092603703059,8377
library/Zend/Config/Writer.php,39b479d32d573900a9144cbff64a02402428c7171faf3915bfe55c8f5b99d1d6,2431
library/Zend/Config/Writer/Array.php,f8162fbdca7895f41eeec00d238ce3acde1c4e80cd109a001c9a4e9be5b09a15,1588
library/Zend/Config/Writer/FileAbstract.php,c38af8808e553a7752433e4868864c557c4379ce99e726c731ec417910d873d6,3427
library/Zend/Config/Writer/Ini.php,0ce390cac5475cf7e2db193548e78ca3e804713c7cc092872ed597016688220b,5702
library/Zend/Config/Writer/Json.php,b4d67785e96ae4089e1406531bc7c0ec9f0c7d48d5d02d10303326b38c7bf0a5,2982
library/Zend/Config/Writer/Xml.php,39f2ccb8389476a9ee57f368b36b24065a50732650d969a847dce41825053a98,4100
library/Zend/Config/Writer/Yaml.php,89be7a50134178e7a4094af46a97ddf62db2460960c69871ae15b722c2459f21,4096
library/Zend/Config/Xml.php,f30e00006d20962ac6d0c46c00c18df73c283c6bf2ffbfaf72c294a308d413c9,11962
library/Zend/Config/Yaml.php,624bfc614246a2414a223885be8e8ad5f1423367a450476c00cfa4afd9195ead,13260
library/Zend/Console/Getopt.php,0557e5150e41ec54f7259d760b614da4023d970df4f472fa1d3c7cb50ce1e0bc,33471
library/Zend/Console/Getopt/Exception.php,ff5755ffaea1cad50d99f5f4712a1bc48f5f121f1af148d48548089cfb3e1144,1574
library/Zend/Crypt.php,958d397ccf4be33990ac95acecdfc1775a2d53b53def692cdb8da9c954c0bf44,4470
library/Zend/Crypt/DiffieHellman.php,7f169114448d18ed2325eba0d4b43c4edf4bb2f05e602e35b2c6c38a5a514ff2,12790
library/Zend/Crypt/DiffieHellman/Exception.php,aaa171da46f1db543a2ef6ccc1509a970e149993ec3c04821345465f6a83c9be,1101
library/Zend/Crypt/Exception.php,f05fab8632defcd604220ffbaa5d2a94015683894bf67d1463776c9376f2c016,1040
library/Zend/Crypt/Hmac.php,d91b7c5e20e51ae3801e12b95da6c0c50e06c025c0d48f3c320848c798c2796d,5668
library/Zend/Crypt/Hmac/Exception.php,c569bbcb39720870091432377582a60c26ec1758199a68ff7cc0350f960cd93f,1083
library/Zend/Crypt/Math.php,a523c63378b6f26917f84fec2703e680ee4325aa932e7e77f111413c8044970d,5646
library/Zend/Crypt/Math/BigInteger.php,9c8e722a78fe2e7850d9778362fc4df4d5547e070a4930c4d63fe9b3871885e9,4645
library/Zend/Crypt/Math/BigInteger/Bcmath.php,cf7bfab7cf895b05345f888326c56b61ed68ee60a45edd6bb49efa3341e6d5ef,5912
library/Zend/Crypt/Math/BigInteger/Exception.php,ab149f56ae61031ce595bdcf0e2252a317a855e04ba01abeab6f8d81c2e153f9,1109
library/Zend/Crypt/Math/BigInteger/Gmp.php,1f620f74f7c6ec2259637586789f80a28a7e0d1de3b6e8d08705db77d29e5d08,5737
library/Zend/Crypt/Math/BigInteger/Interface.php,e4631eb9daba3d362756da9d4b6794b21caedfd7f761f84ab13efd72c0af5aa1,1843
library/Zend/Crypt/Math/Exception.php,b4c3a78cf8ccad7a1a1bbebec2cad27fcab0889368261eb2d72e739d0aff3190,1083
library/Zend/Crypt/Rsa.php,3ed586ac0c3508d4a1b55e4bfced33c2de6d0829fdffe4fc520c533eb2cf8ec3,9537
library/Zend/Crypt/Rsa/Exception.php,2d183e0746769181f74ccdc3c5a9a658b4d877ab530444dd1c54045f3d2fac73,1133
library/Zend/Crypt/Rsa/Key.php,d9a0e1461a60eb533572cb85975858938f6a65e1ea4ee7fb7dc7b12924482803,2251
library/Zend/Crypt/Rsa/Key/Private.php,331020461241b39b9b8135819dc9128510ee3ec34b1d4969ade48c38797e123e,2200
library/Zend/Crypt/Rsa/Key/Public.php,917cf4fdbd8a990d6b8678e56ed87fa80261b173b980c336cddda91eab9d961d,2115
library/Zend/Currency.php,ed299c94fe276b3d49205213b7a0ff8c7d65360d08c510734697685efb334050,29679
library/Zend/Currency/CurrencyInterface.php,154bd793faae2a005cefa20653993b2e2d48132c139d3a7c57d3dea68dc80ded,1233
library/Zend/Currency/Exception.php,1c6c572cf017f6096a2acf5f2eba6cfc66bd4c739dbd8f9a73123e8a080b5de8,1077
library/Zend/Date.php,6fee3231bfeac1b627d5c64f122aabe8d90e8776f5851b4648ea03192cbd9146,201054
library/Zend/Date/Cities.php,19f9e02868f58dc3620d3fcb3a4cad31b1cf7837667fa96f77f04ff3e608bd1d,23742
library/Zend/Date/DateObject.php,1fd607f0aa79911fbb01384ea61aa8a7408e85d21806b060d53686d8fb41e982,40387
library/Zend/Date/Exception.php,598721e35ba4b0fea151fe109e6520cd66640fb2e60e447118833274db06ce33,1311
library/Zend/Db.php,cb7e4e490ca421896152290964955b6fcf1691797cfef360fb54a2db63e8149e,10091
library/Zend/Db/Adapter/Abstract.php,7220668d95b6e513e20019be6ca862004d7234d64c81049d81f6b04e07ce46b4,41466
library/Zend/Db/Adapter/Db2.php,07c9320cc26b98481a793fed2a0dfc0762dc32c61e926926b394574bba78c219,27534
library/Zend/Db/Adapter/Db2/Exception.php,6bdaf22f6a643e26d639ccf2d74bd92750b770e17b139b0e49d81eace3a1b166,1362
library/Zend/Db/Adapter/Exception.php,15b2dd7608cbb8ccb28290a8a3f54fbc3785ba4d9868582cd98556fff518ea5f,1548
library/Zend/Db/Adapter/Mysqli.php,6f0e34e3d58bbbcb5bb655f164d1d998e5b944c8be6c608b2c761a03508f285e,17519
library/Zend/Db/Adapter/Mysqli/Exception.php,e44acaacfb7bf61154c8d5f3222d6554d26bed00d5debc9741d8bc2d676985f9,1141
library/Zend/Db/Adapter/Oracle.php,9c6277dca519f30a04c888d8542a2c0b883ea64037930b8e86bf33fef1920a28,21634
library/Zend/Db/Adapter/Oracle/Exception.php,396f436e850522fb1959cbd70da7e56b01e425eadb3324acff3e971dcd769bed,1943
library/Zend/Db/Adapter/Pdo/Abstract.php,e9f77800d4a90352ed430fbde31ac705921265f37b4667063232dd89ee44ddd5,11843
library/Zend/Db/Adapter/Pdo/Ibm.php,ca69f729408f031109d6f6b57045ba4c81b2ddba0cab15eef91eb2a0691fb508,11829
library/Zend/Db/Adapter/Pdo/Ibm/Db2.php,cc613c90b7e0902b8427ff0caea5c63b32df432bc73b1331d4cac425713b138d,7518
library/Zend/Db/Adapter/Pdo/Ibm/Ids.php,b3590ff00db4d10c9f1e00547f812de2de1a2de1406dce3abe191e96e8c0f0d5,9341
library/Zend/Db/Adapter/Pdo/Mssql.php,5c8c6cecad6a7de5aa9d58b13dfe2147b540b0956cf2d22608cf259cb911e1b5,14616
library/Zend/Db/Adapter/Pdo/Mysql.php,c5c7c6bad7d77407118efd85c8da7d81798a809c8ff6e716b6f87d489f7b07d3,9347
library/Zend/Db/Adapter/Pdo/Oci.php,1a8a8a1ce9fdb43ef4dbfd1696cb45b818914a853a6300d8f8dde95500e8fc67,13908
library/Zend/Db/Adapter/Pdo/Pgsql.php,6713261ec596cc08301a5a6e6a46af508bf8fbd95f0dee660de9232ddfddb2fc,12220
library/Zend/Db/Adapter/Pdo/Sqlite.php,dd8767a81f8dc7c9002987b8ef8ccb7e31070b81aa2558edf707dfb5eeb0349e,10451
library/Zend/Db/Adapter/Sqlsrv.php,22f52d48ba8c9e2cb59bc749e359c49dbd0d240a53f06341b899c170edd7c626,22239
library/Zend/Db/Adapter/Sqlsrv/Exception.php,af7e5875d0526882a51c98fb3ce15ab7db993b5ce3b83ee52cf42a3c52041247,1984
library/Zend/Db/Exception.php,b521abfcafe62c360d280ace6ec9bec1913eac2988530a4936c46d583fdf6e85,1026
library/Zend/Db/Expr.php,9d0832d8d7678f5f58a16c8711fd237d73e0988b267ba0c59115f41058bde0e0,2564
library/Zend/Db/Profiler.php,1d5706cfde035820ce883b7823ff4d4f8f06e73ac8551286d00271e6a136201d,14243
library/Zend/Db/Profiler/Exception.php,9dbfceb8cc7cb5ad95b41eba387e9733315785d5bee0853d92f0be851a6d978a,1100
library/Zend/Db/Profiler/Query.php,24936b3cd885a75cc36845b395b737df98735f45e19587bb844b3ad8cc7b7499,4940
library/Zend/Db/Select.php,aaf9a0f75509616309a6ce312362daf1b2bdd7dc47af536fdc1108919a381852,45991
library/Zend/Db/Select/Exception.php,1ba8168e8b70ff27c9bd445e92ce5048b463e8e8602b6b9911941fe74fbab336,1088
library/Zend/Db/Statement.php,fb8269d74fdf198a803a15de727d46f676d92abaeaef4d1688d957354a90ad55,14617
library/Zend/Db/Statement/Db2.php,afe8e99b3b64ba3c4f36df01d331b5ecc2c4504627e76ec510a6acc383c9e4b5,10182
library/Zend/Db/Statement/Db2/Exception.php,e7f33dc83f63752e3f316e1d60c8f876f2d34be89824e331fb4ccd7adf214873,1475
library/Zend/Db/Statement/Exception.php,0a1f910c6fddf8bec4b14e9ad2b6eddd6d3a9bbf3b0c33d963ae6bf5fad0f202,1521
library/Zend/Db/Statement/Interface.php,a6ec8bd3ef4afc8bf3a18a3a8c45998dc1d83bd8eb0768f4d30f8c2814430938,6576
library/Zend/Db/Statement/Mysqli.php,e2ba8458d2eba7c89d7b1da0c9e41c40d00b5302ac5673dde6fe042d2b455053,10801
library/Zend/Db/Statement/Mysqli/Exception.php,b1b1a7a6ab68a87674756b9d0eac4c7a8cc5e44265bc82dcefebe9e84e9330da,1114
library/Zend/Db/Statement/Oracle.php,74ae724835f95fef8df5e312dc6a37ee25e0cd71ff2eed7240927af7bf80df74,17163
library/Zend/Db/Statement/Oracle/Exception.php,b236f2607c06bf9204b95530eed67fddb505f5a5d648bab7be270dfc7c5afe17,1848
library/Zend/Db/Statement/Pdo.php,d7bad646b35acc3aa4407d2025c09b4f39f9ef28f9dd4c822da88ab63bde21fb,14428
library/Zend/Db/Statement/Pdo/Ibm.php,0e7ce29d6e4d735809fa9a4516a048f4af11358f5a9158a8717ec1e0444140a6,3350
library/Zend/Db/Statement/Pdo/Oci.php,15887d7a07eff18394b133a613a27ad1073b305a4ec3952cd3e9b69f1d689a00,2986
library/Zend/Db/Statement/Sqlsrv.php,824607aaf55fb1ffb33f305c294293b4c1a2de9b4c00cafc0ad0e3389ca19dd8,12271
library/Zend/Db/Statement/Sqlsrv/Exception.php,35d4185f4b91ade898b608b1e010a1b07779a79b71f0bab55c9cc035334c9ecd,1906
library/Zend/Db/Table.php,fa238760316955da00b8dda01e4a4d060c97198b4975a2034d241c730b4153f7,2705
library/Zend/Db/Table/Abstract.php,3168cce2e6764d59eb84c3bd22570d2541cd65f7255813cfe7fca3bdeac05e98,54126
library/Zend/Db/Table/Definition.php,9dfb492c09ddac80acfc95ab1032b750d4f3d041450c3b8d026c4f76141f36fc,3191
library/Zend/Db/Table/Exception.php,ee559207dc835842257265044350253d2830c04782b970d3b6cf3f89799b5023,1084
library/Zend/Db/Table/Row.php,a58346f61f6a7302a2b68b734f7ffd13bb55890a4ae7130c192d2ce850334e0f,1263
library/Zend/Db/Table/Row/Abstract.php,561f29229046228fba83b1356e37a15c80b871261eee005ee083edecd5d9351e,39063
library/Zend/Db/Table/Row/Exception.php,2e0f9e7d7a97a8141d8af0b7c6409c754f0f3c9a292348785faec23e6ba7f326,1106
library/Zend/Db/Table/Rowset.php,a9aed07aa863af9dc3b551547cbe5163f14904b3dae55cd449a847a8b44bf5d5,1279
library/Zend/Db/Table/Rowset/Abstract.php,f2916f71a53d4f90149434ab8db1f88b6684f3b1e3c57061c2c7b43b3b37cce0,11579
library/Zend/Db/Table/Rowset/Exception.php,7cadc2d29319a551c81b8a424defd8fbb363710f3520a13662565bb8abde7e06,1108
library/Zend/Db/Table/Select.php,709623e1a5fec88c220a8450db4e3b8af151a75b497af5bc06dbac1284e444cb,6621
library/Zend/Db/Table/Select/Exception.php,3d2d2afca2700ae76569805e7dada9732a908db625fd4c6f70b558770e06035a,1107
library/Zend/Exception.php,66e89af187897b77c26d28e63700afd01ecd225c3f48416c66059c61bbe1e059,2506
library/Zend/File/ClassFileLocator.php,13b98dff9b03ed46b658608e09ae97e9de65743145b76da6d5ee393ddc60d4f0,6322
library/Zend/File/PhpClassFile.php,3bd8e39d4483d0e16030836b941663dc5ac7ffd05c4d8f5d98ba4f0a468986d0,1412
library/Zend/File/Transfer.php,126aa45ddde7c48b59b1e56f2fec205eb6a0161c7eeb38a7178b101467314989,4060
library/Zend/File/Transfer/Adapter/Abstract.php,9a402b809097b38513fe6462588b2f78a3b493f2ebb80a482d21d41a3578b7d6,49270
library/Zend/File/Transfer/Adapter/Http.php,f2d6d92d96432214da3c4acc264d5d32d3a7b4d665d80f0b9ebead3ec4f04898,15580
library/Zend/File/Transfer/Exception.php,f10e1e4f7eb6fa79e60c56b23e5dac5601e51e3ca5b66c44856eed77066ce923,1511
library/Zend/Filter.php,bb43c16cc85e063324891811ad267b75e1fdb52c848ebf5b58ad41069730df85,7175
library/Zend/Filter/Alnum.php,b33f8ead570197116331aab656c2cf4680de122cd0aa0d24407ec17cc9403656,4156
library/Zend/Filter/Alpha.php,6df314c5ad536684e559a6012dbc0fcb27d97db1766488a2f96fdefa58962462,4132
library/Zend/Filter/BaseName.php,b97e86ec4e060de4382fa4579cf395f320106ad50a36ddba67bd0a9302fb5911,1311
library/Zend/Filter/Boolean.php,cc482cc78e8af9c91763768795e4614a5792d36101adb4803dc1ec77a3468430,10070
library/Zend/Filter/Callback.php,5ed4ebd573d80581ba91778bf761a7386da73790a025f0a1d42584efc019e98f,4038
library/Zend/Filter/Compress.php,da7e5a9a52f5bd9bc8b99ec17ce03a4b7edd7becdda3a4865034e5cf0f108716,5508
library/Zend/Filter/Compress/Bz2.php,2c9e9daaa5d1ca8a9c7466c1f0ad3d892a793f6ff7354e8bb0adbda925f9a1f2,4855
library/Zend/Filter/Compress/CompressAbstract.php,d681e4fc50308ec27576b0ab4fdaaad0a97790cd9891af243aedaf6b9339798d,2359
library/Zend/Filter/Compress/CompressInterface.php,ede8c96033293447343f01978cdf7690a5c50bb71a844aec7028679c10e1e9ad,1519
library/Zend/Filter/Compress/Gz.php,e30ca0c62dc2e0fe7331297672627cfdb2261cb5833105151068792b99e4eb2d,6089
library/Zend/Filter/Compress/Lzf.php,4dc746da436e00e7f857f63f4782eec8d110a034b8872cfdb1298f0bf19f0a61,2390
library/Zend/Filter/Compress/Rar.php,a2327ca54b931f30f9314fdea38ae467aeeff4d5c272ecab6e6e2bcdd92d5d94,6527
library/Zend/Filter/Compress/Tar.php,4d6436cdfc2a80938f1c9a3b88927a2f89c33de7e4ba3b636eeddee815fd45b4,6843
library/Zend/Filter/Compress/Zip.php,da40aec77ad489bf5f362fe0dc261ea818faabb7e55e7537422d0fa45769a1cc,11097
library/Zend/Filter/Decompress.php,0954c1a6f567ffc60d39aa946f4ef01aeebbf3b533baed0bde50012e12c88a6c,1432
library/Zend/Filter/Decrypt.php,715e398a19f85ee7d727e30a8392616fc04a7275cc261fba137d88530307e0e2,1405
library/Zend/Filter/Digits.php,76f8ffdfabb5b89a03f4b8b411854e1ad26c8c98c89182e1ced07c9be2575b23,2243
library/Zend/Filter/Dir.php,c90ba1869c79b6a59bd758e227fc52fd050e42a077efd753e6111742249063f5,1304
library/Zend/Filter/Encrypt.php,13e6021c66efe496172367d11651ae683d3297985aaa05c3b4605423be9058ca,3808
library/Zend/Filter/Encrypt/Interface.php,0bb02d08ee31a18084d21ed9b8346d5f3bbaf5dff38f4b15bfc57f763e3fccc2,1382
library/Zend/Filter/Encrypt/Mcrypt.php,829b02b494b26a4eacfc10e08bf923582d2c88d1e63b048985ecdda1cd10a6da,10772
library/Zend/Filter/Encrypt/Openssl.php,51cc0471884e5862b9158dbaa734cfeba2b7b77d46308ead5f5dbbe98b588f24,13751
library/Zend/Filter/Exception.php,4c38e71a2f7334ce05c43dee98b9913190ac06db1b96a229753f30cad3d555c9,1045
library/Zend/Filter/File/Decrypt.php,7c68c0fdd80d32ff47cf1b055f3013b52151a8e5651906d42c887443b549c78c,3100
library/Zend/Filter/File/Encrypt.php,5c7a0ec6def990342667728e664393bede6402a24461fe1d8addb9547a688002,3100
library/Zend/Filter/File/LowerCase.php,360ea072d1f127b3c62a3a15641d7759e09a438cbb32cfecf2c389d82fae733a,2509
library/Zend/Filter/File/Rename.php,3dd0cff437b2dfdebff3bfa3b6d314f2407fc81983bf08ffeed7aa17e77c3ca1,9304
library/Zend/Filter/File/UpperCase.php,629249c80dd33350ec685b9bd0d6f29ba2ce9ac19665d82d33bf4129237a082e,2509
library/Zend/Filter/HtmlEntities.php,f6e925bb9ceeccc55237c10b156f4de7013645cdd4b6d9d11583a156d41de807,5600
library/Zend/Filter/Inflector.php,489014c97fe8349445ece7fb21b73a4322ac85c6d7eeec4501bf34543e3d880d,14658
library/Zend/Filter/Input.php,362224f533d72395d325fefbd180d8d19b93cd95a37fbbddc9df804c477259e3,40375
library/Zend/Filter/Int.php,213cee1c4c5b7cc8cfa299fd811ed3002e3f8771488e5b1356df08dd6dfbe861,1301
library/Zend/Filter/Interface.php,0ea3bc0b0b6f3c42e7889e930bc795de5f191a16d239c8a9ab5db5a3df6d77c1,1183
library/Zend/Filter/LocalizedToNormalized.php,58c49492b2fd35bd2e62a2144eb8afd54bd9ec1b89e7bb4bef345c3372b628fa,3055
library/Zend/Filter/NormalizedToLocalized.php,95f339cce54adaa3cc996d26677884231f1b2aa2d459f373de5cf3834a9bad19,2976
library/Zend/Filter/Null.php,55ac3da67a5a79fb60b82f9d23416a7b27f166d82162324c85e72bbd9c5ae2d3,4884
library/Zend/Filter/PregReplace.php,c891ef14322a55157d288f756bdb3b59b1429fb52a26e00cdf4321cb44b92c83,4436
library/Zend/Filter/RealPath.php,9c30adba9bd310e1976793af11b2239cdef4e3c04ff00136b7a06251d19131f1,3670
library/Zend/Filter/StringToLower.php,dd8abb021533fb02b4fce2b261e7c2f1c8d00d5bbf0a1cacca5537632a67751e,3482
library/Zend/Filter/StringToUpper.php,8b682882041c9bfc3d75b96e9ffbc62a45df6dbf0cb63d7811399fbf07896d70,3461
library/Zend/Filter/StringTrim.php,3b4be46dfd0ca1a5f41ed2231dfed19c61ca55746077946ef94987e98e2d6471,3362
library/Zend/Filter/StripNewlines.php,c3da32e98dc130e80eb87ebb42b4d5aa6f3a6ed82c29afe0257cc56a7efaa546,1357
library/Zend/Filter/StripTags.php,0872282b781704326c24ad2889bdf177580040176b03808d9abeb1f9c5f61e56,11368
library/Zend/Filter/Word/CamelCaseToDash.php,418f9711e17193d97df2e5bdf0810c6be4e822a8d21cb302e210f9f31cf18d0e,1249
library/Zend/Filter/Word/CamelCaseToSeparator.php,ae0aeded523a6ad0d1a98b2eebabd2a0bd2c0908014a3c368c7c63453c87d340,1698
library/Zend/Filter/Word/CamelCaseToUnderscore.php,db5f19b0ce51e0a37cef4caf1d9b550ce741f6cced0af77233ad998f1320d224,1266
library/Zend/Filter/Word/DashToCamelCase.php,68417a17aa8cdd42f7c668314e96f3f8e6441f789128eeb2a220345dae0162f6,1249
library/Zend/Filter/Word/DashToSeparator.php,da5359b58ac79c3d9eda64d940ae86a1e821dbba680cea2fe310c01bb3d0fc5f,1281
library/Zend/Filter/Word/DashToUnderscore.php,4984d58c576d48a11a982590fd14f00bc7e8b23662daf72908542e7263534445,1307
library/Zend/Filter/Word/Separator/Abstract.php,930733cc92ff302aff23d749e5ae4afa018f02b2305aac880331f93db3072083,1983
library/Zend/Filter/Word/SeparatorToCamelCase.php,800ced2d63f749ba85e1c10b689b3a23555146b0da9feeadad5c33563f765183,2166
library/Zend/Filter/Word/SeparatorToDash.php,6919cab3f86ce3b67b53b2ca5c50f38ec390d7eec6da3fe7ca6ed58ebf87b632,1373
library/Zend/Filter/Word/SeparatorToSeparator.php,f6ad32b2eeb330743b8a7a39f4a5a09048ad7357dbf83536edd58ada3d00eeb5,3612
library/Zend/Filter/Word/UnderscoreToCamelCase.php,bb8f536f63e55eb35e97c4576d41bb153838ce7fc77789aaeec6d22cb2a5d71d,1255
library/Zend/Filter/Word/UnderscoreToDash.php,e16fcc8a1084283564cbb359dd7d50fba771b7bf65b64c90839595854d07222f,1307
library/Zend/Filter/Word/UnderscoreToSeparator.php,3ae47d95eb4d7798c3d4a099649500999000db9fa451fb28e812d7a3ed2a3a5c,1357
library/Zend/Http/Client.php,c5bb249c4858aa9a14149f6193ad20c598159ac643f576222a7f67a566c0ac67,51382
library/Zend/Http/Client/Adapter/Curl.php,bbb9f46ccbfecb77daddfc1f8299479e9ab6b3cd97aa829fa150f20ecf22150d,18462
library/Zend/Http/Client/Adapter/Exception.php,2cda5a32bc07a101b98c114910ef7df3c2597f8802fe4913cb785ccd2af121f0,1189
library/Zend/Http/Client/Adapter/Interface.php,04385d823a3f720c6e8b0540cb5c071482f406e321d5dbe84dce04aab94b2a5e,2193
library/Zend/Http/Client/Adapter/Proxy.php,19aca9f3c146e95a8b6697925707dabbbb59ca4fd0d761792f93773b563174c8,10513
library/Zend/Http/Client/Adapter/Socket.php,387fdc8579b101d3935e8b0f3bbc4ec7e7e1852ec1e3802514cbcce0acc484de,18427
library/Zend/Http/Client/Adapter/Stream.php,a62ccc037dede589935f16e138443dcc1bf951561ed84c7d6617b84e424aa843,1422
library/Zend/Http/Client/Adapter/Test.php,3b4d8beed72cdc518f7fc8efe3cb82b94d421072c6faf3b2c3252100ff8ced71,6700
library/Zend/Http/Client/Exception.php,df0ca9a2729f197c9bdf9d84f305d06b54f57e31b99177618325ad42c839a633,1112
library/Zend/Http/Cookie.php,9ee54fa8d99ab7bff31df2e222a666cd03b7c1b838095136b6158461d04d2fe5,12019
library/Zend/Http/CookieJar.php,c59d6e6605b30b4e0c85c46594edaf00fa5b1869c891da422d85dba02d1b5c63,14074
library/Zend/Http/Exception.php,4c25479ba90744f828178494c75c93c08ca995f386d66055d1e75fae6d6384c0,1083
library/Zend/Http/Header/Exception/InvalidArgumentException.php,794002c428ce886bbf7efa76cc11fecf8d4fc403e23d9ceebeecd12f14eb4d9e,1147
library/Zend/Http/Header/Exception/RuntimeException.php,68f1d7e543429bf37a0e68316b2be48516b89e8d1d3e3a2e3f9f5bea2ce97021,1139
library/Zend/Http/Header/HeaderValue.php,cf8ae6a604207f5fd8c3ca7728f6d8ddee14c1c5d8519aef5ef14b02539d7149,3636
library/Zend/Http/Header/SetCookie.php,61a2779d3d18aa5065bd614bad2458257a283b6e434c840208a992ae41346a9f,13544
library/Zend/Http/Response.php,8c3afb9b1b832f2948ac9b97e0c392a8216b0f9084856393842590eaeccc5f46,20049
library/Zend/Http/Response/Stream.php,9932fce49c6719f7c5679ee1eb80b2a8c82ede164c1c6d76776b8440de56a7ce,6314
library/Zend/Http/UserAgent.php,38dd655d5c1b2387022cc90b2672a4139ee0adf73f80bd5525125fd1ebabf9a9,25876
library/Zend/Http/UserAgent/AbstractDevice.php,aa53afffb7876a4e6b042bfd5799b0f84dc998b409972441fbab56e3f34634a9,32993
library/Zend/Http/UserAgent/Bot.php,21ecca99c32c870a0eccabb5bf5588458cc95ea46a89fada170bee5e6bb3e6ee,3049
library/Zend/Http/UserAgent/Checker.php,a914987a64752c8b3c3e2dd5d1f705821c143db9f82e65241cbc41de3cd488cb,1949
library/Zend/Http/UserAgent/Console.php,196c7e13c0bd5f5d754811f72ddcc647fc605fac020eeddd88a8f8766d649af3,1795
library/Zend/Http/UserAgent/Desktop.php,b80fc6826ccaaa50e575ab496faba4d9d8710335b0ec3d634d4d386a767e071c,1523
library/Zend/Http/UserAgent/Device.php,4cde498b8785bac825f5afa8dd8d30ef86b22d56da9c5805be31bd907ac5c584,4510
library/Zend/Http/UserAgent/Email.php,f086808f857c31158bee16e39daf9df4e40b1f14daaf7e19f54dbb985e565ba2,1756
library/Zend/Http/UserAgent/Exception.php,16891631781ce705dd8b98c73e700116ed158012dca6b58599786de6a089bfa5,1072
library/Zend/Http/UserAgent/Features/Adapter.php,39813929fa981e0125c684f9c2fc76cafdbce785c221978adc62f91cf865fc06,1275
library/Zend/Http/UserAgent/Features/Adapter/Browscap.php,0e096be2940a549143f0e517aca7dcc5c2592d168bb9c16b2fed76afaa207ab7,3101
library/Zend/Http/UserAgent/Features/Adapter/DeviceAtlas.php,fdf118650f538072dd306f77af1dbde1debd83c500213bd95bfafbdd98b400f6,2880
library/Zend/Http/UserAgent/Features/Adapter/TeraWurfl.php,6c2bf36f3ae2db687f00f1bbbc4700338093b52d917048898a916e6549da2e4a,3483
library/Zend/Http/UserAgent/Features/Exception.php,57bec28c3eb2d8155cefb7f32dd4a6813e0177973c42efc9ef0d7d3e8ecde379,1124
library/Zend/Http/UserAgent/Feed.php,86fa5e8aae8333957d068e7f8f5e8f086594a4bb0dfec4c5f93a0de6458aed95,2207
library/Zend/Http/UserAgent/Mobile.php,8cc87e6f098d6a79cf393ca35d6c7098d2058edf724978ea6a4a0ba396f654dd,12136
library/Zend/Http/UserAgent/Offline.php,610c40e405329859109f85b01b87c1f4c7e125d63d14dcc6b5b3b03eb3d131a2,1856
library/Zend/Http/UserAgent/Probe.php,91d468855826879f0cd8fce2b522d08f34596b470fcc0a0f8384844668d867e7,2220
library/Zend/Http/UserAgent/Spam.php,50360b04a5b470c859283f13d1e7dd8cbe3768e2caf4db93db943a5a8caaf224,2198
library/Zend/Http/UserAgent/Storage.php,f09a58d70fa154a13b71d4e2fc598daefa6b2687b5340607fbbdf2e790cebbec,2020
library/Zend/Http/UserAgent/Storage/Exception.php,f69928a01a0f0db5c077ad04b096c7a730374edfee36e94edb7ebb4bfe3c244c,1112
library/Zend/Http/UserAgent/Storage/NonPersistent.php,999cb91c86725492b89d815734e319626d8ff822382633c44ae143e378b62782,2691
library/Zend/Http/UserAgent/Storage/Session.php,7cf2e4f3bb70d53d57582364746eba21549429554eb1cfed18540ba2e4ba6f08,4277
library/Zend/Http/UserAgent/Text.php,cd0cf1fb7d3838af215fb6f73c2eb261d59d37fbf2cbb9a30e723fdd33add6ef,3010
library/Zend/Http/UserAgent/Validator.php,71c8aa20f3fa768461debbb0fbf6cd25ce0c8a1dbd00ddccfd49716cca1eb490,1939
library/Zend/Json.php,b46accafd082a943ce5da9bb6e1700420c80f659dff34fef7365057590a36337,17251
library/Zend/Json/Decoder.php,e5ea810f5ac47cda3d1ee6c03c79e5e1f327706d575a09c372cdbcd227f06259,18998
library/Zend/Json/Encoder.php,b033d899c34323841ca8c4fcfe4a3ade5e8d4fb92ec7a9dc4b0aaaa12c1cdcf4,18927
library/Zend/Json/Exception.php,6aa6405fb8395a39a1ff3e0fe11d753704697544604f8048f51eb7a9c7a2fc55,1034
library/Zend/Json/Expr.php,baeb668a3223f8bc971eeb4bccc3004e5d790e07af8d7f9ce841379a3e51609e,2206
library/Zend/Json/Server.php,6448f544ebd307f40ea78ca5ca933485f67c0aa2b2faca614d218d7ad8db540c,16531
library/Zend/Json/Server/Cache.php,345fb665157f58ff5e78d1225a7db9892e37565cc7bb16babc5110b70e41d30b,2673
library/Zend/Json/Server/Error.php,88004e03575f909cb181df17ca67f46f53e9ad126cbcb57332d8c10f1d865691,4129
library/Zend/Json/Server/Exception.php,b65a36819fd5777f9d4449c261180b76ebb0e56616491c98bfec9fadc55fad5d,1121
library/Zend/Json/Server/Request.php,eb536965a3ae151374f970c550943d064bec7561251f04dfbc77aac513486c9d,6109
library/Zend/Json/Server/Request/Http.php,0109230d6e9a1af0287844ff34988bc1783c1edf02b8d0969d303afd58fea33d,1680
library/Zend/Json/Server/Response.php,e620e7a22610442de7ff2fa076090d34f62c67fb44fe48e8e8c89e06335e7733,4944
library/Zend/Json/Server/Response/Http.php,384034bdd46fb9e226be09a3bcff07a30e5a1171bd310cf2b90f1832b9f63755,2146
library/Zend/Json/Server/Smd.php,2817b94136fa2afb141c83d0060e445f718964efc2897a35803991951eb05298,11172
library/Zend/Json/Server/Smd/Service.php,653e78165a5606361c835bce9d3e771c1db91a8749147d5112d0fe15a787a634,12183
library/Zend/Loader.php,1078243eeaf3432a9011a9fedaada9bea34a09481fa4a5b8a98b35c74f7ed1d1,11558
library/Zend/Loader/Autoloader.php,7fbec0808b754a73d8819fc745b1d2b410bca7390186c5a6c5d48cd49c1eaad6,16843
library/Zend/Loader/Autoloader/Interface.php,325005e0ea53dca3a52d4c770f57ece63457ecc19223759371cc8e85038a8582,1298
library/Zend/Loader/Autoloader/Resource.php,b98595b666782f1fed96bf9b4fa85b9b15ae4f8ee54c0d2a0fad067de3dd8972,14583
library/Zend/Loader/AutoloaderFactory.php,0fe9f5f9cd627ec52bfe76e03888548ebb80bfdb4b253dcad229f61d47eb0c28,8223
library/Zend/Loader/ClassMapAutoloader.php,6d0deba3216610cb1b67f21281c37dadaa716dfaae9cfbec2a14e426ef2ad6f1,6772
library/Zend/Loader/Exception.php,7a6ed09e3c26544ae2567a22ae977ba76dad1e1ec984fd277abe97aadaaa7304,1072
library/Zend/Loader/Exception/InvalidArgumentException.php,40f6e15d60014320f7d815a2c112f832c488c3a022bebd4c1bcfc64fce4f3533,1097
library/Zend/Loader/PluginLoader.php,df884c327cb2fecf54ddbd2e2ccc0d783d8999819b9098fd5b3d92ee3395d253,15662
library/Zend/Loader/PluginLoader/Exception.php,d7ad7a06640f9bd2be2090ac562b964fa2aaa9d28d577f67ae0c2ff0b5edc487,1170
library/Zend/Loader/PluginLoader/Interface.php,0f39f753a0f25712bafbcb5bf75c82292fbb764614d12e63331e6f550a72204b,2022
library/Zend/Loader/SplAutoloader.php,eb76f73b4cf64462c4f2ed4a411adfae26a0da36cc6b08d17d0a865f66d33d65,2111
library/Zend/Loader/StandardAutoloader.php,89640fea0ed2a1b44c90b7f3cb65f4ea529ca9315b41d8af1ec516053aa62b07,11513
library/Zend/Locale.php,16d6a909948965c481a6dac4394e29dab47bb6be8b9edf86f66c2937f4245aa4,61085
library/Zend/Locale/Data.php,97faed1094f25f08871ce30b1dd34e80aa6882acd37ae0807db43d60286325b0,81785
library/Zend/Locale/Data/Translation.php,ffc97799b9e0f822411e9c140254e9a5c646820bf8b4cbeda438f905296c504e,11255
library/Zend/Locale/Data/aa.xml,fa0234c49da0e66779b4b7c87121e4dee58ddf6727cbc2d4bfc0b647c69545ab,7761
library/Zend/Locale/Data/aa_DJ.xml,ac55ef1ac84fa9019481e3a31b26eab98adb349169a8a296bc01188925b14c2c,911
library/Zend/Locale/Data/aa_ER.xml,9de2958f1060f91a8f119b8afd449eb400fd8c43c6d0f4329603e5fc7bdb0088,625
library/Zend/Locale/Data/aa_ET.xml,bad545b27216f2f7dc05166cfe9c290dca350db51533709b23a0f6ff02c941c2,506
library/Zend/Locale/Data/af.xml,5ae057e90969a922c9af9831edf865c795c090f55e211090c3e9bcaeb27ebec6,140757
library/Zend/Locale/Data/af_NA.xml,535326524954829c1d1ac01fefe523ade7f6fe804ffb1b01979d913cd52d98ff,3638
library/Zend/Locale/Data/af_ZA.xml,a1a6ce285389bc0cc86dfc9daf44d811db73933160a0381b454c1dbdfc3b3ffd,506
library/Zend/Locale/Data/agq.xml,8f2b4a23840348bc907179bc8f646a378cff668744ae740f6606660837060df4,29555
library/Zend/Locale/Data/agq_CM.xml,09b0ce19d7f4d22dd46830bbfcc490b1b4d821e8a66391761777c187ba93706a,507
library/Zend/Locale/Data/ak.xml,8c694b750a5146b128bd94849d00d764992407247836167ef556ba3b5b8f59f2,26799
library/Zend/Locale/Data/ak_GH.xml,0dde45b61f999efc0c7687f4301b124b14cc17af258f93b6b92d5a064633e080,506
library/Zend/Locale/Data/am.xml,50f350f030216d0c86450500eaf90876518e010cd5f4a51038c8c04eea21d121,218039
library/Zend/Locale/Data/am_ET.xml,e052078d4dd4082b8c2b5335a6cf4698ec86eb6a15659c1e53e683b248620cbd,506
library/Zend/Locale/Data/ar.xml,fa45a71352ede1c6c3557fc90af47097537d4280867cc5998c0d1537666812bf,400749
library/Zend/Locale/Data/ar_001.xml,f46b97ee69b11e110aaf9359083bc41a382f16c9c9a95644ceea64b7f46e031f,507
library/Zend/Locale/Data/ar_AE.xml,6e66c73efa07c3233f80faf82772af7cd6e3478246b5dc8181528250bbd7e52a,507
library/Zend/Locale/Data/ar_BH.xml,ec1cb0c194093dd8dedc29d5aba2c1480c83e81224a5f7f18004ec3f7dc078cd,507
library/Zend/Locale/Data/ar_DJ.xml,2056418b6c17caef25d8b0af23e1d88d5ea4f53de094bd4f6d55f941a060fcfa,625
library/Zend/Locale/Data/ar_DZ.xml,eb16a1bdaa270b09703bb5f10fc91702fabaaec1b69cf8b338fcc883516d6a25,7144
library/Zend/Locale/Data/ar_EG.xml,4acea39c08836f4b2182a5cb919c66ecdfc11c1ea6f570dd008c1608c30f72ca,13776
library/Zend/Locale/Data/ar_EH.xml,98d7afb70df37348e6af873ca091878e526b37829e86edf3e40bf8e4072bc0a5,585
library/Zend/Locale/Data/ar_ER.xml,d5db55283a4dfcd18fde0259328c20ca4453e91a69fb78aa1bc0687ce6cf8e4e,625
library/Zend/Locale/Data/ar_IL.xml,996e91f0b3fc71c86d34c0fbe440b792447ab52c81930d9b36d07caea28d6988,506
library/Zend/Locale/Data/ar_IQ.xml,8f7eb0162e7ca412fe951c0136e66a77206d1967646d6d67bd6494e64f1c1901,4541
library/Zend/Locale/Data/ar_JO.xml,c8e7e522f5651b774e30dda735f9a977b2775b4847f6451660799839fce14af5,4061
library/Zend/Locale/Data/ar_KM.xml,9c707a2e38af19c3a1ec8d3c339bca33b610e57cc65f70fb031dc048f6c60b64,506
library/Zend/Locale/Data/ar_KW.xml,e0de8f57c73dbd19f044f1a3c9a4573ff702efdd424dd592af44a4d0ec0f2e70,507
library/Zend/Locale/Data/ar_LB.xml,bf1edd9098438e5a32eef2e317efbc9f8691bc1c570040e6edb83e748a47f146,4968
library/Zend/Locale/Data/ar_LY.xml,e79c8ea111b80f5779dd1e8de309eb0ba6a0e8d83cc93a3b4b3f0d5a1bb7c1a8,674
library/Zend/Locale/Data/ar_MA.xml,71b1ce24cf059c7ade88a12e697bdbc0fb03918a3801ea08fb9d542bd30e7baa,6968
library/Zend/Locale/Data/ar_MR.xml,8a1a7d09ddc3dbff359f9a9aa3cdd6758875eadd223ac69cf354df6953c30457,3342
library/Zend/Locale/Data/ar_OM.xml,173ea19ed648bcd6f0f0ad17f0fcabd787cf17f1c68d6bedc9343f148466e48c,507
library/Zend/Locale/Data/ar_PS.xml,38ec6353a7296012afff8172ab6b69ebd522bdf47b2471eca22701c724bf69e5,5409
library/Zend/Locale/Data/ar_QA.xml,a1ffa5f07f27b5e1c04c5022b0b07ccc645a10758a0b88e05b00c6e4e4158284,735
library/Zend/Locale/Data/ar_SA.xml,ec51034f8e658743b6bab275b8413b2876cf9a092462b2994f46ca574911c238,1224
library/Zend/Locale/Data/ar_SD.xml,6ed80c23e155a36968124d40a7128c149ba6ff4c1a2834bb20abd986bf6a2db6,507
library/Zend/Locale/Data/ar_SO.xml,5f14c58c05e7274bb41d25b7ff674b1eb15252444c15323c1a723d8b964a4d97,623
library/Zend/Locale/Data/ar_SS.xml,18b328c0745633438ab460b55e598efde5c10533ded3a12f6396b43e4efbb3de,690
library/Zend/Locale/Data/ar_SY.xml,9ad28eaa0a7e7d38a10cf15072cd6973728813a84b0cae09aded379182532980,4289
library/Zend/Locale/Data/ar_TD.xml,43a4913f1a2d29d6b23ba1dbc1fa589b558592facf45bb245d7aa8ed2b8de63e,506
library/Zend/Locale/Data/ar_TN.xml,69fbbb58ff0a3534f1b2309fe5106765621dfa75b98b49b76bb619328f477763,7292
library/Zend/Locale/Data/ar_YE.xml,cd286d91d1136603583ee278839117eec836a87be7706ee6d33586d1484b810e,735
library/Zend/Locale/Data/as.xml,51b8b2d5d3bdb358b0ab9d0b82a66e28684dd17120d55c2c1ddb46cf98977a69,12861
library/Zend/Locale/Data/as_IN.xml,42f2257bc68b72d372caf1c3d916530c5757470bed362075c2c81a0d0d00e012,506
library/Zend/Locale/Data/asa.xml,dcde14648917dfdf717fca32fa3b0fbd7e6034e51e1fa9a51904f7b74ce5120b,28001
library/Zend/Locale/Data/asa_TZ.xml,cc55fd57b0dcf2d736df621c560e44aa9644c68188ac9d8ddc37907060513be6,507
library/Zend/Locale/Data/ast.xml,e66c94f6753835b362b94b3bd986a0af2ad2ca3426ad7b0718675965177c6783,136245
library/Zend/Locale/Data/ast_ES.xml,a316858b1134c43092ada08020d1dc754fc248100a1af455e069e27805caaba1,507
library/Zend/Locale/Data/az.xml,0cb76c714153bb025a1869b0d9cdf582b3c780f33700e54f230c57aefc04d423,213034
library/Zend/Locale/Data/az_Cyrl.xml,6e718b4a6826883ced8737ca6ed11da24bd473427c60059f448ec547787ce5de,8266
library/Zend/Locale/Data/az_Cyrl_AZ.xml,7a31ec9ce9c46c315bd609a6a591ade22a70bcfdd535c09599b5afeeb7fde52c,530
library/Zend/Locale/Data/az_Latn.xml,1f30f1bd6b84e3754daa5430dcda3dcbfc9a4ed6721be9d8776955c3bc9655e6,505
library/Zend/Locale/Data/az_Latn_AZ.xml,4731f08636d7ace499a792adf206aa5df849329360fcb9696ef7a7cc0543f4aa,530
library/Zend/Locale/Data/bas.xml,433e761a481397a87aa9deb059d0efb4d679a1e790d652538cb8c87c0c158900,29555
library/Zend/Locale/Data/bas_CM.xml,b564b39bee1311c3311b3e8b33aea5d709bb6a33d6f0b4d96b5ae8dd19e69c79,507
library/Zend/Locale/Data/be.xml,de2707bba19fd6858183a34fa3505a9e17442d27b6a7e85eabe9ccf5ae0367ac,63683
library/Zend/Locale/Data/be_BY.xml,ffd16a1dc80b3ff663542239ba9d2f23a9bac9e664686dd4a7afbdc3014d792e,506
library/Zend/Locale/Data/bem.xml,93b46a27ab4d73e585272f292d93cfdc1cc8ddbca4f41d96280f51c96f6704c0,11568
library/Zend/Locale/Data/bem_ZM.xml,8890dd33400fd45fb25084824a315747c90e8149adcd84cdf5b6ee6fb331f4e1,507
library/Zend/Locale/Data/bez.xml,283bc513f4c68875d496c590b867a965ed30b84e1890d21fa76dabe1d1ea8289,28786
library/Zend/Locale/Data/bez_TZ.xml,802a812b5a41c3a2741ff3ef26df183eab684fc4b694815c367209996d3466fc,507
library/Zend/Locale/Data/bg.xml,02e94f81a841a4e75732916a561a6e33030d6e665bc6280f37ac83c8da1ed97c,265938
library/Zend/Locale/Data/bg_BG.xml,89e61a908621877c4109d003bf1bd524a96f15f6b20cd123a18fa377ca30b5ff,506
library/Zend/Locale/Data/bm.xml,bb2957a0abdfe14ac7e392d2048e4b67ef6590dfe22f51b94f2f135b98ce9b70,27517
library/Zend/Locale/Data/bm_ML.xml,85f1766b0549078718fa97e97c3206279a832eed24ce88408f2c92d1fc408f67,506
library/Zend/Locale/Data/bn.xml,060af7e2b4af1600cc6b5d316321217d49a5941b74d2fdba2dfdf699fac503db,286302
library/Zend/Locale/Data/bn_BD.xml,172241b7b6b3637c8e5995bbe746200a63d652ab39799feeeaf361c421a232a4,506
library/Zend/Locale/Data/bn_IN.xml,5f25ff975c73ce3a1685d7b977099642cb441f03a88a1e8f62b934b0c7ddb6db,12515
library/Zend/Locale/Data/bo.xml,9dc4a628fb1708ca9ef9404dc7ea9346f83977f7df5a3a59400bd86036986d3f,36185
library/Zend/Locale/Data/bo_CN.xml,3381a366078f8f2bfc5fac85428535896a264493311e02895a8442c039cd7f6b,506
library/Zend/Locale/Data/bo_IN.xml,1e037b02c89d78aa8582a2efd537cdae033b33d7a63594027de77ae6d9ee28f9,775
library/Zend/Locale/Data/br.xml,0530f38f21318ca837fece8e1dcb949fbc5812bbba3d1535a1bb1b0264f8b4d4,100923
library/Zend/Locale/Data/br_FR.xml,ce13de9f5b1f2592845ceec8a8265ae4e81631c7a8465f33bd8b48f17b061a75,506
library/Zend/Locale/Data/brx.xml,54a6388dc53fbff3fb84ce0a06023b5d4534aa7b7439f6344d02832cdaf40579,175873
library/Zend/Locale/Data/brx_IN.xml,332b5029452dcaaf484163b91a72b8237f541406650963dad797a3654b1dcbe9,507
library/Zend/Locale/Data/bs.xml,7c2411f4b9e5f0139a12a71dea29bcd3637c3c76cd83364fae9fa7fa6476d28d,220917
library/Zend/Locale/Data/bs_Cyrl.xml,2d089bb2824ab160bda6fc8b4c3736a7da1b8d9811df9375efc3fe8465d08afe,319541
library/Zend/Locale/Data/bs_Cyrl_BA.xml,3103f3a6ed5f8d93f658a1b7761b92453030226bf07d47b055b6991f67fa7238,530
library/Zend/Locale/Data/bs_Latn.xml,1b462d8437a60ae04efde11fffe6f13b952a4e7bcc60dc943a1ac67255a8fb2b,505
library/Zend/Locale/Data/bs_Latn_BA.xml,13f778e2d0e4948504778a575cd068feeb91302ceb5cb73c7a6b5f8b46ed14a1,530
library/Zend/Locale/Data/byn.xml,828a18a5901ace838d8695b2cfff5d1c6d891735285e2e716e91cb070045d866,30050
library/Zend/Locale/Data/byn_ER.xml,f3407006fab2e4c8dbf00bcbd87f78ff62e2a1d886a663268c786135d74e47bb,507
library/Zend/Locale/Data/ca.xml,ad786abf1973b6a4117a36e3be9645cd9f7d6e563ca40d626627da7efc621076,238519
library/Zend/Locale/Data/ca_AD.xml,4a686f2dbab8a20eb83b95c719d2611c57e2b2062a3dd8b1a3d769bad01bce10,506
library/Zend/Locale/Data/ca_ES.xml,39647749988aa5d616e96767ade5f37c9c5540af7f1963e4bf298bb4983dfc2b,506
library/Zend/Locale/Data/ca_ES_VALENCIA.xml,ef8b0e8212d39bef30ad88b258e14827bb4a85cfc2a057460137c6aacdab88fb,535
library/Zend/Locale/Data/ca_FR.xml,a43392cb8ea55b7f0333cf82f1a7552339f4d800995c3b5efa4604391eef6f97,623
library/Zend/Locale/Data/ca_IT.xml,1ff68dfb52cb5eab9a8b437dcbc1bebfcfab1c822ae711518e2d15bfa836dc0f,506
library/Zend/Locale/Data/cgg.xml,b871255d0e1eb28a5c85799868b8d48b880c9ec6fb8e8970e978fb6d8c6b6283,27857
library/Zend/Locale/Data/cgg_UG.xml,fca248f8248bb68ac27cc4ca6c4a0cc0b5f781c3418b0998cfc5d26f452d073e,507
library/Zend/Locale/Data/characters.xml,94d86e6f3644e220a2b338d4a4bbbfb3b05d3c524587544d302c986012d5f528,13872
library/Zend/Locale/Data/chr.xml,7b484ac64415127a2a457e8905cab3336d80fc4d0bb7d3e9ddd49f19b4b0a034,34933
library/Zend/Locale/Data/chr_US.xml,ceb8505045b0ac2ada16bd7a4cb349311794037e520c14fa7ea4d526aa94ebb1,507
library/Zend/Locale/Data/coverageLevels.xml,fe039e962e3e8681495c3ff4cf09c9c643eaf2e1e841120baa20d14d03120894,61429
library/Zend/Locale/Data/cs.xml,9786a1e266f3df26a3e32775eeb9da061e13d38e1003805b083ae805fdcb679e,274232
library/Zend/Locale/Data/cs_CZ.xml,3035cfbb57944ed658e1c9f40777ee4dc63460f1abe2c8835835e4e76673f918,506
library/Zend/Locale/Data/cy.xml,d70cf416a659785d4f85e7fa62b6084025b9be4d3eba60f62a6143a6a3c49cc5,246078
library/Zend/Locale/Data/cy_GB.xml,edeb8b25f4a907d364365077b0b6c8f462d5cc5cab354de163cf7a7876f592dc,506
library/Zend/Locale/Data/da.xml,54d82fc272555a4d04cab91847cf8f6c2d12c0da2a0550972b6666ceac77a17b,211081
library/Zend/Locale/Data/da_DK.xml,ca74614a16d183e1bf77b175c34fbfd03e8dfc3dba5999b263db9ccfd4b38043,506
library/Zend/Locale/Data/da_GL.xml,f8d310ad212076827b2ea1ef74eb5bcb6c2f00a8c91ed52406dfda54f481dba6,506
library/Zend/Locale/Data/dav.xml,6858c3406d0ee297364b647b05381f875ee8ee72019af29abefeb25aafc75b20,28131
library/Zend/Locale/Data/dav_KE.xml,07e772d75a842e5d8bb8e7682254a971119b329b30dda2c0c6cb589b41d434c8,507
library/Zend/Locale/Data/dayPeriods.xml,63985148b589ad9e4df3489b2e06e8cdd5b58eef75983605011954c67043a772,7345
library/Zend/Locale/Data/de.xml,d2c928033b7cdc0da849948ff54d133dc38f1fb157284d81c3517e3ec7e65f05,225111
library/Zend/Locale/Data/de_AT.xml,23b1891a69af425c54a95b9bdf036247887cf85b2e12a7dd23d807c0e2bd81a6,6722
library/Zend/Locale/Data/de_BE.xml,ff65689d8aac4f8e263fcfff7aebe050802d6c70572c2228c63f52d8684cbc34,506
library/Zend/Locale/Data/de_CH.xml,e88b1cc29e739b7a9aa45afa4e8bab56f614fd61ebfb5322dc78c74a8004f949,1936
library/Zend/Locale/Data/de_DE.xml,6b67b1524af6bc9715792bfbf5f45e6955e404411c87a74f8181c1a0f8435eea,506
library/Zend/Locale/Data/de_LI.xml,68e37c9d4b6e37a3939094f5dd4b9e4df17190c565498121696594ab9db347ae,829
library/Zend/Locale/Data/de_LU.xml,58a8d5a9e7a37fafe9567a10cb78e8cc753dbb378b99b78e64a429181010dffa,669
library/Zend/Locale/Data/dje.xml,7cee0583bddc22f3f73391dfcdb4cfd240e710e9d34747930b01bdc337220185,28227
library/Zend/Locale/Data/dje_NE.xml,2d46de404a2d6fe8e4a8981dcfd304bcfc622977ddd065437f917403efb394e0,507
library/Zend/Locale/Data/dua.xml,86cbbdffa06ae76a269dd515de939ef446ca14a14a1005d6979cd03ef7456204,11202
library/Zend/Locale/Data/dua_CM.xml,db9462f1d715880a2ead11da2e95bc9c59eeb9cc6f26052eb3625d4e23703b6e,507
library/Zend/Locale/Data/dyo.xml,fea48b21346e766f6e480610a09274c60656bddf23b0ebe04abb555acb4ecc7b,18998
library/Zend/Locale/Data/dyo_SN.xml,c1e071463ab22fdf52c2b4e0c74252d2f92f6ed7eaad696be35fc007bb84bc8f,507
library/Zend/Locale/Data/dz.xml,a9b06c492fb6e5e40beef1f758001d1d99091a883fff46b0e235af47560d5529,134380
library/Zend/Locale/Data/dz_BT.xml,605f3dc6601f3cf3bad6d6ecd58d7f3b6487ecfe4ac47bc0c9c7f3fbfae9d044,506
library/Zend/Locale/Data/ebu.xml,4717acfbabcc581da5ec5da21de5fbc66db9443621908fee0abef9dde14b2fc1,28100
library/Zend/Locale/Data/ebu_KE.xml,36582b45eb423332ea3944037118e2b57ff631cba199a999741ffc35d69361c1,507
library/Zend/Locale/Data/ee.xml,220a918688bd69c4d49d30202c077690ed432f92cedd92cb1696a24a6101dbff,240829
library/Zend/Locale/Data/ee_GH.xml,ddf828d85bc9cfacabbe8216fd73b955bf479690ccb2496f869c8dc886d52221,506
library/Zend/Locale/Data/ee_TG.xml,f81113ebbdee2fc9a3d716dc80679358d15503778a788be1d22b12d3c7e9b73c,506
library/Zend/Locale/Data/el.xml,ef2296d67cf06efbcd7253922dda563caa4172ee60d41d9fbdb42feffaa118d2,279219
library/Zend/Locale/Data/el_CY.xml,457c9b33979f2eb7545a66e9b3d594c7f8a178b924708aa1cfa1766fa9de4b61,738
library/Zend/Locale/Data/el_GR.xml,2048fe1d122bc87cdf74c1376527124f8c2a35fa5d929fde939231ebd4881e99,506
library/Zend/Locale/Data/en.xml,02005121fad1ee91591d46f8d6d58f7a93d94f3071a433a49a71a2780d805dad,218717
library/Zend/Locale/Data/en_001.xml,a91a16e0f48665a595cc234954047568db610ac10e1efd3de2577e67adfb2e56,2490
library/Zend/Locale/Data/en_150.xml,5e46573d52551d91e6215ed211b4646a6abbbfa758b7b452b9c20e055b657c2f,13402
library/Zend/Locale/Data/en_AG.xml,fafad58a5777525a1550ebe110208b56e399fa1d6f9548e11795410236672038,506
library/Zend/Locale/Data/en_AI.xml,cf4ee7459798c3f9deb362cc19210ae87e47ed38fb9c0dac5e60133fdd3f5b9c,506
library/Zend/Locale/Data/en_AS.xml,55cc121b7372ea7ce877ba85f2b28b6da72caba0250926817655423f7a17004c,506
library/Zend/Locale/Data/en_AU.xml,f73bf6c16bd22c704861976145808f6f28be3ddcf89ed3e8e63b241a3892b4c0,16767
library/Zend/Locale/Data/en_BB.xml,f06b892f4c898a432f24c0133ea583ce5a3049047f85a3e718aa5715fdb29bef,623
library/Zend/Locale/Data/en_BE.xml,ca0c4de97a57a4c747b93d21ba0c8be0590174295cf4b3eff7046f7e8ec266fa,13497
library/Zend/Locale/Data/en_BM.xml,25d57d2db8e719ef8cdf9bf99284b77e21f646a712a574d5ec9093bafcf98d81,623
library/Zend/Locale/Data/en_BS.xml,eaa6147ebd5f88c55616d7816931754d604c4554de1c2dc587df719ace7b0859,989
library/Zend/Locale/Data/en_BW.xml,24ac9d4cd0ec72955919c79e456a25d93428e9f720fe5f6bf41ec1d6da86b8a9,13669
library/Zend/Locale/Data/en_BZ.xml,f8b97804de319ef1356e0e41853599811a424e3fbd6c89bc6ae3464c0771e6fc,13875
library/Zend/Locale/Data/en_CA.xml,f1c4847c2057280fa8221ef89568bd90d081b6b3e346dd34c76219943a834afb,4711
library/Zend/Locale/Data/en_CC.xml,517a5896680daa5190df122beb866eddcd7d1276e2f6d2f0930f69aea83b2cb9,623
library/Zend/Locale/Data/en_CK.xml,ad31dac7c1cc2275596c6eb725bcf53d402674d5ce8aaf51c6625fcb80e06c1e,623
library/Zend/Locale/Data/en_CM.xml,4fb563fe54338af8e7114c37cab71b96877ac6dd2db80209f359452dcad79044,1047
library/Zend/Locale/Data/en_CX.xml,534d3063679bd7078c52149343c708d697360c2d2449acaf015e722a40c47197,623
library/Zend/Locale/Data/en_DG.xml,e87b842aed9e025e2acb898b3c7740f008af62409eb5d13a84dc84079610839c,507
library/Zend/Locale/Data/en_DM.xml,ab7bee659323f5dcd153b2a796d292be6f2e731211d01b41f89e6a7ccc64c744,506
library/Zend/Locale/Data/en_Dsrt.xml,28be71d0732df3dc5e8bc52fbe1605df977a461f50255023e397a9b2d3cd588b,53551
library/Zend/Locale/Data/en_Dsrt_US.xml,a82a3ed9a4a84d166cfb7b879599d754f6cc4f133c3cfb324eec9bea9c8d417f,530
library/Zend/Locale/Data/en_ER.xml,50a69a12db12e93aaf3e72c02605148ebcc1bcac98a6c5a4728efaefc5781071,1166
library/Zend/Locale/Data/en_FJ.xml,6796938788b324fa7a5a46f4c7227d2aa43d8c43225a45efa16904219b2967a9,623
library/Zend/Locale/Data/en_FK.xml,15335b467bcb42880939048036328c958bb741050d08c0932d77729fdcede33e,690
library/Zend/Locale/Data/en_FM.xml,5486f2f420c0b60a4eb366a08c8733b368de64f8f45f585414129cb6f801ce49,506
library/Zend/Locale/Data/en_GB.xml,d1ae6220751c72cf476445fae349e75cc9d8b459f6b571b91a5ae6f1453b1b01,46491
library/Zend/Locale/Data/en_GD.xml,7cda2961bdc610a93048479f2c2f85574dcfb88594249c64c35e6c98687386e7,506
library/Zend/Locale/Data/en_GG.xml,6dcf24341d2156044efe1b2a5df145d651ad3a891905b0aeee5b3c2d11f635d3,506
library/Zend/Locale/Data/en_GH.xml,1f583bfa00a6fb64d0d6da454668f82fa610160f31e3c672e50cc13eb1c1832e,1168
library/Zend/Locale/Data/en_GI.xml,39bfa93547e5bb035c89e7e89058f9e6736126113a831f5a37a2b55f64dbd909,755
library/Zend/Locale/Data/en_GM.xml,ad1d015566e13352c26ee91756730e9aff526285a9644e6f65cc0449f31d0d99,1164
library/Zend/Locale/Data/en_GU.xml,1d65bf961cc0544e26c0c44582e90235f541b56543513b153fadce93bad39863,663
library/Zend/Locale/Data/en_GY.xml,a517764534ac449fb4a3de6e0928b06d3fefdfa810f48e59044f2f993b501a62,623
library/Zend/Locale/Data/en_HK.xml,ed65af1499b4264a8f16ce5c3d1f35dad4d88f79763a89c874e6b60f6d07e6ab,8460
library/Zend/Locale/Data/en_IE.xml,8283c1eeca37547882a1fb6b2c518fed205dffce2200b76c0a708121d2ded9f5,11005
library/Zend/Locale/Data/en_IM.xml,91ccd8ef7e381da3522f608d6208bbbc11a4cf152ddd29480cee756bed312fd3,506
library/Zend/Locale/Data/en_IN.xml,164cafc6dca9f727a861bdc5b025d95434791cb3ac0701f22874aafca7bb6899,13525
library/Zend/Locale/Data/en_IO.xml,d9c195b72a61918b6de9d2a90734ab1c6e6189f25b23307cd62428d7543864bf,507
library/Zend/Locale/Data/en_JE.xml,057e661acbf58baa07b6a6d2d74c7a3f8c971dc568c9af0bca736c728eb6f6d3,506
library/Zend/Locale/Data/en_JM.xml,ac622b3cc051a7ee7ece815ead3d7684e72ed783491df5e7633cc5f4224c20f9,4216
library/Zend/Locale/Data/en_KE.xml,1e2ea6ae802a79d89e8b76209b9679f4d8774e7e198272d4ceefef4c1069c38c,1166
library/Zend/Locale/Data/en_KI.xml,b80ea2b3524693e9d07cd93ce7ecbc1b816ba1053824c2ea202788264912a25b,623
library/Zend/Locale/Data/en_KN.xml,aa591643c6a8573ff2e5ab4387be5f9f194b2ab35f8370165fb503080ef82fab,506
library/Zend/Locale/Data/en_KY.xml,7a991a52b8a2d5b59f9c39083656437acc4068093199ccecdfa1e8f0272f33c7,989
library/Zend/Locale/Data/en_LC.xml,46ffff25e4ac5df95ee025134299f848b0f51696894ae7eb3ecbc7b86ee2ffb7,506
library/Zend/Locale/Data/en_LR.xml,fea532d49245c0e4fa3d98a8283bf4a8a800f13b6be58f73dae8b35a05e09af9,1164
library/Zend/Locale/Data/en_LS.xml,a48ea19712dcdc942661dc366dd75c28e3dcb55a0db9c16ef6f2ddc247aa2cec,1164
library/Zend/Locale/Data/en_MG.xml,325256e39563359ac61ada0acfad80db9d1f5bc7e1645f83db1a853d1512f64f,1165
library/Zend/Locale/Data/en_MH.xml,e0a7796fc1224cd823aaeef735c10fa0b7b37ddffcc0da496fd8fca9a2bec5a9,2004
library/Zend/Locale/Data/en_MO.xml,50348e368f554cc4d5ce644690d2245ae102da243df367f29ae5d3179bd2c03c,1711
library/Zend/Locale/Data/en_MP.xml,5486ace4fb71e680072101f365397e310a91574ba3af7d74fac71958061ec8b0,2004
library/Zend/Locale/Data/en_MS.xml,e63e19696c5aa88d6a08b045978136a524b5f2bc02a0d9e9a196f8e928bd9b6c,506
library/Zend/Locale/Data/en_MT.xml,6fea8d52bfeba8dca2b9cb379f03bd17b4e54a47552fc935823e74183843031e,12651
library/Zend/Locale/Data/en_MU.xml,1d879f2faa6b3104737ae623c4213879ca1993c4e0929cb3f7f17934eb044d82,1165
library/Zend/Locale/Data/en_MW.xml,975e76b88643b5eb24421c47d2209ea615109fd9f54d704abc6fb460eead4108,1165
library/Zend/Locale/Data/en_NA.xml,6a56c6ab6be5b6e91020e883cb1ccd9e14628ed9595c5bbf4d7a616d1f97c329,1165
library/Zend/Locale/Data/en_NF.xml,011f78d640f15ce52f26f55775e467dc09bb39659b2d35b18d2016869b5fc8ac,623
library/Zend/Locale/Data/en_NG.xml,33269da523af1fe514a0b4081db2a0a8b02dd51fb65e3182bbbb8d31e5fbe3a1,1166
library/Zend/Locale/Data/en_NR.xml,1f686ed3656685943813557abd937e013f56e7c148147d86fef0add05a5be940,623
library/Zend/Locale/Data/en_NU.xml,6e67af57f94adea2947720de5f5d94971b3ef14590522ff102ffc60192d77c16,623
library/Zend/Locale/Data/en_NZ.xml,c4bf545b9f2eaf2adde91fda87584b896add5ddfc48799993af0c763a41383b1,14046
library/Zend/Locale/Data/en_PG.xml,e383803cdb5690955bd59874a79668ca707c8f3f778882314a6cafdbdf2e5113,623
library/Zend/Locale/Data/en_PH.xml,86d1f7d9b2cc709032f7e75c9c5c3e15684db4aeae569267773333e1bf56c516,625
library/Zend/Locale/Data/en_PK.xml,b95c3641cc005cc632f39bb37866b2046efc6869bd90a456ed20f418fdac88aa,13196
library/Zend/Locale/Data/en_PN.xml,8e3a6e2c90262b111643c2ee3520eb5d8b379c9bd6c400d9a5ebdb424f089e6e,623
library/Zend/Locale/Data/en_PR.xml,ff6ceedcf5ab12e2dafdf89a0328a03e704ea5af88129a5b6eb98a23d463df9e,506
library/Zend/Locale/Data/en_PW.xml,23d0f91b7093c3700852515a4161d1f010872fee4ab38c779e0e328a2535bc61,872
library/Zend/Locale/Data/en_RW.xml,681c31f5714fc9885c966712a2cf8f8e20f69b1976835e73a30bfedfd621c306,1165
library/Zend/Locale/Data/en_SB.xml,c44d812ae3023b8ec1920910796142ff74cdcfbe06074c5efe499978849dcb2e,623
library/Zend/Locale/Data/en_SC.xml,bebf2d0d3449b810c0041421323c23a3042a11895983663362e3764cb23b9e83,624
library/Zend/Locale/Data/en_SD.xml,0aca42b6de5c83daf7db2d8b2bb5184d8024e6fd3c0bb9c7c1d4b1439f57151d,1047
library/Zend/Locale/Data/en_SG.xml,c7cab2624bc327a75c2344d18b1c2b137fd4f91bf2c7cd6ed943d2c6e7d7b636,7944
library/Zend/Locale/Data/en_SH.xml,7e57c486ce842b43c03f9e80391d67a9cd9ef423802e7b687babd521d28623a9,690
library/Zend/Locale/Data/en_SL.xml,897d934096864a146aad4e122bb497980bba2845d35b408a77c535f91014bf05,1165
library/Zend/Locale/Data/en_SS.xml,fa11510fe1dfac0e78414bfd1ba03834d42f5a205a0ffa66434085a2feef17fa,1231
library/Zend/Locale/Data/en_SX.xml,0f7cdbe373d95a5bf49ed20b55087b4c71e01c554aacb746a81f62620fef2d7e,626
library/Zend/Locale/Data/en_SZ.xml,fbc81e6bc9a8c03d5cd7e86d1f348eb227c610529915ebb35a34bd7a9f53cfa3,1164
library/Zend/Locale/Data/en_TC.xml,3724845970397b27f8651ea9b16ea251f0459e4e90af2743f472672085733d7f,506
library/Zend/Locale/Data/en_TK.xml,b27fff58e74234b25f50ca0c418fbc020eb557786a9ab5ae35fc0e867fa97ac3,623
library/Zend/Locale/Data/en_TO.xml,245c3f952dc3754695b3e132ea3fcfd170cd386598574905c60a2a54aed45295,624
library/Zend/Locale/Data/en_TT.xml,b8d98b648d13534e00bc565292f32eddfaa5dda5cdc2765799b7479b3ea67a7d,624
library/Zend/Locale/Data/en_TV.xml,276f575565aa03170377f91df552e2ea9e02edb1cf5780dd8041a8f71c29d582,623
library/Zend/Locale/Data/en_TZ.xml,76886d1c6ad0e06886d8b82ea881831b1e1d1f12d45e0c0078aad1c3c6226ce8,1166
library/Zend/Locale/Data/en_UG.xml,03c43c09b89bd32a1f3b35d6a38fbff8d990786b2663cfb09af54202867d4a1b,1166
library/Zend/Locale/Data/en_UM.xml,d48d8108728e0b496d48e6eb130b5edb964b7594e83072f3e8a595ac17064831,506
library/Zend/Locale/Data/en_US.xml,897f8593e182e9c73bc7880cfd14e68cfaeab9cd247e7850e6250348390114c4,506
library/Zend/Locale/Data/en_US_POSIX.xml,4f377c48c0275e515bcad36b2cf2e273eab8bc728e673f468e690d921f6c20b3,1962
library/Zend/Locale/Data/en_VC.xml,c3e6b2994b21f10752e9b671ac4f2965f0cd104f6d68e9d7be138b89777f551c,506
library/Zend/Locale/Data/en_VG.xml,7950f8ee2df18e31e71bd34c02329ccfdd1e96e4a14e4fcd5c7cdbb75bfc31aa,506
library/Zend/Locale/Data/en_VI.xml,1814e5e27908c2b72a13227940acebfaa1f4cda5031d784e184d9cfae0397c6a,506
library/Zend/Locale/Data/en_VU.xml,ad4018756234253c1092171c7dfd8eee710f8b76d2ae51889173cd5fb3cecfdb,624
library/Zend/Locale/Data/en_WS.xml,dc7ffbd6fd3a70bab93745c2459cf89ee3ef6a13a27ec650b89b397d640bd1e4,625
library/Zend/Locale/Data/en_ZA.xml,60961cc841e624031e2a6d658e576440c13acdebac2956a5ecb5691bc2a48fa6,13326
library/Zend/Locale/Data/en_ZM.xml,71e9abea75d158c86a6fbae14e7fea16c3b50e4811910bcea1103ee255ea9ffc,1164
library/Zend/Locale/Data/en_ZW.xml,e581487e4aea2185cccbb82fcde805b0bc2154ca066211300f9b139e260427ca,12777
library/Zend/Locale/Data/eo.xml,5edd7a8c4aab0fb3d238b82ab8cc3af160adadab3011b8b3ac2d7bfd1102a085,35018
library/Zend/Locale/Data/eo_001.xml,1cb1a829096baec5b3ceaaaab995a48103f7b26733c3aaf8b79fa055ecdb64e9,507
library/Zend/Locale/Data/es.xml,c069189eed4e87c8f737c833a49e382a0b2cbc9d464a08b784b3fe5dafb8cc18,225428
library/Zend/Locale/Data/es_419.xml,7481acb89224aeef7e9739cc0429729c30845e4ac6b947d7f0dfebde55ae9adc,11612
library/Zend/Locale/Data/es_AR.xml,c8c1f13c78a3fb65cd89b5653677be2eff7afc6174c2f8db86de53392a7c524b,12458
library/Zend/Locale/Data/es_BO.xml,7ee6371f4f9637b58366387c195023e22d6df8368e7d25bd05af3df943cd6be0,713
library/Zend/Locale/Data/es_CL.xml,e7e9285ff9eca83d24814b8bdf8c8bcbd8957e1173802a0ed1b81f8dd6722692,13880
library/Zend/Locale/Data/es_CO.xml,cfe6fe4754dcd7bcbee40badcc59829d24126fac0809985798f126636f2573a1,12629
library/Zend/Locale/Data/es_CR.xml,f2635c1c7dd384910f448cb61722fc7b443f9a96baf6d755c5e0b52c7fd2ad5c,714
library/Zend/Locale/Data/es_CU.xml,dd1d154bddaceebbaa12fc49d81cbc1fa918a04d4d43d416b082f12856327888,688
library/Zend/Locale/Data/es_DO.xml,b9bc4f714a613058494d9ffd4f406001c24007f360a16c6e35824e56f1dd25d9,688
library/Zend/Locale/Data/es_EA.xml,646b3181e3ebb715617014b98a8692d9e480b079d00acba42f68982b542d985b,506
library/Zend/Locale/Data/es_EC.xml,edc4e49a11ec8a9a62afc43ab414476bea50a92481604f419e83481ec81e3201,11519
library/Zend/Locale/Data/es_ES.xml,43d930dcf208c31dac05da6c24036f65561488aff78254f8c922651c9044d996,506
library/Zend/Locale/Data/es_GQ.xml,291ae2ba2c741a80d23d16035c8157478600e22de3501e8e84d6fdd20285838e,758
library/Zend/Locale/Data/es_GT.xml,fae3749ea335b0fa457715f6e321506ec72a306acd19e1120a9d2f84eb0d4aca,11909
library/Zend/Locale/Data/es_HN.xml,8f14649de40c7bd7d6f8059b2a8b2fae9182c3c8ad075d32a66f22353609c05e,12039
library/Zend/Locale/Data/es_IC.xml,d6664cbea98548ce96ae03ec9d50572c3370c4ede7f8cb4ce0da59f3d500572a,506
library/Zend/Locale/Data/es_MX.xml,a30a32b1319532cb477e40751af1f3392b733bdbfc23c9973d3017bb79947a19,226539
library/Zend/Locale/Data/es_NI.xml,7fbf6672d6f02254ad47ea499611f86cca8b89c473b57688fd0207455794b552,624
library/Zend/Locale/Data/es_PA.xml,ef4175e46952728196474d3ccc85dd7bab66bd369e8393f4b105541b2bfab019,12607
library/Zend/Locale/Data/es_PE.xml,a97f7883564d99ed7724130a070240fafc733cfce9e1459b956b7c8f3c4c993e,12003
library/Zend/Locale/Data/es_PH.xml,6ea483d10b9afaa16c28e883a7e1175cce2c17e6defa5338f8d0b2d386d617f3,625
library/Zend/Locale/Data/es_PR.xml,dad347d2b414d2a6e9abb9ebee820fbdede2b5e798b0ea9ea554113cafcd0ad2,13688
library/Zend/Locale/Data/es_PY.xml,de5dcbaaa53464790961c777451cc6fac4a7cca55030a782229b4b2a9a6baa40,939
library/Zend/Locale/Data/es_SV.xml,48f5b4d66288d23c45768e9c02f06f8cc6ecb9cd03f44ffff9685a40e4f6f585,506
library/Zend/Locale/Data/es_US.xml,b355271bc309e116db8420242a65a4ee33092b066610e4cbce9bba3e8a5284e3,16034
library/Zend/Locale/Data/es_UY.xml,a30adbc8e07d9dfa4c7a854c3773b69a145e3503b01b9f21bd7310932d4c8c88,1101
library/Zend/Locale/Data/es_VE.xml,de2809c1f95e4fdbec8b7111c69f3fbd30f971f5006bcc086bc4debc610fb203,935
library/Zend/Locale/Data/et.xml,67aa70226347c307fe8047edfbe69c2ed2ca11a2f55381c3132bf4d199a11057,184388
library/Zend/Locale/Data/et_EE.xml,c3a10f9972651262709159e57008f12224b81560c8cc77ccd5c349e0a1e5de8b,506
library/Zend/Locale/Data/eu.xml,9e56d4aa1a2fafc00155ef2380245f4181a6b612fed15054b824e02dc2fcbb30,160753
library/Zend/Locale/Data/eu_ES.xml,248391d5967c02a4ff74d4ed793a5fc6b3db29f608aa00fc90fdf5aa339c9cfc,506
library/Zend/Locale/Data/ewo.xml,2005047ffe7a99a27612602fc5b69004c8ac5538c93175f568837735208db726,30003
library/Zend/Locale/Data/ewo_CM.xml,9aec98da86b924763b84fe915e964197e32464e83f329ea7116b7d2c9ea59e76,507
library/Zend/Locale/Data/fa.xml,866429c645451a0c332c52a0efb913fef446095beeaa2d64d65118806942dd5c,225058
library/Zend/Locale/Data/fa_AF.xml,03003ada6a8607100941b1b190d69cdbe689b9f428f33dc48bdc7094a53ee916,10815
library/Zend/Locale/Data/fa_IR.xml,116788dc986a1e020e6af5d11b98031f75480aee8984acf8ca10c6f95684a94f,506
library/Zend/Locale/Data/ff.xml,cc63b036759e664d82cd4180495dcc12e893f5f953a55c29f16b511aa83ca6c8,27641
library/Zend/Locale/Data/ff_CM.xml,b7abf6ddb5390ea69ca5087aa1304a121cf8b53b587c40d5da8557021246607a,506
library/Zend/Locale/Data/ff_GN.xml,08865d79269dc2dcea2bec4c7b655364fa9a22a00fc38c78c500034074eb51f2,624
library/Zend/Locale/Data/ff_MR.xml,db8ceaffe568fa2454c62ff4d93c5696ad3925277afcc4ba3a016d1e5be4b2a4,624
library/Zend/Locale/Data/ff_SN.xml,cbbda680e6446e1d9a4142977bf7c1e92437fc9690f91e2eebd28b76ae7aafe9,506
library/Zend/Locale/Data/fi.xml,20402b4a8206e9de3b87fdc92f5fac96249daf42e1e456e9c7503e2650c682b9,230914
library/Zend/Locale/Data/fi_FI.xml,eb56c493d6fa3f01d22c1086cde00e93f9f11351eed10afa23bb0a2f5ca9a6b4,506
library/Zend/Locale/Data/fil.xml,76de723e55f97889c21dd44bbbc8f7df9a62f7a22f49b6864361c32366e58863,154483
library/Zend/Locale/Data/fil_PH.xml,ab24380b53189e326f6b710a678d352a46e363c7c66af40a8d58223e5b6f94b0,507
library/Zend/Locale/Data/fo.xml,4f8e4ea4a213461810036eede570ea39c8b9b3176437c09dba53cc7b28eb869c,86497
library/Zend/Locale/Data/fo_FO.xml,85ccd8230b74fe294ac604d11cf23e384cd9eb1f74abebb3fef14fda3f4ae903,506
library/Zend/Locale/Data/fr.xml,87f542f47ee32d5fa2e1921a0f2e023b0995c2d107a321345293e8366043827d,283353
library/Zend/Locale/Data/fr_BE.xml,2d92a1ee1906838fc8998428c02bbd0900ced6f18a5850b0dc6272530b6751c0,10650
library/Zend/Locale/Data/fr_BF.xml,f20b3f9a8507e90a3a872a4024ebc0d7ba9d28979afe49f67d3d61d1c0e6ef0b,506
library/Zend/Locale/Data/fr_BI.xml,97c17575fa9225b413cfd119660ae2e2ffd165f9f7f18dd8b2d9b17f0c471739,625
library/Zend/Locale/Data/fr_BJ.xml,2e907a02fa6188a0bda7da6d21bfe94c5c1f1c32f8c1a6f1abb97aefeb9fbba8,506
library/Zend/Locale/Data/fr_BL.xml,8fbec8f3b3ecd3f041933bf878c691b0f765e6e605d86bb4c898f2130f58ce2a,506
library/Zend/Locale/Data/fr_CA.xml,8aec6b2df957516b34f65601a11d6b5e42d4fde0aef2d091da036e50d781bdea,26071
library/Zend/Locale/Data/fr_CD.xml,29cada72ffde043c89cc2c5c492843d0120cbb3e64cadedde0d8fad7b711e6d4,624
library/Zend/Locale/Data/fr_CF.xml,f76f795c6e106f530ce1022acb12059a4e0cc597daf8567483d7332f8fe04290,506
library/Zend/Locale/Data/fr_CG.xml,596c5850b3ab8ce16f7f5139c85cffeb411865f8c913892ac682dfe41a49c3ef,506
library/Zend/Locale/Data/fr_CH.xml,63f05631068eb9281baf9b77ad3a1668b58b93d9ae1a78dde03e7026ab156811,12384
library/Zend/Locale/Data/fr_CI.xml,9a122431e604a79fc7f01929ee1c3caf565181ceaea078dce0231485a6e49b8d,506
library/Zend/Locale/Data/fr_CM.xml,66409448c7c3be6036beb904ff30c847956280fb06046c313d3240c815ba0cff,506
library/Zend/Locale/Data/fr_DJ.xml,386b1cc6792ea829acc85bf1eabecddbdee6f1ad02f4ab097cf60c97e9fd49ef,625
library/Zend/Locale/Data/fr_DZ.xml,8fb4fbe4d805abf2603aa08e854554bc40892e658bcf1aee98a0cc6de93f26d0,624
library/Zend/Locale/Data/fr_FR.xml,236f00da895e760afafc9dfb394c98542806c5b837af956659b90eb8902e4858,506
library/Zend/Locale/Data/fr_GA.xml,786f8d745d1026f1d9080ac5c5ace4944b9d30f55673240b881eb94639ed5183,506
library/Zend/Locale/Data/fr_GF.xml,4fc187c6c9ad86178a3423e59012c90198a4a09c1fbcdf3e1d0ffc600c8744c4,506
library/Zend/Locale/Data/fr_GN.xml,b34176cc6d83ef50304c1f712a6b70955fc890c7ad39a485cc2b3a30cedcac7c,624
library/Zend/Locale/Data/fr_GP.xml,215b1dd6673e984490728ff56870d0c84d87f4a4dc1427a5ff5b1a4c472317d9,506
library/Zend/Locale/Data/fr_GQ.xml,f40bcdbdc3b3d9b2f35552285e7ba53dd327add52c538b773e76c26ab21d3e90,506
library/Zend/Locale/Data/fr_HT.xml,12190d5749fe0d92879240650fcdc696341a9b80ee2a509dd61858f98a5c1fa8,623
library/Zend/Locale/Data/fr_KM.xml,de57d22276e6ea03cfa304a75f6f46c1b8257f0f398d8752d96d498df8de17b2,624
library/Zend/Locale/Data/fr_LU.xml,2e94d6951aca9e1b629db030b72895fce44c8db531672018ccc745ac79eace68,754
library/Zend/Locale/Data/fr_MA.xml,d1f81d246b7404aeba9bf98caddf91b273b6a9146b437541e9b2fce944b4b049,506
library/Zend/Locale/Data/fr_MC.xml,e8f68bc718d736d28ce0601fb4be6b6002ec2a3fb883bdf70e349be3f7595727,506
library/Zend/Locale/Data/fr_MF.xml,21793260c96530b4c934459fede2d349b68abb9580bf6a08f850489c959df96b,506
library/Zend/Locale/Data/fr_MG.xml,86b3025841f21a51937ca4d823c43b949ffd85c4a8d74ab9ac961b6268cea87b,624
library/Zend/Locale/Data/fr_ML.xml,dde899117b70e111176e61cd29ef5069b2d3749ee026c90b2cc2176708178043,506
library/Zend/Locale/Data/fr_MQ.xml,f4934fa4bb424dcf72781438ae46a9faf4e8be4a498773d247ee1d744ead088c,506
library/Zend/Locale/Data/fr_MR.xml,4c2ac38a76184b1b40a3487a05cb244da5c97a71ced856c9151174972f7f4cec,624
library/Zend/Locale/Data/fr_MU.xml,56515ccc9d8450ae81e123e176d2aa9acf99b82a0293f4acc30b2e933ac49e9a,624
library/Zend/Locale/Data/fr_NC.xml,453628c5f5a12e06dd164de5a7f3c7a9d39f0764103a61789289f5d778bd5ab8,506
library/Zend/Locale/Data/fr_NE.xml,066a5e67ccd7c79fd15f0049f0a27d2d05c313017551359395a444d32917b6c0,506
library/Zend/Locale/Data/fr_PF.xml,cb8e25d3329465f0de5c632696a707a3d36cdf0fcacce9f191d5b7f39df69a6d,506
library/Zend/Locale/Data/fr_PM.xml,3b083df156a717d2627764a61b1750f62000e783f72264e3b85c3a8c49d1917b,506
library/Zend/Locale/Data/fr_RE.xml,eec08dbbc14fbf5fc710778a23eb0f9de1c40549898a4652892425ddd1af2717,506
library/Zend/Locale/Data/fr_RW.xml,6200394b158371c3d48cce02f6bf6475a39454024163368bcb5601bd517cba7f,624
library/Zend/Locale/Data/fr_SC.xml,17319a1218a1e4d62e45bbe5f68151aecbfcadcb105ffef4b5f501e249fb3ced,624
library/Zend/Locale/Data/fr_SN.xml,760cc10c3206459802d3566db792378c1a473f75fa9c5d1a2d88f2a553328e6f,506
library/Zend/Locale/Data/fr_SY.xml,bf3cb41124b7a52198768644320654f943d10affc4b87b4d54d0a6e4fe265bbf,624
library/Zend/Locale/Data/fr_TD.xml,7da1c1c5666bb51f5c28b91f953cf7c60b11ba3f04e98c960afde3fce9b37629,506
library/Zend/Locale/Data/fr_TG.xml,617cff941850e4fc0fc2424bb4aacd7062d40e71b193ef01573c61a7d9cb6ff3,506
library/Zend/Locale/Data/fr_TN.xml,583513671fc4f47f0a8d80797f2ed402f5e93ecbb7742df69349bc94c763fc63,624
library/Zend/Locale/Data/fr_VU.xml,b52b45a1c293e8c2cbe82f3b88b49821aebace830a09bd4988d7bb6a146111ff,624
library/Zend/Locale/Data/fr_WF.xml,cdb0bb4013cfb9bd321c7337d502d2b6ed4dd0fac4b95f6aa59c85d288481e8f,506
library/Zend/Locale/Data/fr_YT.xml,316ab86bc68750d13983accdc8f775dd16fd514d62060575685dc69d21d20eb7,506
library/Zend/Locale/Data/fur.xml,4cdbcd86b19a1321cc047a2b674fd319d61cf8b9b7815e8e9721f169a0330e85,88395
library/Zend/Locale/Data/fur_IT.xml,15de9b693e7c11c5206979dc40fbd9b53a36318b3a5fdce98333cf69db7164f2,507
library/Zend/Locale/Data/fy.xml,25c2bdcbc2079628de53078b5b64986ecf5596c3048182e8d92a9a1032ea83e4,361576
library/Zend/Locale/Data/fy_NL.xml,6e91a34c0bc2dff69e578a1280b48f334e787e416b4e8b9a449d3f9f5541ce21,506
library/Zend/Locale/Data/ga.xml,4e9758e70447f3173f5385a7f7eab9d6331e391312fa87cb10b6db193631ca3c,61315
library/Zend/Locale/Data/ga_IE.xml,2e0444f845ce42b0efc911fbbe425fe31bd420be8f710df5afde81a1fc2c3952,506
library/Zend/Locale/Data/gd.xml,0bf2ac93385864b266755fbe272af89f2508037237edb36dd62598d5ce603e05,69765
library/Zend/Locale/Data/gd_GB.xml,8687b3c77d17c1c07b6e636b9d1c855e0b9d88b2dc01daba85db633684b6b549,506
library/Zend/Locale/Data/genderList.xml,cb8f266d3afe1e20c8fd1f5ba839306ce040f08e97f58b2c587fbd5043a819c3,1047
library/Zend/Locale/Data/gl.xml,f782e93b284dc4a3c306da8690da4b93c7eee2732518250f9deb5b2c5b02a2a6,149078
library/Zend/Locale/Data/gl_ES.xml,f91512a183dda78af6126946db2ed13ab8ced5d80ef3c88f8d142bfbbf5072db,506
library/Zend/Locale/Data/gsw.xml,196c8b1dfd594515fb3d50bb533a4636f921b3e4bdf94b257195e0fbce625d35,167581
library/Zend/Locale/Data/gsw_CH.xml,74e2c18e7e261220d3b05b4d718f01a0dd14e51a3ce9ca31c1aaa26e5d6aa355,507
library/Zend/Locale/Data/gsw_LI.xml,f6ebfb7bc6595198df8df2d1fa4bc9495c5f94ff0fac6716e299bf0d69bcb28e,507
library/Zend/Locale/Data/gu.xml,0144d9a8f2127fb35561a50d3e4ca370da48bd48552f683c7c2446b27d2d9de7,255396
library/Zend/Locale/Data/gu_IN.xml,f300b42408ee33904fa8e25b01ce29e04c0f6f803bedb917d208f2248bf987bc,506
library/Zend/Locale/Data/guz.xml,8e575684b87aaaac417446fcc2a34cfa7d439dd409bef2da81cf5336c83f2a9b,27842
library/Zend/Locale/Data/guz_KE.xml,573e8c2d4b7ba242fef708a2183de2f189f71ec6fb75e8c4d1935154dc8315be,507
library/Zend/Locale/Data/gv.xml,c33932e48e19c17ff893c38d7132d9ce40610daa137ce1517b1a2c01c2bec02b,6406
library/Zend/Locale/Data/gv_IM.xml,23799cc495585305015657137ff876051b06b08884d6ab9acca5f5ae191077f5,506
library/Zend/Locale/Data/ha.xml,d7201a96c36392fe78b5a4cc53fdd3b5bdb13431f80722a2673901d9198635cb,32633
library/Zend/Locale/Data/ha_Latn.xml,1733154072c06127055e6c9415b35009ba0b47e751bb45e5ef75b74f9a17d1e7,505
library/Zend/Locale/Data/ha_Latn_GH.xml,8440da684f5a5a1babd9ed4cbeae2cf4fbb01f1d5e7ae95e6c130ee038b7f6a8,651
library/Zend/Locale/Data/ha_Latn_NE.xml,4b31c95eeddb7e544738af90186e020ec7b355f6bebabe97aaa43efdcadd4cb1,530
library/Zend/Locale/Data/ha_Latn_NG.xml,c9a6ef5bda6de738ea8b70617ee0d6f2aa6f0118e4f05aeda590ead115c4ebce,530
library/Zend/Locale/Data/haw.xml,4a4bb929d7a4fb7e850eb710ec76df9d320b8d4c8afeee84a6881cc8e5bfe8d4,11436
library/Zend/Locale/Data/haw_US.xml,4f9a502578cc1e685baf5d11059c6e571be9d95637d85fbb62c832d9a8bcc596,507
library/Zend/Locale/Data/he.xml,4b5d36e1f7d8fcc7d5f5fff4c2177a416e69a30708e1503c310429435ff94312,281098
library/Zend/Locale/Data/he_IL.xml,3e0fccff9cd5994d5b0843381a543d12343569ef20945504022bc64f91b69194,506
library/Zend/Locale/Data/hi.xml,a56de9837deb70abac15f4fc3061125479c5b6928587224e9886447fbda90490,289245
library/Zend/Locale/Data/hi_IN.xml,9822c5cd9b65a2471f8cef55bf6bef0c16e3b6140c3c9a55c333867c49d65260,506
library/Zend/Locale/Data/hr.xml,6c6bec91ff9c7e2d709ff8a59f30f9004a1e7af568743b6130fc57a16cf37f75,267097
library/Zend/Locale/Data/hr_BA.xml,b073230f95062fc4c43fdc79e306a71bc3e51cd154e648f61b31dbe423d00e0e,624
library/Zend/Locale/Data/hr_HR.xml,7a14dafd5734c6298a8ad0c1f3dc91b371e12266820242111345d4945711cca1,506
library/Zend/Locale/Data/hu.xml,6967b763ae013ff301e9a2d1ad1541b99269a2317de528ef12f25762a3f0be1b,233873
library/Zend/Locale/Data/hu_HU.xml,518ed780a8bba2887732a007aaf8b1db00d51abe26c9a11fe813f2daced29dea,506
library/Zend/Locale/Data/hy.xml,9aade68d17976eccb080b87b38eb5220f90c2c99066300b6a0af44e29d92a1ee,207412
library/Zend/Locale/Data/hy_AM.xml,020e9855e23598edf0deac03f06c5514fa916e4c1af376fa07fbb4382b670045,506
library/Zend/Locale/Data/ia.xml,0fb8c316e9acfe6220b5d793dbb019b74555aeae11014c8e6183f91575b47642,28283
library/Zend/Locale/Data/ia_FR.xml,58667e1928d6614de795c8ed366fb689c8de8404d6eee9fe5734c948b06e394a,506
library/Zend/Locale/Data/id.xml,908601508c736bab9f1938828e702dee1136f0d1021839195d27aa5de7281dfb,218136
library/Zend/Locale/Data/id_ID.xml,f1ffd4890f6030a4fd8f8694432d916bc2e87919c353256819eccfabef93abe0,506
library/Zend/Locale/Data/ig.xml,7e29f19cf48d9b2f2fcc8804baac2179039ea268fc6cf633919fdf713427d2f0,12187
library/Zend/Locale/Data/ig_NG.xml,71b54a666ed65531ee502c4dab7a1c7915b6ae40a2b28d47fe551a9cce97524e,506
library/Zend/Locale/Data/ii.xml,471e34ce8649f786bd601bd9ca06eb6260d3497ae3096596dbda2fab76008f34,7976
library/Zend/Locale/Data/ii_CN.xml,526872e8f6cdbbc19db13fd55c94767b758263e88207653d6f3511882e8a2f01,506
library/Zend/Locale/Data/is.xml,2454dd4d1e175059e48309c99c5f72cd42597cf9fb597885265d21e94160c39c,194150
library/Zend/Locale/Data/is_IS.xml,efc2edc5b1512f7694efdb0271f2cbaa953e8a7c1c9d4f23082382fc31868d0c,506
library/Zend/Locale/Data/it.xml,d3919292cece34f1d5415ff7f23c765c53559726995fb9fce26b0e2c7126cf65,215593
library/Zend/Locale/Data/it_CH.xml,3c9f896ee55e76b936fd746ed0e985f0c644b4dea9590aab96ec6ab94206e9a8,9091
library/Zend/Locale/Data/it_IT.xml,4611464f01993adb1ecefa41a575723d724425aeed96cdc71df23f02402d4dd8,506
library/Zend/Locale/Data/it_SM.xml,07091895eb424b00a6521a08f9b2608b53fd28a35b9880d6f72788fe86b455c1,506
library/Zend/Locale/Data/ja.xml,687db88704097fd7a17fe570b0717d0216fad9648227b676063abbcf6595b983,333504
library/Zend/Locale/Data/ja_JP.xml,77ce0d009361c0206fdc8799acaa435c31bb976c7cabb847c146691d26ffd692,506
library/Zend/Locale/Data/jgo.xml,ef2f367f8b1c7714d68dd91ec120021d64fb790fb96ffd7725b0b9c449191f47,22629
library/Zend/Locale/Data/jgo_CM.xml,afd82e77744623967674817a88c1d25d4fafc4d57d260c396e250834a672ae4d,507
library/Zend/Locale/Data/jmc.xml,29a1d66305a08204235e323d8c885e25e5cdc7ba88a69b9fffbb8d0e08dbad37,27726
library/Zend/Locale/Data/jmc_TZ.xml,bc7004417a21680de0c977ada8066f6dedc5edff23dbc8e0f2bdcd35a1f0c44d,507
library/Zend/Locale/Data/ka.xml,cd6814833321fd970f41543d43c0ef84ed115dc2c737ed821066edbb1e2f551d,290329
library/Zend/Locale/Data/ka_GE.xml,1d3aa8ac25ad2a35df456ebcfe128942517d291a439065798c8a2817771d36b1,506
library/Zend/Locale/Data/kab.xml,733ccad63b29fdc8d2706d9d69426bb6975b01ff84b838c0b5e4198c40184d6a,27819
library/Zend/Locale/Data/kab_DZ.xml,f5335895078a646bd9d7bbe6e21b4a6a3eee80668038aab24396066ad4b990a8,507
library/Zend/Locale/Data/kam.xml,998d0e9aab05116bc05aa7985ea21b5b91db17733fbdc6a881576c20664fb99e,27931
library/Zend/Locale/Data/kam_KE.xml,dab313e699fcf8627fbfc854008deb365de632169d66c932fd7e67c1c11decd3,507
library/Zend/Locale/Data/kde.xml,f809503d714fbb545a41ff1d3cdde18912a80b3bc999332c2eeb33ea5e52731e,28172
library/Zend/Locale/Data/kde_TZ.xml,477d0255cc568b761c61420fcfe7413254ee31d54a1dbac1934c555acc321d08,507
library/Zend/Locale/Data/kea.xml,8109316a287c0f9e54cfe521cdfa0cb09ef0169fe1e855cbef1aa0949136ab19,64417
library/Zend/Locale/Data/kea_CV.xml,d0b93915cdad3262d5e220626edacf802040f5ab3836aaaa132e143fde063821,507
library/Zend/Locale/Data/khq.xml,408cd9444f04c91525badbfed5b82dae224e544094cc9e34e41c0c3f78233018,27724
library/Zend/Locale/Data/khq_ML.xml,1a5907910ce4b220bfaeb904b3bd865ed573f17b61702ab4c5ec2ce4ed5fc799,507
library/Zend/Locale/Data/ki.xml,108e74e2ec255671352f5e7bf0c50645532eef716312773863fbda5c562f1d1c,27890
library/Zend/Locale/Data/ki_KE.xml,9566382dd8613dc2f2ce46322040d5ca6166fc2b82e86b6ff333a9fa8ffe5203,506
library/Zend/Locale/Data/kk.xml,759d9526285b7a46ca66153cf07aadab0f748e091b46e918bb5ad37f9a0044b0,198897
library/Zend/Locale/Data/kk_Cyrl.xml,157d5a533448dfa3b587a56c78a329b05e3024c99ef9bd6d32edd87e1923bd92,505
library/Zend/Locale/Data/kk_Cyrl_KZ.xml,8b003f495252e5f71d7ca8c6adc890d6275d009c9d4e2549e172bfebd3de6c49,530
library/Zend/Locale/Data/kkj.xml,cc19fcce0d365c227d557be8f816d89e60002d15a225dac3ef978ca05acb1dad,11067
library/Zend/Locale/Data/kkj_CM.xml,f565cabf704dda1f33b7ab6794b1d415fd4c86f7d9c93da17bf670800e63ded4,507
library/Zend/Locale/Data/kl.xml,86c8a09c8aaf4ad8dc3da9dd2ab6a04ed179cc299e995401c329ce449d060f31,94285
library/Zend/Locale/Data/kl_GL.xml,e4239459d2493e08438246cd035812d44b8c36f26f54f0cf1b82402024f67907,506
library/Zend/Locale/Data/kln.xml,9c5d0b2648179a49e2641d12628f64f9e202ee6a2abb6408a071337e45542740,29957
library/Zend/Locale/Data/kln_KE.xml,c4599d8e6693454973f0cc610e779abfe9c8981d02c86c3018f2757ad55f6170,507
library/Zend/Locale/Data/km.xml,571bbd0d89107bb6ab7bccacb9d81a2194653be478819ad55e45fe8532b42509,192321
library/Zend/Locale/Data/km_KH.xml,67a25eced40482823e4733d7b2d54cc34f5399e3d032d4372bdb32298bdd1f09,506
library/Zend/Locale/Data/kn.xml,c8df16c48c60c990723ace737850850c01de0595cd9890ae953f567762b6cf85,235028
library/Zend/Locale/Data/kn_IN.xml,b31e77965a5be513e42a107573ab8241fee5470f6bcbbbd9da43ab506add2f44,506
library/Zend/Locale/Data/ko.xml,c7ae5868a6bca493b895d11d39b91b284da6941ad2a8e96a0a97fce3293685ae,251122
library/Zend/Locale/Data/ko_KP.xml,84579a827dbafd2b79e4ea4477fce552645c66a8f8af1231412ebe0e9149c6c8,758
library/Zend/Locale/Data/ko_KR.xml,acff2aed3fedde83d3de2f29e1e517b864177a907548e9ecce184cd48b25b3b5,506
library/Zend/Locale/Data/kok.xml,11821c7d94d8af87014ce183f8b7262e7cdd71315b7798465687b5f02788ed5c,14538
library/Zend/Locale/Data/kok_IN.xml,3a4f6e3fb76c53b27081a2e18f7ac934c5228088a422ca6033939fbaf83c1e97,507
library/Zend/Locale/Data/ks.xml,d6887b159cd689da52d54b71e7008ff4b59698ee25e64e2c73c9cc552261b105,155602
library/Zend/Locale/Data/ks_Arab.xml,ead36535765b5d82a388e29e911c521444b13e70823718de9a544d59b5c84d92,505
library/Zend/Locale/Data/ks_Arab_IN.xml,0adb3a5e7816e1a561986aaee821fa08f69654d46ac9e26f8ebcb2aaaf93ce35,530
library/Zend/Locale/Data/ksb.xml,63638acfa02088fbef8cd668a6a4a470bcd229fddbdc9c9fb216413e52179be9,27716
library/Zend/Locale/Data/ksb_TZ.xml,b4cc577c5c8e01d8b590ba123e53b9521e649726d359289031a09dd28dd37ee7,507
library/Zend/Locale/Data/ksf.xml,5949b5a53e359f6d0708ae56dd98a32679ffbc1bf01fbf66cfede9e63b22d88b,28355
library/Zend/Locale/Data/ksf_CM.xml,d6695d71c65f8ab28fb321ad4cb318a8656fb70d6c5f5bd5e8593d38946a0a05,507
library/Zend/Locale/Data/ksh.xml,7cbab2313582e74b0aca2f6631816283f39c508cd4b0adb1cfaa0d1fd91a2660,152999
library/Zend/Locale/Data/ksh_DE.xml,c5e6671596ba7207077ad84659b3794a7bc6c6aeb655325ffd1292be01f1ec47,507
library/Zend/Locale/Data/kw.xml,86c1c3da98243b6bfb67306a0c084793580aa2d325c10bafe773318514d1aecf,9247
library/Zend/Locale/Data/kw_GB.xml,3319530239151e8b66394e3a156a1a2c6c82b9250144ca210daf9fafa7aab12f,506
library/Zend/Locale/Data/ky.xml,99018b4c6d5eb1fd9f50ac3b60fb7a5dfd9506e8acfa882d9716d92f93e31ac6,201261
library/Zend/Locale/Data/ky_Cyrl.xml,abe05fccb51329f7261de8746313fa36645310af6ac905984713876b9e2fd231,505
library/Zend/Locale/Data/ky_Cyrl_KG.xml,659c6e78e5c314cb2d0b2d5055253fd5d857bcbd38e40db58fb37a834cbe6529,530
library/Zend/Locale/Data/lag.xml,14949d2e9a1d944717b573ca8bd32931a444dc414ae3d201b0c3f036d01a1772,28554
library/Zend/Locale/Data/lag_TZ.xml,d4a033c4ea4500d9ce0b15a3f53a03fc7e787cb585f0671b36e9d614bd20885e,507
library/Zend/Locale/Data/languageInfo.xml,e33876b17c42db4b8b37b61295ba436012547b737e4b2f0b7ec2e917b0734319,12262
library/Zend/Locale/Data/lg.xml,f92dd9ae7e71c97180735797efe5f3e3e3adf2a9280acdea47d360776fdd24c2,28002
library/Zend/Locale/Data/lg_UG.xml,48bf661bed5cfdab4e3a80556ab07e51794b38e335e1814b9a9be373961e09f7,506
library/Zend/Locale/Data/likelySubtags.xml,b93fdc7aaf811b1dbcf8fd8c926ce6b4f905b24187b769f0df4492287dffc4df,105920
library/Zend/Locale/Data/lkt.xml,b89da971d3b211c315de17e3cdb0102ec951f08e8b6541411e690ac6a7a55f16,21910
library/Zend/Locale/Data/lkt_US.xml,307248d9affe758894d68a86c8e73fe1e2fdf740fc46aa7e4d79e2440330a82d,507
library/Zend/Locale/Data/ln.xml,c28b3f47d405ec671f2f97d1cb52408eee2ee6850bf51c6595058b3a28488b62,41634
library/Zend/Locale/Data/ln_AO.xml,f817dfc0268681102309582ad66c439da49ec733d66fcd80b8945cc9d8bdfa3d,624
library/Zend/Locale/Data/ln_CD.xml,d30c7fab63c9cf36ac7b4eb3a266b1fdde2cfff4238c3fe987e613c864175b36,506
library/Zend/Locale/Data/ln_CF.xml,3f57a331c7e9123a7c3c759545e6590a3389086c209090d4ef564e70403b630e,506
library/Zend/Locale/Data/ln_CG.xml,1698b362ffe57ef5d6cc7537bf3794f7267607cfcad0896acf3a1710eddc920e,506
library/Zend/Locale/Data/lo.xml,d2292b5d863e25f6213a9a1208f8df39bc2e2422de46f8d800bb750f11e97f74,285096
library/Zend/Locale/Data/lo_LA.xml,64d02658d11ad98f53373e40210e2d2757ee320431a84c429fb80eae22cfbffe,506
library/Zend/Locale/Data/lt.xml,76441b4e7ad68072efaa3a068ecff60f53be8195bb1b28b42ed3e8885f3b9c3e,305140
library/Zend/Locale/Data/lt_LT.xml,d4c611bd27ca5b9f7d12f1d9000703f27d56716852d5f604ade327499aa2d4a5,506
library/Zend/Locale/Data/lu.xml,21b201e8842cfe5859397d818878b2f920ff3fbea87457c25405373272bc74ee,28170
library/Zend/Locale/Data/lu_CD.xml,2db4ca440d7263256a91d2d145113319366214a56f76e23ece5f329559b2302d,506
library/Zend/Locale/Data/luo.xml,49bdb49eccf92288e0012a627a5a73c3844cd6a708a1a31bffe0fd2230223362,27782
library/Zend/Locale/Data/luo_KE.xml,1e5e813c38db2a5e6b720d0a03ef9594576f9d0f88fa207de1d86c9703a396ec,507
library/Zend/Locale/Data/luy.xml,f7ea796f4ddf4d792501482daca1c9d8051b7e49d3c6a1568e4b28864a74a352,27782
library/Zend/Locale/Data/luy_KE.xml,b77db809ef124619ea56ad50c00e40e8f5ad16ccb91411655ce84906487c8652,507
library/Zend/Locale/Data/lv.xml,5d06267f7b33e854655b73bfed01429ab5761291472212d1cc69c21e72323e98,231956
library/Zend/Locale/Data/lv_LV.xml,a63b4f27202f8a9edce47259bb6a1c34e6b17d0ba3dd820cb52533c34d1ff906,506
library/Zend/Locale/Data/mas.xml,665e7706943f374d6dad49570ad18c2a4c6d191875a34d0e7bba72f512f9fea4,28789
library/Zend/Locale/Data/mas_KE.xml,70c5990d47c1b630f7f96b29d9374a394aed279c52961bcb5f96124e55213b49,507
library/Zend/Locale/Data/mas_TZ.xml,4c074e1f283d89cacb8ae57741d1917d64da5df32499fcfdefdf9be35f53b6b5,626
library/Zend/Locale/Data/mer.xml,ab5c40eaa960839feb83539e6b33c4c5d369d753d49fe92499c368f06c994fd5,27714
library/Zend/Locale/Data/mer_KE.xml,3a85d4d02df8f05f33cfa238c51af85bb17660b44801c797fce708d7ae04b218,507
library/Zend/Locale/Data/metaZones.xml,9f1564963157ff251a5f202a714e79ef408564bd57707981dc0055cbe42d1f51,83226
library/Zend/Locale/Data/mfe.xml,8ef6cd90d6089bdacef0e84a5c16dd4deb0c1fa27c8fecd242c790123d53385e,26778
library/Zend/Locale/Data/mfe_MU.xml,ad27012269da8b0e9f4ad2694cd6e1bcf96a2e289e6f8df303f993eff179f0e1,507
library/Zend/Locale/Data/mg.xml,8c189ac722a566de54cad181fb984850802b9407fdbcd232876bb133aafd2cc0,27387
library/Zend/Locale/Data/mg_MG.xml,33069a47bdf371b6f16289f06dbcc92f665ae3ae7cbf5cf75eefab3d385f3099,506
library/Zend/Locale/Data/mgh.xml,d8e78d66d123249a7c7ed0891641a94a0c575621c460ba5fa8fd975af631a456,17841
library/Zend/Locale/Data/mgh_MZ.xml,25495fa6f1bc3ac0cfe27e09b14ff88027ab23ab7335aed1d503a826756c577f,507
library/Zend/Locale/Data/mgo.xml,27647f6f260df6670c633873585f9638b1fb267bf36f9f08d2683569afb040c2,17512
library/Zend/Locale/Data/mgo_CM.xml,b07774b7a1449dc6ef519e91580c1f57c17d2d076210f48d123c604c66576e88,507
library/Zend/Locale/Data/mk.xml,2dd8228d284362d058768281642b988ecb6eeeac88fc867dcc67379f2a225ccf,235715
library/Zend/Locale/Data/mk_MK.xml,b880f40eb1b1761fce9e335ddf83f70d6a64b6e0f5d913b4fe3fc43c67386eb2,506
library/Zend/Locale/Data/ml.xml,5bdd29081060efdea29fbcb124c38a4b51bc7962bccfc46f08d41d36519def06,301870
library/Zend/Locale/Data/ml_IN.xml,253bda2a5ed617702935ed69602bdfeb3e89caa10b92a38f843dd4e97d869676,506
library/Zend/Locale/Data/mn.xml,d881996ed87b5cf637853de466c216782597e159ff561a8fa23d60231d804678,198545
library/Zend/Locale/Data/mn_Cyrl.xml,370efc23997909f4c624e53441abeb1aa07589b5d40f5d368f64b24399d7aca6,505
library/Zend/Locale/Data/mn_Cyrl_MN.xml,e17520f15d4527e36f48939208fc36b5c79eab22afe7cd3872263bfa9dc3aa11,530
library/Zend/Locale/Data/mr.xml,64d6edf9de38a264c00f5c01774ae76370dc991e07e2e0c462e35ec78c32066a,256461
library/Zend/Locale/Data/mr_IN.xml,5791a82c0bd556360fd6bac0fc9936960bada7493b17c7ba8cf9f31d0bf52ac0,506
library/Zend/Locale/Data/ms.xml,2d1b2c7ad7be2f46f12f31bc50612fa31ce2f1d3292f61a688d8730d672de60e,138656
library/Zend/Locale/Data/ms_Latn.xml,f7575052e51981044a3b189226f2e05835af105974cfd05275171847f5e39286,505
library/Zend/Locale/Data/ms_Latn_BN.xml,ee8f742363b5c04d8408a513aa63740dc2a797fe6a36563e24a4b63598d0a4b6,1433
library/Zend/Locale/Data/ms_Latn_MY.xml,2820ec026d48514e1bce360088c29e501419353b902d0e9af5f34b05e94f7fbc,530
library/Zend/Locale/Data/ms_Latn_SG.xml,e36e2343973349c0213fdb9ac6daeb5193a62fa518ee3fdfe4fcfc76bef019f1,647
library/Zend/Locale/Data/mt.xml,a5b869fa739c86433d76caa12ba626899b28ebaff646de14ea00e5c1bd439715,58394
library/Zend/Locale/Data/mt_MT.xml,16289cbd2ba00c94687999376edcd7a04e860a2a03f4eac42aa75d84424ca690,506
library/Zend/Locale/Data/mua.xml,2280a3db5c083dd66f79f4868cc279d0c9c91d43a935cfca9ad3af33260e0ebb,28681
library/Zend/Locale/Data/mua_CM.xml,1d095613bf29106839d76fd87743f9ed5d981deb107404176ab7372572921008,507
library/Zend/Locale/Data/my.xml,f9fc533a5be419d263352d14d2f301652478ba03dbfb0b7aaf8c600e868d1c59,211923
library/Zend/Locale/Data/my_MM.xml,764eaa2fa886f5b4ec946ae87a9865af8e5472f5840961ce77c8a8e6e56106e3,506
library/Zend/Locale/Data/naq.xml,13f2678a918d247cc1f8bfe4f9c2e8788ec09ae709b931035617b1040420ed6b,28116
library/Zend/Locale/Data/naq_NA.xml,8f99fc5e4796edabcb6621b108cde11ae3e34e23a58748f2cb68836ad3e3e4c2,507
library/Zend/Locale/Data/nb.xml,0101171a6e5c83d61acf53037b846cfe7faf69393428bbae1174dd4f57e071c7,228314
library/Zend/Locale/Data/nb_NO.xml,b7598488b89c913d92b8d53a81ca58573dbb3479de6ff4758b773718f9407882,506
library/Zend/Locale/Data/nb_SJ.xml,1d3509e451457ec05cb4f769375ddb76d06119d20636d5f147bb68902944aedd,506
library/Zend/Locale/Data/nd.xml,d84675a411d96d72d29aac33fc40bc42ce29a13d5c6eef060b9c901f200db403,27811
library/Zend/Locale/Data/nd_ZW.xml,5dee465521618aea6256932ef8a2f3136612f8ceaa2543858f8d82994d4f81cf,506
library/Zend/Locale/Data/ne.xml,0698002b29bea2f7247a32fdc0578348101dbfe1e51664fabe175d7797716ff7,234091
library/Zend/Locale/Data/ne_IN.xml,4d5e8703956fdc1240d62727525274e11152215425c9c3663f5967f602a1402c,4464
library/Zend/Locale/Data/ne_NP.xml,8e4d1bab3a87ee1b30a5221297db7380c17b1fd72ad694f163b0c7b9c5b8d693,506
library/Zend/Locale/Data/nl.xml,79f1de9d63a102c5b7c6a2cdde2832999e06eea26050c9171eff6c1283732362,300995
library/Zend/Locale/Data/nl_AW.xml,f5c5f1d24a486c55c1f825b5cc40009f53dcbca6f7c221914b0c53fd86142158,626
library/Zend/Locale/Data/nl_BE.xml,b80bd3e41ce193082d870100125d79218fcf0780ffd59f26d2f5b00093f22238,5118
library/Zend/Locale/Data/nl_BQ.xml,555916c028a255ba844cf128707d5af74bbaf94a72110118298e642604809b4b,623
library/Zend/Locale/Data/nl_CW.xml,392a4affe44b8d5413294eee02852e06d23aab7e068c7482657930438361e79f,626
library/Zend/Locale/Data/nl_NL.xml,48b946e461ef3646ebb94c7e23b235dd21e2262c48a6055ed1444a008c783384,506
library/Zend/Locale/Data/nl_SR.xml,c8a239a21aac5e1da8c96c14f03d10acc022413061f68e2071cc5884c0a64a1b,623
library/Zend/Locale/Data/nl_SX.xml,a268a8f30374c3b15c536e5a0d768aa3d59e0cecb894e755cdf6090f235078f9,626
library/Zend/Locale/Data/nmg.xml,422883f0101361997cfc0e8448ad3b451f6d9f74731c55051fe2c06929964d7a,28255
library/Zend/Locale/Data/nmg_CM.xml,514b37684dd67104705e4a48b5dee074f9e95a00d48d0c67dae0ec3073b77948,507
library/Zend/Locale/Data/nn.xml,201f8e8981efcf460471eacd59a1a01083efd708ff68a8c1eb4554bb47dd4a4f,167080
library/Zend/Locale/Data/nn_NO.xml,b2dd9dabf481b94932b2fe492ac43f92764652c7527c93513f6aca2903810827,506
library/Zend/Locale/Data/nnh.xml,2bd6160236393702d967b2383c98e1ede2e438c4d194154d9471a57a4f06f9f7,12232
library/Zend/Locale/Data/nnh_CM.xml,81af79140b9e5c020ba57d959fa7546f8f5937c79b2f8854ee8978317b1b4408,507
library/Zend/Locale/Data/nr.xml,22fdbe75ee663b56cd744554aa53d353165003193f9ddbe7bbed029fc518d92e,4978
library/Zend/Locale/Data/nr_ZA.xml,b77b339798764c117a3f11cdf56dc1f28cb3ce296eaa72ac748f4fd5a193f6e9,506
library/Zend/Locale/Data/nso.xml,2edecc59606699646fe5f791592935c75af76d34cd15164daae1036063f78318,4837
library/Zend/Locale/Data/nso_ZA.xml,69e867e53c114da019c34912309cbd9e99dd718aa928691c94ecdad55fc417fc,507
library/Zend/Locale/Data/numberingSystems.xml,1451b97f0ddec6b89c5d1a8ceb37c6c6a5856f326f68b9b3e155f0966c6f29e7,6058
library/Zend/Locale/Data/nus.xml,c2ab9de37a4f4642d35d26980febe2bea404fd8e16bb68632cd6c9477e69ad3b,15767
library/Zend/Locale/Data/nus_SD.xml,1667394ad5594d6aac38b62b27e669395d6f04f69c7163928cf51849cce206df,507
library/Zend/Locale/Data/nyn.xml,5a22d5af2a112fab702853526fe26a655848cbcc34ce0c060ce13f693790e20c,27922
library/Zend/Locale/Data/nyn_UG.xml,2e0dfe6f8971e088b70ea0214df3e5767e588db72349de4a7f44350d558f9dcf,507
library/Zend/Locale/Data/om.xml,3140801735ac6de62aa948c549d1b64d4257be4dccc1b87068c098fc05b7fb75,12546
library/Zend/Locale/Data/om_ET.xml,91371101f38d2aa072d2f7a264f4ec72ab0e510af6845576f2844043f4150d19,506
library/Zend/Locale/Data/om_KE.xml,335f867847850c89d0f0f7d93635df01cd2535dd4618cba27334bb44c42899d5,625
library/Zend/Locale/Data/or.xml,181404ad0c3eec02640d857938d8e6e342af5aa6def249b5646bfcb3588fd47b,61681
library/Zend/Locale/Data/or_IN.xml,50668d5d76f1c78d42038720c6385c30add2033b46dd18f13008ba32f4fa5bb4,506
library/Zend/Locale/Data/ordinals.xml,2e0ecd59068e3be6b13730373f1cd72712b8cd906a25b6ac3cada85a66409321,7729
library/Zend/Locale/Data/os.xml,37befca89acb495e6da9a65192ef805683ec6de7069f10117c5726246b3a9578,43854
library/Zend/Locale/Data/os_GE.xml,c6e9f4d3fc163ce9cb33cc0a1e55ccb2b931df31dc94415df71a04b58549479b,506
library/Zend/Locale/Data/os_RU.xml,bf750e813b91e06cc199d33ab3d2a40f579098b2a66a59e81f7acb2802c47de4,629
library/Zend/Locale/Data/pa.xml,b2526e7f40877b9f7a17f906ab5c0b3441b692693bc9db3448f7d86203838b9b,218126
library/Zend/Locale/Data/pa_Arab.xml,d916e6401f0779b7eff7adabce1d3cca3ccb957a4eab0c67e248b717408f213e,7006
library/Zend/Locale/Data/pa_Arab_PK.xml,a4cd92e96a61ebdd7b0ecf1d21d619c03bb0baf7fc802d28d898ec62c2d4babf,530
library/Zend/Locale/Data/pa_Guru.xml,b72f05ea0f1e24dcb658335f4e719e67e9d78571183968fb6d2fa515ed8f1fa3,505
library/Zend/Locale/Data/pa_Guru_IN.xml,9286deb65f3a4287cb9cee946bedbfb38d8a9e96489be4cbfead6846e1d0101b,530
library/Zend/Locale/Data/pl.xml,6400f13a1c15633e643133c67cf64883c10e737fdc1a7e8c64d86efaeec1762c,281232
library/Zend/Locale/Data/pl_PL.xml,32401e226a8d978b4113e6102ddbb373766eca01eb8786b9ef96c0b627b8e301,506
library/Zend/Locale/Data/plurals.xml,e0abc21c49d9f5045833da5edbd7968dd284ae9a512c85b71de8c7b143ba9b80,21029
library/Zend/Locale/Data/postalCodeData.xml,c41ac9a6bac6b7de147578cff1d9df9bee2902032f916edce00ab5d6254af662,12255
library/Zend/Locale/Data/ps.xml,90d0acdd1945b19de5a70ee410be61f014d725169e7d02d6ad4e4a7251894d91,17563
library/Zend/Locale/Data/ps_AF.xml,4fb59662bf1e9acd1299cca15b635dcd5d8c6fdb414faa6459514278e56837e5,506
library/Zend/Locale/Data/pt.xml,798527f4e4fea995d7b185bff8e011baec598827603c835e450f5b78d43805b8,253047
library/Zend/Locale/Data/pt_AO.xml,5e539e7238c71e27c605b524fb3d93dd612a6572e108f5e1f00d5d039abedfb7,1400
library/Zend/Locale/Data/pt_BR.xml,c641e856ca0d96aa485c5b8b23b4d2bc6c6f34abec077b32be05f1c24fe92e07,506
library/Zend/Locale/Data/pt_CV.xml,5615eac0c1d6e56cd8cc24f4728c873674bdac8f30dfe76073ae663b8e4a5e18,1488
library/Zend/Locale/Data/pt_GW.xml,c43cb7e44913111968f9c5bc061c5d080034488517ecee60d3ee5fb730ad9aac,1282
library/Zend/Locale/Data/pt_MO.xml,3d0ece902aeb8431120f2c19dec1e18c1a4f915d8c810d237c891d9d6f1eb16c,1402
library/Zend/Locale/Data/pt_MZ.xml,4f6212b3da37e8bb9b1e8361eea22e74490b1194f129f07bdef61006a1c82587,1401
library/Zend/Locale/Data/pt_PT.xml,d31d44ceea97ee3a7d9bc9d3db545d5d0849307ba54e9c3a53366ef58b8ab1d8,209276
library/Zend/Locale/Data/pt_ST.xml,f3defd5a1bbd18eb4c0842b5ffb314502668f9130e8a8336d6284dc7d8461792,1400
library/Zend/Locale/Data/pt_TL.xml,9c5fa3c41c2d429a418f99358038c159a8494b804fb9bf91823c7cf15932036f,1282
library/Zend/Locale/Data/rm.xml,599492d1746cd6a7883bc9a6548ba45e21dc7fdeed6d029fd180f2b549b323f5,134129
library/Zend/Locale/Data/rm_CH.xml,c59bc29fcfeeab82129817659e4d28739194c93c108c7f2df011c50aa61190f9,506
library/Zend/Locale/Data/rn.xml,2b4032a0aa752151143074ead0df943cb8ef902bae905657a70c0c48045bb7c9,28175
library/Zend/Locale/Data/rn_BI.xml,15de6cc3aaa1ea104d1b127001946f26eb265d55ab7a34a6fe5f2c166fe3687c,506
library/Zend/Locale/Data/ro.xml,3326d6f108d4b3101a3f5f5a0085a3e3ec969cf92d988f1b9a43e1f20eb12834,246622
library/Zend/Locale/Data/ro_MD.xml,87b4352028b3e3e593a87f99ca30dfbe480adbf63c9b6d936c3d317e559708f1,623
library/Zend/Locale/Data/ro_RO.xml,0ed22a506011c56d6db0354ad1942153489993c76d7d7182ff58852f3f6cddf1,506
library/Zend/Locale/Data/rof.xml,6223381ed00d7e5b10c76c323845ab1082e7adaa2aae146d720e8511c2cf41eb,27811
library/Zend/Locale/Data/rof_TZ.xml,9d386eaa2e5f9b5e107f1a3b0890ee7d2aefeb83d48e675a1cec301d4da84a65,507
library/Zend/Locale/Data/root.xml,5db15b6e6d3be00c51927a55c8d37b3bfd21a26e9d197ad946ac23254b1e7529,149235
library/Zend/Locale/Data/ru.xml,f7bed7a1996902ba0ff03c3f917ff5e7f10b8bcb4edbbe4521caa3f8ee57c8f0,386986
library/Zend/Locale/Data/ru_BY.xml,dd79e87017e3e1d9a7e72453ce2187caebfc65016d13086ab535a5c3ca00385f,690
library/Zend/Locale/Data/ru_KG.xml,5c9a0f4523599036117f67d74d6e5617c7fdd6667caceac3c0298c9b8a54d749,628
library/Zend/Locale/Data/ru_KZ.xml,56a7eb5d5d0c5f1e0d893f9f80f75836f9ca5e9ff50845ecc6574f15925635d6,625
library/Zend/Locale/Data/ru_MD.xml,a99e1394f937d236fd8043234bbb7e0a68ff6c0b507d5db9a3affdee360da9ca,623
library/Zend/Locale/Data/ru_RU.xml,0ac7450012d0d264910da3872451f2b31f096d5e8f7e9565bf43787dc4cb7a7e,506
library/Zend/Locale/Data/ru_UA.xml,d2c1d7c8108d5ec7da9eb93f42b558d01bc84cbc887bb2f0749f1535076fc322,7885
library/Zend/Locale/Data/rw.xml,b0ec938c1b6fb81363fca537a23258b2e0147bb07e02f3b6f77eb80e3ccba1b3,10663
library/Zend/Locale/Data/rw_RW.xml,28affe8cdb652104f40edc9494dbd164ff4f489392072d11384db3a2ca2ffd23,506
library/Zend/Locale/Data/rwk.xml,dd51176a945c92f3caefff61d0773c94f898cfbb5b1206f7f8cb3724287f3a1f,27723
library/Zend/Locale/Data/rwk_TZ.xml,5359a233e03878100eb32fd62d2da908f9d77956d1a4398c18cfb99b7ce6b287,507
library/Zend/Locale/Data/sah.xml,a867337fd1ded5c6956a4ce2c6a6b4dcad06a19e29f47fc4c27e5ab59040ffec,19552
library/Zend/Locale/Data/sah_RU.xml,a401c280094a07a423f7f3703cd61dbe27a9133d09d7a1e064d108ce5e2fa286,507
library/Zend/Locale/Data/saq.xml,1a754817a2691f1fb13b56cf07ccc87d8397adfae52367dfd1fa988df2ee12a8,27977
library/Zend/Locale/Data/saq_KE.xml,31bc951f453e72a39bb6fc55ac2238b026ce10edf516f6c0904a12fcae4294d0,507
library/Zend/Locale/Data/sbp.xml,ebacdae74d789c6072b100e1fae452465ef72bfd71de67e3d774649c6a6112d3,28167
library/Zend/Locale/Data/sbp_TZ.xml,8ac120459eb6216baa273f5ff604a36f9c97d8d884af7ce42d5166017dcffce0,507
library/Zend/Locale/Data/se.xml,0900607db9f7eef5e26c8d9d6d4e56466fed6c355a73c4f573f03a4dec8e24f8,92316
library/Zend/Locale/Data/se_FI.xml,6d54c1df6c0bc0f6c1fbed838060254e7c9bc3243cc9e20bbacdba0b986ea4fd,3674
library/Zend/Locale/Data/se_NO.xml,82ef407ff5450b676bd734f5bdc5d82e467a28b778907ad610d597c004972816,506
library/Zend/Locale/Data/seh.xml,0d4bcfea1a4c6bf5497d984d25493b2f1d3befd157bb2dec6bda28ea1826048b,27370
library/Zend/Locale/Data/seh_MZ.xml,267599b5832aa66278e030fd6069635c8f872618699d812e3774b07761046ca3,507
library/Zend/Locale/Data/ses.xml,e74dd7f5986f9e4ec169bc974495a97b87e2b4aa31c9a1a4e4cd80797f6cc592,27718
library/Zend/Locale/Data/ses_ML.xml,fa9cbc0db3a6ea922fd8d4b597d290c5c92875535289d940a8b69daa74f1d291,507
library/Zend/Locale/Data/sg.xml,2ae8caae522334e90b5b374a15d788cc1fd883116cd67b593299b4da41345955,28355
library/Zend/Locale/Data/sg_CF.xml,3d8182997521d599efe613b9f76110337a85871664434226e10e718ee076b106,506
library/Zend/Locale/Data/shi.xml,8e9d48b2634c953eaa048c196c360c70ee60d2154a133a93a9c29f870c8b8788,33860
library/Zend/Locale/Data/shi_Latn.xml,9f2e95130fe759f94d6f68d4c585a447b7f2a3fe4ef138b846a4bdfefd3d26ac,27290
library/Zend/Locale/Data/shi_Latn_MA.xml,b05f48a85961a627c42b62f08c5a3bcbf59f1b9c45ae0f09fd3e3e7c8d8a7018,531
library/Zend/Locale/Data/shi_Tfng.xml,fdcef1e632741d321f086f840edcfe1debea259c3d3bb625a3f0df33a0953a8b,506
library/Zend/Locale/Data/shi_Tfng_MA.xml,c8513130b0ac3ef1240c3f9fb23d2636b23f42dc47c3ea0bed732c089150198c,531
library/Zend/Locale/Data/si.xml,ede93102c26cdb5de894d5acc0dc436406cabbbc1cdc2a8ca92de3b85668bd5b,204717
library/Zend/Locale/Data/si_LK.xml,a96aae7f67407a7f95c2903233113cd2840f45d02c0cc33bbd0b9c767e920fd4,506
library/Zend/Locale/Data/sk.xml,21be3a6a03813238a2b8c7e9dee42e860dfc1a2164d985e63b7f63223d9f21f0,234771
library/Zend/Locale/Data/sk_SK.xml,90c24f07ed36be2a2a38f89a762a391ed27dae773733fc206478965a2e8fdbcf,506
library/Zend/Locale/Data/sl.xml,71f8395d2c8cecae79ecd3d552edfb9107883c3c32ed9fcb8e5afa7bebd2c5e6,219798
library/Zend/Locale/Data/sl_SI.xml,aab65596d5d9e468affd6fb995b9e2934413b4c64a2cd84a358b7cd530b975c5,506
library/Zend/Locale/Data/sn.xml,c679c37455b23aa73c3c6d0b0a41e9ca9fe3e350701d0ce5ec80f9dfdf94cf4c,27515
library/Zend/Locale/Data/sn_ZW.xml,a97f099077852e906e37617c340bd5b5485b50489f1049664f0462b1464f0f10,506
library/Zend/Locale/Data/so.xml,377c8e20ba6a46ac39d5dfab3aac13c9a9f91fb98b73fbaf79c5cd6e8cf80377,39366
library/Zend/Locale/Data/so_DJ.xml,a5962f6b9bf508a8d3850c19230612d32172dad926d40c862a59d25f642291bd,625
library/Zend/Locale/Data/so_ET.xml,a015e2013014bb2f320bebbcde14176c672e45b28f5104997f66d7c493fb88bf,624
library/Zend/Locale/Data/so_KE.xml,c2b945e18b21820ede5e0ffc2c2e10759392da636d5004ac0427892d8fd66c0b,625
library/Zend/Locale/Data/so_SO.xml,eaf25447e8ed42d4b228605c95bd36b8006f5e006f0e406b07b63d27cf3cab49,506
library/Zend/Locale/Data/sq.xml,dc3f8b56319d96caf4c778ebc5fa4d6a2d4b7d74c0b5057903cc479277e591a1,171273
library/Zend/Locale/Data/sq_AL.xml,6359364236c206bb06182c1359a2be1a0540a6dd467130f8caf37971d0125313,506
library/Zend/Locale/Data/sq_MK.xml,0b093c12cf9e54c946368c4574123be8c6f004d7851ed0bb85fd6544b640d9d5,625
library/Zend/Locale/Data/sq_XK.xml,acb5f59f8b8dd15c876aa418558e33bba5357c1e1125d3cfe9605eac56c5fc43,506
library/Zend/Locale/Data/sr.xml,3599642691499b67161786e8b9d7bdf080eeae7283f33944b59353497ae27974,348077
library/Zend/Locale/Data/sr_Cyrl.xml,4a720062d78a8bc8bc15d2c61a8b3827b28e0a47c190650fb24383cef0d93399,505
library/Zend/Locale/Data/sr_Cyrl_BA.xml,d4966d01602e5cae632c6e2479606267b9c12d1039827ce44f14acc88606e198,5620
library/Zend/Locale/Data/sr_Cyrl_ME.xml,a47beea81a6ebc92ae1d235c9f01d1855880e7467dec79ed6e1e009c65069d3e,530
library/Zend/Locale/Data/sr_Cyrl_RS.xml,22798d290fefedd37865e65e695864a2c8ad03d67bd4993a80435d5a9b26afc4,530
library/Zend/Locale/Data/sr_Cyrl_XK.xml,60132d8954d991447434678f839ef37b600c7ebb80299412fe49d5dba02db247,530
library/Zend/Locale/Data/sr_Latn.xml,796d439af5fe351140c4ab62a4aecb9dd4651b9cdaf13104a235473a6e954309,303499
library/Zend/Locale/Data/sr_Latn_BA.xml,18213aac51da906f693fc9cf48875964443cc181d736a7625ac78cfeb3605ae3,530
library/Zend/Locale/Data/sr_Latn_ME.xml,e30e86957017853a9a536b7e8e3fb2c0e69e857da862a69ca1905ff96efa6a96,3346
library/Zend/Locale/Data/sr_Latn_RS.xml,54a5480e1a6bfe88c9f6b5419d4aa1b60513121e115365bdbd9cc1cbd8d60327,530
library/Zend/Locale/Data/sr_Latn_XK.xml,0a7483c711d19dbced552d1b45e1994f7d314be9556845ac08aa57527f09a9fc,530
library/Zend/Locale/Data/ss.xml,1062ab3b6579bba3854eefa11d58df54b5c007863d55ff03283a4bc5d704abaa,4842
library/Zend/Locale/Data/ss_SZ.xml,0c9b75f8416954a15c506e5c5bde100d7939c578ff05c0b9976590752b34b4ae,506
library/Zend/Locale/Data/ss_ZA.xml,f4a2c966546ccf6f48133a1f1594d86f5c8ebebac373b02bc4b27a4f0e1ca99f,506
library/Zend/Locale/Data/ssy.xml,edf1185a1f85d81d7fcb7678672adb3faa49350e239a239af89f7720e544d9e9,7890
library/Zend/Locale/Data/ssy_ER.xml,807125f08c8b353f26e1855be7d1f19184bf4af9761e47966bae07cb6427d8a3,507
library/Zend/Locale/Data/st.xml,c6a55f364c6ee8e48dfebcdaec5e59bc9ed312ec73336a8f2c0ef2843c6534fd,10718
library/Zend/Locale/Data/st_LS.xml,930dcfc4567cffffcc00950c350ca4721fc86842f23e3b7107cf2e9ecca99798,623
library/Zend/Locale/Data/st_ZA.xml,d7d3ad1c50ef4b990bb56888ac547c311a1380566ffcb9b7e89b09505a3d00ab,506
library/Zend/Locale/Data/supplementalData.xml,4e2b2a4493e658eb03811950516d95a3f1b0330793fbe8ba13dd05d6739bd1a2,333804
library/Zend/Locale/Data/supplementalMetadata.xml,57973282df7dc39ef20aa20967b818dc2917a3af8df21e4c5ede185a0dc352c5,149721
library/Zend/Locale/Data/sv.xml,c5c9e3671f1bbe2b04a21cd5fe2a94f2c7ef5d26f051ccc10d3e3d00e7ecae63,270786
library/Zend/Locale/Data/sv_AX.xml,af3b3376af4541419859690bd8615913f6356d5e8c06ed17071ee778c51b21af,507
library/Zend/Locale/Data/sv_FI.xml,fd488d0b70130b63961eace9b2dd2505cf0c70b5d5d9bd680e969996bf59f38d,8297
library/Zend/Locale/Data/sv_SE.xml,d659863707b2c6a7d879763655e963bc4932ecbfca55ee06d811191ed2cfdbda,506
library/Zend/Locale/Data/sw.xml,a4152604a450fadcded3c75a493d89a144af324c8d9c1a0b77d211f4f178d85a,139264
library/Zend/Locale/Data/sw_KE.xml,e3a4e46c3332e80ee741b2b051fb41d3de09a3ef81220636b2f8f3a0adac6485,507
library/Zend/Locale/Data/sw_TZ.xml,0bf29d03a8118c2e7acdc37031231de2dd5b7273d3aac808b9e15a32a851075b,506
library/Zend/Locale/Data/sw_UG.xml,61ab7dffc3f6acf19cf5c72c97908cae9464f5238ec39c8bdce01943054a6d6e,625
library/Zend/Locale/Data/swc.xml,952a00e81039e48e46ebe559fc87a049a6d5850aa3cfdca8aeacce887b3e5f90,28236
library/Zend/Locale/Data/swc_CD.xml,ae269964eaf7647d6111f3653f6fc6e7b317e4b3310c56e96339ea6e5f6d828c,507
library/Zend/Locale/Data/ta.xml,defc2475d924e1c291bcf57402e3dd8cf0a3d224263a86f52a721626d8ecf513,252873
library/Zend/Locale/Data/ta_IN.xml,d8e26650b1a1dcae770501e7911f5304cb73f1fb9a98d4e55eddce1a691dac9f,506
library/Zend/Locale/Data/ta_LK.xml,62aadfcd5fc42c32502f12cc2c4c233e62a0b85a8a8ba4033e086de75e043f0c,625
library/Zend/Locale/Data/ta_MY.xml,6eb16c1da6f8b4d0a2c0a7545927356e7c1904200fb6420430f31cfd4acfc54c,2574
library/Zend/Locale/Data/ta_SG.xml,abe608d50c70a5ba82fbd0dcb6ff5a8c66bafa6d14f5196b9ee98756b231833b,2638
library/Zend/Locale/Data/te.xml,7a515fb5c6c13b9fc7ba51e1ff532b50f3bae82eaf2f1ec9eee9724e3df3dca9,268530
library/Zend/Locale/Data/te_IN.xml,533253dbc561f905d8f4b6362e691884a1ff94093d43df0c34c2ea53aa546d2b,506
library/Zend/Locale/Data/telephoneCodeData.xml,a7fa3a1261d5275156d83de437b5ad80b9539471d28684340f3abcd69d726dc7,39377
library/Zend/Locale/Data/teo.xml,f896a0586d77fdae9549b6bb07ea737a4a4e5c978229fdb5d9121c590fbd6872,27959
library/Zend/Locale/Data/teo_KE.xml,8dbdf1cb72d1365367a06957f42d1ab3ae55c6ba629525d564efe049548d0eb8,626
library/Zend/Locale/Data/teo_UG.xml,f54a4b23cc89be6939b95016551b84cda805bcf17d7b4732f32db8fcf4ffdf3b,507
library/Zend/Locale/Data/tg.xml,263644d44e67e1c547585cb689dd6597d36136bcbcebccacc08ea3423c137712,11049
library/Zend/Locale/Data/tg_Cyrl.xml,a920b2d2f833dbb1508c96321b2d407a83aec3cfd8aeeb3782113697390f52d0,505
library/Zend/Locale/Data/tg_Cyrl_TJ.xml,8acb8e4e0c4739c93956ea362f3f8b92c062dea488f57094c04ff826b458e6b6,530
library/Zend/Locale/Data/th.xml,54b438421adb598c1efb241bf0fc4730c32c021f0df815af71380e81b01d6b60,352321
library/Zend/Locale/Data/th_TH.xml,bdd11816fea6ac276bb9160cf7f76daab7219f19680a4ce329abb609826a0cbb,506
library/Zend/Locale/Data/ti.xml,952e9e36b44eda6de4066602bc2b9c4fa5c4e136c6818b8950ea523fc59ae7be,32913
library/Zend/Locale/Data/ti_ER.xml,6024a62815c842f671965bfbfeebe282e2dd755f6a9d36d7e26f6f8edffc5cc4,10848
library/Zend/Locale/Data/ti_ET.xml,b5f171207c49bb914da49d9067d044050f128f33bf6d492af154e81d402af76d,506
library/Zend/Locale/Data/tig.xml,9b907cc085de8c5f8644f83c390ad846cf68ce4f5614c1691b3d4e7295d03f58,29044
library/Zend/Locale/Data/tig_ER.xml,7e527ffcca948e1fd380498d96195e92e1b10185d4638dc3101f36980113385c,507
library/Zend/Locale/Data/tn.xml,edd5f169ffa4669b5814bd80f2d7f4285c31ad81a656526d7ee97229ddbf7439,9753
library/Zend/Locale/Data/tn_BW.xml,ad91057f218118f449fa2c195cbee7cad5f0b19339b77fb25b9cbbc7ef28651e,623
library/Zend/Locale/Data/tn_ZA.xml,5f9a5a64b22db4be1c6310a8a833f0a351a924f3d560b437e38ad1de9db2d93e,506
library/Zend/Locale/Data/to.xml,4f17be0d67e1a436647eb961d39800a358c5db3614f7558609e429351fcb23fa,131523
library/Zend/Locale/Data/to_TO.xml,5c7b19b3d45686eccd51361daccfd67fa3e94d1002e2fd112f49fe1e03b03521,506
library/Zend/Locale/Data/tr.xml,2b868f972216544d8ca9158898a888d7a86d4141b83b550804f4257ded9882a2,211209
library/Zend/Locale/Data/tr_CY.xml,b59766f45fc422c0bea97f4ccfdc5c373608349788c42510978bb2db1d32a46a,506
library/Zend/Locale/Data/tr_TR.xml,160a54740d1fdcc0a8d5be903812864ec2e81a6b43dc1e003bfa8b2e663d2a9e,506
library/Zend/Locale/Data/ts.xml,13d3cc0f970daef183bc85db75bfce5b0efd10b9bfe351046fcaaefbcc6a13b2,7080
library/Zend/Locale/Data/ts_ZA.xml,141b15f81c22d0cfd8e3e91d8afb557a6e6835388aff7a6b4f07dee3e7e98772,506
library/Zend/Locale/Data/twq.xml,abccea7b1ac3436fc84d47062e93affee9a654778fedb6d0769906d7d3b71a4b,28313
library/Zend/Locale/Data/twq_NE.xml,188e0851177f278581903aea6d116db87b274457677f8e724454240dd793ea67,507
library/Zend/Locale/Data/tzm.xml,a46c06bf18784bbb2c143ee0df90aed799fafe82af4d4b840c6c2648bff93936,28126
library/Zend/Locale/Data/tzm_Latn.xml,e3a333fd70eeea397959a94e12537de2243ee36f71fe170dc8b94afc151cf8ad,506
library/Zend/Locale/Data/tzm_Latn_MA.xml,40d59dde2df2f71f1d78fb37daeb69d1020ed3c3fa2f71a3d2715509d177a1d1,531
library/Zend/Locale/Data/ug.xml,e850ae65fd7c8c581cb98d79a9b92773b62027b33bd34bd22ce4603a75be314c,304584
library/Zend/Locale/Data/ug_Arab.xml,83b1d3c1367d3c43779f8b47b09d97bb3374591f9fe090d70db00e8abeda2f57,506
library/Zend/Locale/Data/ug_Arab_CN.xml,900ce6b535c85eb227253a99388310d09b430386ea14dbe55d70c62998fcd5c3,531
library/Zend/Locale/Data/uk.xml,ef67484ba3ea11e1be949422110384f9b9ea0f5c09e69174fe1493ca944b7484,374428
library/Zend/Locale/Data/uk_UA.xml,f9d027aa3e7e9bb7604488e6c0e8934befcd31f444c4496904a45dd211918462,506
library/Zend/Locale/Data/ur.xml,96b2497c27e52088e516362dd82558d56e0a665ba26c4b4796ad353336df2560,187090
library/Zend/Locale/Data/ur_IN.xml,c580655fc2aa9213baaf4459f62b247aa3657a71f914307ef1f8f367bfdbb8c3,6105
library/Zend/Locale/Data/ur_PK.xml,7f4b0b60609ab5f821edb9a25b49915e77094d0187953046f96ff335e3d67ba6,506
library/Zend/Locale/Data/uz.xml,60d022e63fd566a18e2eaec588fd880cc68a92d1a4c1d8a40488b6b80ad4fb5f,124060
library/Zend/Locale/Data/uz_Arab.xml,d08785e24575dc17d30cd53f5fe4ab4affecebfce2f75483833fa19650a71f72,8271
library/Zend/Locale/Data/uz_Arab_AF.xml,90686ab797ea29c33ef16b3d9569c46793fd910cec7cf1467f400c9be06b8d59,575
library/Zend/Locale/Data/uz_Cyrl.xml,0bd4d7181e6f075e45641194c3390180400dec3b751dccd779186822876963e1,133099
library/Zend/Locale/Data/uz_Cyrl_UZ.xml,a7a80a882fb1b4a27a23d218bb9c020636518f165a4e290b326f6507062625d5,530
library/Zend/Locale/Data/uz_Latn.xml,22c4dfa03236fe7b3e510448928e288e001e3a500234e725c62b65703a4cb5a7,505
library/Zend/Locale/Data/uz_Latn_UZ.xml,680bec9ab6965e88bcf8070a3c7b7bfad45cdfa8bb5004e0d22d22c2b7592770,530
library/Zend/Locale/Data/vai.xml,43a4b39ebacd6d8223f61a07d60eed8a51b3dbd2bf742eed83c752ec1cc2fecb,27775
library/Zend/Locale/Data/vai_Latn.xml,f6429654d8ab19c03bf0a44ad826448c12dfa63b7256cb014aeca88daef2cc33,25645
library/Zend/Locale/Data/vai_Latn_LR.xml,ba7a474af9b33ac53ad65628ca4d310954982f9257a6de637789eb14f2f3d622,531
library/Zend/Locale/Data/vai_Vaii.xml,8224fa0d424ba62f7a55504f66ed0eed443147d147d69b21a73c04b3da1cf73a,506
library/Zend/Locale/Data/vai_Vaii_LR.xml,e4e104f670bae956ee856a81e8c7a61490c4ef24b6ab8d520ffbed1a065965cb,531
library/Zend/Locale/Data/ve.xml,76db782ee613397c90183cead88389f27d8397d6be8574c9f8e1f43efae3c134,5644
library/Zend/Locale/Data/ve_ZA.xml,d948b2110bd11bebb036824bd823aa240e3e059e35f2ffacae33cc2cd7c005c1,506
library/Zend/Locale/Data/vi.xml,38d397edafd2b6cb3fb8b511540c5749b92188bad72ddd339d869d4ac5bfaa05,220134
library/Zend/Locale/Data/vi_VN.xml,43398b67addbb30f0e0b59826058a9e91c3f545d69a24a2d5d10cbcd6c8ecc22,506
library/Zend/Locale/Data/vo.xml,d3264680b4abe47d66c52f0d3f9d1afebb160f68328dc8cac573d3ad99939bfd,12644
library/Zend/Locale/Data/vo_001.xml,d6e299c11d84eebf6b3342ed265c3072a4c81200ea16bb5e0f452bb9bb554cb6,507
library/Zend/Locale/Data/vun.xml,b54aa3eeb314a57ee7fad6cf27123bded10b4a0bbc75a1f32226c2bfb6a99fa7,27725
library/Zend/Locale/Data/vun_TZ.xml,811f3f5888142c283ab2d397ae40e9bb46cd7cc1ae07b5917921ee556f78754f,507
library/Zend/Locale/Data/wae.xml,e6cedacd5dd60213e981b2be34a4389747a630de3692f2af917a5a8543551962,71598
library/Zend/Locale/Data/wae_CH.xml,e4c72875b2381eb62a5dd7ea0d44eceb9dd72c1ac89a8a097187a155387ac523,507
library/Zend/Locale/Data/wal.xml,370bd87adaa47219adc39a20ada40d89c0714a687531ea89b91a2227e647b658,19665
library/Zend/Locale/Data/wal_ET.xml,3c530908254d1d074c6eb4d3bdef44947fc62c96a9702c3647fc96b73a9e10a1,507
library/Zend/Locale/Data/windowsZones.xml,c36ade09a83b89db4353a7a7bb60202ea285120b203b097faa225aba0404dd3c,42636
library/Zend/Locale/Data/xh.xml,aa6c1fd12d3f7f576ae96f058190cb786fb769abfac1d7294c67fcfbce7302c8,12672
library/Zend/Locale/Data/xh_ZA.xml,e4c3ba117b0d51db36fc77b426a3fa18d571b9ca2d76c3bd56827036eaf00c3c,506
library/Zend/Locale/Data/xog.xml,0cf9808b7fce67a4d2258e5bd93af70e2e423473e4325550471c2d44bda34616,28137
library/Zend/Locale/Data/xog_UG.xml,476d1be69bb46b99cc1189847829ed780072fec8688144ab021b853a0ea72b24,507
library/Zend/Locale/Data/yav.xml,89fee2e396a9407329cb562c2b5c9a1c21deccdba1894ad0a4b315f97b91875a,25705
library/Zend/Locale/Data/yav_CM.xml,5fbc09f12df02fef8c7dcd7e7a04fff1cb7eb9f5c67337fcec81d02dfe680704,507
library/Zend/Locale/Data/yo.xml,3b182e6a33e897db5d20f4f66d80252277f99eeb6fa98af3f0d907f3db7c8482,35128
library/Zend/Locale/Data/yo_BJ.xml,e9b635e2d16d13e83be2b3062bd88c7b42af85dd34657dc532563d51abcc5f09,34665
library/Zend/Locale/Data/yo_NG.xml,edd590fed8522e835ce106d8f0916dcf58071001d1d68d81c157ed09e4e2c458,506
library/Zend/Locale/Data/zgh.xml,4d8904a17ce14124965106294fdd6040954e30d22cd87f98f2f1910684b748b9,33972
library/Zend/Locale/Data/zgh_MA.xml,f8e2e6d061bf921ed42f77c549fe927aa577b941fa2281fb9baeeff36f3999a4,507
library/Zend/Locale/Data/zh.xml,8b608848bda72f3c5be1e9a6eaecccb84acdaedf11ad2ea23767d8865f724aef,277935
library/Zend/Locale/Data/zh_Hans.xml,736804707f5ed9f4c71cfc7e3c38f1e8912ac9fbc132f125d29e40ca4db194b1,505
library/Zend/Locale/Data/zh_Hans_CN.xml,d71f5d3e3596d9201f0ea6efa39c4874a8789eb468b9a49f925d34fa3c06b115,530
library/Zend/Locale/Data/zh_Hans_HK.xml,1c69e289d9ce886347802354a94cfd8096c74081f1242409cbf15ad1cb18af2c,24252
library/Zend/Locale/Data/zh_Hans_MO.xml,a5456ed0b24bbba90b2b332dc324f1604b500653ced9808258ead16123c95659,20247
library/Zend/Locale/Data/zh_Hans_SG.xml,6a668a0ea834d20b8244df84b9ad7b47ff3ffc6429f6059e5b0a7ed7de8ec0d2,22155
library/Zend/Locale/Data/zh_Hant.xml,bfde06265895d12225d5c362e3b2f0c7ac8588e7aa9f2fba936652d4fab75216,306515
library/Zend/Locale/Data/zh_Hant_HK.xml,d2db05be6f0e62736cb6a3f2a3a1f9e1bc000f2d3d2fa8f28e2a96736f3b8be8,44426
library/Zend/Locale/Data/zh_Hant_MO.xml,a21b51d3539d0dc9255db520f868b15704337c24918330162f26d16e6935589c,8946
library/Zend/Locale/Data/zh_Hant_TW.xml,ea0b38886c05b4aef944e1f283a8af1947998f7df2b4bd722fa737679b87f2ec,530
library/Zend/Locale/Data/zu.xml,c221eea374c13dd221ff91b5557d7bffd38ef605629095e6a3506d24d3271100,123147
library/Zend/Locale/Data/zu_ZA.xml,f4f91ef7726d4c38ad0cb05a4afe8abeb9fc73d2f23b6cfdcdb150be75aad117,506
library/Zend/Locale/Exception.php,340e6e6e6a9df2a64983ed7dbe14eec95f988d957be89952cd0965924a3ff805,1040
library/Zend/Locale/Format.php,9fe6ec5c62cbb2d2c8d2b0e06cf7ddf687a93c931b9c43e418bb48fcc4bbca36,55906
library/Zend/Locale/Math.php,466978f33d53a0824d4e8a3ac0d98b1b1681646679fe202fa5712805c60b900a,10945
library/Zend/Locale/Math/Exception.php,2da76f8db2f84917a697b0d4c7f0b065464923af465a89bf5b689407c7691494,1473
library/Zend/Locale/Math/PhpMath.php,5bac4f480bfdea861920ba3ca7b0e6a1f242420159a5b1ba227e64b699e1b08d,8247
library/Zend/Log.php,f636f20da1453af65f7484360892ed39133240e8c58a7f2c6d062c12f4b8c51a,21118
library/Zend/Log/Exception.php,49605b2f0a9ebd26a3f4bb7f64b86b5216407633a0f802598515a93f0f4c3516,1044
library/Zend/Log/FactoryInterface.php,a41478a02552f753d7fbb49ff476f5b7f16259b746c5738603c1d39bfecf4a30,1159
library/Zend/Log/Filter/Abstract.php,9d7c6ef7e92e6aae14747c2cc7a627f24bdd6840d4335ebf76c511258f93ded4,1848
library/Zend/Log/Filter/Interface.php,e87debaf724167e018329583cd8385318a18a2b287c641c0b7c0b6d2676ea658,1228
library/Zend/Log/Filter/Message.php,c0266501db7b407931937c472734da1506e869a55007d45e407439202830bd18,2382
library/Zend/Log/Filter/Priority.php,3353485680a81232a16fa8fd096b7bec14304127ea12741d6ab9cdb420e3a73c,2944
library/Zend/Log/Filter/Suppress.php,81af7dc70927675ca791d8db13870b372857192449b8c71bd0a81511b37cd769,2090
library/Zend/Log/Formatter/Abstract.php,3c0d8ab2ff79601aaaa78972bb995ca6cd36165ed4052d0d2ca22c741316fc4d,1280
library/Zend/Log/Formatter/Interface.php,e7d1e95974ed0f030d244d53c76c6140bdbe774f85b2283ac9988eac6fa51c6c,1269
library/Zend/Log/Formatter/Simple.php,82c6aa964f119aa0571dc2d1e5c3093636c428ad3892049f69fb776fb058ce25,2965
library/Zend/Log/Formatter/Xml.php,4a388d87230f128fffd244584a97171d58a6d1896dd48cb67c116ced2c2d7fe0,4482
library/Zend/Log/Writer/Abstract.php,bde303492638580a8872b0c5d23d835374c7a31e43ac43822730230699fdd2bc,3781
library/Zend/Log/Writer/Db.php,dd15a930c2ac1e433048c7b0ab1de3f6814fd29812e9a8f9366dd8b5be97691a,3814
library/Zend/Log/Writer/Mock.php,8b0e02b432ae0a1839025e97419a40c0d3656c5938188c173ee16a3a362acd82,1897
library/Zend/Log/Writer/Null.php,cc8e599de04473caba2cdc7d22056161e12b2f209e64f0fc18bcf38afaed6c85,1527
library/Zend/Log/Writer/Stream.php,2c571a1deab957e3b6f6793541720aafa2034a05c33f8ed94add9672cda79b4b,3953
library/Zend/Log/Writer/Syslog.php,3fff837af32d0080e1a111c2444b7d83df659f727345d2cc89fb649a4859c235,6908
library/Zend/Log/Writer/ZendMonitor.php,3ceb4b3c796c2571127c1afb194da164ca07802f4ce9820b2061d09163c747b9,3564
library/Zend/Mail.php,25d4cd74e2fec03a16b60fcb1d0a186b5d2cdf26d05fd9a9e01f265847740343,32490
library/Zend/Mail/Exception.php,cbfcfda26f81fcb9db1f629ec1b1d31fa4810f10728a3df5826d2db1d3d78c18,1039
library/Zend/Mail/Header/HeaderName.php,f8ca9e302c96028493d015c5bdeb5fd5c88ebe64fb2e2bdfa1ef6be943e3137a,2453
library/Zend/Mail/Header/HeaderValue.php,88e2e8ae0504972c289c32dd011baa89662fa5592fa627b071b9ef62e5362f15,3517
library/Zend/Mail/Message.php,9f4b3cd0c555ae8e4f58104898d982edeff65575dd9c45fef6dab1f12cdcf947,3329
library/Zend/Mail/Message/File.php,093abda9154d52c82020d7b9c3ca73b65fd042cf25669d6db2a66e6209aa78af,2590
library/Zend/Mail/Message/Interface.php,d8ded095035b9bfd930bf0f4f3ff0958eb07aca0916d223881014dae167af152,1523
library/Zend/Mail/Part.php,6616e65ccb5141dcac03160c3e7aea427c7745e00483411199ec27335c89e83a,16521
library/Zend/Mail/Part/File.php,1500603c1a611e0cac229c5afc070c11b32d05d93a1292c458ddd43bbb9595a4,6105
library/Zend/Mail/Part/Interface.php,ce8d1902f0f86347e2c9328b2cdbf54ad3e0b3db50a3476f7d12b2909b20bfbc,4172
library/Zend/Mail/Protocol/Abstract.php,0cdebc0ea45f368e0bea4916ebaa21a54fb6e47b8ee76557964d6f281b13fc34,11182
library/Zend/Mail/Protocol/Exception.php,d7c28f8c38419acf13679f2daba9e299b17af9f5eec2b31c0f644cfd584a9fe2,1106
library/Zend/Mail/Protocol/Imap.php,48e9e23d346a85c6ea727cfe3f69d8472d4c3726459b0cea4425d51f490f88f7,27715
library/Zend/Mail/Protocol/Pop3.php,80cf573cec52cd9adcbbfafb8e051671aee4fdf6fa2188cc17013ff5130cbfdb,13075
library/Zend/Mail/Protocol/Smtp.php,da6f03308c1935c03e439ff1e2b30dbbe9e0a6c0acf9ce91b5ff9fbb386e2956,11937
library/Zend/Mail/Protocol/Smtp/Auth/Crammd5.php,da39d43fa623dd0fd1bff3c42ba23fdee5b806190b42687e275d1490071da562,3114
library/Zend/Mail/Protocol/Smtp/Auth/Login.php,94c7074a17a062edfd7f7686145e53e6b41fd26bc9cbcfebb884fba25fe71088,2475
library/Zend/Mail/Protocol/Smtp/Auth/Plain.php,ba567358dcc0c661008439a6059ea7d7bd861ef81694e702ad5d8599966869a3,2424
library/Zend/Mail/Storage.php,508c4b1c35a170eec15e540ce96cc955bc1674352ff89e9f773e991425407a3b,1379
library/Zend/Mail/Storage/Abstract.php,68fdb0864880adbcdf277b92856bf76a3cda9539249143887966f616d5ada760,9268
library/Zend/Mail/Storage/Exception.php,c931d2a29f3544cd1baa62f9834e4474237230b89a0708f79de1d4dcb3bf778a,1108
library/Zend/Mail/Storage/Folder.php,5b22ab35772a76a3359a0d8d46c614d423974ae513ec96cf06a94351b7ed00c2,5691
library/Zend/Mail/Storage/Folder/Interface.php,c3219b369a9b1cbb7f2d771b903ec1253dc013191df3e7769ff0b9059ea370cc,1817
library/Zend/Mail/Storage/Folder/Maildir.php,27bbe8110f9faa5745e0e4611eb27f0374afa3a45c47f899b4e3bff1e3efe8d5,8875
library/Zend/Mail/Storage/Folder/Mbox.php,3e86363e94095af8e417313d6f86972fe2962491812e854f9bc5d454d37e44c1,8682
library/Zend/Mail/Storage/Imap.php,04a478f25d3e7aff06bf2aaaf657846bcb52a0fc8cff5c978e7a0f1531a9500a,21982
library/Zend/Mail/Storage/Maildir.php,f8fba19cdeba1b886f1de6c70cebf60b5033a80e602a5b1e936def1b923d9331,14434
library/Zend/Mail/Storage/Mbox.php,0e0e8e946c3f687ab651f08a1485db976043aa023f17ea2c5176391eb287b3d2,13206
library/Zend/Mail/Storage/Pop3.php,694c3d387b471c9d4a26e1e5b981ccd8c69d132b729d6fc87bb0f95da300aeff,9749
library/Zend/Mail/Storage/Writable/Interface.php,265f84a5a3e9eef47cb4f3acf6bd63bf3fcdd08f6d82e0d9a7c653ee0ae1c34b,3753
library/Zend/Mail/Storage/Writable/Maildir.php,2242e1a8ce52bf1a91b3bf00bfeb971f29a419b0efd43c0bb1ef8306aa1e8eeb,39762
library/Zend/Mail/Transport/Abstract.php,e47614270ef5fda6f82fdd305eced535ea217a396693b4bc0fa083e24d046d55,10352
library/Zend/Mail/Transport/Exception.php,68f5d3a8da728c7bca9c64f53887e540fbc9652cca542ceba6c41d7a12f896c5,1114
library/Zend/Mail/Transport/File.php,dd1f9abb11182fc465c1487bef6919b7e3d410048be21471b8b2d855e447a09e,3791
library/Zend/Mail/Transport/Sendmail.php,ae23f4cb83113efc46a73f3094793a4a66b7f86a2143c9ddb4ef8ed1ae6f5920,6069
library/Zend/Mail/Transport/Smtp.php,189bd5e9d4f9eef1d4e754df94b6496e9e1dcd6719b8e81e50eda08c1e48b554,6175
library/Zend/Measure/Abstract.php,8de79ddf673b40797afd877acbfb9889eac1881814978621c91be062b06ac3b8,12367
library/Zend/Measure/Acceleration.php,44e3590aa3f524e2c8b8eda23301025f9002bd884adc2a35bf780327733c6176,4190
library/Zend/Measure/Angle.php,2f5d8aea70217da4d12e7e99fe24446c24131db43c634f1d4ee00faa6a173ed5,2894
library/Zend/Measure/Area.php,240046061740c842398d14cfe21b89b26d321823dad64997e6f3014debe9ce1f,17396
library/Zend/Measure/Binary.php,e49616de8723dc65f258f48e1cf59a9dd11abc1128bf36dcdd7e81512c093635,5568
library/Zend/Measure/Capacitance.php,15b447cf7715419f32c8b5be9625925accf01e8aac9f9e2a65fe4a91c3022a7c,4103
library/Zend/Measure/Cooking/Volume.php,92aa3e2524d11dffb2415d23e450cbccdc0ff79ca3c46defbe3e56223448f096,9580
library/Zend/Measure/Cooking/Weight.php,2ba6a6114915856b1d1397f8667588163ffa8b6e4e77ffdc2e42d00fcd0e51ac,2742
library/Zend/Measure/Current.php,a33a3d1a249a8443f70edb5729a3c83ec4721fee019ae045fa9918b22f6ff187,4314
library/Zend/Measure/Density.php,dcaef579c693b6a1eb90558580e5c1428c7bb58c216aa244f14213af2e682d32,12439
library/Zend/Measure/Energy.php,5b95d1a6751de65f53760ce9517bfb10c32298611d9f47d53a1ab504c2d75f24,14414
library/Zend/Measure/Exception.php,359a0ab2c06c8134aa9d353e02632ca13cfc20ecf6f0e864f6a799e832ffe09d,1056
library/Zend/Measure/Flow/Mass.php,a88b29a06aca246e48e70aa6aac1d82b91e21be3dcc56bca391fe239054a0967,6623
library/Zend/Measure/Flow/Mole.php,660f20b78c6aacab1fd327222a3627859ea67d3a9766dad7cce11964155fa003,4192
library/Zend/Measure/Flow/Volume.php,a6ea22c857b4e56f21480ef1517878b816b646a508fb63d4708c6a0cced73906,32264
library/Zend/Measure/Force.php,e5df214138602dc13732d190268ea3e7ced6fb608106f0f90bc29de647c626fc,5136
library/Zend/Measure/Frequency.php,be43913ac27e632da876c0eadc8ec310eccacedc32a715033079587c7114a7c0,3668
library/Zend/Measure/Illumination.php,8cb990e65f1a34dede16f311a22c34dc2286487739ec9bdede1867337cd1fe1d,2766
library/Zend/Measure/Length.php,48ac1b4e03f110434b5e8084efb8dbd37b48bd3bcee7388b54da504b57156175,36124
library/Zend/Measure/Lightness.php,bbf9c655ea1f70deeae36fbdf94c6db4dc48680375b59ebbfbad2565d3d72838,3570
library/Zend/Measure/Number.php,ee1e6cb347593f9c84d03d59fceaeb849dda22f69fcd06f9cc55936072493943,13372
library/Zend/Measure/Power.php,cadb6e06e76471b7eb93e293f5329f64a74073ef6027f26f98f11ca91bff01ab,12069
library/Zend/Measure/Pressure.php,859bd236d04a57d92cded2406fafbaf1bdd12e7c6d71e4ec4830f1dea0023683,15132
library/Zend/Measure/Speed.php,9902610ec9c82115adef1805eeefb82180595e7d637c8af2add36f6104f42820,13136
library/Zend/Measure/Temperature.php,b86020bb2d8da5e78bd664281aa0817b77a762e10ed4ada96101bfc27d9dc02b,1915
library/Zend/Measure/Time.php,e8e8f2e2c374942cc6cc63742814db16ccc0afeea73d4465236530545d244e0c,4782
library/Zend/Measure/Torque.php,c8c2e08199f920dd4d1444baefb38e93e7d0d7ed69d10ee2fa5052c7a2e3c5b8,3359
library/Zend/Measure/Viscosity/Dynamic.php,11ca2ead43f8904e86de99ba49e7c3ce6c46dc196812552b781ec12e2805a6dd,6577
library/Zend/Measure/Viscosity/Kinematic.php,d0412b959ec2ced0ec0d03696d9f27f7f360f69c7b8f4eb79f4a773084234354,5815
library/Zend/Measure/Volume.php,92c7fbed38ef605b90f8a414651ab8b23bf01037562bdd0162742c09f02de7ed,11067
library/Zend/Measure/Weight.php,c3b1513dff76beba15c08de3819667e27565aa96a8264ece753450947feec60a,26416
library/Zend/Memory.php,cdb11c1df2dad6602efaf29cd365491d066836eb6156ebf56442bc52bd17ee9a,2624
library/Zend/Memory/AccessController.php,b12f9b9e2af6c31cd8758f6d89fd0afb0899c6ed401ed83a6da71d1d49d12f8b,3672
library/Zend/Memory/Container.php,b0d8a0022c0dc35283dd7d9f0ed4379e73b4ab0f191c8a46ecd84f7c36412957,1126
library/Zend/Memory/Container/Interface.php,1ba97927d377dd5d6f0fca82d7a57e7451377864974de21a7ed8485cf2a9a0ec,1649
library/Zend/Memory/Container/Locked.php,2429829012f15aabb7462c1d1b7975c2fac37c8fd5a3c62b4a4608050b1ade30,2428
library/Zend/Memory/Container/Movable.php,163ef2750de45bd99a408a9968f6513e8d4bd317178ab150340bd5fc19bfb697,6933
library/Zend/Memory/Exception.php,c4729b8739122864b24bdd7052e8cdff4291edd8e20e3db83c9e41a7a446ee20,1047
library/Zend/Memory/Manager.php,fa5df90afcb7faa818a4ea697c7ac2fc2246f49d94acad5cdeeceb3cc1c5252e,12377
library/Zend/Memory/Value.php,0517bec59d357d7ccb7dedc95aaa38f501201a9385cf688eff5840e592d68d4d,4116
library/Zend/Mime.php,46a6c9148dc1495c55141cb25da6c47fdcb373047cf3c66fa92e3829eb7ae7c4,15974
library/Zend/Mime/Decode.php,293e2e5d38eb945936caadc146fdcca97e9183a613c4e8c9af2a01de9be4cbbc,9200
library/Zend/Mime/Exception.php,7573efc42c5d1bb9d823a41fc12bb47cf308bc63dbfa1bce51d11aff404540cf,1033
library/Zend/Mime/Message.php,d5e4ade128693064abacd8ecfa74e1b90790ed53dbb0f944d64e1c9226bfd83a,8871
library/Zend/Mime/Part.php,efdb431b6834b0f1d064a5f42c9628b2d055e9bdbe6db4444e9c9b9fcea1d3a9,7987
library/Zend/Oauth.php,38c6a2b018538e3ab61c4063b145ee1ee48775b266b043185d8cfa750a97c1f7,2731
library/Zend/Oauth/Client.php,c416bb3005aa9d89ef18274cf32cad635d0c1cd46548b70acb7b31b3d9ee2f02,11067
library/Zend/Oauth/Config.php,0a48b879c278bafaeb512e8db01d9348fdc9d9217af5a273a2e48dc28007678c,17416
library/Zend/Oauth/Config/ConfigInterface.php,21643bb4e22818da590255b83a27bfde4116cfa1699097a2a22eb7fabdec1d3c,2057
library/Zend/Oauth/Consumer.php,16bc40793aced3471f6f70a34d21e45b26f4d334cbd72837819c5ab5c4e11605,9431
library/Zend/Oauth/Exception.php,ef19926defb2fd4fb8c6712bdc0a8f2070b5e156078b8b32fe343508367ee430,1034
library/Zend/Oauth/Http.php,3f76988d282372754771f2b75056480c85c6a0ade5242fcf18801b7fa9c1f273,8182
library/Zend/Oauth/Http/AccessToken.php,34cc31d4e5b863e8680a0df4fd4b995e09e8a6a5dafc130565c74e342646b62c,6428
library/Zend/Oauth/Http/RequestToken.php,e979c30f89f41b2c12422ba45d56bbc1b4b0c3591ae7116b6723fba3a3e416fd,5401
library/Zend/Oauth/Http/UserAuthorization.php,4c607861e45bae2494caf1e0d386e4f811a384f404bcdf6a0d7226df9b2f22c1,2194
library/Zend/Oauth/Http/Utility.php,6dfd0ae908064cac439073eefe3bcbe062b63516968d2b9f7c32f35096fc2cf0,6374
library/Zend/Oauth/Signature/Hmac.php,576a4f2bea7d33848e6fbf5a9020a81ae88fb2380219491d408604d9d299845d,1667
library/Zend/Oauth/Signature/Plaintext.php,e7ebe06409eddc6e75ae03d803267d19c4066d198994e1855b0e543b07ac48bb,1568
library/Zend/Oauth/Signature/Rsa.php,e8145d739cb0872de341e842458172824171704a9f6fa6f7dd7736c68358a80d,1855
library/Zend/Oauth/Signature/SignatureAbstract.php,29c9881e427358a3cfaa97af98dcfd56e5932898a8b77952e5bebe85b7b72faf,5162
library/Zend/Oauth/Token.php,60087e338d8b1a449aa18e80494d2ddfc821a46990eed0781658b5249b66e2d4,7147
library/Zend/Oauth/Token/Access.php,5b53e828e3f3c5ba986dee2c785fd57acea627788267aa0ce93ba30efbf99e97,3187
library/Zend/Oauth/Token/AuthorizedRequest.php,6fa9483a3b365e4b786d944b70a4b32b2f3532148fe12330adf16f027745b793,2569
library/Zend/Oauth/Token/Request.php,722f6718c33c44435369229cf1211579909ddc25de06498d1bd8b89090f325cd,1577
library/Zend/Pdf.php,d8c4b5ff53148d2085a2dea226910f6568bba10ae1499dcdabaa85f25f031371,56710
library/Zend/Pdf/Action.php,ac86b09e31ea81ea0421c359d1a6430359b63b67e9438ae7043cee3f9fca331e,13982
library/Zend/Pdf/Action/GoTo.php,1a1788c2c8062d9b1e8130920e1d2c2cc6199e9880b6e8e591a1b64a9c976533,3478
library/Zend/Pdf/Action/GoTo3DView.php,33d8814abd1fca64395d6cf935521e487af392604c0d4394fc298503d973ff48,1143
library/Zend/Pdf/Action/GoToE.php,503a8e701061b78d4c32b5e151b8b0739fd15e0be4439da5b17d1dabbccbf17a,1118
library/Zend/Pdf/Action/GoToR.php,c265db2cf09699776ba5d012d149f5e398c578aceb29b7327bcee9be04aa386a,1118
library/Zend/Pdf/Action/Hide.php,ddf973f70b31fbedbcbd776c35e5670716bbe18f2051e58bed3779adb322d89c,1131
library/Zend/Pdf/Action/ImportData.php,39ff1f70cd107ebcdee7f21f042fa7ca2c43cef51d0b98dfa6c4c8867dc2bd5d,1135
library/Zend/Pdf/Action/JavaScript.php,28796f609fb96ab65cfea093a0eb74ab14f8359a63738f1b09b1ff138f750142,1131
library/Zend/Pdf/Action/Launch.php,435f23b1e12a4312bb4991affa1c55a0fbe27729e22d749f5dd43395023924e2,1125
library/Zend/Pdf/Action/Movie.php,e8a36e7f36adcd52ae2646e2cf03fded60532df820f546bacc6ff370e44065b0,1110
library/Zend/Pdf/Action/Named.php,e2da4c8a965563da04941ed487f69a6b2cf23fbca53ece3353037df19772f37c,1153
library/Zend/Pdf/Action/Rendition.php,0c266b12b3cbf058e10aef8a26646366c5bed8ce185a84bf67ae7592e2fe3dec,1145
library/Zend/Pdf/Action/ResetForm.php,ec24552e2f14bf7bc373d822d13aab276d01cd7b9af18d097f2ac6b2d99819f4,1137
library/Zend/Pdf/Action/SetOCGState.php,6768bb6c544220829cf6a3ac21b29cb9aaf06768f5d55cef25855e9b8a375667,1146
library/Zend/Pdf/Action/Sound.php,168db516f3640068bb77b8830fbf70ec8dbd29bf2fb619633b77946cb8751e5b,1132
library/Zend/Pdf/Action/SubmitForm.php,39c2a39bfd6f08d9dececd1f7f7158226bdeaf89a593040431e7514a1720a993,1143
library/Zend/Pdf/Action/Thread.php,a35acae8a98e34da84f00a782b69319f4fbcf0a3262a11738a2b6d1d6fef7876,1111
library/Zend/Pdf/Action/Trans.php,c999486667e865d6c559cb2ef7e3649cb1bc752bfbcb6d912f76450c55d317d4,1163
library/Zend/Pdf/Action/URI.php,b9e60441f546fd05cb1d453bbba0595e663e4d2b7cb0327964d1ae0e79100329,5242
library/Zend/Pdf/Action/Unknown.php,0d0621538addde16b8648e822bc026ab55a4c78d7d4eaf1b48b7cb6576217bc9,1091
library/Zend/Pdf/Annotation.php,450c5ee7e9758412c43387da2564e8ab711ec76f55718072da5ff0835f065873,6996
library/Zend/Pdf/Annotation/FileAttachment.php,110f796501e9890c4536c040a179c6bb2fc53ceb66d1973d87967d065692169f,3615
library/Zend/Pdf/Annotation/Link.php,c594b7bbbf5055c1a993cca58143fb50542f313fb67a332c928c821c42325819,5819
library/Zend/Pdf/Annotation/Markup.php,dcff9d66e2374a1826f3d1f6b7b6bc254d1ebd2824f1b8710127c235662019fa,5548
library/Zend/Pdf/Annotation/Text.php,2b4a88ef880892fa4993a0a9c794397b567aea52f026deac816a27412c7cf01e,3324
library/Zend/Pdf/Canvas.php,d4859256436a06a5d8beb802e831d3fd87d235135094fa0debe36d008da6260d,5094
library/Zend/Pdf/Canvas/Abstract.php,a0350036d79b72a63ec9d1c12c05d87778f4538526acbb1b730b4f4727e528f7,40727
library/Zend/Pdf/Canvas/Interface.php,117ef7f1bd23e3b531383038be8db85862187ff7c399e4af55118cc2f3d198f7,15272
library/Zend/Pdf/Cmap.php,5f74b1f52bf1e3c98e67cd9678bb6cb0fd9e6e8ae0dff11f1402592a91e227b9,11619
library/Zend/Pdf/Cmap/ByteEncoding.php,6a6c1be2b6c7aee309c3ab46d503ca97b74e21a5ffe3d9631f9170f0d48d188b,22795
library/Zend/Pdf/Cmap/ByteEncoding/Static.php,dba30444c4c6ab47ae4f658440dd9ac59536c7ca1a9f645790e3185aa93fb7cb,1946
library/Zend/Pdf/Cmap/SegmentToDelta.php,04bf805be23c69e157508f31d3c5bbdac8b7decc4e5fb277c07d3f2405d0b85d,15118
library/Zend/Pdf/Cmap/TrimmedTable.php,c9caecfc9df60b16d0eae651dec1914b5eac322e2690cfc85407031141d2b88d,7831
library/Zend/Pdf/Color.php,9c7239b1941127207e5aab56c68e04937af3c391c3d036d982b068935201de03,1650
library/Zend/Pdf/Color/Cmyk.php,9935aebaa7d6ca59d08452d9e6a4136399a00b201e375bf0a216e8a487c02cb2,3213
library/Zend/Pdf/Color/GrayScale.php,2ab02d55dd49be9386695651b7d199b3eecddc63c6372f32432d7b5b2b6d3d45,2167
library/Zend/Pdf/Color/Html.php,56fdfeafaefa42062216c115f7fffca1de02e26dbfe25e48cc52ce59166fb47f,16242
library/Zend/Pdf/Color/Rgb.php,d6205fc133801feec23309651d65da8bd2a89a5e7c60123ca34444ad92a11614,2881
library/Zend/Pdf/Destination.php,b91db86361d59f73c2c9f81e1b09458141f5ac4231c60c4ad01d23d3e2cafbae,4019
library/Zend/Pdf/Destination/Explicit.php,be161c530d45f04f8e104325854e4b2125416f90361eb12cf228ea0b8c9dcc5a,3447
library/Zend/Pdf/Destination/Fit.php,35d895919b5c3828cd93d5886f9fb041597584c208909ed5d9cb5fcaeacdc128,2567
library/Zend/Pdf/Destination/FitBoundingBox.php,c55d17c6b81abc6255796e10efbc5fe218e10c55f3162d03338ce753ffb0683d,2641
library/Zend/Pdf/Destination/FitBoundingBoxHorizontally.php,700c9fd7c99b110a44e0996a44e8a449893f9a5199d34c998e367a1d07d3c701,3205
library/Zend/Pdf/Destination/FitBoundingBoxVertically.php,fbfb7ab6b5a9d2633f68e78866a6440c42f6994236a4614d558f916935ba21f1,3211
library/Zend/Pdf/Destination/FitHorizontally.php,8633f0ff74c67e528e73c9ec5693ca01564e1e6edf736a6bf1a9b1d7e36cb075,3127
library/Zend/Pdf/Destination/FitRectangle.php,73f1468871f5e8c1265cfcd94a02cc81c0de188a01f7705878ae05e06c7f1618,5205
library/Zend/Pdf/Destination/FitVertically.php,0a1ed58d206fd8b9e796b5195a2e5eecc728214a22803bbd7f69de17f73b4f0f,3132
library/Zend/Pdf/Destination/Named.php,43854a0adc1db88e6c981e9e084aa558d7382c6208571cb25ec5ac49ac4cd14e,2861
library/Zend/Pdf/Destination/Unknown.php,e47ffa1dfd2c6ffd2c0b59bb8f6ccb0e71a4d59e88db4a2139420c4dcdedeab3,1176
library/Zend/Pdf/Destination/Zoom.php,4351a2600ba91fc787b06ed8d56dfc90f61cc6834e3d2e5ab67dd3754165bf9d,5633
library/Zend/Pdf/Element.php,72a8409136f498c58e71a9fe5115f00d1585900d03c7d10ac75f37196d277dd7,5159
library/Zend/Pdf/Element/Array.php,c7a5e24efdfe6afe5b59210bc6cdd97cdb433b86abb680f8ee1001bec44884ab,4734
library/Zend/Pdf/Element/Boolean.php,d22954d9c5de486a7f2a0132eb007898d30fbea3a556c77ca3823edff769b5db,1920
library/Zend/Pdf/Element/Dictionary.php,e7307e631f60f28591ead4812121ff9b73b4d20857905bf6e59b38178fec6205,6326
library/Zend/Pdf/Element/Name.php,a686add8f792b20a8034d9cdb96fbeadfd02698d3950cc4a8b8f8e48c9a24547,4155
library/Zend/Pdf/Element/Null.php,a8db585045cbe1dda864fcf5ad3ff389e5d9d8daf74f4a8fa59da7ff90e28a7a,1662
library/Zend/Pdf/Element/Numeric.php,0d4be412aa6aaa5061ab06313c5becd7c4bf51837afb5a9153022df020432e1f,2272
library/Zend/Pdf/Element/Object.php,990db48d8c9133b6343c33a982c02b449ed98f41e177aa791fc163aa5c16dd2b,7037
library/Zend/Pdf/Element/Object/Stream.php,c699d9d63a0bc25bce9072fef8cda57a85ff1a80fe1748b0a231875069b67ba2,16318
library/Zend/Pdf/Element/Reference.php,563e8f21ef1e1dc4da69a6972534be18e1f85f85dbc8ff5162efa1bfa252f718,7791
library/Zend/Pdf/Element/Reference/Context.php,a7de0bf38d5ee1187f4803860f155e9b6ffa0c05fbebcab88895e6104f92a2be,2024
library/Zend/Pdf/Element/Reference/Table.php,67979965e24924cd06c4dd5d310f0cfcd5f29bb01205cf34997f78a321f80062,4769
library/Zend/Pdf/Element/Stream.php,d5a9648c0069a1a0379368e3d0fa0be69008cd3c78f30b61512a546406a80dc2,3056
library/Zend/Pdf/Element/String.php,eb3b99efc1dc331334af3a9a21df0b4f48ad261a2f964851726ef501aeff94aa,7876
library/Zend/Pdf/Element/String/Binary.php,8079b31ccee9d9a5d306f81d9dce0ecd2d5e6f9e2855a2a59d11db97182cf043,2559
library/Zend/Pdf/ElementFactory.php,37c62714deda3bf6ab99fb2c515e889981812f05a3753d0841fcef6ffa7aa20e,11994
library/Zend/Pdf/ElementFactory/Interface.php,95ef9c49793dc5e8d8438605328d122f0a1811db6cf325871870b9790e52fff2,4117
library/Zend/Pdf/ElementFactory/Proxy.php,3d0b7172b87251724a2dc8a39c9063bfb98cf5f6aaa6ff4a1d9805145e86a3c1,5702
library/Zend/Pdf/Exception.php,773f8f0c5725865e03931105a8ce78ec91e3d4431f9bf8436e2a4c972ecf7610,8741
library/Zend/Pdf/FileParser.php,3e24364be24524bd464e90d4f289b4d56d7f9a1ea204d199755f8294a27133bd,16368
library/Zend/Pdf/FileParser/Font.php,8055febab6e920205e67b26a16d053ebc449d8465d59a215203779c056d18ab8,6173
library/Zend/Pdf/FileParser/Font/OpenType.php,36c7e5e1ba0d179ecdee35ae9b3e3821ed87c7fec611a98d1ae2f108647d8afe,43957
library/Zend/Pdf/FileParser/Font/OpenType/TrueType.php,2139f47ac3ef8bc2af73a66b2227d61fd2e8acefd213a5af580421c9adeb5195,2498
library/Zend/Pdf/FileParser/Image.php,577b0968687b53d57739e6d781619a23756b75eb70624df2404b41553dcb74a8,1727
library/Zend/Pdf/FileParser/Image/Png.php,34a9ac0afb48b75b8bbc7124e2b7811c3d55a7284a1b5c972ca5d2f9acae7e78,11447
library/Zend/Pdf/FileParserDataSource.php,b06c021cce4028f8468f17ba4021a00394235fb4037a7b5889f256fc32f8954f,5612
library/Zend/Pdf/FileParserDataSource/File.php,704de4de50a8551101e3495752235c7b4a7af38e3cc3cc2dc7e6d0f73f2ed96f,6319
library/Zend/Pdf/FileParserDataSource/String.php,03a81dee30e5dffe6f66d61526690dc70a85957fdc941681427db88307f1de85,3422
library/Zend/Pdf/Filter/Ascii85.php,4b8f5f2810ba8e1c68a05e295b2d9e39dfa49dd5a057b3d5e0376f3667501388,4809
library/Zend/Pdf/Filter/AsciiHex.php,799a2fd4c14f1dc12ac3733d0486bc48b957a6e3461b3efe6b842cf1c8d33ba1,4415
library/Zend/Pdf/Filter/Compression.php,128bbc7f288fb0ff95ac95917dd78b38f9dff08980885cbdc12c85615ba93e7a,15581
library/Zend/Pdf/Filter/Compression/Flate.php,23188ee0d9709c9517370bb5b3e1c9992f68143130f6c9777a49af5234191fc7,3033
library/Zend/Pdf/Filter/Compression/Lzw.php,b31e17ee6b0d06d633e2a37e53a36c34f209b480cd727df011c17f52f8a5f574,2647
library/Zend/Pdf/Filter/Interface.php,3faf2c1f9da1025993642d6ab882baef0c75a78821d32ae9fd000abf6fe1c2e5,1381
library/Zend/Pdf/Filter/RunLength.php,b2f3e1e9f75054db2f0d29e64c9dd8e15ce9fb13132ff7f2b5f6c11bb52bd008,3711
library/Zend/Pdf/Font.php,6558dd3c3dd05c2b0da408332aff72cbb67afd266ba16c59a328f061710d7e8a,23074
library/Zend/Pdf/Image.php,d477836f92f7f783cacb199adb78238cbe8092e4f4a508a857820c9ee4ed1583,8321
library/Zend/Pdf/NameTree.php,add18178ad38c8a07cbb8e8fab5855ff26526c2fb67633d2b1f8022b7891654e,4200
library/Zend/Pdf/Outline.php,1cdf01aee714f9d9a23ac4d81ec1ccc227a8d5a483d9c6592a679d14f382c20c,10257
library/Zend/Pdf/Outline/Created.php,dcf16560a989840c7ef7df7b456dcac875e369f3c9590e3928587aee23507da9,9163
library/Zend/Pdf/Outline/Loaded.php,cb56ba8164699364a70dd1b25b32b9ee426bfc20d5eed542772a9435b7d53c54,16019
library/Zend/Pdf/Page.php,af015819de3265da04b3baa0366d3d7425741a6297561914350cb5da481c081e,27142
library/Zend/Pdf/Parser.php,cac1d1dd1f8e8dc61b4eaee4c51e91fd10b9e1da1db07a6286517fc24e4a6db3,20329
library/Zend/Pdf/RecursivelyIteratableObjectsContainer.php,17c857cdf0255e87a60095cf63d5fd327ef2031dde93e75b015224bcafcbab58,2402
library/Zend/Pdf/Resource.php,4ebabcf566baf25471ee5261dc882a25030d3637b7e9827fcf8ca8ba24a586ef,5594
library/Zend/Pdf/Resource/ContentStream.php,4f796b2f8ecf51afc91b3ebc27b32a4017e426ecb18c9fdec2f0d577acd40b12,3020
library/Zend/Pdf/Resource/Extractor.php,9e5c4b96d55c001cddc5b15c942167c9cf3c8d61fe853e8166f0691b881b0ae0,2696
library/Zend/Pdf/Resource/Font.php,5375755eb70b3447982e761d2c5a5c7df09122ec15cdbd57359c4a40b2f90e89,15444
library/Zend/Pdf/Resource/Font/CidFont.php,7776f56284610a0d3d7d9879967a8d4f76f369dd6c2425dd149d3681b3c9f2bd,19209
library/Zend/Pdf/Resource/Font/CidFont/TrueType.php,d5d688acde2ff8188890afe5b1cea19c28ed637a6b38843db4583ccb4ae20b35,3510
library/Zend/Pdf/Resource/Font/Extracted.php,b056b078d52062c35509389f4614fab6201fe7d84eeb166c8957b75335d65e59,10368
library/Zend/Pdf/Resource/Font/FontDescriptor.php,e09420c25547bf13e49aa5c10bc47d6a4e36af98568ff8ecbc4aa9a44bf37666,9417
library/Zend/Pdf/Resource/Font/Simple.php,3caaee06311416cc1cfd0b691f09f7a3c1af978c18ea9e2c0c0e6cf05bdd028f,9930
library/Zend/Pdf/Resource/Font/Simple/Parsed.php,940656953c688860cd5896b395264b5698a8c92a0ff91493de14821b69847f0d,3633
library/Zend/Pdf/Resource/Font/Simple/Parsed/TrueType.php,9dbec63123cca3101ab01dd77bd13334e1dfd6e724e312e2a1ee7c0099b51ce2,2318
library/Zend/Pdf/Resource/Font/Simple/Standard.php,b48d1193ba1d793bdf5ca1d88ed3fc4ecb5d3ed1a21988cc9f3b35d138ebf7be,3263
library/Zend/Pdf/Resource/Font/Simple/Standard/Courier.php,c884af6adfd5fe25f8f375455acd23f36c63c50396d011bde8400e78b355ab58,18469
library/Zend/Pdf/Resource/Font/Simple/Standard/CourierBold.php,9e8ce9ad9caab58ab93fd6fa47d5e24dfb1f62db385b9610d385c7c4b3de3a57,18497
library/Zend/Pdf/Resource/Font/Simple/Standard/CourierBoldOblique.php,43f7eeb74b27562beb7b42bda064c78c18be915bcdb2103603493c1b2885636f,18644
library/Zend/Pdf/Resource/Font/Simple/Standard/CourierOblique.php,22f2fedc4919c93fce3aee0d0c8574d1227aa419a70c7bf2487bcd61d6ed12b4,18649
library/Zend/Pdf/Resource/Font/Simple/Standard/Helvetica.php,d7583150493af9a658238f1ef52cda1102234a58b0d24fd90c28b55c4361d51f,19178
library/Zend/Pdf/Resource/Font/Simple/Standard/HelveticaBold.php,3c60d95937ce9f658381e54fe96931114b862cb74362144d7cdf42d3cb923b23,19253
library/Zend/Pdf/Resource/Font/Simple/Standard/HelveticaBoldOblique.php,f43deace7f6fca2abe13344e272e197087dd9acc8d9e1dfdaf20bf091563143f,19416
library/Zend/Pdf/Resource/Font/Simple/Standard/HelveticaOblique.php,bc1d2abd02ffd7fd21e291839eac5796da5861f3331150a51868c8b3518350ac,19358
library/Zend/Pdf/Resource/Font/Simple/Standard/Symbol.php,eebc850115452aaa214b967b114a840d46b6da024bdce5cd043574e51435a7c5,26475
library/Zend/Pdf/Resource/Font/Simple/Standard/TimesBold.php,3630a990839ea212dc3e5273f8e0d4bd2ca717bec9e52a6f36a3c94196199a50,19132
library/Zend/Pdf/Resource/Font/Simple/Standard/TimesBoldItalic.php,28e97b9e20b349d2f1ce231543693efb599267bd353e9d62191a2ae5f9f74a6f,19260
library/Zend/Pdf/Resource/Font/Simple/Standard/TimesItalic.php,3657a6b981e8a558f89a7e023ec00bf2d7c14135c7452868f08eac5170e2cd93,19217
library/Zend/Pdf/Resource/Font/Simple/Standard/TimesRoman.php,f41f7745917274b01ef7d52fa142cbb07d69e374376617b71d96ba616ddbb780,19183
library/Zend/Pdf/Resource/Font/Simple/Standard/ZapfDingbats.php,6c106c128f5053693bce431eb612d812abe98b0674a328e122b3c34a2deb6376,28570
library/Zend/Pdf/Resource/Font/Type0.php,7534c4931db039454b071015bd263ca05596ce41cb7c55922cd8ff1e54ec0178,9612
library/Zend/Pdf/Resource/GraphicsState.php,58929e9411883ffb92b67ba5d7348ca0104baf0ecf10431d1e230b94fc29c5be,3850
library/Zend/Pdf/Resource/Image.php,cdcd4efbc72984324826925df3e5e47d0ed13f9ee76d6bbb22d2f97278578d57,1884
library/Zend/Pdf/Resource/Image/Jpeg.php,64138fcfb86b780d3bb41da4cd0c047a238cd1abfa41f6fbdd769059cb2af214,5161
library/Zend/Pdf/Resource/Image/Png.php,157bfa59a032b7737a7b0de0fdc94221d2c371e2a59793bc0937f270487c3c37,18443
library/Zend/Pdf/Resource/Image/Tiff.php,b37df9b8f84baefb27ea0800c020ad92d3a8f7e15f6b7d4ab0aba23eddbbfefa,21861
library/Zend/Pdf/Resource/ImageFactory.php,05b2039f99502831bdca5b0001c4cceee559a1fc684e80791213b9c50aaf8c9a,2643
library/Zend/Pdf/Resource/Unified.php,4fb2676e8e587d97c198afb269866c5bb7c9334d624d432e3ca8ee743f5719b7,1183
library/Zend/Pdf/StringParser.php,24a174c9a2ec51170a48b925233f2760972df69fe14e1765d19fff367c1796b7,22872
library/Zend/Pdf/Style.php,54e16b94601ef6c1221e37f1502d5c4e7f72f34f83196712c4247e3f6b4640ee,6668
library/Zend/Pdf/Target.php,cc7d4cedad27eec7c75a4713acf27b16617e12e6d629854e52a6df99b28d8b43,2675
library/Zend/Pdf/Trailer.php,488719c115420a5e8da8dd4b968556ce784960b453dbf1e3ec674177fb340055,3003
library/Zend/Pdf/Trailer/Generator.php,68fb25224b411af256a2b6c3ab68aeed48bf72b7a5958df6b6ef0f30a74ecad7,1896
library/Zend/Pdf/Trailer/Keeper.php,ad352aad59c9e749b917e83003ae8b8d59ce6ff742ffcbb523ad220634fdf67c,3629
library/Zend/Pdf/UpdateInfoContainer.php,e2203426f41421d5d52007a951b1b9034165512f354302a244b0be682db9bc44,2743
library/Zend/ProgressBar.php,76ed051a5a2fa6ea07eec6b9b12805e3a17f42be4629d15b54cadcd281636a90,5850
library/Zend/ProgressBar/Adapter.php,ba059fea39c2bcd30a3d92df9a80be947f7c0a3b70ee2bb797a4b43737ebd9bb,3124
library/Zend/ProgressBar/Adapter/Console.php,82b7c8746dc4d96533fcd7218ae67c57b955cba3ad74d5c9aa0e9522743ae53c,14788
library/Zend/ProgressBar/Adapter/Exception.php,da67b34c6f1d16cdcbb6426a4d78e7dc05b915e5397e1f2de2f3ab8d94c5b8bc,1187
library/Zend/ProgressBar/Adapter/JsPull.php,d1b49077c4e2dcd32675fd80f68517aa75ea1eab12f5f184d8a74605d861872a,3228
library/Zend/ProgressBar/Adapter/JsPush.php,1d8525bca47185dd5bbfd76981e3b89f940d9a399a3545ab5cf26b73e286f007,4126
library/Zend/ProgressBar/Exception.php,3f00fcba4e0b75107531ba6d813ce73427609e219c3de08c95190a5799c97a4e,1123
library/Zend/Registry.php,7fbe77952824d6c3da0d1ea38f9b070847e1c3151f75f5e41cf912441b68cd9f,6086
library/Zend/Server/Abstract.php,f7403a2bb743cb370a50d2bc9744964f4c9f344506b63e4e43ea835dbfd7a493,7361
library/Zend/Server/Cache.php,b402e92861e03d7b18d60dcc5d83acbcd1d734416b2a38aaaadddbc914abdb94,4141
library/Zend/Server/Definition.php,0eef43e8ac30cafb80e84fdae428bb7f0e864b9853409f8282b72c01149ae16e,6449
library/Zend/Server/Exception.php,f5987cc116fef186ad496d271ee79366c5524f8007a57beccdaf93487ce70b4b,913
library/Zend/Server/Interface.php,e36fdfeb4655ef021a70b6ce5acbb89d5d3198ab1e5a8f8d6f332df3330521e5,3519
library/Zend/Server/Method/Callback.php,276f4892bd39a0cd1e6b15b230796009c7393a39ef7dd75cc2ed8cd0efd228fc,4603
library/Zend/Server/Method/Definition.php,266d0f0330151bd3de857a77e79ffbc7992fef0610cfdbade888241e7f662644,7229
library/Zend/Server/Method/Parameter.php,d3d8c06d088c6ca121fc90a6fa38699d1b2cc9a7b0867895fb717b4f0fa0b209,4511
library/Zend/Server/Method/Prototype.php,f3dc0818745f6e76129a3ddedc828df08bb59054f336a793ed3cce86e351b7d3,5086
library/Zend/Server/Reflection.php,2fb1e5d324e90406516debd1c1b9344c96c3a2a3d17617f84f2e036f5963962a,4224
library/Zend/Server/Reflection/Class.php,f3de1faecba0bcf6d1224688cd743737bf427e9e49f36f248f29f5748d46aa4a,5042
library/Zend/Server/Reflection/Exception.php,24a9489504aa2dfade1ec1b51ef4ef9ccb5534aefbe3dcef5becc7c3a3e44cbf,1138
library/Zend/Server/Reflection/Function.php,ff615ec66b2112f7850266a2d82be2d85c63356869a45092140508baf8a0f82b,1231
library/Zend/Server/Reflection/Function/Abstract.php,bb68ed2c9db1b958d57673bd26696276415cda5d49cd382a1ccf6c6425449e58,15978
library/Zend/Server/Reflection/Method.php,473d8318887535848fb0291f55c9f311389e6f84c986b5f90befbf7789913d0e,3137
library/Zend/Server/Reflection/Node.php,99c42901b291d870a76be27f8f76dd50376890c254fe5560c4619a3e0d426ae5,4724
library/Zend/Server/Reflection/Parameter.php,31f0f5ab973418509c6b37e420096caaeeb858694cb3b5231869956be35121a7,3803
library/Zend/Server/Reflection/Prototype.php,412a0cd0793f445800bae422d0eb1a4c6cdef90991d45f4f846c151b344f664e,2778
library/Zend/Server/Reflection/ReturnValue.php,5742784a955099bb7064e4286152daed4189b6ba7567c0941155a69cef6c7fab,2706
library/Zend/Session.php,314ce78b444ce25abbbee942708661100f2237aeba837004adcdd84dab9cac48,28789
library/Zend/Session/Abstract.php,6eb290ee3ee14974190c6f43711a0ae3dd266f9416eeb1b2a8407c79b131e668,6004
library/Zend/Session/Exception.php,b451188ec03b4b6eebb55187cbfdfb9f889e1b5c1f7932ae5394708bc73d7ee0,2222
library/Zend/Session/Namespace.php,171585021147027041fcbd236a85a2152f277bc860ff796c94f74ac90d1c9d1d,16775
library/Zend/Session/SaveHandler/DbTable.php,a2b33694b01a17bff9daa0ec35f6516f763e910aa32f1975e3bb9bf1901a7ade,17855
library/Zend/Session/SaveHandler/Exception.php,fd7f5cddcf4ed17daf59d8a94834c54f108ffa9435773ea0fffb913ba12b1ef9,1123
library/Zend/Session/SaveHandler/Interface.php,a42c3ae50145ca0f8850d8b327ecdac9d53b9db0ff21ca6a68f62b4fcf755ec0,2007
library/Zend/Session/Validator/Abstract.php,b1ebcbd82c9bf5b7bc5173f5830db8078b532366f0467094dbca37ad929f3afb,2160
library/Zend/Session/Validator/Exception.php,f9b836e9edd52550b63d5a500ec1e312faa57be302e24dd6cda1d2d7d5766618,1183
library/Zend/Session/Validator/HttpUserAgent.php,92371bbe66101af60003c46a04e9a66bc46f6c108c7c7f2453c5316c40cfe4f3,1936
library/Zend/Session/Validator/Interface.php,2457c89420cb0402776befad8d7e235f4cded443522a49de5f853f71572b49a2,1545
library/Zend/Soap/AutoDiscover.php,fa00db49a40f05cadb45e601380ce60dcae959b3c144deefad1c19aa5af472b1,19585
library/Zend/Soap/AutoDiscover/Exception.php,245f314a8b8d365ee86a84822843ca5b4e69dc39e3bf2b345aee4339f5b85d7e,921
library/Zend/Soap/Client.php,a2158d8902a2445b16757394bb290f9aaa54df75374bf81547779230080c39c8,30530
library/Zend/Soap/Client/Common.php,92d71442d8a2e6a84aebbb5984eaf034fa9c8453d4f81671b19dee54b674ae0f,2105
library/Zend/Soap/Client/DotNet.php,1f77e359c2b0973cdcb30f5d37120633689b80453d72f139b0b6cc62ae6b3175,2519
library/Zend/Soap/Client/Exception.php,f6de8e861028d2a37529faf66fc8e4df7574f2db2a05870b7c29c122e01cf344,1079
library/Zend/Soap/Client/Local.php,ea0f60dc2fe667e3652802340297d476b0dfd58d159bc63d17253630ac8b6a94,2582
library/Zend/Soap/Server.php,7e55759e4b0c6c23099b15fa0f0826cf980f4c222e0cd38765f3559bd836f175,27340
library/Zend/Soap/Server/Exception.php,68d7787bae5f0e7242b4a8387524fc55c05e575de7af987d5e73be1649f8bf7d,1081
library/Zend/Soap/Server/Proxy.php,275fbabfaec2037777ff20b72583c71b332fc43c00a67b6970c672121e28a14c,2057
library/Zend/Soap/Wsdl.php,9818cd2fada1203b1558df7c6e6d391b4b09e4681fb5319a9fbc563b97503d0a,23297
library/Zend/Soap/Wsdl/Exception.php,c33f5d8520d2f9633c0e6b51f0987b80b1a8ee72763c85cf7cd889cc23efd20f,1113
library/Zend/Soap/Wsdl/Strategy/Abstract.php,a9b45bbca8ebb436dcd3b23f0f6ad4aec384b938a8e5c415e643093474afac77,1750
library/Zend/Soap/Wsdl/Strategy/AnyType.php,8ebc2d1fbb30baba92df279ff3604795bc20df6e3b5b17b20a3828aad53c4e9a,1562
library/Zend/Soap/Wsdl/Strategy/ArrayOfTypeComplex.php,f68b3de343b2f868a7dda829ec13a2ae33a94386e0e2d21094ef13a7e50d087f,4862
library/Zend/Soap/Wsdl/Strategy/ArrayOfTypeSequence.php,f53287cd586d61915bd8941839fd6006cf51bb116ea5c327e07f25808fe6f9bb,5196
library/Zend/Soap/Wsdl/Strategy/Composite.php,cb25bbbaf08e9943bb7a2fbd1a98b4a12dcacd9dd2ccad0030b6b352e1a387b4,5650
library/Zend/Soap/Wsdl/Strategy/DefaultComplexType.php,b44518e61e7df4ed86cccabde9c2e0d51c5ffde76fb656e20147d5caf290fc5e,3318
library/Zend/Soap/Wsdl/Strategy/Interface.php,738fd491f9b3f8585a7bf6bbd5cdf0f2ca0ca13b111c7c825db9d54fd54b31b9,1387
library/Zend/Text/Exception.php,49b539cc504532689c2990316609569791fad29f75f0f2fd151ecdf7613ab4ce,1090
library/Zend/Text/Figlet.php,ce9aa517678e05a90653cdd69d9fa39aa0ad6e7f12b383b8af1ae5cc69817732,36186
library/Zend/Text/Figlet/Exception.php,d88fddd0e2edad2d567bad27ef8a47c1871eb643a9b41c0c483256245151ed58,1133
library/Zend/Text/Figlet/zend-framework.flf,44b3200018d90968d118c1032ae273f9b1f642242c437ebb536ea03b4c113a11,7913
library/Zend/Text/MultiByte.php,624a6c5557a0540a2bde3f0b90bbe6410dcd31f4de5fed529be3756ff1fa905e,5550
library/Zend/Text/Table.php,949cc0b664d3ee116bf4b9d001354a5dff0fdc102ca4557d6ad24409da2bda0b,16198
library/Zend/Text/Table/Column.php,4a61f827aaf57cda7e5889d6f38bb1a7a1b2832d8775c99a274ae49cc424e7b3,6880
library/Zend/Text/Table/Decorator/Ascii.php,3690341e1318bf97668012916560711e570bc2438c59694b69ad5c9e6a371e71,3059
library/Zend/Text/Table/Decorator/Interface.php,18e960e4c7f41148c08ed71fa1db7fff3432977991302171e9283a3fcd52a730,2541
library/Zend/Text/Table/Decorator/Unicode.php,d5304d9088bda9b63a2d0b4a06df5cb22ad78d6e0e95ef121a7926a774a722ab,4145
library/Zend/Text/Table/Exception.php,28f3ccbc10dc36e66f38163a130eb70154bc340be6d50c5438870a12e7f576e6,1139
library/Zend/Text/Table/Row.php,3ddf8a9712e50cac3099b547d2542c26f0105c4b1b2078634171620081b490e8,6629
library/Zend/TimeSync.php,0cd520afa06790aa3a9f695e928747f8d8270d57f7836d9e81af0a9808a34082,9150
library/Zend/TimeSync/Exception.php,e6505b621508306891b76f934f681d87e376b197cc6fa05d3392db7015813be0,1668
library/Zend/TimeSync/Ntp.php,9ba585b0aefac9e78f9e51c374aff9d4e5bb985b637074e0677368016735fe91,14352
library/Zend/TimeSync/Protocol.php,54fb72db27d1f269e6f23b4c86d7b3bcb97e24a0adbba1c3057956ee0e4a082d,3760
library/Zend/TimeSync/Sntp.php,b361f40cb8752f92c9ce0869cb9a5a717ce484936cea499c967cb1df08df567f,2909
library/Zend/Translate.php,432201f8c844166a36684a26848fb8649138e0e22e94416f9bf25b4bd1f453bb,6400
library/Zend/Translate/Adapter.php,6507619588dc237bf0a9b92a11c81574348080a7c4774de90899ae766df1a139,34632
library/Zend/Translate/Adapter/Array.php,e4e418a23ed4e3d18997675bbb12cf59a6674dff991905c8b6f008cfff7e7c2b,2364
library/Zend/Translate/Adapter/Csv.php,d2f610d21b20b39be5c53189440980d1038d8e48ef199c925ab0fa90d0614c2a,3711
library/Zend/Translate/Adapter/Gettext.php,680889da0299702b16f00bbcb2285a3b529ef1ff8a76fe27925e516903d6945f,5715
library/Zend/Translate/Adapter/Ini.php,8f6658ba303811a07e9527a4fdf6b7db22774090202dc887ee87e0bf2252f55a,2279
library/Zend/Translate/Adapter/Qt.php,e540f3e7fa02ac12e59af0720a87d9c080118b39603777a45c054d122a290eab,5602
library/Zend/Translate/Adapter/Tbx.php,8f4b54cc94b1188cbeeaafb0451713179f3cae6f165d2cc3178dde695cdb3ee1,6110
library/Zend/Translate/Adapter/Tmx.php,c5b23062634867ae106d81d859198e51a41832488f3cf6d0b2bac484a927ffc3,8875
library/Zend/Translate/Adapter/Xliff.php,8587b9f0199da436821f16c80a0f35165f94a291f8f65238b6be4334aba60a40,8909
library/Zend/Translate/Adapter/XmlTm.php,688eed76801010cb09eb7e1780e7d0b438e48035e19b34b56e52e533bf76090e,5027
library/Zend/Translate/Exception.php,7d41fca7be1d1a9bdf543c453ae04a3902cbfdf8290bc47b74b9a87c7379b959,1049
library/Zend/Translate/Plural.php,2d592bc1017a07830331afe6d99c1d87446400d6b9be448491756742e9c49e7a,6656
library/Zend/Uri.php,f38210392249c4b49fe5b660ebd9b6e0930f808b047e38441d207d5b3c349f42,6447
library/Zend/Uri/Exception.php,613d992fe2e39e4ee9c7aab33e45b2e34ea328f45b6be78829270fbf09f88bc6,1057
library/Zend/Uri/Http.php,90a065a9f2f7d8c4e59bf98a2892d97235c0c792a17a059fe3343f51c697d278,24042
library/Zend/Validate.php,9039fb99b296ddd97f7c692428da6f374a19a273de3dff08a0905176debc06c4,8364
library/Zend/Validate/Abstract.php,4614fd47f4dd031b04e6fd36da44ead649b37a51d77ab77280b3434d26ab84a3,12971
library/Zend/Validate/Alnum.php,8a863ec70107ca773af4a044df6d67234622518fb2aed42bf94d7a00616f7b42,4051
library/Zend/Validate/Alpha.php,c0e04684d53b08cfdbea9d6d20674ad2dc1bbadc14afda25cf855fec4bd8bec0,3957
library/Zend/Validate/Barcode.php,1312a5163f452d6510fd645bf0c789bcf01c030f9dd848f2ab3dd2c66397a9b6,6279
library/Zend/Validate/Barcode/AdapterAbstract.php,5c323d72862d1fef6beb230c19039ac3162748f50c47007adc6eb82dee886584,7538
library/Zend/Validate/Barcode/AdapterInterface.php,773b78191122fd5faa533f115ae8fcb547878ae406197556c61440193016672c,1890
library/Zend/Validate/Barcode/Code25.php,4fee4675d580c9683dd321f986f2bf8303abd23f320b5ab0bf775bae299d6498,1585
library/Zend/Validate/Barcode/Code25interleaved.php,cf249201efd12c4171aa036731a84920e359ea97007126b64c41c48987fe363d,1600
library/Zend/Validate/Barcode/Code39.php,9f56a68ffdd30e0ab6ea9a3853e9c56e9b96df1dfdd6575e9fa2fbb63bac17e6,2757
library/Zend/Validate/Barcode/Code39ext.php,e88eecd87c37de1ca25f34ee0e4e79596c7b6ea3fbb2d7040509d940a6e7bac6,1480
library/Zend/Validate/Barcode/Code93.php,ee52b708e4c845cee5053da7b655f18a7937a5e95c163f60994c2c3017d1e7fe,3380
library/Zend/Validate/Barcode/Code93ext.php,b265488f8262c97e8d85990b4952157bf499ed1ca325f58c65973de7535176d6,1480
library/Zend/Validate/Barcode/Ean12.php,cf3a9455ca0ab3b36a6fc1331af9fc890774f4147607b235c85c490dc8b2b8d3,1428
library/Zend/Validate/Barcode/Ean13.php,81f23557572fc16be7dca2efa048de8538b160dfed8a594bba49ced09cf018a9,1428
library/Zend/Validate/Barcode/Ean14.php,de16cd050a5dd5bcb1ac4d0392b12fca306219b98fae07cca55b46729051690c,1428
library/Zend/Validate/Barcode/Ean18.php,0d7f0ac74bbca94b784e0ecea1d3804d8ab4a11192572df2a91ec52059fca82c,1428
library/Zend/Validate/Barcode/Ean2.php,7cf6b373b90ade6db971f576426f6070ee40d659a6912c74c11948a441fd7cf2,1483
library/Zend/Validate/Barcode/Ean5.php,c1ee728d46e36d5184a6725a81d1a159df6e40277f6df9af895cfcec96d29c37,1483
library/Zend/Validate/Barcode/Ean8.php,d28f2c0f03839c1aa3a8433b4aaad7a2a3b3b2e3d666f061ae772b6cc9a795c0,1783
library/Zend/Validate/Barcode/Gtin12.php,e5053d73a985b0ff4cbd583fa58ce11b5ac120d8aa9bba7a236e013a26cd1104,1429
library/Zend/Validate/Barcode/Gtin13.php,6488982ca0c9c8cc66db1657bfc82ab827ca081c951a258ff0264956aebdeeec,1429
library/Zend/Validate/Barcode/Gtin14.php,81ab0c0e789e12cbbec1d090bf6b759c8199f8d0b5cefcf402a0e5e84040942c,1429
library/Zend/Validate/Barcode/Identcode.php,b0715832c4d4a4f0d6916cda5bd5b0bf3dbde1e84f82dfba8c561a614e363d72,1437
library/Zend/Validate/Barcode/IntelligentMail.php,04f065440d437a8f1342b27829bbec03efd944e8165455d796ddf0a1150e41e2,1514
library/Zend/Validate/Barcode/Issn.php,22079b2dcb8969bcb6a1ace35043837bde83df8d94d83034dd701715fe52e517,2992
library/Zend/Validate/Barcode/Itf14.php,c2c35eccf9bee8c8a0b4e0688616e5eaa399b03e8df776a24ddbb44bd86687cf,1428
library/Zend/Validate/Barcode/Leitcode.php,175327f329d0cad93221340f42f08da99c52149d22f56ce04d4a4a4715cb41a1,1436
library/Zend/Validate/Barcode/Planet.php,0a5cf0e80d48cd460ce36d3c757a79bf73649f63d7d9807c7b900be2db58da40,1443
library/Zend/Validate/Barcode/Postnet.php,27b773659368887bde321e5122ff0294ec4a662b1e7b162e996494ff72956df0,1450
library/Zend/Validate/Barcode/Royalmail.php,2fb7ca92b9c72631b783b2d957cb9afd83fcac9849435d9e7d766eeef44324ae,3691
library/Zend/Validate/Barcode/Sscc.php,4aac2a8fd2b9c904c2da04280dc4fecf3bbf324317c23b056daad8afb1f45ce6,1427
library/Zend/Validate/Barcode/Upca.php,bdb35a02366991d8e409f7c0624edbf5a84d86a41a3192670adfb33405c749b4,1427
library/Zend/Validate/Barcode/Upce.php,562f34bf6d52ddaee0be0bb711421bee30a12d9f0fa645a8600b55cb3c56e07a,1786
library/Zend/Validate/Between.php,ac898c27faccb0aeff204e2f36dbb1e4b2393396bc9fd7185a4c8bc3813c3b32,5666
library/Zend/Validate/Callback.php,fcdab1c22b4e1ad00216a9e966552306b13b0543a740ac8ed619952e15ed2ada,4418
library/Zend/Validate/Ccnum.php,c4aec180527b43ad10666f821a4a28bd69351c4ab4c23aa175f419a1aaddd560,3094
library/Zend/Validate/CreditCard.php,78229bbd5e905d591eb83e7cdb9b24ef2cd86ccecf8d98181e60304ec64d4685,10123
library/Zend/Validate/Date.php,716a7f57565ce49fd65bb6359d10a68dd6fddc5c017f622eed28d683b7afd91a,7643
library/Zend/Validate/Db/Abstract.php,111446ae8cd7ba6bbbf6c48e3213f0cbdf1fff7b8f6acd7cd7f3a1c0fa3903ea,9881
library/Zend/Validate/Db/NoRecordExists.php,7b28fd13cdf28f2875909c6e07a5e357530eab06a0a52f876aa001e67f4043c9,1467
library/Zend/Validate/Db/RecordExists.php,cc2e4804a1e913b635627ffbfc9066970dab7f9a5ba978cbe33d3487b2ab5920,1461
library/Zend/Validate/Digits.php,366ee819576f45daa1c7c588bd4d6e7702cf16a5136b19be367170b557e93199,2587
library/Zend/Validate/EmailAddress.php,3ac6cc795ef59a0199028432a03c87874e3670797f198ff1a62668afe49d8873,17819
library/Zend/Validate/Exception.php,8b191ed169210daa1aad302607a0f1f61dd4ef4845503193dd2dbcd704cdb0bd,1048
library/Zend/Validate/File/Count.php,a65a8ca965c72399455e73227134f11fddb54b0ebf43db9807f6f7cd1dd14a57,7985
library/Zend/Validate/File/Crc32.php,10618a910f57e9460ef4c3a4daa9cc495347a186c9cdf54d34ddb597b0512ceb,4935
library/Zend/Validate/File/ExcludeExtension.php,6b57b6c8b5038ced4b647a2892e0ee102ffe03a407f0d81077a41fbb6064da8b,2897
library/Zend/Validate/File/ExcludeMimeType.php,436a70fd0767677089a9bcda57c3a261c33c537af520818108df2f112994a252,3275
library/Zend/Validate/File/Exists.php,67340d2c25c48947d932b8f67566ed26460c81e1aff51e7087743b3ab4b913af,5791
library/Zend/Validate/File/Extension.php,28f65eabb3094507e090ae1371b29e91e1a1941e24e012db2501e81e38c70940,6212
library/Zend/Validate/File/FilesSize.php,7080056a06fee7a4a09c621467edd55b50af4743fe75776d73df3a49368a0224,5233
library/Zend/Validate/File/Hash.php,f7bbfc9fed44ce1697b1e45f49895e0bd4ed1f812c7019a0d2023a0de88a339d,5476
library/Zend/Validate/File/ImageSize.php,fe23f98ad671b2b7d6562536ad7605d8693929bd0e2dadb94fcd2697f3d404a1,11066
library/Zend/Validate/File/IsCompressed.php,9083e668cd1ac2ff1b1f5b4a835c71d3be3bce1768ec1ee412a7d96f7ea510fe,4618
library/Zend/Validate/File/IsImage.php,eb5f0875919e23b7b4b3e78611a89fd4b05b7848fbb0e01db621ac5b49450b8f,5217
library/Zend/Validate/File/Md5.php,2a124488847880ce303d1cab38c88ae9659ffe55f2d5d43fb1eab0b03b721b20,4946
library/Zend/Validate/File/MimeType.php,3d93a73409d594e4db8a528112f49cd2a1a13a2a73787daedeb69fce85cda7b4,14071
library/Zend/Validate/File/NotExists.php,edfdca153378099554baac1137be4e677514a3a9921eecb71fb8cea03ea8ef3c,2470
library/Zend/Validate/File/Sha1.php,6cdc67eeca92345696df0b69f6b0fc71ad4cd2393d1f8e67e75ce27a26bcb131,4967
library/Zend/Validate/File/Size.php,33ddbe253da565b0c27e5240792d047068d73c8cc3803bc53f0c9154a91d2138,11133
library/Zend/Validate/File/Upload.php,a20739ba563a85abbb573987b94b050b3f63554bd182887d3c1ad62970af6054,7764
library/Zend/Validate/File/WordCount.php,35bddea53b416b85ba4168e606bf4b87ee22f3e734bf5bd135380e367478c41b,3062
library/Zend/Validate/Float.php,85f362c9d15a0153d5917efe3c80dcc978a79348a9e69dc8fd5e258d6f7d59b9,3488
library/Zend/Validate/GreaterThan.php,d8959af606c2f45c28b6b5a67839ab57bc713928fe378c15ab5673fff904493e,2863
library/Zend/Validate/Hex.php,e7a79573be2b41e6d51d834aebdee7fba6d70b081ef41b86a5dde33c1a5c0ed6,1992
library/Zend/Validate/Hostname.php,d363e362f765ba511ffbe50e52c993d8ac9da25729c0e301cf85d8d699f798a6,58322
library/Zend/Validate/Hostname/Biz.php,5bcb25e30db9ad060c6690d4128f9085411ada8fb442f0a478e75275ee17a89a,223152
library/Zend/Validate/Hostname/Cn.php,4c2152e5553ca793b408383eb009c53c26ad6fdd8b02ec2e46c97253b9953f96,168029
library/Zend/Validate/Hostname/Com.php,78b398c2e05ef5f14c3a1d42cd340557aea81b5bda6c9899748da616515de47e,13528
library/Zend/Validate/Hostname/Jp.php,b42c8ad0bc6fa4b175081ba07d4953f7a826ca9eee923de18e071126aeb53686,55509
library/Zend/Validate/Iban.php,80663ada54d3997354174d3732691e887610c607939431d1f94b4a3324f426a5,8822
library/Zend/Validate/Identical.php,750390090d6217fd29b103520921abb6c43a1a49c0a6179c90371e7df50ebe29,4025
library/Zend/Validate/InArray.php,9b12fd05389a6f9a35a72a199fb5b9965c074f03fac2a4db93a9f6c294f940b1,5275
library/Zend/Validate/Int.php,169e8691aee35fda420d5d27a348ecf3c048f95a328b385ab73bbf9f571499b1,3989
library/Zend/Validate/Interface.php,dde7acd33caa4597c1152f622b9324218655d828da88da1c0245fd51c265fc32,1877
library/Zend/Validate/Ip.php,73de32fb53a729957fa6bde8695882afdc4c3728276dd0410e0dfdd8ee7352f3,5504
library/Zend/Validate/Isbn.php,540156403052f8b072a04e1c902addd9f744fb713b071951cf25d71f2ac4fd70,7647
library/Zend/Validate/LessThan.php,7592482f29b14654b5ec7fe447f64940aeb0512cca08334cb3975ad929f99635,2836
library/Zend/Validate/NotEmpty.php,61c22da8b7009332135750729562bcee8eccfb1cbf3f8952048536691f9c1e99,8086
library/Zend/Validate/PostCode.php,8e20edc7eb99ca9426f64edda59f5a21c30d149ff33a3a409fde6c35037ff1de,5960
library/Zend/Validate/Regex.php,028661b16d7237cc26f9d45904980d81e449fb7fb270beb11bea5c0bae384c81,3950
library/Zend/Validate/Sitemap/Changefreq.php,8c1af7716d5e7518433e3ed3215f6ad98edd944286e5dabc7f19c24cd6156493,2601
library/Zend/Validate/Sitemap/Lastmod.php,811b908461504f98ba056d8c4d29825c287d6cd24a8d9c08ca176b35aad8faa1,2576
library/Zend/Validate/Sitemap/Loc.php,7feb3b9348c22964eec8b725359f815293113e1a7ea0d854456845ec374c728f,2352
library/Zend/Validate/Sitemap/Priority.php,5cf81d3b5490fef5720ede67f124b18c4ada1ac2fd1d8e9813ab7e8f899b3cec,2351
library/Zend/Validate/StringLength.php,2cd53c868ff2e20fad6f603d6ad36f51f94ec242c9b208be614f292ab13542f2,7138
library/Zend/Xml/Exception.php,f095b0e02c7bd9eb71c4f36b0d1fdee1d57bc5d8d620acf0bf4cb1aee2510dc9,1035
library/Zend/Xml/Security.php,aa178538a1ef8dde3ad911cb1e89071f622b3a9495e42100a99a08fa1a1c05ba,14953
resources/languages/cs/Zend_Validate.php,46700b5d024790e205eaa0b288e1e7a81cae5c35289de668a7190093bed57f25,19036
resources/languages/de/Zend_Validate.php,2de0242926214bb9e1c3d36504bc7aef74646a54be77fbc68da52496caaeb0f5,20405
resources/languages/en/Zend_Validate.php,5bc671b12af47992108036eb94508e8c3b5aef7b26449e78e5651be74f668941,18828
resources/languages/es/Zend_Validate.php,8a104f8ab8173d38c7421a054358be2ba65ca5e67978b454572b1bb85e9c2e9f,20767
resources/languages/fi/Zend_Validate.php,ce395926365580d4b9b527008fe3fecddea36f5d17ad555d5f84eb2f89396a80,19493
resources/languages/fr/Zend_Validate.php,2c119323996b37d193b0b594f3a9817acccafc93608e0a79d44226157f020049,14715
resources/languages/hr/Zend_Validate.php,0aaa16e4ec1142dab56503c44b97a02e9e5c5369e1b3de6cab3a4d1e8081b035,19253
resources/languages/it/Zend_Validate.php,160a91e648f93fce299e491e8f17db245f7abed20901e3bc02b5ee69f9ad465e,20072
resources/languages/ja/Zend_Validate.php,7be7b8787b1672c0e8a6b9ada55b85ec51991d8ee4815f29e2da72312af15c8b,22196
resources/languages/nl/Zend_Validate.php,316f888b96fa2f00797026771675d4a84bb500c1d9b4fba0fb3c10b58195ec06,19995
resources/languages/pt_BR/Zend_Validate.php,1baebebf8bc8d84eda9f302661a7bf74c7445718687a42db38802ee619904171,20176
resources/languages/ru/Zend_Validate.php,07a0cc3966dbc24513654bae19101688bb953a151f33535961668a4924e27e09,23832
resources/languages/sk/Zend_Captcha.php,ef9c2f80769fffc51c8a3f0de6b13510b5f69e5471576875d0aa3726f7f199fd,1254
resources/languages/sk/Zend_Validate.php,2700c0b1260465bed188ff9fb8d4894e449298653966dd92587fac8c97cf6393,19299
resources/languages/sr/Zend_Validate.php,c793f4fd4a53fc31092c4f10b9b6a88dee7f8e7e3953664ff618fbe8ce41fb25,18676
resources/languages/uk/Zend_Validate.php,b66fbed0e43750ffb24b639530c95c38c4f73378df9de30e20d6a2ab4acb7ad5,23193
