path,sha256,size
Block/Adminhtml/Billing/Agreement.php,dcc967ce833ecc92a65dfd31e0bc1f62b0e08c2be9957de38e11cc30e46bb1bb,689
Block/Adminhtml/Billing/Agreement/Grid.php,17477787ff3ed438c8edc8c43cef3ab5d4154b7113fa0a0f1cd7a71aa0f24bd5,5977
Block/Adminhtml/Billing/Agreement/View.php,5d395d242063555544bef262023657f3f4e63b79f9c490319387b194be8f637b,3300
Block/Adminhtml/Billing/Agreement/View/Form.php,c14ec5546fb6ebb58a87962c8a527ee6c9e9100cd3aac5c282711a998dab794f,391
Block/Adminhtml/Billing/Agreement/View/Tab/Info.php,3fa0caccb8f7f2cd4d3013836a35bc1648047d45f94408ee24929e06a29ec04a,2930
Block/Adminhtml/Billing/Agreement/View/Tab/Orders.php,3b40407411a7249ceb7a68e5887c46a50a458517a7dede28f886524fd7522ce2,4970
Block/Adminhtml/Billing/Agreement/View/Tabs.php,45f527d0e721fbac70a4888a164a5d035579faa40659456f3bab79be5c7710ef,624
Block/Adminhtml/Customer/Edit/Tab/Agreement.php,37831204c102bc36513f448be16e43b374d926e09cc9f19c8997f08aeb4a5921,4440
Block/Adminhtml/Order/View.php,36e0e34752f65eca12da230edcd08923d33cbc9400e54c9afba879d36fdb6bd5,2937
Block/Adminhtml/Payflowpro/CcForm.php,4bcca85c14816e482ce75e15e6b9e190792e81724316788ffeaf68c063fad4cf,2494
Block/Adminhtml/Settlement/Details.php,2df13177de6b5fa8ccf484944ddf89116e3de8fca7fa481e966e91c0a5ab35ed,1024
Block/Adminhtml/Settlement/Details/Form.php,39a0339075ad2be943f9c90be530077999135e63ed1a4c6cec8555839fadbebd,6481
Block/Adminhtml/Settlement/Report.php,5f3d44927b9465bd897ce82453760b334cb84a80ba0776803d382ac54929ae98,1309
Block/Adminhtml/Store/SwitcherPlugin.php,53c5b7a676e955b2645ecb7387ef1ba411a704ac274cb2487087b56007948b64,879
Block/Adminhtml/System/Config/ApiWizard.php,dcccf3ae49ebd12d004f6e5d9c0eb74485672679e5035678abfb8176f99f0df1,2984
Block/Adminhtml/System/Config/BmlApiWizard.php,56e9a2464d2ac5b40e9643a143b5c03f699595608a3526d4ae777ba5c946a5cc,942
Block/Adminhtml/System/Config/Field/Country.php,3c4ccc06ccc24c460104d73c30c93f77612483a7464ed39015e316fde8484133,4816
Block/Adminhtml/System/Config/Field/Depends/BmlApiSortOrder.php,44efb93a28498ad5de3767c5cac0709169ed2261e94f1b8878ae15765b093766,519
Block/Adminhtml/System/Config/Field/Depends/BmlSortOrder.php,611058b034189f2ee70ca0f6c833d36afe486498b1ff07f4cbf0f34e187efac2,509
Block/Adminhtml/System/Config/Field/Depends/ButtonStylesLabel.php,bd196d7ba2ddb8d517a23518691aef5f620de00eeee2d49516752c7f51403a52,543
Block/Adminhtml/System/Config/Field/Depends/MerchantId.php,1176ff126cfb8f9ee02d83d0528fa64a44e91408c4ce321951378162a557cbf2,502
Block/Adminhtml/System/Config/Field/Enable/AbstractEnable.php,09f4a749b9b25309d3856473718d3c654198a7e92460157205c5effaff037558,1484
Block/Adminhtml/System/Config/Field/Enable/Bml.php,192c22bfc9f1df61437f7ab05469d7252d1dc292a4e0898c2c56ddcc7551b324,400
Block/Adminhtml/System/Config/Field/Enable/BmlApi.php,f4db1aa89ce752e695ef95427302395552904994465bb5e14779383c5c765574,515
Block/Adminhtml/System/Config/Field/Enable/Express.php,f268ffec0b920ccafea3902b08365798bc1870d0446899257716e2cd66c668fa,412
Block/Adminhtml/System/Config/Field/Enable/InContext.php,5f0c47cff6dffa41a51d6f8cc28b479ded18304359ee26e69c42d3f887e47f1d,419
Block/Adminhtml/System/Config/Field/Enable/InContextApi.php,bd637d3de135d054e88152650273b075e6a1ea86a3468d67c61641df4f2c799c,429
Block/Adminhtml/System/Config/Field/Enable/Payment.php,2ec82a0b714ad4ee06334964aa15c0a521660ea72ab0ec14d23bf1e874ebe51c,412
Block/Adminhtml/System/Config/Field/Hidden.php,e9e40b0d4fefc6e11677c793afe30c61d133838203a194c9e440b8f2f256786f,1540
Block/Adminhtml/System/Config/Fieldset/Expanded.php,da439ceff1bceb6398fa8f7d89572a27d1da3a7779ae5036d8711c09ae6f1e63,482
Block/Adminhtml/System/Config/Fieldset/Group.php,74de4758390c2cd922aa18fd789c61671e3dec25c5da4b0eca33113a7de8131a,2087
Block/Adminhtml/System/Config/Fieldset/Hint.php,5ff5e2177e0dd88dd160daa700fad7fd5bc66937e6d5ba854b1e142e66a66e11,1270
Block/Adminhtml/System/Config/Fieldset/Payment.php,0373061f4d52ff6d16135fd58fffd429cb2511e970cd8983820ea002375218e0,6665
Block/Adminhtml/System/Config/MultiSelect/DisabledFundingOptions.php,061c55747c77c778908d86a941765fdb195aab1b70bf2c2e3d1d1c6f353f3961,1151
Block/Adminhtml/System/Config/PayLaterLink.php,4663f08eea687074d475df8b19791c0cce92928dbb7c24c4b5d6b5f74e5a266b,2553
Block/Adminhtml/System/Config/Payflowlink/Advanced.php,9ef1a5779320796b42613b894fb9a1d6589241ff5c9403d452fbd69561f314d4,469
Block/Adminhtml/System/Config/Payflowlink/Info.php,d78f7bf9aaeac3198536f169768690d9243daf4594bf65ea2761e0e8f1740e6b,910
Block/Adminhtml/System/Config/ResolutionRules.php,9714a1a458cf466bdfb21124c9f53c1f6bcf46599355a2caea23b9f56511b500,1016
Block/Billing/Agreement/View.php,62e33d49ea8326ccd2c57221cda3bfce0814e6effd3840b5629e262ec5fddf70,8026
Block/Billing/Agreements.php,dbce851a681d6942b042df0533270268df3307d11c73c7b609fddad6cc5ba136,5333
Block/Bml/Banners.php,0a018a7a7d96b67c25a506bc3060e833281da1e083eaccb5654e9de0e8724e11,1984
Block/Bml/Form.php,8789592ef66f961df8d6bf76a54450921cd017bea9bcc81c4e1b3fd03d833f89,1133
Block/Bml/Shortcut.php,6e837f9c1a787c62ea733f9d751e3f954b35e1733c688a5d5ced389d308c70dc,5303
Block/Cart/ValidationMessages.php,7f1fa899da826c3056d5394d4dcadc850976abd2c965549195999609a5c5b90d,2816
Block/Checkout/Onepage/Success/BillingAgreement.php,8c27c24331e829d0b92c5e06cf61c6483a515f0265751d2f8b276355f7828946,2458
Block/Express/Form.php,6d82ca666c6a5630349d404a8c5f4e422dc24d7b2a445ff39be95316cbb9f432,4224
Block/Express/InContext/Component.php,fc1dff0cefa0cf71d082b63e9822d7cac2429459040c18309acc625bf2ecf985,2738
Block/Express/InContext/Minicart/Button.php,883105f9aa32678f310bf44f451ecdfca9a9bd7ad44ac5f3a49911c4ea83e357,4228
Block/Express/InContext/Minicart/SmartButton.php,8407fe384dfbd5df109ddaa61fee08be06f9a98034c2062fd80e32e73eb879c3,5994
Block/Express/InContext/SmartButton.php,0c403808c03740c4ab1ee5894b5981e7b6743fb1d6f58dfb5df870657643c7d7,3620
Block/Express/Review.php,e24e58b2a3ac54e9d7c573057c6320621a322677a3bba4e9c6a188a93c9e8516,8672
Block/Express/Review/Billing.php,2501d8c478eb6c3b7fcbc171a56ec8dc63c45ff385d05ffccd6dcb3b26a6751f,7768
Block/Express/Review/Details.php,8b80764cb665bcec479ec591e2acabaf2030fcfb92cb98932cc2b5edf1d672c9,845
Block/Express/Review/Shipping.php,e1ce13c99cb61fe547f2c614c89240a62884be18e0dfd55dd16034ec568afeb5,4601
Block/Express/Shortcut.php,a7a65b231994ff46fe0f2821b1ea80d2c57b8574d0c40216aa285977b8199875,6516
Block/Hosted/Pro/Form.php,9db272e61dfb203293145dd69fea4bae86dab722a4cab704361038bf2ab12c2a,391
Block/Hosted/Pro/Iframe.php,ccbba17ef1d3d651f79012bd656a4af4a40a150822d191e3d44e8bc383f5715b,786
Block/Hosted/Pro/Info.php,fbfc97ebb6d8ad71ca5c71e904605cf9a95099389567021f6b66d66f942fe2e2,448
Block/Iframe.php,bdd5a4050903f396f95fcff7ff296cb13901d4ce17d0f8c16d6425f2812ea73c,7150
Block/Logo.php,b300917e2f1969a6492e745744942e0959d7f1393fe03db7d7515eefa2a96603,2009
Block/PayLater/Banner.php,cf2f7665744d9ece17c37d2645611706445ac3806bc204105cd8f3cd0abdfb58,4087
Block/PayLater/LayoutProcessor.php,404b8866fc7a6c76bf2766dbfe0ebd3d0931a0c98925b26e9790d91f62da75e0,3621
Block/Payflow/Advanced/Form.php,69136179e210689792bc95d8144fa93c6d17fa0542d85604c36093cb6596f5a8,638
Block/Payflow/Advanced/Iframe.php,7a3f2a2902a7141c37a845eba38ec4805b31cf2b35d68a0a3187dd93bd6169ae,2310
Block/Payflow/Advanced/Info.php,cebfca2e27733e3654e5f703ccf4446391d34a06927ef4aee6d73c9c81a42418,434
Block/Payflow/Bml/Form.php,18dc5ca23efb1e26bb0eeabab5347b28ca223a69d88169f955019c853f3214be,454
Block/Payflow/Customer/CardRenderer.php,f72da23e51bac6908ff76b00c155e384768805889e1c112ca5273f2278f19589,1659
Block/Payflow/Info.php,ef3825b66f1ec0e9a228952a8601c0ea2d630af0ebaf783ac2245fc1ef5e7056,593
Block/Payflow/Link/Form.php,a9d4684e42a7f53222b8b64b62c078b0726ca54d028e3aa4c02928304d9a948f,606
Block/Payflow/Link/Iframe.php,3d3cb20fc05af5311f57ae8c803b3b39345bfdef3056c8162727f8bfc7dfbbb0,2995
Block/Payflow/Link/Info.php,62850d7fbba23a5a28212c40486be609f1189032454629ee1e2a64d3575721eb,598
Block/PayflowExpress/Form.php,41ca0510f08a2e2469ae6a933320d6bd8394eae52228666bccb6f08f4fa3fcd3,557
Block/Payment/Form/Billing/Agreement.php,fad59a4edc1e9cbfe9606690ef9fc44427e71aeff2c3307ccc8b1dfa4140c1f9,1951
Block/Payment/Info.php,5f25cb8d061c70f0edbae3a7ce4f8e6cc463df08479a504c744b8b879e76a300,1957
Block/Payment/Info/Billing/Agreement.php,566754549f624e13cfb63dae596d05847d0958c0079b95f002a1b7b324916157,1052
Controller/Adminhtml/Billing/Agreement.php,b419c4aedf97bb5a5b0c78c4633158cbdf1b1654608764015ba9bc83e839ca1f,1682
Controller/Adminhtml/Billing/Agreement/Cancel.php,aa17adf2ab6f7f814b747d30db30063d48ccc6633be42d0785d396895c861a35,1520
Controller/Adminhtml/Billing/Agreement/CustomerGrid.php,abfbc72da593571dfc0aebbd883b895dbe1f62cfaf1af5506b96af5b29a1e6cf,937
Controller/Adminhtml/Billing/Agreement/Delete.php,4caf970b2ca2a8c13e88aa3371a23d65ad6fdca733a0afafe6315f8421d9cc7c,1454
Controller/Adminhtml/Billing/Agreement/Grid.php,9fe3c164aa97dffa3c7f47d79e8cb7d57dcff5db013691b620e369e8c72e4c0f,636
Controller/Adminhtml/Billing/Agreement/Index.php,edfd60ed4104ddc190f95325e04700554f5b037775f4626a47173bf1ce9ce218,902
Controller/Adminhtml/Billing/Agreement/OrdersGrid.php,bffe00c0ce84d15e478d586e71ba569c2cf7a82419950637c356a1f412ac0f40,496
Controller/Adminhtml/Billing/Agreement/View.php,e59d18feaf009c58772f6f0245b9afde88cf1adb45542ad16fe6a7750a7ae56d,1138
Controller/Adminhtml/Express/Authorization.php,b7c3e9f479a23343a38649ff3451ec2fac4ee48aecef6f585dd6546b5d18546b,3776
Controller/Adminhtml/Paypal/Reports.php,c78c46ba3d3318d607bc996fb8a87a2c25dd05bf0a39875043da436df2f36333,2424
Controller/Adminhtml/Paypal/Reports/Details.php,a4867d1f6b1181d687576ff63fc621393df7ec7de35b6f62f43fbe07e0129790,1214
Controller/Adminhtml/Paypal/Reports/Fetch.php,fbfbfebf55299b72f26bdb99b8c337675007d8d14136b82b8b4070f1da78428a,2274
Controller/Adminhtml/Paypal/Reports/Grid.php,3124a61389d3e4ff18e95eaa9268c1e314d8a6400ed5c5ec7d9a35ff96c6dbe7,448
Controller/Adminhtml/Paypal/Reports/Index.php,83b73451ff16a483958201a62c32d0c53a901f2102ee5f4133a51f6580675c66,715
Controller/Adminhtml/Transparent/Redirect.php,7d8413ccdda138f5bfd2cde6b1acd60916d8d94f900f1a4e615d160d9bb8af48,323
Controller/Adminhtml/Transparent/RequestSecureToken.php,9bef25ea87fb95818b376ca1fd81b65a15293800590b44f1b1a755c5b0758b17,360
Controller/Adminhtml/Transparent/Response.php,3a6da7b0cd142e5c38c45e9898ba64f38e9787c1e1c1c0361ab8dac65fd45166,329
Controller/Billing/Agreement.php,dfe7c1597fc5766c134bd64ffb040f7dcc03cdcea9f04b0f1715c7207ab5118b,2641
Controller/Billing/Agreement/Cancel.php,b324a48926c5370c85751ee041bbb8827ac3bbd84581de3fd65347fe9d1a571a,1156
Controller/Billing/Agreement/CancelWizard.php,745433ea74054fdf7524c83fc47bcc27eef0243089dce4e1a5bf6b57242b8784,392
Controller/Billing/Agreement/Index.php,c9e6e0ede7c163572511f49d1f33be7908dad65d867a6d1c482da5a11ae7c8da,659
Controller/Billing/Agreement/ReturnWizard.php,f7fdb5aa95125a09c73a6c756e4ec9564672c2dda8981b5b3f231b646827049c,2155
Controller/Billing/Agreement/StartWizard.php,2dc78eb09908d44ecf960a7f00775ae5d5b7e51a4dbe780a95dd1a9ca65ebd86,1794
Controller/Billing/Agreement/View.php,a7420bd845f620480bf856ef937817fc44acb76fd589466ec84fd54e04c202a2,955
Controller/Bml/Start.php,cdcbba26f18745c4c4ebcb898f69d9841fe74730968554c38f5fd193ad81bf95,607
Controller/Express/AbstractExpress.php,2e36513aeebca9fa847a22e30b96f923dd14b95f1cbcd9dba1435b8dd4dc2414,9238
Controller/Express/AbstractExpress/Cancel.php,f43241e777e12ce143459420cbd7ed727f6ad295dfe83665331a20d7f56b7d43,2173
Controller/Express/AbstractExpress/Edit.php,ff4fac1d5c9154f1922082427c83c3b04879a3e519a9612e0fa22f4252ac3a33,775
Controller/Express/AbstractExpress/PlaceOrder.php,4f8f883f0aff12e17db6df7df3c12a1162d7ac0a94f42decc850b2e6c079fbe2,8977
Controller/Express/AbstractExpress/ReturnAction.php,d4961a4d43b197c554ce14adf484826924e0dcad36ed045a9b9a61daea1371e5,1769
Controller/Express/AbstractExpress/Review.php,4f95b76f12eaf406c9c77a3807bfa1f5f1592acfc54f2801f75440c41d51121e,1723
Controller/Express/AbstractExpress/SaveShippingMethod.php,b50a9954e847f7147752647086567bb4926372d60587011c960e39a145a7b229,1641
Controller/Express/AbstractExpress/ShippingOptionsCallback.php,0dd81a943529f4779307aef42d060403c3f0111bfeefd5dbba70b64799c2e55d,3150
Controller/Express/AbstractExpress/Start.php,37e8835a399cb9977983aa5b8912b6a2c1dd95e0709433e61d4d3dddaed9e8bf,1243
Controller/Express/AbstractExpress/UpdateShippingMethods.php,b19327c12670cb6f534b75825c310cdedb8abc8b9483efbbf83201b9965b821e,1419
Controller/Express/Cancel.php,878bebcdf25f4d46e021c189e388b20f57a55eb4295300e3a1536e86030b29b3,666
Controller/Express/Edit.php,0a349ade2c71af1c26993a391e3129aeee57334e95a3d8efe1be680f940bdded,662
Controller/Express/GetToken.php,9270a384978fb42ca805194b7907862797e358b890f7941c11badcd6b947b940,6588
Controller/Express/GetTokenData.php,4d13bb34d834f27c3d50cf5d9736c30457d7f16a886d1f688bbafa9d7772b028,6958
Controller/Express/OnAuthorization.php,ac4d52bfce9b9d39aec40454d247788ff2505d6c5d0faef71f328ccb9bca2248,6509
Controller/Express/PlaceOrder.php,464f0650eb7b3fcdcd22378226952bd2db166ec09ab0a88123c718562c7594b4,674
Controller/Express/ReturnAction.php,b97b708ea4be7d64a1462929616488387deaf36de4ab86632ef986296d44f89a,678
Controller/Express/Review.php,4cc2a4d9f4dcca8f241fff9e435a12f188002da578bb2d9bce26b50c81d7c8c3,666
Controller/Express/SaveShippingMethod.php,a89fa07f74e14b9f441fea5b8b791ec29dfa7fd83f0840e473682ff0a00b5500,690
Controller/Express/ShippingOptionsCallback.php,cb4a3e0595dbe65d88a847c494da1b3b3a9cf6f124b2a733f8a7cd1fc0d7b170,700
Controller/Express/Start.php,79c4b46a6c4c92340a357a4096f734a72bc528d862a8a64a60fa69dd92ff416d,782
Controller/Express/UpdateShippingMethods.php,09ae2494e74c52900f064052c2602316dc6faa9ef57d8e65872bc620df9baca4,696
Controller/Hostedpro/Cancel.php,ab38eda3d91bdca15a24a0356ae2f53789c4c4c8accc1307cb2fe84e7c6a0a9b,1613
Controller/Hostedpro/Redirect.php,252f1342dcd4051ace2e032fac153c1a3749fcb2bc5304583efb9390ad8b8766,766
Controller/Hostedpro/ReturnAction.php,b8494ac3358fa6a296e32412100f91abf68271d99a37ed49e7a30f02a35e9777,1166
Controller/Ipn/Index.php,245e0141cddab6523c98ffda7e4c3df2cd4e790a35aa2f789ba8f44e925d4250,3107
Controller/Payflow.php,62b6f41f48e7ff73b2f53d99f70f21ecb3b2690e70f5c52da5cbcc260a5b31c1,3014
Controller/Payflow/CancelPayment.php,9f64bf34ae1a3f159798c2e1efef075f243ab36b47a030371a7c28e1d02897dd,1149
Controller/Payflow/Form.php,2cc005c02b5e7a074dc070c51bbb0c4a17b4f5ac8881530d92c41654297029bf,511
Controller/Payflow/ReturnUrl.php,6e1157cd4488d9e0bad59774862233a21e5eb03eb570f932e21c473cab11b45a,3954
Controller/Payflow/SilentPost.php,b20ff2bf38920b4037e57e4fc2c0f233c038702dce20afa6179982b67cae8c66,1273
Controller/Payflowadvanced/CancelPayment.php,d00e2266314dab79b880f11e2191eafd9c28b208df5325ec8d91ab5ff54a7678,368
Controller/Payflowadvanced/Form.php,b2c2f358643743fe27f616317ed6b3de5f25b645adde4450be4f5a95a35fd2db,225
Controller/Payflowadvanced/ReturnUrl.php,a89a95ab213ee786be45caeccc948b22bd7897eb4875beace4ee4ad94c90fcd5,548
Controller/Payflowadvanced/SilentPost.php,23f2a006266d3fff33959f9d3d015ac98f7360692e13e2d4457b3be06feee05a,237
Controller/Payflowbml/Start.php,469f3ebe40996bfe092cbbb87cda762a7d65b8c70e7277e3001c5d8cdebb373a,621
Controller/Payflowexpress/Cancel.php,5469fef0c302a92839c07058e3060c66be46caaecbd6573663db3b29f1c33589,683
Controller/Payflowexpress/Edit.php,26cbdbd2027a9a99a86dc2961a4b8fe84869143684a5eaeb709a8872ca51e513,679
Controller/Payflowexpress/PlaceOrder.php,2a477a90cbe07177ae915fae5808a00b9f236ac35a035e9a584ab0771e0f024f,691
Controller/Payflowexpress/ReturnAction.php,e058d093f20ca93e5bc008dfbad01d68f34c2d3ef37e540eb653f5c3cf8262f9,695
Controller/Payflowexpress/Review.php,1719959fc69fa1cac9c9b9a73d8611be9681bb631451fcf51bdfd01c5014f869,683
Controller/Payflowexpress/SaveShippingMethod.php,e94c4618d59fa8a77ef3b9258177aff881ecfa56fcf4ec55cba192e6c438f4d1,707
Controller/Payflowexpress/ShippingOptionsCallback.php,bf5aefd8474a136b06c72e3327b783f2d44e4247b323e5a387d02e5217cbca94,717
Controller/Payflowexpress/Start.php,8fbb9a79f97a6faf492e758acf9e86fe45ca6704ec12f4c34e49aa2185927968,799
Controller/Payflowexpress/UpdateShippingMethods.php,99fa274a7d2f7d3316d74ba235a0dfba095abdc52a068ec8936dbb7cbbf2dba5,713
Controller/Transparent/Redirect.php,0221e843a1c4798bc18fbf9279a2057f3d0d952a1a59714a859b37fb95109401,3079
Controller/Transparent/RequestSecureToken.php,8f4859d6bb03ef35338741acff490b6b3bb4ef3100bbd2b194673f0449a0e6db,3798
Controller/Transparent/Response.php,c6a01bae8d17707dd66b291502aff208e73a1bd3bd6e0e40e6dca94f01148b58,4324
Cron/FetchReports.php,b3efc187f31c771ecd593e0c23fd024fd3eb88ade632496e4f26503b539563f8,1158
CustomerData/BillingAgreement.php,04e97a295f1f663904db7d140be04897ff8d4256c7e916cdf4060bc70da9c68d,2609
CustomerData/BuyerCountry.php,3613b4fe446bbdab5284688e8fe2d3fbd405aafd5c1e5ef6a82281d7748d2141,1489
Gateway/Payflowpro/Command/AuthorizationCommand.php,f58f473667b810ff793c14a266c65e300a863ef5e3779384037246ceda793b5b,2896
Gateway/Payflowpro/Command/SaleCommand.php,c96420fd0e6dc8e08b8aeface9c414bf307c6af9ad60a67dc32a6d61af317a21,2037
Helper/Backend.php,1222801c1470736f1d20e4d9bc21f0184bc46f4108c0a090d864b9970d106c07,2251
Helper/Checkout.php,1163a12de1da8d613e1c907ca6a36fab3c220cf0469c63c388d8c2720a4bfbc3,1194
Helper/Data.php,15da15aec3fee5ae3d520973afcbaa5d396312fd02bff948ff128b0771d07815,5440
Helper/Hss.php,b32d5b9767863f76c58c9e9c91047fa1ba3ece90abe0e06dcaf020cd1bf3da94,1707
Helper/Shortcut/CheckoutValidator.php,139f7728b17e4dc8d9618e5119edd1aad3c3c46ea28d25107186a35637273c7c,2618
Helper/Shortcut/Factory.php,1019fa58d10d4d135617f4b630748826274f216a3946579e230f241920632c94,1200
Helper/Shortcut/Validator.php,a0f3bf4eedbfb3e2d9f7661631596196a4fcee6931ad9d973aca4a93be8ca0cf,3925
Helper/Shortcut/ValidatorInterface.php,dd67ab082f16449b984a6d83d3d3d59d245a46c1d4ab82b2ae2f084cb6dc3883,443
LICENSE.txt,4c8537fd5431aafcb0ab22c49cba68febb59dd3595210f6c6c3b9212de0a7b49,10364
LICENSE_AFL.txt,49d9aa4c0615ff95305681c358fa1575f54ed3a512b016f61c71d6784860dd8d,10376
Model/AbstractConfig.php,c95624f6aa4cfef343c505eb5f27d7b71de27e1dc9365c5408219788f8c034f5,10875
Model/AbstractIpn.php,76732acc93e7dbd6ff75e3db6786e56aa17f8c699244a07cc1adee5c751987b7,6171
Model/Adminhtml/Express.php,d57143fa3f894345c4dc2326bf1ffb19aecd0fc671740c5dd4ea58494271a274,6043
Model/Api/AbstractApi.php,62bcd680b1d222f79de83eac84dde0017f0e51640741044822799e8ccd0a96ec,16890
Model/Api/Nvp.php,092ba1b70d702a3d6c3a4e742de9763e08adbe0b2745c96c6df8d4073ed36b90,55013
Model/Api/PayflowNvp.php,c4a6d3e1f2d5ff925f266d16784c34b1fcb10013fe1857a234b3d9268cb0dd3b,21468
Model/Api/ProcessableException.php,28b7273366ecc6797fb659f2b4f3ac2a4dfedb82391b57fd56dc80060b6c374a,2827
Model/Api/Type/Factory.php,dc1dfb4c20b0d6ce2211fa574dbf4a0a9e7b531151eec77eb421b2493f4d2258,975
Model/Billing/AbstractAgreement.php,d16d6ab261848060f9aea650b054a5c9d1d7e07c4609db0301f824eeff4f2916,3524
Model/Billing/Agreement.php,f1a0bdfec342c7f5d99a792e122c1823200ec695fbdf57790d98731169998841,9263
Model/Billing/Agreement/MethodInterface.php,1d9e1035dae9344a89cc137852d82f36bf3da2470c889ed00053ae12a82f6008,1325
Model/Billing/Agreement/OrdersUpdater.php,caca8b8a6cc3d24cec54f509a7d0def2ccf2f7a922382dd9b47267fbe593bef9,1833
Model/BillingAgreementConfigProvider.php,292813dab0d939cf95076b1f2148e8847cc48b2a3dc7d57294febff82b79be8d,1987
Model/Bml.php,c248ffc49eb094613a849d6dd5d6aec89ddc184523b3127b81dbb8e129eb9f05,638
Model/Cart.php,6522602dd2379ad33e7b6c96115a14ef2746a2ae3feccc9783b2c532639a2771,6563
Model/Cert.php,ae4bda74f390f2f50dcef68b2dd32462b3b46cb43123f2dafe0fcc001e7ad432,4098
Model/Config.php,4ce055347a37635045cc20782dce2545811bbe7406702df23e72153767f943c4,50116
Model/Config/Factory.php,89e8fa225a3a9850fc3472a5811c46cbf6e35f370cd44951404e79825af68b96,918
Model/Config/Rules/Converter.php,0d50f01ee7965c76315cf37b6c630a4880b247fce934adcb7317a607bb33629a,4469
Model/Config/Rules/FileResolver.php,1eb121f5fc9fa5fb87f513540f0966329bd97879d20b8ca5f594a715f1b0ef3c,1031
Model/Config/Rules/Reader.php,0a54f5399bfc617b16221e21df33bae3d0870a782dc138c26fc463685608f0e6,2491
Model/Config/Rules/SchemaLocator.php,86c65443b4f88ac1f008156f885028add157874c63f4db3048a66c577bd81af1,1336
Model/Config/Structure/Element/FieldPlugin.php,38f1eb59019dc383fa78e95b2624695861bfdbd79111ba1f4ff6ec88af52520e,1040
Model/Config/Structure/PaymentSectionModifier.php,a1e139f3f79ffc4792502dd87ed6cda144221ac5a891eadc9a735a087d13e8e8,4020
Model/Config/StructurePlugin.php,b6c5530e570f261e85bc555032fafd527171b6ac1022ac72b44ee526c71e6a1e,4171
Model/Direct.php,aba7125a9dd59a73a440e046e4dd52728dc48c7d273d8fd6b31de06bb7d7994e,14515
Model/Express.php,9c020a5f0feeb05e30b3f207bd59b110caca2726963e8158015df2c1efbc22b4,27869
Model/Express/Checkout.php,d57f51b0393e2fe44831a8562ec435a4b11be8e4135836f70cca285b927a9905,40859
Model/Express/Checkout/Factory.php,6c7b6f33ec4d7182c2d9042c26c61fd9331def547da119b17fa30b351a4c4e22,984
Model/Express/LocaleResolver.php,26bdf4168f189dc1695962a040d6b89f77083d3f3b84bd410b8e8fca0e5863a8,2642
Model/Express/QuotePlugin.php,de78f3ac8e147928a992eb84ec8d4b3c46ab09258575cc2bcf04d238ed9f3170,1654
Model/ExpressConfigProvider.php,03f42a40f4fb3f5ad947417989d777ad749deb3dedd0f8df67fce1db85cf7e19,5848
Model/Hostedpro.php,dff72be43c1c24441a872ada0c278f09325efd208b550ba3d87182c7491ca93b,9765
Model/Hostedpro/Request.php,70c785a9dbad53495cfb7ffdb34db0d63cb7cad8e85f287d669029e3a527ee00,8719
Model/IframeConfigProvider.php,1e91a50ecafe5f0267c0b34f1d0623b73433c420affaca2a64dbe8022afeb814,2414
Model/Info.php,f72da15938788d284cc7c0cfa80adac37c495ff633bdf0eedc2a390e3363b2bf,26848
Model/InstantPurchase/Payflow/Pro/TokenFormatter.php,fe0b836917a9a45dea1dc53eb0a78d6dc772f60dbf92545f3f189a01d3621cb6,1703
Model/Ipn.php,91a68128b01a52ff23197b3bff52e894eaad86999cdabc84556401263c9b4616,21885
Model/IpnFactory.php,dac60828a207dd245a702226ee9950437914bb73b259a804fb7a493ba4a88367,1202
Model/IpnInterface.php,da81854bea2a85a6106c2dc5d23517161c7957ba89d283cf6e214e534d1b33f0,418
Model/Method/Agreement.php,73f6f8b580b5ca79e9a823292370de7c3739fbb2dce244ce0b5111a7f73bab0f,13900
Model/Method/Checks/SpecificationPlugin.php,a08de8846210863856f91eca495ac08356a93a2d82de168a6cc9a648e9604fe6,1685
Model/PayLaterConfig.php,4b17cfce22f8ee50913d11c1b3300ba9870ba3a381d6832e16cdb21e42cde3ff,4734
Model/Payflow/AvsEmsCodeMapper.php,4d8d981739bd1b59a0197d8ac5ec25cfec44bc004f75d41c56798078be70b2bf,2035
Model/Payflow/Bml.php,23b9a38ace8db35d07741b7a163ca02b7ac0b949130fc656f5fa4071bf53ab8d,703
Model/Payflow/CvvEmsCodeMapper.php,4a0e5e61608ef9d0ec666f984cb1db28b9864ec3f3a44cc284f63a43577b2cba,1821
Model/Payflow/Pro.php,4ccf4225fea3ccabab9f64cb10581e4077395ebe685417dea8bd861fbfb7b410,4279
Model/Payflow/Request.php,97bd770290d5b5703edbd27b1a7c46bfe805d6072507b3d85b034bf38911e95b,2257
Model/Payflow/Service/Gateway.php,e65853535810c0d2292ff159a58e030ea3c0625befa1a1ef650c8f346074ba2b,5887
Model/Payflow/Service/Request/SecureToken.php,e8ed8dcdfbe7b066a87838c15d085aa5cab2b778d35fca1392e416c2c721711c,2340
Model/Payflow/Service/Response/Handler/CreditCardValidationHandler.php,36264736e77d730a662283b956623c558663d6e8adfd7adad9fdd2f67cbfa3e7,1152
Model/Payflow/Service/Response/Handler/FraudHandler.php,09ab1b4d0eb6540a54cec9737e0df2588a2023679de50b527a7ce292737c3d60,2950
Model/Payflow/Service/Response/Handler/HandlerComposite.php,e681d01a42245d3b622e77e40bfea7804498a29ad6ee0a2aaed5712ce3b0014e,1241
Model/Payflow/Service/Response/Handler/HandlerInterface.php,2af75ae20177b4d065f8969f7a0966f2283463a7c363366b0d5b6ae8ecdbf93b,652
Model/Payflow/Service/Response/Transaction.php,75c492fe504d35c7b4371794de072f976df6cd05d4a93b63a3102b0e53ef7ed0,4905
Model/Payflow/Service/Response/Validator/AVSResponse.php,fb935f680680437910bb308c3da6ef1e2ccfa4841492efc2caff67ba9fb7ec55,2448
Model/Payflow/Service/Response/Validator/CVV2Match.php,f1c211b0667cc8713f683444e46f3c5fc131e896918e98370f01632541b74290,2836
Model/Payflow/Service/Response/Validator/IAVSResponse.php,148bae0ed23fb5e3d6c93ffa558ad004ecafe4f6cf39575c51e6ba4dac37c68e,1372
Model/Payflow/Service/Response/Validator/ResponseValidator.php,e638ff9d55b1f79c119beb5395e4d6a8a5d8bf136949acd72a019a9da713ed5e,1850
Model/Payflow/Service/Response/Validator/SecureToken.php,471027802cb3435af54ee813b15462ccc442c42df6e641dd537deb7daa7414be,1334
Model/Payflow/Service/Response/ValidatorInterface.php,2f106f3a3a9c6afbd8a743932480dc384940f7eadf230a34438698994830977d,548
Model/Payflow/Transparent.php,fc679d6e309b4d0dd070118b75f0a4a77c37cf7ce29090b8aad6763001922ebf,16902
Model/Payflow/Ui/Adminhtml/TokenUiComponentProvider.php,a99f8d29321994704421a40bd674f74441c23e580d210a7912588186787621fb,1507
Model/Payflow/Ui/TokenUiComponentProvider.php,956fc38849c6bc941c92e86feeb7b80ea7bd9abae9c2580f52e316e5705b3147,1715
Model/PayflowConfig.php,8fd296eb7893d2701a26a4c576b713e4823d651c956b20a32f20e20e442d0f4f,2832
Model/PayflowExpress.php,fec10a9fee711e5c8e26d92dc4b44122268e0c043cee909da98b031753274d6f,6881
Model/PayflowExpress/Checkout.php,cd58cecf31efc66c5474ab7c655b56dd7665dc3c8e3ba29703d01461cf1acf6d,921
Model/Payflowadvanced.php,57a25652794ce408b87bcf28dc13516b936f1ddf2559e7b426954f1965ad1529,878
Model/Payflowlink.php,0693f56b5b7611194b1121053fe16a89143430474196b229d7647d363953430f,20734
Model/Payflowpro.php,62b20e7dadea0dfd903f62a6ee79a8f340e92186fb30ae2b57e6e3838a1cc1a2,30304
Model/Payment/Method/Billing/AbstractAgreement.php,b715bd1f9948f6fcef47366ae167e548888735361f93a21558796c065ac462db,5028
Model/Pro.php,151e9ff2e90dd67fe90ff3e4b47cf3628aa8697a5f66c44ab924bbd86114178f,12952
Model/Report/Settlement.php,3457bc79171b8b4e3153b2acac5d048180cdd5ae89cb0a9ad9e8333339adc9fb,22518
Model/Report/Settlement/Row.php,ec5540bd7b0aa97ce208e21e7aed7a58c80fbba1c1fe54658d81be882dc69b2e,9839
Model/ResourceModel/Billing/Agreement.php,f134ba026dc23459507809b320713b6f79fa051e110a40485f71c55585cf5b4b,1792
Model/ResourceModel/Billing/Agreement/Collection.php,504a6dabd2b80ec4a1a7b9053e0add26bdc4a67f08f648189ae0f8a987ee3c5b,3385
Model/ResourceModel/Cert.php,5ba7eb006e5153b0391f81127c49f7670373c232f26d58d74edfb1f6ba2c5913,2619
Model/ResourceModel/Report/Settlement.php,e9a3d931fe7a18a9c53d4cb07f9a6d0f409525360a39e2ec744327852990cf78,3898
Model/ResourceModel/Report/Settlement/Options/TransactionEvents.php,6e3108de83bfd1fad9517d05a399aa4b416216606bce4836ea8d2ec19c05aff3,811
Model/ResourceModel/Report/Settlement/Row.php,3e962644391d3c0f2b5defd059721963c0205298dfde419a383141bbc5f82d86,612
Model/ResourceModel/Report/Settlement/Row/Collection.php,e2d1159d084397078bfb5e66f5c2f3d7168a267f0ac77fb4947731f62f25843d,1363
Model/SdkUrl.php,96ad4bf8e10974f05f6b6e9bc65cffe5a63553ee5a454d2307e652e6d4635ead,7324
Model/SmartButtonConfig.php,dfe70a3242dcfd5ce2ae9d672cb78c77ca72382528fa3fa9cda56a7a3927d4d4,4605
Model/System/Config/Backend/Cert.php,a837bcad4961801ae39f7b0f2a59cabd5c6c8a7e1df4bfe586ddf2f6cb54b17a,3823
Model/System/Config/Backend/Cron.php,e59cf32022ed4e8403a8938bcc82706ffa008f57fd3f8a2576bc976270320e45,2702
Model/System/Config/Backend/MerchantCountry.php,4ab24ec330cf927093609f5f9bacca1f8f7c71c13edb1db38bb5bc6e136d1e0b,2618
Model/System/Config/Source/BmlPosition.php,1a10c44913682b74a719f4b608d0ba9e388a53e20085f61e4b758ddfa352e926,1287
Model/System/Config/Source/BmlSize.php,79d742167410cb97ec3f6e7e456a5f4b1bcfd0f0b8efd8adaa1d2e336ad9b736,3467
Model/System/Config/Source/ButtonStyles.php,8ce04d23d6047a5582a04a013fcd25ee3ba32203d717a34ffe84618149e25ef8,1869
Model/System/Config/Source/BuyerCountry.php,c4bdf07f676f446ff729b63a0f3171cd96988c32d58c24e6ffebd7406abceeb9,1499
Model/System/Config/Source/DisableFundingOptions.php,b20a0e8d5aa2df05ca980e559752b010ee6dde7dfe265c0cde65d37f7f4cc793,985
Model/System/Config/Source/FetchingSchedule.php,5f45936edc4797a3f3665f712706e6acfdff858d7d31ed0347bf167b95150322,685
Model/System/Config/Source/Logo.php,017b171dfbe71816146ec46c7715ff5ba9e70dfffa155502a80eb13f8eda6a6b,832
Model/System/Config/Source/MerchantCountry.php,001e8a93932a3d634b7b442411088210cb7093b62ab0a81554895879f9da5b17,1508
Model/System/Config/Source/PayLater/Color.php,768259e4b0dc8fdba370839e03497fdad827786a7ba287927444405fbdee2c70,945
Model/System/Config/Source/PayLater/LogoPosition.php,e38c05ef6f44b042a81163a4f761989c3b8405b0d635b7e04705aa10fbd6097f,691
Model/System/Config/Source/PayLater/LogoType.php,76f0f22b0687039e55bc94da31b047adc481fbda9ee525a0f032d6d3a441c2c4,759
Model/System/Config/Source/PayLater/Position.php,16f50a398ee677b653088451d6b341a91bb44c2d268ee6b8aaf7159063d6f827,1706
Model/System/Config/Source/PayLater/Ratio.php,a1520f540d0d97860be0bf880b0af74166a6711169b0123ea6a2c3c98796492d,702
Model/System/Config/Source/PayLater/StyleLayout.php,2270181e8d271c085784c804054521882adcb2f3576d8da948c5618aba81150b,632
Model/System/Config/Source/PayLater/TextColor.php,1086d20b3cfa53b091e90536c4fdfd0ab83adb0300fba1421b8892e127168dbe,764
Model/System/Config/Source/PayLater/TextSize.php,c122a7e4decf82a3485f65309336f1cb235f42028789eff2a16610cebef2db03,861
Model/System/Config/Source/PaymentActions.php,6c83447b5d4dce7df58ad4f884adc928864ba2006bff54bd78d0c139bdef28fb,766
Model/System/Config/Source/PaymentActions/Express.php,24b1ea3908d9021c942cf2498574401ee3d7379fedb34934b09603604ae1909f,971
Model/System/Config/Source/RequireBillingAddress.php,0ec1003593d1c8bb2d7e959b2901c454cb19f361bf700ee6a99cf256fcf08766,785
Model/System/Config/Source/UrlMethod.php,a8945c7e601e805ac04a3f071b78b70693905c82eb88d91ce3e6129088d67c91,460
Model/System/Config/Source/Yesnoshortcut.php,6609b9e4b05df0f8a1a6a6581b8080fae4726ef1efd22650200014a4589889b6,577
Observer/AddBillingAgreementToSessionObserver.php,2c4b1f163986909f998aa0a197c50c4bea99677675ff5eda42af9ad068d46310,2357
Observer/AddPaypalShortcutsObserver.php,b6e9f518d636b570ba8bc2d657e5d14aacaf1c0ef18fa813c8e5bdb02784817a,3582
Observer/HtmlTransactionIdObserver.php,65f8ff567aca794332178c524ad7dff01e853f509a7700a3227b8a905ea7adda,1334
Observer/PayflowProAddCcData.php,0ebe1026b47c1323b30b439e9f455c460453d10ad2cc9b7e952f24f4d457ce8f,1736
Observer/RestrictAdminBillingAgreementUsageObserver.php,5dca361a2dd4815e7f432dd3c6de6cfcbcbc623c479347dcaa686b43d5b6c700,1389
Observer/SaveOrderAfterSubmitObserver.php,d70e4b48ccdd827f0da7fe14a78dff3abf79090a2173e232519b5741e91a5f6f,1123
Observer/SetResponseAfterSaveOrderObserver.php,e07c6edddc5e21b384bf0486d5ede8a7d873dcfe8aa29a2571ee93cc173c8973,2396
Plugin/CheckoutIndex.php,40456a16785c3d31e27efc3fa9441345bbc648d276c1f112e5c9e9681a370358,1380
Plugin/CustomerManagementPlugin.php,976767664d28010d1af6832ebf830146ec3d1bf71252eb45d1657ff3a25170fe,1288
Plugin/OrderCanInvoice.php,b6088f5dd3901f0d183f27c8f2a19520c1a2f72826ed912f3c4cd8e1cdf61b61,1141
Plugin/PayflowSilentPost.php,6b675ac38286d3a91b2dc5de693e35900587555e19f7f0489158d91cb21e962d,2221
Plugin/TransparentOrderPayment.php,7d17b975ffa97535e67bcdfa2f880b5a0c7763275430c6f2c61b49110817097f,1730
Plugin/TransparentSessionChecker.php,3bf27e1fc057fc9e85faf1ed4ede4ce16bf234c3f3adfcb6eca92889f6ed2dcf,1476
Plugin/ValidatorCanInvoice.php,538add4c4937775f257faac7fc182f29777e72b4e1f5d3c379804f8f3fbb7570,1420
README.md,c01043247bc25327c7042e422f15ff18c538ef8d9a855fb2e9cb38597bb75816,245
Setup/Patch/Data/AddPaypalOrderStatuses.php,802427a880a3dda68cc8b282b33ad3cfdf61b474187bb462887db2366edbb085,3355
Setup/Patch/Data/UpdateBmltoPayLater.php,8e9e4034edb54cc7244dd0b89717d5c24287061238b4afeedb4789575611d564,8128
Setup/Patch/Data/UpdatePaypalCreditOption.php,85f88fe274f853a9208d3a6fea453cdb77c9dfee1bdd60b8674703f253fcfcff,2225
Setup/Patch/Data/UpdateSmartButtonLabel.php,c17c9e45aeb31de88dbc0fb6fcf907bba796fc3ba9bfa0a84c81a6c7ad9ff5de,2012
Setup/Patch/Data/UpdateSmartButtonSize.php,2181856de5e74ae85bf732eac952abf88c6879404de06ac753474814192cb280,1817
Test/Mftf/ActionGroup/AddProductToCheckoutPageActionGroup.xml,d309fc76546ad2dfc8c8f36b2fdc298a45e4c0154dde7e6487a3a01594c5b23e,2329
Test/Mftf/ActionGroup/AdminAssertCaptureTransactionActionGroup.xml,7a29f82e0dd08e238ee40375f97bbde1bc17c650ce5bcdc297a3c9682d41cf56,2105
Test/Mftf/ActionGroup/AdminAssertDefaultValuesInPayflowPaylaterHomePageActionGroup.xml,5799c01318fda579992e096e0d0ad9118b22cf13751ecf86274eaa0e92bf49ea,2931
Test/Mftf/ActionGroup/AdminAssertDefaultValuesInPaylaterHomePageActionGroup.xml,1c1babfa50a570b603e583b37460dfdad94626d95ea6be9912cf36b46fd8ce58,3061
Test/Mftf/ActionGroup/AdminAssertEnableThisSolutionAndInContextCheckoutValueActionGroup.xml,b2416f4503661bde6ba946f404f2637c1abf15f406ba17e6f38226e53d923ab8,2048
Test/Mftf/ActionGroup/AdminAssertInvoiceGrandTotalDetailsActionGroup.xml,3d4cc542c0727ed5a6e33dadfdd25263be5f356d702eea3d4759252f27494e25,1377
Test/Mftf/ActionGroup/AdminAssertPaymentGatewaySolutionActionGroup.xml,67168f45f667b3869746569787abadb6d2e6c4b3a04f7f835367cb6362f42a40,2106
Test/Mftf/ActionGroup/AdminAssertPaymentSolutionForPayflowLinkActionGroup.xml,288c995de582c5caf06189fd6e51460924eb75ed867b662e3093db07083ca276,3418
Test/Mftf/ActionGroup/AdminAssertPaypalAllInOnePaymentMethodActionGroup.xml,d59c1f7da18631455cb9998524b7cf2520a87f2ee7537fbe68dbd85264df0389,2108
Test/Mftf/ActionGroup/AdminAssertPaypalCreditPaymentsProActionGroup.xml,b720bc5256b0ce9e754f20813c397d6e27668aff8014de636d1df96cc41242c0,3303
Test/Mftf/ActionGroup/AdminAssertValuesInProductPageForPaypalExpressCheckoutActionGroup.xml,82e32ab218b408dd0d4fc9ff0de6a86b4ef6c18d6e026980b2bff371257ee936,1685
Test/Mftf/ActionGroup/AdminAuthorizeAnOrderActionGroup.xml,7cb89801022ada41c0d3e073ccffdd70ba4d23676b308632bcb0f94be4a65382,1685
Test/Mftf/ActionGroup/AdminClearPayPalExpressCheckoutDataActionGroup.xml,8dcf84c9196e8b26f299c9dd33a288098ef76a4aa4f64aa5e8c6ab7c91d9af45,2195
Test/Mftf/ActionGroup/AdminClearPayflowLinkExistingDataActionGroup.xml,84e14c50ce83b0d728606e0a877898c64f25413b36f110cf9e00412daaaf5194,3876
Test/Mftf/ActionGroup/AdminClearPaymentAdvancedDataActionGroup.xml,f147d31ff87c9eb53eeaa1d6771cc78b5c4b34c75ad4361a49760cc11c6159b0,2091
Test/Mftf/ActionGroup/AdminClearPaymentsProActionGroup.xml,54a84e9db731b3f333a4e25fdae6a4c00a82457bd4be1ffe6811f5ea02b05102,3561
Test/Mftf/ActionGroup/AdminConfigPayflowThroughCliActionGroup.xml,0edc15ad1bc9ae7d238a464557739256ff3bb055d8eb2734bcd9c41939cc0d50,1733
Test/Mftf/ActionGroup/AdminConfigPaymentAdvancedThroughCLIActionGroup.xml,2a9efad212a49475ab738001f3530a0ba9126baffc3a78893a678561ae075fcf,1813
Test/Mftf/ActionGroup/AdminConfigPaymentsAdvancedActionGroup.xml,39487e88529bb1baca059e58753ce9f17e7500104c0d6fbbd2e38b0509ddebaf,3840
Test/Mftf/ActionGroup/AdminConfigurationPaymentAdvancedActionGroup.xml,35315e7a730b9c46d757ce00557e2dc5cc793d40b80ead8a3aca5151c67adc9c,2402
Test/Mftf/ActionGroup/AdminConfigurePayPalPaymentsProActionGroup.xml,b855ab0c09dfc34fe4363da8eb4d54708265308ef90627e4a4f87d39d80b39c6,3641
Test/Mftf/ActionGroup/AdminConfigurePaypalPaylaterEnableActionGroup.xml,eddeff1d9cbb5989f2e214ee4f796ac42a29fac797d74d5794d5d96fe1607eae,1582
Test/Mftf/ActionGroup/AdminCreateApiConfigurableProductForPayPalActionGroup.xml,14718047f0e290a9014795a6867d27df63e5bdbff82d8a7e7a98b8231ad10a12,3682
Test/Mftf/ActionGroup/AdminDisablePayPalPayFlowLinkActionGroup.xml,df434c45bc5285ed2641481c4d44107a13d5cfee98a3f496f1e24151bae4cb5a,1990
Test/Mftf/ActionGroup/AdminEnablePayPalExpressCheckoutPayLaterActionGroup.xml,0376610be7f4548f973b2df94704c8f8372f5b4d2be7e0beb81f958c3475212d,1967
Test/Mftf/ActionGroup/AdminEnablePayPalPayFlowLinkActionGroup.xml,d4257c16665e3180ecc8689bf6dc3836195ab8dfbf8c0c3f16482e9ef3882e44,4163
Test/Mftf/ActionGroup/AdminEnablePaymentAdvancedConfigurationActionGroup.xml,66678a7ef0f3c48fc7f3f04f2d6ec3d463e770b7a5b0f936713851e1634e99b8,3353
Test/Mftf/ActionGroup/AdminEnablePaypalStandardPaylaterActionGroup.xml,b79881911627c801083adf67e9280c7b4e3c7f0697c0d0f9644d8b5c4c09961b,1842
Test/Mftf/ActionGroup/AdminNavigateToConfigurationPaymentMethodSectionActionGroup.xml,58032ee4f282505746e467c0cb43abfd2c4d3782000129c6d03d54b87f9fb770,835
Test/Mftf/ActionGroup/AdminOpenAccountInformationTabFromCustomerEditPageAllowAssistanceActionGroup.xml,6cd7c4b0b1202f0ec508bc7083016b4954e04fbc6a71bde2abf145b8f98db459,1198
Test/Mftf/ActionGroup/AdminOpenPayPalAdvancedFrontendExperienceFeaturesPageActionGroup.xml,e86bdb320a104b511daf8e052881e12b6ea02d3db043152ec9374b4102f2361e,1595
Test/Mftf/ActionGroup/AdminPayPalExpressCheckoutDisableActionGroup.xml,c3245afbe355f20bb422ad2d379e1d7685ac69a24eaf6966fc8e376889c582d6,1455
Test/Mftf/ActionGroup/AdminPayPalExpressCheckoutDisableBillingAgreementActionGroup.xml,b3f2d97c139b8378948431053e52db7c841baee947ccfb5c037819b1f286dc73,1590
Test/Mftf/ActionGroup/AdminPayPalExpressCheckoutEnableActionGroup.xml,ba537607551d86718409c98c927a3f661afc33a48c292a4d1b238ce0382ff595,2777
Test/Mftf/ActionGroup/AdminPayPalExpressCheckoutEnableBillingAgreementActionGroup.xml,eb191f481eb9bf97a36897f4fbefc3f0278d1d9c4d2b5a3bd9d04f656586829d,1588
Test/Mftf/ActionGroup/AdminPayPalExpressCheckoutPayLaterDisableActionGroup.xml,df823352649e9a167d5283df559ea1dc85966dda11f3df8b9a4c5601169261c0,1281
Test/Mftf/ActionGroup/AdminPayPalExpressCheckoutPayLaterEnableActionGroup.xml,8b89874c05b0dd04a2cbeb842b73c3c038f2c93338724a29ea8acbd18dc26357,2003
Test/Mftf/ActionGroup/AdminPayPalPayflowProActionGroup.xml,1557aba811f6c26e25dd02466813e7d33e93e2f06e4b6e53aa1c3c9833bac9dd,749
Test/Mftf/ActionGroup/AdminPayPalPayflowProWithValutActionGroup.xml,9e30670fafff52e10815f9693b59a1d9dffb104b48f068ab0a423fa9baabf3b1,3381
Test/Mftf/ActionGroup/AdminPayPalRegionalLinkActionGroup.xml,5720ac56cf2f917665eb7d60f8ebe2244f7f7e30605e93f3f061e2cd863d40a8,1468
Test/Mftf/ActionGroup/AdminPayPalRegionalLinkOtherActionGroup.xml,7785eed9d404b585b3c2e06abdb69e6ca1494a8b1cf0a741bc2a273332ce8e9c,1471
Test/Mftf/ActionGroup/AdminPayPalStandardEnableActionGroup.xml,9da134347f53bb31255b7bbe83072429fce6dbc68f2848307c734e45e22838d2,3355
Test/Mftf/ActionGroup/AdminPayPalStandardEnableForGuestCheckoutActionGroup.xml,fe1070739bec9e8180944559afc0bc27db83d854e09e13c93a6f8b0d52b4e51f,3611
Test/Mftf/ActionGroup/AdminSavePaymentConfigActionGroup.xml,9383211d7ff023a2a6bf2b6287b83e8fd40c46b8434ea170294a994a3ee5fccf,822
Test/Mftf/ActionGroup/AdminSelectDisableFundingActionGroup.xml,de3d2f1e4a026eaade89dd8e859b8b219f13520d2fbaf681fd3665e94c7a8aba,927
Test/Mftf/ActionGroup/AdminSelectPayPalExpressCheckoutPaymentActionGroup.xml,ea69aed484afc854a2469d5275145cac354e33bfd0928e9f1b1152cbd99c1c36,970
Test/Mftf/ActionGroup/AdminSelectPaypalStandardPaymentInPaymentPageActionGroup.xml,d3cbba41fd9dcaeff4a50068c567586221935d15b68b78ec640d673c8e236269,927
Test/Mftf/ActionGroup/AdminSelectPaypalStandardPaymentInPaymentPageGuestCheckoutActionGroup.xml,0e8590026458217a3d561422e61936f75e47202cea8b576f279236271a0d11a9,897
Test/Mftf/ActionGroup/AdminUnselectDisableFundingActionGroup.xml,e1e307c54705053c42b3a28d60d88ed319712b6e31a1ad4727cedea7c9385fc7,933
Test/Mftf/ActionGroup/AssertAdminConfigForDefaultValuesInPaylaterCartPageActionGroup.xml,c297caf438ee809c259cda6b31f0905e4d56ef90b6a07dedd94e302994b35ef1,1898
Test/Mftf/ActionGroup/AssertAdminConfigForDefaultValuesInPaylaterProductPageActionGroup.xml,a6812dd242f64f41dd038db009c3b81c1b20deed2f208d61fb5e79920ef9d336,2276
Test/Mftf/ActionGroup/AssertAdminPaypalStandardPaylaterDefaultValuesCartPageActionGroup.xml,a7098dfa7a15ca73e40b845e1753c6d0761d4fa7c39d7d1f536ccc90248d9230,1446
Test/Mftf/ActionGroup/AssertPayPalButtonLayoutActionGroup.xml,460164db5ec7f5c323690426a405f14c9e4a873c6b94de3c39cc030ac4d22923,1470
Test/Mftf/ActionGroup/AssertPayPalButtonLayoutInPaypalLabelActionGroup.xml,edad87b33a83c744d6082521f01c14c18b748429c1d514ca03a552304893305d,777
Test/Mftf/ActionGroup/AssertPaypalPayLaterComponentsActionGroup.xml,66699e1d2a3fecfcb8c86f28d320ae58a550205ff3a09cd3f5993fb845e919c1,1632
Test/Mftf/ActionGroup/AssertStorefrontOrderDetailsOnPayPalPageActionGroup.xml,acd96f8eb1382764b0e66168a3424ef4993448a10df9f66e84dbd4dadcdd2f44,1914
Test/Mftf/ActionGroup/AssertStorefrontPaypalPaylaterActionGroup.xml,014c80ae9a0c8f91f9801e6e2d88d03db67f824724f5f754618392f8345f08bf,1323
Test/Mftf/ActionGroup/CheckEnableOptionPayPalConfigurationActionGroup.xml,480dfc1da11824e5dca825dd38b4e85f81bcd56e9ea34c50d6aad0777f21b08e,1906
Test/Mftf/ActionGroup/ConfigPayPalExpressCheckoutActionGroup.xml,c4dce27e7ccf4481ab89c2993d1824bd09045829b37097bbc535f34a904f7141,3124
Test/Mftf/ActionGroup/CreatePayPalOrderWithSelectedPaymentMethodActionGroup.xml,f6beafb62d224bab9a94140ad79c5a3860209bf887ec93453681da58d1e4a3f2,2589
Test/Mftf/ActionGroup/DummyDataActionGroup.xml,49accc0f9a342546b7dec4324d08c9ae91655941e6c934b610e0318f5c519eb1,1431
Test/Mftf/ActionGroup/EnablePayPalConfigurationActionGroup.xml,20593b1738c44de56a56c84940a0da464301892d5f69d1c764455375e5036c91,2210
Test/Mftf/ActionGroup/EnablePayPalSolutionWithoutSaveActionGroup.xml,e01d5de7417911b7a9df9188651455853b07f736367e2f810fc95b37d0df4c90,1728
Test/Mftf/ActionGroup/FillPayFlowCreditCardActionGroup.xml,746f891b62711aae15fb9344338f2f00dde9cc1113b3b5b64b688c36e393914c,1184
Test/Mftf/ActionGroup/LoginToPayPalPaymentAccountActionGroup.xml,c5dbf471feb477268817e67eab1648e5749cd349039f19b86915ba47bd5f5ce0,1235
Test/Mftf/ActionGroup/OpenPayPalButtonCheckoutPageActionGroup.xml,f3b5c622b3b7f62bb6e3025e0ef675861b37dbfe6992abbaa60af32b1c039c3b,1816
Test/Mftf/ActionGroup/PayPalAssertTransferLineAndShippingMethodActionGroup.xml,49a8a22e15fdede8c96bbd55780e82839f006533275904ab942b6e1aa083693a,1133
Test/Mftf/ActionGroup/PayPalAssertTransferLineAndShippingMethodNotExistActionGroup.xml,a9471f4b743030bcebfcf1362817ccca6e1de3f36c807b78a23001b26eb608d0,805
Test/Mftf/ActionGroup/SampleConfigPayPalExpressCheckoutActionGroup.xml,279a4b57fabca42df4b953362e546779fac07518b89f8e60d04be0a4daddb899,2827
Test/Mftf/ActionGroup/SelectShippingAddressOnPayPalPaymentPageActionGroup.xml,2790f7f891a57580599e0f9ca1736db21803f942d4a4f5cb9cddd98de706dabd,1385
Test/Mftf/ActionGroup/StorefrontAddCategoryProductToCartWithQuantityNewActionGroup.xml,87eb428140e1b30f96bb50b160f345f48fe37bb17c1c3c143e6355a69f4eaaa7,2772
Test/Mftf/ActionGroup/StorefrontAssertInvalidAddressErrorActionGroup.xml,9a60811aa6ef5be1b0cb6d46d351c928f4781e3ee4db954c11045fd809098b0e,803
Test/Mftf/ActionGroup/StorefrontAssertOrderDetailsOnPayPalPageActionGroup.xml,b5e5a47ae856c20c0b4b3aa6c52a89b14590be0deb28fe8cc10f8d1359f510cb,1871
Test/Mftf/ActionGroup/StorefrontCheckoutSelectPaypalPaymentMethodActionGroup.xml,2b6c716984a8f33b1e3f4fd7faa118ce2773564e66b3e7ce6e6003a49c02afa2,1052
Test/Mftf/ActionGroup/StorefrontGoToCheckoutFromMinicartNewActionGroup.xml,8531b01b49b5a161811dedeb7e3acc6c314d3f6e01604cfc6cd5537919f58452,940
Test/Mftf/ActionGroup/StorefrontLoginNewActionGroup.xml,b8c9e48665cfc520109582756b61378edfa1ced9a621316e0925e194ad2a65d5,1927
Test/Mftf/ActionGroup/StorefrontLoginToPayPalExpressCheckoutPayFlowEditionActionGroup.xml,b109eefbe2638f6cce9593f34115e253f50e484f49718e9359454f1f1d375643,1626
Test/Mftf/ActionGroup/StorefrontLoginToPayPalPaymentAccountOneStepActionGroup.xml,b342f4835caa2ef83afa7ee4d0a06fde5aa70a716a74478daae9778c892ba40f,732
Test/Mftf/ActionGroup/StorefrontLoginToPayPalPaymentAccountTwoStepActionGroup.xml,445b8332298f087f26f417abc1ef5c022d29e4d7525eb4721fa6c5190098afa9,2252
Test/Mftf/ActionGroup/StorefrontLoginToPayPalPaymentFromCartAccountActionGroup.xml,72329536b6e85da4eababa6f19e1601bf91a206a6323d416e4576552396f6a83,890
Test/Mftf/ActionGroup/StorefrontLoginToPayPalStandardActionGroup.xml,ef18d04a4db15206ff827ada1f2c26e493d35ef380decf9c75f63b9cbb8719aa,710
Test/Mftf/ActionGroup/StorefrontLoginToPayPalStandardPaymentActionGroup.xml,e85602f70249f00220386c97e53b9154fdd61f356aef9ad64c99557e233018b8,707
Test/Mftf/ActionGroup/StorefrontLoginToPayPalStandardPaymentGuestCheckoutActionGroup.xml,b0619215a9df9b088ce15c6e6d93dcae0be418c9518e6ea028e45388ac7ad41e,677
Test/Mftf/ActionGroup/StorefrontLoginToPayPalValidatePayPalPopupActionGroup.xml,10c1152a13b71fc36c4ce37ec47bf12c6a59f741d515f48c92f7de88b9501f82,907
Test/Mftf/ActionGroup/StorefrontLoginToPayPalValidatePayPalPopupCreateAccountActionGroup.xml,e53d80ba3bc02e55bf1d0c480ef04984d583429eeedff4f19f916487e4aa426c,923
Test/Mftf/ActionGroup/StorefrontPayOrderOnPayPalCheckoutActionGroup.xml,b17e71939a3936a42fbd869e2a2d879641967ea481e203235ae12527346aa583,1137
Test/Mftf/ActionGroup/StorefrontPaypalFillCardDataActionGroup.xml,1a4384106d22e008bccbdc8e82010bdef553863b4998d018c13e369e1215eebb,1356
Test/Mftf/ActionGroup/StorefrontPaypalSwitchBackToMagentoActionGroup.xml,d81d0a50f512347068f89766636463cf0defd769856a62fef38c02eb39f71de5,970
Test/Mftf/ActionGroup/StorefrontPaypalSwitchBackToMagentoFromCheckoutPageActionGroup.xml,3fed598d6e028c2777df2ca4863f27cb2ba93b58356d11d1cabd713e9a5e8c69,890
Test/Mftf/ActionGroup/StorefrontPlaceOrderOnOrderReviewPageActionGroup.xml,cab8354e07f3c6ef57a2bd63f105b4f07cee7dfb5a4aedb709b908e073a9fe1d,705
Test/Mftf/ActionGroup/StorefrontSelectPayPalExpressCheckoutPayFlowEditionActionGroup.xml,0c62383f32a1dc02e0b744f63971643e004589098f8a797980325d48973bac57,1166
Test/Mftf/ActionGroup/StorefrontSelectShippingMethodOnOrderReviewPageActionGroup.xml,8a023a9c0d2912cbfb2c4b7c744bcc958d38da47e7e916a3cd0e9e43288697f5,1044
Test/Mftf/ActionGroup/StorefrontSwitchToPayPalButtonIframeActionGroup.xml,45a94030ef038fb2a868f5db38e61d820fea44a3346c224a45fd52dc127e144a,741
Test/Mftf/ActionGroup/SwitchToPayPalGroupBtnActionGroup.xml,aeeceb4ecfcf8894bf4324cb13c3189ab7e24e41e281bd540cf8b8d6310144b2,1286
Test/Mftf/Data/AdminMenuData.xml,de4237523711fc948616ca0a41c1169e2c3517d75a7e36f4810d078b921445f9,858
Test/Mftf/Data/PaypalAddressData.xml,ec03f3288946ee6e5978dabfc1ef966cd3420cd5afd2b7833e064e6b60373e54,530
Test/Mftf/Data/PaypalConfigData.xml,abb06a3c71ec513c196af95d71624f19a60f63f3c4b965db4d21491afff36fd9,15887
Test/Mftf/Data/PaypalData.xml,9e80fed2c9d3521cb929d2dc921f455aa31c08abe3471c716a6ba27dd88fa366,15663
Test/Mftf/Data/PaypalMerchantCountryData.xml,1dded3b402eec97a5b28065d554e808972ce3c986b3c692b96305b6339b073aa,2188
Test/Mftf/LICENSE.txt,4c8537fd5431aafcb0ab22c49cba68febb59dd3595210f6c6c3b9212de0a7b49,10364
Test/Mftf/LICENSE_AFL.txt,49d9aa4c0615ff95305681c358fa1575f54ed3a512b016f61c71d6784860dd8d,10376
Test/Mftf/Metadata/PaypalConfigMeta.xml,778ca3b05bb92cb055860018014915c3d4c2147a574e38d2cf06c4ad903b8a7b,7836
Test/Mftf/Page/AdminConfigPaymentMethodsPage.xml,3c28e432f482dd05d078367859fa115d69a420bdbfa36ac47f0b42b7beea0327,493
Test/Mftf/Page/CheckoutPage.xml,da0a4423df520f5e63da52a1546efdfc9e6a49b0e94d891f4ad6a0f37d15d683,462
Test/Mftf/README.md,11ac0aeafd17fc45d08914f69d24e82cade6ab493c775e3c9d8b12227d37afcd,85
Test/Mftf/Section/AdminConfigPaymentsAdvancedSection.xml,65959a7be215a8bbb0954a0645949d6e28faed26448d86287490aef9c025065a,4938
Test/Mftf/Section/AdminConfigurepaymentsAdvancedSection.xml,947c38c71e79a6f8d305d7b8951ba68cc6f53a8a3277a454087a9ba3af72ffed,867
Test/Mftf/Section/AdminEnablePaylaterSection.xml,858e937b9e9d3e8da1a11e9247471922a3edf0d3c3138f68d9028974bb49c311,4101
Test/Mftf/Section/AdminPayPalPayFlowLinkConfigSection.xml,0aff733e4e634297d9dc46f4c33336ca19c93b34f77712659e8af50feac6993e,3618
Test/Mftf/Section/AdminPayPalStandardConfigGuestCheckoutSection.xml,4ce1834119ac318ad465f4d7987b426385e6f924ae375a73150073f92cafd09a,2482
Test/Mftf/Section/AdminPaypalCheckoutCartPageConfigSection.xml,2b60ca39ea66d60960302ae6ca96bc7f13f8c3eb57cf843d6a07d8bfe0a052f0,2263
Test/Mftf/Section/AdminPaypalProductPageConfigSection.xml,702fdc1a9f17bed8700b3b028fd30e7ee85fdec0ac8e4a678e082d94dce173d3,2517
Test/Mftf/Section/AdminPaypalStandardConfigSection.xml,146bb08f48a3d1629fc3cc4606304650375677b263ce2699ab219e7c6035d459,4496
Test/Mftf/Section/CheckoutPaymentSection.xml,608e139f6b504fc702795dc07d8cd1efab1e8aa4b431c5e502417e4160c50e43,9493
Test/Mftf/Section/OtherPayPalPaymentsConfigSection/OtherPayPalPaymentsConfigSection.xml,dac28a4e716a0ac1e617d4f431cc6101e411d2521befc580e4967e17648363de,1148
Test/Mftf/Section/OtherPayPalPaymentsConfigSection/PayPalPayflowProConfigSection.xml,4eb52bf28c09d3b9dacacd600cb4e6f02f14e68c4c987bb73a17e032a75d6615,2592
Test/Mftf/Section/OtherPayPalPaymentsConfigSection/PaymentsProHostedWithExpressCheckoutConfigSection.xml,8591302d26da1c6650ed2275b3ed19763a74088812598747553abcbeed9b56e5,802
Test/Mftf/Section/OtherPayPalPaymentsConfigSection/WPSExpressConfigSection.xml,086b669498cc2d426dc52cfabd4cdef23f1053ddb159af9b0a2706bb3b1cd04d,713
Test/Mftf/Section/OtherPayPalPaymentsConfigSection/WPSOtherConfigSection.xml,0ac3abf433cd27e41cb1a178e1b1edfb28e88a2a87e9034fcda202f67962da1e,707
Test/Mftf/Section/OtherPayPalPaymentsConfigSection/WebsitePaymentsPlusConfigSection.xml,e4f32a88e0ceab440642dc498fbb6c62936eb89763a804d00a05e983ffe54f02,773
Test/Mftf/Section/OtherPaymentsConfigSection.xml,995af630fc301cef8f1b20f0d52c1bb43190391f5a4b96e13aa9da4888ece1bb,483
Test/Mftf/Section/PayFlowCreditCardSection.xml,b437f68ea4ebaa4e5aea8950b8796723c58f7513ff3f196cbae450e553c0dd4f,1265
Test/Mftf/Section/PayPalExpressCheckoutConfigSection/ButtonCustomizationSection.xml,756b6d974d47c3f96f6e9272938bcd83292b68fd79efa37f1cea3cf748e3d0e9,2307
Test/Mftf/Section/PayPalExpressCheckoutConfigSection/CheckoutPaymentSection.xml,a69f6e180076456f700ef761ecc1b0a1d3197e60a4304c864cd0148f0dd9a599,2538
Test/Mftf/Section/PayPalExpressCheckoutConfigSection/PayPalAdvancedFrontendExperienceFeaturesSection.xml,b23485a4fb9c3bb1141563a162dd16f42c4c454d2f265e6e6df8ed84310d83ca,685
Test/Mftf/Section/PayPalExpressCheckoutConfigSection/PayPalAdvancedSettingConfigSection.xml,8cb1954abd00ae3de991d066f6c3b77f8a372272167ce65750825a052b5a241d,1609
Test/Mftf/Section/PayPalExpressCheckoutConfigSection/PayPalCheckoutAsGuestSection.xml,24afc2530e77451ef8dd1e33e6cadbd9e8aa11b6bfaecf2d39a238afb99f0de0,451
Test/Mftf/Section/PayPalExpressCheckoutConfigSection/PayPalExpressCheckoutConfigSection.xml,759a4d81e54c5a8580d2f87cd70c370fa1f6b01d8c5a342a8a485ed3f0f445ff,7931
Test/Mftf/Section/PayPalExpressCheckoutConfigSection/PayPalExpressCheckoutOtherCountryConfigSection.xml,23b6702a6d477888f4541a47cf9c3881889e2e0d5af48fc0a5b9875a36822f6e,710
Test/Mftf/Section/PayPalExpressCheckoutConfigSection/PayPalPaymentSection.xml,1ac79496b842ef5f49fb9dca353602a37bfe243af912f1612d9b6184711b7215,3585
Test/Mftf/Section/PayPalExpressCheckoutConfigSection/PayPalRegionalCommentSection.xml,0ce7b9b1974bbe38913680e7f55e8ad6f7fa5d98ddf805963732a47472d135b4,908
Test/Mftf/Section/PayPalExpressCheckoutConfigSection/StorefrontPayPalPayLaterSection.xml,8a04c8a025ec833a0ec41a85d76d9c6aa71e2ac5de695c09f652785b32147185,494
Test/Mftf/Section/PayPalExpressCheckoutConfigSection/StorefrontPayPalSmartButtonStylesSection.xml,f4aba5722c9b9c0a61b00ba653db46fcb1b4fc2c41be723c2be47e5a90d6c656,1198
Test/Mftf/Section/PayPalExpressCheckoutConfigSection/StorefrontPayPalSmartButtonVenmoSection.xml,b2af3512a5ce778e9c19f6ccbbcc077db48bdaa69bbbc1af1a354f57b7dba71a,480
Test/Mftf/Section/PayPalPaymentsProConfigSection.xml,42e84afc59fdb150a963574068e9ab81a82f381962b67f852011718189b83599,3497
Test/Mftf/Section/PaymentsAdvancedConfigSection.xml,8a9fee828be6b5af7a37a4d8ea5dd615a050a32a7cebd6e3a734d4e306323f17,3452
Test/Mftf/Section/PaymentsConfigSection.xml,c59faf2d2d13121c25abfe1b5e2b7a92fcbfe7ffe427a9932ec629cba8c866b8,505
Test/Mftf/Section/StorefrontPayPalOrderReviewSection.xml,d1b9b7465ad6d4ef8ee4f72a977b174601df366ec7def0f3cdadcfc1f3a4d773,925
Test/Mftf/Section/StorefrontPaypalCheckoutSection.xml,b7029c5adadb7cc2d1da6437d2ec6da696d4a9be1366381db1cc3bde79abb4cf,877
Test/Mftf/Suite/AdminConfigurePaypalPayflowLinkSuite.xml,08b2f69a4c4c93a762c8da587d1b894cc25f5a0cd61383c874c6c95d47ef27a5,1176
Test/Mftf/Suite/AdminConfigurePaypalPayflowProSuite.xml,d58344c04c5e2e95926034f561f0f526c520e3bc816970c0824559e6cdc85259,1199
Test/Mftf/Suite/ConfigPayPalPayflowProWithoutValutSuite.xml,59fcc8ee5722714f3e1dd30db9acc44c46e7bcaebffeccdad1069a37c4b6b44c,1405
Test/Mftf/Suite/ConfigPayPalPayflowProWithoutVaultSuite.xml,9adb4d07ce20a79eccbdc3be378e4bf4cbb3e4ea3e681a1bc0213647637871af,1405
Test/Mftf/Suite/ConfigPayPalStandardNewSuite.xml,724dae1638736cfcf5d2b395972ba603c4310738154918c363c1b90793ff4a94,1943
Test/Mftf/Suite/ConfigPayPalStandardSuite.xml,d8c0ad80e3e4815d16e5f6e88fa8080e1cc0a03043a4cec3d8596caae625a41a,1305
Test/Mftf/Suite/ConfigurePaypalPaymentsProSuite.xml,a98a20dccd621157eed6ec8ddc124f7376d6521cb6adc81d8296d6d893655f0f,1226
Test/Mftf/Suite/InContextPaypalSuite.xml,75eed5db5197f713eefa4801382a25ff0f86d9184ca455f1ab323c038b52bd80,1846
Test/Mftf/Test/AdminCancelPaypalExpressCheckoutTest.xml,16adcd4ab7d1dab101ce3aab8b26180b69523579e58bb6cfe008cff57bec5a5e,3852
Test/Mftf/Test/AdminCancelPaypalPayflowProOrderTest.xml,1d93144b9a50231831af37040b67240895600ae888a9f91abd28e97069f865f6,5345
Test/Mftf/Test/AdminCancelSalesOrderPlacedWithPayPalPaymentsProTest.xml,768d9dd68d3ee55946540fb0f1f9d4f368ab7a947bbe1214c693eae0424dadf2,5501
Test/Mftf/Test/AdminCancelledPaymentStandardOrderTest.xml,cbee8c3afb40e6e7c9d364f1efaa38e67c5c39cbfa64cb7cbf19d90f66bd3b40,5395
Test/Mftf/Test/AdminCaptureInvoiceForPaypalBillingAgreementTest.xml,75a839e48dad68488c7e5e2d4bf0a0f5449d5d64f7ce956df29b3dad88191589,8002
Test/Mftf/Test/AdminCheckConfigPaymentsProInUnitedstatesTest.xml,c318f210186d7125490593ed7fe31174196a34f153fb2f1c70bb334ddace5c8e,10761
Test/Mftf/Test/AdminCheckConfigurationForPayPalExpressCheckoutInUnitesStatesTest.xml,0813ff5ab694d910b952bec28dc95c0746eda984a470718a4037ddc23b7856ed,8785
Test/Mftf/Test/AdminCheckConfigurationForPayflowlinkInUnitedStatesTest.xml,ecebda39a9fd7923adcf958ebda59c47db70d23eb142fb10d203b53fbe989df9,13744
Test/Mftf/Test/AdminCheckDefaultValueOfPayPalCustomizeButtonTest.xml,54609fbad7955ffffc4b508d4ebb1ebdc348c66c1b53d560d2e6457e63ec465f,2408
Test/Mftf/Test/AdminCheckOfflineRefundWarningForPayPalExpressCheckoutTest.xml,4a76a0c893fed54e391ade1a1030ffc59de95a379c135a1923d25b0d63e2b8da,5527
Test/Mftf/Test/AdminCheckoutUsingPaypalInContextWithDifferentCurrenciesTest.xml,8b2fa2439ec146c37faa84a2bb917f8c13788003864b45b36a4f5090bd43227c,7034
Test/Mftf/Test/AdminCloseOrderForPartialRefundTest.xml,d78a23fcdd1c82a216cdfaf2ed2defdf6b2be780c32e6e716390047ccfeb4c8a,9464
Test/Mftf/Test/AdminCompleteOrderPaidWithPayPalStandardTest.xml,e3750c5bd29136873cdda3a5cda57611ded5d2e710e27a43e84acafc687a6f37,4658
Test/Mftf/Test/AdminConfigForPaylaterHomePageTest.xml,777625ab1e17ddedc5dff7fea0aef123c5f36f91d1c12752a530e24de864123c,4393
Test/Mftf/Test/AdminConfigForPaylaterProductPageTest.xml,b2a13794ed168b4c96e3a29f2dff517a0a51e40f57fa1f721fd917071139fc1e,2006
Test/Mftf/Test/AdminConfigPaymentsAdvancedForPaypalCreditTest.xml,9697a7ebbe24e5f5e0346856a520ad8c401209bb6033d3a7b16635362fa3781f,9839
Test/Mftf/Test/AdminConfigPaymentsAdvancedTest.xml,a76640781993cd085154bcbea879daf85f8b767d98d766d4f495d78e52b3521b,5121
Test/Mftf/Test/AdminConfigPaymentsConflictResolutionForPayPalTest/AdminConfigPaymentsConflictResolutionForPayPalInFranceTest.xml,5dfeb3b374842fbeb78d4f213703f6473a3723a7d641d27a7eccc9e2a4d03c04,2949
Test/Mftf/Test/AdminConfigPaymentsConflictResolutionForPayPalTest/AdminConfigPaymentsConflictResolutionForPayPalInHongKongTest.xml,f889656fe9e993938ad7d00ac164453e3301bb20002da734c477aa06404578b5,2964
Test/Mftf/Test/AdminConfigPaymentsConflictResolutionForPayPalTest/AdminConfigPaymentsConflictResolutionForPayPalInItalyTest.xml,84315f64341d28ff69b47bf1a2b850c2d4f6261cc74ccc40016e49c7b6d19c17,2980
Test/Mftf/Test/AdminConfigPaymentsConflictResolutionForPayPalTest/AdminConfigPaymentsConflictResolutionForPayPalInJapanTest.xml,bf3a35aebe20cfe7cb594bed408f355b1f9f36073726d8929a1d94935c5bbddf,2980
Test/Mftf/Test/AdminConfigPaymentsConflictResolutionForPayPalTest/AdminConfigPaymentsConflictResolutionForPayPalInSpainTest.xml,5d872bd1109b0ad8265b24657de9b595a2006da341f03b643e4bc813eefe8fa4,2980
Test/Mftf/Test/AdminConfigPaymentsConflictResolutionForPayPalTest/AdminConfigPaymentsConflictResolutionForPayPalInUnitedKingdomTest.xml,75e62e65543a920b7a3c6a7bf3d98b16d4e01fcd89c617b1af6498fbacda22da,4779
Test/Mftf/Test/AdminConfigPaymentsSectionStateTest.xml,3c96838f28248e5351404d144066920b08dc3350f5a3d392b73d42b8966feafa,1222
Test/Mftf/Test/AdminConfigPaymentsStandardTest.xml,a0ac69081caf02aeb8668f0d18cc0273d168dee859dedf2fea7b80ee05c7aa16,4114
Test/Mftf/Test/AdminCreateOrderWithSavedCreditCardPaypalPayflowProTest.xml,e44d9c1a8f96431d43314ff9bfe54b36b5f3b4b97b3604c7a3d2cdeecf14f5a4,6650
Test/Mftf/Test/AdminCreatePartialCaptureForOrderPaidWithPayPalPayflowProTest.xml,9fdc8afa489c7767cd7749c58f640519cdb9d81c7a1d111e9bdf4a00a8d1e32f,6667
Test/Mftf/Test/AdminCreatePartialCaptureForSalesOrderPlacedWithPaypalPayflowProTest.xml,64ab332c3342f05243f4f10bb39ace4e41c66b6e053fc991353be74ddf3331bf,7807
Test/Mftf/Test/AdminCreatePartialCaptureOrderWithPaypalStandardTest.xml,24b67488fc500b0034f91813600db6f47e8acb3afd403dccee868dd28dfad4b3,8594
Test/Mftf/Test/AdminCreatePartialRefundForOrderPaidWithPayPalPayflowProTest.xml,cf9254119da319ae5f191abcb29ab1f3d54bfa067c25b4957a49119f13e44002,9874
Test/Mftf/Test/AdminCreatePartialRefundOrderPaidThroughPayPalSmartButtonTest.xml,b1a526dbe1e971b7ab2dde915e8c05491617eef07e96245683fa56b4df5cf719,10567
Test/Mftf/Test/AdminCreateRefundOrderPaidWithPayPalStandardTest.xml,da46b92828894a56d71f51a51409fa2a2c998d063846f8dde8159fa8592a692e,5500
Test/Mftf/Test/AdminEnablePaypalExpressCheckoutAndValidateTheGuestCheckoutPaymentWorksWithPaypalExpressTest.xml,2ca5160eaa13f14864721a3c2701eee808a4c740bdf8a81ab8fc7e29fd3b0063,3681
Test/Mftf/Test/AdminOnePayPalSolutionsEnabledAtTheSameTimeTest.xml,d6b120afc987136a8ae19bf2ff7f13f32581027585acca3d8577ef281fc05f93,3860
Test/Mftf/Test/AdminPartialCaptureForPaypalCreditPaymentTest.xml,7cd202d317acb17bb226fdb3a6bd6e129e517e357ac640fc2714141bd2af0630,5586
Test/Mftf/Test/AdminPayPalExpressCheckoutTest.xml,8f15ef3c5bc1e53d6451e8cf0a5eb07557e9a4eec5a9fff459f94be52474a491,4864
Test/Mftf/Test/AdminPaymentBankTransferHavingMultipleStoresTest.xml,b3768635d6b685383920331abb0f86bd4cf00a22d3dd1d976f3a0f38f235d548,7418
Test/Mftf/Test/AdminPaypalExpressCheckoutWithAPICredentialsFromCheckoutPageTest.xml,0efe4b53b4e471c8882a44e700dd6a417a7036b56e7dfc1af240143a9bc86b49,8062
Test/Mftf/Test/AdminRegionalLinkForPayLaterTest.xml,5373878eed2d26f55d778d1f4c840121584149b0afab8a26e68ed1fc585150fc,3159
Test/Mftf/Test/AdminRegionalLinkWithMerchantCountryFromConfigTest.xml,69014886b3669e9fce04b20ee20fed0b89d73181f07aa3ca5a63ddc8ad1374c6,2839
Test/Mftf/Test/AdminRegisteredUserPayPalExpressCheckoutMethodAndFlatRateTest.xml,514c0c64871833bc956b7047730cecbb149cf14332132a8d9d6d46473356bd88,7376
Test/Mftf/Test/AdminReportsPayPalSettlementNavigateMenuTest.xml,079a0d65b42c4f8d49a1a2b8c992c38d897cef6620c19f9df3fc4524c696da16,1646
Test/Mftf/Test/AdminSalesBillingAgreementsNavigateMenuTest.xml,968e1def67061cf08bef657df65f49bda177e59a5b50f79a8fed7a72e364f6e1,1630
Test/Mftf/Test/AdminTurnOffVenmoButtonTest.xml,5e12698294da62bca2c5086ba69e14c61658fad085282bf52cb59e6594af0ddf,3286
Test/Mftf/Test/CheckoutWithPayPalPayFlowProTest.xml,320cabf112c61867eab323dc4315b28efa9ce8a3df1f92222ba0857523eaa878,3928
Test/Mftf/Test/DeleteSavedWithPayflowProCreditCardFromCustomerAccountTest.xml,c0f956580f34387cf1c3a5aba880e9a80356c4a6a42313b26c553b440340046a,7397
Test/Mftf/Test/EditOrderFromAdminWithSavedWithinPayPalPayflowProCreditCardForRegisteredCustomerTest.xml,421c57950a6eaec453c19856c92a6436484d096f3928e614f38c51ddbca33d72,6284
Test/Mftf/Test/EnablePaypalExpressCheckoutAndSubmitAnOrderUsingPaypalExpressCheckoutTest.xml,b5f6e2479fcc49e39a3810346a39314b9165897ffa6cf6d403162c25f3ea4be5,4926
Test/Mftf/Test/EnablePaypalExpressCheckoutandValidateTransferShippingOptionsWorksWithPayPalSmartButtonFlowTest.xml,5f0a025f650cae52f388ff024f73ed585bc24ffa06eb4df54a9ad847699f1240,7479
Test/Mftf/Test/GuestCheckoutUsingPayPalExpressCheckoutTest.xml,cb5b54ebc03491f78dca3b2e381a8971a17d45355e127194a2a9fce4c70c44d6,7369
Test/Mftf/Test/GuestCheckoutWithPayPalButtonFromCheckoutPageFreeShippingTest.xml,af8ed3fdca7072915883b3c32bf27e2f1ac8b977c5ab3df05a0c0c3094de7dbb,8225
Test/Mftf/Test/PayPalPayLaterExperienceForAllMerchantLocationsTest.xml,2131d3ad7e0bff7541e8e3c07614c10f08d535456ce0d50a7fb382df4550ad38,2313
Test/Mftf/Test/PlaceOrderUsingPaypalExpressWithPaymentActionOrderTest.xml,f89e63b1b37a7f6f74a607093f447fd40f373c1f92173b604d0be031127692cb,10693
Test/Mftf/Test/StoreFrontGuestCheckoutWithPayPalPayflowProCreditCardWithSeveralProductsTest.xml,16e2f6b4c5d47f437deb2ff746141b5c5b72cfce635fc631a62a3bef2680bb7b,7599
Test/Mftf/Test/StoreFrontPaypalExpressCheckoutWithBillingAgreementTest.xml,3e73de6a30f1072915e577d47e7a76bbe200cf993345685ec9494519c5dbac55,5405
Test/Mftf/Test/StorefrontAddProductToCartAndGoToCheckoutWithInvalidCreditCardTest.xml,7d2ba840ab02cee0163e300ab54cd3d01f0d67155bf0aa8acc0f96d19515325f,4286
Test/Mftf/Test/StorefrontApplyGiftsCardsAndCouponCodesInWidgetIsShownOnOrderReviewPageForPayflowLinkTest.xml,84f8783eac8915316a9e13b102694285d12730992246612bb87d85e8d369e78d,2999
Test/Mftf/Test/StorefrontApplyGiftsCardsAndCouponCodesInWidgetIsShownOnOrderReviewPageForPayflowProTest.xml,9e043e83c7df92a9dca38030358612e4f5f4e8701477c450f1e11ced53315cec,1692
Test/Mftf/Test/StorefrontAssertPaylaterMessageOnProductPageTest.xml,3bc5d6871df5b6dd08878a655d98a462dc903e88c86dca701aa025a442a70fdb,5583
Test/Mftf/Test/StorefrontCheckPayPalSmartButtonWithBuyNowLabelOnMiniCartTest.xml,949ac71c6378ba312c482e0c8e9a6625849ffa18fe6e0b7dff0abf5c0593ace9,3291
Test/Mftf/Test/StorefrontCheckPayPalSmartButtonWithBuyNowLabelOnProductPageTest.xml,28dc5a594b825eb12335ec273f487e43a3e32922ecc0f1e787190761b2a6ff85,3607
Test/Mftf/Test/StorefrontCheckPayPalSmartButtonWithCheckoutLabelOnCartPageTest.xml,646f161d977aa41bea3a319cfb44e2d4addc3e436c12240b4909267b10d24085,3590
Test/Mftf/Test/StorefrontCheckPayPalSmartButtonWithPayLabelOnCartPageTest.xml,f0c71290d530bc9e3ec56d8181d18442e22efe7dfc6461b3679301e3a0821401,3434
Test/Mftf/Test/StorefrontCheckPayPalSmartButtonWithPayLabelOnCheckoutPageTest.xml,d50269358c8bd9f7178013ddbf5bb88de115b9ec440333fb848eb9ae4ae7d4c7,4255
Test/Mftf/Test/StorefrontCheckPayPalSmartButtonWithPayPalLabelOnCheckoutPageTest.xml,e5547029fa1e0177b1e9a0f9b33d0cdb0c3dff157c59a2e2f21097707e792cdb,4498
Test/Mftf/Test/StorefrontCheckPayPalSmartButtonWithPayPalLabelOnProductPageTest.xml,578432be3921a33b27ac3af28bef5a05310a89562127ad1edda16c2149c7a13b,2539
Test/Mftf/Test/StorefrontCheckPayPalSmartButtonWithTransferCartLineItemTest.xml,f9cc90ac879107a97aa22a99ec20d6c2b92a344b85b261701a9a5de20927ef8f,4932
Test/Mftf/Test/StorefrontGuestCheckoutUsingPayPalCheckoutWithSmartButtonTest.xml,47b46f9e3affc4bfa638a4c0eb917ca7df5132cf77d872e87e6ead41e6f53510,18636
Test/Mftf/Test/StorefrontGuestCheckoutUsingPayPalPaymentsStandardAndFlatRateTest.xml,0c544d307a3c229480a56e377ee8070330fe8f2af902492b878eb60c545e0a3e,10179
Test/Mftf/Test/StorefrontGuestCheckoutUsingPaypalPayFlowLinkTest.xml,3f67f4700b0d27b6bcfb16d430a566ad8e90201f7b3a80a7e072288684c00ddd,4991
Test/Mftf/Test/StorefrontLoginForPaypalExpressCheckoutWithSmartButtonProductPageTest.xml,972e2a520b115fbe904b717b13986f6b0dab2552cfa0b73224039ce0c76fb8b0,11102
Test/Mftf/Test/StorefrontNotifyInvalidAddressToCustomerForPayPalCheckoutTest.xml,447bb83023d6a3cace7d2075a9647e0401aaf44b0a1800eb858e0452050b15a6,6529
Test/Mftf/Test/StorefrontPartialCaptureInvoiceForPaypalExpressPayflowEditionTest.xml,a7cbadc7b2604353c270664666313de3bdc3ef5c47bee19d3db0b1913d875d2a,8203
Test/Mftf/Test/StorefrontPaypalExpressCheckoutPaymentMethodDiscountTest.xml,0a936b10c96cf77ab616a78e0dbea0e8294595341da3c56b15302d6f54de19cb,5680
Test/Mftf/Test/StorefrontPaypalExpressCheckoutWithDiscountCouponTest.xml,dd6afae1e8508ed4c1a44896f780579e761ca8081eca4f525b691ca43d20139d,5068
Test/Mftf/Test/StorefrontPaypalSmartButtonInCheckoutPageTest.xml,d4cda9145c1c881a035d79a1e173df3b38b93987326cf257ba42c96d63ee60e0,7049
Test/Mftf/Test/StorefrontPaypalSmartButtonInMiniCartPageTest.xml,9fa9c88538d6a123768f943de5c1470c3955d40bccb170d447cee6a16a96358a,5051
Test/Mftf/Test/StorefrontPaypalSmartButtonInProductPageTest.xml,050d123e0642be588cff6573cf5c47a12b49e5b06003116aa130d32309e995d4,6966
Test/Mftf/Test/StorefrontPaypalSmartButtonInShoppingCartPageTest.xml,1e5d895f9dbde13e3c1a74915c1f84ba3a84b73065070dc2f65985d5947c3664,7789
Test/Mftf/Test/StorefrontPaypalSmartButtonWithAUDCurrencyTest.xml,4aa01c498c1f372a4d225a0fd7ba51621d2d4ec89c6d6b13fd02cc529bca4374,4553
Test/Mftf/Test/StorefrontPaypalSmartButtonWithCADCurrencyTest.xml,a6263c00fc6505d2dbe5011bd609dadc17431296b9d75564a4ee9b23b3addcb1,5046
Test/Mftf/Test/StorefrontPaypalSmartButtonWithEuroCurrencyTest.xml,47ff43496a93d7a225bb3f97eb62833177068e12535823b76868cdc0c7ad994e,3722
Test/Mftf/Test/StorefrontPaypalSmartButtonWithFranceMerchantCountryTest.xml,3b3e46f9acdb1da7e2adc1e625ef56ddaed8b88e4e67ad7dd177e6bf333a716b,4298
Test/Mftf/Test/StorefrontPaypalSmartButtonWithHKDCurrencyTest.xml,ec9ad3949eb3871e243f68e7662e1babad8cc541a567d22164d2ae6082459c1b,5338
Test/Mftf/Test/StorefrontPaypalSmartButtonWithNZDCurrencyTest.xml,b39d3d37a3b02a8371b1c4c7a3333b2d853aaa3d000cf3c0c65b3ebad0aefe9c,5260
Test/Mftf/Test/StorefrontPaypalSmartButtonWithYENCurrencyTest.xml,d6ea76c7cb8d1247871475af76b888227b36dce762492717266811cdcb9bea66,5155
Test/Mftf/Test/StorefrontProductPriceWithTaxDisplayedInPayPalPayLaterMessageTest.xml,bae68c45b1df37f25e017bbb0c3a944ce78411a6d51617286bbf5f5d503e1272,7215
Test/Mftf/Test/StorefrontRegisteredCustomerCheckoutWithPayPalPayflowProCreditCardWithPaymentActionSaleAndVirtualQuoteAndVerifyTheOrderInBackendTest.xml,89bdfda7786b520d837e2e40681d5c146038b68364b247c706b98e187642af64,6539
Test/Mftf/Test/StorefrontRegisteredUserPaypalCheckoutWithFlatRatePaymentActionSaleTest.xml,d6ec6de86a46368f0b6d60e15d5a42e53785b5e3cfe20df088dc2e38b2b87bf8,8064
Test/Mftf/Test/StorefrontSeveralTermsAndConditionsWithDifferentTypesArePresentedOnPayflowLinkReviewPageTest.xml,02a331497508ae7d62884f9d3648ae455af4802233e35b8e9223b423d8b53760,1450
Test/Mftf/Test/StorefrontVerifySecureURLRedirectPaypalTest.xml,e447c813bacbcf6ca771ee11194f6e41e0185485fda6cd9aa74b78bc64ad225c,4661
Test/Mftf/Test/StorefrontVoidSalesOrderPlacedWithPayPalPayFlowEditionTest.xml,e69531ba8805f6bc1556fd6928902cc2aeda9de8cfe7ba030011becd3ba6a968,3329
Test/Mftf/Test/VoidASalesOrderPlacedWithPayPalPaymentsProTest.xml,cbb917131f5ea2546cf69e1636c49bca6c9bffbbf2af7bab474d3d8b48454f76,6151
Test/Mftf/class-file-naming-allowlist,4dabb2bf4ce2f9deedaad196b75be8d96dc6e379b7c3f09fbb0b09d1962fcfdc,77
Test/Mftf/test-dependency-allowlist,d4887886fa80e721b4c589d294ef91cc2600c1dc8840fc8ff056e142fbb962e6,618
Test/Mftf/test-dependency-errors-detailed,5b7f817f48cb78f5e695bf2f7c37a4c55dc61bcb3669a3c13b6977d215b44d10,4327
Test/Unit/Block/Adminhtml/Order/ViewTest.php,cf78d91c77fc0a523f60db8a73cd1dc7f4b1236f7febbf666387592da7d2b410,3455
Test/Unit/Block/Adminhtml/Store/SwitcherPluginTest.php,363b7a0da5f47559b9f4e5810f4b1b35c4269369a2db3d6a1b18b17cb81476f9,2363
Test/Unit/Block/Adminhtml/System/Config/Field/CountryTest.php,6d4e254e4b1d6f7fe3943bad6db1b24909933cd6cbecafba5a379cb1271348d2,6635
Test/Unit/Block/Adminhtml/System/Config/Field/Enable/AbstractEnable/Stub.php,6e8daef54a9bd470193e07ecf1c69098893158d7f7910c8b079d6fff78250e46,511
Test/Unit/Block/Adminhtml/System/Config/Field/Enable/AbstractEnableTest.php,aa02eb4091d0872d0b9be60d9ca0afa920776e5335b3ede75fdfebad907a4a49,4928
Test/Unit/Block/Adminhtml/System/Config/Fieldset/GroupTest.php,8c5ed3ab52a39289ae0ae0a4f2d2311c3a7e0a2b2711e28645914574a97eefd4,4136
Test/Unit/Block/Adminhtml/System/Config/Fieldset/HintTest.php,f8dc2e72f21d78fe8d50068a917e1f4e5a7e8516643c4791d88dbe3ec78e0afb,2140
Test/Unit/Block/Adminhtml/System/Config/Fieldset/PaymentTest.php,f9fe0a124db14e98b3256b9940bc14246c15822bbfb5ff7cf9e1aaaae1724e89,4824
Test/Unit/Block/Adminhtml/System/Config/Multiselect/DisabledFundingOptionsTest.php,a133b6fcbfd41c9c7c3d4430b883c5223cf6f595c80cf51c2588e9bfefcd0e9a,4285
Test/Unit/Block/Adminhtml/System/Config/ResolutionRulesTest.php,d63e72bb75258975fadc79f09ac8f158c34fbdfbec8803aab9b5e11815f8ef96,2015
Test/Unit/Block/Billing/Agreement/ViewTest.php,1773d30c36121ab99c56c8acbf306b4e1d52fe7bc68cefd40d19679b63cf3597,2817
Test/Unit/Block/Billing/AgreementsTest.php,a19ab0288927671c4f67b22eb65f68796779b494966d5f23c992025877d73ba4,10899
Test/Unit/Block/Bml/ShortcutTest.php,a817e77743a7b6e69fedca6ccd32a6c67171c5017e2fba7f22dcac9755fc862f,5675
Test/Unit/Block/Express/FormTest.php,a6ece08ea439454e5f64cadbcc6419a109c52b731ab8adfbdc5bbe354c55310c,3653
Test/Unit/Block/Express/ReviewTest.php,ba4599593653a9fd590874717336f835e660fc971f1117e90ac8518ac3581889,8231
Test/Unit/Block/Express/ShortcutTest.php,8c1d3616292cf72b728f4c7a4643b3f0f03b3bc581d85d1c2df7002a416b0826,1608
Test/Unit/Block/Payflow/Link/IframeTest.php,8c4593b2c55c225dc74bf185660cf9734b371c4f1f8a424f962016961fd86aec,5118
Test/Unit/Block/PayflowExpress/FormTest.php,7d31f3268c4bbe2b42f03710ed1de87403ef306e3f21704575612069160356dd,2210
Test/Unit/Controller/Billing/Agreement/CancelTest.php,307df56f6ba3ea64246be338415f6c2e7f6f10c4ed43198d1b6292d0bfb09671,6019
Test/Unit/Controller/Express/PlaceOrderTest.php,011c56947fd3273f653e10eef0f44bd22b735e65c5575ba89ce0c906a7f0e573,5549
Test/Unit/Controller/Express/ReturnActionTest.php,39a2cc820b75665b9c9bdb1f30c362e2eac26f21819cd3cb76c8e88ba045c29a,2236
Test/Unit/Controller/Express/StartTest.php,e543e64509ad80ff1805673b595d43e0b86547a592dcd0c9bb9ed02707628c86,1388
Test/Unit/Controller/ExpressTestCase.php,504a5ef6c92a70bd6774653df836158eba904bde5d52ba5943d3effeca4924ac,4922
Test/Unit/Controller/Ipn/IndexTest.php,11e4454c9306b143e8e29eff1d9ef9b04fa73ae05040d09974891e17f12928aa,4095
Test/Unit/Controller/Payflow/ReturnUrlTest.php,f6109cc004f603e1857ee05b576d9efd1f08ee3278e2ed39694f34341f859ffa,14762
Test/Unit/Controller/Transparent/RequestSecureTokenTest.php,ef408e93d7b0491f4f81e4bad33a80dc133d8f431bc83b11fe5c003e9638362a,7563
Test/Unit/Controller/Transparent/ResponseTest.php,4114c9c69767287c07ba0a51109501b578237d4ed35d5224a2dfeeb261319d57,7757
Test/Unit/Cron/FetchReportsTest.php,4c5a2ca2e76c8d75909fe2de394c51e8e07306cd0556836e3fee12af3dedcaa9,2598
Test/Unit/CustomerData/BillingAgreementTest.php,3dcd614913411856d5102c1cf03883932cb27cd6280fb4041eacafef05c3611f,3740
Test/Unit/CustomerData/BuyerCountryTest.php,dcdb3c81a551b109fdfeeaf7cb8c2b194c11ca33d80bbd5585b48a5e68a61620,3124
Test/Unit/Helper/BackendTest.php,88e021c7fca810f7e30a8171e0b5a09fb0a4b99115917c31fd9059b79557d026,5225
Test/Unit/Helper/CheckoutTest.php,b802b6e4af2d8eb3f14b75c6d03f107668ca7a137ca14b6d515265243de46da6,2861
Test/Unit/Helper/DataTest.php,9b04ead2631ac1fc946a39c1ae9994863142e6c3dad6ff6c201dacc6907efc49,8534
Test/Unit/Helper/Shortcut/CheckoutValidatorTest.php,4a5818de3e5202f5870b2206f9c736719747d827c085fae2723b229554eb0f55,6608
Test/Unit/Helper/Shortcut/FactoryTest.php,86d21cf36c49901f8b49f860e4a5c252d01f8b2c29743a7a5e3abfcaab742abf,2145
Test/Unit/Helper/Shortcut/ValidatorTest.php,7fdbb03a7d7424b815b206e8c0a9a8c2a05134957156d6366c804b2f7f8867cc,5528
Test/Unit/Model/AbstractConfigTest.php,12341001048e0dea3ea30c61379c951c1e9179263051b126a16de84d82666a50,14558
Test/Unit/Model/AbstractConfigTesting.php,7b2165c5cc13f73fb1e8325433c8fbc42180022c1c8ea0693312be1737f2c33e,271
Test/Unit/Model/Adminhtml/ExpressTest.php,ecc31f2ce4bce7c47130664fde0759842fe0c070b7e73e9ef750333f6cc1e39e,6326
Test/Unit/Model/Api/NvpTest.php,728c36bde34d17e7d46ba074cdc424be0d848c712987bd8db7fb1ae03634a0b9,12726
Test/Unit/Model/Api/ProcessableExceptionTest.php,ce3df356204ecd5ed45d3bc9ccd56afad5004b61db557c53d1725da41d72eaf6,2352
Test/Unit/Model/Billing/AbstractAgreementTest.php,286fecb0e1487cee2083b9c1291d2c0f5fb0bd65e70f213ce15aeb3638fe469c,1612
Test/Unit/Model/Billing/Agreement/OrdersUpdaterTest.php,e4e6e2c611fc5ae841602372b1008a8761e97318f3c1c8c225a03ddb82bd36c1,2400
Test/Unit/Model/Billing/AgreementTest.php,7d4ae7e686f7dc0613d351395872787a5368275b9a48dbf9dff8738b2ed6c9d6,5716
Test/Unit/Model/BillingAgreementConfigProviderTest.php,c63c68893b3d235336d953a15e06d1c760e92167a322f1873063b1c7aef020a6,3396
Test/Unit/Model/CartTest.php,35204246d366b7dd2f56a9c3b5bfbd6a8a880f1e791d6a7ae03f8e15346048d6,13668
Test/Unit/Model/Config/Rules/ConverterTest.php,de35aceebf4e822c0259b631ccf8698311fa03d717fbb2846224f47407b028b1,6544
Test/Unit/Model/Config/Rules/ConvertibleContent/rules.xml,0fe1807979af064eb073ada5654cd8f31717c28dc73f15c905d9f60ce31602bc,2267
Test/Unit/Model/Config/Rules/FileResolverTest.php,c8cb8002c33f3fc110afac7b17016915a051079042b57022e1f5b922f5b9b7ac,1434
Test/Unit/Model/Config/Rules/ReaderTest.php,113322f76b7d9338a5591daf1b8e5f53a0771a9eba994612355af2fa321c7312,4611
Test/Unit/Model/Config/Rules/SchemaLocatorTest.php,0de76528741decf3637e23ecb4e13ec7425bd88fe3cd09c90761e70e1ff8bb27,1590
Test/Unit/Model/Config/Structure/Element/FieldPluginTest.php,b3f8f7541fe9d7f58e5fa235a47477b16fee7b843714d8e9286135c4b0b443e1,2620
Test/Unit/Model/Config/Structure/PaymentSectionModifierTest.php,32c5eb7744d7c99dda430eb8225e12e50c24df83ca2df6a2e766cd718dd12b87,5970
Test/Unit/Model/Config/Structure/_files/payment_section_structure_variations.php,ddabcdbdcc95d3b497e541f650aaabc41f979a79386401b7fd6d56fb687e069f,3778
Test/Unit/Model/Config/StructurePluginTest.php,997a100558dd81bf7998c012ccbb986ce255ca1b3d4078713f7e807f6f8a1c16,5425
Test/Unit/Model/ConfigTest.php,04858f67e9c98fd7c6ab64225dcc0f1dea43fe26a1d80ca7495db3f1e78ac3f6,20406
Test/Unit/Model/Express/CheckoutTest.php,582e4ec1c25d60af611a9c0bc7c33127f62fe11776db45efb3b80203eec69d6f,6792
Test/Unit/Model/Express/LocaleResolverTest.php,feeff30ad055b9e938a92952cc7af8c4fe868f551fc5ebebbcafb651962d069c,2954
Test/Unit/Model/ExpressConfigProviderTest.php,bb572fa6d65a48a62761b0fe138a819b2ceb73aa9b9c5662870bab6acb80e2b9,2873
Test/Unit/Model/ExpressTest.php,eec46e3c913cdfde189ccdc4747f9f4dd5a1c50b97abbc8b25d98c888be16106,9783
Test/Unit/Model/Hostedpro/RequestTest.php,39d33a7f51b011c0d3fa806d4347113d9bec4dbc09f1b94974a520f4532aa136,12461
Test/Unit/Model/IframeConfigProviderTest.php,4547710d92df1cba409a1849d27bb4102fa64e4f46f29b04eb93b4efee9d127a,1314
Test/Unit/Model/InfoTest.php,0fd3885f42f2e42278923f7934ddc9269a8145a8a0844432bce26617b95e6c38,9637
Test/Unit/Model/IpnTest.php,e556664e8e0afc52801bdb4834b9f179f2a9f47ba890021578570ab85c78e222,10013
Test/Unit/Model/Method/AgreementTest.php,fafc2098fa35c5de6f14d2c99fa7da3fbdc2bfe26d5dfb265d2f6ad663a8b5ad,3970
Test/Unit/Model/Method/Checks/SpecificationPluginTest.php,d8ac3427e97408f9d4329e0f5c009b0533e2e7143bb63a914896cff081732ca2,5479
Test/Unit/Model/Payflow/AvsEmsCodeMapperTest.php,b53b22441024b69d33bfa5cb7a90a03b5c7a793fcc277482f7b01a0b97a11d9d,3434
Test/Unit/Model/Payflow/CvvEmsCodeMapperTest.php,13ffe709a277016db62cb28b535cfa1af53e8a05c2c5debd649f9aeb0a7113df,2838
Test/Unit/Model/Payflow/Service/GatewayTest.php,bee870ca814e724a57b0575a840a0e2d4b29b87d0ccfa0a85e25f40b5d5389c2,9194
Test/Unit/Model/Payflow/Service/Request/SecureTokenTest.php,7ea31f4c6029138bd58921cecbbd8210aae15f2e44309517379594cca81401fd,3000
Test/Unit/Model/Payflow/Service/Response/Handler/CreditCardValidationHandlerTest.php,9791fd802466f5f8897b4deb3f193cb8850e38f98df625806ce8329b0b3f5c3c,1878
Test/Unit/Model/Payflow/Service/Response/Handler/FraudHandlerTest.php,11cefdcc503c3d3497fb341211ebc157fbec0fc0288b7125702cc4e583a63e12,6482
Test/Unit/Model/Payflow/Service/Response/Handler/HandlerCompositeTest.php,26599c95c1f6ff79fc13efbec93a410b6a35bc4ad0c44608c2b9b975fb9e4113,1797
Test/Unit/Model/Payflow/Service/Response/Handler/_files/fps_prexmldata.xml,7d3b3e6e9b71ec107860c435d3bec784303cbbd010d52a75816f7e829c01e158,2005
Test/Unit/Model/Payflow/Service/Response/Handler/_files/xxe-xml.txt,8a647cc79eb7c473b8a37cdce4cb5e9fd6b36b6d08cf5313885a0f0a37ef88c2,19
Test/Unit/Model/Payflow/Service/Response/Handler/_files/xxe_fps_prexmldata.xml,d0d91c59d81e2f13bf543bfd3c8eb9c1bf83d055e363a117c9f4ae01bc0f231a,2691
Test/Unit/Model/Payflow/Service/Response/TransactionTest.php,1ddeef7b81771e4a9b54c1d14e765219552e0dceea27f41c2d7f8f58736f0a7b,3453
Test/Unit/Model/Payflow/Service/Response/Validator/AVSResponseTest.php,0b878f5ad235c2d77b4bf29370fea6b2ec845d3e445965cd92a5a8c2f613268d,4872
Test/Unit/Model/Payflow/Service/Response/Validator/CVV2MatchTest.php,8084e26c5c3a1fcf5c71980a63622a9d1706bbf334b32fe46f106f368caca862,4047
Test/Unit/Model/Payflow/Service/Response/Validator/IAVSResponseTest.php,0a68d8874d96d29f728733fd60fa514c2f092cdacc4a9105df39ffcc2bb18d0c,2105
Test/Unit/Model/Payflow/Service/Response/Validator/ResponseValidatorTest.php,82ee836902fd4a56bbac4a792fbb26d1a19fb22e155a2f039825c6efcc8c5c21,3732
Test/Unit/Model/Payflow/Service/Response/Validator/SecureTokenTest.php,c3dfc16bee174c732234998f97c4072fa0fbf86796e5dd39be302187693b0b9a,3282
Test/Unit/Model/Payflow/TransparentTest.php,240328513de16e4e1d98ad5fcb702751d741099b70041275cb4d8088421fcc47,15136
Test/Unit/Model/PayflowConfigTest.php,cf004f61ce1b2569c572796cc0fc4d8ba201471ff13e37824b1e59a060fee2dc,7550
Test/Unit/Model/PayflowExpressTest.php,dd39d89c496a1a10ec353da80d9299d7d37b30230597a5089bc5e1eed686f715,5079
Test/Unit/Model/PayflowadvancedTest.php,b11f3cdaf6c451e9f65ad0a17aa9fd61a1766d3a0fc5a1c4b9049cc3dc506e03,820
Test/Unit/Model/PayflowlinkTest.php,fbea3e3b6b2bf87e32d410163b08eaa928263b863d1a2e9344701d15cd79f75b,6860
Test/Unit/Model/PayflowproTest.php,f6a8bde5f897e39baad9bccdd031dd1484f721d100e6c13ab2c06d96394c8733,25810
Test/Unit/Model/Payment/Method/Billing/AbstractAgreementStub.php,e60ae4d14f017da75db4c4b84e37e0e47a4143d2f1197577b0bc68d8fa7eda53,670
Test/Unit/Model/Payment/Method/Billing/AbstractAgreementTest.php,fe7acd1d1251b80b5513ed4ab8b234be9bf6c58805631a147b5640acc0210102,5295
Test/Unit/Model/ProTest.php,d3e09f96ac79fce9222aab83e47c8da5b8a07538a3d761f557a76940f996ded4,8946
Test/Unit/Model/Report/Settlement/RowTest.php,4ea2f78316d11c2517f7d493da6451fbd1a92c9b658e35d199d1c26d7bb91705,2965
Test/Unit/Model/Report/SettlementTest.php,5e33fac4ed275015df634538f92da0e1b6edb0e5af6510d9abeb6dc62e5df36a,2029
Test/Unit/Model/ResourceModel/Billing/AgreementTest.php,e88e5c4d4c5039b2dd9a16918c0d68ad6bde38b4f2a76987f21c111b31b887c7,3857
Test/Unit/Model/SdkUrlTest.php,ba7bcdf9da6d57e1c13bf563b01be72ef9dcf81a2a9326ae4e11e823c58b272e,5368
Test/Unit/Model/SmartButtonConfigTest.php,fdd32ace3b90e5ca0cff632c0c45ad7c9b44322ed45d8f9e3bdaa5493c9431d9,4077
Test/Unit/Model/System/Config/Source/BmlPositionTest.php,c778263728507d5b40a119c9559a1997ce06408e7d3d458edcf266bdd6daa9e1,1567
Test/Unit/Model/System/Config/Source/YesnoshortcutTest.php,5c50bdeaf6a19b8e566f669d4ba00519c15b7f7eda22326304ee99997ef2121d,794
Test/Unit/Model/_files/additional_info_data.php,4fd46aeef8d76d041254e9e82516d6d1649d9678b45c6c96e732d2e9f4bed472,6067
Test/Unit/Model/_files/default_styles.php,3c202fd5766e80000e17652b30425b97bed1ca66f2c798ccc4bad106e1fd1fa5,828
Test/Unit/Model/_files/expected_style_config.php,90156dbc0d0edfd7342da3edca03223245fb815fc5b9991f22f210f1995934ae,3029
Test/Unit/Model/_files/expected_url_config.php,51727406d939c7f68343b67501e926ce74a26088d441975c6dec017d3ced855c,8344
Test/Unit/Observer/AddBillingAgreementToSessionObserverTest.php,60fc5c75ec2d4c32699159481f8221939e258bd0a0f91d4136a2526eacdfed5f,5591
Test/Unit/Observer/AddPaypalShortcutsObserverTest.php,752d47d26b0a0d883b0272688186de0cd8b433bc2cba83abf0c6a6d9f212e885,8816
Test/Unit/Observer/HtmlTransactionIdObserverTest.php,523d9a2e06fa14559380b9638686f237e79bbdba403a100d43763a03358f8224,3490
Test/Unit/Observer/RestrictAdminBillingAgreementUsageObserverTest.php,66ce0359fa0c854cf4b064f7c60cbe58049851400da8cf0defd433c268ac4d8f,2976
Test/Unit/Observer/SetResponseAfterSaveOrderObserverTest.php,0afc0c5f49acf907ae8cd3a8735b97ed6cf2fe27fc7dd89e287ec81a1fe8adde,5844
Test/Unit/Plugin/CustomerManagementPluginTest.php,62433d16900a51c932c435f4d663d8e4770b8f8c35f5686837a427a04089681b,2994
ViewModel/PaypalFundingSourceDataProvider.php,77f97cd97ec40253f5aaf462b592ddae9d1dfc0f61de9b4f4932000c277f00d2,1156
composer.json,47cf6960125b6041dee7e7ce33a5c5bd657e13cf0e3f1f7900d6a9fc08515222,1246
etc/acl.xml,892472d4032e3e67a3f399aa81c0e1a6010a4613e2f67d9b5f7937b9276cb94d,2946
etc/adminhtml/di.xml,57c063eca7c32fe4a8c9f8a5e26d7f7bdbd48fdf50fb4759833eee2078153135,3951
etc/adminhtml/events.xml,7e0e8ff10d8d358aa1739d2423c92fe94937ba521be4a6546f5ae542340a90f2,465
etc/adminhtml/menu.xml,ad87f2f6e04a15641784e20961f94eef39198ef27444e7d5e783772ec32bd60b,859
etc/adminhtml/routes.xml,53e0833f9607b26719b79ed8d3ca76d5233a02d0d71bdd0e23063f123dfd6560,448
etc/adminhtml/rules/payment_au.xml,aef00f1f9775f45266ed3b8ebbd4303a1e7c025d7abd4d73bde61895921cd62a,6687
etc/adminhtml/rules/payment_ca.xml,76ee5556ce40cfd24eb4f8080585ce60487dc6a7ad315b6e7c7ade4e3f9f5e07,10525
etc/adminhtml/rules/payment_de.xml,7a9ed81fbabe0afff6b8937c295a8f3533c3f1612cbb18a83a6587a28a6888eb,1485
etc/adminhtml/rules/payment_es.xml,ae84a4332d1cb08af6cc97bc068f98e1426d758e31474f271441f7a3bf4a02da,4851
etc/adminhtml/rules/payment_fr.xml,8a9ad4c9256029800a5d23bf2d2a0f2ff37b219f829ebe35631aaf5c12d5915c,4851
etc/adminhtml/rules/payment_gb.xml,d075c83d59f0af38ea57fae27065ca4db57e98d8e2c1cd6fdd82605b87f7393f,4948
etc/adminhtml/rules/payment_hk.xml,8c2ea3ff21c22d4f9e5278e434b4880076d914871d97cd8e980fab6e774c09d4,4851
etc/adminhtml/rules/payment_it.xml,d628d985df9b113a9ad3949f44b0d057642af992c44c1b19ae81262843a2bfe8,4851
etc/adminhtml/rules/payment_jp.xml,8f04479c956b91f676ff97acbdc202e23f46ca8c97eabb3c4415062e0a6dada7,4851
etc/adminhtml/rules/payment_nz.xml,4649cfae2c43e078f9f29a07e1a9b61a598f361b8fc741d527b856d117a59ce0,4785
etc/adminhtml/rules/payment_other.xml,7034cb1d7377fd88659527defab647adc45cb456c513ed1a0f6ca54ef93ea0db,3229
etc/adminhtml/rules/payment_us.xml,4c5d4370af393acd9c8202153c6b52a62f31a134b6148a60964aabbc139857fe,25763
etc/adminhtml/system.xml,e05e7129d224cbd581c1439bbac8bec5702f8c7219c728bc9c9a4019a6e791b7,31414
etc/adminhtml/system/express_checkout.xml,5c68a85387407965be10eea04cdfb1c1f8da0d99f1da317b23cedcedee59febb,104722
etc/adminhtml/system/payflow_advanced.xml,661f34fb7866289a589c93f1b07783a9921db24312a77a876bd49f593bca4ee7,42259
etc/adminhtml/system/payflow_link.xml,a91c20759476ba37550e1deb91c9ff5abe0eb42a82714356f39394c86b05a98d,42392
etc/adminhtml/system/payments_pro_hosted_solution.xml,c9ae053588f5cd148f91a5ec63eae9d911e9e6f3d2b0ec706ae2047c9a9bed25,33225
etc/adminhtml/system/payments_pro_hosted_solution_with_express_checkout.xml,0f5d88b121ef81d13ab1cb6763fe02a444f0c4e92a5e4db01d7dd245259da33a,7902
etc/adminhtml/system/paypal_payflowpro.xml,ab394f2f23f50cc6ba817378a00df3dca45f6dec2ecaa4876f5d15b499ff3971,30888
etc/adminhtml/system/paypal_payflowpro_with_express_checkout.xml,5ce8023748147c731a6e721099c76846fe3a389e5c38924e074a86956d836c37,33044
etc/config.xml,688a541f2ff4a498e6f6b328140cc6f9431cb889acc2e8d20d8735dddafc68d6,18335
etc/crontab.xml,a0cafa787300534443f726f1d2c699730cb086d9fca8a54a2c2f618e37d5342c,436
etc/csp_whitelist.xml,46010f4b5c44023cec712159972d4e758f4e80d8c864238e5af32cc1e4e06db4,3291
etc/db_schema.xml,e51ffa3cea8012b3d9792ac895577aa1bea8e22817173455aebcef84e6cff07b,10867
etc/db_schema_whitelist.json,a82f81a7eaa3fd6efaa58d06cf8217f1db18fb9a344aaea3ef0f169a90ed8ffc,3574
etc/di.xml,046a58c781e8f9cd34af53b37368c1f75102898d0c451365489ff317f7c08030,19500
etc/events.xml,2f326e261cc8df9a6fe4ceae43ae2519f759b9e59815504b7bf9d3e83841fd99,813
etc/frontend/di.xml,7b416a31981e909e8dde35c64ae78c22ece762555515a1cb880c4fa2b8588e1c,10902
etc/frontend/events.xml,0fc00c7db6c701b1d9d77796cfa28deddf630981d7d6827c7c5d2b87eff8482e,809
etc/frontend/page_types.xml,9312d2279c1eb6777417a3390c6dc62100c4039cd8f2e5f0f903ab70a4dbeefd,1420
etc/frontend/routes.xml,d16f4a257bd84512557f6a3fb247c24aa585b226cb7cc8d94814c0733d23d6a0,426
etc/frontend/sections.xml,de83c2741e71c92451880fc45b02213a1ff4689e63a1b5d6d7f95e2eef66460e,701
etc/module.xml,b46d2a29ba65a823fdbf3c69b5d31207895528e961eea93b53852eae8f3c0e2b,543
etc/payment.xml,9bdce0f124a6b608dc8b85ca6610642425d322de46e4409bc5cb5dfc24127645,895
etc/rules.xsd,1e745a4138a20a627c87b4ef80727e070d23ec3629d4cd420996e1257e0f289a,2728
i18n/en_US.csv,4c4bd85ef8a629c90047a82d7a2ea1c332b52b65b1b77041212d95162d352188,59875
registration.php,fc62e2aad5e9818a95f5bad3a398d9665162fc5c49ccdc298b946449ca5142de,244
view/adminhtml/layout/adminhtml_paypal_reports_block.xml,b6e9f562abb3a1c7fe1c1a1aa7b59f5f96385a9ec7c66c306cfdf0adc503def3,9495
view/adminhtml/layout/adminhtml_system_config_edit.xml,98fce61344fdb4ff62caff652c9fdd1494c0693e0d431e2cc9cc3c6c7376ede0,614
view/adminhtml/layout/paypal_billing_agreement_customergrid.xml,c1095b9aedbbd91f572ae2585b329d609d92540c920092bbc63e044a940c5a27,460
view/adminhtml/layout/paypal_billing_agreement_grid.xml,bfac9ae47d281042e07198dee520cae3b185a4308281a0f5c8afaa5ce5ac936f,453
view/adminhtml/layout/paypal_billing_agreement_index.xml,c1386ed4b1954482b2a8174a04767a811579842736e83c638296454c693fbf71,514
view/adminhtml/layout/paypal_billing_agreement_ordersgrid.xml,9770210a37a1287e87d677243a7a0cbc99e18892c512642bdeaf34293ee5b0b3,1016
view/adminhtml/layout/paypal_billing_agreement_view.xml,9548397ac2c29b270020f33886c7dfe90aeb300cd6f7c65036ea4de5835444ec,2263
view/adminhtml/layout/paypal_paypal_reports_grid.xml,d44d830b90a8b77eb8ee224d131f0ca6e90f12dd961b93d6b10c6bc7c61a19e2,599
view/adminhtml/layout/paypal_paypal_reports_index.xml,cd6279806fdfbb05dd90f5d38705238747aac4816cf5ed03eba31a18969c36d9,567
view/adminhtml/layout/sales_order_create_index.xml,e517ae20d9390ce69316db530fcac1c53fe26353a464724f5fa0f52ee63d48e2,1013
view/adminhtml/layout/sales_order_create_load_block_billing_method.xml,820d50ecf08854ef201e772947be39d0bc9ec27b44a23b3c5bce44a0cca7dd54,1027
view/adminhtml/layout/sales_order_view.xml,59d4868b601a099586c99ea42af175e3beebf5e9e9b9d050544e4b755970c269,514
view/adminhtml/layout/transparent_payment_redirect.xml,27c0f200eb3853aec4c78bedd05bf1290c3b52b04a75edea1c58d24c8a619d65,667
view/adminhtml/layout/transparent_payment_response.xml,3b9b4cfce33cb36fa002ed3f0586e649e37351bb6cadc12e43ee5252ef9bfcff,494
view/adminhtml/templates/billing/agreement/form.phtml,33ddbb205a22d95019e5cb7e315fd1e8691a423789cccbf6df21253d15605ecd,1471
view/adminhtml/templates/billing/agreement/view/form.phtml,f624b8c01029d7bb3a3a2b8342bc08fcf8f1b3d5fcb9ff0d6ca93fcfa4a6439a,167
view/adminhtml/templates/billing/agreement/view/tab/info.phtml,d042072a2597268cfaa6623e00ca9fc816017c2b31dafd8de122428153b62e26,1737
view/adminhtml/templates/payflowpro/vault.phtml,22d471eac278256174d1b64fb36d1e77ab4dc6f9e9540dbf4747501eadc36c6c,1431
view/adminhtml/templates/payment/form/billing/agreement.phtml,35f94486b207681ba6e5e6d791b4304fc7d3d15c9c3e0ec7367a28007e1d9980,1681
view/adminhtml/templates/system/config/api_wizard.phtml,7fb646d314ffc438a62b2e61ad558935801cc427241a45e163e5619779632f20,1662
view/adminhtml/templates/system/config/bml_api_wizard.phtml,17972352d3699a1f35b931db571e57b479c23a6cd8ee5f690161706037b3ee96,1036
view/adminhtml/templates/system/config/fieldset/hint.phtml,c2e9fc11b062fb13170db1b9cd8bb19c3659e18a0be7d1513af3958bbcf4f9c6,656
view/adminhtml/templates/system/config/payflowlink/advanced.phtml,5c5212284444caadc8f4c728782de696b5fc424b94f86ab077d23145aaff41b8,887
view/adminhtml/templates/system/config/payflowlink/info.phtml,16b2e8227b4f77f0fb376dc9e83c2a7f8a1342e4e93fa44b9b4cbe8819bb6062,921
view/adminhtml/templates/system/config/rules.phtml,8da4f17c285dd4fc8c15898e160f21a150da0e190b66a26386220220027b0530,628
view/adminhtml/templates/transparent/form.phtml,bb29a0a9b96ac3c9003244e830fbe442c1c4ef9c7e889c7aaae66e467d0023d1,9166
view/adminhtml/templates/transparent/iframe.phtml,22c02602a37a9ef1ae6331f5954d9f583e103b76e1aa890d685ad3629b4ca4b4,1663
view/adminhtml/web/images/AM_mc_vs_dc_ae.jpg,3b277434874df006e365a07dce666b86b52716a4c56bbb0baa1be4092cae6efd,9837
view/adminhtml/web/images/logo-paypal.png,043b45e5c9af91cbfbc96f13722f2769f339e75f1d82557b1f1deefbe2ba3fa7,1262
view/adminhtml/web/images/paypal-logo.png,24ddd24ee771c107d8d06fe9335d45f57b864c087bf5586d2c0b05dc0541db68,706
view/adminhtml/web/images/pp-allinone.png,bb016e6e8c3d7eb9e926148898c12dd9d1e56e3684320a75379e444f86ca8f6e,2795
view/adminhtml/web/images/pp-alt.png,6a0004c47f403912680b43ec8bf7bf318debfafc1e8a41a3ec8802efc089378f,2897
view/adminhtml/web/images/pp-gateways.png,8143b64dfb01ebee9e97821f6f4b904cf43735002e3e6da4bbddcbe1eb14cecc,1765
view/adminhtml/web/images/pp-logo-200px.png,fd35c5c7e81aeb705efd7780fc1cbf6dca85b39c8aebf7cf3894f912d1435528,2826
view/adminhtml/web/images/pp-payflow-mark.png,2da466db0c456ed735f045f7d322905b8a48f9f109b7e6283df6f5ba12dd2078,12303
view/adminhtml/web/images/pp-uk.png,41a17ca8d785ab6dea44b295ca40e807939e31fc15b75b89ec220481ce27c029,4009
view/adminhtml/web/js/payflowpro/vault.js,469ed6ed3ce128302fc2df82a8d2368457b534b0dbfa618d36a0b2dde56a66ed,1276
view/adminhtml/web/js/predicate/confirm.js,fb5feefa2c03879e47f2f83b6b5f8987d24ef19efbbf86f5dda0efeb04ad28b1,741
view/adminhtml/web/js/rule.js,13aed873bd4667600af3510958e6cb7de703826e4e9a56c83429724d9821c674,691
view/adminhtml/web/js/rules.js,0213b6576447ef1820d9f3421a696c866190b7ff8586f9db2c5695aa2adc6c43,19696
view/adminhtml/web/js/solution.js,76b2c7f13fead65f5e047a4b0e16c6be609c5fa3b5928c2d1b8e80188ffd01e0,8965
view/adminhtml/web/js/solutions.js,37fe99b187f61083ef63b71fbadc66a4c993d1e0325a0adea3631f83c7817a54,2883
view/adminhtml/web/logo.gif,e64e6015b4e477ad42b1ac67c983d84a7c835836f7c36fee43637857a6bb3dab,1980
view/adminhtml/web/section.png,043b45e5c9af91cbfbc96f13722f2769f339e75f1d82557b1f1deefbe2ba3fa7,1262
view/adminhtml/web/styles.css,dcac5449fa448c43d2ea34e5cd83876fb0261ac2c1f81feddd2e9ae0548dcef3,3651
view/base/requirejs-config.js,a562d51397e8415a8189cf350163feacc04365c61057644e8ddde68c44ce5204,295
view/base/ui_component/customer_form.xml,c45d7b81d393a5d73a5b69973b502d2e8e2cc6f163d5fc6a765e0930831fc88a,520
view/frontend/layout/catalog_category_view.xml,38bab816d6aa0fa4c0f4d275f47b6632a0fd5d9a0936e50e154d1b7254f5d142,2154
view/frontend/layout/catalog_product_view.xml,4da5fdcf8df06c7424ae402f782cde63ceaaa6449ee45b00f07ae79f1429fd10,5133
view/frontend/layout/catalog_product_view_type_bundle.xml,3e0c4f47c47a0c32692faec850d67c85c13ae3255cea6b901d69f32d0ab08512,1798
view/frontend/layout/catalog_product_view_type_grouped.xml,8fee8b0cb3e814079d35a32db655045d3c0f648c58bf30c43f60fb4f9c14e036,4434
view/frontend/layout/checkout_cart_index.xml,8c2f1b054acd825e49ad319791dec00f0cc8526d9f398215b97064f9437df8ac,3836
view/frontend/layout/checkout_index_index.xml,c833609bcad3a2a18bbddb1e588b8a49ce086db131f65bb29f2f179f5642bff1,6749
view/frontend/layout/checkout_onepage_review.xml,055ec971b960bbcb21cede0c2a753fcca959aca47e45e48020bce023af6b95e7,907
view/frontend/layout/checkout_onepage_success.xml,093d2b55c93b1b915620f09f4c16fcec754bec96f15dc8af1c585407b8ae633e,620
view/frontend/layout/cms_index_index.xml,c3c43ee45857a8614053098802d82fbac9a64d77a719c84aa5c907393d4e7ca7,2144
view/frontend/layout/customer_account.xml,3adc08a49c0117b580d9464bbb7a27cf050e15be9b53f7124df2d62651759e33,997
view/frontend/layout/default.xml,82dac2050d973a340dc3e29195cf2519bb304206ee644ec07b1e22660f509875,705
view/frontend/layout/paypal_billing_agreement_index.xml,f1038021d8d91be2ef82e78539c2b15b4c5113b033629af8c7e1c8e20b90ce4a,610
view/frontend/layout/paypal_billing_agreement_view.xml,658c77cb4ef425898012ab8b6f58325b2ddc43cb8f3f86ab6463c98bd59391ac,618
view/frontend/layout/paypal_express_review.xml,b9df455d8aa78f641063153cc433b92e1839c27907b355c4488339d4e362efaa,2880
view/frontend/layout/paypal_express_review_details.xml,3800b77b45dff8ecdc8f8f41f2659c4faa7a14f9522cd52c094d0b33da5d4962,880
view/frontend/layout/paypal_payflow_cancelpayment.xml,bf80d099dc5e095202facb3d7acc9205216c095bc44f00b5706957e8954f4d4c,502
view/frontend/layout/paypal_payflow_form.xml,5824173f1945341a1c174e86c2833de3193cea0b8ddb180feca3dbc531b0a141,498
view/frontend/layout/paypal_payflow_returnurl.xml,bf80d099dc5e095202facb3d7acc9205216c095bc44f00b5706957e8954f4d4c,502
view/frontend/layout/paypal_payflowadvanced_cancelpayment.xml,f32b6cd2a0def62277b29621f802a3ac45461bcd9de3ee1bcc49c9c104164527,510
view/frontend/layout/paypal_payflowadvanced_form.xml,f77d94d398e27d4ffb9de43a4bb21430cb8f5f87ed6c50423018d9f85a6f1396,510
view/frontend/layout/paypal_payflowadvanced_returnurl.xml,f32b6cd2a0def62277b29621f802a3ac45461bcd9de3ee1bcc49c9c104164527,510
view/frontend/layout/paypal_payflowexpress_review.xml,a66e7ce081d03bf9bede389c098d5fc2f7c228ad4443e3f3d1e1bf6b9c99cf50,3067
view/frontend/layout/transparent_payment_redirect.xml,27c0f200eb3853aec4c78bedd05bf1290c3b52b04a75edea1c58d24c8a619d65,667
view/frontend/layout/transparent_payment_response.xml,3ecb70857b45f82007107d193cbccc296400ad01f7dfa539d1e4ea27312f1eba,495
view/frontend/layout/vault_cards_listaction.xml,20144187687fd3ef4555b4eaf3ed7cb878e303fb917b98589edbdc4436339f91,646
view/frontend/requirejs-config.js,970ae09ca9ead84957848d3f68b3bce3cb115a35aa6b810bab0da23d2eba613f,360
view/frontend/templates/billing/agreement/view.phtml,4a0aa859be333ef6953b50acc43d736d423184e8cc27127ab4419baf28c8cace,7491
view/frontend/templates/billing/agreements.phtml,61486d60ac6a6c837a257a1b24b0a3ed44fec51f747d7813aa97f7054c0cf70f,5602
view/frontend/templates/bml.phtml,3202722a0755238bf13e7636fdc14175b312bd2bc0c08fc64e99d351a0fa7ae0,641
view/frontend/templates/checkout/onepage/review/totals.phtml,299a99ec3970d7b1c34b32a0c07d84522b66e6b05e3d74f4a842058573c4c19b,856
view/frontend/templates/checkout/onepage/success/billing_agreement.phtml,d7f30f6a7d62957b1fffb29c8ca408240de3d78440f13dcfdd5b808763764f61,510
view/frontend/templates/express/in-context/shortcut/button.phtml,199e9080de084d2e34480c495ead2e22193624dbe0e7b6772f64c43dae37f5f8,646
view/frontend/templates/express/review.phtml,430b321136b4ca8477425f3eaebba55da45e9219852edd5a26434758f6d8fe4b,9163
view/frontend/templates/express/review/details.phtml,f9fdd23a3427ae0b60b21c7606f69b738eb4fd03e053f1c69838a9bf7e16f263,1184
view/frontend/templates/express/review/shipping/method.phtml,7721a865bc65a86f79b92ed5256c12bb89bd9f3dfa90372b9672b51015f4dbda,2560
view/frontend/templates/express/shortcut.phtml,acaeff5fd81bb74fb53de360f7b15240e6bff1165acb80138d8ae563d50c203f,1654
view/frontend/templates/express/shortcut/container.phtml,deee9127802cc40e34af01159305c873952c8c5f74888880e815df4fa1f3afc8,309
view/frontend/templates/express/shortcut_button.phtml,c2285c9f276e4e566b8a19ef0943e0b3768341b5eb82ba7ae8a4cfe621af0596,653
view/frontend/templates/hss/form.phtml,198c391a90c4753dbaccfaedcdbe444bb5c2a8a1463ed73d160c212591bca303,959
view/frontend/templates/hss/iframe.phtml,72b83384fb89e68dd7aeeeedb16c6d1812e6b10013bab39ff46ef9b32c30da67,560
view/frontend/templates/hss/info.phtml,d842c5b9b1d0fe8d240c05080fbe0561c9265a4102570913bcd365490c7be7a6,620
view/frontend/templates/hss/js.phtml,e5ed3e1dfa30170274ca58a2a1e1dbc09a0b5a2fd5bcb32b4515ce73f9d77712,221
view/frontend/templates/hss/review/button.phtml,493e5d0143ae3b4e840d603152ad37e0b6a236c58d6cfbd4f4222321e3b2c4b9,324
view/frontend/templates/js/components.phtml,02c41835d0b68068a13d97ba47a5e93a3cefdd57cfc7cf905b283c99644be3f8,138
view/frontend/templates/partner/logo.phtml,295f5678f174f85f435c5138af8b3639ac70c1459e855af500d11926ebdad5bc,1154
view/frontend/templates/payflowadvanced/form.phtml,326a17c64730d5a90ed041bba7f1d196d3b1d8da620db0d172823d48bf147f23,910
view/frontend/templates/payflowadvanced/info.phtml,3b1913bdda5756ffad8652d7549223bde5e8c97d0d10e36d6eb0b6e9aacddc87,694
view/frontend/templates/payflowlink/form.phtml,0389c5d4bf98953fd38ddea44cb6804b57d441083ca066b5686e6bae8a9794ac,958
view/frontend/templates/payflowlink/info.phtml,d67e2e2e1e205e45f3bc28b565383ff32a36400b5f0d465870c16c84abdd78fe,618
view/frontend/templates/payflowlink/redirect.phtml,3ff7eec640beeba6ffb9b5e2f536f618d300646c3cfefb22d51c8f08d233e36e,1731
view/frontend/templates/paylater/banner.phtml,d28a9959939d4f238eb00fdee2020b829d351bee4f017405cf0b03b9de6ba458,770
view/frontend/templates/payment/form/billing/agreement.phtml,f6929728caea5ac4f4a0ffdc6662d20dc6ff231f7195cac689125426377de550,1282
view/frontend/templates/payment/mark.phtml,96e0538f2c6d4cf04a9945de9df584ef995386d23029006ec9aaf18ba913dda5,1306
view/frontend/templates/payment/redirect.phtml,83e4f0dc3a313cdd763dca3394bbbb4f6a8be326c1fc8dc96b211f3f6537cace,1157
view/frontend/web/js/action/set-payment-method.js,f0b6926e0dc2b0677700690926ddc13c9c1435c110a33c683d6bb4444027e303,400
view/frontend/web/js/in-context/billing-agreement.js,fbf37f766e8fef6098b0ad7f2d5c107d85c22a7604751347f5b152aa0ca809dc,1614
view/frontend/web/js/in-context/button.js,fe0b5bc66c50d01f125d9ad6a3230c1e4a7cbdc0c30b65af138bf0ebebd1c297,1542
view/frontend/web/js/in-context/express-checkout-smart-buttons.js,8ca92026cfa360976eca70874c848baa0f1a1cbe4001857c6455de3fdd86de20,5055
view/frontend/web/js/in-context/express-checkout-wrapper.js,14cddfff441486e56cce0ee218c5694c29936728926846b3dd8311c70b5965ac,5280
view/frontend/web/js/in-context/paypal-sdk.js,814e78c9fb31892ed5dc309b7b41067283f2b3568fd2d15f4806693590a2c1d6,1431
view/frontend/web/js/in-context/product-express-checkout.js,fcc789c84a668a9e4382aa7ad85d76b49d5123b0d83cb009599138716e127107,3636
view/frontend/web/js/model/iframe-redirect.js,0e9faa32a42bd04303bb4a48deeac59a80f1bfb3194cba848c7cfe9ef1cbb66f,879
view/frontend/web/js/model/iframe.js,bf477e051c0644647f990e25b6916c88b2680b70f445272836bfcb5348d34a29,455
view/frontend/web/js/order-review.js,420e039e78ee9ca2707963b5fdd21cf9768c1466099a1bf6c94f867335f321fa,13426
view/frontend/web/js/paypal-checkout.js,9e13d89ff9935c73383da3587a61328699f62737e7c8ff930b94735b4e11ff8e,3588
view/frontend/web/js/view/amountProviders/checkout.js,bf4439a3370fe97022c2a4c30904cacb11e2c1e3877dda6408cdea4ac1293398,917
view/frontend/web/js/view/amountProviders/product-grouped.js,be097618a4001640d7f80a86125ed8a93456042abb27d3da14c7aba9f588643d,2785
view/frontend/web/js/view/amountProviders/product.js,91f701b05de5be3f8fce10713f8fda4c145fd7c4f4557102187af09608df9e97,2408
view/frontend/web/js/view/paylater.js,5247d4b22e51c316b3fa325e6421bde50a926bb1700c91810438860a7a11ec67,3145
view/frontend/web/js/view/payment/method-renderer/iframe-methods.js,b008f0742354c121d800d057804df20d33a608feb667529f623e8b00f12a52e2,2621
view/frontend/web/js/view/payment/method-renderer/in-context/checkout-express.js,fd924549b532ff413df75478897fe9eb2f745308b454fc9d8283cab8b7880f01,4024
view/frontend/web/js/view/payment/method-renderer/payflow-express-bml.js,2148d744e4a9624d4591c98087272e620663b3c171f4c020288bed516b4ef415,370
view/frontend/web/js/view/payment/method-renderer/payflow-express.js,183d29cf64d8a8d544c976c6028697517a893c4ab256a0c5f62c786f9ac61b34,366
view/frontend/web/js/view/payment/method-renderer/payflowpro-method.js,a9c0772d068d0126f3f7073efed59f0eb2d75ca5e1d30977d37e1032aee5068a,3734
view/frontend/web/js/view/payment/method-renderer/payflowpro/vault.js,aeb00cafba83ac456630df4d461f44414ee12ae8b4c0d2ca7c294c0c3253f2dd,1054
view/frontend/web/js/view/payment/method-renderer/paypal-billing-agreement.js,dbc02aaec87e0e633e57529f3df0c6bb880ad293e99f304e81bff467b4e37de9,1660
view/frontend/web/js/view/payment/method-renderer/paypal-express-abstract.js,410e659da5d3972e24aa51e6115018cbe09c9710f8aee12582c8a2429ed0e4e6,3082
view/frontend/web/js/view/payment/method-renderer/paypal-express.js,9757fac5897b9332b8820a7ae740306e3fa3ce8ff0d062ef27c86b9687adba38,365
view/frontend/web/js/view/payment/paypal-payments.js,3668061f33ad3db1efec69cbbd533c0f9d3ffed657cf6a8750ed78e3c7186e17,1825
view/frontend/web/template/paylater.html,26acebd55dfa0d796fabea4bb36dd5c6034b557ae1c565faeaef8b17c68ac710,961
view/frontend/web/template/payment/express/billing-agreement.html,8d56f9c77bccbb5887340c958f71c0daaadf0e907f36af86fb82c59623b04db7,685
view/frontend/web/template/payment/iframe-methods.html,ff92bb353b743481dca8770c75424675fda4cf4220e4db36a415fc98810c1d3d,2542
view/frontend/web/template/payment/payflow-express-bml.html,8fe2dffff6a1ad56fc97a61a8fce78e954b9d77a39ed382bf1465e5651fd7d32,2511
view/frontend/web/template/payment/payflow-express.html,0e440736626da649f03c5b3497b707e68be9334632478809a38e30fffedb5431,2320
view/frontend/web/template/payment/payflowpro-form.html,4378aedf263e5fabd95c47b30b14f8fd6758841ac86940d136f80d955e0cc996,3582
view/frontend/web/template/payment/paypal-express-in-context.html,2ec280232e4b59ececd830e73ebdb0cc41daf3c3472535ac0ba39f774f713f58,1577
view/frontend/web/template/payment/paypal-express.html,e8479db3072fd40f83db99c570053b92e7e2a9698923d6e14705044a55d04864,2419
view/frontend/web/template/payment/paypal_billing_agreement-form.html,316300afb39267b68c4eb27aafe9c5175f4c2785a25fb6acb8a2183a71ae31e6,2481
view/frontend/web/template/payment/paypal_direct-form.html,9688d24d235089c0d1fc367f5167eeca38b0c14f4e7ee335dfa4232c4c912064,208
