path,sha256,size
Controller/Adminhtml/Source/Edit.php,672ed66b075eed5f027d940112848e5e145dab8f53117e416076c3176c669b18,2331
Controller/Adminhtml/Source/Index.php,a1dfefb116a76c5251b22ca5c0af7722f7f73193c455dffe60e2312390998c2f,1064
Controller/Adminhtml/Source/InlineEdit.php,227ea17754601aacbbe2abf80d57f64f578a5eac42d5251d784a4e3ded2a6e06,4150
Controller/Adminhtml/Source/MassDisable.php,4eabe1ee8a6db92e0ed04a7181b32ca62b5ad6fcea3e2080f9c5c0664a85bb37,4827
Controller/Adminhtml/Source/MassEnable.php,10008fd6ce4fe5698d484fcd7c80f04c47616bfd683b748b07e09de5785de7da,4678
Controller/Adminhtml/Source/NewAction.php,a09e6bce525b9c691d14b817c67d15ddf2a1efa0b50ad7814988ce3dfa289d81,1016
Controller/Adminhtml/Source/Save.php,364bbea88418f403ed92d1017ba611828ac92bc238f98a6a297ff0fe3b084ddf,7257
Controller/Adminhtml/Stock/Delete.php,7cb4e5a2731aad33b86472d919fe049e8c377f79cf975388dc6837b96f07d713,2109
Controller/Adminhtml/Stock/Edit.php,c45c8ac1ef66cb4550963ec7276c61e3e4189328ec48511928a67472aec48f99,2290
Controller/Adminhtml/Stock/Index.php,c8a4d7ef620cfc4fde47b457376b9880c610a698c31c7deb9ccf738b1ebf53f6,1059
Controller/Adminhtml/Stock/InlineEdit.php,776c899a0169959763dd9b04d3fdb8bb70093bf090d3cb288a7381d733d79ad6,3535
Controller/Adminhtml/Stock/MassDelete.php,e6c60eeeab46194d60e81c3f2fbd414a4d72691bf34b8b779fdc5bb6c92e84b8,2294
Controller/Adminhtml/Stock/NewAction.php,7b6e8b891876de37e96e1806fda328ef04d29437ff50bdea061b60038d208352,1017
Controller/Adminhtml/Stock/Save.php,0947bb42a924a179039ccd1e47e8c9ae75f38ecd7f05dd65a3708d6bfa375ee2,5193
LICENSE.txt,4c8537fd5431aafcb0ab22c49cba68febb59dd3595210f6c6c3b9212de0a7b49,10364
LICENSE_AFL.txt,49d9aa4c0615ff95305681c358fa1575f54ed3a512b016f61c71d6784860dd8d,10376
Model/OptionSource/RegionSource.php,1db7bc1f09fd2b71d6d4958129aef629f4e9e6404c6fc820995c0699b8fec217,1171
Model/Source/SourceCoordinatesDataProcessor.php,1932aa8bb673db5a4a2d083d5f900ad6dabd1f9ead85c443aa421c9f6e0dea0a,704
Model/Source/SourceHydrator.php,797ac3277be5debe7c8a34277cfdff36f7874bbeb522897e289848f3984e3868,1817
Model/Source/SourceRegionDataProcessor.php,95ab0a5dec96fe4d152bbf38bfb0b0b7aa144bfa923656d06b0d7fecc6550ab3,1005
Model/Stock/StockSaveProcessor.php,7941083e005fbfcf6b82d8eb70213c588e6b13adaa820b124efcc8841b5ff1a2,3725
Model/Stock/StockSourceLinkProcessor.php,fd9c4ed92ea17dd87eee836e74f8be42726faefb2c83b694c4dd11207b2764a5,5184
README.md,e562983b4137be1bfb07b9018e69743f6cbabef3e92c68796a0f0bb0770839fe,848
Test/Integration/Controller/Adminhtml/Source/SaveTest.php,e6a32ebf740b46be14133fa051ad34710b371626ca71af41032dbea3205f5552,4369
Test/Integration/Ui/Component/SourceListingTest.php,4dc807f1652f4276d4b7bafaf4c34c860b57be74b80422bddd7b3035ff259c9d,4376
Test/Integration/Ui/Component/StocksListingTest.php,28e95d24f9fb88c4b21061e56dcf8588e543a8b7a985ef987d5b1d0c3e74f080,4398
Test/Integration/Ui/DataProvider/StockDataProviderTest.php,f115cef79b26e8ef70e856d976021ea1f7001b2ffdc5e4c920194a0e15cf4a75,3234
Test/Integration/_files/user_assigned_to_stocks.php,ef3bbab9fdb579c2ead48e83e95e27389d9ab797a1136fc598cefc79c350bb9a,1556
Test/Integration/_files/user_assigned_to_stocks_rollback.php,49c665a72231da0ff87cb7da1d60f8b01dcb06ccbbbdbbf067ebb053d798fe7f,1144
Test/Integration/_files/user_with_restricted_role.php,65dee9ac501b053f7911ae0c02f24eaa594c2dedeb9e533252cc475d66f09c6e,1559
Test/Integration/_files/user_with_restricted_role_rollback.php,6c32b7490a96af3d1bdfd9e2cdef917642e04d477963754e367deea9f96ca4fd,1146
Test/Mftf/ActionGroup/AdminAddToOrderConfigurableProductWithTwoOptionsActionGroup.xml,a35d2d83dee72c80f835f41ffb4a1468d17616526d83ea4e32e02090522a715b,1200
Test/Mftf/ActionGroup/AdminApplyMinAndMaxQtyOnProductEditPageActionGroup.xml,58a7f3467c46e1126fbe00eabd1f02ed821793090dd209300902fc6cd8a27a6c,1386
Test/Mftf/ActionGroup/AdminApplyUseDecimalsOnProductEditPageActionGroup.xml,7368445a63103662ef01ab161a34b373f5b86d601457d9fa3914b0af6d1d1130,906
Test/Mftf/ActionGroup/AdminAssertSalableQtySingleStockModeActionGroup.xml,ac69153ff8b782b6fc748e0ba73deccd17f9d1a9ba598d5acfdcccc907291470,1112
Test/Mftf/ActionGroup/AdminAssignSourceToProductAndSetSourceQuantityActionGroup.xml,b1d8187a1d28b3124b778d15caaf66ecbb2a28fe68a65135f6c30510c7ba7ed5,926
Test/Mftf/ActionGroup/AdminChangeManageStockStatusOnProductEditPageActionGroup.xml,b0685f046d5b0a85320578f3269f6262adba50971870c183dd8ca6ec0e3e7e39,1134
Test/Mftf/ActionGroup/AdminChangeOutOfStockThresholdOnProductEditPageActionGroup.xml,8d61e3928c9ab8c0c1156eea85253c216f1287f5ce696d703af882fcdb4b9122,1044
Test/Mftf/ActionGroup/AdminChangeProductSkuActionGroup.xml,9a87dde6c91b64c27e36b42dfa4e3744fe03d540280a0afc40887e0e02ce87a8,795
Test/Mftf/ActionGroup/AdminChangeSourceStockStatusActionGroup.xml,bebd0c08a5f0834c051016cb646f6ac6a849588a1db322f4cf67c861ae6cf96b,987
Test/Mftf/ActionGroup/AdminConfigurableProductActionGroup.xml,4339772548c882bc75f9ece438d69377858a0597b75449816206302384d00084,3491
Test/Mftf/ActionGroup/AdminCreateCreditMemoReturnToStockActionGroup.xml,be4515d3b495edd0c5a61b17869a3e92a4b3299681959dcaec4b48aaf6b05e82,1231
Test/Mftf/ActionGroup/AdminCreateCreditMemoWithReturnToStockActionGroup.xml,a4bf18653109d63bcf9885138e1654978e7df679b860dc3d37637e85650434de,1265
Test/Mftf/ActionGroup/AdminCreateCustomerWithWebsiteGroupAndAddressActionGroup.xml,2acc80431d576c5bcb730257c2539aa22c0100bd93820a83ec5737ab9fa41e88,2749
Test/Mftf/ActionGroup/AdminCreateOptionsForAttributeMultiStockActionGroup.xml,d2d22377530eed68fd92487ada10b8dbe1f540dc54fe820bb7f9b259f6c2139d,2287
Test/Mftf/ActionGroup/AdminCreateStoreGroupActionGroup.xml,fa9745407083bc9100c75f07f969eff4eff1b793109bbc396c0454455f5a5544,1691
Test/Mftf/ActionGroup/AdminEnableBackordersOnProductEditPageActionGroup.xml,828ee66d2d5a251440f2ab0170b1b7619604bca486caeb589751cfeb2edac608,1247
Test/Mftf/ActionGroup/AdminEnableQtyIncrementsOnProductEditPageActionGroup.xml,5e867e2a1ea7caf52ff87ece594d038cddbfc026d53522de25b5eb2ced18209f,1933
Test/Mftf/ActionGroup/AdminFillNotifyQtyBySourceActionGroup.xml,9f41fd0d2470a27b86df9546e75a6794cd699e565666efa2b80ea68a585be4d9,1004
Test/Mftf/ActionGroup/AdminFillPartialShipmentActionGroup.xml,6b57ec1f1723457955bfcdd77f3bda5245251a3085eed3f864a2ddfefdc2563c,855
Test/Mftf/ActionGroup/AdminFillQuantityForPartialCreditMemoReturnToStockActionGroup.xml,6fea7fe5e2c5058fa8264c390f6c9476bff8b06aee4bf43a57cc36e0c6ecf8a9,1196
Test/Mftf/ActionGroup/AdminFillQuantityForPartialInvoiceActionGroup.xml,d1c73d63ce2c7ee51f112956f65665bb8ed1ba61771b835bdf699747f2c41497,1066
Test/Mftf/ActionGroup/AdminFillSourceQtyOnProductEditPageActionGroup.xml,1c7712d440dd425dc52d76348f0f873a308c3c11ee0a76fc6623040be6e5a10f,926
Test/Mftf/ActionGroup/AdminGoToConfigurationPageOpenSectionDisableDefaultUpdateValueActionGroup.xml,99bdc47e0ad8f1a15e62e2dc3c7e540c14aeb9627334c6c84b982be7b0294abd,1536
Test/Mftf/ActionGroup/AdminGoToProductGridAddNewProductByTypeActionGroup.xml,b5bf2694322875b131340f89cfecf10a39593d7db5d9ec28c38673cc9691de15,990
Test/Mftf/ActionGroup/AdminGoToProductGridFilterResultsByInputActionGroup/AdminGoToProductGridFilterResultsByInputActionGroup.xml,8b9ed193d795dbff9ddfd02ce56f9b79f79a88cea90f468feb37d6546c296466,1361
Test/Mftf/ActionGroup/AdminGoToProductGridFilterResultsByInputActionGroup/AdminGoToProductGridFilterResultsByInputEditProductActionGroup.xml,14ed6d31b86a1dc94530d340964391900795705e1ed4615b7aae29b23b51f587,1597
Test/Mftf/ActionGroup/AdminGoToProductGridFilterResultsByInputActionGroup/AdminGoToProductGridFilterResultsByInputSelectProductActionGroup.xml,2eb8caa894b6e61fb43359cb7585eafa570a9a7a385d3a978a1d941f376a6ebc,1473
Test/Mftf/ActionGroup/AdminGoToSourceGridFilterResultsByInputActionGroup/AdminGoToSourceGridFilterResultsByInputActionGroup.xml,f8b7e6f78372c74ca24ba1fbc4f3c17711b5b99e98d75fa224a5100a5dd9ea87,1356
Test/Mftf/ActionGroup/AdminGoToSourceGridFilterResultsByInputActionGroup/AdminGoToSourceGridFilterResultsByInputEditSourceActionGroup.xml,71aac6740acb27c87e049f3e590e89882453f6cec933765d39ee5018ab8bb30e,1529
Test/Mftf/ActionGroup/AdminGoToSourceGridFilterResultsByInputActionGroup/AdminGoToSourceGridFilterResultsByInputSelectSourceActionGroup.xml,5281d31d4caccf66758edc7bc7339282d6db0fce71df04ca2facbdb91e04b8dc,1471
Test/Mftf/ActionGroup/AdminGoToStockGridFilterResultsByInputActionGroup/AdminGoToStockGridFilterResultsByInputActionGroup.xml,accb896ad6967798a3e5a1a5d77eb6d9983e0dae1946247e1b4d6bf6eafaecc8,1353
Test/Mftf/ActionGroup/AdminGoToStockGridFilterResultsByInputActionGroup/AdminGoToStockGridFilterResultsByInputEditStockActionGroup.xml,154e30e23cf94357c13c12f9406546199e6854b012eaeeab8d57bc492dd18ffd,1525
Test/Mftf/ActionGroup/AdminGoToStockGridFilterResultsByInputActionGroup/AdminGoToStockGridFilterResultsByInputSelectStockActionGroup.xml,b1e8891dc583e2b1595dda014d765a650a767b8339428509e21bb733dc6ea0e8,1467
Test/Mftf/ActionGroup/AdminGoToStockPageAssignStockToSourceAndMainWebsiteActionGroup.xml,7cc69eeff0b503b0bb5ed8f7e7839a082c28a7d674ffceef273fc656187a0077,2308
Test/Mftf/ActionGroup/AdminOnProductEditPageAssignSourceToProductActionGroup.xml,cde58128e3ca9de551693076601bcb77c16737319bda1113161dcc3d1125c567,1605
Test/Mftf/ActionGroup/AdminOnStockEditPageAssignSourceToStockActionGroup.xml,e4ddd64ef22e76bdc68568c21a01688a3336769f8cf584b1e0f4cc94e48410be,1557
Test/Mftf/ActionGroup/AdminReorderActionGroup.xml,cd6eb2fb65112316fec9e4dc8aa9646ff59b7b6e93d129c65d84af84c947effb,868
Test/Mftf/ActionGroup/AdminSaveAndContinueEditStockPageActionGroup.xml,7b9deec80eed3e82dd32d0be0077e4c5c79c3f0bd0bf39ac700841b139c03d24,1000
Test/Mftf/ActionGroup/AdminSaveAndContinueSourceActionGroup.xml,d537b728ab0d126d0b74b3bd122598e0a619108923c94c6c008dd5b96213f6ac,740
Test/Mftf/ActionGroup/AdminSourceSelectionAlgorithmByPriorityActionGroup.xml,eb95b04d52eb4f25389bc3893f01f76046b65fd9ad55ca7c1cd5f4dd0a32ec9d,2040
Test/Mftf/ActionGroup/AdminStartsCreatingCreditMemoOnOrderPageActionGroup.xml,ea69531ad04903d67701ffa2203e3f5eb5f5a5d2108995be175248623b0c4857,732
Test/Mftf/ActionGroup/AdminSwitchStoreViewNoConfirmationActionGroup.xml,d0d31e0b9811e2b4acd1d679dc560028617eabb7f0bb2b9af059962a95239c1d,563
Test/Mftf/ActionGroup/AssertAdminNotifyQtyActionGroup.xml,bb0e11daebb8b3e6881f1a4a00f07fa503cff57f2ccc5e1d93fc3a8f4356f7f1,1010
Test/Mftf/ActionGroup/AssertAdminSalableProductQtyActionGroup.xml,617f8be11c7dbe3c009acb693041f114f68eb425ce885d2e9354091d5188d159,1262
Test/Mftf/ActionGroup/AssignSourceToProductActionGroup.xml,3f2f4ab7477ee0aae1390b9b3e8571a958f4b64b997bbff97133a976a256b852,1910
Test/Mftf/ActionGroup/AssignSourceToStockActionGroup.xml,fd5e02a49eac4cbc8a69799017b9dd25bf0b75ba01421dca3d28847b7f60d646,2629
Test/Mftf/ActionGroup/AssignWebsiteToStockActionGroup.xml,0140721e68c95cddbb2a769cbe7cf5261ca583794b0c03e2d0e351b631e0ab67,1771
Test/Mftf/ActionGroup/ChangeAllSourcesStatusActionGroup.xml,1c3443767a49c514b654da31ebc72f2f5e919c9deded5d3318581325cefdd37e,1635
Test/Mftf/ActionGroup/DeleteCustomWebsiteActionGroup.xml,7427d2bfc30a9fa0e98e669ffe15def3bfe9bd2008eb114dc32e6d03473d9e55,742
Test/Mftf/ActionGroup/DisableAllSourcesActionGroup.xml,9092deaae68cb610f427ab3b0fd6b09010fc43af8c790aba9bac04bdffa58cb4,1512
Test/Mftf/ActionGroup/DisableSourceActionGroup.xml,1e14fae33c1683c1ce49c67974ce8ad48b9900ce192831427db659c3621533c3,2261
Test/Mftf/ActionGroup/EnableAllSourcesActionGroup.xml,a56615e691cb6411517f7595f1eff30abe7f2a3feba320e4bf0777fbcc98c9fe,1522
Test/Mftf/ActionGroup/FillMainProductFormInMultiSourceModeActionGroup.xml,4834241d3a0f30bb91bbd0e0b355bc4b223fe4da620851079c8ef6a1c7987ed6,1131
Test/Mftf/ActionGroup/NavigateToNewOrderPageExistingCustomerActionGroup.xml,0c25aa3207b7fc3d81dcc6ae63b92cafeae6be091e5c9420aea0635c085e77b3,1561
Test/Mftf/ActionGroup/RegisterCustomOnStorefrontActionGroup.xml,c4be5179802626c164a58e60461b140258c32500e7c53257575ed214f871547d,1109
Test/Mftf/ActionGroup/StoreFrontAddProductWithCustomOptionToCartActionGroup.xml,50b46a73338de5bd45c1c76635854af45eddcf4b6a626baabb01b8eeaeea6fc3,1288
Test/Mftf/ActionGroup/StorefrontAddConfigurableProductWithTextSwatchToTheCartActionGroup.xml,afd42705dd2c00c7d08dbbe6ec18ddfff2badb9c06b8e9ca7dc7a79ca4ba78aa,1249
Test/Mftf/ActionGroup/StorefrontAddConfigurableProductWithTwoAttributesToTheCartActionGroup.xml,bdde840dadf969ef8b8583cd6f627682fd8958718ab12327fd647bcd38ad5c9c,1143
Test/Mftf/ActionGroup/StorefrontAddSimpleProductToCartCustomWebsiteActionGroup.xml,6bfc0b4fbba4b84d98db287572044d2bb1e5df11ec69d0e964df43fe55deda54,808
Test/Mftf/ActionGroup/StorefrontAssertProductAbsentOnCategoryPageAdditionalWebsiteActionGroup.xml,1cdb7e7f33904feea33b52dba9598db6698c6d795ed65c1e819b263115b12157,1125
Test/Mftf/ActionGroup/StorefrontAssertProductOnCategoryPageAdditionalWebsiteActionGroup.xml,71e8da24ecf913215066fb998403d49bdf761fd8d416b881607c3d0c38d0fd4d,1106
Test/Mftf/ActionGroup/StorefrontMultishippingPlaceOrderActionGroup.xml,18f3962fa91bb68153a57abce627e55491d45dffbfb7fcb76933c8575d354aac,637
Test/Mftf/ActionGroup/StorefrontSelectShippingInfoActionGroup.xml,3b4d2c20c2d4d0e4c536a1c56c37177bee06a017980be4d22e43b51cbf5bcaee,927
Test/Mftf/ActionGroup/UnassignSourceFromProductActionGroup.xml,d5d3a35ea7ad1620e5d16c468154341d87a94fbb122d642992ef6bb29a52092f,706
Test/Mftf/ActionGroup/UnassignSourceFromStockActionGroup.xml,b1708a4411c27c8b18cac3df693679ca9e27823ba9af1482b8ebdbc0c63e9c79,1983
Test/Mftf/ActionGroup/VerifySourceStatusActionGroup.xml,b59acccc7c09f03eaca58cd19a554ce7e434f0390d06664fae91599bd893befe,1671
Test/Mftf/Data/CatalogInventoryConfigData.xml,0a50fc1d5e2413c040a5544523e1fb114c6703491897df6d2d628078cf96ec50,5368
Test/Mftf/Data/CatalogInventoryData.xml,94ae9b4702d76fc7d31c20727282ab6154a068d1b89014f9280c8ba0097eaced,2861
Test/Mftf/Data/MsiCustomerData.xml,99b0df1bace828ff3a3ae862e1e31214bf918ac7d63313e52a2bff86089a99ae,1515
Test/Mftf/Data/MsiProductAttributeData.xml,88558111d912d03c54c6b378b65f1a1503e1861d838190151a231559d4885f66,1237
Test/Mftf/Data/MsiProductData.xml,2a98a69eb2e88e3a91d25fbb171922ee722691af490d235453bb7f31cb3f8888,5827
Test/Mftf/Data/MsiSalesChannelData.xml,61314973b6067cce0da5ad8671116d3ec6afd49d4cd26f16a05b5f718a6fb759,484
Test/Mftf/Data/MsiSourceData.xml,3217ed57d0580aedbb50bc89a068be39df4189ea8ca46681b37f71dad23fa373,28209
Test/Mftf/Data/MsiSourceViewData.xml,bed3d9ef59f5229894fa7eb9f73c30c63850dd23c0326f1b7647c706de882da5,451
Test/Mftf/Data/MsiStockData.xml,0e8628cd2754c08da8b8f6cf896577ef829e50deea59e39f5c16c4d963d8631e,2443
Test/Mftf/Data/MsiStockExtensionAttributeData.xml,7bf05a27c9c8b12fda84d9ff75590e5cc3761079e64648da169d4c0d5428eec3,498
Test/Mftf/Data/MsiStockViewData.xml,f439526161087fb09f56ced593175d4a474800dbf90d7a08845135c2f7c8bdbc,448
Test/Mftf/Data/MsiStoreData.xml,dd224da4f88b42fa557c4a1cc8035a90fc1a1bdd76d23a117e07c366ec9bc11f,519
Test/Mftf/Data/MsiStoreViewData.xml,59c79e6f19860a79b00b3b9c66b9ae16ff2500af5f2fd214d01fd724c48dfb6e,579
Test/Mftf/Data/MsiWebsiteData.xml,96ecc8b7d5086151e4a2467b497a1dc352a86386fd87059796c1368649166cf5,1481
Test/Mftf/Data/StockSourceLinksData.xml,7a8aae22381c3292bf060bee0290e466de035bbb8700b6af9e53dc276aa50faa,735
Test/Mftf/Data/StoreGroupData.xml,c14c6ed51881c536d81c83af9b2f0d63ddb73eb7644302d9e0031daee16527f3,800
Test/Mftf/Data/WebsiteData.xml,6880c7d2e26cffc8f4c1dc176a0d304973017b1c211fc648476bb0dcf7d75574,691
Test/Mftf/Helper/AssertSourceCodeIsNotEditable.php,94d828662671e5ccef47f078f5e55d59d092eec34cfbf413b37b267169dc37ab,1433
Test/Mftf/LICENSE.txt,4c8537fd5431aafcb0ab22c49cba68febb59dd3595210f6c6c3b9212de0a7b49,10364
Test/Mftf/LICENSE_AFL.txt,49d9aa4c0615ff95305681c358fa1575f54ed3a512b016f61c71d6784860dd8d,10376
Test/Mftf/Metadata/SourceMeta.xml,7483a147ae50162ab34787f98770d381dd5f3cf47b9e7e73aa282a013ffc7a9a,1535
Test/Mftf/Metadata/StockMeta.xml,aad346f7966fa5dcbc5f4a43f1c92249e3e92c1e09ba8d4260442df9d59ffc91,1337
Test/Mftf/Metadata/StockSourceLinkMeta.xml,da82dee4e1282f17ccd52c150a4e351f695ce5981e47a17ce8380b3691b3d21d,915
Test/Mftf/Page/AdminEditSourcePage.xml,c384fab721282c3e5523763236cb01b245a8067b1e31e335cc229a88cc326b4c,693
Test/Mftf/Page/AdminInventoryConfigurationPage.xml,e4a733526ef356e562eebd8bd19a5485735afe3b5f68f19e8fefb7ac7f877ac1,516
Test/Mftf/Page/AdminManageSourcesPage.xml,09f6231e1dc34c20b6847efc1578600b645a9f82283cc4023c8f726834a45cea,1181
Test/Mftf/Page/AdminManageStockPage.xml,c2a51efb87bac3d3f6da5ca57351d9617811a362d01c552afb6f7f05ad1c2677,766
Test/Mftf/Page/AdminSourceSelectionPage.xml,8299e84ba5ac23e986dafa552a6817a68b662d2233ae8806a14634d45d810f0d,627
Test/Mftf/README.md,ff2f9372092567a92c661b0edb28aa8fffa7d8e9b1881e2c152dd6bcc1339f37,109
Test/Mftf/Section/AdminAdvancedInventorySlideOutSection.xml,6a97fc48bccebf69e31e58906eafddba18e952313fec349350d0f7b751f374bb,934
Test/Mftf/Section/AdminAssignProductAttributeSlideOutSection.xml,c89295a5c363a18479d330485c372f06adc693de1242afd6e6cf547b5baa44c0,488
Test/Mftf/Section/AdminAssignSourcesSlideOutSection/AdminAssignSourcesSlideOutGridSection.xml,3926eadfe0260312a8b70330be0964b646e355e0f34d171e49a4e38b56a43fe6,719
Test/Mftf/Section/AdminAssignSourcesSlideOutSection/AdminAssignSourcesSlideOutSection.xml,2374286fb99b645ac7603450adb8fd522126a2b92db38af50077627313974716,939
Test/Mftf/Section/AdminAssignSourcesToProductMassActionSection.xml,e33b1b9279b850dd3d7e81c869c5e1fd6e950fe8926e28954c07964b69ad1659,607
Test/Mftf/Section/AdminEditSourceActionsSection.xml,733afaa7d2aa1664fa9972b4fd248e69ee5f69fcdb558e0a50cc20a76f9f2933,670
Test/Mftf/Section/AdminItemsOrderedSection.xml,d3852c368034bdd1a14e0719fcb99c41cb822be802e3df684dd4aa24c2a51c07,1899
Test/Mftf/Section/AdminManageSourcesEditFormSection/AdminEditSourceAddressDataSection.xml,50849559a7afaddf2fb3a4c68e0abf4005cb6b41b67b9cb4640cd22216650c7a,1297
Test/Mftf/Section/AdminManageSourcesEditFormSection/AdminEditSourceCarriersSection.xml,a55f6c8186c2c6268652d2a3e35108d9b2d8065c11c68c34961933f526439848,786
Test/Mftf/Section/AdminManageSourcesEditFormSection/AdminEditSourceContactInfoSection.xml,14b2b5e9e1f1f0ac101e7ccace36cc25eec18e0ad4e7e6d138e24de11a995a57,1015
Test/Mftf/Section/AdminManageSourcesEditFormSection/AdminEditSourceGeneralSection.xml,8c5151bf557a2fc519229839e49ec215c7011d8370a45ec0bf8c441884a00cda,1141
Test/Mftf/Section/AdminManageSourcesGridSection/AdminManageSourceGridBodySection.xml,6bc230a532053bf11f0350e31872e2cccef5374c204c581dbb3d707e54d5e9e8,893
Test/Mftf/Section/AdminManageSourcesGridSection/AdminManageSourcesGridBodySection.xml,c553a7ecce5a5a4f1f5e3f0623a412dd6d0c280d2a43438bd8a0f14516ba20b5,437
Test/Mftf/Section/AdminManageSourcesGridSection/AdminManageSourcesGridColumnControlsSection.xml,566c98a00ade0473d54c3ebd88b5aa8ec3d42b3c0ef09f4f91eb7831cc31e6c4,551
Test/Mftf/Section/AdminManageSourcesGridSection/AdminManageSourcesGridControlsSection.xml,904ae057b395694b3bf01acb2b0807f73fdc3f866587f708af8f92da72da815d,928
Test/Mftf/Section/AdminManageSourcesGridSection/AdminManageSourcesGridFilterControlsSection.xml,e9eb06a0b1179e7c9a501b4c23076c9d68e11266d4868c3c2dfceae665c9ba0b,1328
Test/Mftf/Section/AdminManageSourcesGridSection/AdminManageSourcesGridMassActionSection.xml,3866f2b5564823f8ff63bfc4ab073b6304eb4092351034fc347ab7c8d70137a9,934
Test/Mftf/Section/AdminManageStockFormSection/AdminEditStockActionModalSection.xml,2748df4cffa64575a629907b63212c5c992ba6974abb17b6c6bce97f5a98d8b0,584
Test/Mftf/Section/AdminManageStockFormSection/AdminEditStockActionsSection.xml,a80c0a061cb353462dcefab9bfa49d05a7cd910a828c9aeb28b297ca5c436d45,694
Test/Mftf/Section/AdminManageStockFormSection/AdminEditStockGeneralSection.xml,fcbe45cd0e76aa2eb1a5be1122985c051b38baf128cc531051d3b6ced34f8fce,604
Test/Mftf/Section/AdminManageStockFormSection/AdminEditStockSalesChannelsSection.xml,71480c2bc70f822d6a402dc425b6ea9385a683d8c9ec6a13b08acfb53aa13ea4,475
Test/Mftf/Section/AdminManageStockFormSection/AdminEditStockSourcesSection.xml,5302da0e3320aca62ab5ec0b248e2f1a3489bc7e1f0768b2c151a6d30c7edc45,1204
Test/Mftf/Section/AdminManageStockGridSection/AdminManageStockGridBodySection.xml,435b8926a98f48f4d35b8ae3b2ea1dc9f487c9f2e96a902ae179980cf85e5701,889
Test/Mftf/Section/AdminManageStockGridSection/AdminManageStockGridControlsSection.xml,cd66bd7b1feae24ef13a8f7b90babd8043ddd829de37bab54b09e1f849ca8326,815
Test/Mftf/Section/AdminManageStockGridSection/AdminManageStockGridFilterControlsSection.xml,ae571bf69c705e9407db5e85eeb2a32b4ab8762be4cb2bfdc152afbce89283bd,792
Test/Mftf/Section/AdminMessagesSection.xml,8d5b28a06a2778b554ed1b3a225d83fe20d35df2ef00ae5c390ed9cb617e8cd0,544
Test/Mftf/Section/AdminNewStoreGroupActionsSection.xml,65c33f1128954630190afe947049cf8b10316b39268b8afcdfc95f90253770ac,708
Test/Mftf/Section/AdminOrderFormItemsSection.xml,9e62f38a9e1d07d507dbed4e11a6ce27038187c99c67b78b3243adfba716886c,447
Test/Mftf/Section/AdminProductGridSection.xml,1498b2128ac1caa37a8e15a55255c936e8faacf1757fbd9fd13d94e077cbc898,1378
Test/Mftf/Section/AdminProductSourcesFormSection/AdminProductSourcesGridSection.xml,857aabddacedcb8ce4b684a5c0dbe0684df63da89a69c57f39eaf2958cdc957e,2923
Test/Mftf/Section/AdminProductSourcesFormSection/AdminProductSourcesSection.xml,542cbee814aea358c7271fc03050913f25176a3aa413515da4d7ca370f9241d2,631
Test/Mftf/Section/AdminSelectSourceSection.xml,df560e30f3bd001907a0de0cd79707e7b3b762d549a88515dd2c9853aae63fd9,504
Test/Mftf/Section/AdminShipmentInventorySection.xml,633731560c227a3215cebacc29ed3e3abf2e4addb9b55f999e3d5e9ad9a93f54,647
Test/Mftf/Section/AdminSourceSelectionControlsSection.xml,cafda4e5986dbfc162e1d135739e6636f511a065074092f947adb85eeba08eba,817
Test/Mftf/Section/AdminSourceSelectionFormSection/AdminSourceSelectionFormSection.xml,d8368fa6f44cd0f91c34daf9acdd77cb15b28a520eb6b31c6495964184610d77,918
Test/Mftf/Section/AdminSourceSelectionFormSection/AdminSourceSelectionOrderedItemsGridSection.xml,195969d3e6c580b88c14aff0c29573dff320ea3a6f971a8563fd434e45ee375a,1173
Test/Mftf/Section/AdminTransferInventoryToSourcePageSection.xml,6fcaac8e025d97d51611beb0d1fac384c2fa42ffd37b0010195d6cb5fdb16c15,688
Test/Mftf/Section/AdminUnassignSourcesFromProductMassActionSection.xml,21fa5237cd8da2634e109d8b5e4df6f48d217f6378f6734edf9e248ea07fbe6f,613
Test/Mftf/Section/MultishippingShippingMethodSection.xml,86e5e875c5e62ac9dcc59cfac020e5fd1570403c05e49e8e357002b9b5b5b747,470
Test/Mftf/Section/StorfrontMiniCartSection.xml,37cf0a796f2aaf9c40cdfb0b54771336ee76ab41ee95f7677136cf949f63168d,765
Test/Mftf/Suite/InventoryB2bMultiModeSuite.xml,60e851c512101da49652d434c433c8f251f2200ad769b654d93285f2068f9d1c,1541
Test/Mftf/Suite/InventoryB2bSingleModeSuite.xml,028f78e5403b919b7beb40ff31e613fcfee79c3aa52d0c93beb0dfc3183272ee,1541
Test/Mftf/Suite/InventoryEeMultiModeSuite.xml,9e954016b361e3064ed09eb8dd73904148e07df939a4a564e9da92ec8e2bdcfe,1539
Test/Mftf/Suite/InventoryEeSingleModeSuite.xml,60c20183f450b790f95384f6efecc04f6e5b412d78a1f8d830e6978a266faf49,1539
Test/Mftf/Suite/InventoryMultiModeSuite.xml,1bdfdddfb80a16c903d30e0b9e023374d5c3466f0190c559a7a608ecbe1ef20f,1541
Test/Mftf/Suite/InventorySingleModeSuite.xml,d98b9c196f7dc3533362291805bf17b92ebdfa523f79f80f819f49882f7ea096,1542
Test/Mftf/Suite/InventorySortOrderSuite.xml,70b78dff59673d2bccd135ae897726d79e93d9bff3cddfffb28c913dbe145c28,1585
Test/Mftf/Test/AddProductToCartAfterCancelOrderConfigurableProductCustomStockTest.xml,6de9a128c64fbc1afdbe248cefc3bb476ee7352f39ac2e81f37079e53cd219bb,8384
Test/Mftf/Test/AddProductToCartAfterCancelOrderDownloadableProductCustomStockTest.xml,d3a8c015138f467bad3199308b113319c079ae342c13952326ca3bc12924a322,5297
Test/Mftf/Test/AddProductToCartAfterCancelOrderSimpleProductCustomStockTest.xml,adefe7d0fc78b88c40dc5d9e736cf7140249886cb27481f5859c452ac5cab6dd,5592
Test/Mftf/Test/AddProductToCartAfterOrderPlacementSimpleProductCustomStockTest.xml,59074a27fb5361d02c44d11d89f8f524002b10c9e0640f6e0e6f565227410397,5091
Test/Mftf/Test/AddSimpleProductWithCustomOptionsToCartDefaultStockTest.xml,4045c3b86621f340ad89a08f2b6cc6ab92b766668a434b5d9d0aea8f444d7e3f,4534
Test/Mftf/Test/AdminAddConfigurableProductWithDropDownAttributeAndCustomSourceTest.xml,7a9fb0203f892c41efac142a6ca9d7d317a10e474df799044a2fa8259fa3324b,10463
Test/Mftf/Test/AdminAddConfigurableProductWithDropDownAttributeWithDefaultSourceTest.xml,a2cdcf3d1cd3034d90e6972e106e1c26013f54ff6edc14693a25b7ccce1359d5,9284
Test/Mftf/Test/AdminAddConfigurableProductWithDropDownAttributeWithNewSourceTest.xml,438edaaf22fc5cf764003cd76812a91d7a794ab8a6ad8a2670bf789626b7164d,10794
Test/Mftf/Test/AdminAddMultipleSourcesToProductTest.xml,d7c04ed39e198370693477af17771593d3dddec83007dbce6adbe1a4c238b101,3373
Test/Mftf/Test/AdminAddRemoveSourceColumnsTest.xml,286ce215f0b60c9503dd3a2a7f427460175aabe65ccb1506315103fdbdebf1f5,12013
Test/Mftf/Test/AdminAddRemoveStockColumnsTest.xml,f9089e8b3c58e7e72e7adc6690a01b84ad23046954858650fa255c65338452eb,8763
Test/Mftf/Test/AdminAddSimpleProductToConfigurableProductCustomSourceTest.xml,e3bb53a6f10734eb0564545fd122d517f7925048515c7b4d9273de9ee88687fe,8005
Test/Mftf/Test/AdminAddStockToVirtualProductTest.xml,411924755f91981726743817a4a8dec518c5993158408a35ce623e761234a11c,5324
Test/Mftf/Test/AdminAllStocksDeletedFromGridExceptDefaultTest.xml,06426d694a2d70f842987a5f1b3deccb71cbc8c796eeaeab9c95ba795f248483,3743
Test/Mftf/Test/AdminApplyDataViewsOnManageSourcesGridPageTest.xml,1964ed0b918dcf65d3397a33db3e643f008a827c43e0d13a3c972dbd0b66a893,11343
Test/Mftf/Test/AdminApplyDataViewsOnManageStocksGridPageTest.xml,4594c02a5cdd78af8a1093f0cf245279d037b4e8b490f2b2d039c3cd7c68a0a9,4660
Test/Mftf/Test/AdminApplyNotifyQtyInConfigurationDownloadableProductCustomStockTest.xml,dcca8dfd2578d2114b0c64cc941874df419c3c55f0ff291ec7484a7c070c5be7,4216
Test/Mftf/Test/AdminApplyNotifyQtyUseDefaultDownloadableProductCustomStockTest.xml,ce7ad299b5498cc9f659274018ce7c546dc3721ba8278e2ddc1cac67a823e48b,2554
Test/Mftf/Test/AdminApplyOnlyXLeftThresholdWithNegativeOutOfStockThresholdSimpleProductOnDefaultSourceTest.xml,c88b0fb062dc4d945c3468d95f7faa1779a5c9e27aa05cc8f399c5fb818787d4,6096
Test/Mftf/Test/AdminApplyUseDecimalsOnProductPageSimpleProductDefaultStockTest.xml,68310c384756bc132d370a40595d0733a295f0474ea54e41488e8b10d8b180cd,5213
Test/Mftf/Test/AdminAssertNoteIsDisplayedForAddSourcesToDefaultStockTest.xml,5ce8fba9c11931b9147819aa8b176079bc040b85bf4061e3c0599a057f10e15b,2096
Test/Mftf/Test/AdminAssignDownloadableProductToAdditionalStockAdditionalWebsiteTest.xml,8f27bb9562c4adb6ce40ab30fc2c8feb0b9f97acb855e66d49af77e7238d6ff8,6120
Test/Mftf/Test/AdminAssignMultipleSourcesToAdditionalStockTest.xml,67301f893cac1441e02d77282fa6014b5c9ba18c959b97f8eaff75eab94d6275,3253
Test/Mftf/Test/AdminAssignMultipleSourcesToProductTest.xml,e22fe6bcfcaba7bded5abc599e3a3bf9431a5270d86e2ec78b1e4adac0db21b7,13598
Test/Mftf/Test/AdminAssignMultipleSourcesToStockTest.xml,3c2fc43aa8567204f1b672196827395ece1bdf6c9ade48d6d9feae3598c94bb4,12245
Test/Mftf/Test/AdminAssignSimpleProductToAdditionalStockAdditionalWebsiteTest.xml,c5b13f142bad2cdc355c9b5c0f84cae5f79bdb92acd2ee01ac6357924b186719,5941
Test/Mftf/Test/AdminAssignSourceToProductTest.xml,546a3c2c566761ec4c5a7ac50e2dc23e8cfba532ff2029c58cafb56ee41f4e6d,3205
Test/Mftf/Test/AdminAssignSourcesSelectedOnTwoPagesToStockTest.xml,4af98d4aebc7f3cf756e5bda633896cb5073fb839f5eeed0a84621dc27e9d369,8879
Test/Mftf/Test/AdminAssignVirtualProductToAdditionalStockAdditionalWebsiteTest.xml,9663361c11fa09b9c83a913f38649ce006dac953e8da5ea7f8eda2c798f872f2,6078
Test/Mftf/Test/AdminBackordersEnabledOnConfigurationPageAndAppliedToSimpleProductOnDefaultSourceTest.xml,6dc73c49b3288aef57903c725831479a7448b6bba0c4fcc0c9a162d0be818b1e,9716
Test/Mftf/Test/AdminBackordersEnabledOnConfigurationPageAndAppliedToSimpleProductOnSingleStockModeTest.xml,355e7721be9997dc97ba8572f12019938f049bd02eb29670b32604c52bc8b82e,7723
Test/Mftf/Test/AdminBackordersEnabledOnConfigurationPageAndAppliedToSimpleProductOnTestSourceTest.xml,a292388fb7f4f31e21951cde321cbc1debaa49354730a86dd9e29099fe0e183d,11649
Test/Mftf/Test/AdminBackordersEnabledOnProductPageAndAppliedFromHomepageToVirtualProductOnTestSourceTest.xml,6d5557d92410aeeea0c8a128602bd0e6f4e333e9cb49dbf376086c1b8a5d4672,4776
Test/Mftf/Test/AdminBackordersEnabledOnProductPageAndAppliedToSimpleProductOnDefaultSourceTest.xml,15f01b132591c86b5b79e3fb4228ebcddadb9d56feba8d56c43867de6505b21e,10731
Test/Mftf/Test/AdminBackordersEnabledOnProductPageAndAppliedToSimpleProductOnSingleStockModeTest.xml,a7693e890ea2510b6a338475e196b8b984886ba818cfa53cae9e1e2bd0e475fe,7450
Test/Mftf/Test/AdminBackordersEnabledOnProductPageAndAppliedToSimpleProductOnTestSourceTest.xml,6feaf45bd94e054ac07d51e9bafdbd584e1528311ed7501f87c0124e02096411,7618
Test/Mftf/Test/AdminBackordersEnabledSimpleProductOnOutOfStockCustomSourceTest.xml,226897b8a42bd048d283471ec26c5674eac576e90529c23d0dc808e32ba7d786,5285
Test/Mftf/Test/AdminBackordersEnablesOnConfigurationPageAndAppliedToGroupedProductCustomStockTest.xml,c2952c217a6cd9e819322ae3fc2f77e727823410ce1dcf78c756214c058a0c35,7410
Test/Mftf/Test/AdminBundleProductDisabledManageStockOnConfigurationPageCustomStockTest.xml,7fb9f39c68f321fd7f1cf79ce8452a73c3fdfb870e8e052bafa0bc02d3cfcf61,7781
Test/Mftf/Test/AdminBundleProductDisabledManageStockOnProductPageCustomStockTest.xml,fb2ee41f937460692fb8da868a214ffd823c47c14bf6e67f128eab009520790b,7989
Test/Mftf/Test/AdminBundleProductDisabledManageStockOnProductPageDefaultStockTest.xml,8609aef3674c429cdc5a57ad284dfa3a70bbb6718c5a68997632b2a3cf656f92,6854
Test/Mftf/Test/AdminCacheValidationBundleProductSoldOutCustomStockTest.xml,3d7a283441b1010bd1288de8c37462f1a96ed28f5608aa2a76ec7c95fc52d710,5962
Test/Mftf/Test/AdminCacheValidationBundleProductSoldOutSingleStockModeTest.xml,28e4806b44189b7cb31971a64f2118bcde304a7c9d2b3668db157ea78ed95da9,5947
Test/Mftf/Test/AdminCacheValidationConfigurableProductSoldOutCustomStocksTest.xml,14b21da325e8bfa7ac5c769c3883c65e762f470b343518f1f03aed55c526c067,10039
Test/Mftf/Test/AdminCacheValidationGroupedProductSoldOutCustomStocksTest.xml,9a1c51261c57fc3dce700dcef767e875ed1c30e200a71e253962dfe502dcd069,7919
Test/Mftf/Test/AdminCacheValidationWhenDownloadableProductIsSoldOutOnMultipleStockModeTest.xml,08070be5237ef383bd13ed41b21cb980dd903243092a255f9a630ead36e13772,12249
Test/Mftf/Test/AdminCacheValidationWhenDownloadableProductIsSoldOutOnSingleStockModeTest.xml,547012ea04909544dcefeee0875a8a64c3d13d31d8fc0a0ed39d8af869b19219,9758
Test/Mftf/Test/AdminCacheValidationWhenGroupedProductIsSoldOutOnSingleStockModeTest.xml,19b1484aa7bf5ed3adb17a1d3174a08cc4af85f10965290ddf1763e1889c24df,9912
Test/Mftf/Test/AdminCacheValidationWhenSimpleProductIsSoldOutOnMultipleStockModeTest.xml,f3518f3b47d7a95e46fb7b49679b04ba57fa3f541eacca0a763bfdd4d41a675c,8794
Test/Mftf/Test/AdminCacheValidationWhenSimpleProductIsSoldOutOnSingleStockModeTest.xml,c927b3d4a4033de55d4ad1a55c47767ddd19347bbe7b5443cea05b95255c485c,7841
Test/Mftf/Test/AdminCacheValidationWhenVirtualProductIsSoldOutOnMultipleStockModeTest.xml,44524a98bae62076b49b6d0752dd1372d5ca6a48004ebfa342e133607826f213,8457
Test/Mftf/Test/AdminCacheValidationWhenVirtualProductIsSoldOutOnSingleStockModeTest.xml,36086336667d0b3274ea0069c33763224d69a140d87b5d2526228ced166fe115,7501
Test/Mftf/Test/AdminCanDeleteSourcesAssignedToStockTest.xml,4536bde9e68b8083f1846c6afbe43c3989e114de756edde4842246e9d47686d3,9542
Test/Mftf/Test/AdminCancelOrderConfigurableProductTextSwatchAttributeCustomStockTest.xml,f2fc8e82f487ed311a9352bc19e60fef0cc4cf0b52567edfd26e25405118814a,7526
Test/Mftf/Test/AdminCancelOrderConfigurableProductWithDropDownAttributeAndCustomSourceTest.xml,9f3668bffc733ebb63996510aa6cd04efd4dceac6c9f0634bcf07b1e4ee43fdf,7951
Test/Mftf/Test/AdminCancelOrderDownloadableProductCustomStockTest.xml,c34792069cd995a90436272bd62de9f735f824dd64fc8268be9a1c863683c661,4222
Test/Mftf/Test/AdminCancelOrderWithBundleProductDefaultStockTest.xml,60ee0e7a2126b8c1c2838717719999d888d3df6426ec30be43203834335ab79d,2756
Test/Mftf/Test/AdminCancelOrderWithBundleProductShipSeparatelyCustomStockTest.xml,7a040378db382954726df194485a5cef7ac7749c1501a43419847d1d2bf45747,6536
Test/Mftf/Test/AdminCancelOrderWithGroupedProductCustomStockTest.xml,f3a8c62e9052a55b195526dfcc58767ac81b35570739747d363e3ad9d8819b8d,6768
Test/Mftf/Test/AdminCancelOrderWithGroupedProductDefaultStockTest.xml,c008985b2aa68a689d5face9999451e920469291f404c5fe689371bb9bb6ecd8,5135
Test/Mftf/Test/AdminCancelOrderWithSimpleProductCustomStockAfterPartialInvoiceTest.xml,42de40180102c2fd9e1f4bb65032ab9a13dc973d32e97e48338e1fbbbc250d5b,10553
Test/Mftf/Test/AdminCancelOrderWithSimpleProductCustomStockAfterPartialShipmentTest.xml,be7a6f3b7419fcf81006b82be25125c5d34610da9a3b4af483b2840d9efbb572,10226
Test/Mftf/Test/AdminCancelOrderWithSimpleProductDefaultStockAfterPartialInvoiceTest.xml,81ae095f74034d50d56ab841a0bbeac3dd61477428d5a874ee913092b87fb745,9319
Test/Mftf/Test/AdminCancelOrderWithSimpleProductDefaultStockAfterPartialShipmentTest.xml,f3d4150f05541c0d6e6ab8596d25d65c0501deec8989b1774c59aa6a96a68664,8827
Test/Mftf/Test/AdminCancelOrderWithVirtualProductCustomStockAfterPartialInvoiceTest.xml,c13879ff6c624e08143323eab005f72482979bda8dcee655319a03afa8a71237,9983
Test/Mftf/Test/AdminCancelOrderWithVirtualProductDefaultStockAfterPartialInvoiceTest.xml,cab57900ed213cf1814638ee467300472cb8d5ed45593aa7c58b8ec505e9c6ee,8545
Test/Mftf/Test/AdminCancelOrderWithVirtualProductDefaultStockTest.xml,7ea54a9583a8553b810247bf34dce3173cb2a720211e8caea2bd5d0288cc8643,2736
Test/Mftf/Test/AdminCannotEditExistingSourceCodeInGridTest.xml,59f1fb8289a12e738a8bdeaaae6fabf9140beb67b961aa1d17040deb13c6ba64,2131
Test/Mftf/Test/AdminCatalogQuickSearchForBundleProductInSingleStockModeTest.xml,d5fe0a70b6557317ff0c38892f9f1d4b179e326bc4080b4286d12cf9a63be0bd,4643
Test/Mftf/Test/AdminCatalogQuickSearchForConfigurableProductOnTestStockTest.xml,95319d6add15c9de07e12cd2f1991af8f091638c48ad1a93f0d9c3957e144c37,7869
Test/Mftf/Test/AdminCatalogQuickSearchForDownloadableProductInSingleStockModeTest.xml,a7d4e3368656c3af1e5fd006b82e7a1bd6c730a5674b22ebd40ed6818110629f,6299
Test/Mftf/Test/AdminCatalogQuickSearchForDownloadableProductOnTestStockTest.xml,fa62b049aac7dd856df48e46b1b3e12a1716032885e27802a2f2b02323a51fa3,3779
Test/Mftf/Test/AdminCatalogQuickSearchForGroupedProductInSingleStockModeTest.xml,e3f574218a00eb497175bf680babcef22a089d2ab3412b5d299b66806552d93a,5917
Test/Mftf/Test/AdminCatalogQuickSearchForSimpleProductOnTestStockTest.xml,52f7b3e03da74e1610b6fd41844eceee1b2ddf85658d03c486e9444ead04184a,4485
Test/Mftf/Test/AdminCatalogQuickSearchForVirtualProductInSingleStockModeTestst.xml,b1556f9cd0b09fed9816c758fdba578afb388f31bd8b147c39d1326278bc25a9,3720
Test/Mftf/Test/AdminCatalogQuickSearchForVirtualProductOnTestStockTest.xml,233eff34fb6696b5230d5b36dc78dfaa0096f54ce391b28fe91134160df4534a,4116
Test/Mftf/Test/AdminChangeCodeMainWebsiteTest.xml,83ecd40cbb1c91a76285c976bcf08ef6bb70f17372f1e46ff059aa01a666b7c1,4063
Test/Mftf/Test/AdminConfigurableProductCustomStockMainWebsitePriceVerificationTest.xml,74723b7818e9447ec71ad52c3dd10072d6f94f8e0af84b6d30cb2c1bc1303189,13272
Test/Mftf/Test/AdminConfigurableProductDisabledManageStockOnCustomStockTest.xml,5cf1c890e7b984d7acbd56e96ff65dcd7a71165a1fcd907406415bc006286746,15769
Test/Mftf/Test/AdminConfigurableProductDisabledManageStockOnDefaultStockTest.xml,12b004f88f2642f2fe594eeda21dc4232c155a5791804cc8297e8153a5d922cb,13298
Test/Mftf/Test/AdminConfigurableProductDisabledManageStockOnProductPageCustomStockTest.xml,a0753225255be92b1b0d0321f06f685adf99e71bef72e9fb4fb7d5b99fc903ee,16989
Test/Mftf/Test/AdminConfigurableProductDisabledManageStockOnProductPageDefaultStockTest.xml,8dae391c60f7cd11b96d09bd30a5c69abcd31f63a5830756bf10cece17bfea5a,16078
Test/Mftf/Test/AdminConfigurableProductWithDisabledAndOutOfStockChildrenOnAdditionalStockTest.xml,78337f9c1e64ce1064c91181e8765794ff6fcc5929f79edb63dfa5ebed85f2fb,10271
Test/Mftf/Test/AdminConfigurableProductWithDisabledChildrenOnAdditionalStockTest.xml,c4349ac089df42a04c253701916dc8283835f4d5e078cfb259d74c584d41d035,9038
Test/Mftf/Test/AdminConfigurableProductWithDisabledChildrenOnDefaultStockTest.xml,77fb88d6d6b8c2ebecc2f9d404a18820af6261770b4c58784ddfdb4f287815c9,8898
Test/Mftf/Test/AdminConfigurableProductWithOutOfStockChildrenOnAdditionalStockTest.xml,2e3b0b2f517c0ab5a7b55b7bf5b32a01dce4e379e9300a1bc8e6d1cc9b30d682,9120
Test/Mftf/Test/AdminConfigurableProductWithOutOfStockChildrenOnDefaultStockTest.xml,80ca53b4741e6f6731ded2ec1f1cf76e5b11200e847b719c0d7cbe988678fcec,9030
Test/Mftf/Test/AdminCreateBundleProductAdditionalStockAdditionalWebsiteTest.xml,4db1d08b10680b8eaac34a8430b32d04e1c10a5efeda6f5bf46dcb92353ad574,8411
Test/Mftf/Test/AdminCreateBundleProductDefaultStockAdditionalWebsiteTest.xml,132907a63e95988341daa8fb6d3ab38140c9ca1e1ccd11a70c44d311450966b6,2228
Test/Mftf/Test/AdminCreateBundleProductShipSeparatelyCustomStockTest.xml,cae97d43f56eb697313bd37b7be30dc55c39196ab9b60a3d597b950265d21775,6205
Test/Mftf/Test/AdminCreateBundleProductShipTogetherCustomStockTest.xml,26cc819df2afee58807ff0648eb21960f2dbc312b359049538d826201ddb9c5b,5885
Test/Mftf/Test/AdminCreateBundledProductOnSingleStockModeTest.xml,f7612d4dad04368e6370693f2715c5102eacc008cc65bff91a32b4193aa11ec9,5412
Test/Mftf/Test/AdminCreateConfigurableProductDefaultStockAdditionalWebsiteTest.xml,e5c4393789dae27816a0a3f1d2fc5e6fb10a6deee1ff8c127fecef1e48c7e991,12817
Test/Mftf/Test/AdminCreateConfigurableProductTextSwatchAttributeCustomStockMainWebsiteTest.xml,28c502fbca9fef1125968fa4ff611a81e8044533c3096cb145274e041fec1c16,11072
Test/Mftf/Test/AdminCreateConfigurableProductVisualSwatchAttributeCustomStockCustomWebsiteTest.xml,bb1bc5a9d8b7401268d659db81a689c7c7ce6cf69faf5e17c03c1fc8be6bb6c5,13015
Test/Mftf/Test/AdminCreateConfigurableProductWithSwatchAttributeDefaultStocksTest.xml,7d7381341d50b160bb2314996f55b6fc591607029f888ad3034bcc1d845ca387,8780
Test/Mftf/Test/AdminCreateConfigurableProductWithSwatchAttributeMultipleStocksTest.xml,ce4465a371b4e4180d1711c3364bba828fb1f13c42e9d7f2b9e359800299343f,14156
Test/Mftf/Test/AdminCreateCreditMemoAfterFullInvoiceFullShipmentBundleProductCustomStockCustomWebsiteTest.xml,e990653b7ec4f5b8975b3fc41b3d313447fc276d8172d4bb2efbcc761512677b,10758
Test/Mftf/Test/AdminCreateCreditMemoAutoReturnToStockVirtualProductCustomStockTest.xml,f87a811554ccc830a1cbba28876a19e5d886f4b56e979bd4134a1f2f2fc5c0f6,4946
Test/Mftf/Test/AdminCreateCreditMemoPartialRefundBundleProductCustomStockTest.xml,bb2b27544f0efce13863d79359a0a7acec32850f16122f9fd7cacd58d59b57ac,2735
Test/Mftf/Test/AdminCreateCreditMemoPartialRefundFullInvoiceBundleProductCustomStockTest.xml,5646e741cdcf978acc98c1511b949d0bf7f1f985abf28134c857c3048aa5c444,7392
Test/Mftf/Test/AdminCreateCreditMemoPartialRefundFullInvoiceFullShipmentBundleProductDefaultStockTest.xml,2ecb7e4556cbcb2f93bdffd3e6b91bea24154d3e4a9a4214aca5748e64722558,8647
Test/Mftf/Test/AdminCreateCreditMemoPartialRefundFullInvoiceFullShipmentGroupedProductCustomStockTest.xml,8aedb65284bab617f91c53d36010d3a02a631dadae7c06ca340a07f585a48deb,3644
Test/Mftf/Test/AdminCreateCreditMemoPartialRefundFullInvoiceFullShipmentGroupedProductDefaultStockTest.xml,90f69b48cbe5e375fcd3c399106a2460bc54f553da3fca07828512b65eeb61f5,2081
Test/Mftf/Test/AdminCreateCreditMemoPartialRefundFullInvoiceFullShipmentSimpleProductCustomOptionsCustomStockTest.xml,950cac720816d51624cad11f3ed66dc053e64b45d14e91af9d1269b519e4737c,6708
Test/Mftf/Test/AdminCreateCreditMemoPartialRefundFullInvoiceFullShipmentSimpleProductCustomOptionsDefaultStockTest.xml,d048482307d2d1beb6e8e8be08252b2b77d4538b22737c4538a4ccbb5dad6a4f,6222
Test/Mftf/Test/AdminCreateCreditMemoPartialRefundFullInvoicePartialShipmentBundleProductDefaultStockTest.xml,d0413af5fc503a00bccae898db9190501fa54285df3320eda9cec05c9c094ae4,8898
Test/Mftf/Test/AdminCreateCreditMemoPartialRefundFullInvoicePartialShipmentGroupedProductCustomStockTest.xml,24e53b45cd7c5855388a94e11d22672a56d4ca16940dd2fcd0db33e95edf9c47,7911
Test/Mftf/Test/AdminCreateCreditMemoPartialRefundFullInvoicePartialShipmentGroupedProductDefaultStockTest.xml,10026fd8a38f9f5dd3bb6b12fe463f990f2a1ac9642a5c98f3825dc03c4bceb0,2272
Test/Mftf/Test/AdminCreateCreditMemoPartialRefundFullInvoiceVirtualProductCustomStockTest.xml,fe1577682a95fbf59883296dbe03724d78c2408862237888b210bdabcc2229a5,3568
Test/Mftf/Test/AdminCreateCreditMemoPartialRefundFullInvoiceVirtualProductDefaultStockTest.xml,2cfa5ad5564e375bd467017356ec479f41b9c36b7ca63cda961e8849fdc8287a,5227
Test/Mftf/Test/AdminCreateCreditMemoPartialRefundPartialInvoicePartialShipmentBundleProductCustomStockTest.xml,dfbd6af8c8ff71cfea1322aa766a11994523e307c5fb0ca0d08ee6b69b236af3,8092
Test/Mftf/Test/AdminCreateCreditMemoPartialRefundPartialInvoiceVirtualProductCustomStockTest.xml,5f58fbe3dfc4f3e2c8d8f7a24f8f4f3c6578117ff75735bc370fc55a3a54027b,6066
Test/Mftf/Test/AdminCreateCreditMemoPartialRefundPartialInvoiceVirtualProductDefaultStockTest.xml,eb873f0150b0ccb8addd617f8ab5898c60752f7741a0b58eeda85e71be8d0fd1,3389
Test/Mftf/Test/AdminCreateCreditMemoPartialRefundPartialShipmentBundleProductCustomStockTest.xml,ef96005019f971540583e769174e5d495ad05e7cdc7e44ef08b79ad48b705f8c,3462
Test/Mftf/Test/AdminCreateCreditMemoPartialRefundPartialShipmentPartialInvoiceBundleProductCustomStockTest.xml,01c1f5026ef4747faaf6b37701e02d4c4c289325f2993ccc3c1adad4098c5d02,4096
Test/Mftf/Test/AdminCreateCreditMemoPartialRefundVirtualProductCustomOptionCustomStockTest.xml,f0e62cdae1e0f4e1b487c3e42bbd796cc0e7dbfc112676558ce5e6fc9860c70c,6127
Test/Mftf/Test/AdminCreateCreditMemoPartialRefundVirtualProductCustomOptionDefaultStockTest.xml,da44e52c44186d809ade4d5751cd1058272599cd8e2a224ed79dd396a4b0bbb0,2010
Test/Mftf/Test/AdminCreateCreditMemoPartialReturnToStockAfterFullInvoiceFullShipmentSimpleProductsCustomStockTest.xml,8ceb3843348b40cc131c4ac6fc45d12ec4221a50df102992310bd5a2c896efcd,8448
Test/Mftf/Test/AdminCreateCreditMemoPartialReturnToStockAfterFullInvoiceSimpleProductsCustomStockTest.xml,fe04b9fd86ec2661ed2659677461f1baacdb501bc3eef3035892be46dcd15500,8185
Test/Mftf/Test/AdminCreateCreditMemoSimpleProductWithChangedSkuCustomStockTest.xml,3e55bf38b4b673757eeae21940f2c10320b7f93ec31e2efeb48612790d9b7661,8642
Test/Mftf/Test/AdminCreateCreditMemoSimpleProductWithChangedSkuDefaultStockTest.xml,1907ac054c37973512ca829c14aff25958cfc01c48b2785ae4e2100e3630bd3e,8246
Test/Mftf/Test/AdminCreateCreditMemoTotalRefundBundleProductCustomStockTest.xml,2b20b8e4b434e62043b8f8a66648734563ddc26d95a899547b181b0f271c807e,9127
Test/Mftf/Test/AdminCreateCreditMemoTotalRefundBundleProductDefaultStockTest.xml,93c787601e806ebb7ff1b43cf6b7d977ff204c59267f8c81a88fd67d758082be,2684
Test/Mftf/Test/AdminCreateCreditMemoTotalRefundFullInvoiceFullShipmentBundleProductDefaultStockTest.xml,87eea8cc8aac9f3afd38266f3f42088634c6a45a383ff15beaa5318bc4ae697a,6707
Test/Mftf/Test/AdminCreateCreditMemoTotalRefundFullInvoiceFullShipmentGroupedProductCustomStockTest.xml,c6a8dde437a98d18ea0bab1dd7eba9f78192739f87666fe430ae2f848f4db081,7632
Test/Mftf/Test/AdminCreateCreditMemoTotalRefundFullInvoiceFullShipmentGroupedProductDefaultStockTest.xml,04e81f59b151fd23f2de227a47b09716ce96e8d204d146f195531aa8e6026749,8039
Test/Mftf/Test/AdminCreateCreditMemoTotalRefundFullInvoiceFullShipmentSimpleProductCustomOptionsCustomStockTest.xml,a5852ea9280a8e0a2a94eb49a6f72632e6ab367630c3c48ff61217bdcca1969e,6755
Test/Mftf/Test/AdminCreateCreditMemoTotalRefundFullInvoiceFullShipmentSimpleProductCustomOptionsDefaultStockTest.xml,9c2b4c16528fd6d79c2675bba05a21ec4b4165dd6ed302961ccc2b03e3ce1c0e,6174
Test/Mftf/Test/AdminCreateCreditMemoTotalRefundFullInvoiceGroupedProductCustomStockTest.xml,bc0ef55cbfad35afa455cc6a23f0f1ff2fde156c56fe5710eeb77c47b443429c,3257
Test/Mftf/Test/AdminCreateCreditMemoTotalRefundFullInvoiceGroupedProductDefaultStockTest.xml,58ec7d6fda31d2b2302fd72956a4edcf3ff695cebc861d49305f25e0e2da0bd1,7543
Test/Mftf/Test/AdminCreateCreditMemoTotalRefundFullInvoicePartialShipmentBundleProductDefaultStockTest.xml,8d6b4018898496ebfb9b80ae1c6137df57d25ca7baef747a0c0ec041b63277aa,7112
Test/Mftf/Test/AdminCreateCreditMemoTotalRefundFullInvoicePartialShipmentGroupedProductCustomStockTest.xml,04017423fc667fa5e73e10d3b061646b39e976e8a7f8e0168ba9a110ea8dc52f,3515
Test/Mftf/Test/AdminCreateCreditMemoTotalRefundFullInvoicePartialShipmentGroupedProductDefaultStockTest.xml,21529750ab86b0322e45d219760f918682a0fe7cfaf08bb1a31234fad7b224cf,1365
Test/Mftf/Test/AdminCreateCreditMemoTotalRefundFullInvoiceVirtualProductCustomStockTest.xml,5130fb40bfc2967652dd5bdc36c06bf92106c22ccbd1f946e6edb106906837a3,3245
Test/Mftf/Test/AdminCreateCreditMemoTotalRefundFullInvoiceVirtualProductDefaultStockTest.xml,1ddb7582558bdf38c0a984deae9a0a30ec21234e912721a3bd9cb4b62a1cc46c,6788
Test/Mftf/Test/AdminCreateCreditMemoTotalRefundSimpleProductNumericSkuTest.xml,7b26aa27bc43b0c943aaede45566692616990c3a79ce0468800002d6142c6987,5269
Test/Mftf/Test/AdminCreateCreditMemoTotalRefundVirtualProductCustomOptionCustomStockTest.xml,e6440537d0d87e171198e3ecdb0b07914f464e879930b21f4c81b4a086b7bbf4,3250
Test/Mftf/Test/AdminCreateCreditMemoTotalRefundVirtualProductCustomOptionDefaultStockTest.xml,1bcdb06de068b607830d00f87b7b917df1942804b89ec47ac9246052f51b0cb4,7294
Test/Mftf/Test/AdminCreateCreditMemoWholeOrderWithConfigurableProductFromCustomSourceTest.xml,565a358fab9e01ef3eed976fa7a9b45dd01609f079ed2803a849746e6d76dbe2,8175
Test/Mftf/Test/AdminCreateDownloadableProductOnSingleStockModeTest.xml,60b4d006e08625bfea2e20bda15ce87231f31cf62eb76aa93c169f8e73b9833f,8203
Test/Mftf/Test/AdminCreateDownloadableProductWithCustomStockTest.xml,0f4a7384620a4084b2e6eecdb128a9efaa701d8a6f5b08ea85c37d07f9d6a2da,10661
Test/Mftf/Test/AdminCreateDownloadableProductWithDefaultSourceTest.xml,d16bb631ab87bee8ba8abc51a1c691ab9de16cf1370bd1226b04b45a48efb180,9776
Test/Mftf/Test/AdminCreateFullInvoiceBundleProductDefaultStockTest.xml,4931735fbd7d5fbb539c5e18378f05c9907d3b17271c5fb1a3b7b09d4348870c,8037
Test/Mftf/Test/AdminCreateFullInvoiceForOrderWithDownloadableProductOnCustomStockTest.xml,21ecc12a755673f5a87ba4c2077d82e4f3d76c15968859588d58f447c63e6432,5773
Test/Mftf/Test/AdminCreateFullInvoiceForOrderWithDownloadableProductOnDefaultStockTest.xml,fdf773f959f6057e3d3feac1240ac25a2695aefbcd25e9195a5d734bb56b99a3,2660
Test/Mftf/Test/AdminCreateFullInvoiceForOrderWithGroupedProductInSingleStockModeTest.xml,4f8fa1fbae5749a7665ec00e86258eedff34de41a63882a5506d4adb85abd003,9368
Test/Mftf/Test/AdminCreateFullInvoiceForOrderWithSimpleProductOnCustomStockTest.xml,a84687c20fbccc8b0805c358d32b357e8cd5532e31e0e6e47270363f05c0d58f,5318
Test/Mftf/Test/AdminCreateFullInvoiceForOrderWithSimpleProductOnDefaultStockTest.xml,0c905f059e1009139625d0ccd97b5bd7c5c341e540687df27d330d6ef7cf1e01,7370
Test/Mftf/Test/AdminCreateFullInvoiceForOrderWithVirtualProductOnCustomStockTest.xml,7121538433209b6eeede6a999bbfd56178934d6223d9734dadde7e713720a014,10214
Test/Mftf/Test/AdminCreateFullInvoiceForOrderWithVirtualProductOnOneCustomStockTest.xml,c85a836c717061f09bc770900515b8f42f68c00c0df7c9f7f2ac646d1fd46130,5625
Test/Mftf/Test/AdminCreateFullInvoiceForVirtualProductInDefaultStockMainWebsiteTest.xml,dd9237c256c0cb5fc4d807b31170f2a36c2ebca4eda705fd75f99727de2c06cc,7414
Test/Mftf/Test/AdminCreateFullInvoiceGroupedProductCustomStockTest.xml,6dc20fd01e9e9e726cfa9a340345bd0240d5c47083ef3b8ae01dc50d4b719ad0,3881
Test/Mftf/Test/AdminCreateFullShipmentSimpleProductWithCustomOptionDefaultStockTest.xml,4891ce040fec577f83469869e40458d891550be7b79f654973941f9395bd03be,6307
Test/Mftf/Test/AdminCreateGroupedProductAdditionalStockAdditionalWebsiteTest.xml,e31052a668317104c6e2294cfcd8f29ed764109fdc12037bebbe111c1c106b86,8049
Test/Mftf/Test/AdminCreateGroupedProductCustomStockTest.xml,37d58424f9dafbb89529b1819086cae0d42bb84f68e4e4d2d9718913c60cd739,5376
Test/Mftf/Test/AdminCreateGroupedProductDefaultStockTest.xml,0589ade346e0d7eb30d82326ee243442a574ab6796231204d17b6b471f6c87a9,4275
Test/Mftf/Test/AdminCreateInvoiceForVirtualProductInSingleStockModeTest.xml,6155da7f80d586afc69f4a38d89bb67299d95733abbc155c6a4c89f5fe38bd10,8192
Test/Mftf/Test/AdminCreateNewSourceAndCheckDisableSourceCodeTest.xml,6b879d7a48c4ba8ddfc52ffdbfeda4118427e21d78cb80b49831b4c5e81f3d5d,4500
Test/Mftf/Test/AdminCreateNewSourceTest.xml,1a1d02282f5f5e82f352d6b748d9c645d0da88b12dbec154e42ebd68808eceb4,7500
Test/Mftf/Test/AdminCreateNewStockWithNoSourceOrSalesChannelTest.xml,f247462731003cd9786748eb4e233ffb07051223983089f7921cb1293529e355,1918
Test/Mftf/Test/AdminCreateNewWebsiteWithStoreAndStoreViewTest.xml,5e627eba9c5568e47c07fc004e05e04f35f03a789b26459a60568af1487760b2,4825
Test/Mftf/Test/AdminCreateOrderWithBundleProductDefaultStockTest.xml,7982b2b755ff604fe64270de812645bf23941e1a7148d2a131e1a3435ec92c1b,7964
Test/Mftf/Test/AdminCreateOrderWithBundleProductShipSeparatelyCustomStockTest.xml,f3dabcf4c9e7d4428a46acf3bcfd573a5b7c3fac817665a27c2a765ad70c2e16,7718
Test/Mftf/Test/AdminCreateOrderWithBundleProductShipTogetherCustomStockTest.xml,d5738d1780412f866d42ea3cef57c76d7b92a3eaae3059217be0abc81ae1b2e2,7690
Test/Mftf/Test/AdminCreateOrderWithDownloadableProductDefaultStockTest.xml,d49bf17d9b4a9a11246a682bc30056c6a0b8093527d7799850d2b84721bd0b91,10537
Test/Mftf/Test/AdminCreateOrderWithGroupedProductCustomStockTest.xml,fd75a4c4ebf96c25084051111dbd4b204369bdcd31e7e543a712c127ff82c140,4311
Test/Mftf/Test/AdminCreateOrderWithGroupedProductDefaultStockTest.xml,dafe8cecf73deb28a2cafc42c7860e63105946b4fb300b495612f7bff373a31c,11244
Test/Mftf/Test/AdminCreateOrderWithGroupedProductSingleStockModeTest.xml,8ddf86b758cf0442bcfe743ca6f4458cfa5df080fcb9f3a5deb3503e0bcc1c19,8889
Test/Mftf/Test/AdminCreateOrderWithMultipleAddressCustomerWithSimpleProductTest.xml,babca9a7b8783317bcf8d9d91e6974c2861b0298cc44e6f59c09b4f6d6a36bb3,4914
Test/Mftf/Test/AdminCreateOrderWithSimpleProductOnDefaultStockFromMainWebsiteTest.xml,88418296df352ac47d71a44546d3a86f6698e910e59acb2e779a48f465c53771,6726
Test/Mftf/Test/AdminCreateOrderWithSimpleProductWithAllQuantityDefaultStockMainWebsiteTest.xml,2dc8d91f0d02f84476d9349566245108c3f4f637069646b69307f95d1ea130be,3771
Test/Mftf/Test/AdminCreateOrderWithVirtualProductDefaultStockTest.xml,69965db00716aefb514994007518ef4891802a0c96f88e1a24416cb1a350adda,7217
Test/Mftf/Test/AdminCreatePartialCreditMemoFullInvoiceConfigurableProductCustomStockTest.xml,3f4827242902efbf02ef83d90b587565043b962aedecca48af6893b4a00e7ee9,10630
Test/Mftf/Test/AdminCreatePartialCreditMemoFullInvoiceFullShipmentConfigurableProductCustomStockTest.xml,80a2afbf74f5ef617bd54bc506bf2545d466cf7e777fc07530815034921a3b53,2134
Test/Mftf/Test/AdminCreatePartialCreditMemoFullInvoicePartialShipmentConfigurableProductCustomStockTest.xml,8d52c3cfd41915c1158b5a7e25a48482e7a36fabed2469498ecd004140022ddb,2292
Test/Mftf/Test/AdminCreatePartialCreditMemoPartialShipmentPartialInvoiceConfigurableProductCustomStockTest.xml,56e78a68c25301a4e19b6eb4fb91092757754106b76de893f3be08dee603c496,4207
Test/Mftf/Test/AdminCreatePartialInvoiceBundleProductDefaultStockTest.xml,4bdc3904302295f818e93d7fe0d041b91144eaf470aae4277586bdf1ca850b2c,2109
Test/Mftf/Test/AdminCreatePartialInvoiceForOrderWithDownloadableProductOnCustomStockTest.xml,44ec2166df08896838d58f11d15a38cd750d9025be8331802e45ffa79ffc60ae,3104
Test/Mftf/Test/AdminCreatePartialInvoiceForOrderWithDownloadableProductOnDefaultStockTest.xml,a84bce7c580eb15512fb96365b0066238a21d5c7ccc27598cfed1e2c7b1c2bbd,5862
Test/Mftf/Test/AdminCreatePartialInvoiceForOrderWithSimpleProductOnCustomStockTest.xml,f0583f0236f735e63ceeba22f2c1b576ea7b86bf7b0450b95250244e8c38bdba,9062
Test/Mftf/Test/AdminCreatePartialInvoiceForOrderWithSimpleProductOnDefaultStockTest.xml,13e84e00468099f15c451d3b091f7a7168f237bb1d75e21a4875ac66e207f7aa,7828
Test/Mftf/Test/AdminCreatePartialInvoiceForOrderWithVirtualProductOnCustomStockTest.xml,1a58ac42d8c17167addc19588c9d6152c6640564b06ac4706859cf631760a9f4,10679
Test/Mftf/Test/AdminCreatePartialInvoiceForVirtualProductInDefaultStockMainWebsiteTest.xml,e41200c096348e3a5a7bc14bec2533836f4481b0d7bd7ff0ddbcbd102effaf77,6700
Test/Mftf/Test/AdminCreatePartialInvoiceGroupedProductCustomStockTest.xml,1f8fed89f5f648a655b1e6a6cd84ec88c6968c44788de55c2b05bf4f41c8138f,3429
Test/Mftf/Test/AdminCreatePartialInvoiceGroupedProductDefaultStockTest.xml,d0bc5910067e4292e055d5f90d749ffd883992608967484fe828c3eee1ef3cf6,8027
Test/Mftf/Test/AdminCreatePartialShipmentBundleProductCustomStockTest.xml,ac966964d567a4750541d0a74fb0246a1f09b9c4485a54623a4009ad2979b19c,3546
Test/Mftf/Test/AdminCreatePartialShipmentForOrderWithConfigurableProductFromCustomSourceTest.xml,3edc1d707d9ca96bbbd7902d9fb00945ab74d467d06093bbf466570e784ee7f6,16103
Test/Mftf/Test/AdminCreatePartialShipmentForOrderWithSimpleProductFromCustomSourceTest.xml,021b45eb4ef9369a1a97dd9ef7a3306fca420a2acb7d4a6de4f2aa5ad9a94d10,10600
Test/Mftf/Test/AdminCreatePartialShipmentForOrderWithSimpleProductInSingleStockModeTest.xml,fdffe1fcace369866c10be3ed58e040db0e987b1a25406c66c9ad5d6bcd54056,7580
Test/Mftf/Test/AdminCreatePartialShipmentGroupedProductCustomStockTest.xml,214addc2131b04dd4d7bb0ac02d037e2118a635f2192efc3a49a2252b09df7c6,7998
Test/Mftf/Test/AdminCreateScheduledPermanentUpdateBundleProductCustomStockTest.xml,6fb765b4d977251dce60a286d40280796bce8157beb2a4894fd5d708d8093d2b,6264
Test/Mftf/Test/AdminCreateScheduledPermanentUpdateBundleProductDefaultStockTest.xml,64dfd16378795d70e53753b58d18239ac7ac9032ad1ea4dec715bb714d85f51a,5073
Test/Mftf/Test/AdminCreateScheduledPermanentUpdateConfigurableProductCustomStockTest.xml,7400cfd84960e981364f4a2eb58f8f4cbe15361581022cb12a8682a7a27928f0,5809
Test/Mftf/Test/AdminCreateScheduledPermanentUpdateConfigurableProductDefaultStockTest.xml,c655457d09bfce0639ea5acb7b366787f4966c5067b48ac58d94df9cf18fdcec,4683
Test/Mftf/Test/AdminCreateScheduledPermanentUpdateDownloadableProductCustomStockTest.xml,3e903fc033be08f5d6a59e66f450e782ad40cc3447de737d03f73994ca607b70,4178
Test/Mftf/Test/AdminCreateScheduledPermanentUpdateDownloadableProductDefaultStockTest.xml,2efb24b6b390d796f3b4f0fb4eb464a5dc4a4fa94bb3966696be9a2837108258,3362
Test/Mftf/Test/AdminCreateScheduledPermanentUpdateGroupedProductCustomStockTest.xml,84a79c87c3192e91361f6b122d1c9036224d86079be3795136128b2d334acb60,5556
Test/Mftf/Test/AdminCreateScheduledPermanentUpdateGroupedProductDefaultStockTest.xml,72723752299e99e72d016d01d39ccc87b303a2d5c233e6e98a6ed14425e77fa6,4430
Test/Mftf/Test/AdminCreateScheduledPermanentUpdateSimpleProductCustomStockTest.xml,bdcb30b2cfc372b532ba61c84a0df091b758aa5aac0902a055a4c1b4a6e0abec,3751
Test/Mftf/Test/AdminCreateScheduledPermanentUpdateSimpleProductDefaultStockTest.xml,4ed191e4d58418ef8512abd2386ab9e11251722684f542cc55cf46f06de69fd6,2578
Test/Mftf/Test/AdminCreateScheduledPermanentUpdateVirtualProductCustomStockTest.xml,5d8d69909b2d05c39d4298d47433e619aa3e42878080a69d73373d6c50e9431c,3909
Test/Mftf/Test/AdminCreateScheduledPermanentUpdateVirtualProductDefaultStockTest.xml,45896c25f67111aa1ffa9763d284179db820ff41de3348088fd7315ba64d4109,2824
Test/Mftf/Test/AdminCreateShipmentBundleProductCustomStockTest.xml,9651a367519b270fc30f796dbc18f41f2e769bc52c392259902f16edd5151f1b,2724
Test/Mftf/Test/AdminCreateShipmentForWholeOrderGroupedProductCustomStockTest.xml,69348ca0ca57e2961d8643f21eb116b53a4726c17ef38475d616f51e1f0dbfed,8088
Test/Mftf/Test/AdminCreateShipmentForWholeOrderWithConfigurableProductFromCustomSourceTest.xml,0e18699b87e00761681f3c7045f196980c4f4e55282348dd081aac02bffeef72,8307
Test/Mftf/Test/AdminCreateShipmentForWholeOrderWithConfigurableProductFromDefaultSourceTest.xml,fd2711de4a5550af01c624b45533de055d473650707c26537bc377bb62ab90b6,6548
Test/Mftf/Test/AdminCreateShipmentForWholeOrderWithSimpleProductFromCustomSourceTest.xml,764c30c7b6594a888b9d7d27ac9619225bcf1f747d7bf0aac7178e737020b5c4,12519
Test/Mftf/Test/AdminCreateShipmentForWholeOrderWithSimpleProductInSingleStockModeTest.xml,588864b7d9483179b48fe3e62fb4723a69ec24e4c685ea9de4d45506f853f1c1,7511
Test/Mftf/Test/AdminCreateShipmentWithBundleAndSimpleProductsDefaultStockTest.xml,80d9e20fb0de60cc5ea8941b1b98666eb5e375b3d669d2982f67dab6c4b6c574,7450
Test/Mftf/Test/AdminCreateShipmentWithBundleAndSimpleProductsSingleStockModeTest.xml,cdf8667efd801fb10f7fa16663c5a8ce6b4addffbc2487f2e95ec0e0a5902d2e,6214
Test/Mftf/Test/AdminCreateShipmentWithChangedSimpleProductIntoConfigurableCustomStockTest.xml,68df4478b6a5ce65811994aaae021883c35b11d2e63a6d9e16adf7aea864fb67,8223
Test/Mftf/Test/AdminCreateShipmentWithChangedSimpleProductIntoConfigurableDefaultStockTest.xml,85feefc4a5d50723e17a53b210169884842c6797d526cc4d8830f2802f7a7fd3,7497
Test/Mftf/Test/AdminCreateShipmentWithDeletedSimpleProductCustomStockTest.xml,c9bebf3c885b3331be08dc4b0fda3841b48f4536cf8088690163cf21d423f63f,5674
Test/Mftf/Test/AdminCreateShipmentWithDeletedSimpleProductDefaultStockTest.xml,009a2647beb1da017b03492d3ffadc5366fc38520001f4750ad004121e20aa67,4869
Test/Mftf/Test/AdminCreateSimpleProductOnSingleStockModeTest.xml,9b9d04042ddd16148642ada73973948572152007c75b7fa79feaef9f4ed49181,4803
Test/Mftf/Test/AdminCreateSimpleProductReassignSourceTest.xml,d65eefe62a5ca3f5e743dc8472fcd7b01cc1342989573392e138ece0c2099470,2927
Test/Mftf/Test/AdminCreateSimpleProductWithDefaultSourceTest.xml,c1ebb6627ea53255e5eb28b8b58219b662b7954b9772ab09cf4dd4cce86aaf09,5483
Test/Mftf/Test/AdminCreateSourceCustomRegionTest.xml,a81867bd7046827a050133a15281f09b7060de91c958788ff44486814667c462,4138
Test/Mftf/Test/AdminCreateSourcePredefinedRegionTest.xml,e827233f261682be517af2f114d58efd0143d50ab77fb3401f7854d9a18c2d6e,4191
Test/Mftf/Test/AdminCreaterBundleProductDefaultStockTest.xml,ff7b0f17baf592f788e148bf6f61c9d96044dbbbeb0fc8186ed9c649eecd6231,5034
Test/Mftf/Test/AdminCreditMemoAutomaticallyReturnCreditMemoItemToStockForWholeOrderWithSimpleProductOnDefaultStockInAdminTest.xml,e26aab3a5f5748eca8e5bbec82472184d47754f8daf6c1bf70df2910885fcfae,4305
Test/Mftf/Test/AdminCreditMemoCreatedForWholeOrderWithSimpleProductOnDefaultStockAfterFullInvoiceAndShipmentInAdminTest.xml,e2aee6875e413d1f941ffb0d192d832ec9380bf26b071ea08223f7ba29db7168,6222
Test/Mftf/Test/AdminCreditMemoCreatedForWholeOrderWithSimpleProductOnTestSourceAfterFullInvoiceAndShippingInAdminTest.xml,bc40dae65136f00f56a1221359636b34035f8e3c3f1a91d536a78262cbc371e8,2342
Test/Mftf/Test/AdminCreditMemoCreatedWithFullRefundForOrderWithGroupedProductOnSingleStockModeAfterFullInvoiceTest.xml,8db3bf960340ca49515aa235e7b44b590e52162a47e037fe0ae81b176957658a,11556
Test/Mftf/Test/AdminCreditMemoCreatedWithFullRefundForOrderWithSimpleProductOnTestStockAfterFullInvoiceAndPartialShipmentTest.xml,4895d6a371c244c6db3535f75410e42d15bf93e2e785db74a874c3d04c7f12ff,2284
Test/Mftf/Test/AdminCreditMemoCreatedWithFullRefundWithSimpleProductOnDefaultStockAfterFullInvoiceAndPartialShipment.xml,b2da6db2529662ea286143cdbc8cc8a5da53c1ef575208133e8c72848781be0e,6657
Test/Mftf/Test/AdminCreditMemoCreatedWithPartialRefundForOrderWithSimpleProductOnDefaultStockAfterFullInvoiceInAdminTest.xml,e439c8d06121a6f66c9e5dbb39f7e6f612df13ca52137d0ee3418a91047fbe55,10802
Test/Mftf/Test/AdminCreditMemoCreatedWithPartialRefundForOrderWithSimpleProductOnTestStockAfterFullInvoiceAndPartialShipmentTest.xml,d9a29a54a36f7193f59a1170ad83ad0f13efc39f9dab53c4c5fdbd9f8de40e46,8299
Test/Mftf/Test/AdminCreditMemoCreatedWithPartialRefundForOrderWithSimpleProductOnTestStockAfterFullInvoiceInAdminTest.xml,d39b6180194f61bf474cbfc5659b02e8e832bad2bb0169f7a92aeea0cfefb424,2648
Test/Mftf/Test/AdminCreditMemoCreatedWithPartialRefundWithSimpleProductOnCustomStockAfterPartialInvoiceAndPartialShipmentTest.xml,4f86016f89a8b50b6f46805feaabcd6aa4c09c56ed38be4201a2a3af2954628d,11724
Test/Mftf/Test/AdminCreditMemoCreatedWithPartialRefundWithSimpleProductOnDefaultStockAfterFullInvoiceAndPartialShipmentTest.xml,014a3dc461acefcbb657accf63844d5fe8d324138609bb173ae35cfdb71308d7,6619
Test/Mftf/Test/AdminCreditMemoCreatedWithPartialRefundWithSimpleProductOnDefaultStockAfterPartialInvoiceAndPartialShipmentTest.xml,a22f8c1a49394521a5d680e65be8331bc072eb1a1bda23b14aa74b4d632fd2e1,13015
Test/Mftf/Test/AdminCustomNotifyQuantityAppliedOnProductPageToDownloadableProductOnDefaultSourceTest.xml,45ac5f16dd90043c8a1e7171c6ac5307d1fffa103ed879b747022c038224c411,3490
Test/Mftf/Test/AdminCustomNotifyQuantityAppliedOnProductPageToDownloadableProductOnTestSourceTest.xml,a34e6f091400ec501567f24dabd378ad8311341f273046c4798015d31761dbeb,4058
Test/Mftf/Test/AdminDecimalQtySimpleProductCustomStockTest.xml,07cb90809b6218c7ce6d124071b09c444af58e2a597af669b839d4cdf9a853fc,2681
Test/Mftf/Test/AdminDefaultStockCannotBeDeletedTest.xml,ef63b59dadaa0b935d8eb8f7cf41973ebcde49b370952b26abf29ad61bb7a9ac,2229
Test/Mftf/Test/AdminDisableManageStockGroupedProductProductPageDefaultStockTest.xml,15785b08c244f151ba038a269cbda2fe793f29817f9cb0b07cc62f8c24c9822d,2395
Test/Mftf/Test/AdminDisableManageStockInConfigurationGroupedProductCustomStockTest.xml,cb3f334f3271b91f0832f551fe595b447c9b6dcb775c985963830ffe5e925955,6641
Test/Mftf/Test/AdminDownloadableProductOutOfStockThresholdConfigurationCustomStockTest.xml,e61218735b9260ad75e45d45e9ba7523a5ce6ea3f578028391bbacecb3300141,5142
Test/Mftf/Test/AdminEachSourceQuantityCanBeSetTest.xml,10de517503a5b55d541fd4458270eaa373e19a2132ed9fc805cc1f648072e73f,4097
Test/Mftf/Test/AdminEnableBackordersVirtualProductDefaultSourceTest.xml,295fe128dee332a23014b433ffd841936d4790028de97b1b9898e1d21df20998,4595
Test/Mftf/Test/AdminFilterSourcesInGridTest.xml,a9a2d9c13556ef580e9c38304fabc89a19c63f8fa45a124ca904f7647d9acd28,3434
Test/Mftf/Test/AdminFilterStocksInGridTest.xml,7e7e8ba0eaa49a4b46683a461e29870bd40321a787e17ffa5776c081d50a5daf,3544
Test/Mftf/Test/AdminGroupedProductAdditionalStockDisableMangeStockOnProductPageTest.xml,f1d1972442bdb736ba43d24370dcee59efc3b739b2e2fe4fe46df70f58741aca,6265
Test/Mftf/Test/AdminInvoiceCreatedForWholeOrderWithConfigurableProductTest.xml,ea323a1839ed49727aa92ed142de3e6855ac96867c0434839328f7b4a5f9e6df,8089
Test/Mftf/Test/AdminInvoiceCreatedForWholeOrderWithGroupedProductWithChildsProductOnNonDefaultStockTest.xml,7222bad50971f51b81165b90dd30644087958f361ec0acb9f6dea20159fff557,6586
Test/Mftf/Test/AdminLowStockReportForSimpleProductWithDefaultStockAndZeroQuantityTest.xml,7ab24614452b7b91b7552b5acd7d93297eac17dc31b0dc29b14ed06702c26c47,4832
Test/Mftf/Test/AdminLowStockReportForSimpleProductWithStatusCheckAndDefaultStockTest.xml,f9d2b74d832a68aa3ff42cfc2992c044a3afe17c577d6c7720a542f5bbc56d7d,6450
Test/Mftf/Test/AdminLowStockReportSimpleProductTwoWebsitesTest.xml,e268a1f85341e0d6993b2d89e3473442af068e93219edef78ed80cebd636bbf4,8355
Test/Mftf/Test/AdminManageSourceGridChangeColumnOrderByDragAndDropTest.xml,648ee8357def9ddeb1342f480dcc7757e57a038db5b4acd9f0c923d8312f8a71,5089
Test/Mftf/Test/AdminManageSourceGridColumnsSortingTest.xml,7821084e644d88e259a8854f8d7a90a0e0e727609fdc4ce31dfb940d7024d245,10696
Test/Mftf/Test/AdminManageSourcesSearchByKeywordTest.xml,9aa54098ce06430e5057f9e1c0adc2376cfeead9d69c8b7528e6972b61a139c6,1988
Test/Mftf/Test/AdminManageStockGridChangeColumnOrderByDragAndDropTest.xml,24601d9eb686806c6f01d522cd44775006e483b5acd06987ee1d2ee6ce570715,4361
Test/Mftf/Test/AdminManageStockGridColumnsSortingTest.xml,24ecce07cae5e8ae8aac1a25c146282bb77f5c314d46798744aebc50b0f46eca,6613
Test/Mftf/Test/AdminManageStockInConfigurationTurnedOffForBundleProductTest.xml,6dc380ab92d1944df3724203cf3c13042b63c36d5e1cd61f3984375870ae68d8,6715
Test/Mftf/Test/AdminManageStockInConfigurationTurnedOffForDownloadableProductTest.xml,855356407f84a59c4f08c648bd4541a79e3c0edb1da8e1f93b703bd10bc1645f,6364
Test/Mftf/Test/AdminManageStockOnConfigurationPageTurnedOffForGroupedProductOnDefaultStockTest.xml,72aba6d26f512cd06bc8b8fb8c5a84485e3303bece7af0edad087d26e363da1f,6786
Test/Mftf/Test/AdminManageStockOnConfigurationPageTurnedOffForSimpleProductTest.xml,0d587ded1eb92a67631e25cd7026dcbd0ac9d66da764c0235ffa3761fcd0b20d,10403
Test/Mftf/Test/AdminManageStockOnConfigurationPageTurnedOffForVirtualProductTest.xml,8b38207c38a6ea432b59e89500fccb766aefdae4ece1c51b1e618372eb025cf6,5248
Test/Mftf/Test/AdminManageStockOnProductPageTurnedOffForDownloadableProductInTest.xml,24ff59ca69dbe35aad5bb9ac476391d803c2ab6cc4bcb1a8ab2ef37d11405b8b,5683
Test/Mftf/Test/AdminManageStockOnProductPageTurnedOffForSimpleProductTest.xml,cba29858a85d72a0d038b7040f142d003d04fd24166cd00a1ca9e617da7b4399,10784
Test/Mftf/Test/AdminManageStockOnProductPageTurnedOffForVirtualProductTest.xml,a367344638746d60fe588a236c5b15bd9be2d7a45a5a3d0d103f0a56e04d2093,4577
Test/Mftf/Test/AdminManageStocksSearchByKeywordTest.xml,baf75d80c7d5856498d4bbb417fe591c4a08953be5329d793e955d835e0ea3ed,1903
Test/Mftf/Test/AdminManualSelectingOfSourcesToDeductItemsInShipmentForOrderWithSimpleProductTest.xml,b90c919182e3ba985b912ae89f42c66c3947365b58b3afe06d959484c6c31cb9,13145
Test/Mftf/Test/AdminMassActionAssignProductSourcesForDifferentTypesOfProductsTest.xml,309418c8d24e93b4064552ab09cc0de95ec0fb025d7782539efcc57e111b40db,19870
Test/Mftf/Test/AdminMassActionAssignProductSourcesForSimpleProductsTest.xml,d763f7e6c4bd34ffddcac95909a71216c49309d299a416bdfc039e992726aad4,16461
Test/Mftf/Test/AdminMassActionTransferInventoryToSourceForDifferentTypeOfProductsTest.xml,49ab530ee51eed8f6796222a26f30b54d60cd41bfad2910325f918909c042a44,25691
Test/Mftf/Test/AdminMassActionTransferInventoryToSourceForDifferentTypeOfProductsWithOutOfStockStatusOnSourceTest.xml,acb9b7033a8ee3767ffd4e5a200f10d315cb4e40f2e21c1ff9c3b2ace510d3dc,28899
Test/Mftf/Test/AdminMassActionTransferInventoryToSourceForSimpleProductsTest.xml,ee8adc1444168df4fbe89b9fc6127a2dccd9aa4eabbde7aa6115a116a8b6891c,24617
Test/Mftf/Test/AdminMassActionTransferInventoryToSourceForSimpleProductsWithOutOfStockStatusOnSourceTest.xml,72cb22f0dfa239b2e1b174eade04d76d29f3687e58885ba94acb0fe06e8d61d1,29184
Test/Mftf/Test/AdminMassActionTransferInventoryToSourceTransferringNotifyQuantityForDifferentTypesOfProductsTest.xml,a5bd19cd13cb52716fa56a21f7e1165c5fab80f37df401cc4ba48d423a6aa4d5,29212
Test/Mftf/Test/AdminMassActionTransferInventoryToSourceTransferringNotifyQuantityForSimpleProductsTest.xml,52fbc4d05ba0aca2d2bc264c41c57e2f4142a88f0b875bbc0d356dc13f7524f5,29255
Test/Mftf/Test/AdminMassActionUnAssignAllProductSourcesFromSimpleProductTest.xml,2472fcce9c964894849c17cccb7473becdc7e2534e5c083e62f3940848b3c857,17942
Test/Mftf/Test/AdminMassActionUnassignProductSourcesForDifferentTypesOfProductsTest.xml,c179763a41b9061a27fa9557813fcf95fe681687875562897aff741bfb324225,24937
Test/Mftf/Test/AdminMassDisableMassEnableSourcesTest.xml,fd1467a6a4c825e351ddd3bdd8245618ae1c5f483df35803e2a6dae22663c632,2922
Test/Mftf/Test/AdminMultipleWebsitesAssignedAsSaleChannelsToStockTest.xml,61571bb4a12be0b231a567605dea255e1321b2a43fec9dc83d542943afc4e387,8517
Test/Mftf/Test/AdminNewWebsiteHasDefaultStockAssignedAutomaticallyTest.xml,de53f12b3bac126cf1fa33d58de04016d3d41f2a40d8d6de37cabf1ace972c2c,2852
Test/Mftf/Test/AdminNotAbleCreateBundleProductShipTogetherCustomStockTest.xml,25b223eb9620e1f6216be7ab97cc39c10ac28e12e8f6d316d9c624b8d0abf43b,5645
Test/Mftf/Test/AdminNotifyQuantityUseDefaultAppliedToSimpleProductOnConfigurationAdminPageTest.xml,b0aec472c96512d4d294c1d6f27d7c0f76788ff5d67d67a3850819d3975d71cb,10195
Test/Mftf/Test/AdminNotifyQuantityUseDefaultAppliedToVirtualProductOnConfigurationAdminPageTest.xml,ee60ae9979e89d244a0b4ec0791adc58ed5ba217f97a5df0d67a3d5828e0eaf1,9933
Test/Mftf/Test/AdminOrderCanceledWithConfigurableProductWithSwatchAttributeViaTheAdminTest.xml,395ceb1c3ac54963bada6f4c434d23e40ea128b7edf7c4079cb962cdb136c4af,3399
Test/Mftf/Test/AdminOrderCreatedForGuestCustomerWithConfigurableProductWithDropDownAttributeViaTheAdminTest.xml,8c947e32df199c11a16747d10b4e7aa652369837d76f4942751c6710bf215bb7,14223
Test/Mftf/Test/AdminOrderCreatedForGuestCustomerWithConfigurableProductWithSwatchAttributeViaTheAdminTest.xml,d13e93a4a3724c16287c0c2a0add7c2cb1fba87517aa71b605303169876c3a10,14818
Test/Mftf/Test/AdminOrderCreatedForGuestCustomerWithConfigurableProductWithTextAttributeViaTheAdminTest.xml,caa724c08ed1d047b08d8dd0a8f9ab1bd15ff137f65d492dc1a8750535d020a4,15055
Test/Mftf/Test/AdminOrderCreatedWithConfigurableProductWithSwatchAttributeViaTheAdminTest.xml,5e8c4ad616366c99222b1a25321ec8fbb6e622ddf9028e5ed2c48f8707c2d62a,14945
Test/Mftf/Test/AdminOrderCreatedWithConfigurableProductWithTextAttributeViaTheAdminTest.xml,1dfbab2e1a98f6752d4379135e0132f7ea9c89da5e7912ff4f0e61f53f9569b5,15424
Test/Mftf/Test/AdminOrderCreatedWithSimpleProductViaTheAdminTest.xml,104958ef5866ed993b1bad1b76ec4b71fb9aa7af24f1454cfa1142e521a9e1e7,10259
Test/Mftf/Test/AdminOrderWithGroupedProductWithChildsProductsOnTestStockCanceledFromTest.xml,cea703704f8bc658b50a1123cb2473c0188a525011ffaf8d9e2ce352e2471de3,6594
Test/Mftf/Test/AdminOrderWithSimpleProductOnDefaultStockCanceledFromAdminAfterFullShipmentTest.xml,cd7725a12353bdc6645f06e3f9c6b9ff4c3a39612a853df705286f8a5ade2fb4,1853
Test/Mftf/Test/AdminOrderWithSimpleProductOnDefaultStockCanceledFromAdminAfterPartialShipmentAndPartialInvoiceTest.xml,69037327201296b0315977c3d5abb99e1eb5b2b446b277d7fe56a4de270bf0e3,2903
Test/Mftf/Test/AdminOrderWithSimpleProductOnDefaultStockCanceledFromAdminTest.xml,742ab7d5fd97ddda4c815c3ba79c980780d69eb0be39c1fe8571951e21744d78,5273
Test/Mftf/Test/AdminOrderWithSimpleProductOnTestStockCanceledFromAdminAfterFullShipmentCreatedTest.xml,cfdc5ca7c699f6c5139c77249ca9351486c6d872e8b1beb252d99d084a73a798,3865
Test/Mftf/Test/AdminOrderWithSimpleProductOnTestStockCanceledFromAdminTest.xml,fb4d1a94443aaf5b693e6d7be5e2beafdab5b07fe4535e842e220c24d8383d93,3441
Test/Mftf/Test/AdminOrderWithTwoSimpleProductsOnTestStockCanceledFromAdminAfterPartialInvoiceAndPartialShipmentTest.xml,a8b154216c523bb968d711d0a1fee61a5e69c98272f752647c871b56ef8af236,10153
Test/Mftf/Test/AdminOrderWithVirtualProductOnTestStockCanceledFromTest.xml,6550ddd044f295e29fa1d072d023e99aa2d55892840966d0272cf8501ad18907,4837
Test/Mftf/Test/AdminOutOfStockThresholdAppliedToDownloadableProductInAdvancedInventoryOnProductPageTest.xml,060d6314cf468aa69e2fb675452052854b8c457e6cd1351cba895302322d50b8,4878
Test/Mftf/Test/AdminOutOfStockThresholdAppliedToSimpleInAdvancedInventoryOnProductPageTest.xml,dcbb675c9aba1d75571d7902ec09f309a7fac0eb35166777d9a36a18f1af8062,5887
Test/Mftf/Test/AdminOutOfStockThresholdOnConfigurationPageTest.xml,ddde692bdfdfc255c48b3c2066880bc6595b095054716158cb776a8eb905377c,5223
Test/Mftf/Test/AdminPaginationWorkedInManageSourcesGridTest.xml,5e5c16e90178db628f89134aa4b8bb52c10f6e3a8f00166e93fef77324f84ba4,5678
Test/Mftf/Test/AdminPaginationWorkedInManageStocksGridTest.xml,161b3917c720cc2e14793dab38c0c5149d5e5e89384919b33f0784eaa9ddc0d8,5591
Test/Mftf/Test/AdminPriorityOfSourcesChangedByDragAndDropTest.xml,48e090fd727a6c53ad99f91c3543139021fda72ed713d4c0bff0cee911b9bf00,5577
Test/Mftf/Test/AdminRemoveSourcesAssignedToProductTest.xml,8dd314edfc0c1ce6f62531d36fefea8e57d023640bc5562be5b0c616745571d6,4932
Test/Mftf/Test/AdminRenameMainWebsiteTest.xml,76752bc59fee713e81283b4fca3409b98e88f5d9b8e6e7ca584bd8bdb0cff17b,4364
Test/Mftf/Test/AdminReorderBundleProductCustomStockCustomWebsiteTest.xml,224f10d44102630f0b877984dc6c08069c750fe0355d96788e2ef0837a5c4ab0,10086
Test/Mftf/Test/AdminReorderBundleProductOnCustomStockTest.xml,95a6cc8bc4bfc2dfc4e54714aa0a775f8a7450d897ee2b9a655813611e75dc32,7885
Test/Mftf/Test/AdminReorderOfTheOrderWithConfigurableProductWithDropDownAttributeOnDefaultStockFromAdminTest.xml,abad38eaf87d1df861f8390ce7e9ec7752d284802ea6760af7d315043ec1deef,11578
Test/Mftf/Test/AdminReorderOfTheOrderWithConfigurableProductWithDropDownAttributeOnTestStockFromAdminTest.xml,2424f4185491d8c04f9108a8e498f1fcf04430ce77c8aac2e5910e5c183073cb,3802
Test/Mftf/Test/AdminReorderOfTheOrderWithSimpleProductOnTestStockFromAdminTest.xml,150c5fb9fb2ac0358926a0a97aa3fc3b4bbd1f57c2b2144076c780f14ac120d2,5451
Test/Mftf/Test/AdminReorderSimpleProductDefaultStockTest.xml,c7c65a27295d2fa27d7707bc8f218503066630017f9eaffae0efb96c55414a2f,4917
Test/Mftf/Test/AdminSaveTwiceDuringCreatingConfigurableProductTest.xml,43a958c9d5c37035c22d4102b0e9f961b5f987a357b925e11af13d13d7dd3af7,8829
Test/Mftf/Test/AdminSelectDeselectManipulationsInManageSourceGridTest.xml,435ad6cc6c6cdc905b91ef03f01044108d5f3452395b6dd6953c5706fda13a91,14295
Test/Mftf/Test/AdminSelectDeselectManipulationsInManageStocksGridTest.xml,e4f9d8095992fcd8ceb6f9c383c07f822f0c9f30547f56e0e1f863753b840412,19013
Test/Mftf/Test/AdminSimpleProductDisabledManageStockInConfigurationDefaultStockTest.xml,5be763e55bc499b817417cdc8933f10c4d2fe966e3439fe13cbdf72cd3baed64,4304
Test/Mftf/Test/AdminSimpleProductDisabledManageStockOnProductPageDefaultStockTest.xml,1e079e62879f7e7b2bc679df8098a34fdfca71d3af06df2d164012c5b7480b43,4789
Test/Mftf/Test/AdminSimpleProductOutOfStockThresholdAdditionalStockTest.xml,3baf606ed22a8eb15770f3d623c71bf9fac630e7cd3c09482dafc25dd499c313,4882
Test/Mftf/Test/AdminSourceCodeFieldCannotContainWhitespaceTest.xml,0ed00d82b2313cc4e54da7982816d73e28ee9631ddfba53623aa985ae92c4d34,4739
Test/Mftf/Test/AdminSourceForEachQuantityCanBeSetByAdminTest.xml,e30fe3095fe5b34ac927e06a1694d1040151a45c77e923ea96159c816734a797,6551
Test/Mftf/Test/AdminSourcePrioritySelectionAlgorithmSimpleProductCustomStockTest.xml,4bbac826c3fb39bac28af00e81da2ad2c1ca8684f5d518283d58b7537fd7d8e4,19585
Test/Mftf/Test/AdminSourceSelectionAlgorithmSourcePriorityWithSimpleProductOutOfStockTest.xml,b9fe535b06f3b20b243fdd25a1a8bba64556615813dd2ac205ac11a4af7334e9,15674
Test/Mftf/Test/AdminSourceSelectionAlgorithmSourcePriorityWithSimpleProductTest.xml,0117321678a7dd9520f68e71b0ea280e26fb7f5265056eabc39ead303ad06aea,15986
Test/Mftf/Test/AdminStockCanBeDeletedFromEditStockPageTest.xml,3bce7a70c921021396a47530e71c80b52c609bebb2e50bc27d9422b17407ec2a,1959
Test/Mftf/Test/AdminStockCannotBeDeletedOnStockPageWhenSalesChannelsAssignedTest.xml,a877130eb2ae3aa13fea5bb13d7863794483952c6ddb3330bec2d126cd518796,3471
Test/Mftf/Test/AdminStockCannotBeDeletedWhenSalesChannelIsAssignedTest.xml,0ad02ffbf19476b726c7de26ab937b0a164567d843306a6d15aadde4b5a2c51f,7388
Test/Mftf/Test/AdminStockDeletedFromGridWhenNoSalesChannelsAssignedTest.xml,b0ba6806f4ff152fbd79a7a8842fbfbe716dcbc9f041134cb973d66305277ff4,2127
Test/Mftf/Test/AdminUpdateSimpleProductQuantityInSingleStockModeViaTheAdminTest.xml,81297e13905401124cb22b29b90ed2fc6b6e15f392ef80cd61f0bc317e09e6b2,4273
Test/Mftf/Test/AdminUpdateSourceDataTest.xml,4c62342e63de8cfdd73e44acfbc92e0f4a8dc3da50a832de3f51241f1b550a89,7142
Test/Mftf/Test/AdminUpdateStockDataTest.xml,024ff30b2c27f7b51d16deaa6574c3eb62f4a2597e5908761bea44350d3cd0ef,2026
Test/Mftf/Test/AdminUpdateVirtualProductQuantityInSingleStockModeViaTheAdminTest.xml,86c2bc08acb9baa49c5e0c640ca7fc225bf0bcbbdc53be04223b486986648828,4128
Test/Mftf/Test/AdminUserApplyMinMaxQtyForSimpleProductOnTestSourceTest.xml,ded0f59fffeed43fbefc4c72be75b8e10b1752049faffbce4edb583669bf5c37,5341
Test/Mftf/Test/AdminUserApplyOnlyXLeftThresholdForSimpleProductOnDefaultSourceTest.xml,66df4c58be69fefbccadb85fc33ab1ff4aa0f2f70f815da90cee8ea7bc3a0e7e,8564
Test/Mftf/Test/AdminUserApplyOnlyXLeftThresholdForSimpleProductOnSingleStockModeTest.xml,930bf72973c16b9601bf37acea311047bd1ba3e15b6fa8ba737165a6abea9b3f,7839
Test/Mftf/Test/AdminUserApplyOnlyXLeftThresholdForSimpleProductOnTestSourceTest.xml,8f8852114a9d0a05db7eabfa906797fbaa90dca4198fe9539ffcfc72aebc8439,11205
Test/Mftf/Test/AdminUserApplyOnlyXLeftTreshholdForSimpleProductOnTestSourceInCombinationWithNegativeOutOfStockThresholdAndBackordersTest.xml,2cb69f395b8811a8f5b6ecf20ea6bd891afd165e3126a1c0190a3bede7a18f83,6644
Test/Mftf/Test/AdminUserCreateOrderFromCustomWebsiteWithSimpleProductWithManageStockNoInAdvancedInventorySettingsOnProductPageTest.xml,e3c762f266830620e5073c979f7208229ca2309ddc7d03aa31b175a02f96f1fc,6935
Test/Mftf/Test/AdminUserCreateOrderFromTestWebsiteWithSimpleProductWithInventoryOnDefaultAndTestStockTest.xml,056279260fe34d2695f15518ca42af1357c8b846c1c32d6c66e14959c547466a,10643
Test/Mftf/Test/AdminUserCreateOrderWithSimpleProductOnTestStockFromCustomWebsiteTest.xml,e23b7de4ac18be154c90cc8b23d0843db29f468ffe3f39a841c4d23c2e89c436,7373
Test/Mftf/Test/AdminUserCreateOrderWithSimpleProductWithManageStockNoInAdvancedInventorySettingsFromCustomWebsiteTest.xml,e4f6c3406e03abb9503946ad61f8a9cacd9eb296a11959a38043babda145b7a7,3601
Test/Mftf/Test/AdminUserCreatedOrderWithVirtualProductOnDefaultStockFromCustomWebsiteTest.xml,93add01409fa28b7ce582f93f90890beaccd077722f3bf7a25f48705f25956f2,4447
Test/Mftf/Test/AdminUserCreatedOrderWithVirtualProductOnTestStockFromCustomWebsiteTest.xml,f7043e50ece85e60ad0a2f82451add9284ead788486a41f5a4a364d6a3de61ad,3614
Test/Mftf/Test/AdminUserCreatedShipmentForWholeOrderWithSimpleProductFromTestSourceWithNumericSourceCodeTest.xml,56663c665e4c8184dc6a4c1771d52ed5a73cb47a7d566cc05285c96a14783c4d,10008
Test/Mftf/Test/AdminUserEnableQtyIncrementsForSimpleProductOnTestSourceTest.xml,3b81db3f3f470f48cfe6121a78073cc915709cef38a655c3f4b778e48a0fc3e3,2007
Test/Mftf/Test/AdminUserSetStatusForEachSourceItemTest.xml,6f2d99a7717e227272dbed90b04d85fa165b6c0ec549a5929951b07296e44a48,10612
Test/Mftf/Test/AdminVirtualProductOutOfStockThresholdAdditionalStockConfigurationPageTest.xml,10c18b05fce8b6e37797d21accb8ef824487ee89d3ce5facb391b99fc4da93fa,5743
Test/Mftf/Test/AdminVirtualProductOutOfStockThresholdAdditionalStockTest.xml,77a2201c8c7f4badccdbe2a1960fc871603932f3a338178b54ccb81f429b172e,4970
Test/Mftf/Test/CacheValidationProductSourceStatusChangeTest.xml,1e67a1e052551117d659d861c507f34f294c344b810e408684fa6cdeba7b6e4e,5048
Test/Mftf/Test/CacheValidationProductSourceUnassignedFromStockTest.xml,ba9cfebd6f34ed0ba1692ca8a5a7f0e9ba4c806d2355fa2eff6985ab40590bf7,5827
Test/Mftf/Test/CacheValidationProductStockStatusChangeTest.xml,1cbd269ca5e1f49dcae07ef91f34def38e37de4e8c1b3d03eb480fdb3ab4712e,6303
Test/Mftf/Test/CatalogPriceRuleBundleProductAdditionalStockTest.xml,d42b86cd68d6bd17dbae6e47784f4f0941565d64801ce7513cbdf7ac6f37e949,4799
Test/Mftf/Test/CatalogPriceRuleConfigurableProductAdditionalStockTest.xml,2c52198fef2fce0fcd145486a73ec6fc7035d3ee39e66b7548b3a2bc7de55ad8,7212
Test/Mftf/Test/CatalogPriceRuleDownloadableProductAdditionalStockTest.xml,a696fa9c4b9664a471092abcb50794f428495f948a13f1bb04b2e87e91b6b944,3924
Test/Mftf/Test/CatalogPriceRuleGroupedProductAdditionalStockTest.xml,e134a6fe500e97a0fe79c31fd02d0da2e58b8585c7a977aab35829b25339861d,4667
Test/Mftf/Test/CatalogPriceRuleSimpleProductAdditionalStockTest.xml,a194aef408b6ef39b1fced364564f1370649e27f43f29b2a5c23962eeee8b5d1,3414
Test/Mftf/Test/CatalogPriceRuleVirtualProductAdditionalStockTest.xml,a77b3e4410542c0103d3242729efe296b739b3c728c63c6cc1509f1c5d54a21f,3889
Test/Mftf/Test/ConfigurableProductCreatedOnSingleStockModeWithEmptyQtyFieldTest.xml,c63bfb03c6d2d90786fee9617bebf56f1fdfb1b0d2578472e6312c232010e0ad,2479
Test/Mftf/Test/CustomerReorderDownloadableProductCustomStockTest.xml,272f9ea9e1b23ac325e14225699da7dd2b9443fea46003beb5f7c9b64c106a8f,5295
Test/Mftf/Test/ElasticSearchLayeredNavigationCustomStockTest.xml,8c513a5d0d5a3ab18326bd77c8953eb2366065ed2cf91f7012bfff485f849638,8172
Test/Mftf/Test/ElasticSearchLayeredNavigationTest.xml,460202bad5b022a1da20d2f34c63665e603f598c8b6f3089cbb8960dd90b47a8,5483
Test/Mftf/Test/ElasticSearchQuickAdvancedSearchAdditionalStockProductTest.xml,79980d8e16528ce0aff9369ed3d47194e823e5604f3771f3265e9c5cf332a2e0,7148
Test/Mftf/Test/ElasticSearchQuickAdvancedSearchDefaultStockProductTest.xml,f35d9d3ecd9b05ef13efa3e7e96d1b852f200dd3e88ff9136a3f9d24635e0fb0,6115
Test/Mftf/Test/EnableQtyIncrementsAppliedToSimpleProductOnConfigurationPageAndCheckedOnFrontendTest.xml,918e362c48c29dbef140b2cf5e9ff7e6f6d90d1f1b38906205da7363a0993e23,2472
Test/Mftf/Test/EnableQtyIncrementsAppliedToSimpleProductOnProductPageAndCheckedInAdminTest.xml,682dcea9f1a8651e3c3749ef427b35b4218dda8b874b5aedd3115e780fa8dca6,4355
Test/Mftf/Test/GuestCustomerCreateOrderWithBundleProductDefaultStockTest.xml,f0b29e81e721cda670591b90f703ade7025dfbe4c1551a82cbb3a4a0d4f26fc8,11099
Test/Mftf/Test/GuestCustomerCreateOrderWithBundleProductSingleStockModeTest.xml,bdb60e5a2fc6b0a507cc949d3fe4e94306bdafc7038c328976d8053e4a3b4d12,10143
Test/Mftf/Test/GuestCustomerCreateOrderWithSimpleProductOnCustomStockTest.xml,d4e9dbeea177e9b45a33cd04a35482c3f590236c4eca7ddf989f70dcbe9eba1c,6756
Test/Mftf/Test/GuestCustomerCreatedOrderWithSimpleProductFromHomepageWithFreeShippingMethodTest.xml,e64af2610d14eb41db7fb7c3db66bf5def748acb411dd771c279d061b078d074,4916
Test/Mftf/Test/GuestCustomerOrderedDownloadableProductOnCustomStockFromHomepageTest.xml,2f4214e4cfc9256fb105c0e4b4e17d1a4556f32a34904e84bea4b2cb8bfec875,9145
Test/Mftf/Test/GuestCustomerOrderedDownloadableProductOnDefaultStockFromHomepageTest.xml,91e7ccec8ee7abc9fd493cf242a03538ab915b856d17171df1bd904758d7f2cc,5205
Test/Mftf/Test/GuestCustomerOrderedGroupedProductOnSingleStockModeFromHomepageTest.xml,a405ae783f7102e2b277dde029741bd5acb179819b9a72848ed525ae421ff55b,10946
Test/Mftf/Test/GuestCustomerOrderedVirtualProductOnDefaultSourceFromHomepageTest.xml,2c6bcf3a1846a72dc678d60f0a71d808e88c8160c03a01eb84926c65fff9acbd,9523
Test/Mftf/Test/LoggedInCustomerCreateOrderWithSimpleProductOnDefaultStockFromCustomWebsiteTest.xml,0d529457628b8a00adc146972354cb091f202c27e830fe0ec591b87d912c30d3,2120
Test/Mftf/Test/LoggedInCustomerCreateOrderWithSimpleProductOnDefaultStockFromMainWebsiteTest.xml,52c582456091a91880141d07e4472ea9c15a63078b5d34834684827559c4825a,8854
Test/Mftf/Test/LoggedInCustomerCreatedOrderWithSimpleProductFromHomepageWithFreeShippingMethodTest.xml,e6008ae36d7e10aa27d210833cbe14a6e3db37f544fe5526fdc5d7d62af8898b,1761
Test/Mftf/Test/LoggedInCustomerCreatedOrderWithSimpleProductOnTestStockFromHomepageTest.xml,15d8ca0bf56c584a09f028ed5b8f4a8425425b3360db06bfbde216a5b4a0afa5,8987
Test/Mftf/Test/LoggedInCustomerOrderGroupedProductCustomStockTest.xml,2f5dcc9433fa11345880ecd3fa839ef45bdcdbf21d279ef554a209ce73d05176,7693
Test/Mftf/Test/LoggedInCustomerOrderedGroupedProductWithChildProductsAssignedToDefaultStockFromHomepageTest.xml,88a018b72a224ebd166314fd50b58073d3c75265cd066cd09530ecb1033f0959,7923
Test/Mftf/Test/LoggedInCustomerReorderSimpleProductOnDefaultStockTest.xml,ea888d11cfcd9a74e58983657f77248d672599da0ceeb33e7a2c45944a55478c,5589
Test/Mftf/Test/LoggedInCustomerReorderSimpleProductOnTestStockTest.xml,1c1bc3762638f82fc73c76d8aceda75f228dac706d503d2f81d9a0da4a42ec62,6388
Test/Mftf/Test/LoggedInCustomerReorderVirtualProductOnDefaultStockTest.xml,a1d0bd36be01f00f66503e6df5ee817eca2085d40960a703362024205c71904f,5973
Test/Mftf/Test/LoggedInCustomerReorderVirtualProductOnTestStockTest.xml,9a952fb8f15cde8f2b41ee0e8fc85e317bb42e7203a5f90b37871adb05c63e2f,6654
Test/Mftf/Test/LowStockNotificationAppliedOnConfigurationPageSimpleProductCustomStockTest.xml,654c7e1f44832357783405536d2a2ba0587194fae9cb671b45ea18f0a6300844,2091
Test/Mftf/Test/LowStockNotificationAppliedOnConfigurationPageSimpleProductDefaultStockTest.xml,d784b1588baa72f9aa362b2e675240abcfd52bf26ade865e555d27076348320b,1862
Test/Mftf/Test/LowStockNotificationAppliedOnConfigurationPageVirtualProductCustomStockTest.xml,426919ee6870de7dbbfb2f103b8d3d722a19fa56258c2e124122a2407c6f1516,2261
Test/Mftf/Test/LowStockNotificationAppliedOnConfigurationPageVirtualProductDefaultStockTest.xml,9060a497c181063ebe7c87b8765e349e9ef783597c7cc52dd53b22f1691bff75,2032
Test/Mftf/Test/LowStockNotificationSimpleProductAdditionalStockTest.xml,e48b31c6edf6ad62cf8374048c75680d831860159e867edcbb9338acd59fcc16,5796
Test/Mftf/Test/LowStockNotificationSimpleProductDefaultStockTest.xml,b2131cdfdc13af8d9aa9daed61a16e717e6b259eaf35f57331e7398936c0ee48,4843
Test/Mftf/Test/LowStockNotificationSimpleProductDisabledSourceCustomStockTest.xml,c128e64dc3393ceb14920d5fe098ccc78c590459728660f4ac8f7b6a5ef589e4,2338
Test/Mftf/Test/LowStockNotificationSimpleProductOutOfStockCustomStockTest.xml,d6deca0de2473733cae13b5c1dd9ea6f5d8f51c9dfa1ba297d99ad49d4649f4c,1434
Test/Mftf/Test/LowStockNotificationSimpleProductOutOfStockDefaultStockTest.xml,62fe2e7cc68efe55434cdede03b3e948fc6b33b93075e4db6cb755aec8dfd2de,1467
Test/Mftf/Test/LowStockNotificationVirtualProductAdditionalStockTest.xml,35d35d249891522c4276c541b26ea55e90bca35f951ec432bf8c088c134a2472,1192
Test/Mftf/Test/LowStockNotificationVirtualProductDefaultStockTest.xml,bb137b31a29e8eeca9b85e94c5076fb2d1b623a736449db9dad6007cf5d65848,1229
Test/Mftf/Test/LowStockNotificationVirtualProductDisabledSourceCustomStockTest.xml,750241a1f23f3c17b774f666a199efdfff245f2b6328ad4eb6755fbb431bcfcd,2508
Test/Mftf/Test/LowStockNotificationVirtualProductOutOfStockCustomStockTest.xml,c836559a5990f11fcbcf9c630de0b3aa2802a95f819cd6b8b08c8ca7760c7f8e,1644
Test/Mftf/Test/LowStockNotificationVirtualProductOutOfStockDefaultStockTest.xml,4a4a3671cb082cf54edd192c6d458621e262fdd5a8d40423d62f56f1206c187e,1637
Test/Mftf/Test/MinAndMaxQtyInShoppingCartAppliedOnConfigurationPageToSimpleProductAndCheckedOnFrontendTest.xml,b4bc5ece1761acaa488797afe82bc7257b5aa91d1871f67c920278bb3721ca1f,2010
Test/Mftf/Test/MinAndMaxQtyInShoppingCartAppliedToSimpleProductOnProductPageAndCheckedInAdminTest.xml,781a299c3c26c04a8262fa686cb0b40c3bec8d60ab84dd9221b77aa2fefe50f8,4033
Test/Mftf/Test/OfflineDistanceBasedSelectionAlgorithmCustomStockTestTwoItemsDeductionTest.xml,5ea165f63df4273a86b3ab73001c7e92cbc69af6c47c2b25201afc4205720ddf,17042
Test/Mftf/Test/OfflineDistanceBasedSelectionAlgorithmSimpleProductCustomStockNotSupportedCountryTest.xml,aab350dc24cf0e3e64b3ebc4c217695e090ed049dcaf5ace95c4cf029970b88e,14226
Test/Mftf/Test/OfflineDistanceBasedSelectionAlgorithmSimpleProductCustomStockTest.xml,c464c4301e73351d316a3ebb35fd87cd15ae4a95183550d0b780cceeb72ac591,14612
Test/Mftf/Test/OnlyXLeftThresholdNegativeOutOfStockThresholdBackordersVirtualProductDefaultStockTest.xml,7f2f07d9581e59f1c91874f93716085ee9e0d36c02fdaab374dbaf4ba8a211e1,5496
Test/Mftf/Test/OnlyXLeftThresholdNegativeOutOfStockThresholdBackordersVirtualProductTestStockTest.xml,291f5c7953259087f06f4c4a174d410d7c343a70ad55f469a046070c2f99713d,2738
Test/Mftf/Test/OrderVirtualProductOnDefaultStockCustomWebsiteTest.xml,659090f6a4e8dbcba2506c6a9630d3cf7b9ac990f859a3ffda046e8982cde61c,6420
Test/Mftf/Test/RegisteredCustomerCreateOrderWithSimpleProductAdditionalStockAdditionalWebsiteTest.xml,856f3ea81d0720ad2694cfcfa68b79699b5de667dbd65571beb509f8dd0db71a,4745
Test/Mftf/Test/RegisteredCustomerReorderGroupedProductCustomStockTest.xml,684977ffb2106841ff52e8fd0aa23f99917cc6ccfe5e3da84c6d01ad5d56222b,7979
Test/Mftf/Test/RegisteredCustomerReorderGroupedProductDefaultStockTest.xml,13e52e23c405eed86f06f4203bcefd25e60b3ff56d508651b67cca4c8f6ae309,7244
Test/Mftf/Test/ReorderButtonBundleProductDefaultStockTest.xml,a261e4f2ea8bc39244dd8f5e187a811a5b7ddde6fc123be1777ddb54908336df,8194
Test/Mftf/Test/ReorderButtonDownlodableProductDefaultSourceTest.xml,fb608d5559f0ddbff392279f092a3467d0198150c141662859cb15aaf753fcd1,5257
Test/Mftf/Test/ReorderButtonGroupedProductOnTestStockTest.xml,a20b3cbc121f72b85bcf6906ca32aca5477a2c7b902e81270862cb1d55dbf2ee,6678
Test/Mftf/Test/ReorderButtonSimpleProductOnDefaultStockTest.xml,fcc326c7de5779453166d3812ed6273af692d49467402cb25c4753d766ba1bc3,5324
Test/Mftf/Test/ReorderButtonSimpleProductOnTestStockTest.xml,d5b46ea1f72ca3487aa8bb6d1d9e5f25407bbdf7a5c4b180d9a6a415b6718cc1,2439
Test/Mftf/Test/ReorderButtonVirtualProductOnCustomStockTest.xml,fed860e9ad39d18f42f93bfb915c4d5af67cbbbe9c17ec552749b4921d6822fb,2609
Test/Mftf/Test/ReorderButtonVirtualProductOnDefaultStockTest.xml,4f9524a153bad339f55fcbd0d40d8198e4b97610ba5268d76322d5a3abfe7e99,4768
Test/Mftf/Test/SimpleProductWithZeroQtyAndInStockStatusOnDefaultSourceIsVisibleOnHomePageIfBackordersEnabledOnConfigurationPageTest.xml,73a518511f08550b9380e82457fd63d63b74c5454487691da80bb956bfb5ec6f,4713
Test/Mftf/Test/SimpleProductWithZeroQtyAndInStockStatusOnDefaultSourceIsVisibleOnHomePageIfBackordersEnabledOnProductPageTest.xml,3b9d264b48436996c66da7a1fbbee04716a45660e3daadf0dada89199c807bc4,2681
Test/Mftf/Test/SimpleProductWithZeroQtyAndInStockStatusOnTestSourceIsVisibleOnCustomWebsiteIfBackordersEnabledOnProductPageTest.xml,ef41918f9d3213a3c50f7180e79bcd2fa4bb1847fff4ca75a988a21793fb18a4,6845
Test/Mftf/Test/SimpleProductWithZeroQtyAndInStockStatusOnTestSourceIsVisibleOnHomePageIfBackordersEnabledOnProductPageTest.xml,dc8f071a3f8ce531cb4dec6d031aa9f6aed2de3cefb34dc315e0a60947ecb2d6,3881
Test/Mftf/Test/SimpleProductWithZeroQtyAndInStockStatusOnTestSourceVisibleOnCustomWebsiteIfBackordersEnabledOnConfigurationPageTest.xml,74c935069be3461271adc57ba3caaf326c75f0c43878e8b1c0d9e17312db633c,5631
Test/Mftf/Test/SimpleProductWithZeroQtyAndInStockStatusOnTestSourceVisibleOnHomePageIfBackordersEnabledOnConfigurationPageTest.xml,e0cedc9291b0ecb21db2b6c4f245ae46db230af10b34d64719eed447328478ef,2890
Test/Mftf/Test/StoreFrontQtyOfSimpleProductManagedViaMiniShoppingCartOnHomepageTest.xml,b510deb493299dcdde1368a0b37180c388ba250cdb92d316b2bdbb3c2dd77159,4794
Test/Mftf/Test/StorefrontAdvancedSearchBundleProductCustomStockTest.xml,0258e32136900e4fc1657db92becfebbc5e6f3f81323e1cdc358de91ac23fea1,7619
Test/Mftf/Test/StorefrontAdvancedSearchConfigurableProductCustomStockTest.xml,90e48b9103a4b7fe79d6981ba08f5d931afdf292bfb866b412bb28efe1b518e9,7480
Test/Mftf/Test/StorefrontAdvancedSearchDownloadableProductCustomStockTest.xml,3a618b332153b758ac92b4be0b738b28c5ac1c8e083ec0425c0fecc8b2d75892,1865
Test/Mftf/Test/StorefrontAdvancedSearchGroupedProductCustomStockTest.xml,c9c39fd273facbfd283e9d2b6ab62f2293b3e5fd41643bd9e585c7f4228abbc4,6101
Test/Mftf/Test/StorefrontAdvancedSearchSimpleProductCustomStockTest.xml,de066c05ab68c7b89ff5f123078492e3ce795735e578e16d5d8575d787d74b52,4824
Test/Mftf/Test/StorefrontAdvancedSearchVirtualProductCustomStockTest.xml,7a29ffc79ded172a424a4895978f45ed2da730c7037e9615725e828b61a847eb,1238
Test/Mftf/Test/StorefrontBackordersEnabledOnConfigPageAndAppliedFromHomepageToWithConfigurableProductWithDropDownAttrAndVariablesNonDefaultSourceTest.xml,e3825f288faf65a3516fe65890ca4de3194bc68aded8acbb549b0f72cf59cfed,8846
Test/Mftf/Test/StorefrontBundleProductChangeStockStatusCustomStockCustomWebsiteTest.xml,fbf28a5fee2171b649b77fcb0d06483997f003b47a822847e05c6d2697582ee4,8359
Test/Mftf/Test/StorefrontBundleProductChangeStockStatusCustomStockTest.xml,438fa00c5640d03f702d38f0dae35f456679c74a839e42111983adeca49cba68,5685
Test/Mftf/Test/StorefrontBundleProductChangeStockStatusDefaultStockTest.xml,ce8695f0638c8c2fa20e6eb3e57370615bcbb9f470d2f829edef8a0fc9264958,5061
Test/Mftf/Test/StorefrontButtonReorderForTheOrderWithConfigurableProductOnDefaultStockInCustomerCabinetOnHomepageIsNotPresentIfProductSoldOutTest.xml,78a116f5b923b6deff4fce9bdb5530cc71e2e7849296d4b0c015f4f434b333a5,9870
Test/Mftf/Test/StorefrontButtonReorderForTheOrderWithConfigurableProductOnTestStockInCustomerCabinetOnHomepageIsNotPresentIfProductSoldOutTest.xml,72c84d0b925e88c4f59b3e052f3abb3c5280be2f8e189bf43e14e07efd5e522d,2583
Test/Mftf/Test/StorefrontBuyAllStockQtyAndReSaveProductOnAdminTest.xml,22f038e9cb369ffe09c3f21c11fc6bb2a542fcf06078fd9bcba972f9a1c772ca,4931
Test/Mftf/Test/StorefrontCacheValidationConfigurableProductSoldOutInSingleStockModeTest.xml,3455ee30271c37a9fb7327a10fcf994670f3a7f86ce8f95087e6915bb69b6be1,5495
Test/Mftf/Test/StorefrontCacheValidationSimpleProductSoldOutInSingleStockModeTest.xml,bb3930f5c2f6cd9d905bec9e4f6159ec7e841a688224dede3b8fa2a7393673fb,3427
Test/Mftf/Test/StorefrontCacheValidationSimpleProductSoldOutOnDefaultStockTest.xml,dc0489004cb3c487cf5ab03584961d89f9188f87b42572c8ab3ab3272f770bb5,4343
Test/Mftf/Test/StorefrontCategoryMultipleSourcesNonSellableProductCountTest.xml,defb34774a9bd4af0030a8a9c48ceab4f6fe748d611a57651884f521852cd99b,9609
Test/Mftf/Test/StorefrontCreateOrderAllQuantityConfigurableProductCustomStockTest.xml,3ff9192de8aa2bf2a46f6deb56514a8b886d40849f432d61a27b0232352915cd,6854
Test/Mftf/Test/StorefrontCreateOrderAllQuantityGroupedProductOptionDefaultStockTest.xml,a6034c7d7e8445646b1e80e78caba2e43d414287407cbf7ec75c1f7676c473d1,5554
Test/Mftf/Test/StorefrontLoggedInCustomerCreateOrderAllOptionQuantityConfigurableProductCustomStockTest.xml,39774478d8e800bab7120838c41b477f267d4fd1b83095c9cfac615be735b81d,9195
Test/Mftf/Test/StorefrontLoggedInCustomerCreateOrderWithBundleProductDefaultStockTest.xml,2ff34c39dc5f3b18236153a429cd7210bdbf54700437989c0f9160dc42c59930,10231
Test/Mftf/Test/StorefrontLoggedInCustomerCreateOrderWithBundleProductShipSeparatelyCustomStock.xml,da4659a24bd946fd47534d9b4643eddda59c7c065bfaaa4a015a05961b760c55,6247
Test/Mftf/Test/StorefrontLoggedInCustomerCreateOrderWithBundleProductShipTogetherCustomStock.xml,59bc92e49fcc30ff66cd6ba3a887f6b263787917b659c5bd67c9420228854709,7715
Test/Mftf/Test/StorefrontLoggedInCustomerCreateOrderWithSimpleProductOnTestStockFromCustomWebsiteTest.xml,30baa663c01061218570a5e3df236c3f69205b6ad620982223fd4545395c61ce,8316
Test/Mftf/Test/StorefrontLoggedInCustomerOrderConfigurableProductTextSwatchAttributeCustomStockTest.xml,b46c1456f600ee09111e5e5858ba650a0a3992a2f3f4cd826562be54ab65403d,7697
Test/Mftf/Test/StorefrontLoggedInCustomerOrderConfigurableProductWithDropDownAttributeAndCustomSourceTest.xml,e2ef291f3a84d6ce234548da238ccf5253568300b6f5f810cc4691c6b2eb0c8d,7871
Test/Mftf/Test/StorefrontLoggedInCustomerOrderConfigurableProductWithDropDownAttributeAndDefaultSourceTest.xml,0fd2641b221b22d38856bfd5eb8908fb401e952e94212d9bf63104678e42a918,7213
Test/Mftf/Test/StorefrontLoggedInCustomerOrderDownloadableProductDefaultStockTest.xml,ccd4effdae123f3beb3b640776a3a693a925505dd629ceb92ae498ac84271834,5217
Test/Mftf/Test/StorefrontLoggedInCustomerOrderedSimpleProductFromTestSourceUsingMultiShipmentsToSeveralAddressesTest.xml,743ab7e112f248c34910bf41edb6014d8607b384c7d76918c26a8a76cebb7f48,4631
Test/Mftf/Test/StorefrontLoggedInCustomerOrderedVirtualProductOnDefaultStockTest.xml,7f9d2d9333e5c86c3ca9b212d0aebb3e7de29beea02d79699b12a833cd577a2b,8287
Test/Mftf/Test/StorefrontLoggedInCustomerOrderedVirtualProductOnTestStockFromCustomWebsiteTest.xml,239a132f9b4f84819145964c7a9b0418d3eddf2f06d257a2ecac481733187bdd,2018
Test/Mftf/Test/StorefrontLoggedInCustomerReorderBundleProductOnCustomStockTest.xml,217bbba63f34d0f01fb592b7ef7f5d820b4c1f26e8ee1de7cad59ec22d6142cb,8445
Test/Mftf/Test/StorefrontMultishippingLoggedInCustomerOrderedSimpleProductAllQtyCustomStockTest.xml,f10a9a8dd2c34248d763884ae6bfa3a605d18268d7d5c10662d314a47e307e3d,4533
Test/Mftf/Test/StorefrontMultishippingLoggedInCustomerOrderedSimpleProductWithNotAvailableQtyCustomStockTest.xml,e6789e9734ef8bea99ecc814b133cbd85d373d37693e2ba1ba399642cb2e0de0,5519
Test/Mftf/Test/StorefrontOrderCreatedWIthConfigurableProductWithDropDownAttributeTest.xml,5bf324a707e14f5fba5091a5fb0b44cade5a71e69c8b37dfa04040e39be26744,12819
Test/Mftf/Test/StorefrontOrderCreatedWithConfigurableProductWithSwatchAttributeTest.xml,af2555a1e1c6acaca02418fa677750bd29f364ce3f1325a767fe1aa2f523f0c4,13546
Test/Mftf/Test/StorefrontOrderCreatedWithVirtualProductByGuestCustomerTest.xml,27f77e2d8d2326aeb508333e13062457c4ed2251c354606e75d05a4e302b639d,9014
Test/Mftf/Test/StorefrontPartialInvoiceCreatedForOrderWithConfigurableProductInAdminTest.xml,d358d911b2808687962b20903bc86ad8aa87a266c4dbddb34fa2f91dfeca419c,8320
Test/Mftf/Test/StorefrontPriceOfConfigurableProductAssignedToTestStockAndTestWebsiteWhenOptionOfDisplayingOutOfStockProductsEnabledTest.xml,ad29686293cdbd588c02600f6886cff31baca36a76bfc03aeb509b9273416ab0,9302
Test/Mftf/Test/StorefrontQuickOrderConfigurableProductsCustomStockTest.xml,1044512e6e80b18456e00b4fda6fe4d7007f18d846ab553097ac4ae76e517c7b,13600
Test/Mftf/Test/StorefrontQuickOrderSimpleProductCustomStockTest.xml,3b2d741f44e58eb8135b4190cc061124b3eaaef49ff313eb8287c6cff9653cb0,5135
Test/Mftf/Test/StorefrontQuickOrderSimpleProductsCustomStockTest.xml,4a6f0db9f2f527d2699fdbf53f278781277b54808f3be818aa282ba29f4213da,7719
Test/Mftf/Test/StorefrontQuickSearchBundleProductCustomStockTest.xml,eb323cae22af09972fa6f1f6ff7249f849d579f8457532d00e14feb8a0b8f9f6,6080
Test/Mftf/Test/StorefrontQuickSearchGroupedProductCustomStockTest.xml,297c7cd27d33792a24cda8b5701242e3dd73ff669ca8b047a657b7c22b68d626,5143
Test/Mftf/Test/StorefrontReorderOfTheOrderWithBundleProductFromHomepageOnDefaultStockTest.xml,aad54c96dcc1751c027d0dcfe3730a3949505555fa26b587465dce6a797eaad8,6894
Test/Mftf/Test/StorefrontReorderOfTheOrderWithConfigurableProductWithDropDownAttributeOnDefaultStockFromHomepageTest.xml,4ccbc7849a9db2225e31ad8f0c38741f2a5636b8da8672c418be9b93fe35f122,8236
Test/Mftf/Test/StorefrontReorderOfTheOrderWithConfigurableProductWithDropDownAttributeOnTestStockFromHomepageTest.xml,88707353455b96e3ff297e16399571a68e678a19e269be18e8de3b7b5d71a9b8,8305
Test/Mftf/Test/StorefrontSalableQuantityOnNonDefaultStockForConfigurableProductWithDropDownAttributeAfterPlacingOrderCountedCorrectlyTest.xml,44b84f08bc9bbce3bb3317ff7721558778a66d3a3b7947b1f932f2095ccaf28f,8549
Test/Mftf/Test/StorefrontSalableQuantityOnNonDefaultStockForDownloadableProductAfterPlacingOrderCountedCorrectlyTest.xml,2315a9e1ae46822d57c0e4328a85154797f74a721640dfcd3ae5e3a1cd22e5b2,5244
Test/Mftf/Test/StorefrontSalableQuantityOnNonDefaultStockForGroupedProductAfterPlacingOrderCountedCorrectlyTest.xml,c005b455d49155dc36e8b9df88f3ef005eb338c542c4f3d09652dd65cdfd2f42,6801
Test/Mftf/Test/StorefrontSalableQuantityOnNonDefaultStockForVirtualProductAfterCancellationOfOrderCountedCorrectlyTest.xml,e09e1d2f19d6c702d412a02bfd022bcc52d80824bf10da92ce6fda32626cbaf0,5736
Test/Mftf/Test/StorefrontSalableQuantityOnNonDefaultStockForVirtualProductAfterPlacingOrderCountedCorrectlyTest.xml,03c2aaa4095b95932cef01b63de32010428e15058581099dfc0d5362f0438109,5273
Test/Mftf/Test/StorefrontSimpleProductAssignedToNonDefaultSourceCreatedByAdminUserTest.xml,275a7e2fbfafbb7c81243eb416b39725454672205821e5f2097ad294a51ae207,6925
Test/Mftf/Test/VerifyThatMessageOnlyZeroLeftNotAppearedOnSimpleProductPageOnFrontendTest.xml,ace8ff9a2c3efdfc5cc5eccf2cf91b0a46c69ca4f1cc8b0b06c387a1b6a8e1c2,4817
Test/Mftf/Test/VerifyThatMessageOnlyZeroLeftNotAppearedOnSimpleProductPageOnFrontendWithMainWebsiteAssignedAsSalesChannelTest.xml,dbd53205de43fe88270e6844bf8c6e98ef8f290f50bee2acf4c76d8b895e9469,2632
Test/Mftf/Test/VerifyThatMessageOnlyZeroLeftNotAppearedOnSimpleProductPageOnFrontendWithWebsiteAndNewStoreAndNewStoreViewTest.xml,db677cf12f84ce04bf5b823b5ab587e0bcf34c1dafef8cabbe2d49d377007f51,5620
Test/Mftf/Test/VerifyThatMessageOnlyZeroLeftNotAppearedOnSimpleProductPageOnFrontendWithoutTestWebsiteAssignedAsSalesChannelTest.xml,70cb116e05b3d43a895bae9ac072b03e404473753abefe19108538d940831997,4596
Test/Mftf/composer.json,bfe6dcaa1fac94bc21ee0a2e42a03b919f17b6311d86e1d4a5cb3188f5024f72,622
Ui/Component/Listing/Column/EditAction.php,d11b12fc13e92637722c21d55a573b3bafb58bca0c172aef3344a8682509771e,1968
Ui/Component/Listing/Column/Region.php,131eb65e7bf8f6a4199ac7372b88d90af8e0b0538d356b2612bdc3affb4b08e1,1660
Ui/Component/Listing/Columns.php,15b9fed3500fb6fb88879783acc04a0b61d93db676847712ec2675e406bd6c70,1501
Ui/Component/Listing/MassAction.php,5e8e694e474e614c87146f9a3aa6a0e3cced23569a5513964669fcd6979402e6,2008
Ui/Component/Listing/Stock/Buttons/NewButton.php,3d7bb6b9d8a897f5a5361d943fc801c06a9e4f44ed9af6c4f58ac608e6a2bc14,1048
Ui/Component/Listing/Stock/Column/EditAction.php,877e2ee7536f148aa81f099607eec3ffbd7e7ba333e92fc4eb51dd1a8fac6f2c,2052
Ui/Component/Listing/Stock/Columns.php,45b1cf261d237f55742785640d7da465821fbe54ddd658f5c45a3926a412034c,1505
Ui/Component/Listing/Stock/MassAction.php,5ad99bdf2130c20fed41a89303f378faed1d9e5e0b3fa4ee6e6b6d70cf847a1e,1923
Ui/Component/MassAction/Filter.php,0f6459a5c5601cd59f649bb490e989587b27f3500e1e3045990bdea55b89560d,1268
Ui/DataProvider/SourceDataProvider.php,db60b51bbe6c4dd87a1d6f4542fd9a95803ea366ba28669eefc2632ceb509930,5220
Ui/DataProvider/StockDataProvider.php,c8aa9f3e5f74d83ff625e6dc5f1a1128cfcf8e876a1cec9c2a81eb8e84c44dde,10245
composer.json,50ff1d1f3861827590671268408050a37a98a226749e4927723f91d952261999,621
etc/adminhtml/di.xml,123504fb066262e7a8d826d6570ca654fa8a9bb29ce9a0beed5b3e397a05c452,1602
etc/adminhtml/menu.xml,ce1f4828dea868e284addc3bd16e55cf49891e9d7d3ac6b4e746722036377228,1276
etc/adminhtml/routes.xml,2df00b4f38d809df7a19b4865c241f5ccb2070fac53e3a8ea8d01596e89dccb6,464
etc/extension_attributes.xml,c06ca1872fb85cf8719828ddcb82bbfec99587445e365addfe2e738f9b4c4e33,695
etc/module.xml,f7a6f4e0a34373ca25ffcb7fd689e93d7f063abbd00ab83c9c1f70146cab9734,326
i18n/en_US.csv,447c427831dd8ace6a0ae0c08fef6144afab3184c2b6c21b598c30d4f9384077,2204
registration.php,fd224f6d4f00d0df1dde8804cef5eb04338a2019c5b9352e1e445f83ea201d17,298
view/adminhtml/layout/inventory_source_edit.xml,0bd4194233e44dc122fad572a807dd720cfbbe207fbce58d93057c1fe4b5c7b6,451
view/adminhtml/layout/inventory_source_index.xml,c5170c6a00b14edd1e48cad4fbf3b153fc56f265d953831d3f05ce4642623f21,454
view/adminhtml/layout/inventory_source_new.xml,cf1a330cd17e661fcdc16bf61c7bece394fb1290cd83d2ef331286f887686ae8,343
view/adminhtml/layout/inventory_stock_edit.xml,3e44d721d70bcbb4c719821c34362bd8a8170b9599832d40579e1b9748ee8629,450
view/adminhtml/layout/inventory_stock_index.xml,3ae3df45bfdeadda785b3097408f2631967d87ec2dfec4c14b2efa194842a0aa,453
view/adminhtml/layout/inventory_stock_new.xml,44880a48c9010bce319ee739cd9d5b7591beae7ea0a149fa65cbf67cac88dc21,342
view/adminhtml/ui_component/inventory_source_form.xml,ffa828a081bc92ec9bdaa7cf62788131dc254e4e8508c54ddf9fb4b60ebfec82,9392
view/adminhtml/ui_component/inventory_source_listing.xml,2fc54939670587caa2420ebddb3ea9ccd8532b7b4d439a4b03cc3b3269ae5d0b,12088
view/adminhtml/ui_component/inventory_stock_form.xml,89a95919f4a5ece594fddf62d5e67e12a5a663d045c05cbaf555fbe51efcf748,11828
view/adminhtml/ui_component/inventory_stock_listing.xml,980378becfd8032e531010891f24da1067e2204990f5bd239e4217aae4357e93,6214
view/adminhtml/web/js/form/element/region.js,c78d6e7f6bb61a3aba402f27e7b868b42a01d9d6fbced855dd01ee6e8736195a,648
view/adminhtml/web/js/stock/grid/cell/assigned-sources.js,c90ae381f52ae9059b2ef9ad09aa6c3e1646939744fe36e2662c9ac61b1c8bc5,1022
view/adminhtml/web/js/stock/grid/dynamic-rows/assigned-sources.js,e280fb0f1d8cb752da3249bf9d46e0509fd5593e9eb5cde92efc7c3143f889b8,2788
view/adminhtml/web/template/stock/grid/cell/assigned-sources-cell.html,bbe49e4c57f45b9b39ac4ed9a9bf7008d82ff02f146e0c7ca9ed0e1242c4d66c,1115
