path,sha256,size
Block/Adminhtml/ContentType/Edit/CancelButton.php,1e89ac01c19f08b896b7fb6680687a3bb431e560acb799c00a197b5e2bfb7afb,1506
Block/Adminhtml/ContentType/Edit/CloseButton.php,66aaf2326b49fb8f41a43f599103a8574805993e85fa3563931fe9593139c465,1501
Block/Adminhtml/ContentType/Edit/SaveButton.php,56f3efba4be2e9d07d365f48be90f5fc0fbf57c89045d7395ca3142f1f9ae5e2,814
Block/Adminhtml/Form/Element/ProductConditions.php,dff40df7156b9d4902610f8847e376baad838ef4d414e179a8ff2654c4249425,2703
Block/Adminhtml/Html/Head/BabelPolyfill.php,caabc68a21709e9a9b7d49951ccd7b22480a761897a08559bc58ed3725f38a87,2178
Block/Adminhtml/Stage/Render.php,17b2ae8b2f04223dcdf41a77e98e7f3e4703f39c1c6374af24c0ecc7a7029185,2716
Block/Adminhtml/System/Config/EnableField.php,30acb86d62d5ea57321f2429d23eef7b447a7e95c7a4472464f7af9e02e66b91,2290
Block/Adminhtml/System/Config/Form/Field/GoogleMapsApiKey.php,54c90739cd42b050f2844ed2f1bb8eb6eca673802b8c56162349951ebf699429,1554
Block/Adminhtml/System/Config/SwitchAttributeType.php,96167f073a8176445554de753868a67730ead01233270313632cc406a7916e6c,1507
Block/Catalog/Block/Product/View/Attributes.php,a0cc89db7ab4e8d0d8833128eafb2731f7147511842d568f165f0d3d13791009,1827
Block/Element/Editor.php,d64d000bdfa6b1d7e0a96393ca9efffb7e9d504027d702d8395f14ba2f6f4fed,1531
Block/GoogleMapsApi.php,b02b9d79f81170b80bcfb8cd848d7ba25ec8309a4a518900c83e86a1b27e4f94,2195
Block/WidgetInitializer.php,96e7804ff980899d543cc2d6ef8b0313e303f72f2237bbff04bd96e48037a028,1747
Block/WysiwygSetup.php,760e518571cd0c779f0d578500c6d4522ee788e258ffa51f7a30b1db0e217ed4,1153
Component/Form/Element/Wysiwyg.php,dbc4798cf0b47ff00e9ec2ead37d732fce870c3cd3c7cb220bb408bedbe17205,3398
Component/Form/HtmlCode.php,0c75b342b7ec8d56a0b23b03ff32803f373cd1811b05f5dda37b22542270f47c,2705
Component/GoogleMapsApiKeyValidationContainer.php,b9064d1ce199d72f636944d31c60bbcaaad0aa07830fcbb2c8df4b11bb671c83,2191
Controller/Adminhtml/ContentType/Block/Metadata.php,85bbde15d1060fbfebbf0049f2e628419e4d2bfb9c7e71d6e689e9099ce12ac4,1715
Controller/Adminhtml/ContentType/Image/Upload.php,a8b49faea795d10522b8416f30dc3bf20c643d31b72000c378c027e8e1a0bd0f,4034
Controller/Adminhtml/Form/Element/ProductConditions.php,a622909df18f2d352c65a4df6e7ec4239d5d80520b60959d4ac77e0b648ab728,2828
Controller/Adminhtml/Form/Element/ProductConditions/Child.php,7d21e694fb7cfd92f364f2e837539c9be98543f77570b9c622a83ca96275ee3b,2385
Controller/Adminhtml/Form/Element/ProductTotals.php,917d4376eb1ad8c0c17cd854ee1386093385e73c8f42321a7daee70d011169ef,1739
Controller/Adminhtml/GoogleMaps/ValidateApi.php,34d898add345e7979d889ef22cbb9eb422a85f8d48cda637391311fd3229b832,1443
Controller/Adminhtml/Stage/Preview.php,4c964f214e3394a47be94260a1bf04f1f47a1af37d0f26388e1184f6315f9fbd,2155
Controller/Adminhtml/Stage/Render.php,aa613a2ca88483505847045cdae683790fc931a86381cf49ccea5d32af3a3707,1187
Controller/ContentType/Preview.php,c8f34f99b1998418686663c1b124c7c3aea0d369bea8ee47f15672bdb614c280,2344
LICENSE_EE.txt,f459a0a68660ccc9b7809f73f7c6deb22e622603754a18e866496b59db020569,30634
Model/Catalog/ProductTotals.php,865eece8b6dd1c25935557288b0d69d6d69346435daaaf7aefb034a2af21b7fe,5663
Model/Catalog/Sorting.php,cf6c67ee1185deb9e09f6d827ff87172208dab3a51cb5cca8c82edd0f0d3d223,2350
Model/Catalog/Sorting/Factory.php,b9f216a7247b31f87a5642516c097f4b0930205f1318b290b950ecef500272ef,1229
Model/Catalog/Sorting/OptionInterface.php,148ce9b75fee1b0961954dd1f0d5e390e142e5a6b03b50a8409a35cf894856d6,840
Model/Catalog/Sorting/Options.php,f3d55439437e581dadb76bdc01c8a425bcb2c8423bea8aa86e4ea70651c510cc,974
Model/Catalog/Sorting/SimpleOption.php,00ad1b4855b3de7292cebb5ab0258f9dde0532f9454b45a91066146041d37a56,1846
Model/Config.php,2e3f2b302ed3a96f7c679ed7261ed73fcbba9ddf907aeb11497df5df0df241bd,1756
Model/Config/CompositeReader.php,cf94aa637e1ad4b4d15caa835d7a61362ae8fe00739eb12227f8ca70e4b17d03,925
Model/Config/ContentType/AdditionalData/Parser.php,2bcf324ab8f639fa709da37a4253b5d052e0d860d9c950630e33e1cf9a00e958,1903
Model/Config/ContentType/AdditionalData/Provider/BlockDataUrl.php,8a9c014ead36b1be7a76439a9b4762360fd48e17b0880574008505990f543511,927
Model/Config/ContentType/AdditionalData/Provider/StoreId.php,0ada0d87e86dfff6c6a1f7ca28755d54cecece7aa5fe058d167492837b5ceee2,872
Model/Config/ContentType/AdditionalData/Provider/Uploader/MaxFileSize.php,dda3eda18cefd2ee57237d018a41e3fa1383d6deccda15065ac0350e4b99cc91,1399
Model/Config/ContentType/AdditionalData/Provider/Uploader/OpenDialogUrl.php,3017728e965d06820104dc50815df1d29b2e79568837023f63538610eb77bc2c,935
Model/Config/ContentType/AdditionalData/Provider/Uploader/SaveUrl.php,ba01aa8257a158347462af5453d56e40543f42890b2c8a23cacb8c6f84607838,920
Model/Config/ContentType/AdditionalData/Provider/Wysiwyg/Config.php,553e869bc14276af13916d7ed8a1f376cc5894618ec153434265eb2a8c7a8882,2127
Model/Config/ContentType/AdditionalData/ProviderInterface.php,b0edec4d24bb8c53071541abe950f64d8458f62ec3b0dbd77589f9bc0c7e033c,549
Model/Config/ContentType/Converter.php,a91966cc0130b5939f75fc2eabb3a7ec6898635b9c4ca506149ae327b57bd7ff,19747
Model/Config/ContentType/Reader.php,e5aaeb4413b97724e80a6638ed18e34246ee6f63acbf234898cf288e262e0ad6,2837
Model/Config/ContentType/SchemaLocator.php,ddf4983c582f3e3aab2e1677522b9368344d29aa929487faa992a13d12664666,1388
Model/Config/FileResolver.php,1b40ff852546a0a6b0e204656e0a74cf15e699dc4dad2128c6bf7b82b560fbc5,1578
Model/Config/MenuSection/Converter.php,6253f7a4c96bf3a488cd1dee55624f453f30977922812a1f38d63195bbbb823b,1535
Model/Config/MenuSection/Reader.php,f9a8cbcb69a7e271ea25d4b7a12a3e64e6d19af322e2d200f7968e070acc6ee0,1784
Model/Config/MenuSection/SchemaLocator.php,d581d22e12da35cf15b581075b052c18d5528410743323c69d908f4e986ecd0d,1448
Model/Config/Source/Country.php,57425f2b469055866799b63c7f4483df97446b5148f763243d5fa9f5f4c810dd,1224
Model/ConfigInterface.php,7eef2d21784a3118ed92f04ae7ee5b73ad59587a98066742852a8589f34c2c76,622
Model/ContentType/DataProvider.php,ffd7293414678c7f6af475fe79500884b50f1d2a340a493717cbabcf9f9a669e,532
Model/Filter/Template.php,c69b6ad9ada28c15bdc62af126045c5861edcaed253340bacec8c8ae93ef1ec9,11992
Model/GoogleMaps/ApiKeyValidator.php,532d60553804a9e4d5aea5d53652518062141bc831ddae1cfc159162065b54ab,961
Model/Source/VisualSelect.php,69c51497b16d50a09efb95ad0c0dd517bb934f04c26663e24daf1b1868464432,1691
Model/Stage/Config.php,4dbebcbd1691fef3b48481776346bb1120fd6c1a2fd84b9d31f5b10740558b6e,7816
Model/Stage/Config/UiComponentConfig.php,a2b989c5ed16da7635add46fbd1bc103b6d986312b6c098552550d34ed55bf2d,3941
Model/Stage/HtmlFilter.php,b176f7ade53bcfc066514001251d91853d254097ca7ac2ddd1dffa2562592080,2837
Model/Stage/Preview.php,8a25c82ec9decfb19d4b8fd8c8088634b78f6ec5e023bedaac2c795f8feba022,3738
Model/Stage/Renderer/Block.php,2d144f6e837b8b025d0b3047fb7990d70e48fafd07ec32657997c6f85f6e58de,2709
Model/Stage/Renderer/CmsStaticBlock.php,f4eb1b0b00d5fe5d73acf426f9809f7f42df54891112041c36490ecab2c5c40d,3386
Model/Stage/Renderer/WidgetDirective.php,e56f9370eeaab087ee54f137e2cd0a83449af136156c500d9a6a1cb495081c00,2190
Model/Stage/RendererInterface.php,e1af391efb452f7b85bb6a75a1d0aa4530c13d437d1ffad20fd1b86a5b06e072,489
Model/Stage/RendererPool.php,defba55359a22280b4295e4a793c6910b4bca2f8788f8636b3b0b664c6737272,869
Model/State.php,c9048c9d0ee4e8a2246d01515378b8fd78f7e54a83d662502db1094f371d34d1,746
Model/View/File/Collector/PageBuilder.php,57b5ba4d7fe526e5bc7ceb360ae3f381ffcfad261c9964e62380ab676ac6725a,2027
Model/WidgetInitializerConfig.php,db344e87cb6663386808b50590f697ca9223b46dfdf67d272ba6455074908fe0,2029
Model/Wysiwyg/DefaultConfigProvider.php,d411fcd35ae3a5be17071ad4688a9a70fac30b7bcc5951409e555abb60849288,2713
Model/Wysiwyg/InlineEditingSupportedAdapterList.php,1f34f1933d2f9cb013acc909ffa71cf54848129b201ae337517c0c972925d920,1273
Observer/ClearModalDismissedCookie.php,b1d12bb8b1b8e66e558b593a4768f251bbeec07e0a5de99d2b39a9eb02ee8528,2119
Plugin/Catalog/Block/Product/ProductsListPlugin.php,a36097d91828aa8b9fd4d156bdb7944cd67e6b546f093cb562ba05b7c21138b4,3585
Plugin/Catalog/Model/Product/Attribute/RepositoryPlugin.php,7c3d176827cabffad826879c97ffd31c3c253bf440690dd9bb50cd8dbd893798,2351
Plugin/DesignLoader.php,e8c0fea7af6bc8651eec142fb86edd3f8b91a13c81e4722b8f3e9552f4874102,2775
Plugin/Filter/CustomVarTemplate.php,0e62e8697edb0423311f6a11a6b40d989df6f0362cdc777b6fc9245a2e3d9993,1368
Plugin/Filter/TemplatePlugin.php,1e0a0041897138d6092bb7e17b51b8f2c6d0a940991575a1adf0cbe76bf0e720,1233
Plugin/Framework/Session/SidResolver.php,3904d28830d2910e6636b2e7e70f2cbafa4719cb414f444e54c1ed6cd592a930,1234
Plugin/Model/Eav/Adminhtml/System/Config/Source/InputtypePlugin.php,3db376a8389194387485af17185e9a844e6b271ca05b9debfdc24e31dc72541e,1955
Plugin/Model/Eav/Attribute/PresentationPlugin.php,ddbdb8f9bf66110a220ed7b1c6d18c995f2b5a8bfd2287d047f0693d3765055a,2197
Plugin/Result/Page.php,d956182360bcbf781b8ad939a7ba80214ab0f1d661342c57215e79e1d8ab0835,1071
README.md,6c2cd9da44d0e6d621d09685cb0c2db19a4a468f10a6230fa39abc5dc82262cd,1881
Setup/Patch/Data/UpdateProductAttribute.php,484b634ee12717f215e6fce95c437553231c27df4f94fa05eb4e78c7304a8cd2,1796
Test/Mftf/ActionGroup/AdminActionGroup.xml,f07560a68cc890c6bdaf2d04cbe302befb70d23a687eaee67707e89e51887f4b,5768
Test/Mftf/ActionGroup/AdvancedConfigurationActionGroup.xml,fae5643c3e6fca39785d692df7d2187fad6857ca643657241142bf736548297b,40091
Test/Mftf/ActionGroup/BackgroundConfigurationActionGroup.xml,430ac38474c3e25972c64e14a47013c8c531e74963f733ec93312f9d8a13e491,16305
Test/Mftf/ActionGroup/CatalogProductActionGroup.xml,465ee45dd655ebbd84e8ec8b4b74c9c4543dc26df0015daef928b92b6a9df57d,2341
Test/Mftf/ActionGroup/ContentTypeBlockActionGroup.xml,26a717070afbfe2556e69c8c1160d979ae328f9ad86943cbda2d0a3109c2e856,7284
Test/Mftf/ActionGroup/ContentTypeButtonActionGroup.xml,ba6c9ff9cfd4f79824fae9541990862845e5bcda000c387c62080994be2ee653,13349
Test/Mftf/ActionGroup/ContentTypeColumnActionGroup.xml,13fa9b1685835947069cccee23291d42ba8e838599b205b7636faaf8d1656752,10215
Test/Mftf/ActionGroup/ContentTypeDividerActionGroup.xml,ed91c4ca4d4b9c0455f9eb4e9e48aada4332ebf831053924d311a057e6f322f8,5259
Test/Mftf/ActionGroup/ContentTypeHeadingActionGroup.xml,925534c4bd2db3cada07481e95ce5f81bafee962115d41303ef5b0217f5d2db7,14571
Test/Mftf/ActionGroup/ContentTypeHtmlActionGroup.xml,b018de67719952e161cf69a37d7ecef207660f2004f1716e85baf534871a32b4,3711
Test/Mftf/ActionGroup/ContentTypeImageActionGroup.xml,654b4f7bf0e9c5ad15b81fa58f87c0de2394fc3833bfba727ebd093c57a09704,3565
Test/Mftf/ActionGroup/ContentTypeMapActionGroup.xml,d7a6f64c8198954803313ff3585215fc20e6151035a99b67a09f4a740fef1243,33482
Test/Mftf/ActionGroup/ContentTypeProductsActionGroup.xml,3244869f098bd00fdfb8493c6f4abdd328e19cd57067fdaeeca348eceb1903a6,43795
Test/Mftf/ActionGroup/ContentTypeRowActionGroup.xml,2f3d00ff11b3012455ed34ea05170af5d471254a3d130f7b5dfb3512e523f12d,7797
Test/Mftf/ActionGroup/ContentTypeSliderActionGroup.xml,a475f6b0f03d470f5f9bf01fd0185f0ba939855eb8b92c98d0a563ebe631e307,1613
Test/Mftf/ActionGroup/ContentTypeTabsActionGroup.xml,1b3e122f64fc7b46482fc1812744549caedcbe25a6f189197d6bd0bd56bc54c3,5827
Test/Mftf/ActionGroup/ContentTypeTextActionGroup.xml,66800a768c49c3fa65ed7b19073ba9c8797ed0b25dcc2e73137952b2d6975bb0,748
Test/Mftf/ActionGroup/ContentTypeVideoActionGroup.xml,057fcb24d4e57233de036d8d0a63dcf43d9a4615de70495f19a872a5cc3445a5,4146
Test/Mftf/ActionGroup/DragAndDropActionGroup.xml,89ce65eec9c6b89843d8eb1ec484f73ee04e3a533320d11c072a22b5051df320,14036
Test/Mftf/ActionGroup/EditFormActionGroup.xml,b336cc3a646b620b4a90083a66d9492d91b5e209bb9fbacd3f0c24b6a89f3789,32419
Test/Mftf/ActionGroup/EditFormColorPickerActionGroup.xml,c6d42b4b3961b27c8f73ceae473196a6bbaac33ecaaefdd5fe0790d56eaac487,3320
Test/Mftf/ActionGroup/EditFormImageUploadActionGroup.xml,fbb2d9d45fb4fa16a2bc425a23747a09bf90183d17f9410d3b59b36fb737f0e2,4735
Test/Mftf/ActionGroup/ElementPositioningActionGroup.xml,3f30a91f819967d4592a4d0cc9e76fbf073e006c4d117db4fa4900bd45a83042,4111
Test/Mftf/ActionGroup/LayoutConfigurationActionGroup.xml,e5eb4074085694380277b1b14c51af2831245a6c4a1a5ba5d4b34a3aa878019e,6225
Test/Mftf/ActionGroup/OptionsMenuActionGroup.xml,6523b55b179ed864aab3ce32e066d6b7e9faffbb41e0fda8a3b72bf30a0f7543,26350
Test/Mftf/ActionGroup/OverlayActionGroup.xml,0cd502dd82cb5d7e9bf05e74b0f1c53e59371c312bf240bcff8ef10fd3ba7636,22771
Test/Mftf/ActionGroup/PanelActionGroup.xml,a876602f312ba406ce5a87c452b3ac8f27c0746784cdc0e99556716414a03bff,5211
Test/Mftf/ActionGroup/StageActionGroup.xml,4a539b92e0fa6cba223a48a49713177df6160bbebcceb4c2e9f87689a36efec2,12049
Test/Mftf/ActionGroup/StoreConfigurationActionGroup.xml,32ce295c1ddc53e3ee0498f96cdb851a4d049d62ac67e1ee33999daef7c6be40,8076
Test/Mftf/ActionGroup/StorefrontActionGroup.xml,08c925f21a4d87c0d4fd1270c6b7bdfb1105675d3604d9e7ed63919e33c6e30a,4063
Test/Mftf/ActionGroup/WYSIWYGActionGroup.xml,c79c8a9932749ba93621d47a37a71a58a18b9509c4eba4b6e2ff02d7ca2f1fa1,17856
Test/Mftf/Data/AdvancedData.xml,813761bbecd07ad249764559901b08461c721913be015ff655f9c15dce4c7eca,29704
Test/Mftf/Data/BackgroundFormData.xml,0e95be1b5b94139a452d77039de2bb8a46b08747521f09482cd76f4e7d96449e,22295
Test/Mftf/Data/BannerData.xml,5222e458349577bea264bb94f86f0e45649be03c7539e01c6be71be83bfb5889,13443
Test/Mftf/Data/ButtonGroupData.xml,d8202d671b8debd498d6eb3d2145338021368cc8a6bca7fde927cad450992d1f,1767
Test/Mftf/Data/ButtonItemData.xml,b515b2417683795674a73f555a541e71dc8fa409ce71b6a10cefb65c6664e780,7344
Test/Mftf/Data/CatalogProductData.xml,e18fe1fc4ad3085b34cdec2394b856036321072fa8d61d60cc5383030a7bbc3f,3270
Test/Mftf/Data/CmsConfigData.xml,de93583d80d135dbee06fe60e06bbba027f20ed3bf16496069b055beffc64200,7108
Test/Mftf/Data/CmsPageData.xml,7c3a3b8c2f92544c4c2f9b8b25734ff10db9c29f33229adcb49d45e01f8ef1b9,5202
Test/Mftf/Data/ColumnData.xml,a9d09cfbac9fbdac8ee2daadd5802301800d5a299cfb38f66a14fd7a926361cb,8501
Test/Mftf/Data/CommonContentTypeData.xml,09cf2b51dcb670e00c53f4c17084a988d0c417c94ca0a9bc3a0773440a8fc6f3,6259
Test/Mftf/Data/ContentTypeData.xml,42de837f94dcbe01756042b1535ab91b2776f98d4bb19f83cee6105ccc700780,5894
Test/Mftf/Data/DividerData.xml,6ed6d907f8fd6979bbc93e21dc825885935c4198451e1ad144c9f6f9f5e2c208,6329
Test/Mftf/Data/EditPanelFormData.xml,2c552ef01fb18e9afda1be501d95b50abdbd35eac2971c03c4854d4257ebd8ca,865
Test/Mftf/Data/HeadingData.xml,f0e7ad126f07b6afa848d373b477365e32a4e6e64469397a4277ab5f94133957,3983
Test/Mftf/Data/HtmlData.xml,87af4292784198b4e3c390ca1a6f6e3bc5934f07935974c522b7a2f7b2c4ced0,2280
Test/Mftf/Data/ImageData.xml,0950b283978c32ffd0c02ce1868d3ea1bea4aa975aa94b9dec1c55db2437ff6d,6053
Test/Mftf/Data/LinkData.xml,ca835f7a4b6bde98e3cb2d49db31143dab9949bfcbda684c39bb319b299f58ea,748
Test/Mftf/Data/MapData.xml,71ecc7bf40b310bc6fd1324fb4de20be90542d520bb235657b1519817f2a34d5,45212
Test/Mftf/Data/PageLayoutData.xml,f059a17c5d44f7b74140bceaad6c684d88943a259092bde1f3c93481e764107b,636
Test/Mftf/Data/ProductAttributeSetData.xml,58da2f61c90988bb4a87f4dadfd1846eb11bdc7e8f87ef3c8ac77a89e0c07ae8,672
Test/Mftf/Data/ProductsData.xml,a9e0f552879d199b084048686ef4efe8b821f514d91cdb1d8bd7cfc6740c00a1,17375
Test/Mftf/Data/RowData.xml,b6286d4f3266f782992a5e09c6f063d44ed537378fe47d8b4bc636bb0e7b7bf0,6183
Test/Mftf/Data/SlideData.xml,4152128152ae0ddf4e913e45dca1e35137369fb08d71eb38cbe94c7a965a375c,18607
Test/Mftf/Data/SliderData.xml,925ec5a5da107060d4772ef45388df98ab7835be2c351fea3e78464cd0622436,5735
Test/Mftf/Data/TabData.xml,12254e08f93e509ad6495077fbe750f57390dfc3a3ef74f122951e81a9d79bd2,6903
Test/Mftf/Data/TabsData.xml,02eb22e02d2832e80f13cb8ac7359681cffb96355d6223d303f5464f9d7f90d5,3422
Test/Mftf/Data/TextData.xml,f067d4e4dd9b1297503a02acadc681a434bc5987c65431197e1c23c2250cd420,4271
Test/Mftf/Data/VideoData.xml,c544b43b4bf618522612009a36d958b50deadb88cc6ae57d26991058670a44c6,2688
Test/Mftf/Section/PageBuilderBannerSection.xml,6a5a594858e62d52a4ac9d4536efb12330f56d2f8f9951c77131e4c717f71381,23021
Test/Mftf/Section/PageBuilderBlockSection.xml,0b573723841884bc7264f8d62dc8bd9ccb0eb2d081a2a5e30cadcded4aec3207,8741
Test/Mftf/Section/PageBuilderButtonsSection.xml,9398f13a08e2e73a10c3545d0fb0a7460f7cace10ec36bb9d88cc64ff0a8fb07,24657
Test/Mftf/Section/PageBuilderCatalogSection.xml,4c47215c6d096af33c2e4b31288c7951eeb8dc2583583c7345a78643ecd41772,3047
Test/Mftf/Section/PageBuilderColumnSection.xml,1dcdb4153d9b2cea251813bc5fc6f4ff57fdc9a755ead1cadd7069e992c198f2,19081
Test/Mftf/Section/PageBuilderDataGridSection.xml,5c3f8bea881eca6dff76fe49b93cf619c9c80f1730946dff04db878df2429cfa,3256
Test/Mftf/Section/PageBuilderDividerSection.xml,5a429c2254d2a3c42ac752a3e3ea19b2b249e3f54a12eb4b34b1071527dda4dc,8279
Test/Mftf/Section/PageBuilderEditFormSection.xml,d03512ccc254a840a5ddd345c447f09d6aabde6cb82b2aefa0a561a34345d866,14150
Test/Mftf/Section/PageBuilderHeadingSection.xml,06faa6b914e071304579df007374c166c9b4b23cf92ed0d6b469f7f3799fa6bc,10081
Test/Mftf/Section/PageBuilderHtmlSection.xml,7f906a7487a7f2316ed377840ac027b2810fbfc4b7205ed4a558b1cfe4468657,9250
Test/Mftf/Section/PageBuilderImageSection.xml,18607d9c5c67f5773101cbb4ea0cf94d0f35ebefece0d43273cb16f27513642e,15108
Test/Mftf/Section/PageBuilderMapSection.xml,063bb0770a88b1ed6f25fda8c2e12c466bec8ba7722597f4a14ce7723d68c0a9,20553
Test/Mftf/Section/PageBuilderProductsSection.xml,f5b85df87e7f9dd11bfeb362b598a88d54b6e7b1022efe92bbd08ec25f13009c,37582
Test/Mftf/Section/PageBuilderRowSection.xml,ce4bf0a19044d04d10caae7307009608093b1d6b584b909712e0deaef364fa3d,24699
Test/Mftf/Section/PageBuilderSliderSection.xml,63a725834b4d860128ff541b323c9cc94183fbab90b3f2067c68a1673935fcfe,32429
Test/Mftf/Section/PageBuilderStageSection.xml,1235b2b64c6f777e4d3c95f81c6ce87c8430d1c350be08dd3d31e3fa38580f86,12064
Test/Mftf/Section/PageBuilderStoreConfigurationSection.xml,ff098770e8f34a53d50f5be1b7007ee0989d38876f59dba936aaa7c509fdd745,3622
Test/Mftf/Section/PageBuilderStorefrontSection.xml,70d89507f7d5c554925754f3e656cfc059a1a1156b4664a1d1ef28803d2cf302,2044
Test/Mftf/Section/PageBuilderTabsSection.xml,d5e9c283e300bd29e8b59b0bb67e4795a831c9124d6cdc73e5de855c932664c0,20854
Test/Mftf/Section/PageBuilderTextSection.xml,fc8cf307006775afc9d4ca00c6cf9cc28ecae4ef0290507e7f2cc23259f8a598,15002
Test/Mftf/Section/PageBuilderVideoSection.xml,e5814348098b02ee92afc4eca1a31cb9f06a8320217251b92b6e3c9d558872b5,8259
Test/Mftf/Section/PageBuilderWYSIWYGSection.xml,567f0fbd0b938a9e9f7e8e544a1b98841c90d3a24595069a54d9a490cf141392,4355
Test/Mftf/Suite/PageBuilderDisabledSuite.xml,ed99576b4c02c64f208a1e7c8b73b643849f7aa11b18e548319ec7bf332eb178,623
Test/Mftf/Suite/PageBuilderRequiresValidGoogleMapsAPIKeySuite.xml,fd197a65687d26f2fb80851b388a91fb96eedec86c826be97e86387c28e0ce89,1920
Test/Mftf/Suite/PageBuilderSuite.xml,6dfe8cb24f2de45a7bf372612e5e68dacdb770fe51a7b67295fdb743160594ef,1974
Test/Mftf/Test/AdminCMSBlockDisablePageBuilderTests.xml,c604aea6da95306988e9847181b2da42d7b79f8bb3aad8a741c40773655f859d,5084
Test/Mftf/Test/AdminCMSBlockPageBuilderTests.xml,03d48f381a9665143abc0360e18e3110c71e0f02cac8505538175a04fa3b1771,59753
Test/Mftf/Test/AdminCMSPageDisablePageBuilderTests.xml,f96915a0a88c1d0b46d39971b695bf3add5eee54dafa68555492d79a79a5d787,8526
Test/Mftf/Test/AdminCMSPagePageBuilderTests.xml,9d0171fc0d75865352a83fdf956e9008395e3c3b18138542d563638d9d28ba9e,12847
Test/Mftf/Test/AdminCatalogCategoryDisablePageBuilderTests.xml,3e147d411a7c24808bff53a7a18396dcff2ce7f354f06ae2ca0b0c473157a4f5,3405
Test/Mftf/Test/AdminCatalogCategoryPageBuilderTests.xml,c4b464881e0ef549702b075598aa0802e283e14b7becdb03d60217afb20183e8,59558
Test/Mftf/Test/AdminCatalogProductDisablePageBuilderTests.xml,bb5d7bb9083c1a15874bb20281fe26168e399aa04d15ca132a5d9b7d7738ec25,5639
Test/Mftf/Test/AdminCatalogProductPageBuilderTests.xml,ca45c9f9097c4b0c5fd383c884140ad42e9ba63ac7512102fa58b83c25fd22c0,176229
Test/Mftf/Test/AdminPageBuilderAdvancedConfigurationTest.xml,05bbb8074ed449d6ae0eced5ba5749fd39c7aabee325588d3890ee3e77557eb2,183717
Test/Mftf/Test/AdminPageBuilderBackgroundFormAttributeTests.xml,bdac6da22c6cd45a6637b5f5cf0bb23e2b14d23650dcf532b99bfcb3b8cd2d49,210796
Test/Mftf/Test/AdminPageBuilderBannerCollageCenterAppearanceTest.xml,58c11eefcd2ef9bfb72ef81cc78d4b702e5878e4ec74f357b862a1fe2714bc36,101393
Test/Mftf/Test/AdminPageBuilderBannerCollageLeftAppearanceTest.xml,31bed645b3d265fdffd91f1be34f44a8381825112f9a820313b75068d14542fd,100536
Test/Mftf/Test/AdminPageBuilderBannerCollageRightAppearanceTest.xml,0ab950a767a373e4c690ad041c962b03e4ccbbfd63c7f62c06befbcd3f81241e,94356
Test/Mftf/Test/AdminPageBuilderBannerCommonTest.xml,630d62d3d6840dd244393e50cee29306c0f77f1f8129c4bdf7e729c40ce83fa3,161378
Test/Mftf/Test/AdminPageBuilderBannerPosterAppearanceTest.xml,c7c33e4ee2c999622f78e7d6bd391cc9c1a58cee541997d6afe9992d99c2bb12,144294
Test/Mftf/Test/AdminPageBuilderBlockRenderAddContentContentTypesTests.xml,dd5f18acd9dac15a29bf67d01c37dea1f0cb70fffba12b6c640a70509b95bde5,92486
Test/Mftf/Test/AdminPageBuilderBlockRenderElementContentTypesTests.xml,779249e2bcb456b9ecb5009c5dde393ba399a66718fb5578a3b5263460987745,76094
Test/Mftf/Test/AdminPageBuilderBlockRenderLayoutContentTypesTests.xml,efad5f7d40c5d7577694aee837c9280f00a3732560b2c7874ac4d9bda48575af,139062
Test/Mftf/Test/AdminPageBuilderBlockRenderMediaContentTypesTests.xml,23152e36559923ab86218dcd335542ab920a05a1de3bbdcf66a7e432371fd87d,170371
Test/Mftf/Test/AdminPageBuilderBlockTest.xml,2cdd73e310cf6a7370fda5fc4d417febbb2283913786ea03d00aff1217f041a3,82629
Test/Mftf/Test/AdminPageBuilderButtonGroupAppearanceTests.xml,437d8f360da1e191bd61aba7dd14c17d8dca6577b04fa2db8a067f29f89741e9,142592
Test/Mftf/Test/AdminPageBuilderButtonGroupTests.xml,82f70e2e9b6f8e68dd1bb30e3fd8a51cf557588b015afe1095b8c52b8aa57bfa,78047
Test/Mftf/Test/AdminPageBuilderButtonItemGeneralAttributeTests.xml,b832c7e3112b7414347ec9371fca6e08bef49d54f76bbc7c7a1a1ae501355756,40037
Test/Mftf/Test/AdminPageBuilderButtonItemMovingTests.xml,bec11053edb7a39a76af5a27c8b5031d310d74d9a448c65d2ca1ebd701dcf0b0,52354
Test/Mftf/Test/AdminPageBuilderButtonItemTests.xml,a1d6ae1d12ac324206317978057a1904a478a35993a1800d5d8ff4bbf791960f,94708
Test/Mftf/Test/AdminPageBuilderColumnBackgroundAttributeTest.xml,69812374fbe8eb6ba4943a15b09422ff0521c3f5a892e9ca070c2d3f1834c56c,18473
Test/Mftf/Test/AdminPageBuilderColumnContentTest.xml,bbcd1f34b91d265a890bb03d6ae836dcd06591f6c66b3e3c8d51badaf2edc434,38946
Test/Mftf/Test/AdminPageBuilderColumnGridTest.xml,d9ec70f9c006afb839c7e8df7be00634af8820db7b7d523990731dcad90d8e49,60803
Test/Mftf/Test/AdminPageBuilderColumnResizingTest.xml,be9cc82897adb478aa10ee37c0980861ec1280a795beb79e817d5d375008a060,66701
Test/Mftf/Test/AdminPageBuilderColumnTest.xml,dc28a5fe53eb141993241dea92c3b816a71bbc9ad75d7ac4b443088ba44f3811,119980
Test/Mftf/Test/AdminPageBuilderCommonTest.xml,fced1dcd8573a3bf23dcd23eeb344b59705a0ae35e28d3327b80fed69582bc06,112845
Test/Mftf/Test/AdminPageBuilderDividerGeneralAttributesTest.xml,3ba6e06f0962411ab9c410b76f216ed5de6c382310f0f82fc5ebfd31e2287ac8,59361
Test/Mftf/Test/AdminPageBuilderDividerTest.xml,9aa3fd30ffc3466f48a8296bf9da2503a70db827e4ddc784fa5b62a6b6c7ea5c,74253
Test/Mftf/Test/AdminPageBuilderFullScreenModeTests.xml,75b4a1ca5c9ca06ce04d096e8d9a04e7df7e91fd462e8c23342f326f647596df,10187
Test/Mftf/Test/AdminPageBuilderHeadingEditOnStageTest.xml,8957846a94d676ddf0a068c90d0ee936ef74986928dd0a31d858cccf5d354030,117928
Test/Mftf/Test/AdminPageBuilderHeadingTest.xml,7f0a8c9d3c63d1a225a91231defc113a5ae04d558907eab48105ecf81006e9b6,103710
Test/Mftf/Test/AdminPageBuilderHtmlTest.xml,9c122e921ab314042fd594e519b0e30612c7d16cf0de771b87853a34bd18e2ff,84406
Test/Mftf/Test/AdminPageBuilderImageTest.xml,49d2fa757de02c8f6d9e43c73166cee84b0c2fd25d2a0d82a9e740c2dfbfeb81,92560
Test/Mftf/Test/AdminPageBuilderMapCommonComponentTest.xml,b8e4296be6988cc01256105c88ade5a7e9fdaa867b36a3114b0430a1b3a28821,106218
Test/Mftf/Test/AdminPageBuilderMapGoogleMapsSettingsTests.xml,cb8fc0333784b67db64dcafb7cdb393e8c7196c72a5b939d419f4de8361718f8,39564
Test/Mftf/Test/AdminPageBuilderMapLocationAttributeTests.xml,3355b0dd01dbc02a31b7263cb9c50e0c8520ea03c3c7005792325e7e41412171,79679
Test/Mftf/Test/AdminPageBuilderMapLocationTests.xml,337c1d408106be9f08635a70aca2a348f555950cdb23bf86ee28daabf65c69f0,97483
Test/Mftf/Test/AdminPageBuilderMapMapSettingsAttributesTest.xml,8186cf5b48beac6ad678b8de6a42566f1e46baf64e1d5057f2fe0cd9488f91fb,20349
Test/Mftf/Test/AdminPageBuilderMapPinTest.xml,73df145512e52ce363989315247088e7d016763181952b411ec4d5d1ceacff74,88865
Test/Mftf/Test/AdminPageBuilderPanelTest.xml,c04e8e8b4a6213765c5e54b4b6f242be2cc6eed9a0d6d7fbee78a0aa6d7dc433,30108
Test/Mftf/Test/AdminPageBuilderProductsCarouselTests.xml,0aa13f01b44c0578f4f952c8528a42e7e06c563b5d2121d5a3e2ad156c81f50e,238045
Test/Mftf/Test/AdminPageBuilderProductsCommonTests.xml,3ad6e1d78d85d3ecb087b67eb331c5a64c1452cd1c7bde9cb52bb5266c1aa76f,81608
Test/Mftf/Test/AdminPageBuilderProductsGridTests.xml,230da3f7873defb535b7c5b65ed9a90b1b0963c51db8b9ef8a3a12b966e2493b,109397
Test/Mftf/Test/AdminPageBuilderReadNonMasterFormatTest.xml,342e55f082b9429359bb64de1d98c42a9535d591a1ffea8a57ff325148181ca3,19341
Test/Mftf/Test/AdminPageBuilderRowBackgroundAttributeTest.xml,0b9f02233e64237319de5c7172c90d3a095a183bacdc11d0a888742db7ac562c,17790
Test/Mftf/Test/AdminPageBuilderRowLayoutTest.xml,ca1fd7c6a17ddbe3cf2c5350cb20372f26740696594d67845c7112f37d3f5bad,38477
Test/Mftf/Test/AdminPageBuilderRowParallaxBackgroundAttributeTest.xml,ed434b379aa9aaf1e8085adc0adb12223e8951c265b0b7954b009ce8c3f04a91,6039
Test/Mftf/Test/AdminPageBuilderRowTest.xml,3a4bac91efa0b5506005b553b7089c950826c5be33ce140a9f81618a36a89dd7,139913
Test/Mftf/Test/AdminPageBuilderSlideItemAppearanceCollageCenterTests.xml,b1f3bd43a97297ce5a49bd1ffa8afc60f6f1f26d0f146e2cbab05873ed8ea605,47702
Test/Mftf/Test/AdminPageBuilderSlideItemAppearanceCollageLeftTests.xml,74a122cf7a1f285378946946f6d4cf346d9776eb219a47341db2d4389b38f0c2,38692
Test/Mftf/Test/AdminPageBuilderSlideItemAppearanceCollageRightTests.xml,ece4542cf62f8d4fdb071010b0bfdfc4324742bff54f346e92792b373dab3333,32474
Test/Mftf/Test/AdminPageBuilderSlideItemAppearancePosterTests.xml,a657de25bdc5ed1cdb9910c8001fdaffe32220d43087ccf2c79897e273387553,124961
Test/Mftf/Test/AdminPageBuilderSlideItemCommonTest.xml,dfebe907f13d7d44c99252732ccd2e41682d034743f146413bd48823ef17aebd,140424
Test/Mftf/Test/AdminPageBuilderSliderCommonTests.xml,8c8358add60d38a06d85704cdbbb7f9c963a08927a3b80e5da9d65ed2f99c8ea,133907
Test/Mftf/Test/AdminPageBuilderTabGroupTests.xml,bfb6f472f9f88055794f75f88576e614321550949ed471820b029b206f353d5c,92621
Test/Mftf/Test/AdminPageBuilderTabItemBackgroundAttributeTest.xml,3c2dc60964d029f33212e2fbc9ebacd21099faecf597ddae87d49e7ccefb0ca7,18820
Test/Mftf/Test/AdminPageBuilderTabItemConfigurationTests.xml,237c929e847013a7a895caaa8c1ca7683215c7e7bdc6fb7f6c016a4a9ab3b916,174475
Test/Mftf/Test/AdminPageBuilderTabItemContentTests.xml,030667f5e1028e5b969f2f8a15d99a1097eac7bd29fb1602f4d1b0c37906a144,75523
Test/Mftf/Test/AdminPageBuilderTabItemDeleteTests.xml,7b2f5d51343058fd7d9f3ed164b960f9b2e57c8e3d9dd8b7bfc5a6d6638c5db0,30441
Test/Mftf/Test/AdminPageBuilderTabItemLayoutTest.xml,5d35aa6c88119bc4aed969dcbe0f4b6eeb04eb5422d0d0e82757fac4b6e59259,49246
Test/Mftf/Test/AdminPageBuilderTextTest.xml,fd9503a47c885544c78197fe533e5472bb6d0f3e5630ab4513e676a47913b72b,202516
Test/Mftf/Test/AdminPageBuilderVideoTest.xml,16a3cf6eb2baf437b19121939d501f6af063bf328e8f22d378d0e10bceb86d0f,85907
Test/Mftf/Test/AdminStoreConfigurationPageBuilderColumnGridTests.xml,da72ef33e6a07166bad5fb507f1d298cbfe3f4140e2c743268a37220ee58cdf7,17354
Test/Mftf/Test/AdminStoreConfigurationPageBuilderEnableTests.xml,b8040960d2d7f6702a3234994a7b1cfb1bac3a2eae8061d8217826fd030a90fd,4691
Test/Mftf/Test/AdminStoreConfigurationPageBuilderGoogleMapsAPIKeyTests.xml,44b1388e407c33ab27bd6185c3c62e32cccaf799d549c0f0fba447a482b53341,20984
Test/Mftf/Test/AdminStoreConfigurationPageBuilderGoogleMapsStyleTests.xml,c9a8bf113f395115127bca7874232590bbd979c77c080bd218fc4012c3450244,12650
Test/Mftf/Test/StorefrontReviewWithProductFullWidthLayoutTest.xml,f78f2cf28ea7713cc4c339cc6acc7e601db719b6bc6bd2b9cffacfb1adae1b24,4502
Test/Unit/Model/Catalog/SortingTest.php,7bb9da267d49006a694a5035463d15a3964e911555c1e5bb531eadce38557ebd,4995
Ui/Component/Listing/Columns/BlockStatus.php,78f876d69b2d6e30e2f58c2e35797cd4926183a17e1771a173d356a703b1fec4,1516
Ui/Component/UrlInput/Page.php,582f7b6d97fc686135e1014feabeba6d82e141a979ba1a04d88dc66435d56ec4,1496
Ui/Component/UrlInput/Page/Options.php,f403cd6910d87598a409ed4bc77e49e1b3b9f7807d3aa9e5354816660f19407b,1825
Ui/DataProvider/Product/Form/Modifier/Eav/WysiwygConfigDataProcessor.php,7564d3944d212d5a937d437ee5cbd275e0f24cb14fed516e069a5f6ef450a8ff,842
Ui/DataProvider/Product/ProductCollection.php,33968ad0522c5a4b825a8ade3401fa5961d59b4a264595214d3f629055f13fa1,1039
composer.json,b43d121ec41a70d1c8cb3505539436070ad2ffd4f4e1495740f56217b9614dda,1360
etc/adminhtml/di.xml,fe2103dcc1bb60a280018eea4c562dab349b3f15cc6efe9a4c2842a1cb1d0fd0,35561
etc/adminhtml/events.xml,c21150cbee2217056a701878187790c69237fddc460b0e2c34ac1ac6b0c3a234,466
etc/adminhtml/routes.xml,4938dc87e397dd1ca4ddc646f88701908470b60352b188fded2fc70f8e78edd4,462
etc/adminhtml/system.xml,c361113bd6fb376d31a7243958a71b1b8c321251adf074f8fc69834a83b0d278,4174
etc/config.xml,f21d9ad11ef3b3e2e55b0daf1e2809b6eec5aa05c027bda57dfff329128b89ea,1217
etc/content_type.xsd,092bca30fef298b4a8835c13ce1d2d32ea563872cb97ba939fc1f50aaefd2c75,9905
etc/content_type_merged.xsd,afe1101c91b9046ab997f67b5ee82471eed96c1cc8b2c5f678d518ec138b1be0,9984
etc/db_schema.xml,6f9598f61cea93d332fe978656df3f92694bed71bf173b8a9e02cd3dc5b9e1f3,581
etc/di.xml,b9b37ed38af181233809505b4c62975fad7aa82fcae064ccfee4092d2a48176b,16536
etc/extension_attributes.xml,0366105c0429d433fdedd82e69589a8d7020659a3cd91dec00dc9b3fcae04c6b,457
etc/frontend/di.xml,c4d40e797f5a30a58134508ac371d604e319875fc2afc80ab1afccf325faa79e,790
etc/frontend/routes.xml,c26ae1d164ecab9f51aecc4f3d601a9d208e0a1ccc3768ce4250a2ca85554e4e,440
etc/menu_section.xsd,8f4da6b98e7d9893f9989bc5c3dd1321af0d2836d6d20a558493f4a177771892,905
etc/menu_section_merged.xsd,13dd2382735259050b73c9a9ca2a51e4d3e61065aaee9d3b10f571cd70a6b03e,905
etc/module.xml,c1bd2e5bc40378750dd5b865839f6ca76b21fd5e1926611374f75479ec097f8b,776
etc/view.xml,3e93414e018ce1d4130e9930c44b476d19cad687c9e55672b01510189c35cbcf,3072
i18n/en_US.csv,95dd5f5dda4b7f7fcc048c76caacf61cf375edb01cbd8e1471c8e25e00958f02,13338
registration.php,9c9d7db368e2fef6beba57b466b7aa2b05db3f1cec05c18ddfb3e3bb536b847d,250
view/adminhtml/layout/catalog_product_attribute_edit.xml,98f3e1a2969658dab019e012192a415f9efee9063a20b5c7aff454ab5160858d,615
view/adminhtml/layout/editor.xml,b58f142cc0e70d2736a0449e7dd4bfc9fc762ab6c1c25cac3e9982f003ef71e7,1241
view/adminhtml/layout/pagebuilder_banner_form.xml,1ced5685696387c3ba77e7fd210b5491c4cd80b062b0bf828a1771a1ac747548,500
view/adminhtml/layout/pagebuilder_block_form.xml,b3564696086d09aec028376c5bde9b8106be449c5a29dbcf57a43248059f9c3e,499
view/adminhtml/layout/pagebuilder_button_item_form.xml,750a05a1a2dffa3ffb44cc91336ccb6d00658ee67c32e62a055ff01856748119,505
view/adminhtml/layout/pagebuilder_buttons_form.xml,c04ae16a36789c28db1aef547177a3d10e1f1235885dd31315db727b27143e96,501
view/adminhtml/layout/pagebuilder_column_form.xml,a73b69836afeb6811b553e79b64a02cb6a1e8d390185a23f542523ff410a3e6e,500
view/adminhtml/layout/pagebuilder_divider_form.xml,a97f09b180325c8416eb88324effa3fddacbb03eb77551990b31a7c8b10bb256,501
view/adminhtml/layout/pagebuilder_heading_form.xml,6c57c15e2e294af0edeb27dbbc3874af550d3340a6a83d58f9a92f9ffaa464f0,501
view/adminhtml/layout/pagebuilder_html_form.xml,0fa9ac5718aa9026a49fd1e3aa2ddcce15c3c52ef51ca9082d84b46d0a7caa45,498
view/adminhtml/layout/pagebuilder_image_form.xml,93145af2a56035c4990fdd25550f85d765d76813f0550d6bc7deb1bd8c45c071,499
view/adminhtml/layout/pagebuilder_map_form.xml,6fde90434a7ef80101f9d271903982faf97c4782bbdef4dfeceb982342d38c71,497
view/adminhtml/layout/pagebuilder_map_location_form.xml,00fba1036af8c067a1c156eb82bfe9a0403598eebcd554f0535a376944086138,506
view/adminhtml/layout/pagebuilder_products_carousel_form.xml,7f5711d68bde9bc40b3ea91a11f0ab6b45e25ecc077ac7ba922dffcba0065ce2,511
view/adminhtml/layout/pagebuilder_products_form.xml,f54cdba66e31e97966423959fc170b22f1197bbed3aaeddd5d4d52e92988252c,502
view/adminhtml/layout/pagebuilder_row_form.xml,1b337e85fbaa7f71167f2f257632c33676abdbcc90cbf2481593efca5a5b92a3,497
view/adminhtml/layout/pagebuilder_slide_form.xml,07057b911b18c71518a3807ff5c784beaf716e1e57c1dc1186b3e7e252064e21,499
view/adminhtml/layout/pagebuilder_slider_form.xml,5a5c87174cf38168e30180c74e0aff1ad18037ff37a8e46f0614314aa16d26f4,500
view/adminhtml/layout/pagebuilder_stage_preview.xml,7ec5a66562c380b6b3d293fc0bf7b2837f4f0ec6a88b1bb8616ba4537d45607d,495
view/adminhtml/layout/pagebuilder_stage_render.xml,7d324669009f0f8bd823dbb4d834b7dd8cc33a149deded2f0a6cc48e7bb58412,1255
view/adminhtml/layout/pagebuilder_tab_item_form.xml,27de20f8f700513726c3bcd9f887692325a541d36f0a929f6bd8b0b82ac3049a,502
view/adminhtml/layout/pagebuilder_tabs_form.xml,edfed4f072e0a372530a07379c956f21c5a18e0fd334d091cdd85cbc88a09d29,498
view/adminhtml/layout/pagebuilder_text_form.xml,eae5abc5e40587726a0c93c8e118919b576d0e732c497f9c229edadc747e38c2,498
view/adminhtml/layout/pagebuilder_video_form.xml,73a2127f11697bfef1a485a8a7ca2bb1e91bba0b68b1d01d8ca746229ffbe806,499
view/adminhtml/pagebuilder/content_type/banner.xml,c442c4dcb168fc89d765406a76a51743de83ee0d982212aa68fd07f8fdf7540a,26738
view/adminhtml/pagebuilder/content_type/block.xml,1104d887fd5bf5e33c9176e6ca083d548c71bd035a7e62441ce70cde51116c03,3376
view/adminhtml/pagebuilder/content_type/button_item.xml,3f362a380acc7c3cfa86ee5d1255754a68a4a1d07a322350614455d1b7454458,4967
view/adminhtml/pagebuilder/content_type/buttons.xml,0af25f051760c2964e7bc83624d56495409f2cc569722a06c955f2a89d4d9a50,4932
view/adminhtml/pagebuilder/content_type/column.xml,5229fa961a02dcdba274dc6879ac076dfdefc900af65a1bf7d0018c22b781db0,17050
view/adminhtml/pagebuilder/content_type/column_group.xml,02250ff8b8ee04c4db5e97e021d72d2726317a6a88da9804f82c2c0cac2f3377,1868
view/adminhtml/pagebuilder/content_type/divider.xml,d9f0b6f1cea2bd4ad8a1890fffaf3cda4976cbe7fd315763c7f9fc9bf34fbf41,3050
view/adminhtml/pagebuilder/content_type/heading.xml,617207cfd0a4fa0c445f643ecf53ef0e85f22b9316d792ba5348f7820f696ff6,2784
view/adminhtml/pagebuilder/content_type/html.xml,53f0175d7e166f1a69d60fe45e99544ca10b336db5378fc9729bb0a702ec67b2,2704
view/adminhtml/pagebuilder/content_type/image.xml,8548951444826b3e259c12f97958209fbb2a52ac57639e48b799ad05c10c2058,7630
view/adminhtml/pagebuilder/content_type/map.xml,dda642f97d38b57db8020bcae7ae2a8adcdc474ce0359e29093ee20550eb423f,2958
view/adminhtml/pagebuilder/content_type/products.xml,0b65fb3b1a4f2a804d085616d4e76d5b1f58280df060dbc66048a564dba49a3e,6203
view/adminhtml/pagebuilder/content_type/row.xml,15e109b253926401c72225034dc81a1802be031e647638151d38f099154301be,13509
view/adminhtml/pagebuilder/content_type/slide.xml,b960145dad38d593b014b9ae0c704926287f8c6c7c07cd93158586922fdd21f4,26374
view/adminhtml/pagebuilder/content_type/slider.xml,d9fc0c4678dc285d48212c99c6783af8a38fb4fb4a362e6c2bc97b73b13a8af5,3379
view/adminhtml/pagebuilder/content_type/tab_item.xml,f93a90ffc8e3328b7f6a887c38d0a0421595947f3ad1a39aaf01e387d343e94d,4885
view/adminhtml/pagebuilder/content_type/tabs.xml,dd67c66cff8a445e6dde36338faa9476b931f4d925e57230c055b7d406f771cb,4637
view/adminhtml/pagebuilder/content_type/text.xml,580d26a817333efee4793253770c9c6520d9dada5a340abefcf6444f6928845c,2998
view/adminhtml/pagebuilder/content_type/video.xml,c481889d0e9e156a870db310c2b3c4e65b70eb221718dadfa82bdacfbf3a56f6,3187
view/adminhtml/pagebuilder/menu_section.xml,30bb4a6f06471f5eba0dedbaf341a98babda207df9613e24c55bd0c9c9357214,634
view/adminhtml/requirejs-config.js,13aa7b130fa2a2697e62338835f8844ad4ccf14f9db9f988df574c05c6005e27,1658
view/adminhtml/templates/form/element/conditions.phtml,e124e526cb831c3df2089605e5ba257129c5ff25ac36a77b4b3bac744a27750e,892
view/adminhtml/templates/html/container.phtml,c20499d82d56c5fc272f53ed67bb9290ae717f802f6a91e6caf4d933b357d5bd,170
view/adminhtml/templates/html/head/babel_polyfill.phtml,5d9f161526a5b51156fb73f38fcb3c969fe533f891cb9b447f9ffc9c48256cbd,311
view/adminhtml/templates/stage/render.phtml,9cfb129ccdb2895c12de1d2ea97e7cd31f9fc30668120f44ca0ed55dd195326f,1596
view/adminhtml/templates/system/config/enable_field/modal_content_body.phtml,5cca2be5b7b13a0324bb2ecbf061002c43f20620446846178e351bf6865acb46,879
view/adminhtml/templates/system/config/google_maps_api_key.phtml,d807f2259a23cda115361ced324d7e28e1c42bf4b864389c4f222c1afee7eac3,1071
view/adminhtml/templates/system/config/switch_attribute_type.phtml,49c120002f66e559392c02aa594525103a456c99619ea4866362bf60d70b427c,631
view/adminhtml/templates/wysiwyg_setup.phtml,6d02519ccbb0d2f24ac82944344b512f4ac1bb9dc8bdfe0fb72b5b45804f0470,384
view/adminhtml/ui_component/category_form.xml,357b8bccb5199e8373df286d649549a51dbd87e79925b81e21f69ae3d74096ee,882
view/adminhtml/ui_component/pagebuilder_banner_form.xml,fcca80a8ccbb9e0a72cb27ac60fa7255c44e9e96043ba7d0f05b3a65c5f0a9e1,14936
view/adminhtml/ui_component/pagebuilder_base_form.xml,0fb1c20924dadef9c651edb208f1e6e84d8ec3048dcf22e2dcdff574798d7762,10478
view/adminhtml/ui_component/pagebuilder_base_form_with_background_attributes.xml,f4a6c36c53ea8b7b436c85ff81c1a9d93dc4c7d41d88ae174fb4575445c6c47e,9909
view/adminhtml/ui_component/pagebuilder_block_form.xml,82aee7181e1ebcab5c211dc1e4de6b6a660b1fc7be1ee5b8ef9d5678b3f92207,7324
view/adminhtml/ui_component/pagebuilder_block_select_grid.xml,fd52fc785adb4cecbe3e2027088144d8ca370ece2e9ac600e0c3d4439f5dbf76,4218
view/adminhtml/ui_component/pagebuilder_button_item_form.xml,a214ea31005de477c0c673bfe98d5a435bdb928e8e1ae89dbd36c2e92b6d63c9,8245
view/adminhtml/ui_component/pagebuilder_buttons_form.xml,bdae35a1db977d71607da046e1bdc36ff35722fedd4879a0e8fb8fb1facc9347,5322
view/adminhtml/ui_component/pagebuilder_column_form.xml,8e8da5be144969feefdbdc97b05917fe6ad2a0cbb56fce00344091f19c0b2e08,5859
view/adminhtml/ui_component/pagebuilder_divider_form.xml,017e28ae6facd75960ef367b9439dfb3357b590c4f0c998ce60acb27637a33dd,6458
view/adminhtml/ui_component/pagebuilder_heading_form.xml,14543a9a9be27b6addeb85397e43e0650a04345fe3ba917146e804b6395583bb,6700
view/adminhtml/ui_component/pagebuilder_html_form.xml,19dabbf199b5461cc0f5d2a1724a2a8d5486769ba77b115b39cbfa78a8858871,4353
view/adminhtml/ui_component/pagebuilder_image_form.xml,00246d3953d257909aa602254a30618320d882a055d589d740304cbeb79b31f7,6611
view/adminhtml/ui_component/pagebuilder_map_form.xml,98cfb7ced216708d2f30fcb2b1c76c24ba26b3e67c0f6b7f3e6531d6fbd516df,15958
view/adminhtml/ui_component/pagebuilder_map_location_form.xml,cb0bc21de5d7193e4fdd594061db71480e046da6d7352775906a662e85e06823,8268
view/adminhtml/ui_component/pagebuilder_modal_form.xml,83c386110b9e405c2bc0b6be357f4bb5fe1e5a8008b16716426c1c3f1b4d40d7,2137
view/adminhtml/ui_component/pagebuilder_products_carousel_form.xml,a37aac2534a2b9c6a5889a682f3402b6233e52152e04d94644e79de0b3f1b149,10567
view/adminhtml/ui_component/pagebuilder_products_form.xml,5476ea378ce5d2df1a3b1c3f314c56b6e2b5a1d13561445c485a09017f814e10,13645
view/adminhtml/ui_component/pagebuilder_row_form.xml,ce69ca2dbbba44ac6527f95031923b3fb6e4fc68686516072e52aa2d2c65f622,8848
view/adminhtml/ui_component/pagebuilder_slide_form.xml,af9cb576f05687e0620dea4cc9dadae11b9885a04d38df5502e2350c36e48baf,15513
view/adminhtml/ui_component/pagebuilder_slider_form.xml,8e300e9f2f1e93ba4ba999f763eb4502682eec38f26c2b8d8c3c616e1f1e48c4,9651
view/adminhtml/ui_component/pagebuilder_tab_item_form.xml,4b8a790b104db9333aeac1892255d1a912afb7cf1f524683e810624e6107afb0,6256
view/adminhtml/ui_component/pagebuilder_tabs_form.xml,e3f75f9e6b89b5ecfd5915a84e05be1900290fc79cc88affe6203917a9adf418,6176
view/adminhtml/ui_component/pagebuilder_text_form.xml,0c4029c9e309ed53c1138df0e926aa22766587422dee74d5063573be4c3a33bd,4405
view/adminhtml/ui_component/pagebuilder_video_form.xml,7dd1771626f3c2869042e43b03535fd0d4fe700657a19f64be90d01e0457424c,4229
view/adminhtml/ui_component/product_attribute_add_form.xml,fe3e7aa3f4c7efa5985beacfb8b309717e47e760b69dff6611062f8cb6844765,923
view/adminhtml/ui_component/templates/edit_form.xhtml,5cca4d255baabd7b0c5d6598cfaa865a6a0eda723d008305af4888facdf035c1,444
view/adminhtml/web/css/images/cms-empty-row.svg,1f32f6d2bbecdaa4609d5e2c9f625672aff81d7c3b572d26f8c464792aa914ae,5273
view/adminhtml/web/css/images/content-type/banner/appearance/collage-center.svg,31738ab78853a376f3a95eca02ae9e17e112018597d40d748c8e00ce643b3ac8,491
view/adminhtml/web/css/images/content-type/banner/appearance/collage-left.svg,2c1e8a23ef118d4539125ede2a20cca3256cef3af32e435ed8e9ac9d15cec968,491
view/adminhtml/web/css/images/content-type/banner/appearance/collage-right.svg,6a3eab5bb4828bc95c83ccf7d5d085071da52cece288d1dbb2bd4f4389b7392b,492
view/adminhtml/web/css/images/content-type/banner/appearance/poster.svg,466ed61cfec884a3f98277780d9fd38cbc7991c348894ea80e2fee8e0c8a78c5,386
view/adminhtml/web/css/images/content-type/buttons/appearance/inline.svg,67b89cfedcca8289fe3885cd19ac7a7f87ec6393fd3ca4110468b9903390e38a,333
view/adminhtml/web/css/images/content-type/buttons/appearance/stacked.svg,4570c7c8fd1de31cba92bc82bfe8041cb86659c78e652348ca867ebca5604b83,332
view/adminhtml/web/css/images/content-type/column/appearance/bottom.svg,417197aadda6230fc38b4cf4e65bc67303856c0c7acf5ca11b6f6464f8398973,599
view/adminhtml/web/css/images/content-type/column/appearance/full.svg,bba5a8d832e2f1cf94b24874eee99abea2906790010016bf8427189ec5dab34e,589
view/adminhtml/web/css/images/content-type/column/appearance/middle.svg,88bd86428ac59abed94a0392552005e9f0ff45c2ffb54ed4859d2c45186a2e6c,599
view/adminhtml/web/css/images/content-type/column/appearance/top.svg,bc6f6925ce5e29be63616aa7f90c36e3067f5f67efc59820ee13a9b505eaa5ad,583
view/adminhtml/web/css/images/content-type/image/appearance/full.svg,50d82b9740a3fced8cc268f2c2893e256f20b497bcf2b85564a69848d6ae43ca,571
view/adminhtml/web/css/images/content-type/products/appearance/carousel.svg,825e8245c809683d153a7659a4c607e01101c4367f9e9662ab98355d482ae02e,510
view/adminhtml/web/css/images/content-type/products/appearance/grid.svg,641cc26338200582471988a052a2bd869a8f1015e03c09d847aac0fd69a11308,463
view/adminhtml/web/css/images/content-type/row/appearance/contained.svg,fd3c759d161a6d0c4b0ecf163172565e050725a52da1b06262589fc41cd53c92,859
view/adminhtml/web/css/images/content-type/row/appearance/full-bleed.svg,5fd5dd4e4cf55efa130158a771da9cb340a8f4f317545536669fbe792316d210,1104
view/adminhtml/web/css/images/content-type/row/appearance/full-width.svg,294f5806c0085253c8e29a0a023e8fba4e66578a39d15edc32e7cd96e13bb81d,1169
view/adminhtml/web/css/images/content-type/slide/appearance/collage-center.svg,31738ab78853a376f3a95eca02ae9e17e112018597d40d748c8e00ce643b3ac8,491
view/adminhtml/web/css/images/content-type/slide/appearance/collage-left.svg,2c1e8a23ef118d4539125ede2a20cca3256cef3af32e435ed8e9ac9d15cec968,491
view/adminhtml/web/css/images/content-type/slide/appearance/collage-right.svg,6a3eab5bb4828bc95c83ccf7d5d085071da52cece288d1dbb2bd4f4389b7392b,492
view/adminhtml/web/css/images/content-type/slide/appearance/poster.svg,466ed61cfec884a3f98277780d9fd38cbc7991c348894ea80e2fee8e0c8a78c5,386
view/adminhtml/web/css/images/form/element/visual-select/alignment/center.svg,478b00672a67f2a7641977aa600d1b0a03626ce28c0503273adcdc7fb7519519,297
view/adminhtml/web/css/images/form/element/visual-select/alignment/left.svg,86ed8ed4b69e657151dd75a7de68323f0f3230516761fe3369d62434f39bd135,320
view/adminhtml/web/css/images/form/element/visual-select/alignment/right.svg,928deb01df0eed7acccdec7274d99c2386c9340d5749c76fd263f1d3a73d12f7,300
view/adminhtml/web/css/images/form/element/visual-select/background-size/auto.svg,e1dac66d7eb6fa7c10f8081d349f8d2c7017b5b48928c20418b323f20e12bb6b,480
view/adminhtml/web/css/images/form/element/visual-select/background-size/contain.svg,e5ee27a380c8cf858cef1d4af9852b900cd01309301adb21ce1a59137530c52d,474
view/adminhtml/web/css/images/form/element/visual-select/background-size/cover.svg,c430900e6e5cef989b4db382c9de20b905f36a4ca2a88be2fe3571912b7da912,471
view/adminhtml/web/css/images/form/element/visual-select/vertical-align/bottom.svg,2cb72b3206a93c80d0132e1e70605da18ad0334b55c11f903af7d570634e8438,357
view/adminhtml/web/css/images/form/element/visual-select/vertical-align/center.svg,3e08487adae24be83bc1cc0308cd55ec9fc17eaab7581efa9fee9543f0ead7b2,384
view/adminhtml/web/css/images/form/element/visual-select/vertical-align/top.svg,e7630cac9c74e5bdce6a68132b2dfaad3ed186cc34847dfe6753daeddb0963d8,347
view/adminhtml/web/css/source/_buttons.less,23dab46f7c7a981e4acbd606df056f6e2c482aa223159c4b6458b46e95618c6d,1521
view/adminhtml/web/css/source/_common.less,b117de4c82c1a5adfd827d5f340978dbb105817bb4338d35329323e39281ce0c,1018
view/adminhtml/web/css/source/_config.less,f646af7e4aa076c0ebbae1fb62c5feccd1f10ea1919cbcc917727c2d7b894f98,1252
view/adminhtml/web/css/source/_drag-drop.less,17e25dee7b86caee06f8673deb7a385ab5f7633a262840a2d93cc3834a0a57bb,1894
view/adminhtml/web/css/source/_fonts.less,9ca9840725b231f348f752359b86a7499073ff833b575c12a55c1d3212974134,1531
view/adminhtml/web/css/source/_google-map.less,86dbaf0d70f5f9585825671f1e354ed656dd8e700da5be534f7c8cac41cd20f3,528
view/adminhtml/web/css/source/_icons.less,844851eee56c37cc646cfce853584ae9b858d9503be3f8ff3f87bfce822a03ff,5128
view/adminhtml/web/css/source/_inline-wysiwyg.less,4180810c7784f1ecd75be4ec47fb17fb3dcbd2ad50ba71bc511986d147ea32ff,1667
view/adminhtml/web/css/source/_mixins.less,626f0f07af01b89ac982a13e8eed131ff27c7c28e1a0652db27e01e4e601e2dc,354
view/adminhtml/web/css/source/_module.less,9fb186c7f0971fca4bd71ce748edb2121e10b52ecfde2fbc83e934a07f6881b3,1705
view/adminhtml/web/css/source/_page-builder.less,eef44be7e3be6313034b61a8a0ed1551c9a873851e9aaf60698b23d59e2c4b18,5795
view/adminhtml/web/css/source/_panel.less,9b07cc6181d885c74cedeff63b3a4025db59db7a1a9038c29f14ebff6507aa7e,8587
view/adminhtml/web/css/source/_toolbar.less,1e0ef7a5ec0b1a7e5ffb647bdd7b6365be37e348ce8f98f12d6d6b2fa7ed9514,2830
view/adminhtml/web/css/source/_typography.less,abf89f4fa28115eba2f1c3a2b082a0b15370d6912b5fb7cc99ba8c5fc0f91c29,6006
view/adminhtml/web/css/source/_var.less,46f44da587a0d2295b7c763364da6392f248b5b8b4a50f7bdd3d33a9d441655f,1635
view/adminhtml/web/css/source/content-type/_import.less,0268195b8a0b68fa2bb7618a7bbd44a87cac2cd545de9c88f97c15125eb1e6ca,863
view/adminhtml/web/css/source/content-type/_preview.less,e969562dd3ea65516f499bc9ed7009ec06883449d73745cedaa41cc275a603d8,15724
view/adminhtml/web/css/source/content-type/banner/_collage-center.less,49612bb3e142cd0f7591635467020b8214020fc00cb4a992780e7734e8f0582e,360
view/adminhtml/web/css/source/content-type/banner/_collage-right.less,33c2f5455a40711ecc5fe54dbb46fe6165f40c7ee1c8ad4897b85b7349cb150e,328
view/adminhtml/web/css/source/content-type/banner/_default.less,ee10ba67d33788cc21696d9aef35c197b96016bc97fe48b5ccfce21698f94dd5,3265
view/adminhtml/web/css/source/content-type/banner/_import.less,5c2c2b6b09675366306d130b4b889b79c1e7b5e3ff511d167429485fcaf84d1e,327
view/adminhtml/web/css/source/content-type/banner/_poster.less,08e8efbbde24e7526853d5dd5062af4cadf8cea3ae428f0ff4d47fd0b06ae94f,414
view/adminhtml/web/css/source/content-type/block/_default.less,9329bedc26d4098714a7e189ca13f16729669456aae21988191ae86e3bf438e4,1974
view/adminhtml/web/css/source/content-type/block/_import.less,2f3af225ab19ec048d91eef3bb1fdb72d582279d71332006d42846247bfe7fca,239
view/adminhtml/web/css/source/content-type/button-item/_default.less,1ac1b6c19969316ea67b719cf1de579445caab084cb8a479b8aa073f5b4c310b,2851
view/adminhtml/web/css/source/content-type/button-item/_import.less,2f3af225ab19ec048d91eef3bb1fdb72d582279d71332006d42846247bfe7fca,239
view/adminhtml/web/css/source/content-type/buttons/_default.less,916ed0e18c0518f050a0dfda65792eae7472a0e5e97efd5d7c4cacd9ecdc0536,379
view/adminhtml/web/css/source/content-type/buttons/_import.less,2f3af225ab19ec048d91eef3bb1fdb72d582279d71332006d42846247bfe7fca,239
view/adminhtml/web/css/source/content-type/column-group/_default.less,c296b21b269e4b97234c17c1021bb9da34ed995c7d9a63b0b657130ef182ef31,9645
view/adminhtml/web/css/source/content-type/column-group/_import.less,2f3af225ab19ec048d91eef3bb1fdb72d582279d71332006d42846247bfe7fca,239
view/adminhtml/web/css/source/content-type/column/_default.less,9e7431e430eab8ea2bee3b04c6aafd9c0fbc49e7e40cf4b0868baff840a82867,2212
view/adminhtml/web/css/source/content-type/column/_import.less,2f3af225ab19ec048d91eef3bb1fdb72d582279d71332006d42846247bfe7fca,239
view/adminhtml/web/css/source/content-type/divider/_default.less,5b0250e2151a7958f7b8c4ab569537834ff0cf589bcb36d1400a80bc42d68376,385
view/adminhtml/web/css/source/content-type/divider/_import.less,2f3af225ab19ec048d91eef3bb1fdb72d582279d71332006d42846247bfe7fca,239
view/adminhtml/web/css/source/content-type/heading/_default.less,49e8fa1116eae847d5f255e2dcd23ce35991c67239c544f4ac45d8b5bf496998,1579
view/adminhtml/web/css/source/content-type/heading/_import.less,2f3af225ab19ec048d91eef3bb1fdb72d582279d71332006d42846247bfe7fca,239
view/adminhtml/web/css/source/content-type/html/_default.less,8367b202eb683e2bb5c81cdb999a52c082f62a31264f4af8272f0d96104b4b04,1467
view/adminhtml/web/css/source/content-type/html/_import.less,2f3af225ab19ec048d91eef3bb1fdb72d582279d71332006d42846247bfe7fca,239
view/adminhtml/web/css/source/content-type/image/_default.less,47626f1159cb080e9189f0f8f3a0edf2d729adc3e4e69423ab7aa2854b981f8c,852
view/adminhtml/web/css/source/content-type/image/_import.less,2f3af225ab19ec048d91eef3bb1fdb72d582279d71332006d42846247bfe7fca,239
view/adminhtml/web/css/source/content-type/map/_default.less,b2a344a83a7ed0021a6c56ba147659d34ca8ac143852d5eb04004401f3538ae7,364
view/adminhtml/web/css/source/content-type/map/_import.less,2f3af225ab19ec048d91eef3bb1fdb72d582279d71332006d42846247bfe7fca,239
view/adminhtml/web/css/source/content-type/products/_carousel.less,84b70fbd8b543f976e905c82f15375b2dbaf04ecca2a2e4320803997336a166f,2172
view/adminhtml/web/css/source/content-type/products/_default.less,56426c79609405dffb2435ddedee26a6b548fe64522bcd7e934fd5c4cd660214,8467
view/adminhtml/web/css/source/content-type/products/_import.less,9a4ee4ea45489a100478115321677f98f9cc683b19728204b1381be899a147cb,295
view/adminhtml/web/css/source/content-type/products/_swatches.less,d2bc0a873fa1304e3eab3c5dc53bcc604ad48160800ecd35b169d3028f1e6e33,14478
view/adminhtml/web/css/source/content-type/row/_contained.less,57d9c2ef63f8bca720c2142731ce5bc6f84d09285626850c1e26c85bcf61f9d8,500
view/adminhtml/web/css/source/content-type/row/_default.less,b4ae412e8a99650cf0c24d48766bdd29f4a3cb539e7dff0b234b29785304ebe8,1066
view/adminhtml/web/css/source/content-type/row/_full-width.less,67641bc406aa2195d3fbdb81ae3b6c0c5e54e0ecd07f10d056060171d93ff468,401
view/adminhtml/web/css/source/content-type/row/_import.less,895f1963b573df2f64c119abf2043b14f7cc3616205094471f665f2956beb429,298
view/adminhtml/web/css/source/content-type/slide/_collage-center.less,aa39cd53c6eaf479c05ae9d0e3395313e4ed09d1428b4da3dd420138ba1706de,1179
view/adminhtml/web/css/source/content-type/slide/_collage-left.less,6c94d4449f49819fc8060b10baf3f40b1f4182f66e62fa0a315b99d00d89e1e8,781
view/adminhtml/web/css/source/content-type/slide/_collage-right.less,e401b2132e20ae07b2997762930881f3a127a2d6b428e9767104e4aa443ab6da,1059
view/adminhtml/web/css/source/content-type/slide/_default.less,c2ef5e4a796949eb870aa20974a3023707c9a9d4016ab6c84ed9ed13201f4167,3283
view/adminhtml/web/css/source/content-type/slide/_import.less,68a0ff4115ceefd2503c9b636ccc08385a17e6230951eb4192514b7b111db25a,359
view/adminhtml/web/css/source/content-type/slide/_poster.less,b2ce9f133c5e6d1c3d724ca81ac37dfd9d77f0e18be8da1b1808434429be2043,1042
view/adminhtml/web/css/source/content-type/slider/_default.less,d5e2eddc3beec48508a1f2dea0e8a99fbb221e744932f121cfd3d8e7a1ea15bf,11102
view/adminhtml/web/css/source/content-type/slider/_import.less,2f3af225ab19ec048d91eef3bb1fdb72d582279d71332006d42846247bfe7fca,239
view/adminhtml/web/css/source/content-type/tab-item/_default.less,8317ac7c7e4c063b60b0687e5886ef1c520092b7ce970626416e4ed7bff4e1bc,1023
view/adminhtml/web/css/source/content-type/tab-item/_import.less,2f3af225ab19ec048d91eef3bb1fdb72d582279d71332006d42846247bfe7fca,239
view/adminhtml/web/css/source/content-type/tabs/_default.less,bc6100e7403366dadb0b16ece0acf2001681a90c2164939f46819900e957b977,5962
view/adminhtml/web/css/source/content-type/tabs/_import.less,2f3af225ab19ec048d91eef3bb1fdb72d582279d71332006d42846247bfe7fca,239
view/adminhtml/web/css/source/content-type/text/_default.less,cae4c6eb9ebd2050b7d7d4e5a68fb90d983342d35e8c520f71e2fb4f69a57fc2,1260
view/adminhtml/web/css/source/content-type/text/_import.less,2f3af225ab19ec048d91eef3bb1fdb72d582279d71332006d42846247bfe7fca,239
view/adminhtml/web/css/source/content-type/video/_default.less,709e9440766a517eeffce0713a60ddba27676a03691679f29792e8778a47be57,1141
view/adminhtml/web/css/source/content-type/video/_import.less,2f3af225ab19ec048d91eef3bb1fdb72d582279d71332006d42846247bfe7fca,239
view/adminhtml/web/css/source/form/_import.less,48b07d5dff5c8d2dcb6c785d39238374eb6be639d5419838201cf4d583df862b,282
view/adminhtml/web/css/source/form/components/_dynamic-rows.less,ff3e3b9b100a0d91cefa681df3bc19944b04f248a725576553d76ceaf71f7cd9,341
view/adminhtml/web/css/source/form/components/_import.less,46a6b56d1e6857ad93dde8b773bdcf1496c0cb4275d38ce2c03d41e94cf10ba0,245
view/adminhtml/web/css/source/form/element/_container.less,b93c46db4a6793ce6137b2290d7265c75621fb49c39ed1b0eba6d2d1695dab24,288
view/adminhtml/web/css/source/form/element/_import.less,73273c63141c8bba98151a54e6a8f213f4826c28c0dceabd25f2d3575d8c2b1a,403
view/adminhtml/web/css/source/form/element/_map.less,e8831bd9b172ca360b408eac5421b7b99ad58612ddbca557727ec7566f4a2b25,593
view/adminhtml/web/css/source/form/element/_margins-and-padding.less,8029d629a72341ef43cfc87eeff3814d19bd45394176a0abe16b53661a31c775,4141
view/adminhtml/web/css/source/form/element/_product-totals.less,cb890fb682b5193223d955ff2beab68e564a7c18f1052ffbb1d7e1de090fa0ab,175
view/adminhtml/web/css/source/form/element/_visual-select.less,c202dbd94c84ecfa64909b900ef9dc758965104694c46fc7da09acfc7e6eae45,2094
view/adminhtml/web/css/source/form/element/tinymce.css,87bde2d67ee04378c34cc47478cad85b60ae1acc31572cfa42d23de1771bb41b,3338
view/adminhtml/web/css/source/form/element/uploader/preview/_image.less,da45f39d1fff2dfc1cfcc3d85d2ee7480d39454fefd0b1e9632930b46a2b6e08,4538
view/adminhtml/web/css/source/grid/cells/_single-select.less,1108ca38603abe26cbe1b3a63efdef727bdd68dc10ecc5d878ca40e0df26e068,299
view/adminhtml/web/css/source/modal/_dismissible.less,2fa7e63a07f8e6bc1d9d20d0352be629ab449f061b858ec92a2ab46695752885,305
view/adminhtml/web/css/source/slick/_slick.less,997494caa4d956bf8f7ea683deeef016d89f0447a00fbc880819b233efad865c,3302
view/adminhtml/web/css/source/stage/widget/_import.less,379ca1e343190155b8d821a888d79c9766361acc2eec15ed8a97980e7b1a30f7,254
view/adminhtml/web/fonts/luma-icons/Luma-Icons.eot,bd093cfe79bf18dc0b0f356ad4d3c1ec4ed859753df42036f8718ace2b7f19dc,6944
view/adminhtml/web/fonts/luma-icons/Luma-Icons.svg,5dc6e44d344ba5b50c9cd455123549b00ffc9bcad58b2f5682b54a7c3fdfecca,21747
view/adminhtml/web/fonts/luma-icons/Luma-Icons.ttf,bb7676ea37750f9d59ff16206130f91f19a1fbb8c9ebfadf14dac43f71e4f62a,6768
view/adminhtml/web/fonts/luma-icons/Luma-Icons.woff,65630e7736248caa786f74c77576162df1ecad79dba7246d8f6e4f871f9d02a5,6844
view/adminhtml/web/fonts/luma-icons/Luma-Icons.woff2,811c13b5ffa267fe2b53adbf1d40cc42ee7cffa7374297297159d629051fcefa,3272
view/adminhtml/web/fonts/luma-icons/selection.json,747b0a1bd695991e2d803e5fe0eb132de221e518f52009c09e7b8dbb2fb4d55c,47939
view/adminhtml/web/fonts/opensans/bold/opensans-700.woff,a0357cb694b5284870c77c0dbcaf33f238004800419288afde313317b0dbd0b7,22432
view/adminhtml/web/fonts/opensans/bold/opensans-700.woff2,796de1bd57056646e70e7749841a0f1f15043f263e63cd41f252e238e3a40b1c,17668
view/adminhtml/web/fonts/opensans/light/opensans-300.woff,a1cb81c9f07f1f399db66ec188c02a1c74bc382df9a8550ab8091aac93dff8a2,22248
view/adminhtml/web/fonts/opensans/light/opensans-300.woff2,69fd4fd58ab3812b5b43a91478b13191fee58a0a438a5901345c89ea4991e9ca,17436
view/adminhtml/web/fonts/opensans/regular/opensans-400.woff,22e7a1b10c110072f5a0bfd16e2197a76b279ec879bcce8978fada1dc9ee5d40,22660
view/adminhtml/web/fonts/opensans/regular/opensans-400.woff2,b367d278abdbff97dcca334e31b1714fae2f7922f2347c5e76a6fd2c67f15079,17848
view/adminhtml/web/fonts/opensans/semibold/opensans-600.woff,26b216fadb2ffcd542ca56c2d84f9918f62e40de89bf88b4211fffacd2a4ad83,22908
view/adminhtml/web/fonts/opensans/semibold/opensans-600.woff2,e970869c33bf34e4efdffeed811711d5e1d3956d08ed64a85865d544099b3395,17980
view/adminhtml/web/fonts/pagebuilder-icons/pagebuilder-icons.eot,fce6a2c67807343f2ec9477ceca2c21530dc320bd913de7b1232705b5c1be1ed,5760
view/adminhtml/web/fonts/pagebuilder-icons/pagebuilder-icons.svg,269c20ae5844a560b5fe659456bf37443b91ee456ff88648c13a4213ea2c349a,17734
view/adminhtml/web/fonts/pagebuilder-icons/pagebuilder-icons.ttf,1a57de83cde70cbfe830848414cdfcb028b9769a6923d3b75abb8b0e9629eca5,5596
view/adminhtml/web/fonts/pagebuilder-icons/pagebuilder-icons.woff,99e18517fbccb7d481fc5c6d15bb8a4a5d747ed5d80e2152b0c27cfe74ad01ee,5672
view/adminhtml/web/fonts/pagebuilder-icons/selection.json,17d5521bf100a8587e51f3f332abc4a71fc22d1a82347aad1ed253a44c0f7919,29115
view/adminhtml/web/js/binding/draggable.js,b562871bca8a87c20714fa10310198a3c025023807676f81d25a35a4f0a485c1,684
view/adminhtml/web/js/binding/focus.js,6f20f55aebc692d3cad6c38e195cd40bd457e50e324473474cc7937327d30e42,790
view/adminhtml/web/js/binding/live-edit.js,264d10a84ed828f0edad74b61c783a5691537878a448400cac0d64f5c4dcc6d6,8695
view/adminhtml/web/js/binding/sortable-children.js,7628a689db15e9dc88fd8e0b403312c172fd21321dcccbfe7210f6300cdd43b4,2773
view/adminhtml/web/js/binding/sortable.js,ae22d62ec743004c60878805e4406f41bfa517a57cd69a71e53a62bbefc98879,955
view/adminhtml/web/js/collection.js,b6bf842f840c147eede3c670b78d072fffd8160f3c870488bb996261287f2fa3,1679
view/adminhtml/web/js/config.js,0efc6afed66e7e53f755db3aaa4246413b070141a36f2ae87ee3dec29da60418,1834
view/adminhtml/web/js/content-type-collection.js,dbecc1dfa6c9c426c07ed22a0a778208ef8d21517e5663c23607533c46d0e9e4,3604
view/adminhtml/web/js/content-type-factory.js,94accad2a38284f569f38f0426a95416bf46e96336bef6dedb52e2ecde17cfc4,4776
view/adminhtml/web/js/content-type-menu.js,6200298d391e71d7cc32762ec962199380fd17fe6c5b92ae1787eb47e5b7f228,2120
view/adminhtml/web/js/content-type-menu/conditional-remove-option.js,ec4876c038c134a60a0d45970fb8a7929e4ca1164f70226104f3d79fb3ed2b69,1179
view/adminhtml/web/js/content-type-menu/edit.js,15fdec3d1de30e15dcacbb926ea13b079dff6c9eb006d8ab2e4d04cf69b818a1,2269
view/adminhtml/web/js/content-type-menu/hide-show-option.js,26dfcf4839fa1df294ff14aafabf4a95d6c37b99c893f12745a3d2c298c8f2ca,1980
view/adminhtml/web/js/content-type-menu/option.js,8c6c6a7f771fbbbf2a438aa408afe6db69088721728fef40857b1da5f0dac18a,2429
view/adminhtml/web/js/content-type-menu/title-option.js,c2bb1afbedd18bed6f09c78a8aff14c88c1f104c1479c283866e3577d12da09f,989
view/adminhtml/web/js/content-type-toolbar.js,828dbfd1b89fcad442c41482d9584dffe5907cf61b45e380b78ec518d2376c70,5045
view/adminhtml/web/js/content-type.js,987f3fc86f703d3022e9be5b36ebce59f921700364df7381380d6d6efed3a8e6,1410
view/adminhtml/web/js/content-type/appearance-config.js,eff12ff89ffec8b2a7ea19b5e9b9d32114a28c89abf3ad1e16970ea52a4b8870,995
view/adminhtml/web/js/content-type/banner/converter/attribute/overlay-color.js,6fdbc0de9f70bde39885c22648fd88564c19d8a5cc1e4499752b37b0f1555fc4,951
view/adminhtml/web/js/content-type/banner/converter/attribute/overlay-transparency.js,7605521bba00221e86bb4562dc6a871aef53c087114bf33fb49ac0d6f9d1e347,1026
view/adminhtml/web/js/content-type/banner/converter/style/button-opacity.js,5b85fb4a5db1d7da380e8c2b99758c7ccec543a1c8cf772648a09be04983ef16,878
view/adminhtml/web/js/content-type/banner/converter/style/button-visibility.js,1beecf1d6866ccff5fd388398cb64b53a94e915c4ea873f34a62e6292a359733,907
view/adminhtml/web/js/content-type/banner/converter/style/overlay-background-color.js,f7e13f8f38d4dfbfa9dc8a4d3f6d1b10f68e3000059b810860c2457e67ce99d4,1104
view/adminhtml/web/js/content-type/banner/preview.js,6ca1a4dde1ffa5d4c65500b97ccfbc6773fcc4b196e9ec20935127c6806243e9,8408
view/adminhtml/web/js/content-type/banner/wysiwyg/tinymce4/component-initializer.js,68fe25b5927838fd5afe6dc5af29189b00f38682f0de847a9fa68961f414944d,2039
view/adminhtml/web/js/content-type/banner/wysiwyg/tinymce4/config-modifier.js,411dc3154b4a23ee1107e36518800f8ab8b5bd6f15b1e4db56ffdb99e194fd1e,796
view/adminhtml/web/js/content-type/block/mass-converter/widget-directive.js,59c40bfca2d57a5fcb6974467c0acb44447406da6f8f4e8eeb58c42592c8ec4b,2023
view/adminhtml/web/js/content-type/block/preview.js,857b4a781d945a80419c11cdce4b4ac75139a3c8005ae4a3d2027c0f8105e453,6523
view/adminhtml/web/js/content-type/button-item/converter/style/display.js,7c63eecdb0b53cc0bfabb70360a82ae3265882569f329d5133a7b6f361f43c9d,1112
view/adminhtml/web/js/content-type/button-item/preview.js,0e8c524fc61c4fe8afebafb60fa800bb83ad0088fbbb8286f42859a8257e0171,5052
view/adminhtml/web/js/content-type/buttons/converter/style/display/boolean.js,9a56a200e7e1718e906e555bedd181ae70a5340f168af68e2c7e252321c8e7ae,1104
view/adminhtml/web/js/content-type/buttons/converter/style/display/flex.js,a35eb0afb1e0636403e5229fc1440c6628030952879dde0154e6c0d4642d97e4,1086
view/adminhtml/web/js/content-type/buttons/converter/style/preview/display/flex.js,07cb4681b88581f287d48f62bcc3e85925f72161d51cb4611bc0021b4e9ef843,865
view/adminhtml/web/js/content-type/buttons/preview.js,3d08e5b6f5a678ec09f30bb0421480eaa07f0022a109b6e22bdd65f57f21146a,10298
view/adminhtml/web/js/content-type/column-group/drag-and-drop.js,03abc7f75961f8ba6e6936ecb99bb2fffb8176d0cc5d4041b6064983e53a725f,1286
view/adminhtml/web/js/content-type/column-group/factory.js,3ac25a8063be8ddda187f0e4561a5a3e206d009a88e857a95055598eae5c3d93,983
view/adminhtml/web/js/content-type/column-group/grid-size.js,6dbd73e3082cf7231e2ac734add2fa7b4cb9eacf1f42fd4c4948b0c0a85a932b,12354
view/adminhtml/web/js/content-type/column-group/preview.js,22181ce0541d836ff0d0b9f6c8067f2172a136c46b86d4a2e6d6d0d63d0e7639,37763
view/adminhtml/web/js/content-type/column-group/registry.js,d065cd8dcede08cfbfb97269f00930a84d0a387406fd741c061a3e23dcf12b17,805
view/adminhtml/web/js/content-type/column/preview.js,97c553d77949c6634fb77ccafe3df61e32d862b9db5ecfe205e5224c0ba52443,11690
view/adminhtml/web/js/content-type/column/resize.js,77fdbaea1113f96d38c73071678326828381985e6969985b27df794f1b3ef80d,15515
view/adminhtml/web/js/content-type/converter-resolver.js,7ab1c20ed109fbbeb9db2c13ece723b7749c6bcf5b6e08f57f9252ebb08876af,386
view/adminhtml/web/js/content-type/divider/preview.js,b6d517dc4d3ff98d0d8e6c3021ebcaf0a77c653c9b2358488819fb30bf46969b,1345
view/adminhtml/web/js/content-type/heading/preview.js,5c639804078341fbd90f0181395680a2950957eaf631eae098321bc13549aa8d,4596
view/adminhtml/web/js/content-type/html/preview.js,b6d517dc4d3ff98d0d8e6c3021ebcaf0a77c653c9b2358488819fb30bf46969b,1345
view/adminhtml/web/js/content-type/image/preview.js,faf385b7274ab94d1f16bbfba5be434c0daa5cebfb03f349acb7e1e1514f9255,2432
view/adminhtml/web/js/content-type/map/converter/attribute/locations.js,2e44bb0e424e528c882776c81f65718f0070855e4084b8255396a83822321232,1486
view/adminhtml/web/js/content-type/map/preview.js,7e937f7132bd25f590f6e66c84efd645a4fc10a7550822a5873c52817e272f5a,4550
view/adminhtml/web/js/content-type/master-collection.js,39027aaadf54fd1b33da454196a94b0f9ee304f7a4bee444c3ee24141b344a69,1549
view/adminhtml/web/js/content-type/master-factory.js,6b20c7c7ca853eb38b812d2401c2fcd582cec30cae8c57fc6890308d2b194811,1616
view/adminhtml/web/js/content-type/master.js,b8ecd201654416a3dbece5f60c40d72eed657d21b2d4b28b34a29e8a8ca7c540,3225
view/adminhtml/web/js/content-type/observable-updater-factory.js,287347df4bd8be76c70d05b085e92c764b3ee6739901b921d5006484b2327f64,1227
view/adminhtml/web/js/content-type/observable-updater.js,ba2e29ad755f6734a9fe400f68a44c62efe3f765812a24ffd70bb2d2f808caed,7045
view/adminhtml/web/js/content-type/observable-updater/attributes.js,de8b30c747b1b92d736ddad04326a24377cc05eedabb08146a2651df9787ce78,1596
view/adminhtml/web/js/content-type/observable-updater/css.js,e73126d110e588842133eec7625c265bbf378a4a28df9d43f5bb869900b531d7,1049
view/adminhtml/web/js/content-type/observable-updater/html.js,aca5d9b415692bfc0de8ece98047331828801b01038472880e0d86495de3bc77,1029
view/adminhtml/web/js/content-type/observable-updater/style.js,4bf60338bf58b734328e12aab778d7e3bc20d0ddf0d0f72b5bd9eefcd11e7cb4,2652
view/adminhtml/web/js/content-type/preview-collection.js,c519746fa1c637b075ff4ad1b820697741094d9aefb0f6e76f00c529a0566cad,4498
view/adminhtml/web/js/content-type/preview-converter-resolver.js,2000adbc673f8c9aad7a8249a1e05d40350b2128bbe44603541aa8b8213510e7,453
view/adminhtml/web/js/content-type/preview-factory.js,d9e185914e684b3613210241cf26035b655b9eaebf1d47069e43d9b2d7affc72,1662
view/adminhtml/web/js/content-type/preview.js,36f51e2da05aa2cf13167862f5fea34bccdcd9101a4cdedb68a5ab82e38845d4,19229
view/adminhtml/web/js/content-type/products/form/provider.js,ce98097ac89c84e41e817f606b7a9a806b19b1dbef6d655b336d5ced148c74f7,553
view/adminhtml/web/js/content-type/products/mass-converter/carousel-widget-directive.js,b25e8cb3afb6d8085f9f008b326acf99b6b280a6a6d93e7c2241cb891baa1478,3557
view/adminhtml/web/js/content-type/products/mass-converter/widget-directive.js,6cd7cefb0aee9d23855da537c6915eed15d98733a46f1a97a95fc56e8e6f7f97,3516
view/adminhtml/web/js/content-type/products/preview.js,c38be1cbf0014f755be8028ab155e0ed504c3b7e371f7e775b2a43df8e0ca875,6947
view/adminhtml/web/js/content-type/root-container/content-type-collection.js,035f03ff6bf9b71fd4a0fa2cd44c5df6172bc9d5c14ef9eec02180fd31ed0049,1356
view/adminhtml/web/js/content-type/row/appearance/default/widget-mixin.js,ca060fa8d900f6e0ed4eb1f74185c6de5b3363063dc416f122e6194ece9aaf4b,1176
view/adminhtml/web/js/content-type/row/converter/style/margins.js,9fca864ec450f95ed752d3b48fe1ac5f80612c25bd9d01024f798aba30386878,1397
view/adminhtml/web/js/content-type/row/converter/style/paddings.js,c5731775ddc1493992cdca32320397e55d32f8eb42307d72e723e4daa37858ef,1397
view/adminhtml/web/js/content-type/row/preview.js,da5cc645d8541bc3277c2ae5ffc0f8935f588d1d5d891ddd617955be105994ca,5389
view/adminhtml/web/js/content-type/slide/converter/attribute/overlay-color.js,6fdbc0de9f70bde39885c22648fd88564c19d8a5cc1e4499752b37b0f1555fc4,951
view/adminhtml/web/js/content-type/slide/converter/attribute/overlay-transparency.js,1d70d7b80c785cb1258e1f4eaa871c50cfc043d258ecc4a3426e6cdbe65dc3b9,1015
view/adminhtml/web/js/content-type/slide/converter/style/button-opacity.js,5b85fb4a5db1d7da380e8c2b99758c7ccec543a1c8cf772648a09be04983ef16,878
view/adminhtml/web/js/content-type/slide/converter/style/button-visibility.js,1beecf1d6866ccff5fd388398cb64b53a94e915c4ea873f34a62e6292a359733,907
view/adminhtml/web/js/content-type/slide/converter/style/margins.js,3568e6061f275153f4e732dd05f75c775afccfd718a8535363f6967fd67c3b60,1752
view/adminhtml/web/js/content-type/slide/converter/style/overlay-background-color.js,f7e13f8f38d4dfbfa9dc8a4d3f6d1b10f68e3000059b810860c2457e67ce99d4,1104
view/adminhtml/web/js/content-type/slide/converter/style/paddings.js,5f5fc853124ea9e9a8679e8bb721219c4d57ce79f79a34d70ed94ab2c251d3aa,2055
view/adminhtml/web/js/content-type/slide/preview.js,042552b81819baea077676cbcb99b5bb3477dfa73ca41cbc5051efaa92104703,14532
view/adminhtml/web/js/content-type/slide/wysiwyg/tinymce4/component-initializer.js,cb32a6c93d3af2e306da744373d61262911a04ee0e578e263bdbaf04f1a143f4,4286
view/adminhtml/web/js/content-type/slide/wysiwyg/tinymce4/config-modifier.js,070136b1c48f4e83064a03fc0f440ee8e5570f3179fcf84a2bb1e749ed0378f1,763
view/adminhtml/web/js/content-type/slider/preview.js,0a8ad9f062a536f82b9367a50be42fdee6cf5675907bfa2e8d66438164de16e3,18985
view/adminhtml/web/js/content-type/tab-item/preview.js,945f795cb130fc574d0789a4e48be9f60d5ebae05bfcc0281127b62ce37bf3ea,4117
view/adminhtml/web/js/content-type/tabs/mass-converter/header-alignment.js,7f10d0ad41cd57f0eb5a17232e43bace81ec500311c30146dcd428d361b0fcc1,1150
view/adminhtml/web/js/content-type/tabs/preview.js,c2c4e97e7457924b4840b91d75735393b59e962a3faaa82e5aa8e519e53e8810,17592
view/adminhtml/web/js/content-type/text/preview.js,b847486f379739cd5ab141aa7eaa260c76129ac7abd1ead2e53f26bf30687efb,5106
view/adminhtml/web/js/content-type/text/wysiwyg/tinymce4/component-initializer.js,68fe25b5927838fd5afe6dc5af29189b00f38682f0de847a9fa68961f414944d,2039
view/adminhtml/web/js/content-type/text/wysiwyg/tinymce4/config-modifier.js,8811e6bbcc6e4d471aaf773a873b000759c9ca8a1a19d2e1dc10680ecbf5dd74,795
view/adminhtml/web/js/content-type/video/converter/attribute/src.js,8254f15b230d1ec1e0dc8e663270f0d8c245f054aeafa9652ab2e43dfd94e56d,1572
view/adminhtml/web/js/content-type/video/preview.js,b6d517dc4d3ff98d0d8e6c3021ebcaf0a77c653c9b2358488819fb30bf46969b,1345
view/adminhtml/web/js/converter/attribute/link-href.js,f221a53c5358e7254bbf8d7cb1eea40db9732523e177bc12678b9ba10c0db75d,2614
view/adminhtml/web/js/converter/attribute/link-target.js,2e93ab03c261df4648ee1b25525ab0a849fe984c611411ca630fa9c72a75b1f6,1045
view/adminhtml/web/js/converter/attribute/link-type.js,ecd1166fa01f6b39bd6dff214390dfd53d2ec147de655191d34edc54d93efbb4,1019
view/adminhtml/web/js/converter/attribute/preview/src.js,adc031c3c4d20de3ceea3475066fa1a2d57970ce1e22bbce93f15f08d88d6185,966
view/adminhtml/web/js/converter/attribute/preview/store-id.js,1e656f11e9a6a26f8bcf9f8f9df48b5dc6950c921d0252da5afee6e73f01ba8e,1032
view/adminhtml/web/js/converter/attribute/src.js,c935a242f2147f1245b4ce6d58fcf9c64ebc23909211658db2513d89d42303aa,1409
view/adminhtml/web/js/converter/converter-interface.js,8d655246a141e0f91ff2c484ef00d52a61e34f2b92acbb38f8baa5bf39bc697c,282
view/adminhtml/web/js/converter/converter-pool-factory.js,f3715c0e3ab88bef44507dc6837667a47c281415335273bc609718c169f50331,4363
view/adminhtml/web/js/converter/converter-pool.js,cbb11f03bb005b4da7d74225a520b9dd23cd8502955e4bbc40c93040d5128bf7,984
view/adminhtml/web/js/converter/html/decode.js,30978119eab0eda6d31f4dcc74a84e0b68366d4a80bd140c455db99cf71c974d,1135
view/adminhtml/web/js/converter/html/directive.js,0fb2da6986aa10f25b81d8c37fe6bfe30a0aea27d9c32d9f89d2bb5752d8e36d,1052
view/adminhtml/web/js/converter/html/tag-escaper.js,6c8c34d334f3df3100a154a1efea2f123da3e43cca2116e742a36c67bf5a82d0,1123
view/adminhtml/web/js/converter/style/background-image.js,ce89a4a8d188b4d28a935f62db7c4b3cfeeb5f1a1233952925e9ed6f54bf958d,858
view/adminhtml/web/js/converter/style/border-style.js,e2682634caf15295b80f3476d3e702d17d149ce87e4d706b814a7450f8b80009,1081
view/adminhtml/web/js/converter/style/border-width.js,beb127b59921123469116fcf66089e42e5da58d7e4333767b44beaeaae76f360,1027
view/adminhtml/web/js/converter/style/color.js,afea05e4f895d6acbe1599f5f6439a5c488ecb307d60f5f283164732e4fc74b7,1553
view/adminhtml/web/js/converter/style/display.js,b7a5b5ea322897d1c67509d769240167e28e5c72849ac4d8722703cf64a2e98c,1218
view/adminhtml/web/js/converter/style/margins.js,02e0059ee39657794ea6deca882d7c3434890748968b5736629f6f3b3b34fc1c,1775
view/adminhtml/web/js/converter/style/overlay-border-radius.js,97f8cf997cb83c2fb589575700bbb42fe6f5be7b84d320306ac60ee4dede1d34,1255
view/adminhtml/web/js/converter/style/paddings.js,6dd8df067fd69b8296b7c40c1fce28ecbb98cb17c449c1396845115e53137bcb,1800
view/adminhtml/web/js/converter/style/preview/background-image.js,2c17316fa5cfb3908b24d247d0b673f9ca0fce2d74f2c82faa6b021f5ad24dcb,1054
view/adminhtml/web/js/converter/style/preview/display.js,fc5b097b7e7b85233578e697a85b5ee736b5c82e71a22befe909067f9fb622a1,861
view/adminhtml/web/js/converter/style/remove-px.js,415ace5e358b0d1e12d2d0462abe3bbba58b7b73e68e6b0a679657f109fd8782,974
view/adminhtml/web/js/converter/style/width.js,ff1b7d5a3af52533ac7127f0f70308df8e1fa0f4e7fe01af16862addd85ea9b8,1506
view/adminhtml/web/js/data-store.js,66038f7edfcd7c88505f47c68ef902ff321982d8e73c6cc529470f7b2497a7c6,2522
view/adminhtml/web/js/drag-drop/drop-indicators.js,c2b4217efbf4099d781c4fdfe61ea70cb13bbb1d464bc24999048645f460c526,1877
view/adminhtml/web/js/drag-drop/matrix.js,10c5dffbc5b727cd5f8e10715232d47fa710ab300aa9510f780bca40458887d8,1573
view/adminhtml/web/js/drag-drop/move-content-type.js,6a4ab423b85b7dc7516e893a96a5fef200e1c037d43312ad935ee15a28e1a65d,2922
view/adminhtml/web/js/drag-drop/registry.js,3a6fe1a94d56c661ee682fc9043111e353f74a452f27dd5321b510f2c20a66a5,769
view/adminhtml/web/js/drag-drop/sortable.js,2bd3e5281b9dbf264c5525ad6ea98c206770cda2fd37f4beaf645a684127ff30,10076
view/adminhtml/web/js/form/components/action-button.js,8a8e5922cbd4038b10a54d1b3e0cd64a5230e02ef73fe253566db483cbba1412,1016
view/adminhtml/web/js/form/components/insert-form.js,5f018e306ef54e46b3634158d59a5453b9c651baf6bc70e39391bc2d56cd2708,3265
view/adminhtml/web/js/form/components/map-location-dynamic-rows.js,9c04cbec6dc05acbedb7b40cd93fafd7cd6f9b1c1ea7202930799cab2998b4d1,4693
view/adminhtml/web/js/form/components/map-location-insert-form.js,1795b81b7b3118670029996dccc4b33cc038ba802adbda18d55309df75223e74,1047
view/adminhtml/web/js/form/element/block-chooser.js,f67a6286339efdd5618032df768eec87bf7b727e99ac3fe931c895e5908a5303,3884
view/adminhtml/web/js/form/element/condition-options.js,2d7e4cf53e7e1cb3947ea779dfe6321026270ecaf7883f1551085791464a3d09,1377
view/adminhtml/web/js/form/element/conditional-disable-mixin.js,2a0412db1823a3561d324844893b588bfb6d7306671e2f57a7d2dac73603f107,744
view/adminhtml/web/js/form/element/conditions-loader.js,4e2edfb7ba4cb534113a6a4aa95aa018ed2ff8a0971eff7470da3526a3f42748,946
view/adminhtml/web/js/form/element/dependent-fieldset.js,4cbbe3c86c3cf0d061b525f184efd827f059cdb2d6a913acdb5352f272373482,1258
view/adminhtml/web/js/form/element/dependent-select.js,080bcb0dce83d0d7a68748a08cf5fb49996edeea0652f3c14a3431e0ab9f0271,645
view/adminhtml/web/js/form/element/dependent-value-mixin.js,d9b95463fdb6edb03a16060a660caf6c470a4bfbec290af38bbb699d1db9b51e,799
view/adminhtml/web/js/form/element/dependent-visual-select.js,16231f575cfdd6abba48d488157649b28dfa4eafafa2f9eabab17f8bf2cb5a42,683
view/adminhtml/web/js/form/element/html-code.js,792347d2dbcc4643e4cc55f028a469c7a31ee8969d3a4cc3f3a3cb56e1471ee8,1196
view/adminhtml/web/js/form/element/html.js,2bc931973ccb57ecb004a656c221af40fac269f50aeaa6a6b8ddee4ca7d2d220,2409
view/adminhtml/web/js/form/element/image-uploader.js,116deb5bebbe16d0e886f57ebf66ba60eddd2a85aab05d2d06e271a08ff278e0,7810
view/adminhtml/web/js/form/element/map.js,e6ddcab138fdd7d89155a59c9b9a2b34b15b2dc95a99b6f90330d59c034bc5df,6838
view/adminhtml/web/js/form/element/margins-and-padding.js,567b02d43f15f8c0b840b9047db7837263c4726efb5af9ff8a8b03f169b1d378,3630
view/adminhtml/web/js/form/element/page-ui-select.js,344a2d2393869f74ea92dff941d178b2a435ae6a1ef4dfa971d35494e3ef52aa,583
view/adminhtml/web/js/form/element/product-totals.js,23314d1e73f335a0fee19e3e44d5b9bd82934242f6bbe12ee61d744a2804b425,4718
view/adminhtml/web/js/form/element/select-filtered-options.js,ee57ecdbc3d2a6bcc19f793a28549f817c407a38ca6912e104bea73e1c2af3fb,1597
view/adminhtml/web/js/form/element/validator-rules-mixin.js,226cf42869ecc57c2a37ea5c20445db1ab7b2a7b9b6d31347084add29edefda6,6357
view/adminhtml/web/js/form/element/visual-select.js,f856a5225ce4062000b237a6a8037f8ec9c616dd0ddc1d47174d2c81af90bcf0,3654
view/adminhtml/web/js/form/element/wysiwyg.js,ad4aa6e43592f3a3dc4e6aa7be4b50c6e2bd02aabe2b9d3027a4ef73aa068ceb,7000
view/adminhtml/web/js/form/form-mixin.js,ba6f1a880e483b7cdafc0abe70fc300eb6849254c9361b83df84020632d526e3,2065
view/adminhtml/web/js/form/map-location-provider.js,7fc6ec967c278e192682f5a6c182c4afbfe3f2123f69bc83c1b03e9b3cc08010,535
view/adminhtml/web/js/form/provider.js,807b7f505d177875bdb57601bc0f88701d378c3a69ab79fce69339ec3daf4001,544
view/adminhtml/web/js/form/provider/conditions-data-processor.js,acba4466f7eaa7254842372f296d7dcfc027bae68f0a33ec3ae8f62ad7165590,2453
view/adminhtml/web/js/grid/cells/single-select.js,d47260bdaa36c648574d47cdb374ee20eee81edac9f87f3fe56ffad653048e18,2162
view/adminhtml/web/js/loader.js,61bb65ce33ccfcf646ae4736988513385bf3c7dcd7e35711939f7668fdabb516,306
view/adminhtml/web/js/mass-converter/background-image-directive.js,12ae380f526d19e42b11663519324fcc8bc2ed5fa3067cd0bbb7f8347a9814fe,2286
view/adminhtml/web/js/mass-converter/background-image.js,a9364c26bcd4e25dd25948c576de92b4d6de9fc8909b5729ffef0651ef6cf428,2587
view/adminhtml/web/js/mass-converter/background-images.js,caf56007bed8579048859eb12b090d5988044c0fd1d7b06bcfd86712e63a932e,2504
view/adminhtml/web/js/mass-converter/converter-interface.js,8d655246a141e0f91ff2c484ef00d52a61e34f2b92acbb38f8baa5bf39bc697c,282
view/adminhtml/web/js/mass-converter/converter-pool-factory.js,2eefc0624a89ffe08a237afed78c6797968c42c34b64a1d50c2a9f11bc035367,1967
view/adminhtml/web/js/mass-converter/converter-pool.js,96c6d66c68e42dd48e7227cbed5967f67e67f9d8b332fc04fcfd7a6143a98302,1023
view/adminhtml/web/js/mass-converter/empty-mobile-image.js,a99c7727fc2873ba80b39754b2619eb0af9b0f25be7d3fa006af30195fb2b596,1658
view/adminhtml/web/js/mass-converter/widget-directive-abstract.js,6abd16d6131394fd90c53dcff2e84dc41fbf7f3fac920be587cbab16ab3a4cf9,2548
view/adminhtml/web/js/master-format/filter-html.js,41bea8cab2f047b86a9d045137652f6e5bdae9009d66c47beb98d78ce6b83855,1674
view/adminhtml/web/js/master-format/read-interface.js,8b5470037623ddaeaa197edde25f9437cc8f13569d4ebad12b48d352731a13d5,107
view/adminhtml/web/js/master-format/read/configurable.js,2866db312a76d512b2a87a44b77b951736ce2c529ff9719ec281d59e01353c42,10598
view/adminhtml/web/js/master-format/render.js,ef95fc2eb85848c7f48b13059a5d90fb823f217cf77a37977fe701e93e1752ba,4008
view/adminhtml/web/js/master-format/render/events.js,b5d1faa192f85cdaeeff9db809b36d94b6f7e7ec104304c01d8717d2e9e2aaf2,528
view/adminhtml/web/js/master-format/render/frame.js,dc29928f44ec78cabc335dc3787a46a945fdb609af3f7a33ccbb0b0b099e0e91,4767
view/adminhtml/web/js/master-format/render/requirejs/text.js,64fc1850895f0b031aad306c46283e619ba524aa8a40c5d8154cb1924e10c4d3,1211
view/adminhtml/web/js/master-format/render/serialize.js,3d0fcdccf6882f21f524c54c1320b6d434d302731cd6a7d210352d916f45d382,1490
view/adminhtml/web/js/master-format/validator.js,819f97afbc290311b8c9906902ab3c50129a9d91b5881ec13d0d4886835ea760,639
view/adminhtml/web/js/modal/dismissible-confirm.js,9e61517d0d678e2cdf6e7a23861921f2b86ddcfc3e16d6cd527ded3a9a37afd6,3482
view/adminhtml/web/js/modal/modal.js,8a6fc62f596ef67459eedc0e00c68b4977c467bfb013c6e73526a9b6df2eb74e,1464
view/adminhtml/web/js/page-builder.js,cc0b9451f55a57409d2c9e4d280254fc5e2c1ee92c38b0cedfe923c34cd169b9,5369
view/adminhtml/web/js/panel.js,de4960758ded98e251b5827f7a1ba33c49b9f2b9751a80063262aa2e49cc9c09,10017
view/adminhtml/web/js/panel/menu.js,0fe419e0c47a7282f123346839b511dd5b54e50bc4c47e50fee5b42502b82ed8,1321
view/adminhtml/web/js/panel/menu/content-type.js,f416391227036cda9faa23b8a4ebee4452f4253e8df54b711ac73cbc6aa4e070,1506
view/adminhtml/web/js/property/attribute-reader.js,189498af115f270a7ac3f902ab0acb86228c6564f236c77217bb2af48f266edb,700
view/adminhtml/web/js/property/link.js,40e67767c8e4b56c1ce3e1371f2fa172e125e1e3c1fe8b59faa28dec289a093a,1614
view/adminhtml/web/js/property/margins.js,54ca17340ea0509de7762a50fee65a0a81b057a92ae5eaa430dd0d68cb423080,791
view/adminhtml/web/js/property/paddings.js,a6361c81937abcb021b013177f9aa440a4dcbe5e9ed604da820c398c61264a27,803
view/adminhtml/web/js/property/property-reader-interface.js,ecea49ab953e4033503ce92ace9c31cff97f119cdda88bfd9491c77563f551a4,293
view/adminhtml/web/js/property/property-reader-pool-factory.js,ae263a48f4447b67ed91dd18f3add9b5f60feff821562ba8c5ed27943e4750af,3272
view/adminhtml/web/js/property/property-reader-pool.js,fbe99e83d21a65845e3532cd9d1b01be6448f5f8b1ffacc8f1ea4a4cd0e5a72e,1119
view/adminhtml/web/js/property/style-property-reader.js,68760bbd9a2c4442dda82a33aeb2ce2e609fee06a7fa0266bf33ae35d6b6cae3,849
view/adminhtml/web/js/resource/babel/polyfill.js,3524c913f8220750bac16750497ffc17650b9d394d6e7bf6aca97ec9097a22f4,319734
view/adminhtml/web/js/resource/babel/polyfill.min.js,59173f786dd1f3802f7ab26fd339aac4099dc10c6cb54a6a92213e6af277592a,104563
view/adminhtml/web/js/resource/dropzone/dropzone.js,308c3716bfff02cd3afe690b5c3c87d6eab2d4b13cff3c7b28316c2aa44c0537,82947
view/adminhtml/web/js/resource/dropzone/knockout-dropzone.js,49314fb007797548090f9df905b49723e27b568a2c0f5c22b70237f9b5ce1b0d,2387
view/adminhtml/web/js/resource/jquery/ui/jquery.ui.touch-punch.js,f2a006e630feb6b7d07d246fae2b5ac8382f3dc09eff7ccb47792d1c4f1d3de2,5270
view/adminhtml/web/js/resource/jquery/ui/jquery.ui.touch-punch.min.js,12c76823b0c5524e4d12fb3f382a549d2214547860ffdf67fca32ba99f6e1eb0,1292
view/adminhtml/web/js/resource/object-path.js,f18b581afaea990ddb8c4b86085e18f554922abbc461ef3c90f5fd18b3d63e20,8655
view/adminhtml/web/js/resource/resize-observer/ResizeObserver.js,14e99ed2eb8b3c90f8b2cfabddac5aaeb5db262cc2e3edb4565ae7c6837cfc98,33209
view/adminhtml/web/js/resource/resize-observer/ResizeObserver.min.js,cb7619e370e43b9066b3eec168e6fe7db2e3a825a1ef73b2d862a2702f12aee7,7679
view/adminhtml/web/js/stage-builder.js,007818cf873be4dfd1e3ae22ababfbd2460cb1aac9fa0002664989907e31f7f5,8663
view/adminhtml/web/js/stage.js,4df96daf99575dfd0d96bf2f4b15dbf06c10245e92ad9058b93a1ba752a3885a,5621
view/adminhtml/web/js/storage/local.js,04945444edf3ea79f0c6c386b1b1f692cdca9dff0ff24e1ee68bf39a1b36fd0d,98
view/adminhtml/web/js/system/config/enable-field.js,1c4a3ff6bc1a225b1506000863a091b6564ea84110eb48076c09d0c0f9f323b7,1864
view/adminhtml/web/js/system/config/google-maps-api-key-validator.js,aaec781c3ed038fd15a6e831dd73b256e66b7884c3d00310f19412e7cd5f126d,1675
view/adminhtml/web/js/system/config/switch-attribute-type.js,79516feda6b4bceae7f4ca5d3fce5aee4f65c69ad78b2bea0b86ea584c54e651,2121
view/adminhtml/web/js/system/config/validator-rules-mixin.js,fbe286712c5cf29ebbf028f5bbaa4aa98af20c12c262495c98628c1cc044d189,1355
view/adminhtml/web/js/types/utils-map.js,f3693d0e876b65bc96e68eed310f9b3018526d64efa8d8b43f7ba94e41b0d990,103
view/adminhtml/web/js/uploader.js,7013850a2c07f85d89039065ea585fd93cec7638f790d1823923a1146d83370a,2857
view/adminhtml/web/js/utils/array.js,d55ea114510a7a92b7531e82c341e5ec64b950331380a74d706e27c76117d4e8,2321
view/adminhtml/web/js/utils/check-stage-full-screen.js,55eeac23b2b8c517d52181f98d11a5b9d49b935f2feb7acb5ac7e256620714af,582
view/adminhtml/web/js/utils/create-stylesheet.js,133ad0a15ec63e00fafd9cfda4508e9410d2bd48e8098a61db016971991daf09,1652
view/adminhtml/web/js/utils/delay-until.js,40e9f11c04c9c935a71e788da269e1352e3fdad45b20d04d8d64e8beaf7016b8,650
view/adminhtml/web/js/utils/directives.js,8d5b7ec085cb2348896adf2690aba7c9e385e38d85bdad2b7610448de773e78a,3879
view/adminhtml/web/js/utils/image.js,287505025b558fc9046d3e183ebfcb2371b3cdb8380d42644f7d56da22758efb,1755
view/adminhtml/web/js/utils/loader.js,1b194300854c03d82448454f7b71fe7ec6fdd4781b63124e3d7e53f2f94c2790,305
view/adminhtml/web/js/utils/nesting-link-dialog.js,3cd60dbe07a4d6b810724461a50a9a7c13cc73d32266eab004ba5d1c7f20f931,2095
view/adminhtml/web/js/utils/object.js,d476d7f9be290728af808a155998a4c29d65a8dc131fdd7d8fbb1d3f4721df1c,815
view/adminhtml/web/js/utils/position-sticky.js,21a12892227f370273e4c2daa4aeb31271980100b5feeaeb11cdfcd65d26485a,760
view/adminhtml/web/js/utils/promise-deferred.js,0b9c250c71c1fc9808210663bc906cbeada60def2338ebd91519399c7b6d6584,607
view/adminhtml/web/js/utils/string.js,fc1144908c4b51bc74ffc84594e03adf34326a907c4608e8efba4ab6df56d71b,664
view/adminhtml/web/js/utils/url.js,a86e9b5c13db6eac37bd7bcb3236303bdd9166fa3456d0195003dcd14b023346,981
view/adminhtml/web/js/wysiwyg/component-initializer-interface.js,faf2942e35ca63d41ae9b1fa0ca54bb7e2d2d054eeedc5d36841ad2016e19d0b,289
view/adminhtml/web/js/wysiwyg/config-modifier-interface.js,7e5aceb35d6a0abddd10f11fbcba5b82d53409782a90c594977541bf4df618da,277
view/adminhtml/web/js/wysiwyg/factory.js,a56680e68542ada670338cbe0cd7ac6ddc5762094496bea6354e20997c357630,2485
view/adminhtml/web/js/wysiwyg/tinymce4.js,40db12fa72e79370a1b58f138c4eda0b9d19a71bb901dcecff54a18ccb6fc4a0,6398
view/adminhtml/web/js/wysiwyg/wysiwyg-interface.js,3f48a4a9c874d151874ccf60576e0d6090b6e01cebb15d69f83735485ebc43d0,441
view/adminhtml/web/template/content-type-toolbar.html,195ae37b9730c1433e6b6ddd706db4c5a7efa47ee2046ef182a5ea1353a21404,894
view/adminhtml/web/template/content-type/banner/collage-centered/master.html,9b4611f656da5d1e87fbcb3d125407e05ab3f0893caa6ce01c76adc915c2fa18,2468
view/adminhtml/web/template/content-type/banner/collage-centered/preview.html,01a2895296bddcfc8792c9df744a8ef99fce60a919a573112b65cdaf392923d8,2255
view/adminhtml/web/template/content-type/banner/collage-left/master.html,7c3c92e5887243ebe748be6ce58256c794abf8af5a644170811837c2a4b461dc,2468
view/adminhtml/web/template/content-type/banner/collage-left/preview.html,ce4973316ed61480cb4e18b1c7f629011ec2c8941924d14c28231bc9ba24c3d3,2256
view/adminhtml/web/template/content-type/banner/collage-right/master.html,7c3c92e5887243ebe748be6ce58256c794abf8af5a644170811837c2a4b461dc,2468
view/adminhtml/web/template/content-type/banner/collage-right/preview.html,506979021aac99578d1100dd9b9595394e2e10563c02f2ad2b2c8ee56bc01375,2255
view/adminhtml/web/template/content-type/banner/poster/master.html,b0095808a84c0a37112bdfa97bc078f307bdb5728ee3800eb275d5fedfc2ac6f,2466
view/adminhtml/web/template/content-type/banner/poster/preview.html,08e0989d21bbbf99d4b37896a336e568bce1842911d15f820553c6057bf45f64,2217
view/adminhtml/web/template/content-type/block/default/master.html,f8f0853fc77dc829bbdf097012b562e39305d117dcba68feba81c2fe9a55b9b1,218
view/adminhtml/web/template/content-type/block/default/preview.html,ccebb8890710ee031ccbee73fcc255f1d9acc4211c26f3c777daf5baa74a5067,935
view/adminhtml/web/template/content-type/button-item/default/master.html,7cc7e88ac158e81d9e005c2f084524f5768198cc9387765e43998b994b67b053,636
view/adminhtml/web/template/content-type/button-item/default/preview.html,418f9ce58ed7afba1bf3a3c943c0c5d764342f0f9e8e6d007c76a6a3aba41635,1243
view/adminhtml/web/template/content-type/buttons/inline/master.html,6bdf71135f32555e76f40314584c1c221fd86a17a047334c76940cedd554c729,242
view/adminhtml/web/template/content-type/buttons/inline/preview.html,6cfc77472327cfc3cba3df836dba02c7bdf90bb7bed50e6ae24e3da08de77bc6,993
view/adminhtml/web/template/content-type/buttons/stacked/master.html,6bdf71135f32555e76f40314584c1c221fd86a17a047334c76940cedd554c729,242
view/adminhtml/web/template/content-type/buttons/stacked/preview.html,e7e4cecf2d435c789520808ab91f085debec9d1ef467c5921d8da9c855f1b19e,973
view/adminhtml/web/template/content-type/column-group/default/master.html,0fe3c9423c2420ba7bbb190c2c735168118ed7b8428bd83e2eae08847efb2cf2,252
view/adminhtml/web/template/content-type/column-group/default/preview.html,ae779402f88e17c91c5dc3a4f82ee9a3cc9c8294c14e15371cbec930f296097f,3357
view/adminhtml/web/template/content-type/column/full-height/master.html,58f1b74e412a5083f2d65d6218943c2efb945d425e7b7e250504e3e49c128415,316
view/adminhtml/web/template/content-type/column/full-height/preview.html,70607f7363c854ff71b337113a99407ad12ef34f1fa91402a8ad5dc94a8f8a5a,2038
view/adminhtml/web/template/content-type/divider/default/master.html,2d667839c79468825a0194c19caf0b46e408d84f90bf2e82e334af24ec2be721,283
view/adminhtml/web/template/content-type/divider/default/preview.html,a9a924e5fd36da7eac3bff6e456b860144c852e0c817777e6f0cb6f6913f79f4,486
view/adminhtml/web/template/content-type/heading/default/master.html,2eacf6de781ab3da0eea5cc93eea5c77efe60b6d3a6f06c4ccd58f94490de749,979
view/adminhtml/web/template/content-type/heading/default/preview.html,c4afc462a6816c647ac741c3c33d21854c55e1bd76dbd6a935bd2a1290724e3f,2458
view/adminhtml/web/template/content-type/html/default/master.html,774329a546adb8bcf8ad936d6c91226c71d30c704084d95a411fca6bbbf8a747,245
view/adminhtml/web/template/content-type/html/default/preview.html,3c207a0e76cffc6c67226699d7e3b70ebaa49fa4a64e9cb97b01de8cbfd3a1d8,660
view/adminhtml/web/template/content-type/image/full-width/master.html,8d1e444c466537d80321ca1bfc9397c6d3d9320f75390aeff599c329eee49a90,1678
view/adminhtml/web/template/content-type/image/full-width/preview.html,8b580d2998c08b9ce15d62c2721f1430e9783f1598a64dbb4aaa460f886dcaf4,1084
view/adminhtml/web/template/content-type/map/default/master.html,81a62d6b09867f4f1e5a94dbb8536c2e11b5e683acf3518dd05c32edd074cfdd,196
view/adminhtml/web/template/content-type/map/default/preview.html,4c1ddd75fa3ee39f76b49b6f664e99fa0a57f260ccd924892d1af210b55da974,551
view/adminhtml/web/template/content-type/master-collection.html,08e8f8a675221f156c2916b595de3b6026b31b62ce06d511bdbe4e91313d3eb5,239
view/adminhtml/web/template/content-type/menu.html,077139efc9c5b4e1dd37ed935ba98bd091dc2444d6cbe8d684df3c1f5e82f76d,768
view/adminhtml/web/template/content-type/preview-collection.html,2cd97e91de47ae68740e539b6c1e9520614b694b78411ed3182dfa9e794b2141,978
view/adminhtml/web/template/content-type/preview.html,ead09e0b5329137700cf78178932081ad5ea54785b5d322e454dbd2d4eea3efd,844
view/adminhtml/web/template/content-type/products/grid/master.html,d4c6c08a9926eaf8065fba8dce1b36669127df8ddb1b20be09b1c8b5e54ef21c,229
view/adminhtml/web/template/content-type/products/grid/preview.html,e965f2b26b47eba7d57e069c81cf5d5e438943e56379b8e8757a18e8d3e2a8de,693
view/adminhtml/web/template/content-type/row/contained/master.html,0d8cc5d23ddd274af0d85e44c4c46a2d37ea1a0ee4e6bc3194135ec6acc1e930,405
view/adminhtml/web/template/content-type/row/contained/preview.html,7d21498c4eb489603015db8970b44b5e1b7dd5cfdf45cb7fb2c95a92a2f53724,1998
view/adminhtml/web/template/content-type/row/full-bleed/master.html,b537880bc10406e4ca0e48fe182e04600bba0198df7f8895c34f46115e880298,284
view/adminhtml/web/template/content-type/row/full-bleed/preview.html,2d6e3c36fb5ad65eae62ff3ee22a0a1599c18fe3dc0921cc78a888d2999d436a,1809
view/adminhtml/web/template/content-type/row/full-width/master.html,507cbb107c0f92e5391a9f86e1c8972e71d851a648674770df12de62e1784600,442
view/adminhtml/web/template/content-type/row/full-width/preview.html,3b9fdff5d9502298419bee950139813165e3103c063f34fdaaff7cf641d165ce,1808
view/adminhtml/web/template/content-type/slide/collage-centered/master.html,a8c24efcd148aad3241bedb15c1eddc8339a761d235475107e3be405e1ca558c,2796
view/adminhtml/web/template/content-type/slide/collage-centered/preview.html,b65db1cc1e5049204b296817f4cec348192dcabb802371fd6518709f5752ad92,2393
view/adminhtml/web/template/content-type/slide/collage-left/master.html,774bdd2ceb98e35487ec410106083d5b8463be9677a4eb07762e6def53b5bef6,2796
view/adminhtml/web/template/content-type/slide/collage-left/preview.html,81fc7b1f7805b0880adf832664b2ad0020c7ce091e70e8546aa01339a43a4301,2464
view/adminhtml/web/template/content-type/slide/collage-right/master.html,8117b73a3ca9d077d97f274353ec45466dff572784e456a0f06d27434943c895,2754
view/adminhtml/web/template/content-type/slide/collage-right/preview.html,7077b904dcffd45548ea9217eb1750ee8fd38e1acf93ad7116903875d3260a50,2391
view/adminhtml/web/template/content-type/slide/poster/master.html,d11693b4651eac7e04c4512731e6b1a2545ef0d1315390e4dc0b03d691e76aee,2848
view/adminhtml/web/template/content-type/slide/poster/preview.html,1bf82f5bd08f4545a29016b8a3ebdaa1f58afe93929dc2782b2593a90a1a5ca6,2653
view/adminhtml/web/template/content-type/slider/default/master.html,d8347751fa37af1e80fad495183bf79fb20e3680c3ebe8a3844c75a739c05b25,276
view/adminhtml/web/template/content-type/slider/default/preview.html,789c092e760300142a441b03594671933d24c4725ff1c115aba4252ef44ad3d0,1833
view/adminhtml/web/template/content-type/tab-item/default/master.html,1deb4f75c25b82b30b92b8bfbaa93cb3515481919d537d3055372644bcf325e4,330
view/adminhtml/web/template/content-type/tab-item/default/preview.html,d9748085e3cd4ea95fab40ac22448f783ecfc9f9ad53162e9e4f774829a68ec1,1580
view/adminhtml/web/template/content-type/tabs/default/master.html,08346dee68b63fae532d4c89f2f51b3cb9c3ba0a1e3d5d78be4d86e185be0bc9,1110
view/adminhtml/web/template/content-type/tabs/default/preview.html,b11a93357307b3e36325ad71b14dcbbfaf89585a508a4c7a7834d12c9fc22a1a,2323
view/adminhtml/web/template/content-type/text/default/master.html,7520316a3fe2ad33d994d029e6f8bdc411145387798bccbe4117f4e60d0a8076,245
view/adminhtml/web/template/content-type/text/default/preview.html,745985f78ffb9a7115e086b6cd067f19ad424b24be77aa620eacbbe898558c86,963
view/adminhtml/web/template/content-type/title.html,339c3f3df637ef75a9eb883dfa34e1f74a4e4c5b6cd726dd996f969c6fd43b66,166
view/adminhtml/web/template/content-type/video/default/master.html,e4b2a13683b099f96fdb0345425e6d61d24a341858b99a51f3e35cd2d38a6e0d,738
view/adminhtml/web/template/content-type/video/default/preview.html,5aa812f6b5bf41970ef34927ec24a43a1b8a47a72f3ec83a3d92237a72facd49,1052
view/adminhtml/web/template/dynamic-rows/element/text.html,f729ab6f366b3c3086b963a8e09f09873aec10f3dc56a459e51dc882b674ce73,1422
view/adminhtml/web/template/form/components/dynamic-rows/actions.html,b1fa72f9ac50cf00303edaa54ca08992b1fa41eb236450560ce8bd91c5d940fc,521
view/adminhtml/web/template/form/components/dynamic-rows/edit-form-on-click-grid.html,2f817362f6fc522858504ea065d14f0ea7743820559bbb7f858711c2366a2d85,4212
view/adminhtml/web/template/form/components/dynamic-rows/grid.html,93876681bb616d3af03b556e0dc078ebe4fe6c3a4d2520bd7429e0e9d849b66e,3243
view/adminhtml/web/template/form/element/block-chooser.html,40533faf605c10fe4f67907cffc9ea5004ba7edc012ce65e89cff281bb6f7566,1352
view/adminhtml/web/template/form/element/html-code.html,c5b1a1c0d71a9ec7e0661076199951cfb6cd0e61e8330400f56845a737bdeb11,1439
view/adminhtml/web/template/form/element/input-no-maxlength.html,a211160c6923af6b45239d6542160671fe90c6701bbf40a5348748dc41242413,478
view/adminhtml/web/template/form/element/map.html,c2d9e8bd4594da49dcd9135ecc07149b376e57fa9d6246a4ab2907ce55f26372,601
view/adminhtml/web/template/form/element/margins-and-padding.html,282124a4fca7da3035f4f1df09fb16b6bf343d615b95b207dcc61d131fe063d2,1942
view/adminhtml/web/template/form/element/product-totals.html,a213e9dd20458a6a74953247bca340aed9b7ccb79b2689932bcadca85d9030b6,434
view/adminhtml/web/template/form/element/uploader/preview.html,7008f4a3e9807b5b4be8dac642a40659d314db76c308b054eebf1a0f41751df3,1332
view/adminhtml/web/template/form/element/uploader/preview/image.html,956e5fc163ba52d21d9e57288078ee5d0aed68c7456509f0a8b9beb649029c9d,3380
view/adminhtml/web/template/form/element/url-input.html,e675944570acb0c94f8ccce6aa32336d46c9a0c0d14f600800e36300e5bcc74a,1265
view/adminhtml/web/template/form/element/visual-select.html,6e69635ab16570aa44c40ec4093880c996c8bb45abadd59ddcfabe369bc6888a,1371
view/adminhtml/web/template/form/element/widget-conditions.html,f7f4a1e8cbc4c652a075f6a4e1cfb14ddba4d4ee8fc1574dd88a9af094ade5ac,384
view/adminhtml/web/template/form/element/wysiwyg.html,b4dc93df95ea0b324fb9581b6c839c1b627d441b99832048ab40e0e1643e5c9f,873
view/adminhtml/web/template/grid/cells/single-select.html,554c12ab02c06a2c3c2dd9a1b0576049623c0a7936f3b962d090c4aa9da3855c,873
view/adminhtml/web/template/modal/dismissible-modal-content.html,9828d7f40a5c9ceac24e79e96365ca3b368db6698c11c5042119116018e1f2f7,409
view/adminhtml/web/template/page-builder.html,1f9fe3be9e814cafa6d6baeb0d7a493b44bcce512f3119ae28844c26b47ca117,864
view/adminhtml/web/template/panel.html,25c3a6b63f3d3e41cccc354f51d5cc53b4c30fc246d895f07380c8bb36f21d2e,2793
view/adminhtml/web/ts/.babelrc.js,a52d2795a9320dc18372c8e583f2b9c37e8cb7acf444e0a583186698996c75f4,1232
view/adminhtml/web/ts/babel/plugin-amd-to-magento-amd/ast-utils.js,545695c20737b8e6afe17892908b916751c55262e35b16707da767dcad2c1835,5243
view/adminhtml/web/ts/babel/plugin-amd-to-magento-amd/index.js,f0eabf76806022ad2100fd5b97d3845a5476696dd5faf8746843a2a7ff676373,4128
view/adminhtml/web/ts/babel/plugin-resolve-magento-imports/index.js,00b9d7ef7956645e80eb9b1c24717dafbbaa3e19896e6b6306a22eda8dd04fa9,1575
view/adminhtml/web/ts/js/binding/active-options.types.ts,de073467e140a1ffb4783307ded2ee0f8847883df526822414b5074a71183ed9,222
view/adminhtml/web/ts/js/binding/draggable.ts,f46440f6a199bb0bd266f8651919479373ddce4312d636ac9f307fa8706e3fef,335
view/adminhtml/web/ts/js/binding/focus.ts,26f7789f99197e247255e03afb08706b5eac6682f3903944f0d312c8c10e3238,466
view/adminhtml/web/ts/js/binding/live-edit.ts,20b331a317cf92dca21e93b0e9be4cf64411b00282e605aa354dd38a3288eb72,8489
view/adminhtml/web/ts/js/binding/sortable-children.ts,c0b0b29ad602e1e972a2ecae5e0161539fd7af3598cd6587b57152a6d81b54ed,2974
view/adminhtml/web/ts/js/binding/sortable-children.types.ts,b1abd16010ef0a4f34c4d2b30011f70ee5a249e408f40e1815de125d97d35cd4,746
view/adminhtml/web/ts/js/binding/sortable.ts,91c60dd83732e3b466bd95d3c08d303870e17a7ec7f262ac28c099d72abf3f5b,554
view/adminhtml/web/ts/js/collection.ts,fff0878f0cb13f693f9155b6db4fc7e825c5abfa58e7161ef4769e8445b4b6be,1874
view/adminhtml/web/ts/js/config.ts,f740f3c92f1922352db0e53ad5de43524a366a7c370639b60f5c47ca71679698,1835
view/adminhtml/web/ts/js/config.types.ts,12d7d2493878db476e5f5467d11bffe5c3dd13fcd6a90fd0db3f42549b00b2eb,1089
view/adminhtml/web/ts/js/content-type-collection.ts,848bc4a64f38cff843d3d93a8348839610c3c4ed1447102ff256a91a9106d898,3047
view/adminhtml/web/ts/js/content-type-collection.types.ts,51965f02ca51d3aed7e303c8333c13414bf1edcf786908aec9268531099e154c,1439
view/adminhtml/web/ts/js/content-type-config.types.ts,03aacc0100a5a1074d67fb5f7dad1136bb4e8245d149ced51227443b77280e88,2544
view/adminhtml/web/ts/js/content-type-factory.ts,449197042627212d3a0b639c17e5997403ccdf39a05272b1bd55800f3ea2d9c6,5992
view/adminhtml/web/ts/js/content-type-menu.ts,5c0c81e1e72f85591344e64a7c337ac854a215f76a9af76e2e2f3afcb6ffce4a,1462
view/adminhtml/web/ts/js/content-type-menu/conditional-remove-option.ts,ad8b3bf83c5b62502ff2e035a22d2808953192e89ab919fa6e3e64f19315a624,752
view/adminhtml/web/ts/js/content-type-menu/edit.ts,e879a92c2cf303ed7810e3b1d6ce06918a9e8127b2c65c98162dbb9a16799f52,2326
view/adminhtml/web/ts/js/content-type-menu/hide-show-option.ts,520e9d0306469996ccb20bbad407aca7a902ddc760ccffcc27effa006c4a783d,1410
view/adminhtml/web/ts/js/content-type-menu/option.ts,c75f58312277d23d868fe21b42bf806a739f68813cbbad11ad03ab164bd971f5,2119
view/adminhtml/web/ts/js/content-type-menu/option.types.ts,ce9694273d5262b5a12450583baa374aa814407927dac54a778acad6f7146e9e,858
view/adminhtml/web/ts/js/content-type-menu/title-option.ts,c81b687d29733c6fb00b1d686de952cec2269274cbb40c2166382603c5867aa3,626
view/adminhtml/web/ts/js/content-type-toolbar.ts,6340e6d3d04c18b47834bdb1e5b1f6dd95d2375f39eed4f3410d353f8a7db56a,5089
view/adminhtml/web/ts/js/content-type-toolbar.types.ts,ae85a8069b0c9d3dd989a5e28ea8d0fa49e8f9ae7c7d7e27b012fafdd3048325,327
view/adminhtml/web/ts/js/content-type.ts,07cc8e918383801abf0ddbb42da7e48140ec50bc396545fa77481a866c9c8dc9,1963
view/adminhtml/web/ts/js/content-type.types.ts,63a1566ad04d7b3822736e2bb7086cbcee9b7135d4654e9791d979801be1b196,717
view/adminhtml/web/ts/js/content-type/appearance-config.ts,824d216790aa1808848a5da5e067445e8c9b96c2999028f419db2cf63e15bce5,1085
view/adminhtml/web/ts/js/content-type/banner/converter/attribute/overlay-color.ts,eba16c52e5c026e0804332a7b16aa86466a2477e19d9bb9786254a298e94af4b,878
view/adminhtml/web/ts/js/content-type/banner/converter/style/button-opacity.ts,b4f653c9e162636a29d3964121c7c9eef743fc0c86f1800e4dfdcec6f586cd0e,792
view/adminhtml/web/ts/js/content-type/banner/converter/style/button-visibility.ts,93ac7df4fad05e3c6ee57526d63c9d25bed8f4a581759f1f9a52f60b1c1912cb,806
view/adminhtml/web/ts/js/content-type/banner/converter/style/overlay-background-color.ts,aeef6bc3389a5e7f39a5cec806efa8ea8f702cfaa1af4f73e683a1d6bcd4279e,989
view/adminhtml/web/ts/js/content-type/banner/preview.ts,b12903812b5a6f0d738b1a9c745451d2b5899a1ac4cedc497f5532323f41ff3b,8372
view/adminhtml/web/ts/js/content-type/banner/wysiwyg/tinymce4/component-initializer.ts,8af849c1ffb5707e946042cee702e704643e71ed6968692370d5ad97c1266e35,2112
view/adminhtml/web/ts/js/content-type/block/mass-converter/widget-directive.ts,7acb14cec5a394613a6b2f22a69b2271faa283c3c15fdb641bc6ec52004a046d,1569
view/adminhtml/web/ts/js/content-type/block/preview.ts,7fc2841cbfb38bb758441f9f874b43e98e0cec856479f05c412b25914d7a3d13,6818
view/adminhtml/web/ts/js/content-type/button-item/converter/style/display.ts,d255ad4c910b9151a8244c4ad89fd4e2bf0da3da22c71847892097e197ab1248,1023
view/adminhtml/web/ts/js/content-type/button-item/preview.ts,1fe17053dd4606f92183203776a1227dea5d68e37469228977430a4a008af9c3,4391
view/adminhtml/web/ts/js/content-type/buttons/converter/style/display/boolean.ts,182765a13d4c34c94c4dc786749b755fab24b083627fd44db584689e63443bae,1024
view/adminhtml/web/ts/js/content-type/buttons/converter/style/display/flex.ts,6e14de3972646c61182466a8cc0891fce123816987d4cc9be4e2fae0da303b3b,1021
view/adminhtml/web/ts/js/content-type/buttons/converter/style/preview/display/flex.ts,16c7aa98ea0e012ad3ac493f14254234b696e73f1dcbc92ca3edf311fb110bd0,809
view/adminhtml/web/ts/js/content-type/buttons/preview.ts,f28285d15034f2d156004cb1aff48a4f2f3382d26aa8cec1538ffbf474e7d65d,10983
view/adminhtml/web/ts/js/content-type/column-group/drag-and-drop.ts,bfe7808a32efee80d905d89d61614654b9be5766b13efbe4ce29b10edfd02cdb,1723
view/adminhtml/web/ts/js/content-type/column-group/factory.ts,262a333869e035a07f773dff13c15594a5a76e004f98dd2799532023e1a09714,1131
view/adminhtml/web/ts/js/content-type/column-group/grid-size.ts,cbd8edf63fce0f939855e63980c7f494c1abbb8d5ddf388a3b09b6e14045842a,10826
view/adminhtml/web/ts/js/content-type/column-group/preview.ts,8ae279dee55836f52c866c4ede31137747461ba136312b4803ae1084567d367a,42687
view/adminhtml/web/ts/js/content-type/column-group/registry.ts,1f0d385aaa3f5c5a7c8e0b55e9797054c55bbeaa75d3e10753b17604dd58e095,845
view/adminhtml/web/ts/js/content-type/column/column-events.types.ts,a26035ba88dc42dd1b03f09d1aea6bbcbf31ad9848f20ff8376023f3046962f9,721
view/adminhtml/web/ts/js/content-type/column/preview.ts,cc0092a020976030062f8ee90f6214d25b00cb23f0db8ce276f24b5054dee7c7,12285
view/adminhtml/web/ts/js/content-type/column/resize.ts,33a2fe8d899ee7f5f2f8328797bc7fed4d1996706404ad0ae9d5621e2bb1ffd3,17703
view/adminhtml/web/ts/js/content-type/content-type-events.types.ts,77981d8b56b269a552cc0ac9096ae87245a46afc4ee31055d6531c4d8ca9093a,3063
view/adminhtml/web/ts/js/content-type/converter-resolver.ts,4d1545edba461eb90cbb527c854d1a700ebe4750bcc693815c33b2f8258f7857,361
view/adminhtml/web/ts/js/content-type/divider/preview.ts,62a2766df964c31f74da5363499f067e6a8e5c458caf2fb745b691412f7ddb30,869
view/adminhtml/web/ts/js/content-type/heading/preview.ts,01ec4b4840c424664e1bee6574d9217893f02940a2848da5abe5f96737a5828a,5340
view/adminhtml/web/ts/js/content-type/html/preview.ts,62a2766df964c31f74da5363499f067e6a8e5c458caf2fb745b691412f7ddb30,869
view/adminhtml/web/ts/js/content-type/image/preview.ts,59cb522b54e0fb1af9bbeb460e97589976a13d6718dca4c8912e07073c8a3d8b,2037
view/adminhtml/web/ts/js/content-type/map/converter/attribute/locations.ts,012d7e0688250cbb5305b388501d417fa226bf1ef308e5a2ce113ae3aaee4e07,1551
view/adminhtml/web/ts/js/content-type/map/preview.ts,b0a5b61c84c379412d20ff31d1ac97a8c379ec42f271de9cf0530156ce7d4a31,3966
view/adminhtml/web/ts/js/content-type/master-collection.ts,6803249a6ae0962f29e6da9f2acefcbba652be76d1ca187129758def689efbdc,390
view/adminhtml/web/ts/js/content-type/master-factory.ts,a64acea2974c1330774f6c0e786c2ade0b64f00a0b1d1d1cf39ac234ffb1300f,2132
view/adminhtml/web/ts/js/content-type/master.ts,96526da32143a0e14be4e1a428e3ecda8bdb6d40f7a3bde20eee18b4f88c78ed,2795
view/adminhtml/web/ts/js/content-type/observable-updater-factory.ts,00e80be886186a16ac2c082f0626b104266623c5184b710e41f65a5482eb167d,1368
view/adminhtml/web/ts/js/content-type/observable-updater.ts,a9ea6ec20d72b667fd58dc6b41f2548dc840141e9617e2977eec822772e6ade2,7813
view/adminhtml/web/ts/js/content-type/observable-updater.types.ts,2398f83edf9cac93faab93582c1c5cf8e5467942cdd82ce2a947485fd26474ee,856
view/adminhtml/web/ts/js/content-type/observable-updater/attributes.ts,11ca98a713263a961a1b458e0204df9711f345189c7a5cb572b11071831a3b51,1483
view/adminhtml/web/ts/js/content-type/observable-updater/css.ts,31b11a8a1ae7e2e86f69d80a15e048ecf188661c1912b2efa4ff014dbc772e04,1260
view/adminhtml/web/ts/js/content-type/observable-updater/html.ts,3456138570fa1048b472f14edc87cc03e43ee4308a18b64107b1cba3811ce82f,1239
view/adminhtml/web/ts/js/content-type/observable-updater/style.ts,e0784fc5c928e8a9674aa849e07b6158dafac0c97a7eaa99279600e802fce69b,2570
view/adminhtml/web/ts/js/content-type/preview-collection.ts,50da6444ff7cc8fdb231aa2526216092b7b5c8d30b00f0af264675824cc477ab,3824
view/adminhtml/web/ts/js/content-type/preview-collection.types.ts,191e19afdd001d1ea65c09ffb823219808be5ad0dcaf5c70849db6ea58c806fc,356
view/adminhtml/web/ts/js/content-type/preview-converter-resolver.ts,4f0c563b37fa2c756de4413801d3dca1aff0233eb4efb18f4ddfc06e7f1bc159,430
view/adminhtml/web/ts/js/content-type/preview-factory.ts,974e26389687080765384d80bb630cd5e5e3a2ca72667e9089728ee95eb95356,2208
view/adminhtml/web/ts/js/content-type/preview.ts,0906b9e5bdaa53b91c15c12138d80d3a6c1adc630dd5961c09568a8520ca9cec,19796
view/adminhtml/web/ts/js/content-type/preview.types.ts,ef5baafce5dc5c4cabe6bff355e8c1aee1ab60065c59aeedbe79d0d37a8b894e,740
view/adminhtml/web/ts/js/content-type/products/mass-converter/carousel-widget-directive.ts,e03330bc2453b53c4c20b2c7fe2437d546803beb10b50842be4c35ef6bd22da8,3464
view/adminhtml/web/ts/js/content-type/products/mass-converter/widget-directive.ts,4bd8882fd9b3a9c670112fd2e6e503287ee739380cf8c134122ae1df2905e5ee,3432
view/adminhtml/web/ts/js/content-type/products/preview.ts,fa6d4894a6306050dc600c07215a3c4a1a5d46312ad69004909fb50061c36812,7325
view/adminhtml/web/ts/js/content-type/root-container/content-type-collection.ts,196f7cc6da00911ae2764e04175f1d9cc47617d9d5a292f8a326da61f38d4e19,737
view/adminhtml/web/ts/js/content-type/row/converter/style/margins.ts,395f6ace8e2fcd77a1a616c3cdee3c42bcbccb45fd690d4395674eb2a7d3f568,1485
view/adminhtml/web/ts/js/content-type/row/converter/style/paddings.ts,470cea5a1c8aaabfd851505137653f93459ba92e8d7af6059b31f8cc01ef29c0,1483
view/adminhtml/web/ts/js/content-type/row/preview.ts,665901add0bd4a996ae128cc3ffd07217663cca9d664e96ecfd0171f7a4a25bf,5527
view/adminhtml/web/ts/js/content-type/slide/converter/attribute/overlay-color.ts,eba16c52e5c026e0804332a7b16aa86466a2477e19d9bb9786254a298e94af4b,878
view/adminhtml/web/ts/js/content-type/slide/converter/style/button-opacity.ts,b4f653c9e162636a29d3964121c7c9eef743fc0c86f1800e4dfdcec6f586cd0e,792
view/adminhtml/web/ts/js/content-type/slide/converter/style/button-visibility.ts,93ac7df4fad05e3c6ee57526d63c9d25bed8f4a581759f1f9a52f60b1c1912cb,806
view/adminhtml/web/ts/js/content-type/slide/converter/style/margins.ts,6be11436a22b6229199ce0f32c18ce0af651c3113e381019c3f2c1c76ad4ec51,1910
view/adminhtml/web/ts/js/content-type/slide/converter/style/overlay-background-color.ts,aeef6bc3389a5e7f39a5cec806efa8ea8f702cfaa1af4f73e683a1d6bcd4279e,989
view/adminhtml/web/ts/js/content-type/slide/converter/style/paddings.ts,0c722c88596764a1a9ed1cc13db8e28894a7d880e6a2ca153fb039fbba2986fe,2215
view/adminhtml/web/ts/js/content-type/slide/preview.ts,a8d42a143c34b1e33f85e9c39d9ea3d2f51f8d8f0a51a0f254a65d22a6058f8a,15029
view/adminhtml/web/ts/js/content-type/slide/wysiwyg/tinymce4/component-initializer.ts,1a5670b629b331176c64c00896ca4a62db894c09eba7c213a309b7680cfb79bc,5133
view/adminhtml/web/ts/js/content-type/slide/wysiwyg/tinymce4/config-modifier.ts,59644cbcf3f3f3cd705627a9f3edf0a5798aaaf873d635151017402d5532127c,656
view/adminhtml/web/ts/js/content-type/slider/preview.ts,bdbf2f383cfa8f0642dcc31a819ad1a180248a360bc83d7d9a7fdf81960cbb81,20270
view/adminhtml/web/ts/js/content-type/tab-item/preview.ts,2e3f3beb1a3aaed63e6157caa45c40ffcc37937410f544d08a6c80dbf96ad6d0,3663
view/adminhtml/web/ts/js/content-type/tabs/mass-converter/header-alignment.ts,4d56259078c4c5b0f892278cda46ee369aa328d8e54e3a4e0924d7cadabd9699,1119
view/adminhtml/web/ts/js/content-type/tabs/preview.ts,9424c9d4db392a08ed8de2c9e7d4f034a14caf8408aa9e67a2a28ab3666f4a00,19129
view/adminhtml/web/ts/js/content-type/text/preview.ts,097525e3ceafb7409576cd9cfe89d3c49404733ecc236e02c7ca85fabace5c7d,4828
view/adminhtml/web/ts/js/content-type/text/wysiwyg/tinymce4/component-initializer.ts,8af849c1ffb5707e946042cee702e704643e71ed6968692370d5ad97c1266e35,2112
view/adminhtml/web/ts/js/content-type/text/wysiwyg/tinymce4/config-modifier.ts,84d47c3d9cf42a3282c8a4e544ce647618908794ebf95ddadef045b48431299b,688
view/adminhtml/web/ts/js/content-type/video/converter/attribute/src.ts,e67c3cc269a0cc6b8f86abf6e53c1f81ef02effcf9d5e2608a028323a01e25ef,1582
view/adminhtml/web/ts/js/content-type/video/preview.ts,62a2766df964c31f74da5363499f067e6a8e5c458caf2fb745b691412f7ddb30,869
view/adminhtml/web/ts/js/converter/attribute/link-href.ts,4d9ad3749018bbbb1820744a018feae914e308c0a833b0a977a37141d9d88655,2807
view/adminhtml/web/ts/js/converter/attribute/link-target.ts,a65f031b709e50ac37660e7464ec7307bbba97b0ad713d1348cd7d556ad39c5e,946
view/adminhtml/web/ts/js/converter/attribute/link-type.ts,c8f6816b477492e52f419321c320ca1430b30ea99c57c38e2376e2f0179cf82b,908
view/adminhtml/web/ts/js/converter/attribute/preview/src.ts,ed319c9c63618cee93d6e7bb9dee6f35dc98fae806ce4288f8b46bcf2f989c43,973
view/adminhtml/web/ts/js/converter/attribute/preview/store-id.ts,e4942474c10f1bd69378a3937b6d4b7e0578c1af30ecba28b7624e2b5e6b33fd,958
view/adminhtml/web/ts/js/converter/attribute/src.ts,6e3c4ebf37dde20e3a1cbccf94fdd3d33cce37c5e23f6493f8705a78efac98fc,1414
view/adminhtml/web/ts/js/converter/converter-interface.ts,683515c2744abfda236511591a7b5e342cb69213b88936827e7af64926b76cb9,563
view/adminhtml/web/ts/js/converter/converter-pool-factory.ts,0dd2f5e9232e507b8c641989c20d967cef9397ff0c0f397cdcb39dbd76537df9,3943
view/adminhtml/web/ts/js/converter/converter-pool.ts,d678f6c748cc3371f5c2fe75aaed883631d63bddd4f219dd38e0fe56b25b15e7,829
view/adminhtml/web/ts/js/converter/html/decode.ts,1125a4124e479893259673742108e722eb7a38de5431f3abf3621893967bb674,1030
view/adminhtml/web/ts/js/converter/html/directive.ts,16273c8cae262cd0789061a1074ebde82cb33f7f2a85f5f84a70ef5d39937c44,935
view/adminhtml/web/ts/js/converter/html/tag-escaper.ts,b1e0237004f517e47fa4eec64e091495588a1154dfcfba5090dbb8a9986dbb52,996
view/adminhtml/web/ts/js/converter/image-array-object.types.ts,e3ebe6865efb5c67bdc061b942faba901043b8ec1c8857decad5200f835c55b9,195
view/adminhtml/web/ts/js/converter/link-object.types.ts,d03f159164c07085bd66025e9fc290704456db651dd80b6dcf587d145e84974b,206
view/adminhtml/web/ts/js/converter/location-object.types.ts,eda24366dfc01caa560ad0654e3b5c25ef8b0c7623b000205bd131f88b8c6d60,220
view/adminhtml/web/ts/js/converter/style/background-image.ts,e7315edd6caf46944ff10c562b72d08cbcc1d3aea413dd0e4b579aacc8f98b86,721
view/adminhtml/web/ts/js/converter/style/border-style.ts,b151c2db36c0ac0c9fa212cf06ba8571578cc065ca9122f357273866a7bd486e,943
view/adminhtml/web/ts/js/converter/style/border-width.ts,4b2be2a0830b250a03ac979e39c8bf3f9df46531b1987f308850b0e297d51533,911
view/adminhtml/web/ts/js/converter/style/color.ts,a136c906d56e3ecbb1c3e15129612ff986857a4034ccea78af975aff003970de,1537
view/adminhtml/web/ts/js/converter/style/display.ts,29eff7d6598c46888c6556379215ae2be5e2d61ae00f4eb142b31ca4f007ae20,1098
view/adminhtml/web/ts/js/converter/style/margins.ts,7e48498520e18d7b077402fcdc7234c929a88f05fe9dcc986cf1243ac0d3270d,1888
view/adminhtml/web/ts/js/converter/style/overlay-border-radius.ts,4dde8b4c22917b8030bc3fee55dac47d370db3015dd57fd0d4489e733d247dee,1140
view/adminhtml/web/ts/js/converter/style/paddings.ts,21b91e185906f158c208654e16243508c081c812f754ff1ac01fb6d8aa0da043,1913
view/adminhtml/web/ts/js/converter/style/preview/background-image.ts,6ed49d412ec6a389888db75583a6758bb13963990507327be99a5b904e33cbcc,1000
view/adminhtml/web/ts/js/converter/style/preview/display.ts,b5fb063959c2f07b5973d438534a2a527d520c084590a6f96db13397022f00f3,771
view/adminhtml/web/ts/js/converter/style/remove-px.ts,eea12147315d46a8990cc5e9fe39d5da0d9be6c84128d4b890adbfc3fdb0eeee,864
view/adminhtml/web/ts/js/converter/style/width.ts,a1498a099b954d3f8ef5e6ad9d1d22612fa8eb2cde1839c85161edf21c48a2be,1489
view/adminhtml/web/ts/js/data-store.ts,0ffbb4249695947223ff4bdb21d6e6dfd7f3a3de51d3104c8e5603a98d9dd20a,2413
view/adminhtml/web/ts/js/drag-drop/drop-indicators.ts,f900819808508ffa0e738cb7e9991c19eadd3a199e6857d1afd1e00ec1ffc20c,1683
view/adminhtml/web/ts/js/drag-drop/matrix.ts,fc76543215654c4736e715c2d3062ab6283578967372db451ec6551d70d0f720,1471
view/adminhtml/web/ts/js/drag-drop/move-content-type.ts,7703bbfe3f947aaad76840228dfb41cad9d3edafff55187dd53658f8aeefa857,2986
view/adminhtml/web/ts/js/drag-drop/registry.ts,1b0fa8df68a5115837da53bc07914a07df61b4f97a0c857b69537ad9d3763bb3,682
view/adminhtml/web/ts/js/drag-drop/sortable.ts,707614076e39fa324b007fbefabe14a563308a6419b41b56c8e2dffe86fd8fa9,10632
view/adminhtml/web/ts/js/mass-converter/background-images.ts,1bd644e14190669412921f52224ad2db5886053c601b63623e653269d78d2082,2618
view/adminhtml/web/ts/js/mass-converter/converter-interface.ts,5d9dcdb7e8c3e51a4f716e5ce6e2384ad61a97b91377f26a68b139621b4fc4b9,910
view/adminhtml/web/ts/js/mass-converter/converter-pool-factory.ts,89efa1a4947aeaffe45f91ae39d4333fa16ad772691af9194820ab9f8d145a54,1333
view/adminhtml/web/ts/js/mass-converter/converter-pool.ts,55d1efcba99a6152ab89a64357780d7410859396cb847f486481a8975f0625b3,856
view/adminhtml/web/ts/js/mass-converter/empty-mobile-image.ts,cf45d32cb5818da362cb5c7a598127ef8e1ed7e8bc21b805daa328309582846c,1726
view/adminhtml/web/ts/js/mass-converter/widget-directive-abstract.ts,08811036806039532f85fe8f546b7985059d42826757dccf99dd47157fa6a890,2676
view/adminhtml/web/ts/js/master-format/filter-html.ts,5b142e4d539a1dd53c0909bf0a592a1de8249579fc9eedda24e6995980a3fa52,1503
view/adminhtml/web/ts/js/master-format/read-interface.ts,56f1147156c2b373eb4055d657cc7c639b15d72de4a05c1745a9cbdb0060fdf8,319
view/adminhtml/web/ts/js/master-format/read/configurable.ts,77132980aeea55a3dc9a423531313c1ebf71c8238313aa8411292a88368cb9ae,10454
view/adminhtml/web/ts/js/master-format/render.ts,649a32ce74851ee9b77224685265312a1e3c98d2b9541a09ad237b49d482686c,4121
view/adminhtml/web/ts/js/master-format/render/events.ts,24f98d9d07237c03337c93e516b8b2723c217be7a28dbb564dc61e4000e6fe0d,370
view/adminhtml/web/ts/js/master-format/render/frame.ts,9000664175a40a621110f11d0d4f391147d59240a0b8af8d2f1eee4a8e298930,5698
view/adminhtml/web/ts/js/master-format/render/requirejs/text.ts,4563fe0449bcf0549db7f023f657642e63359763d9e96284d8fffd93e88413fc,1139
view/adminhtml/web/ts/js/master-format/render/serialize.ts,d2891fb0affb1f5b610126999b17e5238d1e8385a5cfce6295961aa04b6bd8f5,1691
view/adminhtml/web/ts/js/master-format/validator.ts,64e4ccba596adfcc66fe0435c87684e850516ceaff012445611d71e604f786d8,538
view/adminhtml/web/ts/js/page-builder.ts,6806535a29a242d44bbc55baa1c2923d310686a07b07d7bdf068adc592b9fa5e,5689
view/adminhtml/web/ts/js/page-builder.types.ts,3144cccd6f8d5782ff0e486d16399387d7058466be116f0125d4d0039c393a75,561
view/adminhtml/web/ts/js/panel.ts,f5f40ede8dbc7e0c12beba662cecbefa2e966cd3deeca0b88cf9f779c350315f,10941
view/adminhtml/web/ts/js/panel/menu.ts,af85a1edd43a69108b901bacfccd9bd700f6728e3f8a694b2bec20f596d3d29c,1266
view/adminhtml/web/ts/js/panel/menu/content-type.ts,0d12fb4f4f22b154629f2326d4deb005fd3005e213ad600044874eb7a99211e6,1484
view/adminhtml/web/ts/js/property/attribute-reader.ts,58bf1bb93097cbda033be940f4f6999fe006f2602012565e72456ff8bae85e30,542
view/adminhtml/web/ts/js/property/link.ts,ee57c7a9775ad31039d4949c033bacfbd44e2fee5e49b52c961f1df8acf3f4c7,1554
view/adminhtml/web/ts/js/property/margins.ts,c7ae63b751f5327380bd83fd3b61f027561e5a8dbf181664b7daa3f6750aafb2,856
view/adminhtml/web/ts/js/property/paddings.ts,e7bd345d1127800af539078893d7d3c1382620877c906136c69f3dfc9901a6e7,866
view/adminhtml/web/ts/js/property/property-reader-interface.ts,fe80fa7b3a8cac51646204abc452c18fc428852d6a045e6b381d9a0edf184512,408
view/adminhtml/web/ts/js/property/property-reader-pool-factory.ts,558ce38f533805c6f9cefa908090e10fe1013ad834632b91ad7938d721616e4b,2335
view/adminhtml/web/ts/js/property/property-reader-pool.ts,27fb92b8563afb2884275c065274574f77944506878aeda06f44c83f6a429611,911
view/adminhtml/web/ts/js/property/style-property-reader.ts,cbd0bb246e4cf34f55fd9004f2ccd15be728e3f3f23ec46d52238533dbf05183,700
view/adminhtml/web/ts/js/stage-builder.ts,72340487984c17ff41e4f3c141ba705328ee61ca11c02d7040b318117991405e,9668
view/adminhtml/web/ts/js/stage-events.types.ts,91db690a6a120b245e09f564a754f0091328b861906acabd05140aae857d6fff,288
view/adminhtml/web/ts/js/stage.ts,36fe2d3c21950fdac0199ace17e3a15364aa3cfb35a9b8ed167b67910ab3a7d9,6211
view/adminhtml/web/ts/js/types/alert.d.ts,ebd82d0cfa306301107d29b9055e68f4e250a9cebbd5bbd43b16bd7390768c38,304
view/adminhtml/web/ts/js/types/dismissible-confirm.d.ts,e03b352a2abe1ea0495fc44be8acb7c8968d2cfc19a79e0399c824837e5c302f,472
view/adminhtml/web/ts/js/types/dom-observer.d.ts,1960dfb39580a9e55e59ccc2d7428400ae6bf5a1352ba08cfaa68c445612a626,1464
view/adminhtml/web/ts/js/types/events.d.ts,5cbd56f03487ed037014fed10b7ae78cfea3685500e5ad5b3fdb02337c522a64,174
view/adminhtml/web/ts/js/types/jarallax.d.ts,49a36283ff5558506df51c32971bb22f31c8738ddfe5143fd155c2c6837e1e67,4601
view/adminhtml/web/ts/js/types/key-codes.d.ts,2ad701f0e8ff8b07c8755857f439f14e8f284a2592b5157dcab0a508a85da553,232
view/adminhtml/web/ts/js/types/knockout-template-engine.d.ts,7e785330824ec29debb448f1d2012eba1bb8e6db1d43d67cf33e490b037fcfad,273
view/adminhtml/web/ts/js/types/mageUtils.d.ts,b3e7251441022032de97ebc023399885f252b6c4aa7040c5399b6726391b44a9,532
view/adminhtml/web/ts/js/types/resize-observer.d.ts,cdb30be50734c79f2fb1fe323ebfbd2b8ae84841c8459daba00536da33609b94,918
view/adminhtml/web/ts/js/types/text.d.ts,b3b20fca57317159fc71f9970090d6bbee00917c5c1dcbe9384f7280722deb7d,324
view/adminhtml/web/ts/js/types/ui-layout.d.ts,401fd70bf6b6336f1421e296cb6fe7a94807bb8b024d1818e8805aecbe19d5f5,433
view/adminhtml/web/ts/js/types/utils-map.d.ts,95c687f63a1dd6f23f7b96ffa8ec8e43189732d2f030dde5e6e5977170b6afe4,563
view/adminhtml/web/ts/js/types/widget-intializer.d.ts,55c5afcaba78a212d5ab244eadf2af19d60f25f400d47adac0ce24c4eb81bdc0,393
view/adminhtml/web/ts/js/types/wysiwyg-events.d.ts,b131694ad5e79694ffe0ae13624694fdc1fc1b9b0703cfa5f17f80f398c08e50,622
view/adminhtml/web/ts/js/types/wysiwyg.d.ts,231baba0aaa2e0230c09fa73cd9f6217658150b3ffaa9fc9cc8fde6bf08fa83c,945
view/adminhtml/web/ts/js/uploader.ts,9d7764c3bb34009826e7db67fa87cbd0a4c571c880f5f6e69435ec549b9c0195,2988
view/adminhtml/web/ts/js/utils/array.ts,bb1797fb878247778fef1aa71e4b368bc8672ba372e3cf68efe1a6170b8e4b92,2460
view/adminhtml/web/ts/js/utils/check-stage-full-screen.ts,cf93b6b070765310b9e0a037090074392a088b2a75ee01d21a9146ef2c31a7e7,461
view/adminhtml/web/ts/js/utils/create-stylesheet.ts,65d8cee6b5905a277b0108589d425795ad1de6fd11698da1bdf87ffdc0958969,1525
view/adminhtml/web/ts/js/utils/delay-until.ts,64b1ae7724e9e7afeab13a17a0eacafc5e931a9b8dd125c8909da7dc5e3286ea,533
view/adminhtml/web/ts/js/utils/directives.ts,a8435de0d7547a2f0b75529a2d463f473323a47d87bc0d843633682a51d5b13d,3671
view/adminhtml/web/ts/js/utils/image.ts,8ac08cef8758cad6d3d233e955f959eb6ba9a55795ded4984113cd4c62b5eb93,1476
view/adminhtml/web/ts/js/utils/loader.ts,03057b322d743198b2bc3f789a3bd64b796caa367b8f14ef3be9b87e4aaef07f,289
view/adminhtml/web/ts/js/utils/nesting-link-dialog.ts,fe5c7cd0557cc086fed4398eb240bcc0bf6005f4932de5ff5130838cf8a1f033,2339
view/adminhtml/web/ts/js/utils/object.ts,1a9e8edbc7493428b8b7fdc21eaa39b3f60184e3bd559b33f44a19e557bfbca9,771
view/adminhtml/web/ts/js/utils/position-sticky.ts,dd3a7e87de590bcf4c04605795dae34f70427b8967476adbac592efb22a79e30,617
view/adminhtml/web/ts/js/utils/promise-deferred.ts,5f15a9201a954c2b089b3d266ece7c1945951e063371abac8ece699c48837774,647
view/adminhtml/web/ts/js/utils/string.ts,5ad2a968d1cf325c8dfa10883f0c46849b3e002ba515fb1e6b833db80069ff6d,534
view/adminhtml/web/ts/js/utils/style-blocks.d.ts,b4d1fa48946e9649425deaad1f0860c1c85c82432468430916d40318c27ab114,265
view/adminhtml/web/ts/js/utils/url.ts,ee97d02b1775117db1b8acb5e1c810cbe67ca4cc8584270e282bfc68abf1fc65,809
view/adminhtml/web/ts/js/wysiwyg/component-initializer-interface.ts,cf224f2e2e688893a021279f5383225d8e18f1ea127590212f0fb4da47e136ee,314
view/adminhtml/web/ts/js/wysiwyg/config-modifier-interface.ts,4fbb4ee8e3942dcc81677576f3bfd0c3438e7aa980857e2a5c917ae946d5d618,254
view/adminhtml/web/ts/js/wysiwyg/factory.ts,db8d70e8ab42d5553324cb1b93784407b2e26641b085531e45ea7085d393f50c,3414
view/adminhtml/web/ts/js/wysiwyg/tinymce4.ts,9adbfe176a8329ed604ba898df04f11f5dba836a32e287cdd21e51d460a46de9,6960
view/adminhtml/web/ts/js/wysiwyg/wysiwyg-interface.ts,205587170e1d68d7be06077139785d08583b9622ab3901f198b2250df8fc47c2,1001
view/base/requirejs-config.js,7b5315af32275b79bad9403f1986374dc18be02a6e50c3c5520693f1cc13e069,381
view/base/templates/googlemaps.phtml,f807cadf0f4fc9d87e1d989e3bcd518c00d83d19801799f38127a05a54573fea,1336
view/base/web/css/source/_module.less,4a62155e525b41b2573e1633557764ef97687221055c54b06647db9108d3720a,209
view/base/web/css/source/hljs/hljs.less,8112c561d69bb07685451e58701b572a4c5a75316bbf46713cd1c97259ef222c,1149
view/base/web/css/source/jarallax/jarallax.less,a0fbfd85d1c144f371dd8646e6338aedd2e049b24c9945bfa8e7edd5a41402a6,332
view/base/web/js/content-type/buttons/appearance/inline/widget.js,f9e28571e62e35f099b363182576c6f4aedd9a0ef60eefd0711d4229c8bfbeda,1391
view/base/web/js/content-type/map/appearance/default/widget.js,049181225db2528ea4f6056762127cbf53adcb4afa1191cb764d9df8e7a0d9f4,1250
view/base/web/js/content-type/products/appearance/carousel/widget.js,c096f03cdcd5408dbf89f2ef96cf8a7eafe7fd6ab178530e21d5913638695fc8,2848
view/base/web/js/content-type/row/appearance/default/widget.js,fa76e8a350a9eecd1d3b0bcb2bea7f83bcecf4c6ac14df960fceb39f055a9f58,998
view/base/web/js/content-type/slider/appearance/default/widget.js,bde4d11a4bc7782d7847bc38b64e3f67b07ca25c363e879d1a47cd4e6715cc5e,1136
view/base/web/js/content-type/tabs/appearance/default/widget.js,e33b0e4eb726f5ecbf8165f22d09f7e412e6dc80d49bf10f3b850a2b43c1efc9,1486
view/base/web/js/events.js,57b17da8a709a7128c3f38b1faf52ac642ebb3bac816311a4e1f4ba695ba38e4,1145
view/base/web/js/resource/jarallax/jarallax.js,fae070befed9fd3184be3bcc323f3f2ec4fa80be92978015a4495adb46443510,49222
view/base/web/js/resource/jarallax/jarallax.min.js,88657838a7c1595fd358051dceb1619cd44afa923c22ee397420d677fb5cf196,15211
view/base/web/js/resource/slick/ajax-loader.gif,e7b44c86b050fca766a96ddac2d0932af0126da6f2305280342d909168dcce6b,4178
view/base/web/js/resource/slick/slick.css,de1e399b07289f3b0a8d35142e363e128124a1185770e214e25e58030dad48e5,1776
view/base/web/js/resource/slick/slick.js,f1245730b28bb1c54b425cf8311833c9053b6bd4948f46c59afb2265312bcb08,89787
view/base/web/js/resource/slick/slick.min.js,90f708ec220979a76fc6ade32dcd050ad8f2bf81ac9219f919d3bf8233c9b388,43606
view/base/web/js/utils/breakpoints.js,e16651a49ae8f81cb76c15d0432ecd744c7bbb5712ae862f9984a7b9a22e1b92,563
view/base/web/js/utils/map.js,75465610d0913fa81b46420920b95f80757f2e062b3d2991b87e5b1abeda7bb2,6231
view/base/web/js/widget-initializer.js,15bd64e6c2e3715a42ba7f72240b86926b37b82891f7eb7b2028417ce207dff2,1337
view/base/web/js/widget/show-on-hover.js,f95c2d15534d0bee8f784113f6e7ebde26f6f235f37897f2d9df0e7bc92c71df,2160
view/frontend/layout/default.xml,91af682a626c01580f751a28ed0b5d3daa4b25c09ebb17949e41dd2d8bb1efbb,783
view/frontend/layouts.xml,f0feebbe59fee33eab4331ae159df5e64583c11700076acc7faf3ae9d9afb396,651
view/frontend/page_layout/category-full-width.xml,d816fa6d82e94b73ad9661a80a444b57a874128ecbf3b4e9fa6375986ae9fc93,1448
view/frontend/page_layout/cms-full-width.xml,4afcbda07f4b4dba1e102e10c6c8d1bbb8693e3bde848134a4a292fbe268cd18,517
view/frontend/page_layout/product-full-width.xml,10e85c7cda449a784f03b381a95a0227860f826a33dc3a0c8361afdef689da01,5168
view/frontend/templates/catalog/product/view/attribute_list.phtml,ce1917640fb86c99d2e331c653bce12c315984b84fa6086d67274bbb1f1fdeae,1009
view/frontend/templates/catalog/product/view/section_wrapper.phtml,a652be61e8be72ee47b1f2a7fc6e26001ca14219237341156665e6ad4062909e,506
view/frontend/templates/catalog/product/widget/content/carousel.phtml,aa938d9bad5ae80ddcf8eebff43aa7544d54000591e8e69ad3c9b81d85f5121f,6157
view/frontend/templates/widget/link_href.phtml,79dec07f584cd5ce7b06a871a7909a4c80ab4f9e83b153cd7f1aa61db6fd9267,245
view/frontend/templates/widget_initializer.phtml,e5d436599d3621b7c51f05e86b6ed8bbab5266d5fa8bac70fc73042707516da1,480
view/frontend/web/css/source/_icons.less,51b5f1f579ba9c5bf908daaedc9fc80df2c8317f70ee7986b66d32c383b476fa,1708
view/frontend/web/css/source/_layout.less,ca8ce11d8522a30cd1e4cd6395230444c36909537b1ebeb6485afc04792eceaf,1204
view/frontend/web/css/source/_module.less,2aafcfa1d193ac31d8f15c706c4f67df347ae2a21954646d2f739dace7fa0217,1860
view/frontend/web/css/source/content-type/_import.less,6473138f66b26d7508f2c73c35d0ec6f56147c00baaaff711781bc91fc8041ba,741
view/frontend/web/css/source/content-type/banner/_collage-center.less,f5c38864196282dac0c2757d1f2f64262ea8cbefc23e1705ecf6a11d62526d3d,454
view/frontend/web/css/source/content-type/banner/_collage-left.less,ca38dfb74aaf71762eb1c64da2e795be688c478e185ce81304690449077e5c9f,413
view/frontend/web/css/source/content-type/banner/_collage-right.less,974a66fe5941d5be888e429458a4eed0a213465eac22fc8086784c188150a938,414
view/frontend/web/css/source/content-type/banner/_default.less,49a7b1ba8cbd303041863c6c5e110ff3d507538268821c92177b0898803a8a2c,2126
view/frontend/web/css/source/content-type/banner/_import.less,b5c258e678cbbc2f3f2b95fab0f6b57fe3859941c5d51ac66e826f9fb62679a6,364
view/frontend/web/css/source/content-type/banner/_poster.less,928339629eac5f8051c775e72396fbde5bbfd3d6dc33f690862fe0721a4fbd36,342
view/frontend/web/css/source/content-type/block/_default.less,5676ceca01a30a628e40f6712c7912c5280b53b798580082371a537c1eca194f,407
view/frontend/web/css/source/content-type/block/_import.less,2f3af225ab19ec048d91eef3bb1fdb72d582279d71332006d42846247bfe7fca,239
view/frontend/web/css/source/content-type/button-item/_default.less,4c4cdb1e642016d69da03fb3e50972d9489db359bba647668cd7689b6f47b50d,1462
view/frontend/web/css/source/content-type/button-item/_import.less,2f3af225ab19ec048d91eef3bb1fdb72d582279d71332006d42846247bfe7fca,239
view/frontend/web/css/source/content-type/buttons/_default.less,25a213f6b8f3ceb638317b996c293d3e310b22a8963ea55a54195ed04db13f6a,297
view/frontend/web/css/source/content-type/buttons/_import.less,2f3af225ab19ec048d91eef3bb1fdb72d582279d71332006d42846247bfe7fca,239
view/frontend/web/css/source/content-type/column-group/_default.less,53b616cee97d06b46089c5dfb4d305fe6cd4b90f41744b59747e4abbef87bf20,341
view/frontend/web/css/source/content-type/column-group/_import.less,2f3af225ab19ec048d91eef3bb1fdb72d582279d71332006d42846247bfe7fca,239
view/frontend/web/css/source/content-type/column/_default.less,ed386365567c27c6dfd4fd30d777d5f85e2e4ba034b201d51b522bb2e49e7e6a,569
view/frontend/web/css/source/content-type/column/_import.less,2f3af225ab19ec048d91eef3bb1fdb72d582279d71332006d42846247bfe7fca,239
view/frontend/web/css/source/content-type/heading/_default.less,2e53cde61a54b5a019ae735f23bed40988a078767aaf6d62614cc04a17c9e62a,303
view/frontend/web/css/source/content-type/heading/_import.less,2f3af225ab19ec048d91eef3bb1fdb72d582279d71332006d42846247bfe7fca,239
view/frontend/web/css/source/content-type/html/_default.less,1b8c019e32d224dfaffec43fb24cd5ce1d8ce0f128b65b821814d3158c1b6764,300
view/frontend/web/css/source/content-type/html/_import.less,2f3af225ab19ec048d91eef3bb1fdb72d582279d71332006d42846247bfe7fca,239
view/frontend/web/css/source/content-type/image/_default.less,fd575ec66c989d1733b6a33b50c8ce1b040730a7cd175b5127df1c76b2519e22,493
view/frontend/web/css/source/content-type/image/_import.less,2f3af225ab19ec048d91eef3bb1fdb72d582279d71332006d42846247bfe7fca,239
view/frontend/web/css/source/content-type/map/_default.less,c42d5c3fe242bd00f48ef5b66b9e7a15956223298cc2ab0241a833f122bbafb1,323
view/frontend/web/css/source/content-type/map/_import.less,2f3af225ab19ec048d91eef3bb1fdb72d582279d71332006d42846247bfe7fca,239
view/frontend/web/css/source/content-type/products/_carousel.less,d302c055d49e7dfbe949ec444f490ddcb394a896c6e4c81df82c4fb3cc6e4760,1062
view/frontend/web/css/source/content-type/products/_default.less,ac6be591e0e1b6949197ae35715c909f6f4d8c9a41084161051432519f8bfbe4,1420
view/frontend/web/css/source/content-type/products/_import.less,cbbbffab6187d12db88b1a71f796be9c9d169de69d2c7e04a55bcb75bab8ab3e,267
view/frontend/web/css/source/content-type/row/_contained.less,3f53710d49c8569d005a204293683e36b9a6d9bf491b8a2da556c11718b97057,862
view/frontend/web/css/source/content-type/row/_full-bleed.less,046ebe186095f3efd4bbe9bdee098f6e07a5336a62b3f3b55885224a18134fcc,622
view/frontend/web/css/source/content-type/row/_full-width.less,5c819ec2381f227a07bc3a5b8bc1eee2e957be727cabe5ad86aa660fd20f4550,834
view/frontend/web/css/source/content-type/row/_import.less,a3e14c4b5cbee20eee6701e2b31f0a45132a7f217d4bfd0269720e58959083db,297
view/frontend/web/css/source/content-type/slide/_collage-center.less,30988d0374f746a6f06f447f68698dfc73e592be99a8619d144a7a4293953f4f,453
view/frontend/web/css/source/content-type/slide/_collage-left.less,2c49b5bcb869bba03d3a71952883ccd0a4901eb22cf52f1c46f469e1eb9775df,412
view/frontend/web/css/source/content-type/slide/_collage-right.less,bf86c7a8c5b74e2fe0bb913b6e556c1200aa5c13b201174b2421db887a8a73de,413
view/frontend/web/css/source/content-type/slide/_default.less,8b8deb25a47f11034dab58f3c2d395a578508d6fead8bf3073a50a036d92ffa6,2302
view/frontend/web/css/source/content-type/slide/_import.less,b5c258e678cbbc2f3f2b95fab0f6b57fe3859941c5d51ac66e826f9fb62679a6,364
view/frontend/web/css/source/content-type/slide/_poster.less,be79832c6cf1df98389b36ad1fb1390e3e3b26c17c24524e249cd2acc821bbc9,341
view/frontend/web/css/source/content-type/slider/_default.less,eb8a7e17f3a5b0402f8fcf1536f1c005f79602320a413189d7cd52f8744fc4bf,850
view/frontend/web/css/source/content-type/slider/_import.less,2f3af225ab19ec048d91eef3bb1fdb72d582279d71332006d42846247bfe7fca,239
view/frontend/web/css/source/content-type/tabs/_default.less,effc311ff2fc7a00eb974a3724cfabc45adf07156b459162781c8a0c3b39158f,3177
view/frontend/web/css/source/content-type/tabs/_import.less,2f3af225ab19ec048d91eef3bb1fdb72d582279d71332006d42846247bfe7fca,239
view/frontend/web/css/source/content-type/text/_default.less,87a3b4aa20825b196f4d72e774b5a634e048c90beb4d08f203f0b20029e360c3,303
view/frontend/web/css/source/content-type/text/_import.less,2f3af225ab19ec048d91eef3bb1fdb72d582279d71332006d42846247bfe7fca,239
view/frontend/web/css/source/content-type/video/_default.less,e240339d307b71444146ed3d23d73ac72c3e2ff2e259b549cf676a6980065c59,770
view/frontend/web/css/source/content-type/video/_import.less,2f3af225ab19ec048d91eef3bb1fdb72d582279d71332006d42846247bfe7fca,239
view/frontend/web/css/source/slick/_slick.less,032bf19485ff49283ad04c32910ce8cb6a643d86fce14f3e4996b9254bd060d6,5268
view/frontend/web/fonts/pagebuilder-icons/README.md,9ff35010f7ab60df3eefcd5c4dbb57b8e2db3f2ab9539a115bf8748885175ba2,84
view/frontend/web/fonts/pagebuilder-icons/pagebuilder-icons.eot,0839105f4e7afe740e986a9b85f8a4310d4c358c68ba647a4cec8ad6b65428fa,5780
view/frontend/web/fonts/pagebuilder-icons/pagebuilder-icons.ttf,48fb973fbf8acccb478285281b59d069c39dd361e68401d27529f00b481ecd87,5536
view/frontend/web/fonts/pagebuilder-icons/pagebuilder-icons.woff,a1be4ad9674033fbea52dd69713aeb32a9407ab2dea4bb5ffa7407ff90249639,3140
