path,sha256,size
Api/Data/TemplateExtensionInterface.php,244529e36906dff528941e27d91bedb72c393f4cc2d137db5de29a8e86089bae,328
Api/Data/TemplateInterface.php,d56580e08a425d22b014d1cd0c61fe268bf51ed324fee14b89bc9d43a3c8f1b5,3487
Api/Data/TemplateSearchResultsInterface.php,ce0499b4579e60d80a318b232a6191cf9e54dc97ef4ffd17757ae4dca0787fbc,544
Api/TemplateRepositoryInterface.php,90718b9593c0ad9410ed4d2e5cbaacaa8d6254f58f80767f72473bd179e7aadc,1649
Block/Adminhtml/ContentType/Edit/CancelButton.php,1e89ac01c19f08b896b7fb6680687a3bb431e560acb799c00a197b5e2bfb7afb,1506
Block/Adminhtml/ContentType/Edit/CloseButton.php,66aaf2326b49fb8f41a43f599103a8574805993e85fa3563931fe9593139c465,1501
Block/Adminhtml/ContentType/Edit/SaveButton.php,56f3efba4be2e9d07d365f48be90f5fc0fbf57c89045d7395ca3142f1f9ae5e2,814
Block/Adminhtml/Form/Element/ProductConditions.php,dff40df7156b9d4902610f8847e376baad838ef4d414e179a8ff2654c4249425,2703
Block/Adminhtml/Html/Head/BabelPolyfill.php,caabc68a21709e9a9b7d49951ccd7b22480a761897a08559bc58ed3725f38a87,2178
Block/Adminhtml/Stage/Render.php,17b2ae8b2f04223dcdf41a77e98e7f3e4703f39c1c6374af24c0ecc7a7029185,2716
Block/Adminhtml/System/Config/EnableField.php,30acb86d62d5ea57321f2429d23eef7b447a7e95c7a4472464f7af9e02e66b91,2290
Block/Adminhtml/System/Config/Form/Field/GoogleMapsApiKey.php,54c90739cd42b050f2844ed2f1bb8eb6eca673802b8c56162349951ebf699429,1554
Block/Adminhtml/System/Config/SwitchAttributeType.php,96167f073a8176445554de753868a67730ead01233270313632cc406a7916e6c,1507
Block/Catalog/Block/Product/View/Attributes.php,a0cc89db7ab4e8d0d8833128eafb2731f7147511842d568f165f0d3d13791009,1827
Block/Element/Editor.php,d64d000bdfa6b1d7e0a96393ca9efffb7e9d504027d702d8395f14ba2f6f4fed,1531
Block/GoogleMapsApi.php,b02b9d79f81170b80bcfb8cd848d7ba25ec8309a4a518900c83e86a1b27e4f94,2195
Block/WidgetInitializer.php,96e7804ff980899d543cc2d6ef8b0313e303f72f2237bbff04bd96e48037a028,1747
Block/WysiwygSetup.php,51a89d7031da41db7ee9d8ddf89b016267c5a8f911373d49ae37e28b7bcf8398,1773
Component/Form/Element/Wysiwyg.php,dbc4798cf0b47ff00e9ec2ead37d732fce870c3cd3c7cb220bb408bedbe17205,3398
Component/Form/HtmlCode.php,0c75b342b7ec8d56a0b23b03ff32803f373cd1811b05f5dda37b22542270f47c,2705
Component/GoogleMapsApiKeyValidationContainer.php,b9064d1ce199d72f636944d31c60bbcaaad0aa07830fcbb2c8df4b11bb671c83,2191
Controller/Adminhtml/ContentType/Block/Metadata.php,85bbde15d1060fbfebbf0049f2e628419e4d2bfb9c7e71d6e689e9099ce12ac4,1715
Controller/Adminhtml/ContentType/Image/Upload.php,a8b49faea795d10522b8416f30dc3bf20c643d31b72000c378c027e8e1a0bd0f,4034
Controller/Adminhtml/Form/Element/ProductConditions.php,a622909df18f2d352c65a4df6e7ec4239d5d80520b60959d4ac77e0b648ab728,2828
Controller/Adminhtml/Form/Element/ProductConditions/Child.php,7d21e694fb7cfd92f364f2e837539c9be98543f77570b9c622a83ca96275ee3b,2385
Controller/Adminhtml/Form/Element/ProductTotals.php,917d4376eb1ad8c0c17cd854ee1386093385e73c8f42321a7daee70d011169ef,1739
Controller/Adminhtml/GoogleMaps/ValidateApi.php,34d898add345e7979d889ef22cbb9eb422a85f8d48cda637391311fd3229b832,1443
Controller/Adminhtml/Stage/Preview.php,4c964f214e3394a47be94260a1bf04f1f47a1af37d0f26388e1184f6315f9fbd,2155
Controller/Adminhtml/Stage/Render.php,aa613a2ca88483505847045cdae683790fc931a86381cf49ccea5d32af3a3707,1187
Controller/Adminhtml/Template/Delete.php,da4d886f578d33109354c981fcf81a446b6951d3ee221b9d9af858bda528d528,2387
Controller/Adminhtml/Template/Index.php,be3f2f3f30203a638ddf2861c62518f12c048e94c5a7ff5ed6b724e0720576ef,2065
Controller/Adminhtml/Template/Save.php,a432b11bc77ffcd75117b7972110c03c113275b5f34fe3229956d43ac3ed4bcc,9169
Controller/ContentType/Preview.php,c8f34f99b1998418686663c1b124c7c3aea0d369bea8ee47f15672bdb614c280,2344
LICENSE_EE.txt,f459a0a68660ccc9b7809f73f7c6deb22e622603754a18e866496b59db020569,30634
Model/Catalog/ProductTotals.php,6e17ad5de090d19057103e02b33d085faa0ec346803e8c425e14c57b2118ec00,8519
Model/Catalog/Sorting.php,cf6c67ee1185deb9e09f6d827ff87172208dab3a51cb5cca8c82edd0f0d3d223,2350
Model/Catalog/Sorting/Factory.php,b9f216a7247b31f87a5642516c097f4b0930205f1318b290b950ecef500272ef,1229
Model/Catalog/Sorting/OptionInterface.php,148ce9b75fee1b0961954dd1f0d5e390e142e5a6b03b50a8409a35cf894856d6,840
Model/Catalog/Sorting/Options.php,f3d55439437e581dadb76bdc01c8a425bcb2c8423bea8aa86e4ea70651c510cc,974
Model/Catalog/Sorting/Price.php,efb895f35c1b5e6d9c324ee46aa374c03c5a524bd1c54f2269dd8383460fdf9b,1703
Model/Catalog/Sorting/SimpleOption.php,00ad1b4855b3de7292cebb5ab0258f9dde0532f9454b45a91066146041d37a56,1846
Model/Config.php,2e3f2b302ed3a96f7c679ed7261ed73fcbba9ddf907aeb11497df5df0df241bd,1756
Model/Config/CompositeReader.php,cf94aa637e1ad4b4d15caa835d7a61362ae8fe00739eb12227f8ca70e4b17d03,925
Model/Config/ContentType/AdditionalData/Parser.php,2bcf324ab8f639fa709da37a4253b5d052e0d860d9c950630e33e1cf9a00e958,1903
Model/Config/ContentType/AdditionalData/Provider/BlockDataUrl.php,8a9c014ead36b1be7a76439a9b4762360fd48e17b0880574008505990f543511,927
Model/Config/ContentType/AdditionalData/Provider/StoreId.php,0ada0d87e86dfff6c6a1f7ca28755d54cecece7aa5fe058d167492837b5ceee2,872
Model/Config/ContentType/AdditionalData/Provider/Uploader/MaxFileSize.php,dda3eda18cefd2ee57237d018a41e3fa1383d6deccda15065ac0350e4b99cc91,1399
Model/Config/ContentType/AdditionalData/Provider/Uploader/OpenDialogUrl.php,87d1e3cc5ad69c7529b0ab4defcdd12a51745b11963bc0c8d2ca1554fdfac214,1232
Model/Config/ContentType/AdditionalData/Provider/Uploader/SaveUrl.php,ba01aa8257a158347462af5453d56e40543f42890b2c8a23cacb8c6f84607838,920
Model/Config/ContentType/AdditionalData/Provider/Wysiwyg/Config.php,553e869bc14276af13916d7ed8a1f376cc5894618ec153434265eb2a8c7a8882,2127
Model/Config/ContentType/AdditionalData/ProviderInterface.php,b0edec4d24bb8c53071541abe950f64d8458f62ec3b0dbd77589f9bc0c7e033c,549
Model/Config/ContentType/Converter.php,a91966cc0130b5939f75fc2eabb3a7ec6898635b9c4ca506149ae327b57bd7ff,19747
Model/Config/ContentType/Reader.php,e5aaeb4413b97724e80a6638ed18e34246ee6f63acbf234898cf288e262e0ad6,2837
Model/Config/ContentType/SchemaLocator.php,ddf4983c582f3e3aab2e1677522b9368344d29aa929487faa992a13d12664666,1388
Model/Config/FileResolver.php,1b40ff852546a0a6b0e204656e0a74cf15e699dc4dad2128c6bf7b82b560fbc5,1578
Model/Config/MenuSection/Converter.php,6253f7a4c96bf3a488cd1dee55624f453f30977922812a1f38d63195bbbb823b,1535
Model/Config/MenuSection/Reader.php,f9a8cbcb69a7e271ea25d4b7a12a3e64e6d19af322e2d200f7968e070acc6ee0,1784
Model/Config/MenuSection/SchemaLocator.php,d581d22e12da35cf15b581075b052c18d5528410743323c69d908f4e986ecd0d,1448
Model/Config/Source/Country.php,57425f2b469055866799b63c7f4483df97446b5148f763243d5fa9f5f4c810dd,1224
Model/ConfigInterface.php,7eef2d21784a3118ed92f04ae7ee5b73ad59587a98066742852a8589f34c2c76,622
Model/ContentType/DataProvider.php,ffd7293414678c7f6af475fe79500884b50f1d2a340a493717cbabcf9f9a669e,532
Model/Dom/Adapter/AttrInterface.php,a6f4e6a153f44e18275cf42832eed6cfa0872d9df783044bb11ee0b93f87ae88,353
Model/Dom/Adapter/CharacterDataInterface.php,b7325b68b218ff75315e4f0d92f1906a0caf7224fc8f754ff0d23d081dfe6069,266
Model/Dom/Adapter/CommentInterface.php,540ef150239712eb8c7ed9def1c94e5a617ce1133e10a3be7fc5a8a6a314c933,254
Model/Dom/Adapter/DocumentFragmentInterface.php,42c74534d33bbf86d5901294a84c30b4da6b351f400db0beff0f947075b1a387,1023
Model/Dom/Adapter/DocumentInterface.php,91bf2f10084251e268f319928398033f4daf955ac29dd1897c489ac4862683e2,5403
Model/Dom/Adapter/DocumentTypeInterface.php,fbf8818c37f0518d9b6fb1ee9602f06b5888267244ff354038858f9c6a366bc6,264
Model/Dom/Adapter/ElementInterface.php,b19ef4e217ad6e120e6882f155332a6975e33270388206c2fe1e25d3742728a0,2566
Model/Dom/Adapter/HtmlCollectionInterface.php,e4ca5dbfe7b8037562781646f95f09ab5a779db2ad67f0b0c4f699945bb78ccb,2406
Model/Dom/Adapter/HtmlDocumentInterface.php,d8a9333784d79e3d4d77220dca91046ab1fb2b157dfa271afc7afad4a797cab6,511
Model/Dom/Adapter/NodeInterface.php,f35ec2b282a31c33677ce54567f71854abe95efe7bd2b3bbd49bead93aa9f0cd,248
Model/Dom/Adapter/NodeListInterface.php,fec695b029c9acf65bbc6394584e04dd597d350b4d0d9a44a6711c512c755544,2090
Model/Dom/Adapter/PropertyAttributeInterface.php,a5bf37853c6b9c04d6563e9f6a302c100bfe5bcd2945e00aa8b19e303210f6e8,274
Model/Dom/Adapter/StringMapInterface.php,efec0e10867f55dffae85938a1b3fbee99e757942c3fcf0bb0e2c633ef8e096c,1962
Model/Dom/Adapter/TextInterface.php,c48bf9e5ecf68acae246638cce4f2c7df3973562b92247115c886944438a202f,576
Model/Dom/Adapter/TokenListInterface.php,7c0e9cc9b00d284f1c76bdf9bda27c973f62ea687b73dc1d44fbfc8cf840eca3,1455
Model/Dom/Adapter/XmlDocumentInterface.php,e3bd484b0ebee87fd1739c6ae6ceae5fd2407fe5c493b27636d18dfb2164dfb3,262
Model/Dom/Attr.php,da06c47eae09113e5eda22ead932be9baef678674dfca1048b8b1d0e9bea874a,1041
Model/Dom/CharacterData.php,7f6ca2fb8af8750e33e82f4ac6f2750c1f4efb2f01ca20770a0ff14cef636a23,342
Model/Dom/Comment.php,cb1c18531c37855c1c2667d31df41d9f511230b9234de647395a3fafe0717ca6,318
Model/Dom/Document.php,db17721f0272ac5bce537640abe125a99aa49608bbf41b326ac9bc20ad750be5,4564
Model/Dom/DocumentFragment.php,ce6f3ec60597f1d5f45e096017e6051a1190b9af7b68d812a8df2d08223fc9f8,2062
Model/Dom/DocumentType.php,840dc91eaebe5d6b7e920ca647a129134371172e81d542bb8617529eacce109a,338
Model/Dom/Element.php,8c141c1c491538d278eb4ba37d96c7be103645c90baed81191f551bd03f2987a,3382
Model/Dom/HtmlCollection.php,23e46f7e5e7621409d19db30c5d3285c6c28d35d7144575e99de64a9184b98b8,3216
Model/Dom/HtmlDocument.php,2e87bcc628d86e0f8916dad202201cb851ce3083edcccc8e7f1e97de18ae847c,1248
Model/Dom/Node.php,0855f4c6eaaeceb17134cf171da810a45ebd9a80f54e298f29547b4fed502335,306
Model/Dom/NodeList.php,c4c9b19fc89614311a396c39dc103cf6ecf72a1e8094005bac82b9b437551755,2768
Model/Dom/PropertyAttribute.php,999b9dbaadfb847ef56602c8395ee623d8a41836344000d6a3735b3261b276b1,358
Model/Dom/StringMap.php,7e68cae47d8df5cc181d70921a0c97dd020d8eb217d76b3cb6daa532fc5839d8,2105
Model/Dom/Text.php,3d99de9a639a6d748055c532cf1bdd85cbe78739ef50b3498b4979249fa88473,1005
Model/Dom/TokenList.php,5ab84a3d0866cb835f3ce47fdbe1d7ce72d28b9678391db6d586f4b835d885b2,1760
Model/Dom/XmlDocument.php,59aa241ea252ac55d504eb7d04dd9d465c5ef71961324a9973c951e541ecf9f3,869
Model/Filter/Template.php,c69b6ad9ada28c15bdc62af126045c5861edcaed253340bacec8c8ae93ef1ec9,11992
Model/GoogleMaps/ApiKeyValidator.php,532d60553804a9e4d5aea5d53652518062141bc831ddae1cfc159162065b54ab,961
Model/ResourceModel/Template.php,b8056a6fefb7c29503cc015cf56735ea89c272a340bbfc9c734a233375b95b94,560
Model/ResourceModel/Template/Collection.php,0a0a17b82019558858e7c36e37d5c27d4a7e01e610055653c5ca432324e5420b,682
Model/ResourceModel/Template/Grid/Collection.php,3a37a5af282f09c4f4209e7f0c2ae7589485c8ba326f481b8affbd6b9363881c,3922
Model/Source/VisualSelect.php,69c51497b16d50a09efb95ad0c0dd517bb934f04c26663e24daf1b1868464432,1691
Model/Stage/Config.php,8733217570e863e61deadbffca044db7057305b694f3a0fd38bc1ccef657d5de,14082
Model/Stage/Config/UiComponentConfig.php,a2b989c5ed16da7635add46fbd1bc103b6d986312b6c098552550d34ed55bf2d,3941
Model/Stage/HtmlFilter.php,ba87424b62127f23413206e6a46aadbcf662b1adbac334abe017ac4db8e4d9d4,2912
Model/Stage/Preview.php,96989047a2e70442374774027f4040058b33f04c1102bb77b9046ca1c1e8dbbe,3746
Model/Stage/Renderer/Block.php,2d144f6e837b8b025d0b3047fb7990d70e48fafd07ec32657997c6f85f6e58de,2709
Model/Stage/Renderer/CmsStaticBlock.php,f4eb1b0b00d5fe5d73acf426f9809f7f42df54891112041c36490ecab2c5c40d,3386
Model/Stage/Renderer/WidgetDirective.php,e56f9370eeaab087ee54f137e2cd0a83449af136156c500d9a6a1cb495081c00,2190
Model/Stage/RendererInterface.php,e1af391efb452f7b85bb6a75a1d0aa4530c13d437d1ffad20fd1b86a5b06e072,489
Model/Stage/RendererPool.php,defba55359a22280b4295e4a793c6910b4bca2f8788f8636b3b0b664c6737272,869
Model/State.php,c9048c9d0ee4e8a2246d01515378b8fd78f7e54a83d662502db1094f371d34d1,746
Model/Template.php,be21a4390e50bc979cfcf696d7e416cd8a304ee22bb2c3bcc346b26890cc28e7,3505
Model/Template/Source/TemplateTypes.php,0879b3b163cf2953c951fe7c36809ce25f0f65f020b2bfb8f2d8be2d477d4aea,931
Model/TemplateRepository.php,e8172b52d6a89cebab44717782de0641250d5e9a3c5efe54de8d0b8bce66e93e,5486
Model/UpgradableEntitiesPool.php,aa3e572374989b88876b6ffeca0b816eea112bae5809a8351e5d30e0ff1e6d85,582
Model/View/File/Collector/PageBuilder.php,57b5ba4d7fe526e5bc7ceb360ae3f381ffcfad261c9964e62380ab676ac6725a,2027
Model/WidgetInitializerConfig.php,db344e87cb6663386808b50590f697ca9223b46dfdf67d272ba6455074908fe0,2029
Model/Wysiwyg/DefaultConfigProvider.php,d411fcd35ae3a5be17071ad4688a9a70fac30b7bcc5951409e555abb60849288,2713
Model/Wysiwyg/InlineEditingSupportedAdapterList.php,1f34f1933d2f9cb013acc909ffa71cf54848129b201ae337517c0c972925d920,1273
Observer/ClearModalDismissedCookie.php,51cd944ea955ec07f170132de29241e01e9d6b70ceb8e608291d18b6460d4b8d,2524
Plugin/Catalog/Block/Product/ProductsListPlugin.php,a36097d91828aa8b9fd4d156bdb7944cd67e6b546f093cb562ba05b7c21138b4,3585
Plugin/Catalog/Model/Product/Attribute/RepositoryPlugin.php,7c3d176827cabffad826879c97ffd31c3c253bf440690dd9bb50cd8dbd893798,2351
Plugin/DesignLoader.php,e8c0fea7af6bc8651eec142fb86edd3f8b91a13c81e4722b8f3e9552f4874102,2775
Plugin/Filter/CustomVarTemplate.php,0e62e8697edb0423311f6a11a6b40d989df6f0362cdc777b6fc9245a2e3d9993,1368
Plugin/Filter/TemplatePlugin.php,1e0a0041897138d6092bb7e17b51b8f2c6d0a940991575a1adf0cbe76bf0e720,1233
Plugin/Framework/Session/SidResolver.php,3904d28830d2910e6636b2e7e70f2cbafa4719cb414f444e54c1ed6cd592a930,1234
Plugin/Model/Eav/Adminhtml/System/Config/Source/InputtypePlugin.php,3db376a8389194387485af17185e9a844e6b271ca05b9debfdc24e31dc72541e,1955
Plugin/Model/Eav/Attribute/PresentationPlugin.php,ddbdb8f9bf66110a220ed7b1c6d18c995f2b5a8bfd2287d047f0693d3765055a,2197
Plugin/Result/Page.php,d956182360bcbf781b8ad939a7ba80214ab0f1d661342c57215e79e1d8ab0835,1071
README.md,6c2cd9da44d0e6d621d09685cb0c2db19a4a468f10a6230fa39abc5dc82262cd,1881
Setup/Patch/Data/UpdateProductAttribute.php,484b634ee12717f215e6fce95c437553231c27df4f94fa05eb4e78c7304a8cd2,1796
Setup/UpgradeContentHelper.php,0630ed07c1dd4380e7c992449d63f45472841abae0a751f1b8cf14f820605b84,3262
Test/Mftf/ActionGroup/AdminActionGroup/AddPageBuilderPageTitleActionGroup.xml,51c600690a7ab23105af0a5ad3ebcc678495439ff170ecf4f35c630ab683c2b6,635
Test/Mftf/ActionGroup/AdminActionGroup/NavigateToAPageWithPageBuilderActionGroup.xml,0def7fe54ab2806ab6203382a4fb11ef43f1e30a6f58ca335a7fc9896d000513,588
Test/Mftf/ActionGroup/AdminActionGroup/NavigateToCMSPageActionGroup.xml,abf5c3f7df0ebbb227b77d792c41d8cd8e04e85b6ca715b80cc6100e5e2d2e4b,2294
Test/Mftf/ActionGroup/AdminActionGroup/SwitchToPageBuilderStageActionGroup.xml,8134772c6239d0c653c8a61d1d1589b0d2a084ce933a700ff45d45c737d576b4,1390
Test/Mftf/ActionGroup/AdminActionGroup/VerifyFullWidthLayoutActionGroup.xml,9996b7749f5cf108ec3602861f306e9e83b6a0ab5b6f810fb5a8fadf6389a964,1184
Test/Mftf/ActionGroup/AdminActionGroup/VerifyPageBuilderNotVisibleOnPageActionGroup.xml,b7bd9b3e55c30a77eca021a520d747a66921a3d588264324532e7db2c14b6fa9,585
Test/Mftf/ActionGroup/AdminActionGroup/VerifyPageBuilderVisibleOnPageActionGroup.xml,28ccac60ddca09d3dc1e9411b2ad4bdaa7aef17004987c5e144f122a291df672,596
Test/Mftf/ActionGroup/AdminActionGroup/VerifyPageBuilderVisibleOnStagingActionGroup.xml,69c6cd6acfd612e274e94fce33783537e188c40927c2bd5f20a73a2efe3a5bd2,707
Test/Mftf/ActionGroup/AdminDisableWYSIWYGActionGroup.xml,333fad8c9e8a149221e4a8360174540963b563196e689375aa2e248e238fa1a9,504
Test/Mftf/ActionGroup/AdminEnableWYSIWYGActionGroup.xml,51d6312de04f0b3ef820bdf07eef4dcf56f325f8e1634aedacd891641734e39a,502
Test/Mftf/ActionGroup/AdvancedConfigurationActionGroup/ClearSlideOutPanelFieldMarginsActionGroup.xml,0a31b8ef7095f8a94b1b897816ecd9d6ee24aa809e2fa4151a6eb7fa4699350a,1190
Test/Mftf/ActionGroup/AdvancedConfigurationActionGroup/ClearSlideOutPanelFieldMarginsAndPaddingActionGroup.xml,0cd66b12249a1eb3f2a71aec05b2c6f6195bbd8a37f5fed6165b7c49878d3f06,1882
Test/Mftf/ActionGroup/AdvancedConfigurationActionGroup/ClearSlideOutPanelFieldPaddingActionGroup.xml,fd09bf82d4e6ed8331585788eefce5913af6988bd7c4c67ef188e4bf23c600db,1198
Test/Mftf/ActionGroup/AdvancedConfigurationActionGroup/FillSlideOutPanelFieldMarginsActionGroup.xml,72cb5eca26ad9f475a2d3e87af9788f47d169816cdc2ebe350f9f95e0e3f2a7a,1334
Test/Mftf/ActionGroup/AdvancedConfigurationActionGroup/FillSlideOutPanelFieldMarginsAndPaddingActionGroup.xml,0a839b10cc6f1c1df048cffda8062985fced870871b51ab4cfd8811eb4959519,2161
Test/Mftf/ActionGroup/AdvancedConfigurationActionGroup/FillSlideOutPanelFieldPaddingActionGroup.xml,22c24f004d8886a7a2fe1b05df2aa0d25a306ee59e7f21eb67589df57ef70913,1346
Test/Mftf/ActionGroup/AdvancedConfigurationActionGroup/FillSlideOutPanelSingleFieldMarginsOrPaddingActionGroup.xml,98a0c758fa27f420bddab3d4f98a273492917af509e1a33c3aedd41478492f8a,808
Test/Mftf/ActionGroup/AdvancedConfigurationActionGroup/SeeInMarginFieldsSlideOutPanelActionGroup.xml,b8fef0c08b21e59e87b9080229311c1772ece2e3704e9242f7d9b853bfe2a79c,1183
Test/Mftf/ActionGroup/AdvancedConfigurationActionGroup/SeeInMarginsAndPaddingFieldSlideOutPanelActionGroup.xml,9b9c64a0ea7d2aa51d7bd7cf5e6b70049523e5ddb21e18640a869f9b79b949b7,1755
Test/Mftf/ActionGroup/AdvancedConfigurationActionGroup/SeeInPaddingFieldsSlideOutPanelActionGroup.xml,bff4705b8dbe4509d9ef3b3f113f4be2c1f164af9249072d5fb96c2dd3b6cec7,1196
Test/Mftf/ActionGroup/AdvancedConfigurationActionGroup/ValidateAdvancedConfigurationNotesActionGroup.xml,464196e810be92586ac378ca74d9f909776638fcff1e949175d8df26523a2d14,778
Test/Mftf/ActionGroup/AdvancedConfigurationActionGroup/ValidateAdvancedStyleWithAlignmentActionGroup.xml,8504d412fe8733a7551b0c69b96bf2493eb1d50b5ad0eb3799157d83c486eb89,2166
Test/Mftf/ActionGroup/AdvancedConfigurationActionGroup/ValidateAdvancedStyleWithAllUpdatedActionGroup.xml,864c80a298051711c6f739adef312f69fdf8f81e7b6a64d03eba36cfcd938b89,2315
Test/Mftf/ActionGroup/AdvancedConfigurationActionGroup/ValidateAdvancedStyleWithAllUpdatedNotVisibleActionGroup.xml,3e25b4b0066cecdffe49befaf2d4d901537353cab561ae107a140dc51a2fa154,3137
Test/Mftf/ActionGroup/AdvancedConfigurationActionGroup/ValidateAdvancedStyleWithBorderColorActionGroup.xml,c51d38df28fa25fe7b55ed492c683027c2a88ca436e1a50ffa20c31211fbd991,2127
Test/Mftf/ActionGroup/AdvancedConfigurationActionGroup/ValidateAdvancedStyleWithCssClassesActionGroup.xml,f0d0346369e4bf744401dd4c9cf180167595e96d1ce0f6ca32dc93112601850f,2126
Test/Mftf/ActionGroup/AdvancedConfigurationActionGroup/ValidateAdvancedStyleWithNoAlignmentActionGroup.xml,d4fdc8f0cd5bbb6cb109d6c3cc0e263d71130a8dc6f8e086110f0739a10a8783,2053
Test/Mftf/ActionGroup/AdvancedConfigurationActionGroup/ValidateAdvancedStyleWithNoAlignmentEmptyBorderRadiusActionGroup.xml,2e027a6d717e944d0d9474ec608ba02652ec335f859abeb5ab957b5348e6df4a,1946
Test/Mftf/ActionGroup/AdvancedConfigurationActionGroup/ValidateAdvancedStyleWithNoAlignmentNotVisibleActionGroup.xml,ae9f731b09ee9f44826d8d509b6231b36a0787dda8322c5d793499daeb30107d,2829
Test/Mftf/ActionGroup/AdvancedConfigurationActionGroup/ValidateAdvancedStyleWithNoBorderActionGroup.xml,45726390750f1fa762e1c1bd4d420bfe9d4f30c3e92b289e4e1d53cfeca413e5,1837
Test/Mftf/ActionGroup/AdvancedConfigurationActionGroup/ValidateAdvancedStyleWithNoBorderRadiusActionGroup.xml,b74486164c7dd31ea0c76d7d472e0a8d31c5ba79c513d98eaa3cb39b9891d07c,1932
Test/Mftf/ActionGroup/AdvancedConfigurationActionGroup/ValidateAdvancedStyleWithNoBorderWidthActionGroup.xml,a0e00b4a83073886025f3e2d405e9b7ee9ea771505c613a63bb19ecdda842ca3,1934
Test/Mftf/ActionGroup/AdvancedConfigurationActionGroup/ValidateAdvancedStyleWithNoConfigurationActionGroup.xml,e780ccec3908acf395a54b253a4800c6f57f1bde0b426194b3e61c03db4c2ebc,1509
Test/Mftf/ActionGroup/AdvancedConfigurationActionGroup/ValidateAdvancedStyleWithNoMarginsActionGroup.xml,7b3492c3af4dad01b671848324361cfe4f3362e90ae151499700aee6b8d383e5,1952
Test/Mftf/ActionGroup/AdvancedConfigurationActionGroup/ValidateAdvancedStyleWithNoPaddingActionGroup.xml,fd4f75ce6fb9cb44bed29145a2a1c96b94c45393920a2ef33724b8c72fc481b7,1950
Test/Mftf/ActionGroup/AdvancedConfigurationActionGroup/ValidateMarginsAndPaddingPlaceholderTextSlideOutPanelActionGroup.xml,e181f1a6962fd3701e38e7fff1c0ec59e99cd2c3982ed2b8327ae24dd30f034a,2107
Test/Mftf/ActionGroup/AdvancedConfigurationActionGroup/ValidateMarginsOrPaddingErrorActionGroup.xml,2babe532e4de55b946e73301d43f63f7a61f96a8e09aae76d704e8ed80eee507,925
Test/Mftf/ActionGroup/AdvancedConfigurationActionGroup/ValidateTextAlignmentActionGroup.xml,acb372fafb893108829a817da4149fa79a0d67712dba63e981025dc75fa718fc,749
Test/Mftf/ActionGroup/BackgroundConfigurationActionGroup/ValidateBackgroundAttributesActionGroup.xml,5313ba5c65f4c0ddb92266eba957bc40224421482003e498488e09864c4847c5,2056
Test/Mftf/ActionGroup/BackgroundConfigurationActionGroup/ValidateBackgroundAttributesWithNoColorActionGroup.xml,7e287a3bdeddc639a825cc972a8cb0ed6a99f393771b77fa68be53ba3da183bb,2012
Test/Mftf/ActionGroup/BackgroundConfigurationActionGroup/ValidateBackgroundAttributesWithNoImageActionGroup.xml,d0982b67ba7dbccae4da66d589f050dcf850c18e56369536363840a743c1db8f,1893
Test/Mftf/ActionGroup/BackgroundConfigurationActionGroup/ValidateBackgroundAttributesWithNoImageOrColorActionGroup.xml,d5bb7db9a5d38330902b584c7af4fee216675cf56311af27e565ce145a075ce1,1955
Test/Mftf/ActionGroup/BackgroundConfigurationActionGroup/ValidateBackgroundImageActionGroup.xml,afc3742c402c95f2c30c46cecf0d4706154ee48b9d17e7d2bbdc2292de7c9ed3,1856
Test/Mftf/ActionGroup/BackgroundConfigurationActionGroup/ValidateBackgroundImageContainerActionGroup.xml,2aa297b6dfcaddef08838924835383823d0da4f9bcf0d4172e22d4343a2c7520,1813
Test/Mftf/ActionGroup/BackgroundConfigurationActionGroup/ValidateBackgroundMobileImageActionGroup.xml,17826f2ab5b76de58cdf2192e8f5c279affa94f22aa1ba7a4c3b8f66c3c05439,2409
Test/Mftf/ActionGroup/BackgroundConfigurationActionGroup/ValidateFallbackImageAfterVideoFinishesPlayingInVideoBackgroundActionGroup.xml,fd4fc84eb4daefe5e01fb67141fccc8b3923ae57dc22531d8459cce31aa2c6e6,2249
Test/Mftf/ActionGroup/BackgroundConfigurationActionGroup/ValidateFallbackImageInVideoBackgroundWithInvalidVideoActionGroup.xml,e9f07d02d18667df6594b23bf62300d8a9c2eb37462a216a1636be0e109da932,2243
Test/Mftf/ActionGroup/BackgroundConfigurationActionGroup/ValidateInvalidVideoBackgroundAndNoFallbackImageActionGroup.xml,586d217067d202c97af64062c917ec8d9334d37fac6566020fbbadf291262600,1323
Test/Mftf/ActionGroup/BackgroundConfigurationActionGroup/ValidateMobileBackgroundAttributesActionGroup.xml,0a52eb7bcea3d23ed583527ab0412e634414f938bf674dceec03adb4f96b1886,1973
Test/Mftf/ActionGroup/BackgroundConfigurationActionGroup/ValidateMobileBackgroundAttributesWithNoImageOrColorActionGroup.xml,625894513aee3ff69891ec90159cfd4cb3dc264aa0d983f4137b7422ae138900,2051
Test/Mftf/ActionGroup/BackgroundConfigurationActionGroup/ValidateNoBackgroundImageActionGroup.xml,d4cc75d0c24cee5fc734094827cb178e549eada188557277eeb8dca6778946c0,1132
Test/Mftf/ActionGroup/BackgroundConfigurationActionGroup/ValidateParallaxVideoBackgroundWithAllAttributesActionGroup.xml,cdf872ac28e16b319f072fa061c8f2ebca6f65c18d096becc2dd1cf97099876f,1205
Test/Mftf/ActionGroup/BackgroundConfigurationActionGroup/ValidateVideoAspectRatioActionGroup.xml,b763d3fe5060b70141219a78f5b73776703ae58adfd6b3e6e7a1154fa5641d05,2026
Test/Mftf/ActionGroup/BackgroundConfigurationActionGroup/ValidateVideoBackgroundFinishedPlayingActionGroup.xml,ed9c6403d9a7b67858cd914f6fe9f596e80e69e07b907cfb9bdde60c96e1e880,864
Test/Mftf/ActionGroup/BackgroundConfigurationActionGroup/ValidateVideoBackgroundFinishedPlayingBeforeViewingActionGroup.xml,796dcc31f65efca51b07b72a92c8bda8574192824d69852ffdfdc92b44326196,1167
Test/Mftf/ActionGroup/BackgroundConfigurationActionGroup/ValidateVideoBackgroundLoadedActionGroup.xml,46432f783364616971086266324e9aa9cfd4b1b04c79ba05fc6dae20459ef304,990
Test/Mftf/ActionGroup/BackgroundConfigurationActionGroup/ValidateVideoBackgroundLoadedButNotPlayingActionGroup.xml,bc424ac77e99c832435dfe0e5b199e5b714e9fe0a70c157f7e0447a62b832738,867
Test/Mftf/ActionGroup/BackgroundConfigurationActionGroup/ValidateVideoBackgroundLoadedButNotPlayingForNotVisibleElementActionGroup.xml,43826bda1a0594ceac016190f23b526e0874c750be870551e61bb9210b0e8f48,1036
Test/Mftf/ActionGroup/BackgroundConfigurationActionGroup/ValidateVideoBackgroundNotLoadedActionGroup.xml,273b8c0a73f0cbcdc7d74b257d522d37d117d17a6a1db6a8b01774ff07f750b6,695
Test/Mftf/ActionGroup/BackgroundConfigurationActionGroup/ValidateVideoBackgroundPlayingActionGroup.xml,fbd221390679e16d0aa15ad93d33277a6053c22a2470bfad6ce7cb6c39223f30,2107
Test/Mftf/ActionGroup/BackgroundConfigurationActionGroup/ValidateVideoBackgroundWithAllAttributesActionGroup.xml,64ea50e6d6977842cc18ce91fc7ae2b7cbee6122fbb6e0a7eba675de25ebe0e4,6403
Test/Mftf/ActionGroup/BackgroundConfigurationActionGroup/ValidateVideoBackgroundWithOnlyVideoUrlActionGroup.xml,da1559809477fbf9695dab7081dff46d30b7e441f3adb7a5adfe53a9be5c9fec,4164
Test/Mftf/ActionGroup/CatalogProductActionGroup/ExpandAdminCategorySectionActionGroup.xml,709734c42ce96d417ba0032ea2c401682d524749ffb4610d2ecc177f7315d6ff,1083
Test/Mftf/ActionGroup/CatalogProductActionGroup/OpenPageBuilderForAttributeActionGroup.xml,441d555f79d94155cb958b54fe51b76939b9dac929703f0f77ebb332d14172ec,1198
Test/Mftf/ActionGroup/CatalogProductActionGroup/SaveCatalogCategoryActionGroup.xml,fa67aada1d4c36a204fc69e84eb0aa5632faf3ab82e9d185a1eb3ea67da3fdc8,696
Test/Mftf/ActionGroup/ContentTypeBlockActionGroup/SearchBlockInGridActionGroup.xml,541e295133ded793e825f54a172ede98c805c68916c8d6e378d07915c25b8494,1504
Test/Mftf/ActionGroup/ContentTypeBlockActionGroup/VerifyAlignmentRightInBlockActionGroup.xml,6440e8ebda1c566f96e9468ad1cdf2c753c2dfe59bb463d2746a4699374fb6d3,2366
Test/Mftf/ActionGroup/ContentTypeBlockActionGroup/VerifyBlockOnStageActionGroup.xml,e0304397a1c701403800dcf6b5d00aa84d7cc80c339fd37bef9820e4413817af,1068
Test/Mftf/ActionGroup/ContentTypeBlockActionGroup/VerifyVerticalAlignmentBottomInBlockActionGroup.xml,359778826d4eeef0ff16c4c1ba62c21612e03de2ad39d88b31a8910fea13b03a,2064
Test/Mftf/ActionGroup/ContentTypeBlockActionGroup/VerifyVerticalAlignmentCenterInBlockActionGroup.xml,39516c17f814187ec98b2dc2777434307e1b96410651da4b49d5a4562162793f,1541
Test/Mftf/ActionGroup/ContentTypeButtonActionGroup/InlineEditButtonActionGroup.xml,41a1e80eec9fc51564699e662738db0843f40988152f6998eaa6a5b2cfbd5bf8,1362
Test/Mftf/ActionGroup/ContentTypeButtonActionGroup/MoveButtonActionGroup.xml,00d7941f5caec8ea25e437f00d000c023710d604bcc78d8c5cff7c36f665daa3,1677
Test/Mftf/ActionGroup/ContentTypeButtonActionGroup/ValidateButtonGroupInlineAppearanceActionGroup.xml,ca554488b0d48a4553458455de1b49db0e3a0e027020cba7d8e191601aeade6e,2381
Test/Mftf/ActionGroup/ContentTypeButtonActionGroup/ValidateButtonGroupInlineAppearanceWrapsActionGroup.xml,515038bd30f80cd6c7269cb712475635ec73b3ed369f30ae3e8c38487e30970f,2415
Test/Mftf/ActionGroup/ContentTypeButtonActionGroup/ValidateButtonGroupStackedAppearanceActionGroup.xml,6c27e664008902c9324c4bb51236e3603f2ec402df2b1e93705eff2879a57c16,2384
Test/Mftf/ActionGroup/ContentTypeButtonActionGroup/ValidateButtonItemContentActionGroup.xml,97b56326184a2bd236cddf84e61a0f3b8744066ddf0a728d18317e88766455f9,1514
Test/Mftf/ActionGroup/ContentTypeButtonActionGroup/ValidateButtonItemsDefaultMarginActionGroup.xml,1aede5ac45106b61ef961b4f8f30c0b4356b8bfc5283cb6c351ab46b28a2cba2,1068
Test/Mftf/ActionGroup/ContentTypeButtonActionGroup/ValidateButtonItemsDifferentSizesActionGroup.xml,5c4c139514068e987e839d02296157db843093e9aedbf5b06a8ea5d55f724aab,910
Test/Mftf/ActionGroup/ContentTypeButtonActionGroup/ValidateButtonItemsSameSizeActionGroup.xml,583184b116e5d30bc4d29f4ffbb53cd2cf47a9997d964fe375f5acb6fdee1c68,2160
Test/Mftf/ActionGroup/ContentTypeColumnActionGroup/CloseGridSizeFormActionGroup.xml,a263bd622171d0e607a4fcd4d5689f0f4fc282d03723556481e088e88e36d5dd,745
Test/Mftf/ActionGroup/ContentTypeColumnActionGroup/DragColumnToAnotherColumnGroupActionGroup.xml,ee6b51d788fa42a173de53b9c5f61039fc9549e66aa0d1d835f2a78c01c545d5,1834
Test/Mftf/ActionGroup/ContentTypeColumnActionGroup/OpenGridSizeFormActionGroup.xml,c65edc5315849fb2ae3594f910b353de7fd9fd6a45d7a4b826edbf5459691e43,880
Test/Mftf/ActionGroup/ContentTypeColumnActionGroup/UpdateGridSizeActionGroup.xml,2e62b91ca7d889a3d67f472a0fbf4599e256cdacfac18ac8b3af7d7433cbaf8d,1413
Test/Mftf/ActionGroup/ContentTypeColumnActionGroup/UpdateGridSizeInvalidActionGroup.xml,21919329d7acd4e81172361c7ee9d9c0169fe694f92995f20dd62babb4df139d,990
Test/Mftf/ActionGroup/ContentTypeColumnActionGroup/ValidateColumnAppearanceBottomAlignedActionGroup.xml,5565acbc2fb94c39bbb69bc7955e81ee64401970fe021c7cf30fc6751e5ed425,1028
Test/Mftf/ActionGroup/ContentTypeColumnActionGroup/ValidateColumnAppearanceCenterAlignedActionGroup.xml,8defb2e717bae19118ec8f1c87c1848ecca1e25cb012524be325a075d7a7b49e,1238
Test/Mftf/ActionGroup/ContentTypeColumnActionGroup/ValidateColumnAppearanceFullHeightActionGroup.xml,4a6d1e098eca5b4033da1ea07eb418a12a794fc0a1dd2020778cc1f7a85331db,1893
Test/Mftf/ActionGroup/ContentTypeColumnActionGroup/ValidateColumnAppearanceTopAlignedActionGroup.xml,acc5689593c8bc4543100329aff93673fe868874938aebf06ea4178b43139e38,2621
Test/Mftf/ActionGroup/ContentTypeDividerActionGroup/ValidateDividerActionGroup.xml,cf3d0570e41b4b67b5da0e5c972143c9e9c402159d5e7b684c487a0ab13a6257,1244
Test/Mftf/ActionGroup/ContentTypeDividerActionGroup/ValidateDividerWidthPercentageActionGroup.xml,915c4b597096ff1cd1b9aa76a4f476901ddbefba953d9eccc0ef713359628ef5,1810
Test/Mftf/ActionGroup/ContentTypeDividerActionGroup/ValidateDividerWithoutColorActionGroup.xml,c8d1f78d7a20063574f7e8ba214b98c4199da7f17a11ac202b1bd861f3e80ffb,1159
Test/Mftf/ActionGroup/ContentTypeDividerActionGroup/ValidateDividerWithoutThicknessActionGroup.xml,37a13f890557c8c3964610977609dee2ada0f9d4be688d45d203ea00038c1e96,1149
Test/Mftf/ActionGroup/ContentTypeDividerActionGroup/ValidateDividerWithoutWidthActionGroup.xml,ba5a4db9d405f1eec7fdd8b57bc4133a541e97b63e8484eb25299ed5ca1cc1c3,1157
Test/Mftf/ActionGroup/ContentTypeHeadingActionGroup/ClickInsideLiveEditHeadingActionGroup.xml,b05d3db5aee8cbefbefeeee69b848d121ad125742285aa70fec23cceea351c71,1534
Test/Mftf/ActionGroup/ContentTypeHeadingActionGroup/ClickOutsideLiveEditHeadingActionGroup.xml,7894ca2d8e52ab67f5f2b1b664e727d91efb32543ca64253f65ea0bae6670c43,1454
Test/Mftf/ActionGroup/ContentTypeHeadingActionGroup/EnterHeadingOnStageActionGroup.xml,d7f1948e54b48612fa3abb6e4434bd0e8a95438b733ed85a64cca19f8a6179d5,1821
Test/Mftf/ActionGroup/ContentTypeHeadingActionGroup/VerifyHeadingAdvancedConfigurationWithAllUpdatedActionGroup.xml,befa279463bc45eb940ac1c514957d5c33c4951bb12fd475dc89f873796bdcf2,2604
Test/Mftf/ActionGroup/ContentTypeHeadingActionGroup/VerifyHeadingDefaultAdvancedConfigurationActionGroup.xml,8a6b965caf19bd6d1c5d4682440b6216971511c048e1dd42999dbb4eed95dd2c,2134
Test/Mftf/ActionGroup/ContentTypeHeadingActionGroup/VerifyHeadingDefaultAdvancedConfigurationNotVisibleActionGroup.xml,04942227760e09aa9df3c6e0b5d137b43e204cbd98ec4c493b3550efc94db4b0,3065
Test/Mftf/ActionGroup/ContentTypeHeadingActionGroup/VerifyHeadingInStageActionGroup.xml,929f11a39e3b219bbd934092046913eb2fbc2ed161a8d6c70543cc69d4b905ec,1003
Test/Mftf/ActionGroup/ContentTypeHeadingActionGroup/VerifyHeadingInStageWithAlignmentActionGroup.xml,f76c40603ca9df90745560ffecca93055d31fb99aac980190c5fcd143d9b04ee,1263
Test/Mftf/ActionGroup/ContentTypeHeadingActionGroup/VerifyHeadingInStorefrontActionGroup.xml,f6d7e60514dba3c5e45753325b9ddf944f25e78627a47d3a744d311f19994f8e,1040
Test/Mftf/ActionGroup/ContentTypeHeadingActionGroup/VerifyHeadingInStorefrontWithAlignmentActionGroup.xml,44368e5d5f87ccb045269b7814ecab95b6af4bab662f25c563b372e221c1819a,1305
Test/Mftf/ActionGroup/ContentTypeHtmlActionGroup/AddPageLinkWidgetToHtmlCodeWYSIWYGDisabledActionGroup.xml,95a8148d026e114f133afc655706a941aca67de21903927cf498157c2fb6224e,1529
Test/Mftf/ActionGroup/ContentTypeHtmlActionGroup/AddVariableToHtmlCodeWYSIWYGDisabledActionGroup.xml,708ecdaa150058547c75dc65276c3667995cfaeb2be8cbfdde939033fd499bcc,1970
Test/Mftf/ActionGroup/ContentTypeHtmlActionGroup/ClickHtmlInsertImageButtonActionGroup.xml,c8d460cc0c57bd87da55c0c064e9ee39bf0b498229c5206a7962be4e0be01a98,886
Test/Mftf/ActionGroup/ContentTypeImageActionGroup/AddImageToStageActionGroup.xml,d0e312414cd2433d0e7e398596eff0a71af260ca7e963560a9b943f47ed91870,1016
Test/Mftf/ActionGroup/ContentTypeImageActionGroup/AdminAddImageCMSBlockActionGroup.xml,675d6755a0414ecfa7b291d0b2fb0e1459dbde2c45287a48642b061a96a80eee,674
Test/Mftf/ActionGroup/ContentTypeImageActionGroup/ValidateImageActionGroup.xml,85cab6e3de5dfa031f85fd94661669286dd306c92d91ccb27948b2c7c1e98a01,1978
Test/Mftf/ActionGroup/ContentTypeImageActionGroup/VerifyImageOnSlideoutActionGroup.xml,52fae629935c47759c591f255daba62fbe71c93beb636a7b0f4f6d6812bb23fc,835
Test/Mftf/ActionGroup/ContentTypeMapActionGroup/ClickAddLocationButtonActionGroup.xml,31e24a785258eac67dacc4b9bb2b8483037764c702b06e126ac15c8a39461576,1550
Test/Mftf/ActionGroup/ContentTypeMapActionGroup/ClickEditButtonOnLocationGridActionGroup.xml,fb18b89973bb91a3cec578432d79533602f7adfdf5183eb075bf1c5e626ad915,1990
Test/Mftf/ActionGroup/ContentTypeMapActionGroup/ClickLocationGridRowActionGroup.xml,d7fc5e6c36376689e6b941e3a1800c3551c7aaee2877a1fe2fff7866319b7498,1739
Test/Mftf/ActionGroup/ContentTypeMapActionGroup/ClickMapToAddOrMovePinActionGroup.xml,79c62040a93011790b1c4c492715055fcdbcb30283271f34c6beecd7f3684b07,1460
Test/Mftf/ActionGroup/ContentTypeMapActionGroup/CloseLocationFormActionGroup.xml,6aa9fc838501da9eb8f64a7a27c1e1e1bbd56531178694ab189a7791de391da2,924
Test/Mftf/ActionGroup/ContentTypeMapActionGroup/CloseMapPinTooltipWindowActionGroup.xml,6c256d666cda34926ae83254fe9dc17035f74327ae48d09f984bf1e33578fc51,1000
Test/Mftf/ActionGroup/ContentTypeMapActionGroup/DeleteLocationFromGridActionGroup.xml,ebc65349754f718d5c29a6f6d2ee3c2159f4f7b7a8060124e3c253d522ef0d50,1443
Test/Mftf/ActionGroup/ContentTypeMapActionGroup/DontSeeMapPinActionGroup.xml,dcee9a3ad999e23c3b88fcb150089d6326c5c5117d6545abf4db9262b43fe1a1,1125
Test/Mftf/ActionGroup/ContentTypeMapActionGroup/MoveMapPinByDraggingAndDroppingPinActionGroup.xml,7f44c53f0ad08edd84ea3f1335a7f68264c2c9b9b051d7b97656c4bfa3130491,1427
Test/Mftf/ActionGroup/ContentTypeMapActionGroup/OpenMapPinTooltipWindowActionGroup.xml,a1ae2cc6a90a31004d4e29147e2312f74ef2180a3cf7e2cacdb78273fab01ecd,1506
Test/Mftf/ActionGroup/ContentTypeMapActionGroup/SaveLocationFormActionGroup.xml,f9d8ddfd1eb34a329d866f6c91a6c6bc73c6a195b3c18c0f80c8fd667ffa1380,918
Test/Mftf/ActionGroup/ContentTypeMapActionGroup/ValidateAdvancedStyleWithAllUpdatedMapWithErrorOverlayActionGroup.xml,cd1606ebb35f67c3e5a2979cc96f2fd6476db110d2a9cecee235c22bf5897790,576
Test/Mftf/ActionGroup/ContentTypeMapActionGroup/ValidateAdvancedStyleWithNoAlignmentMapWithErrorOverlayActionGroup.xml,f760c20862a1256b0fb97d0cf1c90e1dee77888f551c53f0eb1a9a5e0bc8d2e4,578
Test/Mftf/ActionGroup/ContentTypeMapActionGroup/ValidateEmptyMapStoreFrontActionGroup.xml,57aa5a2ee1ad896d68916adaee182ff90044ad2085005b2e0b84cdb9fb8ec645,1191
Test/Mftf/ActionGroup/ContentTypeMapActionGroup/ValidateLocationGridDataActionGroup.xml,e5f2387a9bfc33404dbe25ef6a754b8a8be98fa2958b5f3d4792c9c956ea9b23,2376
Test/Mftf/ActionGroup/ContentTypeMapActionGroup/ValidateMapButtonsActionGroup.xml,cf14228cb2f94878b4ef898af32b2f473b58d829829bfd3e9cc8c7acae7efe08,1490
Test/Mftf/ActionGroup/ContentTypeMapActionGroup/ValidateMapErrorMessageAddLocationFormActionGroup.xml,ebc094b64b28c3557cade887faea30de16dcd291d55081d251f8286648e96aeb,785
Test/Mftf/ActionGroup/ContentTypeMapActionGroup/ValidateMapErrorMessageStageActionGroup.xml,0f55a451094ea3f911fd55f277322a2cd2621d024cac5780defa7e82f82568e5,846
Test/Mftf/ActionGroup/ContentTypeMapActionGroup/ValidateMapErrorMessageStorefrontActionGroup.xml,ab672b9e4c6f91181ee7252fb6e0554d66bd92126f88218abb905bf004295219,1025
Test/Mftf/ActionGroup/ContentTypeMapActionGroup/ValidateMapHeightActionGroup.xml,da6c956c29ff1bfb794bc5a4e129205bd2ee382bd5ce875d97babb2f4aff2f89,1345
Test/Mftf/ActionGroup/ContentTypeMapActionGroup/ValidateMapHelperTextActionGroup.xml,6fd40bd5201d9ddc9634fccd40a093a2f68f40554441888862e1a550da62df6e,485
Test/Mftf/ActionGroup/ContentTypeMapActionGroup/ValidateMapPinLocationDataActionGroup.xml,cb92b921070e78b4df2e6277ae1358584b72b066c33dbe7cb4d2a9e6d8050013,3519
Test/Mftf/ActionGroup/ContentTypeMapActionGroup/ValidateMapSettingsActionGroup.xml,c853702e7f3d181607b16b2e710e81ab7c5081d80779788548082c073f6ba6e0,1088
Test/Mftf/ActionGroup/ContentTypeMapActionGroup/ValidateMapSettingsWithErrorOverlayActionGroup.xml,661ffb7562c6bda4efc13da87a2a8c143222935239b7f01001752bd89805c734,1628
Test/Mftf/ActionGroup/ContentTypeMapActionGroup/ValidateNoMapButtonsActionGroup.xml,2db7712283073a16d207ba54d7a5fd89559195e2069bb6b1987667a59b027ab0,1581
Test/Mftf/ActionGroup/ContentTypeMapActionGroup/ValidateNoPinTooltipActionGroup.xml,5283d885feeec34ee2fff80e5e4b27a6dc5b44c67525f199c1f7bcd15f70ea51,1263
Test/Mftf/ActionGroup/ContentTypeMapActionGroup/ValidateWarningMessageLinkActionGroup.xml,974ebdc47b9c497195771a5f8a403826953af1aaea25b69ef4613bcc0198768d,1111
Test/Mftf/ActionGroup/ContentTypeMapActionGroup/VerifyCoordinatesNotEqualActionGroup.xml,cbb0722e047aa1801beac9dcf83f8c50bbe236353f3e290ae5381742bd8b5fdb,1061
Test/Mftf/ActionGroup/ContentTypeMapActionGroup/VerifyMapHasPinActionGroup.xml,2d762c40023e4b1a4e301e59a5fe2958d260d22c0deca3465e2de8b14da4b551,1138
Test/Mftf/ActionGroup/ContentTypeMapActionGroup/VerifyMapLatitudeAndLongitudeActionGroup.xml,72dc4851cf4237c155316d74b8e51b6d84d3269b1d76345dcbe0935e762bb976,1007
Test/Mftf/ActionGroup/ContentTypeMapActionGroup/VerifyMapLatitudeAndLongitudeAlternateActionGroup.xml,5877fb0ce75a3ee94bc23b3f924de9cb6765e48e1748cb2d055bdd41c49e0288,1098
Test/Mftf/ActionGroup/ContentTypeMapActionGroup/VerifyNumberOfPinsOnMapActionGroup.xml,c4088add13482a42cee4b5cc32419a49ecfc4e11ca98c43293a2c476210cfa01,908
Test/Mftf/ActionGroup/ContentTypeMapActionGroup/VerifyNumberOfPinsOnMapNoClickActionGroup.xml,0294ed1c38b8641ca051e3630b96cf5176bc331b9ac82ad377fdb32538fb775d,928
Test/Mftf/ActionGroup/ContentTypeMapActionGroup/VerifyPinLocationEqualActionGroup.xml,f0acb0e5a627f5458290e5bc8a04c84c2221bf9433bbafb7fd8ee3948c72e015,1034
Test/Mftf/ActionGroup/ContentTypeMapActionGroup/VerifyPinLocationNotEqualActionGroup.xml,e00627878a0b1d8b7af40484e9ff019d3ea7b37f826eb31bf92bc8f5c776b147,1097
Test/Mftf/ActionGroup/ContentTypeProductsActionGroup/AddConditionToProductConditionsActionGroup.xml,d27abab4fb09dbc81febd83cbe1eb1ef960fe32bc5694c69fdd7f6dc47783664,1556
Test/Mftf/ActionGroup/ContentTypeProductsActionGroup/AddConditionsCombinationToProductsAndSetAggregateParametersActionGroup.xml,f0f13e7b603cf19cf03c955adc2385d29613c0f93d81b2dec3bc0bb604ef5813,2446
Test/Mftf/ActionGroup/ContentTypeProductsActionGroup/AddSKUsToSelectProductsBySKUActionGroup.xml,37e446cf8784b6fa368d56fe9ef8bc1065108d039a00d33202b9809aec91da20,1279
Test/Mftf/ActionGroup/ContentTypeProductsActionGroup/AssertValueInConditionsFilterActionGroup.xml,d0e508d0545a6d7a0749d46d6b6629549b98ff5434f0b75ffa9a420d490a37d9,1232
Test/Mftf/ActionGroup/ContentTypeProductsActionGroup/ClickProductAddToCartInContinuousProductsCarouselOnStorefrontActionGroup.xml,114f9cf4c9200531ac17137a2c6bffdb4a3b8c573425b1504f0d8b277a7fbe43,1358
Test/Mftf/ActionGroup/ContentTypeProductsActionGroup/ClickProductAddToCartInProductsOnStorefrontActionGroup.xml,09bc1f536bc5e89b184f084eb93f506f944af3717d347e134b4194a226d2009c,1055
Test/Mftf/ActionGroup/ContentTypeProductsActionGroup/ClickProductAddToCompareInContinuousProductsCarouselOnStorefrontActionGroup.xml,0b5d855a4f03a92fb08e55d98b3dbed17d4224cc635f92dee72997ef44039143,1381
Test/Mftf/ActionGroup/ContentTypeProductsActionGroup/ClickProductAddToCompareInProductsOnStorefrontActionGroup.xml,8d36e18e136a22e6df51fbd14421296493c0927121135d6252f8bf018b1f53e1,1078
Test/Mftf/ActionGroup/ContentTypeProductsActionGroup/ClickProductAddToWishListInContinuousProductsCarouselOnStorefrontActionGroup.xml,3e336925072aad8428feab9bdef56fcd8a7386bbdbd001c2e0ab7e94f58cd630,1329
Test/Mftf/ActionGroup/ContentTypeProductsActionGroup/ClickProductAddToWishListInProductsOnStorefrontActionGroup.xml,cb7341f6e7fb40227ac3e0c3859839154b3adafec45115be38e62d5fc8a28a02,1079
Test/Mftf/ActionGroup/ContentTypeProductsActionGroup/ClickProductCarouselNavigationDotActionGroup.xml,74e26654c13d7a78f954bc34ab9b318f4874900420042bbff13b7354d5c8c0f8,1172
Test/Mftf/ActionGroup/ContentTypeProductsActionGroup/ClickProductCarouselNextNavigationArrowActionGroup.xml,f7ebe1a3c4c0661698409514174ef92589b0cbb91f45397891c0744e56eef365,733
Test/Mftf/ActionGroup/ContentTypeProductsActionGroup/ClickProductCarouselPreviousNavigationArrowActionGroup.xml,c3d2636534aa0125ea7a43dd906dba8134406308c96cdfc499922ec817d0f8cd,950
Test/Mftf/ActionGroup/ContentTypeProductsActionGroup/ClickProductImageInContinuousProductsCarouselOnStorefrontActionGroup.xml,896c5c87130cb851571584ce7c981523b2b13e4a57e5c7b420582ee26e9c47c7,1192
Test/Mftf/ActionGroup/ContentTypeProductsActionGroup/ClickProductImageInProductsOnStorefrontActionGroup.xml,88111e289d3e0e6198c76b1965c3cf17b1421cbb644b62d86281c2ecb47b5ad5,931
Test/Mftf/ActionGroup/ContentTypeProductsActionGroup/ClickProductNameInContinuousProductsCarouselOnStorefrontActionGroup.xml,22f7cc0c437145d80454c0ff4782358310b4f09aa81eeb6d22314284857b33a7,1205
Test/Mftf/ActionGroup/ContentTypeProductsActionGroup/ClickProductNameInProductsOnStorefrontActionGroup.xml,42c1147018daceeb9d59607619d329b68b58f2ed3be8904cd3837295bf0b9382,926
Test/Mftf/ActionGroup/ContentTypeProductsActionGroup/DragProductToSlideProductCarouselActionGroup.xml,7f5b6856b94367d97e4a88855c29516adcfce2351fb87b179c94ced55bd7fca8,1429
Test/Mftf/ActionGroup/ContentTypeProductsActionGroup/SeeCategoriesInCategorySelectorActionGroup.xml,f71d1df9bc7a74d18e63a84eae7fd4e4a294fe4f6baac8cd916a75a9f8815450,962
Test/Mftf/ActionGroup/ContentTypeProductsActionGroup/SeeSKUsInSKUInputFieldActionGroup.xml,23d44b0f42bbd65f771e7f37d9f0cef70a787f9d53ba69dd7ba81884e9631bb1,882
Test/Mftf/ActionGroup/ContentTypeProductsActionGroup/SelectCategoryFromCategoryDropDownActionGroup.xml,e78afa98970a40f71c33c56a7c019e8f1f9bfcf28141a36560508102b92d48a2,2122
Test/Mftf/ActionGroup/ContentTypeProductsActionGroup/ValidateCanSeeProductInContinuousProductCarouselActionGroup.xml,b30d82b5824f566baad98b93e130571a2a536c8550d0d631d73ea1ed5b3e8456,1076
Test/Mftf/ActionGroup/ContentTypeProductsActionGroup/ValidateCanSeeProductInDefaultProductCarouselActionGroup.xml,cd7f67b44722bffb02a5b534d34ee2894a948e2259be7c4737fe891141e95d47,956
Test/Mftf/ActionGroup/ContentTypeProductsActionGroup/ValidateCannotSeeProductInContinuousProductCarouselActionGroup.xml,71cbb683cb9a8a3ae71aa07986d7a47543a6620ff87fc3c0b87b312b30a55950,800
Test/Mftf/ActionGroup/ContentTypeProductsActionGroup/ValidateCannotSeeProductInDefaultProductCarouselActionGroup.xml,93644de9055c2f1cfc554466263f227acbe39876bab5098310a38f81bb57d1c2,756
Test/Mftf/ActionGroup/ContentTypeProductsActionGroup/ValidateEmptyProductsContainerActionGroup.xml,104348f3f940a0185f82a426a7bef34bc0d0a599c38747934e95422af7caafbb,873
Test/Mftf/ActionGroup/ContentTypeProductsActionGroup/ValidateProductCarouselNavigationArrowsAreNotRenderedActionGroup.xml,fe4882f5577ff8aa70dd97daf81fc41caaa299c9732b53404ee1cb54722800e9,917
Test/Mftf/ActionGroup/ContentTypeProductsActionGroup/ValidateProductCarouselNavigationArrowsWorkWithInfiniteLoopActionGroup.xml,6eba6ac7b17e070b4527d78e01e6c335d390de83b53b803950b8fc6bd70c8d4a,1225
Test/Mftf/ActionGroup/ContentTypeProductsActionGroup/ValidateProductCarouselNavigationDotsActionGroup.xml,91f91ef796750cf9b1d53b184faf397995ae4d4103281d99bc8091681ff68169,1350
Test/Mftf/ActionGroup/ContentTypeProductsActionGroup/ValidateProductCarouselNavigationDotsAreNotRenderedActionGroup.xml,3ed9d954f0b379068afd71fca62d279615f1f5ecdd56035cb461f8822a159f0c,738
Test/Mftf/ActionGroup/ContentTypeProductsActionGroup/ValidateProductCarouselNextNavigationArrowDisabledActionGroup.xml,678c2c7ceae970da65a344343d954de2a0f729c483619490a79b5306fc8246b9,632
Test/Mftf/ActionGroup/ContentTypeProductsActionGroup/ValidateProductCarouselNextNavigationArrowEnabledActionGroup.xml,eff16fba3006c6cfa1117c058becd70f928863438df445b27dced6928c908831,903
Test/Mftf/ActionGroup/ContentTypeProductsActionGroup/ValidateProductCarouselPreviousNavigationArrowDisabledActionGroup.xml,00b310fdfd0717548fd70f8abd570a5b9d61eaf4b9ea0e33c6345e81593fd89f,644
Test/Mftf/ActionGroup/ContentTypeProductsActionGroup/ValidateProductCarouselPreviousNavigationArrowEnabledActionGroup.xml,8016cbf26fc4ffa1ff80b706489e4945411214d21e244c0bb2e7e69b06fad331,923
Test/Mftf/ActionGroup/ContentTypeProductsActionGroup/ValidateProductCarouselSettingsAttributesActionGroup.xml,50d53386b1fe8077b581f3830a321f97cdac751caaab05d403223a30991a600a,1964
Test/Mftf/ActionGroup/ContentTypeProductsActionGroup/ValidateProductCountInProductsActionGroup.xml,1eb9005efc13e30ce3ceb6f70c418c6044a4f4e41bdb251a8e83db1ba1a244bf,991
Test/Mftf/ActionGroup/ContentTypeProductsActionGroup/ValidateProductCountInProductsCarouselActionGroup.xml,4f8b8203ff9b777eda3df3347dc87bdb55f636b529d647cb50823dd688d830a9,1139
Test/Mftf/ActionGroup/ContentTypeProductsActionGroup/ValidateProductInProductsActionGroup.xml,3a66f2b4c37e0ca21a4af088a4e8778e8693cf9d2ce8256150f40845b7ccb695,3482
Test/Mftf/ActionGroup/ContentTypeProductsActionGroup/ValidateProductOpacityInContinuousProductCarouselActionGroup.xml,af4c13ffde48e10aa4498de46bdd0a15be3c4657e139de7bc1bc9ac4a0429cd1,934
Test/Mftf/ActionGroup/ContentTypeProductsActionGroup/ValidateProductOpacityInDefaultProductCarouselActionGroup.xml,69882b92a8de10a69ff0bd404c320c0b8f2bfc87d49a74674f1504dd19cc361a,1492
Test/Mftf/ActionGroup/ContentTypeProductsActionGroup/ValidateProductTotalsActionGroup.xml,d1d967d25265d90bdcdd5b8d044c474e4ee133d2541529a5f3eba1e761dadb90,999
Test/Mftf/ActionGroup/ContentTypeProductsActionGroup/ValidateProductsDoNotWrapInCarouselAppearanceActionGroup.xml,4e6a6822f506ad9770a866dbf91c6b267013e02ee47c3e2c9a85f10bf520fa5a,901
Test/Mftf/ActionGroup/ContentTypeProductsActionGroup/ValidateProductsInProductCarouselAreCenteredForEvenNumberOfProductsActionGroup.xml,55142713467a6d3b11465ba2a31c82045ca37b72ed6723a6ffe895ad93b06514,2209
Test/Mftf/ActionGroup/ContentTypeProductsActionGroup/ValidateProductsInProductCarouselAreCenteredForOddNumberOfProductsActionGroup.xml,310ca8926f8686406214d7ea30d535003d695d10d89c8c7c6b1b555ba9f0dae4,2601
Test/Mftf/ActionGroup/ContentTypeProductsActionGroup/ValidateProductsWrapInGridAppearanceActionGroup.xml,fd598b2c414bd2777e3fb2b43a852be4244837057cd04fe608f84c4b547e12dc,2018
Test/Mftf/ActionGroup/ContentTypeProductsActionGroup/ValidateSwatchInProductsActionGroup.xml,2abf22116e97ae5d20864f70008324828644990bb93a005358412ab07c2da7af,1096
Test/Mftf/ActionGroup/ContentTypeRowActionGroup/ValidateBackgroundImageContainerForParallaxRowActionGroup.xml,c6689323f110f7255c7e82e522b61ae6f3fac49af1f7c7d5943cdfde158adb9c,688
Test/Mftf/ActionGroup/ContentTypeRowActionGroup/ValidateContainedRowAppearanceActionGroup.xml,3d18a6623aff82fa0633e014e25efbee6adeeebde53b5d230f3f6ecc6d99f4e8,1591
Test/Mftf/ActionGroup/ContentTypeRowActionGroup/ValidateFullBleedRowAppearanceActionGroup.xml,1d2204cef190a155f345d7b9ae614faf05e5bce485f85c51d60589ac7a79cd76,947
Test/Mftf/ActionGroup/ContentTypeRowActionGroup/ValidateFullWidthRowAppearanceActionGroup.xml,7c8c564df7c90ab30baaa9ff99c3eb977eeeba2a4b23b232339cdf758c3d8d8c,2964
Test/Mftf/ActionGroup/ContentTypeRowActionGroup/ValidateRowBackgroundAttributesWithAllUpdatedAndParallaxEnabledActionGroup.xml,682872c72fa3ea190c8204d36774c4ab068db4f5beaabb0afe439ad9647a1116,2062
Test/Mftf/ActionGroup/ContentTypeRowActionGroup/ValidateRowParallaxBackgroundAttributesActionGroup.xml,ca6f15e4723220e1ea6fcc66fa87ec2cecbc7e7242997a1cbfe3c7902ac8d961,1062
Test/Mftf/ActionGroup/ContentTypeSliderActionGroup/InlineEditSlideOrBannerButtonActionGroup.xml,6660947a4a2c0c3f40867d3cfdd584b2358f2d2384c8ef05ba060efab90a6c26,1365
Test/Mftf/ActionGroup/ContentTypeSliderActionGroup/InlineEditWYSIWYGFromStageForSlideCollageAppearancesInSmallColumnsActionGroup.xml,d5450aaed2f0840c3a83e375d6440ebd783085791a87d67b17ef202962b59b1b,552
Test/Mftf/ActionGroup/ContentTypeSliderActionGroup/SwitchSlideActionGroup.xml,9d08e7bcff72b7639ad81bf49f76f91ddd041fcdaac828cb52a77826a6db5040,1130
Test/Mftf/ActionGroup/ContentTypeSliderActionGroup/ValidateBackgroundAttributesForSlideActionGroup.xml,3e3bfde5dbd9f71afb69d8d58c1bac5b42aed9d85cbe84d7fc013075bffb1cfc,499
Test/Mftf/ActionGroup/ContentTypeSliderActionGroup/ValidateBackgroundAttributesWithNoImageForSlideActionGroup.xml,fdbd480854df39c9742705f29fdbd31783227e9f62a865080d77ac505c2a298c,557
Test/Mftf/ActionGroup/ContentTypeTabsActionGroup/InlineEditTabItemNameActionGroup.xml,9c6a5ba34f40710221b6215f63b65d232118bd6076173bd55ffeb85e28f0dbd7,1251
Test/Mftf/ActionGroup/ContentTypeTabsActionGroup/MoveTabItemActionGroup.xml,51133f1a6b8f6ff42896b20a42eb7dd7e19530e464a6f3be538e10d500c43db5,1769
Test/Mftf/ActionGroup/ContentTypeTabsActionGroup/SwitchTabsActionGroup.xml,7c6675f6d388640405ab7dd364f2d2d0409d964674ca1d2ab8bb74531495067e,1297
Test/Mftf/ActionGroup/ContentTypeTabsActionGroup/ValidateTabHeadersAlignedCenterActionGroup.xml,5c25062bcf390726ecc5ad82cbafa9af3a490bb7d7783c45fe249990c1eaf705,2603
Test/Mftf/ActionGroup/ContentTypeTextActionGroup.xml,66800a768c49c3fa65ed7b19073ba9c8797ed0b25dcc2e73137952b2d6975bb0,748
Test/Mftf/ActionGroup/ContentTypeVideoActionGroup/ValidateEmptyVideoStageActionGroup.xml,065288c6cb28e7aba43200e319a01f4b38a7e71dfcdbfee9a4e775d57fcbf40a,691
Test/Mftf/ActionGroup/ContentTypeVideoActionGroup/ValidateVideoActionGroup.xml,9da07a387c3fe487b27817070621e747f11b05fe06a3c255526a74c97d2ac1a7,2094
Test/Mftf/ActionGroup/ContentTypeVideoActionGroup/ValidateVideoEmptyWidthActionGroup.xml,26b317427fe34be91cc3fd9e0951a633ec2fad024409712f2b9f6508f220835f,1987
Test/Mftf/ActionGroup/ContentTypeVideoActionGroup/ValidateVideoNotAutoplayingActionGroup.xml,3f131791bd060102148970d0e9ad3a7634c1181397e31e2eb943eeef077e0767,670
Test/Mftf/ActionGroup/ContentTypeVideoActionGroup/ValidateVideoPlayingActionGroup.xml,5097c2e1f597fe0d7a03bf10f20b3d8c39fccc223e67ae4222367383d83aef94,1209
Test/Mftf/ActionGroup/ContentTypeVideoActionGroup/ValidateVideoWithOnlyVideoUrlActionGroup.xml,60acf1c7d634ab62266b007e81b61e432bed292a86d432811edcaccd3408aead,2334
Test/Mftf/ActionGroup/ContentTypeVideoActionGroup/ValidateVideoWithOnlyVideoUrlMp4ActionGroup.xml,1f145fb8a1014d522a17935df40cada18952c5756de7d33a07be201b1339caac,2103
Test/Mftf/ActionGroup/DragAndDropActionGroup/CannotDragContentTypeToTargetActionGroup.xml,4a32a67a35bf2eded58ab983e63122ba931a03fcf446d67a960f8540a75c8ba7,1782
Test/Mftf/ActionGroup/DragAndDropActionGroup/CannotMoveContentTypeToContainerActionGroup.xml,8ed52837262d01735b5ba1e83843897b4563e080cefd04cca9185e0056eb94a8,910
Test/Mftf/ActionGroup/DragAndDropActionGroup/DragContentTypeNextToExistingContentTypeActionGroup.xml,1fc9a06b5110d5c88a115721f1aceb27c9cb7f431f87be810176f37f191580bc,1674
Test/Mftf/ActionGroup/DragAndDropActionGroup/DragContentTypeToContainerActionGroup.xml,9cb12a0ee71ff42ccbc5b5732fc0ccc5009d4ff9ae7d96d390dd13b545773939,1922
Test/Mftf/ActionGroup/DragAndDropActionGroup/DragContentTypeToContentTypeActionGroup.xml,1cacef832191e354f79d0ee72ead865dcd7568eadbc133572a77feaf0586ba83,1441
Test/Mftf/ActionGroup/DragAndDropActionGroup/DragContentTypeToDropZoneActionGroup.xml,be5edd9f2c2f6b5540bcfa3f005d31cce8e0c7070fddf3f9254526337ec3aee5,1931
Test/Mftf/ActionGroup/DragAndDropActionGroup/DragContentTypeToHiddenContainerActionGroup.xml,18de0753d142f74970a2a27d128b7cd5579881ac2c06370144c93078636c1a84,1851
Test/Mftf/ActionGroup/DragAndDropActionGroup/DragContentTypeToStageActionGroup.xml,e2d3827a7375a7190463f7d1ab55c90805ce8ec1e74e6c69b1c76685131a475a,1312
Test/Mftf/ActionGroup/DragAndDropActionGroup/DragContentTypeToStageByIndexActionGroup.xml,20560692771a004eaa64708b4ed0616fd2f5c17e9dedfd9ff963f4d3fac534ce,1425
Test/Mftf/ActionGroup/DragAndDropActionGroup/MoveContentTypeToContainerActionGroup.xml,7cb7139d1807d42a67bef05443f3880bf676b4fe437aac9ca00c57f1bfd5486f,2554
Test/Mftf/ActionGroup/EditFormActionGroup/ChooseVisualSelectOptionActionGroup.xml,f8ab9559ad3f15b39ebbe67b34d0e8b2a5b850491109e5383116436cec2d464c,931
Test/Mftf/ActionGroup/EditFormActionGroup/ClearSlideOutPanelFieldGeneralActionGroup.xml,6d591bacae3088028a7e7c1d6934c587b9ccc4d4fc858307b94d0713d11fccd7,1163
Test/Mftf/ActionGroup/EditFormActionGroup/ClickSlideOutPanelFieldGeneralActionGroup.xml,256a50fa004faefedbc65dd7e88965be85ef25809c2abe306bc7115976a94b89,739
Test/Mftf/ActionGroup/EditFormActionGroup/ClickSlideOutPanelFieldOpenInNewTabActionGroup.xml,2d6933a7431c1064065a772e6bb52994d000b3f85df880c2d1a3f2ac5bc90e16,868
Test/Mftf/ActionGroup/EditFormActionGroup/CloseEditPanelSettingsActionGroup.xml,2407654685f68f86faba63d9d908c102181445dceb35c1d018bdbc42de148768,1094
Test/Mftf/ActionGroup/EditFormActionGroup/ConditionalClickSlideOutPanelFieldGeneralActionGroup.xml,027af5daab98160f60d18bdf0f7768167c382484e45428b6354df20676121f4c,1061
Test/Mftf/ActionGroup/EditFormActionGroup/ExpandConfigurationSectionActionGroup.xml,10fe19a90f4190a2baef9937a28fdd2e34da9dc7cd3d688e3f5c37037ea9c289,1052
Test/Mftf/ActionGroup/EditFormActionGroup/FillOutUrlInputActionGroup.xml,2c56b8373027d886eba4b262c65bb491e8b6a8814abbcc84f09e4c179fe416b2,2586
Test/Mftf/ActionGroup/EditFormActionGroup/FillSlideOutPanelFieldActionGroup.xml,81d760f7c2c2530d9e93d24169291b367140ee655a571fbbe0ef8173b47efc0e,1401
Test/Mftf/ActionGroup/EditFormActionGroup/FillSlideOutPanelFieldAndExpectToSeeErrorInFieldsetActionGroup.xml,efb65fbd866b3550f79cd909783b45febddeea5b5a7b775b2a80dbd88447e882,1356
Test/Mftf/ActionGroup/EditFormActionGroup/FillSlideOutPanelFieldAndExpectToSeeErrorInFieldsetGeneralActionGroup.xml,8f9816c301e0af6a2f39659e9994fb0dc0a255a10b286fa4f7fe5736b3e05157,542
Test/Mftf/ActionGroup/EditFormActionGroup/FillSlideOutPanelFieldGeneralActionGroup.xml,0daa8b353497407ac6785ce5536c807db5036c33b4224b96647dd2779bfb1e43,1321
Test/Mftf/ActionGroup/EditFormActionGroup/FillSlideOutPanelLinkUrlFieldActionGroup.xml,2ed5bd8c1f91b9d01eaccad02c0c8ed0fb79e7a5c116ccad53d64124ad15f90b,1741
Test/Mftf/ActionGroup/EditFormActionGroup/FillSlideOutPanelMultiSelectFieldActionGroup.xml,350da03188d02ae189ff33bf8ea892f847d3fe709247754593f6b08593917724,1961
Test/Mftf/ActionGroup/EditFormActionGroup/FillSlideOutPanelTextAreaActionGroup.xml,3005f66c47ad9991cb34aa58c93808c64fa0c57271b40ac246d77ad599b1d6b7,968
Test/Mftf/ActionGroup/EditFormActionGroup/SaveEditPanelAndValidateFieldErrorActionGroup.xml,9209b8b2e89e5b953886b7214eb6883ce84abb1b529c63a98d794229851c7cf1,1201
Test/Mftf/ActionGroup/EditFormActionGroup/SaveEditPanelAndValidateFieldErrorGeneralSectionActionGroup.xml,0606d0d955b002c0d5383e54f2fcd257068ca2d8cdbbd6cc54adaca3eb3825f2,1128
Test/Mftf/ActionGroup/EditFormActionGroup/SaveEditPanelSettingsActionGroup.xml,f4df55fbdb86b4f3d060083cb4a8b08bef6bb8583c40b4e1211f79a00dc81e05,1089
Test/Mftf/ActionGroup/EditFormActionGroup/SaveEditPanelSettingsFullScreenActionGroup.xml,c7625b22ae86f6bd17a88f7df1845618debe596302dc78a33ac9a0f4d6222b29,827
Test/Mftf/ActionGroup/EditFormActionGroup/ScrollToSlideOutPanelFieldActionGroup.xml,194cfba88c3b154f9e1f8badd0efb7f1e8745d814af16e4fd6c0d37d57a7eeb0,750
Test/Mftf/ActionGroup/EditFormActionGroup/SeeInFieldSlideOutIsZeroPropertyActionGroup.xml,6cadb11b34d8a6b1ce3b9cf22c0f766e2f955271e0f4425432193b7e45ec707f,890
Test/Mftf/ActionGroup/EditFormActionGroup/SeeInFieldSlideOutPropertyActionGroup.xml,9a290adf95f8f632d9060cf5b0a1e5e55fa040d253cb25238363ea65e371c55c,976
Test/Mftf/ActionGroup/EditFormActionGroup/SeeInFieldSlideOutPropertyAlternateActionGroup.xml,5028e1ba485995001d95845578ecea855295e088bb730c6b7c205cc22fe56f7e,1056
Test/Mftf/ActionGroup/EditFormActionGroup/SeeInFieldWithoutLabelSlideOutPropertyActionGroup.xml,da4571842d247347e10eca1ddc2a1aadc77623f0cf95af4cc29fa77a886b7928,973
Test/Mftf/ActionGroup/EditFormActionGroup/SeeInSlideOutMultiSelectFieldActionGroup.xml,6ee8a0d936fc4a50baff7256caf0180527254c5603e62d2f9626cbecc355ba71,994
Test/Mftf/ActionGroup/EditFormActionGroup/SeeOptionIsCheckedSlideOutPropertyActionGroup.xml,28f59ad9f41cd3c2fd61a44b77ed196e7bdeb319a1487babeab4220660e4e6d8,783
Test/Mftf/ActionGroup/EditFormActionGroup/SeeOptionIsNotCheckedSlideOutPropertyActionGroup.xml,b1a26e99443aafe576220432d97e4117714ba69a43c9b4b1ec60c288fe4e0071,794
Test/Mftf/ActionGroup/EditFormActionGroup/SeeOptionIsSelectedSlideOutPropertyActionGroup.xml,c5f60ba732c7a760421214232aca2cfb80e41eb21de37ca71783780e839f6155,806
Test/Mftf/ActionGroup/EditFormActionGroup/SeeSlideOutPanelFieldNotOpenInNewTabActionGroup.xml,a8d0f4a466b26993580d95ee945a0af508275e8a5f8b8436e926ee21930fb56f,754
Test/Mftf/ActionGroup/EditFormActionGroup/SeeSlideOutPanelFieldOpenInNewTabActionGroup.xml,e0922b8b38851ad82253d02cfb16bc3e2cdf7e43ec046a6e08e68980b4365b65,747
Test/Mftf/ActionGroup/EditFormActionGroup/SelectSlideOutPanelFieldActionGroup.xml,fd716accfe01d09bc363bff6d30c1d8b39d32f6e4ac0f5a2c57eb0b19536c17a,1106
Test/Mftf/ActionGroup/EditFormActionGroup/SelectSlideOutPanelFieldGeneralActionGroup.xml,af944bb0dc10a6a5a9bab12caf473d87acc3766744e590182ac7301d52df85d0,1198
Test/Mftf/ActionGroup/EditFormActionGroup/ValidateAlignmentFieldIsNotDisabledActionGroup.xml,e4c65c72e29593fee9bdcb331174c4e57b43dd29e260c80bf991bde327d249bf,851
Test/Mftf/ActionGroup/EditFormActionGroup/ValidateSlideOutPanelFieldActionGroup.xml,20420bbd1faed2ecff051c5fcbf7391bbd7a13a411df6d2a44178ed5b0d0bc13,950
Test/Mftf/ActionGroup/EditFormActionGroup/ValidateSlideOutPanelFieldAfterLabelTextActionGroup.xml,46d583918b9583f8860a30b9984ecd59193986cf5735c8a9673ee1f1fb03503c,656
Test/Mftf/ActionGroup/EditFormActionGroup/ValidateSlideOutPanelFieldHelperTextActionGroup.xml,e0a0297e33832d8cfc43567ac75199f64116636cb2fe54fdc66520c2442b76ab,936
Test/Mftf/ActionGroup/EditFormActionGroup/ValidateSlideOutPanelFieldIsDisabledActionGroup.xml,e55c7ce68fc7e132cf634c21cc12fa16eabf56da9534f05000d8ffd3ee645d9f,768
Test/Mftf/ActionGroup/EditFormActionGroup/ValidateSlideOutPanelFieldIsNotDisabledActionGroup.xml,9c0c2ca064e6a0be4848c4ed438fa8ca8d8167fdf5de6cd0d0a1d71491760b62,774
Test/Mftf/ActionGroup/EditFormActionGroup/ValidateSlideOutPanelFieldIsNotRequiredActionGroup.xml,1fbc41997ee5929f7ba9eeae8df83ed441adca300189b7f344bd45c0b5724714,781
Test/Mftf/ActionGroup/EditFormActionGroup/ValidateSlideOutPanelFieldIsRequiredActionGroup.xml,825481529d8e513aa6403256ecf255ac75dc12ffb88ac94e223eff11b0f67d86,771
Test/Mftf/ActionGroup/EditFormActionGroup/ValidateSlideOutPanelFieldNoAfterLabelTextActionGroup.xml,7de4cf25fb85ddf1d1798d5a8e6f2c539451e2c08b2b057d1a016a147fdc3069,622
Test/Mftf/ActionGroup/EditFormActionGroup/ValidateSlideOutPanelFieldNoPlaceholderTextActionGroup.xml,24c4feac5401d49d520c4f4101b16a8b1c32909216efaf7925e786332c47d8e4,632
Test/Mftf/ActionGroup/EditFormActionGroup/ValidateSlideOutPanelFieldNotPresentActionGroup.xml,db46739c6776de9244c3584ec8b8c83642e63c81ef2184ae6fd1a8b0f2c08049,672
Test/Mftf/ActionGroup/EditFormActionGroup/ValidateSlideOutPanelFieldPlaceholderTextActionGroup.xml,459bffe1e77d467a1119d2f2866348f89b4c89db06ab2c6f972476b11c05744e,663
Test/Mftf/ActionGroup/EditFormActionGroup/ValidateSlideOutPanelFieldTooltipActionGroup.xml,824438dff8cf916348375325c1ad0bf27f1b6428cd131cbd1486905301229257,1236
Test/Mftf/ActionGroup/EditFormActionGroup/ValidateSlideOutPanelLinkUrlFieldActionGroup.xml,db0f639b8a9dff287598365d856a89cea52743cdc2360afd46ccd4236942c746,1340
Test/Mftf/ActionGroup/EditFormActionGroup/ValidateVerticalAlignmentVisualSelectsActionGroup.xml,072ad32da32c1531328f09eddfbf1c2371c9fc1da6c7019e7417cc6ad331bed8,1115
Test/Mftf/ActionGroup/EditFormActionGroup/ValidateVisualSelectsActionGroup.xml,3ac35637c1a7e5422d205a46f77fdf8e2c7af72823a198610ef16258f37a10c1,1275
Test/Mftf/ActionGroup/EditFormColorPickerActionGroup/FillOutColorPickerActionGroup.xml,0052f307a1b30f845ca590daf50ff6779ba7d691a60abf6cff3e232363cda3ea,969
Test/Mftf/ActionGroup/EditFormColorPickerActionGroup/OpenAndValidateColorPickerValueActionGroup.xml,c07857d15379296eaddaa7d92b1d52c2c15a1b55a23aa3c48accfcd85195bfe8,1081
Test/Mftf/ActionGroup/EditFormColorPickerActionGroup/PickColorSwatchCellActionGroup.xml,053570b371e615ebbb95a0376275fbf30c342061a87b2d0a620e4e1661eec867,1278
Test/Mftf/ActionGroup/EditFormColorPickerActionGroup/SeeColorInColorSwatchActionGroup.xml,624e16228666e23ee8a844d878f7a5e9083358e9c693476eac3b13b4d1bc1431,632
Test/Mftf/ActionGroup/EditFormColorPickerActionGroup/SeeNoColorInColorSwatchActionGroup.xml,5655a53e76c69acd512ca45c8e03260cb6f07760467a208b5383858143407468,620
Test/Mftf/ActionGroup/EditFormImageUploadActionGroup/AttachFileSlideOutPropertyActionGroup.xml,523a05f764b72cba6eb4f52037871d9a1110c2a2870109510d0b5ae1afa5ffef,1185
Test/Mftf/ActionGroup/EditFormImageUploadActionGroup/AttachFileSlideOutPropertyGeneralActionGroup.xml,f32c5259850d9f933e8d975ccca2a1f149b0867deedd60abd7109d6e4fecf343,1335
Test/Mftf/ActionGroup/EditFormImageUploadActionGroup/AttachInvalidFileOnSlideOutActionGroup.xml,033fc319539fed18f5081578d93036ae6b8abdd23d00a2c6ec0acaded448ca0f,1424
Test/Mftf/ActionGroup/EditFormImageUploadActionGroup/ClickSelectFromGallerySlideOutActionGroup.xml,4f45d88b1af4c5fc7b63cfb84e6356beebf2a927d7e9e6acea79d59e904bf73d,907
Test/Mftf/ActionGroup/EditFormImageUploadActionGroup/SeeImageUploadedOnSlideOutActionGroup.xml,7fa1c83a7459c6928bc12b0dce6481ded8eb038410128e4cd092cbdf95804f5c,798
Test/Mftf/ActionGroup/EditFormImageUploadActionGroup/SeeNoImageUploadedOnSlideOutActionGroup.xml,6e4da23d43e39d6d93a2586c5e19f6ce6f16ca77b23f20d0cb033d9538638994,736
Test/Mftf/ActionGroup/ElementPositioningActionGroup/ValidateContentWidthEqualToContainerWidthActionGroup.xml,614fdef961accab8fb5ec3615e30290a911d5bb7ad808bd10cf7b3f344a3db7a,2132
Test/Mftf/ActionGroup/ElementPositioningActionGroup/ValidatePositionRightWithinContainerActionGroup.xml,4aab51060cae6b907dd5eca1674bf48694de0970403390bb21d7ebc26ee905e8,2232
Test/Mftf/ActionGroup/LayoutConfigurationActionGroup/RestoreLayoutSettingActionGroup.xml,72963b2d4eb541d04f7662075e3b14b4940612ea0535c37d749d3de535726101,1270
Test/Mftf/ActionGroup/LayoutConfigurationActionGroup/ValidateContentTypeHeightEqualToMinHeightPlusPaddingAndBorderActionGroup.xml,0ccdc88229c03fd6b220b22836ea31020b95fe45eb68316d9f16185997cc6f95,1976
Test/Mftf/ActionGroup/LayoutConfigurationActionGroup/ValidateContentTypeHeightGreaterThanMinHeightActionGroup.xml,1a71e94da9801affeecb77918855ecea6c5509fd90ee0ed77c066f4af501d94a,1321
Test/Mftf/ActionGroup/LayoutConfigurationActionGroup/ValidateContentTypeWidthEqualToMaxWidthActionGroup.xml,3579748c2a81e04c726d4b9fec0ae6244b225f2d9e5a4e11c6dbdc60aa38efbd,1514
Test/Mftf/ActionGroup/LayoutConfigurationActionGroup/ValidateLayoutStylesNoHeightActionGroup.xml,3f10ea89256d2b01a78c0a9c1a5e04772cab58bd95c937f018f19d91d4c99293,961
Test/Mftf/ActionGroup/LayoutConfigurationActionGroup/ValidateLayoutStylesWithAllUpdatedActionGroup.xml,362bcc1ba9fee1223d531052ad5b9feb864eb14edecb45c7eb90d74c0d98592f,1105
Test/Mftf/ActionGroup/OptionsMenuActionGroup/AddChildContentTypeFromOptionMenuActionGroup.xml,18e767c9916e9e425a35c5a0b86c8a09330fe2420c5349965efb4f58410ead86,2323
Test/Mftf/ActionGroup/OptionsMenuActionGroup/CloseConfirmModalActionGroup.xml,cdc8019c4e52629198b1098b8dad5bc2daa0bf87768f0ce558bb1c79974fcb9b,1092
Test/Mftf/ActionGroup/OptionsMenuActionGroup/ConfirmRemovalModalActionGroup.xml,ff6538c56fe2273a67380b3cc45d642341ec241334b4be81c371f17f38c65045,985
Test/Mftf/ActionGroup/OptionsMenuActionGroup/DuplicateContentTypeActionGroup.xml,e0bbdef105281737a485e612d478a20ad976e3c5e5d3488fc585a4e02c394f48,2379
Test/Mftf/ActionGroup/OptionsMenuActionGroup/DuplicateSmallContentTypeActionGroup.xml,7813b80f1677253526ae73e611e8c01754cd5e2240e10c556c26bc13dc7e6924,1677
Test/Mftf/ActionGroup/OptionsMenuActionGroup/HideContentTypeActionGroup.xml,c224702d80c8e1a1f056510ff5372ac04a96b03a08df7a75e913610c086efaf8,1726
Test/Mftf/ActionGroup/OptionsMenuActionGroup/HideSmallContentTypeActionGroup.xml,d12f17b2f444bb2ec39400325bf9e6d7d2ba240fffc277094fbe5c6e9b2cdbd1,1703
Test/Mftf/ActionGroup/OptionsMenuActionGroup/OpenOptionsMenuActionGroup.xml,57491a29173f0843f673850c5ec88acfcf47401ffd0fd4678a7aa0f2ef94f1e4,1520
Test/Mftf/ActionGroup/OptionsMenuActionGroup/OpenPageBuilderEditPanelActionGroup.xml,9fde5874d32f6cadde3f3f7ec926acce8254e53160409af6bf248f4eed593017,1687
Test/Mftf/ActionGroup/OptionsMenuActionGroup/OpenPageBuilderEditPanelByIndexActionGroup.xml,8f0cd1ab0db2e9c3bc8a4da7c01900f8634ad5ae86a469bad2f4e903639762db,2059
Test/Mftf/ActionGroup/OptionsMenuActionGroup/OpenPageBuilderEditPanelSmallByIndexActionGroup.xml,173842dbe057bb999d79683cb637ef8ce85628f40bebe4b4a5a85538d372edd0,1344
Test/Mftf/ActionGroup/OptionsMenuActionGroup/OpenPageBuilderOptionsMenuSmallByIndexActionGroup.xml,3766961d90476ddd02c56d51838f0ae8fd34a74581cd85caa6f2f6092ec109bd,947
Test/Mftf/ActionGroup/OptionsMenuActionGroup/RemoveContentTypeFromStageActionGroup.xml,8d25211b445b3a1372f3b4785624081d442697ab88eababb375f3c303e233c40,2117
Test/Mftf/ActionGroup/OptionsMenuActionGroup/RemoveContentTypeFromStageByIndexActionGroup.xml,dc2193cb2ec7723a7da93da7f2f72b4364298cc8f1a4ddf9a596dc089aefd93b,1738
Test/Mftf/ActionGroup/OptionsMenuActionGroup/RemoveContentTypeFromStageSmallByIndexActionGroup.xml,dda9a5da880ac8bfb3618ed698721363e46df5683d3adf794910716ff149cb64,1247
Test/Mftf/ActionGroup/OptionsMenuActionGroup/RemoveEmptyContentTypeFromStageActionGroup.xml,6bd85f380611daa6511049b141fc11b92138fe78bee5af2c587b0000dd51a1bc,1473
Test/Mftf/ActionGroup/OptionsMenuActionGroup/ShowContentTypeActionGroup.xml,304877e3b0233b5300619bb7673b04c612f805d12baf3d9fd6c9b0da3691b728,1740
Test/Mftf/ActionGroup/OptionsMenuActionGroup/ShowSmallContentTypeActionGroup.xml,d374e2eabad0b144266714ca824a0a4d1fe6ce1d026578961a065e5543f4fa16,1717
Test/Mftf/ActionGroup/OptionsMenuActionGroup/UnFocusOptionMenuActionGroup.xml,2f1daf9b113294022c496af5ec89156d346964b38286eb29a396fb8d1f22b831,760
Test/Mftf/ActionGroup/OptionsMenuActionGroup/ValidateOnHoverNoOptionMenuActionGroup.xml,d0d7270a647b552248d89547d60b7294a5d3c3871f160cdc5c46ac0663b1d91f,1264
Test/Mftf/ActionGroup/OptionsMenuActionGroup/ValidateOnHoverOptionMenuActionGroup.xml,b4e35079362cc4687d05bc66d4b7078cbc757008100a0f54f947fbc7c3793051,1639
Test/Mftf/ActionGroup/OverlayActionGroup/ValidateOverlayAndButtonCollageActionGroup.xml,704cb2a0688a9004527d3c16c90a15c7f4d53f781105c05bcb854677f4d9004c,5023
Test/Mftf/ActionGroup/OverlayActionGroup/ValidateOverlayAndButtonPosterActionGroup.xml,4cc2749a0023bb9d33cbc63c93873e314b2b72dcc4fbf6f049a3d978b3ffae7a,5015
Test/Mftf/ActionGroup/OverlayActionGroup/ValidateOverlayPositionBottomActionGroup.xml,4fa65c8d426cb9ebf072a33b3fd407275198fd8435b3df74ca67beb5f6818ab6,2143
Test/Mftf/ActionGroup/OverlayActionGroup/ValidateOverlayPositionCollageCenterActionGroup.xml,4e889b38c62f536c7b43b09dc274aaf8d6bb9ddd9ed3d741eafc516f3586258b,2422
Test/Mftf/ActionGroup/OverlayActionGroup/ValidateOverlayPositionCollageLeftActionGroup.xml,f29dd5927eb99643a8a22e5ae87ecd77c907bc95dcf983436f87e13f3fc98ae9,2243
Test/Mftf/ActionGroup/OverlayActionGroup/ValidateOverlayPositionCollageRightActionGroup.xml,128971cf2430b104fb6fbb0104c6677861b1d936df089daaaf7aab46241fcf3d,2255
Test/Mftf/ActionGroup/OverlayActionGroup/ValidateOverlayPositionPosterActionGroup.xml,a79bbe829e500f42211775b1dffd1a8bbc5493f1bbd715d8a2f3fb7ad2601ee6,4040
Test/Mftf/ActionGroup/OverlayActionGroup/ValidateOverlayPositionTopActionGroup.xml,4903322735d5d37c2ce305f15890f25ed41cc1d62461add960ba3f73dd2ddfba,1431
Test/Mftf/ActionGroup/PanelActionGroup/ClosePageBuilderPanelMenuSectionsActionGroup.xml,4e210c6db4e38cc109d28bcb1e3868563d9b1dfbda06506d64ea6073a060a1d6,705
Test/Mftf/ActionGroup/PanelActionGroup/ExpandPageBuilderPanelMenuSectionActionGroup.xml,a97ad0815fcd19c7ae2f686c07b3c31e9962319d1ca1b52de43b82794fa7c6ae,1155
Test/Mftf/ActionGroup/PanelActionGroup/ValidateMenuSectionsAndContentTypesActionGroup.xml,d2623e5f48c12508600abfff4668219ee949a56437772d7b2d1f8dd9c08a4698,3977
Test/Mftf/ActionGroup/StageActionGroup/ExitPageBuilderFullScreenActionGroup.xml,051e1ecc3ce3b4725062a56d22236791ef6123fe86401e0261f21eab589d0a02,802
Test/Mftf/ActionGroup/StageActionGroup/FocusOnInlineTextAreaEditorActionGroup.xml,1cf969e69210e6730895a6101acd70073a310abf643779ea6fe2255c8dca85e4,1123
Test/Mftf/ActionGroup/StageActionGroup/FocusOnInlineTinyMCEEditorActionGroup.xml,0fafe90c47d1793b501386c5410ef885f216765d80f51304923ebfb33c2ba688,1228
Test/Mftf/ActionGroup/StageActionGroup/GoToEndOfLineTextAreaEditorActionGroup.xml,e10b382db8e87a6df10c2f1143f09be88bbfb136a4e3a2d47ae343a224b74439,799
Test/Mftf/ActionGroup/StageActionGroup/GoToEndOfLineTinyMCEEditorActionGroup.xml,b6afc54e0f9f10c05acf3dab62abcac153e33126dafe66d38fa9cea4777d4982,796
Test/Mftf/ActionGroup/StageActionGroup/GoToMediaStorageFromStageActionGroup.xml,1c9739ede9237e6c2226eceb6d398b476ad0fbb30f314e95c462c0b5f3e27066,1319
Test/Mftf/ActionGroup/StageActionGroup/OpenPageBuilderFullScreenActionGroup.xml,c03531b3303bd65a140c8cf7301de2b6d2819ef2a5851b24029559494b112d5b,870
Test/Mftf/ActionGroup/StageActionGroup/SwitchTabAndReloadPageActionGroup.xml,d877368f50575f79933834e09403b7895f06744b2728db0243723ebaddbcc2f0,533
Test/Mftf/ActionGroup/StageActionGroup/UploadImageToContentTypeFromStageActionGroup.xml,2f3aa35a3211151584cee493b96caba9ee6131bfec298a37b83b660016836a45,955
Test/Mftf/ActionGroup/StageActionGroup/ValidateContentTypeHeightOnStageActionGroup.xml,6c3424da85619496742087d7f8f75db18ea53bcf90ad52f6b153fd61377ac883,1373
Test/Mftf/ActionGroup/StageActionGroup/ValidateContentTypeHeightOnStageWithoutPaddingActionGroup.xml,e0c83c622afb5c49fc39802d5dd212e43d4b90c4b83c9369c3f386530a7d872e,1176
Test/Mftf/ActionGroup/StageActionGroup/ValidateContentTypeInsideContainerStageActionGroup.xml,950d6fa4f8f6b99c1d347ba65b78130810c3f7683da428789646f47fbb240be9,1026
Test/Mftf/ActionGroup/StageActionGroup/ValidateContentTypeNotInsideContainerStageActionGroup.xml,1998760f9ebb1c23e745b9cbc7788ad2cd9a12d146d977bbbb646f6e29a50dfd,1206
Test/Mftf/ActionGroup/StageActionGroup/VerifyEmptyStageActionGroup.xml,1ac5f4056942b3285f273f3b09986cd1f811ad156640e53c3698efb06e55ce0e,1081
Test/Mftf/ActionGroup/StageActionGroup/VerifySelectFromGalleryButtonWorksActionGroup.xml,3ef67084b91bea2eb129db313c1655bee695a68c23a62d2589ab87375ca563fe,1920
Test/Mftf/ActionGroup/StageActionGroup/VerifyUploadImageButtonsActionGroup.xml,440d36efcabecbbaf299afe659e77185b4f5ca6cb4bceedb2551a3872e85df30,1336
Test/Mftf/ActionGroup/StoreConfigurationActionGroup/ApplyGoogleMapsAPIKeyActionGroup.xml,379ce2ba2553db6895a08a859eb2c7811c9c9eeddc002a6ed7d5ee747c930aa3,1540
Test/Mftf/ActionGroup/StoreConfigurationActionGroup/ClickAndValidateGoogleMapsAPIKeyTestKeyButtonActionGroup.xml,91c6119b14f0fecf521b3fa95178fe0a012ea7bdf401b20216ee089b50d2db1f,1318
Test/Mftf/ActionGroup/StoreConfigurationActionGroup/DisablePageBuilderSettingActionGroup.xml,8b9f280f454d351edd5b91abf51fdfe2fb1bde75d2c8c9a262c7b7f9aad1809c,2763
Test/Mftf/ActionGroup/StoreConfigurationActionGroup/EnablePageBuilderSettingActionGroup.xml,918acd0b32054fea595085e673205b8f89f59fe30f9d9da74721fb4e44a60284,1227
Test/Mftf/ActionGroup/StoreConfigurationActionGroup/InputGoogleMapsAPIKeyActionGroup.xml,41388279086e906b72392fdc4a767463f79009feb45ea46143e3057420b6926b,1032
Test/Mftf/ActionGroup/StoreConfigurationActionGroup/InputGoogleMapsStyleActionGroup.xml,09ae6d253fd92b57a5592bf2973372b4c64503c16c01b9f3abbb73ed9cf494cf,857
Test/Mftf/ActionGroup/StoreConfigurationActionGroup/UpdateDefaultGridSizeConfigActionGroup.xml,d881c66b2197795a2aa409cd0112238225d7e39fbe72b69ba338d4015c3d7c15,798
Test/Mftf/ActionGroup/StoreConfigurationActionGroup/UpdateMaxGridSizeConfigActionGroup.xml,f012eae1e8d3ba809e7dbd7d1c8fbd05da3fd908bd2e69e69b9d8902ccdb39d2,778
Test/Mftf/ActionGroup/StorefrontActionGroup/NavigateToStoreFrontActionGroup.xml,83616d4444fb69df454817d9f9afc5f9739fef43275299c587303927af0d0954,648
Test/Mftf/ActionGroup/StorefrontActionGroup/NavigateToStoreFrontWithStoreViewActionGroup.xml,9664adafcb020a986b397eb82274eb3be5b6d7a1cf5753814b41d6abc3ae0de1,721
Test/Mftf/ActionGroup/StorefrontActionGroup/StorefrontAddProductReviewProductFullWidthLayoutActionGroup.xml,5babb71a8bacef161bf7ae9f5645196966a8942b579b0e4ebf4924706fda2b57,1343
Test/Mftf/ActionGroup/StorefrontActionGroup/ValidateContentTypeInsideContainerStorefrontActionGroup.xml,327a6515e6cfb57083aa0e0c39c7a5e08d39330263a55933f9b09c23b187cd8b,943
Test/Mftf/ActionGroup/StorefrontActionGroup/ValidateContentTypeInsideContainerStorefrontInDOMActionGroup.xml,78d04a7bd36ff3d7b0bea2682c22450a52e3c8334810377d57450df48fa49c9c,941
Test/Mftf/ActionGroup/StorefrontActionGroup/VerifyCmsPageLinkOnFrontendActionGroup.xml,c519960e60d1b73e1ba1cd873b3a742852b0040ce099d7c0d708b179f9f5df05,1044
Test/Mftf/ActionGroup/TemplatesActionGroup/ChoosePageBuilderTemplateCreatedForOptionsInFilterActionGroup.xml,7da89ca6fa9343704954470f560b6c3acaf9c7b6acbf28a7689ccd94c2407e23,1379
Test/Mftf/ActionGroup/TemplatesActionGroup/ClearFiltersPageBuilderTemplateGridActionGroup.xml,9d9d407f168a957a02135cf4bce3b2ad21819f0af092a5e5d8154bd3ede8de2f,961
Test/Mftf/ActionGroup/TemplatesActionGroup/ClickApplyFromPageBuilderApplyTemplateSlideOutActionGroup.xml,ebd4547a10cee9ac5f1a16b35267d1753c03bb9effb19a923c682fa3b5deba87,1115
Test/Mftf/ActionGroup/TemplatesActionGroup/ClickApplyPageBuilderTemplatesGridFilterActionGroup.xml,7a26807bdd621bf19f797053c98d365861b4f749cbe428724137a5ec2a9c37bd,1014
Test/Mftf/ActionGroup/TemplatesActionGroup/ClickCloseOnPageBuilderSaveTemplateConfirmationModalActionGroup.xml,a88b09949afea63d946320b6b64bb474f3fa7b6e08ca628c912927ec74b1bced,1331
Test/Mftf/ActionGroup/TemplatesActionGroup/ClickNextPageOnPageBuilderTemplateGridActionGroup.xml,b8602ae119e81794a324039d5c011341f987003016e1f73b1f49778ec1340b29,971
Test/Mftf/ActionGroup/TemplatesActionGroup/ClickOkOnPageBuilderSaveTemplateErrorModalActionGroup.xml,ba3296fb2008dc1aba539d39f34ab9bb6cfee961f1baebde6082c58d25d895ee,1146
Test/Mftf/ActionGroup/TemplatesActionGroup/ClickPreviousPageOnPageBuilderTemplateGridActionGroup.xml,945341d2b596996b5ab2b5b90d07bbef954f7769e600401efec070e52ca4b856,1000
Test/Mftf/ActionGroup/TemplatesActionGroup/ClickSaveOnPageBuilderSaveTemplateModalActionGroup.xml,5056290ae5b87260f77060150344629980f7a1568483ea23c6a142c1adf79a74,1045
Test/Mftf/ActionGroup/TemplatesActionGroup/ClickSaveOnPageBuilderSaveTemplateModalAndExpectErrorModalActionGroup.xml,c7b5b55f774a5686ca32afe83b0cf93762972f36130c7184fdfa5a4dacc7b755,767
Test/Mftf/ActionGroup/TemplatesActionGroup/ClickSaveOnPageBuilderSaveTemplateModalAndExpectNoChangesActionGroup.xml,437cebeb133e373e88a4b146df5535dca668f955a1a5fabad4d29afcab08f03a,754
Test/Mftf/ActionGroup/TemplatesActionGroup/ClosePageBuilderApplyTemplateSlideOutActionGroup.xml,b39acce356e2e986a3ade425a607859777578071e6ef05ace6e9e99e1e843415,1293
Test/Mftf/ActionGroup/TemplatesActionGroup/ClosePageBuilderSaveTemplateModalActionGroup.xml,a5320db0d5e90895913a680854a817f5743b1f30dd82e20bc1352436b2239303,1266
Test/Mftf/ActionGroup/TemplatesActionGroup/ClosePageBuilderTemplatePreviewImageModalActionGroup.xml,600d5bf5ae2e6e70f124f88bc12b0a4ad7ff0e2e244615a92af2010952828542,1221
Test/Mftf/ActionGroup/TemplatesActionGroup/ConfirmApplyFromPageBuilderApplyTemplateSlideOutActionGroup.xml,c6a91cf83e7aeb742a8ea62c5a59356302873da326aed6c3f49da073253fa722,1078
Test/Mftf/ActionGroup/TemplatesActionGroup/DeletePageBuilderTemplateActionGroup.xml,b83c4ff739c92fe6acb82989b60cbe82873f53324a8a591c3cac18207201899c,1630
Test/Mftf/ActionGroup/TemplatesActionGroup/EditPageBuilderTemplateGridTotalResultsPerPageActionGroup.xml,b6ee4d706ff31190344b638a2c5347e8f4dfa8a0a534aca2f844b37d331b2949,1309
Test/Mftf/ActionGroup/TemplatesActionGroup/FillPageBuilderSaveTemplateFormActionGroup.xml,373a7c48256a2773fc323f9c62d193db4f2d2444730aaaad99d62f361a34e292,1400
Test/Mftf/ActionGroup/TemplatesActionGroup/FillPageBuilderSaveTemplateFormWithSpaceForTemplateNameActionGroup.xml,b068bbaeaf555792d5802db11807d47463cd2ea01f843db135241c014236b39e,831
Test/Mftf/ActionGroup/TemplatesActionGroup/FilterPageBuilderTemplateGridByCreatedDateActionGroup.xml,7446fdbaa014ec8f430f806ae429cf176b252e48f1c253b038d79ce269f32ed6,1620
Test/Mftf/ActionGroup/TemplatesActionGroup/FilterPageBuilderTemplateGridByIdActionGroup.xml,4f511ef4da936dcb3d4a3a43804fef62b31853b4346e1e79fde6a7d6f41ea3dd,1594
Test/Mftf/ActionGroup/TemplatesActionGroup/FilterPageBuilderTemplateGridByNameActionGroup.xml,8257e5842cab8a10e2ba5b665c4863b82aa2319cdf96e623c2881b7f62939b92,1427
Test/Mftf/ActionGroup/TemplatesActionGroup/NavigateToPageBuilderTemplatesGridPageActionGroup.xml,eb50b91e421bc3fd29e7db332ec096fbe60c9e4d66b38a56f1983b883b3d7a44,914
Test/Mftf/ActionGroup/TemplatesActionGroup/OpenPageBuilderApplyTemplateSlideOutActionGroup.xml,41a94df4087b134313f2829ef093eb75098e518f2bac143d83b682c0f3c0d040,1292
Test/Mftf/ActionGroup/TemplatesActionGroup/OpenPageBuilderSaveTemplateModalActionGroup.xml,d12d7afc2a0b810e9d5efcc9c6237bd75bafb06857a33b4be64325ae37d94c1a,1289
Test/Mftf/ActionGroup/TemplatesActionGroup/OpenPageBuilderTemplatePreviewImageModalActionGroup.xml,083f24450c755a59b5a5b226dfacb243fffeffa547c41365cebb86c89548b5be,1396
Test/Mftf/ActionGroup/TemplatesActionGroup/OpenPageBuilderTemplatesGridFilterActionGroup.xml,94d47e9c9b22b6a59daef76fcb536ad1b24be83b8d8bba0ed989a74211ee55cb,907
Test/Mftf/ActionGroup/TemplatesActionGroup/SavePageBuilderTemplateActionGroup.xml,540eb36486455cdbc197f1b93044a9b30771e7c84140293cbd2dba2113bcbc39,1599
Test/Mftf/ActionGroup/TemplatesActionGroup/SearchByKeywordPageBuilderTemplateGridActionGroup.xml,0bd80c4b4d8efa63b87b10bc6d9d615d09576808c7a9990898b79f6a3123adb3,1313
Test/Mftf/ActionGroup/TemplatesActionGroup/SortPageBuilderTemplateGridColumnActionGroup.xml,82625623b5a8886faa7e63815d75071e1c966257554c4d8948598cd1e497f9d4,1101
Test/Mftf/ActionGroup/TemplatesActionGroup/ValidatePageBuilderSaveTemplateConfirmationModalActionGroup.xml,0d1a607ee464c8134d64c49f85b0361b1a5361bf978ad72f518bcf34f71feb13,1056
Test/Mftf/ActionGroup/TemplatesActionGroup/ValidatePageBuilderSaveTemplateErrorModalActionGroup.xml,55e334ba856735cab9b7a0440b4722e7d8c222a27f62cfb6401cf577d9b9b64e,1316
Test/Mftf/ActionGroup/TemplatesActionGroup/ValidatePageBuilderSaveTemplateModalActionGroup.xml,8196326be98688985317669a071a00309a145153e3cb90240ec6ea40fca484ee,3193
Test/Mftf/ActionGroup/TemplatesActionGroup/ValidatePageBuilderTemplateDataInGridActionGroup.xml,c19da75f6e489b980a666edf1e5e3d0c0bb49b4bd0d028894914196cd1ba92eb,2960
Test/Mftf/ActionGroup/TemplatesActionGroup/ValidatePageBuilderTemplateEmptyGridActionGroup.xml,a67337481aa606d2dbc8776d2dc2bcb7527d086ea51cca3e1156ba0385118b87,946
Test/Mftf/ActionGroup/TemplatesActionGroup/ValidatePageBuilderTemplatePreviewImageModalActionGroup.xml,eb2f53ba0c043297d4e8280adf979e344a2e46c45a6eb398ddc3a0b1a65f69b5,2037
Test/Mftf/ActionGroup/TemplatesActionGroup/ValidateTotalNumberOfRowsInPageBuilderTemplateGridActionGroup.xml,4a71eec7268ddf8e921e34d23bc636de72e0394e7db385ca59dbed876021db68,1013
Test/Mftf/ActionGroup/TemplatesActionGroup/ValidateTotalRecordsFoundInPageBuilderTemplateGridActionGroup.xml,d35a67c2ecabfd8f411775e5ffa44f39515b62bad79f566061b42599e4a48173,1038
Test/Mftf/ActionGroup/TemplatesActionGroup/VerifyCannotNavigateToPageBuilderTemplatesGridPageActionGroup.xml,c8b567afef34db481550e3cbd624e469a04526f2fc1463e2e8eafe347d639756,1907
Test/Mftf/ActionGroup/TemplatesActionGroup/VerifyNoPageBuilderDeleteTemplateButtonActionGroup.xml,91dd54f145eea4f38e7933fea6db193f722b50ae10af24806efa4d12ee4895c9,1237
Test/Mftf/ActionGroup/TemplatesActionGroup/VerifyNoPageBuilderSaveOrApplyTemplateButtonsActionGroup.xml,fddf781eb49976f2f63862f0b81a3684b0c9b966d04e85f87fa7b30833b75865,1060
Test/Mftf/ActionGroup/WYSIWYGActionGroup/AddPageLinkVariableWYSIWYGDisabledActionGroup.xml,cc4ba34a20bd5158d40bdfd1da631e9176526fead2d626124d594ce116644df4,1826
Test/Mftf/ActionGroup/WYSIWYGActionGroup/AddPageLinkWidgetToTinyMCE3ActionGroup.xml,035c8d902256b5f17404dbdc57b991e06d198783f21e1326896547d05acba43d,960
Test/Mftf/ActionGroup/WYSIWYGActionGroup/AddPageLinkWidgetToTinyMCEActionGroup.xml,36303ab29c801909b160222a82cafb4372b2f3371936951aa5b2ec6347c59c8a,2927
Test/Mftf/ActionGroup/WYSIWYGActionGroup/AddPageLinkWidgetToTinyMCEInlineActionGroup.xml,3c894a4a15c0b3b7452bd548936fdc7c0a276de83c57cb9537929f46d2803ce3,634
Test/Mftf/ActionGroup/WYSIWYGActionGroup/AddPageLinkWidgetWYSIWYGDisabledActionGroup.xml,31f1b76d3f7f609d59c4a22746a3510ed3c3940ad548cabdd2d0518fcea33e7a,1385
Test/Mftf/ActionGroup/WYSIWYGActionGroup/AddTextToTinyMCEActionGroup.xml,d341325f3a269395b779d8a949a96c891532052b291467a890484f7c02f5691b,1297
Test/Mftf/ActionGroup/WYSIWYGActionGroup/AddTextToTinyMCEInlineActionGroup.xml,1133a1e38a4402e49d914694a29ac0c235166b648c3e36742fe3f7e5c9a117c9,1203
Test/Mftf/ActionGroup/WYSIWYGActionGroup/AddTextToTinyMCEInlineWYSIWYGDisabledActionGroup.xml,88e55e178c9de2a25766181b5f1876820279948317798c52f7e2759e3e12f646,937
Test/Mftf/ActionGroup/WYSIWYGActionGroup/AddVariableToTinyMCE3ActionGroup.xml,920d6c7c9131ef5f7c08410d8004d43b08a4e2325fc1db984e95ee85e68a84a2,958
Test/Mftf/ActionGroup/WYSIWYGActionGroup/AddVariableToTinyMCEActionGroup.xml,59c417fd94e81493bc63189588191b88d27f9151d64e596bfc429128fc285e81,1493
Test/Mftf/ActionGroup/WYSIWYGActionGroup/AddVariableToTinyMCEInlineActionGroup.xml,8650dbc651f95ea10999f5113d17609aca15830c3e93c9a53de65b1d55abe0b0,631
Test/Mftf/ActionGroup/WYSIWYGActionGroup/AdminClickInsertWidgetFromInsertWidgetSlideOutActionGroup.xml,b24e7645f3ced570c09f223f205b75f2d7719ec11226dd484a4db7622585512b,1264
Test/Mftf/ActionGroup/WYSIWYGActionGroup/AdminOpenInsertWidgetSlideOutActionGroup.xml,709a92d3d96fecc28090ae6ce39b3e30d2d9bbc28f4a2e56f2e06206955cc754,1097
Test/Mftf/ActionGroup/WYSIWYGActionGroup/AdminSelectCatalogProductsListWidgetFromInsertWidgetSlideOutActionGroup.xml,2dbfb9a6407df29086a77d0a80765437e49a63814ec3f4914facd0fa183bb692,1566
Test/Mftf/ActionGroup/WYSIWYGActionGroup/AssertSelectedTextActionGroup.xml,b8e9d03a54b72cff1131888209d0b3e54cd50aba053f253c2177225c4d13251f,815
Test/Mftf/ActionGroup/WYSIWYGActionGroup/AssertTextareaContainsValueActionGroup.xml,5d87888b7d102cb3809ffc0a3706db1618b63bbd3fe14e5ec51178bb86cee3f3,930
Test/Mftf/ActionGroup/WYSIWYGActionGroup/ClickDirectiveTinyMCEActionGroup.xml,43ff192b11396bf5ba6562684fd35d5bac317019523d12ae26b5f73c9a06bf46,822
Test/Mftf/ActionGroup/WYSIWYGActionGroup/ClickInsertImageInTinyMCEActionGroup.xml,3770cd182697d4b7af0a21a7d6d0da259f426217de1edd7eddab824a7bb84795,870
Test/Mftf/ActionGroup/WYSIWYGActionGroup/ClickMediaGalleryStorageRootArrowActionGroup.xml,c9c5a0ecab67def510e42ba487a1d08c4bf6338b0ca0c422aa05c24d7de2ba08,714
Test/Mftf/ActionGroup/WYSIWYGActionGroup/CloseVariablePanelTinyMCEActionGroup.xml,5adf1337da7b709c474322adace4705292ffbc38a490af1367f914bacd048114,770
Test/Mftf/ActionGroup/WYSIWYGActionGroup/CloseWidgetPanelTinyMCEActionGroup.xml,3c3db7d970aad6c45dd711e90afbc4369dbfe75455320b54f4c13ff82150f7c3,760
Test/Mftf/ActionGroup/WYSIWYGActionGroup/DoubleClickToInlineEditWYSIWYGFromStageActionGroup.xml,58e002cb585416c8d3fa8ba965fb1f832fbfea2d88dc654b2f85b7a49592b2bf,810
Test/Mftf/ActionGroup/WYSIWYGActionGroup/DoubleClickVariableTinyMCEActionGroup.xml,10d2c212afd84446b6c6ce83c3e60521d1eccbda8cf9af8b38dcb133b43666d0,1164
Test/Mftf/ActionGroup/WYSIWYGActionGroup/DoubleClickWidgetTinyMCEActionGroup.xml,3a31fb993e533a81f8c7461e374cc1ac6cf56c1233be6be312a6bc85b315b0ea,948
Test/Mftf/ActionGroup/WYSIWYGActionGroup/FocusTinyMCEActionGroup.xml,20a82a9f7480a6b59188f29bd64930ca553b61495ba610bbd172b1c144ea2237,895
Test/Mftf/ActionGroup/WYSIWYGActionGroup/FormatTextTinyMCEActionGroup.xml,4bc980c3fdde2826da9d90fbd5c818a0951f5a162d5a2129e8f09f8b3b5636d5,1148
Test/Mftf/ActionGroup/WYSIWYGActionGroup/InlineEditTextAreaFromStageActionGroup.xml,223b3da3be84a1a941ac9faf673968bcb46f87f46b5899469ed79123cd4d69f4,1071
Test/Mftf/ActionGroup/WYSIWYGActionGroup/InlineEditWYSIWYGFromStageActionGroup.xml,a482e6137a3364273c66a678d61240b97570c1d25d91bcd483c4b1a2dd1c6fd6,1316
Test/Mftf/ActionGroup/WYSIWYGActionGroup/InsertLinkInWYSIWYGActionGroup.xml,cca33de8e096883abc970a8c7db0963a21206ed4386b800d59e7d75080513082,1843
Test/Mftf/ActionGroup/WYSIWYGActionGroup/InsertLinkInWYSIWYGExistingTextActionGroup.xml,4e4098b1862fdad3c363245be7e994582993381f0146ea476ead0b9493869f77,1670
Test/Mftf/ActionGroup/WYSIWYGActionGroup/OpenInlineWYSIWYGEditorOnStageActionGroup.xml,13b1762962236cdf38fab213ad243924d875bf6f577e1c2c938255cb21118e18,1085
Test/Mftf/ActionGroup/WYSIWYGActionGroup/ReplaceTextToTinyMCEActionGroup.xml,b7af1d778ac5c15b4a16730c854357d816c0f0a4be190c09d21298bc39ebb2fb,522
Test/Mftf/ActionGroup/WYSIWYGActionGroup/ScrollToTinyMCEActionGroup.xml,a072c93eb3de98f1cf5bd9215e039d66abdb1bcbebd673aac18fe8cee62abcdd,739
Test/Mftf/ActionGroup/WYSIWYGActionGroup/SeeDirectiveFocusedTinyMCEActionGroup.xml,0815fe457b05daf712aa16769c5129014bb97f6ca564eab7a315c713c9ba902f,863
Test/Mftf/ActionGroup/WYSIWYGActionGroup/SeeVariableTinyMCEActionGroup.xml,df522e57f2bea72b926c2612632735d3060c33ed582e31e1b12ca1fa7ed40404,810
Test/Mftf/ActionGroup/WYSIWYGActionGroup/ValidateTextInTinyMCEActionGroup.xml,199bbcfc0c2b63ffece6620a3179b1f11ce09f30cb5b5e05de23087c8c903df1,960
Test/Mftf/ActionGroup/WYSIWYGActionGroup/VerifyInlineTinyMCEEditorNotUnderOtherElementsActionGroup.xml,f531a093d30ef96e9e28474e8b4a6a028f6a80400e3a00c66549a6abbcc866f4,783
Test/Mftf/ActionGroup/WYSIWYGActionGroup/WaitForTinyMCEInFocusActionGroup.xml,3d2c9277931ed180208f2093955ddfcbc4be298ab6fd5f1358f6281010406bc3,668
Test/Mftf/Data/AdvancedData.xml,3b17ecfb1f659d4fdb74c38373be38bfd7623d1c3c169ac3f8efa220d331aa95,30149
Test/Mftf/Data/BackgroundFormData.xml,203576adcf09eca3d291ab7c9510d595660065067e51a95ba3e2d61e12e7480f,33299
Test/Mftf/Data/BannerData.xml,2043923cc1f57b61cc88a89cf3e126dc0e41f79783e8bf6b8b2ba9fa8f8a528e,11212
Test/Mftf/Data/ButtonGroupData.xml,d8202d671b8debd498d6eb3d2145338021368cc8a6bca7fde927cad450992d1f,1767
Test/Mftf/Data/ButtonItemData.xml,b515b2417683795674a73f555a541e71dc8fa409ce71b6a10cefb65c6664e780,7344
Test/Mftf/Data/CatalogProductData.xml,e18fe1fc4ad3085b34cdec2394b856036321072fa8d61d60cc5383030a7bbc3f,3270
Test/Mftf/Data/CmsConfigData.xml,de93583d80d135dbee06fe60e06bbba027f20ed3bf16496069b055beffc64200,7108
Test/Mftf/Data/CmsPageData.xml,7c3a3b8c2f92544c4c2f9b8b25734ff10db9c29f33229adcb49d45e01f8ef1b9,5202
Test/Mftf/Data/ColumnData.xml,a9d09cfbac9fbdac8ee2daadd5802301800d5a299cfb38f66a14fd7a926361cb,8501
Test/Mftf/Data/CommonContentTypeData.xml,38bc1518377737f88b5b6a8656908053c292b71efaade82fb34dada1b5308946,9336
Test/Mftf/Data/ContentTypeData.xml,42de837f94dcbe01756042b1535ab91b2776f98d4bb19f83cee6105ccc700780,5894
Test/Mftf/Data/DividerData.xml,6ed6d907f8fd6979bbc93e21dc825885935c4198451e1ad144c9f6f9f5e2c208,6329
Test/Mftf/Data/EditPanelFormData.xml,2c552ef01fb18e9afda1be501d95b50abdbd35eac2971c03c4854d4257ebd8ca,865
Test/Mftf/Data/HeadingData.xml,f0e7ad126f07b6afa848d373b477365e32a4e6e64469397a4277ab5f94133957,3983
Test/Mftf/Data/HtmlData.xml,87af4292784198b4e3c390ca1a6f6e3bc5934f07935974c522b7a2f7b2c4ced0,2280
Test/Mftf/Data/ImageData.xml,0950b283978c32ffd0c02ce1868d3ea1bea4aa975aa94b9dec1c55db2437ff6d,6053
Test/Mftf/Data/LinkData.xml,ca835f7a4b6bde98e3cb2d49db31143dab9949bfcbda684c39bb319b299f58ea,748
Test/Mftf/Data/MapData.xml,71ecc7bf40b310bc6fd1324fb4de20be90542d520bb235657b1519817f2a34d5,45212
Test/Mftf/Data/PageLayoutData.xml,f059a17c5d44f7b74140bceaad6c684d88943a259092bde1f3c93481e764107b,636
Test/Mftf/Data/ProductAttributeSetData.xml,58da2f61c90988bb4a87f4dadfd1846eb11bdc7e8f87ef3c8ac77a89e0c07ae8,672
Test/Mftf/Data/ProductsData.xml,a9e0f552879d199b084048686ef4efe8b821f514d91cdb1d8bd7cfc6740c00a1,17375
Test/Mftf/Data/RowData.xml,00a169360fc13cc0b6ffe199bcca322ef6ecd82f4b7e648519ebb972501f1a85,2972
Test/Mftf/Data/SlideData.xml,3d20f1713bc96f35db4dc4d2db5afc205ff0cc7ddc6b742263d6f3ea6e205f79,16966
Test/Mftf/Data/SliderData.xml,3851f9b66157858e6562a7f859d2e222817d98f6ed065255796aa0a2ddbfe91f,4837
Test/Mftf/Data/TabData.xml,12254e08f93e509ad6495077fbe750f57390dfc3a3ef74f122951e81a9d79bd2,6903
Test/Mftf/Data/TabsData.xml,02eb22e02d2832e80f13cb8ac7359681cffb96355d6223d303f5464f9d7f90d5,3422
Test/Mftf/Data/TemplateData.xml,2e42c9c0db362d9b26d2a8e279feb2c5c75689cccca83c55cd5992bda48f035f,8203
Test/Mftf/Data/TextData.xml,8e3b54446030614cd26f482ad60436007bc943c7f919999ec855df73a1cad48c,1735
Test/Mftf/Data/TinyMCEData.xml,11c6e8cc4e5b4a79264afeaab44ee232f3bbde9fee9f182945a48612e175277f,5839
Test/Mftf/Data/VideoData.xml,12e1be7d05eea926453ae2dca84f27eb20593d1b58c4d0f831f7762d0c5fba20,6428
Test/Mftf/Helper/SelectText.php,aa275e462ca46f9fcdace24d3367e0fabef60d31031fb518b518a8779bd350d4,2686
Test/Mftf/Page/PageBuilderTemplatesGridPage.xml,701ba1345a180403e50e3a6e5029a1585784d14b85d2dd97f01ec5eb67ca8719,660
Test/Mftf/Section/PageBuilderBannerSection/BannerOnBackendSection.xml,8bb9f59969dbe79f3d017ca5c9183b26d9e6547d7167d99991ea7838e9f6e5ae,16463
Test/Mftf/Section/PageBuilderBannerSection/BannerOnConfigurationPanelSection.xml,a4f3161f151c1f0255865b02993b519746015aa1c0ed339261da7ee575eec89a,665
Test/Mftf/Section/PageBuilderBannerSection/BannerOnFrontendEmptyLinkSection.xml,786cb34dfe10be20bb14961e103ef65255eead6756cf5275621dd44f3b580fee,585
Test/Mftf/Section/PageBuilderBannerSection/BannerOnFrontendSection.xml,c4df9f7b2b284b503c90861abb4d638930b25391ff1ecd965035fbca30fc205b,13849
Test/Mftf/Section/PageBuilderBlockSection/BlockOnFormSection.xml,84bd478742e94a5a1a3b064229fbccba4e32b4d066d8854891e7314f96fe6195,682
Test/Mftf/Section/PageBuilderBlockSection/BlockOnGridSection.xml,d3a4f916388395711bfed020bd6d80785bcd59c9f7dcde58cc400b6ca2bb3182,690
Test/Mftf/Section/PageBuilderBlockSection/BlockOnStageSection.xml,fa27013fb53c575bdb66fb556f61d125a35d6e810cc637836cef136fd57c02d8,4502
Test/Mftf/Section/PageBuilderBlockSection/BlockOnStorefrontSection.xml,e482b632b6ea2f5235dbe7e7cee076f78da650ff3a9fef62e9a66869c93d0dae,3774
Test/Mftf/Section/PageBuilderButtonsSection/ButtonGroupOnStageSection.xml,50ca52638ccb14e0642250e8181ad22f117d320d4527dc547c71ca1b0f80e0f5,4178
Test/Mftf/Section/PageBuilderButtonsSection/ButtonGroupOnStorefrontSection.xml,0731e4b7e701820ce10f87402053910fe78b412c78fe4e546a7118e3ad770eeb,3222
Test/Mftf/Section/PageBuilderButtonsSection/ButtonItemOnStageSection.xml,5933cf8d940fead7c9c9adf863f19bd71089cd1ecf131e24343fc281d12ba058,7938
Test/Mftf/Section/PageBuilderButtonsSection/ButtonItemOnStorefrontEmptyLinkSection.xml,8b10c8da54c024195b1c8559116215099e34f6b4fd93cdefabf909ca29bcb30c,5105
Test/Mftf/Section/PageBuilderButtonsSection/ButtonItemOnStorefrontSection.xml,60f0915eea738911bc85424f73eb0c92ef29143ae178cc7212557aec4e332fe3,5424
Test/Mftf/Section/PageBuilderCatalogSection/AdminCategoryProductsGridSection.xml,d702f4566be8c660ce2e9b256b9cd7af238aede65052d8bee7aab08b5b0e66e7,591
Test/Mftf/Section/PageBuilderCatalogSection/CategoryContentSection.xml,640cf729d12b9efb937fa69efc615613db18fcde204e40a21d56d958c362ca2b,498
Test/Mftf/Section/PageBuilderCatalogSection/PageBuilderCategoryAttributeSection.xml,da5d1836da526c91737a889679241550f116b5f5793a105563f5995d07b10509,502
Test/Mftf/Section/PageBuilderCatalogSection/PageBuilderProductAttributeSection.xml,a8bc9ad19a53fab05a9b9b34e38faa2f8a7c06533b8007882a22e58aaa92dd92,938
Test/Mftf/Section/PageBuilderCatalogSection/PageBuilderProductStorefrontSection.xml,90d41c59f13c396ef65888e031bd757423140945d5bc2a495616c111dbd38335,804
Test/Mftf/Section/PageBuilderCatalogSection/StorefrontCategoryMainSection.xml,156b681ea3949f16e5d4a414265961deec8b611b8345d713d88c0bf8bae5d6d6,514
Test/Mftf/Section/PageBuilderCatalogSection/StorefrontProductFullWidthSection.xml,14e983d49fd2ce30035fdb3b6b4b938295e7a7c6dbf3c5a8c40cb94fe23071a0,1022
Test/Mftf/Section/PageBuilderColumnSection/ColumnOnBackendSection.xml,03c48a7150f203916c4ed04bc077d9206ac20fc39fc0e230188e68c67e95bc30,10574
Test/Mftf/Section/PageBuilderColumnSection/ColumnOnFrontendSection.xml,38d82afdd8eb2a6a25d6a59b988866f960948de873188bccf801aa037f6c42e1,8914
Test/Mftf/Section/PageBuilderDataGridSection.xml,5c3f8bea881eca6dff76fe49b93cf619c9c80f1730946dff04db878df2429cfa,3256
Test/Mftf/Section/PageBuilderDividerSection/DividerOnStageSection.xml,e8db35663783189f9f28eefb6242dc06e58acd1744ddd0a6fd123bf4824a9b86,4508
Test/Mftf/Section/PageBuilderDividerSection/DividerOnStorefrontSection.xml,6b9ff058b76ab6d1351c57510a87cc9bd616241e4ec718c541f37b98b41d37b1,4064
Test/Mftf/Section/PageBuilderEditFormSection/AdvancedFormSection.xml,9be8e1b2654bfeea8f3212ea029963f3f74516fedd65e214741836ca510e0785,3267
Test/Mftf/Section/PageBuilderEditFormSection/ColorPickerSection.xml,be4fef833bca93d60ddcf401130a58cd2cdfd687815be0991d4facd3966aceea,2996
Test/Mftf/Section/PageBuilderEditFormSection/EditPanelFormSection.xml,fe046f0fe076727dc734bc02616e44e3686148460bfcaf3609b169ad24a6d9ba,8066
Test/Mftf/Section/PageBuilderEditFormSection/PageBuilderLinkAttributeAdminSection.xml,d0117e5cfd1f43bd860cb32b7af9fa8f66e86d063e29be42d0c0dc4343307d0a,1490
Test/Mftf/Section/PageBuilderEditFormSection/VisualSelectComponentSection.xml,aa5eb7c5cbecef5b8c132761a1cbfec39a7e62031fa662658e88e2d2859bbc20,801
Test/Mftf/Section/PageBuilderHeadingSection/HeadingOnStageSection.xml,4ef4d270ec29a5d009d2bb704fbc8f517d6b4052352bfd11ec0bdebc5fe44cb6,6580
Test/Mftf/Section/PageBuilderHeadingSection/HeadingOnStorefrontSection.xml,f0bf31ae29f9b9e493f9ef7ea435ab2673b17eef510e5b00fddba001f6b2917f,3798
Test/Mftf/Section/PageBuilderHtmlSection/HtmlOnBackendArbitraryHtmlSection.xml,78a8d3bf626ddd61c96cb64f0172dbd0a43081185e33a7292e292dcfae3f5351,549
Test/Mftf/Section/PageBuilderHtmlSection/HtmlOnBackendMediaDirectiveSection.xml,96b229fbcc65251e3325764fa810737636d01e9b044b4d6520aff9b52a93d76a,506
Test/Mftf/Section/PageBuilderHtmlSection/HtmlOnBackendNonexistentDataRoleSection.xml,24398c984a579f43c86c2bc3548939751122448b03d055b1493967a378d72f88,643
Test/Mftf/Section/PageBuilderHtmlSection/HtmlOnBackendWithImageSection.xml,03da08effff4ccf1bb6a98a7ea40e536f4510dfb148318761e9336474b03ff8d,549
Test/Mftf/Section/PageBuilderHtmlSection/HtmlOnConfigurationSection.xml,e71c3b35d6edcae76c40a1068042a84e9d3791f1d08129f748902995a6a0c42f,973
Test/Mftf/Section/PageBuilderHtmlSection/HtmlOnFrontendWithImageSection.xml,ad305c95bfee1542e304aca0a727175087aec777831c6537641ed1070a505ebf,496
Test/Mftf/Section/PageBuilderHtmlSection/HtmlOnStageSection.xml,0ee7ff973fce529505d7987ba1b5e2a3b148ab11966c08419f7e4e2d51ecc335,4488
Test/Mftf/Section/PageBuilderHtmlSection/HtmlOnStorefrontSection.xml,75b69c7414c79f2bfe77f6db3c4d53db16c2396c6bb938978ef55cdb473ac35d,3174
Test/Mftf/Section/PageBuilderImageSection/ImageOnConfigurationPanelSection.xml,a644af3ed7779051cd2a104613eed529754622095e30b3dbfb02d5fa75ec59e0,1090
Test/Mftf/Section/PageBuilderImageSection/ImageOnStageSection.xml,1610d80344ad6cbacc7c777521cddf8f0ef2c79f928532e2ef8f672a02bebd05,3952
Test/Mftf/Section/PageBuilderImageSection/ImageOnStageWithoutImageUploadedSection.xml,dd8bd3f4a0c0352340ecb17c626063c5d4161c094c0a98135fe69c31f915955f,5562
Test/Mftf/Section/PageBuilderImageSection/ImageOnStorefrontSection.xml,ed4896ce6cecbe8d470b16f4026712eae2ecf5706dd537b52166203fcbcdec29,5403
Test/Mftf/Section/PageBuilderMapSection/AddLocationFormSection.xml,d3ad1b7f84367bfe6718a6516d3948800f9839d6e69a736094de14f97575c754,3890
Test/Mftf/Section/PageBuilderMapSection/EditMapFormSection.xml,a0f36c59cd0a3bfefb9255f4e9f934f92de86186b0924e60598ce4cce2497c9f,911
Test/Mftf/Section/PageBuilderMapSection/MapOnStageSection.xml,b00a5525376f34c5cd8cf7ea731bb228d082d6aecf0e28ca2fe0644173cd8801,8300
Test/Mftf/Section/PageBuilderMapSection/MapOnStorefrontSection.xml,73e56e39dfd00d55a31e548de2be93ad9f262676c2a4dda5382f9de6be22268a,8357
Test/Mftf/Section/PageBuilderProductsSection/CatalogProductsWidgetSection.xml,6fc97749d6e4932450a70ba5daf6c7f95c6c4920e2c9fde5dd98086a555eb62b,985
Test/Mftf/Section/PageBuilderProductsSection/ProductsCarouselOnStageSection.xml,4ee8fcbb3e8cc3a1cdec8a34dfc2010faaf52e00197ef216a135b49e3b389045,14785
Test/Mftf/Section/PageBuilderProductsSection/ProductsContentTypeFormSection.xml,363f51bb07c654adda4e67fa6e2cdf4bed50e97862e422d9013ea61fb70661ed,2663
Test/Mftf/Section/PageBuilderProductsSection/ProductsOnStageSection.xml,e92e09087f07f2d00b9dbabd56318a4b88d98bfd97ef298bc599b2bb0771c11b,7556
Test/Mftf/Section/PageBuilderProductsSection/ProductsOnStorefrontSection.xml,c09c0eb92d82d15623a321e7dbe2bcd39e50cb05d97f7efc832ff2b8fa86cd80,14362
Test/Mftf/Section/PageBuilderRowSection/RowOnBackendSection.xml,6c57cf994ba436dfd7bf1e1713cf8c957dcb8327096a302a0108d7d39ac60f35,1754
Test/Mftf/Section/PageBuilderRowSection/RowOnStageSection.xml,e8bb88cfa2cdd6cafc08c9bf383eb2764386ceee1354ef937c00d129a7addb9a,12609
Test/Mftf/Section/PageBuilderRowSection/RowOnStage_ContainedSection.xml,087c9da09a648d5e2493c1d8f1a866c7c3b8f10ca9e8a04d51217e88c9b21418,693
Test/Mftf/Section/PageBuilderRowSection/RowOnStage_Contained_InvalidSection.xml,9c747bf74f6599e72aecbbeceda5efe73b3e784a9b8489d8ae18e91fbae0cfc9,877
Test/Mftf/Section/PageBuilderRowSection/RowOnStorefrontSection.xml,42afca5b3432f93ddd27aa1bfde1e727a2c08138ae066ce42dee4db4d328ba7a,9974
Test/Mftf/Section/PageBuilderRowSection/RowOnStorefront_FullWidth_FullBleedSection.xml,dbcf9458084c2c8335478b383f14161f2875e7fb61878a7eebb380122a4a6f0f,8906
Test/Mftf/Section/PageBuilderSliderSection/SlideOnBackendSection.xml,a2dae84a4519757b4f0733f7218adcd00f8b7e981c3d8d9642bd35b6feecf381,16874
Test/Mftf/Section/PageBuilderSliderSection/SlideOnConfigurationPanelSection.xml,8c6bf608d3d40044041e7a6f7d6b743756479593d43dd7a1a0a9d000127e6883,662
Test/Mftf/Section/PageBuilderSliderSection/SlideOnFrontendEmptyLinkSection.xml,1fca9541b2a71033423e3e1245cf8f6f2f411add1289eb225f037711aed58b59,582
Test/Mftf/Section/PageBuilderSliderSection/SlideOnFrontendSection.xml,fdb32da76accea610e23bdfbca6d509293d04591051fe8366161704e413078ee,14484
Test/Mftf/Section/PageBuilderSliderSection/SliderOnFrontendSection.xml,3875857bfa4598ac7fb4bef667644e8db0b8b5a283edab45cc9ecca55bb7d901,4810
Test/Mftf/Section/PageBuilderSliderSection/SliderOnStageSection.xml,ac3a1da91f444da74614fc7fe921791d7e735aeedba196d05a7957d3015cf621,6313
Test/Mftf/Section/PageBuilderStageSection/PageBuilderContentTypeOptionsMenuSection.xml,143dac768a3c6ede1ff94f8eb955d5b32cd6f15e21d9e5f76395d844698bc985,4037
Test/Mftf/Section/PageBuilderStageSection/PageBuilderPanelSection.xml,917fe52e2d87861da10300dbfc651f4426700f222da829e48d0a2b60c2e6c674,3500
Test/Mftf/Section/PageBuilderStageSection/PageBuilderStageSection.xml,ed4b0902d49a45f3d60cd8eda6826269ffdb328684825e840a411eec7c99b459,6089
Test/Mftf/Section/PageBuilderStoreConfigurationSection.xml,ff098770e8f34a53d50f5be1b7007ee0989d38876f59dba936aaa7c509fdd745,3622
Test/Mftf/Section/PageBuilderStorefrontSection/PageBuilderLinkAttributeStoreFrontSection.xml,07506745c1c42bfb56ab144ea96321763602da8bb6ebfca2e9f7648389697ecc,874
Test/Mftf/Section/PageBuilderStorefrontSection/PageBuilderStoreFrontSection.xml,f228f27551fe312b470455528f3b62aa61624ce6dbc81fba704a370e38decc4b,1300
Test/Mftf/Section/PageBuilderStorefrontSection/StorefrontPanelHeaderSection.xml,aae28a2b427f925e0ea40a17206832a6a25203e6f9a6a3e59adddbec3539d154,491
Test/Mftf/Section/PageBuilderTabsSection/TabOnStageSection.xml,c7ef73f1084095471988cad3ee5f25115a072a701777c41001e4042cb9804d5f,10455
Test/Mftf/Section/PageBuilderTabsSection/TabOnStorefrontSection.xml,ba5276ee16530281802386f63e51ad6f0ce60e6d5a2dad6b59901b98e0329cb1,5490
Test/Mftf/Section/PageBuilderTabsSection/TabsOnFrontendSection.xml,5b71a35852eef14081baf8844ebb4802affc2c4cb3b058e64495a2ac6f0ea324,2267
Test/Mftf/Section/PageBuilderTabsSection/TabsOnStageSection.xml,9161a574a0149c7cc637632308f8f8188c223cc3a681b560d0973bd1d0e403ea,3580
Test/Mftf/Section/PageBuilderTemplateSection/PageBuilderApplyTemplateSlideOutSection.xml,b029fca648295cba39d352f5e140a45de00a9127ae4fe08d08e0a500b7299564,1054
Test/Mftf/Section/PageBuilderTemplateSection/PageBuilderApplyTemplatesGridSection.xml,239c343d3287e13ccc7960b6a9a895ac18baa8fe24bc00c6f785cee10013c078,7710
Test/Mftf/Section/PageBuilderTemplateSection/PageBuilderDeleteTemplateConfirmationModalSection.xml,5db87ef8865fdee24c6148e2d4c4abe35abce399fc6cad07540d2199d1326b48,1281
Test/Mftf/Section/PageBuilderTemplateSection/PageBuilderPreviewImageModalSection.xml,48513f98ce9546960523c540fb456845496b768b00c85d955f0e519d0b807cc7,1001
Test/Mftf/Section/PageBuilderTemplateSection/PageBuilderSaveTemplateConfirmationModalSection.xml,5823acbd32915f7184a0b37e6baffe5aac6bae8f14a01d21fa2bbfffef917c85,1116
Test/Mftf/Section/PageBuilderTemplateSection/PageBuilderSaveTemplateErrorModalSection.xml,231e31c74f31e1c3b36b84e8fdbffe75266f90e3a7f49acaf977a9d235d73401,1109
Test/Mftf/Section/PageBuilderTemplateSection/PageBuilderSaveTemplateModalSection.xml,7f4f45c0e177ed9bb290887ba0c4f0755012640d90c28bb15b381e8b00983e8b,2411
Test/Mftf/Section/PageBuilderTemplateSection/PageBuilderTemplatesPageGridSection.xml,3974def0db05987879a1f8e3f0f4b084fb5201cd9a80826390bacf80ed744bec,6009
Test/Mftf/Section/PageBuilderTemplateSection/PageBuilderTemplatesPageSection.xml,168a451bf67cde16412b34922382db0125e93e2e47cde2745f963bfdbf1c0cc3,470
Test/Mftf/Section/PageBuilderTextSection/TextOnConfigurationSection.xml,6f6973670c1f7c585a37f5683691ee68f0e560e0acf0f166dcd3ddee6b09831c,1993
Test/Mftf/Section/PageBuilderTextSection/TextOnStageSection.xml,b88a17c2b53ccc8f7b217d559981b13b2c83e1cc3a01a3e2c8a34f1bd922e780,8605
Test/Mftf/Section/PageBuilderTextSection/TextOnStorefrontSection.xml,0f02737c686da05daebafb4d2ac02e0005e2a9f3e8f25a27f798c885e539bae5,5806
Test/Mftf/Section/PageBuilderVideoSection/VideoOnStageSection.xml,4ffed2b79743de6802437c69fa3ae4b6a973b4a57107d2af0c48dc667208862f,5985
Test/Mftf/Section/PageBuilderVideoSection/VideoOnStorefrontSection.xml,58db69927ba8ff5ca763c138ca2a69986d72339194254873ab5d61537bd2b13a,4450
Test/Mftf/Section/PageBuilderWYSIWYGSection/MediaGallerySection.xml,a54e0983f2d30040e7bc016f60e96c4807e3f9a5087ff1795c15fd2461e422e2,595
Test/Mftf/Section/PageBuilderWYSIWYGSection/WYSIWYGInsertLinkModalSection.xml,92d9b8a450856aeeb83a5bf3cf3391f36e32f381f9a74f39c476411ea0d20d9f,1627
Test/Mftf/Section/PageBuilderWYSIWYGSection/WYSIWYGOnPageBuilderInlineSection.xml,6fd805107e7edeafa0309f2a00f5c149199d9038a3554d28715cbc03402a1bd7,3376
Test/Mftf/Section/PageBuilderWYSIWYGSection/WYSIWYGOnPageBuilderSection.xml,db3bcaccb9a7468782d385586ac1eac22b0132346b80c478d4ccd288f5d7f72c,1298
Test/Mftf/Suite/PageBuilderRequiresValidGoogleMapsAPIKeySuite.xml,121e20e51fe2d655d1f2db82ddd51592b2c6ed34dc6c1adf6be43905292507da,2072
Test/Mftf/Suite/PageBuilderSuite.xml,822a94f492c9f3aef57fa17d3a7f1945acfbdb4a894bf87e1433fae15888b3c6,2126
Test/Mftf/Test/AdminCMSBlockDisablePageBuilderTest/AdminAddImageToWYSIWYGBlockTest.xml,90022bb747df5498900fce7dea27a025cd173ae3cde79b781cc6ec6aeddd781f,882
Test/Mftf/Test/AdminCMSBlockDisablePageBuilderTest/AdminAddVariableToWYSIWYGBlockTest.xml,c980ee623737429e61a4dabae78a5730ff7d70532ae539bfda237c1eb2354a8a,885
Test/Mftf/Test/AdminCMSBlockDisablePageBuilderTest/AdminAddWidgetToWYSIWYGBlockTest.xml,40e22f7b790d67fbe2314e99acb57520669e92dd7a77974593a53e8a93d8cacf,883
Test/Mftf/Test/AdminCMSBlockDisablePageBuilderTest/AdminAddWidgetToWYSIWYGWithCMSStaticBlockTypeTest.xml,cfd7e3a919d42307aa9a89e782d0944a48ba92bf09ac4aae13866c8c5eecbc3b,900
Test/Mftf/Test/AdminCMSBlockDisablePageBuilderTest/AdminCreateCmsBlockWithMarginalSpaceTest.xml,e7ea44bb04d24717f168b69cbbc4192fa96270bcdec4322d10ad719b5283d3a8,904
Test/Mftf/Test/AdminCMSBlockDisablePageBuilderTest/AdminCreateDuplicatedCmsBlockTest.xml,659e88fd0b1f02f0927ecbe2cabe3ad8c706d03cc024ce3105b77c2078619eb5,884
Test/Mftf/Test/AdminCMSBlockDisablePageBuilderTest/CheckStaticBlocksTest.xml,5f2a7c2e06eda923d4f65aadb6569ab0458e0867fe05cfd4331c1e07a283772d,824
Test/Mftf/Test/AdminCMSBlockDisablePageBuilderTest/PageBuilderCmsBlockDisablePageBuilderTest.xml,4649b90ca4239fa6def56b654d220fb222e2d4fbaa5d1eff21fd628644a504d7,2633
Test/Mftf/Test/AdminCMSBlockDisablePageBuilderTest/VerifyTinyMCEv4IsNativeWYSIWYGOnBlockTest.xml,9153da4daca68925c7dd42751b6f29402c31cfc2fc3404affb6b67c250274cfc,892
Test/Mftf/Test/AdminCMSBlockPageBuilderTest/PageBuilderCMSBlockCreateAndApplyTemplate.xml,4864307fc55253ed9724a099fd72ab4f9f9474542688bc79bd801eb98c8c6da1,2149
Test/Mftf/Test/AdminCMSBlockPageBuilderTest/PageBuilderCmsBlockAddAndEditRowColumnSlideTest.xml,d5face50a734127aca76be4ee7eb1521e9a6a343a74a1fc301c54ca35d35f8af,6111
Test/Mftf/Test/AdminCMSBlockPageBuilderTest/PageBuilderCmsBlockFullScreenCoversEntireScreenTest.xml,eb7e0716e355bed7ba85d4c5d1b6a060ac592c398489d545ccd0198be09503ac,1878
Test/Mftf/Test/AdminCMSBlockPageBuilderTest/PageBuilderCmsBlockFullScreenLeftPanelHeightAndFunctionalityTest.xml,1b2a6e432c4c1f2d5a1799f86f9290e019a6c28b970a568ab7949237f0fd14da,1955
Test/Mftf/Test/AdminCMSBlockPageBuilderTest/PageBuilderCmsBlockVerifyCanAddChildContentTypesFromOnHoverOptionMenusTest.xml,c40f1dc7f60927398d67dda8def29fce65ee8961c7d5d87ca1da8e6a0d26c240,4726
Test/Mftf/Test/AdminCMSBlockPageBuilderTest/PageBuilderCmsBlockVerifyCanDeleteContentTypesFromOnClickOptionMenusTest.xml,1470e3c6db9f934510752f0c2a41aa39b3692d3779b36fca5a80b2405a09fa78,5130
Test/Mftf/Test/AdminCMSBlockPageBuilderTest/PageBuilderCmsBlockVerifyCanDeleteContentTypesFromOnHoverOptionMenusTest.xml,e2662efbf91a046b0adb948c7e7a9a6cb0b74c3221096397dfc0ab199f563cde,5132
Test/Mftf/Test/AdminCMSBlockPageBuilderTest/PageBuilderCmsBlockVerifyCanDuplicateContentTypesFromOnClickOptionMenusTest.xml,f5d3773d41e6ff7c8067a5004bb96e4b93a25bde725cba69fa1962bab66d80d1,4717
Test/Mftf/Test/AdminCMSBlockPageBuilderTest/PageBuilderCmsBlockVerifyCanDuplicateContentTypesFromOnHoverOptionMenusTest.xml,4691cd90327355cf3b02c393c5aa9187f20b2b106e7fd8dd1494504c314d20f7,5164
Test/Mftf/Test/AdminCMSBlockPageBuilderTest/PageBuilderCmsBlockVerifyCanEditContentTypesFromOnClickOptionMenusTest.xml,236ba0c781ad5d0f5eafe8fe2e115973213a266f3a73d8e0b7a73990b9cf6fa5,4707
Test/Mftf/Test/AdminCMSBlockPageBuilderTest/PageBuilderCmsBlockVerifyCanEditContentTypesFromOnHoverOptionMenusTest.xml,eef103b5a11dc55c886080e2cd417ff2c91880ad5ffcb6955f6dc686560d2db8,4909
Test/Mftf/Test/AdminCMSBlockPageBuilderTest/PageBuilderCmsBlockVerifyCanMoveButtonItemsTest.xml,97d16eaf093dc47fd8bafea78a2cd7321450644ab06c5031b7b35df3d0fdeb2d,4081
Test/Mftf/Test/AdminCMSBlockPageBuilderTest/PageBuilderCmsBlockVerifyCanMoveContentTypesFromOnHoverOptionMenusTest.xml,10f1534b98bf441b7318f296cf19487cbb2551cd086145c06ede7e9fdcf33f68,4854
Test/Mftf/Test/AdminCMSBlockPageBuilderTest/PageBuilderCmsBlockVerifyCanMoveSlideItemsTest.xml,8cb63db0099195f02da00bca7f0d25940199488b0bba100213a5b45974df9b63,4252
Test/Mftf/Test/AdminCMSBlockPageBuilderTest/PageBuilderCmsBlockVerifyCanMoveTabItemsTest.xml,8aa76e125f0f8927e0674f3e5cfe57a633db8e0d3ac87f09f8d246f0c5391801,4043
Test/Mftf/Test/AdminCMSBlockPageBuilderTest/PageBuilderCmsBlockVerifyPageBuilderEnableOnBlockPageWhenPageBuilderEnabledAndWYSIWYGDisabledTest.xml,58fb731671adc5fceb67ebf39ab0e125b33c184bce757ef6a79c452773f5c02b,3095
Test/Mftf/Test/AdminCMSPageDisablePageBuilderTest/AdminAddImageToCMSPageTinyMCE3Test.xml,2145faa205520302fe2de30cfbf12bfbe9b1e880e900cf886e2098f054ab618b,675
Test/Mftf/Test/AdminCMSPageDisablePageBuilderTest/AdminAddImageToWYSIWYGCMSTest.xml,83cc1281a7208f4a0f9adeb0d29c8ee3dd8706432cc7381e123da351d180198c,675
Test/Mftf/Test/AdminCMSPageDisablePageBuilderTest/AdminAddVariableToWYSIWYGCMSTest.xml,b169129d318f3ec45fd282452d1348bdfa1076389304625fd5f0defceed179b6,678
Test/Mftf/Test/AdminCMSPageDisablePageBuilderTest/AdminAddWidgetToWYSIWYGWithCMSPageLinkTypeTest.xml,97dbd4d5b594bb92343dbd2994780e31e1e79b0ba19b95537c8d9027d0f5ae72,692
Test/Mftf/Test/AdminCMSPageDisablePageBuilderTest/AdminAddWidgetToWYSIWYGWithCatalogCategoryLinkTypeTest.xml,6e1777f4cfb2833fb46d8b78b47fc29a980e389060ababe3d2fd144609f7447d,700
Test/Mftf/Test/AdminCMSPageDisablePageBuilderTest/AdminAddWidgetToWYSIWYGWithCatalogProductLinkTypeTest.xml,351a32af32f347b3bf8f5fb3fde6a46fd9ed1938ac002101d7573890e013fe7d,699
Test/Mftf/Test/AdminCMSPageDisablePageBuilderTest/AdminAddWidgetToWYSIWYGWithCatalogProductListTypeTest.xml,8ba7624c6d1d794a2159e5806714129ae03f9b84887c0cf797ec410d75b1e447,699
Test/Mftf/Test/AdminCMSPageDisablePageBuilderTest/AdminAddWidgetToWYSIWYGWithRecentlyComparedProductsTypeTest.xml,65c2d4ace1937cca3e460915d3d8be86ed3f7c672d636907e2741de031805f21,705
Test/Mftf/Test/AdminCMSPageDisablePageBuilderTest/AdminAddWidgetToWYSIWYGWithRecentlyViewedProductsTypeTest.xml,c9a80164de078d5d4ef08ddb2e67a16e5788c47c5fb6141bbcc648a7b2094d5a,703
Test/Mftf/Test/AdminCMSPageDisablePageBuilderTest/AdminCreateCmsPageTest.xml,7a5d0be28029000e2199af2bfdcdee04c0156f877c31b41fa647cd469b9f4ccf,673
Test/Mftf/Test/AdminCMSPageDisablePageBuilderTest/AdminCreateDuplicatedCmsPageTest.xml,196c2397d56661b3ceec6a4619030ed7e9c3ac9cc74a3bab7d04eff57886f693,678
Test/Mftf/Test/AdminCMSPageDisablePageBuilderTest/AdminMediaGalleryPopupUploadImagesWithoutErrorTest.xml,ed030d50bb008304dd689dd3786523522c94af7eac821352e140de39c7a0baf2,701
Test/Mftf/Test/AdminCMSPageDisablePageBuilderTest/AdminSwitchWYSIWYGOptionsTest.xml,4e9492d7a4ae2a001c27581e9c8a7ca1dc6e723efc444a4bb4ae8471f26f4c81,672
Test/Mftf/Test/AdminCMSPageDisablePageBuilderTest/CheckOrderOfProdsInWidgetOnCMSPageTest.xml,37b1bb2027851049ee35c42a043528addaa7cafb753d1e02209d91490e7ce7f7,679
Test/Mftf/Test/AdminCMSPageDisablePageBuilderTest/PageBuilderCmsPageDisablePageBuilderTest.xml,771b37f2a66a70397f408cb0dd623326846438331bff8cc0fff52eb33fc1702a,2669
Test/Mftf/Test/AdminCMSPageDisablePageBuilderTest/VerifyTinyMCEv4IsNativeWYSIWYGOnCMSPageTest.xml,6737fc63ddafe9c364676264ef2e34222dba23de2e83f684422940dcf9d94b43,689
Test/Mftf/Test/AdminCMSPagePageBuilderTest/AdminConfigDefaultCMSPageLayoutFromConfigurationSettingTest.xml,228be1827fc34019c101daaee50d41d9ff124fe244557a61c31b12b87076c062,1781
Test/Mftf/Test/AdminCMSPagePageBuilderTest/PageBuilderCMSPageCreateAndApplyTemplate.xml,9d1110a9fc4d9f16fc2399721a3ab72906bc48d095c06fa74bedb441757d0b11,4323
Test/Mftf/Test/AdminCMSPagePageBuilderTest/PageBuilderCMSPageCreateCMSPageFullWidthLayoutTest.xml,857ec2ceaddf18ed5d00bd2c1294abc9b5710833fe4746d55bad74d44b77222c,3748
Test/Mftf/Test/AdminCMSPagePageBuilderTest/PageBuilderCMSPageCreateCMSPageWithInvalidFullWidthLayoutTest.xml,2a19978428fe0c7cdec6738c01cc3dbb97fba5a5a9d2e20c8dbbc3ae02800bce,5226
Test/Mftf/Test/AdminCMSPagePageBuilderTest/PageBuilderCMSPageVerifyPageBuilderEnableOnCMSPageWhenPageBuilderEnabledAndWYSIWYGEnabledTest.xml,d8868de903b9c2f1d77232107ccd99071cbf2af3c4a325e7f1bc669cceaab957,3425
Test/Mftf/Test/AdminCatalogCategoryDisablePageBuilderTest/AdminAddImageToWYSIWYGCatalogTest.xml,383478c12f957cbc466b6e5dce113ec8361f9765816c3b41903f7f52107c38db,679
Test/Mftf/Test/AdminCatalogCategoryDisablePageBuilderTest/PageBuilderCatalogCategoryDisablePageBuilderTest.xml,ba721917ea1424c9bbe89a504b65233c612d4fe68c11bc679daa5b5b54bd75ba,2695
Test/Mftf/Test/AdminCatalogCategoryDisablePageBuilderTest/VerifyTinyMCEv4IsNativeWYSIWYGOnCatalogTest.xml,0d4beb98bc0f1580773e4442bd7c87f2d7b9dc41669d890d0812507369aea4cd,689
Test/Mftf/Test/AdminCatalogCategoryPageBuilderTest/AdminConfigDefaultCategoryLayoutFromConfigurationSettingTest.xml,0d486ac752c726c3247447dc75384c1a7984c3f7d033b3d67300a5fde2277530,1518
Test/Mftf/Test/AdminCatalogCategoryPageBuilderTest/PageBuilderCatalogCategoryAddAndEditRowColumnSlideTest.xml,e94cece7df6d9ebf63b116997ecdab0ae72fea77e967471631b5fd38ef6e2236,2561
Test/Mftf/Test/AdminCatalogCategoryPageBuilderTest/PageBuilderCatalogCategoryCreateAndApplyTemplate.xml,4273b9c15329c197493c321403dfb496518df463f98f64baeb5b8ebd5f62d474,2455
Test/Mftf/Test/AdminCatalogCategoryPageBuilderTest/PageBuilderCatalogCategoryCreateCategoryWithPageBuilderDescriptionAndInvalidPageLayoutTest.xml,073380e850c7726502d0498c8b9697b0c0309914d75dbb79a2b12c7026d1b1e2,5677
Test/Mftf/Test/AdminCatalogCategoryPageBuilderTest/PageBuilderCatalogCategoryCreateCategoryWithPageBuilderDescriptionTest.xml,aa6a8aa26504b616d51c9bf75884720a969269d00988475f70a4fcf0b5383e1c,4231
Test/Mftf/Test/AdminCatalogCategoryPageBuilderTest/PageBuilderCatalogCategoryDirectivesTest.xml,36c4c72f94d6c0fc4788dfefa793b1e9ed4811907785ff33b83c27e219ea8736,8238
Test/Mftf/Test/AdminCatalogCategoryPageBuilderTest/PageBuilderCatalogCategoryFullScreenCoversEntireScreenTest.xml,2b7139b15c4a1f5ec224a8ef2289e055540b73465e6a5b9d5157698a57252e01,1912
Test/Mftf/Test/AdminCatalogCategoryPageBuilderTest/PageBuilderCatalogCategoryFullScreenLeftPanelHeightAndFunctionalityTest.xml,ef51a6f1ba75995a668cb08fbeee79c1805c1d6eb07257d943e2a8c7d3812a16,1989
Test/Mftf/Test/AdminCatalogCategoryPageBuilderTest/PageBuilderCatalogCategoryVerifyCanAddChildContentTypesFromOnHoverOptionMenusTest.xml,b3087c07f5c4ad0dd2ced84271f044b8fe2ae360c2a6e5edd338aece463a5346,2566
Test/Mftf/Test/AdminCatalogCategoryPageBuilderTest/PageBuilderCatalogCategoryVerifyCanDeleteContentTypesFromOnClickOptionMenusTest.xml,4dd9dc2b6a0ec69404ee141408a33b4d851b4e279dc33658f6c2e4cad1a9c3e6,2887
Test/Mftf/Test/AdminCatalogCategoryPageBuilderTest/PageBuilderCatalogCategoryVerifyCanDeleteContentTypesFromOnHoverOptionMenusTest.xml,046a8b24344fec70723987c722eb2c1a1bfeddeb0d93855f3477ac1459b85f16,2887
Test/Mftf/Test/AdminCatalogCategoryPageBuilderTest/PageBuilderCatalogCategoryVerifyCanDuplicateContentTypesFromOnClickOptionMenusTest.xml,1bc301c1e14e3ba3e0426c536e2dd80f2e3ce84daea277a5bd20e3116cec0c54,2769
Test/Mftf/Test/AdminCatalogCategoryPageBuilderTest/PageBuilderCatalogCategoryVerifyCanDuplicateContentTypesFromOnHoverOptionMenusTest.xml,80faa72ed856463b9154cceb2e1efb222cccf7c2873c37b59f63ebdfef4f0a2e,2765
Test/Mftf/Test/AdminCatalogCategoryPageBuilderTest/PageBuilderCatalogCategoryVerifyCanEditContentTypesFromOnClickOptionMenusTest.xml,51725be7bd9aeaf31803baf216e60256601a02f3a67d8a58a34a15a49a3cdd8a,2547
Test/Mftf/Test/AdminCatalogCategoryPageBuilderTest/PageBuilderCatalogCategoryVerifyCanEditContentTypesFromOnHoverOptionMenusTest.xml,074eb6565c054265cda55c57f25bb4aef8be2b589ccd67156e9ef3336fad24a9,2545
Test/Mftf/Test/AdminCatalogCategoryPageBuilderTest/PageBuilderCatalogCategoryVerifyCanMoveButtonItemsTest.xml,0b96113c45733086cd470edbabb1593041de6c4f533855bc0a736da0698706bf,2946
Test/Mftf/Test/AdminCatalogCategoryPageBuilderTest/PageBuilderCatalogCategoryVerifyCanMoveContentTypesFromOnHoverOptionMenusTest.xml,8b2667525a8a712e7748be77e6d94eb32991e8aa68d74a6203a139111266e683,2644
Test/Mftf/Test/AdminCatalogCategoryPageBuilderTest/PageBuilderCatalogCategoryVerifyCanMoveSlideItemsTest.xml,2c951e6a2555eb83bdfa0327bcaa34cf30bc13746c749ecd7be43e9a04dbe6ea,3738
Test/Mftf/Test/AdminCatalogCategoryPageBuilderTest/PageBuilderCatalogCategoryVerifyCanMoveTabItemsTest.xml,105ff0581123730ac75b26885562233272290e955f357d2520aff12dbdb6d0a3,2783
Test/Mftf/Test/AdminCatalogCategoryPageBuilderTest/PageBuilderCatalogCategoryVerifyPageBuilderVisibleTest.xml,86ffb7697f74e60be980c65c82c2e0a51f5351cc4285bac972aa6f940fba9738,3442
Test/Mftf/Test/AdminCatalogProductDisablePageBuilderTest/AdminAddImageToWYSIWYGProductTest.xml,86591bfbd5c020f15f28b64ecacfbfd63f6639d21e78e27c6c8484e61144be47,679
Test/Mftf/Test/AdminCatalogProductDisablePageBuilderTest/AdminEditTextEditorProductAttributeTest.xml,037917db1839bcb7b98a2f2bc81136aafb5c957972a01996da022785fa7d98f8,685
Test/Mftf/Test/AdminCatalogProductDisablePageBuilderTest/PageBuilderProductDisablePageBuilderTest.xml,57c398d59b885abb45c6b40f657da738ba6c8d5b03d4cee40f9cbe3b254a9905,3128
Test/Mftf/Test/AdminCatalogProductDisablePageBuilderTest/StorefrontBundleProductDetailsTest.xml,c951f0d4348221ab088408f3ae62793b1d239e9000eef164c6d36ef4446257c3,879
Test/Mftf/Test/AdminCatalogProductDisablePageBuilderTest/StorefrontSwatchAttributesDisplayInWidgetCMSTest.xml,69137aeb4c6193f3afb2bfc99c7ef02db7a9c9030efcecbbec6eb627b34653df,851
Test/Mftf/Test/AdminCatalogProductDisablePageBuilderTest/VerifyDefaultWYSIWYGToolbarOnProductTest.xml,34b490d1eabb60a7aeac70db4490d5cf9bba48e973cb06c7b29f2c758f8875c2,937
Test/Mftf/Test/AdminCatalogProductDisablePageBuilderTest/VerifyTinyMCEv4IsNativeWYSIWYGOnProductTest.xml,a94d9e70970d860883cf51cd1393be53e4136c68d65c6e60186d37461044b1dc,824
Test/Mftf/Test/AdminCatalogProductDisablePageBuilderTest/VerifydefaultcontrolsonproductshortdescriptionTest.xml,ce0d6cb6b7f41c05bf7a6f3002f05fe195d0a6d35b7e4605c41acbe366a33ac8,424
Test/Mftf/Test/AdminCatalogProductPageBuilderTest/AdminConfigDefaultProductLayoutFromConfigurationSettingTest.xml,e88259a7aef7875d49c2fb44969fe8f2226a1a8ad67bf8a6fd9cec62362d2966,1311
Test/Mftf/Test/AdminCatalogProductPageBuilderTest/HtmlAddToCatalogProductTest.xml,988a0c25cbfa51d6a0e5238aa775c0155b2e2aff86c8981de0dea9afe517e0a0,5093
Test/Mftf/Test/AdminCatalogProductPageBuilderTest/PageBuilderCatalogProductAddAndEditRowColumnSlideTest.xml,f7ff0dd50a640a9dee5bb982266c9067a1b47b9de9b16ff5109af77d671de277,11324
Test/Mftf/Test/AdminCatalogProductPageBuilderTest/PageBuilderCatalogProductCanCreatePageBuilderProductAttributeOnProductFormTest.xml,d7e580780e84af5b7f61df32984012669c0875919def1460bbeaf2e2f6527f41,4992
Test/Mftf/Test/AdminCatalogProductPageBuilderTest/PageBuilderCatalogProductCanCreatePageBuilderProductAttributeTest.xml,c88fd8b693412c9c3e4537eab02b899ab710f8c7ab5594cbfe14cb354feb90e6,2140
Test/Mftf/Test/AdminCatalogProductPageBuilderTest/PageBuilderCatalogProductCanCreateProductWithPageBuilderProductAttributeTest.xml,a1cf80aa550694c468839a9abd1849fc7a6f143a0f299bcd6753f164dac4697e,4702
Test/Mftf/Test/AdminCatalogProductPageBuilderTest/PageBuilderCatalogProductCanDownGradePageBuilderProductAttributeToTextAreaTest.xml,e20769f195f4f4eacd9151c95a8645c43f68fb341381bc861890b30d52d80b4d,5273
Test/Mftf/Test/AdminCatalogProductPageBuilderTest/PageBuilderCatalogProductCanDownGradePageBuilderProductAttributeToTextEditorTest.xml,e0ed6931f1c695820fb8cf1ca6e9471a5801cddebbe4e2c348f7fadc2bf17ce7,5258
Test/Mftf/Test/AdminCatalogProductPageBuilderTest/PageBuilderCatalogProductCanUpgradeTextEditorProductAttributeToPageBuilderTest.xml,befd7ece009bde20f30651851304b78ccc6304b47da04adc938aefac2c58b3fd,4807
Test/Mftf/Test/AdminCatalogProductPageBuilderTest/PageBuilderCatalogProductCreateAndApplyTemplate.xml,e9d569fb6dde103af85958922b60277603a701647bd6c8350676a00e00e4676c,2990
Test/Mftf/Test/AdminCatalogProductPageBuilderTest/PageBuilderCatalogProductCreateProductWithFullWidthPageBuilderAttributeTest.xml,3b1ea847523803a0a3700c640658759a8d205e2a8e4417946235753b49f01483,7293
Test/Mftf/Test/AdminCatalogProductPageBuilderTest/PageBuilderCatalogProductCreateProductWithNormalAttributeValidateInTableFullWidthTest.xml,53d92e02fe728a05419a6e26ad038d5359d3e70896ccff03a278a5cf4e7f3df6,3680
Test/Mftf/Test/AdminCatalogProductPageBuilderTest/PageBuilderCatalogProductCreateProductWithPageBuilderDescriptionAndInvalidLayoutTest.xml,fd1e45003b3f72f762339a98efb9cddbab12a7f90a091911a3157124ee8f795e,6867
Test/Mftf/Test/AdminCatalogProductPageBuilderTest/PageBuilderCatalogProductCreateProductWithPageBuilderDescriptionTest.xml,3fd2aa26e62da1183e86980af7e7b21a466e33af573065a244a1ea4e630706b8,5277
Test/Mftf/Test/AdminCatalogProductPageBuilderTest/PageBuilderCatalogProductDirectivesTest.xml,b6ab6e2437eabe48473cc7b093baa1d7a437277f1a5a5db28007f733b2617a3e,9591
Test/Mftf/Test/AdminCatalogProductPageBuilderTest/PageBuilderCatalogProductFullScreenCoversEntireScreenTest.xml,92851a287ed5c8fdef582643307512b4b918974992a07eec1d076e1817d316f4,2422
Test/Mftf/Test/AdminCatalogProductPageBuilderTest/PageBuilderCatalogProductFullScreenLeftPanelHeightAndFunctionalityTest.xml,039356d19eff781fc95449b8c87d2248cc8f25381016fb7e0eaa3ee99a7a61bb,2499
Test/Mftf/Test/AdminCatalogProductPageBuilderTest/PageBuilderCatalogProductProductFullWidthValidateAttributeOrderTest.xml,9244b354645529bfcaceb788cbc3b05a1efe3ac5196a5ef85ba80d91952025c6,9911
Test/Mftf/Test/AdminCatalogProductPageBuilderTest/PageBuilderCatalogProductRowCanAddAdditionalRowOnProductTest.xml,5eea294c693069781b8de5ca5a56e6bb2991c2a751cf6229c45a0c0cf632e9ca,3699
Test/Mftf/Test/AdminCatalogProductPageBuilderTest/PageBuilderCatalogProductStorefrontPageBuilderFullWidthProductsContentsAreOrderedCorrectlyTest.xml,4dee0fed2da0fc343e9849895746bbbe71be7d5af3ddfa829f29a18a92d7a0a9,12805
Test/Mftf/Test/AdminCatalogProductPageBuilderTest/PageBuilderCatalogProductVerifyCanAddChildContentTypesFromOnHoverOptionMenusTest.xml,8b9cd514862993fc90386c4191d92f2fba6b8b6e4ed522888526f24c8ef63c44,4857
Test/Mftf/Test/AdminCatalogProductPageBuilderTest/PageBuilderCatalogProductVerifyCanDeleteContentTypesFromOnClickOptionMenusTest.xml,899b915a1aac3431b0d154dd7100a23af7b6980b15e652c448ee1366c1956883,5896
Test/Mftf/Test/AdminCatalogProductPageBuilderTest/PageBuilderCatalogProductVerifyCanDeleteContentTypesFromOnHoverOptionMenusTest.xml,57a6a9a255263969a0ce336e3e3a7f904604245dca5d8f4c397ed9ec024d0413,5616
Test/Mftf/Test/AdminCatalogProductPageBuilderTest/PageBuilderCatalogProductVerifyCanDuplicateContentTypesFromOnClickOptionMenusTest.xml,e6fe40c98fe23dab68170e8169e61d2ca26e7b2767bcc46e24767b15d3a5ccaa,6926
Test/Mftf/Test/AdminCatalogProductPageBuilderTest/PageBuilderCatalogProductVerifyCanDuplicateContentTypesFromOnHoverOptionMenusTest.xml,694681652447a99a8961bd366cf08750cf83281ddb669438bd7c60fa3e94971d,6301
Test/Mftf/Test/AdminCatalogProductPageBuilderTest/PageBuilderCatalogProductVerifyCanEditContentTypesFromOnClickOptionMenusTest.xml,fc7407057ff3250cef9fd24b3dda0e814ce8b30404557db36cc425036b84825a,5814
Test/Mftf/Test/AdminCatalogProductPageBuilderTest/PageBuilderCatalogProductVerifyCanEditContentTypesFromOnHoverOptionMenusTest.xml,eb8940ad0c19f3c1ee03015e35d3dc3bd77371b1c865835de6e5ff374ceffc8e,5174
Test/Mftf/Test/AdminCatalogProductPageBuilderTest/PageBuilderCatalogProductVerifyCanMoveButtonItemsTest.xml,7034e636888fd0ea1fe86e9c956a40fa2beef8deafc5f2295e097993a967c4cc,3512
Test/Mftf/Test/AdminCatalogProductPageBuilderTest/PageBuilderCatalogProductVerifyCanMoveContentTypesFromOnHoverOptionMenusTest.xml,29be486de6e36df817733c5a35b6be4996756948e905edfa26afa16b4e4fca66,9805
Test/Mftf/Test/AdminCatalogProductPageBuilderTest/PageBuilderCatalogProductVerifyCanMoveSlideItemsTest.xml,8474ccbbe24b6305662ba55d4996f8ad38f6909bff0550bdb80cd274000ce19a,4245
Test/Mftf/Test/AdminCatalogProductPageBuilderTest/PageBuilderCatalogProductVerifyCanMoveTabItemsTest.xml,aa6074960e199cee190ae1e3f453b1a38912a0631bf7af189f5a9ebee4980832,3373
Test/Mftf/Test/AdminCatalogProductPageBuilderTest/PageBuilderWorksForEachCatalogProductAttributeTest.xml,bff9c971b90cdd4716a52a80d518c76327af282c4fe1c73bd393f32de5236f54,18257
Test/Mftf/Test/AdminCheckCreateFolderEscapeAndEnterHandlesForWYSIWYGBlockTest.xml,1cf314afaa683db8cf80350e6ce2e1920d63fba4d0dff0e47365993a37779fc6,918
Test/Mftf/Test/AdminPageBuilderAdvancedConfigurationTest/AdvancedConfigurationEditPanelVisualTest.xml,2aabf04965b315fafdf4160779f69271aa8335f370ea6eb561f5c4cb285fdbbf,10573
Test/Mftf/Test/AdminPageBuilderAdvancedConfigurationTest/AdvancedConfigurationFunctionalAlignmentTest.xml,2b40e10267a070e335f81fa3ed1be5adffef8cdd992d6596aa08bc377cc3a4b6,13277
Test/Mftf/Test/AdminPageBuilderAdvancedConfigurationTest/AdvancedConfigurationFunctionalAllAttributesTest.xml,609860788353a3f02c4e3b290d02801c976dc173c45a8217a227f1607002df5a,7889
Test/Mftf/Test/AdminPageBuilderAdvancedConfigurationTest/AdvancedConfigurationFunctionalBorder1Test.xml,1727de8cf0fab3d96b0db7e0e1e638b9bd22fdadaea5547af7a29febbf20d7ca,15014
Test/Mftf/Test/AdminPageBuilderAdvancedConfigurationTest/AdvancedConfigurationFunctionalBorder2Test.xml,838cb45379d4d2c270d22a9e57094f32ac5ab6f84f7f4940908f4ddb1bc75444,15286
Test/Mftf/Test/AdminPageBuilderAdvancedConfigurationTest/AdvancedConfigurationFunctionalBorderColorTest.xml,c9d8731b17d1a4caeba447293f0e84bdc3c507404d9876f4470eaa08e233efec,17341
Test/Mftf/Test/AdminPageBuilderAdvancedConfigurationTest/AdvancedConfigurationFunctionalBorderRadiusTest.xml,805a6cdecbe3cb786a73e5fad301c7a390a4091a9c55007853a2988308599f48,10692
Test/Mftf/Test/AdminPageBuilderAdvancedConfigurationTest/AdvancedConfigurationFunctionalBorderWidth500Test.xml,8c8dc74cbe26c197d411f2e958a84cd571cffd7b538a0575ef038912615b3714,5362
Test/Mftf/Test/AdminPageBuilderAdvancedConfigurationTest/AdvancedConfigurationFunctionalBorderWidthTest.xml,76e063ccf131271f3685b6899ca3b36bdc43a2cc31f9465a46404de9b7444870,7845
Test/Mftf/Test/AdminPageBuilderAdvancedConfigurationTest/AdvancedConfigurationFunctionalCSSClassesTest.xml,3693d189077b0bad27cae917be7d3f0f4fff9ae84a8c01dc081d174d75256090,11983
Test/Mftf/Test/AdminPageBuilderAdvancedConfigurationTest/AdvancedConfigurationFunctionalMargins500Test.xml,48f0496d351e91390be3b8ed232bd91c86fbdf76e3b6522445aba7240b50a745,4793
Test/Mftf/Test/AdminPageBuilderAdvancedConfigurationTest/AdvancedConfigurationFunctionalMarginsTest.xml,1632626b655e7f5e2d67d2b93a2da813b68b4e60b7e0623ff4d29611f9efaff4,7583
Test/Mftf/Test/AdminPageBuilderAdvancedConfigurationTest/AdvancedConfigurationFunctionalPadding500Test.xml,c05e02888e7b6291ed05ab6c872b4abeaa9d6b2d1e1fb4c9923b6b8b52b8a80c,4800
Test/Mftf/Test/AdminPageBuilderAdvancedConfigurationTest/AdvancedConfigurationFunctionalPaddingTest.xml,3232372319f6419e849b0ffe60b7ba3ce6247f7d4b70a4879b0f7f57377bfd6c,7296
Test/Mftf/Test/AdminPageBuilderAdvancedConfigurationTest/AdvancedConfigurationInvalidBorderRadiusTest.xml,86846941bc7ac9278c2bc4e6abd36bd3f62b20bf9a2b8ec758b559593819ede9,5064
Test/Mftf/Test/AdminPageBuilderAdvancedConfigurationTest/AdvancedConfigurationInvalidBorderWidthTest.xml,6872c1c3e629fcd50a968dcf10251465b69f13bdb33061c130f12f0c1b42b579,5316
Test/Mftf/Test/AdminPageBuilderAdvancedConfigurationTest/AdvancedConfigurationInvalidMarginsTest.xml,6c13e173d39ee463665d1fd7e28b33d5cce118d93d148603a6d833588856f38c,16049
Test/Mftf/Test/AdminPageBuilderAdvancedConfigurationTest/AdvancedConfigurationInvalidPaddingTest.xml,dbb035b9ba5d9efd055c78248567647ecba00c0dbb710382f7cec05c617235a0,16170
Test/Mftf/Test/AdminPageBuilderAdvancedConfigurationTest/AdvancedConfigurationRemoveAllAttributesTest.xml,10815cdbedd4cb700a2a5ae11ab9fbff310868fefc9a24bff7d84a07c1795471,7900
Test/Mftf/Test/AdminPageBuilderBackgroundFormAttributeTest/BackgroundAttachmentFixedTest.xml,aac9e174138636a023c840377a4ddb7bf6e9ac6dcc3e9897abe90f2d3a77e977,7286
Test/Mftf/Test/AdminPageBuilderBackgroundFormAttributeTest/BackgroundAttachmentScrollTest.xml,03a28c73f682297d6a45595d9efd2fc8a83ec1b58fe53ca2249ec67db47b72a2,6516
Test/Mftf/Test/AdminPageBuilderBackgroundFormAttributeTest/BackgroundColorEmptyTest.xml,21298ddce5a1b14e6941b0561e3083ac2eb3a4f409fcb5bbc6d00d9ac5b13108,5082
Test/Mftf/Test/AdminPageBuilderBackgroundFormAttributeTest/BackgroundColorHSLTest.xml,8de8e19329434068254df366802289e6d704ec94a190be1b60c5a1f32d3017a4,4945
Test/Mftf/Test/AdminPageBuilderBackgroundFormAttributeTest/BackgroundColorHSVTest.xml,9aa6df1b4d327650f67e18ba0ba4513390b7997ed4078cb85d27137fc3b74448,4945
Test/Mftf/Test/AdminPageBuilderBackgroundFormAttributeTest/BackgroundColorHexTest.xml,4037e9c56ab7033a6d377e3b6f46a171cde3e760db4082ff7f4464be089feb33,4939
Test/Mftf/Test/AdminPageBuilderBackgroundFormAttributeTest/BackgroundColorInvalidTest.xml,c3f1ee5ff7662794adf762544d07e6df4786fe124699f7f51843f14b2b104203,4546
Test/Mftf/Test/AdminPageBuilderBackgroundFormAttributeTest/BackgroundColorPlainTextTest.xml,13539b225231327c0b39271ac05ec00c042dbbba60513ec3463b2868ddc97cf7,4993
Test/Mftf/Test/AdminPageBuilderBackgroundFormAttributeTest/BackgroundColorRGBTest.xml,73877019adb93de1c1ec8b4f799afbcf5e145d75cf5b00ade733777a105c33db,4933
Test/Mftf/Test/AdminPageBuilderBackgroundFormAttributeTest/BackgroundColorRGBaTest.xml,bf1b29526d2d348bd9cae802e6151486de531c898f1ad621cfd943ac1842e106,5187
Test/Mftf/Test/AdminPageBuilderBackgroundFormAttributeTest/BackgroundImageGIFTest.xml,bba07eef8d53538ef0f2639402f37808ed55fb9540cc4fae9e45e0bc2a846da0,5201
Test/Mftf/Test/AdminPageBuilderBackgroundFormAttributeTest/BackgroundImageInvalidFileSizeTest.xml,de90c902469bd442abc26102129653903f18c3a5c6389906e6702cc84060c416,4788
Test/Mftf/Test/AdminPageBuilderBackgroundFormAttributeTest/BackgroundImageInvalidFileTypeTest.xml,35b2133b659b779bbea358be85028d2f10a74302b41c7105eb41a0ef4789c896,4794
Test/Mftf/Test/AdminPageBuilderBackgroundFormAttributeTest/BackgroundImageInvalidMimeTypeTest.xml,5eeec74b0db45d18bed935ca0511d180f74fe669147be75f96f492692f2ae80a,1447
Test/Mftf/Test/AdminPageBuilderBackgroundFormAttributeTest/BackgroundImageJPGTest.xml,e46173efb1c9fedf102b817db8409917864bb7dbfa7326dfa219ee1467c1a0c8,5201
Test/Mftf/Test/AdminPageBuilderBackgroundFormAttributeTest/BackgroundImagePNGTest.xml,98b7b37687e47b0a599889b26e1e8f49e688f0dd829bf2fa85072312d8fd6c9e,5201
Test/Mftf/Test/AdminPageBuilderBackgroundFormAttributeTest/BackgroundImageSelectFromGalleryJPGTest.xml,60203450928567213f53aa919b68ad120d0ecc3f35c19cd9c3f8e6b67f06e21c,6582
Test/Mftf/Test/AdminPageBuilderBackgroundFormAttributeTest/BackgroundImageSpecialCharactersTest.xml,1271b8422a5ae916e690d922f454121d3d8b3b85a7e7f35045c6d87c8ef5e848,5377
Test/Mftf/Test/AdminPageBuilderBackgroundFormAttributeTest/BackgroundMobileImageGIFTest.xml,e537f655830d04e4111f6e7633d2ce1dfa9c5eaeb622f9f1d6e2101278592f48,5786
Test/Mftf/Test/AdminPageBuilderBackgroundFormAttributeTest/BackgroundMobileImageInvalidFileSizeTest.xml,83216404cb64a4cdd86a67f527c2157161c4f891c73ea19e737b52c2e9eb40e3,5973
Test/Mftf/Test/AdminPageBuilderBackgroundFormAttributeTest/BackgroundMobileImageInvalidFileTypeTest.xml,085ffd8571f0f3d9b23c0b3f1bfff22a781f40cc7154b7173ac4e8c81980396b,5979
Test/Mftf/Test/AdminPageBuilderBackgroundFormAttributeTest/BackgroundMobileImageJPGTest.xml,e2c56e6be267e635e656d3eae45f22c4e3390af2624e7c90e07d1d5b2b2dc417,5786
Test/Mftf/Test/AdminPageBuilderBackgroundFormAttributeTest/BackgroundMobileImagePNGTest.xml,2f427f3bab2a41479db396dcd5d42f43fdded84cde2465a8778b61842e70c0d6,5780
Test/Mftf/Test/AdminPageBuilderBackgroundFormAttributeTest/BackgroundMobileImageSelectFromGalleryJPGTest.xml,2a9e985a57a7054eb7634e8458048ca933018d02e1d90ed625313430fb29ea90,6296
Test/Mftf/Test/AdminPageBuilderBackgroundFormAttributeTest/BackgroundMobileImageSpecialCharactersTest.xml,5c1698c3ac8d09ff7e03d4b884ff583767c1626aa7e4a526e01ed4056bbbc041,5934
Test/Mftf/Test/AdminPageBuilderBackgroundFormAttributeTest/BackgroundPositionBottomCenterTest.xml,e1ff68f0862b155b18b671a3e3956412c78f04b6d62c42282a0cd7c7b93e454b,6518
Test/Mftf/Test/AdminPageBuilderBackgroundFormAttributeTest/BackgroundPositionBottomLeftTest.xml,d77213defc4f9b5b59f4f27749a2ac448258825fd6ddb42ec90eef6f213521f2,6502
Test/Mftf/Test/AdminPageBuilderBackgroundFormAttributeTest/BackgroundPositionBottomRightTest.xml,b6767546eefe64aa2761db3c71d28f3cc2c76603a141f6bdde893b2bc5477c4d,6510
Test/Mftf/Test/AdminPageBuilderBackgroundFormAttributeTest/BackgroundPositionCenterLeftTest.xml,d35ec2c79534dc5de868d974901432a9682db311dc1a7ebad8395f43df275e88,6502
Test/Mftf/Test/AdminPageBuilderBackgroundFormAttributeTest/BackgroundPositionCenterRightTest.xml,cae32bf45eeb3c1635046961844cf9ea31f4c6f01e3a35c3fe6026c0de1646b7,6510
Test/Mftf/Test/AdminPageBuilderBackgroundFormAttributeTest/BackgroundPositionCenterTest.xml,b26f208e5b40dfed15c0eccd7ee62a99504e6b06966bca84c86f9e007ca6351d,6468
Test/Mftf/Test/AdminPageBuilderBackgroundFormAttributeTest/BackgroundPositionTopCenterTest.xml,17b557f1ceddf48359812e57a8855ae54ad5822e028a9cc1e94a1b9f0f5af120,6494
Test/Mftf/Test/AdminPageBuilderBackgroundFormAttributeTest/BackgroundPositionTopLeftTest.xml,55c51caa07082c29a98a25aed08d58e02c35d8a444ca9901784adfdf30c91981,6478
Test/Mftf/Test/AdminPageBuilderBackgroundFormAttributeTest/BackgroundPositionTopRightTest.xml,6051f544813d892ef0fda2dec7de0ee291b51494fc1dd93668a13b1848d9a3c6,6486
Test/Mftf/Test/AdminPageBuilderBackgroundFormAttributeTest/BackgroundRepeatDisabledTest.xml,30437bf0f217e4f64b7ae61282272ae46fac7a5eeabb97822d3e5769c17a6b40,6464
Test/Mftf/Test/AdminPageBuilderBackgroundFormAttributeTest/BackgroundRepeatEnabledTest.xml,330d21ed4844c8d0809de84c8f4b72a6d165b5e40a7dedae4f9a6d91debe38d7,6453
Test/Mftf/Test/AdminPageBuilderBackgroundFormAttributeTest/BackgroundSizeAutoTest.xml,66a17bb82c97a793106e29d3fc76d68012bfa447d9a5a9a09e6eb91a565cdcc5,6356
Test/Mftf/Test/AdminPageBuilderBackgroundFormAttributeTest/BackgroundSizeContainTest.xml,a6b18048206018da32ec9bdae8474c7b57f7eadc008df4e2798bd06d6fdce84e,6380
Test/Mftf/Test/AdminPageBuilderBackgroundFormAttributeTest/BackgroundSizeCoverTest.xml,34e1685f9af1a03ab020d98302bd565eb3776a5e1b13885768b032a373f31eff,6364
Test/Mftf/Test/AdminPageBuilderBannerCollageCenterAppearanceTest/BannerCollageCenterAlignmentInheritanceTest.xml,b241c13fa8c61a97ad26f04d3584b9843a592dd948c0cf90e33feaf9d05d93f7,2010
Test/Mftf/Test/AdminPageBuilderBannerCollageCenterAppearanceTest/BannerCollageCenterButtonNeverShowTest.xml,bd7676303d3b50aa48e05730588488daf39c2059d20d6a7bd994973cbbf25ca5,5983
Test/Mftf/Test/AdminPageBuilderBannerCollageCenterAppearanceTest/BannerCollageCenterButtonOnHoverTest.xml,c806c9969a06fb07d95195c1fbfb36a5839fc68cafd28325ca573628470061f3,6215
Test/Mftf/Test/AdminPageBuilderBannerCollageCenterAppearanceTest/BannerCollageCenterButtonsCanBeEditedInlineTest.xml,4e26a70f27549fd02fd2c53954de89c2d33fad53071c61610fa8512a6c04e324,4536
Test/Mftf/Test/AdminPageBuilderBannerCollageCenterAppearanceTest/BannerCollageCenterCanInlineEditContentTest.xml,e3cbbf6c2b91c07862cdce8dbe49483229932031040cbdd6f0394df864880e2e,1787
Test/Mftf/Test/AdminPageBuilderBannerCollageCenterAppearanceTest/BannerCollageCenterCanInlineEditContentWhenIn25PercentWidthColumnTest.xml,624ea7b932733bc222a560ed8b082defb9e0de2eb0a8323867d0ee9e01556c97,1898
Test/Mftf/Test/AdminPageBuilderBannerCollageCenterAppearanceTest/BannerCollageCenterHtmlValueInButtonsTest.xml,507d1212302cb806799fbdbd6ee0a76492b0c677f3d1b73f1480cf1eb76ce577,4758
Test/Mftf/Test/AdminPageBuilderBannerCollageCenterAppearanceTest/BannerCollageCenterMinHeightValidInputs.xml,6da44ae63b35d9a2fbcddf3ddadfde4ac022055d69377af095dbd8e27d025e50,3675
Test/Mftf/Test/AdminPageBuilderBannerCollageCenterAppearanceTest/BannerCollageCenterMobileWithMobileImageValuesTest.xml,e008b8e30f7959f35f15020a6c9998f4e0d38b671bcbb1d28d7498100d7e4a96,5910
Test/Mftf/Test/AdminPageBuilderBannerCollageCenterAppearanceTest/BannerCollageCenterMobileWithoutMobileImageValuesTest.xml,79022832648b3e5e4eab2863d805a29efcaa068d387d0c1e7db0dd660026590e,5271
Test/Mftf/Test/AdminPageBuilderBannerCollageCenterAppearanceTest/BannerCollageCenterNonBreakingSpaceValueInButtonsTest.xml,966242767d43736827a7de69e40350dcfcb656b8de99b4ae0f85d955db951e51,4655
Test/Mftf/Test/AdminPageBuilderBannerCollageCenterAppearanceTest/BannerCollageCenterOverlayAndButtonOnHoverTest.xml,a6836980e74a2bc97de0f349afa3162b97143944b7fd8f3fd516ec251c8f8ff6,1827
Test/Mftf/Test/AdminPageBuilderBannerCollageCenterAppearanceTest/BannerCollageCenterOverlayNeverShowTest.xml,e866f9d68f47395c2953068276a4f8c604e28188a3166547727de54244dffa70,6034
Test/Mftf/Test/AdminPageBuilderBannerCollageCenterAppearanceTest/BannerCollageCenterOverlayOnHoverTest.xml,dc75da0d077950f34a78a385c2d7d5c57dbb544ac3a575065551a9d268acdc84,1787
Test/Mftf/Test/AdminPageBuilderBannerCollageCenterAppearanceTest/BannerCollageCenterOverlayPositionTest.xml,729169c7b4e34783071c875b17c8d1ade634762b82c010406fd81dc6533d284a,2171
Test/Mftf/Test/AdminPageBuilderBannerCollageCenterAppearanceTest/BannerCollageCenterTinyMCE3InlineEditTest.xml,d995489bc1dfd20175aa1f224a55689e594ee08cc886ee1d4a0e5b34a3210bf3,3167
Test/Mftf/Test/AdminPageBuilderBannerCollageCenterAppearanceTest/BannerCollageCenterUpdateAdvancedConfigurationValuesTest.xml,3217c6ee0b44bac70b1c61cc211dffbc4764e2ad19b3a2406f08f30b144b0f7b,13087
Test/Mftf/Test/AdminPageBuilderBannerCollageCenterAppearanceTest/BannerCollageCenterUpdateAllAttributesTest.xml,ee9db95f1d6b36b18f4c2a89714f3c210c25ebf5c47e671ce31bce73c3e553e0,28432
Test/Mftf/Test/AdminPageBuilderBannerCollageCenterAppearanceTest/BannerCollageCenterValidateVideoBackground.xml,a514143b2289074b9250dd58248b647a3abcd2e71ad408fe2360df6d2fbfabed,1374
Test/Mftf/Test/AdminPageBuilderBannerCollageCenterAppearanceTest/BannerCollageCenterValidateVideoBackgroundFallbackImage.xml,83465993326a8d3f75b13bcb8deb4d5dce9b1bc9a190ba92aa83e925e241eaca,1447
Test/Mftf/Test/AdminPageBuilderBannerCollageCenterAppearanceTest/BannerCollageCenterValidateVideoBackgroundNoFallbackImage.xml,59295b98ea5f4c4843474b43ded46b1443c1eac5dd595160e70222a6fca7226f,1479
Test/Mftf/Test/AdminPageBuilderBannerCollageCenterAppearanceTest/BannerCollageCenterVideoBackgroundNoFallbackImageDisabledLoopAndPlayWhenVisibleAndLazyLoad.xml,de83cf83c4c3982dec27300ea89b391cc15f9ff34d7c0df4be1d55aed9c0850e,1557
Test/Mftf/Test/AdminPageBuilderBannerCollageCenterAppearanceTest/BannerCollageCenterWYSIWYGDisabledInlineEditTest.xml,3b0876c6d4955842136feb79394cf8139980e1c95b20f4f7384ebd7921295761,3384
Test/Mftf/Test/AdminPageBuilderBannerCollageCenterAppearanceTest/BannerOverlayAndButtonDoNotGoOutsideContainerOnCollageCenterAppearanceTest.xml,27307a4f939e90e91c311a33cb6a1cc2acf03ffffa9befa3e60e337c710f882f,2179
Test/Mftf/Test/AdminPageBuilderBannerCollageCenterAppearanceTest/BannerOverlayDoesNotHaveBorderRadiusAppliedOnCollageCenteredAppearanceTest.xml,4be26349b70f1a79f1ad8e162822b9df0b2e8efa2bba636fc599e5716de2b3ef,2529
Test/Mftf/Test/AdminPageBuilderBannerCollageLeftAppearanceTest/BannerCollageLeftAlignmentInheritanceTest.xml,d0a74654154886e1bb9afbfd35b395d3ffc631f54237a0d4fc1fe5b7ae74a01e,2000
Test/Mftf/Test/AdminPageBuilderBannerCollageLeftAppearanceTest/BannerCollageLeftButtonNeverShowTest.xml,49807bf1e2ac5d4a21824003242c45e2fda46f980a8ea69b00e210232821a71d,5941
Test/Mftf/Test/AdminPageBuilderBannerCollageLeftAppearanceTest/BannerCollageLeftButtonOnHoverTest.xml,7d6ac596b2bf0a3832f200a999067c7ad0d14b41ca584774ad1db64f7a7981eb,6173
Test/Mftf/Test/AdminPageBuilderBannerCollageLeftAppearanceTest/BannerCollageLeftButtonsCanBeEditedInlineTest.xml,51d73a2fba5e2066dfdacdc343429f7057da0d404e64c5e8190494da62a24908,4518
Test/Mftf/Test/AdminPageBuilderBannerCollageLeftAppearanceTest/BannerCollageLeftCanInlineEditContentTest.xml,26701fae9e870d1263a088a6c573473e32f78a3442158f40e81ea6d6afaf3754,1775
Test/Mftf/Test/AdminPageBuilderBannerCollageLeftAppearanceTest/BannerCollageLeftCanInlineEditContentWhenIn25PercentWidthColumnTest.xml,c6f938d23f9dcf1b2dccd1838385a2745c43ab48efd98bbd4583911c9342085b,1886
Test/Mftf/Test/AdminPageBuilderBannerCollageLeftAppearanceTest/BannerCollageLeftHtmlValueInButtonsTest.xml,9ca8500960bc821db99b1d68879487faa025a6e58f433ba1c8d218562b1aaf83,1240
Test/Mftf/Test/AdminPageBuilderBannerCollageLeftAppearanceTest/BannerCollageLeftMinHeightValidInputs.xml,aed197a8c23273bd9f0e209889966a4ef16b61e96a4d002a3afb6e786151b2e8,3663
Test/Mftf/Test/AdminPageBuilderBannerCollageLeftAppearanceTest/BannerCollageLeftMobileWithMobileImageValuesTest.xml,54795d123e95c7facb7497a163d71a2e612a3b3325dfa179bd56f1868eed239a,5896
Test/Mftf/Test/AdminPageBuilderBannerCollageLeftAppearanceTest/BannerCollageLeftMobileWithoutMobileImageValuesTest.xml,3034d9d806fd77f98fb225989401d6fcda2499d491de074f216ad6ce916ec407,5257
Test/Mftf/Test/AdminPageBuilderBannerCollageLeftAppearanceTest/BannerCollageLeftNonBreakingSpaceValueInButtonsTest.xml,c0a19152b7b52bf0b1f3bb48130d3bf51f20bc8c159e4191772506fcd857afd6,1295
Test/Mftf/Test/AdminPageBuilderBannerCollageLeftAppearanceTest/BannerCollageLeftOverlayAndButtonOnHoverTest.xml,a1495dcf450e7ae14e76cb453f9cb6571b92a7e587151115c8dbecbe5d51eb96,1797
Test/Mftf/Test/AdminPageBuilderBannerCollageLeftAppearanceTest/BannerCollageLeftOverlayNeverShowTest.xml,6333bafa5ffc57717dc5e21de4ad9f19edbfdeaafdd9d457149aff8636d7ccbd,5992
Test/Mftf/Test/AdminPageBuilderBannerCollageLeftAppearanceTest/BannerCollageLeftOverlayOnHoverTest.xml,9d475c441eef0bd7e8f97c3d6d2a3673d5763e8788415c7abf19144436fe4df3,1757
Test/Mftf/Test/AdminPageBuilderBannerCollageLeftAppearanceTest/BannerCollageLeftOverlayPositionTest.xml,68690e2423517ada7bc29f1ffd1ccbd7597c953f944cdc8c1a1dce0ca64b2cb5,5671
Test/Mftf/Test/AdminPageBuilderBannerCollageLeftAppearanceTest/BannerCollageLeftTinyMCE3InlineEditTest.xml,ebe1ab99ac4bcbfedafe7a04c3e81b1b5e472500ce9d8f2d5fff540a1129f050,2957
Test/Mftf/Test/AdminPageBuilderBannerCollageLeftAppearanceTest/BannerCollageLeftUpdateAdvancedConfigurationValuesTest.xml,31a63a689f1a05fc702cb2edd9ca0c52413ccca5b97b4d689b7a5ecd5b867eb0,13061
Test/Mftf/Test/AdminPageBuilderBannerCollageLeftAppearanceTest/BannerCollageLeftUpdateAllAttributesTest.xml,6cd7b969be1e673f4bdaffb044b133c8c0f7a7c7753f25b4495535c3166d022f,28404
Test/Mftf/Test/AdminPageBuilderBannerCollageLeftAppearanceTest/BannerCollageLeftValidateVideoBackground.xml,2574dfdca49c95b6e58e603a9a9e691fb405dea545c22691110b3ba18ec92ca2,1362
Test/Mftf/Test/AdminPageBuilderBannerCollageLeftAppearanceTest/BannerCollageLeftValidateVideoBackgroundFallbackImage.xml,b80fe3c469373305a94998a80d3c96a0a65a825316c5799efdc08d327cda0255,1435
Test/Mftf/Test/AdminPageBuilderBannerCollageLeftAppearanceTest/BannerCollageLeftValidateVideoBackgroundNoFallbackImage.xml,780ab65c26e6af3f5769bce34a4ee4a667f1ec33821ec22c25c9fe768bfc82cf,1467
Test/Mftf/Test/AdminPageBuilderBannerCollageLeftAppearanceTest/BannerCollageLeftVideoBackgroundNoFallbackImageDisabledLoopAndPlayWhenVisibleAndLazyLoad.xml,247dbb3487adf15893312f95392e4f4ec922ae4e93cdfdbebabba23b3d399c5a,1547
Test/Mftf/Test/AdminPageBuilderBannerCollageLeftAppearanceTest/BannerCollageLeftWYSIWYGDisabledInlineEditTest.xml,8c13fc8104820b1edb9a34a4a927ba6a5a4819f713cfa4963ee5163eae0b7727,3372
Test/Mftf/Test/AdminPageBuilderBannerCollageLeftAppearanceTest/BannerCollageLeftWithBordersAndPaddingEqualToMinHeightTest.xml,0524dcd2538e98f28ece6e05ecea3fab438d50d91e4436015b748d7578f1334d,3177
Test/Mftf/Test/AdminPageBuilderBannerCollageLeftAppearanceTest/BannerOverlayAndButtonDoNotGoOutsideContainerOnCollageLeftAppearanceTest.xml,3cb426f9123a6d5807495270dd58c221f34901b1f1704fc1005818cc221cd5a8,2165
Test/Mftf/Test/AdminPageBuilderBannerCollageLeftAppearanceTest/BannerOverlayDoesNotHaveBorderRadiusAppliedOnCollageLeftAppearanceTest.xml,ae279e5e3c5928fbbccd9cd6307207611d84185ff17436cb097e9ac87462dc5c,2509
Test/Mftf/Test/AdminPageBuilderBannerCollageRightAppearanceTest/BannerCollageRightAlignmentInheritanceTest.xml,8308c0ce3cb5820124a5af0012f59f706fc7d980806cbe214c0afd872e63ed99,2004
Test/Mftf/Test/AdminPageBuilderBannerCollageRightAppearanceTest/BannerCollageRightButtonNeverShowTest.xml,48d7b4527e22d53b714f1abce3bc79e899ce5ea98993c1bf398806c0250a64ce,5954
Test/Mftf/Test/AdminPageBuilderBannerCollageRightAppearanceTest/BannerCollageRightButtonOnHoverTest.xml,69d23580aeda739aa8c6b138073a2ff766e98ad652e2843dda1b6aaea06971d5,6186
Test/Mftf/Test/AdminPageBuilderBannerCollageRightAppearanceTest/BannerCollageRightButtonsCanBeEditedInlineTest.xml,6ffe6975e2e47e7afdd6de141007bd1b6cb167f921db37ee6fd2cd0db012b9c9,4525
Test/Mftf/Test/AdminPageBuilderBannerCollageRightAppearanceTest/BannerCollageRightCanInlineEditContentTest.xml,cef72c088e33c8e3fbd7b3ae7ac02d8615b563054e9d5e1a49001f72d0fb5a94,1780
Test/Mftf/Test/AdminPageBuilderBannerCollageRightAppearanceTest/BannerCollageRightCanInlineEditContentWhenIn25PercentWidthColumnTest.xml,411911e2cbbd8ca9e1162160414901098fca7e585665f3131cb8530815f4068f,1891
Test/Mftf/Test/AdminPageBuilderBannerCollageRightAppearanceTest/BannerCollageRightHtmlValueInButtonsTest.xml,0ce35ff1659725265eeef4385d1473a5d357ca3d766cdb8bb2b35426da909ed8,1244
Test/Mftf/Test/AdminPageBuilderBannerCollageRightAppearanceTest/BannerCollageRightMinHeightValidInputs.xml,24a5039678057d5e7b8e4b4995f15190d6d58fa991329df615b3127183975fbf,3668
Test/Mftf/Test/AdminPageBuilderBannerCollageRightAppearanceTest/BannerCollageRightMobileWithMobileImageValuesTest.xml,e700107cb7a625ae902aa1752f631fbac6a7f73c8a32ee26bb3f32e45cd0d0d2,5902
Test/Mftf/Test/AdminPageBuilderBannerCollageRightAppearanceTest/BannerCollageRightMobileWithoutMobileImageValuesTest.xml,b35ad73189cfc7244f49d4d486c5e7ef555ee308bf2bdf3ea5bd2a4d650d30b5,5263
Test/Mftf/Test/AdminPageBuilderBannerCollageRightAppearanceTest/BannerCollageRightNonBreakingSpaceValueInButtonsTest.xml,1899150585a0a9ae63beb3386d91c4fda6d0d4335701feb4d9572db854389a5a,1299
Test/Mftf/Test/AdminPageBuilderBannerCollageRightAppearanceTest/BannerCollageRightOverlayAndButtonOnHoverTest.xml,60bd88e59daa7f0fc3c4d339323f8be3cf4b36065971ceaf08fb83a0a24e095d,1807
Test/Mftf/Test/AdminPageBuilderBannerCollageRightAppearanceTest/BannerCollageRightOverlayNeverShowTest.xml,7cd4f7e672387a8dde8d450882f9c6ffe98f7ad460a107584d43365e7e8527b0,6005
Test/Mftf/Test/AdminPageBuilderBannerCollageRightAppearanceTest/BannerCollageRightOverlayOnHoverTest.xml,6154c10906f2df10528ed183c23d530acc5e346476a9f2c30111fb515ea5e564,1767
Test/Mftf/Test/AdminPageBuilderBannerCollageRightAppearanceTest/BannerCollageRightOverlayPositionTest.xml,40525f8d0019b417fbe5b94337a7bde0ddc9e3c5060f3332f77f86f14c89bb08,2160
Test/Mftf/Test/AdminPageBuilderBannerCollageRightAppearanceTest/BannerCollageRightTinyMCE3InlineEditTest.xml,6b358eb668cb6721c10e02be009e6ceb6ce20ef9b91cf059a40b0b244aa006ba,3160
Test/Mftf/Test/AdminPageBuilderBannerCollageRightAppearanceTest/BannerCollageRightUpdateAdvancedConfigurationValuesTest.xml,1f966a6e390976e5876bcf8f740898a7554c3200339170facdc7296acdb013d7,13070
Test/Mftf/Test/AdminPageBuilderBannerCollageRightAppearanceTest/BannerCollageRightUpdateAllAttributesTest.xml,3f53092cd18d5acd6e0e50a15daae958a2d1b251eca359f37b3e3b4ad66c25f3,28419
Test/Mftf/Test/AdminPageBuilderBannerCollageRightAppearanceTest/BannerCollageRightValidateVideoBackground.xml,d69587d08e90f9495deb4142f141781d668164ca61d0939b819d9bb08fbb9f7b,1367
Test/Mftf/Test/AdminPageBuilderBannerCollageRightAppearanceTest/BannerCollageRightValidateVideoBackgroundFallbackImage.xml,315084d447b9cdcf629d91cddcc512e57a33ea9f52ca3fbd51662bb692c6809a,1440
Test/Mftf/Test/AdminPageBuilderBannerCollageRightAppearanceTest/BannerCollageRightValidateVideoBackgroundNoFallbackImage.xml,348fb4627e94fe4de31b9024b50776f0bb6575bfdb6ac3fa9a1615041fd08c9e,1472
Test/Mftf/Test/AdminPageBuilderBannerCollageRightAppearanceTest/BannerCollageRightVideoBackgroundNoFallbackImageDisabledLoopAndPlayWhenVisibleAndLazyLoad.xml,77c3b3cec5f21edeb36d957a320f2351faa2fa256f1621b035356d780cb00a7a,1551
Test/Mftf/Test/AdminPageBuilderBannerCollageRightAppearanceTest/BannerCollageRightWYSIWYGDisabledInlineEditTest.xml,363ed9aedc2f06c7161334b42d16d4cc4d10666b5651ef45a36d54f033f272ad,3574
Test/Mftf/Test/AdminPageBuilderBannerCollageRightAppearanceTest/BannerOverlayAndButtonDoNotGoOutsideContainerOnCollageRightAppearanceTest.xml,28f18b432aae683b1be2098460f54434c520da5ba447ac4d517447247bb02191,2171
Test/Mftf/Test/AdminPageBuilderBannerCollageRightAppearanceTest/BannerOverlayDoesNotHaveBorderRadiusAppliedOnCollageRightAppearanceTest.xml,e6f764bb2eac3c9735a1763777c2e6031130db9159161bc21179ac5a76bd154a,2515
Test/Mftf/Test/AdminPageBuilderBannerCommonTest/BannerCanAddBannerTest.xml,fdda42fbb5ecdafcd1a2b085a724fe0f4fcd35eee01f953e71c68e2ba8b85e6e,2451
Test/Mftf/Test/AdminPageBuilderBannerCommonTest/BannerCanAddToColumnTest.xml,59dd0c8bd140c68da28e62b381b2ddc0a54a4fa34d26b869f30a44626c420a51,4563
Test/Mftf/Test/AdminPageBuilderBannerCommonTest/BannerCanOpenInNewTabTest.xml,4ae4c1b44cc92659843883bc802388123e7c071db54d0549f205718b7d77c387,5354
Test/Mftf/Test/AdminPageBuilderBannerCommonTest/BannerCannotAddToStageTest.xml,f5dbbc37d045f812aba8966b4fd764557d0a9cd3b28d9f9b9a4457b91dda7db8,1947
Test/Mftf/Test/AdminPageBuilderBannerCommonTest/BannerCannotHaveInlineWysiwygLinkAndLinkUrlTest.xml,ae77fe51917b64047208f427945c98490737c3fcc7cbbf1a4955d15dee05152c,7453
Test/Mftf/Test/AdminPageBuilderBannerCommonTest/BannerContentBlockDeleteImageTest.xml,934e0e696268fd96ed55cc55d0d8e0fe394acb157bd711faed59e4b49b113f5c,5940
Test/Mftf/Test/AdminPageBuilderBannerCommonTest/BannerContentVariableCanWrapTest.xml,d41df27e6f768a4298cb9ea49de6037bd684cfe7a89f1733324e2aed6b229adb,5622
Test/Mftf/Test/AdminPageBuilderBannerCommonTest/BannerDeleteTest.xml,7c0752c7f18ed6f195cafb11a7b061ea408971b8881ac6fb40d01b37277773c6,3782
Test/Mftf/Test/AdminPageBuilderBannerCommonTest/BannerDoesNotNavigateOnStageTest.xml,af4c32925a0ec288b6e15bb961540eca7a2187202bca5a3789bd98d4b9234d8a,5277
Test/Mftf/Test/AdminPageBuilderBannerCommonTest/BannerEmptyBannerPreviewValidationTest.xml,31a8f23141ed97977c9522f0e78fe2a5e1a0d2be52b260e18084f6bd31661c06,15621
Test/Mftf/Test/AdminPageBuilderBannerCommonTest/BannerEmptyLinkURLDoesNothingOnStorefrontTest.xml,b34dda7283b15b1f4e85a7529ef8929a530cd4b4d78522010fd749283f09474c,3694
Test/Mftf/Test/AdminPageBuilderBannerCommonTest/BannerHasButtonStyledTest.xml,c178616a72ac4d17d5389ca1029332d60a047a4c60084a1d717f6cfaa476bc36,10180
Test/Mftf/Test/AdminPageBuilderBannerCommonTest/BannerHasExpectedFieldsAndDefaultsTest.xml,dfa5323e78acfbb303542c57a61b1b2f9d7dbd47c979e92add75da6964a196d3,9845
Test/Mftf/Test/AdminPageBuilderBannerCommonTest/BannerHasNoRequiredTest.xml,5af391217f6c4a96baeea8bbc4cfdbacb58228733c0af381fc4feab8387feaa8,2199
Test/Mftf/Test/AdminPageBuilderBannerCommonTest/BannerInlineWYSIWYGWidgetAndVariableStyleTest.xml,c1e776fb3a7dba1b9c2d1f2e56f09a121caba49fe08e672373f17e3c1c309130,3532
Test/Mftf/Test/AdminPageBuilderBannerCommonTest/BannerInlineWysiwygUploadImageTest.xml,2542b50ef3bcb33e0a0bf3160d2c8152f341b8c962e5faea682f91103ab98345,2442
Test/Mftf/Test/AdminPageBuilderBannerCommonTest/BannerMoveBannerTest.xml,3ea664f7c50394bda7d3bdbd4aa878dda82d95625a7c957a515042533c847319,7790
Test/Mftf/Test/AdminPageBuilderBannerCommonTest/BannerTextContainingPageBuilderMarkupWontBreakStageTest.xml,54d6b838e164be6de01c8ecb449b1fec18a5b28f3b87d00d8d04795b902b6945,1973
Test/Mftf/Test/AdminPageBuilderBannerCommonTest/BannerTinyMCEMenuOpensInFrontOfVideoBackground.xml,9c11f60ea2ab2d0d50b41f57e17c6e141cd869d0c74ba40848299003712ebf8d,5807
Test/Mftf/Test/AdminPageBuilderBannerCommonTest/BannerUploadImageFromStageTest.xml,5b36b7eb58defd46685d0b32fba6056df92ae86606e355122a8b6c0fee7dc0f9,4787
Test/Mftf/Test/AdminPageBuilderBannerCommonTest/BannerValidateAdvancedConfigurationDefaultValuesTest.xml,c3e1e0810fbe4788d46c6c95e0b12e6fbd0b50f8b7a75a869319a8b31abb87bf,9900
Test/Mftf/Test/AdminPageBuilderBannerCommonTest/BannerValidateBackgroundSectionDefaultValuesTest.xml,81de3fa0e92de1f183d5c597da49f587123d983c52fafd11a77ffff13c308449,9496
Test/Mftf/Test/AdminPageBuilderBannerCommonTest/BannerValidateVideoBackgroundAspectRatio.xml,dee49595a625ac14781b70c9c87a6449ddf93b9aeccf0fee7b35d7b9818838c8,8844
Test/Mftf/Test/AdminPageBuilderBannerCommonTest/BannerValidateVideoBackgroundInfiniteLoopDisabled.xml,a4196ecdc91ddf6a7d58aedf8dd2b0e510efce95a4a7d25ba61d51bf4b090746,4522
Test/Mftf/Test/AdminPageBuilderBannerCommonTest/BannerValidateVideoBackgroundInfiniteLoopEnabled.xml,d0f340f2c3859ec5aca556f88cc213a3825bbe9d920a34c5a8d75b3b20a13841,6046
Test/Mftf/Test/AdminPageBuilderBannerCommonTest/BannerValidateVideoBackgroundLazyLoadDisabled.xml,f4cf46e101255965291d9734bfec7514154a429fc78c804f496d2abe8f859dd8,2529
Test/Mftf/Test/AdminPageBuilderBannerCommonTest/BannerValidateVideoBackgroundLazyLoadEnabled.xml,590af6ddb628a6f60e6bd46bf0d62a78b62ccbbefb67b830b25ecb1a6f4e28d4,2531
Test/Mftf/Test/AdminPageBuilderBannerCommonTest/BannerValidateVideoBackgroundPlayOnlyWhenVisibleDisabled.xml,3fea3b040a6c3b6e38e82e0aa689127e81d996189adfb5da160e64e6d8fe3a37,10168
Test/Mftf/Test/AdminPageBuilderBannerCommonTest/BannerValidateVideoBackgroundPlayOnlyWhenVisibleEnabled.xml,ee958766991b051a9fc18de0624af53d5a1bdf758c9633bac7201d4687864c9f,7130
Test/Mftf/Test/AdminPageBuilderBannerCommonTest/BannerValidateVideoBackgroundSectionDefaultValues.xml,d77465a2d3d285864a1a9a914eb0fc1e87b3ad2e4b66266b8f817d1ead8b0851,5910
Test/Mftf/Test/AdminPageBuilderBannerCommonTest/BannerValidateVideoBackgroundVideoURLs.xml,3eb2eefff38602d07313ac91644268f895e121a8d710126a883f6582ab745723,7215
Test/Mftf/Test/AdminPageBuilderBannerCommonTest/BannerVerifyCanSwitchBackgroundTypes.xml,b7cddcb38a2835aaa7afbe692f673bdb15fa9919b9aa085b8684110d17a91412,26307
Test/Mftf/Test/AdminPageBuilderBannerCommonTest/BannerVerifyStageUploadImageButtonsForEachAppearanceTest.xml,1fe8c1f351f36e9ba4e713efef05659cb447aa03c7cc7e5393e5ad9199d9c2aa,5338
Test/Mftf/Test/AdminPageBuilderBannerCommonTest/BannerVerifyStageUploadImageButtonsWorkWithVideoBackground.xml,16e84b67420c066b36964170b5c0f9bc4b0dd268b9e103156df36529a1e6d3d6,5380
Test/Mftf/Test/AdminPageBuilderBannerCommonTest/DuplicateBannerTest.xml,c8c7e18442f1c0b6a0e6429975f6fd08dd183bf6ca787d7ccd46cf41e310cb70,31573
Test/Mftf/Test/AdminPageBuilderBannerCommonTest/ValidateShowHideOnBannerDefaultStateTest.xml,556d4e510e9a1ebfb34a99b2cfc63749e330241a8be767c7757f563e08e96554,3955
Test/Mftf/Test/AdminPageBuilderBannerCommonTest/ValidateShowHideOnBannerTest.xml,4cb0b29b52a40413511b1dc618a567def0dd46b7f8800554364301ddfd9841e8,5159
Test/Mftf/Test/AdminPageBuilderBannerPosterAppearanceTest/BannerOverlayAndButtonDoNotGoOutsideContainerOnPosterAppearanceTest.xml,9ea09dc072decc40734085cd1fbb14f5cd1209dc04ba71a865d8a10cf8ed5c42,6645
Test/Mftf/Test/AdminPageBuilderBannerPosterAppearanceTest/BannerOverlayHasConvertedBorderRadiusAppliedOnPosterAppearanceTest.xml,04d8beb5a9144a3f727866ecbaf0beb6247df53ccaf41875dbc3310cbc0b30d6,9042
Test/Mftf/Test/AdminPageBuilderBannerPosterAppearanceTest/BannerPosterAddWYSIWYGLinkTest.xml,dfb1a58dddbe19a0d487b93de17085d17be0fba22abf7d68e2cb87820cff5193,4493
Test/Mftf/Test/AdminPageBuilderBannerPosterAppearanceTest/BannerPosterAlignmentInheritanceTest.xml,6787056670d8d001b049c212cd7ec59329bc94015658fe179e9fa6e85e421ee4,10194
Test/Mftf/Test/AdminPageBuilderBannerPosterAppearanceTest/BannerPosterButtonNeverShowTest.xml,1cb834a85a12aa5110fd5ee05c25fb0d9c496ed7dc6f7af656cb757fd410d225,5873
Test/Mftf/Test/AdminPageBuilderBannerPosterAppearanceTest/BannerPosterButtonOnHoverTest.xml,4617c29e0b7a60310c389022fbf24a14bfdfb0938f4cc10abf3daee450463135,6105
Test/Mftf/Test/AdminPageBuilderBannerPosterAppearanceTest/BannerPosterButtonsCanBeEditedInlineTest.xml,b3cd3cef0caec4da44ef1a1327d3b06e5ccc77e3b26b6f7142e33ad82f4ca40c,4474
Test/Mftf/Test/AdminPageBuilderBannerPosterAppearanceTest/BannerPosterCanInlineEditContentTest.xml,cd5df978b6309274801acf075d9583db3660e53a532ecd50496f16482e7f9de3,4256
Test/Mftf/Test/AdminPageBuilderBannerPosterAppearanceTest/BannerPosterCanInlineEditContentWhenIn25PercentWidthColumnTest.xml,20be345a3d04fa47ebfab103e6355be796dc5c70e104f35adc3a0abfd022912b,6447
Test/Mftf/Test/AdminPageBuilderBannerPosterAppearanceTest/BannerPosterHtmlValueInButtonsTest.xml,18ae126bfdef68bcf8eab4d648d7627b6c24827eb532e1c983be45d70e43e39b,1219
Test/Mftf/Test/AdminPageBuilderBannerPosterAppearanceTest/BannerPosterMinHeightValidInputs.xml,86fe8dedce0df31debef1b317804a30152cf7f0850ee317130fcc5d02162ad06,9399
Test/Mftf/Test/AdminPageBuilderBannerPosterAppearanceTest/BannerPosterMobileWithMobileImageValuesTest.xml,26cb7a28aa2adc5d4442933f5265c45b7edf69efaaf9c632b6c2a2a9e2ff64d4,5863
Test/Mftf/Test/AdminPageBuilderBannerPosterAppearanceTest/BannerPosterMobileWithoutMobileImageValuesTest.xml,ddf2c45cb677079c275c0aa98a997619c8e23e46ea93ffbd518b456597e2358a,5224
Test/Mftf/Test/AdminPageBuilderBannerPosterAppearanceTest/BannerPosterNonBreakingSpaceValueInButtonsTest.xml,d8c2739cd29da02ad847b2786d0c79f73a8c0ea81c464937e1ac3e8024ce307f,1274
Test/Mftf/Test/AdminPageBuilderBannerPosterAppearanceTest/BannerPosterOverlayAndButtonOnHoverTest.xml,41205f52b98ed98df9e12737fe9d15873ddd1d9b25972444e240861442c2754a,9014
Test/Mftf/Test/AdminPageBuilderBannerPosterAppearanceTest/BannerPosterOverlayNeverShowTest.xml,397a1ea8ccdc95d1401145de605d6d1d66b0e50addd4c050fe1a0be524b76064,5924
Test/Mftf/Test/AdminPageBuilderBannerPosterAppearanceTest/BannerPosterOverlayOnHoverTest.xml,69e2c5577cedcd8e4cc9a4a9991df11113737810b16734e6f0f8b9b97b12a7b4,5434
Test/Mftf/Test/AdminPageBuilderBannerPosterAppearanceTest/BannerPosterOverlayPositionTest.xml,bb6d7cbd07f3decf5ea9a09c01588aa38254b1cb04a19d24faba8f8f386c8362,4495
Test/Mftf/Test/AdminPageBuilderBannerPosterAppearanceTest/BannerPosterTinyMCE3InlineEditTest.xml,d9dbfd3029f1be769eb584f6fb726c9fa02323e4fefaded0754116d2eeecce65,2171
Test/Mftf/Test/AdminPageBuilderBannerPosterAppearanceTest/BannerPosterUpdateAdvancedConfigurationValuesTest.xml,acd7282e01910a1c2ee8ef749001750806c052602b69037650e3c1a841748284,13005
Test/Mftf/Test/AdminPageBuilderBannerPosterAppearanceTest/BannerPosterUpdateAllAttributesTest.xml,4f79e77b696c569e6afa9fd26684361d77244042e71423e701d56dcbef347fe1,28349
Test/Mftf/Test/AdminPageBuilderBannerPosterAppearanceTest/BannerPosterValidateVideoBackground.xml,2a25b6fe436103f65eb3123c926838c77cdc196324c5a59afe7942290b6dd3cd,11844
Test/Mftf/Test/AdminPageBuilderBannerPosterAppearanceTest/BannerPosterValidateVideoBackgroundFallbackImage.xml,c13d76f32253a9af897309d0ce4ea5046169146c588ca1ed0c63dfe2000a1361,7093
Test/Mftf/Test/AdminPageBuilderBannerPosterAppearanceTest/BannerPosterValidateVideoBackgroundNoFallbackImage.xml,8d97edbec1295428a15c9a0c151743914089da003c052e65c6525d1b827db69d,6256
Test/Mftf/Test/AdminPageBuilderBannerPosterAppearanceTest/BannerPosterVideoBackgroundNoFallbackImageDisabledLoopAndPlayWhenVisibleAndLazyLoad.xml,6785ea7f901cdce4fffae1a6c68a21360a305e66dbbc52ee02165071c8c817b2,9854
Test/Mftf/Test/AdminPageBuilderBannerPosterAppearanceTest/BannerPosterWYSIWYGDisabledInlineEditTest.xml,029f65441ec2dee677cb64bdd9ece635596d8ecf5c5fbdc046eb17f087fd38ea,2586
Test/Mftf/Test/AdminPageBuilderBannerPosterAppearanceTest/BannerPosterWithBordersAndPaddingEqualToMinHeightTest.xml,7f6070cf10661c4ed2b8e33bc9163b36e3e4714546acf737b40a57d666456315,3236
Test/Mftf/Test/AdminPageBuilderBannerPosterAppearanceTest/BannerPosterWithMarginStaysInsideParentTest.xml,20970e39dce0cb3cd192062ad78ed3ef494f56e9b2ec968b5cca1f145e484396,6106
Test/Mftf/Test/AdminPageBuilderBlockRenderAddContentContentTypesTest/BlockRenderBlockThroughBlockContentTypeTest.xml,adeac34e62d7f552cd431bd0922bf19e4be60537ad67189493fb9fcc2d36520b,5706
Test/Mftf/Test/AdminPageBuilderBlockRenderAddContentContentTypesTest/BlockRenderDefaultProductsCarouselThroughBlockContentTypeTest.xml,0af03cf376d94f208c5a12846cbc6f9896931f6708f20fce6877c6ef25231191,12386
Test/Mftf/Test/AdminPageBuilderBlockRenderAddContentContentTypesTest/BlockRenderProductsCarouselValidateAutoplayInContinuousModeWithInfiniteLoopTest.xml,b67d9c6b7d640836edbde598cb0926880c02977cd9c22b4918329d4ada6ad125,16663
Test/Mftf/Test/AdminPageBuilderBlockRenderAddContentContentTypesTest/BlockRenderProductsCarouselValidateInfiniteLoopArrowsDotsFunctionTest.xml,421c874c5392e2dbcb3b20ecc4d52b9def1c81c3834d112cea18b18238da987d,19634
Test/Mftf/Test/AdminPageBuilderBlockRenderAddContentContentTypesTest/BlockRenderProductsCarouselVerifyProductItemsInteractionsOnStorefrontInContinuousCarouselModeSixProductsTest.xml,223d350f523829acd5449e7883b18f76fa82d87780c05cbc0c4d451fec6c01d7,12983
Test/Mftf/Test/AdminPageBuilderBlockRenderAddContentContentTypesTest/BlockRenderProductsCarouselVerifyProductItemsInteractionsOnStorefrontInDefaultCarouselModeTest.xml,464dcec2c4e66bec8104110b116408eb77f25ac01aa7b559f18d02d8e15d42c5,6716
Test/Mftf/Test/AdminPageBuilderBlockRenderAddContentContentTypesTest/BlockRenderProductsThroughBlockContentTypeTest.xml,6cf3fb7cedafef96274b0f57d6b1d73c65342bacc01573f183c44b4283031647,11475
Test/Mftf/Test/AdminPageBuilderBlockRenderAddContentContentTypesTest/ProductFromDifferentWebsiteInsideBlockShowsOnStageTest.xml,5ccfcef419686d91570f16e613a67723c27b8ee9c761ffbc6abaed44b9540e7f,9825
Test/Mftf/Test/AdminPageBuilderBlockRenderElementContentTypesTest/BlockRenderButtonsThroughBlockContentTypeInlineNotSameSizeTest.xml,be903113fb504050df19525c2ff3db4d6716343694e45b8a84ce3ff4e3c60fa9,12839
Test/Mftf/Test/AdminPageBuilderBlockRenderElementContentTypesTest/BlockRenderButtonsThroughBlockContentTypeInlineSameSizeTest.xml,c625afbd8bd8f492709272caa022420369e5d8706e5b6d5d47d2ba1d3fe54107,2224
Test/Mftf/Test/AdminPageBuilderBlockRenderElementContentTypesTest/BlockRenderButtonsThroughBlockContentTypeStackedNotSameSizeTest.xml,264a61731dcde07a8c6747c1aac347e8e85fb6af711ecdcad31928a1e42ccd55,2279
Test/Mftf/Test/AdminPageBuilderBlockRenderElementContentTypesTest/BlockRenderButtonsThroughBlockContentTypeStackedSameSizeTest.xml,e4597a5d726e27519c0856ab20507b6b31507544bb3193f3cf3d9bb90b5396d9,3316
Test/Mftf/Test/AdminPageBuilderBlockRenderElementContentTypesTest/BlockRenderDividerThroughBlockContentTypeTest.xml,ae01b60925df466ce6d5158188f98330dcbf5b88d1c978dfb89d3e0433c4f764,7454
Test/Mftf/Test/AdminPageBuilderBlockRenderElementContentTypesTest/BlockRenderHTMLThroughBlockContentTypeTest.xml,412b083d7dd4c7f4569c6587407f58f4441fc2dcfade71e48365b51c8d4c6725,11413
Test/Mftf/Test/AdminPageBuilderBlockRenderElementContentTypesTest/BlockRenderHeadingThroughBlockContentTypeTest.xml,070cca7fd19a6a4694d4664925870486e2cd7a47dc1204b9b30360c3accd3fb7,6185
Test/Mftf/Test/AdminPageBuilderBlockRenderElementContentTypesTest/BlockRenderTextThroughBlockContentTypeTinyMCE4WysiwygDisabledByDefaultTest.xml,075c0634f8e448ac0e447b1723c77dc696c881e7f3c44c2536d756390d9e343a,1529
Test/Mftf/Test/AdminPageBuilderBlockRenderElementContentTypesTest/BlockRenderTextThroughBlockContentTypeTinyMCE4WysiwygDisabledCompletelyTest.xml,6cb8103e55c6223b39eb135d843a01a72f2fdece1ebd7812a43fdd67cedda77a,8630
Test/Mftf/Test/AdminPageBuilderBlockRenderElementContentTypesTest/BlockRenderTextThroughBlockContentTypeTinyMCE4WysiwygEnabledByDefaultTest.xml,ba08119f58db26c481d8f44519a6fb476fe76697d4a11494a383d26d1acdda4c,11205
Test/Mftf/Test/AdminPageBuilderBlockRenderElementContentTypesTest/ButtonGroupInBlockOnDifferentLineWhenInFullWidthRowTest.xml,1f3b9e538928ca086c782898917f96ca830c171b546bac857ad6b7128f21b54c,7240
Test/Mftf/Test/AdminPageBuilderBlockRenderElementContentTypesTest/TextHeightConsistencyBetweenContentTypeAndBlockOnStorefrontTest.xml,f5e76b6b2dec43bdd331cda21eb062150cf8b52caeede8004f0f4c91b2f43eab,6006
Test/Mftf/Test/AdminPageBuilderBlockRenderLayoutContentTypesTest/BlockRenderColumnBottomAlignmentAppearanceThroughBlockContentTypeTest.xml,dc5e68eea64544d5bfa37c9d1c34e9125a8417192bcf3577d12571a391351efb,3321
Test/Mftf/Test/AdminPageBuilderBlockRenderLayoutContentTypesTest/BlockRenderColumnCenterAlignmentAppearanceThroughBlockContentTypeTest.xml,83ee6bbcc1459539059dc981fcbf33e3bb87e0d1675dad5ba19e670dac7f7243,3321
Test/Mftf/Test/AdminPageBuilderBlockRenderLayoutContentTypesTest/BlockRenderColumnDragAndDropMultipleColumnsResizingThroughBlockContentTypeTest.xml,b7d3b14f9f8bc3f08b2c162e2411125267c39ed6d8f293ba1d15d4745c05b4f1,13805
Test/Mftf/Test/AdminPageBuilderBlockRenderLayoutContentTypesTest/BlockRenderColumnFullHeightAppearanceThroughBlockContentTypeTest.xml,b307256fc3ebd7cfba801847b3463383b380d82b7f3163db6c2b8a53202e459d,18528
Test/Mftf/Test/AdminPageBuilderBlockRenderLayoutContentTypesTest/BlockRenderColumnTopAlignmentAppearanceThroughBlockContentTypeTest.xml,1bdb6311e448fcb40613e98224d6f7b3d0f92b5a78b8b514a13976a7eef728c5,3300
Test/Mftf/Test/AdminPageBuilderBlockRenderLayoutContentTypesTest/BlockRenderContainedRowMinHeightThroughBlockContentTypeTest.xml,90065bb3293d403656462bcd0e5d5939e8ad6c6e5fc662b8393d7e6d09c7b6d5,12781
Test/Mftf/Test/AdminPageBuilderBlockRenderLayoutContentTypesTest/BlockRenderFullBleedRowMinHeightThroughBlockContentTypeTest.xml,a57510b39ea907cb5d4fa58179d6c34aacbf2d733e2df9d6d8381caab78650b2,3989
Test/Mftf/Test/AdminPageBuilderBlockRenderLayoutContentTypesTest/BlockRenderFullWidthRowMinHeightThroughBlockContentTypeTest.xml,3b4a265ce4776729f99046782d0923954bbac22a5f8650e9e6cd16e93daf9310,3989
Test/Mftf/Test/AdminPageBuilderBlockRenderLayoutContentTypesTest/BlockRenderRowContainedAppearanceThroughBlockContentTypeTest.xml,72dfeaf8a8d1bd1544eb137a48ab0397ec671b118a2ff4fbf62309aa5896ac1c,5669
Test/Mftf/Test/AdminPageBuilderBlockRenderLayoutContentTypesTest/BlockRenderRowContainedAppearanceWithParallaxThroughBlockContentTypeTest.xml,f61c9b7592d901990cb1b276c7e7160f5ddd4efcf89c0f1a98bd085d05c7f8b5,19884
Test/Mftf/Test/AdminPageBuilderBlockRenderLayoutContentTypesTest/BlockRenderRowContainedAppearanceWithParallaxVideoBackgroundThroughBlockContentType.xml,9fa3f5aa7c8ca9de6d91d7da6d5c65028aec1666d7235588103704a02bd07440,5939
Test/Mftf/Test/AdminPageBuilderBlockRenderLayoutContentTypesTest/BlockRenderRowContainedAppearanceWithVideoBackgroundThroughBlockContentType.xml,7334728686be7a07a1ce468d4303e579b9bb158f779503e5d97a0e7d9f8dee3f,10619
Test/Mftf/Test/AdminPageBuilderBlockRenderLayoutContentTypesTest/BlockRenderRowFullBleedAppearanceThroughBlockContentTypeTest.xml,1b170ae1de1a2e890312d066d89b42fb98eb71441f00a0b6db2a8aac0f32cdb9,7519
Test/Mftf/Test/AdminPageBuilderBlockRenderLayoutContentTypesTest/BlockRenderRowFullBleedAppearanceWithParallaxThroughBlockContentTypeTest.xml,e88bbb63da6fcb7ffc16e4e56084935a33ee16365fec50f2301258f2226934d4,6898
Test/Mftf/Test/AdminPageBuilderBlockRenderLayoutContentTypesTest/BlockRenderRowFullBleedAppearanceWithParallaxVideoBackgroundThroughBlockContentType.xml,ed206eef75a36af55b0256d525a9bb9427bb7c0fb74e5a9ed18b9d5584feafe9,6205
Test/Mftf/Test/AdminPageBuilderBlockRenderLayoutContentTypesTest/BlockRenderRowFullBleedAppearanceWithVideoBackgroundThroughBlockContentType.xml,cf78f1780a72519f6615f70a34c165dc817cb1bff65e19c947e0ef6810613eb1,3470
Test/Mftf/Test/AdminPageBuilderBlockRenderLayoutContentTypesTest/BlockRenderRowFullWidthAppearanceThroughBlockContentTypeTest.xml,3eb405612242a80e6d27a2f42f85b3dacf03062b7dda3fcd4ff01f02ec2bb250,8029
Test/Mftf/Test/AdminPageBuilderBlockRenderLayoutContentTypesTest/BlockRenderRowFullWidthAppearanceWithParallaxThroughBlockContentTypeTest.xml,d0e1e6e6325b55d554fa68a28ed70c8c56506d272d5bc6ad99f3379392a76638,7408
Test/Mftf/Test/AdminPageBuilderBlockRenderLayoutContentTypesTest/BlockRenderRowFullWidthAppearanceWithParallaxVideoBackgroundThroughBlockContentType.xml,000473b3ac8424a34bcf7396b05b25abbebe500b2c84bfd867164c896c324688,6205
Test/Mftf/Test/AdminPageBuilderBlockRenderLayoutContentTypesTest/BlockRenderRowFullWidthAppearanceWithVideoBackgroundThroughBlockContentType.xml,9d1babac695db01cde1d8ebc51081f97c698e364d2511351e1985f3f4d86bdd6,3470
Test/Mftf/Test/AdminPageBuilderBlockRenderLayoutContentTypesTest/BlockRenderTabsThroughBlockContentTypeTest.xml,aac83e0b9bd191027198e80567dda0b30fa0dfcc751c2b072288f98baa62a4eb,28356
Test/Mftf/Test/AdminPageBuilderBlockRenderLayoutContentTypesTest/BlockRowContainedAppearanceHasEqualWidthToContentsTest.xml,cd70b9ebc54b5668396405842d23f503ca1d7210eda5d31a25385bc136356d1a,7501
Test/Mftf/Test/AdminPageBuilderBlockRenderLayoutContentTypesTest/BlockRowContentIsVerticallyAlignedTest.xml,8d32c61e778c8cd26e697902eb6f180e3defa7638f1f6229115ad1adb7cddf42,7340
Test/Mftf/Test/AdminPageBuilderBlockRenderLayoutContentTypesTest/BlockRowFullBleedAppearanceHasEqualWidthToContentsTest.xml,8e27e3dcc4ab68cda9881ddf53452ac20bff23fe008cab6155354cfcdee4d8ef,2729
Test/Mftf/Test/AdminPageBuilderBlockRenderLayoutContentTypesTest/BlockRowFullWidthAppearanceHasEqualWidthToContentsTest.xml,15fad478448ecc443fe8541c57ca0c88b89db094783888e756faedbc0fe96153,2729
Test/Mftf/Test/AdminPageBuilderBlockRenderMediaContentTypesTest/BlockImageIsRightAlignedTest.xml,8b89954cebb7462816b651efe045bf682198e8f4073bbf2ec3528165e30f3ee7,7538
Test/Mftf/Test/AdminPageBuilderBlockRenderMediaContentTypesTest/BlockRenderBannerCollageCenterAppearanceWithVideoBackgroundThroughBlockContentTypeTest.xml,cd28b8e5051f5b9b1aa694e761826aedcf7296d200cac336739ad01f1c6f396d,1621
Test/Mftf/Test/AdminPageBuilderBlockRenderMediaContentTypesTest/BlockRenderBannerCollageCenterMinHeightThroughBlockContentTypeTest.xml,6aaab5e84a0e558bc67a6fe9ab0c7e03c2f9097f1f9de52b9f8c1c3026168181,5118
Test/Mftf/Test/AdminPageBuilderBlockRenderMediaContentTypesTest/BlockRenderBannerCollageCenteredAppearanceThroughBlockContentTypeTest.xml,2346ac4285d896d89d8824dae08fe00ffc76541cf09da537cfaeb47aff766822,4523
Test/Mftf/Test/AdminPageBuilderBlockRenderMediaContentTypesTest/BlockRenderBannerCollageLeftAppearanceThroughBlockContentTypeTest.xml,6172c3b63fe55198e0b3de4c28c5f4a1f51806ea77de410d0319a71d90e14881,4475
Test/Mftf/Test/AdminPageBuilderBlockRenderMediaContentTypesTest/BlockRenderBannerCollageLeftAppearanceWithVideoBackgroundThroughBlockContentTypeTest.xml,e6d485c85a4f2f40df2004e01128b671d275f14901de7c6208ee6bc6b5bb15f6,1609
Test/Mftf/Test/AdminPageBuilderBlockRenderMediaContentTypesTest/BlockRenderBannerCollageLeftMinHeightThroughBlockContentTypeTest.xml,b510888b5d3ceda117bc3607095362465ef067bf0c5b2e7bba8ac28b0bae7edd,5106
Test/Mftf/Test/AdminPageBuilderBlockRenderMediaContentTypesTest/BlockRenderBannerCollageRightAppearanceThroughBlockContentTypeTest.xml,1ec802ecc1b7a9f28f4f21c9c6e812b620d8082d46bf6c7dcd7474e58e03e33e,4489
Test/Mftf/Test/AdminPageBuilderBlockRenderMediaContentTypesTest/BlockRenderBannerCollageRightAppearanceWithVideoBackgroundThroughBlockContentTypeTest.xml,ee8b95463b08c97ac08daabf3268b9c961f1157561763291d99658afcc29091c,1614
Test/Mftf/Test/AdminPageBuilderBlockRenderMediaContentTypesTest/BlockRenderBannerCollageRightMinHeightThroughBlockContentTypeTest.xml,37eddfb220f1191952ce5f3a8805076bc5d32d246e31babf09be7042b16925af,5111
Test/Mftf/Test/AdminPageBuilderBlockRenderMediaContentTypesTest/BlockRenderBannerPosterAppearanceThroughBlockContentTypeTest.xml,6c466aa88dd7c12568c78693674d75f33233ee98f5ed075feddd271420974849,24357
Test/Mftf/Test/AdminPageBuilderBlockRenderMediaContentTypesTest/BlockRenderBannerPosterAppearanceWithVideoBackgroundThroughBlockContentTypeTest.xml,52bcac4f94730a013d8e5205625043b8e7d73d1b97c072c6022be95d6dd2fa66,12051
Test/Mftf/Test/AdminPageBuilderBlockRenderMediaContentTypesTest/BlockRenderBannerPosterMinHeightThroughBlockContentTypeTest.xml,4c881bc535dbab219bcb1387e5350525ec128123bee4cd0c9ad8e836d200394e,13195
Test/Mftf/Test/AdminPageBuilderBlockRenderMediaContentTypesTest/BlockRenderBannerThroughBlockContentTypeTinyMCE4WysiwygDisabledByDefaultTest.xml,04ad81ee50058c536fa3ff749511785fcede9a8f2ead3dfa22e12aeac16b98a3,1593
Test/Mftf/Test/AdminPageBuilderBlockRenderMediaContentTypesTest/BlockRenderBannerThroughBlockContentTypeTinyMCE4WysiwygDisabledCompletelyTest.xml,bd1ee11202fb42d0d99e05cbb7f0abc010c3c59d077a5848385758c44bf0f300,9084
Test/Mftf/Test/AdminPageBuilderBlockRenderMediaContentTypesTest/BlockRenderBannerThroughBlockContentTypeTinyMCE4WysiwygEnabledByDefaultTest.xml,e399a99164773cf5d955f6b677d53b5429cd80b6f2311559783df2ef41d62f53,12128
Test/Mftf/Test/AdminPageBuilderBlockRenderMediaContentTypesTest/BlockRenderEmptyImageThroughBlockContentTypeTest.xml,6e045d172e9eeb1a776376a0bfad2088c066ccd82b194bec460ca65898348dc6,5318
Test/Mftf/Test/AdminPageBuilderBlockRenderMediaContentTypesTest/BlockRenderImageThroughBlockContentTypeTest.xml,f3f57951580c734b854bd9c8e3d4cd4fea7f4c7297e7a080c9731036d8b9b95a,12181
Test/Mftf/Test/AdminPageBuilderBlockRenderMediaContentTypesTest/BlockRenderMapThroughBlockContentType.xml,c31301c7242a61ee6c4b7d4e6b5a28d528f0508ef04e2039a52951bba1b20b1f,8518
Test/Mftf/Test/AdminPageBuilderBlockRenderMediaContentTypesTest/BlockRenderSlideItemCollageCenterAppearanceThroughBlockContentTypeTest.xml,f565df63d17211d7fff213bbc5d7e8fa2f2358be3c1b4883612ac62cc5493698,4191
Test/Mftf/Test/AdminPageBuilderBlockRenderMediaContentTypesTest/BlockRenderSlideItemCollageCenterAppearanceWithVideoBackgroundThroughBlockContentType.xml,799cc575f6a846418cf01f8db98724c0d7f650aad2ea8c74950617aa1dbe0d0d,1605
Test/Mftf/Test/AdminPageBuilderBlockRenderMediaContentTypesTest/BlockRenderSlideItemCollageLeftAppearanceThroughBlockContentTypeTest.xml,51a00bf8fb4228bf29e8b6643e70bc29ce5dfc14b2883ac5f8ca809317b11d29,4151
Test/Mftf/Test/AdminPageBuilderBlockRenderMediaContentTypesTest/BlockRenderSlideItemCollageLeftAppearanceWithVideoBackgroundThroughBlockContentType.xml,0d6cee9cdbf04b9656b46cee8db24fe9ec3abb8b91e33cec4699c0a2f8147508,1593
Test/Mftf/Test/AdminPageBuilderBlockRenderMediaContentTypesTest/BlockRenderSlideItemCollageRightAppearanceThroughBlockContentTypeTest.xml,23e43957452fa4a21b34e0d905a202f15c557d7c6445239a5f4aedb0b0412217,4165
Test/Mftf/Test/AdminPageBuilderBlockRenderMediaContentTypesTest/BlockRenderSlideItemCollageRightAppearanceWithVideoBackgroundThroughBlockContentType.xml,8f21152597e707820c9cca1ba71c9aa205e8201951534967898ed702d5ea2cea,1598
Test/Mftf/Test/AdminPageBuilderBlockRenderMediaContentTypesTest/BlockRenderSlideItemPosterAppearanceThroughBlockContentTypeTest.xml,9e503ecf6948cde77ebf453b3eb7eb5f618d7ed53dcf0cf978cd1c8b9a336b57,24875
Test/Mftf/Test/AdminPageBuilderBlockRenderMediaContentTypesTest/BlockRenderSlideItemPosterAppearanceWithVideoBackgroundThroughBlockContentType.xml,061b0f318730d70479ae03c3dbdcce5a93ba40affa8afc2d007b0cacb0212a7b,11992
Test/Mftf/Test/AdminPageBuilderBlockRenderMediaContentTypesTest/BlockRenderSlideItemThroughBlockContentTypeTinyMCE4WysiwygDisabledByDefaultTest.xml,c40b22fd894bb29a50f7495f88f7b2b9c663bf0f0abf807133297cdc27c852dd,1609
Test/Mftf/Test/AdminPageBuilderBlockRenderMediaContentTypesTest/BlockRenderSlideItemThroughBlockContentTypeTinyMCE4WysiwygDisabledCompletelyTest.xml,a16f5b9d5167300c2a9c69c8d0bbc703497ebac68895c8b172da7f9e9deecb15,9088
Test/Mftf/Test/AdminPageBuilderBlockRenderMediaContentTypesTest/BlockRenderSlideItemThroughBlockContentTypeTinyMCE4WysiwygEnabledByDefaultTest.xml,21232e6c4ad242798b843e8e808bc9945951da15e5628d0c2523863d5f896999,12466
Test/Mftf/Test/AdminPageBuilderBlockRenderMediaContentTypesTest/BlockRenderSliderMinHeightWithCollageCenterSlideMinHeightThroughBlockContentTypeTest.xml,23dd056762f776378258e5ac7629742463fa637321a47b337054b182b2410cb2,2215
Test/Mftf/Test/AdminPageBuilderBlockRenderMediaContentTypesTest/BlockRenderSliderMinHeightWithCollageLeftSlideMinHeightThroughBlockContentTypeTest.xml,0e8700d256eb8722ad0b27b528599e41a8460b704dbb2659f5debc47fecce829,2203
Test/Mftf/Test/AdminPageBuilderBlockRenderMediaContentTypesTest/BlockRenderSliderMinHeightWithCollageRightSlideMinHeightThroughBlockContentTypeTest.xml,8338e624ade045d79cf6fbd38dd1839e6ee7b120824d38defb71790606509b1f,2208
Test/Mftf/Test/AdminPageBuilderBlockRenderMediaContentTypesTest/BlockRenderSliderMinHeightWithPosterSlideMinHeightThroughBlockContentTypeTest.xml,659eea492afc12c8b5502dd0c92c289dd696dd952d14715267d491fcaecbf93b,25837
Test/Mftf/Test/AdminPageBuilderBlockRenderMediaContentTypesTest/BlockRenderSliderThroughBlockContentTypeTest.xml,9e2006aac925712553c7c75faab03994081745b9da18b4418c769b255efc24c4,17017
Test/Mftf/Test/AdminPageBuilderBlockRenderMediaContentTypesTest/BlockRenderVideoThroughBlockContentTypeTest.xml,6746275b6eb0d3386a76cb72913bfb3b933361a7d3725b37b577a844ea8da3d8,5860
Test/Mftf/Test/AdminPageBuilderBlockTest/AddBlockToCmsPageTest.xml,5843fcbba079d54ed782a7f3280b15ce55a949a2c302a23217f8109094dcf72f,3343
Test/Mftf/Test/AdminPageBuilderBlockTest/BlockCanAddToColumnTest.xml,92bc9b952a4ef3a4cecdd9306049d7c54f1d2641e5e1c9ccb212ba4ef68603af,4492
Test/Mftf/Test/AdminPageBuilderBlockTest/BlockCannotAddToStageTest.xml,2d15f3295d5f71480e7be16d285d9d8f0b950d169a4242a92ebe1dcbf67393b2,1886
Test/Mftf/Test/AdminPageBuilderBlockTest/BlockDeleteTest.xml,560204f803cf065a86e14801a595a629099e0cf14cd0a4eb590848f71874a11f,3290
Test/Mftf/Test/AdminPageBuilderBlockTest/BlockDuplicateTest.xml,103ea85d9012de67785434edacb4993a51386a62c03a69a88baead90ad861683,15025
Test/Mftf/Test/AdminPageBuilderBlockTest/BlockGetsUpdatedTest.xml,361a015a29f09cd815cae14a4645c4fad54f847b79ed839c113fe0930b0f4bf7,5617
Test/Mftf/Test/AdminPageBuilderBlockTest/BlockHiddenTest.xml,9f7781c19ac8aa9db9dc16e3241ae1014688264c62ec120e03344e1010178aec,5624
Test/Mftf/Test/AdminPageBuilderBlockTest/BlockMoveTest.xml,91fd557b78211acbd535db330d51146fffebb8d5fe522e2d6dd43c09428f3694,7639
Test/Mftf/Test/AdminPageBuilderBlockTest/BlockUpdateAdvancedConfigurationValuesTest.xml,7e7a7c3c272684c0b749bf7b58c84cfc0bba60159dd8761f41c0ab77100e6114,11679
Test/Mftf/Test/AdminPageBuilderBlockTest/BlockValidateAdvancedConfigurationDefaultValuesTest.xml,9469d349df694d8dc3aedecdc7526c988d81f9909de492406bd045f3d49dc96f,9695
Test/Mftf/Test/AdminPageBuilderBlockTest/BlockValidateEmptyStateTest.xml,ebd12360fd9b475a3e6730a42b12b0cf1886d9c74d5cf9c6a62e9fc9810f2425,2770
Test/Mftf/Test/AdminPageBuilderBlockTest/DisplayingDeletedBlockOnStageTest.xml,f2fbd31919943bbd2a61e2ebd24a5ec05b0ec1c1d038966fc322a226e233b7c4,3038
Test/Mftf/Test/AdminPageBuilderBlockTest/ValidateShowHideOnBlockDefaultStateTest.xml,b9e8a433ea15984b5abb05d6508018b49baa111cb589b93c2a42990ed346d9f4,3924
Test/Mftf/Test/AdminPageBuilderBlockTest/ValidateShowHideOnBlockTest.xml,3afe84c1203001ffc17e43be1620789a4d3a042966c5f28b8530c12e6d94302b,5201
Test/Mftf/Test/AdminPageBuilderBlockTest/VerifyBlockDisabledTest.xml,41828b9a87893dbffc9c38f6ffe2e8911aabb40eca629efe7de2020f2b489685,4513
Test/Mftf/Test/AdminPageBuilderButtonGroupAppearanceTest/ButtonGroupCreateNewLargestButtonWithSameSizeEnabledTest.xml,63f4c97236f5c3f3c39ff4d170bd62e5cbb6ed22688b084441e43ed1e6186c52,8384
Test/Mftf/Test/AdminPageBuilderButtonGroupAppearanceTest/ButtonGroupCreateNewSmallerButtonWithSameSizeEnabledTest.xml,0e0f02b14b992ef614dc62b247075d3efd048136bed8e35c8e47fb210de80116,2692
Test/Mftf/Test/AdminPageBuilderButtonGroupAppearanceTest/ButtonGroupInlineAppearanceDisableSameSizeTest.xml,6f494ea8a714f2fdf0713ef7ceecb5d992d67c532f165d43195a870f20a317c2,6902
Test/Mftf/Test/AdminPageBuilderButtonGroupAppearanceTest/ButtonGroupInlineAppearanceEnableSameSizeTest.xml,fa22d3fe73dc6e19bb04ab0073b758165d350e2c7a40712de7dab3f9a9b382af,6465
Test/Mftf/Test/AdminPageBuilderButtonGroupAppearanceTest/ButtonGroupSameSizeAffectedByPaddingAndBorderWidthTest.xml,4d7eb99d8ddce9d1297a2b48d0c1e85af6d72a2f758192d88849942aa2094fef,13473
Test/Mftf/Test/AdminPageBuilderButtonGroupAppearanceTest/ButtonGroupSameSizeAffectsEmptyButtonsTest.xml,202d0769fe29241a438463069be4b7179f946916e2c4003757df8c5eabcbedae,4251
Test/Mftf/Test/AdminPageBuilderButtonGroupAppearanceTest/ButtonGroupStackedAppearanceDisableSameSizeTest.xml,9feec4978837cdac7eaa2bf2a5f9865f6ee78cb8841d61bf5b6907d85f255069,1680
Test/Mftf/Test/AdminPageBuilderButtonGroupAppearanceTest/ButtonGroupStackedAppearanceEnableSameSizeTest.xml,818d72ea9416f687383074eb8a8b8bfbff89c757abe4c3d9fddc96e059b9f713,1259
Test/Mftf/Test/AdminPageBuilderButtonGroupAppearanceTest/ButtonGroupUpdateButtonTextWithSameSizeEnabledTest.xml,1d5d943483b88a9d2ed29bb845814aaa62c4e58b86a500dc01e4222ee28ff806,15601
Test/Mftf/Test/AdminPageBuilderButtonGroupAppearanceTest/ButtonGroupValidateAppearanceDefaultValuesTest.xml,f0a0df8671d751e5d56ab9e36d3129465d08321fb19168d545fba0dac44375f0,6862
Test/Mftf/Test/AdminPageBuilderButtonGroupAppearanceTest/ButtonGroupValidateInlineAppearanceAddButtonTest.xml,be671e210bf0d9c396da88fee536a69929433ea3ef5060d6a83cca5ea2325c67,4542
Test/Mftf/Test/AdminPageBuilderButtonGroupAppearanceTest/ButtonGroupValidateInlineAppearanceLongNameWrapTest.xml,4795a8082dc204fce1d39643c9a9b7a8e29b58c04110d0b7b8a73ef65d5c3301,5680
Test/Mftf/Test/AdminPageBuilderButtonGroupAppearanceTest/ButtonGroupValidateInlineAppearanceTest.xml,19aca6ae0679317294c70c9bdf887221594dd1281c38906bb80abced4f1b58ad,9817
Test/Mftf/Test/AdminPageBuilderButtonGroupAppearanceTest/ButtonGroupValidateSameSizeForLinkButtonsInColumnResizingTest.xml,89e1e4489b2167eded7605b58abdf18b4afb728f28f2c62001a62f1dbc30c4fe,1458
Test/Mftf/Test/AdminPageBuilderButtonGroupAppearanceTest/ButtonGroupValidateSameSizeForPrimaryButtonsInColumnResizingTest.xml,b16e4ccf72a69504d5826a19b2534be5b14fc2655017a1a13baafc03de14f158,17508
Test/Mftf/Test/AdminPageBuilderButtonGroupAppearanceTest/ButtonGroupValidateSameSizeForSecondaryButtonsInColumnResizingTest.xml,581f3d333c59805943424605bbfbd4d619f661d7982d5d2d16cdabce2a6834c7,1473
Test/Mftf/Test/AdminPageBuilderButtonGroupAppearanceTest/ButtonGroupValidateSameSizeWhenSwitchingActiveTabTest.xml,72d0257768b1749065b241a9b4cf10d3ccb7c4ecd89cf85abc8b42172b6030e0,8113
Test/Mftf/Test/AdminPageBuilderButtonGroupAppearanceTest/ButtonGroupValidateSameSizeWithinTabTest.xml,610382a281cb078d76acc2306258bef80470a485a4d71b45cd06f73f3a71c8d4,7425
Test/Mftf/Test/AdminPageBuilderButtonGroupAppearanceTest/ButtonGroupValidateSameSizeWorksWhenSwitchingAppearancesTest.xml,f04d2c65fdf368b10432ad3e8242718148e42ab49706570b2f11e1f3fe7bbd97,7606
Test/Mftf/Test/AdminPageBuilderButtonGroupAppearanceTest/ButtonGroupValidateStackedAppearanceAddButtonTest.xml,1ca9fdc60676793161bddc7b5635ed88b49b74e725974305d8d73bbd1c5173ef,4552
Test/Mftf/Test/AdminPageBuilderButtonGroupAppearanceTest/ButtonGroupValidateStackedAppearanceTest.xml,86ff3185d5badb50c1312c5f67732a8193d0659066eacda99a1f6a57c9fba768,4883
Test/Mftf/Test/AdminPageBuilderButtonGroupAppearanceTest/ButtonGroupValidateSwitchingAppearancesTest.xml,ab376bc7857bfa4d9c990278384891a365012e635c262eb186eaa245a0469234,9074
Test/Mftf/Test/AdminPageBuilderButtonGroupTest/ButtonGroupDeleteTest.xml,797bcdb8d59cef6e8c841f8213a209242a732d176f80ca7ac4dc1085662598f3,3428
Test/Mftf/Test/AdminPageBuilderButtonGroupTest/ButtonGroupDuplicateTest.xml,b886b07afc592c634d58659cd0bd026db647c88ce9b545447dd8544f22c996ad,19575
Test/Mftf/Test/AdminPageBuilderButtonGroupTest/ButtonGroupNoMoreOldAddButtonButtonTest.xml,19ea280f79c7cc0b30544105e5a51885719cbbe8fd3aacfaa129b31f144da39d,2553
Test/Mftf/Test/AdminPageBuilderButtonGroupTest/ButtonGroupOnDifferentLineWhenInFullWidthRowTest.xml,d26a0da2c750db7a362ceab0d468464016a0d482247ae4749ed0bfd60cfaf5c0,5089
Test/Mftf/Test/AdminPageBuilderButtonGroupTest/ButtonGroupRequiredAttributesTest.xml,47e87e6df8bf78bb98b0391410b0e909f48a14372082601d9afd4ab436a218c3,2778
Test/Mftf/Test/AdminPageBuilderButtonGroupTest/ButtonGroupUpdateAdvancedConfigurationValuesTest.xml,225e46ff19ab6d5cab407cd917c1ae663369e8165d48c4ab9c4f45654885587b,9839
Test/Mftf/Test/AdminPageBuilderButtonGroupTest/ButtonGroupUpdateAllAttributesTest.xml,897f507866b383af372725b1b293e8b6c9c8aecd11f904cc1a58e043bb4648ea,12779
Test/Mftf/Test/AdminPageBuilderButtonGroupTest/ButtonGroupValidateAdvancedConfigurationDefaultValuesTest.xml,597d56818510872ac631aa4973a1e1a946d45cf44c6b2426576072b3afce1c91,7046
Test/Mftf/Test/AdminPageBuilderButtonGroupTest/ButtonsCanAddToColumnTest.xml,b0572787abee450580921dec0d4562f41e152f50f04803cc0be4be927416710f,4602
Test/Mftf/Test/AdminPageBuilderButtonGroupTest/ButtonsCannotAddToStageTest.xml,8f34239a751785ae0dd4fdd3da437f0f822c9a3302237ae6efc42cb552600ce6,1979
Test/Mftf/Test/AdminPageBuilderButtonGroupTest/ValidateShowHideOnButtonsDefaultStateTest.xml,b9e76dfffba7851775e26222e06c332c68aa26378b3fb40e55baae6e8e707aa9,3672
Test/Mftf/Test/AdminPageBuilderButtonGroupTest/ValidateShowHideOnButtonsOnStackedAppearanceTest.xml,98a01fcbd03ef500e225ac2b7eaa645e062398301c8113286d8730d9afbed7c4,2012
Test/Mftf/Test/AdminPageBuilderButtonGroupTest/ValidateShowHideOnButtonsTest.xml,5e622cbf2f621dd377af95528f6350c0ba908290c7c416bd82f75c56584de84a,6704
Test/Mftf/Test/AdminPageBuilderButtonItemGeneralAttributeTest/ButtonItemCommonCharactersButtonTextTest.xml,e280fec611cbbc43acfe5f625e0335f299ef327866d6f2b824d8ce82eeb74def,4842
Test/Mftf/Test/AdminPageBuilderButtonItemGeneralAttributeTest/ButtonItemEmptyButtonTextTest.xml,2ec36490e03f0b9c2d8d64beeb0744e7df494bfc50ec21f934821db3f4c7b1c9,5348
Test/Mftf/Test/AdminPageBuilderButtonItemGeneralAttributeTest/ButtonItemLinkButtonTypeTest.xml,5cc4f21c675adb2f3a5ab7fac05984fbd1c12ba74ec9c49e5e581b3f4d23e876,5150
Test/Mftf/Test/AdminPageBuilderButtonItemGeneralAttributeTest/ButtonItemLongButtonTextTest.xml,3d765e1e1d9e7978bf5696411718ce6dd468a312c08af6d0fe14b644e17bdb65,6974
Test/Mftf/Test/AdminPageBuilderButtonItemGeneralAttributeTest/ButtonItemOneCharacterButtonTextTest.xml,b4518936723ae880c7bca8418b6cba36df2922565533859f6ab737ee9d7317d4,4810
Test/Mftf/Test/AdminPageBuilderButtonItemGeneralAttributeTest/ButtonItemPrimaryButtonTypeTest.xml,a820071fd2031af4bb8c32f96956ae37a52d74bb67988683c5019f99f4917867,5174
Test/Mftf/Test/AdminPageBuilderButtonItemGeneralAttributeTest/ButtonItemSecondaryButtonTypeTest.xml,c8ccfdd4d0508371c2513245e257b9c15becdfe403441cdcabf925cf3bacc972,5190
Test/Mftf/Test/AdminPageBuilderButtonItemGeneralAttributeTest/ButtonItemSpecialCharactersButtonTextTest.xml,5587710d0f5be5fa6e26c5f7c2f1cfb8705b03ef4a388f715b803039c42428e1,4933
Test/Mftf/Test/AdminPageBuilderButtonItemMovingTest/ButtonItemCanDeleteButtonAfterMovingButtonTest.xml,5f9d49e5531956c8375f20ade686465df7e259e1267f0c726b167e47e26b4c1b,8450
Test/Mftf/Test/AdminPageBuilderButtonItemMovingTest/ButtonItemCannotMoveButtonOutsideButtonGroupTest.xml,64bce83e710916db55b5f90bfdafb2a42df74b02410adbf129b76bbf6946be21,7739
Test/Mftf/Test/AdminPageBuilderButtonItemMovingTest/ButtonItemCannotMoveButtonToAnotherButtonGroupTest.xml,dbb9e3b4567fa85848b44b46707eb4806467f56d4b6b5c0169f70f165cb52df8,6964
Test/Mftf/Test/AdminPageBuilderButtonItemMovingTest/ButtonItemMoveButtonBeforeButtonWithLongTextTest.xml,eb6208dbd75e0a5b6d8b5a6e46becf369c7fa6cfa40e8740a9abdebbb76982ac,6186
Test/Mftf/Test/AdminPageBuilderButtonItemMovingTest/ButtonItemMoveButtonInlineAppearanceTest.xml,cf06fd3ffcf16119a395f26beab6df0eee47d986505601cfcee6db1c4ee32e42,7291
Test/Mftf/Test/AdminPageBuilderButtonItemMovingTest/ButtonItemMoveButtonStackedAppearanceTest.xml,402b9717529d8d13201648ef1e9f2b7d77810a1e8c207dee72c4a9559552651f,8087
Test/Mftf/Test/AdminPageBuilderButtonItemMovingTest/ButtonItemMoveButtonWhenInlineButtonsAreWrappingTest.xml,7be1c9d7ee736426ebb7accd20b635f5fbcb580f66bea8f06fc466e46e7f9b29,9666
Test/Mftf/Test/AdminPageBuilderButtonItemTest/AddButtonsContentTypeToCMSPageTest.xml,1b3ee27f68f2d7888f4f2cb28ebe0cb59e1f241c3d07bad32332310dfb2f212a,9815
Test/Mftf/Test/AdminPageBuilderButtonItemTest/ButtonItemCanBeEditedInlineTest.xml,c602c0ac0feb82b3fc8d59481d9b0e981ad390a114f06a48fcdf3c3c7c53dfc9,4873
Test/Mftf/Test/AdminPageBuilderButtonItemTest/ButtonItemCanSaveButtonTextWithoutFocusingOutsideOfLiveEditTest.xml,b6481a2960368b3dd137a105cdf8b60e8d5da8343423813af0902d1d9d7ef4a0,3562
Test/Mftf/Test/AdminPageBuilderButtonItemTest/ButtonItemCannotDeleteLastButtonTest.xml,a397d21929f4d162cf1ecae1a46dd2e29ca909052345dc37da7ac7710eb0c6f6,4150
Test/Mftf/Test/AdminPageBuilderButtonItemTest/ButtonItemDeleteNoConfigurationTest.xml,a5acebfa01b1338bc11510a910d6459e8ae3166b6324cb2aa7ef95689d51e8b1,5299
Test/Mftf/Test/AdminPageBuilderButtonItemTest/ButtonItemDuplicateTest.xml,3aab42207c82ae8567e6c4e6102b9456777ac6996f27583bba6b365ea66f8120,15843
Test/Mftf/Test/AdminPageBuilderButtonItemTest/ButtonItemEditNonBreakingSpaceStageTest.xml,f109a04505b63dfa7e0032f6153fe99fd8024c8393e9899d784c2e8cc71200c1,3832
Test/Mftf/Test/AdminPageBuilderButtonItemTest/ButtonItemEmptyLinkURLDoesNothingOnStorefrontTest.xml,3e373cf8a18b35718200d5465f59386af0ec9bff962880ad36dca35d5e489c6c,3915
Test/Mftf/Test/AdminPageBuilderButtonItemTest/ButtonItemHoverOverButtonItemShowsButtonGroupMenuTest.xml,9dc60b81f8b6d140a5df5607fd756de5c60abcbebb81e93ec7bc8417ae9d039e,3520
Test/Mftf/Test/AdminPageBuilderButtonItemTest/ButtonItemHtmlValueInButtonsTest.xml,743f757b399d989ba9eeb482d1e1283a9a71aa96433dff7cb65f889d5d564c14,4209
Test/Mftf/Test/AdminPageBuilderButtonItemTest/ButtonItemMoveHandleDisabledWhenOnlyOneButtonTest.xml,d13ef7513dd47c0fb11982c453c1058f0505c5bd01305e696c4c7cb9525ccf5a,3750
Test/Mftf/Test/AdminPageBuilderButtonItemTest/ButtonItemNoRequiredFieldsTest.xml,d821723c9b287678ccbf7d1cec5cb6cb7639554315d31a70b40b1c5e3ce3a38d,3387
Test/Mftf/Test/AdminPageBuilderButtonItemTest/ButtonItemUpdateAdvancedConfigurationValuesTest.xml,a00d334b79d7da46d6cb47f285db1b82d1da65809defe4193f23a2670603a5b1,11724
Test/Mftf/Test/AdminPageBuilderButtonItemTest/ButtonItemValidateAdvancedConfigurationDefaultValuesTest.xml,ac621f9ae7fe48ae0785375c4163cca6431ef9d6c0a4f6a728cfe46c0c3242ee,9922
Test/Mftf/Test/AdminPageBuilderButtonItemTest/ButtonItemValidateGeneralSectionFieldsTest.xml,b5e176d2781484f11d864954d6aa89f05865c4a715070649100b4d9df470d502,7162
Test/Mftf/Test/AdminPageBuilderButtonItemTest/EmptyButtonItemTest.xml,936bbddf274519c6534a651d37540a8b27dceace3331ce01755d11901b93702f,2867
Test/Mftf/Test/AdminPageBuilderButtonItemTest/ValidateButtonItemNotHideableTest.xml,799706e06dc099c53deef774a29ea033d9613a86a902051d110dba7c25488278,2236
Test/Mftf/Test/AdminPageBuilderColumnBackgroundAttributeTest/ColumnValidateBackgroundFormTest.xml,a6a56ecdb5839478bbdf610295fe6e8107cc553a48cd37308b3372b898411917,10440
Test/Mftf/Test/AdminPageBuilderColumnBackgroundAttributeTest/ColumnValidateBackgroundSectionDefaultValuesTest.xml,7942ade59cdb7813fe4ff1bfe14c29131e4c5a4cf6bd7df745fc7c21ff08aa79,8422
Test/Mftf/Test/AdminPageBuilderColumnContentTest/ColumnDragColumnWithContentBetweenColumnGroupsTest.xml,d9f180b6010beb17532cb7516afd83786b1ab854c2b095e761c700a536bf2268,6121
Test/Mftf/Test/AdminPageBuilderColumnContentTest/ColumnValidateBackgroundSectionDefaultValuesTest.xml,8b3de02286e83dba30b121ad1204c89f56062a19c9df2baeb6916015db86e4f5,7076
Test/Mftf/Test/AdminPageBuilderColumnContentTest/ColumnsMoveContentBetweenColumnsTest.xml,7eb366420924c416fef6bf6598647e59a1daf160c8cf5bf2395bee57f8e4d2c7,6643
Test/Mftf/Test/AdminPageBuilderColumnContentTest/MoveContentIntoEmptyTallColumnGroupTest.xml,432cd80a470464670f7296619cf0f7346e16ace21ae793e7ffacf4ae92d4e8ec,5560
Test/Mftf/Test/AdminPageBuilderColumnContentTest/TabsAddToColumnAndHeightAdjustsTest.xml,e0935706ac582b42caab1ad58551f61a7e6136970681107918ab363b23705074,3733
Test/Mftf/Test/AdminPageBuilderColumnContentTest/TabsAddToColumnWithSetLargeMinimumHeightAndHeightDoesNotAdjustTest.xml,79c6cf58dbbe3d33f4ab51707805401e5b365415f4ab1562d9f7f2d26371e750,5529
Test/Mftf/Test/AdminPageBuilderColumnContentTest/TabsAddToColumnWithSetSmallMinimumHeightAndHeightAdjustsTest.xml,635d978eefc3743d6f83deb7a36a0f5841b71695e4e23e686725361667c49a68,6244
Test/Mftf/Test/AdminPageBuilderColumnGridTest/CanAddColumnToSmallGridSizeTest.xml,9f893cb285d257294c06e585c4773de0dd0611c5c10052b492dcadfae5d8bea8,2468
Test/Mftf/Test/AdminPageBuilderColumnGridTest/CannotAddColumnToFullSmallGridSizeTest.xml,8a94153aff6b8322853da8133e4911ae9f433d1bc0eb8701db95c44dcc98c1dd,3022
Test/Mftf/Test/AdminPageBuilderColumnGridTest/ColumnValidateColumnGridTooltipMessageTest.xml,d89d6500c264f9455eb16948a7600ae91602603401cefc68760044afae55e0b7,2332
Test/Mftf/Test/AdminPageBuilderColumnGridTest/ColumnValidateOddDefaultGridSizeIsSplitCorrectlyTest.xml,b4e12fd5e725673ad0f17def1f76116f9fbb85673e58ef1f4e649bed313106ff,2087
Test/Mftf/Test/AdminPageBuilderColumnGridTest/MoveColumnBetweenGroupsOfDifferentGridSizeTest.xml,b4204f8587de834ffe13d0293edeabe717e29a76f96a65cb7e4b64c4da750850,2995
Test/Mftf/Test/AdminPageBuilderColumnGridTest/SetDefaultGridSize14Test.xml,3b3b80fa72197d59a049dbedff3c8b60377c7597596167e7a14b0dd5701f5c00,3025
Test/Mftf/Test/AdminPageBuilderColumnGridTest/SetDefaultGridSize7Test.xml,a8b41a37b5b0ccdb7ba20be4e033724faa2b92a7c8883dfc4569af5349693ccc,3393
Test/Mftf/Test/AdminPageBuilderColumnGridTest/ValidateColumnsMaintainRatioWithoutHistoryTest.xml,c74135efb6cbf25e1e8af2daf0cfa69392a1491fd9ad7d00d2250ed6353549df,4191
Test/Mftf/Test/AdminPageBuilderColumnGridTest/ValidateDifferentGridSizePerGroupTest.xml,cfad99dbef69785c214f65ff1c23455806258ed8474b169c1e5857282c515440,3084
Test/Mftf/Test/AdminPageBuilderColumnGridTest/ValidateEmptyColumnsDeletedOnSmallerGridSizeTest.xml,de3a58f5e939778edd24669af1dbca85b6544956919f8e3783e9787885be266a,2950
Test/Mftf/Test/AdminPageBuilderColumnGridTest/ValidateGridDefaultSizeOnStageTest.xml,a690c773872e05c071cf5686c2f78fc61fc7d0b1336a99d6bad99d7d6a609ed2,2579
Test/Mftf/Test/AdminPageBuilderColumnGridTest/ValidateGridInputFocusedOnOpenTest.xml,a39927b91384a64511d0a36d95c4b08303f38ddeb25869a9e1066e8aba8e4ff0,2114
Test/Mftf/Test/AdminPageBuilderColumnGridTest/ValidateGridPanelWontCloseOnArrowClickTest.xml,8bf9de3fe0e0357224383fba5661977b8d69b96e108b6c811d180cf7a03d1109,1860
Test/Mftf/Test/AdminPageBuilderColumnGridTest/ValidateGridPanelWontCloseWithErrorTest.xml,020077221c43da20725886fdeae67d92aba65e89a3c8aeb90b1753ef38a74397,2555
Test/Mftf/Test/AdminPageBuilderColumnGridTest/ValidateGridSizeFormDisablesStageAfterTabItemOptionsTest.xml,4e6c69e0282bf7ebde0b4d3dd7136dc4a750d52afc4f4c488c608158b4ebac12,5066
Test/Mftf/Test/AdminPageBuilderColumnGridTest/ValidateGridSizeFormDisablesStageTest.xml,73bb8781697d888ef225374bffd6ede7d7f90bbd2653daa1265a96ec980dbd3b,4032
Test/Mftf/Test/AdminPageBuilderColumnGridTest/ValidateGridSizeSmallerThanColumnsErrorTest.xml,fd99d058f5b856ffcc904194dff11333b809f1f5503af7e524bc9bfa622e5994,4187
Test/Mftf/Test/AdminPageBuilderColumnGridTest/ValidateInvalidGridSizeErrorTest.xml,743d9ba42b85dea957308ee8cc34c105066a8c5a1fe99e709f1497531c0afdd6,3228
Test/Mftf/Test/AdminPageBuilderColumnGridTest/ValidateMaxColumnErrorTest.xml,7106584f8a5b9de3f29059de9d569a08468152b57eacf5483c04e741d3b0dd86,1890
Test/Mftf/Test/AdminPageBuilderColumnGridTest/ValidateResizeHistoryTest.xml,64938b9343e4ce4ae36a78f8492733b188d0c3d8d37587077ddb25d818e06b06,4645
Test/Mftf/Test/AdminPageBuilderColumnGridTest/ValidateResizeOnUnevenGridTest.xml,32044d2b6770604ef3b61f4242841d74bf723fe4e1f9468a588e9ab4178f0697,3867
Test/Mftf/Test/AdminPageBuilderColumnGridTest/ValidateUnfocusUpdatesGridTest.xml,2eaab372bda53dfe26700c006fbe2848163b417c3c21cfe233d8353b5c57433c,2021
Test/Mftf/Test/AdminPageBuilderColumnResizingTest/ColumnResize1to0Test.xml,6e247031f8c90fc29f35f37dee6b27d75b270e4f66f5780f8fe254075e1dd96e,6333
Test/Mftf/Test/AdminPageBuilderColumnResizingTest/ColumnResize1to1Test.xml,279f6147a96ab07291daa984b9e6f21070bf8fda09065b498a1d6f39616a481b,5764
Test/Mftf/Test/AdminPageBuilderColumnResizingTest/ColumnResize1to1to1Test.xml,67c07f1c4482ae65ed45e15bca028c2fa800fe3d99d6152167408f44bbbb86e0,9275
Test/Mftf/Test/AdminPageBuilderColumnResizingTest/ColumnResize2to1Test.xml,cb2337361b30fef2156fc09b64af74341c79dd9e285e4036595a69b965cd2f55,6887
Test/Mftf/Test/AdminPageBuilderColumnResizingTest/ColumnResize3to1to1to1Test.xml,287a90b006dcdfcb8534a13680484e1d457d749b2a731e7fd0cf1b12abdcf18b,10771
Test/Mftf/Test/AdminPageBuilderColumnResizingTest/ColumnResize3to2to1Test.xml,37edcda18092b9b3f2259df24147ed10c3e34d6bf4868c81a6f97e56309d270c,8542
Test/Mftf/Test/AdminPageBuilderColumnResizingTest/ColumnResize4to1to1Test.xml,4ac6fbe9e47f12dd04d04d0b471dabc02a4af3ffa81bb915d26ab13bceded8fc,8781
Test/Mftf/Test/AdminPageBuilderColumnResizingTest/ColumnResize5to1Test.xml,ca55487c203acbf4782dd085d539d4b8c58458786a59772183b7072d2ee684ee,6729
Test/Mftf/Test/AdminPageBuilderColumnResizingTest/ColumnResizeLeftColumnFromSecondColumnHandleTest.xml,09e06afacb210e44b989937ead208b8cbb5d53bd0b3ae0a1957a26d4072c26f0,6296
Test/Mftf/Test/AdminPageBuilderColumnTest/ColumnAddToRowAndHeightAdjustsTest.xml,894051d43dfb5e9988e71ef1895095432ae89b436da57a6d308d40fb56b74efe,3697
Test/Mftf/Test/AdminPageBuilderColumnTest/ColumnAppearanceSettingsShowOnFrontendTest.xml,c43b0c358adf39fdd8c0316820609efeaf1284cf97372331af0790c088a03542,5512
Test/Mftf/Test/AdminPageBuilderColumnTest/ColumnBackgroundColorPreservedTest.xml,16dae0d01e7bac199abd13d60498f35bac7dcaea7102d5d32fdfc4e2fbf06360,9116
Test/Mftf/Test/AdminPageBuilderColumnTest/ColumnCanInteractEditPanelTest.xml,ef9e6cc10650ec1bc458fd709bc672775e39d748ddd99dd7af3d893e9f7735c9,2328
Test/Mftf/Test/AdminPageBuilderColumnTest/ColumnCannotAddInsideColumnTest.xml,1025bc9e57c9511e7e85215800f17b58982f97337e2cb0a439c57c54da34047f,2903
Test/Mftf/Test/AdminPageBuilderColumnTest/ColumnCannotAddToStageTest.xml,0795051491f1efe1f85b177838595ae21c1993f2a62972e5000fdfabfd1ca197,2054
Test/Mftf/Test/AdminPageBuilderColumnTest/ColumnChangesPreservedTest.xml,95234e037d0f41d50f096120fc51eebd64a0a5020a3380b5cc08c89aff1fc7dd,6211
Test/Mftf/Test/AdminPageBuilderColumnTest/ColumnConfigurationHasVerticalAlignmentTest.xml,c0e97b215ab0ea19227152921dcf001a4284bd17768f14c3649c6c2efef294b8,2666
Test/Mftf/Test/AdminPageBuilderColumnTest/ColumnContentIsVerticallyAlignedTest.xml,2525436781515eb7e8c72a4d8b590f641b991d193907970f2edd070777b7e466,8081
Test/Mftf/Test/AdminPageBuilderColumnTest/ColumnContentIsVerticallyAlignedWithAppearanceAndDifferentMinimumHeightsTest.xml,ef136a08571eb5a2f00867b25566b54a29e9f00de04f7e6f9196802bd749819c,9327
Test/Mftf/Test/AdminPageBuilderColumnTest/ColumnDuplicateTest.xml,06942e0da45a307c7f93629e6474166905f0275b491010d448dbd893743830dd,6420
Test/Mftf/Test/AdminPageBuilderColumnTest/ColumnFullHeightShowsOnFrontendTest.xml,d1b9285ac45fc0315b1b23d3aa94e32b12471962f0cbcda9a168d0adad54ff1d,4763
Test/Mftf/Test/AdminPageBuilderColumnTest/ColumnLabelsUpdateTest.xml,5a7198db6942307db580d27277ba42607cc8b424d4aeed84c64bceac3e3b58e0,2731
Test/Mftf/Test/AdminPageBuilderColumnTest/ColumnNoRequiredTest.xml,6f083d69e2b884c219b19f540e1113ec4b5c010e794fc11de6c8ef61e925bc8b,5170
Test/Mftf/Test/AdminPageBuilderColumnTest/ColumnPlaceholderInAdminPreviewTest.xml,3b725d3cf058f8a8ad75032623ef98dd7b4f23ff662ef28476495d6197a84629,1918
Test/Mftf/Test/AdminPageBuilderColumnTest/ColumnSettingsAppearInAdminTest.xml,7c0172dd0ed1b5453a0ab3cd08687bc581a6b15640b778b0e65c6ac685c17af9,5069
Test/Mftf/Test/AdminPageBuilderColumnTest/ColumnValidateDefaultAndUpdateAdvancedConfigurationDefaultValuesTest.xml,f201f6f3a334260d9156598f86ee630a923a2fc5de1093f253a631123424f2e2,14615
Test/Mftf/Test/AdminPageBuilderColumnTest/ColumnWithBordersAndPaddingEqualToMinHeightTest.xml,a49869e0785f7616a2873cf006d496b0ae422a412a1ea72ea17ff8c065adf7aa,2692
Test/Mftf/Test/AdminPageBuilderColumnTest/ColumnWithBordersPaddingAndLargeContentsGreaterThanMinHeightTest.xml,d5f5eb29aa3e26f23b763424e7714e2bb1af2382224a017b27eeee7b0198179b,3506
Test/Mftf/Test/AdminPageBuilderColumnTest/DragMultipleColumnsIntoRowTest.xml,3c0bf1cf24ca5f642dd82329f941ea8405cec572b78e768de0ec994e1ed85a42,2599
Test/Mftf/Test/AdminPageBuilderColumnTest/DuplicatingColumnWillDivideSourceColumnTest.xml,df589dc084a27a21d7a73b442962941c7d12985670aa8bc24cb8cfdab449dbfb,6683
Test/Mftf/Test/AdminPageBuilderColumnTest/PreviewBackgroundImageTest.xml,a0b1a203bf0c0d32d4541194c79d7ed4de84706883e7d6592cf7a1a32fa215fa,2596
Test/Mftf/Test/AdminPageBuilderColumnTest/RemoveColumnFromStageAndRowShrinksTest.xml,4f6e7ad4f406ba9211878133e69b82a98977f09d022898caea309252baae9aa6,3074
Test/Mftf/Test/AdminPageBuilderColumnTest/RemovingColumnDistributesWidthTest.xml,e645b0dcc1310a6aafebaec929defeccb54993040a8673ac8e2a5c28181a70d9,2970
Test/Mftf/Test/AdminPageBuilderColumnTest/ValidateColumnChildHideShowTest.xml,0c702755ac2fd661776d311c60a77186c9623d74637e2b7df50bd831193e9367,5797
Test/Mftf/Test/AdminPageBuilderColumnTest/ValidateColumnNotHideableTest.xml,c1f97d37eb460e1b5be06aec75bf6cad579295e24bffa2bfa1e7042387246d55,1999
Test/Mftf/Test/AdminPageBuilderColumnTest/ValidateShowHideOnColumnChildDefaultStateTest.xml,3ffff2de9ca50224d16f7c22c4f60ae13763e0364658770c55fd056382f8c9d4,4643
Test/Mftf/Test/AdminPageBuilderCommonTest/AdminPageBuilderCategoryButtonLinkTest.xml,2378175b496f4863ed70c4e6742dd8662557f86936c216a6e892061e3f99619f,8301
Test/Mftf/Test/AdminPageBuilderCommonTest/AdminPageBuilderPageButtonLinkTest.xml,f0516e39f62495b0daaa7938d720b13e3a431d5bb2aa041ee419feea0cf825e5,7842
Test/Mftf/Test/AdminPageBuilderCommonTest/AdminPageBuilderProductButtonLinkTest.xml,bcc900487dc030236cb8d0de25ad359b8958f0110bf9d6fb66d34bd4fd62763c,8281
Test/Mftf/Test/AdminPageBuilderCommonTest/AdminPageBuilderURLInputLinkTest.xml,76d25902332386d3d823b3e17fff63b8e142e038d392d75a42e4b92cfea34b4b,5926
Test/Mftf/Test/AdminPageBuilderCommonTest/CancelOnRemovalConfirmationModalTest.xml,c2bdb6bdad00fa8d982097284f667a5c290272fa6f4fc6611b6d5604475df6e8,4115
Test/Mftf/Test/AdminPageBuilderCommonTest/ConfirmationOnConfiguredContentTypeRemovalTest.xml,0fc39a325627833a0ee358335a987806338a305151d3f15b7418e8134c6d049b,3660
Test/Mftf/Test/AdminPageBuilderCommonTest/ConfirmationOnContainerWithChildrenRemovalTest.xml,5b3ef53fb2016e626e99c2da0af76e4a88e0cb260129c2444aebfffed838bb7e,3427
Test/Mftf/Test/AdminPageBuilderCommonTest/DefaultSystemBordersAppearInAdminTest.xml,d2aa2218f46cfbcebc2f3d716549b70dc57489d3df3eb278b40aabd3922643ab,28140
Test/Mftf/Test/AdminPageBuilderCommonTest/DismissRemovalConfirmationModalTest.xml,b9dfc3e179512e857ff10212a68cd7068d8d1700e9bd803d2e4e9f33be7eb583,4548
Test/Mftf/Test/AdminPageBuilderCommonTest/DismissedConfirmationPersistsSessionTest.xml,26b7e3365755a142bfb33cdd1e081a4b179b9a6a884cbd6722ed54d8386eac33,5125
Test/Mftf/Test/AdminPageBuilderCommonTest/EditFormModalNoResetButtonTest.xml,56acc7a096e740cf6fd50558e13bc34f454b95c82285417687fe0a55331d33bf,1642
Test/Mftf/Test/AdminPageBuilderCommonTest/EditPanelColorPickerUpdatesFromFieldInputTest.xml,2d2296168730b5485638611999356370fe8e6a36dd9eca8dc5d3072f4f5660ca,7552
Test/Mftf/Test/AdminPageBuilderCommonTest/EditPanelColorPickerWindowFunctionalityTest.xml,30a2425d79c670e3d27f88b2c2206f37867474dc7cd6c76755bf0a11c6de5c6c,8724
Test/Mftf/Test/AdminPageBuilderCommonTest/LoginCycleResetsRemoveConfirmationDismissalTest.xml,91726db8e3f541010a82f010524b92fa12340876b1d410069d6e023eef0fdeff,8012
Test/Mftf/Test/AdminPageBuilderCommonTest/NoConfirmationOnDefaultStateContentTypeRemovalTest.xml,38ae93b0086ba10bbd1cadac82aa1440670bfa6f1ed689e7be25739a195d9d1d,3176
Test/Mftf/Test/AdminPageBuilderCommonTest/NoRemovalConfirmationModalAfterConfiguringContentToDefaultStateTest.xml,25d711c212d4aefbd6915fdd787a03c071f6405030cf66dd3997bafa84162596,5557
Test/Mftf/Test/AdminPageBuilderCommonTest/XOnRemovalConfirmationModalTest.xml,ef31a258ebbf27cafd0aa6d2b4c45f4e8a5377d401d3bcbe920014f440a18dc2,4094
Test/Mftf/Test/AdminPageBuilderDividerGeneralAttributesTest/DividerEmptyLineColorTest.xml,2c64ffcfdfdbe4fc1a75faab39d9c968643443708e43638fc47931b103d6d4b6,5185
Test/Mftf/Test/AdminPageBuilderDividerGeneralAttributesTest/DividerEmptyLineThicknessTest.xml,e22e842866033fc797b235dad61c0c8369a7005dabf7e05048f273f4cd89d31e,5209
Test/Mftf/Test/AdminPageBuilderDividerGeneralAttributesTest/DividerHSLALineColorTest.xml,ed1989d04435ef26a6ac7c6d925e4bc76b59b37088080da75d1cdf614c9e0bfc,5464
Test/Mftf/Test/AdminPageBuilderDividerGeneralAttributesTest/DividerHSLLineColorTest.xml,b4c1eeda527546118e84a389571b8411da10a2eb8192cdc71f13294bcdfe07fd,5437
Test/Mftf/Test/AdminPageBuilderDividerGeneralAttributesTest/DividerHexLineColorTest.xml,76b3caa5d9ecc2303dda8fbb24b95b938df35caa534f03641635035b54e6740e,5383
Test/Mftf/Test/AdminPageBuilderDividerGeneralAttributesTest/DividerInvalidLineColorTest.xml,8340d578eed82b8effc573a95796834daa1f8e0a5bc9e19db63406823d567892,4650
Test/Mftf/Test/AdminPageBuilderDividerGeneralAttributesTest/DividerNegativeLineThicknessTest.xml,5b11580eca310aee6282c5ad6194cd8af464a6c101be4bb19db40b5cc70988c6,5296
Test/Mftf/Test/AdminPageBuilderDividerGeneralAttributesTest/DividerNormalLineThicknessTest.xml,9fb6d3452a95b362c0b881fb57bae5d49371b1626e50e8fc015c58ff834767d3,5406
Test/Mftf/Test/AdminPageBuilderDividerGeneralAttributesTest/DividerRGBALineColorTest.xml,72fa1db142fc19bcd55d9594605aedbba915bfbce383c9cc8057b18d7ce84a3d,5467
Test/Mftf/Test/AdminPageBuilderDividerGeneralAttributesTest/DividerRGBLineColorTest.xml,8ba0ccd05bfded7569d2e9bd503ba460783d1a2ab3654fee169f5b8e81016746,5449
Test/Mftf/Test/AdminPageBuilderDividerGeneralAttributesTest/DividerYellowLineColorTest.xml,a76839c884f5452a9ad25cf685109b49b9008005786f8271c1d2adb12212092c,5415
Test/Mftf/Test/AdminPageBuilderDividerGeneralAttributesTest/DividerZeroLineThicknessTest.xml,ff93a8754b70b56a1251c0e71c73b04de096e5b72ea8710c38279bac368e82c6,4695
Test/Mftf/Test/AdminPageBuilderDividerTest/DividerAddToCMSPageTest.xml,1c61dbe095bde0264898e13dc494239ee6c2143369d51eb0cf5e5f5f558899d7,5566
Test/Mftf/Test/AdminPageBuilderDividerTest/DividerCanAddToColumnTest.xml,4c0d8006a45c169c43a18620ceb8184e8e6db6ece2c34ab5291518cdab7a6e99,4737
Test/Mftf/Test/AdminPageBuilderDividerTest/DividerCannotAddToStageTest.xml,41d9735e59ddfe38694a3962db16c5007a851fa77795991448cc5c40a8507daf,1906
Test/Mftf/Test/AdminPageBuilderDividerTest/DividerDeleteTest.xml,930e990151ac0da4a9d97c19d70d51e3f34d29cef507ca5639889d3816e0887a,3818
Test/Mftf/Test/AdminPageBuilderDividerTest/DividerDuplicateTest.xml,38af64a4280a9dc33596ba2915fd2f8a9cbb36d7cdcfd51c1145d5d17c91f57a,16522
Test/Mftf/Test/AdminPageBuilderDividerTest/DividerMoveDividerTest.xml,47f6903fdbedbd192cb111b8fe9b63fc55d6b3404302a76474c4948804d0eb5c,7157
Test/Mftf/Test/AdminPageBuilderDividerTest/DividerNoRequiredTest.xml,35b61176b8556a99482fdfb18f93accc0ab1ecb0cd0cc520704ba6e25bb8d7c7,3839
Test/Mftf/Test/AdminPageBuilderDividerTest/DividerUpdateAdvancedConfigurationValuesTest.xml,7164ed39c3b34281991be804ec40068138b8ce075e2ff45abd04b6006bbd9f88,11381
Test/Mftf/Test/AdminPageBuilderDividerTest/DividerValidateAdvancedConfigurationDefaultValuesTest.xml,7897d451f725f763320b37944ee0099bafb851c374c538b89f37183852232c7a,9437
Test/Mftf/Test/AdminPageBuilderDividerTest/DividerValidateGeneralDefaultValuesTest.xml,49dbc487d8776d1b2ca2f71af22280bb80f3bdf8dbca5fb2dec14b528500a9c8,5759
Test/Mftf/Test/AdminPageBuilderDividerTest/ValidateShowHideOnDividerDefaultStateTest.xml,948cb24856f73b20b5ef43e575c7cb02e2d1593d62542b817df30288ce7b5127,3376
Test/Mftf/Test/AdminPageBuilderDividerTest/ValidateShowHideOnDividerTest.xml,809ce2234de416bdf427c1d4e7d8e754ec5f6d026913652fc3543e11ad1d77eb,4648
Test/Mftf/Test/AdminPageBuilderFullScreenModeTest/PageBuilderFullScreenCanAddAndEditContentTypesTest.xml,7e8809bda14a545b4d1ea345d657488e7d5ca61fad367126248e220d2771ff97,4374
Test/Mftf/Test/AdminPageBuilderFullScreenModeTest/PageBuilderFullScreenCoversEntireScreenTest.xml,f758c6b0739082e765ae32711ff90fa229229ce4072ae66a2deced753cae06f3,3179
Test/Mftf/Test/AdminPageBuilderFullScreenModeTest/PageBuilderFullScreenLeftPanelHeightAndFunctionalityTest.xml,4c6ba0d74a305c5927d86479e9ce63cc9eb12711d0a57e53c3184af741ba2dd7,3314
Test/Mftf/Test/AdminPageBuilderHeadingEditOnStageTest/HeadingEditNonBreakingSpaceStageTest.xml,4bcca890aa6465d73f65b9ddda8ae91e6851c20b76afe4810df137d01b5bb5b8,3739
Test/Mftf/Test/AdminPageBuilderHeadingEditOnStageTest/HeadingEditTypeH1StageTest.xml,9eb9670385d3e3e2fa6c259110252a0c352a90e5b5ce2f2a68d43c485ae85a3a,17634
Test/Mftf/Test/AdminPageBuilderHeadingEditOnStageTest/HeadingEditTypeH2StageTest.xml,2f79d74cdf67b7a5eae5cd7d9a794a29637c441b9bce50014efde5efec25ae9f,17637
Test/Mftf/Test/AdminPageBuilderHeadingEditOnStageTest/HeadingEditTypeH3StageTest.xml,12d64e456f4ddd40015ea15f8b8cacc18c61daa92b884f5a4a8924d1f98874c8,17637
Test/Mftf/Test/AdminPageBuilderHeadingEditOnStageTest/HeadingEditTypeH4StageTest.xml,3e1b4c1d1b170d9c04e83a28cfdab8eeed8f310b58270cfb712335fc3dffd74e,17637
Test/Mftf/Test/AdminPageBuilderHeadingEditOnStageTest/HeadingEditTypeH5StageTest.xml,9502f591973dab48ebc1537e95eb29c21199dcf914e1dd0faaefb6cb3ec61c73,17637
Test/Mftf/Test/AdminPageBuilderHeadingEditOnStageTest/HeadingEditTypeH6StageTest.xml,1ed4cb074155bb6af2d097c2fd7551db9526253625e5031a1aea06f9a9d8e205,17809
Test/Mftf/Test/AdminPageBuilderHeadingEditOnStageTest/HeadingInlineEditToolbarTest.xml,8f2609f368a6819db1be43335cbe112c014afc1a4aa2f758a34ce6d49e57c0ae,7280
Test/Mftf/Test/AdminPageBuilderHeadingEditOnStageTest/HeadingToolbarButtonsCanWrapTest.xml,69cfb650ecc0c78675885b7b699bc41b6f39f1d902204589495f05cec9eb7495,3644
Test/Mftf/Test/AdminPageBuilderHeadingTest/HeadingCannotAddToStageTest.xml,cf6e4609c3e323978503e910082d635f3462c1872a2b3958e10e0c13738d13e4,1898
Test/Mftf/Test/AdminPageBuilderHeadingTest/HeadingDefaultStateTest.xml,268bf235235f596571d64e16470c2e0fcac87d16a0fdac778e58de1e165fa37a,3961
Test/Mftf/Test/AdminPageBuilderHeadingTest/HeadingDeleteTest.xml,7cc494dfa93c126f8d1bdd1eda47c5e5085d8b2aee65e681e6be0e6087cd55dd,3205
Test/Mftf/Test/AdminPageBuilderHeadingTest/HeadingDuplicateTest.xml,a35459a6762425caba2e08e4cce517d61804d0d31f7597c5f81629018b0bea6c,11612
Test/Mftf/Test/AdminPageBuilderHeadingTest/HeadingEditPanelGeneralSectionVisualTest.xml,918da426913d3065321df96af35abcbda2acdd1c1513235a229638d498f69f9e,6144
Test/Mftf/Test/AdminPageBuilderHeadingTest/HeadingEditTextTest.xml,29c61cffa852b5fffe395355f3e9b375600e823776d9a7ae0e43648f0ab31e4b,3036
Test/Mftf/Test/AdminPageBuilderHeadingTest/HeadingEditTypeH1Test.xml,0e87017892a671c8f38c4b7424e959f9764c8906c324ad3c7ac6a93307938294,3652
Test/Mftf/Test/AdminPageBuilderHeadingTest/HeadingEditTypeH2Test.xml,5d78d98e5ea23356df9ddf19d26cb53ff7854572903e41ebac02ff8f9ab926f2,3652
Test/Mftf/Test/AdminPageBuilderHeadingTest/HeadingEditTypeH3Test.xml,aab34c5927b31f5e3e768a5f1ac53a8fd2f3ad1e06f1acf7dcfe249ced11c51d,3652
Test/Mftf/Test/AdminPageBuilderHeadingTest/HeadingEditTypeH4Test.xml,5be3a46c405da73793a1b78eeb8314420c5da0170eb99fca0f19ca395746c659,3652
Test/Mftf/Test/AdminPageBuilderHeadingTest/HeadingEditTypeH5Test.xml,4ab6d2f63c697a353b83fc14b0604d167072ea899960e7852c80da8dc2a72169,3652
Test/Mftf/Test/AdminPageBuilderHeadingTest/HeadingEditTypeH6Test.xml,b691751beeb1f4741e5acd4dc315d99fe5c6ab25286d442ba563c6ffa557155f,3652
Test/Mftf/Test/AdminPageBuilderHeadingTest/HeadingLiveEditToolbarNotCutOffInFullScreenModeTest.xml,78184bd60b371f48db1fd17e59194f7ba0aecdb97d0bac8fe76155dac94068a3,9290
Test/Mftf/Test/AdminPageBuilderHeadingTest/HeadingOptionsMenuNotOverflowRightTest.xml,90f2aff5e2e2efff76571b884cda07aa761fbc5f977d316cb43074888d139cbb,9179
Test/Mftf/Test/AdminPageBuilderHeadingTest/HeadingUpdateAdvancedConfigurationValuesTest.xml,33ad5331f1f99af20fc24e0ddc5c9ee83b18c7dbadd5b587732e352e22a8605d,11583
Test/Mftf/Test/AdminPageBuilderHeadingTest/HeadingValidateAdvancedConfigurationDefaultValuesTest.xml,cf5417e78f37fb911a40868aa215ead98d7ba9ce4b00d1b4544eb74d3880f825,13036
Test/Mftf/Test/AdminPageBuilderHeadingTest/HeadingVerifyNoRequiredAttributesTest.xml,4cef9c2886804cc49608ef94656fdf52934acd4346434e50bfc7c531775387ce,3823
Test/Mftf/Test/AdminPageBuilderHeadingTest/HeadingVerifyOnHoverOptionMenuTest.xml,404aa3eddb3f0b5037ee3b951e6bf5f05ec3f39a487dade6cbed28813003a608,3379
Test/Mftf/Test/AdminPageBuilderHeadingTest/ValidateShowHideOnHeadingDefaultStateTest.xml,24dad8288a5d558f6f06abc2a6cbab819a9b0a23b117a834435829f0355566f4,3952
Test/Mftf/Test/AdminPageBuilderHeadingTest/ValidateShowHideOnHeadingTest.xml,76ca458cf75379fa5b93b09f1de58eaeef246a6a9beb63ca6683b0d3e674a990,5230
Test/Mftf/Test/AdminPageBuilderHtmlTest/HTMLCanAddToColumnTest.xml,f276a078ffc1aebf66e79be48c1a795999334399e6bfe3d6560ca0151f51a1ef,4474
Test/Mftf/Test/AdminPageBuilderHtmlTest/HTMLCannotAddToStageTest.xml,e63ea2fc55f961d760888c8fb8302ff35174e5df9acc84752e3b980954098314,1879
Test/Mftf/Test/AdminPageBuilderHtmlTest/HTMLEmptyTest.xml,2610cb396c754df00c7952e469bd79d7aa9a5089516b29178de6504262a12a39,2904
Test/Mftf/Test/AdminPageBuilderHtmlTest/HtmlAddToCMSPageTest.xml,51b35e5148d2816fa96b23ade78bfe252407f6c47f05d7e11e6eddc82856d275,10664
Test/Mftf/Test/AdminPageBuilderHtmlTest/HtmlDeleteTest.xml,bb5dd9fd7e18d4eb5db90354dada33159c62dd16f2749ba3fbf2c34147e3a2d4,3704
Test/Mftf/Test/AdminPageBuilderHtmlTest/HtmlDuplicateTest.xml,c52c70f2f9c226885301be4edf15198181a41f5c86189f195c0cffe9caa2f317,14953
Test/Mftf/Test/AdminPageBuilderHtmlTest/HtmlMoveTest.xml,42ac37a33c04e94cbc3202f986dac64d5a29951598a496b19481ac0e16930752,7578
Test/Mftf/Test/AdminPageBuilderHtmlTest/HtmlNoRequiredAttributesTest.xml,76ac4c2d50eac9b7672a6a70a3a7f171a260e2279d488f229ae4a3c4ed198b73,2203
Test/Mftf/Test/AdminPageBuilderHtmlTest/HtmlUpdateAdvancedConfigurationValuesTest.xml,b0cb5d15a3df291443fc76a2892931a2ddbf3c5f3de6b312780bd003164da380,12177
Test/Mftf/Test/AdminPageBuilderHtmlTest/HtmlValidateAdvancedConfigurationDefaultValuesTest.xml,26edf3d7c075b19151e6fccdaaa513d84a088026282cce13a4a6209114fea62a,9397
Test/Mftf/Test/AdminPageBuilderHtmlTest/HtmlValidateGeneralDefaultValuesTest.xml,80a1f353bc32c6ea9ced311357c02f910914d13cbd779f5e60c13e703c779ace,4585
Test/Mftf/Test/AdminPageBuilderHtmlTest/HtmlVerifyUpdatingDuplicateDoesNotAffectInitialTest.xml,c8dd4813f2146a36a93ad2864046612d919f7f5bf32919978b0f38525a8d672b,5831
Test/Mftf/Test/AdminPageBuilderHtmlTest/ValidateShowHideOnHtmlDefaultStateTest.xml,e1db58c5c069dfce13a1f1e5b1da30b2f40247191c1e5d1996297a074ec5eec4,3795
Test/Mftf/Test/AdminPageBuilderHtmlTest/ValidateShowHideOnHtmlTest.xml,735feb5c6d324ee08ba98c2db023e992d6d51a5b7f33e1b6163d3f64336770d6,5061
Test/Mftf/Test/AdminPageBuilderImageTest/DuplicateColumnWithImageTest.xml,7f7421f43b1c96ec2702a69dac30e6a3b2f988b5c0b3125eda2fbfa9600b68f1,5479
Test/Mftf/Test/AdminPageBuilderImageTest/DuplicateRowWithImageTest.xml,367d1439b97051c9bfffae1c1d65b7b4362f5919e88443f367439e1d6dc28c3c,5013
Test/Mftf/Test/AdminPageBuilderImageTest/DuplicateTabWithImageTest.xml,825bdbf122231413d09275d1195b1329bcd6ac98e593a8ba8a5565b0d623e29f,8290
Test/Mftf/Test/AdminPageBuilderImageTest/ImageAddImageContentTypeToCMSPageTest.xml,294a19e42ec6fe97e63f5d41136b1f357dabb9e99230c97798d60ee2104dae1b,12353
Test/Mftf/Test/AdminPageBuilderImageTest/ImageAddImageIntoPageBuilderStageTest.xml,b7299020eac395ce107f6bfc0500747fe8b5b624e4adfcc9d2ab2e637e3a8229,7224
Test/Mftf/Test/AdminPageBuilderImageTest/ImageCanAddEmptyImagePreviewTest.xml,2bf8d76f04f84cec90b76125f7386481e25739d31ceed7f252a8923d70541b6c,2580
Test/Mftf/Test/AdminPageBuilderImageTest/ImageCanAddToColumnTest.xml,68b2282f33a4928ef90ab65d32475d38af5d594a6b20e19640e5fea208fa653d,4487
Test/Mftf/Test/AdminPageBuilderImageTest/ImageCannotAddToStageTest.xml,76d0628c2ff512a71232546508175a10321e633494d9df3b3ded09ab6e52084d,1901
Test/Mftf/Test/AdminPageBuilderImageTest/ImageCaptionDoesNotRenderHtmlTest.xml,d27805b9105d94f1ef6018c22acda2f335881bbc75c2529b5cf9061697a0f4fa,4358
Test/Mftf/Test/AdminPageBuilderImageTest/ImageDuplicateTest.xml,46f22e75c3c85d3025eba9f36cce637a35148454795adeecaa753fe572181282,6005
Test/Mftf/Test/AdminPageBuilderImageTest/ImageHasNoRequiredTest.xml,46a6d6fb1c7bb9cd61ba37a6d3c997af8472803d4e3cefae11c6221004230115,3180
Test/Mftf/Test/AdminPageBuilderImageTest/ImageRemoveImageFromStageTest.xml,a7956115c299b09d7541d1f25b293be9c45b02b3210b6202331b92db5c0fefcf,2103
Test/Mftf/Test/AdminPageBuilderImageTest/ImageUpdateAdvancedConfigurationValuesTest.xml,4d191a660886b94e1193bdcb1ab2e3d087b02923f73a549f141e7fbacadb86a3,12056
Test/Mftf/Test/AdminPageBuilderImageTest/ImageUploadIsHiddenWhenDisabledTest.xml,eeb6a8d056b3607ba1e9ddf5a9fdd17cf2d8a7f121a3652a055e429d9a99a1aa,3931
Test/Mftf/Test/AdminPageBuilderImageTest/ImageValidateAdvancedConfigurationDefaultValuesTest.xml,618a348dfe4a1efaa40c2f6a9d4b52b9de050cbe026f873dd24caf6aa3075d99,10075
Test/Mftf/Test/AdminPageBuilderImageTest/ValidateShowHideOnImageDefaultStateTest.xml,81804877c93cf7bd5610b2740c4db892de9655d1dd4f49fef7919b34121d5f15,4086
Test/Mftf/Test/AdminPageBuilderImageTest/ValidateShowHideOnImageTest.xml,c106c5dd80c06ea9ec72752a904a001cc9613459f25756a84b7f7f0b51401ff5,5378
Test/Mftf/Test/AdminPageBuilderMapCommonComponentTest/MapAddAllAttributesTest.xml,9ce8cb975beb2ad80d3f42773a40d47837c220a1ac764962b9bdd47af406e858,23275
Test/Mftf/Test/AdminPageBuilderMapCommonComponentTest/MapAddToColumnTest.xml,3a098e86e4584aac9e1c8d6352671e0b040a4516dad41d3300a75e832b978563,5507
Test/Mftf/Test/AdminPageBuilderMapCommonComponentTest/MapCannotAddToStageTest.xml,56d6019dfba1ef618976dc27076f3f0b2c317c524a0dd42ad8aa68d076f984a0,1912
Test/Mftf/Test/AdminPageBuilderMapCommonComponentTest/MapDefaultStateTest.xml,fdcdb609edd39f59db20ccbe85bfe944214b2285de8cf20dca10b086742ac279,11201
Test/Mftf/Test/AdminPageBuilderMapCommonComponentTest/MapDeleteTest.xml,d2df1a44f204786b89dd383249c20ab8d80238c00c24e9b8aa7e43d3691d17c3,3735
Test/Mftf/Test/AdminPageBuilderMapCommonComponentTest/MapDuplicateTest.xml,f8fed56c66c41ee32c50e61d470ff2632fe39339e057f4628671c24d7847aac1,32021
Test/Mftf/Test/AdminPageBuilderMapCommonComponentTest/MapMoveMapTest.xml,96445c1be87b00b75a8a99549a3525888397d564d0b79d3a4d9fe707faf75144,8105
Test/Mftf/Test/AdminPageBuilderMapCommonComponentTest/MapUpdateAdvancedConfigurationValuesTest.xml,f8dcbcb2451529d257fd1f59ae633071a3a4ad5b63e898f5a7dab2047ea90edf,12542
Test/Mftf/Test/AdminPageBuilderMapCommonComponentTest/MapValidateAdvancedConfigurationDefaultValuesTest.xml,2bdf0955d6b58918099ad04a3a882f2cdedf7a2d6e3db53e0cc29495ed9ecb03,8929
Test/Mftf/Test/AdminPageBuilderMapCommonComponentTest/MapVerifyOnHoverOptionMenuTest.xml,0ccb242299967a31decd284dcaba89436efa7083c9f2cac481692de8803cc996,2086
Test/Mftf/Test/AdminPageBuilderMapGoogleMapsSettingsTest/MapCanAddNewLocationWithEmptyAPIKeyTest.xml,0612b118d1f4398b3e5b6fdf0344900f4a462bbf1d9455aaac23f080224ff67e,1158
Test/Mftf/Test/AdminPageBuilderMapGoogleMapsSettingsTest/MapCanAddNewLocationWithInvalidAPIKeyTest.xml,b60f708b83b4538b0ade387c2d4c93c743affaac9fc2887b1415df2c4b46cfcd,3983
Test/Mftf/Test/AdminPageBuilderMapGoogleMapsSettingsTest/MapCanDeleteLocationWithEmptyAPIKeyTest.xml,f6b2956dded0f33e66e35a39019abcc2631732091ef545a4d84d698cb955e29c,1156
Test/Mftf/Test/AdminPageBuilderMapGoogleMapsSettingsTest/MapCanDeleteLocationWithInvalidAPIKeyTest.xml,0398df8b8f0f6a7ea13115385ceee542d4d59f72da775c02bc854a51159351d6,4987
Test/Mftf/Test/AdminPageBuilderMapGoogleMapsSettingsTest/MapCanEditLocationWithEmptyAPIKeyTest.xml,0c945fc86d3db6f194df93ce123c6cc3eb3d04ba8c99ff6fec7dc56bc4760d1a,1148
Test/Mftf/Test/AdminPageBuilderMapGoogleMapsSettingsTest/MapCanEditLocationWithInvalidAPIKeyTest.xml,612fc0e91706975cb3832e4dafc14a5404795ae31d32e8ae013c2d8096dcd4cd,6452
Test/Mftf/Test/AdminPageBuilderMapGoogleMapsSettingsTest/MapDoesNotRenderNewGoogleMapsStyleOnStorefrontUntilPageSaveOrCacheRefreshTest.xml,c229a9fd068ed2e28582ef70286248ef690fcf8852d945f7338b4f80abdad0b9,8424
Test/Mftf/Test/AdminPageBuilderMapGoogleMapsSettingsTest/MapEmptyAPIKeyWarningMessageLinkTest.xml,33af1d8b449af601df7c3aa9c40863db8e27f04f62a2e67e6a308e402bf2f7d2,3628
Test/Mftf/Test/AdminPageBuilderMapGoogleMapsSettingsTest/MapEmptyAPIKeyWarningMessageTest.xml,9e76e460c02d92f81324c2e856445d130930538a542506603167e1e69e279e86,1466
Test/Mftf/Test/AdminPageBuilderMapGoogleMapsSettingsTest/MapInvalidAPIKeyWarningMessageLinkTest.xml,0e98b8c5f4e18adfca01c28f6be6860c43f0340359d9bc35a939b36df6575cec,1775
Test/Mftf/Test/AdminPageBuilderMapGoogleMapsSettingsTest/MapInvalidAPIKeyWarningMessageTest.xml,f7060ad849f5eba0ba112ec604c3e38bb89c9ba9d1dade06e04f528f94386991,5030
Test/Mftf/Test/AdminPageBuilderMapGoogleMapsSettingsTest/MapRendersNewGoogleMapsStyleOnStageImmediatelyTest.xml,5bfc651896ab0443e1f29109178566a649e26a268e090a61704fa977355b50e6,3975
Test/Mftf/Test/AdminPageBuilderMapLocationAttributeTest/MapCityValidCharacterSetsTest.xml,ee3a12e496862ae96cad77d16790409cd0e72d5099642c366679a15d63effb54,6064
Test/Mftf/Test/AdminPageBuilderMapLocationAttributeTest/MapCommentValidCharacterSetsTest.xml,0dabde9e87730726affae2fd2c81598bad2c752f4686b66ef8d5d4fa427c1091,3775
Test/Mftf/Test/AdminPageBuilderMapLocationAttributeTest/MapCountryValidCaseTest.xml,15e37ee5e07b386fe0c7a3fbad95dd3eff3f645f4273a04e0c4169707274e576,6865
Test/Mftf/Test/AdminPageBuilderMapLocationAttributeTest/MapLatitudeInvalidInputsTest.xml,9b8984790363380d2d928b90114f9bb724de0e06cc774261c594f0b5b521cb73,8010
Test/Mftf/Test/AdminPageBuilderMapLocationAttributeTest/MapLocationAttributesDoNotRenderHtmlTest.xml,9d97d45849cd34dece98fc11bce3935d0bab3339cc80c01f902daa1ac5651608,8286
Test/Mftf/Test/AdminPageBuilderMapLocationAttributeTest/MapLocationNameInvalidInputsTest.xml,5bfa138746b95e97b05438557569afe073922c60770f06c799c916e8205cb71e,4417
Test/Mftf/Test/AdminPageBuilderMapLocationAttributeTest/MapLocationNameValidCharacterSetsTest.xml,ed9c2d14cd8db728b88f94cdc51fdff35641379ab525c4222092e48ffbfdf655,9082
Test/Mftf/Test/AdminPageBuilderMapLocationAttributeTest/MapLongitudeInvalidInputsTest.xml,46f01a1b3c867b60400fe4f24e52a72223ab839f3e1fa5bc155566260680e301,4525
Test/Mftf/Test/AdminPageBuilderMapLocationAttributeTest/MapPhoneNumberValidCharacterSetsTest.xml,baed907b4c5fe364c2b8e91c01c051a42b815c6635161266cc4f6406b7677774,13762
Test/Mftf/Test/AdminPageBuilderMapLocationAttributeTest/MapStateValidCharacterSetsTest.xml,e6d3452e635276409c13f391eccc6c382a865aecd5745ac3b709d4242eb1322e,6113
Test/Mftf/Test/AdminPageBuilderMapLocationAttributeTest/MapStreetAddressValidCharacterSetsTest.xml,a0e815f4a98b7d974d5481fb08cae2779f65362b7c25faad34ae2d130148a383,6219
Test/Mftf/Test/AdminPageBuilderMapLocationAttributeTest/MapZipValidCharacterSetsTest.xml,727efc70842b83efa5bdd0e0fac63b5310ae6c0c23ef21d9780f2605f8ba586d,6091
Test/Mftf/Test/AdminPageBuilderMapLocationTest/MapDeleteLocationTest.xml,931dd57a75c471dc3f1978733cfa89c0450601d40187d430e407603d4a5eddb6,6130
Test/Mftf/Test/AdminPageBuilderMapLocationTest/MapEditAllLocationAttributesTest.xml,64111c712b4fbee5e808e2a8cd540d66cb60304470a021df4a4434e01b7814c0,10720
Test/Mftf/Test/AdminPageBuilderMapLocationTest/MapLocationsGridAppearanceTest.xml,aae420b0dae2d47fcb40e7ba3156e0445399ca1e8928e12ab392e5ba725e3cd6,5594
Test/Mftf/Test/AdminPageBuilderMapLocationTest/MapLocationsGridCancelRowSortOrderChangesTest.xml,a0db3bb37c97adb6f23f6c75b9a7be16213df51a7d4a8911c132cf1b17b8fe64,5997
Test/Mftf/Test/AdminPageBuilderMapLocationTest/MapLocationsGridNewLocationsCorrectSortOrderTest.xml,dc2c447d5578a01d14c8651b4bb07ef368027bf43d47b053d6d40f16a4b3f38d,4958
Test/Mftf/Test/AdminPageBuilderMapLocationTest/MapLocationsGridRowSortingForEachColumnTest.xml,b2a5c05fe27bbf52ce5a24dabc0c1bbb34121fa063b9091d7c787a22d753c763,57538
Test/Mftf/Test/AdminPageBuilderMapLocationTest/MapLocationsGridSaveRowSortOrderTest.xml,aee46eb5fe7084d19c59fc87b828c7c36be23efbc3ce437f94175b9339e9b8d4,5434
Test/Mftf/Test/AdminPageBuilderMapLocationTest/MapVerifyEditButtonOnLocationsGridTest.xml,eee37305db276462db96f7c5d08c1f79585aa47bbdbd373327cd39e9d49bc62f,3469
Test/Mftf/Test/AdminPageBuilderMapMapSettingsAttributesTest/MapHeightInvalidInputsTest.xml,904ce2c24c3c7089880780a0829990589657ffae10678c3005e2fac0fe968121,3847
Test/Mftf/Test/AdminPageBuilderMapMapSettingsAttributesTest/MapHeightValidCharacterSetsTest.xml,efdbe18f33f605d682dd50f64fd85ad8bfecbeb9a2fac3be5f721aa00f9c6fc0,8967
Test/Mftf/Test/AdminPageBuilderMapMapSettingsAttributesTest/MapShowControlsEnabledAndDisabledTest.xml,2da4eee78e3f0f37c32948903479a781dc54f40a2d729084510aedb36ddde3e1,8225
Test/Mftf/Test/AdminPageBuilderMapPinTest/Map2LocationsOppositeSidesOfWorldTest.xml,a2eb422ca19e2f86060db1e4608aed81b2011cb444dc30ead73db961b8d22d83,6022
Test/Mftf/Test/AdminPageBuilderMapPinTest/Map2LocationsWithSameCoordinatesTest.xml,e2c4484d4399852ada6b29558aad8bca8c60d2b133452dd1def4cba1d86a71d1,6037
Test/Mftf/Test/AdminPageBuilderMapPinTest/MapAddPinThenRemoveThenAddTest.xml,d85f30d432c92abc5e9f8366b0605c04b947aac47eb6272f34199f6e9a48dea1,4805
Test/Mftf/Test/AdminPageBuilderMapPinTest/MapAddPinToMapByClickingOnMapTest.xml,953f7be44386dddb1550b6a53f29dd1414d0d09214ffbfe84ae657105f7815f0,11179
Test/Mftf/Test/AdminPageBuilderMapPinTest/MapAddPinToMapByInputtingCoordinatesTest.xml,a86362578172cec6821771ba1cbb37e0a9a4c5a87fd8ae3c5b7a9e9b409759b0,8642
Test/Mftf/Test/AdminPageBuilderMapPinTest/MapMoveMapPinByChangingCoordinatesTest.xml,c9209853bc49e2530849741565f473de789585d43fb2a7755359fabc7801c92b,9836
Test/Mftf/Test/AdminPageBuilderMapPinTest/MapMoveMapPinByClickingOnMapTest.xml,b915a63a9c9f360a2d4ef03ba8e98eeb1f88c37c618e08c4380e4268989a2d5f,10634
Test/Mftf/Test/AdminPageBuilderMapPinTest/MapMoveMapPinByDraggingAndDroppingPinOffOfMapTest.xml,55be7e9b0f989bcdd01f7d8026a723d034f85e2542ef90f76feb9f0c0bf01c29,9741
Test/Mftf/Test/AdminPageBuilderMapPinTest/MapMoveMapPinByDraggingAndDroppingPinTest.xml,616f04d378af9b7533f7f403a85e0fae2f4a11f5beb6a8d96892ae33e5d49900,9624
Test/Mftf/Test/AdminPageBuilderMapPinTest/MapPinTooltipAllLocationDataTest.xml,13a2b18f0f2a98a560637d66eea0281e95cf17e93ed6616fb4c14c186e48ff0d,8348
Test/Mftf/Test/AdminPageBuilderMapPinTest/MapPinTooltipWindowStaysOpenWhenPanningOnMapTest.xml,df6d9b329de8309f66fc03cf46a9f23d9da2584b62dd17257c29fee90b44c189,7481
Test/Mftf/Test/AdminPageBuilderPanelTest/ActivatePageBuilderFullScreenTest.xml,0cff9a2c492e64155e38e32ac0e2d2f7a94ab8c094afd5f80f3cbcba552ecf41,2433
Test/Mftf/Test/AdminPageBuilderPanelTest/ClearSearchInPanelTest.xml,b435fa77daba4eda5448bc1b17c8c3d64e0ef1bcc6c546d63f4d10900cb7e0ee,3621
Test/Mftf/Test/AdminPageBuilderPanelTest/HeaderFixedInFullScreenTest.xml,01a4bbac162d78aa5dcc0e32f2c58e3013fe3c530629628ba232681a2cc7c75b,2523
Test/Mftf/Test/AdminPageBuilderPanelTest/SearchContentTypeAndAddToStageTest.xml,d53ab829ec9d3fdf36cf44e64e6b32196f758f57d23275237d02840653f77eb6,2255
Test/Mftf/Test/AdminPageBuilderPanelTest/SearchNoMatchesInPanelTest.xml,9f58fa3f6dc1355a1ec59abfa4891997d70166e9b4495ffdc12b6206241192e0,1507
Test/Mftf/Test/AdminPageBuilderPanelTest/SearchOneCharInPanelTest.xml,a73e6e10a55d5ee96a7e8356d4b04bf3486a1b6f0a2de07217c3733431801685,1797
Test/Mftf/Test/AdminPageBuilderPanelTest/SearchRemovedContentTypeTest.xml,7e5f8ae0f1e98ed9ccfd0b437f32b74359408a7ec2ae36dc7d862999b8519256,1769
Test/Mftf/Test/AdminPageBuilderPanelTest/SearchSpecialCharactersInPanelTest.xml,067de93c722622279a85000e06173b4267099e0953670f1716c48e5fddede240,1829
Test/Mftf/Test/AdminPageBuilderPanelTest/SearchThreeCharInPanelTest.xml,c89228297b98360843623d1d1e700faed64c8bb9d6d42c20c761c5af0e32b4ee,1563
Test/Mftf/Test/AdminPageBuilderPanelTest/ShowPanelMenuSectionsTest.xml,06df81e0c2545b004e9382f3bf3da6885eaebe99b2e84c93149ba13bdedde4bb,1593
Test/Mftf/Test/AdminPageBuilderPanelTest/ValidatePanelContentTypeIconsTest.xml,ad07f6cb41af5d76f5239c8109fdff23c5ebf91edbc13a2c28e9a8aadb3e2652,4240
Test/Mftf/Test/AdminPageBuilderPanelTest/ValidatePanelContentTypesGroupedCorrectlyTest.xml,b1575015e6a64e5445fa2be7b7b849bea7412818424813bccda51dafbc47a742,4816
Test/Mftf/Test/AdminPageBuilderPanelTest/ValidatePanelDefaultStateTest.xml,fb014faf2c9fa07d56ad7460ca0025779c8e26403b788dbd5be11a26aecd9fa6,1768
Test/Mftf/Test/AdminPageBuilderPanelTest/ValidatePanelStickinessTest.xml,714e573ee05148745c9f1cac6c5e0b2646ba1edda10f8f8787951aa83ecc03e2,2668
Test/Mftf/Test/AdminPageBuilderProductsCarouselTest/AdminPageBuilderProductsCarouselAllProductsShowWhenSavedWithoutConditionsTest.xml,e66067b0112ec8ed0fc4df4ba8259f13f15750fd6f443a49a4d077c403e3b34e,1539
Test/Mftf/Test/AdminPageBuilderProductsCarouselTest/AdminPageBuilderProductsCarouselAndGridAppearanceSettingsPersistTest.xml,0a06dbed940a33692217afdd6577bbc55ed38271be5f9b1fe4e32fb43eebce3c,20159
Test/Mftf/Test/AdminPageBuilderProductsCarouselTest/AdminPageBuilderProductsCarouselCanBeSortedTest.xml,768f85fe4d774b8e725492caa2bb446a4908fe2f54894c653f39ac3fc29cac73,4464
Test/Mftf/Test/AdminPageBuilderProductsCarouselTest/AdminPageBuilderProductsCarouselDoesNotAppearOnFrontendWhenNotConfiguredTest.xml,7a8acb76fe59df6593212dfa7031c5b525db3c4042f5708429cd5cdf080c3a68,1665
Test/Mftf/Test/AdminPageBuilderProductsCarouselTest/AdminPageBuilderProductsCarouselSelectByCategoryAndSortByPositionTest.xml,e1e243badb11ab2375269bcf45779514d65cbf6aa461b8bd50137f90347d5d99,2301
Test/Mftf/Test/AdminPageBuilderProductsCarouselTest/AdminPageBuilderProductsCarouselSelectBySKUAndSortByPositionTest.xml,6dbda5adf7c32bf1c021de39948a54ad8c680da525951ab90c0f9a7906e6d9d4,3101
Test/Mftf/Test/AdminPageBuilderProductsCarouselTest/AdminPageBuilderProductsCarouselSelectBySKUAndVerifyProductRemovedAfterDeleteTest.xml,84dd677af83cd0bbe0310fc6e2299347199dd814713741613ae657202e773b6a,2948
Test/Mftf/Test/AdminPageBuilderProductsCarouselTest/AdminPageBuilderProductsCarouselSelectBySKUAndVerifyProductRemovedAfterSKUChangeTest.xml,ef47c4e6467a7c1d0e7c2973b86081a765fdbf77da324b1dbfc1af2e9b04295c,2972
Test/Mftf/Test/AdminPageBuilderProductsCarouselTest/AdminPageBuilderProductsCarouselSettingsDisableArrowsAndDotsTest.xml,5d85de2c6f0c64ae9bab499fde80bf5ed09dc18a3129b4a8cfa0d4d63475166f,9417
Test/Mftf/Test/AdminPageBuilderProductsCarouselTest/AdminPageBuilderProductsCarouselSettingsSectionDefaultsTest.xml,645b2cdfbbcd0dde753dd2f252eabf0cfe5da4917a947285a22ad9cfba158070,8341
Test/Mftf/Test/AdminPageBuilderProductsCarouselTest/AdminPageBuilderProductsCarouselSettingsValidateContinuousCarouselModeWithSixProductsTest.xml,5a1183169e4e5b53c78cd23c4cdc0bd19f9a7c6399c67b197fbea931d5c05881,28744
Test/Mftf/Test/AdminPageBuilderProductsCarouselTest/AdminPageBuilderProductsCarouselSettingsValidateContinuousCarouselModeWithThreeProductsTest.xml,6ece0f39978284d85a25a8a52553567f11ce5619be608a32bd4d2523937e627e,9969
Test/Mftf/Test/AdminPageBuilderProductsCarouselTest/AdminPageBuilderProductsCarouselSettingsValidateDefaultCarouselModeTest.xml,320a3f62df7487b52d9b0396723f268202577ac45f5c21243a7fea4b393fedbb,10490
Test/Mftf/Test/AdminPageBuilderProductsCarouselTest/AdminPageBuilderProductsCarouselSettingsValidateInfiniteLoopArrowsDotsFunctionTest.xml,4bc2e7dc856c04c32b2a2299d088b393c22c5e5d85e56cf8bb8654123b795260,22123
Test/Mftf/Test/AdminPageBuilderProductsCarouselTest/AdminPageBuilderProductsCarouselSortByCategoryPositionVerifyEmptyProductsAfterDeletingCategoryTest.xml,b540bef5449dff83b71c65258455bcca6e604eb26b2ad09596674cfe5aa56aa2,3604
Test/Mftf/Test/AdminPageBuilderProductsCarouselTest/AdminPageBuilderProductsCarouselSortByCategoryPositionVerifyUpdatingPositionInCategoryUpdatesSortOrderTest.xml,e02a53ef805960ec32d58402fce3619a11a7e1859d5c14636a3b13bddd108672,7396
Test/Mftf/Test/AdminPageBuilderProductsCarouselTest/AdminPageBuilderProductsCarouselUpdateAdvancedConfigurationValuesTest.xml,68290bba03cf1f690b285552c576fc6b59c67ba1cb46c266a21b5014d702b31a,3544
Test/Mftf/Test/AdminPageBuilderProductsCarouselTest/AdminPageBuilderProductsCarouselValidateAppearanceTest.xml,524128c594cba8e3f8f2237ef5903982cfca9753425ddc6985c2f0563fb3b6b1,3834
Test/Mftf/Test/AdminPageBuilderProductsCarouselTest/AdminPageBuilderProductsCarouselValidateAutoplayInContinuousModeWithInfiniteLoopTest.xml,ff95a78eab3f04a6417c61d95c43a48661fc886deba1a28b504a852d224ef160,20632
Test/Mftf/Test/AdminPageBuilderProductsCarouselTest/AdminPageBuilderProductsCarouselValidateAutoplayInDefaultModeWithInfiniteLoopTest.xml,de5ebf63dc9bdbcf415157db550689abb1465ca980b9866c0dbfaf19d643ab02,7163
Test/Mftf/Test/AdminPageBuilderProductsCarouselTest/AdminPageBuilderProductsCarouselValidateAutoplayInDefaultModeWithNoInfiniteLoopTest.xml,d6c6f400ee3a242a39aac9371809e383723a56666ad7cd8870384c2b437446eb,24346
Test/Mftf/Test/AdminPageBuilderProductsCarouselTest/AdminPageBuilderProductsCarouselValidateCanSaveProductsWithEmptyConditionsTest.xml,885f6c46630d9d35a895516293eeccdbd475cecec56045ae80c201b13fbc5674,2133
Test/Mftf/Test/AdminPageBuilderProductsCarouselTest/AdminPageBuilderProductsCarouselValidateNumberOfProductsFieldTest.xml,197b9ac3611ae8f28912d500310a2be940ad82d6407b490ee8bf8bbe2a55194e,5691
Test/Mftf/Test/AdminPageBuilderProductsCarouselTest/AdminPageBuilderProductsCarouselValidateProductsCenteredInAppearanceInContinuousModeTest.xml,c7780c3dc7a1deabb3c7f8c1542f94db1a2e93a08a749a282041f789a15891ff,1420
Test/Mftf/Test/AdminPageBuilderProductsCarouselTest/AdminPageBuilderProductsCarouselValidateProductsCenteredInAppearanceInDefaultModeTest.xml,b249c0ff1207e87448abf16dc0711e1c59d1d4557088b4f68884a0b7b2b43c12,11872
Test/Mftf/Test/AdminPageBuilderProductsCarouselTest/AdminPageBuilderProductsCarouselVerifyCanSlideCarouselTest.xml,1ae4f3658bb20a4e666b369b93648891483534cbe128958d806d62ad0828c714,8605
Test/Mftf/Test/AdminPageBuilderProductsCarouselTest/AdminPageBuilderProductsCarouselVerifyProductItemsInteractionsOnStorefrontInContinuousCarouselModeOneProductTest.xml,0aff02cc39f48d9d8ae29223d98c71a7f86f51b931830bb488f4ba27f6f764e9,1654
Test/Mftf/Test/AdminPageBuilderProductsCarouselTest/AdminPageBuilderProductsCarouselVerifyProductItemsInteractionsOnStorefrontInContinuousCarouselModeSixProductsTest.xml,61594a19fdc05a1f8ee5a366a33248ba07fa957180bf4f2ad2a1986b9beb1f31,11572
Test/Mftf/Test/AdminPageBuilderProductsCarouselTest/AdminPageBuilderProductsCarouselVerifyProductItemsInteractionsOnStorefrontInDefaultCarouselModeTest.xml,55658abdf964fc542cdb988d79b16afd996e31efecfe7c6d121540b1e057be73,1390
Test/Mftf/Test/AdminPageBuilderProductsCarouselTest/AdminPageBuilderProductsCarouselWrapsInsideTinyColumnTest.xml,b35f7e7b6785f288fa8088e038d7227e299d44af8077961a454fb9cc0dfb25cf,2296
Test/Mftf/Test/AdminPageBuilderProductsCarouselTest/AdminPageBuilderVerifySwatchDisplayedInPreviewCarouselTest.xml,c4c271548fd1baf496497aae517b778ca380dc2e3955f45404d2c8787cd057d0,2762
Test/Mftf/Test/AdminPageBuilderProductsCommonTest/AdminPageBuilderProductsCanSaveConditionTest.xml,ef7487cd206986adc17ac7774338b6faff0d0f0e92f9efc17415570a68921e03,4816
Test/Mftf/Test/AdminPageBuilderProductsCommonTest/AdminPageBuilderProductsConfigurationIsPersistentTest.xml,77f0d2393e6a5191aa8b0a3683c15affd63f05076d89818ba3718ce16867fc0b,5397
Test/Mftf/Test/AdminPageBuilderProductsCommonTest/AdminPageBuilderProductsConfigurationValidateProductTotalsTest.xml,bfca9abe296fbdb25fbe5e85315e5cc87812c7fb89166bf03d0f4491b1a22409,11215
Test/Mftf/Test/AdminPageBuilderProductsCommonTest/ProductCombinedConditionRuleWorksProperlyTest.xml,26aca3f106d7fe43ebc15b977ede75f519a7bd816c67ed663dc8130e995d8c23,9848
Test/Mftf/Test/AdminPageBuilderProductsCommonTest/ProductConditionsInvulnerableToXSSTest.xml,1e386d7144132d9d92f19ece3f2ca8abe7eaf014ae576f6647298c6a90b74478,3472
Test/Mftf/Test/AdminPageBuilderProductsCommonTest/ProductFromDifferentWebsiteShowsOnStageTest.xml,ca59ef33622f916cb3a6de3416e5918e4877d00864c831735ccf7f9c4db6d601,8137
Test/Mftf/Test/AdminPageBuilderProductsCommonTest/ProductsCanAddToColumnTest.xml,f4b960c79f1865dca82d31f414ee16ca4726972bdece056c4b4312153c47b810,4555
Test/Mftf/Test/AdminPageBuilderProductsCommonTest/ProductsCannotAddToStageTest.xml,2697a2bf1fdfeee208bc4cb476902b6af89d172658eceba4b2bb85a7d3fa2076,1711
Test/Mftf/Test/AdminPageBuilderProductsCommonTest/ProductsDeleteTest.xml,caae2fcd7b00f23e5fcd0e1e62b1e43284b9c2778e24450a5e7c43826ebdef26,2041
Test/Mftf/Test/AdminPageBuilderProductsCommonTest/ProductsDuplicateTest.xml,f7e6e69943cf24e101c6a9576445c9545f0bd6ad0d24d64b387a365b43d2c040,7244
Test/Mftf/Test/AdminPageBuilderProductsCommonTest/ProductsValidateAdvancedConfigurationDefaultValuesTest.xml,1d089c8fcc91a0ebee7ba1979cc7144c84518f800b91ea48598b97e3fca72295,10096
Test/Mftf/Test/AdminPageBuilderProductsCommonTest/ShowOutOfStockProductTest.xml,1842eb52ea23b189ee698b4d6620e320c18f9bddc58760d51ee4f0cd0a48a286,6032
Test/Mftf/Test/AdminPageBuilderProductsCommonTest/ValidateShowHideOnProductsDefaultStateTest.xml,8ba26ab50de63060db01f5f58589343cce162d8a0776fbaff64b265eb67fecc2,5117
Test/Mftf/Test/AdminPageBuilderProductsCommonTest/ValidateShowHideOnProductsTest.xml,ed0dc4b7b18e26cdbb68d1456894d204d0bc0f280cbd122f737475e99cd5a5ba,6390
Test/Mftf/Test/AdminPageBuilderProductsGridTest/AdminPageBuilderProductsAllProductsShowWhenSavedWithoutConditionsTest.xml,fb1c63a2eaf2a7d6563431bca36ded1ebb6a4d8a62038e960afb96e68e8e978b,4962
Test/Mftf/Test/AdminPageBuilderProductsGridTest/AdminPageBuilderProductsCanBeSortedTest.xml,4fa821144a2037a0e0ac1ba3a97836ada5309ae75f6b7b9d3b422240c7a3d9be,10978
Test/Mftf/Test/AdminPageBuilderProductsGridTest/AdminPageBuilderProductsDoesNotAppearOnFrontendWhenNotConfiguredTest.xml,746b3ec32eb31eafe31b1ff55547265b86006d0050538ab6ffd8020663af9db0,3585
Test/Mftf/Test/AdminPageBuilderProductsGridTest/AdminPageBuilderProductsGridValidateAppearanceTest.xml,7ea7890852b05dcbdc8b59b0c646f596df0cbee50202b976522cef370f0a6052,5895
Test/Mftf/Test/AdminPageBuilderProductsGridTest/AdminPageBuilderProductsGridValidateCanSaveProductsWithEmptyConditionsTest.xml,83d7879bac408701553f0461542c2608d620ff80e350fd156db6cc2f5ffb97dc,4958
Test/Mftf/Test/AdminPageBuilderProductsGridTest/AdminPageBuilderProductsSelectByCategoryAndSortByPositionTest.xml,92daffeac718156129322f2adf62209ae2b302e8a61e193807ac90affdb8e238,6624
Test/Mftf/Test/AdminPageBuilderProductsGridTest/AdminPageBuilderProductsSelectBySKUAndSortByPositionTest.xml,52f9fec0fd29e1d63e933e05196d95a5092c60c73b8a21f720b851f3032aa93c,9008
Test/Mftf/Test/AdminPageBuilderProductsGridTest/AdminPageBuilderProductsSelectBySKUAndVerifyProductRemovedAfterDeleteTest.xml,3beacca796d354737399e844d62e816dad3f4615b2aa346355062d3fcb8f5b04,5747
Test/Mftf/Test/AdminPageBuilderProductsGridTest/AdminPageBuilderProductsSelectBySKUAndVerifyProductRemovedAfterSKUChangeTest.xml,9d63a4d07830eaab6d267066f0c678d9e0d3f4bdfbf75a6567320e949ec03254,6478
Test/Mftf/Test/AdminPageBuilderProductsGridTest/AdminPageBuilderProductsSortByCategoryPositionVerifyEmptyProductsAfterDeletingCategoryTest.xml,6e581866a0c711d1ede56b2b7ee220ff758e87522d4676d029dc205aa4d6e020,2620
Test/Mftf/Test/AdminPageBuilderProductsGridTest/AdminPageBuilderProductsSortByCategoryPositionVerifyUpdatingPositionInCategoryUpdatesSortOrderTest.xml,d60cfe0c1e5f84bb0905b91ed308378d49e0e96a14628bbb0a2945ee566acffc,6578
Test/Mftf/Test/AdminPageBuilderProductsGridTest/AdminPageBuilderProductsVerifyProductItemsInteractionsOnStorefrontTest.xml,ac6296feb89698aad029efda7895ddcd664d0417164af116f200c33ff679aff8,5236
Test/Mftf/Test/AdminPageBuilderProductsGridTest/AdminPageBuilderProductsWithCountTest.xml,09029cded04d15e358a215360fa2e0ce88f6c22aac20022a602efd4712c3d332,12579
Test/Mftf/Test/AdminPageBuilderProductsGridTest/AdminPageBuilderVerifySwatchDisplayedInPreviewGridTest.xml,d9e4698c79c1139f32f40812ca7b61d448fa0dc6bf580d030e62377a33999230,5669
Test/Mftf/Test/AdminPageBuilderProductsGridTest/ProductsUpdateAdvancedConfigurationValuesTest.xml,d27934b5a599013e0909f3e9230006ea02739ef9866cb531777b69c472e5c697,13572
Test/Mftf/Test/AdminPageBuilderProductsGridTest/ProductsWrapsInsideTinyColumnTest.xml,7d9d7d45b4e6b3b770730fb418216ff2612a4a74f3c26e8d4934a375f9772d6d,11183
Test/Mftf/Test/AdminPageBuilderReadNonMasterFormatTest/ReadHtmlTest.xml,46ba57db7c040848e01c883b78f84a05c27aa38817c2c5fc1a0d16f4f784cb13,3406
Test/Mftf/Test/AdminPageBuilderReadNonMasterFormatTest/ReadHtmlWithImageTest.xml,409bc42cad71bb0db254399ef11b6294b08aa341eeae54947308cbbc9b6c338a,3641
Test/Mftf/Test/AdminPageBuilderReadNonMasterFormatTest/ReadHtmlWithNewImageTest.xml,5213a43bc6679938b9192f2c92fb8a9bb09fcac8e8e96db999cd8e0c2f4e437a,6982
Test/Mftf/Test/AdminPageBuilderReadNonMasterFormatTest/ReadHtmlWithNonexistentDataRoleTest.xml,8de8e4831e0e030e135fba6008bdba2147f52dd085f48773de6a94cbfb7b6fd9,3590
Test/Mftf/Test/AdminPageBuilderReadNonMasterFormatTest/ReadTextTest.xml,eada6487533e522ebb0be46c4b3f6ba81d974797db9106ddcefa180e9d38d6f1,3323
Test/Mftf/Test/AdminPageBuilderRowBackgroundAttributeTest/RowContainedInvalidVideoBackgroundNoFallbackImage.xml,65194599b4a84e7d2e7e517f88471dcb48719a815f5fadc85539bd2ba02b8dcc,4644
Test/Mftf/Test/AdminPageBuilderRowBackgroundAttributeTest/RowContainedValidateParallaxVideoBackground.xml,b589912cfeee8a665ce17e3e0863de1ea2506ce63f5ddcd9af1b06d859c231d2,5861
Test/Mftf/Test/AdminPageBuilderRowBackgroundAttributeTest/RowContainedValidateVideoBackground.xml,ddc5f06022c04082cb761a0a4f671c243b6419cac1fff310540e4e0f6b5f334d,10261
Test/Mftf/Test/AdminPageBuilderRowBackgroundAttributeTest/RowContainedVideoBackgroundNoFallbackImageDisabledLoopAndPlayWhenVisibleAndLazyLoad.xml,542e2b70e2146d0e1ac616aeff0f08899695dfa79aaf70c8d7ec5c27bf3bb7dc,8312
Test/Mftf/Test/AdminPageBuilderRowBackgroundAttributeTest/RowContainedVideoBackgroundValidateFallbackImage.xml,b9f2342c3b0eb18b7a4ebbc65fed8c4e5ed79fae7317e3500763ad2f0d67ecba,5713
Test/Mftf/Test/AdminPageBuilderRowBackgroundAttributeTest/RowFullBleedInvalidVideoBackgroundNoFallbackImage.xml,c94d3fa7fbf1a7197e6bcf50b55e2c41f111b1c6d84c2f0cce395820e6270267,1695
Test/Mftf/Test/AdminPageBuilderRowBackgroundAttributeTest/RowFullBleedValidateParallaxVideoBackground.xml,758ceb36393a048a605ded24563769bf827f4e93a3952a7e2c1e857f20ce1ff5,6087
Test/Mftf/Test/AdminPageBuilderRowBackgroundAttributeTest/RowFullBleedValidateVideoBackground.xml,98941991be560b652f298edaf4f46826923443fa265e39cf7c7a4a547a61de94,2198
Test/Mftf/Test/AdminPageBuilderRowBackgroundAttributeTest/RowFullBleedVideoBackgroundNoFallbackImageDisabledLoopAndPlayWhenVisibleAndLazyLoad.xml,9909a42455be8b766b0ab14a3425f8b036ae6d45b8d53a2f18f856c345d20f0d,2115
Test/Mftf/Test/AdminPageBuilderRowBackgroundAttributeTest/RowFullBleedVideoBackgroundValidateFallbackImage.xml,85466eb97957a99e5dd66fcbed95f1ee0b00ede2de891ecf92597464ee0797d8,1706
Test/Mftf/Test/AdminPageBuilderRowBackgroundAttributeTest/RowFullWidthInvalidVideoBackgroundNoFallbackImage.xml,41b3e73e240297d019279e2093d71d537c61d4d4a5f53133c0f89c757c58de53,1695
Test/Mftf/Test/AdminPageBuilderRowBackgroundAttributeTest/RowFullWidthValidateParallaxVideoBackground.xml,5eb87ddbe3c1508a7cf2ce04eef6f963b7e800b56cc328a136fd8579a5879bcd,6087
Test/Mftf/Test/AdminPageBuilderRowBackgroundAttributeTest/RowFullWidthValidateVideoBackground.xml,e5fa9023354d2301adbbd36a7ddb06f11505705915381d557ee4d94e46beb876,2198
Test/Mftf/Test/AdminPageBuilderRowBackgroundAttributeTest/RowFullWidthVideoBackgroundNoFallbackImageDisabledLoopAndPlayWhenVisibleAndLazyLoad.xml,7c5fce193840fccf9bba6609c4a7c7efee0009322d7a70a2d9ab9ad6c360518c,2115
Test/Mftf/Test/AdminPageBuilderRowBackgroundAttributeTest/RowFullWidthVideoBackgroundValidateFallbackImage.xml,32baa2cb7633fc2221bca5077d16afbfa8f775cb1ec011f4e60a72453fee2938,1706
Test/Mftf/Test/AdminPageBuilderRowBackgroundAttributeTest/RowValidateBackgroundFormTest.xml,7e11e772b3d271180a0f609ad934ec38437ae6ecce11f488ed280a653e6f4da3,10396
Test/Mftf/Test/AdminPageBuilderRowBackgroundAttributeTest/RowValidateBackgroundSectionDefaultValuesTest.xml,b9760cc834a83b8339e891be05b11b980ae76e620f23f3d264dfc798ad2acb73,8586
Test/Mftf/Test/AdminPageBuilderRowBackgroundAttributeTest/RowValidateVideoBackgroundAspectRatio.xml,851f36be02a9d9dc9564e75319bb2584f7bcbbdb52493837f5a96959c37c9d8e,6903
Test/Mftf/Test/AdminPageBuilderRowBackgroundAttributeTest/RowValidateVideoBackgroundInfiniteLoopDisabled.xml,55c51cb03b3f7ca5ba4ceb168b34df818a3dc1c294e630461748ddbcfdfe732d,4482
Test/Mftf/Test/AdminPageBuilderRowBackgroundAttributeTest/RowValidateVideoBackgroundInfiniteLoopEnabled.xml,f8b901a5a3708f010beca3becffad64e9accd5b9f02b8ad77e30421761299cd4,5625
Test/Mftf/Test/AdminPageBuilderRowBackgroundAttributeTest/RowValidateVideoBackgroundLazyLoadDisabled.xml,309b75fc5e0a4fc423a3c039fe169cd3932f805e7ef4f2ce7cdb7c0476caade3,2496
Test/Mftf/Test/AdminPageBuilderRowBackgroundAttributeTest/RowValidateVideoBackgroundLazyLoadEnabled.xml,605d6cb2037d8650fdaead2b54b3da0ad6c93e9c71b6f560312662d040371d0e,2498
Test/Mftf/Test/AdminPageBuilderRowBackgroundAttributeTest/RowValidateVideoBackgroundPlayOnlyWhenVisibleDisabled.xml,0caa2cdf26b3babd3966f7d04db11492cfc4d9aef8e042e53959ea4159323a4f,9826
Test/Mftf/Test/AdminPageBuilderRowBackgroundAttributeTest/RowValidateVideoBackgroundPlayOnlyWhenVisibleEnabled.xml,45d8e1d3c35524715b27b542323c12564dd369f1c9f5c19b598d1b51c20c30ee,6662
Test/Mftf/Test/AdminPageBuilderRowBackgroundAttributeTest/RowValidateVideoBackgroundSectionDefaultValues.xml,cd618d904247837c81bbca52ea02270fd043d93e9a82be7341639e9cdf3ab6f1,5505
Test/Mftf/Test/AdminPageBuilderRowBackgroundAttributeTest/RowValidateVideoBackgroundVideoURLs.xml,ec701a245af7a72fbaad414174133274549d006ff3210d9002fe5565720b5d29,9475
Test/Mftf/Test/AdminPageBuilderRowBackgroundAttributeTest/RowVerifyCanSwitchBackgroundTypes.xml,3f1574474331bbff5e2f377927338afdf3a7c03ff08c6dc6b51f257a26f7a92c,26077
Test/Mftf/Test/AdminPageBuilderRowLayoutTest/RowContainedMinHeightValidInputs.xml,bcf7e3ac46995c8ffbe975edf876869205b2619ae314486ed2dc024d72ea1ec1,9036
Test/Mftf/Test/AdminPageBuilderRowLayoutTest/RowContentIsVerticallyAlignedTest.xml,feaed713639a700c7ab526accd5cdc95a1ce61cc41e8a045b1a614c465dd556b,8207
Test/Mftf/Test/AdminPageBuilderRowLayoutTest/RowContentIsVerticallyAlignedWithDifferentMinimumHeightsTest.xml,f9b4b1ecbbba9c6768b6871bcc403687f3b406aea3fc1b77592db4d7ffa28e49,10777
Test/Mftf/Test/AdminPageBuilderRowLayoutTest/RowFullBleedMinHeightValidInputs.xml,c90878c99dcd4e887543b5a72d649889c704b41daeab0a1f7fcbd42e1c53d3ee,2528
Test/Mftf/Test/AdminPageBuilderRowLayoutTest/RowFullWidthMinHeightValidInputs.xml,060d6750d98a599a3e4af3a3c346770fd03b165848ee720f0fdbc826689535c1,2528
Test/Mftf/Test/AdminPageBuilderRowLayoutTest/RowMinHeightInvalidInputsTest.xml,e03ac5ab95429356fafb0a41aefdd7ed1439d8346e34f78bcdcb6a469a1fe9ee,4308
Test/Mftf/Test/AdminPageBuilderRowLayoutTest/RowValidateLayoutSectionDefaultValuesTest.xml,2dbb6a7bf5088bda254a8450d0d344db8d17c678d022302e196fbaab83bd2125,6860
Test/Mftf/Test/AdminPageBuilderRowLayoutTest/RowWithBordersAndPaddingEqualToMinHeightTest.xml,345aff2725ef5b517d4c6ffdfdc68db7c19a4d130188db9d6cad7958b0d8c705,5051
Test/Mftf/Test/AdminPageBuilderRowLayoutTest/RowWithBordersPaddingAndLargeContentsGreaterThanMinHeightTest.xml,abad36c609fb4014aba76f0b6d5a5ac2e3dce3b25594a7455fc59afc95a0943e,5582
Test/Mftf/Test/AdminPageBuilderRowParallaxBackgroundAttributeTest/RowCanAddParallaxBackgroundTest.xml,b6e61e7e5bce8ba68d3d8a94f7dc15836d15b2556ca80cff354dcb4413bea88d,3114
Test/Mftf/Test/AdminPageBuilderRowParallaxBackgroundAttributeTest/RowHasParallaxDefaultSettingsTest.xml,e8ef247d8f712708d9689254b5e05845f9f96891523f64a7038287b8984f4200,3271
Test/Mftf/Test/AdminPageBuilderRowTest/RowAddAdditionalRowAboveInitialRowTest.xml,6ee6ab4f0c3e37d6c90376ed1d54e2406de6353c552db27cb8daa61cd8770bc4,3934
Test/Mftf/Test/AdminPageBuilderRowTest/RowAddAdditionalRowBelowInitialRowTest.xml,369833a253932edd4d3ec38f2ddc1ebd548ecf04609719ceba40aeb8419eac6c,3877
Test/Mftf/Test/AdminPageBuilderRowTest/RowAppearancesFullWidthTextAlignmentTest.xml,92e04c067062e11913481678654232951904f3afdd931ee73abb8c5d62bf7b86,4937
Test/Mftf/Test/AdminPageBuilderRowTest/RowAppearancesTest.xml,b5e4ecf48f6cac6a5537baab6dcff18233bbbd7a8d36280208e2c31c609bfe80,12189
Test/Mftf/Test/AdminPageBuilderRowTest/RowAppearancesWarningMessageTest.xml,5da99706deecc585d67ea0b3a86d86264653f8dbdc0d87de5debe3de29374b3d,3386
Test/Mftf/Test/AdminPageBuilderRowTest/RowCanAddUnlimitedRowsTest.xml,54d48cee79e5075187fc24b8725debcaa6c37be2c0761b45da7eccc4830107d4,5014
Test/Mftf/Test/AdminPageBuilderRowTest/RowCannotAddToColumnsTest.xml,1f5ee6abd32cbef9582a2e123f20b241a91e1204d36ddc0a9939b9a0db17bc65,2708
Test/Mftf/Test/AdminPageBuilderRowTest/RowCannotAddToRowTest.xml,81f4ac043ae9f6dfdfdade11237efc85da721251e0570bcecd00eb878007f567,2289
Test/Mftf/Test/AdminPageBuilderRowTest/RowCantRemoveLastRowTest.xml,847443e137cb00ffd3d67df3ac7d46e7c52b66e5d9b157a9dc8f2cd8ff2a3b5b,2373
Test/Mftf/Test/AdminPageBuilderRowTest/RowDuplicateTest.xml,803b7f12b323347fcb038cca4c3d48b7b6bc0ae1743497c76a6094a859eca492,27198
Test/Mftf/Test/AdminPageBuilderRowTest/RowFullBleedAppearanceNoErrorThrownTest.xml,46f919eca67645bd4ee54dc91ce2da552cc9b01d6cf1299cac1079ce9f449d58,5681
Test/Mftf/Test/AdminPageBuilderRowTest/RowFullBleedAppearanceWithInvalidLayoutTest.xml,01711f46a45d8651008e74232fcad5da3978abe9e7bcde6a47fe22d3c6798366,4898
Test/Mftf/Test/AdminPageBuilderRowTest/RowFullWidthAppearanceWithInvalidLayoutTest.xml,9f41dffc75d3473474097ba23b34f86b8a112b805814923d0d18d9c31c651a56,4900
Test/Mftf/Test/AdminPageBuilderRowTest/RowHeightAdjustsToContentWhenContentIsLargerSliderTest.xml,9671acc734b8104ec73e66ff15a69be730502da049aa456ba49ba6887b17acf3,4107
Test/Mftf/Test/AdminPageBuilderRowTest/RowHeightAdjustsToContentWhenContentIsSmallerHeadingTest.xml,4e911766110e834aed2e53923fd8c5fa89a4dd3ed3826f16294bd363857c93b7,4517
Test/Mftf/Test/AdminPageBuilderRowTest/RowInitializeWithRowTest.xml,6fbc42363d36559160ede32f34946796b50dc490769eb6bb0b8a1518e6f9158e,1387
Test/Mftf/Test/AdminPageBuilderRowTest/RowMinimumHeightIsObeyedWhenParallaxIsEnabledTest.xml,a6d5c2029947a6495286da7c4b971c4c838460587a9bb4b148e950c6e934d8a7,3731
Test/Mftf/Test/AdminPageBuilderRowTest/RowNoRequiredAttributesTest.xml,4bad4bccd21edf3e6acb5832223ef4a957dadb68549beb77da16e8526f863844,3729
Test/Mftf/Test/AdminPageBuilderRowTest/RowPlaceholderAndDisplayLabelInAdminPreviewTest.xml,9761b833d7163fd4b47937de82b42697ff1c580a8c795c8aa13a7bf9157230c1,2275
Test/Mftf/Test/AdminPageBuilderRowTest/RowRemoveRowFromStageTest.xml,6f23c483f7a1f0c92dcc3a9796d0a7ba2f9fe2030e0eba0e24c75674299e77b7,1846
Test/Mftf/Test/AdminPageBuilderRowTest/RowUpdateAdvancedConfigurationValuesTest.xml,f8d398e7eafb4c3e279124b1799cbba4943d9d60e3f01990d7de88beb95d3d93,11263
Test/Mftf/Test/AdminPageBuilderRowTest/RowValidateAdvancedConfigurationDefaultValuesTest.xml,d097c10c7f97fe0f441e68a0a50fec8bc01185849ae7c190f82ea4273379a9e1,9034
Test/Mftf/Test/AdminPageBuilderRowTest/RowValidateBorderOnAppearanceChangeTest.xml,72735b26975e8fbd7b9bc31afaad4d6eeaa3aa3f6257e86bfb8c9709101e7b32,5247
Test/Mftf/Test/AdminPageBuilderRowTest/RowWithParallaxEnabledStillShowsBackgroundImageAfterAddingColumnToItTest.xml,aa88c225fa72e6d3a2bd21984e6cfede2bcb48e5839597faba06e5e3b6fedf1f,4977
Test/Mftf/Test/AdminPageBuilderRowTest/ValidateCannotMoveContentTypeIntoHiddenRowTest.xml,94c4f199eb23991250ecfb761466254cffc70b9a5748a722450542e466b65cda,2808
Test/Mftf/Test/AdminPageBuilderRowTest/ValidateShowHideOnRowDefaultStateTest.xml,f25a2b354c3ad69bcd4dcc6d7e6a7b9bd0f72206278bd3e398fe84e9d3db642c,2813
Test/Mftf/Test/AdminPageBuilderRowTest/ValidateShowHideOnRowTest.xml,d0f670c9c8316b2d74aba98ea1b130073548bfc3c12638e51d1092d3d58b990f,7555
Test/Mftf/Test/AdminPageBuilderSlideItemAppearanceCollageCenterTest/SlideCollageCenterOverlayPositionTest.xml,c765b15f3702daedf6c416a92e73dbc37777f4da48ab57a1c693114deacf0587,2168
Test/Mftf/Test/AdminPageBuilderSlideItemAppearanceCollageCenterTest/SlideCollageCenteredButtonNeverShowTest.xml,6d030f0557452eb3dd700b92265b437b935641fa7a857145688aff8f12105b2c,1646
Test/Mftf/Test/AdminPageBuilderSlideItemAppearanceCollageCenterTest/SlideCollageCenteredButtonOnHoverTest.xml,525a28d552845fade122d9d09f58cb0f7eba86846ef7c448de9be77820a8a631,1638
Test/Mftf/Test/AdminPageBuilderSlideItemAppearanceCollageCenterTest/SlideCollageCenteredMobileWithMobileImageValuesTest.xml,eebf18fa710d798b48152f3dfe5cff98364a20acf79fdfb341d703c1af0115a6,5793
Test/Mftf/Test/AdminPageBuilderSlideItemAppearanceCollageCenterTest/SlideCollageCenteredMobileWithoutMobileImageValuesTest.xml,9b646d7f8bdfe19563f9f4af6d54f8215b9d9a47aea51c3bfb0148d88bec9ad5,5158
Test/Mftf/Test/AdminPageBuilderSlideItemAppearanceCollageCenterTest/SlideCollageCenteredOverlayAndButtonOnHoverTest.xml,2c9068878e9587517dafd400d3490e988216bc61a512e24d4f7eda5d1c2afcde,1682
Test/Mftf/Test/AdminPageBuilderSlideItemAppearanceCollageCenterTest/SlideCollageCenteredOverlayNeverShowTest.xml,6a0a162c52ba829cafa960cf6c71efad0177276203f954ab2cca0f4e46bad8c9,1650
Test/Mftf/Test/AdminPageBuilderSlideItemAppearanceCollageCenterTest/SlideCollageCenteredOverlayOnHoverTest.xml,f59db3a9145e914917364b0a13a31f63cf31bbababbd58e8324773498523a065,1642
Test/Mftf/Test/AdminPageBuilderSlideItemAppearanceCollageCenterTest/SlideItemCollageCenterCanInlineEditContentTest.xml,3b05574da6a17ed7a4e50ee920913a942111e00087be399404ed77804a82c803,1219
Test/Mftf/Test/AdminPageBuilderSlideItemAppearanceCollageCenterTest/SlideItemCollageCenterCanInlineEditContentWhenIn25PercentWidthColumnTest.xml,0d9eaabd9928b7bf96b0267cfcf97e79264b6099764f0f580a73a3bed6b9e959,1663
Test/Mftf/Test/AdminPageBuilderSlideItemAppearanceCollageCenterTest/SlideItemCollageCenterTinyMCE3InlineEditTest.xml,dc2111f09b7c76de9838d262decf7f380d18dd6d5923258cb8cb2667ebc319c1,2409
Test/Mftf/Test/AdminPageBuilderSlideItemAppearanceCollageCenterTest/SlideItemCollageCenterUpdateAdvancedConfigurationValuesTest.xml,194f6d70594b4dc69efc08f6cd494f1e18ae6840dd6ccb79734812b2e0563750,4110
Test/Mftf/Test/AdminPageBuilderSlideItemAppearanceCollageCenterTest/SlideItemCollageCenterUpdateAllAttributesTest.xml,9cdfe2beb8d75e864d627d957d154b754b74363d51dd811ae188b125de4fa7be,5200
Test/Mftf/Test/AdminPageBuilderSlideItemAppearanceCollageCenterTest/SlideItemCollageCenterWYSIWYGDisabledInlineEditTest.xml,7e2c3f2297d156e5eeb19b10595f349ea482f24de63efc64e9164731426185a1,2825
Test/Mftf/Test/AdminPageBuilderSlideItemAppearanceCollageCenterTest/SlideOverlayAndButtonDoNotGoOutsideContainerOnCollageCenterAppearanceTest.xml,2bfea33d0695d3defa6e1f3de657526ee18909c787fd6620919c0769017a92f6,2171
Test/Mftf/Test/AdminPageBuilderSlideItemAppearanceCollageCenterTest/SliderCollageCenterAlignmentInheritanceTest.xml,651a2a5ae36ff4eac8852b580250d7751ba13040e543e9fcf5bbf500ad9351a3,1870
Test/Mftf/Test/AdminPageBuilderSlideItemAppearanceCollageCenterTest/SliderCollageCenterButtonsCanBeEditedInlineTest.xml,3025e0807c05d4f8c1d2b175e9809682a73d20aef5fa033a7163c9bcbbb71dc3,1260
Test/Mftf/Test/AdminPageBuilderSlideItemAppearanceCollageCenterTest/SliderCollageCenterHtmlValueInButtonsTest.xml,4321499b6bca7ad29ff932b4eb733f65eb766941ea60cea546a459d0095311b1,4617
Test/Mftf/Test/AdminPageBuilderSlideItemAppearanceCollageCenterTest/SliderCollageCenterInvalidVideoBackgroundNoFallbackImage.xml,3f7413f088139fc46f17d85952640d5ec77b0e3da4aaa061053ae10ad4daa5ec,1360
Test/Mftf/Test/AdminPageBuilderSlideItemAppearanceCollageCenterTest/SliderCollageCenterNonBreakingSpaceValueInButtonsTest.xml,df77f35f48e02ffd27596e9d42b4291dbb962ff44c1d020b6cbfb1999528d034,4620
Test/Mftf/Test/AdminPageBuilderSlideItemAppearanceCollageCenterTest/SliderCollageCenterValidateVideoBackground.xml,0c191da2b967d511a2fbeb40f16c163d5006d34e3f7584be0b674e0ce22bd37a,1273
Test/Mftf/Test/AdminPageBuilderSlideItemAppearanceCollageCenterTest/SliderCollageCenterVideoBackgroundNoFallbackImageDisabledLoopAndPlayWhenVisibleAndLazyLoad.xml,cb448e7a3051bd02ffcd30d6635e77db6e6c2ae1aa97da12b99d327856aa0cac,1483
Test/Mftf/Test/AdminPageBuilderSlideItemAppearanceCollageCenterTest/SliderCollageCenterVideoBackgroundValidateFallbackImage.xml,d32c41a0a03cd8e3ce4aafe020523c7323aed3a0f8e42d5f6eca5efcc5508fa3,1369
Test/Mftf/Test/AdminPageBuilderSlideItemAppearanceCollageCenterTest/SliderMinHeightWithCollageCenterSlideMinHeight.xml,6dd6e8d9e7d2cc0555e9a46b5c11fd9ab5f149a9e6cff48f3e4d6c6ba0500b04,1981
Test/Mftf/Test/AdminPageBuilderSlideItemAppearanceCollageLeftTest/SlideCollageLeftButtonNeverShowTest.xml,07e7c94af36da10ce1f8a26ad224e43de2a1de661bf3977955ad42ef1070120c,1614
Test/Mftf/Test/AdminPageBuilderSlideItemAppearanceCollageLeftTest/SlideCollageLeftButtonOnHoverTest.xml,94f962b764919216704450520a210e085c05a0a3b167f9912fbd0dfe5d5111ff,1606
Test/Mftf/Test/AdminPageBuilderSlideItemAppearanceCollageLeftTest/SlideCollageLeftMobileWithMobileImageValuesTest.xml,7d1e964d7e4ff3dbd59da22388518138bed3670c80957e5c3c512a04cc6714c7,1235
Test/Mftf/Test/AdminPageBuilderSlideItemAppearanceCollageLeftTest/SlideCollageLeftMobileWithoutMobileImageValuesTest.xml,8ca6e4f31c30a0b021a1954dbfd5ec89d49f5f4614b3b42e3e25f86502593d49,1247
Test/Mftf/Test/AdminPageBuilderSlideItemAppearanceCollageLeftTest/SlideCollageLeftOverlayAndButtonOnHoverTest.xml,d560336899ae92ca73c837b3d529dea78cfdbc94f20d272f5339ee1a7bcba388,1650
Test/Mftf/Test/AdminPageBuilderSlideItemAppearanceCollageLeftTest/SlideCollageLeftOverlayNeverShowTest.xml,3607f3deeceed9682244b1bf94e40241ad539248147fe73ebfbe1389801a250b,1618
Test/Mftf/Test/AdminPageBuilderSlideItemAppearanceCollageLeftTest/SlideCollageLeftOverlayOnHoverTest.xml,16671692eca6223b7592328c2ad4dc52827ef10ab506ad8ecc803084b9fdf894,1610
Test/Mftf/Test/AdminPageBuilderSlideItemAppearanceCollageLeftTest/SlideCollageLeftOverlayPositionTest.xml,a21ce18ab1473f80ecf86995930bb6d1212015f12eeb5ae898c50a2791cc5ccc,5653
Test/Mftf/Test/AdminPageBuilderSlideItemAppearanceCollageLeftTest/SlideItemCollageLeftCanInlineEditContentTest.xml,77f69528b498ebef52aa6d10e3457ac5b65b2add3950cb954dfe20998014bc27,1207
Test/Mftf/Test/AdminPageBuilderSlideItemAppearanceCollageLeftTest/SlideItemCollageLeftCanInlineEditContentWhenIn25PercentWidthColumnTest.xml,d20e39ddd105173d430c34f7f9d0656bd07c467c5e2b9b782b35c3ac935efc26,1651
Test/Mftf/Test/AdminPageBuilderSlideItemAppearanceCollageLeftTest/SlideItemCollageLeftTinyMCE3InlineEditTest.xml,bec7f38134733d14c473af85f0934bdf0093100c32eb5ef37661dee47c114188,2397
Test/Mftf/Test/AdminPageBuilderSlideItemAppearanceCollageLeftTest/SlideItemCollageLeftUpdateAdvancedConfigurationValuesTest.xml,c1a7429bb994c758f6a965dad3b22636c69991ddcec04141d15994dd56fa9567,4098
Test/Mftf/Test/AdminPageBuilderSlideItemAppearanceCollageLeftTest/SlideItemCollageLeftUpdateAllAttributesTest.xml,f6faf42bb14bc1aa2ef26118a113b980a4ff454a069063f91a304b2e420c2be6,5168
Test/Mftf/Test/AdminPageBuilderSlideItemAppearanceCollageLeftTest/SlideItemCollageLeftWYSIWYGDisabledInlineEditTest.xml,479d20cfd8fa7d4b84128313c4d52eafdbbaff7bde9096c4a960ee198cf6a6c3,2813
Test/Mftf/Test/AdminPageBuilderSlideItemAppearanceCollageLeftTest/SlideItemCollageLeftWithBordersAndPaddingEqualToMinHeightTest.xml,3e01588aeb678983a6a7f93e17292aab0192db119a580aa371157edd0745230d,3202
Test/Mftf/Test/AdminPageBuilderSlideItemAppearanceCollageLeftTest/SlideOverlayAndButtonDoNotGoOutsideContainerOnCollageLeftAppearanceTest.xml,d012eccac58b2478f0829b491f0e0ef4db28efef98b941b775f48dbd6bcb868f,2157
Test/Mftf/Test/AdminPageBuilderSlideItemAppearanceCollageLeftTest/SliderCollageLeftAlignmentInheritanceTest.xml,9cdd04ce165e0be5394eea3a948cb2667235dd9a286b5cf9006ebecbef256233,1860
Test/Mftf/Test/AdminPageBuilderSlideItemAppearanceCollageLeftTest/SliderCollageLeftButtonsCanBeEditedInlineTest.xml,5b72caac0ef1318b83f9bac04ba24043fc58e976dc5111c14c3073dc9c6b68ad,1246
Test/Mftf/Test/AdminPageBuilderSlideItemAppearanceCollageLeftTest/SliderCollageLeftHtmlValueInButtonsTest.xml,e2620d3ce99bb9f2ab1b4aa72c7fb874f5de837d42f47b412e33fa03814dde1d,1232
Test/Mftf/Test/AdminPageBuilderSlideItemAppearanceCollageLeftTest/SliderCollageLeftInvalidVideoBackgroundNoFallbackImage.xml,787d2fb8a9a037115d66df6fe61999f827d69f7cd02d20bc17710bf18c9b5556,1350
Test/Mftf/Test/AdminPageBuilderSlideItemAppearanceCollageLeftTest/SliderCollageLeftNonBreakingSpaceValueInButtonsTest.xml,f002d40afbf429134fa8f0a117a5a3d597b9d05c5b418b3321fa7abb0faad767,1287
Test/Mftf/Test/AdminPageBuilderSlideItemAppearanceCollageLeftTest/SliderCollageLeftValidateVideoBackground.xml,e2e29dc3a5e1d85e108a958e00a5da023722b4bf32c7cf50a2522ca204f16792,1261
Test/Mftf/Test/AdminPageBuilderSlideItemAppearanceCollageLeftTest/SliderCollageLeftVideoBackgroundNoFallbackImageDisabledLoopAndPlayWhenVisibleAndLazyLoad.xml,207e87e94872806d02836fc63fa016dbf7d56463bd5f6b5d0a2fb841c276f6d2,1473
Test/Mftf/Test/AdminPageBuilderSlideItemAppearanceCollageLeftTest/SliderCollageLeftVideoBackgroundValidateFallbackImage.xml,4d5813cfe5aa8ad1c226d7ef9db637cc37fb170d1023ceb2a71bcbd5d0783835,1357
Test/Mftf/Test/AdminPageBuilderSlideItemAppearanceCollageLeftTest/SliderMinHeightWithCollageLeftSlideMinHeight.xml,b5b9ebf28abc4289a6b044119a3974701c850eb01777ed9be5555828f7c72d23,1969
Test/Mftf/Test/AdminPageBuilderSlideItemAppearanceCollageRightTest/SlideCollageRightButtonNeverShowTest.xml,4e52f6f3b96fe7c4d6ea4e0dce0a3a08a162a5a090fc637576224f9f413fb215,1623
Test/Mftf/Test/AdminPageBuilderSlideItemAppearanceCollageRightTest/SlideCollageRightButtonOnHoverTest.xml,f5ba8da14a06620342e5e4ea68d0f147d7680ee1b63b45ea16ed8dcf4a6b2c1c,1615
Test/Mftf/Test/AdminPageBuilderSlideItemAppearanceCollageRightTest/SlideCollageRightMobileWithMobileImageValuesTest.xml,f92ff886c1ca888a9dce8930b4d953b6d3ba7c7e3dab45462b5ab453351b844b,1241
Test/Mftf/Test/AdminPageBuilderSlideItemAppearanceCollageRightTest/SlideCollageRightMobileWithoutMobileImageValuesTest.xml,7f00c972a2a3e2de865dffe7ad1a2e45699b3bd9e98512405e7ea5d47c7028be,1253
Test/Mftf/Test/AdminPageBuilderSlideItemAppearanceCollageRightTest/SlideCollageRightOverlayAndButtonOnHoverTest.xml,fd48db10acb3fbdff50bbde8db7c79aec15f626163b11f6c17f7bea35ef91939,1659
Test/Mftf/Test/AdminPageBuilderSlideItemAppearanceCollageRightTest/SlideCollageRightOverlayNeverShowTest.xml,37d11a54cd4b98b2c927a4971a96048d629e1ab49ea7a9b4025509f7caf02602,1627
Test/Mftf/Test/AdminPageBuilderSlideItemAppearanceCollageRightTest/SlideCollageRightOverlayOnHoverTest.xml,21ce1e9cb55f13d571b5b4120a3a4555232fd5448850d1e0e6c0ad54205d61d5,1619
Test/Mftf/Test/AdminPageBuilderSlideItemAppearanceCollageRightTest/SlideCollageRightOverlayPositionTest.xml,c3deab0beae9f962fedc2b7f67e20c671b563ef176c8194dce89e6395f875910,2157
Test/Mftf/Test/AdminPageBuilderSlideItemAppearanceCollageRightTest/SlideItemCollageRightCanInlineEditContentTest.xml,da0e4b678ddc51bee561cfd985dfcfa73905439a97b75f54fa339184cf551675,1212
Test/Mftf/Test/AdminPageBuilderSlideItemAppearanceCollageRightTest/SlideItemCollageRightCanInlineEditContentWhenIn25PercentWidthColumnTest.xml,cf2b7b2ac31e716030dcbc3eac526af4e6d105e965b0b9b6d69c4728e91d2f23,1656
Test/Mftf/Test/AdminPageBuilderSlideItemAppearanceCollageRightTest/SlideItemCollageRightTinyMCE3InlineEditTest.xml,05b5b2c3ca868362581a980d2154aa142235c2d653a7b9938264c07ae40af554,2402
Test/Mftf/Test/AdminPageBuilderSlideItemAppearanceCollageRightTest/SlideItemCollageRightUpdateAdvancedConfigurationValuesTest.xml,9402ac9d888014c887fe2c9c7fe61e21f71bc5a8e6464c46bd90d1cbb24ce688,4103
Test/Mftf/Test/AdminPageBuilderSlideItemAppearanceCollageRightTest/SlideItemCollageRightUpdateAllAttributesTest.xml,17cc5c8af9c2036b7216347b81381efc6d65785240f60f1354bee73d6a561714,5172
Test/Mftf/Test/AdminPageBuilderSlideItemAppearanceCollageRightTest/SlideItemCollageRightWYSIWYGDisabledInlineEditTest.xml,4cc9fa5243af350a1bef93c452c1543e48561dd0e8a5d84abf0e8599a49ad6fa,2818
Test/Mftf/Test/AdminPageBuilderSlideItemAppearanceCollageRightTest/SlideOverlayAndButtonDoNotGoOutsideContainerOnCollageRightAppearanceTest.xml,f4c3686ca0ce4b841a021ed4b7365b8a2590927bda100f5bc59d3338c6e3c0bf,2163
Test/Mftf/Test/AdminPageBuilderSlideItemAppearanceCollageRightTest/SliderCollageRightAlignmentInheritanceTest.xml,a894e8f7a0372e7ef9427caa2c633b7c8165e976814c8526333d0e9f24d0700e,1864
Test/Mftf/Test/AdminPageBuilderSlideItemAppearanceCollageRightTest/SliderCollageRightButtonsCanBeEditedInlineTest.xml,38096e503fa913b1240c846d79825d594f790a7fa524ff374e4b10f398a1d005,1252
Test/Mftf/Test/AdminPageBuilderSlideItemAppearanceCollageRightTest/SliderCollageRightHtmlValueInButtonsTest.xml,c1b9d62810a10b7c3551a1cdc3422e295770b60519663802035a3292bbe5acfc,1236
Test/Mftf/Test/AdminPageBuilderSlideItemAppearanceCollageRightTest/SliderCollageRightInvalidVideoBackgroundNoFallbackImage.xml,9815963f8cfeeecb56ed6bd3253989b33860352cb79fa9fe854112e9e6cdfd14,1354
Test/Mftf/Test/AdminPageBuilderSlideItemAppearanceCollageRightTest/SliderCollageRightNonBreakingSpaceValueInButtonsTest.xml,1ae220895e6c1104a265fe4ec396d0c3220f7963a2eeb0332caacd9c09cc7af4,1291
Test/Mftf/Test/AdminPageBuilderSlideItemAppearanceCollageRightTest/SliderCollageRightValidateVideoBackground.xml,abad00ee727f738fa62b59a5dd7e52b5754bab6d972d0b47fdec82e461b91555,1266
Test/Mftf/Test/AdminPageBuilderSlideItemAppearanceCollageRightTest/SliderCollageRightVideoBackgroundNoFallbackImageDisabledLoopAndPlayWhenVisibleAndLazyLoad.xml,4c5ba76bf4b74e149d1a22dde20c112a225da7a0ab741c07c852c1c1f1547838,1477
Test/Mftf/Test/AdminPageBuilderSlideItemAppearanceCollageRightTest/SliderCollageRightVideoBackgroundValidateFallbackImage.xml,113a2b45982259f59f53b325edf67df79434b9bdccb376e4b13a199db7241186,1362
Test/Mftf/Test/AdminPageBuilderSlideItemAppearanceCollageRightTest/SliderMinHeightWithCollageRightSlideMinHeight.xml,13e245fef89531ce1b9f8f033455afb6ff9dabb129171a7d850ddb7cc8e9f1e9,1974
Test/Mftf/Test/AdminPageBuilderSlideItemAppearancePosterTest/SlideItemPosterButtonNeverShowTest.xml,599b0808be7daa9c56189bdf9576b10b3193abb8431638c330af6146e906ef3e,5729
Test/Mftf/Test/AdminPageBuilderSlideItemAppearancePosterTest/SlideItemPosterButtonOnHoverTest.xml,db18be6aa760f69455c2cd4303ece7e9f795bb438fc20d940be3b5f47e6e8ccb,5968
Test/Mftf/Test/AdminPageBuilderSlideItemAppearancePosterTest/SlideItemPosterCanInlineEditContentTest.xml,448e9421d0a816f9af35e3923b82bfee84b8d5d877030c74a6a6bbdc7d3312fb,4777
Test/Mftf/Test/AdminPageBuilderSlideItemAppearancePosterTest/SlideItemPosterCanInlineEditContentWhenIn25PercentWidthColumnTest.xml,240942f36f750084a500cdbdec5d03c89e1e7a2ac5b0fe39684ecced7ed9f32f,6928
Test/Mftf/Test/AdminPageBuilderSlideItemAppearancePosterTest/SlideItemPosterOverlayAndButtonOnHoverTest.xml,8f731b86bd950e295fdabde3a4b201864faccd7a8da1e4f49adb0b334ea0b1ae,8819
Test/Mftf/Test/AdminPageBuilderSlideItemAppearancePosterTest/SlideItemPosterOverlayNeverShowTest.xml,e64a1b92016f3121020e2f046b4df1fa0bf8deaf863d2402ecf9bb619ff9bb84,5781
Test/Mftf/Test/AdminPageBuilderSlideItemAppearancePosterTest/SlideItemPosterOverlayOnHoverTest.xml,ee47394264134b6a5c09f468f79768256480c0ddf2b19cb2586df9d2e4223f60,6029
Test/Mftf/Test/AdminPageBuilderSlideItemAppearancePosterTest/SlideItemPosterOverlayPositionTest.xml,8f0c2f3584db2032c73aeff2445d7d603097a7a53a4df3cab18482aaaef14971,4487
Test/Mftf/Test/AdminPageBuilderSlideItemAppearancePosterTest/SlideItemPosterTinyMCE3InlineEditTest.xml,a612b9e3037c742f740f13eb871262e73db707c1579ef3cf9c7f787f5f9f17ac,2381
Test/Mftf/Test/AdminPageBuilderSlideItemAppearancePosterTest/SlideItemPosterUpdateAdvancedConfigurationValuesTest.xml,aa49ae1c58cc63ae11b2b10e9534376b609e7de281e2d921bc213662afb02ba4,12308
Test/Mftf/Test/AdminPageBuilderSlideItemAppearancePosterTest/SlideItemPosterUpdateAllAttributesTest.xml,dd27d381afb5c7801bcff5b48bcd48307346475e79175a598f2d8613972b6cad,31919
Test/Mftf/Test/AdminPageBuilderSlideItemAppearancePosterTest/SlideItemPosterWYSIWYGDisabledInlineEditTest.xml,213c5d1f0844bb6e487f25ee08662cfe1e62375179c3f840d938d86b911e6581,2599
Test/Mftf/Test/AdminPageBuilderSlideItemAppearancePosterTest/SlideItemPosterWithBordersAndPaddingEqualToMinHeightTest.xml,624cb235fb80a156727659b2dfb574d85993f93ed48ee2d57b8f7da111c96711,3261
Test/Mftf/Test/AdminPageBuilderSlideItemAppearancePosterTest/SlideOverlayAndButtonDoNotGoOutsideContainerOnPosterAppearanceTest.xml,e4ced934eedd797ab08b4ee810897e43dfe3ce911f62cc2baa7b718d1801b517,6615
Test/Mftf/Test/AdminPageBuilderSlideItemAppearancePosterTest/SliderItemPosterButtonsCanBeEditedInlineTest.xml,17f719b36d7bca7a610eae8d1f82a6fcad5dd3c13d1105aeacaf77ba438bad9a,4431
Test/Mftf/Test/AdminPageBuilderSlideItemAppearancePosterTest/SliderPosterAlignmentInheritanceTest.xml,c095f086e0548c4cc81e8f2bcc4feecb0536f0310dfbf5803cfd0a20208ea02c,10706
Test/Mftf/Test/AdminPageBuilderSlideItemAppearancePosterTest/SliderPosterHtmlValueInButtonsTest.xml,440d392405a2f6ca764409cd4a5dd70a13495862880fbcc9609b2dbc2c1a6ec6,1214
Test/Mftf/Test/AdminPageBuilderSlideItemAppearancePosterTest/SliderPosterInvalidVideoBackgroundNoFallbackImage.xml,eba4fc9fc0a6428dbfd542a58e6ea74dcee156acead073cbd7a74640942b29fb,6117
Test/Mftf/Test/AdminPageBuilderSlideItemAppearancePosterTest/SliderPosterNonBreakingSpaceValueInButtonsTest.xml,a3e6cbbff1c9e49d3a77d4dfa01aa802a12e0b4760db181486e2795500889cc8,1269
Test/Mftf/Test/AdminPageBuilderSlideItemAppearancePosterTest/SliderPosterValidatePaddingOnAppearanceChangeTest.xml,d1ed12feba767ca80e1c90541490e452a6d6efc428f24fc60aa51301f8226351,6100
Test/Mftf/Test/AdminPageBuilderSlideItemAppearancePosterTest/SliderPosterValidateVideoBackground.xml,e1ec538b16e423e3be5a016273c70a3cd503b73839aaec5b9ac288d277b88596,11728
Test/Mftf/Test/AdminPageBuilderSlideItemAppearancePosterTest/SliderPosterVideoBackgroundNoFallbackImageDisabledLoopAndPlayWhenVisibleAndLazyLoad.xml,7b1026ee60501cb0afef95420e4442ab91d723381628be210a21c494a60f287c,9752
Test/Mftf/Test/AdminPageBuilderSlideItemAppearancePosterTest/SliderPosterVideoBackgroundValidateFallbackImage.xml,cacb073ddca3824c62344378e775dcbdfa6810f411bae34391ef6c6195ce9b7e,7183
Test/Mftf/Test/AdminPageBuilderSlideItemCommonTest/SlideContentVariableCanWrapTest.xml,f254e5f9e55a2e98542f974f62eab0a418cbf270e4718b3f2fb2f0d3b504adce,5902
Test/Mftf/Test/AdminPageBuilderSlideItemCommonTest/SlideItemAppearanceSectionDefaultsTest.xml,1323c64416a8c3e368a50c9f66a36f7800f41e3499601a5b46c164fa904f47fb,3708
Test/Mftf/Test/AdminPageBuilderSlideItemCommonTest/SlideItemBackgroundColorAlwaysDisplayedTest.xml,0f8fd6175e516c29bb45cf1154b2398fa975f34f8858e475bba76769ed09039c,9713
Test/Mftf/Test/AdminPageBuilderSlideItemCommonTest/SlideItemBackgroundSectionDefaultsTest.xml,f0f483dcf727e75367a9d415406999b665f8d3ba83bc263e4986088f395aac37,11303
Test/Mftf/Test/AdminPageBuilderSlideItemCommonTest/SlideItemBorderIsVisibleTest.xml,6f644bd14c7c3dfa8c9955f398a45dd52d18813384f4abe57b3ffa1fb7d3679d,4305
Test/Mftf/Test/AdminPageBuilderSlideItemCommonTest/SlideItemCannotDeleteLastSlideTest.xml,fe16ce603f7ebe6bf87f780cd26c4deaec71daea0af24be8efb44de60032b7fc,4080
Test/Mftf/Test/AdminPageBuilderSlideItemCommonTest/SlideItemCannotHaveInlineWysiwygLinkAndLinkUrlTest.xml,126545d823625eab66d0ba706b80e964323c55d1251e4cc5d80745f2f130ab73,7741
Test/Mftf/Test/AdminPageBuilderSlideItemCommonTest/SlideItemContainedVerifyCanSwitchBackgroundTypes.xml,36cacca945865d39538393eac8012fd074f4c6e73e51a22eda37519345f5c94a,25386
Test/Mftf/Test/AdminPageBuilderSlideItemCommonTest/SlideItemContentSectionDefaultsTest.xml,089ed7fe11152d1828d37a3e8c28ae3f383e2d5ed4f417d9a87dd0dad59c3d7a,12079
Test/Mftf/Test/AdminPageBuilderSlideItemCommonTest/SlideItemDeleteImageTest.xml,959587a4a4de953f35812641d39f9e2c4b921f4bcf5122fba9eb429a0823089c,5545
Test/Mftf/Test/AdminPageBuilderSlideItemCommonTest/SlideItemDeleteSlideItemTest.xml,aca7244a4b9ee3b6154ec0383b267509e62d96e45a350a4209ef741e4cdf294f,4675
Test/Mftf/Test/AdminPageBuilderSlideItemCommonTest/SlideItemDoesNotNavigateInPreviewTest.xml,667907c5416426c362abc9ea677c1b616bf8ebd503c664dafbb5cff53e533e84,3065
Test/Mftf/Test/AdminPageBuilderSlideItemCommonTest/SlideItemEmptyLinkURLDoesNothingOnStorefrontTest.xml,0bbe45b2e340b6cd76b2bbb17a14394ce5ef7d3ddf2f79a8a385567023a148e3,3680
Test/Mftf/Test/AdminPageBuilderSlideItemCommonTest/SlideItemHasEditButtonTextButtonStyledInAdminAndStorefrontTest.xml,c0e1e2d0d8254a951b6c14a3d540c776453fd79d25c8fcc0da571cb8f6485d9a,11636
Test/Mftf/Test/AdminPageBuilderSlideItemCommonTest/SlideItemInlineWysiwygUploadImageTest.xml,ad477f2a25ef96c41bf8a58da450c18a9bc6c2b3789e413df813e72c1c3fe55d,6039
Test/Mftf/Test/AdminPageBuilderSlideItemCommonTest/SlideItemLinkURLFunctionsTest.xml,e0f585ed37ffdbe452d884e8fa0cb270e6c68da320a098223883723a84ab612a,3680
Test/Mftf/Test/AdminPageBuilderSlideItemCommonTest/SlideItemMoveSlideItemsToRearrangeTest.xml,34f59107fea0bb8adfdffb4b1072c028983435769192c0fa2cf192aa7f033d0a,10866
Test/Mftf/Test/AdminPageBuilderSlideItemCommonTest/SlideItemNotActiveValidateVideoBackgroundLazyLoadEnabledWithSliderFadeDisabled.xml,e233e49f7570eadd2374dcd0e500b83b45223656c469924cc3c9ecaaee4d6c43,2721
Test/Mftf/Test/AdminPageBuilderSlideItemCommonTest/SlideItemNotActiveValidateVideoBackgroundLazyLoadEnabledWithSliderFadeEnabled.xml,51eeb73fd975856ccf6aa3dad0197d3c15f4226ca2591ce09f3250cc5e8e9f32,1474
Test/Mftf/Test/AdminPageBuilderSlideItemCommonTest/SlideItemNotActiveValidateVideoBackgroundPlayOnlyWhenVisibleEnabledWithSliderFadeDisabled.xml,a5618495c4ea43b8931beef10eaf021d0fdc038482d12f1af74988132be80a60,7348
Test/Mftf/Test/AdminPageBuilderSlideItemCommonTest/SlideItemNotActiveValidateVideoBackgroundPlayOnlyWhenVisibleEnabledWithSliderFadeEnabled.xml,6cbd70807a4733a2ac13542e6382e7dbceeea58e49687cd545cf85b051090812,1511
Test/Mftf/Test/AdminPageBuilderSlideItemCommonTest/SlideItemOverflowNotHiddenAfterDuplicatingParent.xml,28ca94584857104ebeaed7ffe949654b266c576b0eb81e3e74a3fdf5c84e5c44,3594
Test/Mftf/Test/AdminPageBuilderSlideItemCommonTest/SlideItemTextContainingPageBuilderMarkupWontBreakStageTest.xml,6f8447ca9e2a8f1dfdec64aa9eabf079a332323bccbb9f7cede804949b61423a,2050
Test/Mftf/Test/AdminPageBuilderSlideItemCommonTest/SlideItemTinyMCEMenuOpensInFrontOfVideoBackground.xml,8043354c0aa0830f2c1f8af2a83925f0da5114391b11966fef75dcc213ae8c42,5985
Test/Mftf/Test/AdminPageBuilderSlideItemCommonTest/SlideItemUploadImageFromStageTest.xml,8d243b6ae18e72c1d5bb4ed062b64da3cb1c05f57721fabe6be0709afe553cb1,4889
Test/Mftf/Test/AdminPageBuilderSlideItemCommonTest/SlideItemValidateAdvancedConfigurationDefaultValuesTest.xml,4910e63a0d19ef6977b745246bfab4502e118255d32cd25ca7c66a457e5d43dd,9819
Test/Mftf/Test/AdminPageBuilderSlideItemCommonTest/SlideItemValidateSlideCannotBeHiddenTest.xml,d61cf8ba1868ce542d8a40e0654d5f8bc427510d1d119d510f7fab4b50b2d245,2312
Test/Mftf/Test/AdminPageBuilderSlideItemCommonTest/SlideItemValidateVideoBackgroundAspectRatio.xml,82b1d036914aa864154d510c08d0a869e5c35c24b93534d9ff6a6724f8d04e1d,10727
Test/Mftf/Test/AdminPageBuilderSlideItemCommonTest/SlideItemValidateVideoBackgroundInfiniteLoopDisabled.xml,2af7a55742089394c5837994690934b0a99f8fbe85623e63254185de24ab4a6e,4525
Test/Mftf/Test/AdminPageBuilderSlideItemCommonTest/SlideItemValidateVideoBackgroundInfiniteLoopEnabled.xml,fca5ba96a87fc6076883aec3775ab52fea8ba884267dcb7023f0578561cb88a9,5660
Test/Mftf/Test/AdminPageBuilderSlideItemCommonTest/SlideItemValidateVideoBackgroundLazyLoadDisabled.xml,28e0417a8d0efd6fb725ea5d7e034fa3630db98045189474fca52f3b42664f9e,2300
Test/Mftf/Test/AdminPageBuilderSlideItemCommonTest/SlideItemValidateVideoBackgroundLazyLoadEnabled.xml,2d91af135754ee3ea5af40156c1717aa8c2e64334390f96a81850deaff723f12,2302
Test/Mftf/Test/AdminPageBuilderSlideItemCommonTest/SlideItemValidateVideoBackgroundPlayOnlyWhenVisibleDisabled.xml,708ad9916846fd8c700d15e1930df7cd5a30546eafee45511a5dd6bc28fdb2e6,9473
Test/Mftf/Test/AdminPageBuilderSlideItemCommonTest/SlideItemValidateVideoBackgroundPlayOnlyWhenVisibleEnabled.xml,7526669e947a804ae2fe9ccec8d4396d50882460db4532dd9d520a268896cca7,6472
Test/Mftf/Test/AdminPageBuilderSlideItemCommonTest/SlideItemValidateVideoBackgroundSectionDefaultValues.xml,028c3c89d399b0e4892b41b196e3e9b7a1f7008fdd3be83be9d7c3c066e21e59,5963
Test/Mftf/Test/AdminPageBuilderSlideItemCommonTest/SlideItemValidateVideoBackgroundVideoURLs.xml,d8307729374f758e41f01c31a1a5aef392c7b2c861d1fa5ecd276735ac5211cd,9937
Test/Mftf/Test/AdminPageBuilderSlideItemCommonTest/SlideItemVerifyEmptySlideDefaultStateTest.xml,ac715fb1e72155694269454eeec5109267113a42c445d38b30db23259c67d218,5889
Test/Mftf/Test/AdminPageBuilderSlideItemCommonTest/SlideItemVerifyStageUploadImageButtonsForEachAppearanceTest.xml,5fe31dd4b7f02b2e69969f46d5d647d9f8cd7dcc5880b82128f59f3a78c0c223,5586
Test/Mftf/Test/AdminPageBuilderSlideItemCommonTest/SlideItemVerifyStageUploadImageButtonsWorkWithVideoBackground.xml,ad8575f1b3a3dbb86245221373316262b25df8130f31b926f08e1d062b2dc8e6,5553
Test/Mftf/Test/AdminPageBuilderSlideItemCommonTest/SlideItemWithDefaultMinHeightAdjustsToContentHeightTest.xml,53cdba610d58876df4751cf38f53e1c66032d9527d50d1dee45ad11b9a57e8c2,6176
Test/Mftf/Test/AdminPageBuilderSlideItemCommonTest/SlideNameDoesNotRenderHtmlTest.xml,71465586950511d4306f7edc574c6a57db3e5bbc953f7f28192dde19ac5f7cd4,3289
Test/Mftf/Test/AdminPageBuilderSliderCommonTests/SlideInlineWYSIWYGWidgetAndVariableStyleTest.xml,a8c9012c084bb5d67efeff5fdc887d3d77fa131136d301f0da3ec32e1bd8848d,3782
Test/Mftf/Test/AdminPageBuilderSliderCommonTests/SliderAddToColumnTest.xml,52f4c52dfa06dc581eadf28c6852496ef77d281dc7dde52c02e7a3974b18ce95,4568
Test/Mftf/Test/AdminPageBuilderSliderCommonTests/SliderAllAttributesTest.xml,8900fe9f7aff141e6259fe7e0acf66842e89cc3bdeb925688932e65939b74056,14204
Test/Mftf/Test/AdminPageBuilderSliderCommonTests/SliderCanBeDeletedAfterAccidentalDragTest.xml,700ffef49100184e111f9c4ec47a14443b9791b50f4ecd58f4e6b3c9063a2b9e,2869
Test/Mftf/Test/AdminPageBuilderSliderCommonTests/SliderCanBeNavigatedQuicklyTest.xml,37255d54acbed2ffb9413e0a71a4d748dfc15779a805bce6c21ee897deb8a975,3993
Test/Mftf/Test/AdminPageBuilderSliderCommonTests/SliderCanHaveContentPlacedAboveTest.xml,cbdc9ef3001e1a629840b5c06a4769b907277643de3c4b8afb42e0e27503c4e7,3579
Test/Mftf/Test/AdminPageBuilderSliderCommonTests/SliderCanManageSlidesTest.xml,44bb6352324319aea24c4c2de148ae2a5604c66f0a0bda9256ccdecae3c4991b,8092
Test/Mftf/Test/AdminPageBuilderSliderCommonTests/SliderCannotAddToStageTest.xml,b13efdd812f6c64287e39d1a608dd9f6593f5a22afcd26ddb4ea084c70a56fba,1948
Test/Mftf/Test/AdminPageBuilderSliderCommonTests/SliderCannotHaveContentDroppedInsideTest.xml,905c17022743baeb63698594af04937ee6cf0d4a870d18293a179e801bb3dc67,6106
Test/Mftf/Test/AdminPageBuilderSliderCommonTests/SliderDeleteTest.xml,aa6b1bcf2b5407532e58b025425d5cc31483dde89f1b096a5814987181b2bcaa,3755
Test/Mftf/Test/AdminPageBuilderSliderCommonTests/SliderDuplicateTest.xml,6b8e4c6fed39c9db2a74fd0fb7184d446ab6fc2ac80bf9b740795fd2a5e04a54,22760
Test/Mftf/Test/AdminPageBuilderSliderCommonTests/SliderFadeCanBeInlineEditedTest.xml,8693e4cc7b0a3b3110d5b6a1bb7d2363938bbe7d83c307d6c7fd59e37b3d3558,5929
Test/Mftf/Test/AdminPageBuilderSliderCommonTests/SliderMinHeightWithPosterSlideMinHeight.xml,4d24a3bcddb1850dd208ca1a00cde610c26fb3e4f79acb7ed97e0f357ed2a8ce,18915
Test/Mftf/Test/AdminPageBuilderSliderCommonTests/SliderMoveSliderTest.xml,15481c98a9ae96ba62b9e9b439c9162e95c4f0200c3551fd4af985a95c1b6913,10113
Test/Mftf/Test/AdminPageBuilderSliderCommonTests/SliderSettingsSectionDefaultsTest.xml,fbebe963df18352717adb7bd3b50ebd9be0e1d94477eab3533f7a0b50863eb7b,7547
Test/Mftf/Test/AdminPageBuilderSliderCommonTests/SliderUpdateAdvancedConfigurationValuesTest.xml,e6fbeb04a7bdfd70fe5cfdb5ad907d81dc3c62dd5be199a332032d200683c376,12119
Test/Mftf/Test/AdminPageBuilderSliderCommonTests/SliderValidateAdvancedConfigurationDefaultValuesTest.xml,d04b20e9f90e3aa65d91e0d604930f9ad3346cd30cde1a78f99b63ffd16c5a4f,9996
Test/Mftf/Test/AdminPageBuilderSliderCommonTests/SliderValidateShowHideOnSliderDefaultStateTest.xml,e7e3cc76364935f7de0e0972cd70e7a11b97a13f62b4c0d2cd763c806eae040d,4273
Test/Mftf/Test/AdminPageBuilderSliderCommonTests/SliderValidateShowHideOnSliderTest.xml,a8471138dc84f5e5ca19660e97a6a4b5b30876f5f93d0c9e235fabc6dcc80de2,5814
Test/Mftf/Test/AdminPageBuilderSliderCommonTests/SliderWithBordersAndPaddingEqualToMinHeightTest.xml,dbe4be64df2fae9b603f6a6cf3ebdaa21f128eeea975126a5b4c58958d201289,4833
Test/Mftf/Test/AdminPageBuilderSliderCommonTests/SliderWithNoDotsEqualToMinHeightTest.xml,668cc2a3f281e39ab60ce12f24554c5c53722eb215e56c5f51bb56d55dd7e226,4593
Test/Mftf/Test/AdminPageBuilderTabGroupTest/TabsAdvancedSettingsApplyInAdminPreviewAndStorefrontTest.xml,c5add7710746fe91ca0d89144de034767e666ce7570b23fd0bf0dbc03de3d04d,5235
Test/Mftf/Test/AdminPageBuilderTabGroupTest/TabsCanAddToColumnTest.xml,41ca96e1e4460d2dfef3e25141b026ee13c8c102c69b52831ba1ef7dad4ffc4b,4523
Test/Mftf/Test/AdminPageBuilderTabGroupTest/TabsCannotAddToStageTest.xml,a3e6a26849ca78e1b22bc5f7c5cb73a45aa2278b471873e131faab2864999ab1,2039
Test/Mftf/Test/AdminPageBuilderTabGroupTest/TabsDefaultActiveTabToSecondTabTest.xml,0e303787a461c8e5af24abd0653108ee994e468512de6b6a467ff1b4ef956e8a,3902
Test/Mftf/Test/AdminPageBuilderTabGroupTest/TabsDuplicateDefaultEmptyStateTabTest.xml,2a59727eb5eafc83f8e9b66126bf81e9e994d51c2167a5db8e5acc3ef65c6189,3067
Test/Mftf/Test/AdminPageBuilderTabGroupTest/TabsDuplicateTabWithCustomizedTabContentTest.xml,d63f34719fad6898a0b9591f4ad6f4d0eca1333cbd67a57b25ef0d0acad9359e,6782
Test/Mftf/Test/AdminPageBuilderTabGroupTest/TabsDuplicateTabWithCustomizedTabSettingsTest.xml,da477164ecdb02ce9af2e721c02ea7bc3b6d5f508a1a0c753a2a2d28868fda6c,4955
Test/Mftf/Test/AdminPageBuilderTabGroupTest/TabsDuplicateTest.xml,4767015c57717baa36f4599cbaa32a5209628a7096e5b699161dab9b72fc400d,5399
Test/Mftf/Test/AdminPageBuilderTabGroupTest/TabsMinHeightAppliesInAdminPreviewAndStorefrontTest.xml,de89c2071028f489a4e1eaf2187c8a8a6be3db3fe6f8a7aa0fc955afd02ce152,3898
Test/Mftf/Test/AdminPageBuilderTabGroupTest/TabsMovesTabsTest.xml,9f3feb1d7b8065917d0cf0cde4f72caa8bf995dbf174de0b8bf71dae010102d8,6943
Test/Mftf/Test/AdminPageBuilderTabGroupTest/TabsNavAlignCenterAppliesInAdminPreviewAndStorefrontTest.xml,567a84d455c1f06ca4da57e61869e27cfabd167f13f8293de70797d5efd63145,3602
Test/Mftf/Test/AdminPageBuilderTabGroupTest/TabsNavAlignRightAppliesInAdminPreviewAndStorefrontTest.xml,e5e5643d859ab88374a7c43eb2f292024d4677ada318efab6878241a28782e5b,3589
Test/Mftf/Test/AdminPageBuilderTabGroupTest/TabsRearrangeTabItemsTest.xml,e4b926d1e2da124b263f4ce8f743469e1cdc2e1635e7374ade95e7d845ef0cc3,4529
Test/Mftf/Test/AdminPageBuilderTabGroupTest/TabsRendersAndIsInteractiveAfterDroppingSomeColumnsAboveTest.xml,8a443f6a2ca9ccc9c507b9eabc0f367fc8ba58e2d720973f86b40b6837478d99,5818
Test/Mftf/Test/AdminPageBuilderTabGroupTest/TabsValidateAdvancedConfigurationDefaultValuesTest.xml,2172af3530647da2053079b9d3cca0edc135afef829dcfe68fb15573b632b2fb,5058
Test/Mftf/Test/AdminPageBuilderTabGroupTest/TabsWithBordersAndPaddingEqualToMinHeightTest.xml,b52599758df199fa36de797d7e8306b49003d7f8b9b4f58d4073da27682c6823,3846
Test/Mftf/Test/AdminPageBuilderTabGroupTest/ValidateCannotMoveContentTypeIntoHiddenTabTest.xml,885931998e54cd7aae13942befc7394f1dcbec083350f087a1e3f38e27f4b326,2866
Test/Mftf/Test/AdminPageBuilderTabGroupTest/ValidateShowHideOnTabChildDefaultStateTest.xml,1a1ca870b4d58d359b4a2cb4563393e05290baff87bae3cecfe08fe21fa4f35a,4626
Test/Mftf/Test/AdminPageBuilderTabGroupTest/ValidateShowHideOnTabsDefaultStateTest.xml,05ce0f254956c6822edb72f7caa63573a214704c57c705f493af2c7832865370,3378
Test/Mftf/Test/AdminPageBuilderTabGroupTest/ValidateShowHideOnTabsTest.xml,e75ae10db60d44dcababf350d8d2207efffb08c490ed894ae3bbf756f9842d98,7745
Test/Mftf/Test/AdminPageBuilderTabGroupTest/ValidateTabChildHideShowTest.xml,40bdd1f71ec9a26edd9a506adcd08eb81f7b80df468bd8c0e01e333eeda0121a,5825
Test/Mftf/Test/AdminPageBuilderTabGroupTest/ValidateTabItemNotHideableTest.xml,66aacbf45249753635952d79fed633ae3dce34ff1dc0a1bd8f1f6560cf4e2268,2182
Test/Mftf/Test/AdminPageBuilderTabItemBackgroundAttributeTest/TabItemValidateBackgroundFormTest.xml,148a1873766cba9e961d1345f00dff7d17b8e2fc3c444a3ba0c8956daba78bd5,10482
Test/Mftf/Test/AdminPageBuilderTabItemBackgroundAttributeTest/TabItemValidateBackgroundSectionDefaultValuesTest.xml,b64a86374959ab6a90916ccce5e155100a4b9ace84f400aa94f56c9b2728d33d,8716
Test/Mftf/Test/AdminPageBuilderTabItemConfigurationTest/AddTabsWithBackgroundColorAndMinHeightTest.xml,6b22f0a4096f897a76a9f804b6f7491b0090cb490846d76a2373a5e61fb36364,11269
Test/Mftf/Test/AdminPageBuilderTabItemConfigurationTest/AddTabsWithBackgroundGifBottomAutoContainScrollFixedYesBackgroundRepeatAfterSaveTest.xml,0d880c392e716c39fcccaf6323adee77e5af9cfbc600bc2839e553d25f46cad1,15307
Test/Mftf/Test/AdminPageBuilderTabItemConfigurationTest/AddTabsWithBackgroundGifCenterAutoContainFixedNoBackgroundRepeatTest.xml,26c56b7ce957b6496d63970c13b4d83ce3d0cb986453da53235d962edbfbacf3,11991
Test/Mftf/Test/AdminPageBuilderTabItemConfigurationTest/AddTabsWithBackgroundJpgBottomCoverScrollFixedNoBackgroundRepeatTest.xml,96cc6c4886a11d02383e24ce6ffb76db515fa1647e3ac7b6c3d6833dbc27bdef,11181
Test/Mftf/Test/AdminPageBuilderTabItemConfigurationTest/AddTabsWithBackgroundJpgCenterAutoContainScrollFixedNoBackgroundRepeatTest.xml,14538ad9e13bb9ce5a7741ce863b686b39a1b4f3082486a67ac0c26a8296aa1e,12016
Test/Mftf/Test/AdminPageBuilderTabItemConfigurationTest/AddTabsWithBackgroundJpgCenterCoverScrollFixedNoBackgroundRepeatTest.xml,c89cae9015c1c8cb326eaf2ff585c91e193a8aadd451dc168018542b0521a20c,13754
Test/Mftf/Test/AdminPageBuilderTabItemConfigurationTest/AddTabsWithBackgroundJpgCenterCoverScrollFixedYesBackgroundRepeatTest.xml,f7b3bd3002b8dfec0c8b8064fc37e233c95ce5ded33c9ce6b3704b09a0ef0bfc,10980
Test/Mftf/Test/AdminPageBuilderTabItemConfigurationTest/AddTabsWithBackgroundJpgTopCoverScrollFixedNoBackgroundRepeatTest.xml,3669a6d8efdef8983399ec6c4c5cd866f16da023ef559a66edc7142b11b90467,11617
Test/Mftf/Test/AdminPageBuilderTabItemConfigurationTest/AddTabsWithBackgroundJpgTopCoverScrollFixedYesBackgroundRepeatTest.xml,db3830aef3510e0363c77d9d42384897017d61d7ec01bf3cfc6abd1a79423abd,10581
Test/Mftf/Test/AdminPageBuilderTabItemConfigurationTest/AddTabsWithBackgroundPngBottomAutoContainScrollNoBackgroundRepeatAfterSaveTest.xml,979e95e20bc51598cf9ae88dfdd101a625b837b2536eb24513872b5f000953da,14898
Test/Mftf/Test/AdminPageBuilderTabItemConfigurationTest/AddTabsWithBackgroundPngTopAutoContainScrollFixedYesBackgroundRepeatTest.xml,7afe6651d24adfd3036b4b1763553fe7673a700dad1466c6055eacf805457d6f,12049
Test/Mftf/Test/AdminPageBuilderTabItemConfigurationTest/DefaultTabItemStateOnAddingNewTabTest.xml,02f182b6280c2dd6555f0745590e6f311eeb9766430749921411f0952a5c1468,14289
Test/Mftf/Test/AdminPageBuilderTabItemConfigurationTest/EditTabNameByClickingOnHeaderInStageTest.xml,1c6dd667f896b25109ad1a5603d91fec18f7fe5f925aa66ffefc51bdcec346f0,3985
Test/Mftf/Test/AdminPageBuilderTabItemConfigurationTest/TabHeaderNonBreakingSpaceValueInStageTest.xml,af6a538412a58650ad9f888d2d3a42e962487b6ca3d924b2b9417e2823a2546a,3670
Test/Mftf/Test/AdminPageBuilderTabItemConfigurationTest/TabItemUpdateAdvancedConfigurationValuesTest.xml,ba4fa3dc604f1e4259266dcf9791bd2d0f485ece884fb22675cb297e1ed467e9,9798
Test/Mftf/Test/AdminPageBuilderTabItemConfigurationTest/TabItemValidateAdvancedConfigurationDefaultValuesTest.xml,f7b67895aa66461315905bd24fdb854249f28fae73303f328e6913ebdbf9e1aa,13568
Test/Mftf/Test/AdminPageBuilderTabItemContentTest/CanAddBannerToTabTest.xml,dd6ed2e77fa94ced8443395af9eee255bbb8efbf775db110f6e5f4e0d6b7d69f,4218
Test/Mftf/Test/AdminPageBuilderTabItemContentTest/CanAddButtonToTabTest.xml,e12ce9cf7a716acd171637b1156a3adf05c002d89e9aa233b72690bb83cf2572,3375
Test/Mftf/Test/AdminPageBuilderTabItemContentTest/CanAddColumnToTabTest.xml,21d3de25331d75a0220a1a6f4d806a0bec0828004d57c77bb138288349e0df77,4915
Test/Mftf/Test/AdminPageBuilderTabItemContentTest/CanAddContentTypeToTabTest.xml,5c726fe2f2bb6a678489e9b619637c479e974977632587894d3db2832ca4bd53,4018
Test/Mftf/Test/AdminPageBuilderTabItemContentTest/CanAddDividerToTabTest.xml,bfd1cf39e28b81c81dd160f09a67adebbc0e2fb13818940145616dc18e490572,4767
Test/Mftf/Test/AdminPageBuilderTabItemContentTest/CanAddHeadingToTabTest.xml,5260259b0ff8eeda731f88549b8adbf4eeeee28da34e50b55ff2db818f9d288c,3983
Test/Mftf/Test/AdminPageBuilderTabItemContentTest/CanAddHtmlToTabTest.xml,9b7deaa199b5ad99e6cf48c20f3e63bddb4bb5e08954407148a94e44f48b71e1,4201
Test/Mftf/Test/AdminPageBuilderTabItemContentTest/CanAddImageToTabTest.xml,d4e4bc15145925ce18fb677ece76fd5c5919de9ad1e06f82c92d20fb3cd01564,5217
Test/Mftf/Test/AdminPageBuilderTabItemContentTest/CanAddMapToTabTest.xml,8a7e3d2241c3613248c087655b28552f99b0ae185befe5d5e668665145dc8bbc,3535
Test/Mftf/Test/AdminPageBuilderTabItemContentTest/CanAddProductsToTabTest.xml,a9a2a6ea6a837de6fd5471c966b633fb00c356bceefeef823ad2798dc631df23,4709
Test/Mftf/Test/AdminPageBuilderTabItemContentTest/CanAddSliderToSecondaryTabTest.xml,1d9edad10d9736d939a42f8bd4e278ee864eddbb11b1f8e25473ede2322cb199,8817
Test/Mftf/Test/AdminPageBuilderTabItemContentTest/CanAddSliderToTabTest.xml,04d4b4ae87ca3c84fa519006dd4222073a020b529c1824940500394a7433f07d,5676
Test/Mftf/Test/AdminPageBuilderTabItemContentTest/CanAddTextToTabTest.xml,96ff3093a6c09c761f7b37de116b03b04b85bef4732fd83d60af532678876e34,4140
Test/Mftf/Test/AdminPageBuilderTabItemContentTest/CanAddVideoToTabTest.xml,ffb8a8bbc295afc867651eb7527b2f633f0b0e2e6351dc5f62e39295a421c1ba,5099
Test/Mftf/Test/AdminPageBuilderTabItemContentTest/CannotAddColumnToTabInsideColumnTest.xml,658ab1244061bbe38a2fcb5208c82910ba582610b41f2cbb5f9467d6ecbf5205,3385
Test/Mftf/Test/AdminPageBuilderTabItemContentTest/CannotAddRowToTabTest.xml,e85611708b3b68c39f8621afe98ee0bb90661acd79857882855548d8083a4dda,3068
Test/Mftf/Test/AdminPageBuilderTabItemContentTest/CannotAddTabsToTabTest.xml,59fd4c8d2c539f5f3429991211704ecec4b89b93f41573d0821d8f618ea120d8,2964
Test/Mftf/Test/AdminPageBuilderTabItemContentTest/TabMaintainsDefaultMinimumHeightWithContentTest.xml,9fe74e6f80f63c0e141701784eaf1678b4ee51e3ad52214aa14576652219d2f4,5116
Test/Mftf/Test/AdminPageBuilderTabItemDeleteTest/TabsDismissedCustomizedTabRemovalConfirmationPersistsSessionTest.xml,15faa57feb2682b4e02b489d6ca589c866b698f003efc28fb91369738dc31534,7450
Test/Mftf/Test/AdminPageBuilderTabItemDeleteTest/TabsOnDeleteCorrectTabBecomesActiveAndFocusedTest.xml,fc860a9dee6fdec2dfa7fd833f1438a211434a7f53067655edd25c1bb13de894,3916
Test/Mftf/Test/AdminPageBuilderTabItemDeleteTest/TabsRemoveConfiguredSecondTabWithConfirmationTest.xml,de9550df45d752c92fa71daae6eb631e2f92aae3191fb304f56b0ffbd9b1fe5b,4084
Test/Mftf/Test/AdminPageBuilderTabItemDeleteTest/TabsRemoveConfiguredTabsContainerWithConfirmationTest.xml,7d9d89030dc1db4efca34aa9bce017b4050f96c06adbb61b805ba121925741e1,3138
Test/Mftf/Test/AdminPageBuilderTabItemDeleteTest/TabsRemoveLastTabByDeletingTabsContentTypeTest.xml,4d6a4beb6cbd9cb43c29eb2c44989ef77b326bdb55ee0890ce976375ac793a2a,4476
Test/Mftf/Test/AdminPageBuilderTabItemDeleteTest/TabsRemoveSecondTabContainingTextWithConfirmationTest.xml,d293495302f407bf409d2071651108ae16bcd1f4fc0c47c2a7a30801cba9a192,4995
Test/Mftf/Test/AdminPageBuilderTabItemDeleteTest/TabsRemoveSecondTabDefaultStateTest.xml,e2954ea2dc750e234167037e24088e9f9375a86b4b56913051989b29d023045b,4533
Test/Mftf/Test/AdminPageBuilderTabItemLayoutTest/TabContentIsVerticallyAlignedBottomTest.xml,abe5dd9333adeee7a8f7d1b1f0f2932066a2c37f4d9b286324b0810b210d2886,5299
Test/Mftf/Test/AdminPageBuilderTabItemLayoutTest/TabContentIsVerticallyAlignedBottomWithMinimumHeightsTest.xml,56bbd5d2c4dd06389da81e28dfecd85d3e2189f9775d84eaccc441d333e6e6e8,5914
Test/Mftf/Test/AdminPageBuilderTabItemLayoutTest/TabContentIsVerticallyAlignedCenterTest.xml,e07e3c23f1029dad9c08bcdce5e03b08bda74d45d7df2fe6e6bfa9aa7249eaf3,5297
Test/Mftf/Test/AdminPageBuilderTabItemLayoutTest/TabContentIsVerticallyAlignedCenterWithMinimumHeightTest.xml,81272439636e0c0158209d3fc6eed9505fe5116ce02878e6c1817a813c52d99e,5910
Test/Mftf/Test/AdminPageBuilderTabItemLayoutTest/TabContentIsVerticallyAlignedTopTest.xml,81655fc5cf6a027e0ddc225a94710c38cddcc5e0eec9ccb9c36a7f01eda52e70,5255
Test/Mftf/Test/AdminPageBuilderTabItemLayoutTest/TabContentIsVerticallyAlignedTopWithMinimumHeightTest.xml,ae48218a06080b7efa1df8a239b6a0f09adcd49d225188b8c204744671f1a26a,5872
Test/Mftf/Test/AdminPageBuilderTabItemLayoutTest/TabItemMinHeightInvalidInputsTest.xml,c06538d66d4f7c54bb9b5505bac8b54b80c6e422ddebcce77924da381c79062b,4738
Test/Mftf/Test/AdminPageBuilderTabItemLayoutTest/TabItemValidateLayoutSectionDefaultValuesTest.xml,78b5f4db7c1b8e12671b7ce90f65cab1bbd2ab7196ec604f1d922830493ac042,6829
Test/Mftf/Test/AdminPageBuilderTabItemLayoutTest/TabItemWithBordersAndPaddingEqualToMinHeightTest.xml,8be97d283c76659909315bbcd13cdd57d5408b63fe9ab3eb49ead75edb7d038f,3278
Test/Mftf/Test/AdminPageBuilderTabItemLayoutTest/TabItemWithBordersPaddingAndLargeContentsGreaterThanMinHeightTest.xml,f5a983368442e8b631f2294bbec50f9992f0ae45a01809d8fd1a9f50d0dd97ba,4196
Test/Mftf/Test/AdminPageBuilderTemplateTests/PageBuilderApplyTemplateGridFunctionality.xml,5c6171473d1d6d1c27ec22bca5d1f6cde7d264a393045f3f753fd0285f1715f1,15971
Test/Mftf/Test/AdminPageBuilderTemplateTests/PageBuilderApplyTemplateMultipleTimes.xml,23c42b11859932628f47706e1f3b49e81f371d86f42868ef6e1d66e8bddb3e4a,5622
Test/Mftf/Test/AdminPageBuilderTemplateTests/PageBuilderApplyTemplatesPermission.xml,56e556a39eebd2ce257a5fdee21c26453320b3cff132e06eac1de5f6d839926b,7298
Test/Mftf/Test/AdminPageBuilderTemplateTests/PageBuilderCreateTemplateAndValidateTemplateGridData.xml,8ad62590c5be8f83963789a2b1f8ac88b74bf65413b00e25cea3af99af3a4bbd,4496
Test/Mftf/Test/AdminPageBuilderTemplateTests/PageBuilderCreateTemplateOnCMSBlockForPageAndApplyTemplateToCatalogCategory.xml,c49f47e0ff6014d10fbcc2bb0ae52db02f1ce92352eec2043de2cfe9479d9226,4930
Test/Mftf/Test/AdminPageBuilderTemplateTests/PageBuilderDeleteTemplate.xml,621749e9fd95f31389ce9ed76ba913cf550c1086b459cfa680f32f9e964cd245,3827
Test/Mftf/Test/AdminPageBuilderTemplateTests/PageBuilderDeleteTemplatesPermission.xml,dac6dbc9f9023ace6aefff3ca18322c9fc892e41674eb841a946e440f16ecf59,7304
Test/Mftf/Test/AdminPageBuilderTemplateTests/PageBuilderMustSavePageForApplyTemplateToSave.xml,279310c0db1607cfdd20e89435fa8e14fca1c5e0fad96b69985ca333169d3d3b,4637
Test/Mftf/Test/AdminPageBuilderTemplateTests/PageBuilderSaveTemplatesPermission.xml,ed54e875a94ce54eafb291ce217e1eb54c75572bf007952ef73c7e9e17273279,6443
Test/Mftf/Test/AdminPageBuilderTemplateTests/PageBuilderTemplateGridPageGridFunctionality.xml,035093c14f98de3c5d008ae591b6a769f475cb4ba17293a7ae98a1218429238d,20510
Test/Mftf/Test/AdminPageBuilderTemplateTests/PageBuilderTemplatesDisablePageBuilder.xml,c704132f40bc23747d72ba5c530271f92f9089722ba3b2aa99522ce3c4b84014,2352
Test/Mftf/Test/AdminPageBuilderTemplateTests/PageBuilderTemplatesPermission.xml,43c2a1f35d57a83130fdcd2227b94ad0f8ee46b396ec15bcc3c846937112a371,4183
Test/Mftf/Test/AdminPageBuilderTemplateTests/PageBuilderVerifySaveContentAsTemplateModalAndApplyTemplateSlideOut.xml,de68db9c091f914b3f0065babe056b5850edf13e2d1b9cf5fe98b4d9c348411e,16205
Test/Mftf/Test/AdminPageBuilderTextTest/TextAddLinkToTextInlineWYSIWYGTest.xml,f0c6d2ce0b11d90e52ae4add5163465a61db26366cebd24a8431b90e4899a5ee,2961
Test/Mftf/Test/AdminPageBuilderTextTest/TextAddTextWithCustomTinyMCETest.xml,b99a4fb8e422e59750aeff812820bee2f43c3abf0e4d4f0a55de21abfc99ddb1,4021
Test/Mftf/Test/AdminPageBuilderTextTest/TextAddTextWithTinyMCETest.xml,e87533b322de87c556f8be94296074bc414b6602dbf4f70f5cd47bde102bd094,5222
Test/Mftf/Test/AdminPageBuilderTextTest/TextAddVariableWithinStringInlineWYSWIYGTest.xml,1892d615ee687f52662f8b656fad368d6e83bbf503be0d39c3d82555e5c87215,5205
Test/Mftf/Test/AdminPageBuilderTextTest/TextAddWYSIWYGContentTypeToColumnOnStageTextTest.xml,981e6a976a1521ec608760e116c29e849603efb0a6a16eb54da02e3652cd7754,9467
Test/Mftf/Test/AdminPageBuilderTextTest/TextAddWYSIWYGContentTypeToTabOnStageTest.xml,dcfcfbc454bab1251374291733f9e7f01a53977fca95ad56335fff6a2481708f,9671
Test/Mftf/Test/AdminPageBuilderTextTest/TextAddWidgetWithinStringInlineWYSIWYGTest.xml,277665f3d245960d860837d0a0094965c9ecb36eed35b6bbfa20510911aaca51,5464
Test/Mftf/Test/AdminPageBuilderTextTest/TextAlignmentInheritanceTest.xml,d5083420df0c931da44b906ea4a3131a49facbf2f01b666669c3b2e09983e31f,6132
Test/Mftf/Test/AdminPageBuilderTextTest/TextAreaInitalStatusTest.xml,e35ab8c41b5da9a4082d860aa3d540b2f6d686267c9d14f22b53bd4c55270d94,3210
Test/Mftf/Test/AdminPageBuilderTextTest/TextCanAddToColumnTest.xml,5a669b657c29004ab1395971740871d0b2f6bd28069d81405f34c2624d816c5e,4469
Test/Mftf/Test/AdminPageBuilderTextTest/TextCannotAddToStageTest.xml,28c0f82665fca309e8a4394a8ce80c924d21aecad8a45aac727776a5dfc74cc3,1882
Test/Mftf/Test/AdminPageBuilderTextTest/TextContainingPageBuilderMarkupWontBreakStageTest.xml,05188984b365048ff57c1c9d1aff682d6383100005999b74fd82cfcc525da0f9,1981
Test/Mftf/Test/AdminPageBuilderTextTest/TextCopyAndPasteAllTextInlineWYSIWYGTest.xml,e06f1854845205c23683afec2468eb9bf88bd258c6f11e7f4151b8fac012787a,4053
Test/Mftf/Test/AdminPageBuilderTextTest/TextDataConsistencyBetweenTextEditorTest.xml,c32a3de979409050cd0432c19266e480d820b85c21576f46cc8bac5913564c69,10277
Test/Mftf/Test/AdminPageBuilderTextTest/TextDeleteTest.xml,5fcb941c96cc377241fec71541d56aaeeb9b9871ec5f414ce61d7ee2c5bea247,2085
Test/Mftf/Test/AdminPageBuilderTextTest/TextDisabledByDefaultWYSIWYGUpdateAdvancedConfigurationValuesTest.xml,2ce2df036a4e4369a332770bbaf672f0d8ac40756a1986d55fd5ad77f4f1c230,1856
Test/Mftf/Test/AdminPageBuilderTextTest/TextDisabledWYSIWYGAddImageTest.xml,a7052561f8dab22dc17185a973e29cb1831f9f1acee48c669e7c1016d398f711,5129
Test/Mftf/Test/AdminPageBuilderTextTest/TextDisabledWYSIWYGAddTextTest.xml,1b0244c64afdb8874fe61e8a21778ab61c346bf98a4d0778a5e76d64fc5fce49,5508
Test/Mftf/Test/AdminPageBuilderTextTest/TextDisabledWYSIWYGAddVariableTest.xml,723d6478c9c0297a2109a4c4d7a3f441534cbbcb4260a11bdbb9484f1d435427,6297
Test/Mftf/Test/AdminPageBuilderTextTest/TextDisabledWYSIWYGAddWidgetTest.xml,fef5f18f42210a19adfa0fe824f8fac790ec5a6f57b03881818d3a9e7f02099c,6317
Test/Mftf/Test/AdminPageBuilderTextTest/TextDisabledWYSIWYGUpdateAdvancedConfigurationValuesTest.xml,4f63e7625bc85a5d0ff87a0a8783588f1ea40fddc03819f11e735aa677e2f59f,1612
Test/Mftf/Test/AdminPageBuilderTextTest/TextDuplicateTest.xml,348576598e4aeacc131d8dad07c94878d2e654a3aabd2b56101a170e84f6491c,14832
Test/Mftf/Test/AdminPageBuilderTextTest/TextHasNoRequiredTest.xml,4bf301cd660c667e30310ddac0b57dcb9f2979f71b120a1f385f421f9009f223,2656
Test/Mftf/Test/AdminPageBuilderTextTest/TextHeightConsistencyBetweenStageAndStorefrontTest.xml,d13ab451dc7f490d010650f114857e0bb2282b397d807c09076f364fe23f8b52,3494
Test/Mftf/Test/AdminPageBuilderTextTest/TextInlineImageEditingTest.xml,e914c61d3a03c79648a89f81a66f1ea241fdee6294a5c39a3910515c9f7b71a1,5640
Test/Mftf/Test/AdminPageBuilderTextTest/TextInlineTextEditingTest.xml,0f52fd4cdbb1f628c34763a8509468da8d48e99dd08f2cfb86cfb42ab7ea915f,4127
Test/Mftf/Test/AdminPageBuilderTextTest/TextInlineVariableEditingTest.xml,442ad6aa861a32ac415016a776cff5a5a609b8d0c025c6eecde8e24bbb722b89,5533
Test/Mftf/Test/AdminPageBuilderTextTest/TextInlineWYSIWYGWidgetAndVariableStyleTest.xml,015a213ceed96f23efcfc9b580560294fddd607bfa6f40c7e3d30bd0f4d62583,7346
Test/Mftf/Test/AdminPageBuilderTextTest/TextInlineWidgetEditingTest.xml,99b11de1efdfa38a3c707f82ec463858eaa265970e7623f693fa13791828c8fd,5517
Test/Mftf/Test/AdminPageBuilderTextTest/TextInlineWysiwygUploadImageTest.xml,06eca4c07394cae33338501350c290e0cb09e6a0ccc536c575f485cd2f0a8b13,2506
Test/Mftf/Test/AdminPageBuilderTextTest/TextSaveEmptyTextContentTypeTest.xml,4d0e0220ed08d0b23bba424305eb693ae92e6492e849ed88286dca859999c03e,2932
Test/Mftf/Test/AdminPageBuilderTextTest/TextTinyMCE3OnTextContentTypeTest.xml,9171a803e96f8abd2fa22b9e6494306c85bc7bc59e417da8de43c58d2e594142,6092
Test/Mftf/Test/AdminPageBuilderTextTest/TextTooltipMenusAreNotCutOffInFullScreenModeTest.xml,68544b28efaf17c21dd4f62f1e30d467aab3514b5ea1249dbe42098f759cba79,5644
Test/Mftf/Test/AdminPageBuilderTextTest/TextUpdateAdvancedConfigurationValuesTest.xml,9b126a111b9cee26b2e93e8443482ec88580c48f604e564d82c90f852b4cbf08,11675
Test/Mftf/Test/AdminPageBuilderTextTest/TextValidateAdvancedConfigurationDefaultValuesTest.xml,27bc254afd55c1758aa29cba9a82a916e49889098dfbe84c413451a3643a891b,9649
Test/Mftf/Test/AdminPageBuilderTextTest/TextValidateGeneralDefaultSettingsTest.xml,574196055b56d2b07e06f684347e773811301e040ea3852cf51894ee6b68d7ad,4025
Test/Mftf/Test/AdminPageBuilderTextTest/TextVariableCanWrapTest.xml,53115ed570e9fb72b92fe197d4da2a4db214afcceb8cedfd5867a5232197ab91,5567
Test/Mftf/Test/AdminPageBuilderTextTest/TextVerifySelectionInlineWYSIWYG.xml,93a9b4debc417bb33d2466d73f06143821a32867ec24b2a005790df293d63396,7613
Test/Mftf/Test/AdminPageBuilderTextTest/TextVerifyTextAreaOnTextContentTypeTest.xml,cd6c55fed437e011570ee971b081e35e9c4c0ca5a4c8232eb6ad1d2f82ec66fe,5272
Test/Mftf/Test/AdminPageBuilderTextTest/TextVerifyTinyMCE4ToolbarOnPageBuilderStageTest.xml,6cca024c4583585d2219cd4a65ccf7de54303345828b18706cd2faa99de5b887,7162
Test/Mftf/Test/AdminPageBuilderTextTest/ValidateShowHideOnTextDefaultStateTest.xml,c78cac98d3aa994b3611a096228a60076e8ce6a8efbe8b80062083c0b61b597e,3841
Test/Mftf/Test/AdminPageBuilderTextTest/ValidateShowHideOnTextTest.xml,d3dc5d336575774a02f17de4ac4c71abe660ab5abc3b2dd1d944910811b373f2,5271
Test/Mftf/Test/AdminPageBuilderVideoTest/CanAddVideoToColumnTest.xml,b34e71d58f783f71b9c27aeb3353a4fdeb7410bcbdeca28540bedc46ced20ba4,5141
Test/Mftf/Test/AdminPageBuilderVideoTest/RowValidateVideoBackgroundVideoURLs.xml,85bfff3100b7df67ea05d63b4697f68bc61cdc646791729c494a752e8cad4060,9470
Test/Mftf/Test/AdminPageBuilderVideoTest/ValidateShowHideOnVideoDefaultStateTest.xml,bebaf212fa63bed483e7873093dfc510e92b5422ddf07234dbf8d03935982035,3801
Test/Mftf/Test/AdminPageBuilderVideoTest/ValidateShowHideOnVideoTest.xml,dc462b041d35f8ac1446cdf59f106366562f6ca8dc7ca2326da838bd4a4a934d,5071
Test/Mftf/Test/AdminPageBuilderVideoTest/VideoAddToCMSPageTest.xml,fd725a4b7929308b95a78cd1e8363648e757c920e545b1eb66ed5c1e0da0e2a6,4699
Test/Mftf/Test/AdminPageBuilderVideoTest/VideoCannotAddToStageTest.xml,e23144ac258489ff35e3ba50d5f78aa3617f5ecbdda91c33f9f73282e6ecef6e,1892
Test/Mftf/Test/AdminPageBuilderVideoTest/VideoDeleteTest.xml,8448837b45e7e34a880bdc5d14234aea33cc869259dfd42c88b5602e2d6b872a,4517
Test/Mftf/Test/AdminPageBuilderVideoTest/VideoDuplicateTest.xml,dc7ef852beb1d3d1212d10091102e015477069a36f23e2b08ca57bdc4a249c75,16675
Test/Mftf/Test/AdminPageBuilderVideoTest/VideoHeightRendersCorrectlyBasedOnMaxWidthAndAspectRatioTest.xml,85e56c74d075f7a3e5d7127bf07acd8cb1a8a88ef96b8b07c82ff6c91fae77c4,3976
Test/Mftf/Test/AdminPageBuilderVideoTest/VideoMoveVideoTest.xml,dfb7cf4035b0c64451d5e2ca63c2820bacb5c0c3f82f2c43f297393c617973f7,7616
Test/Mftf/Test/AdminPageBuilderVideoTest/VideoNonEmbeddedUrlTest.xml,9b9abab2c779b339fbc485fd4c722a3ab2d89c234797b766644c141e8779de39,3293
Test/Mftf/Test/AdminPageBuilderVideoTest/VideoUpdateAdvancedConfigurationValuesTest.xml,55fb70ac33875ba53afb124a5a5a81956a699dc140e0eac28f48d84828d51603,11534
Test/Mftf/Test/AdminPageBuilderVideoTest/VideoValidateAdvancedConfigurationDefaultValuesTest.xml,0dbb9c55a35d9f192663e341d57a3c2942331fedd4e861f774e7ace4458331d5,9619
Test/Mftf/Test/AdminPageBuilderVideoTest/VideoValidateAutoplayDisabled.xml,e14870df9c76a40c616e9194cc4b839e015ef4e367f6943f766fe007cea32206,4176
Test/Mftf/Test/AdminPageBuilderVideoTest/VideoValidateAutoplayEnabled.xml,6b2315dfc9b00cb2590e75746771928c6cc754ddc5d8eb0cd37f03e02be5578b,4335
Test/Mftf/Test/AdminPageBuilderVideoTest/VideoValidateGeneralDefaultValuesTest.xml,965ceddee14072afeb61107af6b0d915eb1c40ddc47f16a1f43514eaff1a8cc9,6165
Test/Mftf/Test/AdminPageBuilderVideoTest/VideoValidateURLTest.xml,434dc1a55113b29e669c7d3e92e2e1bfb960b2d2bb6f5f233c8e17c6e7b85d85,8987
Test/Mftf/Test/AdminPageBuilderVideoTest/VideoWithBordersAndPaddingEqualToMaxWidthTest.xml,d9f682c7452e79f896e51cbdf64f70e4ca09da33693a44b52b257d60922b62af,4756
Test/Mftf/Test/AdminStoreConfigurationPageBuilderColumnGridTest/StoreConfigurationDefaultColumnGridSizeFieldAppearanceTest.xml,8c6646b5f5441fc412fc61db1355d0fc179ad44905946f57d6631bc8aaf51e9b,2638
Test/Mftf/Test/AdminStoreConfigurationPageBuilderColumnGridTest/StoreConfigurationGridSettingsValidationInSystemConfigTest.xml,943b1caaf4609a2eab26543a79d5543a674c0d9e87882de388721a1809e08077,13018
Test/Mftf/Test/AdminStoreConfigurationPageBuilderColumnGridTest/StoreConfigurationMaximumColumnGridSizeFieldAppearanceTest.xml,1f51268acec0bb55909d026ae71b8162cb2778a479ac805afbf4c4a2a8ce44a8,2634
Test/Mftf/Test/AdminStoreConfigurationPageBuilderEnableTest.xml,ed25e0e866ca89163055f8cfe368c286c49dac9de688b51a3c122d570e05297e,4870
Test/Mftf/Test/AdminStoreConfigurationPageBuilderGoogleMapsAPIKeyTest/StoreConfigurationGoogleMapsAPIKeyFieldAppearanceTest.xml,e71f7cc2dfe82984ff44d4c7e47c15b195658f7559e8c43a16f741b10c202f21,3723
Test/Mftf/Test/AdminStoreConfigurationPageBuilderGoogleMapsAPIKeyTest/StoreConfigurationGoogleMapsAPIKeyTestKeyButtonChangesStateAndMessagesCorrectlyTest.xml,e6a5bdf08987b1f67ed4813c070157c38fb2e95346ab8faf72409d7215785a07,6960
Test/Mftf/Test/AdminStoreConfigurationPageBuilderGoogleMapsAPIKeyTest/StoreConfigurationGoogleMapsAPIKeyTestKeyButtonInvalidKeysTest.xml,b615f8b980f3309eb5d1470305330b11237ff759f645be5daaa6c1c8ba6e9b07,3294
Test/Mftf/Test/AdminStoreConfigurationPageBuilderGoogleMapsAPIKeyTest/StoreConfigurationGoogleMapsAPIKeyTestKeyButtonValidKeyTest.xml,2a56d3c3a90a0bd5e0ec03e375358c0babd2eaaeb5dc66d68e1c88d5a5e331dc,2131
Test/Mftf/Test/AdminStoreConfigurationPageBuilderGoogleMapsAPIKeyTest/StoreConfigurationGoogleMapsCanSaveEmptyAPIKeyTest.xml,e1577b5a4d4a6e873a527c0d1b2e8324cebc90b15cb2930df27591a77cf74980,2260
Test/Mftf/Test/AdminStoreConfigurationPageBuilderGoogleMapsAPIKeyTest/StoreConfigurationGoogleMapsCanSaveInvalidAPIKeyTest.xml,512ff764e182bcf86923efe892182e9bca9b3187f7beaa5c4035f941c94b446e,2296
Test/Mftf/Test/AdminStoreConfigurationPageBuilderGoogleMapsAPIKeyTest/StoreConfigurationGoogleMapsCanSaveValidAPIKeyTest.xml,361b428a51bc0ea4d0114bca9bb4d8d2663fef704c349b5aa8fe607656eb8d7a,2405
Test/Mftf/Test/AdminStoreConfigurationPageBuilderGoogleMapsStyleTest/StoreConfigurationGoogleMapsCanSaveEmptyStyleTest.xml,2dc7e93a1c15e483c8ee908e33c68966e132a7a1eacc4fff33d2df9864536762,2373
Test/Mftf/Test/AdminStoreConfigurationPageBuilderGoogleMapsStyleTest/StoreConfigurationGoogleMapsCanSaveValidStyleTest.xml,509385990fb98a06c63d4c1e2fb70fe636c7712de068d3ca4dcc16dbb7d8c14a,3247
Test/Mftf/Test/AdminStoreConfigurationPageBuilderGoogleMapsStyleTest/StoreConfigurationGoogleMapsCannotSaveInvalidStyleTest.xml,7dfb9cce522714b5fc719b0a3bff2f218420dbbede18947f75c76a6a479fde63,4881
Test/Mftf/Test/AdminStoreConfigurationPageBuilderGoogleMapsStyleTest/StoreConfigurationGoogleMapsStyleFieldAppearanceTest.xml,e67f26358703b5f26fb9b0248315ffc698d64dd1d37f0792e4458b8083deb872,3266
Test/Mftf/Test/StorefrontReviewWithProductFullWidthLayoutTest.xml,e2ea9ce9f99134503f809cd696b3f865e7104038f12f1a65b3bee10eda926d51,5099
Test/Mftf/Test/TinyMCE/TinyMCEVerifyCatalogProductsListWidgetTest.xml,cb67757471ca63c2ae7d799d5bee5c3e03995cfacb60dad3198b507999b6d7b2,7755
Test/Unit/Model/Catalog/SortingTest.php,efdc8127222e6aee1cec1f36dfd4b82acfa46c04e1d317353e260f831474cc6d,5014
Ui/Component/Listing/Columns/BlockStatus.php,78f876d69b2d6e30e2f58c2e35797cd4926183a17e1771a173d356a703b1fec4,1516
Ui/Component/Listing/Columns/PreviewImage.php,fb070c16c130994fe4dc3af0ac150217b8068d525b8e9a7dbaffb6c3eb34db07,2260
Ui/Component/Listing/Columns/TemplateManagerActions.php,154f901e7fb829bf01a873e6b98d3f663f3e6b63340ddbf60ded518260ed603c,3606
Ui/Component/Template/DataProvider.php,03e695050cb300b308d2de7212759b7359a22ae520d3c9b8301380d26e06d9af,2222
Ui/Component/Template/FulltextFilter.php,b1fded0d781c219d986ad7de90cd082d6fd9e3074216d317d24fc3ab6a1c83ed,1106
Ui/Component/UrlInput/Page.php,582f7b6d97fc686135e1014feabeba6d82e141a979ba1a04d88dc66435d56ec4,1496
Ui/Component/UrlInput/Page/Options.php,f403cd6910d87598a409ed4bc77e49e1b3b9f7807d3aa9e5354816660f19407b,1825
Ui/DataProvider/Product/Form/Modifier/Eav/WysiwygConfigDataProcessor.php,7564d3944d212d5a937d437ee5cbd275e0f24cb14fed516e069a5f6ef450a8ff,842
Ui/DataProvider/Product/ProductCollection.php,373b61b0e8edc13fcd3ddbe9dbfd808eeb47c164a7896f3bc184f26cea173093,775
composer.json,71e3951e1668bbba6fcd5f7022b9622a6097df53efa8c86e2472c99baa2669dd,1379
etc/acl.xml,7c3f6a67cdee51c3f9ae3bb9f1914003e92c99dab19c7f3de6b2845bf0a65b85,1170
etc/adminhtml/di.xml,9d39a8efc038a38ab2869ec18bf49fbec1b489939a6e21a14e5351ef9b4e255a,38393
etc/adminhtml/events.xml,c21150cbee2217056a701878187790c69237fddc460b0e2c34ac1ac6b0c3a234,466
etc/adminhtml/menu.xml,99a262c20bee9434f3563a37f9efd0fea5b4f8dd94263c7f870aade0c0ab042f,595
etc/adminhtml/routes.xml,4938dc87e397dd1ca4ddc646f88701908470b60352b188fded2fc70f8e78edd4,462
etc/adminhtml/system.xml,c361113bd6fb376d31a7243958a71b1b8c321251adf074f8fc69834a83b0d278,4174
etc/config.xml,f21d9ad11ef3b3e2e55b0daf1e2809b6eec5aa05c027bda57dfff329128b89ea,1217
etc/content_type.xsd,092bca30fef298b4a8835c13ce1d2d32ea563872cb97ba939fc1f50aaefd2c75,9905
etc/content_type_merged.xsd,afe1101c91b9046ab997f67b5ee82471eed96c1cc8b2c5f678d518ec138b1be0,9984
etc/crontab/di.xml,c29931c5b4780f4d20cf0416909dac62da0244527797018b505dd2ea59d60e03,455
etc/db_schema.xml,f5ff697bdbc36680af1ec1665db93cd4b6e653444c6830d5ddcb2a7f55a831e8,1794
etc/db_schema_whitelist.json,68ae95faaaaf706bb4f497d3cf8edc01e4f9aada7eac86b5e7130440557fd007,539
etc/di.xml,442cb0c8182a746b0a76bde865015f08ea007af3f6446e91072406db28f2e3c6,22730
etc/extension_attributes.xml,0366105c0429d433fdedd82e69589a8d7020659a3cd91dec00dc9b3fcae04c6b,457
etc/frontend/di.xml,a5f5260a500462cf7a79e9170492fed4d2777ece2cc78a49930717fcc230d4bf,790
etc/frontend/routes.xml,c26ae1d164ecab9f51aecc4f3d601a9d208e0a1ccc3768ce4250a2ca85554e4e,440
etc/menu_section.xsd,8f4da6b98e7d9893f9989bc5c3dd1321af0d2836d6d20a558493f4a177771892,905
etc/menu_section_merged.xsd,13dd2382735259050b73c9a9ca2a51e4d3e61065aaee9d3b10f571cd70a6b03e,905
etc/module.xml,da49b6147ebaf88c6ba9d6ce5dfe357928c5c2ca258afd74fe2f191fea33c11b,826
etc/view.xml,3e93414e018ce1d4130e9930c44b476d19cad687c9e55672b01510189c35cbcf,3072
etc/webapi_rest/di.xml,c29931c5b4780f4d20cf0416909dac62da0244527797018b505dd2ea59d60e03,455
etc/webapi_soap/di.xml,c29931c5b4780f4d20cf0416909dac62da0244527797018b505dd2ea59d60e03,455
i18n/en_US.csv,bfd02cb12d9852f6876fa654c2e96d2dd709b872f49971ce0c31a2597b61146e,14031
registration.php,9c9d7db368e2fef6beba57b466b7aa2b05db3f1cec05c18ddfb3e3bb536b847d,250
view/adminhtml/layout/catalog_product_attribute_edit.xml,98f3e1a2969658dab019e012192a415f9efee9063a20b5c7aff454ab5160858d,615
view/adminhtml/layout/editor.xml,d8695b19272a6bf97f7750745a71d01083c4f1206882b6b5c8cf3ef353ee6d69,1303
view/adminhtml/layout/pagebuilder_banner_form.xml,1ced5685696387c3ba77e7fd210b5491c4cd80b062b0bf828a1771a1ac747548,500
view/adminhtml/layout/pagebuilder_block_form.xml,b3564696086d09aec028376c5bde9b8106be449c5a29dbcf57a43248059f9c3e,499
view/adminhtml/layout/pagebuilder_button_item_form.xml,750a05a1a2dffa3ffb44cc91336ccb6d00658ee67c32e62a055ff01856748119,505
view/adminhtml/layout/pagebuilder_buttons_form.xml,c04ae16a36789c28db1aef547177a3d10e1f1235885dd31315db727b27143e96,501
view/adminhtml/layout/pagebuilder_column_form.xml,a73b69836afeb6811b553e79b64a02cb6a1e8d390185a23f542523ff410a3e6e,500
view/adminhtml/layout/pagebuilder_divider_form.xml,a97f09b180325c8416eb88324effa3fddacbb03eb77551990b31a7c8b10bb256,501
view/adminhtml/layout/pagebuilder_heading_form.xml,6c57c15e2e294af0edeb27dbbc3874af550d3340a6a83d58f9a92f9ffaa464f0,501
view/adminhtml/layout/pagebuilder_html_form.xml,0fa9ac5718aa9026a49fd1e3aa2ddcce15c3c52ef51ca9082d84b46d0a7caa45,498
view/adminhtml/layout/pagebuilder_image_form.xml,93145af2a56035c4990fdd25550f85d765d76813f0550d6bc7deb1bd8c45c071,499
view/adminhtml/layout/pagebuilder_map_form.xml,6fde90434a7ef80101f9d271903982faf97c4782bbdef4dfeceb982342d38c71,497
view/adminhtml/layout/pagebuilder_map_location_form.xml,00fba1036af8c067a1c156eb82bfe9a0403598eebcd554f0535a376944086138,506
view/adminhtml/layout/pagebuilder_products_carousel_form.xml,7f5711d68bde9bc40b3ea91a11f0ab6b45e25ecc077ac7ba922dffcba0065ce2,511
view/adminhtml/layout/pagebuilder_products_form.xml,f54cdba66e31e97966423959fc170b22f1197bbed3aaeddd5d4d52e92988252c,502
view/adminhtml/layout/pagebuilder_row_form.xml,1b337e85fbaa7f71167f2f257632c33676abdbcc90cbf2481593efca5a5b92a3,497
view/adminhtml/layout/pagebuilder_slide_form.xml,07057b911b18c71518a3807ff5c784beaf716e1e57c1dc1186b3e7e252064e21,499
view/adminhtml/layout/pagebuilder_slider_form.xml,5a5c87174cf38168e30180c74e0aff1ad18037ff37a8e46f0614314aa16d26f4,500
view/adminhtml/layout/pagebuilder_stage_preview.xml,7ec5a66562c380b6b3d293fc0bf7b2837f4f0ec6a88b1bb8616ba4537d45607d,495
view/adminhtml/layout/pagebuilder_stage_render.xml,7d324669009f0f8bd823dbb4d834b7dd8cc33a149deded2f0a6cc48e7bb58412,1255
view/adminhtml/layout/pagebuilder_tab_item_form.xml,27de20f8f700513726c3bcd9f887692325a541d36f0a929f6bd8b0b82ac3049a,502
view/adminhtml/layout/pagebuilder_tabs_form.xml,edfed4f072e0a372530a07379c956f21c5a18e0fd334d091cdd85cbc88a09d29,498
view/adminhtml/layout/pagebuilder_template_index.xml,e77be555faebe4fb5d4ec36496de7bbb4510331eff4824613a1519777aa78a07,479
view/adminhtml/layout/pagebuilder_text_form.xml,eae5abc5e40587726a0c93c8e118919b576d0e732c497f9c229edadc747e38c2,498
view/adminhtml/layout/pagebuilder_video_form.xml,73a2127f11697bfef1a485a8a7ca2bb1e91bba0b68b1d01d8ca746229ffbe806,499
view/adminhtml/pagebuilder/content_type/banner.xml,ece7445a244e8267a419b3482062072c1f6cb499666ae53200c250ee27284759,34766
view/adminhtml/pagebuilder/content_type/block.xml,1104d887fd5bf5e33c9176e6ca083d548c71bd035a7e62441ce70cde51116c03,3376
view/adminhtml/pagebuilder/content_type/button_item.xml,3f362a380acc7c3cfa86ee5d1255754a68a4a1d07a322350614455d1b7454458,4967
view/adminhtml/pagebuilder/content_type/buttons.xml,0af25f051760c2964e7bc83624d56495409f2cc569722a06c955f2a89d4d9a50,4932
view/adminhtml/pagebuilder/content_type/column.xml,5229fa961a02dcdba274dc6879ac076dfdefc900af65a1bf7d0018c22b781db0,17050
view/adminhtml/pagebuilder/content_type/column_group.xml,02250ff8b8ee04c4db5e97e021d72d2726317a6a88da9804f82c2c0cac2f3377,1868
view/adminhtml/pagebuilder/content_type/divider.xml,d9f0b6f1cea2bd4ad8a1890fffaf3cda4976cbe7fd315763c7f9fc9bf34fbf41,3050
view/adminhtml/pagebuilder/content_type/heading.xml,617207cfd0a4fa0c445f643ecf53ef0e85f22b9316d792ba5348f7820f696ff6,2784
view/adminhtml/pagebuilder/content_type/html.xml,53f0175d7e166f1a69d60fe45e99544ca10b336db5378fc9729bb0a702ec67b2,2704
view/adminhtml/pagebuilder/content_type/image.xml,8548951444826b3e259c12f97958209fbb2a52ac57639e48b799ad05c10c2058,7630
view/adminhtml/pagebuilder/content_type/map.xml,dda642f97d38b57db8020bcae7ae2a8adcdc474ce0359e29093ee20550eb423f,2958
view/adminhtml/pagebuilder/content_type/products.xml,0b65fb3b1a4f2a804d085616d4e76d5b1f58280df060dbc66048a564dba49a3e,6203
view/adminhtml/pagebuilder/content_type/row.xml,6a3451aaa4f4803da044b0909fef716ca260f6e1d1b7dc6a7b31d6aa738d2577,19609
view/adminhtml/pagebuilder/content_type/slide.xml,7bfbdb37d56c5d62bbef38298d551f249813682c95e9cb1a1fe0ccad5a6db12b,34404
view/adminhtml/pagebuilder/content_type/slider.xml,648e42e7f220e28481dde453e2e4a2a5e0b791db69dd85fae2120168f9b1bd0a,3380
view/adminhtml/pagebuilder/content_type/tab_item.xml,f93a90ffc8e3328b7f6a887c38d0a0421595947f3ad1a39aaf01e387d343e94d,4885
view/adminhtml/pagebuilder/content_type/tabs.xml,dd67c66cff8a445e6dde36338faa9476b931f4d925e57230c055b7d406f771cb,4637
view/adminhtml/pagebuilder/content_type/text.xml,580d26a817333efee4793253770c9c6520d9dada5a340abefcf6444f6928845c,2998
view/adminhtml/pagebuilder/content_type/video.xml,60ff6ebcf36274978833364d7af4c028e28242ae86742f73a55b64830004e305,3629
view/adminhtml/pagebuilder/menu_section.xml,30bb4a6f06471f5eba0dedbaf341a98babda207df9613e24c55bd0c9c9357214,634
view/adminhtml/requirejs-config.js,3d50c2a836b9325c529074f64154ee13512bd5c250b4033e20e27b172110d99d,1748
view/adminhtml/templates/form/element/conditions.phtml,e124e526cb831c3df2089605e5ba257129c5ff25ac36a77b4b3bac744a27750e,892
view/adminhtml/templates/html/container.phtml,c20499d82d56c5fc272f53ed67bb9290ae717f802f6a91e6caf4d933b357d5bd,170
view/adminhtml/templates/html/head/babel_polyfill.phtml,5d9f161526a5b51156fb73f38fcb3c969fe533f891cb9b447f9ffc9c48256cbd,311
view/adminhtml/templates/stage/render.phtml,9cfb129ccdb2895c12de1d2ea97e7cd31f9fc30668120f44ca0ed55dd195326f,1596
view/adminhtml/templates/system/config/enable_field/modal_content_body.phtml,5cca2be5b7b13a0324bb2ecbf061002c43f20620446846178e351bf6865acb46,879
view/adminhtml/templates/system/config/google_maps_api_key.phtml,d807f2259a23cda115361ced324d7e28e1c42bf4b864389c4f222c1afee7eac3,1071
view/adminhtml/templates/system/config/switch_attribute_type.phtml,49c120002f66e559392c02aa594525103a456c99619ea4866362bf60d70b427c,631
view/adminhtml/templates/wysiwyg_setup.phtml,6d02519ccbb0d2f24ac82944344b512f4ac1bb9dc8bdfe0fb72b5b45804f0470,384
view/adminhtml/ui_component/category_form.xml,357b8bccb5199e8373df286d649549a51dbd87e79925b81e21f69ae3d74096ee,882
view/adminhtml/ui_component/pagebuilder_banner_form.xml,58ffdf2d4f49dbedb930403d7775e92f05ec112d6816812b3a03a8ea02bc3fb8,14950
view/adminhtml/ui_component/pagebuilder_base_form.xml,0fb1c20924dadef9c651edb208f1e6e84d8ec3048dcf22e2dcdff574798d7762,10478
view/adminhtml/ui_component/pagebuilder_base_form_with_background_attributes.xml,f4a6c36c53ea8b7b436c85ff81c1a9d93dc4c7d41d88ae174fb4575445c6c47e,9909
view/adminhtml/ui_component/pagebuilder_base_form_with_background_video.xml,23705bb72919fff6303d5b2762df223d9381c9d1bbee16a62e660a6cab29fcaa,10493
view/adminhtml/ui_component/pagebuilder_block_form.xml,82aee7181e1ebcab5c211dc1e4de6b6a660b1fc7be1ee5b8ef9d5678b3f92207,7324
view/adminhtml/ui_component/pagebuilder_block_select_grid.xml,fd52fc785adb4cecbe3e2027088144d8ca370ece2e9ac600e0c3d4439f5dbf76,4218
view/adminhtml/ui_component/pagebuilder_button_item_form.xml,a214ea31005de477c0c673bfe98d5a435bdb928e8e1ae89dbd36c2e92b6d63c9,8245
view/adminhtml/ui_component/pagebuilder_buttons_form.xml,bdae35a1db977d71607da046e1bdc36ff35722fedd4879a0e8fb8fb1facc9347,5322
view/adminhtml/ui_component/pagebuilder_column_form.xml,8e8da5be144969feefdbdc97b05917fe6ad2a0cbb56fce00344091f19c0b2e08,5859
view/adminhtml/ui_component/pagebuilder_divider_form.xml,017e28ae6facd75960ef367b9439dfb3357b590c4f0c998ce60acb27637a33dd,6458
view/adminhtml/ui_component/pagebuilder_heading_form.xml,14543a9a9be27b6addeb85397e43e0650a04345fe3ba917146e804b6395583bb,6700
view/adminhtml/ui_component/pagebuilder_html_form.xml,19dabbf199b5461cc0f5d2a1724a2a8d5486769ba77b115b39cbfa78a8858871,4353
view/adminhtml/ui_component/pagebuilder_image_form.xml,00246d3953d257909aa602254a30618320d882a055d589d740304cbeb79b31f7,6611
view/adminhtml/ui_component/pagebuilder_map_form.xml,98cfb7ced216708d2f30fcb2b1c76c24ba26b3e67c0f6b7f3e6531d6fbd516df,15958
view/adminhtml/ui_component/pagebuilder_map_location_form.xml,cb0bc21de5d7193e4fdd594061db71480e046da6d7352775906a662e85e06823,8268
view/adminhtml/ui_component/pagebuilder_modal_form.xml,83c386110b9e405c2bc0b6be357f4bb5fe1e5a8008b16716426c1c3f1b4d40d7,2137
view/adminhtml/ui_component/pagebuilder_products_carousel_form.xml,a37aac2534a2b9c6a5889a682f3402b6233e52152e04d94644e79de0b3f1b149,10567
view/adminhtml/ui_component/pagebuilder_products_form.xml,5476ea378ce5d2df1a3b1c3f314c56b6e2b5a1d13561445c485a09017f814e10,13645
view/adminhtml/ui_component/pagebuilder_row_form.xml,49987d490c2763b67b4b5753e0c575efa683d08efbe57bd06a9c973d165d6f7d,8869
view/adminhtml/ui_component/pagebuilder_slide_form.xml,0fec0cc6e2a5d3a33291cb2ff6fa35f65ae894bbcf45348256525b7e9805f60b,15634
view/adminhtml/ui_component/pagebuilder_slider_form.xml,08f0e42373d02eb921431cedf05bf0b3c9092f16637255af664ef4a22f51a93f,9762
view/adminhtml/ui_component/pagebuilder_stage_template.xml,ac7f2b72b67ac7d39abb121c3ea22beb7e6db49a453b6e2cb2e8495736b5f167,3113
view/adminhtml/ui_component/pagebuilder_stage_template_grid.xml,3fb4041ad94b542df816815541e1c71564a8be7d216be42fad97235f2c3c56c8,5223
view/adminhtml/ui_component/pagebuilder_tab_item_form.xml,4b8a790b104db9333aeac1892255d1a912afb7cf1f524683e810624e6107afb0,6256
view/adminhtml/ui_component/pagebuilder_tabs_form.xml,e3f75f9e6b89b5ecfd5915a84e05be1900290fc79cc88affe6203917a9adf418,6176
view/adminhtml/ui_component/pagebuilder_template_grid.xml,27d39248d6715ffe5ca8475e00b7311016d7ac1b32277bfe2bfa16c4d27c97b2,5192
view/adminhtml/ui_component/pagebuilder_text_form.xml,0c4029c9e309ed53c1138df0e926aa22766587422dee74d5063573be4c3a33bd,4405
view/adminhtml/ui_component/pagebuilder_video_form.xml,130156efb5a01c17feb7aa32568997390e1cd193bc52d72d350c83f99a066938,5353
view/adminhtml/ui_component/product_attribute_add_form.xml,fe3e7aa3f4c7efa5985beacfb8b309717e47e760b69dff6611062f8cb6844765,923
view/adminhtml/ui_component/templates/edit_form.xhtml,5cca4d255baabd7b0c5d6598cfaa865a6a0eda723d008305af4888facdf035c1,444
view/adminhtml/web/css/images/cms-empty-row.svg,1f32f6d2bbecdaa4609d5e2c9f625672aff81d7c3b572d26f8c464792aa914ae,5273
view/adminhtml/web/css/images/content-type/banner/appearance/collage-center.svg,31738ab78853a376f3a95eca02ae9e17e112018597d40d748c8e00ce643b3ac8,491
view/adminhtml/web/css/images/content-type/banner/appearance/collage-left.svg,2c1e8a23ef118d4539125ede2a20cca3256cef3af32e435ed8e9ac9d15cec968,491
view/adminhtml/web/css/images/content-type/banner/appearance/collage-right.svg,6a3eab5bb4828bc95c83ccf7d5d085071da52cece288d1dbb2bd4f4389b7392b,492
view/adminhtml/web/css/images/content-type/banner/appearance/poster.svg,466ed61cfec884a3f98277780d9fd38cbc7991c348894ea80e2fee8e0c8a78c5,386
view/adminhtml/web/css/images/content-type/buttons/appearance/inline.svg,67b89cfedcca8289fe3885cd19ac7a7f87ec6393fd3ca4110468b9903390e38a,333
view/adminhtml/web/css/images/content-type/buttons/appearance/stacked.svg,4570c7c8fd1de31cba92bc82bfe8041cb86659c78e652348ca867ebca5604b83,332
view/adminhtml/web/css/images/content-type/column/appearance/bottom.svg,417197aadda6230fc38b4cf4e65bc67303856c0c7acf5ca11b6f6464f8398973,599
view/adminhtml/web/css/images/content-type/column/appearance/full.svg,bba5a8d832e2f1cf94b24874eee99abea2906790010016bf8427189ec5dab34e,589
view/adminhtml/web/css/images/content-type/column/appearance/middle.svg,88bd86428ac59abed94a0392552005e9f0ff45c2ffb54ed4859d2c45186a2e6c,599
view/adminhtml/web/css/images/content-type/column/appearance/top.svg,bc6f6925ce5e29be63616aa7f90c36e3067f5f67efc59820ee13a9b505eaa5ad,583
view/adminhtml/web/css/images/content-type/image/appearance/full.svg,50d82b9740a3fced8cc268f2c2893e256f20b497bcf2b85564a69848d6ae43ca,571
view/adminhtml/web/css/images/content-type/products/appearance/carousel.svg,825e8245c809683d153a7659a4c607e01101c4367f9e9662ab98355d482ae02e,510
view/adminhtml/web/css/images/content-type/products/appearance/grid.svg,641cc26338200582471988a052a2bd869a8f1015e03c09d847aac0fd69a11308,463
view/adminhtml/web/css/images/content-type/row/appearance/contained.svg,fd3c759d161a6d0c4b0ecf163172565e050725a52da1b06262589fc41cd53c92,859
view/adminhtml/web/css/images/content-type/row/appearance/full-bleed.svg,5fd5dd4e4cf55efa130158a771da9cb340a8f4f317545536669fbe792316d210,1104
view/adminhtml/web/css/images/content-type/row/appearance/full-width.svg,294f5806c0085253c8e29a0a023e8fba4e66578a39d15edc32e7cd96e13bb81d,1169
view/adminhtml/web/css/images/content-type/slide/appearance/collage-center.svg,31738ab78853a376f3a95eca02ae9e17e112018597d40d748c8e00ce643b3ac8,491
view/adminhtml/web/css/images/content-type/slide/appearance/collage-left.svg,2c1e8a23ef118d4539125ede2a20cca3256cef3af32e435ed8e9ac9d15cec968,491
view/adminhtml/web/css/images/content-type/slide/appearance/collage-right.svg,6a3eab5bb4828bc95c83ccf7d5d085071da52cece288d1dbb2bd4f4389b7392b,492
view/adminhtml/web/css/images/content-type/slide/appearance/poster.svg,466ed61cfec884a3f98277780d9fd38cbc7991c348894ea80e2fee8e0c8a78c5,386
view/adminhtml/web/css/images/form/element/visual-select/alignment/center.svg,478b00672a67f2a7641977aa600d1b0a03626ce28c0503273adcdc7fb7519519,297
view/adminhtml/web/css/images/form/element/visual-select/alignment/left.svg,86ed8ed4b69e657151dd75a7de68323f0f3230516761fe3369d62434f39bd135,320
view/adminhtml/web/css/images/form/element/visual-select/alignment/right.svg,928deb01df0eed7acccdec7274d99c2386c9340d5749c76fd263f1d3a73d12f7,300
view/adminhtml/web/css/images/form/element/visual-select/background-size/auto.svg,e1dac66d7eb6fa7c10f8081d349f8d2c7017b5b48928c20418b323f20e12bb6b,480
view/adminhtml/web/css/images/form/element/visual-select/background-size/contain.svg,e5ee27a380c8cf858cef1d4af9852b900cd01309301adb21ce1a59137530c52d,474
view/adminhtml/web/css/images/form/element/visual-select/background-size/cover.svg,c430900e6e5cef989b4db382c9de20b905f36a4ca2a88be2fe3571912b7da912,471
view/adminhtml/web/css/images/form/element/visual-select/background-type/image.svg,0aeccf401b44fa31b4dc9b7b3e3881cc2765a84b137088b075c7a48dfdc690ff,363
view/adminhtml/web/css/images/form/element/visual-select/background-type/video.svg,edb7907e28ccc4db9ff01eedca841fcbac9d23a0d78a0eb0db3371c35e9ca79b,991
view/adminhtml/web/css/images/form/element/visual-select/vertical-align/bottom.svg,2cb72b3206a93c80d0132e1e70605da18ad0334b55c11f903af7d570634e8438,357
view/adminhtml/web/css/images/form/element/visual-select/vertical-align/center.svg,3e08487adae24be83bc1cc0308cd55ec9fc17eaab7581efa9fee9543f0ead7b2,384
view/adminhtml/web/css/images/form/element/visual-select/vertical-align/top.svg,e7630cac9c74e5bdce6a68132b2dfaad3ed186cc34847dfe6753daeddb0963d8,347
view/adminhtml/web/css/source/_buttons.less,23dab46f7c7a981e4acbd606df056f6e2c482aa223159c4b6458b46e95618c6d,1521
view/adminhtml/web/css/source/_common.less,4b1111cfb41e6c1db08a4b297d9286211bf170f0902b16c5e2056d320a068b6e,981
view/adminhtml/web/css/source/_config.less,f646af7e4aa076c0ebbae1fb62c5feccd1f10ea1919cbcc917727c2d7b894f98,1252
view/adminhtml/web/css/source/_drag-drop.less,17e25dee7b86caee06f8673deb7a385ab5f7633a262840a2d93cc3834a0a57bb,1894
view/adminhtml/web/css/source/_fonts.less,9ca9840725b231f348f752359b86a7499073ff833b575c12a55c1d3212974134,1531
view/adminhtml/web/css/source/_google-map.less,86dbaf0d70f5f9585825671f1e354ed656dd8e700da5be534f7c8cac41cd20f3,528
view/adminhtml/web/css/source/_icons.less,844851eee56c37cc646cfce853584ae9b858d9503be3f8ff3f87bfce822a03ff,5128
view/adminhtml/web/css/source/_inline-wysiwyg.less,4180810c7784f1ecd75be4ec47fb17fb3dcbd2ad50ba71bc511986d147ea32ff,1667
view/adminhtml/web/css/source/_mixins.less,626f0f07af01b89ac982a13e8eed131ff27c7c28e1a0652db27e01e4e601e2dc,354
view/adminhtml/web/css/source/_module.less,6c1d20bb37f4e9dbdee7022e998c6b75e9452a05743e216940831711da99a188,1827
view/adminhtml/web/css/source/_page-builder.less,401957a066d834ae4b0d94f3755f20507ff04e70626e2436fa56f1d0663ade53,6294
view/adminhtml/web/css/source/_panel.less,9b07cc6181d885c74cedeff63b3a4025db59db7a1a9038c29f14ebff6507aa7e,8587
view/adminhtml/web/css/source/_template-manager.less,167bbf2afb87a3e378ec312a64ef776bb4b0f9e7cd63d8c13da1ee5a4ba1c75c,3397
view/adminhtml/web/css/source/_toolbar.less,1e0ef7a5ec0b1a7e5ffb647bdd7b6365be37e348ce8f98f12d6d6b2fa7ed9514,2830
view/adminhtml/web/css/source/_typography.less,da0453352a2a1cd0ddbe17e2fc28fa97d18b23776f3ef673cadf78e46f89dbc0,6041
view/adminhtml/web/css/source/_var.less,b1869ad1b37a9d93c19da084b6ce6f6c77540d1b4b10422ab0c0278d3d470df6,1662
view/adminhtml/web/css/source/content-type/_import.less,0268195b8a0b68fa2bb7618a7bbd44a87cac2cd545de9c88f97c15125eb1e6ca,863
view/adminhtml/web/css/source/content-type/_preview.less,e969562dd3ea65516f499bc9ed7009ec06883449d73745cedaa41cc275a603d8,15724
view/adminhtml/web/css/source/content-type/banner/_collage-center.less,49612bb3e142cd0f7591635467020b8214020fc00cb4a992780e7734e8f0582e,360
view/adminhtml/web/css/source/content-type/banner/_collage-right.less,33c2f5455a40711ecc5fe54dbb46fe6165f40c7ee1c8ad4897b85b7349cb150e,328
view/adminhtml/web/css/source/content-type/banner/_default.less,2d8bba521a783f3458f5e596d1ceaf0f1da6c343b8069ef94ea864e542cc4c85,3725
view/adminhtml/web/css/source/content-type/banner/_import.less,5c2c2b6b09675366306d130b4b889b79c1e7b5e3ff511d167429485fcaf84d1e,327
view/adminhtml/web/css/source/content-type/banner/_poster.less,08e8efbbde24e7526853d5dd5062af4cadf8cea3ae428f0ff4d47fd0b06ae94f,414
view/adminhtml/web/css/source/content-type/block/_default.less,9329bedc26d4098714a7e189ca13f16729669456aae21988191ae86e3bf438e4,1974
view/adminhtml/web/css/source/content-type/block/_import.less,2f3af225ab19ec048d91eef3bb1fdb72d582279d71332006d42846247bfe7fca,239
view/adminhtml/web/css/source/content-type/button-item/_default.less,1ac1b6c19969316ea67b719cf1de579445caab084cb8a479b8aa073f5b4c310b,2851
view/adminhtml/web/css/source/content-type/button-item/_import.less,2f3af225ab19ec048d91eef3bb1fdb72d582279d71332006d42846247bfe7fca,239
view/adminhtml/web/css/source/content-type/buttons/_default.less,916ed0e18c0518f050a0dfda65792eae7472a0e5e97efd5d7c4cacd9ecdc0536,379
view/adminhtml/web/css/source/content-type/buttons/_import.less,2f3af225ab19ec048d91eef3bb1fdb72d582279d71332006d42846247bfe7fca,239
view/adminhtml/web/css/source/content-type/column-group/_default.less,c296b21b269e4b97234c17c1021bb9da34ed995c7d9a63b0b657130ef182ef31,9645
view/adminhtml/web/css/source/content-type/column-group/_import.less,2f3af225ab19ec048d91eef3bb1fdb72d582279d71332006d42846247bfe7fca,239
view/adminhtml/web/css/source/content-type/column/_default.less,9e7431e430eab8ea2bee3b04c6aafd9c0fbc49e7e40cf4b0868baff840a82867,2212
view/adminhtml/web/css/source/content-type/column/_import.less,2f3af225ab19ec048d91eef3bb1fdb72d582279d71332006d42846247bfe7fca,239
view/adminhtml/web/css/source/content-type/divider/_default.less,5b0250e2151a7958f7b8c4ab569537834ff0cf589bcb36d1400a80bc42d68376,385
view/adminhtml/web/css/source/content-type/divider/_import.less,2f3af225ab19ec048d91eef3bb1fdb72d582279d71332006d42846247bfe7fca,239
view/adminhtml/web/css/source/content-type/heading/_default.less,49e8fa1116eae847d5f255e2dcd23ce35991c67239c544f4ac45d8b5bf496998,1579
view/adminhtml/web/css/source/content-type/heading/_import.less,2f3af225ab19ec048d91eef3bb1fdb72d582279d71332006d42846247bfe7fca,239
view/adminhtml/web/css/source/content-type/html/_default.less,8367b202eb683e2bb5c81cdb999a52c082f62a31264f4af8272f0d96104b4b04,1467
view/adminhtml/web/css/source/content-type/html/_import.less,2f3af225ab19ec048d91eef3bb1fdb72d582279d71332006d42846247bfe7fca,239
view/adminhtml/web/css/source/content-type/image/_default.less,47626f1159cb080e9189f0f8f3a0edf2d729adc3e4e69423ab7aa2854b981f8c,852
view/adminhtml/web/css/source/content-type/image/_import.less,2f3af225ab19ec048d91eef3bb1fdb72d582279d71332006d42846247bfe7fca,239
view/adminhtml/web/css/source/content-type/map/_default.less,778f740d8b9a8c91732889c044aec371cddc5bcebd2e72cd243878553028df17,383
view/adminhtml/web/css/source/content-type/map/_import.less,2f3af225ab19ec048d91eef3bb1fdb72d582279d71332006d42846247bfe7fca,239
view/adminhtml/web/css/source/content-type/products/_carousel.less,84b70fbd8b543f976e905c82f15375b2dbaf04ecca2a2e4320803997336a166f,2172
view/adminhtml/web/css/source/content-type/products/_default.less,3efdbbc634089d7db5677668598b42df0919c96c52f95670b3bda8e161552ef0,8493
view/adminhtml/web/css/source/content-type/products/_import.less,9a4ee4ea45489a100478115321677f98f9cc683b19728204b1381be899a147cb,295
view/adminhtml/web/css/source/content-type/products/_swatches.less,d2bc0a873fa1304e3eab3c5dc53bcc604ad48160800ecd35b169d3028f1e6e33,14478
view/adminhtml/web/css/source/content-type/row/_contained.less,57d9c2ef63f8bca720c2142731ce5bc6f84d09285626850c1e26c85bcf61f9d8,500
view/adminhtml/web/css/source/content-type/row/_default.less,7a38ad2825350cce61f00cc46e4ff7d3a06dc6781efd84ee884cb9f788ba3b0d,1383
view/adminhtml/web/css/source/content-type/row/_full-width.less,67641bc406aa2195d3fbdb81ae3b6c0c5e54e0ecd07f10d056060171d93ff468,401
view/adminhtml/web/css/source/content-type/row/_import.less,895f1963b573df2f64c119abf2043b14f7cc3616205094471f665f2956beb429,298
view/adminhtml/web/css/source/content-type/slide/_collage-center.less,aa39cd53c6eaf479c05ae9d0e3395313e4ed09d1428b4da3dd420138ba1706de,1179
view/adminhtml/web/css/source/content-type/slide/_collage-left.less,6c94d4449f49819fc8060b10baf3f40b1f4182f66e62fa0a315b99d00d89e1e8,781
view/adminhtml/web/css/source/content-type/slide/_collage-right.less,e401b2132e20ae07b2997762930881f3a127a2d6b428e9767104e4aa443ab6da,1059
view/adminhtml/web/css/source/content-type/slide/_default.less,50961fe2efcc8500e306158d3e45fd1bce06450d809bd7b946ae6220f976ad8d,4507
view/adminhtml/web/css/source/content-type/slide/_import.less,68a0ff4115ceefd2503c9b636ccc08385a17e6230951eb4192514b7b111db25a,359
view/adminhtml/web/css/source/content-type/slide/_poster.less,b2ce9f133c5e6d1c3d724ca81ac37dfd9d77f0e18be8da1b1808434429be2043,1042
view/adminhtml/web/css/source/content-type/slider/_default.less,d5e2eddc3beec48508a1f2dea0e8a99fbb221e744932f121cfd3d8e7a1ea15bf,11102
view/adminhtml/web/css/source/content-type/slider/_import.less,2f3af225ab19ec048d91eef3bb1fdb72d582279d71332006d42846247bfe7fca,239
view/adminhtml/web/css/source/content-type/tab-item/_default.less,8317ac7c7e4c063b60b0687e5886ef1c520092b7ce970626416e4ed7bff4e1bc,1023
view/adminhtml/web/css/source/content-type/tab-item/_import.less,2f3af225ab19ec048d91eef3bb1fdb72d582279d71332006d42846247bfe7fca,239
view/adminhtml/web/css/source/content-type/tabs/_default.less,bc6100e7403366dadb0b16ece0acf2001681a90c2164939f46819900e957b977,5962
view/adminhtml/web/css/source/content-type/tabs/_import.less,2f3af225ab19ec048d91eef3bb1fdb72d582279d71332006d42846247bfe7fca,239
view/adminhtml/web/css/source/content-type/text/_default.less,9322842495f32d0d379a2ba456c9648721397a1b911da7786d9af9c70cf7cd37,1310
view/adminhtml/web/css/source/content-type/text/_import.less,2f3af225ab19ec048d91eef3bb1fdb72d582279d71332006d42846247bfe7fca,239
view/adminhtml/web/css/source/content-type/video/_default.less,46ee796244dd11f3fb635498bcfab00200a1a80b486368ed81acb6fb76681af7,1156
view/adminhtml/web/css/source/content-type/video/_import.less,2f3af225ab19ec048d91eef3bb1fdb72d582279d71332006d42846247bfe7fca,239
view/adminhtml/web/css/source/form/_import.less,48b07d5dff5c8d2dcb6c785d39238374eb6be639d5419838201cf4d583df862b,282
view/adminhtml/web/css/source/form/components/_dynamic-rows.less,ff3e3b9b100a0d91cefa681df3bc19944b04f248a725576553d76ceaf71f7cd9,341
view/adminhtml/web/css/source/form/components/_import.less,46a6b56d1e6857ad93dde8b773bdcf1496c0cb4275d38ce2c03d41e94cf10ba0,245
view/adminhtml/web/css/source/form/element/_container.less,b93c46db4a6793ce6137b2290d7265c75621fb49c39ed1b0eba6d2d1695dab24,288
view/adminhtml/web/css/source/form/element/_import.less,73273c63141c8bba98151a54e6a8f213f4826c28c0dceabd25f2d3575d8c2b1a,403
view/adminhtml/web/css/source/form/element/_map.less,e8831bd9b172ca360b408eac5421b7b99ad58612ddbca557727ec7566f4a2b25,593
view/adminhtml/web/css/source/form/element/_margins-and-padding.less,8029d629a72341ef43cfc87eeff3814d19bd45394176a0abe16b53661a31c775,4141
view/adminhtml/web/css/source/form/element/_product-totals.less,cb890fb682b5193223d955ff2beab68e564a7c18f1052ffbb1d7e1de090fa0ab,175
view/adminhtml/web/css/source/form/element/_visual-select.less,c202dbd94c84ecfa64909b900ef9dc758965104694c46fc7da09acfc7e6eae45,2094
view/adminhtml/web/css/source/form/element/tinymce.css,87bde2d67ee04378c34cc47478cad85b60ae1acc31572cfa42d23de1771bb41b,3338
view/adminhtml/web/css/source/form/element/uploader/preview/_image.less,da45f39d1fff2dfc1cfcc3d85d2ee7480d39454fefd0b1e9632930b46a2b6e08,4538
view/adminhtml/web/css/source/grid/cells/_single-select.less,1108ca38603abe26cbe1b3a63efdef727bdd68dc10ecc5d878ca40e0df26e068,299
view/adminhtml/web/css/source/modal/_dismissible.less,2fa7e63a07f8e6bc1d9d20d0352be629ab449f061b858ec92a2ab46695752885,305
view/adminhtml/web/css/source/slick/_slick.less,997494caa4d956bf8f7ea683deeef016d89f0447a00fbc880819b233efad865c,3302
view/adminhtml/web/css/source/stage/widget/_import.less,379ca1e343190155b8d821a888d79c9766361acc2eec15ed8a97980e7b1a30f7,254
view/adminhtml/web/fonts/luma-icons/Luma-Icons.eot,bd093cfe79bf18dc0b0f356ad4d3c1ec4ed859753df42036f8718ace2b7f19dc,6944
view/adminhtml/web/fonts/luma-icons/Luma-Icons.svg,5dc6e44d344ba5b50c9cd455123549b00ffc9bcad58b2f5682b54a7c3fdfecca,21747
view/adminhtml/web/fonts/luma-icons/Luma-Icons.ttf,bb7676ea37750f9d59ff16206130f91f19a1fbb8c9ebfadf14dac43f71e4f62a,6768
view/adminhtml/web/fonts/luma-icons/Luma-Icons.woff,65630e7736248caa786f74c77576162df1ecad79dba7246d8f6e4f871f9d02a5,6844
view/adminhtml/web/fonts/luma-icons/Luma-Icons.woff2,811c13b5ffa267fe2b53adbf1d40cc42ee7cffa7374297297159d629051fcefa,3272
view/adminhtml/web/fonts/luma-icons/selection.json,747b0a1bd695991e2d803e5fe0eb132de221e518f52009c09e7b8dbb2fb4d55c,47939
view/adminhtml/web/fonts/opensans/bold/opensans-700.woff,a0357cb694b5284870c77c0dbcaf33f238004800419288afde313317b0dbd0b7,22432
view/adminhtml/web/fonts/opensans/bold/opensans-700.woff2,796de1bd57056646e70e7749841a0f1f15043f263e63cd41f252e238e3a40b1c,17668
view/adminhtml/web/fonts/opensans/light/opensans-300.woff,a1cb81c9f07f1f399db66ec188c02a1c74bc382df9a8550ab8091aac93dff8a2,22248
view/adminhtml/web/fonts/opensans/light/opensans-300.woff2,69fd4fd58ab3812b5b43a91478b13191fee58a0a438a5901345c89ea4991e9ca,17436
view/adminhtml/web/fonts/opensans/regular/opensans-400.woff,22e7a1b10c110072f5a0bfd16e2197a76b279ec879bcce8978fada1dc9ee5d40,22660
view/adminhtml/web/fonts/opensans/regular/opensans-400.woff2,b367d278abdbff97dcca334e31b1714fae2f7922f2347c5e76a6fd2c67f15079,17848
view/adminhtml/web/fonts/opensans/semibold/opensans-600.woff,26b216fadb2ffcd542ca56c2d84f9918f62e40de89bf88b4211fffacd2a4ad83,22908
view/adminhtml/web/fonts/opensans/semibold/opensans-600.woff2,e970869c33bf34e4efdffeed811711d5e1d3956d08ed64a85865d544099b3395,17980
view/adminhtml/web/fonts/pagebuilder-icons/pagebuilder-icons.eot,fce6a2c67807343f2ec9477ceca2c21530dc320bd913de7b1232705b5c1be1ed,5760
view/adminhtml/web/fonts/pagebuilder-icons/pagebuilder-icons.svg,269c20ae5844a560b5fe659456bf37443b91ee456ff88648c13a4213ea2c349a,17734
view/adminhtml/web/fonts/pagebuilder-icons/pagebuilder-icons.ttf,1a57de83cde70cbfe830848414cdfcb028b9769a6923d3b75abb8b0e9629eca5,5596
view/adminhtml/web/fonts/pagebuilder-icons/pagebuilder-icons.woff,99e18517fbccb7d481fc5c6d15bb8a4a5d747ed5d80e2152b0c27cfe74ad01ee,5672
view/adminhtml/web/fonts/pagebuilder-icons/selection.json,17d5521bf100a8587e51f3f332abc4a71fc22d1a82347aad1ed253a44c0f7919,29115
view/adminhtml/web/js/acl.js,2252f45acf007fa399d50dfe3108bb1b2e7ab34e8d3681a71326471fcd7ef8b1,557
view/adminhtml/web/js/binding/draggable.js,2d4f1dce3196041fe2677f4d04c961340de7e8fb26dc2978e92d53a1adc39939,703
view/adminhtml/web/js/binding/focus.js,21da55f45372c951ea51ef98e6d0a7fa1fd1426314e0949520d94b15ec09bb8c,809
view/adminhtml/web/js/binding/live-edit.js,1e2edd9c9872774f751c0e4e5cb94385b9bb9d0282adeb63068d71a8a463dd41,8791
view/adminhtml/web/js/binding/sortable-children.js,acd8d12875a2e09ff2815121d17409afe5f0484e6d91202d86d951fd116b13de,2792
view/adminhtml/web/js/binding/sortable.js,f818bfba5d327858d923b6e0ff3beebb2d75f6fc5807a03526e30cc0a98f5750,974
view/adminhtml/web/js/collection.js,6a3eb23de956647ba17638739414192366ebd44649ff13e9d81408ef074195fe,1698
view/adminhtml/web/js/config.js,09a33aacc4b75635d9a0c9e1e45bda360e31959fab082ab5cf598db44402cebc,1853
view/adminhtml/web/js/content-type-collection.js,7edb25daf476b80adc04d050038dccf25f4ac3076316dce76cc9cc7c296c0055,3907
view/adminhtml/web/js/content-type-factory.js,421675076463f03c5b55d610456886ee1c442b370e56572143e2bc4183877c25,4803
view/adminhtml/web/js/content-type-menu.js,df96da3030ac95a4bb936d75ab8d8eb93bad2371590bfe6d033241cbb9ac6234,2139
view/adminhtml/web/js/content-type-menu/conditional-remove-option.js,133c76953eaf13caa0a8e68e5de9983105cce1cf474b6d1a1f8cba2e12a3568f,1198
view/adminhtml/web/js/content-type-menu/edit.js,69612ad260b5d0ab85592cdc6fd96bd3ae48bfdc64f4c33feb3e02e6ee6cd6c0,2288
view/adminhtml/web/js/content-type-menu/hide-show-option.js,0b6dc8eb039078cdb6cd3707710689f6c8de0a32527c3dbe68ada465022d4896,1975
view/adminhtml/web/js/content-type-menu/option.js,b77006b222eb0971dae7a2090876c04f36cc0854e7973712020d025ef46a1901,2448
view/adminhtml/web/js/content-type-menu/title-option.js,8602ecd9cd8a3523df8d45ea2869ebe4f9d9d47bada84a8409be6dd6debe8369,1008
view/adminhtml/web/js/content-type-toolbar.js,82780d7b6985a9966be1523d0387af5d14d9c6665f25cc701a8345bb9de74f50,5064
view/adminhtml/web/js/content-type.js,0ec675bff581532ca7b7eeebed1d29046611be030611453b0b31b8e76fd7db75,1962
view/adminhtml/web/js/content-type/appearance-config.js,119053d82089f1c51794c32707b49750ab8da8672db6d5a76cca5c035ddf0342,1014
view/adminhtml/web/js/content-type/banner/converter/attribute/overlay-color.js,6fc4045048a80cff768a763584a906f42f0659fd23e60a0aecd281cd90ad7f16,970
view/adminhtml/web/js/content-type/banner/converter/style/button-opacity.js,74a1fa50fdfa42fc54fde5ad5da9dd24cd5b6098a271b8ac5f943a228749bfb2,897
view/adminhtml/web/js/content-type/banner/converter/style/button-visibility.js,416bde94b0479515070077980240978639af9c2212da95d1d44c0175fd82651e,926
view/adminhtml/web/js/content-type/banner/converter/style/overlay-background-color.js,3fbcd6e51bc68c0daa586fcca0c59906fc77e93a7ada6db44215302e4445e9db,1123
view/adminhtml/web/js/content-type/banner/preview.js,c5659e367fd5da2be785c3d17dce9fe0bd1543bbd091920d38676932c2e58f63,17168
view/adminhtml/web/js/content-type/banner/wysiwyg/tinymce4/component-initializer.js,e959ef18157025632bb8de2fc5729c49e5bbfb538c282877c36bb3274eff3f10,2058
view/adminhtml/web/js/content-type/block/mass-converter/widget-directive.js,a54bc5b0cab8a515b7931d18195acc34b1d27cb562bf5d8d9cbaa6674d2c887b,2042
view/adminhtml/web/js/content-type/block/preview.js,4909db092667982fbff599e55fbca9fcc0b646c484a4c6855d8653fb7e4d3f8a,6542
view/adminhtml/web/js/content-type/button-item/converter/style/display.js,f85c2adfb8dbba4f797273a4683d5aa59efc9daf9865615f773e80500fcd7e5c,1131
view/adminhtml/web/js/content-type/button-item/preview.js,e87a4483f5ed060e27e70d67339d21ccb89679b3a97b2ba0c144d01ed12d3f97,5071
view/adminhtml/web/js/content-type/buttons/converter/style/display/boolean.js,2aca385cf5753641a8c9ab01ce67ffec16a90cc7d7fc14d288cc2433f29b9f13,1123
view/adminhtml/web/js/content-type/buttons/converter/style/display/flex.js,92569ec8421bbd279b217e5221ad4ee0bf072472ec2e93ae9e6c1e0abd2d7d9e,1105
view/adminhtml/web/js/content-type/buttons/converter/style/preview/display/flex.js,a893779a71cfce164d47eca74d0741ac9f72f3ecfe96362ee341ba64dc8b96f7,884
view/adminhtml/web/js/content-type/buttons/preview.js,5bb7619f4790a6a9e95775bd993bc9c2089d6d575d4904f81e9664b85f4c68c3,10395
view/adminhtml/web/js/content-type/column-group/drag-and-drop.js,becb5182a1ffdb079f38faaf97b5c0830d20e53f60550b5e16477cd099602070,1305
view/adminhtml/web/js/content-type/column-group/factory.js,6ec09d66a50b5c83458dd13e175ed69a4dc4fbdf0f8a5796160e2e1f6a813297,1002
view/adminhtml/web/js/content-type/column-group/grid-size.js,a0f01f0b515d139dc8c51cdc4802af062eea8dfd3e94eaffbb1c5b2c68321003,12349
view/adminhtml/web/js/content-type/column-group/preview.js,931cbd7e2b259c331b6cd899cec47287d73b39b6171db01c18017fe4f911ad8e,38321
view/adminhtml/web/js/content-type/column-group/registry.js,15264c0f0f3075a023859e64ed0266be76addf24062b4348ad947ca24f62244b,824
view/adminhtml/web/js/content-type/column/preview.js,3a7e016e9b1ec399da608a6743097ef1a6df60ce03f8e3e46245653292313d32,11613
view/adminhtml/web/js/content-type/column/resize.js,cd03c29c8f08622159424c873e7319fc2e58b1d5d483a9fcc40eeeb28504fce3,15534
view/adminhtml/web/js/content-type/converter-resolver.js,98d5a590886777558222acbb15ba4b4a1476f7c6f01694149fc4578a36913a17,405
view/adminhtml/web/js/content-type/divider/preview.js,7537345a0a94ef98b65f221e1446046d48668d6903f78c633511c4dc256cf0d5,1364
view/adminhtml/web/js/content-type/heading/preview.js,35aeadeb1573c2fdce9b99a2ba2f3047253beae3a20cfe47fbf7369f33e7acd4,4591
view/adminhtml/web/js/content-type/html/preview.js,7537345a0a94ef98b65f221e1446046d48668d6903f78c633511c4dc256cf0d5,1364
view/adminhtml/web/js/content-type/image/preview.js,b5b48af6b65de0da70e5970c6997b87c6bc10bbb7b0c0ff1ca3a94f8442e2552,2451
view/adminhtml/web/js/content-type/map/converter/attribute/locations.js,25c0eb28334156d42339582ae6fd76f3b32327d9329425f7186df499f7c038e5,1505
view/adminhtml/web/js/content-type/map/preview.js,6bde546f5760bbe7ece31abf741ea5d63377f4b3b4d61ff0e7fd94bc96dec3b6,4569
view/adminhtml/web/js/content-type/master-collection.js,4b5729fdca3c0c545b94ed3bb0881126383dbcf745b50dde8ab13f3ce84fef87,1568
view/adminhtml/web/js/content-type/master-factory.js,b65286f976e716fe69f9ecc34cbc396ff1cc27072de1f3b1047f098fd52ffedd,1635
view/adminhtml/web/js/content-type/master.js,a7717432500f2760f3c1e9d731264638ed8219a85fbbe89039a5bb337c5e1bae,3362
view/adminhtml/web/js/content-type/observable-updater-factory.js,a7d8073a58e345253274282509deb903c7e111af9532a678b83567d35d4bf64c,1246
view/adminhtml/web/js/content-type/observable-updater.js,1492b19d3c79781c79febc542e2f7e6cb4aeecabdbb085ad7d87ad40f2ee4b86,7077
view/adminhtml/web/js/content-type/observable-updater/attributes.js,599bd9b57475bb89f7424ef3b46198f9faa63b7cdf0692f9b15707f26cf1e533,1615
view/adminhtml/web/js/content-type/observable-updater/css.js,7c4f3ae44521f5c27ca8cf2bbb42c44f28faa825f8811e8114f04d459b25efe4,1083
view/adminhtml/web/js/content-type/observable-updater/html.js,57cd46aefa80fe7e8508f9279c7a3b22c1c648ee1322167c6ccfe17a650eb968,1048
view/adminhtml/web/js/content-type/observable-updater/style.js,384491d39063e8c94dad44b5ad2851b6f428995c4c1b92c31f6e8f899aae9926,2671
view/adminhtml/web/js/content-type/preview-collection.js,3f797fc63420d9119af20064115b03719c70cf0157430f849de9230e43772de9,4517
view/adminhtml/web/js/content-type/preview-converter-resolver.js,4c86f2e32311b14c3d44821709ca622b8a354af5620a15a42ebccbd0b0367bc6,472
view/adminhtml/web/js/content-type/preview-factory.js,945edbaafad86a296874e41dd47fa14f0418932050e0b00efe52414c191521d4,1681
view/adminhtml/web/js/content-type/preview.js,00e20ee3eb1ac3abcdbefd89efbe05303f46af1db270436b7875562cb43fda0d,20482
view/adminhtml/web/js/content-type/products/form/provider.js,51fe9bb5ed7a9889128b7ca003a38892a629df9ba8363e93deb917f57c57fb75,556
view/adminhtml/web/js/content-type/products/mass-converter/carousel-widget-directive.js,269dac1f893e0e89b7f29665d70279dedb145a7cbc8c267f0ee21170c1739450,3576
view/adminhtml/web/js/content-type/products/mass-converter/widget-directive.js,07338ecb363ba5248349d4043fdfb1febc58a14d8470dd200217cceedd799028,3535
view/adminhtml/web/js/content-type/products/preview.js,c38be1cbf0014f755be8028ab155e0ed504c3b7e371f7e775b2a43df8e0ca875,6947
view/adminhtml/web/js/content-type/root-container/content-type-collection.js,f247e30d30953d8a760da3f135eb363caa778492e39584ea7012d63893043c3c,1375
view/adminhtml/web/js/content-type/row/appearance/default/widget-mixin.js,ca060fa8d900f6e0ed4eb1f74185c6de5b3363063dc416f122e6194ece9aaf4b,1176
view/adminhtml/web/js/content-type/row/converter/style/margins.js,001fb6f92d4566fa2e6ae0806796c957c0ced9d91930c75fe52ff3efb0ccfce3,1416
view/adminhtml/web/js/content-type/row/converter/style/paddings.js,54518833de414ec7aca12ddda54b24d2a6b4fb97f04bca2e9c2f7519e9fcd340,1416
view/adminhtml/web/js/content-type/row/preview.js,27e9f1e28cc2bae2fa1f1a201c978e4a0d69a7202c55c14f53bd48573a00ba1c,7117
view/adminhtml/web/js/content-type/slide/converter/attribute/overlay-color.js,6fc4045048a80cff768a763584a906f42f0659fd23e60a0aecd281cd90ad7f16,970
view/adminhtml/web/js/content-type/slide/converter/style/button-opacity.js,74a1fa50fdfa42fc54fde5ad5da9dd24cd5b6098a271b8ac5f943a228749bfb2,897
view/adminhtml/web/js/content-type/slide/converter/style/button-visibility.js,416bde94b0479515070077980240978639af9c2212da95d1d44c0175fd82651e,926
view/adminhtml/web/js/content-type/slide/converter/style/margins.js,07083a602b9eb6016167b2491390daec3248bc9621096a3c0e7634048d889974,1771
view/adminhtml/web/js/content-type/slide/converter/style/overlay-background-color.js,3fbcd6e51bc68c0daa586fcca0c59906fc77e93a7ada6db44215302e4445e9db,1123
view/adminhtml/web/js/content-type/slide/converter/style/paddings.js,6aa10ccf2586e9a3fcf05b80caffc12b71930f34a2b78b938971f5b5a4c6e7c4,2074
view/adminhtml/web/js/content-type/slide/preview.js,277a420750b8d2578f37adfc370078b5b7fe3e4e7f9ff88364e963eb45ee1910,18948
view/adminhtml/web/js/content-type/slide/wysiwyg/tinymce4/component-initializer.js,1bba2344ccfb705b6a444dab420cdf654cc6142dbb37ba9b588c8c304a5e53ba,4305
view/adminhtml/web/js/content-type/slide/wysiwyg/tinymce4/config-modifier.js,b2f3012809a983b843e2b1c892cef86149ade9e33b82daaf04274375e99dddf7,782
view/adminhtml/web/js/content-type/slider/preview.js,98b7ed6e99a1a9ba9b748677d62d73b42f9a0c8788fcb16fea223a72f7d2c59f,19485
view/adminhtml/web/js/content-type/tab-item/preview.js,77e205a31985a8fd9a10395b05fc1aaf92b322f9bfb5321a8d1fba7909e66538,4136
view/adminhtml/web/js/content-type/tabs/mass-converter/header-alignment.js,83413a9ed334436950337d926051f59fc132db0cb49be8fa131150cd4410ee56,1169
view/adminhtml/web/js/content-type/tabs/preview.js,28cc134c5540d1bf0d08fcb4b6eeda5ea51b19e61f2cbd5e8ca99e3375b11948,17934
view/adminhtml/web/js/content-type/text/preview.js,6285a5c7a27b6f608daf5e34a835a4540f61371a1ed3955cea2b5a10f8273bbd,10909
view/adminhtml/web/js/content-type/text/wysiwyg/tinymce4/component-initializer.js,e959ef18157025632bb8de2fc5729c49e5bbfb538c282877c36bb3274eff3f10,2058
view/adminhtml/web/js/content-type/text/wysiwyg/tinymce4/config-modifier.js,c918a3891dfe9be222319d823d0f61047e0ea1d7824f53f165eb829dd234ed1c,814
view/adminhtml/web/js/content-type/video/converter/attribute/autoplay.js,187eb5260e431a3a3b0cea7d0b779177dde15275c0d5d76dc04ad22db591f1d7,967
view/adminhtml/web/js/content-type/video/converter/attribute/src.js,a843c8f2d1399e6f8d39e4a6447e6923c4615c774718f699e6752eaa8f20e7c9,1984
view/adminhtml/web/js/content-type/video/converter/attribute/videosrc.js,6219f382f21c28d2250273360bbb3d383e4dbbae8626bcdd868056f788acd846,1941
view/adminhtml/web/js/content-type/video/master.js,dd8c8a4b90348d44f14aaeba2f6095d17de6b3498b879d40ff35bcb7e2b85b69,1218
view/adminhtml/web/js/content-type/video/preview.js,7b6d944572c1b0432b8c87d196a2fd20bff88e867fd594ef0d49632799e15b73,2190
view/adminhtml/web/js/converter/attribute/link-href.js,a87e2110d612124d469c8d457a549a0d2a336d2421c5d122d965af88fc29dd28,2633
view/adminhtml/web/js/converter/attribute/link-target.js,0a2b2f0d49f31097f5ae55ef9766baeac23ce5d5851c29184846088c6b754d3c,1064
view/adminhtml/web/js/converter/attribute/link-type.js,9cfd65a12cbad06cd712442d9fe05b0e00373423cecce8cddce308761478917d,1038
view/adminhtml/web/js/converter/attribute/preview/src.js,63d2753fb2909cd775d7a8de8f21b2b89b9178e8c4b17513c9a6bf92aa7bb548,985
view/adminhtml/web/js/converter/attribute/preview/store-id.js,fba6c566b2a54576fc59cf8c70635d73256401d5e6a028530e9a3b3cafb4c3db,1051
view/adminhtml/web/js/converter/attribute/src.js,2c4abd87eaa6a44ea964e928776f8131ce35d3a7cb473e282d90935f390ac959,1428
view/adminhtml/web/js/converter/attribute/video-overlay-color.js,fbabd9dc7d7ed71cd22c3916de54a6a9d5fd396383e502453c9a7462e07dd118,988
view/adminhtml/web/js/converter/converter-interface.js,5cbbdf07bec36c1221c4a1eb43c3ceb9da85a59d52326adb7e4d7618c6be96fb,131
view/adminhtml/web/js/converter/converter-pool-factory.js,2faf275c97b39b13bc556050474882570042d2be80f611ccbfdbf5d601ffaa96,4408
view/adminhtml/web/js/converter/converter-pool.js,99d6fcb83e072ad7a9e07233c568d027a1ec0e55471d647baa4c1e5f365b061d,1003
view/adminhtml/web/js/converter/html/decode.js,a84f044cd0cbd078001e51e6c83dad1e6ceca55d1e0f9a9cac14002145273a2f,1154
view/adminhtml/web/js/converter/html/directive.js,2821fb1ae58991b027504e874143883f1b486f0c5d11b7afaea5faaacc331ac7,1147
view/adminhtml/web/js/converter/html/tag-escaper.js,47889e179b37ada2052ad535e368262916af27d54392f025a2428eb72c95d6dd,1142
view/adminhtml/web/js/converter/style/background-image.js,838b4d1fe95f0b3723458a638faa3b6fe7be1796840d9c9b67948e108298f464,877
view/adminhtml/web/js/converter/style/border-style.js,5a99967008e36ba29e83a39103d7d55a178c88c57186df8edefd02fb7d3ddac2,1100
view/adminhtml/web/js/converter/style/border-width.js,eb2e8299b7eae88b9baefc907a8fe4b46efb14ca4d7313138867eaf173a42f02,1046
view/adminhtml/web/js/converter/style/color.js,afd7b4a0a0d371bb65a353c4191943a3b8166dfc3bceafd1d10fcbe51d46f875,1572
view/adminhtml/web/js/converter/style/display.js,72d2f5fc4d18c90ff5d70f8f756159d04315c44fd482f699d868a547f995c139,1237
view/adminhtml/web/js/converter/style/margins.js,017a96d4fa5e5edc900df29c66595ac4b1a5760212a36e7cdc419ab1801b0e9f,1794
view/adminhtml/web/js/converter/style/min-height.js,3f96dcb278bc0a467757607ad23b32689bd6267125e68a5b6751180f98f495a7,1101
view/adminhtml/web/js/converter/style/overlay-border-radius.js,aa0de455cda97ef65ee13042e288ee41011c33b24f9b2e4f9574a958785e7402,1274
view/adminhtml/web/js/converter/style/paddings.js,4a32227e3d85926fe52baf054927f7abe561c7280c79e4875082af310b9450a1,1819
view/adminhtml/web/js/converter/style/preview/background-image.js,75e9dd4488bb7377a4fe6f0ca6c8dbe9bad0ed748becd82a6995efd415fe2229,1073
view/adminhtml/web/js/converter/style/preview/display.js,16a76f4140df096541dc7b83a5de7b56183e97b0bf6ea1a668b539d1e32dbcc4,880
view/adminhtml/web/js/converter/style/remove-px.js,49326274e3ee293e2b6aa0b83d68dca1233378e4650323524f12c1e1c4512fba,993
view/adminhtml/web/js/converter/style/video-overlay-color.js,8d07a0d1bb18a92bf242f9c88aeb0a65fd1c9ea9ecd0179a0ea40b2feaa7264a,1059
view/adminhtml/web/js/converter/style/width.js,e53b23adf0e0c21ba531958172b3941f0605c3e0dc7a54177e563fc80c2d4776,1525
view/adminhtml/web/js/data-store.js,f1b811b7ff6ae057c9662bbb5c073e643384c57f90a6f450507219dac53422bb,2876
view/adminhtml/web/js/drag-drop/drop-indicators.js,150e9f5ee6dce67e748782da6e3b5d06f1d61a3654031536ead19960a3909c7a,1896
view/adminhtml/web/js/drag-drop/matrix.js,fbe20f7a329f727a16b6a668a7d5c6569535ae83a17e753c0f0a148de92f79aa,1592
view/adminhtml/web/js/drag-drop/move-content-type.js,db70304f079d5d1bacef9831d1c3c8b6f94b5e3517ee972760cb24080017ca59,2941
view/adminhtml/web/js/drag-drop/registry.js,6da28be20d51c65b58a8b0dbd93717fc4ffa740ba434f89a9d79f9703f140586,788
view/adminhtml/web/js/drag-drop/sortable.js,a7ac77c9424288702cd51e05e7911125a229fdf7d510606aff049d7b9dce38d9,10095
view/adminhtml/web/js/form/components/action-button.js,8a8e5922cbd4038b10a54d1b3e0cd64a5230e02ef73fe253566db483cbba1412,1016
view/adminhtml/web/js/form/components/insert-form.js,5f018e306ef54e46b3634158d59a5453b9c651baf6bc70e39391bc2d56cd2708,3265
view/adminhtml/web/js/form/components/map-location-dynamic-rows.js,9c04cbec6dc05acbedb7b40cd93fafd7cd6f9b1c1ea7202930799cab2998b4d1,4693
view/adminhtml/web/js/form/components/map-location-insert-form.js,1795b81b7b3118670029996dccc4b33cc038ba802adbda18d55309df75223e74,1047
view/adminhtml/web/js/form/element/block-chooser.js,879338be24d74371755bb53f952d82744d031d7a44e50c46a355b7f15d2d59f0,3884
view/adminhtml/web/js/form/element/condition-options.js,93e2e99e5669586f925bccf6e524f23bb96d4c3392425584d3248d0bd23a9a38,1379
view/adminhtml/web/js/form/element/conditional-disable-mixin.js,2a0412db1823a3561d324844893b588bfb6d7306671e2f57a7d2dac73603f107,744
view/adminhtml/web/js/form/element/conditions-loader.js,4e2edfb7ba4cb534113a6a4aa95aa018ed2ff8a0971eff7470da3526a3f42748,946
view/adminhtml/web/js/form/element/dependent-fieldset.js,4cbbe3c86c3cf0d061b525f184efd827f059cdb2d6a913acdb5352f272373482,1258
view/adminhtml/web/js/form/element/dependent-select.js,080bcb0dce83d0d7a68748a08cf5fb49996edeea0652f3c14a3431e0ab9f0271,645
view/adminhtml/web/js/form/element/dependent-value-mixin.js,d9b95463fdb6edb03a16060a660caf6c470a4bfbec290af38bbb699d1db9b51e,799
view/adminhtml/web/js/form/element/dependent-visual-select.js,58a3efde51dc12a7a084f300a4c81cce7a75dc9787ff776610f25b08b1dc3a20,682
view/adminhtml/web/js/form/element/html-code.js,c8e0205e426208ff09579a90e07715b6903dbc322e9637c57ec2bc1d5350027c,1264
view/adminhtml/web/js/form/element/html.js,8fd515cc39cb257705b6b5f0a2e496bf04d0d56d967f355f0fae6f7a48136389,2442
view/adminhtml/web/js/form/element/image-uploader.js,734719d43c0a7652fe05c3045b79bc45de0495f9b5fd4a19d2072a07cd399d07,8002
view/adminhtml/web/js/form/element/map.js,3d0c72e15805f15cffdec15e6cc92ed2274fc34018aaff3f6888cc9d9725c04c,6854
view/adminhtml/web/js/form/element/margins-and-padding.js,567b02d43f15f8c0b840b9047db7837263c4726efb5af9ff8a8b03f169b1d378,3630
view/adminhtml/web/js/form/element/page-ui-select.js,344a2d2393869f74ea92dff941d178b2a435ae6a1ef4dfa971d35494e3ef52aa,583
view/adminhtml/web/js/form/element/product-totals.js,23314d1e73f335a0fee19e3e44d5b9bd82934242f6bbe12ee61d744a2804b425,4718
view/adminhtml/web/js/form/element/select-filtered-options.js,fa6c779d25002046df40febcfdc40bbb716db8c0955ac6a636dcb481c6f0277b,1596
view/adminhtml/web/js/form/element/validator-rules-mixin.js,c3c94871c409004db8012c470027045c134a10390192fa41e2b5cc5bece7a0de,7857
view/adminhtml/web/js/form/element/visual-select.js,69e6cb65025f2373c6cb27a9f7233f582965d5183f0481eb4541513e0b44b2fa,3659
view/adminhtml/web/js/form/element/wysiwyg.js,a6de92e09ab6acf5ddd1a9144c25e32ec333cb07dc017e7330e718e400312295,7354
view/adminhtml/web/js/form/form-mixin.js,493707a5afdd625e8ab4d8c7f5d2ad296fc5b01021c9a775ed1df5c7ececd618,2147
view/adminhtml/web/js/form/map-location-provider.js,7fc6ec967c278e192682f5a6c182c4afbfe3f2123f69bc83c1b03e9b3cc08010,535
view/adminhtml/web/js/form/provider.js,807b7f505d177875bdb57601bc0f88701d378c3a69ab79fce69339ec3daf4001,544
view/adminhtml/web/js/form/provider/conditions-data-processor.js,cb9e8b6b1de04f7e6e134bfe76be26734821f8b0143fa3439e01d169ae552fec,2485
view/adminhtml/web/js/grid/cells/single-select.js,d47260bdaa36c648574d47cdb374ee20eee81edac9f87f3fe56ffad653048e18,2162
view/adminhtml/web/js/grid/cells/template-apply.js,0789ddf595346fe7318c46065bae85898d13ccb2a5c0b36095459c26c9903b11,2555
view/adminhtml/web/js/grid/columns/actions.js,f5649c0ef09046b9018a1712151db01a9456fafa805209b36ad0ad46bfa6b846,1002
view/adminhtml/web/js/grid/columns/preview-image.js,8e826fc1fa71bf63e0a486e7d956c958d21334349cc951fafa9e23bcf820a63c,2541
view/adminhtml/web/js/mass-converter/background-images.js,c6925e40fb0d836a3efd71aa7afdec9bbf811628567d83abae5eafa8308b6df2,2523
view/adminhtml/web/js/mass-converter/background-type.js,afcae242537f8d735b95f4fb2c35f8e32c2d45137f2af7cfef070b4de7d252ef,1572
view/adminhtml/web/js/mass-converter/converter-interface.js,5cbbdf07bec36c1221c4a1eb43c3ceb9da85a59d52326adb7e4d7618c6be96fb,131
view/adminhtml/web/js/mass-converter/converter-pool-factory.js,404b03fd6dfa6f0aaa0d3b11192ee14e33946fc6bd17282ffa46e16e68cac487,2001
view/adminhtml/web/js/mass-converter/converter-pool.js,8126a95e5ced6101266006a6e87bee76ca98ba7de96a7738c21fee1046c52864,1042
view/adminhtml/web/js/mass-converter/empty-mobile-image.js,2587b5183e8631cd2be37e2f2e4587b9f347dffd7cfd6e90baf951419d71245e,1677
view/adminhtml/web/js/mass-converter/widget-directive-abstract.js,3115a97d5fe40ea87fb9968e888e04225fc00e88c7889b4edc5247a5c2611d24,2567
view/adminhtml/web/js/master-format/filter-html.js,2fcc6726db7ec879970ade18282add545268f5bee0b80029d2507dc9a71b7aef,1693
view/adminhtml/web/js/master-format/read-interface.js,1c81532c56d34c2cc1eb8abeecf579f5dda62a45338172e1b7cd3cf2a327670e,126
view/adminhtml/web/js/master-format/read/configurable.js,6b67744fcd09ba981d853f14544835159466f8ea991f49a53c31501dcb5fdbc7,10626
view/adminhtml/web/js/master-format/render.js,d21b6c3a71121bc758046f93ea66345a01910de201f1bb126f558e38bd726593,4027
view/adminhtml/web/js/master-format/render/events.js,32f7d38fef8f638010790b0ee0340dce62996dabdf862c76bb2468d4a48e2938,547
view/adminhtml/web/js/master-format/render/frame.js,f1341e39c4fcb706b8c716ef895d61921134054e051f141563c4d3ef33232d3d,6636
view/adminhtml/web/js/master-format/render/requirejs/text.js,0e85a5ddbe88d6719b676a30b734799b3ef57f72044bf28706d056d51244855e,1230
view/adminhtml/web/js/master-format/render/serialize.js,29e9e77b595dbb4330ff71cce87ba53456ba334e32f01bd14a953202ed7355be,1509
view/adminhtml/web/js/master-format/validator.js,0e88bc71929927d877f6fafeba3621eaf192b3afa1b4324e67f2e6ab12c4fc5a,658
view/adminhtml/web/js/modal/confirm-alert.js,6d5d9c99f716fde8b0fd264f45ca31c7eb60f0f5968df89acfa7e04362342f80,678
view/adminhtml/web/js/modal/dismissible-confirm.js,9e61517d0d678e2cdf6e7a23861921f2b86ddcfc3e16d6cd527ded3a9a37afd6,3482
view/adminhtml/web/js/modal/modal.js,8a6fc62f596ef67459eedc0e00c68b4977c467bfb013c6e73526a9b6df2eb74e,1464
view/adminhtml/web/js/modal/template-manager-modal.js,de3d1e0276977f2b5ecaea2589e91ede1ae8b7d034d31236690efb7858dbbbd4,1503
view/adminhtml/web/js/modal/template-manager-save.js,02bafaeac60ed7865829e3175e3cd10dd5d223a0dd0c55d73d8ec6db618f65d2,3973
view/adminhtml/web/js/page-builder.js,0beb9483b7c3325aaa09e058e5563bdd971149f44ae8b182cc31c20e4daab6dc,7358
view/adminhtml/web/js/panel.js,2da2340482c2b5e2fec4f9d4086b235d03bb8339472673ed45af636d53c2734d,10036
view/adminhtml/web/js/panel/menu.js,7fdf488cdb6b0f5180d1984c8c72f708f2dd3270522ff0fc107225d9e821cf02,1340
view/adminhtml/web/js/panel/menu/content-type.js,512edd85678af0b829e7406d097c0e6a275352d16935372d5ce685469c921b52,1525
view/adminhtml/web/js/property/attribute-reader.js,12c3d0b18decc0b830cb899febbd5e1858d2acf65a2773a3e1744c75cba26371,719
view/adminhtml/web/js/property/link.js,35e9e57b586eac3582f844f9581bf59ca29f19f701d1b45537fd0c4cca1faea6,1635
view/adminhtml/web/js/property/margins.js,1bbe16eef62e3a40d47c9b689c32016aabd1f3744e43523ebd6ba4fbe7688331,810
view/adminhtml/web/js/property/paddings.js,04b7af616aec2fa67dfaffdbb7660e897507f5569212dc945062beacad6cc725,822
view/adminhtml/web/js/property/property-reader-interface.js,8d143d3dcfbdd68d1758d249ce9527d14271500ffb2a959a3cf5745183e00d27,137
view/adminhtml/web/js/property/property-reader-pool-factory.js,a3787ab630ecbf7fd370b1dc9284cd3173585357a7ed666e5dd3655730177004,3317
view/adminhtml/web/js/property/property-reader-pool.js,005ac0ce5def3077fa4861fa45d58195a5169705108789299761b329ddf92321,1138
view/adminhtml/web/js/property/style-property-reader.js,d5a033bc5c5e4364539be44b21ad68cb367c0b0f0dc180f6d459e7ef0341b0ad,868
view/adminhtml/web/js/resource/babel/polyfill.js,3524c913f8220750bac16750497ffc17650b9d394d6e7bf6aca97ec9097a22f4,319734
view/adminhtml/web/js/resource/babel/polyfill.min.js,59173f786dd1f3802f7ab26fd339aac4099dc10c6cb54a6a92213e6af277592a,104563
view/adminhtml/web/js/resource/dropzone/dropzone.js,308c3716bfff02cd3afe690b5c3c87d6eab2d4b13cff3c7b28316c2aa44c0537,82947
view/adminhtml/web/js/resource/dropzone/knockout-dropzone.js,49314fb007797548090f9df905b49723e27b568a2c0f5c22b70237f9b5ce1b0d,2387
view/adminhtml/web/js/resource/html2canvas/html2canvas.min.js,7996cb375ecf9bf8211827ed3796465b9400c59693fd16861f88ad29da2bf6b1,164929
view/adminhtml/web/js/resource/jquery/ui/jquery.ui.touch-punch.js,f2a006e630feb6b7d07d246fae2b5ac8382f3dc09eff7ccb47792d1c4f1d3de2,5270
view/adminhtml/web/js/resource/jquery/ui/jquery.ui.touch-punch.min.js,12c76823b0c5524e4d12fb3f382a549d2214547860ffdf67fca32ba99f6e1eb0,1292
view/adminhtml/web/js/resource/object-path.js,f18b581afaea990ddb8c4b86085e18f554922abbc461ef3c90f5fd18b3d63e20,8655
view/adminhtml/web/js/resource/resize-observer/ResizeObserver.js,14e99ed2eb8b3c90f8b2cfabddac5aaeb5db262cc2e3edb4565ae7c6837cfc98,33209
view/adminhtml/web/js/resource/resize-observer/ResizeObserver.min.js,cb7619e370e43b9066b3eec168e6fe7db2e3a825a1ef73b2d862a2702f12aee7,7679
view/adminhtml/web/js/stage-builder.js,cf22e112581f0c9d1190d63dc3eb9f94f519d70bc145705bcce9a89fce4fe7a2,8896
view/adminhtml/web/js/stage.js,a8f60699034f4e5b91bdeab2ee19c7823f1bc8a9061d0a71a0e25c14c0d64cb9,6397
view/adminhtml/web/js/system/config/enable-field.js,1c4a3ff6bc1a225b1506000863a091b6564ea84110eb48076c09d0c0f9f323b7,1864
view/adminhtml/web/js/system/config/google-maps-api-key-validator.js,aaec781c3ed038fd15a6e831dd73b256e66b7884c3d00310f19412e7cd5f126d,1675
view/adminhtml/web/js/system/config/switch-attribute-type.js,79516feda6b4bceae7f4ca5d3fce5aee4f65c69ad78b2bea0b86ea584c54e651,2121
view/adminhtml/web/js/system/config/validator-rules-mixin.js,3dd778bca7e914c8a66654265af7c0d6f674e73bc81cb296acc0d14da51534ef,1355
view/adminhtml/web/js/template-manager.js,5308559851dbab9b593707edc13828b9e420d6f71076a66e21ffe085adf81fa6,7203
view/adminhtml/web/js/types/text.js,8a6cc25d984055c2c808c2b15aa6f4eaf35a688bf9aee98d40fbb006efe03379,116
view/adminhtml/web/js/uploader.js,59caa8a6c0dd7d4f2fa2b8f3bb7f3ff59cbf42bef9655f6ecdef7516e34c1c63,2876
view/adminhtml/web/js/utils/array.js,34b0b381a098c4c72dfba12e9acff749df0b9cbab1cf7f0b8688c8fc75dd8eb6,2346
view/adminhtml/web/js/utils/check-stage-full-screen.js,238af0133054d45d2bda36e80bc837df7c3842f3443d93e89054ad24a2728cec,601
view/adminhtml/web/js/utils/create-stylesheet.js,b6bbe350b495b8f8db3218285c6d921ad13136742e622522b5ceb2198b849c9f,1671
view/adminhtml/web/js/utils/delay-until.js,cc01331e79093c7ca02e2ed65c3a36790cedb289704b17453cb35447efb81fe2,669
view/adminhtml/web/js/utils/directives.js,8aea0e25187430ff203c150292a29b1c5148dbbf73ed46752c544c05fcffcbe2,3898
view/adminhtml/web/js/utils/editor.js,4b3d247ac9071e5b34b97a2d58805eec968ef08bf4566cd4f965b8c246a27087,11161
view/adminhtml/web/js/utils/image.js,d92a5ada2c197812a845de4e09ba4b7b85774c5f7f5d6d6db5a328830b031403,1774
view/adminhtml/web/js/utils/loader.js,897a685d43521eda83eb160b08b213af8eacecfb8025c02fd9ef6f4a41da79aa,324
view/adminhtml/web/js/utils/nesting-link-dialog.js,2805ee0e773006a4062450cb6678dbb4a3d76299ac72de3af6dd12f389ce8287,2114
view/adminhtml/web/js/utils/object.js,2fc17adba4cca8a7fe52db48e0b3c087933f5e45ff2a48c6845f36cc51ca897f,834
view/adminhtml/web/js/utils/position-sticky.js,78adb7c55a56df4febd7fe8cf3fd0f5b5b5882877d1e27aa554fa687934bf5a6,779
view/adminhtml/web/js/utils/promise-deferred.js,5046ee7f7827f180ad447f75ca660ba68bf393365bdfe80e4e56266ddedae23b,626
view/adminhtml/web/js/utils/string.js,9190ef245fdc2cbba85cf67d46186859908cc1b9653a81b9f56865a19c8c2694,683
view/adminhtml/web/js/utils/text.js,8a6cc25d984055c2c808c2b15aa6f4eaf35a688bf9aee98d40fbb006efe03379,116
view/adminhtml/web/js/utils/url.js,5b618e8c440214a90837000a578ace9d5c398f514545fadde7261cf8756df75d,1000
view/adminhtml/web/js/wysiwyg/component-initializer-interface.js,d7f3bd6f78a32bab465d3acb2aa7a4c7d15b0f0514de88dd9aba25872d653966,143
view/adminhtml/web/js/wysiwyg/config-modifier-interface.js,6172a339bb0be09325885377f9768c685bae532f324dc854995147cd53500fe8,137
view/adminhtml/web/js/wysiwyg/factory.js,a600ae7d4e5539595a7f2f3fbf04e6477b111048e3d16682b3de922113546e0c,2504
view/adminhtml/web/js/wysiwyg/tinymce4.js,330cec4ee8141d5c32b83537868fb1d367480a5476c58d53d0f212ee0696a681,6417
view/adminhtml/web/js/wysiwyg/wysiwyg-interface.js,e577de609ee4a148b44da1e10a39d167febb1afbfdf5d2d6bb3074f4e13bab42,129
view/adminhtml/web/template/content-type-toolbar.html,195ae37b9730c1433e6b6ddd706db4c5a7efa47ee2046ef182a5ea1353a21404,894
view/adminhtml/web/template/content-type/banner/collage-centered/master.html,4f1314a8ba1ddfc7e4aac9ffc723ec01cacfd083db5a46184eae92507699816e,2930
view/adminhtml/web/template/content-type/banner/collage-centered/preview.html,34d6efece22dd682375a381a0b2fe098e0aa067415e8aacaf5deb198bd873b53,2812
view/adminhtml/web/template/content-type/banner/collage-left/master.html,76dbc3e2a6bbfbcae46657b3356ca7d650bf9f90b6e75d24025dc7d98ee09d48,2930
view/adminhtml/web/template/content-type/banner/collage-left/preview.html,96ae1e83765dfd9c330ff592bb21305086bc3ffc29702130d3273279d062de71,2814
view/adminhtml/web/template/content-type/banner/collage-right/master.html,76dbc3e2a6bbfbcae46657b3356ca7d650bf9f90b6e75d24025dc7d98ee09d48,2930
view/adminhtml/web/template/content-type/banner/collage-right/preview.html,3c60cd26284d4429c79b10328a0430e5dae9917633e869b3fa6aafc07403a1d5,2814
view/adminhtml/web/template/content-type/banner/poster/master.html,9e732f132d77106bca2c8c61521a4e5c88fe9299126484317371d2b4618160ba,2928
view/adminhtml/web/template/content-type/banner/poster/preview.html,3a8ab881bc53ac7f0a474cf7c86010719700b8eaac0944642d1d625caeef9679,2840
view/adminhtml/web/template/content-type/block/default/master.html,f8f0853fc77dc829bbdf097012b562e39305d117dcba68feba81c2fe9a55b9b1,218
view/adminhtml/web/template/content-type/block/default/preview.html,ccebb8890710ee031ccbee73fcc255f1d9acc4211c26f3c777daf5baa74a5067,935
view/adminhtml/web/template/content-type/button-item/default/master.html,7cc7e88ac158e81d9e005c2f084524f5768198cc9387765e43998b994b67b053,636
view/adminhtml/web/template/content-type/button-item/default/preview.html,418f9ce58ed7afba1bf3a3c943c0c5d764342f0f9e8e6d007c76a6a3aba41635,1243
view/adminhtml/web/template/content-type/buttons/inline/master.html,6bdf71135f32555e76f40314584c1c221fd86a17a047334c76940cedd554c729,242
view/adminhtml/web/template/content-type/buttons/inline/preview.html,6cfc77472327cfc3cba3df836dba02c7bdf90bb7bed50e6ae24e3da08de77bc6,993
view/adminhtml/web/template/content-type/buttons/stacked/master.html,6bdf71135f32555e76f40314584c1c221fd86a17a047334c76940cedd554c729,242
view/adminhtml/web/template/content-type/buttons/stacked/preview.html,e7e4cecf2d435c789520808ab91f085debec9d1ef467c5921d8da9c855f1b19e,973
view/adminhtml/web/template/content-type/column-group/default/master.html,0fe3c9423c2420ba7bbb190c2c735168118ed7b8428bd83e2eae08847efb2cf2,252
view/adminhtml/web/template/content-type/column-group/default/preview.html,ae779402f88e17c91c5dc3a4f82ee9a3cc9c8294c14e15371cbec930f296097f,3357
view/adminhtml/web/template/content-type/column/full-height/master.html,58f1b74e412a5083f2d65d6218943c2efb945d425e7b7e250504e3e49c128415,316
view/adminhtml/web/template/content-type/column/full-height/preview.html,70607f7363c854ff71b337113a99407ad12ef34f1fa91402a8ad5dc94a8f8a5a,2038
view/adminhtml/web/template/content-type/divider/default/master.html,2d667839c79468825a0194c19caf0b46e408d84f90bf2e82e334af24ec2be721,283
view/adminhtml/web/template/content-type/divider/default/preview.html,a9a924e5fd36da7eac3bff6e456b860144c852e0c817777e6f0cb6f6913f79f4,486
view/adminhtml/web/template/content-type/heading/default/master.html,2eacf6de781ab3da0eea5cc93eea5c77efe60b6d3a6f06c4ccd58f94490de749,979
view/adminhtml/web/template/content-type/heading/default/preview.html,c4afc462a6816c647ac741c3c33d21854c55e1bd76dbd6a935bd2a1290724e3f,2458
view/adminhtml/web/template/content-type/html/default/master.html,774329a546adb8bcf8ad936d6c91226c71d30c704084d95a411fca6bbbf8a747,245
view/adminhtml/web/template/content-type/html/default/preview.html,3c207a0e76cffc6c67226699d7e3b70ebaa49fa4a64e9cb97b01de8cbfd3a1d8,660
view/adminhtml/web/template/content-type/image/full-width/master.html,8d1e444c466537d80321ca1bfc9397c6d3d9320f75390aeff599c329eee49a90,1678
view/adminhtml/web/template/content-type/image/full-width/preview.html,8b580d2998c08b9ce15d62c2721f1430e9783f1598a64dbb4aaa460f886dcaf4,1084
view/adminhtml/web/template/content-type/map/default/master.html,81a62d6b09867f4f1e5a94dbb8536c2e11b5e683acf3518dd05c32edd074cfdd,196
view/adminhtml/web/template/content-type/map/default/preview.html,4c1ddd75fa3ee39f76b49b6f664e99fa0a57f260ccd924892d1af210b55da974,551
view/adminhtml/web/template/content-type/master-collection.html,08e8f8a675221f156c2916b595de3b6026b31b62ce06d511bdbe4e91313d3eb5,239
view/adminhtml/web/template/content-type/menu.html,077139efc9c5b4e1dd37ed935ba98bd091dc2444d6cbe8d684df3c1f5e82f76d,768
view/adminhtml/web/template/content-type/preview-collection.html,2cd97e91de47ae68740e539b6c1e9520614b694b78411ed3182dfa9e794b2141,978
view/adminhtml/web/template/content-type/preview.html,ead09e0b5329137700cf78178932081ad5ea54785b5d322e454dbd2d4eea3efd,844
view/adminhtml/web/template/content-type/products/grid/master.html,d4c6c08a9926eaf8065fba8dce1b36669127df8ddb1b20be09b1c8b5e54ef21c,229
view/adminhtml/web/template/content-type/products/grid/preview.html,e965f2b26b47eba7d57e069c81cf5d5e438943e56379b8e8757a18e8d3e2a8de,693
view/adminhtml/web/template/content-type/row/contained/master.html,dbfedd9f356b3233fae95dc4221803e5e09e7527212fc70b4ec562cedc1a1198,620
view/adminhtml/web/template/content-type/row/contained/preview.html,de63e964e979b14cf37725a7a9e2f478fbef1bf24f09b3eff131f32a01acf8d4,2314
view/adminhtml/web/template/content-type/row/full-bleed/master.html,b448fec78c36a9c9dc059f778398b4d6894316727803925c01a34a109ac69e05,483
view/adminhtml/web/template/content-type/row/full-bleed/preview.html,bdbf7bbf8902b84f1c08cfe4ff7d74d8a1c5927648f80e9fe67a7824bb7e031c,2095
view/adminhtml/web/template/content-type/row/full-width/master.html,b7012af7a84c10abbab15f1a366c535d8bb940aa4284690b827f364a96fb9f5f,642
view/adminhtml/web/template/content-type/row/full-width/preview.html,bdbf7bbf8902b84f1c08cfe4ff7d74d8a1c5927648f80e9fe67a7824bb7e031c,2095
view/adminhtml/web/template/content-type/slide/collage-centered/master.html,7bb574172f28ce2fac93d99ad276717260aeeab9c4eb7a6867b50c7a979b1c62,3258
view/adminhtml/web/template/content-type/slide/collage-centered/preview.html,3069f96b85d26ae59ff60061f2f9eebbf3533562cfc1f052150b49599bea8a1c,2751
view/adminhtml/web/template/content-type/slide/collage-left/master.html,7bb574172f28ce2fac93d99ad276717260aeeab9c4eb7a6867b50c7a979b1c62,3258
view/adminhtml/web/template/content-type/slide/collage-left/preview.html,93db7f7494d90f7393ea64d122a3350b59e2ab351f46faacc9a545abc57f980f,2793
view/adminhtml/web/template/content-type/slide/collage-right/master.html,e9456b03e1f69dbb347805098dd96efde217c3d03d8af744a42359b329716aff,3216
view/adminhtml/web/template/content-type/slide/collage-right/preview.html,16886fedc409254648f479cc5bfc23fb583548d0d5af6673abbf7f4131547573,2793
view/adminhtml/web/template/content-type/slide/poster/master.html,4a75810b1540709d7031fdf791ad65c1efd9859488f49b58760896ec52688f50,3310
view/adminhtml/web/template/content-type/slide/poster/preview.html,8dcf5159a78cf6d609066fd867c8244ed518da32261f59dcf84df4527848ed61,3032
view/adminhtml/web/template/content-type/slider/default/master.html,d8347751fa37af1e80fad495183bf79fb20e3680c3ebe8a3844c75a739c05b25,276
view/adminhtml/web/template/content-type/slider/default/preview.html,789c092e760300142a441b03594671933d24c4725ff1c115aba4252ef44ad3d0,1833
view/adminhtml/web/template/content-type/tab-item/default/master.html,1deb4f75c25b82b30b92b8bfbaa93cb3515481919d537d3055372644bcf325e4,330
view/adminhtml/web/template/content-type/tab-item/default/preview.html,d9748085e3cd4ea95fab40ac22448f783ecfc9f9ad53162e9e4f774829a68ec1,1580
view/adminhtml/web/template/content-type/tabs/default/master.html,08346dee68b63fae532d4c89f2f51b3cb9c3ba0a1e3d5d78be4d86e185be0bc9,1110
view/adminhtml/web/template/content-type/tabs/default/preview.html,b11a93357307b3e36325ad71b14dcbbfaf89585a508a4c7a7834d12c9fc22a1a,2323
view/adminhtml/web/template/content-type/text/default/master.html,7520316a3fe2ad33d994d029e6f8bdc411145387798bccbe4117f4e60d0a8076,245
view/adminhtml/web/template/content-type/text/default/preview.html,4485123266fcc0cfd7c1cf29f502708ccb119450e73e6768867c11711de08e76,1137
view/adminhtml/web/template/content-type/title.html,339c3f3df637ef75a9eb883dfa34e1f74a4e4c5b6cd726dd996f969c6fd43b66,166
view/adminhtml/web/template/content-type/video/default/master.html,a5cb995fa4cd45e1ae463033f1ff7df0ca7c2e49a398c9d0ecf06b861357ef89,909
view/adminhtml/web/template/content-type/video/default/preview.html,9def48f5c364ab972c9b9024cafa2ec01c3a955a31e5be17910a74d008ad611f,1254
view/adminhtml/web/template/dynamic-rows/element/text.html,f729ab6f366b3c3086b963a8e09f09873aec10f3dc56a459e51dc882b674ce73,1422
view/adminhtml/web/template/form/components/dynamic-rows/actions.html,b1fa72f9ac50cf00303edaa54ca08992b1fa41eb236450560ce8bd91c5d940fc,521
view/adminhtml/web/template/form/components/dynamic-rows/edit-form-on-click-grid.html,2f817362f6fc522858504ea065d14f0ea7743820559bbb7f858711c2366a2d85,4212
view/adminhtml/web/template/form/components/dynamic-rows/grid.html,93876681bb616d3af03b556e0dc078ebe4fe6c3a4d2520bd7429e0e9d849b66e,3243
view/adminhtml/web/template/form/element/block-chooser.html,40533faf605c10fe4f67907cffc9ea5004ba7edc012ce65e89cff281bb6f7566,1352
view/adminhtml/web/template/form/element/html-code.html,c5b1a1c0d71a9ec7e0661076199951cfb6cd0e61e8330400f56845a737bdeb11,1439
view/adminhtml/web/template/form/element/input-no-maxlength.html,a211160c6923af6b45239d6542160671fe90c6701bbf40a5348748dc41242413,478
view/adminhtml/web/template/form/element/map.html,c2d9e8bd4594da49dcd9135ecc07149b376e57fa9d6246a4ab2907ce55f26372,601
view/adminhtml/web/template/form/element/margins-and-padding.html,282124a4fca7da3035f4f1df09fb16b6bf343d615b95b207dcc61d131fe063d2,1942
view/adminhtml/web/template/form/element/product-totals.html,a213e9dd20458a6a74953247bca340aed9b7ccb79b2689932bcadca85d9030b6,434
view/adminhtml/web/template/form/element/uploader/image.html,35c0bc0343b565a653628441fcb9dc3f6cb0ad5e5158c7484bcbbbf75375b2f4,2715
view/adminhtml/web/template/form/element/uploader/preview.html,7008f4a3e9807b5b4be8dac642a40659d314db76c308b054eebf1a0f41751df3,1332
view/adminhtml/web/template/form/element/uploader/preview/image.html,6940152fa4c09024f16920cf9f594e79d2484532c7c9cc28a783add47c8d0faf,3564
view/adminhtml/web/template/form/element/url-input.html,e675944570acb0c94f8ccce6aa32336d46c9a0c0d14f600800e36300e5bcc74a,1265
view/adminhtml/web/template/form/element/visual-select.html,6e69635ab16570aa44c40ec4093880c996c8bb45abadd59ddcfabe369bc6888a,1371
view/adminhtml/web/template/form/element/widget-conditions.html,f7f4a1e8cbc4c652a075f6a4e1cfb14ddba4d4ee8fc1574dd88a9af094ade5ac,384
view/adminhtml/web/template/form/element/wysiwyg.html,b4dc93df95ea0b324fb9581b6c839c1b627d441b99832048ab40e0e1643e5c9f,873
view/adminhtml/web/template/grid/cells/preview-image/preview.html,d7102427271e6c915056bf7673671dae7d89e12dbcc81ddaca78c1abe702fef9,335
view/adminhtml/web/template/grid/cells/single-select.html,554c12ab02c06a2c3c2dd9a1b0576049623c0a7936f3b962d090c4aa9da3855c,873
view/adminhtml/web/template/grid/cells/template-apply.html,fb10cd4eb0a24ac445e124a1283444c567efd3735ec3b2d9f7565b385fc72390,516
view/adminhtml/web/template/modal/dismissible-modal-content.html,9828d7f40a5c9ceac24e79e96365ca3b368db6698c11c5042119116018e1f2f7,409
view/adminhtml/web/template/modal/template-manager/save-content-modal.html,c5a506804208cc2895156e0009f0d8657cd752a01a851b71d16d6e14f9a30bfc,2456
view/adminhtml/web/template/page-builder.html,a28d85f9fb314827bd9a90a79a176f2962f39050bb86785e68113ad0e10ad836,1126
view/adminhtml/web/template/panel.html,25c3a6b63f3d3e41cccc354f51d5cc53b4c30fc246d895f07380c8bb36f21d2e,2793
view/adminhtml/web/ts/.babelrc.js,eec14833b89461196a44bdd36866b5dfac63ccecb22567e1c16257cbc04ab06f,1251
view/adminhtml/web/ts/babel/plugin-amd-to-magento-amd/ast-utils.js,545695c20737b8e6afe17892908b916751c55262e35b16707da767dcad2c1835,5243
view/adminhtml/web/ts/babel/plugin-amd-to-magento-amd/index.js,f0eabf76806022ad2100fd5b97d3845a5476696dd5faf8746843a2a7ff676373,4128
view/adminhtml/web/ts/babel/plugin-resolve-magento-imports/index.js,00b9d7ef7956645e80eb9b1c24717dafbbaa3e19896e6b6306a22eda8dd04fa9,1575
view/adminhtml/web/ts/js/acl.ts,e5f52fcc22a180f4b1bbcb79c542c2989dece1311bc59a4e1d8ecc7ecf1052e9,483
view/adminhtml/web/ts/js/binding/active-options.types.ts,de073467e140a1ffb4783307ded2ee0f8847883df526822414b5074a71183ed9,222
view/adminhtml/web/ts/js/binding/draggable.ts,f46440f6a199bb0bd266f8651919479373ddce4312d636ac9f307fa8706e3fef,335
view/adminhtml/web/ts/js/binding/focus.ts,26f7789f99197e247255e03afb08706b5eac6682f3903944f0d312c8c10e3238,466
view/adminhtml/web/ts/js/binding/live-edit.ts,3bbcf15bab3c43412beb31fa3bb9f8a73b5b69314957a649a5641dec3087ba78,8570
view/adminhtml/web/ts/js/binding/sortable-children.ts,c0b0b29ad602e1e972a2ecae5e0161539fd7af3598cd6587b57152a6d81b54ed,2974
view/adminhtml/web/ts/js/binding/sortable-children.types.ts,b1abd16010ef0a4f34c4d2b30011f70ee5a249e408f40e1815de125d97d35cd4,746
view/adminhtml/web/ts/js/binding/sortable.ts,91c60dd83732e3b466bd95d3c08d303870e17a7ec7f262ac28c099d72abf3f5b,554
view/adminhtml/web/ts/js/collection.ts,fff0878f0cb13f693f9155b6db4fc7e825c5abfa58e7161ef4769e8445b4b6be,1874
view/adminhtml/web/ts/js/config.ts,f740f3c92f1922352db0e53ad5de43524a366a7c370639b60f5c47ca71679698,1835
view/adminhtml/web/ts/js/config.types.ts,12d7d2493878db476e5f5467d11bffe5c3dd13fcd6a90fd0db3f42549b00b2eb,1089
view/adminhtml/web/ts/js/content-type-collection.ts,954062f2cf5289ea79d789bdee5e353e4464d0a4a58d35b7caf02f4961954b14,3304
view/adminhtml/web/ts/js/content-type-collection.types.ts,51965f02ca51d3aed7e303c8333c13414bf1edcf786908aec9268531099e154c,1439
view/adminhtml/web/ts/js/content-type-config.types.ts,03aacc0100a5a1074d67fb5f7dad1136bb4e8245d149ced51227443b77280e88,2544
view/adminhtml/web/ts/js/content-type-factory.ts,449197042627212d3a0b639c17e5997403ccdf39a05272b1bd55800f3ea2d9c6,5992
view/adminhtml/web/ts/js/content-type-menu.ts,5c0c81e1e72f85591344e64a7c337ac854a215f76a9af76e2e2f3afcb6ffce4a,1462
view/adminhtml/web/ts/js/content-type-menu/conditional-remove-option.ts,ad8b3bf83c5b62502ff2e035a22d2808953192e89ab919fa6e3e64f19315a624,752
view/adminhtml/web/ts/js/content-type-menu/edit.ts,e879a92c2cf303ed7810e3b1d6ce06918a9e8127b2c65c98162dbb9a16799f52,2326
view/adminhtml/web/ts/js/content-type-menu/hide-show-option.ts,520e9d0306469996ccb20bbad407aca7a902ddc760ccffcc27effa006c4a783d,1410
view/adminhtml/web/ts/js/content-type-menu/option.ts,c75f58312277d23d868fe21b42bf806a739f68813cbbad11ad03ab164bd971f5,2119
view/adminhtml/web/ts/js/content-type-menu/option.types.ts,ce9694273d5262b5a12450583baa374aa814407927dac54a778acad6f7146e9e,858
view/adminhtml/web/ts/js/content-type-menu/title-option.ts,c81b687d29733c6fb00b1d686de952cec2269274cbb40c2166382603c5867aa3,626
view/adminhtml/web/ts/js/content-type-toolbar.ts,6340e6d3d04c18b47834bdb1e5b1f6dd95d2375f39eed4f3410d353f8a7db56a,5089
view/adminhtml/web/ts/js/content-type-toolbar.types.ts,ae85a8069b0c9d3dd989a5e28ea8d0fa49e8f9ae7c7d7e27b012fafdd3048325,327
view/adminhtml/web/ts/js/content-type.ts,0813557c9fdc796b3d56631e71b03a6abe458d6f7d8e495cb7e116082580e6d4,2574
view/adminhtml/web/ts/js/content-type.types.ts,9626c42b8f2feb6454b8c90770115ea37e2cee233b4e8cbb6b91aab5b1e4e85b,788
view/adminhtml/web/ts/js/content-type/appearance-config.ts,824d216790aa1808848a5da5e067445e8c9b96c2999028f419db2cf63e15bce5,1085
view/adminhtml/web/ts/js/content-type/banner/converter/attribute/overlay-color.ts,eba16c52e5c026e0804332a7b16aa86466a2477e19d9bb9786254a298e94af4b,878
view/adminhtml/web/ts/js/content-type/banner/converter/style/button-opacity.ts,b4f653c9e162636a29d3964121c7c9eef743fc0c86f1800e4dfdcec6f586cd0e,792
view/adminhtml/web/ts/js/content-type/banner/converter/style/button-visibility.ts,93ac7df4fad05e3c6ee57526d63c9d25bed8f4a581759f1f9a52f60b1c1912cb,806
view/adminhtml/web/ts/js/content-type/banner/converter/style/overlay-background-color.ts,aeef6bc3389a5e7f39a5cec806efa8ea8f702cfaa1af4f73e683a1d6bcd4279e,989
view/adminhtml/web/ts/js/content-type/banner/preview.ts,f479c3bff3556729f19cd7c5d94ab7cf88527ff9c4d1d0c65e36b9aa25b512df,18387
view/adminhtml/web/ts/js/content-type/banner/wysiwyg/tinymce4/component-initializer.ts,8af849c1ffb5707e946042cee702e704643e71ed6968692370d5ad97c1266e35,2112
view/adminhtml/web/ts/js/content-type/block/mass-converter/widget-directive.ts,7acb14cec5a394613a6b2f22a69b2271faa283c3c15fdb641bc6ec52004a046d,1569
view/adminhtml/web/ts/js/content-type/block/preview.ts,7fc2841cbfb38bb758441f9f874b43e98e0cec856479f05c412b25914d7a3d13,6818
view/adminhtml/web/ts/js/content-type/button-item/converter/style/display.ts,d255ad4c910b9151a8244c4ad89fd4e2bf0da3da22c71847892097e197ab1248,1023
view/adminhtml/web/ts/js/content-type/button-item/preview.ts,1fe17053dd4606f92183203776a1227dea5d68e37469228977430a4a008af9c3,4391
view/adminhtml/web/ts/js/content-type/buttons/converter/style/display/boolean.ts,182765a13d4c34c94c4dc786749b755fab24b083627fd44db584689e63443bae,1024
view/adminhtml/web/ts/js/content-type/buttons/converter/style/display/flex.ts,6e14de3972646c61182466a8cc0891fce123816987d4cc9be4e2fae0da303b3b,1021
view/adminhtml/web/ts/js/content-type/buttons/converter/style/preview/display/flex.ts,16c7aa98ea0e012ad3ac493f14254234b696e73f1dcbc92ca3edf311fb110bd0,809
view/adminhtml/web/ts/js/content-type/buttons/preview.ts,8ea91b473de8ab76bde7866f3da356b9329827a94aad0dc696655ee414c94853,11074
view/adminhtml/web/ts/js/content-type/column-group/drag-and-drop.ts,bfe7808a32efee80d905d89d61614654b9be5766b13efbe4ce29b10edfd02cdb,1723
view/adminhtml/web/ts/js/content-type/column-group/factory.ts,262a333869e035a07f773dff13c15594a5a76e004f98dd2799532023e1a09714,1131
view/adminhtml/web/ts/js/content-type/column-group/grid-size.ts,cbd8edf63fce0f939855e63980c7f494c1abbb8d5ddf388a3b09b6e14045842a,10826
view/adminhtml/web/ts/js/content-type/column-group/preview.ts,dd0e8cfc6b740da1c7211915aee8a9691c8880a65a4f34de36832f01accc3e81,42713
view/adminhtml/web/ts/js/content-type/column-group/registry.ts,1f0d385aaa3f5c5a7c8e0b55e9797054c55bbeaa75d3e10753b17604dd58e095,845
view/adminhtml/web/ts/js/content-type/column/column-events.types.ts,a26035ba88dc42dd1b03f09d1aea6bbcbf31ad9848f20ff8376023f3046962f9,721
view/adminhtml/web/ts/js/content-type/column/preview.ts,cc0092a020976030062f8ee90f6214d25b00cb23f0db8ce276f24b5054dee7c7,12285
view/adminhtml/web/ts/js/content-type/column/resize.ts,33a2fe8d899ee7f5f2f8328797bc7fed4d1996706404ad0ae9d5621e2bb1ffd3,17703
view/adminhtml/web/ts/js/content-type/content-type-events.types.ts,77981d8b56b269a552cc0ac9096ae87245a46afc4ee31055d6531c4d8ca9093a,3063
view/adminhtml/web/ts/js/content-type/converter-resolver.ts,4d1545edba461eb90cbb527c854d1a700ebe4750bcc693815c33b2f8258f7857,361
view/adminhtml/web/ts/js/content-type/divider/preview.ts,62a2766df964c31f74da5363499f067e6a8e5c458caf2fb745b691412f7ddb30,869
view/adminhtml/web/ts/js/content-type/heading/preview.ts,01ec4b4840c424664e1bee6574d9217893f02940a2848da5abe5f96737a5828a,5340
view/adminhtml/web/ts/js/content-type/html/preview.ts,62a2766df964c31f74da5363499f067e6a8e5c458caf2fb745b691412f7ddb30,869
view/adminhtml/web/ts/js/content-type/image/preview.ts,59cb522b54e0fb1af9bbeb460e97589976a13d6718dca4c8912e07073c8a3d8b,2037
view/adminhtml/web/ts/js/content-type/map/converter/attribute/locations.ts,012d7e0688250cbb5305b388501d417fa226bf1ef308e5a2ce113ae3aaee4e07,1551
view/adminhtml/web/ts/js/content-type/map/preview.ts,b0a5b61c84c379412d20ff31d1ac97a8c379ec42f271de9cf0530156ce7d4a31,3966
view/adminhtml/web/ts/js/content-type/master-collection.ts,6803249a6ae0962f29e6da9f2acefcbba652be76d1ca187129758def689efbdc,390
view/adminhtml/web/ts/js/content-type/master-factory.ts,a64acea2974c1330774f6c0e786c2ade0b64f00a0b1d1d1cf39ac234ffb1300f,2132
view/adminhtml/web/ts/js/content-type/master.ts,09dccf3c077b4d039f0ea85cb4480b3faa219e2a674361432d6b5d87decf0c6d,2896
view/adminhtml/web/ts/js/content-type/observable-updater-factory.ts,00e80be886186a16ac2c082f0626b104266623c5184b710e41f65a5482eb167d,1368
view/adminhtml/web/ts/js/content-type/observable-updater.ts,a9ea6ec20d72b667fd58dc6b41f2548dc840141e9617e2977eec822772e6ade2,7813
view/adminhtml/web/ts/js/content-type/observable-updater.types.ts,2398f83edf9cac93faab93582c1c5cf8e5467942cdd82ce2a947485fd26474ee,856
view/adminhtml/web/ts/js/content-type/observable-updater/attributes.ts,11ca98a713263a961a1b458e0204df9711f345189c7a5cb572b11071831a3b51,1483
view/adminhtml/web/ts/js/content-type/observable-updater/css.ts,31b11a8a1ae7e2e86f69d80a15e048ecf188661c1912b2efa4ff014dbc772e04,1260
view/adminhtml/web/ts/js/content-type/observable-updater/html.ts,3456138570fa1048b472f14edc87cc03e43ee4308a18b64107b1cba3811ce82f,1239
view/adminhtml/web/ts/js/content-type/observable-updater/style.ts,e0784fc5c928e8a9674aa849e07b6158dafac0c97a7eaa99279600e802fce69b,2570
view/adminhtml/web/ts/js/content-type/preview-collection.ts,50da6444ff7cc8fdb231aa2526216092b7b5c8d30b00f0af264675824cc477ab,3824
view/adminhtml/web/ts/js/content-type/preview-collection.types.ts,191e19afdd001d1ea65c09ffb823219808be5ad0dcaf5c70849db6ea58c806fc,356
view/adminhtml/web/ts/js/content-type/preview-converter-resolver.ts,4f0c563b37fa2c756de4413801d3dca1aff0233eb4efb18f4ddfc06e7f1bc159,430
view/adminhtml/web/ts/js/content-type/preview-factory.ts,974e26389687080765384d80bb630cd5e5e3a2ca72667e9089728ee95eb95356,2208
view/adminhtml/web/ts/js/content-type/preview.ts,be06779fd32a3963e5a3afab265466581b3f007dda23e9c803d43908f3a0a4d2,21004
view/adminhtml/web/ts/js/content-type/preview.types.ts,e8c76ba05ab76ad3747646ece66cd44e83b746a6db0847600e413ac437e2bfae,811
view/adminhtml/web/ts/js/content-type/products/mass-converter/carousel-widget-directive.ts,e03330bc2453b53c4c20b2c7fe2437d546803beb10b50842be4c35ef6bd22da8,3464
view/adminhtml/web/ts/js/content-type/products/mass-converter/widget-directive.ts,4bd8882fd9b3a9c670112fd2e6e503287ee739380cf8c134122ae1df2905e5ee,3432
view/adminhtml/web/ts/js/content-type/products/preview.ts,fa6d4894a6306050dc600c07215a3c4a1a5d46312ad69004909fb50061c36812,7325
view/adminhtml/web/ts/js/content-type/root-container/content-type-collection.ts,196f7cc6da00911ae2764e04175f1d9cc47617d9d5a292f8a326da61f38d4e19,737
view/adminhtml/web/ts/js/content-type/row/converter/style/margins.ts,395f6ace8e2fcd77a1a616c3cdee3c42bcbccb45fd690d4395674eb2a7d3f568,1485
view/adminhtml/web/ts/js/content-type/row/converter/style/paddings.ts,470cea5a1c8aaabfd851505137653f93459ba92e8d7af6059b31f8cc01ef29c0,1483
view/adminhtml/web/ts/js/content-type/row/preview.ts,bc840e7e7430969a8a21587384d0bc1a7279c8c629f147702dd1cf738e8c35a1,7577
view/adminhtml/web/ts/js/content-type/slide/converter/attribute/overlay-color.ts,eba16c52e5c026e0804332a7b16aa86466a2477e19d9bb9786254a298e94af4b,878
view/adminhtml/web/ts/js/content-type/slide/converter/style/button-opacity.ts,b4f653c9e162636a29d3964121c7c9eef743fc0c86f1800e4dfdcec6f586cd0e,792
view/adminhtml/web/ts/js/content-type/slide/converter/style/button-visibility.ts,93ac7df4fad05e3c6ee57526d63c9d25bed8f4a581759f1f9a52f60b1c1912cb,806
view/adminhtml/web/ts/js/content-type/slide/converter/style/margins.ts,6be11436a22b6229199ce0f32c18ce0af651c3113e381019c3f2c1c76ad4ec51,1910
view/adminhtml/web/ts/js/content-type/slide/converter/style/overlay-background-color.ts,aeef6bc3389a5e7f39a5cec806efa8ea8f702cfaa1af4f73e683a1d6bcd4279e,989
view/adminhtml/web/ts/js/content-type/slide/converter/style/paddings.ts,0c722c88596764a1a9ed1cc13db8e28894a7d880e6a2ca153fb039fbba2986fe,2215
view/adminhtml/web/ts/js/content-type/slide/preview.ts,243ddf32503e802010614baed3092897eda1dcdc99fec1eb5f2f90fe7b475ef3,20132
view/adminhtml/web/ts/js/content-type/slide/wysiwyg/tinymce4/component-initializer.ts,1a5670b629b331176c64c00896ca4a62db894c09eba7c213a309b7680cfb79bc,5133
view/adminhtml/web/ts/js/content-type/slide/wysiwyg/tinymce4/config-modifier.ts,59644cbcf3f3f3cd705627a9f3edf0a5798aaaf873d635151017402d5532127c,656
view/adminhtml/web/ts/js/content-type/slider/preview.ts,039e9d7b14084eaa5a9da9a003b0cf18d0b30d10b57736e12d8807b2223b4a21,20818
view/adminhtml/web/ts/js/content-type/tab-item/preview.ts,2e3f3beb1a3aaed63e6157caa45c40ffcc37937410f544d08a6c80dbf96ad6d0,3663
view/adminhtml/web/ts/js/content-type/tabs/mass-converter/header-alignment.ts,4d56259078c4c5b0f892278cda46ee369aa328d8e54e3a4e0924d7cadabd9699,1119
view/adminhtml/web/ts/js/content-type/tabs/preview.ts,035276b039a24a9b48c7db8357eeb13d44015ecdb5d5dc428fccb519bcb860e4,19333
view/adminhtml/web/ts/js/content-type/text/preview.ts,28ba5c2f001bf3cf5ac25abd646f72dbde2f163f793363ec214e4383d22bd811,11102
view/adminhtml/web/ts/js/content-type/text/wysiwyg/tinymce4/component-initializer.ts,8af849c1ffb5707e946042cee702e704643e71ed6968692370d5ad97c1266e35,2112
view/adminhtml/web/ts/js/content-type/text/wysiwyg/tinymce4/config-modifier.ts,84d47c3d9cf42a3282c8a4e544ce647618908794ebf95ddadef045b48431299b,688
view/adminhtml/web/ts/js/content-type/video/converter/attribute/autoplay.ts,0e9b421af2b91ac8d4bd9472d36cb30be5dbd7dfb5f5a7b9b3b7b1527ba84bbf,889
view/adminhtml/web/ts/js/content-type/video/converter/attribute/src.ts,34805083cc27bcece504c89a31d7ead6506b77ada2a3c38df3d9ac28eb76a4c4,2002
view/adminhtml/web/ts/js/content-type/video/converter/attribute/videosrc.ts,c02243bd91ec76ed944f95e3a76b37311238a4fc9a89799049dd95bf19c15276,1945
view/adminhtml/web/ts/js/content-type/video/master.ts,14e9088f7eaac6aea7779c06a42bb52507fda30263716141c4a32f5cccbf3de3,708
view/adminhtml/web/ts/js/content-type/video/preview.ts,b1e9efd2b74fceee1f59dcb1c1d9ff8dd38d64ab6159f2d528af2f50913abdad,1727
view/adminhtml/web/ts/js/converter/attribute/link-href.ts,4d9ad3749018bbbb1820744a018feae914e308c0a833b0a977a37141d9d88655,2807
view/adminhtml/web/ts/js/converter/attribute/link-target.ts,a65f031b709e50ac37660e7464ec7307bbba97b0ad713d1348cd7d556ad39c5e,946
view/adminhtml/web/ts/js/converter/attribute/link-type.ts,c8f6816b477492e52f419321c320ca1430b30ea99c57c38e2376e2f0179cf82b,908
view/adminhtml/web/ts/js/converter/attribute/preview/src.ts,ed319c9c63618cee93d6e7bb9dee6f35dc98fae806ce4288f8b46bcf2f989c43,973
view/adminhtml/web/ts/js/converter/attribute/preview/store-id.ts,e4942474c10f1bd69378a3937b6d4b7e0578c1af30ecba28b7624e2b5e6b33fd,958
view/adminhtml/web/ts/js/converter/attribute/src.ts,6e3c4ebf37dde20e3a1cbccf94fdd3d33cce37c5e23f6493f8705a78efac98fc,1414
view/adminhtml/web/ts/js/converter/attribute/video-overlay-color.ts,d5f12fd7cb3bd4bae8458c3dcc64a03ecf3779947edaf451f1afea2837a5401b,865
view/adminhtml/web/ts/js/converter/converter-interface.ts,683515c2744abfda236511591a7b5e342cb69213b88936827e7af64926b76cb9,563
view/adminhtml/web/ts/js/converter/converter-pool-factory.ts,0dd2f5e9232e507b8c641989c20d967cef9397ff0c0f397cdcb39dbd76537df9,3943
view/adminhtml/web/ts/js/converter/converter-pool.ts,d678f6c748cc3371f5c2fe75aaed883631d63bddd4f219dd38e0fe56b25b15e7,829
view/adminhtml/web/ts/js/converter/html/decode.ts,1125a4124e479893259673742108e722eb7a38de5431f3abf3621893967bb674,1030
view/adminhtml/web/ts/js/converter/html/directive.ts,b795cf7321f06afad9eb2cd9fbd18fef3f179d8bd3b283d166c8ee73dbff9c8a,1000
view/adminhtml/web/ts/js/converter/html/tag-escaper.ts,b1e0237004f517e47fa4eec64e091495588a1154dfcfba5090dbb8a9986dbb52,996
view/adminhtml/web/ts/js/converter/image-array-object.types.ts,e3ebe6865efb5c67bdc061b942faba901043b8ec1c8857decad5200f835c55b9,195
view/adminhtml/web/ts/js/converter/link-object.types.ts,d03f159164c07085bd66025e9fc290704456db651dd80b6dcf587d145e84974b,206
view/adminhtml/web/ts/js/converter/location-object.types.ts,eda24366dfc01caa560ad0654e3b5c25ef8b0c7623b000205bd131f88b8c6d60,220
view/adminhtml/web/ts/js/converter/style/background-image.ts,e7315edd6caf46944ff10c562b72d08cbcc1d3aea413dd0e4b579aacc8f98b86,721
view/adminhtml/web/ts/js/converter/style/border-style.ts,b151c2db36c0ac0c9fa212cf06ba8571578cc065ca9122f357273866a7bd486e,943
view/adminhtml/web/ts/js/converter/style/border-width.ts,4b2be2a0830b250a03ac979e39c8bf3f9df46531b1987f308850b0e297d51533,911
view/adminhtml/web/ts/js/converter/style/color.ts,a136c906d56e3ecbb1c3e15129612ff986857a4034ccea78af975aff003970de,1537
view/adminhtml/web/ts/js/converter/style/display.ts,29eff7d6598c46888c6556379215ae2be5e2d61ae00f4eb142b31ca4f007ae20,1098
view/adminhtml/web/ts/js/converter/style/margins.ts,7e48498520e18d7b077402fcdc7234c929a88f05fe9dcc986cf1243ac0d3270d,1888
view/adminhtml/web/ts/js/converter/style/min-height.ts,af95dc68c20e69887126f091a4b5ffd9f5b830b4b2a8688b125e355263580816,953
view/adminhtml/web/ts/js/converter/style/overlay-border-radius.ts,4dde8b4c22917b8030bc3fee55dac47d370db3015dd57fd0d4489e733d247dee,1140
view/adminhtml/web/ts/js/converter/style/paddings.ts,21b91e185906f158c208654e16243508c081c812f754ff1ac01fb6d8aa0da043,1913
view/adminhtml/web/ts/js/converter/style/preview/background-image.ts,6ed49d412ec6a389888db75583a6758bb13963990507327be99a5b904e33cbcc,1000
view/adminhtml/web/ts/js/converter/style/preview/display.ts,b5fb063959c2f07b5973d438534a2a527d520c084590a6f96db13397022f00f3,771
view/adminhtml/web/ts/js/converter/style/remove-px.ts,eea12147315d46a8990cc5e9fe39d5da0d9be6c84128d4b890adbfc3fdb0eeee,864
view/adminhtml/web/ts/js/converter/style/video-overlay-color.ts,12de54b1f33e5ca6e286fa9c4695d4fa485ecb400cdcc93567e7807472cd739d,919
view/adminhtml/web/ts/js/converter/style/width.ts,a1498a099b954d3f8ef5e6ad9d1d22612fa8eb2cde1839c85161edf21c48a2be,1489
view/adminhtml/web/ts/js/data-store.ts,4b401e1822579f5eeb73446c250398526f0a2becfc3bdf501b906b78f8b911ec,2720
view/adminhtml/web/ts/js/drag-drop/drop-indicators.ts,f900819808508ffa0e738cb7e9991c19eadd3a199e6857d1afd1e00ec1ffc20c,1683
view/adminhtml/web/ts/js/drag-drop/matrix.ts,fc76543215654c4736e715c2d3062ab6283578967372db451ec6551d70d0f720,1471
view/adminhtml/web/ts/js/drag-drop/move-content-type.ts,7703bbfe3f947aaad76840228dfb41cad9d3edafff55187dd53658f8aeefa857,2986
view/adminhtml/web/ts/js/drag-drop/registry.ts,1b0fa8df68a5115837da53bc07914a07df61b4f97a0c857b69537ad9d3763bb3,682
view/adminhtml/web/ts/js/drag-drop/sortable.ts,707614076e39fa324b007fbefabe14a563308a6419b41b56c8e2dffe86fd8fa9,10632
view/adminhtml/web/ts/js/mass-converter/background-images.ts,1bd644e14190669412921f52224ad2db5886053c601b63623e653269d78d2082,2618
view/adminhtml/web/ts/js/mass-converter/background-type.ts,d50ab5f0d4dbcaeb000be0be182c9482ee56efeda241c1a4a1910ad0f8315057,1487
view/adminhtml/web/ts/js/mass-converter/converter-interface.ts,5d9dcdb7e8c3e51a4f716e5ce6e2384ad61a97b91377f26a68b139621b4fc4b9,910
view/adminhtml/web/ts/js/mass-converter/converter-pool-factory.ts,89efa1a4947aeaffe45f91ae39d4333fa16ad772691af9194820ab9f8d145a54,1333
view/adminhtml/web/ts/js/mass-converter/converter-pool.ts,55d1efcba99a6152ab89a64357780d7410859396cb847f486481a8975f0625b3,856
view/adminhtml/web/ts/js/mass-converter/empty-mobile-image.ts,cf45d32cb5818da362cb5c7a598127ef8e1ed7e8bc21b805daa328309582846c,1726
view/adminhtml/web/ts/js/mass-converter/widget-directive-abstract.ts,08811036806039532f85fe8f546b7985059d42826757dccf99dd47157fa6a890,2676
view/adminhtml/web/ts/js/master-format/filter-html.ts,5b142e4d539a1dd53c0909bf0a592a1de8249579fc9eedda24e6995980a3fa52,1503
view/adminhtml/web/ts/js/master-format/read-interface.ts,56f1147156c2b373eb4055d657cc7c639b15d72de4a05c1745a9cbdb0060fdf8,319
view/adminhtml/web/ts/js/master-format/read/configurable.ts,77132980aeea55a3dc9a423531313c1ebf71c8238313aa8411292a88368cb9ae,10454
view/adminhtml/web/ts/js/master-format/render.ts,649a32ce74851ee9b77224685265312a1e3c98d2b9541a09ad237b49d482686c,4121
view/adminhtml/web/ts/js/master-format/render/events.ts,24f98d9d07237c03337c93e516b8b2723c217be7a28dbb564dc61e4000e6fe0d,370
view/adminhtml/web/ts/js/master-format/render/frame.ts,047267afcc702468b5f316b0f8515f50b6a684375e10e470b44f4bef1d75ec57,7631
view/adminhtml/web/ts/js/master-format/render/requirejs/text.ts,4563fe0449bcf0549db7f023f657642e63359763d9e96284d8fffd93e88413fc,1139
view/adminhtml/web/ts/js/master-format/render/serialize.ts,d2891fb0affb1f5b610126999b17e5238d1e8385a5cfce6295961aa04b6bd8f5,1691
view/adminhtml/web/ts/js/master-format/validator.ts,64e4ccba596adfcc66fe0435c87684e850516ceaff012445611d71e604f786d8,538
view/adminhtml/web/ts/js/page-builder.ts,fdc77bb4eada9de82f4c40409a6116162c9049bf9b368c134329f23eb698cec6,7580
view/adminhtml/web/ts/js/page-builder.types.ts,3144cccd6f8d5782ff0e486d16399387d7058466be116f0125d4d0039c393a75,561
view/adminhtml/web/ts/js/panel.ts,f5f40ede8dbc7e0c12beba662cecbefa2e966cd3deeca0b88cf9f779c350315f,10941
view/adminhtml/web/ts/js/panel/menu.ts,af85a1edd43a69108b901bacfccd9bd700f6728e3f8a694b2bec20f596d3d29c,1266
view/adminhtml/web/ts/js/panel/menu/content-type.ts,0d12fb4f4f22b154629f2326d4deb005fd3005e213ad600044874eb7a99211e6,1484
view/adminhtml/web/ts/js/property/attribute-reader.ts,58bf1bb93097cbda033be940f4f6999fe006f2602012565e72456ff8bae85e30,542
view/adminhtml/web/ts/js/property/link.ts,7dff9f4e3a62e94b1a7b44581602665aea1790213b0be8d8d58008ba1c1e48b5,1556
view/adminhtml/web/ts/js/property/margins.ts,c7ae63b751f5327380bd83fd3b61f027561e5a8dbf181664b7daa3f6750aafb2,856
view/adminhtml/web/ts/js/property/paddings.ts,e7bd345d1127800af539078893d7d3c1382620877c906136c69f3dfc9901a6e7,866
view/adminhtml/web/ts/js/property/property-reader-interface.ts,fe80fa7b3a8cac51646204abc452c18fc428852d6a045e6b381d9a0edf184512,408
view/adminhtml/web/ts/js/property/property-reader-pool-factory.ts,558ce38f533805c6f9cefa908090e10fe1013ad834632b91ad7938d721616e4b,2335
view/adminhtml/web/ts/js/property/property-reader-pool.ts,27fb92b8563afb2884275c065274574f77944506878aeda06f44c83f6a429611,911
view/adminhtml/web/ts/js/property/style-property-reader.ts,cbd0bb246e4cf34f55fd9004f2ccd15be728e3f3f23ec46d52238533dbf05183,700
view/adminhtml/web/ts/js/stage-builder.ts,72340487984c17ff41e4f3c141ba705328ee61ca11c02d7040b318117991405e,9668
view/adminhtml/web/ts/js/stage-events.types.ts,91db690a6a120b245e09f564a754f0091328b861906acabd05140aae857d6fff,288
view/adminhtml/web/ts/js/stage.ts,3e987a85452dee34e6cbc4f83e762168a2809bd3fb365dda1a7ff7b3e1bd9ebe,6857
view/adminhtml/web/ts/js/template-manager.ts,f053228d835d0ecdd79456e49c640500b7077c7f3448355025580904da131827,7955
view/adminhtml/web/ts/js/types/alert.d.ts,e6dde110428d2f049a5d4c9d62225e81b0bbce6b34fe084bbefc1d71619a36d9,1132
view/adminhtml/web/ts/js/types/dismissible-confirm.d.ts,e03b352a2abe1ea0495fc44be8acb7c8968d2cfc19a79e0399c824837e5c302f,472
view/adminhtml/web/ts/js/types/dom-observer.d.ts,1960dfb39580a9e55e59ccc2d7428400ae6bf5a1352ba08cfaa68c445612a626,1464
view/adminhtml/web/ts/js/types/events.d.ts,5cbd56f03487ed037014fed10b7ae78cfea3685500e5ad5b3fdb02337c522a64,174
view/adminhtml/web/ts/js/types/jarallax.d.ts,0e937bb00e9dd8e970fa5e29a99540549db9852d0bcc507ff1e0e312c0dc91d4,4790
view/adminhtml/web/ts/js/types/key-codes.d.ts,2ad701f0e8ff8b07c8755857f439f14e8f284a2592b5157dcab0a508a85da553,232
view/adminhtml/web/ts/js/types/knockout-template-engine.d.ts,7e785330824ec29debb448f1d2012eba1bb8e6db1d43d67cf33e490b037fcfad,273
view/adminhtml/web/ts/js/types/knockout-template.loader.d.ts,12a213526c3a65473091b83611dd8c23ff0a67c9f0a6a431e2b6fdbed640914b,249
view/adminhtml/web/ts/js/types/mageUtils.d.ts,8ceeb7a92315b335b17917ecd1a75b91a872fde3decbdac17665c6f1abae3a78,889
view/adminhtml/web/ts/js/types/resize-observer.d.ts,cdb30be50734c79f2fb1fe323ebfbd2b8ae84841c8459daba00536da33609b94,918
view/adminhtml/web/ts/js/types/text.d.ts,5110887365372798fcc12306cd5d26bbb0599168ef77373890cc0429b38f3408,408
view/adminhtml/web/ts/js/types/ui-layout.d.ts,401fd70bf6b6336f1421e296cb6fe7a94807bb8b024d1818e8805aecbe19d5f5,433
view/adminhtml/web/ts/js/types/utils-map.d.ts,95c687f63a1dd6f23f7b96ffa8ec8e43189732d2f030dde5e6e5977170b6afe4,563
view/adminhtml/web/ts/js/types/widget-intializer.d.ts,55c5afcaba78a212d5ab244eadf2af19d60f25f400d47adac0ce24c4eb81bdc0,393
view/adminhtml/web/ts/js/types/wysiwyg-events.d.ts,b131694ad5e79694ffe0ae13624694fdc1fc1b9b0703cfa5f17f80f398c08e50,622
view/adminhtml/web/ts/js/types/wysiwyg.d.ts,231baba0aaa2e0230c09fa73cd9f6217658150b3ffaa9fc9cc8fde6bf08fa83c,945
view/adminhtml/web/ts/js/uploader.ts,9d7764c3bb34009826e7db67fa87cbd0a4c571c880f5f6e69435ec549b9c0195,2988
view/adminhtml/web/ts/js/utils/array.ts,bb1797fb878247778fef1aa71e4b368bc8672ba372e3cf68efe1a6170b8e4b92,2460
view/adminhtml/web/ts/js/utils/check-stage-full-screen.ts,cf93b6b070765310b9e0a037090074392a088b2a75ee01d21a9146ef2c31a7e7,461
view/adminhtml/web/ts/js/utils/create-stylesheet.ts,65d8cee6b5905a277b0108589d425795ad1de6fd11698da1bdf87ffdc0958969,1525
view/adminhtml/web/ts/js/utils/delay-until.ts,64b1ae7724e9e7afeab13a17a0eacafc5e931a9b8dd125c8909da7dc5e3286ea,533
view/adminhtml/web/ts/js/utils/directives.ts,a8435de0d7547a2f0b75529a2d463f473323a47d87bc0d843633682a51d5b13d,3671
view/adminhtml/web/ts/js/utils/editor.ts,a3cbec02cf76481a9f421d1f71b477e20705d30632b660df90465267f5aa2cdb,11946
view/adminhtml/web/ts/js/utils/image.ts,8ac08cef8758cad6d3d233e955f959eb6ba9a55795ded4984113cd4c62b5eb93,1476
view/adminhtml/web/ts/js/utils/loader.ts,03057b322d743198b2bc3f789a3bd64b796caa367b8f14ef3be9b87e4aaef07f,289
view/adminhtml/web/ts/js/utils/nesting-link-dialog.ts,fe5c7cd0557cc086fed4398eb240bcc0bf6005f4932de5ff5130838cf8a1f033,2339
view/adminhtml/web/ts/js/utils/object.ts,1a9e8edbc7493428b8b7fdc21eaa39b3f60184e3bd559b33f44a19e557bfbca9,771
view/adminhtml/web/ts/js/utils/position-sticky.ts,dd3a7e87de590bcf4c04605795dae34f70427b8967476adbac592efb22a79e30,617
view/adminhtml/web/ts/js/utils/promise-deferred.ts,5f15a9201a954c2b089b3d266ece7c1945951e063371abac8ece699c48837774,647
view/adminhtml/web/ts/js/utils/string.ts,5ad2a968d1cf325c8dfa10883f0c46849b3e002ba515fb1e6b833db80069ff6d,534
view/adminhtml/web/ts/js/utils/style-blocks.d.ts,b4d1fa48946e9649425deaad1f0860c1c85c82432468430916d40318c27ab114,265
view/adminhtml/web/ts/js/utils/url.ts,ee97d02b1775117db1b8acb5e1c810cbe67ca4cc8584270e282bfc68abf1fc65,809
view/adminhtml/web/ts/js/wysiwyg/component-initializer-interface.ts,cf224f2e2e688893a021279f5383225d8e18f1ea127590212f0fb4da47e136ee,314
view/adminhtml/web/ts/js/wysiwyg/config-modifier-interface.ts,4fbb4ee8e3942dcc81677576f3bfd0c3438e7aa980857e2a5c917ae946d5d618,254
view/adminhtml/web/ts/js/wysiwyg/factory.ts,db8d70e8ab42d5553324cb1b93784407b2e26641b085531e45ea7085d393f50c,3414
view/adminhtml/web/ts/js/wysiwyg/tinymce4.ts,9adbfe176a8329ed604ba898df04f11f5dba836a32e287cdd21e51d460a46de9,6960
view/adminhtml/web/ts/js/wysiwyg/wysiwyg-interface.ts,205587170e1d68d7be06077139785d08583b9622ab3901f198b2250df8fc47c2,1001
view/base/requirejs-config.js,dcb8b52a7cb1ca8e152f12be6ae26e2596326a367e864529234740905746be04,887
view/base/templates/googlemaps.phtml,f807cadf0f4fc9d87e1d989e3bcd518c00d83d19801799f38127a05a54573fea,1336
view/base/web/css/source/_module.less,4a62155e525b41b2573e1633557764ef97687221055c54b06647db9108d3720a,209
view/base/web/css/source/hljs/hljs.less,8112c561d69bb07685451e58701b572a4c5a75316bbf46713cd1c97259ef222c,1149
view/base/web/css/source/jarallax/_jarallax.less,7bbd3851db4ab9b6e50b6fb1dd61da1086ba2dabf2ef78085c808535e74d92e6,1076
view/base/web/js/content-type/banner/appearance/default/widget.js,c5b5ca611a94a4e38fee6331e7b68c32d76b5355fa2acbc927ad1023332a6ae6,532
view/base/web/js/content-type/buttons/appearance/inline/widget.js,f9e28571e62e35f099b363182576c6f4aedd9a0ef60eefd0711d4229c8bfbeda,1391
view/base/web/js/content-type/map/appearance/default/widget.js,049181225db2528ea4f6056762127cbf53adcb4afa1191cb764d9df8e7a0d9f4,1250
view/base/web/js/content-type/products/appearance/carousel/widget.js,c096f03cdcd5408dbf89f2ef96cf8a7eafe7fd6ab178530e21d5913638695fc8,2848
view/base/web/js/content-type/row/appearance/default/widget.js,bd21e8c6a4460405afc373faab7c5545972dc8ac75ac7e882329569e8b644602,1211
view/base/web/js/content-type/slide/appearance/default/widget.js,5727366bd104959572e1094a8e3da5fbffa0a01c145128048ec51565349c0f41,1404
view/base/web/js/content-type/slider/appearance/default/widget.js,bde4d11a4bc7782d7847bc38b64e3f67b07ca25c363e879d1a47cd4e6715cc5e,1136
view/base/web/js/content-type/tabs/appearance/default/widget.js,e33b0e4eb726f5ecbf8165f22d09f7e412e6dc80d49bf10f3b850a2b43c1efc9,1486
view/base/web/js/events.js,57b17da8a709a7128c3f38b1faf52ac642ebb3bac816311a4e1f4ba695ba38e4,1145
view/base/web/js/resource/jarallax/jarallax-video.js,f2159f7a1136b907550a64ad2fab6a31fa41bb07bd90e8bf9253bd9240c7a9a8,40839
view/base/web/js/resource/jarallax/jarallax-video.min.js,778db55bd0afd60f2d56af04e93c5f61e4a18c504117f97468c04c4e247f9c77,17033
view/base/web/js/resource/jarallax/jarallax.js,ef7a3da6561fd92bb423172f79c4211543928a8400796ae352dc69f25ce1558f,49223
view/base/web/js/resource/jarallax/jarallax.min.js,88657838a7c1595fd358051dceb1619cd44afa923c22ee397420d677fb5cf196,15211
view/base/web/js/resource/slick/ajax-loader.gif,e7b44c86b050fca766a96ddac2d0932af0126da6f2305280342d909168dcce6b,4178
view/base/web/js/resource/slick/slick.css,de1e399b07289f3b0a8d35142e363e128124a1185770e214e25e58030dad48e5,1776
view/base/web/js/resource/slick/slick.js,f1245730b28bb1c54b425cf8311833c9053b6bd4948f46c59afb2265312bcb08,89787
view/base/web/js/resource/slick/slick.min.js,90f708ec220979a76fc6ade32dcd050ad8f2bf81ac9219f919d3bf8233c9b388,43606
view/base/web/js/resource/vimeo/player.js,b191b0ed534f2a27bb5f877fccb6f9563a17e279e082941d008fe27246e503e0,61667
view/base/web/js/resource/vimeo/player.min.js,c889f8be02dd3f558aa62eecb48553fb5a306c9fff0951bd97ff3b40a46875e0,16416
view/base/web/js/resource/vimeo/vimeo-wrapper.js,3583b6dc59dcaa82d3a33eff6c6e80d8be53ba0d89d2522865d4d33c13dd4b96,236
view/base/web/js/utils/breakpoints.js,e16651a49ae8f81cb76c15d0432ecd744c7bbb5712ae862f9984a7b9a22e1b92,563
view/base/web/js/utils/map.js,d346f421009f1f020a15d0f3d2cab86a8b93cb912ef77820baa1c5f762bba084,6388
view/base/web/js/widget-initializer.js,15bd64e6c2e3715a42ba7f72240b86926b37b82891f7eb7b2028417ce207dff2,1337
view/base/web/js/widget/show-on-hover.js,f95c2d15534d0bee8f784113f6e7ebde26f6f235f37897f2d9df0e7bc92c71df,2160
view/base/web/js/widget/video-background.js,22affdfff377d1ec9a1b7279dc80d278dea2cb822155229f8af77f0ae1d887cc,1369
view/frontend/layout/default.xml,91af682a626c01580f751a28ed0b5d3daa4b25c09ebb17949e41dd2d8bb1efbb,783
view/frontend/layouts.xml,f0feebbe59fee33eab4331ae159df5e64583c11700076acc7faf3ae9d9afb396,651
view/frontend/page_layout/catalog_category_view.xml,7f6106959defccd973286f3041784e3503ba4c5ce21c76ad8b10becf360ff804,558
view/frontend/page_layout/category-full-width.xml,d816fa6d82e94b73ad9661a80a444b57a874128ecbf3b4e9fa6375986ae9fc93,1448
view/frontend/page_layout/cms-full-width.xml,4afcbda07f4b4dba1e102e10c6c8d1bbb8693e3bde848134a4a292fbe268cd18,517
view/frontend/page_layout/product-full-width.xml,10e85c7cda449a784f03b381a95a0227860f826a33dc3a0c8361afdef689da01,5168
view/frontend/templates/catalog/category/view/description.phtml,a7f73568e3c18fdbc0f10c4279416a70eda1fca73807940a021b3b175cfc8342,1630
view/frontend/templates/catalog/product/view/attribute_list.phtml,ce1917640fb86c99d2e331c653bce12c315984b84fa6086d67274bbb1f1fdeae,1009
view/frontend/templates/catalog/product/view/section_wrapper.phtml,a652be61e8be72ee47b1f2a7fc6e26001ca14219237341156665e6ad4062909e,506
view/frontend/templates/catalog/product/widget/content/carousel.phtml,aa938d9bad5ae80ddcf8eebff43aa7544d54000591e8e69ad3c9b81d85f5121f,6157
view/frontend/templates/widget/link_href.phtml,79dec07f584cd5ce7b06a871a7909a4c80ab4f9e83b153cd7f1aa61db6fd9267,245
view/frontend/templates/widget_initializer.phtml,e5d436599d3621b7c51f05e86b6ed8bbab5266d5fa8bac70fc73042707516da1,480
view/frontend/web/css/source/_icons.less,51b5f1f579ba9c5bf908daaedc9fc80df2c8317f70ee7986b66d32c383b476fa,1708
view/frontend/web/css/source/_layout.less,ca8ce11d8522a30cd1e4cd6395230444c36909537b1ebeb6485afc04792eceaf,1204
view/frontend/web/css/source/_module.less,aaca78f7a4d7161576ce99afe68ba517859d4fd85a164f7a57bd037a771f915a,1895
view/frontend/web/css/source/content-type/_import.less,6473138f66b26d7508f2c73c35d0ec6f56147c00baaaff711781bc91fc8041ba,741
view/frontend/web/css/source/content-type/banner/_collage-center.less,f5c38864196282dac0c2757d1f2f64262ea8cbefc23e1705ecf6a11d62526d3d,454
view/frontend/web/css/source/content-type/banner/_collage-left.less,ca38dfb74aaf71762eb1c64da2e795be688c478e185ce81304690449077e5c9f,413
view/frontend/web/css/source/content-type/banner/_collage-right.less,974a66fe5941d5be888e429458a4eed0a213465eac22fc8086784c188150a938,414
view/frontend/web/css/source/content-type/banner/_default.less,146841c6d756dade72606a9e2217b958eee8ab50a1663b33f115bfed77c8bd3e,2289
view/frontend/web/css/source/content-type/banner/_import.less,b5c258e678cbbc2f3f2b95fab0f6b57fe3859941c5d51ac66e826f9fb62679a6,364
view/frontend/web/css/source/content-type/banner/_poster.less,928339629eac5f8051c775e72396fbde5bbfd3d6dc33f690862fe0721a4fbd36,342
view/frontend/web/css/source/content-type/block/_default.less,5676ceca01a30a628e40f6712c7912c5280b53b798580082371a537c1eca194f,407
view/frontend/web/css/source/content-type/block/_import.less,2f3af225ab19ec048d91eef3bb1fdb72d582279d71332006d42846247bfe7fca,239
view/frontend/web/css/source/content-type/button-item/_default.less,4c4cdb1e642016d69da03fb3e50972d9489db359bba647668cd7689b6f47b50d,1462
view/frontend/web/css/source/content-type/button-item/_import.less,2f3af225ab19ec048d91eef3bb1fdb72d582279d71332006d42846247bfe7fca,239
view/frontend/web/css/source/content-type/buttons/_default.less,25a213f6b8f3ceb638317b996c293d3e310b22a8963ea55a54195ed04db13f6a,297
view/frontend/web/css/source/content-type/buttons/_import.less,2f3af225ab19ec048d91eef3bb1fdb72d582279d71332006d42846247bfe7fca,239
view/frontend/web/css/source/content-type/column-group/_default.less,53b616cee97d06b46089c5dfb4d305fe6cd4b90f41744b59747e4abbef87bf20,341
view/frontend/web/css/source/content-type/column-group/_import.less,2f3af225ab19ec048d91eef3bb1fdb72d582279d71332006d42846247bfe7fca,239
view/frontend/web/css/source/content-type/column/_default.less,ed386365567c27c6dfd4fd30d777d5f85e2e4ba034b201d51b522bb2e49e7e6a,569
view/frontend/web/css/source/content-type/column/_import.less,2f3af225ab19ec048d91eef3bb1fdb72d582279d71332006d42846247bfe7fca,239
view/frontend/web/css/source/content-type/heading/_default.less,2e53cde61a54b5a019ae735f23bed40988a078767aaf6d62614cc04a17c9e62a,303
view/frontend/web/css/source/content-type/heading/_import.less,2f3af225ab19ec048d91eef3bb1fdb72d582279d71332006d42846247bfe7fca,239
view/frontend/web/css/source/content-type/html/_default.less,1b8c019e32d224dfaffec43fb24cd5ce1d8ce0f128b65b821814d3158c1b6764,300
view/frontend/web/css/source/content-type/html/_import.less,2f3af225ab19ec048d91eef3bb1fdb72d582279d71332006d42846247bfe7fca,239
view/frontend/web/css/source/content-type/image/_default.less,fd575ec66c989d1733b6a33b50c8ce1b040730a7cd175b5127df1c76b2519e22,493
view/frontend/web/css/source/content-type/image/_import.less,2f3af225ab19ec048d91eef3bb1fdb72d582279d71332006d42846247bfe7fca,239
view/frontend/web/css/source/content-type/map/_default.less,c42d5c3fe242bd00f48ef5b66b9e7a15956223298cc2ab0241a833f122bbafb1,323
view/frontend/web/css/source/content-type/map/_import.less,2f3af225ab19ec048d91eef3bb1fdb72d582279d71332006d42846247bfe7fca,239
view/frontend/web/css/source/content-type/products/_carousel.less,d302c055d49e7dfbe949ec444f490ddcb394a896c6e4c81df82c4fb3cc6e4760,1062
view/frontend/web/css/source/content-type/products/_default.less,e4d32dbb162091f68709dc5521e15a8349498abbdd744deeb4d41eae001a4cd8,1531
view/frontend/web/css/source/content-type/products/_import.less,cbbbffab6187d12db88b1a71f796be9c9d169de69d2c7e04a55bcb75bab8ab3e,267
view/frontend/web/css/source/content-type/row/_contained.less,3f53710d49c8569d005a204293683e36b9a6d9bf491b8a2da556c11718b97057,862
view/frontend/web/css/source/content-type/row/_full-bleed.less,046ebe186095f3efd4bbe9bdee098f6e07a5336a62b3f3b55885224a18134fcc,622
view/frontend/web/css/source/content-type/row/_full-width.less,5c819ec2381f227a07bc3a5b8bc1eee2e957be727cabe5ad86aa660fd20f4550,834
view/frontend/web/css/source/content-type/row/_import.less,a3e14c4b5cbee20eee6701e2b31f0a45132a7f217d4bfd0269720e58959083db,297
view/frontend/web/css/source/content-type/slide/_collage-center.less,30988d0374f746a6f06f447f68698dfc73e592be99a8619d144a7a4293953f4f,453
view/frontend/web/css/source/content-type/slide/_collage-left.less,2c49b5bcb869bba03d3a71952883ccd0a4901eb22cf52f1c46f469e1eb9775df,412
view/frontend/web/css/source/content-type/slide/_collage-right.less,bf86c7a8c5b74e2fe0bb913b6e556c1200aa5c13b201174b2421db887a8a73de,413
view/frontend/web/css/source/content-type/slide/_default.less,87be481b297bb002344dad4f933821245b0051987d51f354dbdfbb718bb18949,3347
view/frontend/web/css/source/content-type/slide/_import.less,b5c258e678cbbc2f3f2b95fab0f6b57fe3859941c5d51ac66e826f9fb62679a6,364
view/frontend/web/css/source/content-type/slide/_poster.less,be79832c6cf1df98389b36ad1fb1390e3e3b26c17c24524e249cd2acc821bbc9,341
view/frontend/web/css/source/content-type/slider/_default.less,eb8a7e17f3a5b0402f8fcf1536f1c005f79602320a413189d7cd52f8744fc4bf,850
view/frontend/web/css/source/content-type/slider/_import.less,2f3af225ab19ec048d91eef3bb1fdb72d582279d71332006d42846247bfe7fca,239
view/frontend/web/css/source/content-type/tabs/_default.less,effc311ff2fc7a00eb974a3724cfabc45adf07156b459162781c8a0c3b39158f,3177
view/frontend/web/css/source/content-type/tabs/_import.less,2f3af225ab19ec048d91eef3bb1fdb72d582279d71332006d42846247bfe7fca,239
view/frontend/web/css/source/content-type/text/_default.less,87a3b4aa20825b196f4d72e774b5a634e048c90beb4d08f203f0b20029e360c3,303
view/frontend/web/css/source/content-type/text/_import.less,2f3af225ab19ec048d91eef3bb1fdb72d582279d71332006d42846247bfe7fca,239
view/frontend/web/css/source/content-type/video/_default.less,3ba7e1ce21bc5a5c9a4f8354ac6d4bda5c380bb56319b06e7b579f4877fc7676,785
view/frontend/web/css/source/content-type/video/_import.less,2f3af225ab19ec048d91eef3bb1fdb72d582279d71332006d42846247bfe7fca,239
view/frontend/web/css/source/slick/_slick.less,032bf19485ff49283ad04c32910ce8cb6a643d86fce14f3e4996b9254bd060d6,5268
view/frontend/web/fonts/pagebuilder-icons/README.md,9ff35010f7ab60df3eefcd5c4dbb57b8e2db3f2ab9539a115bf8748885175ba2,84
view/frontend/web/fonts/pagebuilder-icons/pagebuilder-icons.eot,0839105f4e7afe740e986a9b85f8a4310d4c358c68ba647a4cec8ad6b65428fa,5780
view/frontend/web/fonts/pagebuilder-icons/pagebuilder-icons.ttf,48fb973fbf8acccb478285281b59d069c39dd361e68401d27529f00b481ecd87,5536
view/frontend/web/fonts/pagebuilder-icons/pagebuilder-icons.woff,a1be4ad9674033fbea52dd69713aeb32a9407ab2dea4bb5ffa7407ff90249639,3140
