path,sha256,size
Api/Data/TemplateExtensionInterface.php,6551bfc7a0ee73fefe20b650fe47a25a49be1b93a5cd6ad9b45540160f4e7ac3,285
Api/Data/TemplateInterface.php,589d588f9c17af86185922fac0f70987b19d6bec9e2b916702dccfe7bd8521b5,3504
Api/Data/TemplateSearchResultsInterface.php,187eac2e44a2ea5ea8c71765c5e7794d624c731ae8f17de616ca15ee5dd9a7fd,517
Api/TemplateRepositoryInterface.php,f89b46a839979c25cae3ab77e41bf449ae6b934011494683c6937a64f0e6caa0,1622
Block/Adminhtml/ContentType/Edit/CancelButton.php,ede545d3357d5a30e968bbc9bc06066a4834dff300bd1c7cc81e35cd050e2487,1470
Block/Adminhtml/ContentType/Edit/CloseButton.php,cd8b63165c44a7d71480efbe662f0c18cbc938050cf4eeeb940d4ebacc81db3a,1465
Block/Adminhtml/ContentType/Edit/SaveButton.php,7584f4ab7801cbcb5836506398cfa3113259b0a583abd6fe73e168421408b9a4,771
Block/Adminhtml/Form/Element/ProductConditions.php,f099d39896f66f15a9557bd37f0bb3d11b31e50861c7af957e573fc53a5415ae,2660
Block/Adminhtml/Html/Head/BabelPolyfill.php,7617650f24dbc17b2ebd3b993b208fbe2d73f7018e8946c49cd04d10db1efad0,2135
Block/Adminhtml/Stage/Render.php,5c97b845b04374c98ecaa17047396279a21b4305fea89b483dc0f528b43be15a,2639
Block/Adminhtml/System/Config/EnableField.php,28b4cf39775d23d198e587fd435c7a26eb421a79607ba356628d7c447081c979,2245
Block/Adminhtml/System/Config/Form/Field/GoogleMapsApiKey.php,0eed5910bfa11b1a3d21949764e255a4f5796b54ca3778644d2db19e9de9c1bb,1511
Block/Adminhtml/System/Config/SwitchAttributeType.php,dd8945df91ecff5a827a3af119982655f53073f1025930bacd12c69e35fdc522,1527
Block/Catalog/Block/Product/View/Attributes.php,ff292bba6fd5f1f7b928e1980a3aca8e88674bdf0188c2748cb125cf77d6071c,1798
Block/Element/Editor.php,81ca97ef8eb2acc6b839046b1deb731accdd8efc6b27fda3310e2f06918c0d7e,1482
Block/GoogleMapsApi.php,66184e412f823e046022180c527af18c4afbc4130d989577e3af971fb6e60a8d,2176
Block/WidgetInitializer.php,b6d576104d492062f1cf9231cd77ab90fccabb67481350290ac504ca30f98aa3,1704
Block/WysiwygSetup.php,37307b3f2a3ce5a9c15ff5cb3feadbcb6b07ffe51296b283a30969b596350e5b,2182
Component/Form/Element/Wysiwyg.php,0b4815ae655c5028edb21628b363c6d5d0c38d849b3b1f7281ca3deeb6287ebf,6673
Component/Form/HtmlCode.php,8b5e1a20b478f70eeef2056f646587ca6428ac4de9ca3453b9e0dae693ba19fc,3050
Component/GoogleMapsApiKeyValidationContainer.php,807712e9e87db6409a9f0eda1a369502bf77589983e828cbcccc5f458ee665bd,2155
Controller/Adminhtml/ContentType/Block/Metadata.php,e378f6a90675b4772bf41efb8c1e7c3274604be6eb0673535fb140d91804ed4d,1765
Controller/Adminhtml/ContentType/Image/Upload.php,f7346254155376ab110d04a49effa8977312ba99b978b1d14823980fb92ac9fe,4639
Controller/Adminhtml/Form/Element/ProductConditions.php,3c91b05369ecfb54a81e25053d74f592f468d78b174e0fe0bfa129e60ad48382,2836
Controller/Adminhtml/Form/Element/ProductConditions/Child.php,435018722c95a65ec2dd59f31fdef427477c27791d9ad82e66bba3c9263646c7,2342
Controller/Adminhtml/Form/Element/ProductTotals.php,29e6882ba00df9d8b18861f737f9e6a2e0a411559f63d12de10350c27b4393a3,1671
Controller/Adminhtml/GoogleMaps/ValidateApi.php,ce77d6c766d8dac33e8c345a22b0d6f01fe04963381f8afee3af6c6ad05bfeed,1378
Controller/Adminhtml/Stage/Preview.php,ee1cefba3dd8bfecddebb5fc1ff54e9fc5033197fe19ce9c38e7a750b3c62e76,2119
Controller/Adminhtml/Stage/Render.php,8f2bd54d2074610f9f5c2e0f1196684eb88fd4713d272f531c4a0ca510873897,1142
Controller/Adminhtml/Template/Delete.php,8f46da0b14f9db6af99ebd5b52bdc834a6af39d4903adcc3e0f0e4933be1a9de,2351
Controller/Adminhtml/Template/Index.php,7de7e000980d88e6573abf78473d93ed591985263abd7c9b256f44b926be80b0,2029
Controller/Adminhtml/Template/Save.php,375fa164777b0279fd2632a2aaf66463a8e33cbcbaf344c3228f44468bca9b51,9524
Controller/ContentType/Preview.php,ac691c0647e7c624dabf780ccc7d40ea0ed2a3839c99405fc048d7ed031f37b3,2355
LICENSE.txt,4c8537fd5431aafcb0ab22c49cba68febb59dd3595210f6c6c3b9212de0a7b49,10364
LICENSE_AFL.txt,49d9aa4c0615ff95305681c358fa1575f54ed3a512b016f61c71d6784860dd8d,10376
Model/Catalog/ProductTotals.php,84c0b7f0c6cd3196ab1eff84b15ffbb43c4825a65e7451067230b85c3680a33c,11243
Model/Catalog/Sorting.php,3780c0b2a43880f963bfc0ed9894b6253aca84d894575f24cfcfe9992ca4ddf4,2307
Model/Catalog/Sorting/Category/Position.php,b0759d2e98e25eb6481a442bfbf3aaff9f64704aaf797fc116e4801ebfd91ad4,1943
Model/Catalog/Sorting/Factory.php,a7a83f0d7c3d0d354d9a206ee87d1ed0334b950213f4e68ae1cd8619be94965e,1161
Model/Catalog/Sorting/OptionInterface.php,d200261b119548854e28f6035c5d9bdf7b6a31e38634ee101dffb53989dc9365,808
Model/Catalog/Sorting/Options.php,f26a0a5b84017411d9884c7eca324b28efaad05ffdfc14c989268c7685d5acfd,931
Model/Catalog/Sorting/Price.php,856700bbf8e3098d762ec1376b6185cee937848e4e2877e7163b1749ae0c85b9,1660
Model/Catalog/Sorting/SimpleOption.php,9c8dcc1f9672f9683a3ab5e2ea743d749f834746bbaca4bcc5607693f8361397,1806
Model/Config.php,8938f1407c5b7c9108be1d81fd0d793b22cdba3786ad2aa7b4494eb8be7b0d5b,2091
Model/Config/CompositeReader.php,965bd3b5c238722e47eb147515ae958e9cfaed6336e1a5b27e8daa5fa64bd6e9,882
Model/Config/ContentType/AdditionalData/Parser.php,8d567b77f71cb758ea40860bd781d1b98e41be03bfc0123f4238eb58cfe8c88e,1860
Model/Config/ContentType/AdditionalData/Provider/BlockDataUrl.php,77f922169a49090707992604120e51bdafd5bffa192f6412b8652b4a3a5c69c2,884
Model/Config/ContentType/AdditionalData/Provider/StoreId.php,bc40bfbb70750e7d9ab7b52750d386f0188aae020537080c39df333bc1405d99,829
Model/Config/ContentType/AdditionalData/Provider/Uploader/MaxFileSize.php,7674e41c333f7fcdb0ebda04c29b614fe5bc2a937fb963193a4f4315429a6754,1356
Model/Config/ContentType/AdditionalData/Provider/Uploader/OpenDialogUrl.php,9a177b53fe96544cebb86f19f301d0a423f2c980063f8f8dfe5795287276420e,1189
Model/Config/ContentType/AdditionalData/Provider/Uploader/SaveUrl.php,c5e8dc6b3ee7726a5d5fe216ea33a9e5488b0e95f92fcfc17163dfe3e6002d93,877
Model/Config/ContentType/AdditionalData/Provider/Wysiwyg/Config.php,6fd6931c6d962cb337c086e45de07ea44507e4bc055c54b3f640de9c87a42799,2084
Model/Config/ContentType/AdditionalData/ProviderInterface.php,c91839bbc7e976a2778dc5a8f92810e0501e2a2b9bcc7b72e48b1477b1e5ee9b,513
Model/Config/ContentType/Converter.php,0317cb6d99d16f2b7bda59210cb0cda8218383393ad51f6d52ffb36bb80b879c,21424
Model/Config/ContentType/Reader.php,e99c2a940869597363102466eacbcaa7769e6c92d33b09686fc3272f767d3027,3018
Model/Config/ContentType/SchemaLocator.php,5cd9422127526ba442efdf1dc778c5704599f81ad232351861ffb74dd86ee376,1345
Model/Config/FileResolver.php,d223a3e64ba227f5f36ef45e76022e2eebd79de5e76ba9c07d81ccd45eb9da0a,1667
Model/Config/MenuSection/Converter.php,809e809441df9608c4f39b931e7f2fa4d08f2c7b5291468f40a549a49330bac7,1492
Model/Config/MenuSection/Reader.php,cbc08abe77d50d95766c7f5de75c5a77f5c7b4b3e979f57f8b067dde968703a3,1813
Model/Config/MenuSection/SchemaLocator.php,5175996d93024b497e81f030223dcb2c5951fea5caa87b161b1f6426dc8943ef,1405
Model/Config/Source/Country.php,5d66fc5d6b898ac2e474cefdb8324fe194de6b12e0b74d266d0b55123c7e3669,1181
Model/ConfigInterface.php,e93d19556af2bb8ccd7de24336a27ae5830aab776014f68ebb5411bf7686abd2,579
Model/ContentType/DataProvider.php,17b966e60af6c41c1d183caa6b992ee27a670400531429b08c91c9eb1e37327c,489
Model/Dom/Adapter/AttrInterface.php,4bce2862c4ec7b3e914f98f7f626593e82a8161e85b6b120e290144667d201cc,321
Model/Dom/Adapter/CharacterDataInterface.php,2ae524b983c85a11b7e1add50a756f3b35a8ce926f5005c52c21cff383ada06f,234
Model/Dom/Adapter/CommentInterface.php,be93ecad5f58f9ee8a76e9db85dd143e3a53a7e040958bba9bb59da60b73d38e,222
Model/Dom/Adapter/DocumentFragmentInterface.php,16b78e8dfd4f3382b45c0aaced1de10de25acc22463500bb3c0dd3c9d44df503,991
Model/Dom/Adapter/DocumentInterface.php,8f8da977b8806e46df2fddefedf8100855747d877eb678c6480bc52a5232be62,5601
Model/Dom/Adapter/DocumentTypeInterface.php,440414c8ee510a58c552f7da85832359eaef6ba97069ba232bfe31894b9611c4,232
Model/Dom/Adapter/ElementInterface.php,61da57a065fe54b143e10c5f09a8a9b60f1b5b0adacb167160a5d7403ee3da21,3101
Model/Dom/Adapter/HtmlCollectionInterface.php,873a2bc0f0e5b37f2b680bcb66a917ca82df7834a72a947ad441b1f4066c7833,2374
Model/Dom/Adapter/HtmlDocumentInterface.php,5e4a4f24903fd457c99f8d71cd8bad89d78c07d028cc94339b873c05c7dd23cc,479
Model/Dom/Adapter/NodeInterface.php,ec67dad950fddb96e6669477373b629c239c3d6113ab3f2ce132ab0cda36fe02,216
Model/Dom/Adapter/NodeListInterface.php,d63638e42290e3880a7f22f8fbc1179281593c67147e4513227740b93aacd875,2058
Model/Dom/Adapter/PropertyAttributeInterface.php,93beb6b66d1c058e112e762acbf883af9dfc615d15757baa1cec52336d17ee3e,242
Model/Dom/Adapter/StringMapInterface.php,b36f9adec2720e8b09a4bbfa00bdcfb83f7f757e6699d3b4a80cdfbc048b6137,1930
Model/Dom/Adapter/TextInterface.php,17304e80417debd319753012e22c0d1755b4bbb08441b2b7ddd99dba02081408,544
Model/Dom/Adapter/TokenListInterface.php,dbae2faad805ed65fcf90e753ebe9f7b4c0b70072abb86f054a49295210ab1dd,1423
Model/Dom/Adapter/XmlDocumentInterface.php,3c0767dae42e7e11a4df20bbdcf26dd75cd49703b5a65cb42d0cffd16e08473e,230
Model/Dom/Attr.php,4153d82be2250850b6ae436754bde95f2798c3b25afdb3751c397df177f4bc09,998
Model/Dom/CharacterData.php,48c441ee6049f71ae7e95b95182baa16ea727b5a35d47e8bdbf8a4bf1126a041,299
Model/Dom/Comment.php,70856c410a4b17867598c01d72088ccdf6227dace0d67dfd4162013c190ae8dc,275
Model/Dom/Document.php,693d7ca61d05dd0f493f4977d533f56d1f7a5a82080c5665090664ae586433a6,5015
Model/Dom/DocumentFragment.php,3679f3f42a5a28652fa378e6127aaea8dc2c3ab37bf846c1e2b853058253a4c7,2019
Model/Dom/DocumentType.php,cf432451d3fa737ccb32c92c41af8d4c796080d677eb59c78ddaf4a5673eb44e,295
Model/Dom/DomDocument.php,f60e177ce4cc6acc2df4abf710b4eabc97a4078209a6c0c8a63fc6de3ee24c2d,252
Model/Dom/Element.php,64b05368f93b033c6423945ed6596e0cbb60d93d1c1272c1b271ef62064e5d81,3933
Model/Dom/HtmlCollection.php,ed2b6ce4c5efbbedafa9ddb81d93cf083d5ec369dd0c83682081d44314c49717,3143
Model/Dom/HtmlDocument.php,910afc07e0024bae3650337a22b8ac216d278856ad775aa367b5acb5dbcf5c01,1477
Model/Dom/Node.php,cafee847829b16773c8e8e31f2f4e6300442fb6a9b7717ed8473b59e3cd2d6e5,263
Model/Dom/NodeList.php,8829d6a6b3906607421591e3c439a77bd3b37d7dd2f78cbd3b2987e55189fd7f,2729
Model/Dom/PropertyAttribute.php,a924d24a9be2bfb1aa6083589916c2c8ea8cd68420b2e0f5394dc82053f4ed9e,315
Model/Dom/StringMap.php,45060395eae2079604e6e678e7c8267e34b6a55e27b45412e220d601d85962c3,2065
Model/Dom/Text.php,dc8e42c1ec8732767d39598b79964b73bbb7f1ee1aaadf31b2b2a0c35a200b3d,962
Model/Dom/TokenList.php,31f00e69f4988833a75cb82e58cb934a2cff0d0e54cd8c1c959c4f4909ea037d,1720
Model/Dom/XmlDocument.php,184c7226e1c59748e6f07a5909228b5f06def4c682030be2352f41315ca7d725,1107
Model/EditorConfigCacheCleaner.php,e3b0707bd4db3cb5c971b07d8d2ead75ff576b52ae701b3bffb51e7d68127c88,620
Model/Filter/Template.php,51865de4f9a33abd2d46701997d12a25b1c4ad9ee532675d78085c6ef6524025,13879
Model/GoogleMaps/ApiKeyValidator.php,d41ef98d86a7bd36b7643b7b2229edc3f060340fc3c48f9200763239204cfcf2,1177
Model/ResourceModel/Template.php,9e2324a50fe40ffa084cf21281f2349ba9f4b238575d3c3466cd287ca163b900,517
Model/ResourceModel/Template/Collection.php,e4096b689b97aa34d0fb471446b99e4e1cbc7a46667079d8220abc2a6250e26f,639
Model/ResourceModel/Template/Grid/Collection.php,d95c1283e5de989f4dabf30f174c3b009c32609f502a473bb8775c80ffdaaa1e,4245
Model/Session/RandomKey.php,394db17e9acbeb7c8fbb787a83ad64ae09c7120b838ede47b3e3229227e78912,1789
Model/Source/VisualSelect.php,1820fd84c496b819e7dda35db9cf2ec5f63879ef72c366cff45c53effb1e2d99,1648
Model/Stage/Config.php,265deafb60821d34cb7fd943602278c6b00bb77c420e3a606006e42cd962317e,17333
Model/Stage/Config/UiComponentConfig.php,310dee8c9bc29a6d9f92ce476649c83b8b5112efa256e805297e6eec8fde0927,4352
Model/Stage/HtmlFilter.php,202dd532b6bb219160940702a632a9aa57a6be636ac7449a0648af55a9f91c6a,3762
Model/Stage/Preview.php,a25a679f6ee56a0f28dd5768f4a07362abcce5338dc07781fcee9a686a0bd18a,4123
Model/Stage/Renderer/Block.php,9447bf96a93bab747b5ba088ac6c1f7be38e6002e5c81af701101c563f440370,2719
Model/Stage/Renderer/CmsStaticBlock.php,871b5a2e27a1bce86888712ab0f460da76ac54a14b1dbee8d78af3aea94385c9,3354
Model/Stage/Renderer/WidgetDirective.php,09cb22acfd1c944dcfe3b2492b5bb5ae3e068bf0b402ce4c81f12b54f5fa9276,2148
Model/Stage/RendererInterface.php,5a3d6bcd6d0503ef22dc0d26de6bb3b3388a965295680a72c7bc1f8c2d857fba,457
Model/Stage/RendererPool.php,889b016441b846237c4fdbfcd44df5b83c68eed8c033de18edd1b407bcc0bb0b,826
Model/State.php,27b81f85d0d343ee4dca2c5738b07fd7500c04fa748df245e050125de27c7a58,716
Model/Template.php,9f4bb6513bfb1574b4352c2b657ab5540b664be36c8015bddd4ab5b50e941b56,3497
Model/Template/Source/TemplateTypes.php,f738dbcece02d1a6a62cacb21d55fd8d8c7b43b1549976c766bbcd24d8218592,911
Model/TemplateRepository.php,e5fa12d29c5356e93824cc59954f68f536046bf86c3a020a56f6b0edab03f999,5921
Model/UpgradableEntitiesPool.php,8835605f3e9e3a985e2f82c68eed9bd798f63056ac0c794bc640ca3083f1c249,539
Model/Validator/IframeSrcAttributeValidator.php,5a10a2df348b2b4fe0667663cd1079ab12d9bacbce4ba3651e35d80900b413d8,1703
Model/Validator/InnerHtmlValidator.php,f9f78a883bdcd31a7cfc22bc9ad920b8f2f7403c8f7efe342b1b932c9895e569,952
Model/View/File/Collector/PageBuilder.php,9aba6a9c851c7a09f2d01f3c9b75db80ba27a9ec1f8d18866ea14a3e9ed16237,1984
Model/WidgetInitializerConfig.php,11f68be99dafab5c24351a0149ab3c40c9d08d2f4cd3cfd1f76bab6909507570,1991
Model/Wysiwyg/DefaultConfigProvider.php,1a06917ad732a75a8e80e7fa01658c390cdbbd8aa56cd5f9abf7a27148fe702f,2344
Model/Wysiwyg/InlineEditingSupportedAdapterList.php,bf54b8bec825fa19c29bd8f39d9d74ab34af5d330cd5dae5331a661816ec9dfd,1237
Observer/ClearModalDismissedCookie.php,b429ccff2daddf2f3769f57588c912895aed3c4f8278ff2b4829b26a978d3bdb,2481
Plugin/Catalog/Block/Product/ProductsListPlugin.php,4473a1c64cfeb56dfc53e56fcfbd0431959c88c0852760a9a282e2f6b4a3c23d,3542
Plugin/Catalog/Model/Product/Attribute/RepositoryPlugin.php,cd2e62b8da4de42705e6987b8ba792825d151b04612edc8e64b26feeee7b07de,2499
Plugin/Catalog/Ui/DataProvider/Product/Form/Modifier/EavPlugin.php,cb951df6c86facc0b8f07630db66fc4d495d0298c7a62990a08f4c8cc6d1583b,2930
Plugin/ClearEditorConfigCache.php,986f0be47a9acb4beb2b1e05878f1e65e4810aec952790d96f6bbe8a8c51502b,1166
Plugin/DesignLoader.php,f10a330ca73d65d3611eed49c5aa1e56db40f4e6d350c7ec6ba3abf1ea077559,2867
Plugin/Filter/CustomVarTemplate.php,da91389a2ce740e091d0b54fdd49ce97f4bdac35f9438501e61aca4abced6de9,1325
Plugin/Filter/TemplatePlugin.php,c858a3f500ea3956b02fed29e606de6edecfdaa2c7a1ea3322300566ac98caba,1223
Plugin/Framework/Session/SidResolver.php,84ff1992706edd3cf8c2371454640d0b4bd30af19fb1e25ffd7533899f6dfd0b,1191
Plugin/Model/Eav/Adminhtml/System/Config/Source/InputtypePlugin.php,e6c60317b64fb9f6221116887036315254ddd996c737c17233e57415bc84f2c2,1912
Plugin/Model/Eav/Attribute/PresentationPlugin.php,fb3cb829917876cc509c3ac4a0e8223528c26c0c06200a593af1efca10932e4f,2154
Plugin/Result/Page.php,091be7aeb6935b1faa8acb1308677f2d1945339e8e14f261b6b3c002d5982077,1120
README.md,308c787c57a3d7f855ff1b2b90573db43f2df8049d3cbfad65e8e212c19a4785,1887
Setup/Converters/PageBuilderStripStyles.php,ab71d955e22e52d883d9ea599a3e74bb722fe21e646565a868025af373696966,2892
Setup/Patch/Data/UpdateProductAttribute.php,ccf003f6d973b27d4280e722acf2f6fe233e342679e76275f03c2848462b799a,1753
Setup/Patch/Data/UpgradePageBuilderStripStyles.php,529339b6123035af0a4bdd56f26eacb2bd4b4224fa56c22cbe2c16591e54afd7,1212
Setup/UpgradeContentHelper.php,1dc810b7e648b284c64bb4f92582b530374339a7e9f7366f28ea9c141b86329b,3219
Test/Mftf/ActionGroup/AdminActionGroup/AddPageBuilderPageTitleActionGroup.xml,7a38d3494ccce5e189d04f0733f0a91fc6b95691aa835e3a6c043317d35e054e,589
Test/Mftf/ActionGroup/AdminActionGroup/AdminNavigateToCreatedCMSPageWithEnabledSecretKeyActionGroup.xml,d8d3403e9100b64ea453a0b4d398d3e4e1df688c7719a96fa0bd4d516677c0bf,740
Test/Mftf/ActionGroup/AdminActionGroup/NavigateToAPageWithPageBuilderActionGroup.xml,0651228341f2e1663f8c613f5b2ee7bbdc3b9ae07661a28984ad862d6ddbeb2e,542
Test/Mftf/ActionGroup/AdminActionGroup/NavigateToCMSPageActionGroup.xml,e6915582a2a66cb757b72ea716090c7ec59818894afe975af35534bc7c8ffa50,2248
Test/Mftf/ActionGroup/AdminActionGroup/SwitchToPageBuilderStageActionGroup.xml,6b38758d66edf77f48480a42ba6dc28bfe483099d4054e2d04888b5a748b0064,1937
Test/Mftf/ActionGroup/AdminActionGroup/VerifyFullWidthLayoutActionGroup.xml,f1e18d06de0c5c3c4d4e68c974f00d94717f018fe54b0d1e30427accaab726ee,1134
Test/Mftf/ActionGroup/AdminActionGroup/VerifyPageBuilderNotVisibleOnPageActionGroup.xml,c64aa4c7965720d42140eecaffb152732a5fecde0be1804c5b42bcd4293bbb06,539
Test/Mftf/ActionGroup/AdminActionGroup/VerifyPageBuilderVisibleOnPageActionGroup.xml,279d0e45a79c86a3dc461def921ae46735daa0d83f34bbc6766d7d7535ea22e8,550
Test/Mftf/ActionGroup/AdminActionGroup/VerifyPageBuilderVisibleOnStagingActionGroup.xml,0636e40ed24ddd39e6e2cc74f64270e7d122943458030b3fcbc6f93f16267fbc,661
Test/Mftf/ActionGroup/AdminDisableWYSIWYGActionGroup.xml,6af6819afa84a7acf7c9cac685c7c2f8e9897ca714c6c172dae429f1a8f4681f,458
Test/Mftf/ActionGroup/AdminEnableWYSIWYGActionGroup.xml,0e2d0e324d3b33a00329be62cec77f447950d45bb78b9768c99bcfcd8b30a535,456
Test/Mftf/ActionGroup/AdminSetPageBuilderContentPreviewActionGroup.xml,72b4c0c580e0c1252f861be79bd3db0458851a177cda21bc1935a883ce1e7be0,843
Test/Mftf/ActionGroup/AdvancedConfigurationActionGroup/ClearSlideOutPanelFieldMarginsActionGroup.xml,a23ab5531a44b5828a6578b4f7305e20c137f494e0f0bb2f09628c5c9787dea6,1144
Test/Mftf/ActionGroup/AdvancedConfigurationActionGroup/ClearSlideOutPanelFieldMarginsAndPaddingActionGroup.xml,e09b41c51e463056845671bf400614b94c5acb1d25b5a9afb16192f35deaaa35,1836
Test/Mftf/ActionGroup/AdvancedConfigurationActionGroup/ClearSlideOutPanelFieldPaddingActionGroup.xml,ddd4004a26911aad1a8ff24ce51bc475ee375692f416500b1f908b7848cc783b,1152
Test/Mftf/ActionGroup/AdvancedConfigurationActionGroup/FillSlideOutPanelFieldMarginsActionGroup.xml,c24c4a312bbcd5cddfdcce496338682dcd733ea749d09bf491eea7605aed6428,1288
Test/Mftf/ActionGroup/AdvancedConfigurationActionGroup/FillSlideOutPanelFieldMarginsAndPaddingActionGroup.xml,a50323034c9195b6656ac5d07ecddb2db87a46f8edcf422a89f1e1289c7c5cb4,2115
Test/Mftf/ActionGroup/AdvancedConfigurationActionGroup/FillSlideOutPanelFieldPaddingActionGroup.xml,5a567edd584befcc9537498a7c288a67ab713e48d587c6ae6e1bb0d279776125,1300
Test/Mftf/ActionGroup/AdvancedConfigurationActionGroup/FillSlideOutPanelSingleFieldMarginsOrPaddingActionGroup.xml,e4667d5beedb2684bf5285fb4afa88ae29d0b9c6b4d881e14f5acb4073a19980,762
Test/Mftf/ActionGroup/AdvancedConfigurationActionGroup/SeeInMarginFieldsSlideOutPanelActionGroup.xml,9173ecb550fb994ed88f32d05327f5cd31d0e24c2cc7f67a282af91b8a6e5488,1253
Test/Mftf/ActionGroup/AdvancedConfigurationActionGroup/SeeInMarginsAndPaddingFieldSlideOutPanelActionGroup.xml,ff35ba5297e8ac0f1c57b68ba5b486544276f7a0ab65ce44ab6b52c62c446cec,1709
Test/Mftf/ActionGroup/AdvancedConfigurationActionGroup/SeeInPaddingFieldsSlideOutPanelActionGroup.xml,e365752ac04e1460407a9eabb274691add814b0b91f5281776d54c5b239a6aa0,1267
Test/Mftf/ActionGroup/AdvancedConfigurationActionGroup/ValidateAdvancedConfigurationAllOptionsActionGroup.xml,4f8ded495ff1e2ab7ecf43d574136933456430d56cc17e4eed344c899cccb88c,4670
Test/Mftf/ActionGroup/AdvancedConfigurationActionGroup/ValidateAdvancedConfigurationNotSetActionGroup.xml,9af9e410fa6621618fa7b73fc231f1b7b0e53122fdc8a1120b18a45ace20e957,718
Test/Mftf/ActionGroup/AdvancedConfigurationActionGroup/ValidateAdvancedConfigurationNotesActionGroup.xml,86ee9b5fea4f0367396878e83e30201b305afb6658cdb1670b21a2b121a76752,732
Test/Mftf/ActionGroup/AdvancedConfigurationActionGroup/ValidateAdvancedConfigurationWithAlignmentActionGroup.xml,2bc7bbf6801182d3743d8ff3ab3b208dd005c89f36cd2b0b66ddeb01a663207e,1323
Test/Mftf/ActionGroup/AdvancedConfigurationActionGroup/ValidateAdvancedConfigurationWithAllUpdatedNotVisibleActionGroup.xml,af1f5d7b63ed19cf1af075e9fc2c1e815da4517a5d813a8c489f97e914bb95f1,4918
Test/Mftf/ActionGroup/AdvancedConfigurationActionGroup/ValidateAdvancedConfigurationWithBorderColorActionGroup.xml,d910625c4d5ef6461bf76ad69a4725c33f017ea1628c9e1f142e17657a032a73,1223
Test/Mftf/ActionGroup/AdvancedConfigurationActionGroup/ValidateAdvancedConfigurationWithCssClassesActionGroup.xml,5ddcf4de88d022b2f1bdac620964145dc91c310ec573b079cbb1c3a01ce1270b,1652
Test/Mftf/ActionGroup/AdvancedConfigurationActionGroup/ValidateAdvancedConfigurationWithNoAlignmentActionGroup.xml,61413a1ee58f6f758bfd61d24916f73d74396261ff4649b055f7591b954a3d43,1763
Test/Mftf/ActionGroup/AdvancedConfigurationActionGroup/ValidateAdvancedConfigurationWithNoAlignmentNotVisibleActionGroup.xml,e92381fc6c034aba2cd6a2a0a52586e4dfc6f5f9f25b79ecf1619d3afc88d0aa,804
Test/Mftf/ActionGroup/AdvancedConfigurationActionGroup/ValidateAdvancedConfigurationWithNoBorderActionGroup.xml,a65121d08361d9dd315053e5a939f6f4f68a506beb19d2ba24e163cb70719860,1375
Test/Mftf/ActionGroup/AdvancedConfigurationActionGroup/ValidateAdvancedConfigurationWithNoBorderWidthActionGroup.xml,e8cd1a172188fd408df5893c1c8a104c82e264a5f801377b4f21733984462af3,1795
Test/Mftf/ActionGroup/AdvancedConfigurationActionGroup/ValidateAdvancedConfigurationWithNoMarginsActionGroup.xml,6c335d79c9024dbd323ebf70b4fc0816a3bd8124f6dbf79459bf437764245410,2074
Test/Mftf/ActionGroup/AdvancedConfigurationActionGroup/ValidateAdvancedConfigurationWithNoPaddingActionGroup.xml,f8f0953a16f1ffa6b54430d6a27f83d518f5ab5cff35e4e68e70a115067e52bd,2113
Test/Mftf/ActionGroup/AdvancedConfigurationActionGroup/ValidateAdvancedStyleWithAlignmentActionGroup.xml,c7cc8466efd727c548c4b5744d61f19a0df6e8b48bc14dbc5f9ee0e0d7f8e833,2222
Test/Mftf/ActionGroup/AdvancedConfigurationActionGroup/ValidateAdvancedStyleWithAllUpdatedActionGroup.xml,db4a0dca37cdb6424275af028fc17bb9afb6a9b30cf55f910545a569d9e969be,2368
Test/Mftf/ActionGroup/AdvancedConfigurationActionGroup/ValidateAdvancedStyleWithAllUpdatedNotVisibleActionGroup.xml,8f4a3a91633272555120db1134a9d9b58fdf8fd210c68412c0d0f3ae3365c5ff,3204
Test/Mftf/ActionGroup/AdvancedConfigurationActionGroup/ValidateAdvancedStyleWithBorderColorActionGroup.xml,1ea07dc551e7e21200576fc19e8ac325daf0bb040b28a7d3c744264dbac712e1,2186
Test/Mftf/ActionGroup/AdvancedConfigurationActionGroup/ValidateAdvancedStyleWithCssClassesActionGroup.xml,e45abe464b60788e66c7cedf08bc873921bf706cf97c83662e230eaf4a78caf2,2183
Test/Mftf/ActionGroup/AdvancedConfigurationActionGroup/ValidateAdvancedStyleWithNoAlignmentActionGroup.xml,649cae38927011b69f6609c934a08cfef2960614249fd51e5b3ea40da39b0a45,2111
Test/Mftf/ActionGroup/AdvancedConfigurationActionGroup/ValidateAdvancedStyleWithNoAlignmentEmptyBorderRadiusActionGroup.xml,2843ae7e8060ae418a1589985b08996fe448f6ef48befba8a2f7214b6c385189,2004
Test/Mftf/ActionGroup/AdvancedConfigurationActionGroup/ValidateAdvancedStyleWithNoAlignmentNotVisibleActionGroup.xml,d2f4630db9a08a8c9afa100a49baa3b7a8cd43d9f0dc26243d8e7ee25fb4d636,2893
Test/Mftf/ActionGroup/AdvancedConfigurationActionGroup/ValidateAdvancedStyleWithNoBorderActionGroup.xml,f8d51ea61c53f1e7bec4526578f79038932a982d9c72f75b6fdd1bbbcc3aaf89,1895
Test/Mftf/ActionGroup/AdvancedConfigurationActionGroup/ValidateAdvancedStyleWithNoBorderRadiusActionGroup.xml,8efb0e4228614c56c32e15ca227cfd499b11356680720d0feb334d4bd03610a1,1990
Test/Mftf/ActionGroup/AdvancedConfigurationActionGroup/ValidateAdvancedStyleWithNoBorderWidthActionGroup.xml,ef16770deb013cc01d890765a79d3d6cf7238e1f048d78c239dd18c5bb2d633f,1994
Test/Mftf/ActionGroup/AdvancedConfigurationActionGroup/ValidateAdvancedStyleWithNoConfigurationActionGroup.xml,1c45c76b603566c8bcf29977eb4808726e035b10d676e69c080f7d5e7ca3b1d5,1550
Test/Mftf/ActionGroup/AdvancedConfigurationActionGroup/ValidateAdvancedStyleWithNoMarginsActionGroup.xml,075ee70599bab555cc589e7dda347f41b4c9dee720cc2221a67c021454226e94,2008
Test/Mftf/ActionGroup/AdvancedConfigurationActionGroup/ValidateAdvancedStyleWithNoPaddingActionGroup.xml,5b2c961edd5941284c3204077581bbbb22f4f4aaa38ac53de25337145694a769,2006
Test/Mftf/ActionGroup/AdvancedConfigurationActionGroup/ValidateMarginsAndPaddingPlaceholderTextSlideOutPanelActionGroup.xml,03440ffe7a883ff258e37d0008586ff38a278d119b0735ca6898f87590f89775,2061
Test/Mftf/ActionGroup/AdvancedConfigurationActionGroup/ValidateMarginsOrPaddingErrorActionGroup.xml,233b4e028bc3712eba6fc7c4a3b7319a5d770887c6e637ba613fe0f6fef7cfbd,879
Test/Mftf/ActionGroup/AdvancedConfigurationActionGroup/ValidateNoBorderColorActionGroup.xml,e646fd8c71bd71cc4b8bf5678b49f5f292e2747baa37d3ee4de75bf6e9678584,1187
Test/Mftf/ActionGroup/AdvancedConfigurationActionGroup/ValidateTextAlignmentActionGroup.xml,334bb1650d9b9ec92f4d04591ab0e2eb4a7d0ae7839ebd62855a630bd8a4ed94,703
Test/Mftf/ActionGroup/BackgroundConfigurationActionGroup/ValidateAllBackgroundAttributesActionGroup.xml,6d57f68bf2984545e70cff21a752072256052af9aa8dedbf02353393b93a83a0,4750
Test/Mftf/ActionGroup/BackgroundConfigurationActionGroup/ValidateBackgroundAttributesActionGroup.xml,7f852463b076ad222ea2d7e39d341c939ad995b0de1a8251de3deed615aa4345,2010
Test/Mftf/ActionGroup/BackgroundConfigurationActionGroup/ValidateBackgroundAttributesWithNoColorActionGroup.xml,c071bfc3e1d674056feac54619cbc7daf7f799a0cd016a57ac0a1259b7c0305d,1966
Test/Mftf/ActionGroup/BackgroundConfigurationActionGroup/ValidateBackgroundAttributesWithNoImageActionGroup.xml,5b30fd39b2aa60fa07f9d5457e1a12805cf3b5d08911a8ca91792fa8655313c9,1847
Test/Mftf/ActionGroup/BackgroundConfigurationActionGroup/ValidateBackgroundAttributesWithNoImageOrColorActionGroup.xml,94e21d3792a4a2987b45e6a8be81aa9c8f8892cade1c4dd6c2014395a207cf79,1909
Test/Mftf/ActionGroup/BackgroundConfigurationActionGroup/ValidateBackgroundConfigurationWithNoImageActionGroup.xml,e1320b0b29620e3218bf239a6dae3f7cdc8dd3a0438b86b7e9c5cd246405bd1b,1012
Test/Mftf/ActionGroup/BackgroundConfigurationActionGroup/ValidateBackgroundConfigurationWithNoImageOrColorActionGroup.xml,63d1d4d475af60277562559dd4b4a4b503848ddc4d796887ab48501c1013f4ca,1388
Test/Mftf/ActionGroup/BackgroundConfigurationActionGroup/ValidateBackgroundImageActionGroup.xml,1fbee6c461291fa14a416a9ff0d58fe5dc17d9bd6bc5a85f5d7d3ef10f205f40,1810
Test/Mftf/ActionGroup/BackgroundConfigurationActionGroup/ValidateBackgroundImageConfigurationActionGroup.xml,30fa329e7cf049085fd0d911c502971b661c5ded508084c9f9094c9c65294859,1886
Test/Mftf/ActionGroup/BackgroundConfigurationActionGroup/ValidateBackgroundImageContainerActionGroup.xml,0df45806f72abc98e16df532b78eda5cf3a404b2f8add5c24e61656e4fd99f69,1767
Test/Mftf/ActionGroup/BackgroundConfigurationActionGroup/ValidateBackgroundMobileImageActionGroup.xml,ad1c5c3c74568a9a1bcdf6f38bad7b9f34788213926a8e294592f9d250528065,2363
Test/Mftf/ActionGroup/BackgroundConfigurationActionGroup/ValidateFallbackImageAfterVideoFinishesPlayingInVideoBackgroundActionGroup.xml,3c64b86e64410f173df192c75426b4c1e78ca9bd9539a5c86819b4832114c20d,2266
Test/Mftf/ActionGroup/BackgroundConfigurationActionGroup/ValidateFallbackImageInVideoBackgroundWithInvalidVideoActionGroup.xml,909f77bd395b831972b43a3b8354bac71960adacf8c67fa3626764c661ea7faa,2197
Test/Mftf/ActionGroup/BackgroundConfigurationActionGroup/ValidateInvalidVideoBackgroundAndNoFallbackImageActionGroup.xml,78b508af6e44832a713d5c81e0f84f364d727f9d016b1d8f86951c9e89f393e8,1277
Test/Mftf/ActionGroup/BackgroundConfigurationActionGroup/ValidateMobileBackgroundAttributesActionGroup.xml,f2be27d87b8bea7b90f51236f029d4b99ff05e4742d4ff84edab247bdb11b856,1927
Test/Mftf/ActionGroup/BackgroundConfigurationActionGroup/ValidateMobileBackgroundAttributesWithNoImageOrColorActionGroup.xml,3e0c0ac759f7f1d1d7a08cf59285b2c7e03e4cb226857113647de6f731dc7e4b,2005
Test/Mftf/ActionGroup/BackgroundConfigurationActionGroup/ValidateNoBackgroundImageActionGroup.xml,c55e436f83a03c2eb504613fbe7458cc354867a614c40520631bcb98ff54d2a1,1086
Test/Mftf/ActionGroup/BackgroundConfigurationActionGroup/ValidateParallaxVideoBackgroundWithAllAttributesActionGroup.xml,25654cdfe36a42adb3ae7b18a87afb3c3c261281cb2318d7d0b65a5cdb787285,1302
Test/Mftf/ActionGroup/BackgroundConfigurationActionGroup/ValidateVideoAspectRatioActionGroup.xml,5721610b89a51c7134439da31cec50f04b85fa5fc686affd21e7d3911d99a560,2043
Test/Mftf/ActionGroup/BackgroundConfigurationActionGroup/ValidateVideoBackgroundFinishedPlayingActionGroup.xml,a0c8a64b8ad47debe76f6187e0a2e08c724b0f8f4a0fa6a51a4b256551107952,818
Test/Mftf/ActionGroup/BackgroundConfigurationActionGroup/ValidateVideoBackgroundFinishedPlayingBeforeViewingActionGroup.xml,f19292ec890b518d184e1d77265b050f64b472bd09fbe4145c4f3a0ab4ef1ea2,1121
Test/Mftf/ActionGroup/BackgroundConfigurationActionGroup/ValidateVideoBackgroundLoadedActionGroup.xml,1630e572c20141446668513812b19a015ec7a4d10be05788514e5751508b0ccc,1010
Test/Mftf/ActionGroup/BackgroundConfigurationActionGroup/ValidateVideoBackgroundLoadedButNotPlayingActionGroup.xml,f1532d8741ec3a6ec6b228d57b074ec6507d5fbe8704ceed10a04117ac929709,821
Test/Mftf/ActionGroup/BackgroundConfigurationActionGroup/ValidateVideoBackgroundLoadedButNotPlayingAlternateActionGroup.xml,cc3e631c2a40852ab7bdf7a474182b43c2134dfd440d17a4a13cea9e777fd760,847
Test/Mftf/ActionGroup/BackgroundConfigurationActionGroup/ValidateVideoBackgroundLoadedButNotPlayingForNotVisibleElementActionGroup.xml,cfa66875765166815e70ffd1fc727fcdd787dfa44e8e222039f4be0698585481,1053
Test/Mftf/ActionGroup/BackgroundConfigurationActionGroup/ValidateVideoBackgroundNotLoadedActionGroup.xml,294180be3bc52fe89cb25a3e8c4b55f6e66c72d548faae602a0b33bfab1c9397,649
Test/Mftf/ActionGroup/BackgroundConfigurationActionGroup/ValidateVideoBackgroundPlayingActionGroup.xml,74fce2d124d7893bd953caf9a6272aa8c7bcca4e56b8874cbb5503e5a62b9391,2107
Test/Mftf/ActionGroup/BackgroundConfigurationActionGroup/ValidateVideoBackgroundWithAllAttributesActionGroup.xml,5d1603b841e8d2f042df3b2af6e5c5479210aa82e982dc66a164dcf79eddfc17,6377
Test/Mftf/ActionGroup/BackgroundConfigurationActionGroup/ValidateVideoBackgroundWithOnlyVideoUrlActionGroup.xml,712df8081382fdbe2d6b05b5baa92e0747d0fd8a2f7d049f61d865ace92d7ba7,4798
Test/Mftf/ActionGroup/CatalogProductActionGroup/ExpandAdminCategorySectionActionGroup.xml,da8334f683db45630acf732a3a8e8704f56a729b9f63bda88a5d8fc47335ff7e,1037
Test/Mftf/ActionGroup/CatalogProductActionGroup/OpenPageBuilderForAttributeActionGroup.xml,baa23cdf4e278223123f7852fa2f0878cb69478bc38c09bb88dcb4f5728f572e,1152
Test/Mftf/ActionGroup/CatalogProductActionGroup/SaveCatalogCategoryActionGroup.xml,eaece80e9f0623d3238012121f99a9ea2ed66ee6691b62b51cdd82bc48905c29,650
Test/Mftf/ActionGroup/ContentTypeBlockActionGroup/SearchBlockInGridActionGroup.xml,eec271f638aec096a5d2da063550ac0e298a4787749c215e771b7ae6148857f9,1458
Test/Mftf/ActionGroup/ContentTypeBlockActionGroup/VerifyAlignmentRightInBlockActionGroup.xml,67c560385e22885cc4135e5a1a3976ebaec5b4cf6c174cee009803f0f4dbcb5f,2320
Test/Mftf/ActionGroup/ContentTypeBlockActionGroup/VerifyBlockOnStageActionGroup.xml,fa958c96c64264e66465b3803fe1139540feb64bf5b79706a19aee7404e813cc,1022
Test/Mftf/ActionGroup/ContentTypeBlockActionGroup/VerifyVerticalAlignmentBottomInBlockActionGroup.xml,a000230e5f00f6cf2bfa19cc6e43a62f277faef9ce734210d8d278c47244eaa6,2018
Test/Mftf/ActionGroup/ContentTypeBlockActionGroup/VerifyVerticalAlignmentCenterInBlockActionGroup.xml,4e6cae59f8e7c063842a8c3dc67fcad399e230587ee6ebb1eae2ab816ea18713,1462
Test/Mftf/ActionGroup/ContentTypeButtonActionGroup/InlineEditButtonActionGroup.xml,fc271e007b9dcf775f4a3887700a7ad487703c812c1cc8a7476855cd731d3756,1316
Test/Mftf/ActionGroup/ContentTypeButtonActionGroup/MoveButtonActionGroup.xml,536470e7e826391d67eeaf689f5b2a0f09cc7967335ee64aac377f5f0782a23a,1631
Test/Mftf/ActionGroup/ContentTypeButtonActionGroup/ValidateButtonGroupInlineAppearanceActionGroup.xml,c538cd049d76ac296550ac8534d7b92ecd31eb878608fa18402ca55b449c30d1,2335
Test/Mftf/ActionGroup/ContentTypeButtonActionGroup/ValidateButtonGroupInlineAppearanceWrapsActionGroup.xml,cb2a8c3e0a23ce637077e5ce3ecd23240a9b7f8eb895cd0f4265e28577468282,2369
Test/Mftf/ActionGroup/ContentTypeButtonActionGroup/ValidateButtonGroupStackedAppearanceActionGroup.xml,cd14b994875a2addbf549119c0e0ec121c16ffc11f264317f610e7bc2908079f,2362
Test/Mftf/ActionGroup/ContentTypeButtonActionGroup/ValidateButtonItemContentActionGroup.xml,3417aa55a61ec68bc15515d08f4f866aee19581447e8c19e480d6e1ab903a397,1468
Test/Mftf/ActionGroup/ContentTypeButtonActionGroup/ValidateButtonItemsDefaultMarginActionGroup.xml,6583b127d280303fa7c8d14a6bec0d3c4c83a9d789e6a345215630d9b392b783,1051
Test/Mftf/ActionGroup/ContentTypeButtonActionGroup/ValidateButtonItemsDifferentSizesActionGroup.xml,7ac8c921985b76104140d894b67538ea2a5cce2a82503afa146e30c2b53a4315,864
Test/Mftf/ActionGroup/ContentTypeButtonActionGroup/ValidateButtonItemsSameSizeActionGroup.xml,abe499adcaf32a2db25ca25face3d9acc00954c3613f3c274f2e9fd630d31ea0,2301
Test/Mftf/ActionGroup/ContentTypeColumnActionGroup/CloseGridSizeFormActionGroup.xml,b9ed140ebca9d712e1d7f8298d818e16a6db4da2382e23c8abf8c0fd8fdb664d,699
Test/Mftf/ActionGroup/ContentTypeColumnActionGroup/DragColumnToAnotherColumnGroupActionGroup.xml,7f55431b4ad2b6e018d87c9fa3a12bf8544fa46af0d45a95e178da33b3e5a9f3,1788
Test/Mftf/ActionGroup/ContentTypeColumnActionGroup/DragColumnToColumnGroupActionGroup.xml,b219bd33ca09c35ba45566b7820799bf968029b92df45a074888e18fedd8a4b5,1713
Test/Mftf/ActionGroup/ContentTypeColumnActionGroup/DragExistingColumnToExistingColumnLineActionGroup.xml,d58cfe55bd0a5a7cf98ec8908ca62e38182bc9dda60d65547dfae3051bae8386,2031
Test/Mftf/ActionGroup/ContentTypeColumnActionGroup/DragExistingColumnToNewColumnLineActionGroup.xml,d9215985050217102c83cf2ef9c4e7a404de9d4fae128db17f20b2005252acf3,2257
Test/Mftf/ActionGroup/ContentTypeColumnActionGroup/DragNewColumnToNewColumnLineActionGroup.xml,bc51b34168967e41186fc76fdd38d585858b392aa7f1714ed53f0e3910882e94,1801
Test/Mftf/ActionGroup/ContentTypeColumnActionGroup/OpenGridSizeFormActionGroup.xml,de76eccfacdc813c321e6c867dd90461c45ccb01e5849445fa7e1c6e2eb6e98d,898
Test/Mftf/ActionGroup/ContentTypeColumnActionGroup/UpdateGridSizeActionGroup.xml,c9e60256bc79f3fa60fa99d24e5d7d31a534e98cacd0e81c80c4a342b2500b3e,1617
Test/Mftf/ActionGroup/ContentTypeColumnActionGroup/UpdateGridSizeInvalidActionGroup.xml,21a061dfc858e287fc5d217415c6bee9906622ccf6d58ea06dd9f611b63c8b75,1010
Test/Mftf/ActionGroup/ContentTypeColumnActionGroup/ValidateColumnAppearanceBottomAlignedActionGroup.xml,7b45d7cd1b5bef426a7dd48df39c6bd79021cea5247a53610e34666116b52b33,981
Test/Mftf/ActionGroup/ContentTypeColumnActionGroup/ValidateColumnAppearanceCenterAlignedActionGroup.xml,cb748b96bd90f0a2f1850246e37d6ad97d0880f1332f56cbe59b17a5d0c22756,1218
Test/Mftf/ActionGroup/ContentTypeColumnActionGroup/ValidateColumnAppearanceFullHeightActionGroup.xml,131f691a7061235aabe0899da8827347dd8264900a36d814781ec88c67177eef,1947
Test/Mftf/ActionGroup/ContentTypeColumnActionGroup/ValidateColumnAppearanceTopAlignedActionGroup.xml,9747ea414c2627ded5cdbd8a69172131aa24e7b8a678fb9fb2ffddb93f15e6a0,2681
Test/Mftf/ActionGroup/ContentTypeColumnActionGroup/ValidateColumnWidthActionGroup.xml,7f3d680afb6d2e81b4d06b0f6f0409a056db69823a449be93a1512992c35c754,1719
Test/Mftf/ActionGroup/ContentTypeColumnActionGroup/ValidateColumnWidthOnFrontendActionGroup.xml,0632198c8033ba4c5064bcf8054777ee109a3648f903fea35f8576a677887bc4,1724
Test/Mftf/ActionGroup/ContentTypeColumnGroupActionGroup/OpenGridSizeFormInColumnGroupActionGroup.xml,332812ae7205a4ce2d73aa154744a1e2c7759384c730fc362c2d5112dcba4375,2369
Test/Mftf/ActionGroup/ContentTypeColumnGroupActionGroup/UpdateGridSizeInFormActionGroup.xml,bb8248b9ddea355bbe355c4c7859eab2c69a5ee71873824782b36bdbecefa845,2697
Test/Mftf/ActionGroup/ContentTypeColumnGroupActionGroup/UpdateGridSizeInvalidInFormActionGroup.xml,e86a5880bf4d69b2212d9ec370cb4846e4f6bdf83e5221b4e5b26f3a21ca4e1c,1063
Test/Mftf/ActionGroup/ContentTypeContainerActionGroup/VerifyAffordanceSizeActionGroup.xml,652344f1a9d978d044f30490448a7743d8f9ab963e7bb1b8c658d973158639a8,1318
Test/Mftf/ActionGroup/ContentTypeDividerActionGroup/ValidateDividerActionGroup.xml,7effe766133a5a9b534d76b8c319850aff257eb1f91d19146eec5e3301b6f027,1198
Test/Mftf/ActionGroup/ContentTypeDividerActionGroup/ValidateDividerGeneralAttributesActionGroup.xml,a69a0ba5ebed4679480cd50cb7a38c69739ef5f222387030f0743c797973ea9e,3133
Test/Mftf/ActionGroup/ContentTypeDividerActionGroup/ValidateDividerWidthPercentageActionGroup.xml,815069ee4a500ab1823045871b9c82fb857b5eea84fe0ae98fdff71db99a1c5a,1931
Test/Mftf/ActionGroup/ContentTypeDividerActionGroup/ValidateDividerWithoutColorActionGroup.xml,9f016f4ae3a62b5f8054402954e8054e366f0d792ef82ff2586aa132941597e2,1113
Test/Mftf/ActionGroup/ContentTypeDividerActionGroup/ValidateDividerWithoutThicknessActionGroup.xml,a3b5eb9721a3b0ad29633ebf0fa97e15d153bb08d53580415c35dadeb8571eec,1103
Test/Mftf/ActionGroup/ContentTypeDividerActionGroup/ValidateDividerWithoutWidthActionGroup.xml,534418b6989c3ebc738c68a3e299a76c4d99de06a3b8a433c80a9e81b1a4bc92,1111
Test/Mftf/ActionGroup/ContentTypeHeadingActionGroup/ClickInsideLiveEditHeadingActionGroup.xml,3a5d65786b331eee3f9d8e5af21bc94457ce1daa909e2c69a0dde9a2326d4e48,1488
Test/Mftf/ActionGroup/ContentTypeHeadingActionGroup/ClickOutsideLiveEditHeadingActionGroup.xml,3cf60e151bfda91a85b4a9ad0e9ec99018c207373bb526694c6c1a1b3b993fbc,1408
Test/Mftf/ActionGroup/ContentTypeHeadingActionGroup/EnterHeadingOnStageActionGroup.xml,acce638e89f38fca581eae004dd4b7cf86b7310acbec95fcc6c81f2086fcc152,1863
Test/Mftf/ActionGroup/ContentTypeHeadingActionGroup/VerifyHeadingAdvancedConfigurationWithAllOptionsUpdatedActionGroup.xml,a9e51f09fdfc056237636568c45808e70ab91d4f8a1d589c44a4fed6bfd23a99,4916
Test/Mftf/ActionGroup/ContentTypeHeadingActionGroup/VerifyHeadingAdvancedConfigurationWithAllUpdatedActionGroup.xml,ef2dfbebcfaf2e8248e9688214520bbdf1fc4976c2ea620f3a42df6521229221,2673
Test/Mftf/ActionGroup/ContentTypeHeadingActionGroup/VerifyHeadingBaseAdvancedConfigurationNotVisibleActionGroup.xml,878aaa2c46eb9bf8a301c180eaa30f16933ef8d826cd0a9e3bfbf9e3a57972f2,5215
Test/Mftf/ActionGroup/ContentTypeHeadingActionGroup/VerifyHeadingDefaultAdvancedConfigurationActionGroup.xml,484580512d48561d1353dd8b7a6911e7595fc4016fb485b544da58f1b1715ca1,2198
Test/Mftf/ActionGroup/ContentTypeHeadingActionGroup/VerifyHeadingDefaultAdvancedConfigurationNotVisibleActionGroup.xml,a1df51e9b61fee1c9da187f650e94bece3d8037f69b237f8ddc8737443fcb2c5,3127
Test/Mftf/ActionGroup/ContentTypeHeadingActionGroup/VerifyHeadingDefaultAdvancedConfigurationVisibleActionGroup.xml,4a531ab7e3a6b209c527f7c4e7023d717997af96d2095f5a052eedd7d25386bb,2640
Test/Mftf/ActionGroup/ContentTypeHeadingActionGroup/VerifyHeadingInStageActionGroup.xml,c2d720e22aa9ef6d179828fa1388957977b3cbb78f379ac2c53f8ee02c3d09cd,957
Test/Mftf/ActionGroup/ContentTypeHeadingActionGroup/VerifyHeadingInStageWithAlignmentActionGroup.xml,9390c83ed5d9f6031dcafb796c49462bcaf7ad91565c109d8ff11eadd755b0d2,1019
Test/Mftf/ActionGroup/ContentTypeHeadingActionGroup/VerifyHeadingInStorefrontActionGroup.xml,aa680425c4211c5496b7285a9fef05f19b68d96b369357cd0667f0b63ab3faa3,994
Test/Mftf/ActionGroup/ContentTypeHeadingActionGroup/VerifyHeadingInStorefrontWithAlignmentActionGroup.xml,78d61034d04bdbe32eb9a3864fc99f7bbeadb7f59941fae1a1bf735188711741,1035
Test/Mftf/ActionGroup/ContentTypeHtmlActionGroup/AddPageLinkWidgetToHtmlCodeWYSIWYGDisabledActionGroup.xml,fb47d0e100a6c54098e5597a681050d9e8224aef7539547ef99f0a2c2fc0719c,1483
Test/Mftf/ActionGroup/ContentTypeHtmlActionGroup/AddTextToHtmlCodeWYSIWYGActionGroup.xml,e17958b24e0e78f1e9d305115b6d65ce01945257e904672be602617acb508b64,945
Test/Mftf/ActionGroup/ContentTypeHtmlActionGroup/AddVariableToHtmlCodeWYSIWYGDisabledActionGroup.xml,3e9596fb07f595766a9962876ce230525ee2e5b44c3a6cf4d717150c26583074,1924
Test/Mftf/ActionGroup/ContentTypeHtmlActionGroup/ClickHtmlInsertImageButtonActionGroup.xml,25f2454a750138eb4c1414ae241c2579c4b1d3f64574744ab93fc73db66a26cb,840
Test/Mftf/ActionGroup/ContentTypeHtmlActionGroup/RemoveTextFromHtmlCodeWYSIWYGActionGroup.xml,680690af13eb529bd9e0a8a6835495363ec1707ebd1b56055956b0f97e0dedb2,984
Test/Mftf/ActionGroup/ContentTypeImageActionGroup/AddImageToStageActionGroup.xml,66c5f873ce594a190c0661225f9a04ba4d0543dd8901f55d0d04ebe835f64465,984
Test/Mftf/ActionGroup/ContentTypeImageActionGroup/AdminAddImageCMSBlockActionGroup.xml,2ec1c3a7a82011d7f101e8e209cdce6e98887a5b111590d88e78a4f51e586af4,628
Test/Mftf/ActionGroup/ContentTypeImageActionGroup/AdminOpenSelectImageFromGalleryActionGroup.xml,3f910762b887b8b8afabd59b3378f5309a32580b180b4501143bba9494dac286,879
Test/Mftf/ActionGroup/ContentTypeImageActionGroup/ValidateImageActionGroup.xml,531afc277e563df553c02507a9cabb2b5a1492c4edc441ef3e208287ac28705d,1927
Test/Mftf/ActionGroup/ContentTypeImageActionGroup/ValidateImageAdvancedConfigurationActionGroup.xml,e500b34a4eae37c9818dcb4bb874dbacbd63febba5b855e310b68212e1b8aeee,4803
Test/Mftf/ActionGroup/ContentTypeImageActionGroup/ValidateImageAdvancedConfigurationWithNoAlignmentActionGroup.xml,7666d0e596ba2531c44e6658de47f2177a19abd0e07d1141148a39f62ed99f74,2019
Test/Mftf/ActionGroup/ContentTypeImageActionGroup/VerifyImageOnSlideoutActionGroup.xml,a42a3a4425e82b789d9ee9c94ed78699f62b0e0f2574092a400fdf450e1f429e,789
Test/Mftf/ActionGroup/ContentTypeMapActionGroup/ClickAddLocationButtonActionGroup.xml,777efe96fffe10a79593ec257473d0adfbff88d14a5cf9b5828cb5673b41700b,1504
Test/Mftf/ActionGroup/ContentTypeMapActionGroup/ClickEditButtonOnLocationGridActionGroup.xml,e0e2b74ec832ae9e814f21d79d54bd395d8f255662d046283b9a986c90418235,1944
Test/Mftf/ActionGroup/ContentTypeMapActionGroup/ClickLocationGridRowActionGroup.xml,bf0ecb931c97e519e145f14839b11946ca3fd73d9dafb55ccbb0044ba57621c4,1693
Test/Mftf/ActionGroup/ContentTypeMapActionGroup/ClickMapToAddOrMovePinActionGroup.xml,e32669d2818a904ecee75606acb6994b927dbadac0ab3ff2c498528c2a7cb708,1414
Test/Mftf/ActionGroup/ContentTypeMapActionGroup/CloseLocationFormActionGroup.xml,c3cb1925112957c9e76e1cf423b2374a2f18671bf75bfbb842acb2750085d26b,878
Test/Mftf/ActionGroup/ContentTypeMapActionGroup/CloseMapPinTooltipWindowActionGroup.xml,46288f2e0fcab39ac2259a3d59e900de1239df8a67dfc3a6dd7c375920cec61b,954
Test/Mftf/ActionGroup/ContentTypeMapActionGroup/DeleteLocationFromGridActionGroup.xml,8abcd5441021dd74cc7d836b5164bfa548bbe6387faf89a6f0d9167bb66cfdda,1397
Test/Mftf/ActionGroup/ContentTypeMapActionGroup/DontSeeMapPinActionGroup.xml,36c9166284e31442455a81c13b7d9ac6e14a400e17ccd55f93092030644a5878,1079
Test/Mftf/ActionGroup/ContentTypeMapActionGroup/MoveMapPinByDraggingAndDroppingPinActionGroup.xml,8ea99825c969888325c28ab99e777b813bb54b6dd8ea275cfd460f354148dfcb,1381
Test/Mftf/ActionGroup/ContentTypeMapActionGroup/OpenMapPinTooltipWindowActionGroup.xml,d20d0216dfcea4ff734fad5fed1c8f470e027b089cbdf629b04587c71c76fda5,1460
Test/Mftf/ActionGroup/ContentTypeMapActionGroup/SaveLocationFormActionGroup.xml,4fb4665732a09d9ce5018b3619309b361c6a997ad50e1173fc7e3c2795beff11,872
Test/Mftf/ActionGroup/ContentTypeMapActionGroup/ValidateAdvancedConfigurationWithAllUpdatedMapWithErrorOverlayActionGroup.xml,1727289e9e5d61b1766e2fbeaf6d40673aa52db5013a842463bb265c8e404fee,708
Test/Mftf/ActionGroup/ContentTypeMapActionGroup/ValidateAdvancedConfigurationWithNoAlignmentMapWithErrorOverlayActionGroup.xml,88b9803afde977ee55517fdab25a8175c445948fc4cedf41e2bd78a0a90922c6,918
Test/Mftf/ActionGroup/ContentTypeMapActionGroup/ValidateAdvancedStyleWithAllUpdatedMapWithErrorOverlayActionGroup.xml,e20c2edb1f872ddaa080e351315155e1ac8ba52891b496078d57ef43a74e46ad,652
Test/Mftf/ActionGroup/ContentTypeMapActionGroup/ValidateAdvancedStyleWithNoAlignmentMapWithErrorOverlayActionGroup.xml,b4f243f4aebc423a67893b485720356fc8b6d7b944a0b1a9be9d58602f1442e2,651
Test/Mftf/ActionGroup/ContentTypeMapActionGroup/ValidateEmptyMapStoreFrontActionGroup.xml,04045e3729f99fef457ecd9e60b5ed821c059683ffa8e2f14c9939ac3d0e3986,1145
Test/Mftf/ActionGroup/ContentTypeMapActionGroup/ValidateLocationGridDataActionGroup.xml,c4f18ddcee2f76a24eaf39cb96228fcc162b2629c40f38e47bd330d709832e23,2330
Test/Mftf/ActionGroup/ContentTypeMapActionGroup/ValidateMapButtonsActionGroup.xml,52fe4549bd2d2f55b6fb27acb16018e3f531a4b8212486c68e733455bfb563c5,1444
Test/Mftf/ActionGroup/ContentTypeMapActionGroup/ValidateMapErrorMessageAddLocationFormActionGroup.xml,1b42bce6d7f47e4421badb996ead24525bad26d30ed5b0dc42d437ec8b9bb39b,739
Test/Mftf/ActionGroup/ContentTypeMapActionGroup/ValidateMapErrorMessageStageActionGroup.xml,2c682e3992e59035b27b02dd300cd853e75e73fdcbfe01f4613e40cb5ba10c22,800
Test/Mftf/ActionGroup/ContentTypeMapActionGroup/ValidateMapErrorMessageStorefrontActionGroup.xml,da4fa484481afac75fe55a9fe1e30a56027f06d151f2f503de32080af34b125e,979
Test/Mftf/ActionGroup/ContentTypeMapActionGroup/ValidateMapGeneralConfigurationActionGroup.xml,df74f212ad601f624cae94be3ee9e823a88bfb0b42269799d907240ebd708f76,1530
Test/Mftf/ActionGroup/ContentTypeMapActionGroup/ValidateMapGeneralConfigurationWithErrorOverlayActionGroup.xml,70636b72df3d3b9863d4b5954fb7abef4cc06475ec3c03b1b42193b53b7c1653,1776
Test/Mftf/ActionGroup/ContentTypeMapActionGroup/ValidateMapHeightActionGroup.xml,a82d861fbb1175283e8a5170509cff7bcb9934ce782f09acebd9810a7b8d6907,1299
Test/Mftf/ActionGroup/ContentTypeMapActionGroup/ValidateMapHelperTextActionGroup.xml,bbf9cb28a53e4a10ea79d6ae95525164dcd22025c267d78b4daa116d03c17db2,439
Test/Mftf/ActionGroup/ContentTypeMapActionGroup/ValidateMapPinLocationDataActionGroup.xml,33150a068125848c1ffaa7eedfe1540523ce8e62543a0d67b6877f7ae32c52ae,3473
Test/Mftf/ActionGroup/ContentTypeMapActionGroup/ValidateMapSettingsActionGroup.xml,0df4d259fd2514a10bbdd99ef8b4f9a9e563576b7b74b4d351eb137b96da68d8,1125
Test/Mftf/ActionGroup/ContentTypeMapActionGroup/ValidateMapSettingsWithErrorOverlayActionGroup.xml,60d36f41da79ad36bfff79cbe6ec5b32a14544228e32337176de4dd0857c10aa,1685
Test/Mftf/ActionGroup/ContentTypeMapActionGroup/ValidateNoMapButtonsActionGroup.xml,27ef201fc185c8d3663b4bd0c4b5fd0fc45084aad0c4285f08481633f4f2689c,1535
Test/Mftf/ActionGroup/ContentTypeMapActionGroup/ValidateNoPinTooltipActionGroup.xml,0b28d08d5d8f5831d113da6095b7f1ca1d7f63324580c43f6c827b4425cc73f8,1217
Test/Mftf/ActionGroup/ContentTypeMapActionGroup/ValidateWarningMessageLinkActionGroup.xml,66429c2e78b884a5727d84062c1e7d0be7bd31e7d3869a49a86a8eee064d8a57,1065
Test/Mftf/ActionGroup/ContentTypeMapActionGroup/VerifyCoordinatesNotEqualActionGroup.xml,5a56121d16ca3743ff8f15eba17e5dae4293fe21c21f8c622ce6a4fc8221e582,1015
Test/Mftf/ActionGroup/ContentTypeMapActionGroup/VerifyMapHasPinActionGroup.xml,175e0fee731fb2a5538fc6760adb9792f5900721d9b663792ce9da3b00d64d93,1092
Test/Mftf/ActionGroup/ContentTypeMapActionGroup/VerifyMapLatitudeAndLongitudeActionGroup.xml,4517c6f1b3cda39d19313f214474b7dee7124ec91a100bd9e7defdfefaf6569b,961
Test/Mftf/ActionGroup/ContentTypeMapActionGroup/VerifyMapLatitudeAndLongitudeAlternateActionGroup.xml,46adebab07fb85115b9587e21b9d9f9276e12eee2d30685bc29bb98c75019796,1052
Test/Mftf/ActionGroup/ContentTypeMapActionGroup/VerifyNumberOfPinsOnMapActionGroup.xml,5c29cc0b4741fe69809faf6cbe906a840137dbb09fd74464483cf3329ef6b06c,862
Test/Mftf/ActionGroup/ContentTypeMapActionGroup/VerifyNumberOfPinsOnMapNoClickActionGroup.xml,183cefdc198726e351da3f3848cdc54f150a6ddceefc58d2352939d0a9383b16,882
Test/Mftf/ActionGroup/ContentTypeMapActionGroup/VerifyPinLocationEqualActionGroup.xml,c49349e524cecbe1043e06c5e891f6639ac9e9ba527f070b472563855e7d9fbd,988
Test/Mftf/ActionGroup/ContentTypeMapActionGroup/VerifyPinLocationNotEqualActionGroup.xml,4d4aff111212514c35755a1197aa2b7f3f6c88807f498f44e19c15718f964fd1,1051
Test/Mftf/ActionGroup/ContentTypeProductsActionGroup/AddConditionToProductConditionsActionGroup.xml,289a70819ee27dff8b57fde3f88af14bff6e828837887f7a4349a9a5d77e0f0a,1510
Test/Mftf/ActionGroup/ContentTypeProductsActionGroup/AddConditionsCombinationToProductsActionGroup.xml,b35d2dbe728fbbe4cdaa019728739b7356e630738f7140727c5cc4e026563074,1258
Test/Mftf/ActionGroup/ContentTypeProductsActionGroup/AddConditionsCombinationToProductsAndSetAggregateParametersActionGroup.xml,c5fad9b40810907986fd51dc3e559e48ded75341cbebc1e188c524c8f2424e3c,2400
Test/Mftf/ActionGroup/ContentTypeProductsActionGroup/AddSKUsToSelectProductsBySKUActionGroup.xml,f21eb25f25647b3797616ee02d4326922b933084050258cd0cf900ba1e5cb885,1233
Test/Mftf/ActionGroup/ContentTypeProductsActionGroup/AssertValueInConditionsFilterActionGroup.xml,f084809a56af9108fda1f15218e317cd0367f330f6f0cd9073f872ad20e58e79,1186
Test/Mftf/ActionGroup/ContentTypeProductsActionGroup/ClickProductAddToCartInContinuousProductsCarouselOnStorefrontActionGroup.xml,635d76ff70c8e8022d4f64c676c0365a1ddb7fe6922e36ba373d661f6b359ac4,1312
Test/Mftf/ActionGroup/ContentTypeProductsActionGroup/ClickProductAddToCartInProductsOnStorefrontActionGroup.xml,3470deb175cd572827dd5c8ddce32739c795c7e8816025110b50e40d06127b6a,1009
Test/Mftf/ActionGroup/ContentTypeProductsActionGroup/ClickProductAddToCompareInContinuousProductsCarouselOnStorefrontActionGroup.xml,d9977cfdf1cf3638d0d68c53af07ddd33e59cfbf4f248be14799372ea38fed72,1335
Test/Mftf/ActionGroup/ContentTypeProductsActionGroup/ClickProductAddToCompareInProductsOnStorefrontActionGroup.xml,8c009f56ccd997471e38a57aa58f6cc18f74aa60d10c9d1b933ea0f4e2d0552b,1032
Test/Mftf/ActionGroup/ContentTypeProductsActionGroup/ClickProductAddToWishListInContinuousProductsCarouselOnStorefrontActionGroup.xml,3f0f195bd14f09d72abad856fa15cdc4fb0e3799c2bd63ddf2d4093c654d7313,1283
Test/Mftf/ActionGroup/ContentTypeProductsActionGroup/ClickProductAddToWishListInProductsOnStorefrontActionGroup.xml,538d2e0d96abfcb8de5efc65d91545b1ef1d712e58bb350fd5e6c54c5b50baf4,1033
Test/Mftf/ActionGroup/ContentTypeProductsActionGroup/ClickProductCarouselNavigationDotActionGroup.xml,8272e36b40c9e10fa2acc099876c7c80f4635651e4e31298dead590d868ff2ee,1126
Test/Mftf/ActionGroup/ContentTypeProductsActionGroup/ClickProductCarouselNextNavigationArrowActionGroup.xml,95e181f61d356e56174d7405ee1fd9f07b499c5d9c80401ee2b7dda44fcea847,687
Test/Mftf/ActionGroup/ContentTypeProductsActionGroup/ClickProductCarouselPreviousNavigationArrowActionGroup.xml,41bf975f74bee32e3da86cff3b2043e4b6ca4cf8f20fea9a7a1cfd950044dc2a,904
Test/Mftf/ActionGroup/ContentTypeProductsActionGroup/ClickProductImageInContinuousProductsCarouselOnStorefrontActionGroup.xml,dc8876a3452f37e692ec3241079abae4908503eadbd23ee0a3f6b693c8066774,1146
Test/Mftf/ActionGroup/ContentTypeProductsActionGroup/ClickProductImageInProductsOnStorefrontActionGroup.xml,0361f89f622d07b07f8311bccd81d06c510606e1f20007ef4103ff7146684705,885
Test/Mftf/ActionGroup/ContentTypeProductsActionGroup/ClickProductNameInContinuousProductsCarouselOnStorefrontActionGroup.xml,7f864ba6112970643745f87c00de55ddca29ea93895ca1a33352dc6025aea3c3,1159
Test/Mftf/ActionGroup/ContentTypeProductsActionGroup/ClickProductNameInProductsOnStorefrontActionGroup.xml,5362d7fea64c57d29f4361cafd53edb8b3aa01972955358e6f475cb3b85fe030,880
Test/Mftf/ActionGroup/ContentTypeProductsActionGroup/DragProductToSlideProductCarouselActionGroup.xml,f30c8c99354fe7053cc4303e8ebfe1cddb148e4a6c38e25701e0f12ee71a7519,1383
Test/Mftf/ActionGroup/ContentTypeProductsActionGroup/SeeCategoriesInCategorySelectorActionGroup.xml,3823432583a3eb8f62ab4a2377ffa946260a61025dd6b6e67aed4d523d1b7fd5,916
Test/Mftf/ActionGroup/ContentTypeProductsActionGroup/SeeSKUsInSKUInputFieldActionGroup.xml,e5c36482e58064cf7028adaca89b422430a480665fe7421bedf2294a0f9c65ab,836
Test/Mftf/ActionGroup/ContentTypeProductsActionGroup/SelectCategoryFromCategoryDropDownActionGroup.xml,a137a6adc0c1bc0b4e53863565a8cb2658f3e3a4a6e5315676bebf049712b6c0,2076
Test/Mftf/ActionGroup/ContentTypeProductsActionGroup/StorefrontClickProductAddToCartValidateAsyncActionGroup.xml,28827cc76d543494cbb9543deef11ac7e1be6fda5d549eb1b138534ce594cb64,1444
Test/Mftf/ActionGroup/ContentTypeProductsActionGroup/ValidateCanSeeProductInContinuousProductCarouselActionGroup.xml,7567ad74960123c96c7fe8fa0e9e7b290be2c345a27f9a74941e3ae1c71e1629,1030
Test/Mftf/ActionGroup/ContentTypeProductsActionGroup/ValidateCanSeeProductInDefaultProductCarouselActionGroup.xml,be2ae77c4e3a59d805abd0ef71fea2593b616914bc4d7162c145e838c203e519,910
Test/Mftf/ActionGroup/ContentTypeProductsActionGroup/ValidateCannotSeeProductInContinuousProductCarouselActionGroup.xml,9d21d018eac3cca9b499c3856779ad50586fdaaac35fa63b11335ad653213772,754
Test/Mftf/ActionGroup/ContentTypeProductsActionGroup/ValidateCannotSeeProductInDefaultProductCarouselActionGroup.xml,ff95943d28ebdbb5637a150142e500a3090c525f7a9fe7ea6908908497e0564b,710
Test/Mftf/ActionGroup/ContentTypeProductsActionGroup/ValidateEmptyProductsContainerActionGroup.xml,d8a71c954c0920695ee3cd4501e20551ddaf8fdec0401ba42daf2a2bdc04ed8c,827
Test/Mftf/ActionGroup/ContentTypeProductsActionGroup/ValidateProductCarouselNavigationArrowsAreNotRenderedActionGroup.xml,ea0266cac4254659e56701aed6f3f1fea28e0765d9e1de3ae122e6adea7340ff,871
Test/Mftf/ActionGroup/ContentTypeProductsActionGroup/ValidateProductCarouselNavigationArrowsWorkWithInfiniteLoopActionGroup.xml,f25346a3efc65ef7603cf039aaf34caba2648bb1a0e8ebd6ef3eafaf688af72b,1179
Test/Mftf/ActionGroup/ContentTypeProductsActionGroup/ValidateProductCarouselNavigationDotsActionGroup.xml,ac4fc5cf98c9ba0a1ce1c81f02a5cb6bfb8941dc8b9a950f6500c53cc37159dd,1304
Test/Mftf/ActionGroup/ContentTypeProductsActionGroup/ValidateProductCarouselNavigationDotsAreNotRenderedActionGroup.xml,562ee6837983b132bda7a3fd30fbcf3475901bb0acb10beb04710b361673d04d,692
Test/Mftf/ActionGroup/ContentTypeProductsActionGroup/ValidateProductCarouselNextNavigationArrowDisabledActionGroup.xml,e929927c25daa28cc99da11f609ebf3d1b12dce1816719ff0926ad5e6a22b844,586
Test/Mftf/ActionGroup/ContentTypeProductsActionGroup/ValidateProductCarouselNextNavigationArrowEnabledActionGroup.xml,a7b8264b70376320306c3aacbe15958c0a4f5b6c9cb916997be445e5c5d9e604,857
Test/Mftf/ActionGroup/ContentTypeProductsActionGroup/ValidateProductCarouselPreviousNavigationArrowDisabledActionGroup.xml,ca046f5adc67ec02f39ceb803f2c51654879ace2b67b3dd7fc4553b3afd2d308,598
Test/Mftf/ActionGroup/ContentTypeProductsActionGroup/ValidateProductCarouselPreviousNavigationArrowEnabledActionGroup.xml,c1234a8d52dc1de28c68e80779b1943ae033e421c4dcda26aed1558b17a69689,877
Test/Mftf/ActionGroup/ContentTypeProductsActionGroup/ValidateProductCarouselSettingsAttributesActionGroup.xml,2041ba620c5b162e4b8e2aeabaf641d8f595ad5e50554d5bf2120e4fdbe149ff,1918
Test/Mftf/ActionGroup/ContentTypeProductsActionGroup/ValidateProductCountInProductsActionGroup.xml,6b70776aba1154b291795b696a8d75d58d8f9b5728bb08da640dcda470d34c54,945
Test/Mftf/ActionGroup/ContentTypeProductsActionGroup/ValidateProductCountInProductsCarouselActionGroup.xml,db3932ecac1b54ce78f3db05be7252b2bb2d1fe050b2194f305a22b646aef170,1093
Test/Mftf/ActionGroup/ContentTypeProductsActionGroup/ValidateProductInProductsActionGroup.xml,c6ccc31ebd6f50c37e47ae5a3ad265e394b1b870363ad06f9cb8587d6835fcb5,3436
Test/Mftf/ActionGroup/ContentTypeProductsActionGroup/ValidateProductOpacityInContinuousProductCarouselActionGroup.xml,7bcfd2e0431002003d9ea1ccd217bd3d7d97cb2b394739bfc66beaa5930ceafe,888
Test/Mftf/ActionGroup/ContentTypeProductsActionGroup/ValidateProductOpacityInDefaultProductCarouselActionGroup.xml,fba5ada603662d9694e78dd51b5d59e25910dd78d7771e56f389624181d09f5e,1446
Test/Mftf/ActionGroup/ContentTypeProductsActionGroup/ValidateProductTotalsActionGroup.xml,c5977e1082cf6f7a9854a22408c7fb10fe2764328c28b509561a09ffda30766c,953
Test/Mftf/ActionGroup/ContentTypeProductsActionGroup/ValidateProductsDoNotWrapInCarouselAppearanceActionGroup.xml,610ca3b0a75f0319eb53205f86f650fca162e88d8916403eb1a3c3f2a11319ed,855
Test/Mftf/ActionGroup/ContentTypeProductsActionGroup/ValidateProductsInProductCarouselAreCenteredForEvenNumberOfProductsActionGroup.xml,4a1d435c262fddaf10b5986748e7f253b2c29cf8a296837640ee662b3b29b178,2163
Test/Mftf/ActionGroup/ContentTypeProductsActionGroup/ValidateProductsInProductCarouselAreCenteredForOddNumberOfProductsActionGroup.xml,de96c554a80b7542ccbceb35c575b88d90a2e10398d10129e2773461783e7037,2555
Test/Mftf/ActionGroup/ContentTypeProductsActionGroup/ValidateProductsWrapInGridAppearanceActionGroup.xml,606fe5516c97ffc1bb3730871491e24ca56521776401451291a33a15f5d57f54,1972
Test/Mftf/ActionGroup/ContentTypeProductsActionGroup/ValidateSwatchInProductsActionGroup.xml,47cd1fb8d880df57d0f75622c0c9262b3700d2fd6112c1f2c1f761b6578f5a52,1050
Test/Mftf/ActionGroup/ContentTypeRowActionGroup/ValidateBackgroundImageContainerForParallaxRowActionGroup.xml,f0e1ec22da71db9ef135de4493826c01614a62ade6d0eba5e85f3f0a492d7843,642
Test/Mftf/ActionGroup/ContentTypeRowActionGroup/ValidateContainedRowAppearanceActionGroup.xml,04e82bf1b4b07ca30f399b5d0fa82490cece9221f7782bce9fbbb54ce54ecb76,1545
Test/Mftf/ActionGroup/ContentTypeRowActionGroup/ValidateFullBleedRowAppearanceActionGroup.xml,a0740b0cf961653892998f0746468db1017e9a4f2a4d712a1d672b6ae8f724ca,901
Test/Mftf/ActionGroup/ContentTypeRowActionGroup/ValidateFullWidthRowAppearanceActionGroup.xml,3abbfd781486d6d8c70f7126728afdf6d52961e8fd98f8a801aa27fe112402c9,3018
Test/Mftf/ActionGroup/ContentTypeRowActionGroup/ValidateRowBackgroundAttributesWithAllUpdatedAndParallaxEnabledActionGroup.xml,f62e236f2009924824203e6066791fb8f1d9c9b45b68d363a248e555ce9fef10,2016
Test/Mftf/ActionGroup/ContentTypeRowActionGroup/ValidateRowBackgroundConfigurationWithAllUpdatedAndParallaxEnabledActionGroup.xml,95e32b32a42840827112c22fa47cbc98a8f6f68eac469d39803f616679f0f470,4735
Test/Mftf/ActionGroup/ContentTypeRowActionGroup/ValidateRowParallaxBackgroundAttributesActionGroup.xml,1b398909667bd485a86fd0668ae207291527b0d81391f49c46e9f50370236c60,1016
Test/Mftf/ActionGroup/ContentTypeSliderActionGroup/InlineEditSlideOrBannerButtonActionGroup.xml,b5f59e7c03b2222fc759bfed813da5894f235ad5eb48fdffef5d8cc4acc35b7a,1319
Test/Mftf/ActionGroup/ContentTypeSliderActionGroup/InlineEditWYSIWYGFromStageForSlideCollageAppearancesInSmallColumnsActionGroup.xml,fcef6bdc767e142bf1756c37ad1aea3f3d5f652c89d8816042b83bf9e71011d5,506
Test/Mftf/ActionGroup/ContentTypeSliderActionGroup/NextSlideActionGroup.xml,ce5f8651100dc2e847bde9439ddfc856a38ee8b7749e21708e20d7f836880b80,1206
Test/Mftf/ActionGroup/ContentTypeSliderActionGroup/SwitchSlideActionGroup.xml,a4c330ea7c909ad7cfa934180b9f64c3992980674d585012fad29cceb0b40507,1084
Test/Mftf/ActionGroup/ContentTypeSliderActionGroup/ValidateBackgroundAttributesForSlideActionGroup.xml,54602768734e80bb9060b9a9638e831206f5810c3e97a96208704a2c180686a8,593
Test/Mftf/ActionGroup/ContentTypeSliderActionGroup/ValidateBackgroundAttributesWithNoImageForSlideActionGroup.xml,1778c42c100a94e4fb16b831b425b4c69428a213750e9998f299f0ee9e7a89c8,510
Test/Mftf/ActionGroup/ContentTypeSliderActionGroup/ValidateSliderAttributesActionGroup.xml,f5d0ab2676036f31850a0a390745cab220dbec9f3b1c64c17c9323da735a8247,2166
Test/Mftf/ActionGroup/ContentTypeTabsActionGroup/InlineEditTabItemNameActionGroup.xml,5d659a4583864611943794df5d95fd28a5e340f0e04ef3d27899572ba6ad1521,1205
Test/Mftf/ActionGroup/ContentTypeTabsActionGroup/MoveTabItemActionGroup.xml,a1edc357138adbb0ad31d1b7faf9fcd491b2ead90be2294457d4168c42c51fc4,1723
Test/Mftf/ActionGroup/ContentTypeTabsActionGroup/SwitchTabsActionGroup.xml,532f657aa46997533a407002e511086e8257787304995b32b805fa84cf550d84,1251
Test/Mftf/ActionGroup/ContentTypeTabsActionGroup/ValidateTabContentAdvancedConfigurationAllOptionsActionGroup.xml,aca15acf0372603141dcd37d06d6add4c8dfd599aef039cd11ddb373a77c320f,1897
Test/Mftf/ActionGroup/ContentTypeTabsActionGroup/ValidateTabHeadersAlignedCenterActionGroup.xml,7e2632631281a7a3033c6cd5f502b0554fee52d199b8a4a73d388ae673eb254e,2557
Test/Mftf/ActionGroup/ContentTypeVideoActionGroup/ValidateEmptyVideoStageActionGroup.xml,ec770072f86741a817170923d6c6f45421b94149c7144b385ce64fb68cdfbc92,645
Test/Mftf/ActionGroup/ContentTypeVideoActionGroup/ValidateFullScreenVideoHasPlaysinlineAttributeActionGroup.xml,e6fef9b98c0afc22fac0601124c060a0468db9b85fcda9ee2a062fb3d0d345dc,794
Test/Mftf/ActionGroup/ContentTypeVideoActionGroup/ValidateVideoActionGroup.xml,f930135031a611e391f82caa6e1560ca01614f7b28a5c352f36cc42a989725dd,2364
Test/Mftf/ActionGroup/ContentTypeVideoActionGroup/ValidateVideoAdvancedConfigurationAllOptionsActionGroup.xml,db82ae411e243a658dd1a1dc237982ca360d6e0d45ecf5ac727ee127f5c557b5,749
Test/Mftf/ActionGroup/ContentTypeVideoActionGroup/ValidateVideoEmptyWidthActionGroup.xml,94c2ec88432a144f3dd9cbf4ed93539ba8d9e8a42672064d9f3f880bae67d323,1941
Test/Mftf/ActionGroup/ContentTypeVideoActionGroup/ValidateVideoNotAutoplayingActionGroup.xml,088d8e6c71eb7f42c7fde7b44c505da5054650fd09d507c73e21c9de4d3e643a,620
Test/Mftf/ActionGroup/ContentTypeVideoActionGroup/ValidateVideoPlayingActionGroup.xml,c07e8e85f725df87b8fa9d57d161e9f6fb4e5322535bbb712bb676ac47793958,1286
Test/Mftf/ActionGroup/ContentTypeVideoActionGroup/ValidateVideoWithOnlyVideoUrlActionGroup.xml,e210d410268eb7eca7ee357699131709518337619651e868c0e360c0fb9b86ce,2288
Test/Mftf/ActionGroup/ContentTypeVideoActionGroup/ValidateVideoWithOnlyVideoUrlMp4ActionGroup.xml,6b25c59bfba8a49f0acad1982bfaf465a75ead4a75c8b6b431e11d141717f1e4,2057
Test/Mftf/ActionGroup/DragAndDropActionGroup/CannotDragContentTypeToTargetActionGroup.xml,9d1c91d439451b97ac35527b9215e862b82fdd8c1dfed6ead5b6d76808d73238,1800
Test/Mftf/ActionGroup/DragAndDropActionGroup/CannotMoveContentTypeToContainerActionGroup.xml,1cd0b9d234fd34803e2e6af62796940efde9b2fef6f8dfd096727dbcfa9b123e,864
Test/Mftf/ActionGroup/DragAndDropActionGroup/DragColumnGroupToExistingColumnGroupActionGroup.xml,00ca79f2ab823911d6fa18326eda7b6a75d82e140d7fdbe31fb05edb50c29829,1959
Test/Mftf/ActionGroup/DragAndDropActionGroup/DragContentTypeNextToExistingContentTypeActionGroup.xml,4faa1e22e296f57d5b88fb83405a8ac4dba4101be1182c29a6c1cbdccffaab12,1628
Test/Mftf/ActionGroup/DragAndDropActionGroup/DragContentTypeToContainerActionGroup.xml,f006d4306cdf32032571a8447495d8881ce216449c88c3cfa86741a1e73afb27,1876
Test/Mftf/ActionGroup/DragAndDropActionGroup/DragContentTypeToContentTypeActionGroup.xml,d25e9f584f60f03d5adcd4c1d370cd217ef315de951b58e59b877f966f37cac9,1395
Test/Mftf/ActionGroup/DragAndDropActionGroup/DragContentTypeToDropZoneActionGroup.xml,b2ba6ecbea71c4944261e44ab884787b1c4128515d9ce8687349203139c274bd,1885
Test/Mftf/ActionGroup/DragAndDropActionGroup/DragContentTypeToHiddenContainerActionGroup.xml,59fde355808bdb8f39c9bdf25e7d0c6b23fdc70a37ca0642d7b1523b3a2160cf,1805
Test/Mftf/ActionGroup/DragAndDropActionGroup/DragContentTypeToStageActionGroup.xml,e1b870c1b217a7d9759e72a6f870929afee22f9bb75b46f1e74e0d211a713721,1266
Test/Mftf/ActionGroup/DragAndDropActionGroup/DragContentTypeToStageByIndexActionGroup.xml,fc77788e8ddd963c8128dde911f9e276a6a13e8c5184eaa7ea006d592e8aab21,1379
Test/Mftf/ActionGroup/DragAndDropActionGroup/MoveContentTypeToContainerActionGroup.xml,94e6a3adceb343c66058cf7caea7a3281347fad6073fe94f7625881838c14cfc,2508
Test/Mftf/ActionGroup/EditFormActionGroup/AssertFieldSlideOutPropertyValueEqualsActionGroup.xml,1fd740d00805a4e25c7250b55a8faca7c0bf2b7b98e9a64130ba285cc1113f3d,1196
Test/Mftf/ActionGroup/EditFormActionGroup/ChooseVisualSelectOptionActionGroup.xml,e94252e258e2b314b0e466c6bbfff9f100cdebacd437eeccc65e53ce836166ba,885
Test/Mftf/ActionGroup/EditFormActionGroup/ClearSlideOutPanelFieldGeneralActionGroup.xml,8940fd9d6c27fc7a564a4e35b0f70d61e8d27d2227fd4c6ec9be92ac93517111,1117
Test/Mftf/ActionGroup/EditFormActionGroup/ClickSlideOutPanelFieldGeneralActionGroup.xml,19c3603d17ee9ed8f0e32fd4ec03a0c6c5863b5825353c158846cfcf0eb07ed2,693
Test/Mftf/ActionGroup/EditFormActionGroup/ClickSlideOutPanelFieldOpenInNewTabActionGroup.xml,a7b2da56aae183ebffd897777d7f80510375d4247f0ae62a527d849256fdde18,822
Test/Mftf/ActionGroup/EditFormActionGroup/CloseEditPanelSettingsActionGroup.xml,43095f992365c9ed8f3bb034263ccc69ce31d010f0a9db6b066967e856557cd7,1048
Test/Mftf/ActionGroup/EditFormActionGroup/ConditionalClickSlideOutPanelFieldGeneralActionGroup.xml,30c145346157e932148f38525c57cd732d21942ba7d3361c702aaf32b6169c74,1015
Test/Mftf/ActionGroup/EditFormActionGroup/ExpandConfigurationSectionActionGroup.xml,2cf1948776e1bba0509f27602cc9078f072b1c035110fac81346a2cfff1036ca,1006
Test/Mftf/ActionGroup/EditFormActionGroup/FillOutUrlInputActionGroup.xml,3ac3735cf05ca2ccfe40b33fcbb1eb3ae389667c303416eae3fe7bcd3e5aacee,2540
Test/Mftf/ActionGroup/EditFormActionGroup/FillSlideOutPanelFieldActionGroup.xml,08f6d07e8f2b24aa1780122fc17ac62e1fe1e2f6ec2a6767191ff518b076c381,1355
Test/Mftf/ActionGroup/EditFormActionGroup/FillSlideOutPanelFieldAndExpectToSeeErrorInFieldsetActionGroup.xml,661f23ac5d3a15d82f349e1ab298946ccd0403914675dcf84bae1889f7e826a3,1310
Test/Mftf/ActionGroup/EditFormActionGroup/FillSlideOutPanelFieldAndExpectToSeeErrorInFieldsetGeneralActionGroup.xml,55ff4302ee2d0742da18836ba65db0fe8a235829602392fc5e3dbc6a1801e3cf,496
Test/Mftf/ActionGroup/EditFormActionGroup/FillSlideOutPanelFieldGeneralActionGroup.xml,63a0c103b1f8ec7c68a0b9ca2c13efcc468bda5a4b86b21df93f2bb4fa482a1d,1275
Test/Mftf/ActionGroup/EditFormActionGroup/FillSlideOutPanelLinkUrlFieldActionGroup.xml,97bf9e23d45729aa0fad36ffa8da6f17cdfdc35a7cafdba2d72152ebcf083199,1695
Test/Mftf/ActionGroup/EditFormActionGroup/FillSlideOutPanelMultiSelectFieldActionGroup.xml,665a2e2dda92073c04660178610c7f1ffbb6cae44933377bd4a6433fe74d315b,1915
Test/Mftf/ActionGroup/EditFormActionGroup/FillSlideOutPanelTextAreaActionGroup.xml,08f2689d7b0189c04e18861965ab86cc8a5310c08c59018b667639f504660bf1,922
Test/Mftf/ActionGroup/EditFormActionGroup/SaveEditPanelAndValidateFieldErrorActionGroup.xml,43390a24eeea32624f3a9ed77f12dbb7772b58274865c3f867387cd5b9c39f93,1155
Test/Mftf/ActionGroup/EditFormActionGroup/SaveEditPanelAndValidateFieldErrorGeneralSectionActionGroup.xml,e5c09dd74becc28c2a85517dad24146123613e7cc65191297a19c44c0b138ac2,1082
Test/Mftf/ActionGroup/EditFormActionGroup/SaveEditPanelSettingsActionGroup.xml,0540cbeba28a9b1a760e1fecf41d66793aa5243ff945e07c8cfe9d2a0818a547,1043
Test/Mftf/ActionGroup/EditFormActionGroup/SaveEditPanelSettingsFullScreenActionGroup.xml,869c0c45e1ab7e12d10252a7473a3d05b28ff7ce0fe8dab8e31a8beb59b13bf4,781
Test/Mftf/ActionGroup/EditFormActionGroup/ScrollToSlideOutPanelFieldActionGroup.xml,60429a19248285e933568af585c5673b8eb3d51ed4b7dfd96643484c1e0e1510,704
Test/Mftf/ActionGroup/EditFormActionGroup/SeeInFieldSlideOutIsZeroPropertyActionGroup.xml,81238066c32540760304074c170b74d4c5290295abab67ff810fc8ee461a6bfe,844
Test/Mftf/ActionGroup/EditFormActionGroup/SeeInFieldSlideOutPropertyActionGroup.xml,33b35040258c86ad48a725f36e4d8602913d2cf6de7f8f83b6178bc8b22dbf80,930
Test/Mftf/ActionGroup/EditFormActionGroup/SeeInFieldSlideOutPropertyAlternateActionGroup.xml,09be62c2d571bc2543f27ffa18a1bb94be3edd378e9509d33489b46d02547494,1010
Test/Mftf/ActionGroup/EditFormActionGroup/SeeInFieldWithoutLabelSlideOutPropertyActionGroup.xml,02c37146c14136172720a129bcb69f48edfc7338a76448a9b07f0ec6bf365544,927
Test/Mftf/ActionGroup/EditFormActionGroup/SeeInSlideOutMultiSelectFieldActionGroup.xml,5a57e18c567026f0318536475b1e9d3ba0df0f138c7b8c841e002cc6a234c5e7,948
Test/Mftf/ActionGroup/EditFormActionGroup/SeeOptionIsCheckedSlideOutPropertyActionGroup.xml,42a1322c4f64b5c114c2d00bac70b63901b2b17adf4dde88fe103281d35bca2b,737
Test/Mftf/ActionGroup/EditFormActionGroup/SeeOptionIsNotCheckedSlideOutPropertyActionGroup.xml,00e7b5ed20a0f92bdb33f0a53200b0657795b3f84156247fd933106e16955193,748
Test/Mftf/ActionGroup/EditFormActionGroup/SeeOptionIsSelectedSlideOutPropertyActionGroup.xml,28d27466df70daf30de134289222cbe849ce39b2491df86c2dd62f6fd809b3e7,760
Test/Mftf/ActionGroup/EditFormActionGroup/SeeSlideOutPanelFieldNotOpenInNewTabActionGroup.xml,d1884df98f7d3be6b8e2779633edad11fc9349ebc23c4218d41e6ffa6b4e27db,708
Test/Mftf/ActionGroup/EditFormActionGroup/SeeSlideOutPanelFieldOpenInNewTabActionGroup.xml,348f5848547f4799ee6db81ba766e4128cdff3ec00a0d9b46e136e83729a576c,701
Test/Mftf/ActionGroup/EditFormActionGroup/SelectSlideOutPanelFieldActionGroup.xml,36c0081c37a3f47332a8043a1d76bc0c175a6b46ff34b71fa1b12c7201dbafab,1060
Test/Mftf/ActionGroup/EditFormActionGroup/SelectSlideOutPanelFieldGeneralActionGroup.xml,ddb979f8076ac5ce4c2364445d2be87af4f30b714852a744b621b2af02af3440,1152
Test/Mftf/ActionGroup/EditFormActionGroup/ValidateAlignmentFieldIsNotDisabledActionGroup.xml,971ff88819ee425a5269a081b7783248a2f1322b09675cb48c2f9d3c0fc8533b,805
Test/Mftf/ActionGroup/EditFormActionGroup/ValidateMobileIconTooltipInContentTypeEditFormActionGroup.xml,37e654f454dad7e1aa08faf5c6d7abcc306312873488a2b616160f26fc5be542,1378
Test/Mftf/ActionGroup/EditFormActionGroup/ValidateMobileIconTooltipNotVisibleInEditFormActionGroup.xml,454899c714eb845035137a0c348fef2f20d2220b3afee4b452f2758f2a61eac7,1036
Test/Mftf/ActionGroup/EditFormActionGroup/ValidateSlideOutPanelFieldActionGroup.xml,c7e4c2b4fcb330dc4115ebae15e29bd72ededd45cae75cf457b410ffaa3d1afc,895
Test/Mftf/ActionGroup/EditFormActionGroup/ValidateSlideOutPanelFieldAfterLabelTextActionGroup.xml,029ef7739dac23bdbe444299186bfbd0d578e84fd2b81b8dba7905646346ceed,610
Test/Mftf/ActionGroup/EditFormActionGroup/ValidateSlideOutPanelFieldHelperTextActionGroup.xml,9262e49194643d56eb00fc05b06f6de7e19f2131ecd60de06eccc3469bfc79aa,890
Test/Mftf/ActionGroup/EditFormActionGroup/ValidateSlideOutPanelFieldHelperTextWithUploaderIdActionGroup.xml,4a0f0ffc5e8df696738e70d26eece0d37a01f9fec7036f076ce9ec4925cb6e63,932
Test/Mftf/ActionGroup/EditFormActionGroup/ValidateSlideOutPanelFieldIsDisabledActionGroup.xml,c85be074c3dc2a56e8417ebdf034b9c5c9d023dcb07235067fe8ba4f6c7bf140,722
Test/Mftf/ActionGroup/EditFormActionGroup/ValidateSlideOutPanelFieldIsNotDisabledActionGroup.xml,9a94dc1c880ad3b9cf82499b997666043ab799257a77e5500ae0bcb46f53fce8,728
Test/Mftf/ActionGroup/EditFormActionGroup/ValidateSlideOutPanelFieldIsNotRequiredActionGroup.xml,f92701d7ab4ebb71d1c7c7166656127bec4c10e7dee59f693ffd46e199ce000d,735
Test/Mftf/ActionGroup/EditFormActionGroup/ValidateSlideOutPanelFieldIsRequiredActionGroup.xml,78e546c4e093aa4b4d847f9be088c99251a64ccdbf8566bbe6d7625ae6b6f191,725
Test/Mftf/ActionGroup/EditFormActionGroup/ValidateSlideOutPanelFieldNoAfterLabelTextActionGroup.xml,11a2282c19b171f4b2ca21f042744aa6e56b7324ef5f76151c27d2172fc0556f,576
Test/Mftf/ActionGroup/EditFormActionGroup/ValidateSlideOutPanelFieldNoPlaceholderTextActionGroup.xml,97a3733c5a0ef805d5d9f2a9cafe0e23052308ed33d30c4d1178e6596a43c3e9,586
Test/Mftf/ActionGroup/EditFormActionGroup/ValidateSlideOutPanelFieldNotPresentActionGroup.xml,4fe9a5b8439e69f8d0a58057021acd2073c8b325738711531e88f773a35c1f4e,626
Test/Mftf/ActionGroup/EditFormActionGroup/ValidateSlideOutPanelFieldPlaceholderTextActionGroup.xml,0da5fcbe7c43ebc350314a689041c4a203ea99fbd28380349ae9927777cdafda,617
Test/Mftf/ActionGroup/EditFormActionGroup/ValidateSlideOutPanelFieldTooltipActionGroup.xml,7a6de07e06933baa45526dd6f653fb355281ea436eab2f893c4ba39bb28e4367,1190
Test/Mftf/ActionGroup/EditFormActionGroup/ValidateSlideOutPanelFieldTooltipWithUploaderIdActionGroup.xml,bf1215bd3551fefe4466905171a8ebba73a035b2f7a09db8835ece8017f8d457,1260
Test/Mftf/ActionGroup/EditFormActionGroup/ValidateSlideOutPanelFieldWithUploaderIdActionGroup.xml,f21930990594586cb8d0df49e4b6135857de67ee41a7113a4c6f7fb0ffb29eda,946
Test/Mftf/ActionGroup/EditFormActionGroup/ValidateSlideOutPanelLinkUrlFieldActionGroup.xml,b2101d553ae56ed92125399b54ca3be0d42c3c393674abb7c0494d6eabf8e813,1294
Test/Mftf/ActionGroup/EditFormActionGroup/ValidateVerticalAlignmentVisualSelectsActionGroup.xml,cc09d20793bdab8ea06101bf23a67d4d1ffc70d9242dc2e014c62727a8292025,1069
Test/Mftf/ActionGroup/EditFormActionGroup/ValidateVisualSelectsActionGroup.xml,ded0504d4b286dc2c3042c022fed709036f5b7c491bbd6cb8a0bdf2401935f6a,1229
Test/Mftf/ActionGroup/EditFormActionGroup/validateSlideOutPanelFieldIsNotRequiredWithUploaderIdActionGroup.xml,bddc8e17723d8c484ca77b7ae713496fbde0ccc1cbfdf6edbdf3b6578267c310,772
Test/Mftf/ActionGroup/EditFormColorPickerActionGroup/FillOutColorPickerActionGroup.xml,304bded349f25cf68a651ecb7bf15bd646ce210d493c25dae2222c8334af7362,923
Test/Mftf/ActionGroup/EditFormColorPickerActionGroup/OpenAndValidateColorPickerValueActionGroup.xml,49853d71b2d8a4a6a0741d8e643d7e2c34f75652664e656fc1688ca7ef1fefe0,1035
Test/Mftf/ActionGroup/EditFormColorPickerActionGroup/PickColorSwatchCellActionGroup.xml,f0a72078abdebfc782b06160e1053a4fc689ed0a2001b94cbfd5b20663d7ea7c,1232
Test/Mftf/ActionGroup/EditFormColorPickerActionGroup/SeeColorInColorSwatchActionGroup.xml,2a07962718ca2970777cc00ec61cfca396edfae249f1b1e124de5f3559d30d37,586
Test/Mftf/ActionGroup/EditFormColorPickerActionGroup/SeeNoColorInColorSwatchActionGroup.xml,44f11411a752fd344a3dc8827978f61ba0eb7c59b819d5380f789abe3cfa128e,574
Test/Mftf/ActionGroup/EditFormImageUploadActionGroup/AttachFileSlideOutPropertyActionGroup.xml,f6b6cb153acafbc99a1bfa575394c513257173f437b28b6da4d6936d61c45dce,1167
Test/Mftf/ActionGroup/EditFormImageUploadActionGroup/AttachFileSlideOutPropertyGeneralActionGroup.xml,66ffb0de4528350e1be72d5ebdf96583458aede5b17e6f6ddc9ef739daeb4df2,1331
Test/Mftf/ActionGroup/EditFormImageUploadActionGroup/AttachInvalidFileOnSlideOutActionGroup.xml,4989b51e334cabb24a594338df251b787389bda22c185cb59ef323851b30917b,1392
Test/Mftf/ActionGroup/EditFormImageUploadActionGroup/ClickSelectFromGallerySlideOutActionGroup.xml,df30f04c2b070c31bd9768a7cd146d972f7d70917368369ff282770aa6c201c6,889
Test/Mftf/ActionGroup/EditFormImageUploadActionGroup/SeeImageUploadedOnSlideOutActionGroup.xml,e71be65626b7c4bf8567185b9fcdf6e9970ef3074b8685bfbf4bcc306552d63c,780
Test/Mftf/ActionGroup/EditFormImageUploadActionGroup/SeeNoImageUploadedOnSlideOutActionGroup.xml,f88d53af666131e91a700e65314fe4f0ce870f1ddb2c5152318d2dc53a78259d,704
Test/Mftf/ActionGroup/ElementPositioningActionGroup/ValidateContentWidthEqualToContainerWidthActionGroup.xml,3aa2bd010e90ec5f1e186b6b30b4db882811b7b169aafdf91518d0900626fbaa,2074
Test/Mftf/ActionGroup/ElementPositioningActionGroup/ValidatePositionRightWithinContainerActionGroup.xml,d34c005a9cbc7679e2e10ec97b9e5d67a3080483413fdbcb201e6dafdd5a2d4c,2174
Test/Mftf/ActionGroup/LayoutConfigurationActionGroup/RestoreLayoutSettingActionGroup.xml,d975548c183b44f0ebb6d39978f30ee44652ff34ba608ab9c4a0afe2d5b27541,1224
Test/Mftf/ActionGroup/LayoutConfigurationActionGroup/ValidateContentTypeHeightEqualToMinHeightPlusPaddingAndBorderActionGroup.xml,1daf73af70666d016e0493819710dc6ad1f4c8707d7ec332e084ff8f690d1377,1917
Test/Mftf/ActionGroup/LayoutConfigurationActionGroup/ValidateContentTypeHeightGreaterThanMinHeightActionGroup.xml,57732cabd77106d70957b634e8484896bf8d5bd74e2b9b444b2d1289039545dc,1269
Test/Mftf/ActionGroup/LayoutConfigurationActionGroup/ValidateContentTypeWidthEqualToMaxWidthActionGroup.xml,9063b69249527a6d4f482ca3fb3dc3d8d185fbfde09fcd45f5dc84e18d4f78aa,1462
Test/Mftf/ActionGroup/LayoutConfigurationActionGroup/ValidateLayoutConfigurationWithAllUpdatedActionGroup.xml,d9b36d216da191cff0642814ca2140699f051da819b367af6fc2f68054bd7aea,1798
Test/Mftf/ActionGroup/LayoutConfigurationActionGroup/ValidateLayoutStylesNoHeightActionGroup.xml,fa670df38a1d4c1be4f1d2bdba486209ac5b229e2b26b707c6aeb894fe9dbff0,915
Test/Mftf/ActionGroup/LayoutConfigurationActionGroup/ValidateLayoutStylesWithAllUpdatedActionGroup.xml,826cfe46283390ecf024f8d2b7764d42b87074183646a30b36f7a313bb820759,1161
Test/Mftf/ActionGroup/OptionsMenuActionGroup/AddChildContentTypeFromOptionMenuActionGroup.xml,0bd087e1f92cc7f12da5fef67580532d44d2936d444702719050f27ce2b36876,2277
Test/Mftf/ActionGroup/OptionsMenuActionGroup/CloseConfirmModalActionGroup.xml,45624e77ba995d4f0ae5cb60353b9f158f59499bde59711ace222e45773a07d9,1046
Test/Mftf/ActionGroup/OptionsMenuActionGroup/ConfirmRemovalModalActionGroup.xml,8069f4dfbc01d5860afc38d940d3ce8ac977fd09809f222fe9249b6407092d11,939
Test/Mftf/ActionGroup/OptionsMenuActionGroup/DuplicateContentTypeActionGroup.xml,cdb9c3f09fc4c800f1d1b877ab4826874e516ee90d4936bd045a63db937b3f76,3311
Test/Mftf/ActionGroup/OptionsMenuActionGroup/DuplicateSmallContentTypeActionGroup.xml,b86975ffbe0ecc642c7d2c84327ad80be14b75d651219762a7db77341a4aec3a,1631
Test/Mftf/ActionGroup/OptionsMenuActionGroup/HideContentTypeActionGroup.xml,514c6bb22b7e71d153d6b11daf95f2a19c370f12a80ead735311a9ffe5856102,2514
Test/Mftf/ActionGroup/OptionsMenuActionGroup/HideSmallContentTypeActionGroup.xml,9263e46b89b3452bd7eadb6c9c91bd9feeea6090a1d543ac1d042a5265a6e028,1657
Test/Mftf/ActionGroup/OptionsMenuActionGroup/OpenOptionsMenuActionGroup.xml,b9a203d34495223ea11ac4aa793c305836bb188677c870f1e17795da94db536f,2429
Test/Mftf/ActionGroup/OptionsMenuActionGroup/OpenPageBuilderEditPanelActionGroup.xml,dc0f8d3f09c4c592808277804aa8498512ff5005b655a2274b160e9faab34e62,2587
Test/Mftf/ActionGroup/OptionsMenuActionGroup/OpenPageBuilderEditPanelByIndexActionGroup.xml,27a624afc642f21c7d8f6cfe4378e0712b09eeae33c05151008ff6b9e52e342f,2968
Test/Mftf/ActionGroup/OptionsMenuActionGroup/OpenPageBuilderEditPanelSmallByIndexActionGroup.xml,94dc47028549e0d96dd80c8ddc558ebd3e55aee4d9ffb8599625b4b63672b498,1298
Test/Mftf/ActionGroup/OptionsMenuActionGroup/OpenPageBuilderOptionsMenuSmallByIndexActionGroup.xml,0a451d18d37076abede7aea96fa355151a7bff9f62166f3c78bb1dd07a79d30f,901
Test/Mftf/ActionGroup/OptionsMenuActionGroup/RemoveContentTypeFromStageActionGroup.xml,e3a92ebcf42acec47ab298290185fa1fe49ee5fd43db528be816734e6aa8ef18,2187
Test/Mftf/ActionGroup/OptionsMenuActionGroup/RemoveContentTypeFromStageByIndexActionGroup.xml,74d4a0cb212706a87f547180c1b7cd7afeafc34615931c648c4a7b24a5a82e87,2674
Test/Mftf/ActionGroup/OptionsMenuActionGroup/RemoveContentTypeFromStageSmallByIndexActionGroup.xml,fc89149e34da0a6d5228c7db12853752d5dc6e6ae79f2979e5f95cd0133a0eee,1201
Test/Mftf/ActionGroup/OptionsMenuActionGroup/RemoveEmptyContentTypeFromStageActionGroup.xml,cd5464710947d7e2c6baebc68e2ce265728b51287afc1900d2a6773442ae77ac,2375
Test/Mftf/ActionGroup/OptionsMenuActionGroup/ShowContentTypeActionGroup.xml,e76a0417154e272387be8a789bc1a16f9ae3a6386d1f0f02be3c16cadf5b6f2c,1694
Test/Mftf/ActionGroup/OptionsMenuActionGroup/ShowSmallContentTypeActionGroup.xml,6a651785e75e93748011414dded5f78f3be9cf6b35f7de60a4788d0c928802d4,1671
Test/Mftf/ActionGroup/OptionsMenuActionGroup/UnFocusOptionMenuActionGroup.xml,9eb26d4d922943cc7388fa94dd0cca448afc97344307bac9db0097393590ced8,714
Test/Mftf/ActionGroup/OptionsMenuActionGroup/ValidateOnHoverNoOptionMenuActionGroup.xml,a3f5974164e69839fc8fd79d541be43d3c9e8655ba5071ac58738837004f5fb8,1218
Test/Mftf/ActionGroup/OptionsMenuActionGroup/ValidateOnHoverOptionMenuActionGroup.xml,9efece1f68cab415022720b067a67e79b091c865c3165ee243d4cf94e89998ec,1593
Test/Mftf/ActionGroup/OverlayActionGroup/ValidateOverlayAndButtonCollageActionGroup.xml,46564e306e285cf3b38fb2cd56e197894600d0cc3644b7ba0a3a492b3973c735,4947
Test/Mftf/ActionGroup/OverlayActionGroup/ValidateOverlayAndButtonPosterActionGroup.xml,b9fea6a6035d788141cc4d47dd29225df8dcfe5d76bb77e590553e37df097da8,4946
Test/Mftf/ActionGroup/OverlayActionGroup/ValidateOverlayPositionBottomActionGroup.xml,c53ef9668dd797668dc965dd94d46de9af2d7b50a1bfb7f8cb885518170ac3e6,2096
Test/Mftf/ActionGroup/OverlayActionGroup/ValidateOverlayPositionCollageCenterActionGroup.xml,cd17b06221da552bd79704a2c2340dcf34b49f2b92e2bcf43c1d7dfb1e598db8,2376
Test/Mftf/ActionGroup/OverlayActionGroup/ValidateOverlayPositionCollageLeftActionGroup.xml,c02d8807b211c1b08da6c8bedf3f94507d01224d1605f07d6eb0c8d3f6637f7c,2196
Test/Mftf/ActionGroup/OverlayActionGroup/ValidateOverlayPositionCollageRightActionGroup.xml,390c1c895d6034f200e1c11b1ba3ae89b07c44d6bcb78ca6cb8a90a061ea7f8c,2208
Test/Mftf/ActionGroup/OverlayActionGroup/ValidateOverlayPositionPosterActionGroup.xml,e7e2a034e46f15371bfe9dd52a6f412253b28e189b436f36fbca4da47a2585ce,3988
Test/Mftf/ActionGroup/OverlayActionGroup/ValidateOverlayPositionTopActionGroup.xml,3f82d505d7571765946a4f4501c204627fa9d9247c620b6b7cb546eaf1d16a61,1384
Test/Mftf/ActionGroup/PanelActionGroup/ClosePageBuilderPanelMenuSectionsActionGroup.xml,5a3c67b3813706d4ca8c206ed44d2ec9466425a9188590ee5548413175a1c4cc,659
Test/Mftf/ActionGroup/PanelActionGroup/ExpandPageBuilderPanelMenuSectionActionGroup.xml,d2f17d84b2eb225440c19346e308fb652466d23207d4f6d53cdbb8a9996f4bba,1109
Test/Mftf/ActionGroup/PanelActionGroup/ValidateMenuSectionsAndContentTypesActionGroup.xml,d2123d5865572c8bd3022af295edd44d02bd5a0dbf2f2fe7663b2f397ce22af4,3931
Test/Mftf/ActionGroup/StageActionGroup/AddInvalidFileToStageActionGroup.xml,207fbb94100fc295556283bc772d72ddac31e09d8ce2c5cf9959f322bf4548f8,2210
Test/Mftf/ActionGroup/StageActionGroup/AdminOpenPageBuilderFromContentPreviewOverlayActionGroup.xml,a1de532027ed01f6114d69ba18bf431b79bdb0a3a5c5ea736641fb48af29b4ad,1214
Test/Mftf/ActionGroup/StageActionGroup/AdminSwitchPageBuilderViewportActionGroup.xml,80357b79b569347034f3a71d318ad86b36e3b78ba9e53b89b17d57095e45d08d,1434
Test/Mftf/ActionGroup/StageActionGroup/AdminVerifyEmptyStageActionGroup.xml,28d231443afea3203ce246789f6192476d4620e8fef382a356b9470a8f763ab1,1219
Test/Mftf/ActionGroup/StageActionGroup/ClickEditWithPageBuilderButtonActionGroup.xml,1e9ec11d3e4d64fab9f5c6f11b9aabb35084786bbfd48b83b5f2eaf14c1aaff5,1054
Test/Mftf/ActionGroup/StageActionGroup/ExitPageBuilderFullScreenActionGroup.xml,4bee5224ce83dc3a1e96f08061ca776367b8d3e93d50d7ec400a619949b11bca,756
Test/Mftf/ActionGroup/StageActionGroup/FocusOnInlineTextAreaEditorActionGroup.xml,6d8a5b98666c000fbb62ad38113ee0ef4af124a779cfe14eb49abb10d0b07eae,1077
Test/Mftf/ActionGroup/StageActionGroup/FocusOnInlineTinyMCEEditorActionGroup.xml,e19248ac99a42fa1417db93511b32387eaafa9d1197385284988e93361fd6e4e,1184
Test/Mftf/ActionGroup/StageActionGroup/GoToEndOfLineTextAreaEditorActionGroup.xml,11b09b128b7594e769e0c7cfb1b0f2b13e41dcf7a1fa6d591da1001fffb3ad8b,753
Test/Mftf/ActionGroup/StageActionGroup/GoToEndOfLineTinyMCEEditorActionGroup.xml,d6840e09f6ce7ed1fa2d33da53a25dabcfa2d0a33dc5ccdc525dded6facc66c5,750
Test/Mftf/ActionGroup/StageActionGroup/GoToMediaStorageFromStageActionGroup.xml,773e49961ee9388ac6510e25a5aed2b6ad9404db9ed8e2bbe70fa631c03620ff,1377
Test/Mftf/ActionGroup/StageActionGroup/OpenPageBuilderFullScreenActionGroup.xml,227299118be9142132887ec537384549e78d088eca5baed503904d2dcc06cd9c,946
Test/Mftf/ActionGroup/StageActionGroup/ScrollToActionGroup.xml,da993d4fec104dab96ad4d82553a7d9ec394b570ec4313168ab4c06e3b36a882,1066
Test/Mftf/ActionGroup/StageActionGroup/SwitchTabAndReloadPageActionGroup.xml,b93967de14c7248ebc1590167d951afd0a0c27eccd1e41607c55475c86bd63d5,487
Test/Mftf/ActionGroup/StageActionGroup/UploadBackgroundImageToContentTypeFromStageActionGroup.xml,fb28eabdf82033f2343f59b18c259f91547b6aa3d80e65f8a48695b3caa91334,2117
Test/Mftf/ActionGroup/StageActionGroup/UploadImageToContentTypeFromStageActionGroup.xml,1e874267e4267b1fecc9b24377f9d1c2e349e36f811244cdbc17bba50a1e3acf,923
Test/Mftf/ActionGroup/StageActionGroup/UploadNewBackgroundImageToContentTypeFromStageActionGroup.xml,a49dcc8431f17b11f944af20ca0a623314fe1417bf1cea2748d15b1b7205d319,2122
Test/Mftf/ActionGroup/StageActionGroup/UploadNewImageToContentTypeFromStageActionGroup.xml,4bbfc8611510892f0fe4f33479dcea102e878f623c0bf5cc5fc1b0eef41d2a5a,939
Test/Mftf/ActionGroup/StageActionGroup/ValidateContentTypeHeightOnStageActionGroup.xml,8c6f4bc562182eca719d64adce68719415ad49e95e12426bb939eef613e4a938,1467
Test/Mftf/ActionGroup/StageActionGroup/ValidateContentTypeHeightOnStageWithoutPaddingActionGroup.xml,9b906420b594f2ac90ca57b1d674f1d804001eabe425a6c536c2dafb9bcc3d58,1130
Test/Mftf/ActionGroup/StageActionGroup/ValidateContentTypeInsideContainerStageActionGroup.xml,97b6d31d9190e08fb40759ed11591cf8fed394ea8ed53027d0062b2ab058e5e1,980
Test/Mftf/ActionGroup/StageActionGroup/ValidateContentTypeNotInsideContainerStageActionGroup.xml,3b631cd9004f6d5c043dabf64dca64dc3d4ffccd197a72f474c1d05dea896115,1160
Test/Mftf/ActionGroup/StageActionGroup/ValidatePageBuilderPreviewActionGroup.xml,366f3cd1ae5db7f5839c07283ec478e80824daf7fb1629e1293d80b135044012,2187
Test/Mftf/ActionGroup/StageActionGroup/VerifyEmptyStageActionGroup.xml,5259063c524fdba250c464a7c9b218ba5cd655da9607594edbabf62fc9131131,1229
Test/Mftf/ActionGroup/StageActionGroup/VerifySelectFromGalleryButtonWorksActionGroup.xml,8a0721caa50bf6ee18bb20c1bc9b2db679990f48f61f18c0156cdc2880e92538,1874
Test/Mftf/ActionGroup/StageActionGroup/VerifyUploadImageButtonsActionGroup.xml,5257f83bb82fa9b6151344125326084fc040f3ad98bf552a3f24c520e55ad0dd,1290
Test/Mftf/ActionGroup/StoreConfigurationActionGroup/ApplyGoogleMapsAPIKeyActionGroup.xml,db2aa43171d6cda84a3fea71c3298bd408f6af5d4425ab32e271de6a4812d994,1494
Test/Mftf/ActionGroup/StoreConfigurationActionGroup/ClickAndValidateGoogleMapsAPIKeyTestKeyButtonActionGroup.xml,b6aa19e1529aa68a97b4c8713caea9cdd2ba3e978fc740907bff191c518e73b2,1272
Test/Mftf/ActionGroup/StoreConfigurationActionGroup/DisablePageBuilderSettingActionGroup.xml,e08567f95ec4b9acd53845cb9a87fdd1f6f5c97501ca2aa0d437d930ae032c82,2717
Test/Mftf/ActionGroup/StoreConfigurationActionGroup/EnablePageBuilderSettingActionGroup.xml,4a3f4fa25ce8db0a61e22e9eb3da3cf8ddf9311d515d16df0760d1171be92c67,1181
Test/Mftf/ActionGroup/StoreConfigurationActionGroup/InputGoogleMapsAPIKeyActionGroup.xml,d1015b42c50b86d60bbacc7138e6f710d5be94fc5ba349f906ebc154f19d56af,986
Test/Mftf/ActionGroup/StoreConfigurationActionGroup/InputGoogleMapsStyleActionGroup.xml,eb69affc9577cff69bcc07c9fca41c00e612f52812d44bd690377195d1b8eb0e,811
Test/Mftf/ActionGroup/StoreConfigurationActionGroup/UpdateDefaultGridSizeConfigActionGroup.xml,db94539b7fbd84cd1a235332b8ea36f9c5d0f982472caddf32336ac221f92c90,752
Test/Mftf/ActionGroup/StoreConfigurationActionGroup/UpdateMaxGridSizeConfigActionGroup.xml,ff68a7c472ec64d9fa9e8fe683ac4171d04362294867c734dd9c5359b42d110e,732
Test/Mftf/ActionGroup/StorefrontActionGroup/NavigateToStoreFrontActionGroup.xml,84e79a34789793f40d6bd9d9e2f39ffda5be762e79989ed72eb7b3160628890a,602
Test/Mftf/ActionGroup/StorefrontActionGroup/NavigateToStoreFrontWithStoreViewActionGroup.xml,1c3b75a48c6d130e28d0196f3868825f2e3a7f1c496fb9c8f71857190974578e,675
Test/Mftf/ActionGroup/StorefrontActionGroup/StorefrontAddProductReviewProductFullWidthLayoutActionGroup.xml,fad4cbb03da939fc8cbc7cb2def3d2db3512c6369bbc7928ca00f02389d0fe99,1297
Test/Mftf/ActionGroup/StorefrontActionGroup/StorefrontValidateCategoryDescriptionAppearanceActionGroup.xml,58f4c62a6b46e1e7a3576ef2b2548dd4ff0c74ef052cc830f4e468e17eeef539,840
Test/Mftf/ActionGroup/StorefrontActionGroup/ValidateContentTypeInsideContainerStorefrontActionGroup.xml,cbedf506e1f7f422e4db89fe82b587c905c3d6f126d88b3379ef25fb44bc6214,897
Test/Mftf/ActionGroup/StorefrontActionGroup/ValidateContentTypeInsideContainerStorefrontInDOMActionGroup.xml,aba7023ca2fb75a7969b0eacd4e13da09680feff6ca8660e350d075854732648,895
Test/Mftf/ActionGroup/StorefrontActionGroup/VerifyCmsPageLinkOnFrontendActionGroup.xml,efb1a073df0afc805ba739133646a273f801fdd7e28918a668f0814d114a128e,998
Test/Mftf/ActionGroup/TemplatesActionGroup/ChoosePageBuilderTemplateCreatedForOptionsInFilterActionGroup.xml,9e405f2cd0e6435756723ad76c55d780c3e23a0d3468af59f48c8a9a79ec27ec,1333
Test/Mftf/ActionGroup/TemplatesActionGroup/ClearFiltersPageBuilderTemplateGridActionGroup.xml,d6ef124fea29f797e95a2e5e0c6a13e699bb42b5325e9a5a871778254020cc6c,915
Test/Mftf/ActionGroup/TemplatesActionGroup/ClickApplyFromPageBuilderApplyTemplateSlideOutActionGroup.xml,e45bbe9a5645673a7d33a80dad5ae6fda88452504e1417f2dec3e236736f3729,1069
Test/Mftf/ActionGroup/TemplatesActionGroup/ClickApplyPageBuilderTemplatesGridFilterActionGroup.xml,06abdaa06b1db71aa3c554b5f71afa3d556bc34bab7fbdb4e9d59f65ac3fcc64,968
Test/Mftf/ActionGroup/TemplatesActionGroup/ClickCloseOnPageBuilderSaveTemplateConfirmationModalActionGroup.xml,a605cc07ea17bff4747aae1bc43058ee10fb2ec815eef506c6aef0c71957c666,1285
Test/Mftf/ActionGroup/TemplatesActionGroup/ClickNextPageOnPageBuilderTemplateGridActionGroup.xml,5831b87424294a026963e03d51af634c3f70f4833f92e66e81f06f2618be356c,925
Test/Mftf/ActionGroup/TemplatesActionGroup/ClickOkOnPageBuilderSaveTemplateErrorModalActionGroup.xml,a32486f469e1095447547fd8ead874cbce8ac575526cc1f2730e49dce872c3b5,1100
Test/Mftf/ActionGroup/TemplatesActionGroup/ClickPreviousPageOnPageBuilderTemplateGridActionGroup.xml,dd5780eaece2849b549ed7d4eef525c14353173d43550db84a21870969f8f3a3,954
Test/Mftf/ActionGroup/TemplatesActionGroup/ClickSaveOnPageBuilderSaveTemplateModalActionGroup.xml,650c93a8ac9acf6ae2ed4528aaac779c78b582b42d52369ee0282a5983d53649,999
Test/Mftf/ActionGroup/TemplatesActionGroup/ClickSaveOnPageBuilderSaveTemplateModalAndExpectErrorModalActionGroup.xml,2bb8530eb31ca99b9cb723b3838b77422a0582a587109285e63f5a69d7b359c4,721
Test/Mftf/ActionGroup/TemplatesActionGroup/ClickSaveOnPageBuilderSaveTemplateModalAndExpectNoChangesActionGroup.xml,ac64f615cc0eae38b87b0df5b487cb2c68fd36ad5bec79ab9e8172238313dede,708
Test/Mftf/ActionGroup/TemplatesActionGroup/ClosePageBuilderApplyTemplateSlideOutActionGroup.xml,179049a3ced0fcb035491efd45d828e213593814bc47a2892e2b8dc4fd4b1cc9,1247
Test/Mftf/ActionGroup/TemplatesActionGroup/ClosePageBuilderSaveTemplateModalActionGroup.xml,b37f8c6cda69811e345335686d24bbcaf5722494593af66d08515a7a058d5f19,1220
Test/Mftf/ActionGroup/TemplatesActionGroup/ClosePageBuilderTemplatePreviewImageModalActionGroup.xml,89425da6905f58894df8a734bfef04382770b18e6f264e17077acd11d788dfe8,1175
Test/Mftf/ActionGroup/TemplatesActionGroup/ConfirmApplyFromPageBuilderApplyTemplateSlideOutActionGroup.xml,7bc474f0fc0a448691abf08223e942d0dc39b5cde2508902872a8584450cb8d7,1032
Test/Mftf/ActionGroup/TemplatesActionGroup/DeletePageBuilderTemplateActionGroup.xml,ee5cee63ba19a2f219166cd8487808d15d04372b10522207a48e301db0ac29c1,1584
Test/Mftf/ActionGroup/TemplatesActionGroup/EditPageBuilderTemplateGridTotalResultsPerPageActionGroup.xml,de22fa5f090d4f3522d8c8a216e961c7a96113cf3841b2a1cc56a775b90ed458,1263
Test/Mftf/ActionGroup/TemplatesActionGroup/FillPageBuilderSaveTemplateFormActionGroup.xml,5861ef37a1748d3c0ded99a1303559a283fba24df80580d7f30621c6d385d7d7,1354
Test/Mftf/ActionGroup/TemplatesActionGroup/FillPageBuilderSaveTemplateFormWithSpaceForTemplateNameActionGroup.xml,fa3fafb5a88ceb29aea127cc48ca4be4bc49116a645687f8a4bc1454271c04e2,785
Test/Mftf/ActionGroup/TemplatesActionGroup/FilterPageBuilderTemplateGridByCreatedDateActionGroup.xml,9f8c3ab4c22d829685eda85af88ee641ac1dcba5dffbfe3c351352d536330653,1574
Test/Mftf/ActionGroup/TemplatesActionGroup/FilterPageBuilderTemplateGridByIdActionGroup.xml,b9a5a22c218a8bb5e7ed74a43b25ef8cde52c4078a619bf3936bd7a2ea8f9073,1548
Test/Mftf/ActionGroup/TemplatesActionGroup/FilterPageBuilderTemplateGridByNameActionGroup.xml,31c789c82c8e02b8e38cc49ddc9f44a43a07d449c08ca0de94732f9375d019ac,1381
Test/Mftf/ActionGroup/TemplatesActionGroup/NavigateToPageBuilderTemplatesGridPageActionGroup.xml,285498c1b1efef165b544f768889bbd6655518b182a45186b210f4cbee2c55cd,868
Test/Mftf/ActionGroup/TemplatesActionGroup/NavigateToPageBuilderTemplatesGridPageWithSecretKeyEnabledActionGroup.xml,6acd437a7d24092daa993bc58adfa435f0b25902de030e6c301f90513a19c4ee,624
Test/Mftf/ActionGroup/TemplatesActionGroup/OpenPageBuilderApplyTemplateSlideOutActionGroup.xml,c90926bfe5048dd80f287b3d19a98687d032325614503b72a76b93c0adf1cc1e,1246
Test/Mftf/ActionGroup/TemplatesActionGroup/OpenPageBuilderSaveTemplateModalActionGroup.xml,202c22a5f37158db5550acac0c74e2fa2b1c53896264251a892229b80b8b45c0,1243
Test/Mftf/ActionGroup/TemplatesActionGroup/OpenPageBuilderTemplatePreviewImageModalActionGroup.xml,2dc143166c36a990e0f2974836244c46f19ad0fb386f440178dae275bdae5d27,1350
Test/Mftf/ActionGroup/TemplatesActionGroup/OpenPageBuilderTemplatesGridFilterActionGroup.xml,cd763666f7d30da91ebd3fa3f25f00a60c9ebdd98891e93d0e35f10733dea92d,861
Test/Mftf/ActionGroup/TemplatesActionGroup/SavePageBuilderTemplateActionGroup.xml,d169dfd66ab7a0813585f519b0a2544026bf1b91db20850a924e3a72b4b47804,1553
Test/Mftf/ActionGroup/TemplatesActionGroup/SearchByKeywordPageBuilderTemplateGridActionGroup.xml,cafc3a1d068eb0a47d096dae3435c9763816a8e51c24db72b440d69732707bfb,1267
Test/Mftf/ActionGroup/TemplatesActionGroup/SortPageBuilderTemplateGridColumnActionGroup.xml,60039cddc74d6322caf3f4bfa79ae8c139cac26cacc94c7559fc409be8af6bb4,1055
Test/Mftf/ActionGroup/TemplatesActionGroup/ValidatePageBuilderSaveTemplateConfirmationModalActionGroup.xml,50b89716ac5311c797cea732ce3e5c5c717de65a30a098e83b661e6d5c7cb0d4,1010
Test/Mftf/ActionGroup/TemplatesActionGroup/ValidatePageBuilderSaveTemplateErrorModalActionGroup.xml,07d72b0e19e0c791fff30f73da234f6b3c80b8c8ea0907aeadaea45272602ccc,1270
Test/Mftf/ActionGroup/TemplatesActionGroup/ValidatePageBuilderSaveTemplateModalActionGroup.xml,ddb1b8120b81a7e05412509fa93d61e77626c1ab0e817f6d074b26bd528e0fc5,3147
Test/Mftf/ActionGroup/TemplatesActionGroup/ValidatePageBuilderTemplateDataInGridActionGroup.xml,8f1521f06ea037a89dd421e18b0de6ae439dea1c85a381b12a1bac6e6dbf9719,2914
Test/Mftf/ActionGroup/TemplatesActionGroup/ValidatePageBuilderTemplateEmptyGridActionGroup.xml,4d5bcaac0838885e8e7cd03751be62a8caf0f89cbaefbfaae65cb730aef75b41,900
Test/Mftf/ActionGroup/TemplatesActionGroup/ValidatePageBuilderTemplatePreviewImageModalActionGroup.xml,2987f6c08827facd65b310407dbb2fc2d9bcb99f44099faeda8ef10b1d33a4ea,1991
Test/Mftf/ActionGroup/TemplatesActionGroup/ValidateTotalNumberOfRowsInPageBuilderTemplateGridActionGroup.xml,6eeba079b40f7221ea1aaa4f0e6e0b66c07123f2636b4fbfb770944941d3bbb2,967
Test/Mftf/ActionGroup/TemplatesActionGroup/ValidateTotalRecordsFoundInPageBuilderTemplateGridActionGroup.xml,108688b693ccfd742276a712cb476dd4ef0ed9702a9c8abbd11e9dbd9b16c3e9,992
Test/Mftf/ActionGroup/TemplatesActionGroup/VerifyCannotNavigateToPageBuilderTemplatesGridPageActionGroup.xml,658a242a7f5b543d714e9ad11b9f06a1b4197edd3de9767181bcbc2f3d2660e4,1861
Test/Mftf/ActionGroup/TemplatesActionGroup/VerifyNoPageBuilderDeleteTemplateButtonActionGroup.xml,afdbaae3ff29acc28d261d074981b7429f085e655aaf9f50dcba7aafb9d0c062,1191
Test/Mftf/ActionGroup/TemplatesActionGroup/VerifyNoPageBuilderSaveOrApplyTemplateButtonsActionGroup.xml,485af731d2d41d3e1abd0a5385e8f9f3ddc32599c78ccee95e0b90aa50b6bd6f,1014
Test/Mftf/ActionGroup/ValidateContentTypesStyleDoesNotEqualExpectedStyleActionGroup.xml,56c360c9d00cf7d19553651e984f447bbd4ed551041ba503133721fa133e3315,1254
Test/Mftf/ActionGroup/ValidateContentTypesStyleEqualsExpectedStyleActionGroup.xml,da8692c871e67c4bc61114bc2942b2c809bfbee9cb15f12de53023f9305a8251,1121
Test/Mftf/ActionGroup/WYSIWYGActionGroup/AddPageLinkVariableWYSIWYGDisabledActionGroup.xml,3116bbf5e9e1ea2be8a354526a41922895565bca20a67d92abace605d3dfae4f,1780
Test/Mftf/ActionGroup/WYSIWYGActionGroup/AddPageLinkWidgetToTinyMCEActionGroup.xml,622eb83a5a4d0591e5a83a727cab24c2fea73478bbf4b66638322e49b05e32c3,2900
Test/Mftf/ActionGroup/WYSIWYGActionGroup/AddPageLinkWidgetToTinyMCEInlineActionGroup.xml,787bff649f632d5558883a3d9c1e7d3ffb3eb92c8e64deda8ab033c0f251d72d,588
Test/Mftf/ActionGroup/WYSIWYGActionGroup/AddPageLinkWidgetToTinyMCEWithAnchorAndTitleActionGroup.xml,ea40016faee981f8d00a53ed7942e2f7a3dde39694d7f8df038699b2517cdf62,1596
Test/Mftf/ActionGroup/WYSIWYGActionGroup/AddPageLinkWidgetWYSIWYGDisabledActionGroup.xml,bdc388b2207ce55d7c832f1a2d9f5aa5b7fa81c5771b09388418b6fb366fe1e7,1339
Test/Mftf/ActionGroup/WYSIWYGActionGroup/AddTextToTinyMCEActionGroup.xml,7fb6eb4dd6a0024e376bccbe1b91bccb8947991f6dc1e7e910f8ad32b0f02ad5,1251
Test/Mftf/ActionGroup/WYSIWYGActionGroup/AddTextToTinyMCEInlineActionGroup.xml,6264ffa34895581fa3bd08a9577d30f73743af097f38224b851054d1192fd71a,1157
Test/Mftf/ActionGroup/WYSIWYGActionGroup/AddTextToTinyMCEInlineWYSIWYGDisabledActionGroup.xml,4933cc4701a31f379be24551e9b4de4573d01b7c983cad9702f770daa2963f1b,891
Test/Mftf/ActionGroup/WYSIWYGActionGroup/AddTextToTinyMCEMobileFormActionGroup.xml,3a7ef96f1e2dc314600e7351a91622fedb970e34f05e1e0b249b7ce01141c158,858
Test/Mftf/ActionGroup/WYSIWYGActionGroup/AddVariableToTinyMCEActionGroup.xml,544ec951866862a5ce50532e65b337dba58ec6f24f345cf397b37271c4cdedba,1447
Test/Mftf/ActionGroup/WYSIWYGActionGroup/AddVariableToTinyMCEInlineActionGroup.xml,83063b3359f88514e3f6a90603213c43b5ecef7e607574ef56da22953902ce70,585
Test/Mftf/ActionGroup/WYSIWYGActionGroup/AdminClickInsertWidgetButtonInInlineTinyMCEEditorActionGroup.xml,0718b3ba503dd0efd7b0a7969e51e9c195178093060abc977fb4369f1b91ec57,1051
Test/Mftf/ActionGroup/WYSIWYGActionGroup/AdminClickInsertWidgetFromInsertWidgetSlideOutActionGroup.xml,3147397c713893391fd98bfa0597fa53353f7eefb739e809a254f3816d022838,1218
Test/Mftf/ActionGroup/WYSIWYGActionGroup/AdminSelectCatalogProductsListWidgetFromInsertWidgetSlideOutActionGroup.xml,a0db4d8fae319e098728cab696513560ea601ba40e7c28eb73a02b1f83b9706e,1520
Test/Mftf/ActionGroup/WYSIWYGActionGroup/AdminValidateContentTextInTinyMCEIFrameActionGroup.xml,d357eab0b667a6e33a84395f97c65d5735b724628632c31216cb582025b42469,1150
Test/Mftf/ActionGroup/WYSIWYGActionGroup/AdminVerifyTinyMCEToolbarButtonsActionGroup.xml,f03b616117a202d9b2f16a1186ea3adc7cbf772a666a639790b3b8c398b09746,2428
Test/Mftf/ActionGroup/WYSIWYGActionGroup/AssertSelectedTextActionGroup.xml,65b7d873ee3f949aaa000e328da924a6e3786a475fae9174e5987ae3adabea9e,769
Test/Mftf/ActionGroup/WYSIWYGActionGroup/AssertTextareaContainsValueActionGroup.xml,8b1fae3528687c61107975acb95f54ddb679ad6905938991b2c8a2df8167cab9,884
Test/Mftf/ActionGroup/WYSIWYGActionGroup/ClickDirectiveTinyMCEActionGroup.xml,b3a81fa96a60cc521278dd0f3167f76bbcc96cb9e40aa7667eb6db954c08accd,776
Test/Mftf/ActionGroup/WYSIWYGActionGroup/ClickInsertImageInTinyMCEActionGroup.xml,ee054038c3a8afea8c7762d2dd41adf41c764400dfbd2aa429a5113dcb0fa8df,824
Test/Mftf/ActionGroup/WYSIWYGActionGroup/ClickMediaGalleryStorageRootArrowActionGroup.xml,22fab9d9802d0f6f3b54654537ff2014313a7d2ac1d01bd2712e853925ced05d,668
Test/Mftf/ActionGroup/WYSIWYGActionGroup/ClickTinyMCEInsertImageButtonActionGroup.xml,3d319a284abe63148e062794fe599037b72d2a35a3c35b343f10262e0102cbaf,1054
Test/Mftf/ActionGroup/WYSIWYGActionGroup/CloseVariablePanelTinyMCEActionGroup.xml,e7a0a249659b6bc225eaff1eba7ee5ee85f64f1d20bb79bfe9c8faabb63301ca,724
Test/Mftf/ActionGroup/WYSIWYGActionGroup/CloseWidgetPanelTinyMCEActionGroup.xml,c306d0c40b5a9a6eda046bb4df28b49799a2b61c6ef80c990e6aa41d5ed59b96,714
Test/Mftf/ActionGroup/WYSIWYGActionGroup/DoubleClickToInlineEditWYSIWYGFromStageActionGroup.xml,555fb27c3c20d48b4845e963f7f310a96282252dabc7604fb94e951ea8202c40,764
Test/Mftf/ActionGroup/WYSIWYGActionGroup/DoubleClickVariableTinyMCEActionGroup.xml,343056e344c3bfae071f63cb24b9cfef013063ae75eecf34e16ad88352ef1ce4,1118
Test/Mftf/ActionGroup/WYSIWYGActionGroup/DoubleClickWidgetTinyMCEActionGroup.xml,95ff1c9dc4dc657313e404b128de1b40428a5e9f493854679c8d6d3947d13a90,902
Test/Mftf/ActionGroup/WYSIWYGActionGroup/FillTinyMCEInsertImageModalAndSaveActionGroup.xml,8d837d6eacadea792b7acf575ba37875891ab598a972ff072e0afe261c7b1c6d,1308
Test/Mftf/ActionGroup/WYSIWYGActionGroup/FocusTinyMCEActionGroup.xml,caa9ec0cea0a38fbddab296a6cd83bb04df14284a94d0514ce1ee4b27962c670,849
Test/Mftf/ActionGroup/WYSIWYGActionGroup/FormatTextTinyMCEActionGroup.xml,0287e1a7b1f36f5f5913fd53acff304ef13ef9910c11215c692e4687308d9ef9,1178
Test/Mftf/ActionGroup/WYSIWYGActionGroup/GoToMediaGalleryFromTinyMCEImageModalActionGroup.xml,97c1b579c67a21ba17e7200fb0649457b9d53bea3d1c4cf93b7f0785a5b46f2c,908
Test/Mftf/ActionGroup/WYSIWYGActionGroup/InlineEditTextAreaFromStageActionGroup.xml,ced15c6c1e7d7a26110f3b6b99a8a9cabef0ee7c36f1515b06cb29b030d59c60,1025
Test/Mftf/ActionGroup/WYSIWYGActionGroup/InlineEditWYSIWYGFromStageActionGroup.xml,29c174144be4ad08286dbf5ecad84bc66c0335238feb38714d472d651a7d7832,1343
Test/Mftf/ActionGroup/WYSIWYGActionGroup/InsertLinkInWYSIWYGActionGroup.xml,44da65f8cdb989d59bfda1685d160c33baaadb80e3fe59d6bf417512a535967c,1655
Test/Mftf/ActionGroup/WYSIWYGActionGroup/InsertLinkInWYSIWYGExistingTextActionGroup.xml,497ff0d36d1947c7f41dd46a44dc57a2818dae3196cbe8b23eb929a70c02e518,1624
Test/Mftf/ActionGroup/WYSIWYGActionGroup/OpenInlineWYSIWYGEditorOnStageActionGroup.xml,a25f1a425edbd717111c10e07b868bee8a87beb5301037004da9e1faf8f1458b,1039
Test/Mftf/ActionGroup/WYSIWYGActionGroup/ReplaceTextToTinyMCEActionGroup.xml,44ab35dbf58c5252647c724444354ab5fc9537f95bf9fb52f5e03e2b136ea2d1,476
Test/Mftf/ActionGroup/WYSIWYGActionGroup/ScrollToTinyMCEActionGroup.xml,7946e62c03a8a2b52e3e04a8837cff3fcb9088231dc09becc4247443ac2c5ab7,693
Test/Mftf/ActionGroup/WYSIWYGActionGroup/SeeDirectiveFocusedTinyMCEActionGroup.xml,e0c6024b680f0cc836f3c31adc66ee2d06b4c259d648ae4a6331c576bb1ea33b,817
Test/Mftf/ActionGroup/WYSIWYGActionGroup/SeeVariableTinyMCEActionGroup.xml,426a4db531b19423a8de2928b545d1e37fef4094ed1dfe9de0581b35a6dd10c7,764
Test/Mftf/ActionGroup/WYSIWYGActionGroup/ValidateTextInTinyMCEActionGroup.xml,6dd3134051b504e62cab3f0ca92e17882cd468b8a6240517b24ef6416c7a2db8,1012
Test/Mftf/ActionGroup/WYSIWYGActionGroup/VerifyInlineTinyMCEEditorNotUnderOtherElementsActionGroup.xml,d3a78bdcab0731d61d3700cd475aa6e4f9d52e9e2fcd5df1c61573f1f80a1519,737
Test/Mftf/ActionGroup/WYSIWYGActionGroup/WaitForTinyMCEInFocusActionGroup.xml,e9ce0dd1a444755885692ec60b7ba2ed5b0c83280d7d3b07360bbf9415def41c,622
Test/Mftf/ActionGroup/clickOutsideTextInlineEditingActionGroup.xml,a39b3215436b565d3fab130b3efdfa42ea10b8fa6ab7e8dc7bea6bc3302aa6d7,702
Test/Mftf/Data/AdvancedData.xml,7b5a561a09a34ba973250333baeffb4014c2e88967c72ff829cefd5f672e39c1,42065
Test/Mftf/Data/BackgroundFormData.xml,32a05dab9494917112dcf6745e123b06dbad50c56d2dec4ccaa216d6d5762181,39597
Test/Mftf/Data/BannerData.xml,9884091303f4980fd625ca156d3f185e94591f9427c54319e19731a5c6c33ab5,13195
Test/Mftf/Data/ButtonGroupData.xml,d8202d671b8debd498d6eb3d2145338021368cc8a6bca7fde927cad450992d1f,1767
Test/Mftf/Data/ButtonItemData.xml,337ce77df76f33f1be08833fbe4a53e951eb1d3859fdd8ef4e52f38db4a924a1,7804
Test/Mftf/Data/CatalogProductData.xml,66f9aeea880a3d30d91323e7b5bb4ffdd5837dc776a5bf4ec26bd9c855c35865,3346
Test/Mftf/Data/CmsConfigData.xml,e7b73f11ab2332356c8686310394b0a97facac996b19cb65fe31baff45462bce,7062
Test/Mftf/Data/CmsPageData.xml,b9ed197ec55ae997f518ab475455d70aa72bf467343084f3c6dbef6433bcb64f,5156
Test/Mftf/Data/ColumnData.xml,aa5ca89b4d35019524d0baa2582456a725bee001a7e52ac85f08007e290b3012,10681
Test/Mftf/Data/ColumnGroupData.xml,8b81e59e47f733e500d5ecc4c81bf2e92db246b37c5f9f3330cd24ec87340dcf,1869
Test/Mftf/Data/CommonContentTypeData.xml,1363ff71bdaca67cc8c440d5868b72e7f1feaf08673fc14ba6cef32e3e304316,13175
Test/Mftf/Data/ContentTypeData.xml,484496819a549c8710973cb8558cecbd302194ab7bbde09238319f8b4fa4274f,6408
Test/Mftf/Data/DividerData.xml,74d2a2df26d03a9964da015c00995ebf14c9a7728cf9ad6d1427259b68b8257f,6325
Test/Mftf/Data/EditPanelFormData.xml,7c2da7c201d1d65726967d36d589489a8d5711d239a27b98c38785b02f12bff0,819
Test/Mftf/Data/HeadingData.xml,210e1741ff86d502463d787c16790675d3d2f227ae26d5b5a8f28b1a26df254e,6280
Test/Mftf/Data/HtmlData.xml,f7e1eacc8fe41540a7b5dacdec010324abb020cb9c6b19fe8d17f9ff3e31ac2f,3685
Test/Mftf/Data/ImageData.xml,b022b3e25fce399fcb7709c734d71c9dfb27f9598768ee038d369418bed7ce63,6957
Test/Mftf/Data/LinkData.xml,7381c9aff97f7f9aecb1121cdd328f7ae65f099397fa446f222296602f17058d,702
Test/Mftf/Data/MapData.xml,13ca399f2cef0f8807b67f5632359f5664ce5a10eee80ad0516a1a108a4fe8a2,45166
Test/Mftf/Data/PageLayoutData.xml,db8f7bd116dbda7a709efa5e78747bd170ba76ecc2a3886c25a42a886bf4fa91,590
Test/Mftf/Data/ProductAttributeData.xml,03d88559118fc56baa8cb6fccd55c888a2e846ab14141bd560cb5466ebb000a2,1285
Test/Mftf/Data/ProductAttributeSetData.xml,1a98d36f4822e0c102b22b5900d607e06f0d5ee8fa1ab35e292aef8b360522da,626
Test/Mftf/Data/ProductsData.xml,9a4424b0ee67b8230185a162aece4248ff61f346a1e40e201434dd07b508d7d4,17329
Test/Mftf/Data/RowData.xml,c5a2de3d2d5d2089c914e72513ab69c76b060a3c4ab4c5ba04ca87f1c3208146,3225
Test/Mftf/Data/SlideData.xml,3997b048d619405fa5c77cf6fb8181fd29e1097b5a73145a19da0c517864a818,18675
Test/Mftf/Data/SliderData.xml,970e52f3f3065dfea5123789b3b91610f554f8273540cb7a6cce558edc5ae830,4791
Test/Mftf/Data/TabData.xml,2211c844e28a56dfe9529ffe58e9348b457511d8183307856cb4bc1a84dc6449,9776
Test/Mftf/Data/TabsData.xml,3495b81c1fd80fc421b8fc841b0690f44913d51380bb910935f67505e839296b,5072
Test/Mftf/Data/TemplateData.xml,f0659095a7e291a3de7b43109ecd4b9d77d25841481feacf8b70b1a2dab56546,8693
Test/Mftf/Data/TextData.xml,f25ce418d72810e7e55fc4d434acd0bee88b9c2ec5b18139dc1f7fa68abd0a17,1680
Test/Mftf/Data/TinyMCEData.xml,806bcfffec6d8ce82cc3c3d43f5c26b224f8923da7b778ec270086120e9415d3,6415
Test/Mftf/Data/VideoData.xml,fc93842e0f362e8e6ea88eb1fdfb8ee0e2e1dd1ae29ce9cb0fbabe7ca70c4805,7162
Test/Mftf/Helper/SelectText.php,844f9344542e9fb0f0670534f7ebd396af927df4fb2d9512550b294bdf720dc3,2643
Test/Mftf/Helper/Utf8mb4ValidationHelper.php,4beb882378d71e48e07ca894a6669af894cedffad6479ad1b8862ddf6dc82a27,2912
Test/Mftf/Page/PageBuilderTemplatesGridPage.xml,d23733cf30c0a2508c1bab0042c671f840fc482c4a596ca75401071175adf696,614
Test/Mftf/Section/ContentManagementSection.xml,5b67707007544cb5cc5a85df6cd45962d4790ee4a3b0c58c4996a79c6e37d2b3,3985
Test/Mftf/Section/PageBuilderBannerSection/BannerOnBackendSection.xml,03af0aee4c207ce30e0d92f66318b21b6ef563e40a8df0963cf10be7e287313b,19443
Test/Mftf/Section/PageBuilderBannerSection/BannerOnConfigurationPanelSection.xml,e991f372673568f99de82791f76f1aa51c853eb41f83dbd95017d9d7b6309acd,731
Test/Mftf/Section/PageBuilderBannerSection/BannerOnFrontendEmptyLinkSection.xml,3d4c6b14735ddc37ffcbd9cd8fdd9effbc6ab9fcdc815740df6f200d55d15742,539
Test/Mftf/Section/PageBuilderBannerSection/BannerOnFrontendSection.xml,5fc26e50d571536a4a26e1559f29d0bee470f9d7d5336313b860a47fb118f090,15917
Test/Mftf/Section/PageBuilderBlockSection/BlockOnFormSection.xml,875ae970f4e92e090a857f0ce12a70c3a2732f327b6a1d0c5dca6a665255b80d,636
Test/Mftf/Section/PageBuilderBlockSection/BlockOnGridSection.xml,de8c555d8614fd306893c48de758bf3a74af382656a0633b23e500000ed1fa6c,644
Test/Mftf/Section/PageBuilderBlockSection/BlockOnStageSection.xml,a834d3fb563fb54faad94426f73c0a3320a6def69e9f9262016f872a0dd369e0,5034
Test/Mftf/Section/PageBuilderBlockSection/BlockOnStorefrontSection.xml,f99b5fbd72a794b0c647e0ec136c45baf4d8b9522e0762fe5934ed587db13a70,4293
Test/Mftf/Section/PageBuilderButtonsSection/ButtonGroupOnStageSection.xml,a7bfb60d6dc1c6d96fe26933eaf8d87f622b0d6f6306fa3bc48236d992e245f4,4406
Test/Mftf/Section/PageBuilderButtonsSection/ButtonGroupOnStorefrontSection.xml,b2d599cbd07a33945d1b62c65a9b9cf17bc101e0091764f23d521228d90965f7,3420
Test/Mftf/Section/PageBuilderButtonsSection/ButtonItemOnStageSection.xml,796c87b55d99b51d954ad3b778ebb421208d309fcf91c2a66041c659f22fe0b9,8112
Test/Mftf/Section/PageBuilderButtonsSection/ButtonItemOnStorefrontEmptyLinkSection.xml,3757d5011fb239d2b4f92c8e227c9dde082ddfb4d82c68d0c73a946f7d2d66d5,5289
Test/Mftf/Section/PageBuilderButtonsSection/ButtonItemOnStorefrontSection.xml,e60fdc52e840f4c35bfd6c67fdfa7d546b1e543a9584dc10b4acc48220e948cd,5539
Test/Mftf/Section/PageBuilderCatalogSection/AdminCategoryProductsGridSection.xml,0c07d364345b5567fe9b58a4a38347be2b66ecb386e9f1de8eaca07eef1d915e,545
Test/Mftf/Section/PageBuilderCatalogSection/CategoryContentSection.xml,da97cb9f5d65b9fd034e43c418c4e368a38b7528fa363e08b4d3b8a5034d7f50,452
Test/Mftf/Section/PageBuilderCatalogSection/PageBuilderCategoryAttributeSection.xml,13cb79298ea17499c0a8514999c91efa4513340b02bd21f333d713da39d2902d,456
Test/Mftf/Section/PageBuilderCatalogSection/PageBuilderProductAttributeSection.xml,8189fee069f0b813d1153056c15215f2c67fd819ebefec50b9bb238ac0f37879,892
Test/Mftf/Section/PageBuilderCatalogSection/PageBuilderProductStorefrontSection.xml,67ea111c8da9fb373e916fda72eec66b7040625504290b8230d5b87836a77b7f,758
Test/Mftf/Section/PageBuilderCatalogSection/StorefrontCategoryMainSection.xml,c64c8ecb0fa7ae51e5ceb1b787e3cc84c01719b2507797c024fa58fa36cd6dbb,1289
Test/Mftf/Section/PageBuilderCatalogSection/StorefrontProductFullWidthSection.xml,b2cf6386a8d540a0cf908ff543cd85a8b61bba938e07841223b7126ad413c6d2,1434
Test/Mftf/Section/PageBuilderColumnGroupSection/ColumnGroupOnFrontendSection.xml,e985241a734ffbfad51e6d0361bb5d08fa2fcb33775adc4cf878e09ce330a551,1447
Test/Mftf/Section/PageBuilderColumnLineSection/ColumnLineOnBackendSection.xml,2f9b2b19b766c6b7a8b6439cd156d3f98bc600865bf03068fd841bf0cb63b4c5,1263
Test/Mftf/Section/PageBuilderColumnSection/ColumnOnBackendSection.xml,9b45e1f2e7750926202a3ce8be6177c6e3af154dde332a93aec3b8561eedf069,14987
Test/Mftf/Section/PageBuilderColumnSection/ColumnOnFrontendSection.xml,fe6431a3ec33e151220ff353adfb355083aa3dacf34adba7e056f23f99fc72d0,11570
Test/Mftf/Section/PageBuilderDataGridSection.xml,0f6e03854394fa0575117ab03fbdf57d2f9758dcb028e400b262b5b0f39702ba,3210
Test/Mftf/Section/PageBuilderDividerSection/DividerOnStageSection.xml,29d884ebcd774b26881ea068779c4408ec93019338c9665d954f7fa746860d78,5502
Test/Mftf/Section/PageBuilderDividerSection/DividerOnStorefrontSection.xml,d2d9908e9a69fee417c3b70ab4992b42b54fbb7bf222100a31f127c09c269368,4913
Test/Mftf/Section/PageBuilderEditFormSection/AdvancedFormSection.xml,a7d27ca29293c36f66aa6b880fb370ea7e33f8456a8e511883ce22e09487bf94,3220
Test/Mftf/Section/PageBuilderEditFormSection/ColorPickerSection.xml,5e7374a2015e9367ddb56216329d12885a713176abe4bf3a6291da707a5db6ab,2950
Test/Mftf/Section/PageBuilderEditFormSection/EditPanelFormSection.xml,af03ef615c58c332a5b49a72adfe8e3a9ff1c94201399520f74ff04ba1be1610,10381
Test/Mftf/Section/PageBuilderEditFormSection/PageBuilderLinkAttributeAdminSection.xml,326f20a702b9bdcffb44f3952a28b2daeee54c75ceb370cbbf8a9cbd32e3f593,1444
Test/Mftf/Section/PageBuilderEditFormSection/PageBuilderViewportFormSection.xml,243e640ec08652540f0ddc21d0d5167ed103fc015c127674c9a8983d0175745f,1277
Test/Mftf/Section/PageBuilderEditFormSection/VisualSelectComponentSection.xml,d85627afe87a2fe9f99d5a4af06fffd918fa4d34d11ca22df25cc22c431b2aa0,755
Test/Mftf/Section/PageBuilderHeadingSection/HeadingOnStageSection.xml,44ba696d96b9fb62bfb8926bdad0da73d1e613e011951321b9cc89a195a62142,6684
Test/Mftf/Section/PageBuilderHeadingSection/HeadingOnStorefrontSection.xml,1955de27b2df04aa7c0b4bab7b2cd0bfbd5bff413cf4f8a77a9d7bf17fdce717,4527
Test/Mftf/Section/PageBuilderHtmlSection/HtmlOnBackendArbitraryHtmlSection.xml,2cd8ff758e45e976a1134748980628619dfec7f9264b7b0d67a998b013bb3ff5,503
Test/Mftf/Section/PageBuilderHtmlSection/HtmlOnBackendMediaDirectiveSection.xml,71aa772724538f73ee0d43c2bc0ddb4b892a267bb5355c1f1cd81f33a4422526,460
Test/Mftf/Section/PageBuilderHtmlSection/HtmlOnBackendNonexistentDataRoleSection.xml,bce8665c7246d747a3f473888a1039fed696fecbf48d8d2ca89a9b021cb19cb4,597
Test/Mftf/Section/PageBuilderHtmlSection/HtmlOnBackendWithImageSection.xml,154b9816986734489c1a91b65a82f1564eb2e8876479f6c4b87db6b61cde2000,503
Test/Mftf/Section/PageBuilderHtmlSection/HtmlOnConfigurationSection.xml,bb8e0b9fdf6e01b01ed7de4414c566fe8d20a422819a10db7689a3c204767ae9,927
Test/Mftf/Section/PageBuilderHtmlSection/HtmlOnFrontendWithImageSection.xml,7120b466c106bb519eb64032a7c39d5adc2c71aff4cd008fdbea82b4f885b7e5,450
Test/Mftf/Section/PageBuilderHtmlSection/HtmlOnStageSection.xml,8fedf91336aeb414e53798f54239680e13aee858aa6e21f07c679104ec14d982,5268
Test/Mftf/Section/PageBuilderHtmlSection/HtmlOnStorefrontSection.xml,f1aa4ae390a13c156b884b4f84823dbdcb02f5a6898ab8dba35b6df4be03c879,3364
Test/Mftf/Section/PageBuilderImageSection/ImageOnConfigurationPanelSection.xml,b5a114704783881a2f5f266f8e2d746aa9a28cc9e48712266f9d9e2ebeb64bf0,1044
Test/Mftf/Section/PageBuilderImageSection/ImageOnStageSection.xml,57faa7fac5b7c937d084fdb3436ed12c4fe6e205525fcf94ede882d92e70794f,4992
Test/Mftf/Section/PageBuilderImageSection/ImageOnStageWithoutImageUploadedSection.xml,57ae94e52ae7e4ebcb602c172a50b13c70b284a8e457dfd7a6c28fc06c3aaca0,6282
Test/Mftf/Section/PageBuilderImageSection/ImageOnStorefrontSection.xml,eaa78b1da5c143d40e0490a32211da8eebf2654d4a04a6027e0ceb7be24b7de9,6333
Test/Mftf/Section/PageBuilderMapSection/AddLocationFormSection.xml,c2eac3cf00f64b7df913c0ec0a575611f658a628b0579dc15f7796bdbe5021ce,3844
Test/Mftf/Section/PageBuilderMapSection/EditMapFormSection.xml,1c6361b5fc83d46a8d166c86eef00c99aa0e86386b25eb1e0ae0dffd62eb3d50,865
Test/Mftf/Section/PageBuilderMapSection/MapOnStageSection.xml,6a77ae848ca883ee3d0c9da487e1dac558c4e9e9f3ed6a59181db87e97ba5ee4,9012
Test/Mftf/Section/PageBuilderMapSection/MapOnStorefrontSection.xml,a02e6ccdc25a5107a45c06ebe0980ef63c11195c3a41238d13bbef8631b910d4,8996
Test/Mftf/Section/PageBuilderProductsSection/CatalogProductsWidgetSection.xml,d57a3349abd47ab19ccca115acaacc3a95b3931d0dd1bb1d4f0382f2d7649f73,939
Test/Mftf/Section/PageBuilderProductsSection/ProductsCarouselOnStageSection.xml,5a6468da8b3e3cf1705a8a4c0a4c6f4240354e1277ae1bcc2ef1aeacd67b5a2d,15288
Test/Mftf/Section/PageBuilderProductsSection/ProductsContentTypeFormSection.xml,2b7aaa36d953eed54ef6adbded72b8a22dad8388d794eb88103c3e5ba5cbb61a,2617
Test/Mftf/Section/PageBuilderProductsSection/ProductsOnStageSection.xml,cfddd6c8dc3430f8bd9313148dd28a5f3b8edad8472c1f9488149fae8b4da0d3,7832
Test/Mftf/Section/PageBuilderProductsSection/ProductsOnStorefrontSection.xml,448b4cdd6fec2aec87de2e38d100215c0772cd25ba1701a8854d115740b71178,14588
Test/Mftf/Section/PageBuilderRowSection/RowOnBackendSection.xml,55f915ab8dca2373ab708b4ce42f2897a7f0460cfebe95fc43698ccb0d8a77ee,1708
Test/Mftf/Section/PageBuilderRowSection/RowOnStageSection.xml,bd7d8587e9b775760ab60c9b24eb11c17d247e332d37806f1ea8ed04488619d6,15642
Test/Mftf/Section/PageBuilderRowSection/RowOnStage_ContainedSection.xml,5d9a1cb9a14491fe50e7f125c865d7da83f4244ede8e1e8bc7578e272b850071,667
Test/Mftf/Section/PageBuilderRowSection/RowOnStage_Contained_InvalidSection.xml,8fc7404d069910ac8b8dbb407074761698a11107a5d8fd624fb07d02b262d23e,1086
Test/Mftf/Section/PageBuilderRowSection/RowOnStorefrontSection.xml,29ce8b7763dcdb264ee33173ff3eb74b4b2640eea008004e65e9d077445dcf3f,11972
Test/Mftf/Section/PageBuilderRowSection/RowOnStorefront_FullWidth_FullBleedSection.xml,a434da17783d2f4c719f12ff854ac65a6851b7ff50a13274fb3d6c401ff40fc4,10648
Test/Mftf/Section/PageBuilderSliderSection/SlideOnBackendSection.xml,4847161fb51f3e2b1aa39f7af5ba9be3dd28f7951e0e2627f28b7c20cfc665c8,20743
Test/Mftf/Section/PageBuilderSliderSection/SlideOnConfigurationPanelSection.xml,eb12abba478b1f63121dc8f71e8e340ec60b868940e6e093694abc6f6637fece,833
Test/Mftf/Section/PageBuilderSliderSection/SlideOnFrontendEmptyLinkSection.xml,5fd5c21d9e0cd97dc56ea4c8f44aad06f9df3040752bb8d4c41a86616af6ce88,536
Test/Mftf/Section/PageBuilderSliderSection/SlideOnFrontendSection.xml,b5c0d93cc53db632323e97dd591f6a92e61d3db8c2f035116ffc26a9dc341dd8,17099
Test/Mftf/Section/PageBuilderSliderSection/SliderOnFrontendSection.xml,93aacbe5db0b360ce7ecce70b8cd08e905c0b13b18cc48dff9943cb47d72d268,6449
Test/Mftf/Section/PageBuilderSliderSection/SliderOnStageSection.xml,56dcfff8434944ede65a9d5fa994c92be67a1be6a2b9a9ea29bb5bc8c4bc799d,7245
Test/Mftf/Section/PageBuilderStageSection/PageBuilderContentTypeOptionsMenuSection.xml,3a3fd099e19fdd92dc5b5723dbeae83861c2a7181fdc9c9bfc240ade8280514d,4091
Test/Mftf/Section/PageBuilderStageSection/PageBuilderPanelSection.xml,4ff5e5113b24e8355c8862e292c9761ef79d384276e861e11e58e98b5f18594c,4284
Test/Mftf/Section/PageBuilderStageSection/PageBuilderStageSection.xml,1273e20503649c3b861abf481325684f858f49e0a750c1f5fa9e9a3c58e47050,9523
Test/Mftf/Section/PageBuilderStorefrontSection/PageBuilderLinkAttributeStoreFrontSection.xml,7b6f3470ae45948cbb2151f2553cce177ca586c159111dea0718a4571c351696,828
Test/Mftf/Section/PageBuilderStorefrontSection/PageBuilderStoreFrontSection.xml,1351890d7a613a4548c9f39d658514240023d3fe080246ed2fe7e359eae867b1,1254
Test/Mftf/Section/PageBuilderStorefrontSection/StorefrontPanelHeaderSection.xml,030215e9dda83d11f2710064db29d78b2d017a437fb3a5c5026abca4d23fbdab,445
Test/Mftf/Section/PageBuilderTabsSection/TabOnStageSection.xml,c54c828634b3ea3f810d629abbe86ce39e33da78b8a390c740a50edfa69e0b62,12296
Test/Mftf/Section/PageBuilderTabsSection/TabOnStorefrontSection.xml,185602c5aaed5cf29e6d3f366ed76b9811a989d72631cbf692d669b5d16f36be,6958
Test/Mftf/Section/PageBuilderTabsSection/TabsOnFrontendSection.xml,bc82d7d3a7cb0d9606e396e34a303e07cf38e57cf2c4a06ac89470f41b4ff965,3160
Test/Mftf/Section/PageBuilderTabsSection/TabsOnStageSection.xml,48bf0cbe8db6f2ea80bb2bce6ffff82ba05e016562a6505c39a612fc6d0f86c9,4551
Test/Mftf/Section/PageBuilderTemplateSection/PageBuilderApplyTemplateSlideOutSection.xml,17b7370a3b76f89ccdaf276651f907b619cf4ba79f69fada179f5287142f1a78,1008
Test/Mftf/Section/PageBuilderTemplateSection/PageBuilderApplyTemplatesGridSection.xml,434ed3fb2b330db0b4e118ed933b565288b21e82fc39b2ac14d239c12ee036cd,7664
Test/Mftf/Section/PageBuilderTemplateSection/PageBuilderDeleteTemplateConfirmationModalSection.xml,d7cd0eb513412843a6796c60aa518dc5dc6f814f53127e6ea2f95878bd2d7dc0,1235
Test/Mftf/Section/PageBuilderTemplateSection/PageBuilderPreviewImageModalSection.xml,44e5f0dc3cd0cda48733537316465291b00f0d23d7f05c0e819bf3ecdc0efc3c,955
Test/Mftf/Section/PageBuilderTemplateSection/PageBuilderSaveTemplateConfirmationModalSection.xml,cd3a4c14ffba719918153ee2712a81aea9977b610cff4f9b1ac4a7aeb309af14,1070
Test/Mftf/Section/PageBuilderTemplateSection/PageBuilderSaveTemplateErrorModalSection.xml,a90b9be72a1049f75810814808b6aa34072e49269fa24c168b3df5d51254d685,1063
Test/Mftf/Section/PageBuilderTemplateSection/PageBuilderSaveTemplateModalSection.xml,aca625770b9c7b2fc3560f9d1cea1170fff9062fcc0df95a521894cdbda8fef7,2365
Test/Mftf/Section/PageBuilderTemplateSection/PageBuilderTemplatesPageGridSection.xml,b1670291f168cc9ad5c2cb40a33f7ab891ccada9dc89d76554d857a055d52b09,5963
Test/Mftf/Section/PageBuilderTemplateSection/PageBuilderTemplatesPageSection.xml,3c6147034fb6bd345bbed437a28ebcf371ceba5f3025eb85aeb0c530211d14d3,424
Test/Mftf/Section/PageBuilderTextSection/TextOnConfigurationSection.xml,e3e7f935fd2eba70119b8e30705bc0f16e64a782faabffccd3374a21e765ec58,2140
Test/Mftf/Section/PageBuilderTextSection/TextOnStageSection.xml,f12dc509127d96ce3253c1d4dae09cae63856bcf7fa1a92c2d18b66606ba4a04,9866
Test/Mftf/Section/PageBuilderTextSection/TextOnStorefrontSection.xml,27b7719c270d77323fea5df9326dc6dd93c7e0bab95b1558fff7287f0a131b3d,6610
Test/Mftf/Section/PageBuilderVideoSection/VideoOnStageSection.xml,afc5950504ae61764c204033ae49e259f6f23af4fffe71720d070dd2f76a1903,6986
Test/Mftf/Section/PageBuilderVideoSection/VideoOnStorefrontSection.xml,1e3482f2d4a26eeae5dfadce11cbefcfad26a2a88c8c7b3e462c4585f19af989,5756
Test/Mftf/Section/PageBuilderViewportSwitcherSection.xml,2388152024c58c4c5e9617c6e68937e2f99067431bbe3bfddf7cd8c6bfe49a44,1594
Test/Mftf/Section/PageBuilderWYSIWYGSection/MediaGallerySection.xml,ff1bb3270a64ba6b7e3b2253a3f349ba87b839f80a6a152b9b4151275da05448,549
Test/Mftf/Section/PageBuilderWYSIWYGSection/WYSIWYGInsertLinkModalSection.xml,178ada54e1db81a8e287daa65707bba7aa64b4158c1d9ae9950d83b0e81dfd8d,1500
Test/Mftf/Section/PageBuilderWYSIWYGSection/WYSIWYGOnPageBuilderInlineSection.xml,2d731f61a2664e50c45968b7ec89d8922cf793ce549b19eae450a9fc917bcfa5,5164
Test/Mftf/Section/PageBuilderWYSIWYGSection/WYSIWYGOnPageBuilderSection.xml,d2a60755f9b55f1eec53c16311fee50c59acbb84b2e391835ed7f9d154dcad5a,1291
Test/Mftf/Section/TinyMCESection.xml,d3f3cf2a166ce764506f8c33c7dba8aa3247636421dac897ad9582b3e0962681,405
Test/Mftf/Suite/PageBuilderDisabledSuite.xml,70cbed5898bb715d4b24ed322c2e98f597c957247572af25c72fe97c63495982,1440
Test/Mftf/Suite/PageBuilderNewMediaGalleryRenditionsSuite.xml,01378abdc34046c1e13083ae8411dfd9269e6e669e98bdb86e9ed7fd8e68e7db,1872
Test/Mftf/Suite/PageBuilderRequiresValidGoogleMapsAPIKeySuite.xml,7bf76cf9773a0145d9f765b36c015416fdd1d3dfc2579fcd3d7745eb993f500d,2088
Test/Mftf/Suite/PageBuilderWithWYSIWYGSuite.xml,f82712dd432996c80250235e56ca181dd93bc2b8c6f0c6c079cdcd350e23cc1f,2204
Test/Mftf/Test/AdminCMSBlockDisablePageBuilderTest/AdminAddImageToWYSIWYGBlockTest.xml,747f8f39544ee1d87b20bc2ab20424e6aeebd3132924eb2eaab6deef518ee9e4,1001
Test/Mftf/Test/AdminCMSBlockDisablePageBuilderTest/AdminAddVariableToWYSIWYGBlockTest.xml,4067f13356479b856d2778b16d8fe6291868d8481ba0ac7b0773af3c1ce9f794,1004
Test/Mftf/Test/AdminCMSBlockDisablePageBuilderTest/AdminAddWidgetToWYSIWYGBlockTest.xml,8737ce6b9620d6c9e39f161442640b3ac504310e3003ea3695cad9bb309815e1,1002
Test/Mftf/Test/AdminCMSBlockDisablePageBuilderTest/AdminAddWidgetToWYSIWYGWithCMSStaticBlockTypeTest.xml,dc12047f95c785120396e97ad4f641474fb6844fd1471942c84417baea445633,1019
Test/Mftf/Test/AdminCMSBlockDisablePageBuilderTest/AdminCreateCmsBlockWithMarginalSpaceTest.xml,7b13c73930b7e891acbb4b4cffb64db1d040d3817db7f19cf3f4a4597ca6cf2f,1026
Test/Mftf/Test/AdminCMSBlockDisablePageBuilderTest/AdminCreateDuplicatedCmsBlockTest.xml,c501380cb89e57cb0fd59911567a134c0061c6068eed15eedc73a249e6116317,1006
Test/Mftf/Test/AdminCMSBlockDisablePageBuilderTest/PageBuilderCmsBlockDisablePageBuilderTest.xml,cea53da1a5f21f31d7c66ed7014b45818accfc9e921ebcea8cc44e151f8861eb,2747
Test/Mftf/Test/AdminCMSBlockDisablePageBuilderTest/VerifyTinyMCEIsNativeWYSIWYGOnBlockTest.xml,29a87b457b43dfc3f22e6a0653b56344dccf7e34e3a098bc33f9b967bc760718,1009
Test/Mftf/Test/AdminCMSBlockPageBuilderTest/PageBuilderCMSBlockAddContentDirectlyToStageTest.xml,506277ab2975ddfe1f9d2cf62a4d9b209e8ece243bde1443caa45c5bd22ddf86,4122
Test/Mftf/Test/AdminCMSBlockPageBuilderTest/PageBuilderCMSBlockCreateAndApplyTemplate.xml,82d02dcf5ffc678e007a4702532e1f804e9049b27b81917bbda61b0445268cca,2227
Test/Mftf/Test/AdminCMSBlockPageBuilderTest/PageBuilderCmsBlockAddAndEditRowColumnSlideTest.xml,22f4a6919e6e06a2256c282f912f756f998975f768fc966fcb9d5fdc2daabe40,7453
Test/Mftf/Test/AdminCMSBlockPageBuilderTest/PageBuilderCmsBlockFullScreenCoversEntireScreenTest.xml,e3da1005b1c11a64a81dba2ceadc7c3a089521d54574b74a5cda148af4478310,1858
Test/Mftf/Test/AdminCMSBlockPageBuilderTest/PageBuilderCmsBlockFullScreenLeftPanelHeightAndFunctionalityTest.xml,2be509857570a437cd7132587b16c7718bf201d3748f9845f865ecde286d5e79,1935
Test/Mftf/Test/AdminCMSBlockPageBuilderTest/PageBuilderCmsBlockVerifyCanAddChildContentTypesFromOnHoverOptionMenusTest.xml,203c67c2ea616c6382cd7244872c15e550bfc23063351bf75e0126397713b837,5073
Test/Mftf/Test/AdminCMSBlockPageBuilderTest/PageBuilderCmsBlockVerifyCanDeleteContentTypesFromOnClickOptionMenusTest.xml,63066580bff4864257fc65e8e3a5b512379ab68e5a8e028bd4541544830028f9,5370
Test/Mftf/Test/AdminCMSBlockPageBuilderTest/PageBuilderCmsBlockVerifyCanDeleteContentTypesFromOnHoverOptionMenusTest.xml,8d65e5e5fe4b204a0548857dc40b5e3bc9f0d04a7e61532e203e798b4e2873c4,5398
Test/Mftf/Test/AdminCMSBlockPageBuilderTest/PageBuilderCmsBlockVerifyCanDuplicateContentTypesFromOnClickOptionMenusTest.xml,dbdd1db029d80feb0a28cdee78eef10d72d02369d0f88d04e2d454098e0b02e0,5064
Test/Mftf/Test/AdminCMSBlockPageBuilderTest/PageBuilderCmsBlockVerifyCanDuplicateContentTypesFromOnHoverOptionMenusTest.xml,51ee6a2f1a94b57a03082db366bc23fba18937aab013038cf36cea6a89aa0673,6005
Test/Mftf/Test/AdminCMSBlockPageBuilderTest/PageBuilderCmsBlockVerifyCanEditContentTypesFromOnClickOptionMenusTest.xml,94ddbc8888f221551402a87a5e6c61515e49f3a513d7d110157b47683e1f90b4,5054
Test/Mftf/Test/AdminCMSBlockPageBuilderTest/PageBuilderCmsBlockVerifyCanEditContentTypesFromOnHoverOptionMenusTest.xml,c9a8835b63d009e8a57520c51b1390d2f7c798bbf983bf0f5b1f33a43eea273b,5503
Test/Mftf/Test/AdminCMSBlockPageBuilderTest/PageBuilderCmsBlockVerifyCanMoveButtonItemsTest.xml,8b42b2b34f322e90c71b6096abacd3cb9c199a0ddfd97b5bcdbb229152a8851a,4556
Test/Mftf/Test/AdminCMSBlockPageBuilderTest/PageBuilderCmsBlockVerifyCanMoveContentTypesFromOnHoverOptionMenusTest.xml,8d9dedb70522f741430be64f121cc7cb27a21a4d974549348e49be1064be3d76,5201
Test/Mftf/Test/AdminCMSBlockPageBuilderTest/PageBuilderCmsBlockVerifyCanMoveSlideItemsTest.xml,6dd3a236c04d572b544494d72941c82a323b546c5d87ff2bcb084b64d08fee64,4721
Test/Mftf/Test/AdminCMSBlockPageBuilderTest/PageBuilderCmsBlockVerifyCanMoveTabItemsTest.xml,bb6ed7eba1f126032608555469044892fa0d9c851ce09a32ef26056cdb1ffb65,4486
Test/Mftf/Test/AdminCMSBlockPageBuilderTest/PageBuilderCmsBlockVerifyPageBuilderEnableOnBlockPageWhenPageBuilderEnabledAndWYSIWYGDisabledTest.xml,7031a41d5c6850f74632593db4f4332fbabcb66f7732d3a4b65243a03cbd6974,3664
Test/Mftf/Test/AdminCMSPageDisablePageBuilderTest/AdminAddImageToWYSIWYGCMSTest.xml,98966b4ec0a92f92a274f241634e99c17ae010940966fa25ead4b78f62acd944,626
Test/Mftf/Test/AdminCMSPageDisablePageBuilderTest/AdminAddLargeImageToWYSIWYGCMSTest.xml,380fbe792b6e2dd39d233aa9bec7ca7f61a01f2579d98be6aaf48f8a638c55f1,631
Test/Mftf/Test/AdminCMSPageDisablePageBuilderTest/AdminAddRecentlyViewedProductWidgetToSeeProductPriceTest.xml,1ae81bbff064ec7fb4352bc26e132183ae28f7d571736d02293d4bc3f81b10f7,659
Test/Mftf/Test/AdminCMSPageDisablePageBuilderTest/AdminAddVariableToWYSIWYGCMSTest.xml,a46fb5ba7fad3b7741ec865ab0ea4178ba9521b3d090f76cc1ad45d2a8e26cae,629
Test/Mftf/Test/AdminCMSPageDisablePageBuilderTest/AdminAddWidgetToWYSIWYGWithCMSPageLinkTypeTest.xml,3f2363c4fed0f66308ba3f1a25df1cd633a63e628e8cd1c371e9f499c9e1cd50,643
Test/Mftf/Test/AdminCMSPageDisablePageBuilderTest/AdminAddWidgetToWYSIWYGWithCatalogCategoryLinkTypeTest.xml,795baeaf0ab9db604fc8e6d9cb1aa6aef576af32800f1a91b009ef54128fb656,651
Test/Mftf/Test/AdminCMSPageDisablePageBuilderTest/AdminAddWidgetToWYSIWYGWithCatalogProductLinkTypeTest.xml,7afa3cd38f0045ef92167d5dcfcd3bb3894bab33ae0c490265c636bf07cd8744,650
Test/Mftf/Test/AdminCMSPageDisablePageBuilderTest/AdminAddWidgetToWYSIWYGWithCatalogProductListTypeTest.xml,841a98c223bf4c5d8399b7fd5c6df2a17653babf7ab13a86154c7e9f4f19b7e9,650
Test/Mftf/Test/AdminCMSPageDisablePageBuilderTest/AdminAddWidgetToWYSIWYGWithRecentlyComparedProductsTypeTest.xml,bdfa256605891eda4ab1ad2e94e616aec1b7d4b2731d71918dc674b765397890,656
Test/Mftf/Test/AdminCMSPageDisablePageBuilderTest/AdminAddWidgetToWYSIWYGWithRecentlyViewedProductsTypeTest.xml,6a21403c4fcc231c52f0275e1eecc09256f22e97e556adea1593af3b4b691b41,654
Test/Mftf/Test/AdminCMSPageDisablePageBuilderTest/AdminAddWidgetToWYSIWYGWithTaxRuleForBundleProductInRecentlyViewedWidgetTest.xml,1ec7c8eaa59ca147a4e5aeebb1f9d9c49e5316c9445910714382ece9baa2a0a5,673
Test/Mftf/Test/AdminCMSPageDisablePageBuilderTest/AdminCreateCmsPageTest.xml,974f9dcafdfdb4c12552690c997c36f5b9263bfb4e61dfca1b8ea9b811fa3285,627
Test/Mftf/Test/AdminCMSPageDisablePageBuilderTest/AdminCreateDuplicatedCmsPageTest.xml,7e7de5d726cb5d7bacb6cdc4de7d8a0f1ba63309d463968fed68d4f9f3c7ff69,632
Test/Mftf/Test/AdminCMSPageDisablePageBuilderTest/AdminMediaGalleryPopupUploadImagesWithoutErrorTest.xml,785111e04fd32076765f96368c9f920ee52a0199a42c0b816f56b15bef87350b,655
Test/Mftf/Test/AdminCMSPageDisablePageBuilderTest/CheckDisplayingOfApostrophesInTheTextFieldBoxWhileCreatingPageWidgetTest.xml,135f648d31849d2ce88e266cce1666f1c28962ae2d451ef759edcd2784020cd9,6941
Test/Mftf/Test/AdminCMSPageDisablePageBuilderTest/CheckOrderOfProdsInWidgetOnCMSPageTest.xml,84ee19ea6bb1267feb0534488d4af2c34be729914c0c03d7ade4eeb3e53b72b0,633
Test/Mftf/Test/AdminCMSPageDisablePageBuilderTest/PageBuilderCmsPageDisablePageBuilderTest.xml,f9dd17bd252d962f1d21ffb0a1e0c7d9532e4c7dc0c74150cf566ac3ca2222a2,2928
Test/Mftf/Test/AdminCMSPageDisablePageBuilderTest/VerifyTinyMCEIsNativeWYSIWYGOnCMSPageTest.xml,cc6c3d6a3c69f666ebb8dcd6f8e2ee8f4341ba3ddd64a8d17c6e1307c1d7229f,638
Test/Mftf/Test/AdminCMSPagePageBuilderTest/AdminConfigDefaultCMSPageLayoutFromConfigurationSettingTest.xml,792ebc7e7a3ed5a78978a092a485f105a18b77ce00b8597f5604d1db71b1efb4,1810
Test/Mftf/Test/AdminCMSPagePageBuilderTest/PageBuilderCMSPageAddContentDirectlyToStageTest.xml,88d37be6f31d32fa39739c3a3b0a65985df43039c60dff0ff7ee6cb79ecc38d6,14128
Test/Mftf/Test/AdminCMSPagePageBuilderTest/PageBuilderCMSPageContentValidationTest.xml,31bcd46d32c285a54bd065fe7f95307a228987dc95b310b550e9520769ac5e58,10904
Test/Mftf/Test/AdminCMSPagePageBuilderTest/PageBuilderCMSPageCreateAndApplyTemplate.xml,b67360cefeaed0c3eff0881b8ca682f771d01954a34ffed2d0c7f996b8c73d08,4588
Test/Mftf/Test/AdminCMSPagePageBuilderTest/PageBuilderCMSPageCreateCMSPageFullWidthLayoutTest.xml,e7523a9e6713a2ee9e0f9c59ba1985dd0b2e15d3441d60665b9deff1307328ff,4247
Test/Mftf/Test/AdminCMSPagePageBuilderTest/PageBuilderCMSPageCreateCMSPageWithInvalidFullWidthLayoutTest.xml,842276504218f146dcebecafbc87472635e8bc6d2b2fd3cf10f95d8ed12b3f57,5537
Test/Mftf/Test/AdminCMSPagePageBuilderTest/PageBuilderCMSPageCreatePageWithImageTest.xml,f0b5f40dc64e449b74f287b141276bed2a9300343f64dcdae6265e39826e7fab,5896
Test/Mftf/Test/AdminCMSPagePageBuilderTest/PageBuilderCMSPageVerifyPageBuilderEnableOnCMSPageWhenPageBuilderEnabledAndWYSIWYGEnabledTest.xml,9a181ce738273022fd76d007f55487f8eb7a42057502f382a1ecb630a80c9d76,3851
Test/Mftf/Test/AdminCMSPagePageBuilderTest/PageBuilderCMSPageVerifyPageFullWidthLayoutTest.xml,9d5fea3afd7c5ab79dda575d455e6f9eec985e61f01d37ac6aaab4f8613bb16d,6824
Test/Mftf/Test/AdminCatalogCategoryDisablePageBuilderTest/AdminAddImageToWYSIWYGCatalogTest.xml,5580a66bb3d99e0cdd7d9d7f2c0c4238e8d47f4063a08b154b0fc0b9ad3ccf9a,630
Test/Mftf/Test/AdminCatalogCategoryDisablePageBuilderTest/PageBuilderCatalogCategoryDisablePageBuilderTest.xml,590bd270ff83c60d8fd3af5f74179791940ca5c5029bb8088c493daf36207058,2689
Test/Mftf/Test/AdminCatalogCategoryDisablePageBuilderTest/PageBuilderCategoryDisablePageBuilderContentPreviewTest.xml,51d8b67ada17a269f299f7614bc11e037f95a06c446f7e73d866f50d6c7e3248,2697
Test/Mftf/Test/AdminCatalogCategoryDisablePageBuilderTest/VerifyTinyMCEIsNativeWYSIWYGOnCatalogTest.xml,38eb2d2cd94adfdc13aa36ddbddd2bd9319b8daf3a12e3e9ddee71f4be3dbdd5,638
Test/Mftf/Test/AdminCatalogCategoryPageBuilderTest/AdminAddCategoryDescriptionUsingPageBuilderEditorTest.xml,313186b6a48325294b559e7869c5e673699bb764a3ae960969b6dc9311715d66,4882
Test/Mftf/Test/AdminCatalogCategoryPageBuilderTest/AdminConfigDefaultCategoryLayoutFromConfigurationSettingTest.xml,01c0145a1e4d3915b7df7a7345ef22af8121bdf43325815d7ae360eae663e460,1507
Test/Mftf/Test/AdminCatalogCategoryPageBuilderTest/PageBuilderCatalogCategoryAddAndEditRowColumnSlideTest.xml,98b7610c77172eb7e3c24483c0fa2acb25a11b4d911bd30cfb5052d06bb272cf,2515
Test/Mftf/Test/AdminCatalogCategoryPageBuilderTest/PageBuilderCatalogCategoryCreateAndApplyTemplate.xml,e73dde468786f42dedf566cbd3796a44758d5bbfa09573996cdc39ae7742b3e9,2409
Test/Mftf/Test/AdminCatalogCategoryPageBuilderTest/PageBuilderCatalogCategoryCreateCategoryWithPageBuilderDescriptionAndInvalidPageLayoutTest.xml,3d35793dba8416163ded8f4090babc85832d31f958bf6027ec6f021e938fefd1,5806
Test/Mftf/Test/AdminCatalogCategoryPageBuilderTest/PageBuilderCatalogCategoryCreateCategoryWithPageBuilderDescriptionAppearanceTest.xml,058733d39fc7fbe6d2c828051f0a4a44fee6a5957ab2f3fefb7a6e0356245703,4106
Test/Mftf/Test/AdminCatalogCategoryPageBuilderTest/PageBuilderCatalogCategoryCreateCategoryWithPageBuilderDescriptionTest.xml,4e66f30dac37f89c6572586a390c895976b542271a3d090b48f0ed80e380ac8e,4360
Test/Mftf/Test/AdminCatalogCategoryPageBuilderTest/PageBuilderCatalogCategoryDirectivesTest.xml,c272aa57c022deb049e964ad5b00f21033719226d9bd57f806da064b9b8547b7,8842
Test/Mftf/Test/AdminCatalogCategoryPageBuilderTest/PageBuilderCatalogCategoryFullScreenCoversEntireScreenTest.xml,0ce2f764171a3fc2d32f9f108217475cbc997b54801b32f470125684e861e792,1906
Test/Mftf/Test/AdminCatalogCategoryPageBuilderTest/PageBuilderCatalogCategoryFullScreenLeftPanelHeightAndFunctionalityTest.xml,371be9ea4e4a35833700fa6b8543b830fccc23c868a48ed021f3ec611d1a2663,1983
Test/Mftf/Test/AdminCatalogCategoryPageBuilderTest/PageBuilderCatalogCategoryVerifyCanAddChildContentTypesFromOnHoverOptionMenusTest.xml,649b9b3712145da7849f60c4d2f926f9440026f5744dd44011a66f4a3ded83e0,2560
Test/Mftf/Test/AdminCatalogCategoryPageBuilderTest/PageBuilderCatalogCategoryVerifyCanDeleteContentTypesFromOnClickOptionMenusTest.xml,718e212139a96f9265c76144d8ec59f9be867040dc3b2a7a369a4a5578af3df0,2881
Test/Mftf/Test/AdminCatalogCategoryPageBuilderTest/PageBuilderCatalogCategoryVerifyCanDeleteContentTypesFromOnHoverOptionMenusTest.xml,2c19f01f413c07de5e49315adb7baf67202b1418e63143c37b225c52d06169dd,2841
Test/Mftf/Test/AdminCatalogCategoryPageBuilderTest/PageBuilderCatalogCategoryVerifyCanDuplicateContentTypesFromOnClickOptionMenusTest.xml,fd89d021a2639b8efdf5cd093d6883f529652fe7e1c471f7398809504187280e,2723
Test/Mftf/Test/AdminCatalogCategoryPageBuilderTest/PageBuilderCatalogCategoryVerifyCanDuplicateContentTypesFromOnHoverOptionMenusTest.xml,5e5be1dc78706206475c660183e093080ddfac60935a1257c2dbcf856fa428de,2719
Test/Mftf/Test/AdminCatalogCategoryPageBuilderTest/PageBuilderCatalogCategoryVerifyCanEditContentTypesFromOnClickOptionMenusTest.xml,3db4b4feeaff80a9464ebc821dfeff535f24301e163c3ea8c824904fe899c666,2501
Test/Mftf/Test/AdminCatalogCategoryPageBuilderTest/PageBuilderCatalogCategoryVerifyCanEditContentTypesFromOnHoverOptionMenusTest.xml,c201e63d5428dcbe67e2e6a214612463272cb0c726431951b045e7fb451042ed,2499
Test/Mftf/Test/AdminCatalogCategoryPageBuilderTest/PageBuilderCatalogCategoryVerifyCanMoveButtonItemsTest.xml,e3ec22775f3f005c35770ed6c30a41eafb682baca9e257b1948de356f1fe658c,2900
Test/Mftf/Test/AdminCatalogCategoryPageBuilderTest/PageBuilderCatalogCategoryVerifyCanMoveContentTypesFromOnHoverOptionMenusTest.xml,d6ae24dcf36263d904b2b123dd45015013e226c010e667768cd06ac3b3d5763a,2638
Test/Mftf/Test/AdminCatalogCategoryPageBuilderTest/PageBuilderCatalogCategoryVerifyCanMoveSlideItemsTest.xml,a94b98d1e9338400030a064c95093e4cba6441b59c15e1253dfaf7c703d898b3,3692
Test/Mftf/Test/AdminCatalogCategoryPageBuilderTest/PageBuilderCatalogCategoryVerifyCanMoveTabItemsTest.xml,b219c7478a16c77c1ec619777b3653c0aa58bf1d4b92fefcb3349a01c7524ea9,2737
Test/Mftf/Test/AdminCatalogCategoryPageBuilderTest/PageBuilderCatalogCategoryVerifyCategoryFullWidthLayoutTest.xml,f65d5fb6bb78a815d4efaeb3aa266577bdf3d257554f912437c7278c59247a9b,27802
Test/Mftf/Test/AdminCatalogCategoryPageBuilderTest/PageBuilderCatalogCategoryVerifyPageBuilderVisibleTest.xml,836c53455cea0909ed7663dfd3126dfc3fd93f0b6f9b4bfba55881881928fde7,3675
Test/Mftf/Test/AdminCatalogCategoryPageBuilderTest/PageBuilderCategoryAddContentDirectlyToStageTest.xml,c189e2bca99feedc754e119cea3612200b396a751410295d3b2b24e7ee5116da,2133
Test/Mftf/Test/AdminCatalogProductDisablePageBuilderTest/AdminAddImageToWYSIWYGProductTest.xml,9539c0f4d43d909ed357cc69d5b93a8645f929114543d620a532b5ca10e59e7c,630
Test/Mftf/Test/AdminCatalogProductDisablePageBuilderTest/AdminEditTextEditorProductAttributeTest.xml,8bcaecb952d88624226e7ce1ae6b86ab552907eb6e70c140626d907f290532c9,636
Test/Mftf/Test/AdminCatalogProductDisablePageBuilderTest/PageBuilderProductDisablePageBuilderContentPreviewTest.xml,79082f47680b994f0e56715c5f4139b0436b58699aae7eb43c1752c22def51ec,2922
Test/Mftf/Test/AdminCatalogProductDisablePageBuilderTest/PageBuilderProductDisablePageBuilderTest.xml,0f0c5e92a7f902ef3b00b12a37e838725a32884998f4cbbbe768bdc6406f4a40,3082
Test/Mftf/Test/AdminCatalogProductDisablePageBuilderTest/StorefrontBundleProductDetailsTest.xml,e045245fc785e98189231a516d5efa038742affd974f0d43238a73684043c925,1001
Test/Mftf/Test/AdminCatalogProductDisablePageBuilderTest/VerifyDefaultWYSIWYGToolbarOnProductTest.xml,37d54c2786826aaed4d524d0588e54678700e11fc9112ef8c08f2e91a0e681d1,1056
Test/Mftf/Test/AdminCatalogProductDisablePageBuilderTest/VerifyTinyMCEIsNativeWYSIWYGOnProductTest.xml,2dd718881bde793159ec6059e27ef77f02f8da76e6bd8c52f40883f7c48f81b1,773
Test/Mftf/Test/AdminCatalogProductDisablePageBuilderTest/VerifydefaultcontrolsonproductshortdescriptionTest.xml,71851af5842263b0577e677dd9b9ee58fcd9578f464c1970b060d7c9fe3043b5,378
Test/Mftf/Test/AdminCatalogProductPageBuilderTest/AdminConfigDefaultProductLayoutFromConfigurationSettingTest.xml,9ec0aa504fa782a65000822fba4943fb6295620283acf4468ed1a0fe66135acf,1300
Test/Mftf/Test/AdminCatalogProductPageBuilderTest/AdminSimpleProductSetEditMetaDescriptionContentTest.xml,088412408414ee0820e7a2973b6dcd083ee718d0e09c74a36f663d5c0f32c3ee,1165
Test/Mftf/Test/AdminCatalogProductPageBuilderTest/HtmlAddToCatalogProductTest.xml,7b6e7bee7cf4957982cb9bde1910b30161145c1a17191853a5e750fef7fd9921,5342
Test/Mftf/Test/AdminCatalogProductPageBuilderTest/PageBuilderCatalogProductAddAndEditRowColumnSlideTest.xml,8ff27168f887d2ffbe14df4179c96e77a111ef90fc2c4359c9e36f8ef007f6dd,15044
Test/Mftf/Test/AdminCatalogProductPageBuilderTest/PageBuilderCatalogProductCanCreatePageBuilderProductAttributeOnProductFormTest.xml,39ed1d76747b01d6f77ad3b4bd24313e9fd4da89cd315f8f58a179d0d49c9bbe,5569
Test/Mftf/Test/AdminCatalogProductPageBuilderTest/PageBuilderCatalogProductCanCreatePageBuilderProductAttributeTest.xml,2d26cccf673c2c85d539db99343042f2357c0dff1d07a1888342a0450b0ca32e,2129
Test/Mftf/Test/AdminCatalogProductPageBuilderTest/PageBuilderCatalogProductCanCreateProductWithPageBuilderProductAttributeTest.xml,51bafd661730f06d4c4ddb455200accf0e8ef5cd4542f7b0b83ec7073a329c10,5479
Test/Mftf/Test/AdminCatalogProductPageBuilderTest/PageBuilderCatalogProductCanDownGradePageBuilderProductAttributeToTextAreaTest.xml,0deed822afda99271333b8991a7d73d730f87ddfa0f73bfbf180d1a6262fcf49,5626
Test/Mftf/Test/AdminCatalogProductPageBuilderTest/PageBuilderCatalogProductCanDownGradePageBuilderProductAttributeToTextEditorTest.xml,8f7a93798b3c29e1fd8231410d7532c4c0b42d4cd220f8e5b1af61911e3a10f5,5611
Test/Mftf/Test/AdminCatalogProductPageBuilderTest/PageBuilderCatalogProductCanUpgradeTextEditorProductAttributeToPageBuilderTest.xml,83ebb43ed6f860d01f7a7ef6f2af387598764cc38e06369a08b73ca6dae86023,5161
Test/Mftf/Test/AdminCatalogProductPageBuilderTest/PageBuilderCatalogProductCreateAndApplyTemplate.xml,2230366f7e2ae6bc366455a4fc2a30f6f51f2e7d45f6648c7cc4c1f782607b09,2944
Test/Mftf/Test/AdminCatalogProductPageBuilderTest/PageBuilderCatalogProductCreateProductWithFullWidthPageBuilderAttributeTest.xml,e10a545d7dc4683518214f941a207d5db67a445b9da49167db80c91db0833d41,8545
Test/Mftf/Test/AdminCatalogProductPageBuilderTest/PageBuilderCatalogProductCreateProductWithNormalAttributeValidateInTableFullWidthTest.xml,97c19ffa8e356e5105990d9411f89f9088176f65145c4adb43d4b2fa6a276c95,3989
Test/Mftf/Test/AdminCatalogProductPageBuilderTest/PageBuilderCatalogProductCreateProductWithPageBuilderDescriptionAndInvalidLayoutTest.xml,ecc25fa11fa486af10d80f2ed80074f8dfd8d28a38363d10202ac648c16a6538,7278
Test/Mftf/Test/AdminCatalogProductPageBuilderTest/PageBuilderCatalogProductCreateProductWithPageBuilderDescriptionTest.xml,b113eb3e04c2283dba57ed679921a6d71533a369ce6d5f755ca01219409c2c93,5688
Test/Mftf/Test/AdminCatalogProductPageBuilderTest/PageBuilderCatalogProductDirectivesTest.xml,4d69f3393f232287f5f01d9cb31f510f42aa33d91a2c1fca35f6c62215adb41d,10217
Test/Mftf/Test/AdminCatalogProductPageBuilderTest/PageBuilderCatalogProductFullScreenCoversEntireScreenTest.xml,cd2565ac402f5d6e6b1f8410e0c60e76bce78435edfe23bb31eb17b8d7fd78b9,2416
Test/Mftf/Test/AdminCatalogProductPageBuilderTest/PageBuilderCatalogProductFullScreenLeftPanelHeightAndFunctionalityTest.xml,b593d2f050447b5141e1f4c8970952f8e92d368c53348c27490d2a8dc481f118,2453
Test/Mftf/Test/AdminCatalogProductPageBuilderTest/PageBuilderCatalogProductProductFullWidthValidateAttributeOrderTest.xml,bfddfa703b623cf712ddf83d521b69279a477b557fd295aa82ce7cc3ade58bd2,11228
Test/Mftf/Test/AdminCatalogProductPageBuilderTest/PageBuilderCatalogProductRowCanAddAdditionalRowOnProductTest.xml,ad630653ac2b0ed368a726afedf83ec3422ae20c658856d58c5409d0f90f9731,3948
Test/Mftf/Test/AdminCatalogProductPageBuilderTest/PageBuilderCatalogProductVerifyCanAddChildContentTypesFromOnHoverOptionMenusTest.xml,07bd2b5f9e88f5a8872807cca8f0be7b0423cc1df290305626dc6781eae988ea,5106
Test/Mftf/Test/AdminCatalogProductPageBuilderTest/PageBuilderCatalogProductVerifyCanDeleteContentTypesFromOnClickOptionMenusTest.xml,6a7374283ad0efb151dc9fff6338d18ee8103259aa89ff8885fb0f25993358b5,6145
Test/Mftf/Test/AdminCatalogProductPageBuilderTest/PageBuilderCatalogProductVerifyCanDeleteContentTypesFromOnHoverOptionMenusTest.xml,994c0a8b7ca7802095ae6f7b0a92cba33defb9d97ae90afefb0f04335f898f86,5865
Test/Mftf/Test/AdminCatalogProductPageBuilderTest/PageBuilderCatalogProductVerifyCanDuplicateContentTypesFromOnClickOptionMenusTest.xml,1a15b08a9c3bee33f530b019bf823ae7ec8d8d5af68ca32806573f3224126c49,7175
Test/Mftf/Test/AdminCatalogProductPageBuilderTest/PageBuilderCatalogProductVerifyCanDuplicateContentTypesFromOnHoverOptionMenusTest.xml,7896de8854ce873e0495221b884d48c7306db3414c87f6ea8fa8aad368e64ab4,8228
Test/Mftf/Test/AdminCatalogProductPageBuilderTest/PageBuilderCatalogProductVerifyCanEditContentTypesFromOnClickOptionMenusTest.xml,996e0ade5db5f413f9b8110777c55dfe7122ed5b7bf24a0f40df803b1d6cc3e1,6804
Test/Mftf/Test/AdminCatalogProductPageBuilderTest/PageBuilderCatalogProductVerifyCanEditContentTypesFromOnHoverOptionMenusTest.xml,0a5cb6cd36d2af1803ef51069600187ac8120cc8f65f5af0b60849bf9b16fc4e,6164
Test/Mftf/Test/AdminCatalogProductPageBuilderTest/PageBuilderCatalogProductVerifyCanMoveButtonItemsTest.xml,0392ee3e1f1398bcb20704a38626f642308077174e4c034be54e594259c800e2,3562
Test/Mftf/Test/AdminCatalogProductPageBuilderTest/PageBuilderCatalogProductVerifyCanMoveContentTypesFromOnHoverOptionMenusTest.xml,662270b01676a3546256db15057c72395ba8b891b4938706c4ce5c2cc14f929b,9955
Test/Mftf/Test/AdminCatalogProductPageBuilderTest/PageBuilderCatalogProductVerifyCanMoveSlideItemsTest.xml,76912fbb046e948586fd7f8e42a50e57e3cbdacc7bf627202c5b24bbfa8a88ee,4392
Test/Mftf/Test/AdminCatalogProductPageBuilderTest/PageBuilderCatalogProductVerifyCanMoveTabItemsTest.xml,f1f551f8b2cbffc2381f038e534ba0e67ee8fb5ff2ebce89bc17d020e72dea83,3423
Test/Mftf/Test/AdminCatalogProductPageBuilderTest/PageBuilderCatalogProductVerifyProductFullWidthLayoutTest.xml,9550951ff7bc412f855f309937ab0e619eddc50f7a18d46b047ac0e439fcf288,45643
Test/Mftf/Test/AdminCatalogProductPageBuilderTest/PageBuilderProductAddContentDirectlyToStageTest.xml,2f11b41910d9456aca9b7713b022019ae8cc341f4bf5edfc1d1d56abdc659f98,2540
Test/Mftf/Test/AdminCatalogProductPageBuilderTest/PageBuilderWorksForEachCatalogProductAttributeTest.xml,99b7238a4d2d4fc0bbd593ffd609679c290226a795801deed7f851ad82346ea7,20403
Test/Mftf/Test/AdminCheckCreateFolderEscapeAndEnterHandlesForWYSIWYGBlockTest.xml,0deb496e1d5a434b2a6f4674513767db1c642c6c775198997cec6cf64c693a0a,1040
Test/Mftf/Test/AdminContentSnapshot/PageBuilderCatalogCategoryContentSnapshotTest.xml,52b006dac2ea783e6bf94c747fb5ea2ccffcf603b229af67a736c08f416818b4,3980
Test/Mftf/Test/AdminContentSnapshot/PageBuilderCatalogProductContentSnapshotTest.xml,0949dd5115eafb3b22cbf92b9cb801c826b82802b18977c113e524b3b2cef9f3,1880
Test/Mftf/Test/AdminContentSnapshot/PageBuilderCmsBlockContentSnapshotTest.xml,f05f3add5cec11defc6d1bd09d940667b550b9d5339a9550a9a777ff3d06b0c8,1353
Test/Mftf/Test/AdminContentSnapshot/PageBuilderCmsPageContentSnapshotTest.xml,d32e977ea8510664ee00aae68d5d414724d41167ae564614b899b77f51195055,1591
Test/Mftf/Test/AdminPageBuilderAdvancedConfigurationTest/AdvancedConfigurationCssResponsiveStylingTest.xml,48116f799c20caac3ccc93f7f3e763ad5ad9d07e54b513ac5ee66bed7409ecb9,7784
Test/Mftf/Test/AdminPageBuilderAdvancedConfigurationTest/AdvancedConfigurationCssSpecificityTest.xml,cf6c9bf04d2451ae33ff21090aff2eecf7f90989e9a91db98a8f7e55e8224e40,7216
Test/Mftf/Test/AdminPageBuilderAdvancedConfigurationTest/AdvancedConfigurationEditPanelVisualTest.xml,a9b89c02681c34c7640bab4dd5437c93f2486eb7effd839ba9c2e922776ea5e8,10909
Test/Mftf/Test/AdminPageBuilderAdvancedConfigurationTest/AdvancedConfigurationFunctionalAlignmentTest.xml,bb40f79e4adaf371c0791b33d85a5744d60db58e93285502f2549026a6d76101,14797
Test/Mftf/Test/AdminPageBuilderAdvancedConfigurationTest/AdvancedConfigurationFunctionalAllAttributesTest.xml,81fbf37d2e0f5ac6692f10be1369704f8efe0a609087f0c18dd67af22f3d4dc7,8349
Test/Mftf/Test/AdminPageBuilderAdvancedConfigurationTest/AdvancedConfigurationFunctionalBorder1Test.xml,73711305771f82b7d3f12218c0051f59f4c7de381f4899798143f82ca9d16a0b,17191
Test/Mftf/Test/AdminPageBuilderAdvancedConfigurationTest/AdvancedConfigurationFunctionalBorder2Test.xml,b11f15e6ad7ae77415a9a18b93c0c374f8ae9b0d70f6288a55065dfbc428d8d0,18826
Test/Mftf/Test/AdminPageBuilderAdvancedConfigurationTest/AdvancedConfigurationFunctionalBorderColorTest.xml,1bcfccf37038e86ef1d5d6a86d6d61cb68c2ab0473abdf2a9dc38759e6914b5c,19468
Test/Mftf/Test/AdminPageBuilderAdvancedConfigurationTest/AdvancedConfigurationFunctionalBorderRadiusTest.xml,80258053a314635845ab195fe3292a41d9832ba3bd2bee8a5c6010ffbe003f30,11408
Test/Mftf/Test/AdminPageBuilderAdvancedConfigurationTest/AdvancedConfigurationFunctionalBorderWidth500Test.xml,bcc40536774404724847064c3381c2060169020d8a27dbee3e50db3369c1c7d0,5932
Test/Mftf/Test/AdminPageBuilderAdvancedConfigurationTest/AdvancedConfigurationFunctionalBorderWidthTest.xml,ac0d883d9913e43db5854c234b03965122f933a8b2c21bb099a1368d98ff4a7a,8570
Test/Mftf/Test/AdminPageBuilderAdvancedConfigurationTest/AdvancedConfigurationFunctionalCSSClassesTest.xml,e818658155eb644e7999d91451aa6004a01b18ae8d794f1ae525ac6e3b7692fb,12863
Test/Mftf/Test/AdminPageBuilderAdvancedConfigurationTest/AdvancedConfigurationFunctionalMargins500Test.xml,d2a9f288ad74a0e480f7016575be39b80014f49c0070bf4909079b3a5d7f3820,5363
Test/Mftf/Test/AdminPageBuilderAdvancedConfigurationTest/AdvancedConfigurationFunctionalMarginsTest.xml,9bcc38c7597d2b02f4d6c76e14f978cf3f1ced2e8239345dbec4a8a4babde8d9,8575
Test/Mftf/Test/AdminPageBuilderAdvancedConfigurationTest/AdvancedConfigurationFunctionalPadding500Test.xml,943165cdf1a35ec1882a19f61ebc608a362f6fa9a50fd09824a240a29b2bdee2,5330
Test/Mftf/Test/AdminPageBuilderAdvancedConfigurationTest/AdvancedConfigurationFunctionalPaddingTest.xml,627cc6c370b192e812aa30917dac254323aacae29f658f1a882ab7e9dc3de9c7,8021
Test/Mftf/Test/AdminPageBuilderAdvancedConfigurationTest/AdvancedConfigurationInvalidBorderRadiusTest.xml,2a48680b80cbb44d5450859504af8b8dc1d0f82d055886d73e604c26d34f9771,5407
Test/Mftf/Test/AdminPageBuilderAdvancedConfigurationTest/AdvancedConfigurationInvalidBorderWidthTest.xml,8f3ec6f89694ed855a135caea69d0192545e1f0a51c963219be7ecff0047d12d,5659
Test/Mftf/Test/AdminPageBuilderAdvancedConfigurationTest/AdvancedConfigurationInvalidMarginsTest.xml,f0604a0bdd41e42eb02b62a1d641daab6fdc43bd0004cb105c55374373889b0e,16380
Test/Mftf/Test/AdminPageBuilderAdvancedConfigurationTest/AdvancedConfigurationInvalidPaddingTest.xml,531266ad7b0a0b2016dd0b581c6aee61bc2ba44bde05ac27547d02d23bf02efd,16507
Test/Mftf/Test/AdminPageBuilderAdvancedConfigurationTest/AdvancedConfigurationRemoveAllAttributesTest.xml,81a6a461ba291d36f9f264fac4be5d2bf5039d8750612b8068342b27ce4b5869,8584
Test/Mftf/Test/AdminPageBuilderBackgroundFormAttributeTest/BackgroundAttachmentFixedTest.xml,294cd30e72fe6157b1dd23562f6e2715516871b28f735906f205fc5c5313d051,7666
Test/Mftf/Test/AdminPageBuilderBackgroundFormAttributeTest/BackgroundAttachmentScrollTest.xml,568cf9409384371893a3b262a9f12038a87435df171d21df5d454d2d63db83d0,6896
Test/Mftf/Test/AdminPageBuilderBackgroundFormAttributeTest/BackgroundColorEmptyTest.xml,02e716694befdd30c99b3b89f295a497d03b5e0729c7be97aab0c4c5e90a5a76,5535
Test/Mftf/Test/AdminPageBuilderBackgroundFormAttributeTest/BackgroundColorHSLTest.xml,90b4baa58946f11344cd5d630436c0dca5325c61b8c3644386b8a66de478e237,5329
Test/Mftf/Test/AdminPageBuilderBackgroundFormAttributeTest/BackgroundColorHSVTest.xml,3b5c08972bf6efdb985a5924293fe1d23bbb822118f0accbc02669c276d9bc06,5329
Test/Mftf/Test/AdminPageBuilderBackgroundFormAttributeTest/BackgroundColorHexTest.xml,1dbab69e3a34ab5bb57a8ce5206097d10112122b9d70182bf7d8e4137cee0ef8,5323
Test/Mftf/Test/AdminPageBuilderBackgroundFormAttributeTest/BackgroundColorInvalidTest.xml,cab5b660c98ebbcd79cbfb61e694d29a5c3feb94c74e6dcf71a99b5be75d35af,4829
Test/Mftf/Test/AdminPageBuilderBackgroundFormAttributeTest/BackgroundColorPlainTextTest.xml,9de89362396d2f6be9f6a29d9a85065abc414facec779726dc1e7b872af70347,5377
Test/Mftf/Test/AdminPageBuilderBackgroundFormAttributeTest/BackgroundColorRGBTest.xml,26642ae4d2bf6e0007177ada4b8faee1d51d76e6b8b39969bf87d8cfafbccb39,5317
Test/Mftf/Test/AdminPageBuilderBackgroundFormAttributeTest/BackgroundColorRGBaTest.xml,2c0b7505625d21848cee5aa20c1e0615644aa5ef3cabbeee451072c8f3274f37,6033
Test/Mftf/Test/AdminPageBuilderBackgroundFormAttributeTest/BackgroundImageGIFTest.xml,dfd6a6b8210e90f4d9f562c8fce24303e3b041678560f06e0092f0a501bc8785,6085
Test/Mftf/Test/AdminPageBuilderBackgroundFormAttributeTest/BackgroundImageInvalidFileSizeTest.xml,ce396b58e3b0c6d7ef5b04e88d1cd816e8ffdc7286b462a35d7f3267350192e8,5480
Test/Mftf/Test/AdminPageBuilderBackgroundFormAttributeTest/BackgroundImageInvalidFileTypeTest.xml,f784c5da94252dd816e99837ce3423a32794b66490d8a0199b94ec2205c10b5b,5464
Test/Mftf/Test/AdminPageBuilderBackgroundFormAttributeTest/BackgroundImageInvalidMimeTypeTest.xml,5c9468443581f4aa6d19ec271630a048f27c401420c0745cd9ad853d5f7764fe,1401
Test/Mftf/Test/AdminPageBuilderBackgroundFormAttributeTest/BackgroundImageJPGTest.xml,9fcf51888c98fab6d99655736533666801693b765205af11b05c7bf6102e8433,6245
Test/Mftf/Test/AdminPageBuilderBackgroundFormAttributeTest/BackgroundImagePNGTest.xml,7236d0c23f3fd5589a1ffb36b7a58c360bd27a6a14aa194bcd8a459b36bf31d1,6085
Test/Mftf/Test/AdminPageBuilderBackgroundFormAttributeTest/BackgroundImageSelectFromGalleryJPGTest.xml,db53aa10a3ea409e5e1430ae1d4cd1fc2bad8132a35d18bbea5067d426318d7c,8072
Test/Mftf/Test/AdminPageBuilderBackgroundFormAttributeTest/BackgroundImageSpecialCharactersTest.xml,7c2aa37e97573ead5a4b654fa1bb34774580c50c88c22a645bf6b32a9f2e80ff,6261
Test/Mftf/Test/AdminPageBuilderBackgroundFormAttributeTest/BackgroundMobileImageGIFTest.xml,578257045ce52eccf89ba4d559f4dd001af507304d75ad7c8dace788c82f0ffa,6624
Test/Mftf/Test/AdminPageBuilderBackgroundFormAttributeTest/BackgroundMobileImageInvalidFileSizeTest.xml,6169f87dd40ea52a44bbae49c0d05f30e3501070be0b6f4fe13e80d6abb9055b,6811
Test/Mftf/Test/AdminPageBuilderBackgroundFormAttributeTest/BackgroundMobileImageInvalidFileTypeTest.xml,7986b6855bad97e0b0ff7c8dbf842fa152bb99468456e5224aa30eea4e3f2584,6817
Test/Mftf/Test/AdminPageBuilderBackgroundFormAttributeTest/BackgroundMobileImageJPGTest.xml,a8a98490a26e423dc9ff28f7da07a0cd12f8d7f751884f45ff7592dac99d861d,6624
Test/Mftf/Test/AdminPageBuilderBackgroundFormAttributeTest/BackgroundMobileImagePNGTest.xml,d179855c57b5a042e2eccef8a1c795e6b8e473fff0b8cd89569bcfaa7af7c2a3,6618
Test/Mftf/Test/AdminPageBuilderBackgroundFormAttributeTest/BackgroundMobileImageSelectFromGalleryJPGTest.xml,51d97edbe783657d9ba0e9dac95b2c2927861e58423840d66d67d0e8ec7c1dc2,7912
Test/Mftf/Test/AdminPageBuilderBackgroundFormAttributeTest/BackgroundMobileImageSpecialCharactersTest.xml,0638890e0d2b0d3e5b3e362f9e2a0844d49cb232bad47021b205aa55451beeb0,6772
Test/Mftf/Test/AdminPageBuilderBackgroundFormAttributeTest/BackgroundPositionBottomCenterTest.xml,8204bdd822c506914ca2f6f962ca3c99ed396f8421e9abd45d2cff6448355fe3,6898
Test/Mftf/Test/AdminPageBuilderBackgroundFormAttributeTest/BackgroundPositionBottomLeftTest.xml,684cea4f9ee53106ab2c88ed7d0f9d844078fa175930ce9c1b6c0e268a1a2306,6882
Test/Mftf/Test/AdminPageBuilderBackgroundFormAttributeTest/BackgroundPositionBottomRightTest.xml,99e0f6171da1b8049f946c65eb81aeb720b776af3551946a61686e054cd4834a,6890
Test/Mftf/Test/AdminPageBuilderBackgroundFormAttributeTest/BackgroundPositionCenterLeftTest.xml,cf8d0a8a052be60c3d603ca18c74e832992883ded797f308f2da46e2bb64fd4d,6882
Test/Mftf/Test/AdminPageBuilderBackgroundFormAttributeTest/BackgroundPositionCenterRightTest.xml,ce6e349502432fef222c190af530decb31a805c2e086d2a1c075ee4062019a46,6890
Test/Mftf/Test/AdminPageBuilderBackgroundFormAttributeTest/BackgroundPositionCenterTest.xml,d6fca6bced95b822e05dcb79b91456284710948ec47c65176b190f1a4c469d66,6848
Test/Mftf/Test/AdminPageBuilderBackgroundFormAttributeTest/BackgroundPositionTopCenterTest.xml,9d5937520a85289c6f0d4250ae11ac64c247d049956629946de1552d035ce3c0,6874
Test/Mftf/Test/AdminPageBuilderBackgroundFormAttributeTest/BackgroundPositionTopLeftTest.xml,af77504bda013cf92b554bc11961e5f7423afabf1ccedd61878a40a09ec15a7b,6858
Test/Mftf/Test/AdminPageBuilderBackgroundFormAttributeTest/BackgroundPositionTopRightTest.xml,7573d0275a31f5648239c6c36211bbeac279c92be5b544fb69ab903c7b4c7755,6866
Test/Mftf/Test/AdminPageBuilderBackgroundFormAttributeTest/BackgroundRepeatDisabledTest.xml,5b2d806e239dba14293b6383fe1dfe894dbbf75d86c9ea499e33b1d993645716,6809
Test/Mftf/Test/AdminPageBuilderBackgroundFormAttributeTest/BackgroundRepeatEnabledTest.xml,f209178c8392d1ebe515bf4dc67664b622edf0a86082f4070c6957852432e09a,6833
Test/Mftf/Test/AdminPageBuilderBackgroundFormAttributeTest/BackgroundSizeAutoTest.xml,518b877003e64a5c811e6f8a2448ef993819843d6d020a2f31615fb0b9545db0,6736
Test/Mftf/Test/AdminPageBuilderBackgroundFormAttributeTest/BackgroundSizeContainTest.xml,efd483be3607cb4a6a57e4290ea8d62047613808622576d5be3cac061e31d092,6760
Test/Mftf/Test/AdminPageBuilderBackgroundFormAttributeTest/BackgroundSizeCoverTest.xml,88e4b81761e30421b96ac612df97ea5e41ece2c58eb7acc5f481c25d79b3083f,6744
Test/Mftf/Test/AdminPageBuilderBannerCollageCenterAppearanceTest/BannerCollageCenterAlignmentInheritanceTest.xml,aaab02d62d24503265df2adac6c861b715eb235af3f486312d5ed444475c1e24,1999
Test/Mftf/Test/AdminPageBuilderBannerCollageCenterAppearanceTest/BannerCollageCenterButtonNeverShowTest.xml,3917db0c76522fb85f8e7f6c98ea28ec156ece46d06764fad0eb3a90818d906d,7099
Test/Mftf/Test/AdminPageBuilderBannerCollageCenterAppearanceTest/BannerCollageCenterButtonOnHoverTest.xml,c7d10f49f8ac724062a2d2280b4868c6b078aff942cb8e4e01d4a725b6e73821,7998
Test/Mftf/Test/AdminPageBuilderBannerCollageCenterAppearanceTest/BannerCollageCenterButtonsCanBeEditedInlineTest.xml,a2265affa010198f386504549e088260be5d4c36170e3ca3807dd1d9a980fc19,4911
Test/Mftf/Test/AdminPageBuilderBannerCollageCenterAppearanceTest/BannerCollageCenterCanInlineEditContentTest.xml,88db5863dc194d1bbc676bb2f1f02eb33e3f248a966d20d17e6dcd89e60d0aa8,1776
Test/Mftf/Test/AdminPageBuilderBannerCollageCenterAppearanceTest/BannerCollageCenterCanInlineEditContentWhenIn25PercentWidthColumnTest.xml,11024d0fa07004bd244a3a9e6a7863f2409bff86363e1b9e8c05f272925a8170,1887
Test/Mftf/Test/AdminPageBuilderBannerCollageCenterAppearanceTest/BannerCollageCenterHtmlValueInButtonsTest.xml,0ac43e56f10dc5b3afd7f22360560d2a7e86ed3288002df04e4807dfe6c16f2f,5211
Test/Mftf/Test/AdminPageBuilderBannerCollageCenterAppearanceTest/BannerCollageCenterMinHeightValidInputs.xml,3be61e9dfe5f44feb3066dd2ebeea9e15f00aad5db90d89af346a5fa99ae0212,3379
Test/Mftf/Test/AdminPageBuilderBannerCollageCenterAppearanceTest/BannerCollageCenterMobileWithMobileImageValuesTest.xml,85f7189fff3dab8de6e662436c786b0e68eca76e98948242ab991e62a27c4bce,6680
Test/Mftf/Test/AdminPageBuilderBannerCollageCenterAppearanceTest/BannerCollageCenterMobileWithoutMobileImageValuesTest.xml,50aeec77c53337393db06af8099bd30bcdc72315baf409daeaa8e2a7fb414722,6041
Test/Mftf/Test/AdminPageBuilderBannerCollageCenterAppearanceTest/BannerCollageCenterNonBreakingSpaceValueInButtonsTest.xml,3bd673bde43aed88ac9d6717e5f5369e55a1bae8ad83fe02b67ecc351ee68711,5030
Test/Mftf/Test/AdminPageBuilderBannerCollageCenterAppearanceTest/BannerCollageCenterOverlayAndButtonOnHoverTest.xml,cd925b1b02acc6edf9424e4d12333d64494cb251d777e118ac34bdff3008a218,1816
Test/Mftf/Test/AdminPageBuilderBannerCollageCenterAppearanceTest/BannerCollageCenterOverlayNeverShowTest.xml,94d7b608cfa51d0f97e4df03c3938b73f4f6d25ed94e008f0b21769bfdebc131,8836
Test/Mftf/Test/AdminPageBuilderBannerCollageCenterAppearanceTest/BannerCollageCenterOverlayOnHoverTest.xml,b7bf5e715e67e0fdf4c367ea33250610b26b063922d16d96eafa802496f2a35c,1776
Test/Mftf/Test/AdminPageBuilderBannerCollageCenterAppearanceTest/BannerCollageCenterOverlayPositionTest.xml,e40753f1d260075b085fb35573f0becfdc675f11875e51d0f69c9cf7184c74b9,2455
Test/Mftf/Test/AdminPageBuilderBannerCollageCenterAppearanceTest/BannerCollageCenterUpdateAdvancedConfigurationValuesTest.xml,e97abc1692dad2fed8c49ea153b5d3aecedbb2390ba53bfb9cf00427130d05c9,18808
Test/Mftf/Test/AdminPageBuilderBannerCollageCenterAppearanceTest/BannerCollageCenterUpdateAllAttributesTest.xml,29e8e1f001894d98d1511a4345651ef6aa57563dd82fb56f745bfcea7b9b3ae4,38144
Test/Mftf/Test/AdminPageBuilderBannerCollageCenterAppearanceTest/BannerCollageCenterValidateVideoBackground.xml,905c50d9829793fe70dcf32eb34e4e2623221d957b338b3e681887b31119fe51,1328
Test/Mftf/Test/AdminPageBuilderBannerCollageCenterAppearanceTest/BannerCollageCenterValidateVideoBackgroundFallbackImage.xml,fb82bcf2935d7796b0ebe6f1bc5ffe97a5e82e5f48d6bb19c2634005b0372d1e,1401
Test/Mftf/Test/AdminPageBuilderBannerCollageCenterAppearanceTest/BannerCollageCenterValidateVideoBackgroundNoFallbackImage.xml,224099823d1259adb5ed141961d47f766f943e42173ed4a66a21558df14c8d28,1433
Test/Mftf/Test/AdminPageBuilderBannerCollageCenterAppearanceTest/BannerCollageCenterVideoBackgroundNoFallbackImageDisabledLoopAndPlayWhenVisibleAndLazyLoad.xml,d72d36429395cb89f59dce7940b79adec69037e29609f0c33ad6c4e4e92c4ac8,1511
Test/Mftf/Test/AdminPageBuilderBannerCollageCenterAppearanceTest/BannerCollageCenterWYSIWYGDisabledInlineEditTest.xml,f5d6ed6003c4b1073a65c3e587e08e4c622cdaab863799f39964bc413cebfb84,3337
Test/Mftf/Test/AdminPageBuilderBannerCollageCenterAppearanceTest/BannerOverlayAndButtonDoNotGoOutsideContainerOnCollageCenterAppearanceTest.xml,40b128d9f13f87ca5a5556eb0f46837bb5c06d1c1fda49e7312741516b843172,2168
Test/Mftf/Test/AdminPageBuilderBannerCollageCenterAppearanceTest/BannerOverlayDoesNotHaveBorderRadiusAppliedOnCollageCenteredAppearanceTest.xml,83e8e9c33af305d36952b968811aabe54802196179527b51ef336df47ec879ff,2518
Test/Mftf/Test/AdminPageBuilderBannerCollageLeftAppearanceTest/BannerCollageLeftAlignmentInheritanceTest.xml,23b8a3f92d753b88cb6392caaa81a93c1c862aa71282c3a2366fb123f867b4ce,1989
Test/Mftf/Test/AdminPageBuilderBannerCollageLeftAppearanceTest/BannerCollageLeftButtonNeverShowTest.xml,ec77295b4e0dd847d83ea32169696feb4de928458f9109638cb0699517821dac,7057
Test/Mftf/Test/AdminPageBuilderBannerCollageLeftAppearanceTest/BannerCollageLeftButtonOnHoverTest.xml,05e23a0bfd9b7ca101dbfe2bb9a54f4b4f5390f41d2ac6801f3966e6844e1d0a,7826
Test/Mftf/Test/AdminPageBuilderBannerCollageLeftAppearanceTest/BannerCollageLeftButtonsCanBeEditedInlineTest.xml,7a562bd59bb5425f735740f3a6e46bbf167c8457d406e33e711a63f4d0c0cff1,4893
Test/Mftf/Test/AdminPageBuilderBannerCollageLeftAppearanceTest/BannerCollageLeftCanInlineEditContentTest.xml,598b235a416fc8d01ce6bd5541a9e43f8ec07cc98703792e32e8eb110d07a83a,1764
Test/Mftf/Test/AdminPageBuilderBannerCollageLeftAppearanceTest/BannerCollageLeftCanInlineEditContentWhenIn25PercentWidthColumnTest.xml,4a2f6e03cb60e77a8d1d6a02a8d5f3e0da5e47ede395f7ac45598017374517ed,1875
Test/Mftf/Test/AdminPageBuilderBannerCollageLeftAppearanceTest/BannerCollageLeftHtmlValueInButtonsTest.xml,57b88be4384d039c74c5ed54ecc10ca5285d0bdc01466504b375da6d554d3605,1229
Test/Mftf/Test/AdminPageBuilderBannerCollageLeftAppearanceTest/BannerCollageLeftMinHeightValidInputs.xml,0bc5c5053e2d6a398a8b027146fb0850a0918af631ccb6fce901823e2bda4822,3367
Test/Mftf/Test/AdminPageBuilderBannerCollageLeftAppearanceTest/BannerCollageLeftMobileWithMobileImageValuesTest.xml,aa7dfe5d614c3f8f29311004b784983e43ae18d8ee6f54fa6e86d808a726ee67,6631
Test/Mftf/Test/AdminPageBuilderBannerCollageLeftAppearanceTest/BannerCollageLeftMobileWithoutMobileImageValuesTest.xml,4dbbed665dab41d6c6385c4231d08e94bccd9ee74ec52615e0d0d8be7e63ba72,6027
Test/Mftf/Test/AdminPageBuilderBannerCollageLeftAppearanceTest/BannerCollageLeftNonBreakingSpaceValueInButtonsTest.xml,2ae015e7ef88c283fdbc3ea1a871a6928cf2548322586e1f633478ebcf644bfd,1284
Test/Mftf/Test/AdminPageBuilderBannerCollageLeftAppearanceTest/BannerCollageLeftOverlayAndButtonOnHoverTest.xml,961dc733f8494bbf8dd5d436d778295d286d81ea4cdca1d479725b09d5c8605c,1786
Test/Mftf/Test/AdminPageBuilderBannerCollageLeftAppearanceTest/BannerCollageLeftOverlayNeverShowTest.xml,f5dcf92d92ce811584b46639a358ef20dc9dfde9c39f93d07c4a1383b9cc34a2,8794
Test/Mftf/Test/AdminPageBuilderBannerCollageLeftAppearanceTest/BannerCollageLeftOverlayOnHoverTest.xml,f1d4f8986c02acb7996a4b0a5916adf5a526af7b1bcfafcfc67f337442bfcabe,1746
Test/Mftf/Test/AdminPageBuilderBannerCollageLeftAppearanceTest/BannerCollageLeftOverlayPositionTest.xml,c6be64c86fa144902fba9214901726002ef83bb6234c67a060b40c6c0c8e1c6b,6196
Test/Mftf/Test/AdminPageBuilderBannerCollageLeftAppearanceTest/BannerCollageLeftUpdateAdvancedConfigurationValuesTest.xml,183437a8ea3169ddb5b2105ecef0c43b1cba882243338c9f756268165a326d6f,18782
Test/Mftf/Test/AdminPageBuilderBannerCollageLeftAppearanceTest/BannerCollageLeftUpdateAllAttributesTest.xml,31e6f05f7cf1f581dd13a841858d6caabea5dbb7dfdce5b793e6abd508983da3,38116
Test/Mftf/Test/AdminPageBuilderBannerCollageLeftAppearanceTest/BannerCollageLeftValidateVideoBackground.xml,754bb29eed02b3f5075678deb9d9756183ffd76ab6e3ed612be1fc817b85babc,1316
Test/Mftf/Test/AdminPageBuilderBannerCollageLeftAppearanceTest/BannerCollageLeftValidateVideoBackgroundFallbackImage.xml,56d447103bbc8e24a9bd9cf3bb3f21d63e89d132d853fd115d2606ef70da2e10,1389
Test/Mftf/Test/AdminPageBuilderBannerCollageLeftAppearanceTest/BannerCollageLeftValidateVideoBackgroundNoFallbackImage.xml,3a5f507159c6c2e6643bccf0384e9340420d5d3afe92f9e334d729dd29615280,1421
Test/Mftf/Test/AdminPageBuilderBannerCollageLeftAppearanceTest/BannerCollageLeftVideoBackgroundNoFallbackImageDisabledLoopAndPlayWhenVisibleAndLazyLoad.xml,c29573b6e2779bc3425338d56865fbc457cc7bc1e4c366054cfb6280be3594ef,1501
Test/Mftf/Test/AdminPageBuilderBannerCollageLeftAppearanceTest/BannerCollageLeftWYSIWYGDisabledInlineEditTest.xml,b494d5bad4b073e91c1d0d6b5e4e55adabca6c5aed6ae6ceade0e8f6c84d5a43,3325
Test/Mftf/Test/AdminPageBuilderBannerCollageLeftAppearanceTest/BannerCollageLeftWithBordersAndPaddingEqualToMinHeightTest.xml,51a70e16545cd0300cce300a100fb1fbe21a628d5c2cd84f9153d1b7feaec2aa,3166
Test/Mftf/Test/AdminPageBuilderBannerCollageLeftAppearanceTest/BannerOverlayAndButtonDoNotGoOutsideContainerOnCollageLeftAppearanceTest.xml,b359cc0ee5e93c4423b2f020da9ce9b53b9dcdf0fbf46ac897300c9fad300218,2154
Test/Mftf/Test/AdminPageBuilderBannerCollageLeftAppearanceTest/BannerOverlayDoesNotHaveBorderRadiusAppliedOnCollageLeftAppearanceTest.xml,005895b647153051090cae58db3ba430626bf374bfb3e8e300cc4b731381cea2,2498
Test/Mftf/Test/AdminPageBuilderBannerCollageRightAppearanceTest/BannerCollageRightAlignmentInheritanceTest.xml,36efc0f12ed4be1d24d5f77749cb5ca690cbceb96a122c9e2865aa4f7c82d4b0,1993
Test/Mftf/Test/AdminPageBuilderBannerCollageRightAppearanceTest/BannerCollageRightButtonNeverShowTest.xml,84705490f6e316a1cb3ac7960c82a9af096a2d8405cb22409ee8baa715e5eda7,7070
Test/Mftf/Test/AdminPageBuilderBannerCollageRightAppearanceTest/BannerCollageRightButtonOnHoverTest.xml,885482587e7482285e1aea1c8855ab95bf36dd3c9ecb7878c95c3465a04ce91d,7788
Test/Mftf/Test/AdminPageBuilderBannerCollageRightAppearanceTest/BannerCollageRightButtonsCanBeEditedInlineTest.xml,1fa157cc6243521fba7c0f9b1391de2b3c6879c797646a874c0952785a87b7ba,4900
Test/Mftf/Test/AdminPageBuilderBannerCollageRightAppearanceTest/BannerCollageRightCanInlineEditContentTest.xml,d04658cb99c1d95faa538b58fbafe6891f3409abbc8283b89e087384b15c5095,1769
Test/Mftf/Test/AdminPageBuilderBannerCollageRightAppearanceTest/BannerCollageRightCanInlineEditContentWhenIn25PercentWidthColumnTest.xml,e0f1245bd422651c3bfcc6789b9d4fcc2bfe2fa72e5c7c7c3367eb8a41e39a3a,1880
Test/Mftf/Test/AdminPageBuilderBannerCollageRightAppearanceTest/BannerCollageRightHtmlValueInButtonsTest.xml,e78667b549856c60a92fad5ce8be5077ea9c726c89252b90f979ae6797aee5a4,1233
Test/Mftf/Test/AdminPageBuilderBannerCollageRightAppearanceTest/BannerCollageRightMinHeightValidInputs.xml,37c87af3dd3cdbd45b70097f2d2680c147f45c4f89fa17b5deea763ab172bfb0,3372
Test/Mftf/Test/AdminPageBuilderBannerCollageRightAppearanceTest/BannerCollageRightMobileWithMobileImageValuesTest.xml,f55ec65390d32cb9a9fbc5c39673dda49f2e3da922db6245ab44fbea0eff15d3,6672
Test/Mftf/Test/AdminPageBuilderBannerCollageRightAppearanceTest/BannerCollageRightMobileWithoutMobileImageValuesTest.xml,96a74fe23430ddb713c777bfec8418ba322b5f6b26bdac2b9549b6584c81dce3,6033
Test/Mftf/Test/AdminPageBuilderBannerCollageRightAppearanceTest/BannerCollageRightNonBreakingSpaceValueInButtonsTest.xml,c9274618deba562ce0380df0654aefbd138df30cb23d13e85ae14ff0d1d7c215,1288
Test/Mftf/Test/AdminPageBuilderBannerCollageRightAppearanceTest/BannerCollageRightOverlayAndButtonOnHoverTest.xml,38d0df039523b3668bacb40bd374cb1270de8c3132cdacadfa8646cf21384e97,1796
Test/Mftf/Test/AdminPageBuilderBannerCollageRightAppearanceTest/BannerCollageRightOverlayNeverShowTest.xml,92696dd81c82414ec388bb16d9f1b23c78ef75de0a347fb76091db797840c6b0,8807
Test/Mftf/Test/AdminPageBuilderBannerCollageRightAppearanceTest/BannerCollageRightOverlayOnHoverTest.xml,73d9e8733d169185abdc45a67d35f037e690443519d950b0fce920f85472e678,1756
Test/Mftf/Test/AdminPageBuilderBannerCollageRightAppearanceTest/BannerCollageRightOverlayPositionTest.xml,203c6e4815e9ba02e852f622de02efa1f07aa07b5e323e947bf18a38c4672ca6,2444
Test/Mftf/Test/AdminPageBuilderBannerCollageRightAppearanceTest/BannerCollageRightUpdateAdvancedConfigurationValuesTest.xml,42fb1530eaad0d94994f53656690422f7f9f631552279f7f26d497d37216e70e,18791
Test/Mftf/Test/AdminPageBuilderBannerCollageRightAppearanceTest/BannerCollageRightUpdateAllAttributesTest.xml,b7a8a7f0899d727a4e5ba950db24a393e2d8fab079b10d0afd42784ca1283b33,38131
Test/Mftf/Test/AdminPageBuilderBannerCollageRightAppearanceTest/BannerCollageRightValidateVideoBackground.xml,7769f18fc1103de06b237b79f4100028b230c16bcfc84374ac19f3d4948e9a5f,1321
Test/Mftf/Test/AdminPageBuilderBannerCollageRightAppearanceTest/BannerCollageRightValidateVideoBackgroundFallbackImage.xml,5ebb39c447c5891d16cc88f00b0a89e3984d19f7d2d7a71e2f47a515c6d55ff7,1394
Test/Mftf/Test/AdminPageBuilderBannerCollageRightAppearanceTest/BannerCollageRightValidateVideoBackgroundNoFallbackImage.xml,cd75afd37a70607d6806ba050f44703d5b35553e99b9c1d14f326233969f1a95,1426
Test/Mftf/Test/AdminPageBuilderBannerCollageRightAppearanceTest/BannerCollageRightVideoBackgroundNoFallbackImageDisabledLoopAndPlayWhenVisibleAndLazyLoad.xml,644a475f59b9a9a739a0a325d3524bf189702d122fb2efb6dfb862bff552561c,1505
Test/Mftf/Test/AdminPageBuilderBannerCollageRightAppearanceTest/BannerCollageRightWYSIWYGDisabledInlineEditTest.xml,52aa74940ea896d1b13d83b9f765efbb6f77e7992db143c227d9770bed784a16,3695
Test/Mftf/Test/AdminPageBuilderBannerCollageRightAppearanceTest/BannerOverlayAndButtonDoNotGoOutsideContainerOnCollageRightAppearanceTest.xml,1ac952fb4981374d33cf4b235cf0105eca86d717c14fd5fd8940a840a2add3e8,2160
Test/Mftf/Test/AdminPageBuilderBannerCollageRightAppearanceTest/BannerOverlayDoesNotHaveBorderRadiusAppliedOnCollageRightAppearanceTest.xml,a6320d89e56315712cba8c53bee811b02d076bee887b988f609c14d6b8facb96,2504
Test/Mftf/Test/AdminPageBuilderBannerCommonTest/BannerBackgroundImageInvalidFileTypeValidationTest.xml,b868d4cb3c353367ae68b7777c5a0467d7cdc2d68ea099486b0acb4dc08a1148,1878
Test/Mftf/Test/AdminPageBuilderBannerCommonTest/BannerCanAddBannerTest.xml,770a65837d738a5aab3a24d0b9d0a2951c9b9f261f3caf393b9850f9b29c0db1,2826
Test/Mftf/Test/AdminPageBuilderBannerCommonTest/BannerCanAddToColumnTest.xml,b3af69b2d2135e24ccaf4d753a292a4f2e2e8a9d2dbf3e6601bfd6c15048c7a0,4983
Test/Mftf/Test/AdminPageBuilderBannerCommonTest/BannerCanOpenInNewTabTest.xml,ebe862a80bda20c5dbe1057917fd84c830d5eb514bece0ba92e4471f6304cec9,6100
Test/Mftf/Test/AdminPageBuilderBannerCommonTest/BannerCannotAddToStageTest.xml,3ad6128422bbce3c7bb3112e9b9d262a49f9868e95689af5775c47842de30b9d,2271
Test/Mftf/Test/AdminPageBuilderBannerCommonTest/BannerCannotHaveInlineWysiwygLinkAndLinkUrlTest.xml,8dac9349e38b351bc0b2dbc69da757afdf7d885a71eb42a3f51a588d82f1717e,7878
Test/Mftf/Test/AdminPageBuilderBannerCommonTest/BannerCannotHaveInlineWysiwygWidgetAndLinkUrlTest.xml,1d960948b6e43c608cf961e330b3f2ee71788f924f2707c9d99225cd9c2e56db,17767
Test/Mftf/Test/AdminPageBuilderBannerCommonTest/BannerContentBlockDeleteImageTest.xml,05b405ef208f64971e2465020f60e5a0b5d1c13bcc7d5755a5d403fc3bf8ddf1,6588
Test/Mftf/Test/AdminPageBuilderBannerCommonTest/BannerContentVariableCanWrapTest.xml,c200fb503a605e92840fb55a4625780bf34ba10494cda5ece47261cf7cfcd892,5878
Test/Mftf/Test/AdminPageBuilderBannerCommonTest/BannerDeleteTest.xml,547f1ca2f0c8d0e75a53d5ad8c658578dc75663c8309b4947e9a4469684d8de7,4289
Test/Mftf/Test/AdminPageBuilderBannerCommonTest/BannerDoesNotNavigateOnStageTest.xml,e33215f72c5c0549c193a494e6821caa65cd98e0585d38ab21f39995d59078db,5932
Test/Mftf/Test/AdminPageBuilderBannerCommonTest/BannerEmptyBannerPreviewValidationTest.xml,4321d09c6c45ec3a81bae91f3eff8ba1e1f8bb9144c73138213ff09aa1b80d28,18304
Test/Mftf/Test/AdminPageBuilderBannerCommonTest/BannerEmptyLinkURLDoesNothingOnStorefrontTest.xml,83240301339d375d0195e860c60e6fc245313966f539b3be0f11e2d8e2047118,4069
Test/Mftf/Test/AdminPageBuilderBannerCommonTest/BannerHasButtonStyledTest.xml,8a94122a72ca03075e9e1f0d53481bfa43c94743bc90aef593475aa35c12ad09,10739
Test/Mftf/Test/AdminPageBuilderBannerCommonTest/BannerHasExpectedFieldsAndDefaultsTest.xml,ec9be5335be54d81bc8cf07cb27540fc41434035e26d037bc218088e001aa117,10266
Test/Mftf/Test/AdminPageBuilderBannerCommonTest/BannerHasNoRequiredTest.xml,4cc841d8dcb97990f96060ac86d585fd30be18aff4f4ec04be795a749722fd5d,3007
Test/Mftf/Test/AdminPageBuilderBannerCommonTest/BannerInlineWYSIWYGWidgetAndVariableStyleTest.xml,3354415e28a6acd63c047548b652e2ef71624e6f3ed12184c7f776fa3d94f0ec,3486
Test/Mftf/Test/AdminPageBuilderBannerCommonTest/BannerInlineWysiwygUploadImageTest.xml,3b323acb2b11fd07ffa0cb022d920e63b536abb6cad3df27a13af21c69b94c24,2396
Test/Mftf/Test/AdminPageBuilderBannerCommonTest/BannerMoveBannerTest.xml,8cfd4ea9a5d6cecb2f3a72613d4dc41098456e59daa3d7616f3e09f1080be30b,8066
Test/Mftf/Test/AdminPageBuilderBannerCommonTest/BannerTextContainingPageBuilderMarkupWontBreakStageTest.xml,2c3c41c35175a456afbd53c791abafa0d33d2fa36dcf633680c8138fd2f689a6,3170
Test/Mftf/Test/AdminPageBuilderBannerCommonTest/BannerTinyMCEMenuOpensInFrontOfVideoBackground.xml,99abd1010769c308cb2cf61ae60f2fdd06c066b16ad9f49a42a0aa164aa6aa0d,6152
Test/Mftf/Test/AdminPageBuilderBannerCommonTest/BannerUploadImageFromStageTest.xml,edc85c03d9321f51b258ea9345994ecf5dd17744344a7eda9f142994a331dbe9,5786
Test/Mftf/Test/AdminPageBuilderBannerCommonTest/BannerUploadImageWithSecretKeyEnabledTest.xml,012ba1f971b27984cbfe21ae31b9ee9a7061b69daa6b80a9fdc5058ad8196124,6983
Test/Mftf/Test/AdminPageBuilderBannerCommonTest/BannerValidateAdvancedConfigurationDefaultValuesTest.xml,f777dcdca98c92f2be4a9250d1cefc8412be6335303f19f51e8077017226eb47,16574
Test/Mftf/Test/AdminPageBuilderBannerCommonTest/BannerValidateBackgroundSectionDefaultValuesTest.xml,cac82263e754a7b6789545fe0673d86805f3e056d560ecc763c70634a50281d2,10155
Test/Mftf/Test/AdminPageBuilderBannerCommonTest/BannerValidateVideoBackgroundAspectRatio.xml,940e47c6911b02467f2888fe7b27092931ec8c41ad03e9361713b6dad1899baf,9184
Test/Mftf/Test/AdminPageBuilderBannerCommonTest/BannerValidateVideoBackgroundInfiniteLoopDisabled.xml,9d6f90d5d61f261bd9399d53125992de1cb8faa04fd84b3e63536188a11b7795,4476
Test/Mftf/Test/AdminPageBuilderBannerCommonTest/BannerValidateVideoBackgroundInfiniteLoopEnabled.xml,4de9cdcb03052d75e602ceb8dc872ab02d8d21d86e5e1f68f35eaf689114c8f6,6757
Test/Mftf/Test/AdminPageBuilderBannerCommonTest/BannerValidateVideoBackgroundLazyLoadDisabled.xml,208be4d3dee9e4c564c267846c688ff30ac59c9c5e1c5ddc01b326137d14b7ea,3138
Test/Mftf/Test/AdminPageBuilderBannerCommonTest/BannerValidateVideoBackgroundLazyLoadEnabled.xml,51adb8ac08d6034c566b69e6263b9dd73c8cf7c35a8ac34bc674f2da9c764f96,2485
Test/Mftf/Test/AdminPageBuilderBannerCommonTest/BannerValidateVideoBackgroundPlayOnlyWhenVisibleDisabled.xml,4b8b84fa242397f0c15565a19304836ca7fb1dfef47e83458659cd1ba5259398,10879
Test/Mftf/Test/AdminPageBuilderBannerCommonTest/BannerValidateVideoBackgroundPlayOnlyWhenVisibleEnabled.xml,0c6c1572c8bad3df657f81c0ccd470a375cc71462d551a9dd6ca949b60a73554,7598
Test/Mftf/Test/AdminPageBuilderBannerCommonTest/BannerValidateVideoBackgroundSectionDefaultValues.xml,53f4a698336d2b24a6335b84f1aa2cedc4606d768876e8cbcd5ca9ddf2f6397f,6187
Test/Mftf/Test/AdminPageBuilderBannerCommonTest/BannerValidateVideoBackgroundVideoURLs.xml,8842b9a2be82badcdab56acb3841cc1ab55b4e60ad8fc1962493909d0ca2173b,7974
Test/Mftf/Test/AdminPageBuilderBannerCommonTest/BannerVerifyCanSwitchBackgroundTypes.xml,99a18c7b05e24748eab7abaa2f3a22690f4868957b500442cffadee8acd0b4fe,27248
Test/Mftf/Test/AdminPageBuilderBannerCommonTest/BannerVerifyStageUploadImageButtonsForEachAppearanceTest.xml,530b48afb06c58a19da6b1956b8dad7b4cc49b23980413ab4bfb96fa48a0e80b,6385
Test/Mftf/Test/AdminPageBuilderBannerCommonTest/BannerVerifyStageUploadImageButtonsWorkWithVideoBackground.xml,76f908c2e533b7f760e2863bdf6136e7539eaf79c3cf365c3720544526ede605,6052
Test/Mftf/Test/AdminPageBuilderBannerCommonTest/DuplicateBannerTest.xml,3f584ed0d0e65bdc8e716d0b4a4c41c893810b95b9f5f4670f38db85938f39a0,41755
Test/Mftf/Test/AdminPageBuilderBannerCommonTest/ValidateShowHideOnBannerDefaultStateTest.xml,0e5c82f191462a72cabbc29860efb6deaca59cb1fe73950badde6c4ab5a10561,4330
Test/Mftf/Test/AdminPageBuilderBannerCommonTest/ValidateShowHideOnBannerTest.xml,3c414c843076b21705a0c27dbe66929d3095c232b3cf4e2e5ae37935a90302a4,6101
Test/Mftf/Test/AdminPageBuilderBannerPosterAppearanceTest/BannerOverlayAndButtonDoNotGoOutsideContainerOnPosterAppearanceTest.xml,b4cbe8d95458e78c85e87246e4e234ec0af6ea3be5963d26682afb7bd99a04fb,7024
Test/Mftf/Test/AdminPageBuilderBannerPosterAppearanceTest/BannerOverlayHasConvertedBorderRadiusAppliedOnPosterAppearanceTest.xml,d5c09ee2288a662d25f84d710e604ffe1c370167bbec8f50c5a2eae63b82ce85,9469
Test/Mftf/Test/AdminPageBuilderBannerPosterAppearanceTest/BannerPosterAddWYSIWYGLinkTest.xml,2761fb3765b03d2cd6d30b85b745af47bbc49d41f3c54416bbd53d289ddf5608,4868
Test/Mftf/Test/AdminPageBuilderBannerPosterAppearanceTest/BannerPosterAlignmentInheritanceTest.xml,3dc423e444c4a6cb445bbd0d5c25289ad809d57a54f6430ea5791ae8151e8565,10616
Test/Mftf/Test/AdminPageBuilderBannerPosterAppearanceTest/BannerPosterButtonNeverShowTest.xml,5e8e767b40d4568dbefe809b04623c8531eab3cfda3ae91eb9eb3ce452dc3873,6982
Test/Mftf/Test/AdminPageBuilderBannerPosterAppearanceTest/BannerPosterButtonOnHoverTest.xml,9901d65d22e5dbeba223f22e54d9c60b837d1230d5175504c54ca937d405f616,7900
Test/Mftf/Test/AdminPageBuilderBannerPosterAppearanceTest/BannerPosterButtonsCanBeEditedInlineTest.xml,5f467d7bc649e65428c0aa54e5c95607d4e42251bbeae04f857eab824b82bfab,4849
Test/Mftf/Test/AdminPageBuilderBannerPosterAppearanceTest/BannerPosterCanInlineEditContentTest.xml,d0a4042b0bdd44a7bdcf343f5febd1aec399c2b70faeea97771adbe7d58fcc32,4658
Test/Mftf/Test/AdminPageBuilderBannerPosterAppearanceTest/BannerPosterCanInlineEditContentWhenIn25PercentWidthColumnTest.xml,1305ec4915e541fb65177f98fdd349b4eea0ba5e2c8bc64f5a655442100b5721,6774
Test/Mftf/Test/AdminPageBuilderBannerPosterAppearanceTest/BannerPosterHtmlValueInButtonsTest.xml,cc92e83531cb8209a7d60de2fef4c6313f7af83745012a3a50ddc0a2904579eb,1208
Test/Mftf/Test/AdminPageBuilderBannerPosterAppearanceTest/BannerPosterMinHeightValidInputs.xml,550ded442420d875213b2b26e59e50a28ec15a607dad8a9f671faee9f0d831a5,9969
Test/Mftf/Test/AdminPageBuilderBannerPosterAppearanceTest/BannerPosterMobileWithMobileImageValuesTest.xml,38f231e9c7b9f063e994b2d5210c09fa8d863ad2d0401173ba2c5a6c9455e77a,6598
Test/Mftf/Test/AdminPageBuilderBannerPosterAppearanceTest/BannerPosterMobileWithoutMobileImageValuesTest.xml,cfdd2520267397a75722814061856f3fa0c58bc35b4fca3ce7b9877fbc4d6248,5994
Test/Mftf/Test/AdminPageBuilderBannerPosterAppearanceTest/BannerPosterNonBreakingSpaceValueInButtonsTest.xml,33fa51a53cbdad71ab6aa0dca8a0ef5897a0f10695d1f4cc08682c422631b544,1263
Test/Mftf/Test/AdminPageBuilderBannerPosterAppearanceTest/BannerPosterOverlayAndButtonOnHoverTest.xml,7db5fe4c2795814bd87fad8082099a5284c4329d06b807db790e52d286a9dc84,12221
Test/Mftf/Test/AdminPageBuilderBannerPosterAppearanceTest/BannerPosterOverlayNeverShowTest.xml,fa23bbcf5d77d03499c8740d707f7588761c4e3d9d150aaaee11783730a882b7,8726
Test/Mftf/Test/AdminPageBuilderBannerPosterAppearanceTest/BannerPosterOverlayOnHoverTest.xml,32f24416af037f9a4c1b6cccbd4244e43efc0e0b9a53dee37bd3ccc955b6bfb6,7142
Test/Mftf/Test/AdminPageBuilderBannerPosterAppearanceTest/BannerPosterOverlayPositionTest.xml,f923d457559bb6980c636b92e0dee63d3b563cc4ee99a912e1a938b28c0bd91c,4870
Test/Mftf/Test/AdminPageBuilderBannerPosterAppearanceTest/BannerPosterUpdateAdvancedConfigurationValuesTest.xml,3f803b1a1f2f3cc8831bcf18ac7721a53ea5492b25f7f820741cf5a9499371a1,18675
Test/Mftf/Test/AdminPageBuilderBannerPosterAppearanceTest/BannerPosterUpdateAllAttributesTest.xml,96b6bfde7b8ca88f8a100a9eddb585166824c663a31e2177bd0b1d8eb37a3765,37997
Test/Mftf/Test/AdminPageBuilderBannerPosterAppearanceTest/BannerPosterValidateVideoBackground.xml,1a8857f72964a158dd16acd75df7ad8c1a8be311c39277e365e986a0efb48bc4,12555
Test/Mftf/Test/AdminPageBuilderBannerPosterAppearanceTest/BannerPosterValidateVideoBackgroundFallbackImage.xml,a7d437be5db641cd9fd309e3e7e4256e94d7575973d713c1b5b6f78f96e7632f,7804
Test/Mftf/Test/AdminPageBuilderBannerPosterAppearanceTest/BannerPosterValidateVideoBackgroundNoFallbackImage.xml,70f9748ba9100492681aa38337773ede74edf1f5a883d2c549bb8c92462755d1,6596
Test/Mftf/Test/AdminPageBuilderBannerPosterAppearanceTest/BannerPosterVideoBackgroundNoFallbackImageDisabledLoopAndPlayWhenVisibleAndLazyLoad.xml,3c187d18a9868ffefcbfdd630f0a0a0a8dfdbc33b8993885eab9a54df745e846,10522
Test/Mftf/Test/AdminPageBuilderBannerPosterAppearanceTest/BannerPosterWYSIWYGDisabledInlineEditTest.xml,cca574be9e47442c8932221e0d8e4702ae6ffd44ec31c4ce44c9f5c186084814,2539
Test/Mftf/Test/AdminPageBuilderBannerPosterAppearanceTest/BannerPosterWithBordersAndPaddingEqualToMinHeightTest.xml,39b6fa7d515db6c00828a8e17ecc238be2baeed188694c0527fbe8c3f4988299,3225
Test/Mftf/Test/AdminPageBuilderBannerPosterAppearanceTest/BannerPosterWithMarginStaysInsideParentTest.xml,3cb0b11903851ee2b3be8fdba684d51976ccf949b7f1ea242bb43f995e0cb142,6481
Test/Mftf/Test/AdminPageBuilderBlockRenderAddContentContentTypesTest/BlockRenderBlockThroughBlockContentTypeTest.xml,c6efe59fee7a898b38ef8eb62511e5ccfdbe75388af2c8f7fc10b570fe9a2416,6764
Test/Mftf/Test/AdminPageBuilderBlockRenderAddContentContentTypesTest/BlockRenderDefaultProductsCarouselThroughBlockContentTypeTest.xml,4e0807b9d9c92fffcd5352cb3470c7772966905ab1dd1044944f12b140c14d66,13321
Test/Mftf/Test/AdminPageBuilderBlockRenderAddContentContentTypesTest/BlockRenderProductsCarouselValidateAutoplayInContinuousModeWithInfiniteLoopTest.xml,5d8398972d7ea851da31a64403ebed85125058bd7b758a47ebb5dc5446bb6963,17598
Test/Mftf/Test/AdminPageBuilderBlockRenderAddContentContentTypesTest/BlockRenderProductsCarouselValidateInfiniteLoopArrowsDotsFunctionTest.xml,ec75d2675a8a1c0a21548f8e05f2469641b67c27b59cb684fb3724f3d0fe03d5,20569
Test/Mftf/Test/AdminPageBuilderBlockRenderAddContentContentTypesTest/BlockRenderProductsCarouselVerifyProductItemsInteractionsOnStorefrontInContinuousCarouselModeSixProductsTest.xml,c1348d6f0d5c5c02961ac7227f6027225a088c95490ff5173aa0f5acd133ee27,13918
Test/Mftf/Test/AdminPageBuilderBlockRenderAddContentContentTypesTest/BlockRenderProductsCarouselVerifyProductItemsInteractionsOnStorefrontInDefaultCarouselModeTest.xml,48208a6c3036acdeaa6e363edcb80a7feee6ceea59ba0ab32ea2dbd960f1f7b5,7651
Test/Mftf/Test/AdminPageBuilderBlockRenderAddContentContentTypesTest/BlockRenderProductsThroughBlockContentTypeTest.xml,5118d69af8462d3ee4689c9c95341339627a6176afd2eb033a0c5106c169522b,13170
Test/Mftf/Test/AdminPageBuilderBlockRenderAddContentContentTypesTest/ProductFromDifferentWebsiteInsideBlockShowsOnStageTest.xml,a4bca9c1fd50128418c73b8deee8388b49d6b4666813dfd473b58a92c1650090,10968
Test/Mftf/Test/AdminPageBuilderBlockRenderElementContentTypesTest/BlockRenderButtonsThroughBlockContentTypeInlineNotSameSizeTest.xml,f347efcde6d141efbda465d7233f81d8b787f0f635ee0cec8441aa83fcab90ca,13774
Test/Mftf/Test/AdminPageBuilderBlockRenderElementContentTypesTest/BlockRenderButtonsThroughBlockContentTypeInlineSameSizeTest.xml,9932059e143abb6ee1535293a78c5ac8c32ef03dd0a835f1a01e32d21f225207,2178
Test/Mftf/Test/AdminPageBuilderBlockRenderElementContentTypesTest/BlockRenderButtonsThroughBlockContentTypeStackedNotSameSizeTest.xml,c3e5f234ead39f801dd5547bca0c80358fc44d6e9d9ebdf21133b6787ddfe26c,2233
Test/Mftf/Test/AdminPageBuilderBlockRenderElementContentTypesTest/BlockRenderButtonsThroughBlockContentTypeStackedSameSizeTest.xml,de33dbb996f5b5ce60f4c8c5d4d5d931b36c1859aea96da5662f4cb00ccc923a,3270
Test/Mftf/Test/AdminPageBuilderBlockRenderElementContentTypesTest/BlockRenderDividerThroughBlockContentTypeTest.xml,cd1562f6014fdfdc35fe846077331bdb22fc09ff5b0a4e15ea2e3a69907891aa,9064
Test/Mftf/Test/AdminPageBuilderBlockRenderElementContentTypesTest/BlockRenderHTMLThroughBlockContentTypeTest.xml,e9eddd136a11d5d931e92ca3b1d9fc3bb9432caf9f1eb8e7a09a381370ec502e,13358
Test/Mftf/Test/AdminPageBuilderBlockRenderElementContentTypesTest/BlockRenderHeadingThroughBlockContentTypeTest.xml,f348d08ada3b206a46e7db728b0896afa5b087ad6ee3ce668a3ae78c62845556,7120
Test/Mftf/Test/AdminPageBuilderBlockRenderElementContentTypesTest/BlockRenderTextThroughBlockContentTypeTinyMCEWysiwygDisabledByDefaultTest.xml,eaf0c624e5ef307c3e14ff0a9e4b233cfbaab08a0c7ee69919e4b3af42770466,1479
Test/Mftf/Test/AdminPageBuilderBlockRenderElementContentTypesTest/BlockRenderTextThroughBlockContentTypeTinyMCEWysiwygDisabledCompletelyTest.xml,8641996c870b3d1353ec598108fae7fa9d4dd7c7ddc61fe851c77458fe355719,9510
Test/Mftf/Test/AdminPageBuilderBlockRenderElementContentTypesTest/BlockRenderTextThroughBlockContentTypeTinyMCEWysiwygEnabledByDefaultTest.xml,899ca43e0de937a40a51f29f9f4df1117115835207b45a620f9666b1f1c58b29,13761
Test/Mftf/Test/AdminPageBuilderBlockRenderElementContentTypesTest/ButtonGroupInBlockOnDifferentLineWhenInFullWidthRowTest.xml,5a51af5ba7baafc95eed057da69232538b3839e115c3b408f0f02337996cadb1,8099
Test/Mftf/Test/AdminPageBuilderBlockRenderElementContentTypesTest/TextHeightConsistencyBetweenContentTypeAndBlockOnStorefrontTest.xml,f5d31641ce40fba7bce2803984bbf9e0c313816bb531d056535d9b4a4942c69a,6914
Test/Mftf/Test/AdminPageBuilderBlockRenderLayoutContentTypesTest/BlockRenderColumnBottomAlignmentAppearanceThroughBlockContentTypeTest.xml,85bb707995f4e6ec7d99d0f5fec46f185b65782143e4bee1f9dc2a8ec243c8e1,3374
Test/Mftf/Test/AdminPageBuilderBlockRenderLayoutContentTypesTest/BlockRenderColumnCenterAlignmentAppearanceThroughBlockContentTypeTest.xml,ae9b40b5474aa5933d8add76ca04afd354ca975d09a3fa9441db2780aa18a991,3374
Test/Mftf/Test/AdminPageBuilderBlockRenderLayoutContentTypesTest/BlockRenderColumnDragAndDropMultipleColumnsResizingThroughBlockContentTypeTest.xml,30b236c184185045f3d5eaccad52159ae20f68bc39c5fdbb24f8d61c34ebd84c,15446
Test/Mftf/Test/AdminPageBuilderBlockRenderLayoutContentTypesTest/BlockRenderColumnFullHeightAppearanceThroughBlockContentTypeTest.xml,5aa33667afce69d2d8ef37ac7a6bf6443e447554fb43d880086e199c02e45eba,20113
Test/Mftf/Test/AdminPageBuilderBlockRenderLayoutContentTypesTest/BlockRenderColumnTopAlignmentAppearanceThroughBlockContentTypeTest.xml,88cb8a8422c94eaf92b9bf0e99d06c9ef4a68a0931127f690d5b0df88c04376d,3353
Test/Mftf/Test/AdminPageBuilderBlockRenderLayoutContentTypesTest/BlockRenderContainedRowMinHeightThroughBlockContentTypeTest.xml,019b4a070349b2366ab84aee8b1b0fbb194c92c0b8b12a1fcd7a8f7103e0b4c7,13942
Test/Mftf/Test/AdminPageBuilderBlockRenderLayoutContentTypesTest/BlockRenderFullBleedRowMinHeightThroughBlockContentTypeTest.xml,f2d80cfe4b6c62a206672e8a160080f15e87cfd7fd438e4519af0d5749017003,3661
Test/Mftf/Test/AdminPageBuilderBlockRenderLayoutContentTypesTest/BlockRenderFullWidthRowMinHeightThroughBlockContentTypeTest.xml,b1863eb260e47cc3395d99146288c17825ad22cc72f5b2ad7193ba3305dc370b,3661
Test/Mftf/Test/AdminPageBuilderBlockRenderLayoutContentTypesTest/BlockRenderRowContainedAppearanceThroughBlockContentTypeTest.xml,a8a29f8ace8fbb4dba7aba17f9e4862b4422109de31477bbb3b34e5ea39a2b32,5665
Test/Mftf/Test/AdminPageBuilderBlockRenderLayoutContentTypesTest/BlockRenderRowContainedAppearanceWithParallaxThroughBlockContentTypeTest.xml,897bf730e2906982ad76f78f0ad50e0b0ea5b4231c02804b0b07307d6c7bddfd,21208
Test/Mftf/Test/AdminPageBuilderBlockRenderLayoutContentTypesTest/BlockRenderRowContainedAppearanceWithParallaxVideoBackgroundThroughBlockContentType.xml,c99ac4c18ca7e73cd6afe3b7029ed390d32ecfa9bfcc322cf857492d5832c219,6045
Test/Mftf/Test/AdminPageBuilderBlockRenderLayoutContentTypesTest/BlockRenderRowContainedAppearanceWithVideoBackgroundThroughBlockContentType.xml,e20d4e12637ef2ca1f676743452ff8a10d1ff46b67e9d9a2650b6d2737877133,11925
Test/Mftf/Test/AdminPageBuilderBlockRenderLayoutContentTypesTest/BlockRenderRowFullBleedAppearanceThroughBlockContentTypeTest.xml,7b517b1c09acba64d96f7862539fe9e6545d0464be556b12f326a9f28e93755e,7758
Test/Mftf/Test/AdminPageBuilderBlockRenderLayoutContentTypesTest/BlockRenderRowFullBleedAppearanceWithParallaxThroughBlockContentTypeTest.xml,f6910a2dbe2549332dd63044990f16b891ea14c6720572eb148a6d534d06eb35,7124
Test/Mftf/Test/AdminPageBuilderBlockRenderLayoutContentTypesTest/BlockRenderRowFullBleedAppearanceWithParallaxVideoBackgroundThroughBlockContentType.xml,d8aa24a08475bb6288f0f4e4c2d92226f5c1e47b476007b58f40659d0a4d1205,6311
Test/Mftf/Test/AdminPageBuilderBlockRenderLayoutContentTypesTest/BlockRenderRowFullBleedAppearanceWithVideoBackgroundThroughBlockContentType.xml,1d1df39ef3ef92ee4b8f6c01fdc570290cb807800ad4703f0525d4f273dcd4ec,3424
Test/Mftf/Test/AdminPageBuilderBlockRenderLayoutContentTypesTest/BlockRenderRowFullWidthAppearanceThroughBlockContentTypeTest.xml,5bdd745f3cdc061351a9172b300344c4444b5d7ada773bdda18fb690eb196ced,8075
Test/Mftf/Test/AdminPageBuilderBlockRenderLayoutContentTypesTest/BlockRenderRowFullWidthAppearanceWithParallaxThroughBlockContentTypeTest.xml,e3f917eaf671866cd46afca3ac89b018adb0109938bbdc23f60162400b9a9034,7440
Test/Mftf/Test/AdminPageBuilderBlockRenderLayoutContentTypesTest/BlockRenderRowFullWidthAppearanceWithParallaxVideoBackgroundThroughBlockContentType.xml,e0fa2ea5781cfc734146f4505d81c5db608c2933f99c31ae9224f5c2d8e40b01,6311
Test/Mftf/Test/AdminPageBuilderBlockRenderLayoutContentTypesTest/BlockRenderRowFullWidthAppearanceWithVideoBackgroundThroughBlockContentType.xml,0608c9acc31e7f56930a8a3a5d5258aa5a99e13d3a3a068bfd1e9a9bcd9919e8,3424
Test/Mftf/Test/AdminPageBuilderBlockRenderLayoutContentTypesTest/BlockRenderTabsThroughBlockContentTypeTest.xml,0ce4cfdf2b73c6eba126c36eb1f20b0ef1de904daaac47adda5fc92c899a57d3,32112
Test/Mftf/Test/AdminPageBuilderBlockRenderLayoutContentTypesTest/BlockRowContainedAppearanceHasEqualWidthToContentsTest.xml,f66d865cbcc7524d4d27bb80d60e08b4a39b114262bd0cfff382c4b840a114db,8347
Test/Mftf/Test/AdminPageBuilderBlockRenderLayoutContentTypesTest/BlockRowContentIsVerticallyAlignedTest.xml,4ab5113de9aecfb1d2ea46fd7b223225bd44e35a50e7b220bfe6acb1e4e03fed,10041
Test/Mftf/Test/AdminPageBuilderBlockRenderLayoutContentTypesTest/BlockRowFullBleedAppearanceHasEqualWidthToContentsTest.xml,e5aa1e1fa8ee88bcf1be61ef89ffc1f4e663af13439b627b0dd323f239f334bc,2683
Test/Mftf/Test/AdminPageBuilderBlockRenderLayoutContentTypesTest/BlockRowFullWidthAppearanceHasEqualWidthToContentsTest.xml,d820bcc1b3246f17ccc0a9e9c6f4529ec9dbb86b3097e153ecf861588d3e1aa6,2683
Test/Mftf/Test/AdminPageBuilderBlockRenderMediaContentTypesTest/BlockImageIsRightAlignedTest.xml,7e9cbb6e097092509d85984e154f3a8282716527faeac1170166f2e3f7923664,9632
Test/Mftf/Test/AdminPageBuilderBlockRenderMediaContentTypesTest/BlockRenderBannerCollageCenterAppearanceWithVideoBackgroundThroughBlockContentTypeTest.xml,e6bf97a430840bd3ef30015df14b866de2502fdceeb7c50503136f8cd84468e2,1575
Test/Mftf/Test/AdminPageBuilderBlockRenderMediaContentTypesTest/BlockRenderBannerCollageCenterMinHeightThroughBlockContentTypeTest.xml,e2caa585a40beb17b2fcd0e02519882393465127a1867fb09a73fbe1cbc3aa34,4656
Test/Mftf/Test/AdminPageBuilderBlockRenderMediaContentTypesTest/BlockRenderBannerCollageCenteredAppearanceThroughBlockContentTypeTest.xml,cbe633be19294c3eb68b9139610e96b333c3d5c41e778a4490010ff39d2ceac8,5239
Test/Mftf/Test/AdminPageBuilderBlockRenderMediaContentTypesTest/BlockRenderBannerCollageLeftAppearanceThroughBlockContentTypeTest.xml,5a7491b7a12b105d346cf202871b43588df0aa56cb5b191ae2f09bb0a7cdb19a,5191
Test/Mftf/Test/AdminPageBuilderBlockRenderMediaContentTypesTest/BlockRenderBannerCollageLeftAppearanceWithVideoBackgroundThroughBlockContentTypeTest.xml,1f8f6de7721255d7ecbdf53bb0e7f17ce59cdf36bdbb6c7c734a277456927455,1563
Test/Mftf/Test/AdminPageBuilderBlockRenderMediaContentTypesTest/BlockRenderBannerCollageLeftMinHeightThroughBlockContentTypeTest.xml,527f4b78846af66be9221b684e6fd084ae5969d46dd3f8b520625a999e599067,4644
Test/Mftf/Test/AdminPageBuilderBlockRenderMediaContentTypesTest/BlockRenderBannerCollageRightAppearanceThroughBlockContentTypeTest.xml,db8dd77436d1c33eb14292a95b4f1e793d7bf1f056908c0e327fc28d2682defe,5505
Test/Mftf/Test/AdminPageBuilderBlockRenderMediaContentTypesTest/BlockRenderBannerCollageRightAppearanceWithVideoBackgroundThroughBlockContentTypeTest.xml,f19a2cf1b7166055c0a477731977500dbfbce3da11e828736c0648ea83248abf,1568
Test/Mftf/Test/AdminPageBuilderBlockRenderMediaContentTypesTest/BlockRenderBannerCollageRightMinHeightThroughBlockContentTypeTest.xml,550425bce471d6a7db536367b366c4c4963d12c5eca7a0a64296ae3afb31a320,4649
Test/Mftf/Test/AdminPageBuilderBlockRenderMediaContentTypesTest/BlockRenderBannerPosterAppearanceThroughBlockContentTypeTest.xml,26bfb1132528c741c57475e44f304639dc337451c65686688d61f0d44dc66ca8,31086
Test/Mftf/Test/AdminPageBuilderBlockRenderMediaContentTypesTest/BlockRenderBannerPosterAppearanceWithVideoBackgroundThroughBlockContentTypeTest.xml,52c4cb8e68dcc413245982186c865fb148672fc87ce41e8582a9b2062d3e99a9,13357
Test/Mftf/Test/AdminPageBuilderBlockRenderMediaContentTypesTest/BlockRenderBannerPosterMinHeightThroughBlockContentTypeTest.xml,51a8d7e678299e669a15a29ff5a86ef5fefc3b231e3e8fa42703813376ba8bcf,14240
Test/Mftf/Test/AdminPageBuilderBlockRenderMediaContentTypesTest/BlockRenderBannerThroughBlockContentTypeTinyMCEWysiwygDisabledByDefaultTest.xml,d320b8ec429ef034e0b83b3c8b4c2dc2fb954425b55baa926f8514f8ba238341,1543
Test/Mftf/Test/AdminPageBuilderBlockRenderMediaContentTypesTest/BlockRenderBannerThroughBlockContentTypeTinyMCEWysiwygDisabledCompletelyTest.xml,05bc11d7f7e0524ab60296e0e2e06bd832fe71ac757df6125752ff7c1adce231,10086
Test/Mftf/Test/AdminPageBuilderBlockRenderMediaContentTypesTest/BlockRenderBannerThroughBlockContentTypeTinyMCEWysiwygEnabledByDefaultTest.xml,1387cf261bd42b27351b816832af7cd6a76959b9f659071a665362be2ec30cf7,14056
Test/Mftf/Test/AdminPageBuilderBlockRenderMediaContentTypesTest/BlockRenderEmptyImageThroughBlockContentTypeTest.xml,b93b983dd3a50e00c76cf1b523d14788b5ad4d4ac7c7602bdb346728e779b32f,6234
Test/Mftf/Test/AdminPageBuilderBlockRenderMediaContentTypesTest/BlockRenderImageThroughBlockContentTypeTest.xml,e53ba7ef47b5017c64a6f39b41e60f500df3ebf74046efba95aee29c0b560fd0,13609
Test/Mftf/Test/AdminPageBuilderBlockRenderMediaContentTypesTest/BlockRenderMapThroughBlockContentType.xml,dc7228161742dc9e66c4ebf54b0eeb15f096c652cc391ebaa28a9d83129ea20d,9615
Test/Mftf/Test/AdminPageBuilderBlockRenderMediaContentTypesTest/BlockRenderSlideItemCollageCenterAppearanceThroughBlockContentTypeTest.xml,36ba3217d45600c448d1e1e23c78398ad7666858d95a8f2e09a11e37f8b34c1f,4670
Test/Mftf/Test/AdminPageBuilderBlockRenderMediaContentTypesTest/BlockRenderSlideItemCollageCenterAppearanceWithVideoBackgroundThroughBlockContentType.xml,f6c0e8689d87ad33f9415b3251134e10130220ac4b1a0881965f6a09acb04911,1559
Test/Mftf/Test/AdminPageBuilderBlockRenderMediaContentTypesTest/BlockRenderSlideItemCollageLeftAppearanceThroughBlockContentTypeTest.xml,66dbba085bbc5659ad556e86ced21b95b6dfea9b0b4e3e0bf5d8bb4504febb8f,4330
Test/Mftf/Test/AdminPageBuilderBlockRenderMediaContentTypesTest/BlockRenderSlideItemCollageLeftAppearanceWithVideoBackgroundThroughBlockContentType.xml,0acdb3976c1513d1f77d3a29ddcf9c3671b7d4ba121c4c522780d077c0784676,1547
Test/Mftf/Test/AdminPageBuilderBlockRenderMediaContentTypesTest/BlockRenderSlideItemCollageRightAppearanceThroughBlockContentTypeTest.xml,94edfa4354f4587f67ad0f7b0dff76ed180c1b7457973cdfbe718b2d1b5c0832,4644
Test/Mftf/Test/AdminPageBuilderBlockRenderMediaContentTypesTest/BlockRenderSlideItemCollageRightAppearanceWithVideoBackgroundThroughBlockContentType.xml,486add99e2244beeac9413d0156a81592e82edf85fe017b879c5409503531400,1552
Test/Mftf/Test/AdminPageBuilderBlockRenderMediaContentTypesTest/BlockRenderSlideItemPosterAppearanceThroughBlockContentTypeTest.xml,5aed566b3c5b7fa852a5becfb925f7347cbc4300824a77f305f7aa00288b472e,30964
Test/Mftf/Test/AdminPageBuilderBlockRenderMediaContentTypesTest/BlockRenderSlideItemPosterAppearanceWithVideoBackgroundThroughBlockContentType.xml,25c202a560ca8002e42a3b31f3d37ca9425ea4db3842719761690e8e0cb6ec89,13298
Test/Mftf/Test/AdminPageBuilderBlockRenderMediaContentTypesTest/BlockRenderSlideItemThroughBlockContentTypeTinyMCEWysiwygDisabledByDefaultTest.xml,a042acd4af0df21a1c0d6e2a843aa2164f4ababf78f71dc675c08de2e94f376b,1559
Test/Mftf/Test/AdminPageBuilderBlockRenderMediaContentTypesTest/BlockRenderSlideItemThroughBlockContentTypeTinyMCEWysiwygDisabledCompletelyTest.xml,1cb0eaaf64f17bf37d4340e4d631eae1a4fdb57c039e4ce6e3103324b3d3488b,9967
Test/Mftf/Test/AdminPageBuilderBlockRenderMediaContentTypesTest/BlockRenderSlideItemThroughBlockContentTypeTinyMCEWysiwygEnabledByDefaultTest.xml,a1fec85644602bb6930ccbcd6242b0ff0bf9ac745a76f9f137843440b3e47641,14516
Test/Mftf/Test/AdminPageBuilderBlockRenderMediaContentTypesTest/BlockRenderSliderMinHeightWithCollageCenterSlideMinHeightThroughBlockContentTypeTest.xml,3aa49fd25b4486f8b2ac987b077ada116c643c0578dddd5d603e6d98c21835ca,2280
Test/Mftf/Test/AdminPageBuilderBlockRenderMediaContentTypesTest/BlockRenderSliderMinHeightWithCollageLeftSlideMinHeightThroughBlockContentTypeTest.xml,7aa1df6af8d969b31c2f8078430d85d4856ad25d22399944d34f9a683ca456fe,2268
Test/Mftf/Test/AdminPageBuilderBlockRenderMediaContentTypesTest/BlockRenderSliderMinHeightWithCollageRightSlideMinHeightThroughBlockContentTypeTest.xml,759f4dd0eeb9a03459910c9adca12ce147a448962ef9179537fca53c8bc4f15c,2273
Test/Mftf/Test/AdminPageBuilderBlockRenderMediaContentTypesTest/BlockRenderSliderMinHeightWithPosterSlideMinHeightThroughBlockContentTypeTest.xml,5cf06142cd892b33083c5ffcb2901dd521d70217347f646ac7b7efe880a5a6de,28569
Test/Mftf/Test/AdminPageBuilderBlockRenderMediaContentTypesTest/BlockRenderSliderThroughBlockContentTypeTest.xml,7a9affbc13807336b9f314f11ce31e45b2c2bd2ddc7e3b9ca85f36c10445c1a8,18856
Test/Mftf/Test/AdminPageBuilderBlockRenderMediaContentTypesTest/BlockRenderVideoThroughBlockContentTypeTest.xml,06ed2e1ed3c5919930b1bfe875c5b8d69d902eee7318916fb6b7faa3efd8f6f1,6917
Test/Mftf/Test/AdminPageBuilderBlockTest/AddBlockToCmsPageTest.xml,6bc2574b980d7644b7fa6def7b2f91194c0c772ec560885f44c886ae807d4d81,3801
Test/Mftf/Test/AdminPageBuilderBlockTest/BlockCanAddToColumnTest.xml,5c2123dadd0e9b98ec215888f8a90e63cc7af7539d294b5f9797fbd989e32273,4911
Test/Mftf/Test/AdminPageBuilderBlockTest/BlockDeleteTest.xml,fdfebf65c1196fe47fbb07219ae461cc3112f7d4a1fbe531a85b4c021760ba12,3797
Test/Mftf/Test/AdminPageBuilderBlockTest/BlockDuplicateTest.xml,0f569023984cff19c5b56cbf5d5bbfa982ceadbb22bebd45bc3f4dacf054132c,15440
Test/Mftf/Test/AdminPageBuilderBlockTest/BlockGetsUpdatedTest.xml,4643421d414b865b7f70a8c81ed7eb8b7bab034bcb79a997967685cf4e9b1cdd,6254
Test/Mftf/Test/AdminPageBuilderBlockTest/BlockHiddenTest.xml,47dc61be0fceea5b7b8c121b8c5e32b9b9d4332cdf66b06eb9ced524acd532cf,6056
Test/Mftf/Test/AdminPageBuilderBlockTest/BlockMoveTest.xml,4f6df6d74c3c3a6183993401b31dd2c0efb9000769094d7c49eda1001d11a864,7879
Test/Mftf/Test/AdminPageBuilderBlockTest/BlockUpdateAdvancedConfigurationValuesTest.xml,5edb00e0564d99c46ee29f05184d0550d4ea5d8a2301eec743b2c69049b8b06a,12064
Test/Mftf/Test/AdminPageBuilderBlockTest/BlockValidateAdvancedConfigurationDefaultValuesTest.xml,f223ba4012c16f9b796e42af15bcbcafd40936a6ef0ae18b2b74932bf3619909,8869
Test/Mftf/Test/AdminPageBuilderBlockTest/BlockValidateEmptyStateTest.xml,059c4e704742357c227a3f81f6feb9b1f572d068dc7fa4745fadf498cb3a6e60,3233
Test/Mftf/Test/AdminPageBuilderBlockTest/DisplayingDeletedBlockOnStageTest.xml,84a542e61885a1534f8f5e7184447b2087699d29dc4e2b75020c94643da255a0,3839
Test/Mftf/Test/AdminPageBuilderBlockTest/ValidateShowHideOnBlockDefaultStateTest.xml,c6d858c1726cf2d54d757abca937f4349456093e0c256fd0736497398cfefff0,4264
Test/Mftf/Test/AdminPageBuilderBlockTest/ValidateShowHideOnBlockTest.xml,cf3dbcc8fb165fb533135e381f9c45b0f8158834a3e0a630ab0d20a00d2128b3,6147
Test/Mftf/Test/AdminPageBuilderBlockTest/VerifyBlockDisabledTest.xml,a8fb2bbca0d5f98c245470b24560c3b9763479a16c2ac830b0aa5f9187a85f39,4926
Test/Mftf/Test/AdminPageBuilderButtonGroupAppearanceTest/ButtonGroupCreateNewLargestButtonWithSameSizeEnabledTest.xml,8f110f859c26ebff4b2d026a6429f73eb36bf4412dac3c6ef08cda38e5d36271,8891
Test/Mftf/Test/AdminPageBuilderButtonGroupAppearanceTest/ButtonGroupCreateNewSmallerButtonWithSameSizeEnabledTest.xml,2976eae51d4acad846bad908316c787942fb292be0c98a647134be5c6bf15c93,3016
Test/Mftf/Test/AdminPageBuilderButtonGroupAppearanceTest/ButtonGroupInlineAppearanceDisableSameSizeTest.xml,e385018a479bcb3814491b8d9af708dd0cf4dacd9364aa5df9701123834bfe48,7317
Test/Mftf/Test/AdminPageBuilderButtonGroupAppearanceTest/ButtonGroupInlineAppearanceEnableSameSizeTest.xml,ce96b4148c11b9d7cec22164e3a8f386455b47ad600b7f9dbcd4abcf896b2dc4,6840
Test/Mftf/Test/AdminPageBuilderButtonGroupAppearanceTest/ButtonGroupSameSizeAffectedByPaddingAndBorderWidthTest.xml,03eeab680648942d2117048bf632bd210d2d98b37935805977e292944accfcc4,14164
Test/Mftf/Test/AdminPageBuilderButtonGroupAppearanceTest/ButtonGroupSameSizeAffectsEmptyButtonsTest.xml,b5a471a54b31745bb21704f7b4798d37f2e0e94cb464bc24b18ddfd3eb8d328d,4666
Test/Mftf/Test/AdminPageBuilderButtonGroupAppearanceTest/ButtonGroupStackedAppearanceDisableSameSizeTest.xml,2affeadbb95e7e4e2456e75016c1e2aeae92ff8e2ae49e89a0b1b9db32cb4620,2004
Test/Mftf/Test/AdminPageBuilderButtonGroupAppearanceTest/ButtonGroupStackedAppearanceEnableSameSizeTest.xml,6dcdb43b43224e0297444d3a08afcec2650f2de7c09abcf6aafa78b2ef20461e,1248
Test/Mftf/Test/AdminPageBuilderButtonGroupAppearanceTest/ButtonGroupUpdateButtonTextWithSameSizeEnabledTest.xml,2092b550443fd190af58b56bdee578c34e4134824aae0b2d04542c4019af152b,16384
Test/Mftf/Test/AdminPageBuilderButtonGroupAppearanceTest/ButtonGroupValidateAppearanceDefaultValuesTest.xml,ac25844bc88c6ebac69b85d85923dd46521e061af9125cf6f2aeebc9d278f5b8,7277
Test/Mftf/Test/AdminPageBuilderButtonGroupAppearanceTest/ButtonGroupValidateInlineAppearanceAddButtonTest.xml,66341d035129750591c947cad0ea38879410eca8cc15a77de40d033a3199e86b,4957
Test/Mftf/Test/AdminPageBuilderButtonGroupAppearanceTest/ButtonGroupValidateInlineAppearanceLongNameWrapTest.xml,cbe3985b5fc42115e13e53695221b67087cdfeb06ab6540e4eb521db97f52d6b,6055
Test/Mftf/Test/AdminPageBuilderButtonGroupAppearanceTest/ButtonGroupValidateInlineAppearanceTest.xml,81ab9309d34925e2cf5c0aa80620974d17c2d3eae7cdac6296deea4386b8ac3f,10192
Test/Mftf/Test/AdminPageBuilderButtonGroupAppearanceTest/ButtonGroupValidateSameSizeForLinkButtonsInColumnResizingTest.xml,3464b8577b0220e8fb69dd9bca2c18598469a4a13429d3829f701ae4d4b0cc30,1412
Test/Mftf/Test/AdminPageBuilderButtonGroupAppearanceTest/ButtonGroupValidateSameSizeForPrimaryButtonsInColumnResizingTest.xml,67c23d90e0219af9ac1abe0bf09c6fc4a321ef2990c285b921383d2930ba01b5,18806
Test/Mftf/Test/AdminPageBuilderButtonGroupAppearanceTest/ButtonGroupValidateSameSizeForSecondaryButtonsInColumnResizingTest.xml,327bac20d296c34a586d1fe602624cb53d082a241e42ea5364d5077e1e7b8c53,1427
Test/Mftf/Test/AdminPageBuilderButtonGroupAppearanceTest/ButtonGroupValidateSameSizeWhenSwitchingActiveTabTest.xml,bd7b41c98fa2d54bcf1655cd65b6e74b0f32998cd9c0d75c0416a64fb9d0ecda,8546
Test/Mftf/Test/AdminPageBuilderButtonGroupAppearanceTest/ButtonGroupValidateSameSizeWithinTabTest.xml,33422020053546487f166866a11011325aa4e61d54e3faaba4f38e30d38d2941,7872
Test/Mftf/Test/AdminPageBuilderButtonGroupAppearanceTest/ButtonGroupValidateSameSizeWorksWhenSwitchingAppearancesTest.xml,97628d28611f4354bcd332ce7a970d900f8e8113f53ad7e5e308b9d3d8796db1,8079
Test/Mftf/Test/AdminPageBuilderButtonGroupAppearanceTest/ButtonGroupValidateStackedAppearanceAddButtonTest.xml,0fc0a904d8b0e106857cd9ce23f54ecca308bf4451532b795ffae391e47c8266,4967
Test/Mftf/Test/AdminPageBuilderButtonGroupAppearanceTest/ButtonGroupValidateStackedAppearanceTest.xml,17cbc9d9db5b49279a744567f63dac3757f7989a9008c0b8a85e92aeaea28b47,5298
Test/Mftf/Test/AdminPageBuilderButtonGroupAppearanceTest/ButtonGroupValidateSwitchingAppearancesTest.xml,767074cc151f752ffad4185ebbd457e50f305e5a11ebef4498184eafb8e42abd,9589
Test/Mftf/Test/AdminPageBuilderButtonGroupTest/ButtonGroupDeleteTest.xml,8213c327ba29f29098aab585f4a3f98fcdfc53293c0c049c4673d29a035bcccb,3935
Test/Mftf/Test/AdminPageBuilderButtonGroupTest/ButtonGroupDuplicateTest.xml,3a029b8f9bd0dc24191c9b209edc75d7050172169a0ae8bb32155fd881b11dfc,19995
Test/Mftf/Test/AdminPageBuilderButtonGroupTest/ButtonGroupNoMoreOldAddButtonButtonTest.xml,26b28f2e0ae480e2efd223d4278533b5aca289efb536cba1ef148b721d428ecc,2877
Test/Mftf/Test/AdminPageBuilderButtonGroupTest/ButtonGroupOnDifferentLineWhenInFullWidthRowTest.xml,e2cda0128e368ac6911c006c67f7bc4bc21c6b83f632cabebdab45ddba37a649,5469
Test/Mftf/Test/AdminPageBuilderButtonGroupTest/ButtonGroupRequiredAttributesTest.xml,1f85817ccc76c6fdc23d1d5ff1f3ebf101b1c3b9253a0bba33326cfe7a08d56e,3102
Test/Mftf/Test/AdminPageBuilderButtonGroupTest/ButtonGroupUpdateAdvancedConfigurationValuesTest.xml,ba9a06bda687a11f45e0085410ea50f64c673c3aa25f470508dadddee94c4eb0,10299
Test/Mftf/Test/AdminPageBuilderButtonGroupTest/ButtonGroupUpdateAllAttributesTest.xml,ba3f484973ffcd4c43ac33ea90e4a82a0dacbefd49c6cf70aac4f626fc6aae92,13239
Test/Mftf/Test/AdminPageBuilderButtonGroupTest/ButtonGroupValidateAdvancedConfigurationDefaultValuesTest.xml,e515417c283e58166e0bc1f0cc6d44caea67347c7377561b60bbd5dbd7fdbe65,6522
Test/Mftf/Test/AdminPageBuilderButtonGroupTest/ButtonsCanAddToColumnTest.xml,95cec391dafd240909c8dc9038abf54277c864a31fdb2c78c0f806fce7c5d964,5021
Test/Mftf/Test/AdminPageBuilderButtonGroupTest/ButtonsCannotAddToStageTest.xml,587d1d49d73aa0f6351ce8e6e764eec0c9b4598c877a6ca3934789487fb7ea74,2303
Test/Mftf/Test/AdminPageBuilderButtonGroupTest/ValidateShowHideOnButtonsDefaultStateTest.xml,5372cf548d72bfeb0f37f566a5c492a6236c33ac444dbf21f1b9cb596c7f1085,4047
Test/Mftf/Test/AdminPageBuilderButtonGroupTest/ValidateShowHideOnButtonsOnStackedAppearanceTest.xml,b99791f3a60febe3116f5d7d37deeeafdd6e45676680b33888c6085f11465c3e,2420
Test/Mftf/Test/AdminPageBuilderButtonGroupTest/ValidateShowHideOnButtonsTest.xml,16da9e3e0e5ed0ac9de716e41d124d19fd67445ae388e3ac9039bab6ec69804d,7720
Test/Mftf/Test/AdminPageBuilderButtonItemGeneralAttributeTest/ButtonItemCommonCharactersButtonTextTest.xml,576c3cdf6c3ec18c19dce7c2581fb8906efc20a33867cb771d299f0eeb68e60f,5217
Test/Mftf/Test/AdminPageBuilderButtonItemGeneralAttributeTest/ButtonItemEmptyButtonTextTest.xml,b0cf1c18afb8c2d80e2a41f6abe4756ec8cc17d884ebf530f90ea775ea9d893f,5723
Test/Mftf/Test/AdminPageBuilderButtonItemGeneralAttributeTest/ButtonItemLinkButtonTypeTest.xml,92bb58bca8bd0b1c0079c009f324b2a8865a41dbd890e40eb0cccc6b1be40f82,5525
Test/Mftf/Test/AdminPageBuilderButtonItemGeneralAttributeTest/ButtonItemLongButtonTextTest.xml,73eb886dd947b5492cf3340eec89b2e19b80ebecddaaac6be9ab93bc8500872b,7349
Test/Mftf/Test/AdminPageBuilderButtonItemGeneralAttributeTest/ButtonItemOneCharacterButtonTextTest.xml,de7a9b9dba39cb706731eb8d8339067cd26d63fac48eb598facf2338d3617564,5185
Test/Mftf/Test/AdminPageBuilderButtonItemGeneralAttributeTest/ButtonItemPrimaryButtonTypeTest.xml,04ce6381d0121447bb7cc812168e17c728c80796b9434abd73a6bb99af21c824,5549
Test/Mftf/Test/AdminPageBuilderButtonItemGeneralAttributeTest/ButtonItemSecondaryButtonTypeTest.xml,67933f1ac01a6c4426d7c21fa27ff5973af0ffa789a2ff939be9f77031ac7417,5565
Test/Mftf/Test/AdminPageBuilderButtonItemGeneralAttributeTest/ButtonItemSpecialCharactersButtonTextTest.xml,6b17b3770c2f905f3282f75f5f52376c2afab04a7ec8bbeb6936604dcdb1c524,5308
Test/Mftf/Test/AdminPageBuilderButtonItemMovingTest/ButtonItemCanDeleteButtonAfterMovingButtonTest.xml,d3d80e272f1896b189ac2bf472f741c53ef8c2ad33d85428db3fdfd138a2c1b8,8830
Test/Mftf/Test/AdminPageBuilderButtonItemMovingTest/ButtonItemCannotMoveButtonOutsideButtonGroupTest.xml,3e1096f39aaab5dbc89fcb2b17c53ec1e72e0e39e97a89ab93cd1def0182e26f,8067
Test/Mftf/Test/AdminPageBuilderButtonItemMovingTest/ButtonItemCannotMoveButtonToAnotherButtonGroupTest.xml,22551cced70d58a63d9ff7bb1763c43a5925efea73049e4c5e759af8223caf98,7379
Test/Mftf/Test/AdminPageBuilderButtonItemMovingTest/ButtonItemMoveButtonBeforeButtonWithLongTextTest.xml,a4f87fc5d4449ae63ffd0b5d8434bc7a21bbf46236f06feff68d039007a72596,6597
Test/Mftf/Test/AdminPageBuilderButtonItemMovingTest/ButtonItemMoveButtonInlineAppearanceTest.xml,a80eca4988c88d11c3d6787d4b88b03b8a17cd9c1fb87931a8becf1514721809,7671
Test/Mftf/Test/AdminPageBuilderButtonItemMovingTest/ButtonItemMoveButtonStackedAppearanceTest.xml,285fa7a002c8de2b18bc96c41c2755697765ee943da654e1d6226ab880e9763c,8462
Test/Mftf/Test/AdminPageBuilderButtonItemMovingTest/ButtonItemMoveButtonWhenInlineButtonsAreWrappingTest.xml,9e6d18891811e0ed8703df93eed7214c5b1b8059ccad4574258bc7dcc3cd1009,10046
Test/Mftf/Test/AdminPageBuilderButtonItemTest/AddButtonsContentTypeToCMSPageTest.xml,4b55a654738666f70f42e0960316022ba8bed6b70881e16d28428044c39b7497,10190
Test/Mftf/Test/AdminPageBuilderButtonItemTest/ButtonItemCanBeEditedInlineTest.xml,2610974f7dc308b86ab4fcb0eae93fd3e44897dc57dd08445804b59193f188be,5248
Test/Mftf/Test/AdminPageBuilderButtonItemTest/ButtonItemCanSaveButtonTextWithoutFocusingOutsideOfLiveEditTest.xml,536e84991d129065ae9af2d2d35e08330b9620a70c19e636b0abe7beb4de052b,3977
Test/Mftf/Test/AdminPageBuilderButtonItemTest/ButtonItemCannotDeleteLastButtonTest.xml,b3a6b5e38af4c61ff9731b7faea95c19a3cd360183e699b807d236ef17fab483,4565
Test/Mftf/Test/AdminPageBuilderButtonItemTest/ButtonItemDeleteNoConfigurationTest.xml,e5230865c0aec88ff968093adc6ced2fa60626924f8f9a3b09b8124f605c53a6,5806
Test/Mftf/Test/AdminPageBuilderButtonItemTest/ButtonItemDuplicateTest.xml,af53ed848f6d9e96172cca880f961d298c9b030b991e19ea7c70569929a3854e,16263
Test/Mftf/Test/AdminPageBuilderButtonItemTest/ButtonItemEditNonBreakingSpaceStageTest.xml,fcdf105555df96a6af522e40589da4eb315f5550f64b19378478d233c1432f73,4247
Test/Mftf/Test/AdminPageBuilderButtonItemTest/ButtonItemEmptyLinkURLDoesNothingOnStorefrontTest.xml,2c70d436dccf313d2d2c5177d4843f911f28db387b6c584eac12183035d98a9f,4290
Test/Mftf/Test/AdminPageBuilderButtonItemTest/ButtonItemHoverOverButtonItemShowsButtonGroupMenuTest.xml,fe9fae1c07946245446ad9b359f7aedf7f427e1ccb51e4e15718ff1b2898a79f,3809
Test/Mftf/Test/AdminPageBuilderButtonItemTest/ButtonItemHtmlValueInButtonsTest.xml,08d4a9d659f6c3b4986028b574096f9329fcc1e574ea48261f302fc96de61779,4584
Test/Mftf/Test/AdminPageBuilderButtonItemTest/ButtonItemMoveHandleDisabledWhenOnlyOneButtonTest.xml,1f003d88c545875c55d176108f549ae9fff764a1d29fdcf6de7cfdd4369f3cb0,4074
Test/Mftf/Test/AdminPageBuilderButtonItemTest/ButtonItemNoRequiredFieldsTest.xml,872990d031c5e4c6dc9e9d8ed8b1be021d1f27b76ef3c2ad5c56efce77a69c62,3671
Test/Mftf/Test/AdminPageBuilderButtonItemTest/ButtonItemUpdateAdvancedConfigurationValuesTest.xml,3cb5be02b528b3f542ecbb15ae2ff1362537b2e6395434fd4f68c71e1da026c9,12144
Test/Mftf/Test/AdminPageBuilderButtonItemTest/ButtonItemValidateAdvancedConfigurationDefaultValuesTest.xml,db38594c968256e3af50d66bbbef4f7b5759948696d124b0aa92188e989b45b4,15814
Test/Mftf/Test/AdminPageBuilderButtonItemTest/ButtonItemValidateGeneralSectionFieldsTest.xml,2517802daf40c26ef3b268102c2244447f96c12f3c06cac298ea50b835dc645c,7537
Test/Mftf/Test/AdminPageBuilderButtonItemTest/EmptyButtonItemTest.xml,9d433af0e4840507ecb1679bdbca6ef57bfed00375e669f3bbf2ab6f589a648a,3282
Test/Mftf/Test/AdminPageBuilderButtonItemTest/ValidateButtonItemNotHideableTest.xml,6e5c7061b03f1d07e17d9b66766b4c29933188de3ee389c057c4939d644cb1bb,2560
Test/Mftf/Test/AdminPageBuilderColumnBackgroundAttributeTest/ColumnValidateBackgroundFormTest.xml,266ca4bc48ec71e56d02efc17609a70f6a89514e3119699581bd7891935416ad,11475
Test/Mftf/Test/AdminPageBuilderColumnBackgroundAttributeTest/ColumnValidateBackgroundSectionDefaultValuesTest.xml,6525f151543c5be779e48906a6e67eae805dd26b0d5cbdb606f34b8dc9a589e5,9203
Test/Mftf/Test/AdminPageBuilderColumnContentTest/ColumnDragColumnWithContentBetweenColumnGroupsTest.xml,61705e328e8c8f343484ae443a33f962c94a93fda7f863773cefdf9b5d621132,6283
Test/Mftf/Test/AdminPageBuilderColumnContentTest/ColumnsMoveContentBetweenColumnsTest.xml,05cede2dd23d87496c0480f015163976912004aa30c2252e0434d141947d6865,7248
Test/Mftf/Test/AdminPageBuilderColumnContentTest/MoveContentIntoEmptyTallColumnGroupTest.xml,89cd350289e7b18ebe5965c943cae5bc86f9a0b29f59e09e56f2cde970bfe981,5749
Test/Mftf/Test/AdminPageBuilderColumnContentTest/TabsAddToColumnAndHeightAdjustsTest.xml,03b33b03f94539185578932c85029bcda206adfa9d679f12a75a8c630ccbb6fa,3923
Test/Mftf/Test/AdminPageBuilderColumnContentTest/TabsAddToColumnWithSetLargeMinimumHeightAndHeightDoesNotAdjustTest.xml,020da05a69cd59b495d32d3ddbb0970f7da28d8a838d5686c780ff5413f5aa8a,5853
Test/Mftf/Test/AdminPageBuilderColumnContentTest/TabsAddToColumnWithSetSmallMinimumHeightAndHeightAdjustsTest.xml,75e7ef56ce52d86e73922758b143e8011b836fa4300fe37779c8a26328605780,6455
Test/Mftf/Test/AdminPageBuilderColumnGridTest/CanAddColumnToSmallGridSizeTest.xml,18e85ed55c2cde0ba163da5307bdef2f348bb6ca599a8e85510e09aee2e51d8f,2885
Test/Mftf/Test/AdminPageBuilderColumnGridTest/CannotAddColumnToFullSmallGridSizeTest.xml,a702ff6dc3372c0b92c1e2c5a2c16d53da56f6903360ed7c786e7892b5689df4,3439
Test/Mftf/Test/AdminPageBuilderColumnGridTest/ColumnValidateColumnGridTooltipMessageTest.xml,ec16309695e2e829536d9b9275f7cb1aac6e6a167cff3474df3e6de0b434da35,2766
Test/Mftf/Test/AdminPageBuilderColumnGridTest/ColumnValidateOddDefaultGridSizeIsSplitCorrectlyTest.xml,539402ad9066ff318ab3f0fbb27c37d3eaf92438002fa6dfeac1c13a43589230,2380
Test/Mftf/Test/AdminPageBuilderColumnGridTest/MoveColumnBetweenGroupsOfDifferentGridSizeTest.xml,3837b460004dc839ee9810d2c5b26ab4dc381114078886c865dd37dca69e5f20,3417
Test/Mftf/Test/AdminPageBuilderColumnGridTest/SetDefaultGridSize14Test.xml,238e051101d0f3618cf8a4fa92b9ed2a58ce3e258e54bb9de93610aa100a10ad,3442
Test/Mftf/Test/AdminPageBuilderColumnGridTest/SetDefaultGridSize7Test.xml,d98e9327d648e596df24b438eb481eb7473babcd384b6c03f3e7f87b991a9d0f,3810
Test/Mftf/Test/AdminPageBuilderColumnGridTest/ValidateColumnsMaintainRatioWithoutHistoryTest.xml,1ba8bb5481f778f2d384ae32bf5567b82e8967c473f11013c71f84478e37b95b,4703
Test/Mftf/Test/AdminPageBuilderColumnGridTest/ValidateDifferentGridSizePerGroupTest.xml,8ccfbca6dce4cce4ae9db9307e24d4e990fce7074d1781703038bef0218b1d05,3612
Test/Mftf/Test/AdminPageBuilderColumnGridTest/ValidateEmptyColumnsDeletedOnSmallerGridSizeTest.xml,e66707eea9f1079fe084c81470117570992c08625058e6c4e90e2d25132e9dad,3367
Test/Mftf/Test/AdminPageBuilderColumnGridTest/ValidateGridDefaultSizeOnStageTest.xml,7ad2631d57527355bf29970745fd3bee42ddb9cafe179f6b8111458515d79ea1,3313
Test/Mftf/Test/AdminPageBuilderColumnGridTest/ValidateGridSizeSmallerThanColumnsErrorTest.xml,a85e937de0293b933c6a0ecf734ba5fab25f2cfa6bfef6205225037dd1fb3d39,4671
Test/Mftf/Test/AdminPageBuilderColumnGridTest/ValidateInvalidGridSizeErrorTest.xml,27e521c1ccb443fa45dc673bbb794daae6a6c021986744ddcad7c6e2d818fb16,3297
Test/Mftf/Test/AdminPageBuilderColumnGridTest/ValidateMaxColumnErrorTest.xml,d246cb3e64b14ccc6562129919704d546ac3ba80a0d95865365835d962aef3d2,2190
Test/Mftf/Test/AdminPageBuilderColumnGridTest/ValidateResizeHistoryTest.xml,e14404f1716a85b217992942339257952803bb5caee7f09cdb3deda029e1bf21,5497
Test/Mftf/Test/AdminPageBuilderColumnGridTest/ValidateResizeOnUnevenGridTest.xml,bb7c7c85d944cf06b4cbc7f1d6af3bf03729df35d5da1743d9962416a7cd6e2c,4244
Test/Mftf/Test/AdminPageBuilderColumnGridTest/ValidateUnfocusUpdatesGridTest.xml,2915753631644d56025eedea6ebb265be97256c39a7b0f643edce0f656c6654c,2704
Test/Mftf/Test/AdminPageBuilderColumnGroupTest/ColumnGroupDuplicateAndHideTest.xml,23ae9985e4073e6db54380aec55960d7db52f051094ee17289dda6502f4adfcf,21722
Test/Mftf/Test/AdminPageBuilderColumnGroupTest/ColumnGroupEditSettingsAndVerifyTest.xml,40620f2de91d2fc27b38718c51921d7e5cb3128eb0983cb67b6751faf506410c,11159
Test/Mftf/Test/AdminPageBuilderColumnGroupTest/ColumnGroupSettingsFrontendTest.xml,c74ec1c9a099d1458d9076507a0a649ab985a6c9b64481b97bf5054fb208fd61,11170
Test/Mftf/Test/AdminPageBuilderColumnGroupTest/ColumnGroupSettingsTest.xml,f063014bb80f35a786a60e7ec510618ba591d8a471d34eccad1685bb3acbfe8f,27040
Test/Mftf/Test/AdminPageBuilderColumnLineTest/ColumnLineMoveColumnTest.xml,308b9299dcfee7cea4fc93aef160b2b13a46519698d92ae307bdc30c4b40e0e2,6660
Test/Mftf/Test/AdminPageBuilderColumnResizingTest/ColumnResize1to0Test.xml,bb5709cc20b7b4ef793b2bf33d712dccff17532fe22555565075191eddaf8784,6752
Test/Mftf/Test/AdminPageBuilderColumnResizingTest/ColumnResize1to1Test.xml,826fc6c4c6dc6691259591477eeae23f5710a48854a52293fd66f5b7cdeec8f0,6183
Test/Mftf/Test/AdminPageBuilderColumnResizingTest/ColumnResize1to1to1Test.xml,546a3c1cbe38f7f766de8af061b4a48bd454f89514b3f01291eb3bd1f166ebf1,9659
Test/Mftf/Test/AdminPageBuilderColumnResizingTest/ColumnResize2to1Test.xml,b2f5a2534f4847ed70b805d384c33b4c0af61d2c9bb32c67bcd0733824625126,7135
Test/Mftf/Test/AdminPageBuilderColumnResizingTest/ColumnResize3to1to1to1Test.xml,f84f4b8d8480a17872c2a1a073f9e1773ba4511cb94b78097c8860a046a3fb04,11200
Test/Mftf/Test/AdminPageBuilderColumnResizingTest/ColumnResize3to2to1Test.xml,981fe64a7ee0843b79c49ed7aad4bcb62dd522ee41f16a6f3d0c39fe50ed17b8,8966
Test/Mftf/Test/AdminPageBuilderColumnResizingTest/ColumnResize4to1to1Test.xml,3f6918958bcfd61b6ccd0522c38c3694f632efa321fb4e3484b37246ffeb4118,9205
Test/Mftf/Test/AdminPageBuilderColumnResizingTest/ColumnResize5to1Test.xml,2ee0d086f10f9e07b662796ae61dcd924ea5439357851f3c6f862951bfbdebcc,7148
Test/Mftf/Test/AdminPageBuilderColumnResizingTest/ColumnResizeLeftColumnFromSecondColumnHandleTest.xml,623222bac6fd1a1ea71a872d3277c6f843d62bb22397298d0e0f0e7d66c54e68,6624
Test/Mftf/Test/AdminPageBuilderColumnTest/ColumnAddToRowAndHeightAdjustsTest.xml,3a18555d17521d8dd65a476167527a08fb983095ea97a86a8ca5225e83dcd6d9,4024
Test/Mftf/Test/AdminPageBuilderColumnTest/ColumnAppearanceSettingsShowOnFrontendTest.xml,3cf80f035ce3ec6eb6c9f3931b5db690f1aa2c03edd4b12ecd6372c30522daf5,7178
Test/Mftf/Test/AdminPageBuilderColumnTest/ColumnBackgroundColorPreservedTest.xml,f0c4b2604f4aaf579772c04ab12fd19acd88ec5862c10a8eea04a6c3832316de,14818
Test/Mftf/Test/AdminPageBuilderColumnTest/ColumnCanInteractEditPanelTest.xml,7fb26293e9398de220b298f5e9d031dbca58b28f4ce23c6694a852d7ac935fcd,2792
Test/Mftf/Test/AdminPageBuilderColumnTest/ColumnCannotAddInsideColumnTest.xml,a0ba7ecdb2ebcf236ef9078a2e6a2bd49a803b3dd7c80ea7a9fa691fb0f9ead8,3236
Test/Mftf/Test/AdminPageBuilderColumnTest/ColumnChangesPreservedTest.xml,2bdff54b135241761df734190a45130797206d536d9d87d11409274f0fab5a7f,6927
Test/Mftf/Test/AdminPageBuilderColumnTest/ColumnConfigurationHasVerticalAlignmentTest.xml,dcf3ce8b030ebe2c680d2e00a2f21f2a1e9a16eb032bf510b2a1ae65fab4b75d,3130
Test/Mftf/Test/AdminPageBuilderColumnTest/ColumnContentIsVerticallyAlignedTest.xml,7da99f99d00874130cb154bec5d29286374da0a3f2d95e888de155f76a8be976,10832
Test/Mftf/Test/AdminPageBuilderColumnTest/ColumnContentIsVerticallyAlignedWithAppearanceAndDifferentMinimumHeightsTest.xml,625664ec4bb23c42248e279ca698e962b8fad3c75aecc2f46c259829fec81660,12038
Test/Mftf/Test/AdminPageBuilderColumnTest/ColumnDuplicateTest.xml,44d84c3bfd2f602fa57a77ac2d8c71fa81ef9265a3028073b8547fe9d8799e53,6850
Test/Mftf/Test/AdminPageBuilderColumnTest/ColumnFullHeightShowsOnFrontendTest.xml,6b6de8ceec3895225d634eb3b145b6fd087e3cf8fd912212f756f4c557297f56,5727
Test/Mftf/Test/AdminPageBuilderColumnTest/ColumnLabelsUpdateTest.xml,7cbbb035835a7395cdbe4ff36dab603def3c41b9921c40f53f283cb6eac5dc1e,3064
Test/Mftf/Test/AdminPageBuilderColumnTest/ColumnNoRequiredTest.xml,74dd4e667ef6aa14ba0c7a3237945d1adbfa6ba57a141dad4c6d5bfb2ac402dd,5538
Test/Mftf/Test/AdminPageBuilderColumnTest/ColumnPlaceholderInAdminPreviewTest.xml,859a95643058a3470a77ea16e2eac14de2bb5f59941aafb3cba3356c6548799c,2247
Test/Mftf/Test/AdminPageBuilderColumnTest/ColumnSettingsAppearInAdminTest.xml,51c12402a5da5c182597cf6dc4d6446df6e803a5e15f9622c8fa6fb32015a61d,7705
Test/Mftf/Test/AdminPageBuilderColumnTest/ColumnValidateDefaultAndUpdateAdvancedConfigurationDefaultValuesTest.xml,65bb0892a0a0e686eed0dacae73874cf2427c991ba428c1abd7c7aabcbef2b72,20991
Test/Mftf/Test/AdminPageBuilderColumnTest/ColumnWithBordersAndPaddingEqualToMinHeightTest.xml,a48b1312462ad9f359a470ca367ecc92616affcbe8861fa0527e5675783bf4b5,2726
Test/Mftf/Test/AdminPageBuilderColumnTest/ColumnWithBordersPaddingAndLargeContentsGreaterThanMinHeightTest.xml,d22d97d6f848ad39fa8cdc61975ca020b9acde36b63296eec9afcc407c3ef668,3540
Test/Mftf/Test/AdminPageBuilderColumnTest/DragMultipleColumnsIntoRowTest.xml,0374c78933e361bd5876cf30c1c47c30427ffaf27ca46395b30fe1b21acc02b5,2938
Test/Mftf/Test/AdminPageBuilderColumnTest/DuplicatingColumnWillDivideSourceColumnTest.xml,bb27eb8b91edc7570b23c89347bb47d4c9f48e17dd854d846a88708e3ccaf624,7276
Test/Mftf/Test/AdminPageBuilderColumnTest/PreviewBackgroundImageTest.xml,1d9107ac2ea7110ae063747dd4a063624d8fdf69674bb3b400dbaf8b93ee9dc0,3256
Test/Mftf/Test/AdminPageBuilderColumnTest/RemoveColumnFromStageAndRowShrinksTest.xml,bae4a6791a62879c80c48cc135bfe359db7958458de65404685bd2452763d6ce,3485
Test/Mftf/Test/AdminPageBuilderColumnTest/RemovingColumnDistributesWidthTest.xml,77e4dd115c71dd96ea962b8d5af323951947130c3164e140761f342d4e8ea13a,3576
Test/Mftf/Test/AdminPageBuilderColumnTest/ValidateColumnChildHideShowTest.xml,291c70d763fcf4b6536d520913923ae202596c45ee0f4cb36931be2dbd038198,6801
Test/Mftf/Test/AdminPageBuilderColumnTest/ValidateColumnNotHideableTest.xml,0c47675bb01284207cf62528c337bb582f0a2f10653099c0ed736e4ec10a612e,2328
Test/Mftf/Test/AdminPageBuilderColumnTest/ValidateShowHideOnColumnChildDefaultStateTest.xml,697b14299c98c563d8acdd95540ca59315d82b5f1181500ee934bfdaad47c3f9,4981
Test/Mftf/Test/AdminPageBuilderCommonTest/AdminPageBuilderCategoryButtonLinkTest.xml,b9cbd3170a619b7f6ab7c400de128f9ca6b881e593e5a91bf26a61da8549e70a,8963
Test/Mftf/Test/AdminPageBuilderCommonTest/AdminPageBuilderPageButtonLinkTest.xml,acf2c2def8ca1dee00441f1ec82b4283fb82c873a1f48592dd0e46f8867e254a,9103
Test/Mftf/Test/AdminPageBuilderCommonTest/AdminPageBuilderProductButtonLinkTest.xml,3d7f91d65b92f90d242262982118eac190848a969f47a7483cca40d30fc09490,8818
Test/Mftf/Test/AdminPageBuilderCommonTest/AdminPageBuilderURLInputLinkTest.xml,3f850c3cd9d3afb7c25331eeb9f3714226f8cdb008716d9c62ad31016d178580,6556
Test/Mftf/Test/AdminPageBuilderCommonTest/CancelOnRemovalConfirmationModalTest.xml,939b3af098fcc0253d6cb43d2c7c263d4a7b844465a4cb86d99ac7a7c6e27066,4439
Test/Mftf/Test/AdminPageBuilderCommonTest/ConfirmationOnConfiguredContentTypeRemovalTest.xml,d97f31c92ac222858a8ebb7c1b51e4377c137cd4d2905cca3a47a544d53f1bd9,3984
Test/Mftf/Test/AdminPageBuilderCommonTest/ConfirmationOnContainerWithChildrenRemovalTest.xml,7a65739ff49078fcafd24f6a3948a0963a00a85b0eb998d8fb636d5eed270baf,3751
Test/Mftf/Test/AdminPageBuilderCommonTest/DefaultSystemBordersAppearInAdminTest.xml,9fa250114cda716d09bbb575f8a721b87d3c3830f2f2abe8e04d7a4d75ed77f3,28587
Test/Mftf/Test/AdminPageBuilderCommonTest/DismissRemovalConfirmationModalTest.xml,ebedfa4f96036e2525ae7a85feadb601cc8395240f9a5ffa331e308ef021f1e8,4872
Test/Mftf/Test/AdminPageBuilderCommonTest/DismissedConfirmationPersistsSessionTest.xml,11670d3b779f3795d9e1bb1f3690ef41c3919c6011b4e89899b2aaaa077bd213,5500
Test/Mftf/Test/AdminPageBuilderCommonTest/EditFormModalNoResetButtonTest.xml,b2b5ecbc24eaa6736063d3d3af2efd023ca80275fca8fc036f163be6a991e2f3,1966
Test/Mftf/Test/AdminPageBuilderCommonTest/EditPanelColorPickerUpdatesFromFieldInputTest.xml,0ce3bbb1b25627122ad1141778a89fa0edd038312900342e410c1add5e950813,7874
Test/Mftf/Test/AdminPageBuilderCommonTest/EditPanelColorPickerWindowFunctionalityTest.xml,9b01bd30446665b67952cf01c81072c633760fe4a92a2e0b5634e1cc41baf351,9881
Test/Mftf/Test/AdminPageBuilderCommonTest/LoginCycleResetsRemoveConfirmationDismissalTest.xml,44ea0c229b0c315bc435be973f59c980634336cf7d4459013f2f4dcc08bc7f54,8615
Test/Mftf/Test/AdminPageBuilderCommonTest/NoConfirmationOnDefaultStateContentTypeRemovalTest.xml,586b83cbc2f5195c4f67e01359ea32e1cef792ccc60efac2a90564c0f457db8a,3500
Test/Mftf/Test/AdminPageBuilderCommonTest/NoRemovalConfirmationModalAfterConfiguringContentToDefaultStateTest.xml,c748e16331790a7230b440ac801dd441da382370a68a83005643ca86420eb615,5881
Test/Mftf/Test/AdminPageBuilderCommonTest/XOnRemovalConfirmationModalTest.xml,04fdfe3739b30ce7f744543a16fdabdf2514b1f5bc542dc396e2df67be509e5b,4378
Test/Mftf/Test/AdminPageBuilderContainerTest/PageBuilderVerifyContainerAffordanceTest.xml,838a0714983af8db1894f8ea8e0f5d597b5e304eaf4cb8b490d2ffad1157fd97,17041
Test/Mftf/Test/AdminPageBuilderDividerGeneralAttributesTest/DividerEmptyLineColorTest.xml,50a41acbf3483393ddc62ba398489197d00e84600b5250f31b0b6426d84e4e37,5921
Test/Mftf/Test/AdminPageBuilderDividerGeneralAttributesTest/DividerEmptyLineThicknessTest.xml,8ba9f653ff1c93181a4b7e76c9beb2c86f6f27cedb4abcf05c39be06f116118a,5684
Test/Mftf/Test/AdminPageBuilderDividerGeneralAttributesTest/DividerHSLALineColorTest.xml,06a245fa0f637571c54bb4c71718ccc25fd3aead1b5b90f24395e30685c10b9c,5999
Test/Mftf/Test/AdminPageBuilderDividerGeneralAttributesTest/DividerHSLLineColorTest.xml,a0ffd92137cd68b19bdfcefb6e2af7df557ad8e4bb301727fece28fe703427f0,5972
Test/Mftf/Test/AdminPageBuilderDividerGeneralAttributesTest/DividerHexLineColorTest.xml,99f26bfab8c0e696ca70e4d7ce4f49cec622dc0c3fe0c297d7e8b10a7b6cd455,5918
Test/Mftf/Test/AdminPageBuilderDividerGeneralAttributesTest/DividerInvalidLineColorTest.xml,1fc3cd78d13fb558661b83ef2a6203aa88ec0745ca4feb878e95ef7839a9f1a3,4700
Test/Mftf/Test/AdminPageBuilderDividerGeneralAttributesTest/DividerNegativeLineThicknessTest.xml,5f9a108c8b1b5fbf12410b44712deea620847cee6929a5df6654622cc915366a,5791
Test/Mftf/Test/AdminPageBuilderDividerGeneralAttributesTest/DividerNormalLineThicknessTest.xml,7319e8fc60915b226e2c1fbc7eaa66ee366bab7ce1897b904c32a920132a13ee,5941
Test/Mftf/Test/AdminPageBuilderDividerGeneralAttributesTest/DividerRGBALineColorTest.xml,f8940f7c36543671d6d78792d6ddab2340ac25f603a6bead849df39a2602282e,6002
Test/Mftf/Test/AdminPageBuilderDividerGeneralAttributesTest/DividerRGBLineColorTest.xml,f37dc3fcdc0367cdba7ec9afaf541638198227df86d997b72ab83538b4c3df3e,5984
Test/Mftf/Test/AdminPageBuilderDividerGeneralAttributesTest/DividerYellowLineColorTest.xml,1fa9c098b009a9ad873a29a1425aedba870e663e15a58508c5a076fc457ec029,5950
Test/Mftf/Test/AdminPageBuilderDividerGeneralAttributesTest/DividerZeroLineThicknessTest.xml,d2d2d18ab3ed946143f9dbe3c0a33a86c7953d974aa2709246ce2e8d06a9b0e2,5467
Test/Mftf/Test/AdminPageBuilderDividerTest/DividerAddToCMSPageTest.xml,0558c5a4ce8929b297f441563853cf9949d88eaa4eb1d926d58b14b937d8adca,6101
Test/Mftf/Test/AdminPageBuilderDividerTest/DividerCanAddToColumnTest.xml,f76cf3e9dbdffc42aa82661c02b826a2b28892bc5012072ef101577a368c166e,5156
Test/Mftf/Test/AdminPageBuilderDividerTest/DividerCannotAddToStageTest.xml,4f0ee9e93c5937cccda63714bd79fa7c8c0e4ec7fb8e07cc66f83315ce107256,2230
Test/Mftf/Test/AdminPageBuilderDividerTest/DividerDeleteTest.xml,4507429a2a5833e682246475b5d905a7e02e2b01982e42a79f9aff55f75f793f,4325
Test/Mftf/Test/AdminPageBuilderDividerTest/DividerDuplicateTest.xml,b70bc617a922e5b002462945dd23866ca702fae2882a5ae3953d50d7934e69d9,17598
Test/Mftf/Test/AdminPageBuilderDividerTest/DividerMoveDividerTest.xml,c6fd2eed9c6f06dfdbd687a1346820c2ab4aee872d8fa18730a23735b56f0f2f,7472
Test/Mftf/Test/AdminPageBuilderDividerTest/DividerNoRequiredTest.xml,0a8b50953b6f659f34178cdc6465772ca44c0daed9644ffb18a7d4899b13909a,4275
Test/Mftf/Test/AdminPageBuilderDividerTest/DividerUpdateAdvancedConfigurationValuesTest.xml,3e6458f6da638711fb42f0e5367cceed8709d2c085911740292fd53a57c588c4,11801
Test/Mftf/Test/AdminPageBuilderDividerTest/DividerValidateAdvancedConfigurationDefaultValuesTest.xml,dcec26af88f910e58237fc1bbd1e9edbc944bbc5f2e9aa3ee8194f54aed938ca,8719
Test/Mftf/Test/AdminPageBuilderDividerTest/DividerValidateGeneralDefaultValuesTest.xml,266b1b74afd4b42271b40164f6b7cfa169f17ba2ba56481ab98838fe02942152,6294
Test/Mftf/Test/AdminPageBuilderDividerTest/ValidateShowHideOnDividerDefaultStateTest.xml,93acbba009f0420024b62daeffcaaf3175b8c8d730ec8b72fda23f551e12fdd1,3791
Test/Mftf/Test/AdminPageBuilderDividerTest/ValidateShowHideOnDividerTest.xml,57bafa85e777b24d96e41e89cb2ef2a681868e3df69819e1061161502a09d39a,5624
Test/Mftf/Test/AdminPageBuilderFullScreenModeTest/PageBuilderFullScreenCanAddAndEditContentTypesTest.xml,38a08e0c7ce9656375688cc447ab456a83243d06a33547d80e3584cde909515c,4606
Test/Mftf/Test/AdminPageBuilderFullScreenModeTest/PageBuilderFullScreenCoversEntireScreenTest.xml,d1d52aa274c9ff53f683857331ef33ff8442db7c26a43c1e42338dce77c7bca4,3505
Test/Mftf/Test/AdminPageBuilderFullScreenModeTest/PageBuilderFullScreenLeftPanelHeightAndFunctionalityTest.xml,bf04d1fea50edd2ce1d7177b6f03fa5f80b1a1692b7934c2bd07ae5399acbe6b,3640
Test/Mftf/Test/AdminPageBuilderHeadingEditOnStageTest/HeadingEditNonBreakingSpaceStageTest.xml,188e1d51947349240099a1d768b69e057f2f8c4a2e863dcfb10559dc0fc9d61d,4154
Test/Mftf/Test/AdminPageBuilderHeadingEditOnStageTest/HeadingEditTypeH1StageTest.xml,520e68edd9581f5d9a335a5f2af382739b00f870b88078113ec7044906240225,17803
Test/Mftf/Test/AdminPageBuilderHeadingEditOnStageTest/HeadingEditTypeH2StageTest.xml,f282c45aa792fa1794d399036d98696bfb84e8aab4aeca8b4682a087396feae2,17806
Test/Mftf/Test/AdminPageBuilderHeadingEditOnStageTest/HeadingEditTypeH3StageTest.xml,81ecd5ce341d850650ece19ca2fe07eb200d50120f297ca2923bed07155a5b8d,17806
Test/Mftf/Test/AdminPageBuilderHeadingEditOnStageTest/HeadingEditTypeH4StageTest.xml,28a2ee6cbae275978055122e74d4c03aa9f3248453cbed45916aab2bd4a582ae,17806
Test/Mftf/Test/AdminPageBuilderHeadingEditOnStageTest/HeadingEditTypeH5StageTest.xml,e81bf8caa42e887c1173d4b906140ae872cb5cb318fef05cffe87f42c5696314,17806
Test/Mftf/Test/AdminPageBuilderHeadingEditOnStageTest/HeadingEditTypeH6StageTest.xml,811ac197621a40686833dced71861104099a46e8222d983adac0331f9590cc9b,17978
Test/Mftf/Test/AdminPageBuilderHeadingEditOnStageTest/HeadingInlineEditToolbarTest.xml,2667aa89443040f8abf550f7b358934c4942c331a40908897cbfd3c04b0b91f0,7604
Test/Mftf/Test/AdminPageBuilderHeadingEditOnStageTest/HeadingToolbarButtonsCanWrapTest.xml,389ca3cd304ca79972243c3a77acae3ef5b13192787e957bbfc25f7fa0155ce2,3801
Test/Mftf/Test/AdminPageBuilderHeadingTest/HeadingCannotAddToStageTest.xml,f634ec04f56b334a6e1bc08c7379de2d03d66356e4051d22be006657d947275f,2222
Test/Mftf/Test/AdminPageBuilderHeadingTest/HeadingDefaultStateTest.xml,3f7905559aa541f5cf32f429b9197b344fdaa4f15456c5dc26f8523560dbd4c7,4376
Test/Mftf/Test/AdminPageBuilderHeadingTest/HeadingDeleteTest.xml,d6a85d0fdf82ef826223e88ab19deb7d8451507c29459e7c46a9964cce580510,3712
Test/Mftf/Test/AdminPageBuilderHeadingTest/HeadingDuplicateTest.xml,abd3d93e9cfc573638c20a0caf3e1426cd56a1a9275251ff26ea739dce6b6418,11859
Test/Mftf/Test/AdminPageBuilderHeadingTest/HeadingEditPanelGeneralSectionVisualTest.xml,57eb4c98ce7496b2b5e3e8fc5e31c8cace29e5e045d92ef77c4239f22821a46b,6559
Test/Mftf/Test/AdminPageBuilderHeadingTest/HeadingEditTextTest.xml,63fd0956c13ac7331a167e2c94fa9dfa509a7ebaf33af6525b7a437fad44011d,3451
Test/Mftf/Test/AdminPageBuilderHeadingTest/HeadingEditTypeH1Test.xml,0ec7408d8c9d16f7900074da730fdbb514a0bdc7d98832cbe2a520d639e2fcf7,4067
Test/Mftf/Test/AdminPageBuilderHeadingTest/HeadingEditTypeH2Test.xml,4db8237cc16cc4c1691fa4e962fad7afd884394683fee9908342aa9c9c2f7afa,4067
Test/Mftf/Test/AdminPageBuilderHeadingTest/HeadingEditTypeH3Test.xml,962e0e0f2d38ec788bb6e08c31cf5252ef41d43c6b254fbd1c9919c0c829d7f1,4067
Test/Mftf/Test/AdminPageBuilderHeadingTest/HeadingEditTypeH4Test.xml,d406bb8c3c5b23e408bf32ed63a1cd985117fbcb62e11648c21f6aba6f516288,4067
Test/Mftf/Test/AdminPageBuilderHeadingTest/HeadingEditTypeH5Test.xml,c5cdd771a72d7b1e17692c90f7818fbc07944f2aad11d7ee2af80c2a98d37632,4067
Test/Mftf/Test/AdminPageBuilderHeadingTest/HeadingEditTypeH6Test.xml,6d56f9c62e120589accd621eeeae78d220372aef2105ba6eeed673caded94bba,4067
Test/Mftf/Test/AdminPageBuilderHeadingTest/HeadingLiveEditToolbarNotCutOffInFullScreenModeTest.xml,964aed69d12a6d86ca84f6620ab688cb48b2fd7b78f14536691deac4e663ae8e,11737
Test/Mftf/Test/AdminPageBuilderHeadingTest/HeadingOptionsMenuNotOverflowRightTest.xml,3cf890bf1b71c45bff890157608d62a07a7afa9561adbea35df468a95637cea2,9509
Test/Mftf/Test/AdminPageBuilderHeadingTest/HeadingUpdateAdvancedConfigurationValuesTest.xml,f72ae6bc66f4dfe5baa6ecc21a106fa51f3b2469c2fe4dca9e4a389087585599,12052
Test/Mftf/Test/AdminPageBuilderHeadingTest/HeadingValidateAdvancedConfigurationDefaultValuesTest.xml,2478c1657b8d7967594e2faab95579b889294857e319e763da17e8d1aba8f93e,12855
Test/Mftf/Test/AdminPageBuilderHeadingTest/HeadingVerifyNoRequiredAttributesTest.xml,55c47d9429bd4bb6c774fd696924f1a487d2853f28965c9be4ed4fd1d4e6d4f2,4238
Test/Mftf/Test/AdminPageBuilderHeadingTest/HeadingVerifyOnHoverOptionMenuTest.xml,ae75f9969bd7bcbfb1a75dd9c9b306a779bd751f515e0777865697137b7294d8,3703
Test/Mftf/Test/AdminPageBuilderHeadingTest/ValidateShowHideOnHeadingDefaultStateTest.xml,c2f1cf00f152467d91cdc6f24ba4f2a5042f01d8b4a093c5e86e032a1ea9f5fa,4285
Test/Mftf/Test/AdminPageBuilderHeadingTest/ValidateShowHideOnHeadingTest.xml,997b3fbb56aa5c1c25595174f5aa0b0f656596a3b5891bb140e515b5b6a53700,6184
Test/Mftf/Test/AdminPageBuilderHtmlTest/HTMLCanAddToColumnTest.xml,c8fd1f957ab352da0075f60654ac3f86f641f98942d2431decf21d3a890d6e23,4893
Test/Mftf/Test/AdminPageBuilderHtmlTest/HTMLEmptyTest.xml,ccf6732d2de8e202e29660608a8954c6ea6e9b4d2b857dae35b37e9e049fb84a,3319
Test/Mftf/Test/AdminPageBuilderHtmlTest/HtmlAddToCMSPageTest.xml,c1d98185629b7c9564ade23100091c5ca059066e047b8aeefb88047ae008a6c3,12079
Test/Mftf/Test/AdminPageBuilderHtmlTest/HtmlDeleteTest.xml,9c14239c79b69425b4e883b31fa6465df652a7787cd98b77ef97c64d29be6bba,4211
Test/Mftf/Test/AdminPageBuilderHtmlTest/HtmlDuplicateTest.xml,9f39035cf3f5332dfd79e40f0368cf8a59c3c13cecc811f9adfd7f7dc3bd6d3d,15413
Test/Mftf/Test/AdminPageBuilderHtmlTest/HtmlMoveTest.xml,66cfff85e0594d8cf30b1b37393529dda87011ff0ccf88a2a4ca9ff26a30d4db,7893
Test/Mftf/Test/AdminPageBuilderHtmlTest/HtmlNoRequiredAttributesTest.xml,f9591102e6b0e130fcccbf03a193ce95f231525600d25ff0974d8561538ff443,2527
Test/Mftf/Test/AdminPageBuilderHtmlTest/HtmlUpdateAdvancedConfigurationValuesTest.xml,64e1874d029862cea29027d4762769ab312757bf9af597fc9b5b7c2bd8055814,12637
Test/Mftf/Test/AdminPageBuilderHtmlTest/HtmlValidateAdvancedConfigurationDefaultValuesTest.xml,1a5baf19384fff2fee71fe65e2fb78fe0ede8027c8954fb23d7721a0891aa63a,8556
Test/Mftf/Test/AdminPageBuilderHtmlTest/HtmlValidateGeneralDefaultValuesTest.xml,62cecf01d352b24251d686ed9ca62297de0e27c9ce8344f53ea9717182392892,5000
Test/Mftf/Test/AdminPageBuilderHtmlTest/HtmlVerifyUpdatingDuplicateDoesNotAffectInitialTest.xml,99a291d2be951bd834f32a3228cd650ba703af804c5d28f9ed8eacb8ebf22352,6246
Test/Mftf/Test/AdminPageBuilderHtmlTest/ValidateShowHideOnHtmlDefaultStateTest.xml,1fa3fdf794b8ed8ee50d9bc31dfaeffca82a86b0d95cfd8830630af253f64d31,4210
Test/Mftf/Test/AdminPageBuilderHtmlTest/ValidateShowHideOnHtmlTest.xml,5ecb5190a7e3095398132ba60b6f51840c0803c19134f02269339955dd3b908c,6037
Test/Mftf/Test/AdminPageBuilderImageTest/DuplicateColumnWithImageTest.xml,7df745b2bc47c5e0521ecf5bd5f175685da773c3c8feb8c217b90b9f4119ef71,6101
Test/Mftf/Test/AdminPageBuilderImageTest/DuplicateRowWithImageTest.xml,06ee86771480c95ea8bc834fac4ccbd522e06c7006c8201b3471a5c73cfe428a,5631
Test/Mftf/Test/AdminPageBuilderImageTest/DuplicateTabWithImageTest.xml,d2216a813bdc1d5a5d7e00f340514f9fa10d94acdcd470628558151466293da9,9334
Test/Mftf/Test/AdminPageBuilderImageTest/ImageAddImageContentTypeToCMSPageTest.xml,c9683776fb6f0184e0ef513e371eafe4ba062105a71c458392cd9ececcfe468d,13782
Test/Mftf/Test/AdminPageBuilderImageTest/ImageAddImageIntoPageBuilderStageTest.xml,1f0291b0cfe4b508e8ea0c2933c49213e8d7dfde025ee2f3b00f6f93070bf39c,7970
Test/Mftf/Test/AdminPageBuilderImageTest/ImageAddSameNameImageIntoPageBuilderStageTest.xml,d9f717046b7c9b387c81f70a9ec3960f44584cd8d16ab8140620cd14bacd3305,6439
Test/Mftf/Test/AdminPageBuilderImageTest/ImageAddToImageBannerSliderAndReplaceTest.xml,4991f01b8fcf6301988e7ffcffbd6722f17b1f21a4d4b81e0795bf2230063c55,7408
Test/Mftf/Test/AdminPageBuilderImageTest/ImageCanAddEmptyImagePreviewTest.xml,17335b71fd66f5c24869156d5c06eea5dcf87c52e4e03aac7d07d394a392a686,2995
Test/Mftf/Test/AdminPageBuilderImageTest/ImageCanAddToColumnTest.xml,17beb1368a25431ddff13f03279de97351b8a2476641bec748d42a9c9a3db16e,4906
Test/Mftf/Test/AdminPageBuilderImageTest/ImageCannotAddToStageTest.xml,b5ffa078841eaf20d2662f2b0ac9eb95220cfea152bc32f8cc86d07274a1a7c8,2225
Test/Mftf/Test/AdminPageBuilderImageTest/ImageCaptionDoesNotRenderHtmlTest.xml,7635fb8019643ebb617fbb682835919601da35e91e9b4a2d04c6ab8ba00f6f6e,5142
Test/Mftf/Test/AdminPageBuilderImageTest/ImageDuplicateTest.xml,26123d5a341ef0295e696710b2a6704da6cf2d781494bcad3dbc6abfbbe67b14,6843
Test/Mftf/Test/AdminPageBuilderImageTest/ImageHasNoRequiredTest.xml,139c14b7f9849568f5f7a6aee553eaa7aa5114c5012cf421358f753fef0c208a,3504
Test/Mftf/Test/AdminPageBuilderImageTest/ImageInvalidFileTypeValidationTest.xml,037c9bb63ecb2ac55f242eae60c8524c12e874a19b53a89ffd478e86aafdb230,2264
Test/Mftf/Test/AdminPageBuilderImageTest/ImageRemoveImageFromStageTest.xml,75eb8e94f7889c540990d5a619f6cf3bebe45746258b894a8a6221a3e7431942,2427
Test/Mftf/Test/AdminPageBuilderImageTest/ImageTestCMSPageOnTabletTest.xml,6847847e2e09780652f076e6178bc076732cfb4014c57b7f775d9b9282800af1,6485
Test/Mftf/Test/AdminPageBuilderImageTest/ImageUpdateAdvancedConfigurationValuesTest.xml,4d114db4abe8ef3a871891f89e24422f3bbc53281d515b5941149234824dab54,10675
Test/Mftf/Test/AdminPageBuilderImageTest/ImageUploadImageWithSecretKeyEnabledTest.xml,f9079f8a8cebdf9b66929fd3298105934ef81f33174e2c058ecb0401f1fae33d,2531
Test/Mftf/Test/AdminPageBuilderImageTest/ImageUploadIsHiddenWhenDisabledTest.xml,d67c1dc39cbf22e9b347fd94b6e1bd6ecbab44f762c45c331c5685aee2373dbd,4586
Test/Mftf/Test/AdminPageBuilderImageTest/ImageValidateAdvancedConfigurationDefaultValuesTest.xml,38c34f78a3c5f4268c6924ab6867c9797353fd9673b5eebe2a457e940d2ed0cf,9638
Test/Mftf/Test/AdminPageBuilderImageTest/ValidateShowHideOnImageDefaultStateTest.xml,a6da84817aff48d87f244bf0e521b77dfc8fb1b90d8892ab15eb5c0847569c49,4832
Test/Mftf/Test/AdminPageBuilderImageTest/ValidateShowHideOnImageTest.xml,2d85799ca38bffd376978606a0cf5696e2afa8613932257ccb34b188ea57cb3a,6737
Test/Mftf/Test/AdminPageBuilderMapCommonComponentTest/MapAddAllAttributesTest.xml,2bb221134c80b6538c8e06a287d0e86aba9b4d081185f04344e89f7d99538204,23731
Test/Mftf/Test/AdminPageBuilderMapCommonComponentTest/MapAddToColumnTest.xml,7b5c15c290b060a4d0fb05cf74178225749e4f1d6e5647439e0130d03963c693,5886
Test/Mftf/Test/AdminPageBuilderMapCommonComponentTest/MapCannotAddToStageTest.xml,6214eb40c98b53ee9792ac1d766b5888f038dd1906f42b2b6e2451f961554b99,2236
Test/Mftf/Test/AdminPageBuilderMapCommonComponentTest/MapDefaultStateTest.xml,e8557ba41118b1a73a8cc11156e4d09d7895ee3a6341e96c2d623a35598a5a7c,11627
Test/Mftf/Test/AdminPageBuilderMapCommonComponentTest/MapDeleteTest.xml,2ca1d747de663fdf004a5560ce798be08b6d14c913382165e22c0bccd12b99cc,4242
Test/Mftf/Test/AdminPageBuilderMapCommonComponentTest/MapDuplicateTest.xml,758d76ecfe4368b82ecca870a0c9ae1a95717af645242ac5e368647e123dd249,31479
Test/Mftf/Test/AdminPageBuilderMapCommonComponentTest/MapMoveMapTest.xml,82983fbd9e5662b53cfad17605b171fa1396361fc0853cf35639f1b9df109ca5,8380
Test/Mftf/Test/AdminPageBuilderMapCommonComponentTest/MapUpdateAdvancedConfigurationValuesTest.xml,b5b6adf556c62a2d7628a035eddc9870eac35cc0280965056eee48fd238297b0,11931
Test/Mftf/Test/AdminPageBuilderMapCommonComponentTest/MapValidateAdvancedConfigurationDefaultValuesTest.xml,bc8468638005a5df866774c49ec041b9eb39b018e69e86006c37135ed5a983d9,8244
Test/Mftf/Test/AdminPageBuilderMapCommonComponentTest/MapVerifyOnHoverOptionMenuTest.xml,0f886c9cb8ada783ff58f6d9d4799fd9f575892f904c1aa828ee3f96d1c2aa4a,2410
Test/Mftf/Test/AdminPageBuilderMapGoogleMapsSettingsTest/MapCanAddNewLocationWithEmptyAPIKeyTest.xml,3bd239bb75ff0397ddca1bcdde842c70e2f10e4b87e179ba6c11b5648bd7ab76,1152
Test/Mftf/Test/AdminPageBuilderMapGoogleMapsSettingsTest/MapCanAddNewLocationWithInvalidAPIKeyTest.xml,c7556c03f3b04188677511fe0ca28e24f7fc9f2156dad2e08c1b3178a497b68b,4363
Test/Mftf/Test/AdminPageBuilderMapGoogleMapsSettingsTest/MapCanDeleteLocationWithEmptyAPIKeyTest.xml,464381d7bc3680431054f50590503b3985cd6f320b0b7196b431374623bf6e17,1150
Test/Mftf/Test/AdminPageBuilderMapGoogleMapsSettingsTest/MapCanDeleteLocationWithInvalidAPIKeyTest.xml,3e94a6721c0493e044da91e202b061a5ec5ca846766e0d86e9a3614a520dade9,5459
Test/Mftf/Test/AdminPageBuilderMapGoogleMapsSettingsTest/MapCanEditLocationWithEmptyAPIKeyTest.xml,6ac38852fd7de14b8b626e7806dd3e8ad1680ae84c0a47e3109c9cc7a3a932c9,1142
Test/Mftf/Test/AdminPageBuilderMapGoogleMapsSettingsTest/MapCanEditLocationWithInvalidAPIKeyTest.xml,4938c7fcf90ec0816c7153636a122dc6f88cb0efd6aa9e17262a1e91bb017aa7,6924
Test/Mftf/Test/AdminPageBuilderMapGoogleMapsSettingsTest/MapDoesNotRenderNewGoogleMapsStyleOnStorefrontUntilPageSaveOrCacheRefreshTest.xml,958a52cf4371460b736dc0daaef724b8b849e1f5b9a5f228fa4c320e13750a25,8841
Test/Mftf/Test/AdminPageBuilderMapGoogleMapsSettingsTest/MapEmptyAPIKeyWarningMessageLinkTest.xml,29f47954c3ceb9e9c4fbdca56e372a69fc4dc3ffc1226dcb8bbcf0c9375bb707,4045
Test/Mftf/Test/AdminPageBuilderMapGoogleMapsSettingsTest/MapEmptyAPIKeyWarningMessageTest.xml,824edfe2473d895cc5bc1e0b303b5f3403442aedda694cac84e19ebfd7b49639,1460
Test/Mftf/Test/AdminPageBuilderMapGoogleMapsSettingsTest/MapInvalidAPIKeyWarningMessageLinkTest.xml,f0618dd19787a2f93f4ae807ab2ec35b2aff34efabb329e95910765779c08aa7,1769
Test/Mftf/Test/AdminPageBuilderMapGoogleMapsSettingsTest/MapInvalidAPIKeyWarningMessageTest.xml,766bf9de22f3f103394dd0b1e36e34ca67f71b25c5c939c1306e4c4809cb1ba6,5410
Test/Mftf/Test/AdminPageBuilderMapGoogleMapsSettingsTest/MapRendersNewGoogleMapsStyleOnStageImmediatelyTest.xml,6955f555c2b239c28b90ca2e41921d403de936dcd462360c15805f59afacdcb1,4390
Test/Mftf/Test/AdminPageBuilderMapLocationAttributeTest/MapCityValidCharacterSetsTest.xml,24e78d0806039247427a7ccfc5cca3f4f3a07b51cfa4b0aa3d09dbb4f92c46e4,6058
Test/Mftf/Test/AdminPageBuilderMapLocationAttributeTest/MapCommentValidCharacterSetsTest.xml,996b5924129942c35b5d2e1808efafd2150bd9634a54ca9203ec20fea3bcd53e,3769
Test/Mftf/Test/AdminPageBuilderMapLocationAttributeTest/MapCountryValidCaseTest.xml,f4cc22601977f51c4cf841b0b44c0dae850a8fed507a401804c31bc516c6962b,7245
Test/Mftf/Test/AdminPageBuilderMapLocationAttributeTest/MapLatitudeInvalidInputsTest.xml,fb4ec81ab0dbd9d674e6bc59b7f6e7135aa5c5f4ff1822605239c30ea91c244e,8299
Test/Mftf/Test/AdminPageBuilderMapLocationAttributeTest/MapLocationAttributesDoNotRenderHtmlTest.xml,7efb8141ab2344637f7acd09eba73ee980bad334a6f0b71cff75b67aeac38b31,8473
Test/Mftf/Test/AdminPageBuilderMapLocationAttributeTest/MapLocationNameInvalidInputsTest.xml,0b8ee79748f142fa6fb2ded7c4ab21641b1390ecc3a8a494012f8abeb05837fe,4741
Test/Mftf/Test/AdminPageBuilderMapLocationAttributeTest/MapLocationNameValidCharacterSetsTest.xml,d4ecd5b3f834f3a39eff9593395c01b0bc2081fcb7e1d70c9b6e2a083ef0f1c9,9462
Test/Mftf/Test/AdminPageBuilderMapLocationAttributeTest/MapLongitudeInvalidInputsTest.xml,14bb4fe5d8233b41fba6aa9ee67aea81ec58fbcfdff16dcfa50ab658bd82fbc2,4519
Test/Mftf/Test/AdminPageBuilderMapLocationAttributeTest/MapPhoneNumberValidCharacterSetsTest.xml,dc758b680ec4dd666829595772a0cd0f1a0d17f36e93994abe343d1995fb0f1c,14142
Test/Mftf/Test/AdminPageBuilderMapLocationAttributeTest/MapStateValidCharacterSetsTest.xml,4a82303d049e9f619706cb06d9fcc3a6a0a6c21240681b78afd9d990ccd470cb,6107
Test/Mftf/Test/AdminPageBuilderMapLocationAttributeTest/MapStreetAddressValidCharacterSetsTest.xml,4f662727868ca53e1a5efb182ee7deb337582c0f6da524d35a16a35f73b2e6f8,6213
Test/Mftf/Test/AdminPageBuilderMapLocationAttributeTest/MapZipValidCharacterSetsTest.xml,c7b76add4388ed5de086842c506203c5219b610e1ea0c871ad577192a8248374,6085
Test/Mftf/Test/AdminPageBuilderMapLocationTest/MapDeleteLocationTest.xml,c8642317221fb5548f3bfccf2a793a4d5b8dcee1214dcf5d47c9b97a29f4c060,6602
Test/Mftf/Test/AdminPageBuilderMapLocationTest/MapEditAllLocationAttributesTest.xml,a00a3dbbd22bb672316a5002574273aba3235864372422dae5554b2b3743195b,11187
Test/Mftf/Test/AdminPageBuilderMapLocationTest/MapLocationsGridAppearanceTest.xml,4c1d123c15507cbfc9cc318c14b70908bd1a2f56a81d53c0578f4d760d008ac0,5918
Test/Mftf/Test/AdminPageBuilderMapLocationTest/MapLocationsGridCancelRowSortOrderChangesTest.xml,8a959408b700757dbed9de02d195be30cb892c0fa378b38192ad2d1c6b697c06,6372
Test/Mftf/Test/AdminPageBuilderMapLocationTest/MapLocationsGridNewLocationsCorrectSortOrderTest.xml,98949047e07a574b53863f01159f4a558612d73b5eb33c9cdd782bb627066e4b,5282
Test/Mftf/Test/AdminPageBuilderMapLocationTest/MapLocationsGridRowSortingForEachColumnTest.xml,191f3b6ba6efb1b88199290ad52d99cbb4d007eaa19d1e010e3b2e9bf9d18947,57862
Test/Mftf/Test/AdminPageBuilderMapLocationTest/MapLocationsGridSaveRowSortOrderTest.xml,852b627aca9f1152e3ea094293430f4e0a466e93a88e3e0529960a6fcf6fcb76,5809
Test/Mftf/Test/AdminPageBuilderMapLocationTest/MapVerifyEditButtonOnLocationsGridTest.xml,3689d2d727e38bec088a97c552d6bdf175877826792f57d99c17c310fd0b9058,3793
Test/Mftf/Test/AdminPageBuilderMapMapSettingsAttributesTest/MapHeightInvalidInputsTest.xml,3d201fa4c1c1b26b489b9fe28ba8e98d8a97fcf1fa95b5f0e4257519c9b84896,4171
Test/Mftf/Test/AdminPageBuilderMapMapSettingsAttributesTest/MapHeightValidCharacterSetsTest.xml,f6df54b30dd533914433519b5ca021b546dae461232197fb47adc0b95b3b8ded,9305
Test/Mftf/Test/AdminPageBuilderMapMapSettingsAttributesTest/MapShowControlsEnabledAndDisabledTest.xml,003eb190ada54ce171b41db9bf90873a481e121ffa1d5c797a7c59937afbbdfd,8697
Test/Mftf/Test/AdminPageBuilderMapPinTest/Map2LocationsOppositeSidesOfWorldTest.xml,de50945670f946246fb5d4d226f7c023ac6fa4f92efe4dacea34ac0e1a0da40d,6402
Test/Mftf/Test/AdminPageBuilderMapPinTest/Map2LocationsWithSameCoordinatesTest.xml,e3a49b509a498f0668665d34cd6da829b55ad160c26869ab1441247cef175939,6417
Test/Mftf/Test/AdminPageBuilderMapPinTest/MapAddPinThenRemoveThenAddTest.xml,501c02c7b2abc94368a878b9bd6e1e753c7cb8313e692b0178333093824c5c2a,5094
Test/Mftf/Test/AdminPageBuilderMapPinTest/MapAddPinToMapByClickingOnMapTest.xml,19a1e1ef605de52e20d7bea1c1e593ca66cd1e2c7c751b9221e73e1b8492c000,11559
Test/Mftf/Test/AdminPageBuilderMapPinTest/MapAddPinToMapByInputtingCoordinatesTest.xml,321e7507754f4a4224e4f835634a07d1882d49547f8f1ade21a8199f6bf6d5c8,9022
Test/Mftf/Test/AdminPageBuilderMapPinTest/MapMoveMapPinByChangingCoordinatesTest.xml,3d761e5af64cad18a21417bfcd0d7804d35b0d58bb05005e822efbe185ef11f9,10392
Test/Mftf/Test/AdminPageBuilderMapPinTest/MapMoveMapPinByClickingOnMapTest.xml,f5e7d44a1abcd81e1de5f859bd6ddc919889acd4133c7370f373968c5e208076,11106
Test/Mftf/Test/AdminPageBuilderMapPinTest/MapMoveMapPinByDraggingAndDroppingPinOffOfMapTest.xml,12a0d2c939ed3bb63ef1dedccc6762b476773222c840b79a487c7ea18257c413,10213
Test/Mftf/Test/AdminPageBuilderMapPinTest/MapMoveMapPinByDraggingAndDroppingPinTest.xml,4541a6c2f02527e14b01f137c5695079e614d160e2546c78c9af68ae3dd9bfb1,10096
Test/Mftf/Test/AdminPageBuilderMapPinTest/MapPinTooltipAllLocationDataTest.xml,3c06479d8379170d4ce9c074da1753a9475bb194af8bf024065f24659b51514a,8728
Test/Mftf/Test/AdminPageBuilderMapPinTest/MapPinTooltipWindowStaysOpenWhenPanningOnMapTest.xml,05085a464bb80c3afb617a339f1073d2751056243169de024940ec93ff2a4992,7861
Test/Mftf/Test/AdminPageBuilderNoTimeoutTest.xml,de53fae4954f2da2c1c156a604430aaba5fcc308f3c4297b4ad6d5c9c2ca1880,3678
Test/Mftf/Test/AdminPageBuilderPanelTest/ActivatePageBuilderFullScreenTest.xml,ca285f290570add27b3ee8c75dc46435ee9e94118c658f42fd02a47db2c5852c,2785
Test/Mftf/Test/AdminPageBuilderPanelTest/ClearSearchInPanelTest.xml,0c465ec31565a42ca137eef41125eb16d8a5ae358689ebadbf1ab17c970ec47b,3945
Test/Mftf/Test/AdminPageBuilderPanelTest/HeaderFixedInFullScreenTest.xml,96f6e30fa6c02f5afd5244af6f0976a16763f2557a69f5cf999f4b1f7a50afaa,2830
Test/Mftf/Test/AdminPageBuilderPanelTest/SearchContentTypeAndAddToStageTest.xml,f5d221366a4a01c87ff7701beba5789e3bc47356adaab76e45d87a000727a842,2583
Test/Mftf/Test/AdminPageBuilderPanelTest/SearchNoMatchesInPanelTest.xml,6dc857491f202b09cebf1453ed2fcee6c916a927ac2d57a03d445040393eb391,1831
Test/Mftf/Test/AdminPageBuilderPanelTest/SearchOneCharInPanelTest.xml,df4c0e45baab52761c012726c3a28eb0f6ff5c6cc7f43c093bce019604a86247,2121
Test/Mftf/Test/AdminPageBuilderPanelTest/SearchRemovedContentTypeTest.xml,c405b6ef24542d17ecf136c912cfe558348fb2c88e215611a9e07e3610880774,2093
Test/Mftf/Test/AdminPageBuilderPanelTest/SearchSpecialCharactersInPanelTest.xml,8afd5e0c41ed47e5e81525c1a7062ee646638897de6c4253f3bac15cef5dbe68,2153
Test/Mftf/Test/AdminPageBuilderPanelTest/SearchThreeCharInPanelTest.xml,4e64ccea68349d3a4cde33a87ee21fe0235371d10ceb0538f19264fb15d7d972,1887
Test/Mftf/Test/AdminPageBuilderPanelTest/ShowPanelMenuSectionsTest.xml,2e4c327ee1993623b581355c0b62d18119aa5ad95c7ebeb5b7c853946bc51b7e,1877
Test/Mftf/Test/AdminPageBuilderPanelTest/ValidatePanelContentTypeIconsTest.xml,9b12b579f4ab401f7c5013d2d6c552ea462e0a1f9960f0c099414dcb04e46a6a,4699
Test/Mftf/Test/AdminPageBuilderPanelTest/ValidatePanelContentTypesGroupedCorrectlyTest.xml,b58aed9441ef73ebfc787b855d2c7e497994eb736f52a47679ef82a937656f08,5242
Test/Mftf/Test/AdminPageBuilderPanelTest/ValidatePanelDefaultStateTest.xml,8c9a303e5058bcb669be2f82191575f90f7ff03be4511045b6bcfc60951b39ed,2092
Test/Mftf/Test/AdminPageBuilderPanelTest/ValidatePanelStickinessTest.xml,05f667464f05c35028e2db2ba04c62b9a9d109469b0ff458c5f3c84638b7bf0e,2935
Test/Mftf/Test/AdminPageBuilderProductsCarouselTest/AdminPageBuilderProductsCarouselAllProductsShowWhenSavedWithoutConditionsTest.xml,26b39dd7efde0a4d168e9c675592c178649c44476ae16782cfcd4fe293eabf2a,1528
Test/Mftf/Test/AdminPageBuilderProductsCarouselTest/AdminPageBuilderProductsCarouselAndGridAppearanceSettingsPersistTest.xml,aa021eea66d7700dbfd41a574d2548d3e4a905de6e95e173700ce9287e1be230,20443
Test/Mftf/Test/AdminPageBuilderProductsCarouselTest/AdminPageBuilderProductsCarouselCanBeSortedTest.xml,ac72f0e56966cda1b757cf0f17382174d7a19d0afc19cbf2967eb5f46ff85c1c,4453
Test/Mftf/Test/AdminPageBuilderProductsCarouselTest/AdminPageBuilderProductsCarouselDoesNotAppearOnFrontendWhenNotConfiguredTest.xml,690611f356648cd1c5286de5a220b3157a168a9953ffa6833a144d0ce2dea0af,1654
Test/Mftf/Test/AdminPageBuilderProductsCarouselTest/AdminPageBuilderProductsCarouselSelectByCategoryAndSortByPositionTest.xml,acdc007a018318cb840b05a788045c090840c5738589ef1092b83a2da6dbde19,2290
Test/Mftf/Test/AdminPageBuilderProductsCarouselTest/AdminPageBuilderProductsCarouselSelectBySKUAndSortByPositionTest.xml,0730d93ab9ce6baf31b82874d1d4bd1ce3840eb36a4db85b04fb46200779dba2,3090
Test/Mftf/Test/AdminPageBuilderProductsCarouselTest/AdminPageBuilderProductsCarouselSelectBySKUAndVerifyProductRemovedAfterDeleteTest.xml,668b20b267600a5f95eef4fa71885f89aef58822da32ab261d04059331bdfd7a,2937
Test/Mftf/Test/AdminPageBuilderProductsCarouselTest/AdminPageBuilderProductsCarouselSelectBySKUAndVerifyProductRemovedAfterSKUChangeTest.xml,5ba63fe73f6750f36f00d329656969b64514cf8ce498be7c7e936ea1d1f07e2b,2961
Test/Mftf/Test/AdminPageBuilderProductsCarouselTest/AdminPageBuilderProductsCarouselSelectBySKUWithSpecialCharacterAndVerifyProductIsDisplayedTest.xml,b5d69c3a11f88fb62a7ef6d6c840aae614ba530643652afd8ee2b8120bdc8e64,2726
Test/Mftf/Test/AdminPageBuilderProductsCarouselTest/AdminPageBuilderProductsCarouselSettingsDisableArrowsAndDotsTest.xml,8ebcb42cb6105a422995002929fcc582626fe62d802d900b419c686b67080f46,9792
Test/Mftf/Test/AdminPageBuilderProductsCarouselTest/AdminPageBuilderProductsCarouselSettingsSectionDefaultsTest.xml,1089f35dd50835238dca40b239bb45457cb339a7e9317f4742c809be55bb8958,8716
Test/Mftf/Test/AdminPageBuilderProductsCarouselTest/AdminPageBuilderProductsCarouselSettingsValidateContinuousCarouselModeWithSixProductsTest.xml,d67cfc3e914975ea8bb19a31de8a810f3725af4dcc289433d6cf4917f0c59ad6,29522
Test/Mftf/Test/AdminPageBuilderProductsCarouselTest/AdminPageBuilderProductsCarouselSettingsValidateContinuousCarouselModeWithThreeProductsTest.xml,dac7dfc2865bedc759f425b33efe9e25dd93f3cffbdb48c132900d75aed98bbb,10344
Test/Mftf/Test/AdminPageBuilderProductsCarouselTest/AdminPageBuilderProductsCarouselSettingsValidateDefaultCarouselModeTest.xml,1c6bfe5f8fc33c3e4213d74af8bcb0a7d743ca4436c65fc164f4946413d27078,10865
Test/Mftf/Test/AdminPageBuilderProductsCarouselTest/AdminPageBuilderProductsCarouselSettingsValidateInfiniteLoopArrowsDotsFunctionTest.xml,1e7ac0a4f059595d1b81766ecf6791dbd56f1a46670bb7d5ae84f47f5a04543c,22498
Test/Mftf/Test/AdminPageBuilderProductsCarouselTest/AdminPageBuilderProductsCarouselSortByCategoryPositionVerifyEmptyProductsAfterDeletingCategoryTest.xml,937e65bb2a64a6c7a073fff96a48645f6ebbce86e44fbd634c39990b677623fb,3593
Test/Mftf/Test/AdminPageBuilderProductsCarouselTest/AdminPageBuilderProductsCarouselSortByCategoryPositionVerifyUpdatingPositionInCategoryUpdatesSortOrderTest.xml,7d1f0b8b91d78dce38b4a286653dc6dcf885f3a868acb929b54b306c9540ea74,7385
Test/Mftf/Test/AdminPageBuilderProductsCarouselTest/AdminPageBuilderProductsCarouselUpdateAdvancedConfigurationValuesTest.xml,331383586c2bdcbf82ebe589b8be53c4990362e90444f20a944ef80fd5e7fa45,3528
Test/Mftf/Test/AdminPageBuilderProductsCarouselTest/AdminPageBuilderProductsCarouselValidateAdvancedConfigurationDefaultValuesTest.xml,5c66bfbcbc2991c6b7ea75bf8c6d71537f8135ecffb4d95653aedeb1f0b31b78,1784
Test/Mftf/Test/AdminPageBuilderProductsCarouselTest/AdminPageBuilderProductsCarouselValidateAppearanceTest.xml,952c1df8d0159015c10c534368102da6ecd5d7b9e16aa25ebf1b903840eacf8a,3823
Test/Mftf/Test/AdminPageBuilderProductsCarouselTest/AdminPageBuilderProductsCarouselValidateAutoplayInContinuousModeWithInfiniteLoopTest.xml,6ec7e6a89da37aa35adbef7380f67cea883092779a8fe36da8f8ae9daf665c03,21007
Test/Mftf/Test/AdminPageBuilderProductsCarouselTest/AdminPageBuilderProductsCarouselValidateAutoplayInDefaultModeWithInfiniteLoopTest.xml,4daddbc05eddc90f56b45c602bb3d41c8dbbe639a02ec1bd53ed9ae686e35369,7152
Test/Mftf/Test/AdminPageBuilderProductsCarouselTest/AdminPageBuilderProductsCarouselValidateAutoplayInDefaultModeWithNoInfiniteLoopTest.xml,fe5f26ea479ef79a10c6fa36b8254521d7e0aa1b495219634eb023dcc43019a5,24721
Test/Mftf/Test/AdminPageBuilderProductsCarouselTest/AdminPageBuilderProductsCarouselValidateCanSaveProductsWithEmptyConditionsTest.xml,9e71901f7daeed37fba938e42162e5ec90e194bdccff0401d7f378fbe955b5c1,2122
Test/Mftf/Test/AdminPageBuilderProductsCarouselTest/AdminPageBuilderProductsCarouselValidateNumberOfProductsFieldTest.xml,a8e80606550aa25481bcbfade6baabe6ad6fbc3e34ba6945ce0be20d12a59bbc,5680
Test/Mftf/Test/AdminPageBuilderProductsCarouselTest/AdminPageBuilderProductsCarouselValidateProductsCenteredInAppearanceInContinuousModeTest.xml,5ca7dd34db45b08fd1d261d8c6bcc57858c0010b652d955232d157b7de27fad0,1409
Test/Mftf/Test/AdminPageBuilderProductsCarouselTest/AdminPageBuilderProductsCarouselValidateProductsCenteredInAppearanceInDefaultModeTest.xml,2cf25d1f943364cb6407faf5315a752b15846a631ae2ee6372f49d9d34713dde,12615
Test/Mftf/Test/AdminPageBuilderProductsCarouselTest/AdminPageBuilderProductsCarouselVerifyCanSlideCarouselTest.xml,ff4345b5d3bd8f203f947deb90a9d816f74470935fa679189885bd3ef2b63261,8980
Test/Mftf/Test/AdminPageBuilderProductsCarouselTest/AdminPageBuilderProductsCarouselVerifyProductItemsInteractionsOnStorefrontInContinuousCarouselModeOneProductTest.xml,a05938215ea7cad484ffee10396af5a217a71cdb59a456e0fe1f81a121c51a24,1643
Test/Mftf/Test/AdminPageBuilderProductsCarouselTest/AdminPageBuilderProductsCarouselVerifyProductItemsInteractionsOnStorefrontInContinuousCarouselModeSixProductsTest.xml,665a378cc780f583478485424f74f1ded70043b77b446ded2889d70cf036063c,11947
Test/Mftf/Test/AdminPageBuilderProductsCarouselTest/AdminPageBuilderProductsCarouselVerifyProductItemsInteractionsOnStorefrontInDefaultCarouselModeTest.xml,642bf226048d45fc0efc317e340bcd406149452ecf366c44bbfd84a7da9934a8,1379
Test/Mftf/Test/AdminPageBuilderProductsCarouselTest/AdminPageBuilderProductsCarouselWrapsInsideTinyColumnTest.xml,d64773577e1eebf889cdb99157a6e54fbf74e0c2c23ac7031d0092efe07d895a,2285
Test/Mftf/Test/AdminPageBuilderProductsCarouselTest/AdminPageBuilderProductsForbiddenEditTest.xml,dc457e30ebe9ae1e4c0250ae1f9a564eb71d09a2fdbdb8349838f1e5154b83a1,6680
Test/Mftf/Test/AdminPageBuilderProductsCarouselTest/AdminPageBuilderVerifySwatchDisplayedInPreviewCarouselTest.xml,0f35baba71a901bc6be9563bf4ed1bc323a6fedd16c2538c06a9162def9eb16e,2751
Test/Mftf/Test/AdminPageBuilderProductsCommonTest/AdminPageBuilderProductsCanSaveConditionTest.xml,955c39a6377c8b44cd5c271b835e96cde80e172d784e05788cc54fd9e3f3ffec,5191
Test/Mftf/Test/AdminPageBuilderProductsCommonTest/AdminPageBuilderProductsConfigurationIsPersistentTest.xml,901002af05ec311f2ecefc788048a5760f25408fbb90b6131ff76723d3bdaa59,5772
Test/Mftf/Test/AdminPageBuilderProductsCommonTest/AdminPageBuilderProductsConfigurationValidateProductTotalsTest.xml,ffaf50904949cd028f9c56126dff85e6c85d1ef720d2126dc87ad5651e1cbaeb,11499
Test/Mftf/Test/AdminPageBuilderProductsCommonTest/ProductCombinedConditionRuleWorksProperlyTest.xml,a8cdba9cbf3122e07f5acf285d8397033a45ac2d9ddca823cf2795e9fd416bfe,10417
Test/Mftf/Test/AdminPageBuilderProductsCommonTest/ProductConditionsAddDoubleConditionsCombinationTest.xml,038da5101346fcaaba9f5de4e5c67296af729bcec41768b12fb3e9d0ba121dbc,3447
Test/Mftf/Test/AdminPageBuilderProductsCommonTest/ProductConditionsInvulnerableToXSSTest.xml,ada97c067c4ddeb6aaa7442084cab5cb11b1f67caa144951243c31203a30dc6b,3847
Test/Mftf/Test/AdminPageBuilderProductsCommonTest/ProductFromDifferentWebsiteShowsOnStageTest.xml,cb26f0c746c2fef5a424dc4707b6998dda70ea0c840d5b83c225192534d908f5,8875
Test/Mftf/Test/AdminPageBuilderProductsCommonTest/ProductsCanAddToColumnTest.xml,9c0ab63beca1ef3166f34ccae2fe76415923ae12048ee601801891de7288af6d,4974
Test/Mftf/Test/AdminPageBuilderProductsCommonTest/ProductsCannotAddToStageTest.xml,bf3ddcf0964c5c75d77aaeb83c04db2f831be8bf39933a20768280e187e1ffd1,2246
Test/Mftf/Test/AdminPageBuilderProductsCommonTest/ProductsDeleteTest.xml,d7c465210e061d5c7530578dae4c08ad2c61444da9f4da827fa5f68f96eff833,2365
Test/Mftf/Test/AdminPageBuilderProductsCommonTest/ProductsDuplicateTest.xml,5d2f29396c332718ef7d714d0a6cffe22d1c85021269b8b6827ba65ba2bbe4f1,7676
Test/Mftf/Test/AdminPageBuilderProductsCommonTest/ProductsValidateAdvancedConfigurationDefaultValuesTest.xml,fd8df887d8aa828ddefcca6841a49b977db825310dccd46e551ad7223bec6feb,9281
Test/Mftf/Test/AdminPageBuilderProductsCommonTest/ShowOutOfStockProductTest.xml,7710f31fba2bfbfb7ed56681d59e7642e64b4094b2146a289eaf5bf86e48736a,6372
Test/Mftf/Test/AdminPageBuilderProductsCommonTest/ValidateShowHideOnProductsDefaultStateTest.xml,b34e7792d8c47d47f93c994da640c84cc166171cdeac948a44275d65f3df1998,5457
Test/Mftf/Test/AdminPageBuilderProductsCommonTest/ValidateShowHideOnProductsTest.xml,0f3526a46b35b27497d5673dd05a7da4630edf82bc5684bf6966872d2978a9e9,7339
Test/Mftf/Test/AdminPageBuilderProductsGridTest/AdminPageBuilderProductsAllProductsShowWhenSavedWithoutConditionsTest.xml,935a43dd70420e376627a8bf72ed1a8fc10219c8c32fa482e1819d247b658ebc,5337
Test/Mftf/Test/AdminPageBuilderProductsGridTest/AdminPageBuilderProductsCanBeSortedTest.xml,ebc5aa0f681820d80b4e6e833e1886241f30f13853184523ab9bbd5289f4d16e,11445
Test/Mftf/Test/AdminPageBuilderProductsGridTest/AdminPageBuilderProductsDoesNotAppearOnFrontendWhenNotConfiguredTest.xml,d2dbd96152c056ca28c805e18906bf1f1402ac22949fb50414c84a9e4bd1b325,4000
Test/Mftf/Test/AdminPageBuilderProductsGridTest/AdminPageBuilderProductsGridValidateAppearanceTest.xml,aa450b3ac07656ab09a4371701d8cfcec5bb90c484a92d8ede60fd2e69e67f04,6270
Test/Mftf/Test/AdminPageBuilderProductsGridTest/AdminPageBuilderProductsGridValidateCanSaveProductsWithEmptyConditionsTest.xml,3ae79f15a275e9cfe227f9957fa607be2506389e3227b9d6a034c29e7d81a351,5242
Test/Mftf/Test/AdminPageBuilderProductsGridTest/AdminPageBuilderProductsSelectByCategoryAndSortByPositionTest.xml,f0e3435e70d97fb52974c90befdff8d51b23ecf0a9e7e7a3235778931223c1e5,6999
Test/Mftf/Test/AdminPageBuilderProductsGridTest/AdminPageBuilderProductsSelectBySKUAndSortByPositionTest.xml,01318b060e33a67008a483365a1d6db7acd8c45d19cc666eee7c8b781d3ea4a9,9475
Test/Mftf/Test/AdminPageBuilderProductsGridTest/AdminPageBuilderProductsSelectBySKUAndVerifyProductRemovedAfterDeleteTest.xml,e4825d4137cd10e02e88ba398182ff9137d27257622ccff445db50fad1abb0dc,6122
Test/Mftf/Test/AdminPageBuilderProductsGridTest/AdminPageBuilderProductsSelectBySKUAndVerifyProductRemovedAfterSKUChangeTest.xml,183d8bbedc6df44359f11f6954e61205b5d9dd5e4f3decb74474f77cb1e493a4,6842
Test/Mftf/Test/AdminPageBuilderProductsGridTest/AdminPageBuilderProductsSelectBySKUWithSpecialCharacterAndVerifyProductIsDisplayedTest.xml,d8e2c28959fb4a41ca015935be783fdfb232d8497f6edf53f4d64f86dee757c5,5733
Test/Mftf/Test/AdminPageBuilderProductsGridTest/AdminPageBuilderProductsSortByCategoryPositionVerifyEmptyProductsAfterDeletingCategoryTest.xml,792665e61dc935f8c9fe2328e187bea8e2add01c8b51e69d296082b10663d643,2786
Test/Mftf/Test/AdminPageBuilderProductsGridTest/AdminPageBuilderProductsSortByCategoryPositionVerifyUpdatingPositionInCategoryUpdatesSortOrderTest.xml,82fa24274677a16e49eff0af44bbb6dc29a1ff977ca6881d1fdd22e814504d39,6567
Test/Mftf/Test/AdminPageBuilderProductsGridTest/AdminPageBuilderProductsVerifyProductItemsInteractionsOnStorefrontTest.xml,a298d816103058175c4edca22381e1c419c4b77027200bdce67af60c984a16eb,5611
Test/Mftf/Test/AdminPageBuilderProductsGridTest/AdminPageBuilderProductsWithCountTest.xml,5bdb8ed1f706f3c68a3837889b3c2864b6237d0345b4f712ff824b6d70be286b,13046
Test/Mftf/Test/AdminPageBuilderProductsGridTest/AdminPageBuilderVerifySwatchDisplayedInPreviewGridTest.xml,35b6d5c151f7218359b078bcab871184a12b78d1dfaee0a7e7280bf88c2c9b66,6347
Test/Mftf/Test/AdminPageBuilderProductsGridTest/ProductsUpdateAdvancedConfigurationValuesTest.xml,fa785ce1c2b71e936848dbec9babbce6ae16c011fdf5452b0b4719310c976b90,13957
Test/Mftf/Test/AdminPageBuilderProductsGridTest/ProductsWrapsInsideTinyColumnTest.xml,284c0df3e9d9fbe8e1ada42e98c29a798519aad54faba557fb442f81b957fa71,11398
Test/Mftf/Test/AdminPageBuilderReadNonMasterFormatTest/ReadHtmlTest.xml,a82fcff5571c3797164cfd73ad7d2c886a96f2475797d2511c3e6178a9fc8be2,3400
Test/Mftf/Test/AdminPageBuilderReadNonMasterFormatTest/ReadHtmlWithImageTest.xml,e5fab7fd313c9749113adcf427f41019e894007ed3f19acf98ed6ed8bb348025,3687
Test/Mftf/Test/AdminPageBuilderReadNonMasterFormatTest/ReadHtmlWithNewImageTest.xml,f6044d0afb8ef70a5a99ca9088411e506c153e60708026eeb5e4dda11224bc4d,7854
Test/Mftf/Test/AdminPageBuilderReadNonMasterFormatTest/ReadHtmlWithNonexistentDataRoleTest.xml,0e1cef269fbc77dd0dae5f34a93ea02459e85b72eb7634020b9321a0dd381987,3633
Test/Mftf/Test/AdminPageBuilderReadNonMasterFormatTest/ReadTextTest.xml,d882cbf5b76000951a775181dba4294888ac96a1884f64aca53ce2ab4b5902fc,3248
Test/Mftf/Test/AdminPageBuilderRowBackgroundAttributeTest/RowContainedInvalidVideoBackgroundNoFallbackImage.xml,2ec1a6815a73fc929f315cff430b7e54138d8c25319518a1af06dfc2b899fb33,5024
Test/Mftf/Test/AdminPageBuilderRowBackgroundAttributeTest/RowContainedValidateParallaxVideoBackground.xml,b7b0d9151f8148abd85f1dfeab2c22af6e5496fc101e22fa57e31b97b8f5a4e2,5967
Test/Mftf/Test/AdminPageBuilderRowBackgroundAttributeTest/RowContainedValidateVideoBackground.xml,e1c9ba735fd672426972a22dc3c29ff68a109d3683e002bbb45d5737e33859dd,10972
Test/Mftf/Test/AdminPageBuilderRowBackgroundAttributeTest/RowContainedVideoBackgroundNoFallbackImageDisabledLoopAndPlayWhenVisibleAndLazyLoad.xml,61d6aee068983cb8882797ef6daa7dc972b9cc9638b77b8580e29a6656faa48c,8652
Test/Mftf/Test/AdminPageBuilderRowBackgroundAttributeTest/RowContainedVideoBackgroundValidateFallbackImage.xml,c2b5d6492096f00e5d97c39f1f991b520a285d46cff1a70adaae4adf434ea938,6424
Test/Mftf/Test/AdminPageBuilderRowBackgroundAttributeTest/RowFullBleedInvalidVideoBackgroundNoFallbackImage.xml,cc89a80823f22be208a80505f02334176392bd7aa21c4c4d77370855fc010e80,1689
Test/Mftf/Test/AdminPageBuilderRowBackgroundAttributeTest/RowFullBleedValidateParallaxVideoBackground.xml,0ad6e20b8defb3d3f76ab100a9e4142004fcdfe37ad8b0fcddd283a4e2bdc9dd,6193
Test/Mftf/Test/AdminPageBuilderRowBackgroundAttributeTest/RowFullBleedValidateVideoBackground.xml,310301f3517b9a71ffe2ea5855ed4ef023fe22e30b96903bda1673a1249dd3d8,2152
Test/Mftf/Test/AdminPageBuilderRowBackgroundAttributeTest/RowFullBleedVideoBackgroundNoFallbackImageDisabledLoopAndPlayWhenVisibleAndLazyLoad.xml,7816b980f9799ecf3c3eaaf61b3c0ae1a3394f304ba2b785af68a988357b55bd,2109
Test/Mftf/Test/AdminPageBuilderRowBackgroundAttributeTest/RowFullBleedVideoBackgroundValidateFallbackImage.xml,4aa28bacb8c80f3d440f90f696f851ac03e010395c0b81552fca8f2798cbc23c,1660
Test/Mftf/Test/AdminPageBuilderRowBackgroundAttributeTest/RowFullWidthInvalidVideoBackgroundNoFallbackImage.xml,13546d5695fb83bf8c8225a7b14f69740861d21a7cc53c2bbde61a111d8d7380,1689
Test/Mftf/Test/AdminPageBuilderRowBackgroundAttributeTest/RowFullWidthValidateParallaxVideoBackground.xml,df0d6d805b314566f44ce874c5516f1d4c48ed82acb2e15aa441b21beceb1d7a,6193
Test/Mftf/Test/AdminPageBuilderRowBackgroundAttributeTest/RowFullWidthValidateVideoBackground.xml,4942b73ed720c68619227a9cef3ff53565b89385669e58dc2887d783decd5176,2152
Test/Mftf/Test/AdminPageBuilderRowBackgroundAttributeTest/RowFullWidthVideoBackgroundNoFallbackImageDisabledLoopAndPlayWhenVisibleAndLazyLoad.xml,22e010844ba386a2d2a69adf290aaa6dcb7d1b8ad174711d62f8daed460da3cf,2109
Test/Mftf/Test/AdminPageBuilderRowBackgroundAttributeTest/RowFullWidthVideoBackgroundValidateFallbackImage.xml,cfdf10237028430e1c6c753a43b9c4a50d6f058a23a4ed8e76f2e98b9d074472,1660
Test/Mftf/Test/AdminPageBuilderRowBackgroundAttributeTest/RowValidateBackgroundFormTest.xml,8d2d34f4201b4f29ef9d43de12b4802b2facfa4c1ed1b4576785400417e2dc8d,11350
Test/Mftf/Test/AdminPageBuilderRowBackgroundAttributeTest/RowValidateBackgroundSectionDefaultValuesTest.xml,9d23d0502dd6c36db807ba5e20f1d21c84db562ec1648bf393054d44d48abd04,9093
Test/Mftf/Test/AdminPageBuilderRowBackgroundAttributeTest/RowValidateVideoBackgroundAspectRatio.xml,5871598083af44fbc72ffa679cbde0ff7c94b2fe7a203cfd37189f48b1051353,7283
Test/Mftf/Test/AdminPageBuilderRowBackgroundAttributeTest/RowValidateVideoBackgroundInfiniteLoopDisabled.xml,2b086f1f7d0dfad41f8ecfbda36bff3114d961dd148d3375afb07efba024b99d,4436
Test/Mftf/Test/AdminPageBuilderRowBackgroundAttributeTest/RowValidateVideoBackgroundInfiniteLoopEnabled.xml,5af39f88187877ec001fb955f9ad2c5434dce27c0fa01d3432e1e8858d843788,6336
Test/Mftf/Test/AdminPageBuilderRowBackgroundAttributeTest/RowValidateVideoBackgroundLazyLoadDisabled.xml,72b636e7ee19bfacb3e177d64fb763891406e87b5e63d091b468c537264ab872,2450
Test/Mftf/Test/AdminPageBuilderRowBackgroundAttributeTest/RowValidateVideoBackgroundLazyLoadEnabled.xml,389b809f84935b4d2a81bd818bce7ca195fd671a0a2edb1e6a63bf3873b96ecd,2578
Test/Mftf/Test/AdminPageBuilderRowBackgroundAttributeTest/RowValidateVideoBackgroundPlayOnlyWhenVisibleDisabled.xml,8f16bb41050c46e391d2373391286f75161200190fd9930b7f5231c88dc64257,10751
Test/Mftf/Test/AdminPageBuilderRowBackgroundAttributeTest/RowValidateVideoBackgroundPlayOnlyWhenVisibleEnabled.xml,b5d738c36e0de21054e88964135433d23d63165caecacaa4535b3579a426b887,7898
Test/Mftf/Test/AdminPageBuilderRowBackgroundAttributeTest/RowValidateVideoBackgroundSectionDefaultValues.xml,6ac1a116cde0e983a465cb8b33f83134d34c941dec214cd1636ada7e456c2edf,5822
Test/Mftf/Test/AdminPageBuilderRowBackgroundAttributeTest/RowValidateVideoBackgroundVideoURLs.xml,ee71aacdc9aa8e8f78ae58fefd1c87848622dd126b0ac4c4f066733da4461a50,9764
Test/Mftf/Test/AdminPageBuilderRowBackgroundAttributeTest/RowVerifyCanSwitchBackgroundTypes.xml,f6e85f2d29e8463bbd0c78f0f31de293f37faeffe303f6ee64b65da78a992e9d,26403
Test/Mftf/Test/AdminPageBuilderRowLayoutTest/RowContainedMinHeightValidInputs.xml,82c51f3467bf3b491f093b5e054425de21b10f230036cd61839bf1796703383f,8970
Test/Mftf/Test/AdminPageBuilderRowLayoutTest/RowContentIsVerticallyAlignedTest.xml,cc77cfc333eb368f9ab8c6a68fb90a5cd919d2cda27c756bdd3cbe8c4221f155,10890
Test/Mftf/Test/AdminPageBuilderRowLayoutTest/RowContentIsVerticallyAlignedWithDifferentMinimumHeightsTest.xml,5010cc52499cc735e3fcd1754abfa1f62d70336e84e15e067d08e51862334e76,15641
Test/Mftf/Test/AdminPageBuilderRowLayoutTest/RowFullBleedMinHeightValidInputs.xml,8241acfad034467b7b9315acdc2beffcf316ec21c93b77f1cc346f76b81d2e87,1975
Test/Mftf/Test/AdminPageBuilderRowLayoutTest/RowFullWidthMinHeightValidInputs.xml,a75a30e6b9411304f8c76439ac0f008a47a575aa452c2d012897cab343eb4745,1975
Test/Mftf/Test/AdminPageBuilderRowLayoutTest/RowMinHeightInvalidInputsTest.xml,bbf1272809d6fb0d5f02e4b0a023a517065cb64ba0360b6fb55681f80754ab93,5171
Test/Mftf/Test/AdminPageBuilderRowLayoutTest/RowValidateLayoutSectionDefaultValuesTest.xml,4efc1a7dbb55684cb73d9d0d0c7febe5bcb759a5edf3a3ef9ebc7c6febb74854,8744
Test/Mftf/Test/AdminPageBuilderRowLayoutTest/RowWithBordersAndPaddingEqualToMinHeightTest.xml,68b32fdb01f89ca90cfe1f878d339c35d670150fb99b1fa231d5fcf2a3930a6a,5466
Test/Mftf/Test/AdminPageBuilderRowLayoutTest/RowWithBordersPaddingAndLargeContentsGreaterThanMinHeightTest.xml,1c78d872eb0562d98efc0d1b9865e956cce3a6646858391c59af3581966a1b5c,5997
Test/Mftf/Test/AdminPageBuilderRowParallaxBackgroundAttributeTest/RowCanAddParallaxBackgroundTest.xml,2858eceaba0cf82e27bbc3feaa52df2ecdeb1a89e2976ab8a79c66b9a9d5d20f,3529
Test/Mftf/Test/AdminPageBuilderRowParallaxBackgroundAttributeTest/RowHasParallaxDefaultSettingsTest.xml,230ad07346ad6d7c39e822a692d806ef3c2de1e22d7542fc51216eb877b594de,3595
Test/Mftf/Test/AdminPageBuilderRowTest/RowAddAdditionalRowAboveInitialRowTest.xml,3172bcf9a2a1c6b78d0c01aa0bb3d97097f52b11809d6d0ce023f7c06ecccf7f,4286
Test/Mftf/Test/AdminPageBuilderRowTest/RowAddAdditionalRowBelowInitialRowTest.xml,780107d976b68fec277b20ba7d855339c9730b5236bded1cee36d84e472c53b5,4229
Test/Mftf/Test/AdminPageBuilderRowTest/RowAppearancesFullWidthTextAlignmentTest.xml,6c67966087967adf2a1835243e1d749521f7d3d2fcabca841178413cd10f12fd,5213
Test/Mftf/Test/AdminPageBuilderRowTest/RowAppearancesTest.xml,ca7be8d2b9c613c48d26bcb3cbfcd5fde4e4aff674cf02406a2d80d1403f1f2f,12716
Test/Mftf/Test/AdminPageBuilderRowTest/RowAppearancesWarningMessageTest.xml,01e181e06afacc7b0ecc2a7e48394a43aa245b5148f81ccb501158e404f154a6,3710
Test/Mftf/Test/AdminPageBuilderRowTest/RowCanAddUnlimitedRowsTest.xml,dabb67bd0379b25a5c761cda4674c9162ae2f405a8165e149820a89082ed2fb8,5338
Test/Mftf/Test/AdminPageBuilderRowTest/RowCannotAddToColumnsTest.xml,1c7e25ec96739a5d641fdf32431f393d0072b2aa2bf42ba94007dacc9236ee8e,3036
Test/Mftf/Test/AdminPageBuilderRowTest/RowCannotAddToRowTest.xml,0d33397473b5a8f614baf986d1fc20601ae88aac8c176b2ccbe46b87c183f183,2613
Test/Mftf/Test/AdminPageBuilderRowTest/RowDuplicateTest.xml,ae12c39756dc94556224ee2131843d9d4ec466631ecf9eea078e45b3752a19a6,29354
Test/Mftf/Test/AdminPageBuilderRowTest/RowFullBleedAppearanceNoErrorThrownTest.xml,2b6ffd335d97f740d129274e1b683d6ddb2fde8eae4ddefc02b94b315b3c6d15,6056
Test/Mftf/Test/AdminPageBuilderRowTest/RowFullBleedAppearanceWithInvalidLayoutTest.xml,af3d0e0f718e2a27bd937b2fa12bf3e787934b43f5f7697837a1c9d416508797,5296
Test/Mftf/Test/AdminPageBuilderRowTest/RowFullWidthAppearanceWithInvalidLayoutTest.xml,330b3f02f0d8d134c5b1b5be2c8fd111ee3fe53c21a0bcf4dd532838accb577a,5298
Test/Mftf/Test/AdminPageBuilderRowTest/RowHeightAdjustsToContentWhenContentIsLargerSliderTest.xml,817bedbebc17e3af38a72a82ede23fbc71e18472fea073f1682c7e55972da429,4396
Test/Mftf/Test/AdminPageBuilderRowTest/RowHeightAdjustsToContentWhenContentIsSmallerHeadingTest.xml,0c2ad689057e2680731982aa607b83105da490d16bf596d925865e6db8518900,4801
Test/Mftf/Test/AdminPageBuilderRowTest/RowInitializeWithRowTest.xml,abbe9c333d966f35b19028b902b6a35527eecb5de2a3fdc5ba6b286f06113fd6,1711
Test/Mftf/Test/AdminPageBuilderRowTest/RowMinimumHeightIsObeyedWhenParallaxIsEnabledTest.xml,b09113630a6954078d82a3d93991e8d1f158cdae549ab6ad711d1c3240bccf0a,4103
Test/Mftf/Test/AdminPageBuilderRowTest/RowNoRequiredAttributesTest.xml,25465d42c20a1b6a373a4a43365a1562c64e719a960d7d35e5e9749acb6d4a1c,4078
Test/Mftf/Test/AdminPageBuilderRowTest/RowPlaceholderAndDisplayLabelInAdminPreviewTest.xml,b7139f603f30c3b0dc3e4446537f71c1054ec174f23f26a98daf78bf306c3cf0,2599
Test/Mftf/Test/AdminPageBuilderRowTest/RowRemoveRowFromStageTest.xml,0c9d79a8152f750cdbc0408504da54621fbd409391d6ec3ad6b0ed3c9ea6dd4c,2170
Test/Mftf/Test/AdminPageBuilderRowTest/RowUpdateAdvancedConfigurationValuesTest.xml,6f9a1b898ee636beaa698cd4c30cc54f529bc0a76efb06580f1c708774bc2e4b,12460
Test/Mftf/Test/AdminPageBuilderRowTest/RowValidateAdvancedConfigurationDefaultValuesTest.xml,b0c2276ad91bea7751e23526eee428d8711420e80d080212a719645502019a5c,10025
Test/Mftf/Test/AdminPageBuilderRowTest/RowValidateBorderOnAppearanceChangeTest.xml,b03d32c3e7a2c3ac7dc4c5bc5c890cdeb6e64ecfbeaa6ea6331f75b3f8751328,7923
Test/Mftf/Test/AdminPageBuilderRowTest/RowWithParallaxEnabledStillShowsBackgroundImageAfterAddingColumnToItTest.xml,cae442d89e99a0da5b65c41705a20e272d55818ddde18f659b88df92755fb53a,5665
Test/Mftf/Test/AdminPageBuilderRowTest/ValidateCannotMoveContentTypeIntoHiddenRowTest.xml,c369acfc19c8455cd9885702a3d4200bade368ffa1dbca97d43a31ea61f459ba,3132
Test/Mftf/Test/AdminPageBuilderRowTest/ValidateShowHideOnRowDefaultStateTest.xml,c90fa146e0b60f4c9527aa1323bccd7ae3f86f5d17312773072cd8098ca121a3,3983
Test/Mftf/Test/AdminPageBuilderRowTest/ValidateShowHideOnRowTest.xml,d0c7e26ffff52c588cd0ffea74b72469654134497a72ea70ad94725f3f569015,8456
Test/Mftf/Test/AdminPageBuilderSlideItemAppearanceCollageCenterTest/SlideCollageCenterOverlayPositionTest.xml,6aa88473435317b88fe1b2d4d56c85cb994383af7ffae8dda12cc01a4a7a066c,2677
Test/Mftf/Test/AdminPageBuilderSlideItemAppearanceCollageCenterTest/SlideCollageCenteredButtonNeverShowTest.xml,4fde079dc88fd2784e3c0b90b9adc405ed7f678be7479ce1400e25402121f6c8,1635
Test/Mftf/Test/AdminPageBuilderSlideItemAppearanceCollageCenterTest/SlideCollageCenteredButtonOnHoverTest.xml,0f974662a158f824f6aae37016afc2e82403a5095122f5d5caae90614811d7b1,1627
Test/Mftf/Test/AdminPageBuilderSlideItemAppearanceCollageCenterTest/SlideCollageCenteredMobileWithMobileImageValuesTest.xml,9623b21f068afc9335a33cb3effd1e77e89b6d410eba4c46ea2f2ddfc9ec5e7a,6563
Test/Mftf/Test/AdminPageBuilderSlideItemAppearanceCollageCenterTest/SlideCollageCenteredMobileWithoutMobileImageValuesTest.xml,85755d7f3b462a5ae1b48a5d5b842c35efb1838448242c9af3555a3e3eb17dca,5928
Test/Mftf/Test/AdminPageBuilderSlideItemAppearanceCollageCenterTest/SlideCollageCenteredOverlayAndButtonOnHoverTest.xml,1e293060934feeaa0175594d63d83f243dec361568dbed3068ccbc2998c56796,1671
Test/Mftf/Test/AdminPageBuilderSlideItemAppearanceCollageCenterTest/SlideCollageCenteredOverlayNeverShowTest.xml,2620f3f81220deefbd6daf5e8878571519524923bc1b25f2b0cbc94c6943e2e6,1639
Test/Mftf/Test/AdminPageBuilderSlideItemAppearanceCollageCenterTest/SlideCollageCenteredOverlayOnHoverTest.xml,34b50948b32fbe01213e1d28847f0a4f0b4add9cc20999537888a870010afa10,1631
Test/Mftf/Test/AdminPageBuilderSlideItemAppearanceCollageCenterTest/SlideItemCollageCenterCanInlineEditContentTest.xml,37bd001b1167a7ef8a76165bfa2ea2d71eed32b5f8354967c12c4c5c20a5d857,1208
Test/Mftf/Test/AdminPageBuilderSlideItemAppearanceCollageCenterTest/SlideItemCollageCenterCanInlineEditContentWhenIn25PercentWidthColumnTest.xml,c8e7db2bfb916e7908b34144348dd92db4f28c1ca631af99dbac31dd61d0f561,1652
Test/Mftf/Test/AdminPageBuilderSlideItemAppearanceCollageCenterTest/SlideItemCollageCenterUpdateAdvancedConfigurationValuesTest.xml,6f2b3b6879ba6d3e5d66b60dcff830231bc00580c80dee0c70faaedfe035fe10,7970
Test/Mftf/Test/AdminPageBuilderSlideItemAppearanceCollageCenterTest/SlideItemCollageCenterUpdateAllAttributesTest.xml,9c7d0bab986d6caa95ed7fa80515b2cfef15909a43885d9389c3d9d75dae1e9c,9765
Test/Mftf/Test/AdminPageBuilderSlideItemAppearanceCollageCenterTest/SlideItemCollageCenterWYSIWYGDisabledInlineEditTest.xml,d587ad51322ecb733f9b03e5154ce29be57f7a33b93ec8d0ef967e49084d2d8e,2778
Test/Mftf/Test/AdminPageBuilderSlideItemAppearanceCollageCenterTest/SlideOverlayAndButtonDoNotGoOutsideContainerOnCollageCenterAppearanceTest.xml,d948527b636c8457364d59ea3b03786b0bcb10f608b2c5927e504bdedc474291,2490
Test/Mftf/Test/AdminPageBuilderSlideItemAppearanceCollageCenterTest/SliderCollageCenterAlignmentInheritanceTest.xml,1a2284ff91ee78b7c47c6e03c6efeee81eb63256e976d23f227ddbd7e4f092b2,1859
Test/Mftf/Test/AdminPageBuilderSlideItemAppearanceCollageCenterTest/SliderCollageCenterButtonsCanBeEditedInlineTest.xml,8145c77705d0c91af3c6c8e282f51dd13be0101e65d7fdabb2bc9a9b22cf22fd,1249
Test/Mftf/Test/AdminPageBuilderSlideItemAppearanceCollageCenterTest/SliderCollageCenterHtmlValueInButtonsTest.xml,752638e5d02f32eeb07476b3461c6eddd37a1ba0404a16ec0a2fc901638b747b,4992
Test/Mftf/Test/AdminPageBuilderSlideItemAppearanceCollageCenterTest/SliderCollageCenterInvalidVideoBackgroundNoFallbackImage.xml,b47a88b63496b1324100fccf1d233ce44f00d5bb4f23cf4686d9398004b5c01e,1314
Test/Mftf/Test/AdminPageBuilderSlideItemAppearanceCollageCenterTest/SliderCollageCenterNonBreakingSpaceValueInButtonsTest.xml,0079a63d441c4170e6d6a00295858c751007da37d0accc99f6dd66de55d79a20,4995
Test/Mftf/Test/AdminPageBuilderSlideItemAppearanceCollageCenterTest/SliderCollageCenterValidateVideoBackground.xml,eb47bf420e1f2d45b86a7146b35b9181b080115944c9ae98c5ddea64417dcd96,1227
Test/Mftf/Test/AdminPageBuilderSlideItemAppearanceCollageCenterTest/SliderCollageCenterVideoBackgroundNoFallbackImageDisabledLoopAndPlayWhenVisibleAndLazyLoad.xml,fd1c3d9446b6a7bf2df82ab5695691cfc0e14db8aa52d5bc44df3eee17832b8a,1437
Test/Mftf/Test/AdminPageBuilderSlideItemAppearanceCollageCenterTest/SliderCollageCenterVideoBackgroundValidateFallbackImage.xml,7de06e9d6a5ef2a68b381208649e43dd8cab05b1ef3c0cbf64a3f94f5e3a7c98,1323
Test/Mftf/Test/AdminPageBuilderSlideItemAppearanceCollageCenterTest/SliderMinHeightWithCollageCenterSlideMinHeight.xml,f8be1344dd3532cd1ef7e6738ce66cc4464555a6717d4d05827e0f3380e4cb85,2062
Test/Mftf/Test/AdminPageBuilderSlideItemAppearanceCollageLeftTest/SlideCollageLeftButtonNeverShowTest.xml,70eaf831521d499656532591eb5ac8f802a285f5189742a472851d1e7174baa3,1603
Test/Mftf/Test/AdminPageBuilderSlideItemAppearanceCollageLeftTest/SlideCollageLeftButtonOnHoverTest.xml,a2fd2fb918a7559838aa811195b02d14b7de3fabeabb624995817838dae70738,1595
Test/Mftf/Test/AdminPageBuilderSlideItemAppearanceCollageLeftTest/SlideCollageLeftMobileWithMobileImageValuesTest.xml,2ce6325ab4ac32338095d95ee5905b4ea10229283a87fb20537f3ec46e534aa8,1224
Test/Mftf/Test/AdminPageBuilderSlideItemAppearanceCollageLeftTest/SlideCollageLeftMobileWithoutMobileImageValuesTest.xml,34984dd1549367cb09a91881b3a5602b1d28113c08b2e6fa35743fd5e1faf931,1236
Test/Mftf/Test/AdminPageBuilderSlideItemAppearanceCollageLeftTest/SlideCollageLeftOverlayAndButtonOnHoverTest.xml,5d626a823e3f888016ac75e4d3026dbad6d7fb575dc7a8a86a259409fa6f9b87,1639
Test/Mftf/Test/AdminPageBuilderSlideItemAppearanceCollageLeftTest/SlideCollageLeftOverlayNeverShowTest.xml,81231d6aef6f74d815f76f08618f82da42c94b6b89bb89c25d2ccfece9e7311e,1607
Test/Mftf/Test/AdminPageBuilderSlideItemAppearanceCollageLeftTest/SlideCollageLeftOverlayOnHoverTest.xml,e49a77ba85e9f308a00f9058d75a5704e6c514cb793f6934fdf675ac50c22fa9,1599
Test/Mftf/Test/AdminPageBuilderSlideItemAppearanceCollageLeftTest/SlideCollageLeftOverlayPositionTest.xml,06b73b0d73d5fcbb4b3e342cc8af993ee4ff301370e6d9dbe5c8b1f339af135f,6028
Test/Mftf/Test/AdminPageBuilderSlideItemAppearanceCollageLeftTest/SlideItemCollageLeftCanInlineEditContentTest.xml,4a6a0203a2d3fb3e5e23990ee2c0f68ce2cfb337e71b6ff0ddbea456dc074bfd,1196
Test/Mftf/Test/AdminPageBuilderSlideItemAppearanceCollageLeftTest/SlideItemCollageLeftCanInlineEditContentWhenIn25PercentWidthColumnTest.xml,da3092bda58f84d4513ba0007c6a4e271b3d1833e4b8d5c7b341922a52064481,1640
Test/Mftf/Test/AdminPageBuilderSlideItemAppearanceCollageLeftTest/SlideItemCollageLeftUpdateAdvancedConfigurationValuesTest.xml,37c372033c5611143e92dee74a9cbfdba6802f87f61525672739063fef23d0c4,7930
Test/Mftf/Test/AdminPageBuilderSlideItemAppearanceCollageLeftTest/SlideItemCollageLeftUpdateAllAttributesTest.xml,a439fe40b3f7d935e607bc974196a34f71e7f6f7ef19b4ab7eea6970ada57e61,9733
Test/Mftf/Test/AdminPageBuilderSlideItemAppearanceCollageLeftTest/SlideItemCollageLeftWYSIWYGDisabledInlineEditTest.xml,a3eb2a9206a40e2b636864e45560d0cea2d84c011941d17e416193791c4db3d6,2766
Test/Mftf/Test/AdminPageBuilderSlideItemAppearanceCollageLeftTest/SlideItemCollageLeftWithBordersAndPaddingEqualToMinHeightTest.xml,6283f25bccf969dc7a68431d87a3f40c8588aabb0593b68a22c0e975e9b4ffd6,3191
Test/Mftf/Test/AdminPageBuilderSlideItemAppearanceCollageLeftTest/SlideOverlayAndButtonDoNotGoOutsideContainerOnCollageLeftAppearanceTest.xml,e481f6dd9aa98970ce6988e2ddc77400b6f7dfbc1f00b977ed4a92e96be0b2ba,2476
Test/Mftf/Test/AdminPageBuilderSlideItemAppearanceCollageLeftTest/SliderCollageLeftAlignmentInheritanceTest.xml,2f372b1b0d25094a07df2fb3787fcc66c5a6d504fc9734df4521b8365f79c25d,1849
Test/Mftf/Test/AdminPageBuilderSlideItemAppearanceCollageLeftTest/SliderCollageLeftButtonsCanBeEditedInlineTest.xml,bbbf8d9963aaf89891818022b8bf8318830c961e9ee167ea9b3d1019a988944f,1235
Test/Mftf/Test/AdminPageBuilderSlideItemAppearanceCollageLeftTest/SliderCollageLeftHtmlValueInButtonsTest.xml,3ccb4634655b6b640cd1a9a6d1fe86012717d8c0bd0a78bca2b6a152a5b1ef7e,1221
Test/Mftf/Test/AdminPageBuilderSlideItemAppearanceCollageLeftTest/SliderCollageLeftInvalidVideoBackgroundNoFallbackImage.xml,bc6f8958891febfc57d298011e53a48f3dc4d7eb511ce3065727a6a9f0b359a4,1304
Test/Mftf/Test/AdminPageBuilderSlideItemAppearanceCollageLeftTest/SliderCollageLeftNonBreakingSpaceValueInButtonsTest.xml,ba61e612bed45e08e308f65fd380beee38b124a14805a1f5d7a90d0d9c26fcd0,1276
Test/Mftf/Test/AdminPageBuilderSlideItemAppearanceCollageLeftTest/SliderCollageLeftValidateVideoBackground.xml,05012a83c08cb47f67daa587eff1627c9d56043e871f0dabf9e83e4bef85b40d,1215
Test/Mftf/Test/AdminPageBuilderSlideItemAppearanceCollageLeftTest/SliderCollageLeftVideoBackgroundNoFallbackImageDisabledLoopAndPlayWhenVisibleAndLazyLoad.xml,73afdeb1438c27b929ac36768cd8af8b33fe993e9323b36af54b25a05303614b,1427
Test/Mftf/Test/AdminPageBuilderSlideItemAppearanceCollageLeftTest/SliderCollageLeftVideoBackgroundValidateFallbackImage.xml,d672e48128a8812f9d061c986ec79f355a5344e865fd2e736e79c5bcc97dacb3,1311
Test/Mftf/Test/AdminPageBuilderSlideItemAppearanceCollageLeftTest/SliderMinHeightWithCollageLeftSlideMinHeight.xml,4eeb4538e60c5ed303a5fd6fff3f932455b9b4c5767e947b24bfc604ea1b3365,2050
Test/Mftf/Test/AdminPageBuilderSlideItemAppearanceCollageRightTest/SlideCollageRightButtonNeverShowTest.xml,792a90a5daa57904e57a3deab40b4b3ec4992cddb40a992bb5707943dbc62e42,1612
Test/Mftf/Test/AdminPageBuilderSlideItemAppearanceCollageRightTest/SlideCollageRightButtonOnHoverTest.xml,d9acac43beaf404bbd6ba8edfd5c9a64631c84d9488ebf58795dd8c5cbf76445,1604
Test/Mftf/Test/AdminPageBuilderSlideItemAppearanceCollageRightTest/SlideCollageRightMobileWithMobileImageValuesTest.xml,6c38a7b8130d8385013e256f7237af09339c0ffbd30c4b1bf017d162b066a773,1230
Test/Mftf/Test/AdminPageBuilderSlideItemAppearanceCollageRightTest/SlideCollageRightMobileWithoutMobileImageValuesTest.xml,5eb737a24bb2488ab3f802bbf266f4d7ae8a1c98a5e191a1cde7a577facb4b1a,1242
Test/Mftf/Test/AdminPageBuilderSlideItemAppearanceCollageRightTest/SlideCollageRightOverlayAndButtonOnHoverTest.xml,a1e74da568be3f970fcf3e7004fa6d758123ccb7886a5984842f251b541af873,1648
Test/Mftf/Test/AdminPageBuilderSlideItemAppearanceCollageRightTest/SlideCollageRightOverlayNeverShowTest.xml,d028f960e731a859a6205c312f16fadcf6fe799b7ab5dfda1de79bd916505104,1616
Test/Mftf/Test/AdminPageBuilderSlideItemAppearanceCollageRightTest/SlideCollageRightOverlayOnHoverTest.xml,1a4403abadcce556270ec5388bc744af905a28cb342b0b314f7aa586858ba090,1608
Test/Mftf/Test/AdminPageBuilderSlideItemAppearanceCollageRightTest/SlideCollageRightOverlayPositionTest.xml,978c3fc528c0df8ff127b997bf66956d9ac412e8f9733982ba9a79aa20b0477c,2666
Test/Mftf/Test/AdminPageBuilderSlideItemAppearanceCollageRightTest/SlideItemCollageRightCanInlineEditContentTest.xml,3cb3b2cc28a8406d87ea1af933a38fb8b20a6feb778d67b12fbc3923d3247e04,1201
Test/Mftf/Test/AdminPageBuilderSlideItemAppearanceCollageRightTest/SlideItemCollageRightCanInlineEditContentWhenIn25PercentWidthColumnTest.xml,f20a28788f86e0ebb234fb3cd9376add1b3d76f0e4b702056dfe305e934c9388,1645
Test/Mftf/Test/AdminPageBuilderSlideItemAppearanceCollageRightTest/SlideItemCollageRightUpdateAdvancedConfigurationValuesTest.xml,c885b48085733a63920152744ac9ae505c5220c9b066e955c741c2b81d1ef840,7935
Test/Mftf/Test/AdminPageBuilderSlideItemAppearanceCollageRightTest/SlideItemCollageRightUpdateAllAttributesTest.xml,6d015d742837d35d044683fea8c334012cba0834d0ad44206ddd5346b96ddf18,9702
Test/Mftf/Test/AdminPageBuilderSlideItemAppearanceCollageRightTest/SlideItemCollageRightWYSIWYGDisabledInlineEditTest.xml,9d57bb152d05609ff6b337ab1ced7f80585c58880e173226646c4569a3d16b27,2771
Test/Mftf/Test/AdminPageBuilderSlideItemAppearanceCollageRightTest/SlideOverlayAndButtonDoNotGoOutsideContainerOnCollageRightAppearanceTest.xml,547ee23282cf0f61caac7ecf8f98aab6a8ac6f19f5ddad78f3e40ca0adbc3a57,2482
Test/Mftf/Test/AdminPageBuilderSlideItemAppearanceCollageRightTest/SliderCollageRightAlignmentInheritanceTest.xml,d7f1af0e888ef19b1e0cf27c7bf2adcbb67d90729bb453d8a8cd486a0768ae0c,1853
Test/Mftf/Test/AdminPageBuilderSlideItemAppearanceCollageRightTest/SliderCollageRightButtonsCanBeEditedInlineTest.xml,cfd6ae6a20ed8d23c7d8e61337fb69bb07700ffdf626389a5dd131cc734dea55,1241
Test/Mftf/Test/AdminPageBuilderSlideItemAppearanceCollageRightTest/SliderCollageRightHtmlValueInButtonsTest.xml,f3fb4d66a14ec0b4ae063afba28819b81e7208e3fb7b7900564587920f326c75,1225
Test/Mftf/Test/AdminPageBuilderSlideItemAppearanceCollageRightTest/SliderCollageRightInvalidVideoBackgroundNoFallbackImage.xml,e0fe0d91a19c6255fb2f52dedf7b1e7b3b17c905d40b34cd0e1a604d4177278a,1308
Test/Mftf/Test/AdminPageBuilderSlideItemAppearanceCollageRightTest/SliderCollageRightNonBreakingSpaceValueInButtonsTest.xml,39d0176dee677aed83f233f581223b757cafc397c1fca9a894e4a58f13f7657e,1280
Test/Mftf/Test/AdminPageBuilderSlideItemAppearanceCollageRightTest/SliderCollageRightValidateVideoBackground.xml,7f3405c3b3b0d641df62fa55343759451b83ba9dc156a2b27765a0cd15c025af,1220
Test/Mftf/Test/AdminPageBuilderSlideItemAppearanceCollageRightTest/SliderCollageRightVideoBackgroundNoFallbackImageDisabledLoopAndPlayWhenVisibleAndLazyLoad.xml,a31ecb3581f31b78a9611ec66036a5d64e0ddddef61f8adc74ac2f53bcf53ef5,1431
Test/Mftf/Test/AdminPageBuilderSlideItemAppearanceCollageRightTest/SliderCollageRightVideoBackgroundValidateFallbackImage.xml,8106bbaa69ea16be1a724ae9bc7f532b844067cd7d9d1e71e9596dce8525b22c,1316
Test/Mftf/Test/AdminPageBuilderSlideItemAppearanceCollageRightTest/SliderMinHeightWithCollageRightSlideMinHeight.xml,ac8be3492f1aee6b24a620b552ff8da05b3d0bfe03b8a48da587454d2f979e5a,2055
Test/Mftf/Test/AdminPageBuilderSlideItemAppearancePosterTest/SlideItemPosterButtonNeverShowTest.xml,a0094029feb9759753fcecbc09928fac5c1a7fb2051c8bdb5dbfe828e75f8649,6845
Test/Mftf/Test/AdminPageBuilderSlideItemAppearancePosterTest/SlideItemPosterButtonOnHoverTest.xml,a992c1212c33040963d8392ed2c1a056194f9a41ec5fcb541394443f5a744c6c,7510
Test/Mftf/Test/AdminPageBuilderSlideItemAppearancePosterTest/SlideItemPosterCanInlineEditContentTest.xml,d0c73143e0987cddf52bce16704fd4a0d7811626892aca5669a9edc7971c68ad,5364
Test/Mftf/Test/AdminPageBuilderSlideItemAppearancePosterTest/SlideItemPosterCanInlineEditContentWhenIn25PercentWidthColumnTest.xml,c43d951870e79f6e8962b51a206790a691a4d86a28162b330c5a114fc61fc8e6,7188
Test/Mftf/Test/AdminPageBuilderSlideItemAppearancePosterTest/SlideItemPosterOverlayAndButtonOnHoverTest.xml,53ebb91b90238bf61a432400e28ba2f38ab9f2031a0fc48c0b499027978f17cb,12125
Test/Mftf/Test/AdminPageBuilderSlideItemAppearancePosterTest/SlideItemPosterOverlayNeverShowTest.xml,f93bf00c2ef31afa0020d9025402a48cb93f6996e2dccd1fffb85a98649f24cd,8640
Test/Mftf/Test/AdminPageBuilderSlideItemAppearancePosterTest/SlideItemPosterOverlayOnHoverTest.xml,8fcb5cc166f4a3b410c035db4c92ec77768995400ff75851575695673acfab0b,9481
Test/Mftf/Test/AdminPageBuilderSlideItemAppearancePosterTest/SlideItemPosterOverlayPositionTest.xml,afc46c321879989454813ad31d16cdd6e70470d6796d10590a8de5e90c8ed2d6,4862
Test/Mftf/Test/AdminPageBuilderSlideItemAppearancePosterTest/SlideItemPosterUpdateAdvancedConfigurationValuesTest.xml,f8786f64bfa91e0c900de2f0258634e8d464711ded31f7f3777a04c3dafa76a8,18057
Test/Mftf/Test/AdminPageBuilderSlideItemAppearancePosterTest/SlideItemPosterUpdateAllAttributesTest.xml,baeec41ad6e1cf574dba35796abf51dc08a0befbfa0953c76a9f41385e1a3442,45615
Test/Mftf/Test/AdminPageBuilderSlideItemAppearancePosterTest/SlideItemPosterWYSIWYGDisabledInlineEditTest.xml,e67f1313aa90ebd1458e8c8af2cd49d3dad18b30beb28cdf7ef9b5142d245160,2552
Test/Mftf/Test/AdminPageBuilderSlideItemAppearancePosterTest/SlideItemPosterWithBordersAndPaddingEqualToMinHeightTest.xml,139e437b0f624e8973c678db21f8737e28b24467a10ff7c9e2f3977825e18e29,3250
Test/Mftf/Test/AdminPageBuilderSlideItemAppearancePosterTest/SlideOverlayAndButtonDoNotGoOutsideContainerOnPosterAppearanceTest.xml,f614cac9e22ca796d93c69069687b697697fdf6292a2d8d6aac5c3d7a282847d,7967
Test/Mftf/Test/AdminPageBuilderSlideItemAppearancePosterTest/SliderItemPosterButtonsCanBeEditedInlineTest.xml,b889a48cb95a4b1b81a3cd0cc0d07c3904fc7f9bde5b100b2773bc2f2c5c8c8e,4806
Test/Mftf/Test/AdminPageBuilderSlideItemAppearancePosterTest/SliderPosterAlignmentInheritanceTest.xml,cb152de7e68c1afd7b6bd7f7e3002f77029e593156a4e7fe8934749b42da3c28,11127
Test/Mftf/Test/AdminPageBuilderSlideItemAppearancePosterTest/SliderPosterHtmlValueInButtonsTest.xml,635f917f5ff2e6592a1e943ef00497fef8b87916eabf01aaba10c5f0780bf1fb,1203
Test/Mftf/Test/AdminPageBuilderSlideItemAppearancePosterTest/SliderPosterInvalidVideoBackgroundNoFallbackImage.xml,bec1bc6e94f9cb6f68a4ff7335a9bbb11ba1bef21f2a486d1f2e326caeead1a8,6457
Test/Mftf/Test/AdminPageBuilderSlideItemAppearancePosterTest/SliderPosterNonBreakingSpaceValueInButtonsTest.xml,dfcf1e634f49a59fefc2da718e9c105e993fcbb2d91192ac42755f572a898a53,1258
Test/Mftf/Test/AdminPageBuilderSlideItemAppearancePosterTest/SliderPosterValidatePaddingOnAppearanceChangeTest.xml,a3e1859fe273f7a95007b8e88d4a14214920ba24b79d7002cd2e94ea5abb2c69,8366
Test/Mftf/Test/AdminPageBuilderSlideItemAppearancePosterTest/SliderPosterValidateVideoBackground.xml,9c2a05134760946229dcab9b7d166eb169524a12c2a7ea681909aa4a678c9401,12439
Test/Mftf/Test/AdminPageBuilderSlideItemAppearancePosterTest/SliderPosterVideoBackgroundNoFallbackImageDisabledLoopAndPlayWhenVisibleAndLazyLoad.xml,d52d894b486ee1e081c921551f78d1d291d6f0186e8d9f1e89279d91013f69fc,10296
Test/Mftf/Test/AdminPageBuilderSlideItemAppearancePosterTest/SliderPosterVideoBackgroundValidateFallbackImage.xml,47ae3be184e259e2f206218a933ce10d9204a2004e0fddb9658ce15ffeb9f054,7894
Test/Mftf/Test/AdminPageBuilderSlideItemCommonTest/SlideContentVariableCanWrapTest.xml,76b85d21eca361537678fa4ada9da1f6811acd8db478aeb74ce5152cd02a64e0,6249
Test/Mftf/Test/AdminPageBuilderSlideItemCommonTest/SlideItemAppearanceSectionDefaultsTest.xml,41f4fd1fd0bff2400e30bb4e52b1a551a1c531e2cbe386f909cbb7f083b43dba,3992
Test/Mftf/Test/AdminPageBuilderSlideItemCommonTest/SlideItemBackgroundColorAlwaysDisplayedTest.xml,329c27ea58f782c682c63ad66c463fa95792e5708c349cb7324e0fda045942fc,12220
Test/Mftf/Test/AdminPageBuilderSlideItemCommonTest/SlideItemBackgroundImageInvalidFileTypeValidationTest.xml,86cd65874a3395f6ba9c94b998486825211867d9c6a30a9931a2f7002f46218c,1895
Test/Mftf/Test/AdminPageBuilderSlideItemCommonTest/SlideItemBackgroundSectionDefaultsTest.xml,e42afa8f6dafc75ff42aa9b26eb420e6d9e24e4ede63c68290460d5fb92cea97,16061
Test/Mftf/Test/AdminPageBuilderSlideItemCommonTest/SlideItemBorderIsVisibleTest.xml,8c5630425a1be10d7115011be072c673b16f93525cf625f904977bda23abfa01,4680
Test/Mftf/Test/AdminPageBuilderSlideItemCommonTest/SlideItemCannotDeleteLastSlideTest.xml,831c92dc67a69798e5af1e1bb7abf829c45d9f4f48c9c8ceb01ae9a7198660aa,4495
Test/Mftf/Test/AdminPageBuilderSlideItemCommonTest/SlideItemCannotHaveInlineWysiwygLinkAndLinkUrlTest.xml,4d1cd37c306d6e3fce9e338dd81ae6567285973acc7905f2f0ad13018189d5b0,8165
Test/Mftf/Test/AdminPageBuilderSlideItemCommonTest/SlideItemCannotHaveInlineWysiwygWidgetAndLinkUrlTest.xml,81318ef2a04ce6ce9efd63c87eed7673d9a2c5e273d81a3f4a3b436d1467cef9,9154
Test/Mftf/Test/AdminPageBuilderSlideItemCommonTest/SlideItemContainedVerifyCanSwitchBackgroundTypes.xml,9f5cb4d41f3651ac3b7ff840d2d471db2096c56bee3b284afbc8ba7b4fab3892,26261
Test/Mftf/Test/AdminPageBuilderSlideItemCommonTest/SlideItemContentSectionDefaultsTest.xml,025c3edd29c93c684b4def6b3a73c16a3ec60683ac9af0e20e709c5546347678,14421
Test/Mftf/Test/AdminPageBuilderSlideItemCommonTest/SlideItemDeleteImageTest.xml,628bef133288ff8d562d3dbfb1fa5280883fbba8930fb0918472085c1ada5be4,6665
Test/Mftf/Test/AdminPageBuilderSlideItemCommonTest/SlideItemDeleteSlideItemTest.xml,a0dff9b6acc1d5912f46d8ccc21f7ca7aedac5170ff81ae4f3b06ef522e51198,5182
Test/Mftf/Test/AdminPageBuilderSlideItemCommonTest/SlideItemDoesNotNavigateInPreviewTest.xml,601dba906691e1f592cc1d846800ee4cd5e491f1b270094f205732cf7c80fdf5,3349
Test/Mftf/Test/AdminPageBuilderSlideItemCommonTest/SlideItemEmptyLinkURLDoesNothingOnStorefrontTest.xml,d2693d382189fd68b8688390912c258b5bca70213f3aea0f82cc9889726d3094,4055
Test/Mftf/Test/AdminPageBuilderSlideItemCommonTest/SlideItemHasEditButtonTextButtonStyledInAdminAndStorefrontTest.xml,6e47fa077fa7d5000fd73bd24b37c1f4357ea69177507f17d345f72701251158,12195
Test/Mftf/Test/AdminPageBuilderSlideItemCommonTest/SlideItemInlineWysiwygUploadImageTest.xml,70f228a70954372ea7674a77b96d11221a0e91f432040b94e6162468e8c25d26,7578
Test/Mftf/Test/AdminPageBuilderSlideItemCommonTest/SlideItemLinkURLFunctionsTest.xml,536e6a8b118ce2fb27a2c5aa4a14a1c251159f3d1870f2ca0f46a396fda2d2fa,4055
Test/Mftf/Test/AdminPageBuilderSlideItemCommonTest/SlideItemMoveSlideItemsToRearrangeTest.xml,f1a874cd556b1fd6dcdb89e91ab9934d2e6b7179df83da4321d58d6801c3237d,11734
Test/Mftf/Test/AdminPageBuilderSlideItemCommonTest/SlideItemNotActiveValidateVideoBackgroundLazyLoadEnabledWithSliderFadeDisabled.xml,1b9fe8938c14a507f4c99ff9ea7eac35fe9b2f60ff45d6fbdb0cbdd5b41e5a78,2675
Test/Mftf/Test/AdminPageBuilderSlideItemCommonTest/SlideItemNotActiveValidateVideoBackgroundLazyLoadEnabledWithSliderFadeEnabled.xml,36a1fb99df33d9f70707f404c952272897b2b469483728c274f1c19490d7e988,1428
Test/Mftf/Test/AdminPageBuilderSlideItemCommonTest/SlideItemNotActiveValidateVideoBackgroundPlayOnlyWhenVisibleEnabledWithSliderFadeDisabled.xml,5f3e182eac3ce6f875bd377f97db365deb77bf1260be337f2660e4e732605ff8,7688
Test/Mftf/Test/AdminPageBuilderSlideItemCommonTest/SlideItemNotActiveValidateVideoBackgroundPlayOnlyWhenVisibleEnabledWithSliderFadeEnabled.xml,ce7102ef79b6145aafcb0becf1d594e32bc0dc0c855a069195d1241383175bce,1465
Test/Mftf/Test/AdminPageBuilderSlideItemCommonTest/SlideItemOverflowNotHiddenAfterDuplicatingParent.xml,3de86d81b98645d82a23cdbbb131dda40ded5eb656ea1742c1f1cc7109c885a3,3793
Test/Mftf/Test/AdminPageBuilderSlideItemCommonTest/SlideItemTextContainingPageBuilderMarkupWontBreakStageTest.xml,e4888e96dbc5f5fc9ee45b7bfcaa591523eda5df1f2cca8b407064a6d847daef,3296
Test/Mftf/Test/AdminPageBuilderSlideItemCommonTest/SlideItemTinyMCEMenuOpensInFrontOfVideoBackground.xml,0ccde96fc84680388d6cb5ffcd9a5ee3fea2f0071eefffbab8da014156542457,6329
Test/Mftf/Test/AdminPageBuilderSlideItemCommonTest/SlideItemUploadImageFromStageTest.xml,178fde13a50461b0f251416e024e2e2cc1f4b721993006a543bce48089d1669a,5731
Test/Mftf/Test/AdminPageBuilderSlideItemCommonTest/SlideItemValidateAdvancedConfigurationDefaultValuesTest.xml,2dc07e90b917b85c72ab56f417cef340a42cb0d68ff3c4e54183252948314b94,15236
Test/Mftf/Test/AdminPageBuilderSlideItemCommonTest/SlideItemValidateSlideCannotBeHiddenTest.xml,ede8d42338e7c6a922b595d53419243ac49e0d0c55dcd505cc50a414a0bb435f,2636
Test/Mftf/Test/AdminPageBuilderSlideItemCommonTest/SlideItemValidateVideoBackgroundAspectRatio.xml,f73664d63dbc7254c00ac0edaee3302c200a92ebbd7dca6444b557f2be69ade4,11067
Test/Mftf/Test/AdminPageBuilderSlideItemCommonTest/SlideItemValidateVideoBackgroundInfiniteLoopDisabled.xml,18a80f5983b47fc8cb625a9d548a4d652325b6b0fb19bb2c8dc49d821407c314,4479
Test/Mftf/Test/AdminPageBuilderSlideItemCommonTest/SlideItemValidateVideoBackgroundInfiniteLoopEnabled.xml,4ddc2dfddcbc84bc9efe9a4e4ff6c4c9fd8ef660c99ecf723b27a2782b93efde,6371
Test/Mftf/Test/AdminPageBuilderSlideItemCommonTest/SlideItemValidateVideoBackgroundLazyLoadDisabled.xml,9ffeaf359f3efc1e7ded52f239a0d2ff5c8994d2274d3ec80600dc29bde8a476,2254
Test/Mftf/Test/AdminPageBuilderSlideItemCommonTest/SlideItemValidateVideoBackgroundLazyLoadEnabled.xml,196f8ffaf8067fc34cf4f5afe77dbb050cc2249c4672a09eb8d9ffcb4bd68787,2256
Test/Mftf/Test/AdminPageBuilderSlideItemCommonTest/SlideItemValidateVideoBackgroundPlayOnlyWhenVisibleDisabled.xml,6a7482acc6a8cd2bbf734fe28723d4cf52339105ab983333b2321be6346e67dd,10184
Test/Mftf/Test/AdminPageBuilderSlideItemCommonTest/SlideItemValidateVideoBackgroundPlayOnlyWhenVisibleEnabled.xml,0ada9b1fa2c535429ff7a35972ce69319cc95b9499637c134a24e000cd5097c9,6947
Test/Mftf/Test/AdminPageBuilderSlideItemCommonTest/SlideItemValidateVideoBackgroundSectionDefaultValues.xml,cf4f001e0ff89ccf1c0bd80d4bfd8ae9616acd571f98e14d82b277b3768cf09d,6240
Test/Mftf/Test/AdminPageBuilderSlideItemCommonTest/SlideItemValidateVideoBackgroundVideoURLs.xml,a1f58d11fa69a231988181164f0790055c131c0e3199447c2709ff3aa3c282a5,11042
Test/Mftf/Test/AdminPageBuilderSlideItemCommonTest/SlideItemVerifyEmptySlideDefaultStateTest.xml,421066c658079b6278f9bb4f93cb27822bf4f7c1833959c79bceca6e7131bf1f,7843
Test/Mftf/Test/AdminPageBuilderSlideItemCommonTest/SlideItemVerifyStageUploadImageButtonsForEachAppearanceTest.xml,d10f2a7cfb468d0f37184863bd67ee7acaa96d57c7eed1cfb934873f25def8f5,6299
Test/Mftf/Test/AdminPageBuilderSlideItemCommonTest/SlideItemVerifyStageUploadImageButtonsWorkWithVideoBackground.xml,417d1546887467ff6adb774d3dd9cbb87a2b1122a326f86db3735cff1205583f,6141
Test/Mftf/Test/AdminPageBuilderSlideItemCommonTest/SlideItemWithDefaultMinHeightAdjustsToContentHeightTest.xml,375b471c79af0e15388e95513ebf83b1cd84d58987992aed408b085b095aad1b,6683
Test/Mftf/Test/AdminPageBuilderSlideItemCommonTest/SlideNameDoesNotRenderHtmlTest.xml,d100871824844d22aee7739e71ccd8cb75a41bdd98539409cf7484751c7df446,3613
Test/Mftf/Test/AdminPageBuilderSlideItemCommonTest/SlideUploadImageWithSecretKeyEnabledTest.xml,a80755767a34ab9024fe7e8fec006ceb7fef1906fd4b55dad90b5266606aa838,2504
Test/Mftf/Test/AdminPageBuilderSliderCommonTests/SlideInlineWYSIWYGWidgetAndVariableStyleTest.xml,16e2e74bed956a1f7b99ea131b6d21503196f12539f9f0855e0a5daf1d4e05d8,3736
Test/Mftf/Test/AdminPageBuilderSliderCommonTests/SliderAddToColumnTest.xml,9ec19bdc3e22e4c7d50acd8f7607434c852bbfd120cb4f6afa94ae7eb1484d2a,4987
Test/Mftf/Test/AdminPageBuilderSliderCommonTests/SliderAllAttributesTest.xml,3e49b349f512431b4a4edb1fa7f92fbc444f8f4000a5b7c0dcab11983466b176,18721
Test/Mftf/Test/AdminPageBuilderSliderCommonTests/SliderCanBeDeletedAfterAccidentalDragTest.xml,65759e579fcd2e8573675d398342c07e7dcbdb2a7b9336d97d2c6eb7f58730fc,3193
Test/Mftf/Test/AdminPageBuilderSliderCommonTests/SliderCanBeNavigatedQuicklyTest.xml,9a5784f2974e159b080212fef6e94f65aa3ebb6b4b0a900f74f08a803722fb40,4277
Test/Mftf/Test/AdminPageBuilderSliderCommonTests/SliderCanHaveContentPlacedAboveTest.xml,a5b2028c3bd9305893d56d0c450cbfd1e60590e63b7846d4b03112123bbfa149,3903
Test/Mftf/Test/AdminPageBuilderSliderCommonTests/SliderCanManageSlidesTest.xml,e677dd58bef57f9677fc502e01f4468798e0bab81b21f418523381e95d0f5036,8376
Test/Mftf/Test/AdminPageBuilderSliderCommonTests/SliderCannotAddToStageTest.xml,efd8f03e9363f1874e87db8320568786bb4bdf99012f33cd66b639e73160a1e2,2272
Test/Mftf/Test/AdminPageBuilderSliderCommonTests/SliderCannotHaveContentDroppedInsideTest.xml,399bc6ea0fee419975078d9f810d3e33a0205797adb0fed129e1a4a58a4b8815,6430
Test/Mftf/Test/AdminPageBuilderSliderCommonTests/SliderDeleteTest.xml,b2e9163ca63c1fcdf0ea0cc1e507d674bc206d691226f88759c2b168f521be6d,4262
Test/Mftf/Test/AdminPageBuilderSliderCommonTests/SliderDuplicateTest.xml,188fe7b7d1ff7919ddf094d8c1abd4b660d363f9ff31993a32030caa42733852,30190
Test/Mftf/Test/AdminPageBuilderSliderCommonTests/SliderFadeCanBeInlineEditedTest.xml,902ff790814592e2e867505f2774dbf8ebded6f699885a3894ef1452791c53f6,6372
Test/Mftf/Test/AdminPageBuilderSliderCommonTests/SliderMinHeightWithPosterSlideMinHeight.xml,ea91103212c289f30ee372a92751ab52edd3cc41bbfbadaf2ffa29c431a03253,19527
Test/Mftf/Test/AdminPageBuilderSliderCommonTests/SliderMoveSliderTest.xml,7246f340f4cad9c33a071c1ed1500613d87fe67f81e01399668608f7db827ca0,11232
Test/Mftf/Test/AdminPageBuilderSliderCommonTests/SliderSettingsSectionDefaultsTest.xml,e4e2673b360ebef2c76a46a2ea41f11d36512eace3b2f06a78c12a1a2c9275be,8725
Test/Mftf/Test/AdminPageBuilderSliderCommonTests/SliderUpdateAdvancedConfigurationValuesTest.xml,81a628c1ee1c50ee0ec6fd9c8bbb4f9bb13c61482a73e381c643a11c7f317723,17964
Test/Mftf/Test/AdminPageBuilderSliderCommonTests/SliderValidateAdvancedConfigurationDefaultValuesTest.xml,c526c7b7aa40ccdc63d776599e070127bc6417acedcff763e8eafb75f612706f,16432
Test/Mftf/Test/AdminPageBuilderSliderCommonTests/SliderValidateInfiniteLoopDisabled.xml,f5e24eba8121eb28df40a8b444a3e6f7a09d2a690e09a01a42d37a391e6a4bd4,2200
Test/Mftf/Test/AdminPageBuilderSliderCommonTests/SliderValidateInfiniteLoopEnabled.xml,299c8771a0f77cfedafec0f2535882d9b45ff470f1f8c2c54ab3d5a9f7302767,8455
Test/Mftf/Test/AdminPageBuilderSliderCommonTests/SliderValidateShowHideOnSliderDefaultStateTest.xml,78fe16e81cb48331979e3300e3a2bae365a13fa39e170c02caf4db95af3fc9ce,4648
Test/Mftf/Test/AdminPageBuilderSliderCommonTests/SliderValidateShowHideOnSliderTest.xml,98efa9497e296995246a5e064c3f599a230e980637c778eb75b2fac12d540b43,6795
Test/Mftf/Test/AdminPageBuilderSliderCommonTests/SliderWithBordersAndPaddingEqualToMinHeightTest.xml,c5527c52f332fb657888d97da63a46ac04f9f830eb6e2d2f0e212592d77e15b7,4822
Test/Mftf/Test/AdminPageBuilderSliderCommonTests/SliderWithNoDotsEqualToMinHeightTest.xml,7b4bf53b2419bfbc7cdce17cd2ecb7cfd1beb5abacf14a1b779b828832537637,4582
Test/Mftf/Test/AdminPageBuilderTabGroupTest/TabsAdvancedSettingsApplyInAdminPreviewAndStorefrontTest.xml,410f2766be3d445e98422ddb97d80603fa2d2b518a7805ffd981c8d157803d1c,7969
Test/Mftf/Test/AdminPageBuilderTabGroupTest/TabsCanAddToColumnTest.xml,c5118f95c04e97c105e2cc95b279844bc96702556fafd8a6750be75d8bfd3e2c,4942
Test/Mftf/Test/AdminPageBuilderTabGroupTest/TabsDefaultActiveTabToSecondTabTest.xml,2d6633fa90497da786d4d01411d21b9b5e9f8133b754adb93426b3f2a17097da,4277
Test/Mftf/Test/AdminPageBuilderTabGroupTest/TabsDuplicateDefaultEmptyStateTabTest.xml,9cb2e44e11da68c1d6092e5094357fe9694203a7799d0ff372af6140de2a112f,3482
Test/Mftf/Test/AdminPageBuilderTabGroupTest/TabsDuplicateTabWithCustomizedTabContentTest.xml,d0f5e1e0e829839888025e2f3ae25dc77b0ae3e219120e4a5ac4a0c8006f60b6,7197
Test/Mftf/Test/AdminPageBuilderTabGroupTest/TabsDuplicateTabWithCustomizedTabSettingsTest.xml,fb5c2a44d36a2acaca4cd28e4ed1c07f4a923f2daa95b701201f2044959f59d2,5851
Test/Mftf/Test/AdminPageBuilderTabGroupTest/TabsDuplicateTest.xml,dbc92b5d6f1289a4a56d4f4463a8200a099f14141ac5f3ac5c6d390594c1f733,5906
Test/Mftf/Test/AdminPageBuilderTabGroupTest/TabsMinHeightAppliesInAdminPreviewAndStorefrontTest.xml,06bd805e4d2d316f51cb532d408735480b934f5e4f8a13fb853e3b15332dabe4,4775
Test/Mftf/Test/AdminPageBuilderTabGroupTest/TabsMovesTabsTest.xml,24c4dd7a82bbba1b1e77ffedf6651b3efe09a9b2600923d4e3ed4b7139867c6c,7193
Test/Mftf/Test/AdminPageBuilderTabGroupTest/TabsNavAlignCenterAppliesInAdminPreviewAndStorefrontTest.xml,ce1de7298d3034898d430b0c6bad52aeaa51875de9385e036f03691928480fb4,4439
Test/Mftf/Test/AdminPageBuilderTabGroupTest/TabsNavAlignRightAppliesInAdminPreviewAndStorefrontTest.xml,96e5e28b2731d4f11e4f8a203cba4d00a6040410224e5adf4c70e7ba2000d14d,4426
Test/Mftf/Test/AdminPageBuilderTabGroupTest/TabsRearrangeTabItemsTest.xml,1a858bb26232f1a123a93e54503387bccb0755f52c37d8955636d87bb806a3a8,4944
Test/Mftf/Test/AdminPageBuilderTabGroupTest/TabsRendersAndIsInteractiveAfterDroppingSomeColumnsAboveTest.xml,d4663dfef6681a5d6b873eb2b98789e8da4c9ac1164d42bbfd8c86e320d1c0de,6202
Test/Mftf/Test/AdminPageBuilderTabGroupTest/TabsValidateAdvancedConfigurationDefaultValuesTest.xml,80d5f346516680bd78bec00ca7b8f5982978f42bb2c081b115a58468648649f1,6970
Test/Mftf/Test/AdminPageBuilderTabGroupTest/TabsWithBordersAndPaddingEqualToMinHeightTest.xml,1124764c58578829256545c72fc1ca144f583d567d78759deea3e088d27ba6cf,3875
Test/Mftf/Test/AdminPageBuilderTabGroupTest/ValidateCannotMoveContentTypeIntoHiddenTabTest.xml,f9ac7de4f65c12f7705d9a5a8240430168c349e934630e4e4bbfe9ed0fa12707,3190
Test/Mftf/Test/AdminPageBuilderTabGroupTest/ValidateShowHideOnTabChildDefaultStateTest.xml,7d324a18fba1a2d3ac198293835a766ec6ab55f579683d7d3a217b665b9148f0,4919
Test/Mftf/Test/AdminPageBuilderTabGroupTest/ValidateShowHideOnTabsDefaultStateTest.xml,0b23596d98be5520dc5d32d613630da163aa5b755703341c2e8e68a3675ab69b,3793
Test/Mftf/Test/AdminPageBuilderTabGroupTest/ValidateShowHideOnTabsTest.xml,983f1fb0ab8d091ad7e6fffff0b28f19b7b6da5e193310cafcf0140758f42ad8,8642
Test/Mftf/Test/AdminPageBuilderTabGroupTest/ValidateTabChildHideShowTest.xml,89457528a2546cc072ab74475658c04bcc4523f2275890d4f05a9c9c0f03c761,6784
Test/Mftf/Test/AdminPageBuilderTabGroupTest/ValidateTabItemNotHideableTest.xml,858b282b08900a9d82baab10838f2810ecf348bf892df33833deeac5d13a22b6,2506
Test/Mftf/Test/AdminPageBuilderTabItemBackgroundAttributeTest/TabItemValidateBackgroundFormTest.xml,63259af4e4c96dfd3026effbd21596e54cbe9ff38a211d304a872780ba282605,10812
Test/Mftf/Test/AdminPageBuilderTabItemBackgroundAttributeTest/TabItemValidateBackgroundSectionDefaultValuesTest.xml,11f72fbbade3e66c9d3859ae4ebd532441b7f77e3f9473e31d6405bf7d4a7c8e,9389
Test/Mftf/Test/AdminPageBuilderTabItemConfigurationTest/AddTabsWithBackgroundColorAndMinHeightTest.xml,737e4a7a53f3c8a15444d5aa558137b34484981fc480c916e7ee0ac582a93468,13643
Test/Mftf/Test/AdminPageBuilderTabItemConfigurationTest/AddTabsWithBackgroundGifBottomAutoContainScrollFixedYesBackgroundRepeatAfterSaveTest.xml,5262abc42439e42df808d6c68a36ddef611701160b3bb8f196a6c2e008221093,17509
Test/Mftf/Test/AdminPageBuilderTabItemConfigurationTest/AddTabsWithBackgroundGifCenterAutoContainFixedNoBackgroundRepeatTest.xml,8f376e4d177ee5a39f566c603b43ce41ea76d217830d470bf4798c7864c8ddb2,13395
Test/Mftf/Test/AdminPageBuilderTabItemConfigurationTest/AddTabsWithBackgroundJpgBottomCoverScrollFixedNoBackgroundRepeatTest.xml,a06490bf0226b5f51b201b7c660c879ca7e0e5ca55a240c22f2418f42243f246,12535
Test/Mftf/Test/AdminPageBuilderTabItemConfigurationTest/AddTabsWithBackgroundJpgCenterAutoContainScrollFixedNoBackgroundRepeatTest.xml,73c9de52f118b26ddb122e19fc69f0194922ac1939d53d83cf82bef6000b0979,13420
Test/Mftf/Test/AdminPageBuilderTabItemConfigurationTest/AddTabsWithBackgroundJpgCenterCoverScrollFixedNoBackgroundRepeatTest.xml,1e9b9611b13949cd261b208af7e05fe633c3e66287f91d3039564b50d1ff1105,15406
Test/Mftf/Test/AdminPageBuilderTabItemConfigurationTest/AddTabsWithBackgroundJpgCenterCoverScrollFixedYesBackgroundRepeatTest.xml,ef5d952eed6642abcedec0adf3a73714a6702648ed21224bcfbc7311164e295c,12314
Test/Mftf/Test/AdminPageBuilderTabItemConfigurationTest/AddTabsWithBackgroundJpgTopCoverScrollFixedNoBackgroundRepeatTest.xml,ffc10116eca36d7d6ed20dadffc0243004bdc168aec4d4e9df0ce1d29e23e87f,13021
Test/Mftf/Test/AdminPageBuilderTabItemConfigurationTest/AddTabsWithBackgroundJpgTopCoverScrollFixedYesBackgroundRepeatTest.xml,e77e3124fb2e8836307cd69fe028728708f51017dc23e6fef24784c193a5f9e9,11915
Test/Mftf/Test/AdminPageBuilderTabItemConfigurationTest/AddTabsWithBackgroundPngBottomAutoContainScrollNoBackgroundRepeatAfterSaveTest.xml,d3e2784e66a000473cab6904c7faa9357baf39bfb8a2290d6481f8cc1b1f387f,16620
Test/Mftf/Test/AdminPageBuilderTabItemConfigurationTest/AddTabsWithBackgroundPngTopAutoContainScrollFixedYesBackgroundRepeatTest.xml,8fb53b9102c6985e05d7c6c721c7af0617f92fc2b83c4740c64b5467a29df6b1,13408
Test/Mftf/Test/AdminPageBuilderTabItemConfigurationTest/DefaultTabItemStateOnAddingNewTabTest.xml,0ebc0a65100025511a4f69a5ebf9f629a94d2713fce7276e62cbeccc67ba6b06,16101
Test/Mftf/Test/AdminPageBuilderTabItemConfigurationTest/EditTabNameByClickingOnHeaderInStageTest.xml,8e19381d05b3eb1abc53eff1d39fae9c910e76bc9bbba12c1672c05e5440ce87,4712
Test/Mftf/Test/AdminPageBuilderTabItemConfigurationTest/TabHeaderNonBreakingSpaceValueInStageTest.xml,af7ca544cea735ad6198e21f479bc56621b487951fde76cd69447f1a73ecb8e2,4085
Test/Mftf/Test/AdminPageBuilderTabItemConfigurationTest/TabItemUpdateAdvancedConfigurationValuesTest.xml,4554edc7e86af43b74dca29f7302269bcde8114a29e5a47fb25236fe05e53876,17436
Test/Mftf/Test/AdminPageBuilderTabItemConfigurationTest/TabItemValidateAdvancedConfigurationDefaultValuesTest.xml,70b7ac3edf20b891ab7a507bf158b24399e9688488b0986ef635ae8c597f9d97,13699
Test/Mftf/Test/AdminPageBuilderTabItemContentTest/CanAddBannerToTabTest.xml,1725ec5383e144296f8a01e76e1c4fd15394302cc5bfb073017840d8c5874193,4593
Test/Mftf/Test/AdminPageBuilderTabItemContentTest/CanAddButtonToTabTest.xml,5a31e5bef3da7e4e080835b142ef287bba6f32d69c4b0e270fa597a765bed283,3790
Test/Mftf/Test/AdminPageBuilderTabItemContentTest/CanAddColumnToTabTest.xml,00201f7acc02ffa02490b1f2f1856b4902ecc8f44ac5300391033c7a11fe6954,6189
Test/Mftf/Test/AdminPageBuilderTabItemContentTest/CanAddContentTypeToTabTest.xml,5aa4ccdecc7bfa40ec19be6a3deeec88e70b4473c974dec6e7b009e8475a56e0,4358
Test/Mftf/Test/AdminPageBuilderTabItemContentTest/CanAddDividerToTabTest.xml,6f02bbcdd583efec3bada5be52e8e2741990ec5a16b7eb62355872519ad5ff94,5222
Test/Mftf/Test/AdminPageBuilderTabItemContentTest/CanAddHeadingToTabTest.xml,3737d67ab95c133adc075417a7e6d1c4c6e325db0cf9e5672fe9535ade08fdb1,4398
Test/Mftf/Test/AdminPageBuilderTabItemContentTest/CanAddHtmlToTabTest.xml,c0b440fb8bef64dc2f7d30c34a1af8b1e880d76eeae25986ac201a962bc75f9e,4616
Test/Mftf/Test/AdminPageBuilderTabItemContentTest/CanAddImageToTabTest.xml,c25d3e1d504b191e2a64507a018c182022fdfe2c7f63900b7408d135289b289f,5977
Test/Mftf/Test/AdminPageBuilderTabItemContentTest/CanAddMapToTabTest.xml,2156b0c5ee50ca5c3eb260b40d26a69c8d7ea0f46e5c2f4fa67b8b56d7f2a022,3950
Test/Mftf/Test/AdminPageBuilderTabItemContentTest/CanAddProductsToTabTest.xml,9d0100602aacbab0bc584a41151c970ae5f33ff249341a684cf1b95474fce5ae,5124
Test/Mftf/Test/AdminPageBuilderTabItemContentTest/CanAddSliderToSecondaryTabTest.xml,aa66b459811b988e1b8c9f70200495cbab77360d0c30bda9ca54aba32952597f,9933
Test/Mftf/Test/AdminPageBuilderTabItemContentTest/CanAddSliderToTabTest.xml,cd27f69d9e464ad4da8fa43975a0200d43317fc7c15312f41c9753181f1d3230,6298
Test/Mftf/Test/AdminPageBuilderTabItemContentTest/CanAddTextToTabTest.xml,3e7927d6d721c3fd3842522224fff682bf27bdc4e70587b55ed2e2e2433872dd,4555
Test/Mftf/Test/AdminPageBuilderTabItemContentTest/CanAddVideoToTabTest.xml,ac957cb71b0acc03a87767c501af983f5486e1aa423c240d420c9e6859bee9d5,5514
Test/Mftf/Test/AdminPageBuilderTabItemContentTest/CannotAddColumnToTabInsideColumnTest.xml,98291ebf05150b439cd5a42370c05cdc9f4c135140a2c4ff9cf34948e4efb7c6,3718
Test/Mftf/Test/AdminPageBuilderTabItemContentTest/CannotAddRowToTabTest.xml,3c60232b7b4f27ee0b4716afb4b38eabc5365eb4cd21c7984f795adf87b5c3a2,3392
Test/Mftf/Test/AdminPageBuilderTabItemContentTest/CannotAddTabsToTabTest.xml,e82d19daee604c078eca077a7029c8da13a5445f266b7cf0325ef98bf80d255e,3288
Test/Mftf/Test/AdminPageBuilderTabItemContentTest/TabMaintainsDefaultMinimumHeightWithContentTest.xml,e546e16381668856fcb020c7ed1f2807e58044e3923a8adcbfb6daa95e62d1c7,5333
Test/Mftf/Test/AdminPageBuilderTabItemDeleteTest/TabsDismissedCustomizedTabRemovalConfirmationPersistsSessionTest.xml,21eb60b62e4e0e1e1ec78f61ba8bff32e652b574f2af03a09c04037898c00f85,7734
Test/Mftf/Test/AdminPageBuilderTabItemDeleteTest/TabsOnDeleteCorrectTabBecomesActiveAndFocusedTest.xml,e5d8451c2ba1f257d971b34f23b2034b68a30ac5544137acdfd102e00d6b91dc,4240
Test/Mftf/Test/AdminPageBuilderTabItemDeleteTest/TabsRemoveConfiguredSecondTabWithConfirmationTest.xml,d1026cdba9f7a80ab248b0cdf9e27510283f0d373e71258a99593321cb62c14c,4408
Test/Mftf/Test/AdminPageBuilderTabItemDeleteTest/TabsRemoveConfiguredTabsContainerWithConfirmationTest.xml,5ccefc7a26a79377938b6edf201231c4e867d3cc5278924bb83d501117bc1872,3693
Test/Mftf/Test/AdminPageBuilderTabItemDeleteTest/TabsRemoveLastTabByDeletingTabsContentTypeTest.xml,0220da990fd76643ae8ed06ebd9e8d3710a615016ac8445ef458d52b4182de4a,4943
Test/Mftf/Test/AdminPageBuilderTabItemDeleteTest/TabsRemoveSecondTabContainingTextWithConfirmationTest.xml,e82b4b90a06e02dfa8d40290e918605858313fd34da6d7f124cd75ba93d5db5f,5410
Test/Mftf/Test/AdminPageBuilderTabItemDeleteTest/TabsRemoveSecondTabDefaultStateTest.xml,fac0893f757f5b7ebc75ad56b59685597820020bd6f12db02296b9a45f77d9ab,4948
Test/Mftf/Test/AdminPageBuilderTabItemLayoutTest/TabContentIsVerticallyAlignedBottomTest.xml,c49316e3f89a8409c1c86312b4e1d9258a467c7796421e8385fc158ef4766a28,5933
Test/Mftf/Test/AdminPageBuilderTabItemLayoutTest/TabContentIsVerticallyAlignedBottomWithMinimumHeightsTest.xml,7bf1bffb9243b494119573e5680947d86d5885f8c513bb7ff9afc3b05673dfad,7444
Test/Mftf/Test/AdminPageBuilderTabItemLayoutTest/TabContentIsVerticallyAlignedCenterTest.xml,da42254eb3b56b2b2cb4a1f28b58a2c7f58aa887c8983d1fb18f3174797c67a5,5931
Test/Mftf/Test/AdminPageBuilderTabItemLayoutTest/TabContentIsVerticallyAlignedCenterWithMinimumHeightTest.xml,bd3784c0b91612673db75c1736ff3239da54b5b18e241f9bbe441084b5292d85,7440
Test/Mftf/Test/AdminPageBuilderTabItemLayoutTest/TabContentIsVerticallyAlignedTopTest.xml,9b58924bf0d1f84f200919d1d0dd24c61075fff6dad2c890a0428866b51b2bd8,5889
Test/Mftf/Test/AdminPageBuilderTabItemLayoutTest/TabContentIsVerticallyAlignedTopWithMinimumHeightTest.xml,83b3bfded809121dae60a65f810752ba13226e69c85ea90141876790c16351e7,7402
Test/Mftf/Test/AdminPageBuilderTabItemLayoutTest/TabItemMinHeightInvalidInputsTest.xml,953179e74f905876765044073c08bec5b3a927edf3bab16bafe223cf838c7531,5617
Test/Mftf/Test/AdminPageBuilderTabItemLayoutTest/TabItemValidateLayoutSectionDefaultValuesTest.xml,0cde7bfcbecfc95d9900f73a06b4b4ed4293f5251c5f2e11e424decd658affbc,7463
Test/Mftf/Test/AdminPageBuilderTabItemLayoutTest/TabItemWithBordersAndPaddingEqualToMinHeightTest.xml,852763b33b056a85f37ff1987720410b62b499805beb67928f5b30d71f20e5ba,3307
Test/Mftf/Test/AdminPageBuilderTabItemLayoutTest/TabItemWithBordersPaddingAndLargeContentsGreaterThanMinHeightTest.xml,a2e4a066eace467dbdf394271a8ac8bd42491d33b8017c466edac700512f3d12,4520
Test/Mftf/Test/AdminPageBuilderTemplateTests/PageBuilderApplyTemplateGridFunctionality.xml,881942b425fc6e933bb27002034d10bc365cee7b26954b26e7c816d226f5889f,15925
Test/Mftf/Test/AdminPageBuilderTemplateTests/PageBuilderApplyTemplateMultipleTimes.xml,21c1c890a8634abec82499a80fb1834950da0a45e2b7a5d11c7a590b18105ccc,6174
Test/Mftf/Test/AdminPageBuilderTemplateTests/PageBuilderApplyTemplatesPermission.xml,ca83531cec28f7ddb31f0d49b5b55b64d3e2f08d8a93fca10d1e829d85fff66f,7563
Test/Mftf/Test/AdminPageBuilderTemplateTests/PageBuilderCreateTemplateAndValidateTemplateGridData.xml,87591b0dc8dab4066932bf0dfdce23e455e93ccd4b360602a5972cad58c1ffaa,4745
Test/Mftf/Test/AdminPageBuilderTemplateTests/PageBuilderCreateTemplateOnCMSBlockForPageAndApplyTemplateToCatalogCategory.xml,5ef8bcf73442beb25d194095fc866935ebb1acd7745d513ceea5352c384447ae,5321
Test/Mftf/Test/AdminPageBuilderTemplateTests/PageBuilderCreateTemplateWithSecretKeyEnabledTest.xml,aedd89d319ef261b818563e451c5bde6c3b42ffb466c2bb15484528ce5d04507,11339
Test/Mftf/Test/AdminPageBuilderTemplateTests/PageBuilderDeleteTemplate.xml,ef9b57f0923dcf972ab91a25cbbd56be9e61e38929b6040a6d49a3e6da489447,4367
Test/Mftf/Test/AdminPageBuilderTemplateTests/PageBuilderDeleteTemplatesPermission.xml,2d003c9d272c1c7712144fbcf712320cf58c65abbb49ca744d74e37f43ce02c9,7525
Test/Mftf/Test/AdminPageBuilderTemplateTests/PageBuilderMustSavePageForApplyTemplateToSave.xml,b74cfd2a889a7acf4460cd1b0b7fdb81cd755cb481625b36d60b71d9a36b909c,4902
Test/Mftf/Test/AdminPageBuilderTemplateTests/PageBuilderSaveTemplatesPermission.xml,f5df65c1f9a84febbfdb98889fdab50040f451a2ecf2b8416685aecf4c04b790,6676
Test/Mftf/Test/AdminPageBuilderTemplateTests/PageBuilderTemplateGridPageGridFunctionality.xml,e031e772824081621c41bdf84d89c15ee5c1ea4379c629495b37773fb97513e6,20759
Test/Mftf/Test/AdminPageBuilderTemplateTests/PageBuilderTemplatesDisablePageBuilder.xml,94890ae991c3796208caf90eeb73fc1c643124a80651572d2bf8726f8a74c4f1,2346
Test/Mftf/Test/AdminPageBuilderTemplateTests/PageBuilderTemplatesPermission.xml,6eaddb645790af9d47bf2c99c70ce41ab54c2f18c094c8a8085848876a35538d,4172
Test/Mftf/Test/AdminPageBuilderTemplateTests/PageBuilderVerifySaveContentAsTemplateModalAndApplyTemplateSlideOut.xml,65759dc679c88f35c5d0f92348100f92b6de000f412f9b92a3d71309105aa2c3,16490
Test/Mftf/Test/AdminPageBuilderTextTest/AdminSaveCmsPageAfterCopyFromHeadingAndPasteToTextTest.xml,c09fc8706457041728bb6c7855933cfd842b67e81d4d7020105c6105838856ab,5151
Test/Mftf/Test/AdminPageBuilderTextTest/TextAddLinkToTextInlineWYSIWYGTest.xml,941575c4a225f664de3403c78a2690ade5b138c844712bb53bbc626c195bc3f3,3315
Test/Mftf/Test/AdminPageBuilderTextTest/TextAddTextWithCustomTinyMCETest.xml,66b6a37f2ffc27394ba414d4d0d02664b28d69be2bf91316548d1fc21e5fc5d5,4448
Test/Mftf/Test/AdminPageBuilderTextTest/TextAddTextWithTinyMCETest.xml,716087ea492d79c69f91cc7fb334794103673f6bb642f0e83b6d8f60e69c2bb2,5602
Test/Mftf/Test/AdminPageBuilderTextTest/TextAddVariableWithinStringInlineWYSWIYGTest.xml,1dd45b163cf1179209dcb79c7e5b52794617db917f71590587e0b9193c0e787f,5668
Test/Mftf/Test/AdminPageBuilderTextTest/TextAddWYSIWYGContentTypeToColumnOnStageTextTest.xml,b8d24d7ea849b1e97f2821dce4c7bcf52bef56c72d7ad0d2ecfa5787ed9c7d2a,11233
Test/Mftf/Test/AdminPageBuilderTextTest/TextAddWYSIWYGContentTypeToTabOnStageTest.xml,f5471d7c53263bf1ce51406646286bc0e0fbc46bd2277951de1ef18a1b2605ee,11113
Test/Mftf/Test/AdminPageBuilderTextTest/TextAddWidgetWithinStringInlineWYSIWYGTest.xml,793c882f61143d5f32b3e88f20d1ec69d2f1daaa217d2283478dc5c85f18a2b3,5887
Test/Mftf/Test/AdminPageBuilderTextTest/TextAlignmentInheritanceTest.xml,494bf5e9b49daf6247a78dae82a9547e6345870a26ca9b09c2c9481e80af50f3,6546
Test/Mftf/Test/AdminPageBuilderTextTest/TextAreaInitalStatusTest.xml,117031307f5d78458850467fac35f6defea2d84138970b1934285eb740b75f3f,3831
Test/Mftf/Test/AdminPageBuilderTextTest/TextCanAddToColumnTest.xml,2dfee8e3acb8b848367cd3ab67f9c7b4dfbe19b447c0869ac2c7d95a602a73d5,4888
Test/Mftf/Test/AdminPageBuilderTextTest/TextCannotAddToStageTest.xml,b1d20e8e76d9e2bc331b36ffce6b783724e98ca946b6f94391563dfaf9269935,2206
Test/Mftf/Test/AdminPageBuilderTextTest/TextContainingPageBuilderMarkupWontBreakStageTest.xml,bda47e42bf9c31fb49457f748cf1449a950764ca53bcd26dabe4075f681bc69d,3273
Test/Mftf/Test/AdminPageBuilderTextTest/TextCopyAndPasteAllTextInlineWYSIWYGTest.xml,510c6dc8c9dfcbb22806d48cb0cf787f4ca77259ff806fbff0aac95ce717802e,4415
Test/Mftf/Test/AdminPageBuilderTextTest/TextDataConsistencyBetweenTextEditorWithoutTinyMCETest.xml,72f3e0cf390409acb72c05dc56e00a1459e332a24f034aa11d6da3cad243ce4e,11223
Test/Mftf/Test/AdminPageBuilderTextTest/TextDeleteTest.xml,16c7fdf2b5efca6cf71a381e5da8b43488befc7593b4128bb7908a24c3051205,2409
Test/Mftf/Test/AdminPageBuilderTextTest/TextDisabledByDefaultWYSIWYGUpdateAdvancedConfigurationValuesTest.xml,711134c9a05254e35365491f9a3cfc6dc225e4d44e053094bf5d87a3a658dfa3,2018
Test/Mftf/Test/AdminPageBuilderTextTest/TextDisabledWYSIWYGAddImageTest.xml,4e6b9708ba2ebec5addd7f54d504b032c513db38a0c31c189e311ca4404d9b92,6557
Test/Mftf/Test/AdminPageBuilderTextTest/TextDisabledWYSIWYGAddTextTest.xml,0204261317971f9dd4fcfdf137821a356df939fd0ba1c041ca252abb642f562c,5848
Test/Mftf/Test/AdminPageBuilderTextTest/TextDisabledWYSIWYGAddVariableTest.xml,fdac565b5d11db73cda72bec81e40465962626639f2aac663602573832404aaf,6677
Test/Mftf/Test/AdminPageBuilderTextTest/TextDisabledWYSIWYGAddWidgetTest.xml,1df8ed3b4e673ff12798af35612bf698f33e2ef9fe8d7bb263421388bfa38416,6697
Test/Mftf/Test/AdminPageBuilderTextTest/TextDisabledWYSIWYGUpdateAdvancedConfigurationValuesTest.xml,4b66b43617fe6f74bf9fa9190fd3822dd9ec10d86d1c0fa562cf5f17d4489b23,1566
Test/Mftf/Test/AdminPageBuilderTextTest/TextDuplicateTest.xml,8323adeb0e3f1fc0ee0549b91d6e5632afb0f7640a6457e2350d02a36ac99699,15252
Test/Mftf/Test/AdminPageBuilderTextTest/TextHasNoRequiredTest.xml,bccc517716b6d6bd1ecf8d0845821834fc03f952e00c260810f184904abdffdf,2980
Test/Mftf/Test/AdminPageBuilderTextTest/TextHeightConsistencyBetweenStageAndStorefrontTest.xml,af0e80e99077afb0b027fef64652a37579e9280b6f968eb75e54f4ec1a08b971,3897
Test/Mftf/Test/AdminPageBuilderTextTest/TextInlineImageEditingTest.xml,b19ac36921ca18d0301e4308d5266d4bf140f4a6a0eb0cd44ef58e78ea79ecbf,7080
Test/Mftf/Test/AdminPageBuilderTextTest/TextInlineTextEditingTest.xml,2c90057445231bc5c8eef88a41585ef260237975f945ce86575783a5a5632cc3,4483
Test/Mftf/Test/AdminPageBuilderTextTest/TextInlineVariableEditingTest.xml,9f0f5c58672f5109aaa82965f8383c3a1559f8837adc2bff57a6c93e56909c97,5891
Test/Mftf/Test/AdminPageBuilderTextTest/TextInlineWYSIWYGWidgetAndVariableStyleTest.xml,48ee2f1d8a6d741ac67c981bdf55741b3ba8d1b45e4aaded5ee86f6b40681b79,7808
Test/Mftf/Test/AdminPageBuilderTextTest/TextInlineWidgetEditingSpecialCharacterTest.xml,2f50aa1d812675ba53a362878a10dd4dd129d97d189811d90c8508168ed65880,2856
Test/Mftf/Test/AdminPageBuilderTextTest/TextInlineWidgetEditingTest.xml,bf9677ac68aa73a2427a137818debaab821283ac1af8590e5261c13223d7b858,7095
Test/Mftf/Test/AdminPageBuilderTextTest/TextInlineWysiwygUploadImageTest.xml,477fda18296d591125e1a2c015e2b8f9b5cc757f14c328778eb71f97527630a2,2460
Test/Mftf/Test/AdminPageBuilderTextTest/TextSaveEmptyTextContentTypeTest.xml,886d3ea4cb177560157470a5749b316dc4f649373d11c96e1cf94e282ba12e46,3330
Test/Mftf/Test/AdminPageBuilderTextTest/TextTooltipMenusAreNotCutOffInFullScreenModeTest.xml,12d0bdc1b2a8ecf06d2ed2fdf55a2025fca439b926cf181d8ced2c15dbb304df,6531
Test/Mftf/Test/AdminPageBuilderTextTest/TextUpdateAdvancedConfigurationValuesTest.xml,62f7db4b9225a88ffc1360b0941b02257fe17f71517bda2eeecdc0b422175594,12095
Test/Mftf/Test/AdminPageBuilderTextTest/TextValidateAdvancedConfigurationDefaultValuesTest.xml,7ebc8c8cd595768ca87554806135f67172f4a6ff0f03126c0fcebf51db2e7aab,8866
Test/Mftf/Test/AdminPageBuilderTextTest/TextValidateGeneralDefaultSettingsTest.xml,23cbc5518253c249abc37fa197b0efb4242eb6b86f8b0ff8661da1df3d7e4822,4440
Test/Mftf/Test/AdminPageBuilderTextTest/TextVariableCanWrapTest.xml,6cab4281a5c7f1c57167d3b0c57ce7d4f09dad03254f7dfadb23df71f65673be,5911
Test/Mftf/Test/AdminPageBuilderTextTest/TextVerifySelectionInlineWYSIWYG.xml,3030d16c46745ccf22b22b2dbd28ab41d80fc53c02d3bfa8f15f50614b7b05fc,8537
Test/Mftf/Test/AdminPageBuilderTextTest/TextVerifyTextAreaOnTextContentTypeTest.xml,318510ca8a47af00cae25ec8b8620359b0f67109c7bfc976dbd3f072da5fa625,5725
Test/Mftf/Test/AdminPageBuilderTextTest/TextVerifyTinyMCETableToolbarOnPageBuilderStageTest.xml,1a6507048e4c3f5ed3603d01e1be63f671c28600a4044f9dcd642f4c79f8e48b,15762
Test/Mftf/Test/AdminPageBuilderTextTest/TextVerifyTinyMCEToolbarOnPageBuilderStageTest.xml,bc644b5af571104d7602555d0393496f2017d8033232a6a2486ee9d828204208,10104
Test/Mftf/Test/AdminPageBuilderTextTest/ValidateShowHideOnTextDefaultStateTest.xml,346722592bbeaa52fb25ea6faffb07585419766f65401e8fe54d2f117b4e8756,4256
Test/Mftf/Test/AdminPageBuilderTextTest/ValidateShowHideOnTextTest.xml,7c81c6217dc6f9972bfa5a48cf63c94818e87884b773eb06c9c50fb7e8c0343d,6213
Test/Mftf/Test/AdminPageBuilderVideoTest/CanAddVideoToColumnTest.xml,fe93d25626d743c385d11d2cfb0d67684562834cb8219f2d7386db59eef5b258,5520
Test/Mftf/Test/AdminPageBuilderVideoTest/ValidateShowHideOnVideoDefaultStateTest.xml,5f18e23fd0d75470eb5baf3aa46d085f137f18555d1f61f3a0f7d6956f820dd2,4216
Test/Mftf/Test/AdminPageBuilderVideoTest/ValidateShowHideOnVideoTest.xml,43cd92ea4a6f054bf2f1c34fb33c38f9c2fbd8847f82fc318a6042c9f5212ebe,6008
Test/Mftf/Test/AdminPageBuilderVideoTest/VideoAddToCMSPageTest.xml,60ede4673cb95c4fb11ef913b1a77568eb5b9b05c7e0d3ce33465ad83df3d553,5074
Test/Mftf/Test/AdminPageBuilderVideoTest/VideoCannotAddToStageTest.xml,6d59bdcbc6a1e073ee6198a31a10d9c04cb0e70d4c0972c73e00f65f7c994be5,2216
Test/Mftf/Test/AdminPageBuilderVideoTest/VideoDeleteTest.xml,5e524e5805e551f17b80bda0a9c783c4d907af61e727b4fd73b42b335f07d06e,4949
Test/Mftf/Test/AdminPageBuilderVideoTest/VideoDuplicateTest.xml,55522391523ede4506100d52e89c6e1a43b53d8384798b64d168b53c567d00b9,17110
Test/Mftf/Test/AdminPageBuilderVideoTest/VideoHeightRendersCorrectlyBasedOnMaxWidthAndAspectRatioTest.xml,860954f90f1f4a3c8be961c2e287b70fda7be4017095bc55d1faf6b9f954a776,3965
Test/Mftf/Test/AdminPageBuilderVideoTest/VideoMoveVideoTest.xml,325d8774410bfd0966b9bb99c45700fa586d2b45635a2f3d7651ec7291218e0a,7889
Test/Mftf/Test/AdminPageBuilderVideoTest/VideoNonEmbeddedUrlTest.xml,216b4f9a2e2e8fa866e8b1b38b9aecafbd12aa3a8fe344e0a009d4b29a7eb62d,3668
Test/Mftf/Test/AdminPageBuilderVideoTest/VideoUpdateAdvancedConfigurationValuesTest.xml,75ab0fc332a2bd2fc2ca2bb5412e87560a655560084c69989d733e555748ab9a,11969
Test/Mftf/Test/AdminPageBuilderVideoTest/VideoValidateAdvancedConfigurationDefaultValuesTest.xml,ded8e0b7a441aa80433bcf55af4b3a81f182eed3f7d1e75dfa708710e7343edb,8796
Test/Mftf/Test/AdminPageBuilderVideoTest/VideoValidateAutoplayDisabled.xml,ad1f8f80999c54a20f4b68f06c63949f63fe4047c5f2367eee45af8277c022d5,4581
Test/Mftf/Test/AdminPageBuilderVideoTest/VideoValidateAutoplayEnabled.xml,6687f588728d25e904b5708409d98acc74b5fd19887af3c5e227a2c6dd8dafb3,4665
Test/Mftf/Test/AdminPageBuilderVideoTest/VideoValidateAutoplayPlaysinlineMp4Enabled.xml,10e2fbe57b60a361e7e2a73c70082d8ec5bacb0f933a072e04a09ff462ca7713,3805
Test/Mftf/Test/AdminPageBuilderVideoTest/VideoValidateGeneralDefaultValuesTest.xml,998ed433c4482e12c0bfc331e5277afdb6e13077ad11eef3f69b3cc946a3f05f,6540
Test/Mftf/Test/AdminPageBuilderVideoTest/VideoValidateURLTest.xml,6ac356d006c67bf502609a863350dae14e1f97889f551b322615e9ceef826aad,10108
Test/Mftf/Test/AdminPageBuilderVideoTest/VideoWithBordersAndPaddingEqualToMaxWidthTest.xml,efe2ceed412f003303870f9acd0e7d53f95ab8aab304e671de4d82ae5c5bfbfe,5096
Test/Mftf/Test/AdminStoreConfigurationPageBuilderColumnGridTest/StoreConfigurationDefaultColumnGridSizeFieldAppearanceTest.xml,78709808d88401d771a10b1360919a0fea7a420278b7d43d5f0cb4e2bb7fccf4,2627
Test/Mftf/Test/AdminStoreConfigurationPageBuilderColumnGridTest/StoreConfigurationGridSettingsValidationInSystemConfigTest.xml,fda20a12b337446919f2a271b6458e5179ef2908c61ebe16dd2b1cbbab348878,13131
Test/Mftf/Test/AdminStoreConfigurationPageBuilderColumnGridTest/StoreConfigurationMaximumColumnGridSizeFieldAppearanceTest.xml,5c33149f84249d50e0f668a89d3012f9691cf1548b38bba70f0ecc0489464b7a,2663
Test/Mftf/Test/AdminStoreConfigurationPageBuilderGoogleMapsAPIKeyTest/StoreConfigurationGoogleMapsAPIKeyFieldAppearanceTest.xml,9ba76bda67b1322c923caa803d3c8aca83037915a22713d33d1dcd9fd5a8fdb4,3752
Test/Mftf/Test/AdminStoreConfigurationPageBuilderGoogleMapsAPIKeyTest/StoreConfigurationGoogleMapsAPIKeyTestKeyButtonChangesStateAndMessagesCorrectlyTest.xml,920b4f18fd1e60c89e3c98665381335af1ecced8b3ed2b4f5a005358abfb5f8a,6954
Test/Mftf/Test/AdminStoreConfigurationPageBuilderGoogleMapsAPIKeyTest/StoreConfigurationGoogleMapsAPIKeyTestKeyButtonInvalidKeysTest.xml,02c2cf6522758ba9690e7530969649e5bbde3dc238ecf66c70759a3f9d984aa1,3283
Test/Mftf/Test/AdminStoreConfigurationPageBuilderGoogleMapsAPIKeyTest/StoreConfigurationGoogleMapsAPIKeyTestKeyButtonValidKeyTest.xml,ce1c3273f59f67fd44c7e1b4193cf82ec0d9b5982d4b74bfcc2ac7a07855c884,2125
Test/Mftf/Test/AdminStoreConfigurationPageBuilderGoogleMapsAPIKeyTest/StoreConfigurationGoogleMapsCanSaveEmptyAPIKeyTest.xml,39976e31786f3fd8a7f817d541a3831c59d7f3f21b9b06bb68bd1cbf07f44b98,2289
Test/Mftf/Test/AdminStoreConfigurationPageBuilderGoogleMapsAPIKeyTest/StoreConfigurationGoogleMapsCanSaveInvalidAPIKeyTest.xml,b57a08cfc2d2cbe948ae39843e1c37218f480b3741085738fc47552cbee28a20,2285
Test/Mftf/Test/AdminStoreConfigurationPageBuilderGoogleMapsAPIKeyTest/StoreConfigurationGoogleMapsCanSaveValidAPIKeyTest.xml,5745fe822a3dc0955d0d8d8e41e60c83132cf25373e861a1e91499675d13b2e5,2317
Test/Mftf/Test/AdminStoreConfigurationPageBuilderGoogleMapsStyleTest/StoreConfigurationGoogleMapsCanSaveEmptyStyleTest.xml,a16d4d973e91d6ffb45223cd6520d13419b37ee746a14bd09997b4b41ea8139a,2362
Test/Mftf/Test/AdminStoreConfigurationPageBuilderGoogleMapsStyleTest/StoreConfigurationGoogleMapsCanSaveValidStyleTest.xml,c594634b20e09a90b40e018523f5662085f5212bf27baad89751cffbcebea7c2,3276
Test/Mftf/Test/AdminStoreConfigurationPageBuilderGoogleMapsStyleTest/StoreConfigurationGoogleMapsCannotSaveInvalidStyleTest.xml,1a08095cd222a5d323595d0c2991d09fca54e805726fea93cadb6a375d3b65de,4910
Test/Mftf/Test/AdminStoreConfigurationPageBuilderGoogleMapsStyleTest/StoreConfigurationGoogleMapsStyleFieldAppearanceTest.xml,731aef90ff8d826d8ef94fcfd34bfc8ee02b44de35cfb7474ceb5d241a043881,3295
Test/Mftf/Test/ProductMetaDescriptionMaskTest.xml,5910533a4fb95147a73a7dcec6f3151ee1dde079f72f2a186eefe5161a2c0f50,1438
Test/Mftf/Test/SpecificACLAdminUserCheckProductContentEditWithPageBuilderTest.xml,667ba30bf87b304d7109c7e5580c14dde61e12cc30d43f1b537af94fb61ac44f,3501
Test/Mftf/Test/StorefrontProductCarouselAddToCartShouldNotReloadPage.xml,7b16b80457ecbcfa36dbe11730ae91d9db34899ca28578973fbd6c7a94895d10,4569
Test/Mftf/Test/StorefrontProductMultipleWidgetsAddToCartSameProductOnce.xml,c764d8c8af4c1a33e398cd31a86d640d4b2f3089053b0ad47105f44513b2ad80,6764
Test/Mftf/Test/StorefrontReviewWithProductFullWidthLayoutTest.xml,743ead35f533966451de407fda7a929ca44fcf8857eaa77786bc20c1a281c4ab,5644
Test/Mftf/Test/TinyMCE/TinyMCEVerifyCatalogProductsListWidgetTest.xml,51431e4fa780305097398d4949462ee5b596bbb17a9a083709071ecbc52be008,8637
Test/Mftf/Test/VerifyPageBuilderSwitcherAndDisclaimerMessageTest.xml,30b6e27d0902a3aba96c9b8d7b508a255f07508136e99a2ce675866775385f94,5458
Test/Mftf/Test/ViewportSwitcherMobile/AdminVerifyViewportSwitcherUITest.xml,70656641e0383934f77961a44c695b0c597492f497c5515a4b6a75918049652d,3986
Test/Mftf/Test/ViewportSwitcherMobile/AdminViewportSwitcherMobileVerifyCannotResizeColumnsTest.xml,3439fe5f7d948db4d4e8a01ce4512430f6c9749f6f37befa8cc96e6c5946fc52,3225
Test/Mftf/Test/ViewportSwitcherMobile/ViewportSwitcherMobileAddChildContentTypesFromOnHoverOptionMenusTest.xml,96a2d4d0d2da5fe180e20a7ba646616ff6e78a16e54590364415d09305d17ab1,5869
Test/Mftf/Test/ViewportSwitcherMobile/ViewportSwitcherMobileBannerCollageCenteredAppearanceThroughBlockContentTypeTest.xml,5893731e093add9cffe302adf51daaa31a9a437c1b9e4c5296a181c91f04db59,8163
Test/Mftf/Test/ViewportSwitcherMobile/ViewportSwitcherMobileBannerCollageLeftAppearanceWithVideoBackgroundThroughBlockContentTypeTest.xml,1233991463a33ada0bce7c5beef08907de8a60f50f444c026a1fba600998fb2c,18626
Test/Mftf/Test/ViewportSwitcherMobile/ViewportSwitcherMobileBannerCollageRightAppearanceWithVideoBackgroundThroughBlockContentTypeTest.xml,86e4c8602530edb4ce42f3c21c4b91d18f46efda720f53030dd623932c665d58,1622
Test/Mftf/Test/ViewportSwitcherMobile/ViewportSwitcherMobileBannerMinHeightTest.xml,4c8bb12e4025eb796ada692037c0d3fb21b694a8b55af2ad1d7159993c3e529c,17045
Test/Mftf/Test/ViewportSwitcherMobile/ViewportSwitcherMobileBannerPosterAppearanceThroughBlockContentTypeTest.xml,f709c6934893745810ba8b455421e66c371782afddf3e7d71f9f52add2752f78,41977
Test/Mftf/Test/ViewportSwitcherMobile/ViewportSwitcherMobileBannerUploadImageFromStageTest.xml,beb68d2bc16a0d99a0888570c3913509981505269325bdc45220e678ed204b3b,7590
Test/Mftf/Test/ViewportSwitcherMobile/ViewportSwitcherMobileBlockThroughBlockContentTypeTest.xml,bc25c11933b7d7443c9399bbea082c84ada270e7d371050cd6267db3dbceda20,9150
Test/Mftf/Test/ViewportSwitcherMobile/ViewportSwitcherMobileButtonItemCanBeEditedInlineTest.xml,0827eca72df218e46223467555f127601199e5cedce3628744138f1e2a6078f6,6495
Test/Mftf/Test/ViewportSwitcherMobile/ViewportSwitcherMobileButtonsThroughBlockContentTypeInlineSameSizeTest.xml,5e1f8c26b680056d3f73344538ebefd14aacf349bed9e8c4e3b88cb504ad3705,20631
Test/Mftf/Test/ViewportSwitcherMobile/ViewportSwitcherMobileButtonsThroughBlockContentTypeStackedNotSameSizeTest.xml,51fd92ca76f0093fb8724fdfa0cc2406399c1d8bd0130bb27d00f94283cd135b,20686
Test/Mftf/Test/ViewportSwitcherMobile/ViewportSwitcherMobileColumnBottomAlignmentAppearanceThroughBlockContentTypeTest.xml,e8945905ae67bae1c0b92876db8679afa9acfa416d1e893a8852411328ff1b23,5183
Test/Mftf/Test/ViewportSwitcherMobile/ViewportSwitcherMobileColumnCenterAlignmentAppearanceThroughBlockContentTypeTest.xml,f651c77ce16ed20e719361b1a1e8b3fdc650f5aefd13a8d860468595fae75c28,5620
Test/Mftf/Test/ViewportSwitcherMobile/ViewportSwitcherMobileColumnFullHeightAppearanceThroughBlockContentTypeTest.xml,a8fcdaf144a99663359da6e65a369f0d4ca6de3064890f7a5203b52107dd4ba4,24389
Test/Mftf/Test/ViewportSwitcherMobile/ViewportSwitcherMobileColumnMinHeightTest.xml,3d0e4df0acb4f7d9034ee41b461cb234d294de91725e73f6e36008be26fe5576,22883
Test/Mftf/Test/ViewportSwitcherMobile/ViewportSwitcherMobileColumnTopAlignmentAppearanceThroughBlockContentTypeTest.xml,50d03744b5a881725eccfc83e407d5d28c2afd64829315854788a1d8296b29f6,5595
Test/Mftf/Test/ViewportSwitcherMobile/ViewportSwitcherMobileContainedRowThroughBlockContentTypeTest.xml,085e899bd3d9cdb13d56c04007934551875bd42cb77c9e1baa18808827a7ae5f,12861
Test/Mftf/Test/ViewportSwitcherMobile/ViewportSwitcherMobileDefaultProductsCarouselThroughBlockContentTypeTest.xml,ddfb092ab78c73375cae53b2b4700feb0cf2c7aa767ae5d793d88f7a40202ed5,20732
Test/Mftf/Test/ViewportSwitcherMobile/ViewportSwitcherMobileDeleteContentTypesFromOnClickOptionMenusTest.xml,b811c391ca9986aa9aecddb3f567ec6ab7cc4eced5d8834b25f7471a312e0210,6960
Test/Mftf/Test/ViewportSwitcherMobile/ViewportSwitcherMobileDeleteContentTypesFromOnHoverOptionMenusTest.xml,8409c35b9f8b2ef1376b89dfaadce13c280df7c252c224727301db51edd8a36e,6973
Test/Mftf/Test/ViewportSwitcherMobile/ViewportSwitcherMobileDividerThroughBlockContentTypeTest.xml,1e93a45505098f12bd0cd6a84622fa12eb99cf34b837f87af394f9cd11b1a274,11879
Test/Mftf/Test/ViewportSwitcherMobile/ViewportSwitcherMobileDuplicateContentTypesFromOnClickOptionMenusTest.xml,fa118d4e15c54b18a9163b6fec07da6bdc24d6fb6e66eed62e1025183976f5ff,8964
Test/Mftf/Test/ViewportSwitcherMobile/ViewportSwitcherMobileDuplicateContentTypesFromOnHoverOptionMenusTest.xml,1e832a3375bbb4e69313c9fbde7a5d4a27dbb20c4018ea31e4c35a628708e276,10314
Test/Mftf/Test/ViewportSwitcherMobile/ViewportSwitcherMobileEditContentTypesFromOnClickOptionMenusTest.xml,168d6474d13ee844ce7379e3f7ff316a221f6a960bbf67518499c36f9db1d94c,8479
Test/Mftf/Test/ViewportSwitcherMobile/ViewportSwitcherMobileEditContentTypesFromOnHoverOptionMenusTest.xml,3fb570a441bdfb343060a853da0436956c6088f2ee47b5447ccff4f3cd0a721d,7887
Test/Mftf/Test/ViewportSwitcherMobile/ViewportSwitcherMobileEditTabNameByClickingOnHeaderInStageTest.xml,678409516b1a09b2d67c801358e59c7e2510b8cbba1294568a63e853763ee4de,5773
Test/Mftf/Test/ViewportSwitcherMobile/ViewportSwitcherMobileFullBleedRowMinHeightThroughBlockContentTypeTest.xml,5619400f4959fdb55fe91846ed23e54cbcda59ffefa499fb411cc5aea8ea7ee5,4218
Test/Mftf/Test/ViewportSwitcherMobile/ViewportSwitcherMobileFullWidthRowMinHeightThroughBlockContentTypeTest.xml,fd1da2370f5e83f74576fbfc8de0ea55d844eea4da0899d0c94d563fe477ffed,4218
Test/Mftf/Test/ViewportSwitcherMobile/ViewportSwitcherMobileHTMLThroughBlockContentTypeTest.xml,9ca94148f70cf89f958214c4355f403b3fea9bcadab4bc258380821a29f7a1ca,19090
Test/Mftf/Test/ViewportSwitcherMobile/ViewportSwitcherMobileHeadingEditTypeH1StageTest.xml,a9dc23c89b67463559bd8e61b57eec960ce5dd86b88c1d295b1ee55f27a9673c,5318
Test/Mftf/Test/ViewportSwitcherMobile/ViewportSwitcherMobileHeadingThroughBlockContentTypeTest.xml,bec5d80a6f524f3c942964e062b0761b03c58f762845263057f91470f8f22679,9304
Test/Mftf/Test/ViewportSwitcherMobile/ViewportSwitcherMobileImageContentUploadFromStageTest.xml,480f1fb8d88f28909494fd741641d0b33ce66a2154b35507e83892309e17b698,8242
Test/Mftf/Test/ViewportSwitcherMobile/ViewportSwitcherMobileImageThroughBlockContentTypeTest.xml,1453da861be0c79d35b6b242787c8b094593b4fe20b841a9448a9bcd725d6412,16584
Test/Mftf/Test/ViewportSwitcherMobile/ViewportSwitcherMobileMoveButtonItemsTest.xml,afb376741b20784a901f74a450f277bfb50a58845400cd4b3adeb11351d10a1a,10791
Test/Mftf/Test/ViewportSwitcherMobile/ViewportSwitcherMobileMoveContentTypesFromOnHoverOptionMenusTest.xml,d123a767691b78188aaf48a9dde9ab0a6df7ac4c46e5b4604074275b9be7bf93,11893
Test/Mftf/Test/ViewportSwitcherMobile/ViewportSwitcherMobileMoveSlideItemsTest.xml,d40519e4722cb89c57cc28bf543f5c2aea905cb91ef6c12f1692943b544329bf,15366
Test/Mftf/Test/ViewportSwitcherMobile/ViewportSwitcherMobileMoveTabItemsTest.xml,7cb65722fc5ff3320c0c4e0842b8b85fcc8e01376fb17f6882c2981c8a32b966,6632
Test/Mftf/Test/ViewportSwitcherMobile/ViewportSwitcherMobileProductsCarouselVerifyProductItemsInteractionsOnStorefrontInDefaultCarouselModeTest.xml,c40147dd9a9dea289f50e5bf14dedc02f63365926b6a0d55d4823573b96671ec,10197
Test/Mftf/Test/ViewportSwitcherMobile/ViewportSwitcherMobileProductsThroughBlockContentTypeTest.xml,d8f981f09a0a50578188e4bcfb9f3450b796561c4fdf06c17c078e6cf56b1222,19257
Test/Mftf/Test/ViewportSwitcherMobile/ViewportSwitcherMobileRowMinHeightTest.xml,bef5f912f5712fe0289818d2a6f3226a6eb9bbe9b5cb2a6978ad6dfc5d6dd200,29428
Test/Mftf/Test/ViewportSwitcherMobile/ViewportSwitcherMobileSlideItemCollageCenterAppearanceThroughBlockContentTypeTest.xml,acc2eeae4d7b30968a1699fda6cc9405ac2dbd785f44ae407113b83f394096b4,5937
Test/Mftf/Test/ViewportSwitcherMobile/ViewportSwitcherMobileSlideItemCollageLeftAppearanceWithVideoBackgroundThroughBlockContentTypeTest.xml,0906e437f1ecfd45e182abd87e15e34be86d310a83fcb3bdd02466c85e630dd5,19225
Test/Mftf/Test/ViewportSwitcherMobile/ViewportSwitcherMobileSlideItemCollageRightAppearanceWithVideoBackgroundThroughBlockContentTypeTest.xml,9bf3fa9961d0f9c06ccbe21ef7a2935630e03f0b19c93af3ffbf0958d72c3019,1614
Test/Mftf/Test/ViewportSwitcherMobile/ViewportSwitcherMobileSlideItemMinHeightTest.xml,ec7a1fd2a3e1ddb2ad4dcf2f132c3d902e878768eb43ce0f10b618cd869ff8ca,16069
Test/Mftf/Test/ViewportSwitcherMobile/ViewportSwitcherMobileSlideItemPosterAppearanceThroughBlockContentTypeTest.xml,2d5925ec7f3c84c77c2534cdd0a2efb652c33475336e4721c4b34e3c14920802,46014
Test/Mftf/Test/ViewportSwitcherMobile/ViewportSwitcherMobileSlideItemUploadImageFromStageTest.xml,b767b8e488d29d960b7b71945d4957d142367e962d3f2f83ec18a0208abed8e3,7590
Test/Mftf/Test/ViewportSwitcherMobile/ViewportSwitcherMobileSliderMinHeightTest.xml,81c38c740ec70027addf4e9b589769b7c04906f40ca2d70a3ec33c24e8afcab9,17489
Test/Mftf/Test/ViewportSwitcherMobile/ViewportSwitcherMobileTabGroupMinHeightTest.xml,be63855e1207dca04a8fe241be8f64ff57ac0f18701cb9a49afe4d4e0fee352e,25081
Test/Mftf/Test/ViewportSwitcherMobile/ViewportSwitcherMobileTabItemMinHeightTest.xml,5363f8df6ce6dbded05b4451ee8c3819d4d990b94fd1d6a6c33c85bf333d39b0,24058
Test/Mftf/Test/ViewportSwitcherMobile/ViewportSwitcherMobileTabsThroughBlockContentTypeTest.xml,cd84d58044a6ae6c48f52101d65ec1719ecf5a478febb41257b250771d4cc6cd,39687
Test/Mftf/Test/ViewportSwitcherMobile/ViewportSwitcherMobileTextThroughBlockContentTypeTinyMCEWysiwygEnabledByDefaultTest.xml,5a334c7c696997ff4c16ca9cf355ac9fb605e154be332483446057fe826e6306,17262
Test/Mftf/Test/ViewportSwitcherMobile/ViewportSwitcherMobileVideoThroughBlockContentTypeTest.xml,58c2f228a4643540fc2be243c6a1b05cacc9f0bf7d392893c101a1480dab2af7,9024
Test/Mftf/class-file-naming-allowlist,d4f8cde22bd7a0b6745b6e2a11dbc6b5c0a46c8b34aaf5a7dd9dfeafdd9f19dc,16780
Test/Mftf/test-dependency-allowlist,3d20db88d5e60e3f7ea65026b98e8b431ba815c092b74fadc035f20f59ba489e,688
Test/Mftf/test-dependency-errors-detailed,4b8ff96146dfe88fd86791391e5ec10d3921a540c72b939edfa89872a6fa749c,46671
Test/Unit/Component/Form/Element/WysiwygTest.php,be36a0d5188faf07319ff123f2acc2080b2c18b86d723e288eef93b25e2ad32b,5574
Test/Unit/Model/Catalog/ProductTotalsTest.php,bed09a50574fe0b7b53151401db17946005422ea393e107aee502897b01e107f,5230
Test/Unit/Model/Catalog/SortingTest.php,2663256901e46b04ba08104da88cd3e8973f3a78b43b3c1f0256e1f4934d6b60,4872
Test/Unit/Model/EditorConfigCacheCleanerTest.php,7b78648529830171bd2e90d0c37710f0b7e703c69369e7c6b404d3caf40c6f8b,1072
Test/Unit/Model/Filter/TemplateTest.php,9fad8221fd87ea086c0bf5ca5b6d8e172074533e87042c8389dc7912dc72145c,4316
Test/Unit/Model/PreviewTest.php,7b40181680e34c91a0bc875c29c482f66f43108774594e5422c7d10e6e28da87,2334
Test/Unit/Model/Session/RandomKeyTest.php,975131e70e117286ea872b98cd207a54d78cd17d896354744b5767d1c4ae1a6b,2738
Test/Unit/Model/Stage/HtmlFilterTest.php,97634e2ea3b9a50913264d38f8e2136f3a5e83baa4ae3164babe5c2afdd91506,1530
Test/Unit/Model/TemplateRepositoryTest.php,c8fcde67f1fe7dc2770527628e415848e9d9453a9a66f04c55609823a51625f1,5720
Test/Unit/Model/WidgetInitializerConfigTest.php,bca27791c5f49efee17036ab698ccce98266dad3fb395756a0c765a7bfa65589,2996
Test/Unit/Model/Wysiwyg/DefaultConfigProviderTest.php,87a402f9f5e31301d22804f77808ab7f2c77ac22e9447a3f29c765503658dff0,1037
Test/Unit/Plugin/ClearEditorConfigCacheTest.php,9e37fb255eaa4a36b0ad55c0e9771246076eff49adf15aece15a43c50d49cee3,2063
Test/Unit/Plugin/Filter/TemplatePluginTest.php,6f0b69ee60c8d1d1f87d830469c9fb71c87ccf22bd9a3ee0ed0d4dbe92ee49f0,1445
Ui/Component/Listing/Columns/BlockStatus.php,c04376af9f762fed8565c386b24754858245c99bc89f40e943b67c1a1d6c73f2,1480
Ui/Component/Listing/Columns/PreviewImage.php,ce7acf19a8d83ef50addd4053180d98f6afa265d40b09a2dfec6eb68ac8f7b45,2231
Ui/Component/Listing/Columns/TemplateManagerActions.php,4a2ab78f07aa3c18dc711f1ba01a80cecdda5cada59b8a689922c3177140c548,3563
Ui/Component/Template/DataProvider.php,b3e4aa79d04573ca364d2f839f5e7ac70c5b76e0bc04c3b051637eafe707f681,2179
Ui/Component/Template/FulltextFilter.php,815f828b24b240793d9253733be30173953835e6e2ddf9b432f6dd0560bda894,1063
Ui/Component/UrlInput/Page.php,aed8a06cdd881dc53d7fb1dbbd29294dcf41b9c819e7e44e73630add2471ca0d,1451
Ui/Component/UrlInput/Page/Options.php,3d724eab22421cb304679284d86515f10615e4aecd6f6da7275dd856126d75a5,1790
Ui/Component/UrlInput/Url.php,b5ab1c7d80f42884bb68f9a5459b00d8ba40fed369f5ff1f4bdc0a4efd3ed91a,585
Ui/DataProvider/Product/Form/Modifier/Eav/WysiwygConfigDataProcessor.php,5a42cf8b525a29f3689a2580b29ef6c7d36d3f2404859ec53db1fe3fe25a5231,1318
Ui/DataProvider/Product/ProductCollection.php,a3bcffe29bebebe0e9a934d7e4f8be3f4b5429e1523ac01cac1c9eec3bf8efc2,2111
ViewModel/StageRenderFrameRequireJsConfigModifier.php,f5a1cb834d2fe041c6e5867d8ab64711b4dad12c92cb82abe99b158c22c5d36e,1219
composer.json,858460d5026ac0c99d62e8fbeddd0a14e8d1e3eb892b4774ac9f5a021845ac3c,1142
etc/acl.xml,cd9b55e3e732fbe84a6bd381927d61d2464e6d0c60814ceb007b08f3b4e13e63,1127
etc/adminhtml/di.xml,2f59e9a5cfaa79e241d58801ae3e9ac1ca8aa13b71b752abeaef6e43854c06a9,40230
etc/adminhtml/events.xml,e3ffc4a9862ee8ec788622c9fc52d768387819e18599daacf6888ca120eb5e53,423
etc/adminhtml/menu.xml,b10356db10a686f536cda984fdd2b7025e93f865af30107d156d705b1331ae57,552
etc/adminhtml/routes.xml,90ee61399d47a5374d70b36c40a42cf44295e8dd602954804f141cd46df69b62,419
etc/adminhtml/system.xml,c57dbbb12abbdbe1a17549a9ddcb97962651675c358852f8163d59ff113221be,4968
etc/config.xml,a2ee0febea2acfb49f6dedaa32818ebc1a3dba0562c2b91558bb74956fbc5fe5,1685
etc/content_type.xsd,3ae4d042d73e9d08743a92ffa0d240387401d605129e9345e2105b04321126d7,10542
etc/content_type_merged.xsd,162bcfa8294b82333e4987c4f9374c66dccbc6076a1b477b3d8b3bd2532b74be,10629
etc/csp_whitelist.xml,3c1205db4894689b3e3dbc97e582aa9668883f5c4b6ba807a7c5bef361949f6a,717
etc/db_schema.xml,fab177e002c59d7fd6f397a2a5c7ef08e518a41bc9a615b01232332780159d98,1751
etc/db_schema_whitelist.json,68ae95faaaaf706bb4f497d3cf8edc01e4f9aada7eac86b5e7130440557fd007,539
etc/di.xml,0b54e53e0e7d3e79983ab28ed21532531ca463cf589b8c368467499a822764d5,30357
etc/extension_attributes.xml,51aa4313caebf31634b61bf2c5ebfc84d03cd98a90cae59d2dacf4603a20eb87,414
etc/frontend/di.xml,1c7718e7dd2bbb5ce411c11fe4d41898602c582de9faa45db477699550fa469f,796
etc/frontend/routes.xml,2acdec76b30d77680125aba745705ea16ff94530e120f4163a89b311c9ebaf72,397
etc/graphql/di.xml,177d10e56ebbc5f2ff8bc2b6cb103217588e0eb556d712fb5e1e8fe133c22b41,646
etc/menu_section.xsd,819c8877e2fd65fe7bb4da3b05f95e61ec2e49f7fd72279826b3a30f09b487c3,862
etc/menu_section_merged.xsd,50bea1a29dadd898de3e3ba954cc2e72a2a8a3d09f58652ce3cc3740000f6dc2,862
etc/module.xml,64948d286a6d2f6c6572a528a57f864994e4fcf099eb06514387435c4871bc54,783
etc/view.xml,0561b9982247918abe3a5a4570e1779f62d3ec6da3a5fd701b32511bf99f8377,3650
i18n/en_US.csv,0f222fb45c62780b195988b501e23c93a2f528179b96d50e3396682245dbe362,15425
registration.php,d7776cc1220e5e98ea4ade3427cbc4e36a2ba577537ee39a8d1571a4ee6702e5,207
view/adminhtml/layout/catalog_product_attribute_edit.xml,98f3e1a2969658dab019e012192a415f9efee9063a20b5c7aff454ab5160858d,615
view/adminhtml/layout/editor.xml,d8695b19272a6bf97f7750745a71d01083c4f1206882b6b5c8cf3ef353ee6d69,1303
view/adminhtml/layout/pagebuilder_banner_form.xml,1ced5685696387c3ba77e7fd210b5491c4cd80b062b0bf828a1771a1ac747548,500
view/adminhtml/layout/pagebuilder_banner_mobile_form.xml,3ee50a1335a27b0201cb3b10b963ebd406689447e9024055a841e4238221685d,507
view/adminhtml/layout/pagebuilder_block_form.xml,b3564696086d09aec028376c5bde9b8106be449c5a29dbcf57a43248059f9c3e,499
view/adminhtml/layout/pagebuilder_button_item_form.xml,750a05a1a2dffa3ffb44cc91336ccb6d00658ee67c32e62a055ff01856748119,505
view/adminhtml/layout/pagebuilder_buttons_form.xml,c04ae16a36789c28db1aef547177a3d10e1f1235885dd31315db727b27143e96,501
view/adminhtml/layout/pagebuilder_column_form.xml,a73b69836afeb6811b553e79b64a02cb6a1e8d390185a23f542523ff410a3e6e,500
view/adminhtml/layout/pagebuilder_column_group_form.xml,f12e15259415584ef26d1b0de3c8cbb8d9501a0b889ce7151cdaa7220c9ec708,506
view/adminhtml/layout/pagebuilder_column_mobile_form.xml,7f9c8552447c562e4c8ea2d3f65b338871659a446c85f972e32453eb0043ba8d,507
view/adminhtml/layout/pagebuilder_divider_form.xml,a97f09b180325c8416eb88324effa3fddacbb03eb77551990b31a7c8b10bb256,501
view/adminhtml/layout/pagebuilder_heading_form.xml,6c57c15e2e294af0edeb27dbbc3874af550d3340a6a83d58f9a92f9ffaa464f0,501
view/adminhtml/layout/pagebuilder_html_form.xml,0fa9ac5718aa9026a49fd1e3aa2ddcce15c3c52ef51ca9082d84b46d0a7caa45,498
view/adminhtml/layout/pagebuilder_image_form.xml,93145af2a56035c4990fdd25550f85d765d76813f0550d6bc7deb1bd8c45c071,499
view/adminhtml/layout/pagebuilder_map_form.xml,6fde90434a7ef80101f9d271903982faf97c4782bbdef4dfeceb982342d38c71,497
view/adminhtml/layout/pagebuilder_map_location_form.xml,00fba1036af8c067a1c156eb82bfe9a0403598eebcd554f0535a376944086138,506
view/adminhtml/layout/pagebuilder_products_carousel_form.xml,7f5711d68bde9bc40b3ea91a11f0ab6b45e25ecc077ac7ba922dffcba0065ce2,511
view/adminhtml/layout/pagebuilder_products_form.xml,f54cdba66e31e97966423959fc170b22f1197bbed3aaeddd5d4d52e92988252c,502
view/adminhtml/layout/pagebuilder_row_form.xml,1b337e85fbaa7f71167f2f257632c33676abdbcc90cbf2481593efca5a5b92a3,497
view/adminhtml/layout/pagebuilder_row_mobile_form.xml,f7ff21bcb3ef2a7a4bf22f8ece755b3372bae6f8572c001fddca48d8c0a1c2f2,504
view/adminhtml/layout/pagebuilder_slide_form.xml,07057b911b18c71518a3807ff5c784beaf716e1e57c1dc1186b3e7e252064e21,499
view/adminhtml/layout/pagebuilder_slide_mobile_form.xml,cfc4611e79f9059fdac2fb8f1121049f2f26df64b1ee5c6931924b28d7a1e710,506
view/adminhtml/layout/pagebuilder_slider_form.xml,5a5c87174cf38168e30180c74e0aff1ad18037ff37a8e46f0614314aa16d26f4,500
view/adminhtml/layout/pagebuilder_slider_mobile_form.xml,5acebd7b584cb376f19335dc191e357019839b17c974fa6e67b487d0ccffd4b9,507
view/adminhtml/layout/pagebuilder_stage_preview.xml,7ec5a66562c380b6b3d293fc0bf7b2837f4f0ec6a88b1bb8616ba4537d45607d,495
view/adminhtml/layout/pagebuilder_stage_render.xml,43672f9651425e4c3cc45d259a61dd7afcbf78257a427e86e22c9b5ec832ed8b,1583
view/adminhtml/layout/pagebuilder_tab_item_form.xml,27de20f8f700513726c3bcd9f887692325a541d36f0a929f6bd8b0b82ac3049a,502
view/adminhtml/layout/pagebuilder_tab_item_mobile_form.xml,9fce96bcff357126261bd4b046c3262667bacc95e0e207e9fa02228a97ea7bf0,509
view/adminhtml/layout/pagebuilder_tabs_form.xml,edfed4f072e0a372530a07379c956f21c5a18e0fd334d091cdd85cbc88a09d29,498
view/adminhtml/layout/pagebuilder_tabs_mobile_form.xml,fd0d19de96f0822d9184f450464232f7fcec5586258da492d69c82cd12cb7708,505
view/adminhtml/layout/pagebuilder_template_index.xml,e77be555faebe4fb5d4ec36496de7bbb4510331eff4824613a1519777aa78a07,479
view/adminhtml/layout/pagebuilder_text_form.xml,eae5abc5e40587726a0c93c8e118919b576d0e732c497f9c229edadc747e38c2,498
view/adminhtml/layout/pagebuilder_video_form.xml,73a2127f11697bfef1a485a8a7ca2bb1e91bba0b68b1d01d8ca746229ffbe806,499
view/adminhtml/pagebuilder/content_type/banner.xml,0efcb278917d2aa754080f0839f3513d78f96d9d6aeb317782fc78878d62a03c,35808
view/adminhtml/pagebuilder/content_type/block.xml,e9abffb0aab26fea157bb58fa68bc93858009cc930ed5c242f6006ab19c78148,3646
view/adminhtml/pagebuilder/content_type/button_item.xml,3f362a380acc7c3cfa86ee5d1255754a68a4a1d07a322350614455d1b7454458,4967
view/adminhtml/pagebuilder/content_type/buttons.xml,0af25f051760c2964e7bc83624d56495409f2cc569722a06c955f2a89d4d9a50,4932
view/adminhtml/pagebuilder/content_type/column-line.xml,14ff8175620cc46a9d749920b30cd03d041272e666b1b571d8aea642350a519a,1866
view/adminhtml/pagebuilder/content_type/column.xml,ed4e0e058a985fd0b83699603a9f9ca7468d4ef2e9a523c83a01f7d18e204c10,17356
view/adminhtml/pagebuilder/content_type/column_group.xml,a38d4544aa339bbd7bdee7cfb3b6a187a27c1a2c3ea9b2430fff606c4a0cd6f8,5296
view/adminhtml/pagebuilder/content_type/divider.xml,d9f0b6f1cea2bd4ad8a1890fffaf3cda4976cbe7fd315763c7f9fc9bf34fbf41,3050
view/adminhtml/pagebuilder/content_type/heading.xml,617207cfd0a4fa0c445f643ecf53ef0e85f22b9316d792ba5348f7820f696ff6,2784
view/adminhtml/pagebuilder/content_type/html.xml,e936060b34d3d781ba217ece54e7de3592384f43411a256ae38f6b6d6bbf7b76,2974
view/adminhtml/pagebuilder/content_type/image.xml,8548951444826b3e259c12f97958209fbb2a52ac57639e48b799ad05c10c2058,7630
view/adminhtml/pagebuilder/content_type/map.xml,dda642f97d38b57db8020bcae7ae2a8adcdc474ce0359e29093ee20550eb423f,2958
view/adminhtml/pagebuilder/content_type/products.xml,0b65fb3b1a4f2a804d085616d4e76d5b1f58280df060dbc66048a564dba49a3e,6203
view/adminhtml/pagebuilder/content_type/row.xml,c6dc1543f4267d3900a139dabbfcf784c4299c204506f51037c4944e7320522d,19776
view/adminhtml/pagebuilder/content_type/slide.xml,935193d878633f4e899ca357256190f719a694193c99dcb6f71ff0e3ba8a21dc,35445
view/adminhtml/pagebuilder/content_type/slider.xml,84f4c0a34093ee252667c02d4a0ae875455c74a95b911eeaf690c3f7a97757d5,3550
view/adminhtml/pagebuilder/content_type/tab_item.xml,a98a8fc58ec1b32dc999da4540203173280e58b89a1009b72bedd99b5c1236ce,5057
view/adminhtml/pagebuilder/content_type/tabs.xml,ee56685fe3e90e9e8a7673568756f5994791487e6e31e41635eccaf39f8cf3da,4864
view/adminhtml/pagebuilder/content_type/text.xml,580d26a817333efee4793253770c9c6520d9dada5a340abefcf6444f6928845c,2998
view/adminhtml/pagebuilder/content_type/video.xml,2a62b6c11d22511e95e92817cf94b4193ab7c5677539712bb8d34e32321f51dc,3818
view/adminhtml/pagebuilder/menu_section.xml,30bb4a6f06471f5eba0dedbaf341a98babda207df9613e24c55bd0c9c9357214,634
view/adminhtml/requirejs-config.js,1febc62ac6b3888590fbbdc871cf071db9c14910b39bbc97c936d25014b88fca,1960
view/adminhtml/templates/form/element/conditions.phtml,8105b8e9ebf0d2f7c8025abf411268bcf72301934bd0e0abd204372a4a149dee,897
view/adminhtml/templates/html/container.phtml,a017010c6bed397616696289f4e2a2c5849017b6fcca9ce130e57514d9290acf,127
view/adminhtml/templates/html/head/babel_polyfill.phtml,c9e04d7dad90ad18229fc62c8bab0d1697196eb1882e22404a660196c8554ba7,317
view/adminhtml/templates/stage/render.phtml,aab0b8cda5f7dcc0a00483b3a1fab633c8b8757b3b51e26101a3e916955bae4d,1168
view/adminhtml/templates/system/config/enable_field/modal_content_body.phtml,ad771f51197336f08c5e9e581513b8d41d33c246cfc138a1559820e93677a78b,894
view/adminhtml/templates/system/config/google_maps_api_key.phtml,b4cd49f3f1d84de3eead54dba16a9c3aee54bfb00ef3e0dcbd012a824e94d4e9,1088
view/adminhtml/templates/system/config/switch_attribute_type.phtml,970cf31173fe79a1ac056a2740fee7e044e3a7999a393d0a2efa93dccc272aed,588
view/adminhtml/templates/wysiwyg_setup.phtml,3add7438bd9cd16f829d00db4697718489ca13a72e3bc9f23d7f10d7272a2056,514
view/adminhtml/ui_component/pagebuilder_banner_form.xml,bf98173f149c6f903702c32dea99b5447e3a90beef60d81d67cc2f5bcc675bb3,15120
view/adminhtml/ui_component/pagebuilder_banner_mobile_form.xml,68e23a32495150106a88393a37321b03dae4119d333dcb534275584414f6b511,2544
view/adminhtml/ui_component/pagebuilder_base_form.xml,bd91a6361d8e2690acc4ab843acd00688beadfc5b5e6fb88e449082960a01a77,10342
view/adminhtml/ui_component/pagebuilder_base_form_with_background_attributes.xml,f4a6c36c53ea8b7b436c85ff81c1a9d93dc4c7d41d88ae174fb4575445c6c47e,9909
view/adminhtml/ui_component/pagebuilder_base_form_with_background_video.xml,23705bb72919fff6303d5b2762df223d9381c9d1bbee16a62e660a6cab29fcaa,10493
view/adminhtml/ui_component/pagebuilder_block_form.xml,82aee7181e1ebcab5c211dc1e4de6b6a660b1fc7be1ee5b8ef9d5678b3f92207,7324
view/adminhtml/ui_component/pagebuilder_block_select_grid.xml,fd52fc785adb4cecbe3e2027088144d8ca370ece2e9ac600e0c3d4439f5dbf76,4218
view/adminhtml/ui_component/pagebuilder_button_item_form.xml,fe52f1634e0ca9aa2ce0b30022a6581b8949bdf825ef574f315f425a09fb76ef,7971
view/adminhtml/ui_component/pagebuilder_buttons_form.xml,de88f6f9dc954c8c70ab4bdb5a8e11951a6c7025e8bbbb313de0579a2adb6d12,4194
view/adminhtml/ui_component/pagebuilder_column_form.xml,4841d48b4b561d14fb8dc5e56baa4b7c4a3406eeeb0b32c067f227eae78e8196,5411
view/adminhtml/ui_component/pagebuilder_column_group_form.xml,bb8dd423f57783db44a73456cef14955374fa1f5eff577a224febea6cb5c7b64,5681
view/adminhtml/ui_component/pagebuilder_column_mobile_form.xml,8ee28d8c55a4c2036c603e3dc66df0188e36266d8ece8668e503c15bfaff7f82,2532
view/adminhtml/ui_component/pagebuilder_divider_form.xml,3bc4063b972bea30e4ecc01ff63ad0040e72fcd16d41345558a551db17d42f4e,6010
view/adminhtml/ui_component/pagebuilder_heading_form.xml,5d64b708f23f27f0f1b3e5d7f6a6483c160f121ed9aa90bc63b74f2ae6aa7f5f,6379
view/adminhtml/ui_component/pagebuilder_html_form.xml,8b9258357a4e4894cea71a2cdcec7629031acf88e30c9c38485e94f9657c0ed5,4469
view/adminhtml/ui_component/pagebuilder_image_form.xml,00246d3953d257909aa602254a30618320d882a055d589d740304cbeb79b31f7,6611
view/adminhtml/ui_component/pagebuilder_map_form.xml,98cfb7ced216708d2f30fcb2b1c76c24ba26b3e67c0f6b7f3e6531d6fbd516df,15958
view/adminhtml/ui_component/pagebuilder_map_location_form.xml,cb0bc21de5d7193e4fdd594061db71480e046da6d7352775906a662e85e06823,8268
view/adminhtml/ui_component/pagebuilder_modal_form.xml,83c386110b9e405c2bc0b6be357f4bb5fe1e5a8008b16716426c1c3f1b4d40d7,2137
view/adminhtml/ui_component/pagebuilder_products_carousel_form.xml,a37aac2534a2b9c6a5889a682f3402b6233e52152e04d94644e79de0b3f1b149,10567
view/adminhtml/ui_component/pagebuilder_products_form.xml,5476ea378ce5d2df1a3b1c3f314c56b6e2b5a1d13561445c485a09017f814e10,13645
view/adminhtml/ui_component/pagebuilder_row_form.xml,0d0606fa78093906a6616dd16dbac233bfd344dc1f623ad6da625c90c1b00d68,8420
view/adminhtml/ui_component/pagebuilder_row_mobile_form.xml,cb3deb680772624588043197d678e9511985233936d2ff090d2e1a9208c88d90,2517
view/adminhtml/ui_component/pagebuilder_slide_form.xml,bb20d39083e9cfdc0a73b5d245033fb255eac9876a6ec1564001dbef54f7275d,15804
view/adminhtml/ui_component/pagebuilder_slide_mobile_form.xml,a076734ee5c7d98ca11d1c8ccd00ff7e0bfb55b24d6006cb86f6b025c1c26a31,2535
view/adminhtml/ui_component/pagebuilder_slider_form.xml,08f0e42373d02eb921431cedf05bf0b3c9092f16637255af664ef4a22f51a93f,9762
view/adminhtml/ui_component/pagebuilder_slider_mobile_form.xml,86bc9dc814915dd474cb01a1dac20fae364bc6e54d3a04dcfe41db7d9cf1602c,2544
view/adminhtml/ui_component/pagebuilder_stage_template.xml,ac7f2b72b67ac7d39abb121c3ea22beb7e6db49a453b6e2cb2e8495736b5f167,3113
view/adminhtml/ui_component/pagebuilder_stage_template_grid.xml,3fb4041ad94b542df816815541e1c71564a8be7d216be42fad97235f2c3c56c8,5223
view/adminhtml/ui_component/pagebuilder_tab_item_form.xml,5d45e5266796c4c8203ee9a920aabc5f284d6d355553ae198fd794fd5656c399,5855
view/adminhtml/ui_component/pagebuilder_tab_item_mobile_form.xml,5483312da80774c979d893901216335bd0fe878cc54bc64466ebc8923c8b6b22,2533
view/adminhtml/ui_component/pagebuilder_tabs_form.xml,16961ae5f6add3d5651bfa2bad88791d8948ae4426da90a2c2258bd6d1df1f48,5778
view/adminhtml/ui_component/pagebuilder_tabs_mobile_form.xml,61156cf1d278938b79a03bccb6ee6e2df72dbca6d0d969ee6d5d7ddac5974edc,2502
view/adminhtml/ui_component/pagebuilder_template_grid.xml,27d39248d6715ffe5ca8475e00b7311016d7ac1b32277bfe2bfa16c4d27c97b2,5192
view/adminhtml/ui_component/pagebuilder_text_form.xml,0c4029c9e309ed53c1138df0e926aa22766587422dee74d5063573be4c3a33bd,4405
view/adminhtml/ui_component/pagebuilder_video_form.xml,130156efb5a01c17feb7aa32568997390e1cd193bc52d72d350c83f99a066938,5353
view/adminhtml/ui_component/product_attribute_add_form.xml,fe3e7aa3f4c7efa5985beacfb8b309717e47e760b69dff6611062f8cb6844765,923
view/adminhtml/ui_component/templates/edit_form.xhtml,5cca4d255baabd7b0c5d6598cfaa865a6a0eda723d008305af4888facdf035c1,444
view/adminhtml/web/css/images/cms-empty-row.svg,1f32f6d2bbecdaa4609d5e2c9f625672aff81d7c3b572d26f8c464792aa914ae,5273
view/adminhtml/web/css/images/content-type/banner/appearance/collage-center.svg,31738ab78853a376f3a95eca02ae9e17e112018597d40d748c8e00ce643b3ac8,491
view/adminhtml/web/css/images/content-type/banner/appearance/collage-left.svg,2c1e8a23ef118d4539125ede2a20cca3256cef3af32e435ed8e9ac9d15cec968,491
view/adminhtml/web/css/images/content-type/banner/appearance/collage-right.svg,6a3eab5bb4828bc95c83ccf7d5d085071da52cece288d1dbb2bd4f4389b7392b,492
view/adminhtml/web/css/images/content-type/banner/appearance/poster.svg,466ed61cfec884a3f98277780d9fd38cbc7991c348894ea80e2fee8e0c8a78c5,386
view/adminhtml/web/css/images/content-type/buttons/appearance/inline.svg,67b89cfedcca8289fe3885cd19ac7a7f87ec6393fd3ca4110468b9903390e38a,333
view/adminhtml/web/css/images/content-type/buttons/appearance/stacked.svg,4570c7c8fd1de31cba92bc82bfe8041cb86659c78e652348ca867ebca5604b83,332
view/adminhtml/web/css/images/content-type/column/appearance/bottom.svg,417197aadda6230fc38b4cf4e65bc67303856c0c7acf5ca11b6f6464f8398973,599
view/adminhtml/web/css/images/content-type/column/appearance/full.svg,bba5a8d832e2f1cf94b24874eee99abea2906790010016bf8427189ec5dab34e,589
view/adminhtml/web/css/images/content-type/column/appearance/middle.svg,88bd86428ac59abed94a0392552005e9f0ff45c2ffb54ed4859d2c45186a2e6c,599
view/adminhtml/web/css/images/content-type/column/appearance/top.svg,bc6f6925ce5e29be63616aa7f90c36e3067f5f67efc59820ee13a9b505eaa5ad,583
view/adminhtml/web/css/images/content-type/image/appearance/full.svg,50d82b9740a3fced8cc268f2c2893e256f20b497bcf2b85564a69848d6ae43ca,571
view/adminhtml/web/css/images/content-type/products/appearance/carousel.svg,825e8245c809683d153a7659a4c607e01101c4367f9e9662ab98355d482ae02e,510
view/adminhtml/web/css/images/content-type/products/appearance/grid.svg,641cc26338200582471988a052a2bd869a8f1015e03c09d847aac0fd69a11308,463
view/adminhtml/web/css/images/content-type/row/appearance/contained.svg,fd3c759d161a6d0c4b0ecf163172565e050725a52da1b06262589fc41cd53c92,859
view/adminhtml/web/css/images/content-type/row/appearance/full-bleed.svg,5fd5dd4e4cf55efa130158a771da9cb340a8f4f317545536669fbe792316d210,1104
view/adminhtml/web/css/images/content-type/row/appearance/full-width.svg,294f5806c0085253c8e29a0a023e8fba4e66578a39d15edc32e7cd96e13bb81d,1169
view/adminhtml/web/css/images/content-type/slide/appearance/collage-center.svg,31738ab78853a376f3a95eca02ae9e17e112018597d40d748c8e00ce643b3ac8,491
view/adminhtml/web/css/images/content-type/slide/appearance/collage-left.svg,2c1e8a23ef118d4539125ede2a20cca3256cef3af32e435ed8e9ac9d15cec968,491
view/adminhtml/web/css/images/content-type/slide/appearance/collage-right.svg,6a3eab5bb4828bc95c83ccf7d5d085071da52cece288d1dbb2bd4f4389b7392b,492
view/adminhtml/web/css/images/content-type/slide/appearance/poster.svg,466ed61cfec884a3f98277780d9fd38cbc7991c348894ea80e2fee8e0c8a78c5,386
view/adminhtml/web/css/images/form/element/visual-select/alignment/center.svg,478b00672a67f2a7641977aa600d1b0a03626ce28c0503273adcdc7fb7519519,297
view/adminhtml/web/css/images/form/element/visual-select/alignment/left.svg,86ed8ed4b69e657151dd75a7de68323f0f3230516761fe3369d62434f39bd135,320
view/adminhtml/web/css/images/form/element/visual-select/alignment/right.svg,928deb01df0eed7acccdec7274d99c2386c9340d5749c76fd263f1d3a73d12f7,300
view/adminhtml/web/css/images/form/element/visual-select/background-size/auto.svg,e1dac66d7eb6fa7c10f8081d349f8d2c7017b5b48928c20418b323f20e12bb6b,480
view/adminhtml/web/css/images/form/element/visual-select/background-size/contain.svg,e5ee27a380c8cf858cef1d4af9852b900cd01309301adb21ce1a59137530c52d,474
view/adminhtml/web/css/images/form/element/visual-select/background-size/cover.svg,c430900e6e5cef989b4db382c9de20b905f36a4ca2a88be2fe3571912b7da912,471
view/adminhtml/web/css/images/form/element/visual-select/background-type/image.svg,0aeccf401b44fa31b4dc9b7b3e3881cc2765a84b137088b075c7a48dfdc690ff,363
view/adminhtml/web/css/images/form/element/visual-select/background-type/video.svg,edb7907e28ccc4db9ff01eedca841fcbac9d23a0d78a0eb0db3371c35e9ca79b,991
view/adminhtml/web/css/images/form/element/visual-select/vertical-align/bottom.svg,2cb72b3206a93c80d0132e1e70605da18ad0334b55c11f903af7d570634e8438,357
view/adminhtml/web/css/images/form/element/visual-select/vertical-align/center.svg,3e08487adae24be83bc1cc0308cd55ec9fc17eaab7581efa9fee9543f0ead7b2,384
view/adminhtml/web/css/images/form/element/visual-select/vertical-align/top.svg,e7630cac9c74e5bdce6a68132b2dfaad3ed186cc34847dfe6753daeddb0963d8,347
view/adminhtml/web/css/images/switcher/switcher-desktop.svg,9c1ce29d3b3996e0673e42c15534f3b86ebef52be83bacec95194c46b24e05d5,529
view/adminhtml/web/css/images/switcher/switcher-mobile.svg,4eeb0ffdc74125f6f3a5ead665f57136c55a453e6d91995bb952419f984aa52d,458
view/adminhtml/web/css/source/_buttons.less,c4fb053334f47147256ce9c1a26d7d47fee703391a6195400e977d572eef8ac6,1936
view/adminhtml/web/css/source/_common.less,913e4c44e7768b9b3e2b84d987a57ee220aaa7d15613cfbfe6f4d0c66039f18d,1343
view/adminhtml/web/css/source/_config.less,6dc5f8e28016169cc0034b97395c2cd4b07495018bde510405d1258a54ea0989,3141
view/adminhtml/web/css/source/_drag-drop.less,000ae71675e7d75c227d5b4dd3987af3da91584835dc1f41289132751233d668,1851
view/adminhtml/web/css/source/_fonts.less,87e3962a11af3d1c03ef55ddb95eb893e6bc2aea140b20f4233d4e6ed58972fc,1458
view/adminhtml/web/css/source/_google-map.less,e018823c9ff9636899878580d62b539cf9d641583eb0ad015322920f1f54962e,485
view/adminhtml/web/css/source/_icons.less,029cdc15c088393bca163da29adca65e9502029608e68fd24dffb4be28bd7573,5129
view/adminhtml/web/css/source/_inline-wysiwyg.less,221a768154750810b19ce52aa3f74913e693cc759a004aebd51451a90608988e,1590
view/adminhtml/web/css/source/_mixins.less,965a326ea0d002ad54257bf9c2afae1e86966d8e6e64ffb5df5b1f94d33fb223,311
view/adminhtml/web/css/source/_mobile-viewport.less,4d09c2b8a173a24a664d620e3bc19e8f830affd46e50cb5938b7cf7d689031a7,453
view/adminhtml/web/css/source/_module.less,8fc64d4852d5d220a36b2ec1945e89afd57b50435af4e42fede4749ff381b14a,1904
view/adminhtml/web/css/source/_page-builder.less,9f7c33f5f1f460ad8141f823faf6b6f8bca00fc4ecd7eb406a5936560c6bab44,12527
view/adminhtml/web/css/source/_panel.less,6ec827411ffc69c4f2a7b1b0dee9992813c095377b43835556f84dc70d34cd9f,8544
view/adminhtml/web/css/source/_template-manager.less,ffbba8e8314788b4d48fad483aef2a364bc059fe2b29f2e90a2f256ed882e8b9,3135
view/adminhtml/web/css/source/_toolbar.less,21789230f547f3b6eef466bdbaf6613b2dea51639de94fa1e641fafc64d46504,2697
view/adminhtml/web/css/source/_typography.less,61d528d3e0522f4bf3ac466b90161599e70c50a6a30ff823933d19ef58ebe9a9,5375
view/adminhtml/web/css/source/_var.less,a00627514426b1ba3656348ccbcf65525c396b1bffa16a6b302035cd4d429938,2260
view/adminhtml/web/css/source/content-type/_import.less,2217fafdc5bd490bee88d4442fda4633c3125815630f63749c0b3bcc3dd91707,856
view/adminhtml/web/css/source/content-type/_preview.less,e27216898b91f45046edd8c6cf32b20ad2abd76c0bdb79d9dbe1c8ef6c63b050,16717
view/adminhtml/web/css/source/content-type/banner/_collage-center.less,de1283ad2083c7b7606763b39031d2e8dd9f568fe1cd1481517f5bc8368420bb,317
view/adminhtml/web/css/source/content-type/banner/_collage-right.less,842cd3a268a17d2ecd3ad10000b1546b4575c886952a6b7ebafa52f0f9418770,285
view/adminhtml/web/css/source/content-type/banner/_default.less,ff1dea93962aed548f389216ccfe154a42ac8c1c3c542016631f0a90e91c1a92,3747
view/adminhtml/web/css/source/content-type/banner/_import.less,6d40de25410b3f5b47efed8272b30f46b3dbb65b415767949cf186ba53367451,310
view/adminhtml/web/css/source/content-type/banner/_mobile.less,41aedec9095e67e1d7d1e35841cf9145d17a515dc1be299b680ced387e17ab46,427
view/adminhtml/web/css/source/content-type/banner/_poster.less,76bc816ad22648e45e185014d060dd8b31c7c8120e361c58b14db1e49d6162d3,371
view/adminhtml/web/css/source/content-type/block/_default.less,813ff59bfb642be7f113c212870ec3ca705c7134d928a2d5dd603ea08c0536b9,1931
view/adminhtml/web/css/source/content-type/block/_import.less,62da8ede62f07d36b698b1c065ecdfab65a3ffcc41f4817250290870a79acabe,222
view/adminhtml/web/css/source/content-type/block/_mobile.less,47b238e363a81231f5bb420ec3b2069bf10412d99660a151ba0bc1f0234ba770,526
view/adminhtml/web/css/source/content-type/button-item/_default.less,144f58c16a707331885ba332987e6d76c435e6a2ae9ca25424f6a7096b78df9d,2923
view/adminhtml/web/css/source/content-type/button-item/_import.less,91f6e4d57e93490d8ab2731d44011baf02a15bb0d35d1e4f9633a63fd39fc21a,196
view/adminhtml/web/css/source/content-type/buttons/_default.less,ac8b7e3fd5bb3b571af9fd93503c928bc0b59e375d08694c2d25ec2fc4a551bd,336
view/adminhtml/web/css/source/content-type/buttons/_import.less,91f6e4d57e93490d8ab2731d44011baf02a15bb0d35d1e4f9633a63fd39fc21a,196
view/adminhtml/web/css/source/content-type/column-group/_default.less,d06a69201e8c6ac48d26a972959d8606ece5f22ccbb633a3a653fe8e888f770d,9739
view/adminhtml/web/css/source/content-type/column-group/_import.less,62da8ede62f07d36b698b1c065ecdfab65a3ffcc41f4817250290870a79acabe,222
view/adminhtml/web/css/source/content-type/column-group/_mobile.less,db01edc5ef14545bb60ef4f933a072ca8f83d03d9ba89d0508418baa393babc3,477
view/adminhtml/web/css/source/content-type/column-line/_default.less,4bcf1ed5a817d69b054b5153b3ffc36514abba22663aab780da6c9dc9056e4fa,897
view/adminhtml/web/css/source/content-type/column-line/_import.less,62da8ede62f07d36b698b1c065ecdfab65a3ffcc41f4817250290870a79acabe,222
view/adminhtml/web/css/source/content-type/column-line/_mobile.less,ff2657fa773befd0e75897cd7aec190f5b4171938eddb4c5b013a260c4410182,476
view/adminhtml/web/css/source/content-type/column/_default.less,87ac6c894cf41c82451a25b6fbf768b7ece282c076136185807f21addf206093,2327
view/adminhtml/web/css/source/content-type/column/_import.less,62da8ede62f07d36b698b1c065ecdfab65a3ffcc41f4817250290870a79acabe,222
view/adminhtml/web/css/source/content-type/column/_mobile.less,159c71165f1229158ab7c66049a6f25744e5c4caef20887fb08d7fe87da46e40,321
view/adminhtml/web/css/source/content-type/divider/_default.less,1ba25e4721bfcea0c6e306c944697d32cd5f7d3f1d9388680f1e86dc413d2c74,520
view/adminhtml/web/css/source/content-type/divider/_import.less,91f6e4d57e93490d8ab2731d44011baf02a15bb0d35d1e4f9633a63fd39fc21a,196
view/adminhtml/web/css/source/content-type/heading/_default.less,56c4bc2a17d7e6cb85980848510a7aae40e9123b0991111c4c4d60a3b6e311ac,1536
view/adminhtml/web/css/source/content-type/heading/_import.less,91f6e4d57e93490d8ab2731d44011baf02a15bb0d35d1e4f9633a63fd39fc21a,196
view/adminhtml/web/css/source/content-type/html/_default.less,3e0fdaccb7ed0c131b577ff17d2e4cf05b7d50b18f47bdca40862a7849975263,1424
view/adminhtml/web/css/source/content-type/html/_import.less,91f6e4d57e93490d8ab2731d44011baf02a15bb0d35d1e4f9633a63fd39fc21a,196
view/adminhtml/web/css/source/content-type/image/_default.less,d543cfe7b99d797c13e1f6a24acffdab92db4f38c4e14ce6f4829e3fa8db1d5e,809
view/adminhtml/web/css/source/content-type/image/_import.less,62da8ede62f07d36b698b1c065ecdfab65a3ffcc41f4817250290870a79acabe,222
view/adminhtml/web/css/source/content-type/image/_mobile.less,4baec2a708d25d85001b478cc151f8497243f062ffc4b30114e911693c65e466,383
view/adminhtml/web/css/source/content-type/map/_default.less,d936360b1909e6922b363fd1f6ea82d64cf63598ae479cfcc7ed343e7feb3c35,340
view/adminhtml/web/css/source/content-type/map/_import.less,91f6e4d57e93490d8ab2731d44011baf02a15bb0d35d1e4f9633a63fd39fc21a,196
view/adminhtml/web/css/source/content-type/products/_carousel.less,25d77dccf356bfdf8a78fc2f6e0c65dd2f9ac9676c73b4a5d4e5a3dcc088c925,2135
view/adminhtml/web/css/source/content-type/products/_default.less,382cfaa24389f58298999007f1d076875da69b59a9fcbb8c0b3a22c3e033fcfa,8348
view/adminhtml/web/css/source/content-type/products/_import.less,debb72e9e3c890e65cf18f39c02334a2c555e39732e1558098cdc4d0af66bf7c,252
view/adminhtml/web/css/source/content-type/products/_swatches.less,997e0968b7136614a6f028758d62ea062ec6a8d93d37554a86b850066f11d104,14491
view/adminhtml/web/css/source/content-type/row/_contained.less,6f15a743113270f165911b6783f3464ad690a775ec8787b51d8a52f77a0c5946,457
view/adminhtml/web/css/source/content-type/row/_default.less,f67fe93d7303e299fab54fe24087311cd068d81a547471c92d732e87568c14c7,1386
view/adminhtml/web/css/source/content-type/row/_full-width.less,db9ee935c2ca370af22cff4ae1d63ed6dc1a5794ba3c48510c176a066f236a20,358
view/adminhtml/web/css/source/content-type/row/_import.less,6b0722941f18d263192d391bfb477064c71e9eea2f66fe2a835c16fa9e4e009a,255
view/adminhtml/web/css/source/content-type/slide/_collage-center.less,1b0e4da2f3c6e285b8cdb6dc3b31d18099f05add9c9bb28da1e70755964966cb,1098
view/adminhtml/web/css/source/content-type/slide/_collage-left.less,b7ffe8b9e80814623714bde0a4711ec706838f8a759b83a70c12094f84551e00,700
view/adminhtml/web/css/source/content-type/slide/_collage-right.less,35fdbab851171a642262a30eee4a5a7c34274bad58b4450c932642891108245b,978
view/adminhtml/web/css/source/content-type/slide/_default.less,6ccb5c33ce2b29402a9f644d493a8e1662bde38bb17203dce268cc0e44dea564,4501
view/adminhtml/web/css/source/content-type/slide/_import.less,4bfb988b241a9fd59f96d12d180e4a863b5c0074df101511da7a70bccbf891a2,316
view/adminhtml/web/css/source/content-type/slide/_poster.less,98dc0e50b8e4006b825efdeb9d5becc029457dd65ea136b787f26d710570cbc5,999
view/adminhtml/web/css/source/content-type/slider/_default.less,cd890fb47e1dcbcc1ecffd97842778fd1eead91dca2708e983aba3c9a5f5a585,11121
view/adminhtml/web/css/source/content-type/slider/_import.less,91f6e4d57e93490d8ab2731d44011baf02a15bb0d35d1e4f9633a63fd39fc21a,196
view/adminhtml/web/css/source/content-type/tab-item/_default.less,a0fd0c13b9366d330829c1da42e45e28d281079805e062b915bb1bd30f4b6d83,980
view/adminhtml/web/css/source/content-type/tab-item/_import.less,91f6e4d57e93490d8ab2731d44011baf02a15bb0d35d1e4f9633a63fd39fc21a,196
view/adminhtml/web/css/source/content-type/tabs/_default.less,018cd8fc3f79fa92281cb13b1d8dc350959186e54eb9efb2a891e39b38aff0e0,5988
view/adminhtml/web/css/source/content-type/tabs/_import.less,91f6e4d57e93490d8ab2731d44011baf02a15bb0d35d1e4f9633a63fd39fc21a,196
view/adminhtml/web/css/source/content-type/text/_default.less,9de31c37244b13c95721d35ab3fd59e4eb72a9aa4bdd4f28f17272b5a0e999cf,1267
view/adminhtml/web/css/source/content-type/text/_import.less,91f6e4d57e93490d8ab2731d44011baf02a15bb0d35d1e4f9633a63fd39fc21a,196
view/adminhtml/web/css/source/content-type/video/_default.less,8127914603a27bbc97a93431d587f7deceadda87beb809acac56b111ecbeddd7,1113
view/adminhtml/web/css/source/content-type/video/_import.less,91f6e4d57e93490d8ab2731d44011baf02a15bb0d35d1e4f9633a63fd39fc21a,196
view/adminhtml/web/css/source/form/_import.less,6b746daee9788b0f0b14150b66bde3d16ee74bc63b77f82aa29e4cac72477f97,239
view/adminhtml/web/css/source/form/components/_dynamic-rows.less,fcef82f53fb12ec825cbdcc7f4002e20f9858bbfaa3e648ebff69b12412c7f49,298
view/adminhtml/web/css/source/form/components/_import.less,1ad699e413835f98f3a85d8fcc04fa114fca321f2f9421afebb6cbcbf200e14a,202
view/adminhtml/web/css/source/form/element/_container.less,ed2b51420237a0d3a3060e61cf42a884d76b21e36ffe8080699330042a5f3c22,245
view/adminhtml/web/css/source/form/element/_import.less,e309e61fb931e1071bc7e7d172fc90495ae8e9e856a35cd48ef6335b386fe6d4,384
view/adminhtml/web/css/source/form/element/_map.less,d5d49bb46cdf6197a41278863265c84bdaea2347e301eb9840b2dae489993073,550
view/adminhtml/web/css/source/form/element/_margins-and-padding.less,3f2588bad367e3c2d7f109a923eb7b9b2e1c59e0265787a3b3e3d0bfda68d7bf,4098
view/adminhtml/web/css/source/form/element/_mobile.less,3521e8357e609461ded36e164e3bb2c0000aa52d00bd4e6b0182c41850810622,2128
view/adminhtml/web/css/source/form/element/_product-totals.less,ed54b718c828058d98f147c2578d5d8ff99f3915ba19c68ebac50468e91759be,132
view/adminhtml/web/css/source/form/element/_visual-select.less,e938ccadd8e339fb7f3cca668df1f4d2c59eda319210d83e5909fd34103ec8af,2057
view/adminhtml/web/css/source/form/element/tinymce.css,e91cab31c239e189f6df68531e95707a69c57840679cb14721b8d30762357dcb,3295
view/adminhtml/web/css/source/form/element/uploader/preview/_image.less,432a1abbcc764ac3b4fce629ae6a6aa1659cc637a1f7ba1bbe50535c69c6844e,4495
view/adminhtml/web/css/source/grid/cells/_single-select.less,1eed5327997f90312d3ccfd05a8c150a7ffc06d4248d158b3b95cd031c607bcd,256
view/adminhtml/web/css/source/modal/_dismissible.less,89c4915122b59e34ac5ab7cbbdc82ca2cb31adad08d55c4b82530d6be7563b9c,261
view/adminhtml/web/css/source/slick/_slick.less,69c2e4154e8084817082b44d07adb369fb8571834d700aae7a78ae3e1f14f7dd,3259
view/adminhtml/web/css/source/stage/widget/_import.less,4733a66ed3cacb952c770cf2690646431a5e206272490742211ffe386cb2265f,217
view/adminhtml/web/fonts/luma-icons/Luma-Icons.eot,bd093cfe79bf18dc0b0f356ad4d3c1ec4ed859753df42036f8718ace2b7f19dc,6944
view/adminhtml/web/fonts/luma-icons/Luma-Icons.svg,5dc6e44d344ba5b50c9cd455123549b00ffc9bcad58b2f5682b54a7c3fdfecca,21747
view/adminhtml/web/fonts/luma-icons/Luma-Icons.ttf,bb7676ea37750f9d59ff16206130f91f19a1fbb8c9ebfadf14dac43f71e4f62a,6768
view/adminhtml/web/fonts/luma-icons/Luma-Icons.woff,65630e7736248caa786f74c77576162df1ecad79dba7246d8f6e4f871f9d02a5,6844
view/adminhtml/web/fonts/luma-icons/Luma-Icons.woff2,811c13b5ffa267fe2b53adbf1d40cc42ee7cffa7374297297159d629051fcefa,3272
view/adminhtml/web/fonts/luma-icons/selection.json,747b0a1bd695991e2d803e5fe0eb132de221e518f52009c09e7b8dbb2fb4d55c,47939
view/adminhtml/web/fonts/opensans/bold/opensans-700.woff,a0357cb694b5284870c77c0dbcaf33f238004800419288afde313317b0dbd0b7,22432
view/adminhtml/web/fonts/opensans/bold/opensans-700.woff2,796de1bd57056646e70e7749841a0f1f15043f263e63cd41f252e238e3a40b1c,17668
view/adminhtml/web/fonts/opensans/light/opensans-300.woff,a1cb81c9f07f1f399db66ec188c02a1c74bc382df9a8550ab8091aac93dff8a2,22248
view/adminhtml/web/fonts/opensans/light/opensans-300.woff2,69fd4fd58ab3812b5b43a91478b13191fee58a0a438a5901345c89ea4991e9ca,17436
view/adminhtml/web/fonts/opensans/regular/opensans-400.woff,22e7a1b10c110072f5a0bfd16e2197a76b279ec879bcce8978fada1dc9ee5d40,22660
view/adminhtml/web/fonts/opensans/regular/opensans-400.woff2,b367d278abdbff97dcca334e31b1714fae2f7922f2347c5e76a6fd2c67f15079,17848
view/adminhtml/web/fonts/opensans/semibold/opensans-600.woff,26b216fadb2ffcd542ca56c2d84f9918f62e40de89bf88b4211fffacd2a4ad83,22908
view/adminhtml/web/fonts/opensans/semibold/opensans-600.woff2,e970869c33bf34e4efdffeed811711d5e1d3956d08ed64a85865d544099b3395,17980
view/adminhtml/web/fonts/pagebuilder-icons/pagebuilder-icons.eot,a515345994ef46b1609332cd226ee5bd104542e21891b261d6f614893815423e,5924
view/adminhtml/web/fonts/pagebuilder-icons/pagebuilder-icons.svg,5e155ced81f0ced134aaf41f06a4df544bfd066de3e3350e0da58cc6107f4070,18437
view/adminhtml/web/fonts/pagebuilder-icons/pagebuilder-icons.ttf,07842e2e47fa16b665eb442d8393160c3640155783bc76002cc00828ee70494e,5760
view/adminhtml/web/fonts/pagebuilder-icons/pagebuilder-icons.woff,bc88a90517adcf551d119a106ebbc3c014719a21cd430b6c7bfed5b1e11144fd,5836
view/adminhtml/web/fonts/pagebuilder-icons/selection.json,b90b9aac4cf93eb53d46f52d316cd46dbb6f851a399421913ca6cab167c103a0,30129
view/adminhtml/web/js/acl.js,2252f45acf007fa399d50dfe3108bb1b2e7ab34e8d3681a71326471fcd7ef8b1,557
view/adminhtml/web/js/binding/draggable.js,2d4f1dce3196041fe2677f4d04c961340de7e8fb26dc2978e92d53a1adc39939,703
view/adminhtml/web/js/binding/focus.js,21da55f45372c951ea51ef98e6d0a7fa1fd1426314e0949520d94b15ec09bb8c,809
view/adminhtml/web/js/binding/live-edit.js,1e2edd9c9872774f751c0e4e5cb94385b9bb9d0282adeb63068d71a8a463dd41,8791
view/adminhtml/web/js/binding/master-style.js,253dc38fd2377de95141be3c231ccc466373258e043f6cf0e589ce7d5937e62b,2521
view/adminhtml/web/js/binding/sortable-children.js,acd8d12875a2e09ff2815121d17409afe5f0484e6d91202d86d951fd116b13de,2792
view/adminhtml/web/js/binding/sortable.js,f818bfba5d327858d923b6e0ff3beebb2d75f6fc5807a03526e30cc0a98f5750,974
view/adminhtml/web/js/binding/style.js,7ccb59c9569b96cff3bac1561981c458edf0446148cb1da686a4f8ef11d261c2,2711
view/adminhtml/web/js/collection.js,abc5a2e7fde5ec932be5100ad07235b6861fb5f5f2652db265b8a00ffe4a8092,1693
view/adminhtml/web/js/config.js,79711bd44195c6c139c0b2a671a49a4989fc8f4dd35f05c53d570a9bce23f7e5,1873
view/adminhtml/web/js/content-type-collection.js,802cca430925b929ee225316f69e908873c5ac10abe68c3c773f3b0166a3ef21,4080
view/adminhtml/web/js/content-type-factory.js,0ff1e3092ab76eb726e33491c46b4e8a299e242a8261705baee6c05be992ae6a,5899
view/adminhtml/web/js/content-type-menu.js,03c9592b19e5a4662c9a0806b6a57ab52b9d763b01843f036b5f8a2e593de0e9,2134
view/adminhtml/web/js/content-type-menu/conditional-remove-option.js,41e8b0caf0794b6ca556e4c7ffcd24a964b56d34a321ce20b4e73001c3f45fb7,1371
view/adminhtml/web/js/content-type-menu/edit.js,55ef2254431ed69066ed6d3a29d5f320a235f878e95e7d9fd8f256c5e0bd2aa2,4604
view/adminhtml/web/js/content-type-menu/hide-show-option.js,19ea65e1c5986a5f099f3f5359763b80d62a90109c4ab956c6263e12fbc5c919,2148
view/adminhtml/web/js/content-type-menu/option.js,fcc9c57404d6b84fb45d0a3fc8666d0b2dede89e9903ef4e7a2110e0c685ef21,2443
view/adminhtml/web/js/content-type-menu/title-option.js,04b34a26812242b5825db4a10dc92f970c596914f8ff5b672fbfc40d7a0fcc25,1181
view/adminhtml/web/js/content-type-toolbar.js,8e27030bd1b5cc4d4c15573a2b8e1c4c28c825e91f06789aad4871a34cbf60e4,5293
view/adminhtml/web/js/content-type.js,843fe283cdafccd40f333b9eb434e64b4ad29413aeb41afcddfbd947cce87a1a,6129
view/adminhtml/web/js/content-type/appearance-config.js,119053d82089f1c51794c32707b49750ab8da8672db6d5a76cca5c035ddf0342,1014
view/adminhtml/web/js/content-type/banner/converter/attribute/overlay-color.js,1f8848d94e6ced51790d3493d224e8d156724bc78b6ab6de817821e9b5cbcae5,965
view/adminhtml/web/js/content-type/banner/converter/style/button-opacity.js,1b24e6a3faf14bf2501482f6bcc37d900f69bdec39e10f5a11d2a120437606f1,892
view/adminhtml/web/js/content-type/banner/converter/style/button-visibility.js,e93cc0409ff2d75e4ab91c87bc9a6b8bbf69da7249f841c69802b399cd6101e6,921
view/adminhtml/web/js/content-type/banner/converter/style/overlay-background-color.js,e45274571905272cc577e295dcbcb42f70aa13ee4de39a2330bdaeeb23d75797,1118
view/adminhtml/web/js/content-type/banner/preview.js,b9050994b54846574b0107d1f456190dc2eba2f5e4a89121d4f895e041a87fb3,18421
view/adminhtml/web/js/content-type/banner/wysiwyg/tinymce/component-initializer.js,55da2f9a0ba5ed615e87664816e4440c4574fdb1616dd17db183c8f7d470e93e,2053
view/adminhtml/web/js/content-type/block/mass-converter/widget-directive.js,cd8f7cda2ead6f4f2dd91ec11f510cadcd33adb66bc2637b9b334d222b0e6890,2215
view/adminhtml/web/js/content-type/block/preview.js,640af8741fa51e66c5e8a070db604dbe9384df2cb4707e8832230cd74c48e56a,10479
view/adminhtml/web/js/content-type/button-item/converter/style/display.js,aaca51932a40977fd97dacecc8924d8c010295811e1410f9d61acec22bfbed82,1126
view/adminhtml/web/js/content-type/button-item/preview.js,0750abab33bdca71204304816538b4b8c0fb8317af0ad04d8d3f5e756fa30f07,5244
view/adminhtml/web/js/content-type/buttons/converter/style/display/boolean.js,75b697ec5b0874f045f0871ad2176bebbee10a572196878f3bda295861db19cd,1118
view/adminhtml/web/js/content-type/buttons/converter/style/display/flex.js,474fa4280916e8e2349494207524fbc52a4a1848095bb356d6cbefebe841c7eb,1100
view/adminhtml/web/js/content-type/buttons/converter/style/preview/display/flex.js,fcb0da895fc79d431aca08f94a9102b076b8b8d2ba2c940ffa2322c77c19d217,879
view/adminhtml/web/js/content-type/buttons/preview.js,0aa9ad9faa5e74d29e112b0d20ef76208397af1082e862b39e8ad8959cc0a8b4,10571
view/adminhtml/web/js/content-type/column-group/drag-and-drop.js,becb5182a1ffdb079f38faaf97b5c0830d20e53f60550b5e16477cd099602070,1305
view/adminhtml/web/js/content-type/column-group/factory.js,f64fd7d004bea39a9f0b9085ef2d2541a6cca3ce31eb95798829a2901aef551d,1702
view/adminhtml/web/js/content-type/column-group/grid-size.js,b5af572225b534f814d928320dd9946a871804a2fd31a9a35b10c86a4ee82609,14936
view/adminhtml/web/js/content-type/column-group/preview.js,6e785215ff3446700b4c49ebdbbcc04692f8e181ca3490420006ee01e4589e63,46393
view/adminhtml/web/js/content-type/column-group/registry.js,15264c0f0f3075a023859e64ed0266be76addf24062b4348ad947ca24f62244b,824
view/adminhtml/web/js/content-type/column-line/drag-and-drop.js,354169ee5a1467129fde447e9dacf7b30cd870ad3f1ee40933ec2b1f9f8af768,1302
view/adminhtml/web/js/content-type/column-line/preview.js,5379fd6fd1217d633257bd99b909ae0d1d30e3ba2e7b283883704e4699365cd8,47472
view/adminhtml/web/js/content-type/column/converter/style/margins.js,759ab40999d6e8129e5bc96f163369b9a16c444afd9ed453db3d609b11fe72b6,1809
view/adminhtml/web/js/content-type/column/preview.js,3d92b94bb1ddd5e11c3289fec5d94301b6e6b16a76b621a8acabe1b00ec4f608,16879
view/adminhtml/web/js/content-type/column/resize.js,b91ff0632bbede3dacec6569bac3b61fd59c19aa35d21a2ec26ed39fdadec637,16898
view/adminhtml/web/js/content-type/converter-resolver.js,98d5a590886777558222acbb15ba4b4a1476f7c6f01694149fc4578a36913a17,405
view/adminhtml/web/js/content-type/divider/preview.js,5b8dba0fcd851ed6f6c61c606482e36ced97603af406ec1739e2ad75e4ec3028,1537
view/adminhtml/web/js/content-type/heading/preview.js,df32bafb39167e552de805316ba83c693c894ccc1e8317f3370fcc70c71311b4,4764
view/adminhtml/web/js/content-type/html/preview.js,5b8dba0fcd851ed6f6c61c606482e36ced97603af406ec1739e2ad75e4ec3028,1537
view/adminhtml/web/js/content-type/image/preview.js,b77a4c6baf92b3a9ef30b9e9c8fa0b78e376771149371d8a0b477e6cfb68ddd9,3821
view/adminhtml/web/js/content-type/map/converter/attribute/locations.js,e70ab7972e9610e42a0ac7087a97c09674cb01630fd076f4f3c3ead12e7788ed,1500
view/adminhtml/web/js/content-type/map/preview.js,ee7818490dbb1d7efc654dae0ed33c0777503ccc546d0e26b1c0f9550ac3af17,4742
view/adminhtml/web/js/content-type/master-collection.js,d63c02a9acfbe7a55b6d49b6f3c90d88f614a61cc821da026c9fe74c7e8b34cb,1746
view/adminhtml/web/js/content-type/master-factory.js,b65286f976e716fe69f9ecc34cbc396ff1cc27072de1f3b1047f098fd52ffedd,1635
view/adminhtml/web/js/content-type/master.js,d306b781390c93b78247730f4ca23fbd546e5bdd9d6271b65137d63e18b1bb7f,3397
view/adminhtml/web/js/content-type/observable-updater-factory.js,a7d8073a58e345253274282509deb903c7e111af9532a678b83567d35d4bf64c,1246
view/adminhtml/web/js/content-type/observable-updater.js,26e72993ac71f4f6d8ee16d1ba8d7754320ea6a05702c0d207a0c8bf198b5a39,8985
view/adminhtml/web/js/content-type/observable-updater/attributes.js,3ca40b094ad1e78f80cef8e008fe3c5d0aa497af812666fabc9177981de74f4e,3285
view/adminhtml/web/js/content-type/observable-updater/css.js,7c4f3ae44521f5c27ca8cf2bbb42c44f28faa825f8811e8114f04d459b25efe4,1083
view/adminhtml/web/js/content-type/observable-updater/html.js,c358b2258f759a94c811c1a70fc361229fda1da3f2c3b012bb8e60896b18ce12,1670
view/adminhtml/web/js/content-type/observable-updater/style.js,3560036d6795b8fe1bd9c8ac6554f87f3daa3ca0ea3a034dab32933fac78923a,3606
view/adminhtml/web/js/content-type/preview-collection.js,890d8210ec6ba5ce6739a4cdb04ea2f869aff65915374578c1cda6e3d1e6b62c,4854
view/adminhtml/web/js/content-type/preview-converter-resolver.js,4c86f2e32311b14c3d44821709ca622b8a354af5620a15a42ebccbd0b0367bc6,472
view/adminhtml/web/js/content-type/preview-factory.js,945edbaafad86a296874e41dd47fa14f0418932050e0b00efe52414c191521d4,1681
view/adminhtml/web/js/content-type/preview-styles.js,6b46511925688f6bdc4d1c105691d3004554d57622704ae293217a4befdef86f,1694
view/adminhtml/web/js/content-type/preview.js,de78602590b6a6c580d0acb738efa8b5e94568cba708f1ff2a999688d683b171,22298
view/adminhtml/web/js/content-type/products/form/provider.js,51fe9bb5ed7a9889128b7ca003a38892a629df9ba8363e93deb917f57c57fb75,556
view/adminhtml/web/js/content-type/products/mass-converter/carousel-widget-directive.js,0258c1f040fc0d779b7e29253c44def29e946a36ce44e134ceeff172b887ea8f,4191
view/adminhtml/web/js/content-type/products/mass-converter/widget-directive.js,66650e67f40ec86ca7610635fc8820edf847a7a842ba1ee6b133671209afa712,4150
view/adminhtml/web/js/content-type/products/preview.js,df797410b7e9795e80d25499f580dc96a74b819b1f8f74059753a712b03876f9,8096
view/adminhtml/web/js/content-type/root-container/content-type-collection.js,33037a26eb5753c7ee1eaba54dd555acd13dfe4cef388fed1011bd465f5bd653,1548
view/adminhtml/web/js/content-type/row/appearance/default/widget-mixin.js,ca060fa8d900f6e0ed4eb1f74185c6de5b3363063dc416f122e6194ece9aaf4b,1176
view/adminhtml/web/js/content-type/row/converter/style/margins.js,5f76b4b7ba7a5a2e13ae408b6286e1660cb97a3cf77c7734302b577ad2653f07,1411
view/adminhtml/web/js/content-type/row/converter/style/paddings.js,3dca7e75303e87f0586c5bd0c23954cf3a931df0770f4a0e5e3538555247da1f,1411
view/adminhtml/web/js/content-type/row/preview.js,badb8dd0b36c903846fac17439015c997f9339eb755550e4d3dcf7f19a50386f,8788
view/adminhtml/web/js/content-type/slide/converter/attribute/overlay-color.js,1f8848d94e6ced51790d3493d224e8d156724bc78b6ab6de817821e9b5cbcae5,965
view/adminhtml/web/js/content-type/slide/converter/style/button-opacity.js,1b24e6a3faf14bf2501482f6bcc37d900f69bdec39e10f5a11d2a120437606f1,892
view/adminhtml/web/js/content-type/slide/converter/style/button-visibility.js,e93cc0409ff2d75e4ab91c87bc9a6b8bbf69da7249f841c69802b399cd6101e6,921
view/adminhtml/web/js/content-type/slide/converter/style/margins.js,bf42b602fef95953a13d4e38e1b60e340923103fd2b05af440f204ca57669e50,1766
view/adminhtml/web/js/content-type/slide/converter/style/overlay-background-color.js,e45274571905272cc577e295dcbcb42f70aa13ee4de39a2330bdaeeb23d75797,1118
view/adminhtml/web/js/content-type/slide/converter/style/paddings.js,785fba0f8a05ad756e955018f1f7b8cd48dc204c0743a7e6e7be82cc03464187,2069
view/adminhtml/web/js/content-type/slide/preview.js,92be903a62d22521cfa822d5488d68d1d86e2c046dcf5c9d5e57b1218c0ff55f,20328
view/adminhtml/web/js/content-type/slide/wysiwyg/tinymce/component-initializer.js,dfe1b92b1b108cc3b85f3945443e125b930ba6c46857ab6d08d00d0d6168da1e,4300
view/adminhtml/web/js/content-type/slide/wysiwyg/tinymce/config-modifier.js,02a4112d218df703cbc5d7d747be209a4c07e9950c5bb0fc6332084dfff8a55c,777
view/adminhtml/web/js/content-type/slider/preview.js,a9a470e4166682eef0d0405c0bdbc91c78310aaadb233d48365798f9cd4547bd,20078
view/adminhtml/web/js/content-type/style-registry.js,bc84366288f8e2dcd8f8e8f030374a71f65cdec76de4ac3abcf8f1470c382c5d,2717
view/adminhtml/web/js/content-type/tab-item/preview.js,a726c39f2661c3d80b56c3c9d0e5ae8d41a62f8533f8079be0864437b91a139f,4836
view/adminhtml/web/js/content-type/tabs/mass-converter/header-alignment.js,dbfb7bb8966bb06d582aad8b97f40b8816877c93803c3dfeff7baf54d0f743f0,1164
view/adminhtml/web/js/content-type/tabs/preview.js,6125601e948dd4bd0605f44f9b2640ab9e67847570c8b9b923a04f09e842c528,18107
view/adminhtml/web/js/content-type/text/preview.js,5de7f66ed98b8ab37f4ca1a1ddf5abafc16ce0a19e3f0fcb9bacb714f7f25170,12285
view/adminhtml/web/js/content-type/text/wysiwyg/tinymce/component-initializer.js,55da2f9a0ba5ed615e87664816e4440c4574fdb1616dd17db183c8f7d470e93e,2053
view/adminhtml/web/js/content-type/text/wysiwyg/tinymce/config-modifier.js,66339ab939280b4a9af071bbe872e51b93a75cf59675dbe256a7428b82b1b7a5,809
view/adminhtml/web/js/content-type/video/converter/attribute/autoplay.js,7bcdb5fc105e7bfaa44c2a059253e576910be51a8b5b6192b745f448f1f5ab0d,962
view/adminhtml/web/js/content-type/video/converter/attribute/src.js,b1073825f4bba515238ca9aefcaa06ef1b562eee75117c24fa0b399f0305f5ee,2313
view/adminhtml/web/js/content-type/video/converter/attribute/videosrc.js,c52eaac27be5e1c9d503707249c5e0badaa71c5ae8c843003dfbb199211a8933,4093
view/adminhtml/web/js/content-type/video/master.js,d602339c896e9a18f4dbd1a0669ab2744f9e8a0cb5df1ccdbccbd0d6ef1194ac,1425
view/adminhtml/web/js/content-type/video/preview.js,dab39b264afc121c8b1367cea6d71434eae7bf27959714babad045db0b4ca984,2397
view/adminhtml/web/js/converter/attribute/link-href.js,3581be25e94e9db8613140a84b6d76eae35ddf304055993fa67238470dc71100,2628
view/adminhtml/web/js/converter/attribute/link-target.js,578a9b5cb398a33bd5ea250d53dbe8cec045d20dd8659c9272602aacaf68ae8c,1059
view/adminhtml/web/js/converter/attribute/link-type.js,80a58875721393ef08537144b7ce43b600d2c30c46261d2dec3f48787a1269b8,1033
view/adminhtml/web/js/converter/attribute/preview/src.js,e6d50d4bb72fb9c6d23d5e894485941f0f11fb2df0f86d589de7dcd9a61ab667,980
view/adminhtml/web/js/converter/attribute/preview/store-id.js,3aa14cf51be36fa9b08513864617c245ea72d610defc0ac30a2e14d93e38f6ae,1046
view/adminhtml/web/js/converter/attribute/src.js,b0c6b1185deb1fd4938e441aa3845472ce72e4a611db89cdfd35d44a74346ef6,1423
view/adminhtml/web/js/converter/attribute/video-overlay-color.js,1b9c4fa061e57b178f15dba45d1909367e7199bb558d2e8420fb88a02b733011,983
view/adminhtml/web/js/converter/converter-interface.js,5cbbdf07bec36c1221c4a1eb43c3ceb9da85a59d52326adb7e4d7618c6be96fb,131
view/adminhtml/web/js/converter/converter-pool-factory.js,50042bdedee748adc579c40f7f7a856ba1b526cf3a8adf751c82c3309ccdc94c,4938
view/adminhtml/web/js/converter/converter-pool.js,4cfa16e930bf437f9f717012cbcdbc8df1675d75d6b55cbbc8cef18c459608b3,998
view/adminhtml/web/js/converter/html/decode.js,983d29ff9fb2021c98a80860daaf8e436bdc066571b4d07f652e2b89678832aa,1149
view/adminhtml/web/js/converter/html/directive.js,759df0485df9c8e41ff0755bdacf70360db8e6c9463269f7539120a3b7e51253,1142
view/adminhtml/web/js/converter/html/tag-escaper.js,3eee27d4e6a7e22234341024e27dfc1988ec014985e2226165ed7920d7eea739,1137
view/adminhtml/web/js/converter/style/background-image.js,b666ffaa66a524fca77fd696acca45a53e3b3bd14099c30d57a1fe632c1d0096,872
view/adminhtml/web/js/converter/style/border-style.js,709177c95cf18eeee011229bb35830bd36cf4cbc93cf05d8edea5e9a1f6084ab,1095
view/adminhtml/web/js/converter/style/border-width.js,9facdca6ddd14e690007b19108cc15f91261be9a7797f743707214d7f6fedd53,1041
view/adminhtml/web/js/converter/style/color.js,0df0bfca7ab6363687e7fd60704522fe58ea43ffd1742564107e214c3a320a1e,1567
view/adminhtml/web/js/converter/style/display.js,bdbeb8b06ba36b092daf0d3e80d4d40ad8f27d2317f8f17b0503e69afd27eb92,1232
view/adminhtml/web/js/converter/style/margins.js,4a9ddf5b376fa9d998b41f75744ba4d7da0a0eab932b945e310c3aca3ff32e9d,1789
view/adminhtml/web/js/converter/style/min-height.js,a9513cf1f33f2f1ae9488d916aed4d23b8196c8971fb66a4157684ab62924a63,1127
view/adminhtml/web/js/converter/style/overlay-border-radius.js,1277b696777469480a79ecc7172539d2c91ad0d086a4d9157d2a27afd8d4dc64,1269
view/adminhtml/web/js/converter/style/paddings.js,a4224b3b1f562115b82fd01d2f2313453e8d2acf403166c55a7626d337ade454,1814
view/adminhtml/web/js/converter/style/preview/background-image.js,aad2eb8dc1cc539fef8a71e95f9990866dd9de8103d6f5675710734e61671c09,1068
view/adminhtml/web/js/converter/style/preview/display.js,5bb75a2dcc0b6d4a62ffe841f6fad244ec49f7f76afe4f987e85f915bf648e65,875
view/adminhtml/web/js/converter/style/remove-px.js,2d2691821f5a4e32d08322ac9c07090f4a762f4317d07d1e6fce9182cb21b4b5,988
view/adminhtml/web/js/converter/style/video-overlay-color.js,716db28fbc05947c68d93af1350828451651b11b245147098ef1ab724787f8b4,1054
view/adminhtml/web/js/converter/style/width.js,6b75929d1c11be407d394c219c7520b6c6a38ed67f7ad0d0288076d783a814ad,1563
view/adminhtml/web/js/data-store.js,f283abf5da71aa75d9ac6fb467ba168388cdab45226d84cbb1759ab7fc4a4705,2871
view/adminhtml/web/js/drag-drop/drop-indicators.js,150e9f5ee6dce67e748782da6e3b5d06f1d61a3654031536ead19960a3909c7a,1896
view/adminhtml/web/js/drag-drop/matrix.js,fbe20f7a329f727a16b6a668a7d5c6569535ae83a17e753c0f0a148de92f79aa,1592
view/adminhtml/web/js/drag-drop/move-content-type.js,db70304f079d5d1bacef9831d1c3c8b6f94b5e3517ee972760cb24080017ca59,2941
view/adminhtml/web/js/drag-drop/registry.js,6da28be20d51c65b58a8b0dbd93717fc4ffa740ba434f89a9d79f9703f140586,788
view/adminhtml/web/js/drag-drop/sortable.js,406d37e8a937e1fe9deae715abcfc6d64920e950aacf4edc908f371c7fb65944,10242
view/adminhtml/web/js/form/components/action-button.js,8a8e5922cbd4038b10a54d1b3e0cd64a5230e02ef73fe253566db483cbba1412,1016
view/adminhtml/web/js/form/components/insert-form.js,5f018e306ef54e46b3634158d59a5453b9c651baf6bc70e39391bc2d56cd2708,3265
view/adminhtml/web/js/form/components/map-location-dynamic-rows.js,9c04cbec6dc05acbedb7b40cd93fafd7cd6f9b1c1ea7202930799cab2998b4d1,4693
view/adminhtml/web/js/form/components/map-location-insert-form.js,1795b81b7b3118670029996dccc4b33cc038ba802adbda18d55309df75223e74,1047
view/adminhtml/web/js/form/element/block-chooser.js,3640dd118ea3485f1adb0a60af9a97f8c19b6611a6f9147eba0c9e12e36ed278,3888
view/adminhtml/web/js/form/element/condition-options.js,93e2e99e5669586f925bccf6e524f23bb96d4c3392425584d3248d0bd23a9a38,1379
view/adminhtml/web/js/form/element/conditional-disable-mixin.js,2a0412db1823a3561d324844893b588bfb6d7306671e2f57a7d2dac73603f107,744
view/adminhtml/web/js/form/element/conditions-loader.js,9b4733af09db57c82c0509a8bc057802723222283da2150aae83ced99dc945d1,1775
view/adminhtml/web/js/form/element/dependent-fieldset.js,4cbbe3c86c3cf0d061b525f184efd827f059cdb2d6a913acdb5352f272373482,1258
view/adminhtml/web/js/form/element/dependent-select.js,080bcb0dce83d0d7a68748a08cf5fb49996edeea0652f3c14a3431e0ab9f0271,645
view/adminhtml/web/js/form/element/dependent-value-mixin.js,d9b95463fdb6edb03a16060a660caf6c470a4bfbec290af38bbb699d1db9b51e,799
view/adminhtml/web/js/form/element/dependent-visual-select.js,58a3efde51dc12a7a084f300a4c81cce7a75dc9787ff776610f25b08b1dc3a20,682
view/adminhtml/web/js/form/element/file-uploader.js,ad19798250fedbbf103eda7feb9304f1dbb3e8109709bb27a7633ab8c2413937,1825
view/adminhtml/web/js/form/element/grid-size.js,2b203b7bf4a7db0ebd1ad62ee2ebed87759c963e1f481b64f5dc6a9a7434bad7,637
view/adminhtml/web/js/form/element/html-code.js,54f9fc1726b8c0c9c590e48395fe1a4f1be362a4574846f146d14ce7483b9b9c,1538
view/adminhtml/web/js/form/element/html.js,c5d79a23f4551220d0aab53b72372e26cc35fe9c0bbdb3ddde94d0cfeb3a6dd1,2557
view/adminhtml/web/js/form/element/image-uploader.js,f3c16672387ecfa586bb27ceac1472716f7af7f02453f64cff1c5c7ad630df57,8382
view/adminhtml/web/js/form/element/map.js,3d0c72e15805f15cffdec15e6cc92ed2274fc34018aaff3f6888cc9d9725c04c,6854
view/adminhtml/web/js/form/element/margins-and-padding.js,567b02d43f15f8c0b840b9047db7837263c4726efb5af9ff8a8b03f169b1d378,3630
view/adminhtml/web/js/form/element/page-ui-select.js,344a2d2393869f74ea92dff941d178b2a435ae6a1ef4dfa971d35494e3ef52aa,583
view/adminhtml/web/js/form/element/product-totals.js,3c71440af5fea9334f34df827f7543a429d5425d3d5150dc82feaf7980abbf1a,5772
view/adminhtml/web/js/form/element/select-filtered-options.js,fa6c779d25002046df40febcfdc40bbb716db8c0955ac6a636dcb481c6f0277b,1596
view/adminhtml/web/js/form/element/validator-rules-mixin.js,206917b624efb732fde907f4067f87ae3512f77d1de53cc46545feb5e7a8e400,10049
view/adminhtml/web/js/form/element/visual-select.js,69e6cb65025f2373c6cb27a9f7233f582965d5183f0481eb4541513e0b44b2fa,3659
view/adminhtml/web/js/form/element/wysiwyg.js,492027a08bed626ff1879da5031c3f9d3b6ad30e2d05ff372ba20317c6c5960f,11273
view/adminhtml/web/js/form/form-mixin.js,232c060afae3dde04c8bcaf8886803f43e6d88a9a9f638a26aeea2e21707d2a6,2459
view/adminhtml/web/js/form/map-location-provider.js,7fc6ec967c278e192682f5a6c182c4afbfe3f2123f69bc83c1b03e9b3cc08010,535
view/adminhtml/web/js/form/provider.js,efc280c46a30906ea4b94319cabd3f13c6f2f87b8533f5cfb22af0eb9063dee6,1420
view/adminhtml/web/js/form/provider/conditions-data-processor.js,72528e360e171ea70bec784b01e4ddfabc9fcff6f9dba6d082d079c47f1c1ed1,3434
view/adminhtml/web/js/grid/cells/single-select.js,d47260bdaa36c648574d47cdb374ee20eee81edac9f87f3fe56ffad653048e18,2162
view/adminhtml/web/js/grid/cells/template-apply.js,0789ddf595346fe7318c46065bae85898d13ccb2a5c0b36095459c26c9903b11,2555
view/adminhtml/web/js/grid/columns/actions.js,f5649c0ef09046b9018a1712151db01a9456fafa805209b36ad0ad46bfa6b846,1002
view/adminhtml/web/js/grid/columns/preview-image.js,8e826fc1fa71bf63e0a486e7d956c958d21334349cc951fafa9e23bcf820a63c,2541
view/adminhtml/web/js/mass-converter/background-images.js,fec4a963eb64b947f54e61a9d1ea65394ea20baff02c62434cd3abcfef4fac53,2518
view/adminhtml/web/js/mass-converter/background-type.js,a93d7877a491fe9ef28d29bb49cf2ae28370d30f6af3b9172d1132b6ffcdb478,1567
view/adminhtml/web/js/mass-converter/converter-interface.js,5cbbdf07bec36c1221c4a1eb43c3ceb9da85a59d52326adb7e4d7618c6be96fb,131
view/adminhtml/web/js/mass-converter/converter-pool-factory.js,512c299ad983993c8415590b994fc26234d788e28a6d3dccdc8c3897a0253966,2912
view/adminhtml/web/js/mass-converter/converter-pool.js,8ef488c429cf3e19c0a81d20a3bb3b168b6c2f87833121bbc57d9512fd017f28,1037
view/adminhtml/web/js/mass-converter/empty-mobile-image.js,0e0622419adb39ff157b9d60989663649d34e3a67159990035d18367d6da9918,1672
view/adminhtml/web/js/mass-converter/widget-directive-abstract.js,ebc5adb7453f4fe3fa7189d1ca4e7fc5a6aaea4d7ca3813cbff3e7a9139b1051,2567
view/adminhtml/web/js/master-format/filter-html.js,2fcc6726db7ec879970ade18282add545268f5bee0b80029d2507dc9a71b7aef,1693
view/adminhtml/web/js/master-format/read-interface.js,1c81532c56d34c2cc1eb8abeecf579f5dda62a45338172e1b7cd3cf2a327670e,126
view/adminhtml/web/js/master-format/read/configurable.js,a4519bc03703689e1e451fb9791a143f8d5de385a6b0a5e34d6ad75fea050737,11424
view/adminhtml/web/js/master-format/render.js,7bc5624c6bc22b084766f6402e7676b104fab6dfe9232dc6ff8e4ec1115cd949,4097
view/adminhtml/web/js/master-format/render/events.js,32f7d38fef8f638010790b0ee0340dce62996dabdf862c76bb2468d4a48e2938,547
view/adminhtml/web/js/master-format/render/frame.js,61b57f8919491f1e010eb898d268c8cceca779d9fa69ac61e328cacd8a796f40,8792
view/adminhtml/web/js/master-format/render/requirejs/text.js,0e85a5ddbe88d6719b676a30b734799b3ef57f72044bf28706d056d51244855e,1230
view/adminhtml/web/js/master-format/render/serialize.js,9196f03796a9b37d25eedc61ce61251a6f15e4fda54acce62a71b306da9936e8,2251
view/adminhtml/web/js/master-format/validator.js,0e88bc71929927d877f6fafeba3621eaf192b3afa1b4324e67f2e6ab12c4fc5a,658
view/adminhtml/web/js/modal/confirm-alert.js,eeb42d5ff6c82ef20adbc265bea0487ccb28105c3d051aba1d4c74247b623ad5,700
view/adminhtml/web/js/modal/dismissible-confirm.js,9e61517d0d678e2cdf6e7a23861921f2b86ddcfc3e16d6cd527ded3a9a37afd6,3482
view/adminhtml/web/js/modal/modal.js,8a6fc62f596ef67459eedc0e00c68b4977c467bfb013c6e73526a9b6df2eb74e,1464
view/adminhtml/web/js/modal/template-manager-modal.js,de3d1e0276977f2b5ecaea2589e91ede1ae8b7d034d31236690efb7858dbbbd4,1503
view/adminhtml/web/js/modal/template-manager-save.js,fd66f2cfb210737e5724295da6cdd0d7a0a7e66bc18b17b63e0eef5b04532d70,3972
view/adminhtml/web/js/page-builder.js,0bdfc4aa9d0ccdc7e76406d9d7b6583074f429f9717551ef385c2e0a26847225,11132
view/adminhtml/web/js/panel.js,f2757a97b23600228a08215b72c467c46587be7aa9814a801e0aa0a418815f81,10039
view/adminhtml/web/js/panel/menu.js,842fdbe03ead5a010315576c41ff5e6ff495618be8bb37bd4a662444d3fb7a5e,1335
view/adminhtml/web/js/panel/menu/content-type.js,5c6a8f3b3adf1389e0d3f1ecc786ac813cb0d348843fce03176ae4cff9d27100,1520
view/adminhtml/web/js/property/attribute-reader.js,a8402f303b5b50bcb0a11a5d5458023122e12b23abfdf510b0bcac1dd82ee258,714
view/adminhtml/web/js/property/link.js,452e5f50b48849e1d43ea45f6ed96807cee31d16d6c6f568bcc71d8e7e2c73e6,1630
view/adminhtml/web/js/property/margins.js,450578dd93a97e860460daf88344db22e14b9d50baae183c3c8d7c47fc150bee,805
view/adminhtml/web/js/property/paddings.js,6ffc15daab50586699b85e43ed03786486e744ca2d795f81fb8ecae8448d24f5,817
view/adminhtml/web/js/property/property-reader-interface.js,8d143d3dcfbdd68d1758d249ce9527d14271500ffb2a959a3cf5745183e00d27,137
view/adminhtml/web/js/property/property-reader-pool-factory.js,eac010d486e262581e49ad4322148e1c12a3d9cd93209925d82b6deaba0f533a,3847
view/adminhtml/web/js/property/property-reader-pool.js,fde87c3a6cf73a5e5f8429629b2a93b2017b3356b6bb9e85b307ffc1dca21ef3,1133
view/adminhtml/web/js/property/style-property-reader.js,7b4f8a973dc1e0e3d6d8520ed94610d2ce6ec95e4806f2a26bbbd9d76bc605dd,863
view/adminhtml/web/js/resource/babel/polyfill.js,3524c913f8220750bac16750497ffc17650b9d394d6e7bf6aca97ec9097a22f4,319734
view/adminhtml/web/js/resource/babel/polyfill.min.js,59173f786dd1f3802f7ab26fd339aac4099dc10c6cb54a6a92213e6af277592a,104563
view/adminhtml/web/js/resource/csso/csso.js,36ae1de1bdacb076b2351f6154cf7daad07236930ca5a3b3b5b2959b15c93ddd,532884
view/adminhtml/web/js/resource/csso/csso.min.js,140104bcdd2765512a564e1eb7d90bf865ce62666ff7646ea7f08bc8a37a4bb7,194388
view/adminhtml/web/js/resource/dropzone/dropzone.js,308c3716bfff02cd3afe690b5c3c87d6eab2d4b13cff3c7b28316c2aa44c0537,82947
view/adminhtml/web/js/resource/dropzone/knockout-dropzone.js,49314fb007797548090f9df905b49723e27b568a2c0f5c22b70237f9b5ce1b0d,2387
view/adminhtml/web/js/resource/html2canvas/html2canvas.min.js,7996cb375ecf9bf8211827ed3796465b9400c59693fd16861f88ad29da2bf6b1,164929
view/adminhtml/web/js/resource/jquery/ui/jquery.ui.touch-punch.js,f2a006e630feb6b7d07d246fae2b5ac8382f3dc09eff7ccb47792d1c4f1d3de2,5270
view/adminhtml/web/js/resource/jquery/ui/jquery.ui.touch-punch.min.js,12c76823b0c5524e4d12fb3f382a549d2214547860ffdf67fca32ba99f6e1eb0,1292
view/adminhtml/web/js/resource/object-path.js,9be72e45ce34c85ca5f28531ef7b998fffcb2f312215bf8dced969599c6e68da,9110
view/adminhtml/web/js/resource/resize-observer/ResizeObserver.js,14e99ed2eb8b3c90f8b2cfabddac5aaeb5db262cc2e3edb4565ae7c6837cfc98,33209
view/adminhtml/web/js/resource/resize-observer/ResizeObserver.min.js,cb7619e370e43b9066b3eec168e6fe7db2e3a825a1ef73b2d862a2702f12aee7,7679
view/adminhtml/web/js/stage-builder.js,40cfb531d831d091044f9014c472428889a6edef2e4d130e26edc76efae837c2,11865
view/adminhtml/web/js/stage.js,6322ad5df5c1250395ab42b787e09d89a7f629c2c421fb268b026eaf1cef804e,6548
view/adminhtml/web/js/system/config/enable-field.js,1c4a3ff6bc1a225b1506000863a091b6564ea84110eb48076c09d0c0f9f323b7,1864
view/adminhtml/web/js/system/config/google-maps-api-key-validator.js,add8a4f8385171efbc466537519b9c89a8f335c45c6108cca69534debb90f17f,1681
view/adminhtml/web/js/system/config/switch-attribute-type.js,7f6fb4981f4056a6f0929b19a7766ce2ead58aea1736dc801a4f4c022b5a3d85,2130
view/adminhtml/web/js/system/config/validator-rules-mixin.js,3dd778bca7e914c8a66654265af7c0d6f674e73bc81cb296acc0d14da51534ef,1355
view/adminhtml/web/js/template-manager.js,ef7dbe34a03ebf8a502b8c53ea3da91130091750d5ab862de4d3265994b28689,7509
view/adminhtml/web/js/types/text.js,8a6cc25d984055c2c808c2b15aa6f4eaf35a688bf9aee98d40fbb006efe03379,116
view/adminhtml/web/js/uploader.js,37c3ab2e3df5cf4c2636ca009a27caf4b388af0427e0ee6ddb60575fa14a3f7f,2871
view/adminhtml/web/js/utils/array.js,34b0b381a098c4c72dfba12e9acff749df0b9cbab1cf7f0b8688c8fc75dd8eb6,2346
view/adminhtml/web/js/utils/check-stage-full-screen.js,238af0133054d45d2bda36e80bc837df7c3842f3443d93e89054ad24a2728cec,601
view/adminhtml/web/js/utils/create-stylesheet.js,b6bbe350b495b8f8db3218285c6d921ad13136742e622522b5ceb2198b849c9f,1671
view/adminhtml/web/js/utils/delay-until.js,cc01331e79093c7ca02e2ed65c3a36790cedb289704b17453cb35447efb81fe2,669
view/adminhtml/web/js/utils/directives.js,5fb220a4eb36792b770e58f63462732fa4b139d4d2a77353277874f7807cca89,6714
view/adminhtml/web/js/utils/editor.js,1fd47c2b6147700674a85c021704c51c9e94dce45d874d4a2b9aba421d3e254e,15101
view/adminhtml/web/js/utils/image.js,af6f30a3cf08ca376d4360d2e693471c68d9836c02d8d6eb4901506a572cc8cd,1772
view/adminhtml/web/js/utils/loader.js,897a685d43521eda83eb160b08b213af8eacecfb8025c02fd9ef6f4a41da79aa,324
view/adminhtml/web/js/utils/nesting-link-dialog.js,f5ab682a4b0d774ff1ebac2b5afc47ab404d560d532acd79490280241a3446f6,2123
view/adminhtml/web/js/utils/nesting-widget-dialog.js,94ad037b9dbb7c1f0270a52a9a77637439405602a4975c1da9b860d2bc67f6b5,2302
view/adminhtml/web/js/utils/object.js,2fc17adba4cca8a7fe52db48e0b3c087933f5e45ff2a48c6845f36cc51ca897f,834
view/adminhtml/web/js/utils/pagebuilder-header-height.js,6c47b8fd3502eb0b550cc4ee945b9e64b4927a39c4772cea9b8d8edd0d63f4e5,972
view/adminhtml/web/js/utils/position-sticky.js,78adb7c55a56df4febd7fe8cf3fd0f5b5b5882877d1e27aa554fa687934bf5a6,779
view/adminhtml/web/js/utils/promise-deferred.js,5046ee7f7827f180ad447f75ca660ba68bf393365bdfe80e4e56266ddedae23b,626
view/adminhtml/web/js/utils/string.js,7a99ce09e48a2798e820d2afd5be35bd671e341bbe63651d92cb922b2130d23c,975
view/adminhtml/web/js/utils/text.js,8a6cc25d984055c2c808c2b15aa6f4eaf35a688bf9aee98d40fbb006efe03379,116
view/adminhtml/web/js/utils/url.js,5b618e8c440214a90837000a578ace9d5c398f514545fadde7261cf8756df75d,1000
view/adminhtml/web/js/wysiwyg/component-initializer-interface.js,d7f3bd6f78a32bab465d3acb2aa7a4c7d15b0f0514de88dd9aba25872d653966,143
view/adminhtml/web/js/wysiwyg/config-modifier-interface.js,6172a339bb0be09325885377f9768c685bae532f324dc854995147cd53500fe8,137
view/adminhtml/web/js/wysiwyg/factory.js,a600ae7d4e5539595a7f2f3fbf04e6477b111048e3d16682b3de922113546e0c,2504
view/adminhtml/web/js/wysiwyg/tinymce.js,80e2178653dfffe912dabd53872ef5c591f4037d7e7d0cefd9168fb894248d7d,10730
view/adminhtml/web/js/wysiwyg/wysiwyg-interface.js,e577de609ee4a148b44da1e10a39d167febb1afbfdf5d2d6bb3074f4e13bab42,129
view/adminhtml/web/template/content-type-toolbar.html,46cf5a6bbac613668686ae0dea532cfe78e51f99c44137ba448f697c9267e27c,851
view/adminhtml/web/template/content-type/banner/collage-centered/master.html,0b32506b7073f26ba086eabcaf5220353505cc692e66334cd23536b926655c77,3801
view/adminhtml/web/template/content-type/banner/collage-centered/preview.html,bab297cc69fd7e131e6664bc8c1008eeb8fd2c0c6104e56e85c9b24bfa2ad962,2859
view/adminhtml/web/template/content-type/banner/collage-left/master.html,2e7f2a9eee8885776baae28854402750ba904d33409766fcb3cbe40a313a0dea,3801
view/adminhtml/web/template/content-type/banner/collage-left/preview.html,0abe14ab3aab6aeac30c8ef79778b53c99be78ab482d727902f847bfc82e1d32,2861
view/adminhtml/web/template/content-type/banner/collage-right/master.html,2e7f2a9eee8885776baae28854402750ba904d33409766fcb3cbe40a313a0dea,3801
view/adminhtml/web/template/content-type/banner/collage-right/preview.html,e54fb35cd3b42fdf4e27dd10f1de4f2d448370144e72dae1382c1bb5e434d7f3,2861
view/adminhtml/web/template/content-type/banner/poster/master.html,17e328280a44071834d3859c2dbd138141893835842649958b37235fe418e0ff,3799
view/adminhtml/web/template/content-type/banner/poster/preview.html,23686cd07b9ce46bcdea5b79ba4d50cbcf5215ca13fc1659fb7153910293f1e5,2890
view/adminhtml/web/template/content-type/block/default/master.html,badaaa6d3be5ad0b1832a2b0445f6f1da224469bf91a7d214d605f078eec4b19,175
view/adminhtml/web/template/content-type/block/default/preview.html,192e904bae079939fcfe948dd6c967cc8bb5baa0de14cd26b67f665919a73d49,1104
view/adminhtml/web/template/content-type/button-item/default/master.html,662e09a24583b2a7b1686cf70e8810190f5b8abd779b7cbfcc1d3cde354e0983,593
view/adminhtml/web/template/content-type/button-item/default/preview.html,6246e41e857e174c2dfff18c7666b0b139fdcaec1b6bcb378dd4d58a7a35d5e4,1208
view/adminhtml/web/template/content-type/buttons/inline/master.html,403a18c75539a63cdb2a19251c402cc4e48912e468ada413257653476f42ce7d,207
view/adminhtml/web/template/content-type/buttons/inline/preview.html,10d4dbb3f06a12a442c7a7ddd48e51a5aad41ebddeb28ee53b906daa5991a30b,958
view/adminhtml/web/template/content-type/buttons/stacked/master.html,403a18c75539a63cdb2a19251c402cc4e48912e468ada413257653476f42ce7d,207
view/adminhtml/web/template/content-type/buttons/stacked/preview.html,ca2bdbd7d7d9007b997344fa8ae98fc9025c605ba67ebcbc88de210f87b28224,938
view/adminhtml/web/template/content-type/column-group/default/master.html,4a585bec1749b078ed4937936558f34bb774b2df2c34ea9096249042baf82c34,283
view/adminhtml/web/template/content-type/column-group/default/preview.html,34fb12f96ef667c9bbbe7140695647cd13be11d43cd651aa8f94897abaf26170,1717
view/adminhtml/web/template/content-type/column-line/default/master.html,c3e637b5784a284653256c641696fa7a827a9f35cf1cb3eb820568c217ecaedc,245
view/adminhtml/web/template/content-type/column-line/default/preview.html,b6b0adbf253a8e5d3dcae909f8ff68a1b720017cbc5eade51e01bd0307c02c61,1200
view/adminhtml/web/template/content-type/column/full-height/master.html,1744ee8c769cf6ecfb8a39cd6daef7edf27ec9e4107e250aabcb131253871c0e,281
view/adminhtml/web/template/content-type/column/full-height/preview.html,6594842bb7406614c73a6e50deb4283d091ae96ecdaa67d0fc4e3af8bc7010f9,2452
view/adminhtml/web/template/content-type/divider/default/master.html,be20d556f16a471de519150dce87a6e5a3c3007bd746acfa680537c8f96ef550,238
view/adminhtml/web/template/content-type/divider/default/preview.html,2507c1ababc47f06389153a5830fabf367d0f6abf3117aef36a60f7b40d0593b,449
view/adminhtml/web/template/content-type/heading/default/master.html,23602dbb81bfa117da68942bcff049639da0cb21e24fe303ddedc81075454954,936
view/adminhtml/web/template/content-type/heading/default/preview.html,9a884f4ed476de0e44eab6bfc1a47d38b5aeb5b1c34763c8402b5bcc2554a967,2431
view/adminhtml/web/template/content-type/html/default/master.html,3b18c6fb62eb4ac79cf6347f94800516f120aa6c32ddb3bda87cb0596663c972,202
view/adminhtml/web/template/content-type/html/default/preview.html,533866773e3c91d16e1a6172fb6a7dd2caa8b253772659489d61596db20d538b,625
view/adminhtml/web/template/content-type/image/full-width/master.html,765f29a930f2e22c8c547cf55c90773dd1bc64dfc348968f90c99798fa5cdda8,1635
view/adminhtml/web/template/content-type/image/full-width/preview.html,70afc6cce57b1222ccdc5ca1bc9ec6d790f7d70bcfde060f2d5700f810f2ec95,1253
view/adminhtml/web/template/content-type/map/default/master.html,8ac1949aabdd8230adb74d85579c449731853082998b3cdae886814ff3cbfb11,153
view/adminhtml/web/template/content-type/map/default/preview.html,799aaad4df5e1ec5ebeee1933e7cef02235fc75ff971ef178cda7519f395688b,668
view/adminhtml/web/template/content-type/master-collection.html,53b8232a4500007c9aff816372456fa4d62782352cd277bbd74be76082994f50,204
view/adminhtml/web/template/content-type/menu.html,04bcb290b8e3305a3e53c090d4dd4e63b7e3284fde9d9850a3e5e91bfb186447,725
view/adminhtml/web/template/content-type/preview-collection.html,532c68954d6252f81f920808ee80c89487cc40bcdd78b068892d9b6b60f0a413,935
view/adminhtml/web/template/content-type/preview.html,eaac02877a7b79224a5b19ee6ba0c1cfe4a5fbceb580b85f2a7bcbaa3815cdda,984
view/adminhtml/web/template/content-type/products/grid/master.html,4c469b10f17b4cb4d0860958c9e01a9353e0e4a34b02f47fc9a1f710cecc39a6,186
view/adminhtml/web/template/content-type/products/grid/preview.html,eb7791e08bebc03bc691ef5c0ae48ef856081a397ac23492e1575d2ea056acdc,662
view/adminhtml/web/template/content-type/root-container/preview.html,ec4ae36c3079c8535f28be03d9b77b7e3b15f02335f8df7c1aee336dc3fd3006,1419
view/adminhtml/web/template/content-type/row/contained/master.html,8c5beca9d6db5aaa116d7110bd596b08f84a0885fd4846f0b8843763ff84a7dd,589
view/adminhtml/web/template/content-type/row/contained/preview.html,175fae22de4819845f7695a04517d515bf68fbab20a00fe9b2d5dfdc442b8f93,2758
view/adminhtml/web/template/content-type/row/full-bleed/master.html,b7d45eb33f9263daf340872f666c7452f818681b128238cba1909fae82568cc8,452
view/adminhtml/web/template/content-type/row/full-bleed/preview.html,3fdbb44719a7d4a6ef60f7950fd98597fefa1aa20aa711b40157dc82c29e51e3,2526
view/adminhtml/web/template/content-type/row/full-width/master.html,00ae91ad09b247a5b5b46385c34ec6a4ac20739a298c5ce5c5d13ecf6e9144f8,611
view/adminhtml/web/template/content-type/row/full-width/preview.html,704c78a4734ba12a598689dcab4b4c4a4cdf3a28ba0977d77d51c15f5717dcff,2526
view/adminhtml/web/template/content-type/slide/collage-centered/master.html,45d38c55fe94290174a6054d04b0ef9f5dccbeb52a47c67473c88cf8b5ee6633,3937
view/adminhtml/web/template/content-type/slide/collage-centered/preview.html,a33b05f4dfff949b2bec34332575ac7664468f0acc803525d58cd11a11f36f28,2814
view/adminhtml/web/template/content-type/slide/collage-left/master.html,45d38c55fe94290174a6054d04b0ef9f5dccbeb52a47c67473c88cf8b5ee6633,3937
view/adminhtml/web/template/content-type/slide/collage-left/preview.html,14f6c554a855f4ea7fb6c8f71dd0715ede796e920652b480d0ea3cdeb088df45,2812
view/adminhtml/web/template/content-type/slide/collage-right/master.html,789a0e8c5b31e209576310c7d1e3a0e9a8bbb489af575db44c97e71b7af82c12,3937
view/adminhtml/web/template/content-type/slide/collage-right/preview.html,89655eafa2970803f2413087714a0cd62075054186312445660e641839168d70,2812
view/adminhtml/web/template/content-type/slide/poster/master.html,823e4c8fc6268a0189edcfb916510859513e013d360000ec2f9d505f9afffd26,3989
view/adminhtml/web/template/content-type/slide/poster/preview.html,2f87ad2833af6e71e9dc97befd7f4ae183b5bdfe3c819667a1947b1e2f384342,3051
view/adminhtml/web/template/content-type/slider/default/master.html,2c1305c293735fcb704aa7ef818aaa4e4b6984d8fecc933eebf3bd6969243e17,241
view/adminhtml/web/template/content-type/slider/default/preview.html,f392103fd1e2569b7a37de40fbe0fde765c223fdd7e41f686b3382eb017b2107,1817
view/adminhtml/web/template/content-type/tab-item/default/master.html,6b1fbd0b201ec26592031bb532d7f73054a8d5ad048b9160f875a07ac6c8752a,295
view/adminhtml/web/template/content-type/tab-item/default/preview.html,521a35447a78e7dd364b8de5a37ec06a2673f0ba5be694f1df65107c5d6a0347,1574
view/adminhtml/web/template/content-type/tabs/default/master.html,0557d52f8fede55f88b566c28d70066c085e071963da86606812ed9c02179a5a,1075
view/adminhtml/web/template/content-type/tabs/default/preview.html,b0ac03c361cffb597b2f75ec9cab6dbcfd39c2f39cf84137ed6ae7a3a0feb1f8,2304
view/adminhtml/web/template/content-type/text/default/master.html,8a5f6a0f29d730e02f30d26d27918d3742adc4199d2ee76b2dc58e3acb206955,202
view/adminhtml/web/template/content-type/text/default/preview.html,21d4523682bc21a9d05f6b5e382fc473c0388d71b1288992cb45d6111be65669,1117
view/adminhtml/web/template/content-type/title.html,7aaf8ed48f4d932b8a4a73c095a2afba987a452424ed27b6dde07d4c65aa6dfa,123
view/adminhtml/web/template/content-type/video/default/master.html,f254d3da0701e6d0b4c501fcb23d92093ce34715fb20f542272c3f885382a92d,881
view/adminhtml/web/template/content-type/video/default/preview.html,248062912dcf34187cf294ed2435888bf558186430d7160a45e29ea9c0a08864,1237
view/adminhtml/web/template/dynamic-rows/element/text.html,797895abb82153b787a845ccb7c6f1e9ebe2387edc29dc08757e5ed3a90ded54,1610
view/adminhtml/web/template/form/components/dynamic-rows/actions.html,3fb72421d7363a9cd7575b03efcc549cffbd18b4fad337388f6d8e80dbc82e61,492
view/adminhtml/web/template/form/components/dynamic-rows/edit-form-on-click-grid.html,092d4a8c48a49cc835b9499a35cd4337ce928b5cc02655babd15f2973c1417e0,4217
view/adminhtml/web/template/form/components/dynamic-rows/grid.html,964a279693fc5a8c4d05cba1bc90162cbf11a2bd7db3dbe97c3695acefc74bc4,3238
view/adminhtml/web/template/form/components/group/group.html,bb0b9c42d3739492de41c5c0eb2762654c4eccd06a6728e74ce2518d8acc8f1d,1258
view/adminhtml/web/template/form/element/block-chooser.html,24fec36d99d10485f325437b01985fa3c9443a5d7ad4c36c6d93e29cf78897d3,1317
view/adminhtml/web/template/form/element/html-code.html,53bbbf15fc274fea18ac39aef9914a6c3549f6b4e3606ad2503b1639873e00f5,1424
view/adminhtml/web/template/form/element/input-no-maxlength.html,dc97ceb9e33e21b7d74968def591adcbe976df1dd39ed8f1ce320bdd07891dfb,434
view/adminhtml/web/template/form/element/map.html,64b90e66b503cf12999c93a46d73f457a2d0ba2bea2af4b59788f76f9187adfe,556
view/adminhtml/web/template/form/element/margins-and-padding.html,1dfa421f74c62d947ea6ac34ca9e932c10e74adf406d48c059e28ed2ae9c77cb,1882
view/adminhtml/web/template/form/element/product-totals.html,8a06775cdbf28e0a2b6a4cf5d849513a6eca16ef7b43a5e29a33ec9fbf1a9d48,397
view/adminhtml/web/template/form/element/uploader/image.html,c48327656b766580a52611e799a2991da116361ba6b8d630674c9e927cd23270,2761
view/adminhtml/web/template/form/element/uploader/preview.html,097449bcee04244f91705a4ab4c18e8cd88906a9554efdf26499fc821b5d58dd,1322
view/adminhtml/web/template/form/element/uploader/preview/image.html,b9b9a8411b9597284488388b6c35f425285e46e56e2dcdeaeb378595bc8e50b1,4395
view/adminhtml/web/template/form/element/url-input.html,c2db1ed3e293e6a88c284b94cab448aa2c29cd6381f542ccfa29a156aa985ff5,1256
view/adminhtml/web/template/form/element/visual-select.html,9407f4bae9d1264ce8135cf1a5035e31f52fa4b0838de12e662e523faa1c590c,1446
view/adminhtml/web/template/form/element/widget-conditions.html,106ae4febd6644f042ccff464fb32cfff7f78a70ae92e939457e50af0195d17d,348
view/adminhtml/web/template/form/element/wysiwyg.html,75ba12e63f9a45bee47448f42d54afab3ea7179598abd394796ee529b372b11d,1697
view/adminhtml/web/template/grid/cells/preview-image/preview.html,a9f967d79829f36fc8f104097e590b07e259ce3143465c187f065fd74bc3c3b7,292
view/adminhtml/web/template/grid/cells/single-select.html,9656b5942debec1559a835883a4ad834305de9da94125b9a41c0b7190c4cb259,846
view/adminhtml/web/template/grid/cells/template-apply.html,799b206d6b2d29d5465d52142fe26d79e835ee8e07e80dbb6199e135e14682ee,481
view/adminhtml/web/template/modal/dismissible-modal-content.html,868ced459e5d29ab8603896d5a66e909870c9410113ebb80a0d77e48561fd821,366
view/adminhtml/web/template/modal/template-manager/save-content-modal.html,a3f3e0ad17e0e230dff043d22864219f8865c5ff3a86e3f1deb2412aef87294a,2413
view/adminhtml/web/template/page-builder.html,f5cba0cc0b4c9f6133bf3b3f00bc2b58ebfbe9fb53acf4b0fc61eb0b512a496a,1685
view/adminhtml/web/template/panel.html,cf1b6e85124748ae83e145c992c2860cd3ee7dcffe88a63bdc5e1cb2676a1597,2841
view/adminhtml/web/template/viewport/switcher.html,d287ca36a5ae32ad67ccf412dd8ef7973f1b7311bf3b7f2583a9ed3ad41057f4,906
view/adminhtml/web/ts/.babelrc.js,eec14833b89461196a44bdd36866b5dfac63ccecb22567e1c16257cbc04ab06f,1251
view/adminhtml/web/ts/babel/plugin-amd-to-magento-amd/ast-utils.js,545695c20737b8e6afe17892908b916751c55262e35b16707da767dcad2c1835,5243
view/adminhtml/web/ts/babel/plugin-amd-to-magento-amd/index.js,f0eabf76806022ad2100fd5b97d3845a5476696dd5faf8746843a2a7ff676373,4128
view/adminhtml/web/ts/babel/plugin-resolve-magento-imports/index.js,00b9d7ef7956645e80eb9b1c24717dafbbaa3e19896e6b6306a22eda8dd04fa9,1575
view/adminhtml/web/ts/js/acl.ts,c7c54dd85bd0b97a70f9a7e3e290b697dd0036a09ca42aaf9b8b3581315d70fe,393
view/adminhtml/web/ts/js/binding/active-options.types.ts,958c8c7e1650f7833e7064e421da871430281f144868d9db7fb429a1dac102af,179
view/adminhtml/web/ts/js/binding/draggable.ts,3ce129d0058b942f07cacbab7c1abca87824bc40fcc37b11b9ef085ff2ebab8c,292
view/adminhtml/web/ts/js/binding/focus.ts,dc6eca0cf98f9c94766dfa125807512abdd7a2179da481c3d07a9a4e36b7a7be,423
view/adminhtml/web/ts/js/binding/live-edit.ts,0ea1d9a8dbede899c4284b93b3a8cdd1328760fe90af387d801e3a00798e8013,8527
view/adminhtml/web/ts/js/binding/master-style.ts,533a82f89ac7afbb3b0437a38861a2e1b6ebe918d96a24bc8e6d7dc07a515c0b,1932
view/adminhtml/web/ts/js/binding/sortable-children.ts,ee22498035c8bc0ad36fc01d027782011d27e6c4f71ba45f3fdea15ba698bdd7,2931
view/adminhtml/web/ts/js/binding/sortable-children.types.ts,297130fe9eeabd42df8121669afc656873c3a7035ae3b302304b6c2386786e88,703
view/adminhtml/web/ts/js/binding/sortable.ts,01698cedcba7a38f750a8d00825fa1bba16a67153242be27d24428e90d27dfb0,511
view/adminhtml/web/ts/js/binding/style.ts,d65497bdf8d68571250acbe8e4f69d85e88cd58dfd42aeee9e81646d161856e1,2270
view/adminhtml/web/ts/js/collection.ts,650470f6c5224050fc6006df5e3ee3094e32040e78e757121d282ad3153ebbb2,1831
view/adminhtml/web/ts/js/config.ts,915256ed83d911c90eda6432c9cfc881037660070e7cee1f2410ccdfee8f5bf9,1821
view/adminhtml/web/ts/js/config.types.ts,d3622087251473ce7db29a70d8eed978e04a1f7c97c70673e91b1b4cefa7abbe,1137
view/adminhtml/web/ts/js/content-type-collection.ts,f0464fd378fc96a25b216dc3fd56bec06d5b6a698776256a310f6134680a6b10,3261
view/adminhtml/web/ts/js/content-type-collection.types.ts,46b7be2c5fb4e1dc2be199c788dd691cbe8e63e056625f6222deaa4c42806660,1396
view/adminhtml/web/ts/js/content-type-config.types.ts,7f46155b62bc9dd94056128fc3f21bf4aa6934594601dcafff7b1a6119a6ad7d,2841
view/adminhtml/web/ts/js/content-type-factory.ts,e397dc9b535874ac49b69897dfbcd4a568f0f49d8be545fe035025b93073c33a,7063
view/adminhtml/web/ts/js/content-type-menu.ts,56862c0961eb1948daa8378d44d3743c5ec92724cc4c6a1932de90c536eaad69,1419
view/adminhtml/web/ts/js/content-type-menu/conditional-remove-option.ts,fbd9d05be01f8b39d447aac94dab43c19f3b2203ecf327313908c13419f4d39f,709
view/adminhtml/web/ts/js/content-type-menu/edit.ts,183e8c671f989c97b08695c2995d52fa2f5af6bcdb23cfbaf67bde59c9165a7d,4650
view/adminhtml/web/ts/js/content-type-menu/hide-show-option.ts,88d23dc0b037521237ba3472643848989ada06443d49bb8abf7260ce3fd38719,1367
view/adminhtml/web/ts/js/content-type-menu/option.ts,6553e6a816747c12bc0af2d1e9c0428b1eb8421480be8cca73311f02c9b1237c,2076
view/adminhtml/web/ts/js/content-type-menu/option.types.ts,3d203bc5887f487263437524857bd81da47797375911b7a1efb8af2178c2ce22,815
view/adminhtml/web/ts/js/content-type-menu/title-option.ts,cd2ffbbc4c1ed41ca2eb8cdbf0c23b20bf3714a2a402c3245577ac03031029b6,583
view/adminhtml/web/ts/js/content-type-toolbar.ts,f57698fcca0a5fc716170c229607790f2996342a0b6fb506a5984cddf566567c,5321
view/adminhtml/web/ts/js/content-type-toolbar.types.ts,f39482156363d62de03bd0c0dfa416ed014d680ffca52b6a9a02ea405cae90d4,284
view/adminhtml/web/ts/js/content-type.ts,14540fbe0f7675783b82f600cf0843d2548c69e2e2648ffac9c90317d19b9768,7048
view/adminhtml/web/ts/js/content-type.types.ts,9624564a2416319fbb2f8cd27be27798541ed7b140ed0a347e03df190ce696f9,1058
view/adminhtml/web/ts/js/content-type/appearance-config.ts,32ce927fcbcdad0abeb15b6fe9202031cfeb5e94ef9bd81521e79b04f3c919c9,1042
view/adminhtml/web/ts/js/content-type/banner/converter/attribute/overlay-color.ts,d108858cd346571c2b9cbffe28c5247c8c130d1ab3cc376c0f7d11bb96e05d80,835
view/adminhtml/web/ts/js/content-type/banner/converter/style/button-opacity.ts,3ad36b3b8e104c824614f4ba7f47ec147ed11408ac21518ecb2c0ddab043a095,749
view/adminhtml/web/ts/js/content-type/banner/converter/style/button-visibility.ts,e43099b444e2b119fced8468f28ff871a1fb74f5fe626170a87c7ac589b697ba,763
view/adminhtml/web/ts/js/content-type/banner/converter/style/overlay-background-color.ts,da8be0de2db519c93a1e341eab796384264d2a5b71b7086acfd55dcc2ab22467,946
view/adminhtml/web/ts/js/content-type/banner/preview.ts,79c51af6412184c2eb7b17b35980600a3f8c856e99f3bcc96eee68966d04312d,19410
view/adminhtml/web/ts/js/content-type/banner/wysiwyg/tinymce/component-initializer.ts,e320440027bdf1d4db4e86e78fd193e71d07fa8aa59ac24a1e0f044805757839,2069
view/adminhtml/web/ts/js/content-type/block/mass-converter/widget-directive.ts,a9dc17d1b337ecd6a5d97c8d27974c86017612b008f9677827f14b667e4a1a09,1526
view/adminhtml/web/ts/js/content-type/block/preview.ts,67dbdf6e73f3b80f3f1663a23cdc9bb26290bbf2aac0d463b509d86d84ce24d3,10818
view/adminhtml/web/ts/js/content-type/button-item/converter/style/display.ts,b7a5fcae3440a16922200f7cd88ac5d7f61ba124bb7f9b16a98777dbc8a57cb1,980
view/adminhtml/web/ts/js/content-type/button-item/preview.ts,0a93ef92c65a5b2cb54c8c8eb000434a266f485d07a3a8278468ba1192873083,4348
view/adminhtml/web/ts/js/content-type/buttons/converter/style/display/boolean.ts,fad9074e7cf14c3006f1b1c2f7ca6c512c0bdd8b00302109320b51703404adbc,981
view/adminhtml/web/ts/js/content-type/buttons/converter/style/display/flex.ts,d42617beeb7e514b3776a1749db5368b0dc98d2bd15de7ca3ba8cd407eac212c,978
view/adminhtml/web/ts/js/content-type/buttons/converter/style/preview/display/flex.ts,042b40a585ba58f71c21399ff8da88490b9990eb1e5dc02c5d115bc193d53d98,766
view/adminhtml/web/ts/js/content-type/buttons/preview.ts,04e7911fd092ac204f1416c0e69daa822147c25161bee3ab58c43a8ebd61c357,11034
view/adminhtml/web/ts/js/content-type/column-group/drag-and-drop.ts,a221ab294879e1d4fbd70d90c5977cdf1e6e5109d2eb468437fd24dd7e3cc8ae,1680
view/adminhtml/web/ts/js/content-type/column-group/factory.ts,e01e43dbc63c62824f2961efa6b00f890a52bcac9d2b380197a05e2c26ca6de6,2013
view/adminhtml/web/ts/js/content-type/column-group/grid-size.ts,ea78676654d2f9c062b001dfbda98bad3948f1251ddd8eb165b14a28ba61dbf3,13123
view/adminhtml/web/ts/js/content-type/column-group/preview.ts,78f1dc1ce8e1f7ff1ff062dba32f6957b01d9d59b2ec15cea35648470d04fb2e,49640
view/adminhtml/web/ts/js/content-type/column-group/registry.ts,8b3d3eaea08a8d13f00328f6d944d47c8e6100456a3471a7a389b38021055b61,802
view/adminhtml/web/ts/js/content-type/column-line/drag-and-drop.ts,8e71eaebccd65393bb99fc09c232bbf0d70db1586111638bc815f031a594a511,1941
view/adminhtml/web/ts/js/content-type/column-line/preview.ts,e0692184b3e98a56d554e33ebbd59878f49194942d348adb6e7b892399d1d07e,51102
view/adminhtml/web/ts/js/content-type/column/column-events.types.ts,032b047c8bfa91c5185448b32cb08238f0d05f9ed3decaf454afeb6a20f4a6a6,868
view/adminhtml/web/ts/js/content-type/column/converter/style/margins.ts,23173ef1ef30ad851d965e585314dc1fa009bb12032ee760543ca9637ec97bbf,1954
view/adminhtml/web/ts/js/content-type/column/preview.ts,84393c73412ec04c06c3ff66ca3386fdcd29cf40ef4384412c59b42e0dfd7e22,17751
view/adminhtml/web/ts/js/content-type/column/resize.ts,5981e3644599f67dc217c621467bc246322393e5fa687cdb5c8ebe21b2f803a0,19186
view/adminhtml/web/ts/js/content-type/content-type-events.types.ts,61ef749c70887da9df3ccdb7a81f6b5412c73a0730cc3e8a683bc103956ea664,3020
view/adminhtml/web/ts/js/content-type/converter-resolver.ts,dabe8becae3c1d4adc43640ed79d9c1b52a4e7befdec31970bcec2b27c710fa0,318
view/adminhtml/web/ts/js/content-type/divider/preview.ts,760db6ea1b3d1b6e111b7feabd27a59580feefb07038a4550c1e009b19c09bad,826
view/adminhtml/web/ts/js/content-type/heading/preview.ts,eb40bb99599200ab619b7ef9a420e7622689471189d454d2c4708a23771840f2,5297
view/adminhtml/web/ts/js/content-type/html/preview.ts,760db6ea1b3d1b6e111b7feabd27a59580feefb07038a4550c1e009b19c09bad,826
view/adminhtml/web/ts/js/content-type/image/preview.ts,303e76f7258b4bceef2346c42fe4b009b02683690251a72c8b40f679920d5aba,3297
view/adminhtml/web/ts/js/content-type/map/converter/attribute/locations.ts,9728611e73f530d70f2e5c190e61c4548eecb25603552335aad6bdab526c1b9a,1508
view/adminhtml/web/ts/js/content-type/map/preview.ts,1afe73f75730c945ddae76ba3c3e6a163b3ec9e1a83cef2ced546bfa29e32f2d,3923
view/adminhtml/web/ts/js/content-type/master-collection.ts,ca25bd16d122741a146fb8b1aea22ab1b45ec28c4710e32d33d6c64251dd0256,347
view/adminhtml/web/ts/js/content-type/master-factory.ts,dcfba75255ba83b8789c8bfac05c7ca9d3f1f8c00cfd838b1e81161ea593eaff,2089
view/adminhtml/web/ts/js/content-type/master.ts,6ce82a28744205917f8b4725020dccd1b181f904607b0b9774fc24b95eada51d,2948
view/adminhtml/web/ts/js/content-type/observable-updater-factory.ts,a47947eb557528bb58a8c90ed3e482ef9d2436f88172453e5be7ebb1b31ed085,1325
view/adminhtml/web/ts/js/content-type/observable-updater.ts,005b9440fd0368549046f683040aaedc4b62a3605fd5552c82a1e869972e7547,9138
view/adminhtml/web/ts/js/content-type/observable-updater.types.ts,d24efe683e58bf87d1d815171b0d26ab123fe55754d0cdd9a3f3206d0f89fe69,813
view/adminhtml/web/ts/js/content-type/observable-updater/attributes.ts,f2e35eccde65a33c2202b861e1303e5173a07f634e6976f562b3a09cc389f7b1,2053
view/adminhtml/web/ts/js/content-type/observable-updater/css.ts,b28735895e73a51b1daff64a5ac7b062e8c495e8b8d08615ff082815cfc4dabb,1217
view/adminhtml/web/ts/js/content-type/observable-updater/html.ts,a5acbd07338cfc12f5b2043962d4b45b2293b67518bfcb2b6fc44ecf797074ab,1804
view/adminhtml/web/ts/js/content-type/observable-updater/style.ts,2cd50d1943c635208c43fcfb71fce1ff5d2f40a2aec1d682d527b648ba615d31,2527
view/adminhtml/web/ts/js/content-type/preview-collection.ts,b7b8cb395a63f91dc0911988c2cf1c2c2735da6514413279d84bfe9a0caac5cd,3948
view/adminhtml/web/ts/js/content-type/preview-collection.types.ts,14e6892fd44ab7dce8ce9f62a550af76cfd0e93a0adb980d3d97976b6ee55408,313
view/adminhtml/web/ts/js/content-type/preview-converter-resolver.ts,e1a58f4f1420d8ffb2e40f6cd16e99d9a7e36423a43367b39eb49d773d4751a1,387
view/adminhtml/web/ts/js/content-type/preview-factory.ts,c1a09527cf1768af59f230b8bf51133215da5fd1f6134c1b8e150ca0ed6e9681,2165
view/adminhtml/web/ts/js/content-type/preview.ts,784b86170c9447518a8bfb946bd6c7f64d1969666f8b24c5032107d0e891d67f,22870
view/adminhtml/web/ts/js/content-type/preview.types.ts,3edccb216b4c92b96a94c7a44628fd9209e080b2aeb60c8e6b9f488fe0742fb7,768
view/adminhtml/web/ts/js/content-type/products/mass-converter/carousel-widget-directive.ts,103d15f0620151fd4423d7be2a9e3309ada82049947b055a5aa91733c6ab7f56,3874
view/adminhtml/web/ts/js/content-type/products/mass-converter/widget-directive.ts,bb65d1797d1396b89316e367369c19bbd2574acfe97503e050075b9f619188bd,3842
view/adminhtml/web/ts/js/content-type/products/preview.ts,310f91c38e6c6b6a49d7b3639b3925d799e86932252b307378ddb67f18fae842,8307
view/adminhtml/web/ts/js/content-type/root-container/content-type-collection.ts,89210c771fb8d097361152285b045c1fd0143d595391b8d3ca626ea02aa123c6,694
view/adminhtml/web/ts/js/content-type/row/converter/style/margins.ts,5df845c363927b660642a2fa750d38d1984a7ca6319a497aa80bcc6a0c2c9099,1442
view/adminhtml/web/ts/js/content-type/row/converter/style/paddings.ts,3fe06eb8b9a6b105b6edc9f3dc81e6c36585ce70855278ba7e2c705fb5ba2ab2,1440
view/adminhtml/web/ts/js/content-type/row/preview.ts,9ed0bdff5db8ddbd5cbde39d265c0c49b718344c62c7d4e8da3c9701b2602386,8852
view/adminhtml/web/ts/js/content-type/slide/converter/attribute/overlay-color.ts,d108858cd346571c2b9cbffe28c5247c8c130d1ab3cc376c0f7d11bb96e05d80,835
view/adminhtml/web/ts/js/content-type/slide/converter/style/button-opacity.ts,3ad36b3b8e104c824614f4ba7f47ec147ed11408ac21518ecb2c0ddab043a095,749
view/adminhtml/web/ts/js/content-type/slide/converter/style/button-visibility.ts,e43099b444e2b119fced8468f28ff871a1fb74f5fe626170a87c7ac589b697ba,763
view/adminhtml/web/ts/js/content-type/slide/converter/style/margins.ts,ffc5960edc5293570352013179c0898c5632f84b26fae3911a76019095056778,1867
view/adminhtml/web/ts/js/content-type/slide/converter/style/overlay-background-color.ts,da8be0de2db519c93a1e341eab796384264d2a5b71b7086acfd55dcc2ab22467,946
view/adminhtml/web/ts/js/content-type/slide/converter/style/paddings.ts,3e55c4f788209a9562176377969d6905dbb181867b5daebc45cf936af30a7cb7,2172
view/adminhtml/web/ts/js/content-type/slide/preview.ts,4f8ff6ddf6d3726b026ad6b249dbee203c54bf05b3d15ba31f4b2b8ebf2ad723,21334
view/adminhtml/web/ts/js/content-type/slide/wysiwyg/tinymce/component-initializer.ts,5b9620f7a00c7de0890e8c2c5e026b5991486b024ecc085e46008d7437bea664,5118
view/adminhtml/web/ts/js/content-type/slide/wysiwyg/tinymce/config-modifier.ts,41e8e40f0505e4a62530b0c198b35eaf23d33b7ff31394ae300eea8acf5d2d35,613
view/adminhtml/web/ts/js/content-type/slider/preview.ts,ba402b9e7e063210b10a11eff8a58e19b8375b54a07a19ab996028c3248accf1,21284
view/adminhtml/web/ts/js/content-type/style-registry.ts,d978a5a6cd8e653a59da18890660f2f80be7ed8de5e2db9bf3db76acc1888770,2340
view/adminhtml/web/ts/js/content-type/tab-item/preview.ts,f51aef4bb273e7f39d05a08a63d0282ab2717c9e514426c98be833a8e1b60b90,4173
view/adminhtml/web/ts/js/content-type/tabs/mass-converter/header-alignment.ts,d6fd012042a63a853b3f6edf2b2f3ce16ec4ac86c6981dbebe9c3eb8b41a1ff1,1076
view/adminhtml/web/ts/js/content-type/tabs/preview.ts,6f0574366a07ce774c21bcf02e5c7e4b2a165044a58a4841c80eaada73acb75c,19290
view/adminhtml/web/ts/js/content-type/text/preview.ts,c7f0f70d8e53586b6f5024cd8eb9008a8d72faf38fa60c0729a7e3afc00e6c98,12661
view/adminhtml/web/ts/js/content-type/text/wysiwyg/tinymce/component-initializer.ts,e320440027bdf1d4db4e86e78fd193e71d07fa8aa59ac24a1e0f044805757839,2069
view/adminhtml/web/ts/js/content-type/text/wysiwyg/tinymce/config-modifier.ts,fdc2141d2887440a88f8e142870f413d841a668f09b47b6a3c826c6755f9ad94,645
view/adminhtml/web/ts/js/content-type/video/converter/attribute/autoplay.ts,2c3d36dd9f421134b6e2b7d2d1ee170aad22236d94559c1ce65bc0aa30ec1cae,846
view/adminhtml/web/ts/js/content-type/video/converter/attribute/src.ts,1a2b21122e8077b56181ad5f87129d96a64c34a5bb7b5f30bc48dbcbcaad95e9,2315
view/adminhtml/web/ts/js/content-type/video/converter/attribute/videosrc.ts,07f41e5c7ea4e344a9e784a4b03140278d145f491a2467362c021ac65d8cf317,4256
view/adminhtml/web/ts/js/content-type/video/master.ts,3b8e22a9e68b384a0ee35e3d7d517bd6c01b16311376c4f849f8d5564f3ab1af,711
view/adminhtml/web/ts/js/content-type/video/preview.ts,8d9615a9756771e66c80add90669f9c8ff0301c47c3e56a312d75f29ce4e5df3,1730
view/adminhtml/web/ts/js/converter/attribute/link-href.ts,b305f22530b05123f836092c3fcc6e5fb7883519b80f5791607df0221a26a0fe,2764
view/adminhtml/web/ts/js/converter/attribute/link-target.ts,9ffc0f56576ae0fb345c97f6165d4a70f593fa41b87c79b3c8644a3b35751526,903
view/adminhtml/web/ts/js/converter/attribute/link-type.ts,31b15d17980fa44e3f613d6ac46ce90ac280cfc666c442d34f5f51aac658d38b,865
view/adminhtml/web/ts/js/converter/attribute/preview/src.ts,a6b45749f44cb400071b74d152ed28f9cfcaea81731efee4189757ffeab94780,930
view/adminhtml/web/ts/js/converter/attribute/preview/store-id.ts,0e57ee6523f4631848bdf3730f0b2c3f5b8455257f67e4572324ecd4ca65904a,915
view/adminhtml/web/ts/js/converter/attribute/src.ts,355e7aad2506cf357383b57ad9bb236d08b35cf11c31fb22466bb7d136e6d339,1371
view/adminhtml/web/ts/js/converter/attribute/video-overlay-color.ts,36e512205cb458b646478619a05e2fe2cb9f182a88fe677fb61b656a8c001aea,822
view/adminhtml/web/ts/js/converter/converter-interface.ts,287f7904024c259047f699376d1b6a047a037d8e39a29ca9bc2dee0cdb33a625,520
view/adminhtml/web/ts/js/converter/converter-pool-factory.ts,9d82158d89869f63f2f845bd39ff61b1b0e672290dff7a67189a0751bec6ae30,3900
view/adminhtml/web/ts/js/converter/converter-pool.ts,d910babd2bb76bb3474dd9a497b85e7114f1e07d39516fa4fbf63bce4f50cc79,786
view/adminhtml/web/ts/js/converter/html/decode.ts,da999b52d28de3ef3b58b1115703699126e1632a88e7c80a3b0014e1031258dc,987
view/adminhtml/web/ts/js/converter/html/directive.ts,143956380f41f8e9bc647bb060ae51822d0d3da7b6ef63c16112c3f545fb9894,957
view/adminhtml/web/ts/js/converter/html/tag-escaper.ts,0447ef339408f9a203e1b02eabd30ecc03c5407f8583ecbac15d62149aad1c81,953
view/adminhtml/web/ts/js/converter/image-array-object.types.ts,e3ebe6865efb5c67bdc061b942faba901043b8ec1c8857decad5200f835c55b9,195
view/adminhtml/web/ts/js/converter/link-object.types.ts,d03f159164c07085bd66025e9fc290704456db651dd80b6dcf587d145e84974b,206
view/adminhtml/web/ts/js/converter/location-object.types.ts,eda24366dfc01caa560ad0654e3b5c25ef8b0c7623b000205bd131f88b8c6d60,220
view/adminhtml/web/ts/js/converter/style/background-image.ts,e1fe2270ad00ee5bbc736fb7f720dbe55b72548ed7ed9431b7764f678c1f7f31,678
view/adminhtml/web/ts/js/converter/style/border-style.ts,dc376409a491296a9df1a49e25575aeb8a6cbb7213034f0e5a6e63825c3ce641,900
view/adminhtml/web/ts/js/converter/style/border-width.ts,bea54fe53cfe85ea2ba0d252ce7fcb46b84d7bfe30c4b070c8623e728966b068,868
view/adminhtml/web/ts/js/converter/style/color.ts,badaeb43ba76f5aa4357343e0505218f93f2e44cbdfa540f82466640a1fb6699,1494
view/adminhtml/web/ts/js/converter/style/display.ts,1d80975ee480a6019005e7e580d448ba93893af85a688498e3454c1b26caa7de,1055
view/adminhtml/web/ts/js/converter/style/margins.ts,f93d2680d6fbe2bf6c10a126251a113fc1ff27aa2d263aca526694011d7486c3,1845
view/adminhtml/web/ts/js/converter/style/min-height.ts,8ce1f5b8b403235bf4a56cfe87e4820bd4fa03ab12a0be4694134ff6d7017bf7,997
view/adminhtml/web/ts/js/converter/style/overlay-border-radius.ts,65b7479a1396ce2dbb14ed06fa1f927ba34aea574845e83153459922f52c62dd,1097
view/adminhtml/web/ts/js/converter/style/paddings.ts,f220dcbcac447ff43ace8e815195c3bee26f23441090a65865cd6e8a35ed550c,1870
view/adminhtml/web/ts/js/converter/style/preview/background-image.ts,b682eab811954b64e63fe08c31b6bd57c456eed20cb4927c9f1992879c14f18e,957
view/adminhtml/web/ts/js/converter/style/preview/display.ts,3955ebe3fd0a2c1a335366968f614c16fb71777c2c6ad4b8c88388ac245c983a,728
view/adminhtml/web/ts/js/converter/style/remove-px.ts,1d94310aa6ceb057f8af73c6464ca74b953ea1a2b288895e98a13cef890d4351,821
view/adminhtml/web/ts/js/converter/style/video-overlay-color.ts,0a6030bf53e2948db0c1352ea7118372fffeb5f3fb714b7e3761e949d0402cd0,876
view/adminhtml/web/ts/js/converter/style/width.ts,a0b110164a4f90fd50e4f674887955c674eebff67ed3d62e7d2028aa61bc2989,1495
view/adminhtml/web/ts/js/data-store.ts,beb23939558f0e43ffd5f16aa565be4c08b2f0dbb1c4cd7f3a64c3f5e6fe5ac1,2677
view/adminhtml/web/ts/js/drag-drop/drop-indicators.ts,8d94504774581dbaaef7d586f63eab03c46280fe6f060dce161d83b9b7932bcf,1640
view/adminhtml/web/ts/js/drag-drop/matrix.ts,9965b7f1e38d38d8b2ce572653d7edd0f3f7a2b94aca29183664506384a76327,1428
view/adminhtml/web/ts/js/drag-drop/move-content-type.ts,b3a495fa9628c1d0d54fdefc15ea2e8dc054c4f3a79f1a25c177a14323f57666,2943
view/adminhtml/web/ts/js/drag-drop/registry.ts,b6a020de9504c14e4d6782e59ea21998a915bcd9f087c203fefb7e9312a2e4f4,639
view/adminhtml/web/ts/js/drag-drop/sortable.ts,e2b4d8c0b977654545f0c535dc5a671062c322553b4166df8dd139a120b9a080,10813
view/adminhtml/web/ts/js/mass-converter/background-images.ts,dae8b5ca37c05ae63a62557cc93aaaf4bd697d725f65f22ed3f23f3b65225c20,2575
view/adminhtml/web/ts/js/mass-converter/background-type.ts,18883f4c1001258ad04b8caed23234f8e0691f0676c75cfa0e5a05f91fb5ff61,1444
view/adminhtml/web/ts/js/mass-converter/converter-interface.ts,0cc4f8a6bc65c9f49e64832d90ec2b8890b56e98990913b185c82c9ab138069b,867
view/adminhtml/web/ts/js/mass-converter/converter-pool-factory.ts,127f7a1f1c978644001ce629b004f412bed8bd4346a272089a1b8919ffc2949e,1290
view/adminhtml/web/ts/js/mass-converter/converter-pool.ts,9c17a619a326d17f7f99da80ea4ef2253740c133070c80bd913ac00fceebcd0c,813
view/adminhtml/web/ts/js/mass-converter/empty-mobile-image.ts,70ec511e5f80bad5b334810888f4def59cc0415ce8e29be2b5148ff75ace1d40,1683
view/adminhtml/web/ts/js/mass-converter/widget-directive-abstract.ts,439fd5aadc338c8295a55f2d55983f96aabded7b1172aaa5acd28387b432ec14,2638
view/adminhtml/web/ts/js/master-format/filter-html.ts,ff901f96cc3dd0e262d311016f7a2d1c01490f177e61d7af74307c726e2029fc,1460
view/adminhtml/web/ts/js/master-format/read-interface.ts,b121031f53a9d768fed321dd0ceb7fdb17cfa4db2b17256c84e3204f8a546fae,276
view/adminhtml/web/ts/js/master-format/read/configurable.ts,16dae4764126589e0499ffced04e47d4fd2edc55712d533c6a56928caef8bc22,11294
view/adminhtml/web/ts/js/master-format/render.ts,65d5ba635108111e4d1ec6515c7fa50bd1e096375e4715e4b8ac2665a700a197,4151
view/adminhtml/web/ts/js/master-format/render/events.ts,643546f74dee556cbb4302eb10812858cb0ccfad2419bf9ac9368c3e99d830e7,327
view/adminhtml/web/ts/js/master-format/render/frame.ts,fffdab5c9c9e587954a8dbc5f97eb549e25d26a94802d67de970c0f63aa99e20,9459
view/adminhtml/web/ts/js/master-format/render/requirejs/text.ts,2a44bd9c670e8523dd764a39d331dcfd6b697e905b4375dc54e5e79c9a418b4e,1096
view/adminhtml/web/ts/js/master-format/render/serialize.ts,d684d52d7dd2731507a03d0e2af184ee2f7bd9214dafe946fcc783e87d6f0563,2514
view/adminhtml/web/ts/js/master-format/validator.ts,f4fded67c0021c5918920cac6d8859506689ffe41f57fb92014d7d64820c699f,495
view/adminhtml/web/ts/js/page-builder.ts,6dda56f9bd5b7efd0cd6fff6f2af1595956a465c20e1b76af42fbc518e94faf9,11051
view/adminhtml/web/ts/js/page-builder.types.ts,4aa1203cd81423b31e9eab3fa366f9b4954345f9acd80e3d446c0f71e97ead6c,518
view/adminhtml/web/ts/js/panel.ts,0d0b4723720bbe90fc7dd8fad3131437bf4f3ff1dce0430d5231dc21d5c075f5,10904
view/adminhtml/web/ts/js/panel/menu.ts,9b00852ec0557efba734434d591642382870e677d845c2777e1fe52f4db7cfa6,1223
view/adminhtml/web/ts/js/panel/menu/content-type.ts,916dfe2625ae44911d37e939c518fae446588bcb00eaa1eea21262d7dd18b260,1441
view/adminhtml/web/ts/js/property/attribute-reader.ts,ccc79d7b1886dd7987a4852c0f6e5fe8da4e2aaab3a14c83eb7d7132cbb945e6,499
view/adminhtml/web/ts/js/property/link.ts,7dff9f4e3a62e94b1a7b44581602665aea1790213b0be8d8d58008ba1c1e48b5,1556
view/adminhtml/web/ts/js/property/margins.ts,6d6d852be2f4dca1d45efca4a14b9e05d067c7356533476936e6562d54d9a4c2,813
view/adminhtml/web/ts/js/property/paddings.ts,a05f41b22810f48b7fffb5e0ddad5458af848286cecf019f91b9864f21bc3bf1,823
view/adminhtml/web/ts/js/property/property-reader-interface.ts,731ec4578a0b14a62a56993f0a4d58d44c30290bf1f1ef9f13607ae0524f40df,374
view/adminhtml/web/ts/js/property/property-reader-pool-factory.ts,7b83120246549ac372c23d6116687225748b037e21cba2a2b43854959c183ecb,2292
view/adminhtml/web/ts/js/property/property-reader-pool.ts,5463b936adf040f9235e3eba9ed91a02a5125c8e8d85dc1a2d5325adc12a9691,868
view/adminhtml/web/ts/js/property/style-property-reader.ts,73f6b7a01c53e04de66e9e864717ea19b3c935756730c94fb5a3a89eec9f7e33,666
view/adminhtml/web/ts/js/stage-builder.ts,80f0230a2123210a55e0dfc348730be385aa80fcc462ac94e1fa1bcdb813bbca,12798
view/adminhtml/web/ts/js/stage-events.types.ts,f4d3ca8eeda8be93923953641cc1acb9790c8856cf0809f0c0ebb4c6d88c5046,245
view/adminhtml/web/ts/js/stage.ts,9e5a0baa5565bc926900f6141891d423df828e6c5c0116976e18abca8e3370a9,7020
view/adminhtml/web/ts/js/template-manager.ts,96d879e8c89bac359ca2d21fc6dbca898824adfa911d452a151372356dbcc20c,8287
view/adminhtml/web/ts/js/types/alert.d.ts,8d57f61f25c333c2496da346f4dcf35f4e6bea8c4c075e10100ee40e0f63ba0f,1089
view/adminhtml/web/ts/js/types/dismissible-confirm.d.ts,d366f912e31f273b5fffc8bb0bb5eee576d06b74b04d0009555ceb7ccd7a4412,429
view/adminhtml/web/ts/js/types/dom-observer.d.ts,062c89b24e0d4f2989694a4746b65782821960178bee84ca64e4bc7eaaea8129,1421
view/adminhtml/web/ts/js/types/events.d.ts,05fac0d6a4a4243aa8fcc37656119b03730119c8b25ba6e9045008bced0a92ed,131
view/adminhtml/web/ts/js/types/jarallax.d.ts,1f5d1281056659c4f5e3c0221eab4b4fdbcaa4d7ea798e369747fd983cb41636,4792
view/adminhtml/web/ts/js/types/key-codes.d.ts,17be879c31c8112cc2ad21f51ddcf12f1d314459c79a13f25598cc7b6185307a,189
view/adminhtml/web/ts/js/types/knockout-template-engine.d.ts,17184c61a60ec131ac388b4c3d13b31ebcdb2627183648cfbcba776103c2f5e6,230
view/adminhtml/web/ts/js/types/knockout-template.loader.d.ts,a260a025a83140fd9d8e9146b901921d9d6818c26adbe433ba31a80e02642b9a,206
view/adminhtml/web/ts/js/types/mageUtils.d.ts,170083313fd681fad068a11f62633431e76b107fb6452446c69d3af177bf36be,846
view/adminhtml/web/ts/js/types/resize-observer.d.ts,4e6c3b90ee60ce64d17efd1a3ff2ac4f0a9f728a33f3a3aa60145fb7cad635d2,875
view/adminhtml/web/ts/js/types/text.d.ts,6282bda7fb566d3f6cf6bd968abdf2383ae25d9dcf466a1f0253a31cfc6a3e72,365
view/adminhtml/web/ts/js/types/tools.d.ts,8d6d5cccd464caa69ff663ef1b527564193fd01bde16bc8130c8c2f36b5381f4,481
view/adminhtml/web/ts/js/types/ui-layout.d.ts,c519fd5c1c27e69cb18fdbbc76195ec7be5c7b49ccebbfb6d574aacb825f3408,390
view/adminhtml/web/ts/js/types/utils-map.d.ts,a709d6cd61a91292c57532109f2206cc52684a24059f73470ebffcfdbdeebab1,520
view/adminhtml/web/ts/js/types/widget-intializer.d.ts,4be88e479d401d966af467b7c1d0d8fc3a69d84cb091ae4df831d54cdec0c29a,376
view/adminhtml/web/ts/js/types/wysiwyg-events.d.ts,9d0fc1f266c69642eabb916bd0dc178b191291600b6136ea8add33b9061c97d6,579
view/adminhtml/web/ts/js/types/wysiwyg.d.ts,fde4d0b2c4e0589f73dc296b4e319ec166c9a881833a74d3c908cc6fdacb4a87,902
view/adminhtml/web/ts/js/uploader.ts,dbeabfdd59564f468af0abf976ce7a39e5a6b16896e8faa804bbfa864c0c859b,2945
view/adminhtml/web/ts/js/utils/array.ts,564991ddd81c28110509a2519482e0ca6f704dee5ba2d7072faa97a12024be77,2417
view/adminhtml/web/ts/js/utils/check-stage-full-screen.ts,7b02dd1fb70f08ef37b32a2d4d37608c2a2b6085c4dc1ce63507cc08e222b72f,418
view/adminhtml/web/ts/js/utils/create-stylesheet.ts,c0d641838777a0b7a7c6dc1e84a50a4605314d98468a8931f67e56b56bf4978b,1482
view/adminhtml/web/ts/js/utils/delay-until.ts,4ede47d238171d8ef528e108a85ed5c72a782159cc0da5885a28a65e4ed91442,490
view/adminhtml/web/ts/js/utils/directives.ts,4e2ceb588525c44ed22258b008d6cfbd37519c06024a6fe47ce793d29f76c791,6639
view/adminhtml/web/ts/js/utils/editor.ts,fd581c6c59d741f6cdfa9682806ab28f1e12b5d5e7108521c8c4f5937889c4b0,15647
view/adminhtml/web/ts/js/utils/image.ts,2333b76fa50655f1af119ed297e46f8fa613a021d9c88703ff53253618e8d296,1440
view/adminhtml/web/ts/js/utils/loader.ts,789c1b96939e96c1525632ca2281b1830fa964514414b13a8fcff893ab956dd1,246
view/adminhtml/web/ts/js/utils/nesting-link-dialog.ts,d9d71e78588ff233e24c693e36a34f754b9de00870b520cb172ac525f05f0f4b,2305
view/adminhtml/web/ts/js/utils/nesting-widget-dialog.ts,e8a05cac0b059372cbc907c069ca522588b97a87eb23ac4659466b11e9a8110d,2483
view/adminhtml/web/ts/js/utils/object.ts,e8782bc9d20580d387addc8a95af645d03709af62ec35ec6e78c9265c40ec782,728
view/adminhtml/web/ts/js/utils/pagebuilder-header-height.ts,593d31bd5e43e29e33932d0695483759ea05db7fd0ba89fa574008f768f1efcf,678
view/adminhtml/web/ts/js/utils/position-sticky.ts,38cc049dedbd5c4747374d0d611f92e5b09fd24add2b3d9ed6a14585d9591a6c,574
view/adminhtml/web/ts/js/utils/promise-deferred.ts,ebffc43b432ddb78e32adf9ec371aba7fc67909d527355a3b9d67ba7b9393825,604
view/adminhtml/web/ts/js/utils/string.ts,ae200d9348323f04c57510c33738407c7f3ff0717133f83a49f775d0de889107,717
view/adminhtml/web/ts/js/utils/style-blocks.d.ts,67b7de74b9a70506e4df8dc0a060161b81de879a40b9c3f6876fce2cddea1351,222
view/adminhtml/web/ts/js/utils/url.ts,90b9d061c4dc94c3738088e392a5d2ab620aef0f36b006ce0559bce24099acd5,766
view/adminhtml/web/ts/js/wysiwyg/component-initializer-interface.ts,c86a2346613ca1d5f3f160c33cbbb5d3400d1bf79a3860ff5344359d231c0001,271
view/adminhtml/web/ts/js/wysiwyg/config-modifier-interface.ts,1992d98827b8e1246e708bd3358477586b392c03c4b1241bc3c03d42080abc9f,211
view/adminhtml/web/ts/js/wysiwyg/factory.ts,5ccc689a4a166cb575679d91c33d0fb10a6fc6e1e1535dee0c704a5576fa6827,3371
view/adminhtml/web/ts/js/wysiwyg/tinymce.ts,6263973fec97dce739dba1c96090e3c45764342358126026c8359ba33ba7cdf5,10411
view/adminhtml/web/ts/js/wysiwyg/wysiwyg-interface.ts,28d4708604f123db0d7243aafbf220620ee201731b77cae91e74ee262d9cb034,958
view/base/requirejs-config.js,a16b61ecf4f4ebf1c7f7624b6aacfdcf1eea1a82f01a1b14c85562be740a2591,901
view/base/templates/googlemaps.phtml,d9de37e6cbb08665fd518bd4d18e6aa13189cd0aceb6e6868a276ad9d5d14364,1640
view/base/web/css/source/_module.less,17e78a0d2a44dac4626ff24dbb557d1f181d6239b44ece60d5201b65ee0c17ee,163
view/base/web/css/source/hljs/hljs.less,7c010fc8bfcb5e4d14b1b6923d1639ae592fdf30b796674fa1efba62ca9abf9e,1103
view/base/web/css/source/jarallax/_jarallax.less,0823989b60f04ec1b14957f0eb25d1c555d11a8e30339d6a67a3a2ad78e1d20a,1030
view/base/web/js/content-type/banner/appearance/default/widget.js,c5b5ca611a94a4e38fee6331e7b68c32d76b5355fa2acbc927ad1023332a6ae6,532
view/base/web/js/content-type/buttons/appearance/inline/widget.js,21a888fc8723b8f6036f7dd3dfb95ab518adb699fff3305a42a54756c4419466,1397
view/base/web/js/content-type/map/appearance/default/widget.js,049181225db2528ea4f6056762127cbf53adcb4afa1191cb764d9df8e7a0d9f4,1250
view/base/web/js/content-type/products/appearance/carousel/widget.js,29941889e918770750b58bb6493256eafbcce1590966b48d7ca58bc560179565,3563
view/base/web/js/content-type/row/appearance/default/widget.js,bbdda767d9f20e45367a3ba61f09ba96d04b2d896c6fa597e2b0be4b9e215549,1290
view/base/web/js/content-type/slide/appearance/default/widget.js,5727366bd104959572e1094a8e3da5fbffa0a01c145128048ec51565349c0f41,1404
view/base/web/js/content-type/slider/appearance/default/widget.js,f7aaea9bba36b53ac0cbc11c176974b200804b80829289078c5021c0de9d6481,1290
view/base/web/js/content-type/tabs/appearance/default/widget.js,e33b0e4eb726f5ecbf8165f22d09f7e412e6dc80d49bf10f3b850a2b43c1efc9,1486
view/base/web/js/events.js,57b17da8a709a7128c3f38b1faf52ac642ebb3bac816311a4e1f4ba695ba38e4,1145
view/base/web/js/resource/jarallax/jarallax-video.js,b61425df000c30252cf5f903b44c5daff284eb3ef7a33fdab6de55947041e42c,35547
view/base/web/js/resource/jarallax/jarallax-wrapper.js,c7868bd802eb32668a2b85d30ae163a77fa2b97b63540f9267aa57cb4e1aba71,262
view/base/web/js/resource/jarallax/jarallax.js,6f36e1fe5a2ba01855d5dc3e18c90f92031b49bc635f817389ee5b283f8bea1e,23640
view/base/web/js/resource/slick/ajax-loader.gif,e7b44c86b050fca766a96ddac2d0932af0126da6f2305280342d909168dcce6b,4178
view/base/web/js/resource/slick/slick.css,de1e399b07289f3b0a8d35142e363e128124a1185770e214e25e58030dad48e5,1776
view/base/web/js/resource/slick/slick.js,cd44068a14c4900e2792b81f6db00cd5fde9c6f9d68b39c1343f93b89a14bf73,89981
view/base/web/js/resource/slick/slick.min.js,2b6363da8fe3faae6edd34c37c25e0080a924d50a0c58010ef332cd4df47baf4,43882
view/base/web/js/utils/breakpoints.js,e16651a49ae8f81cb76c15d0432ecd744c7bbb5712ae862f9984a7b9a22e1b92,563
view/base/web/js/utils/map.js,d346f421009f1f020a15d0f3d2cab86a8b93cb912ef77820baa1c5f762bba084,6388
view/base/web/js/widget-initializer.js,717e5a3f6211be937f1f6ad0698febd5483bbc65c6e7583d7f3675b10f938431,1469
view/base/web/js/widget/show-on-hover.js,9759708e85a388b5c7047aff4562d16fbc2262ec8a619696e204b0a67d0d4c45,2134
view/base/web/js/widget/video-background.js,22affdfff377d1ec9a1b7279dc80d278dea2cb822155229f8af77f0ae1d887cc,1369
view/frontend/layout/default.xml,91af682a626c01580f751a28ed0b5d3daa4b25c09ebb17949e41dd2d8bb1efbb,783
view/frontend/layouts.xml,f0feebbe59fee33eab4331ae159df5e64583c11700076acc7faf3ae9d9afb396,651
view/frontend/page_layout/catalog_category_view.xml,7f6106959defccd973286f3041784e3503ba4c5ce21c76ad8b10becf360ff804,558
view/frontend/page_layout/category-full-width.xml,d816fa6d82e94b73ad9661a80a444b57a874128ecbf3b4e9fa6375986ae9fc93,1448
view/frontend/page_layout/cms-full-width.xml,4afcbda07f4b4dba1e102e10c6c8d1bbb8693e3bde848134a4a292fbe268cd18,517
view/frontend/page_layout/product-full-width.xml,555da30fc41dbbfac5e047c5f2280935a75ae1ba261ee26aed8672a841bd9303,5357
view/frontend/templates/catalog/category/view/description.phtml,75b96c3154fde2a5bf1760dd73eb3846d4ef262d22d176d42350c46e92366d6a,1686
view/frontend/templates/catalog/product/view/attribute_list.phtml,8bd0f03b305de65dc9aa7ed3a9ea9de8b7acdfe005075559cd608f539a4baadc,966
view/frontend/templates/catalog/product/view/section_wrapper.phtml,458cba4703a4cd98e7b5b395381d01a7dfd3409ff751f5dd815ad47aa3bd23e4,709
view/frontend/templates/catalog/product/widget/content/carousel.phtml,c9385ecf2e32d3a1da3e30a70f3490380a0bc6b13228216837298ded9e01602d,7388
view/frontend/templates/widget/link_href.phtml,da83d39c1dcfc924ac5470dd6f3b150d3bbec0ba0674f3c6d7593c45dc251502,202
view/frontend/templates/widget_initializer.phtml,5da9e26681ada2e00e61649462c486a4afe222e4a39c5b8c7a887581e0d50265,437
view/frontend/web/css/source/_icons.less,5e6f98f1c53ddebd025b50f0c78f309c203656314e8fe9574a15ef7e17471ba6,1698
view/frontend/web/css/source/_layout.less,37c67edb64b47a9f1b9e24d75e7402aebb716f43b2c2af02058eb35e77e203fe,1158
view/frontend/web/css/source/_module.less,55ed85642f7191c686cfa54df933f3e22748217719d757bafcbbf49a4fa82a77,1845
view/frontend/web/css/source/content-type/_import.less,8d148d72cb5d376881187c4714cf853e58deac0e49eaf9703b3fcb8fc8263f01,731
view/frontend/web/css/source/content-type/banner/_collage-center.less,facd31dd36345d5b2c73763779cc87e79eee39a687c841c615e5506d57b8be60,408
view/frontend/web/css/source/content-type/banner/_collage-left.less,d8df9b6f42d34f3d6cf297e7caa39135e6ece0a736a37e7cd5b09ad85f994bbd,367
view/frontend/web/css/source/content-type/banner/_collage-right.less,c1fbf35848a120efdda512c2fbb19b67b96bea62e4f641234929428acd05a0e5,368
view/frontend/web/css/source/content-type/banner/_default.less,279ccb8b45a8f101a2b7c78066ec298fdd4562d318873000bde08f143fb3d08f,2243
view/frontend/web/css/source/content-type/banner/_import.less,e8307d8986e064a3340a3ecf827b5582f0eeedab16fe1c368d1502fe8944ca12,318
view/frontend/web/css/source/content-type/banner/_poster.less,71f9d489c38f0a8b464b3101969f882357c76d8f63f9161fc1a6e942b3856204,296
view/frontend/web/css/source/content-type/block/_default.less,7871332e11794a8e13c28d2f29e083572dba8a2f5faf8678ce95a2e114fd64b9,361
view/frontend/web/css/source/content-type/block/_import.less,aea6f1e7e8369fadaef86dd13070ceff5e7f4b3d19335f3ff1fd853dfa00e804,193
view/frontend/web/css/source/content-type/button-item/_default.less,6b4066fa51d29d30e7616caef892745eae02e70d1a4cf30554de9b38068d0198,1416
view/frontend/web/css/source/content-type/button-item/_import.less,93415aba790bff9eeb2b056c7ed5993b0b0b5f1bde83e639c762aaae105e40cb,193
view/frontend/web/css/source/content-type/buttons/_default.less,3716d00a2bead1ae4b73e8ede357e91558c6156108fdd85a8fb1c13db6f69fae,251
view/frontend/web/css/source/content-type/buttons/_import.less,93415aba790bff9eeb2b056c7ed5993b0b0b5f1bde83e639c762aaae105e40cb,193
view/frontend/web/css/source/content-type/column-group/_default.less,c63d1554e8699fe5ea19619b325674fb25685838b89640c8ac4cc11e8fd8c1f5,297
view/frontend/web/css/source/content-type/column-group/_import.less,93415aba790bff9eeb2b056c7ed5993b0b0b5f1bde83e639c762aaae105e40cb,193
view/frontend/web/css/source/content-type/column-line/_default.less,68d557077f5f4e3cb6be80b17b7b31fe3a7f91337b7bae6b8a358b8f12fbf1da,294
view/frontend/web/css/source/content-type/column-line/_import.less,5c5b841d2865553772d17609b0f9870f3a8e07b7de3ad26656f37619fae4517b,193
view/frontend/web/css/source/content-type/column/_default.less,22ba4a0a2eeec7e567c249877b05b4e1dc7ff4e0fa4a1e74cf2fc4503da7a521,548
view/frontend/web/css/source/content-type/column/_import.less,93415aba790bff9eeb2b056c7ed5993b0b0b5f1bde83e639c762aaae105e40cb,193
view/frontend/web/css/source/content-type/heading/_default.less,fc3cc2d56cc079d892cea407e23cda6c6aba5e032d23ed24c9fa07e635f5f94c,257
view/frontend/web/css/source/content-type/heading/_import.less,93415aba790bff9eeb2b056c7ed5993b0b0b5f1bde83e639c762aaae105e40cb,193
view/frontend/web/css/source/content-type/html/_default.less,cb81053c5eb585df78d36ac3e1c4b491a0bba208b58eec6d9773da730f358878,254
view/frontend/web/css/source/content-type/html/_import.less,93415aba790bff9eeb2b056c7ed5993b0b0b5f1bde83e639c762aaae105e40cb,193
view/frontend/web/css/source/content-type/image/_default.less,7b755fd1ee8da95c9ebbd9123987607471b6e4e20440ce5f106c62decfc1414f,447
view/frontend/web/css/source/content-type/image/_import.less,93415aba790bff9eeb2b056c7ed5993b0b0b5f1bde83e639c762aaae105e40cb,193
view/frontend/web/css/source/content-type/map/_default.less,04250d123e595ec862686104b8f42e8bfb3a858b8a1c36001904d0cd7352ee42,277
view/frontend/web/css/source/content-type/map/_import.less,93415aba790bff9eeb2b056c7ed5993b0b0b5f1bde83e639c762aaae105e40cb,193
view/frontend/web/css/source/content-type/products/_carousel.less,dea7c67506dfa00235dc62d30047c58a55f9157ac7372c47d4b117aa209100e3,1016
view/frontend/web/css/source/content-type/products/_default.less,c866ad17087d31f5ed090620290cd761035dc53cb8931e6b9bafb2f51ff13a6d,1485
view/frontend/web/css/source/content-type/products/_import.less,bc179024b7e1e911c689da9564540e23dabf618bdb3b8de5f1da2c80a7444d46,221
view/frontend/web/css/source/content-type/row/_contained.less,0f536cf7b2cfb977ceae793a483c27f44cfe8a993429acb0fb55491a0500c317,816
view/frontend/web/css/source/content-type/row/_full-bleed.less,15c82494e56227db6a556a7f73eee9bdd20e1c7ddf99efb18a9959eaf3d1f664,576
view/frontend/web/css/source/content-type/row/_full-width.less,c10901fbc3af585424205d198faafdb6e453476bc46531c20d8546201f3e2d68,788
view/frontend/web/css/source/content-type/row/_import.less,51a806afacf8ab8664ebfe28b3f1bf68301adb137d1958e389788b27143650fe,251
view/frontend/web/css/source/content-type/slide/_collage-center.less,726a08251ae8df1e940ec7860b463a0292629ea423e8fd1e79e4d70d6dfd4a86,407
view/frontend/web/css/source/content-type/slide/_collage-left.less,4d7e7392c97e1a623479b3a716b580923b3716d34e301dfe11f36bddfc2b325b,366
view/frontend/web/css/source/content-type/slide/_collage-right.less,b755e5d6f1519e7c7df9006259b1a7f9ea038e1b49dd074e8263fc554f0069b0,367
view/frontend/web/css/source/content-type/slide/_default.less,667110dc2fdd916d6913badd109500a06bae7d6a7b42f237dd62d9b97214edd2,3301
view/frontend/web/css/source/content-type/slide/_import.less,e8307d8986e064a3340a3ecf827b5582f0eeedab16fe1c368d1502fe8944ca12,318
view/frontend/web/css/source/content-type/slide/_poster.less,d579a32cae2e9c40526af37d8dd831944101ffad46cf0b734796b2e05fd79af1,295
view/frontend/web/css/source/content-type/slider/_default.less,e7091d117facd7ac419f65a349f872482c7fb0398f3f8ded05ef4a49ea1fb583,835
view/frontend/web/css/source/content-type/slider/_import.less,93415aba790bff9eeb2b056c7ed5993b0b0b5f1bde83e639c762aaae105e40cb,193
view/frontend/web/css/source/content-type/tabs/_default.less,450af074362997d057dc2c1509fd92e5ca3a0ad3ed515fcd3ebdd30a3cb1a658,3131
view/frontend/web/css/source/content-type/tabs/_import.less,93415aba790bff9eeb2b056c7ed5993b0b0b5f1bde83e639c762aaae105e40cb,193
view/frontend/web/css/source/content-type/text/_default.less,16269b1230c948b4281493db8b4ba8e2fce469c72f96614dc912b8b5255c3c30,257
view/frontend/web/css/source/content-type/text/_import.less,93415aba790bff9eeb2b056c7ed5993b0b0b5f1bde83e639c762aaae105e40cb,193
view/frontend/web/css/source/content-type/video/_default.less,c2300067c64bd6084ba5c676a25c1c0da5e42e41908960f1ea8c957cbd66a474,739
view/frontend/web/css/source/content-type/video/_import.less,93415aba790bff9eeb2b056c7ed5993b0b0b5f1bde83e639c762aaae105e40cb,193
view/frontend/web/css/source/slick/_slick.less,81dcc285eeb3d812a2428af8250a0c71e242c47f395c734420156b7baaf7415d,5222
view/frontend/web/fonts/pagebuilder-icons/README.md,fc3adab48c45478ed4258c853317ad9100e42f0aa07cd0e53d77bbca96e5dcd9,85
view/frontend/web/fonts/pagebuilder-icons/pagebuilder-icons.eot,0839105f4e7afe740e986a9b85f8a4310d4c358c68ba647a4cec8ad6b65428fa,5780
view/frontend/web/fonts/pagebuilder-icons/pagebuilder-icons.ttf,48fb973fbf8acccb478285281b59d069c39dd361e68401d27529f00b481ecd87,5536
view/frontend/web/fonts/pagebuilder-icons/pagebuilder-icons.woff,a1be4ad9674033fbea52dd69713aeb32a9407ab2dea4bb5ffa7407ff90249639,3140
