path,sha256,size
Api/AttachmentContentManagementInterface.php,303bf6aceea911c1bfe9dc3d84503927416e92b8f48c2f11ce75113c33127193,687
Api/BillingAddressManagementInterface.php,dfcbd7fb8fccf4417f9176616e937f616f60240795d5aad3bfc231349d1eb53a,1220
Api/CartTotalRepositoryInterface.php,8c72afadea8f82b3be2394a6b79b9961f04c92d9b8357493f2c799495f6481c7,591
Api/CommentLocatorInterface.php,5e163b83e08a2b30a651791c9c845912d0341a8c7e5d1bb3d5aa97e890573a37,648
Api/CompanyQuoteConfigManagementInterface.php,674485121a33175c92ec5f9748b7ad8214c26cb7f89fb03cbe57e33ac3e8050b,533
Api/CompanyQuoteConfigRepositoryInterface.php,e15ece43139d4baabd7b49bd91ee054aa39290ce2798863051038de1aa00b392,575
Api/CouponManagementInterface.php,2fc5bba3f20bc6936e9301c49a9cfcc901c51d32c35e3144e6687eb9c3f88781,1081
Api/Data/AttachmentContentInterface.php,41b9a1bcc50906024da1aa6a10ce496c15cd0544b1d48e85590fbc1110902135,1802
Api/Data/CommentAttachmentInterface.php,b2177280f906008dd6d3dfa96f98a7ba41ee76345bf64e2761e5ec05ff9be0ad,2347
Api/Data/CommentInterface.php,8ff34129dd1ebeacb3841c5df4fb20a02a45e1b8fb111de24d1b571cfd0dcaa8,3744
Api/Data/CompanyQuoteConfigInterface.php,92a65643e516da77d71bad316589fc6f230fced6612c2807cbf1cd09f3f2e538,1597
Api/Data/HistoryInterface.php,5d35320ec0fe65864075900930ba97c26a6db9407a215560accc6bae76ab11b5,3695
Api/Data/ItemNoteInterface.php,c003085146973f4a7164684dcb8e4c6fbe72b2df9f4b0050c94c0b55ab824669,3050
Api/Data/ItemNoteSearchResultsInterface.php,b6eee88bdd9252cdcf32a4a562c7b04ed98a881beb31e5cfe3040ffc583e4aab,814
Api/Data/NegotiableQuoteInterface.php,fa7acd689eddb65dca08e3414a72567d2bf123fcf757b806239afddd9e417184,9339
Api/Data/NegotiableQuoteItemInterface.php,e208973eca836ca4570cbe6493296b1ad93ded51c15612c68c567358e631c7c4,2631
Api/Data/NegotiableQuoteItemTotalsInterface.php,9320a042aa9b3dc62a15e57f71a3a017b9bc6cdfd9706b38282d00bb49bb109d,3089
Api/Data/NegotiableQuoteTotalsInterface.php,a3567be745065c048ab5e0dc4e33547a796952677a3400c9ece3db6af4b53719,3387
Api/GiftCardAccountManagementInterface.php,0d65f903fc0f9ad4b572afb6730e8ce11df3d280e6b1bea3f1594081ad980e3c,784
Api/ItemNoteRepositoryInterface.php,040a45a8b6e06b6f9cd469bc56f6b041e052b79c9da79533d3ef3e018f9371e4,1657
Api/NegotiableCartRepositoryInterface.php,1c3d9447e9a49a442169728bbe14f9704c6e76544022994f855c1f8294f4a3e8,2742
Api/NegotiableQuoteDraftManagementInterface.php,5128c294a30b6d52a3922b4b4d79aac886907678085a41c1d90e29bb8e5c8001,546
Api/NegotiableQuoteItemManagementInterface.php,b34fe32f6f5a98d5d8817930328d76b245ebc46a5c3beae9c82489b3c8486013,1591
Api/NegotiableQuoteItemRepositoryInterface.php,9e357b80706f835ac3a35d61dcbf3feed87a100043c487425135038632604d5b,566
Api/NegotiableQuoteManagementInterface.php,59c94ee28bfa4faec67b98ae76cd2b25c226158cdfae4b45f92723946b5da2e0,4535
Api/NegotiableQuotePriceManagementInterface.php,87e4712accc72a1f56fa256f52496a7989b1a4649a6ea589fca542a368c74784,1002
Api/NegotiableQuoteRepositoryInterface.php,46cd339ddb963739fbf8eaa6f79c0dccdd70fa33d693d1e57692c21ab5e97230,1737
Api/NegotiableQuoteShippingManagementInterface.php,0393aed1ab4e48cd21e6ef2bef142613cb4804661fb478aa23782b9949ecbbff,1075
Api/PaymentInformationManagementInterface.php,32256894199778fbd8748331bc8d66fee1f7a376092f729506bc99b705371ed6,1609
Api/ShipmentEstimationInterface.php,580d252a8edbf459aa79e0c11ad728163db797f74ebd6c00e9fc724f418b25c1,652
Api/ShippingInformationManagementInterface.php,3fa56c085eb940a4928feb8f2e9afca3c37f3ab2f9a7146c3bb4575681f2e3da,647
Api/ShippingMethodManagementInterface.php,06944440a2c049d54efeb3e558584fc4a5481a4f5712a40b5ef4ddbafdcdbf37,581
Block/Adminhtml/AdvancedCheckout/Sales/Order/Create/Sku/Add.php,61eeaea0f99960af6ffd5890c33b7650df5891585f90865af835cdcc85f49c96,2731
Block/Adminhtml/CustomerEdit/QuoteButton.php,9aec117b9ce647ac40db0ba743ecd6d3c622e7ca5cc2372a743138cc6f63b051,1952
Block/Adminhtml/CustomerEdit/Tab.php,c5118737f5303f086a6c67911bf85edab625bd8ee53c37dddc2e688d8d3dd969,1552
Block/Adminhtml/CustomerEdit/Tab/Grid.php,9d85f685845adb5e8d3ee356cdfc5b7578e30bdf4ee3c2bdf207e03a7d99f3b5,4224
Block/Adminhtml/CustomerEdit/Tab/Grid/Column/Renderer/Action.php,2dd88432d5685b11afcc13c46570c120d16db9396ac1d07ab27c46a83872251f,1178
Block/Adminhtml/Order/Info/Quote.php,1c6464eee199ec3a17b68884eba6c52dfae064af59d080e703026bf833732841,3889
Block/Adminhtml/Order/Totals.php,5d0d3147f7992bb29553927c9088f89e42f9e867b166f6d28f640818b5643860,11017
Block/Adminhtml/Quote/Comments.php,a9ef1dcaf3029bc7f131a5b923b42f95e25e80d1656d5cc4f028b76149f88378,544
Block/Adminhtml/Quote/Create/Form.php,5f447a4b1d6e98ae43574f374714054a0893c7bd876249a2c992c35a0152452c,1613
Block/Adminhtml/Quote/Create/Store/Select.php,0e4d02c5606169d2f225df7d775aed3790c15df4cd790e3bc51f5964433cd594,2378
Block/Adminhtml/Quote/History.php,9f07f8c53e3c3c87dd5965b3d7b43c6fd111be818a88d86fb110c93d7c661d36,771
Block/Adminhtml/Quote/PrintQuote/Negotiation.php,3fc6c69f22f8488970e666d776002f8bb6a4f1d7a747da783a413dfa5e510e07,2070
Block/Adminhtml/Quote/PrintQuote/StoreInformation.php,1007cb246b5c11c3d1ba29d3f2e376d30670232d764d39c4590e86c23c529d91,724
Block/Adminhtml/Quote/PrintQuote/Subtotals.php,3597088f8c806f44d4be11a1595ef2cdb7286435cec3edc32c442ae43cc259f6,692
Block/Adminhtml/Quote/View.php,5ab172c65c89323663f795f0564e89bde49edb14e6bb86ebd25178edc63cfeaf,5888
Block/Adminhtml/Quote/View/CustomerGroup.php,577ca3496540925d72289b887c797eeb871fa21659644c37dd53ee57288db8dc,5395
Block/Adminhtml/Quote/View/Errors/Grid.php,94b3dfca49d72997992899bc8dc5fa534aa398b11f37f0e473478b4f43ee6750,1896
Block/Adminhtml/Quote/View/Errors/GridContainer.php,7a59b1637cf355d862e4d6be1dbcd4431bb92b59ce7ccca5dddb2669823ca3c3,845
Block/Adminhtml/Quote/View/Info.php,4bae76354b831ef77613efaf1813fee024e292322acb61f8b213e635fee7a709,5250
Block/Adminhtml/Quote/View/Items.php,e0c418df6adfe0a33680bb7366316501c56bba3172b628d3cbda3cabe98e4eee,1616
Block/Adminhtml/Quote/View/Items/Grid.php,8b667c5b5aba888e40d7abfb14a0744aed421be67189a5ef2bde9328bc050ddb,8257
Block/Adminhtml/Quote/View/Items/SalesGrid.php,f30dcf3cb23cc17495bc8202cdce0c008d4226acbed78ff39b53df4d24c177fd,770
Block/Adminhtml/Quote/View/Shipping/Method.php,f99dfb0bd1e793599e4dd5c3ec4f74b8ed0b71a716e444130fce17a7a08aae22,6323
Block/Adminhtml/Quote/View/Sku.php,d5a1bb3eb13d29ce9e98abd827fe40bc989cf3185889264baad9226770a0d65c,1861
Block/Adminhtml/Quote/View/Totals.php,d9371e66c637f15d3079eded03d3ab5e5412a6ccbfe7b0386a55e698c2bd499b,5169
Block/Adminhtml/Quote/View/Totals/AbstractTotals.php,83c2f85520f861c5dcd67c4c5e0361c75d2d743b909a2f667b2095af2143fc2f,2401
Block/Adminhtml/Quote/View/Totals/Negotiation.php,c5195387553f6fb87ef658692d467feb39230174762c56f50cc999b499bcfce9,2630
Block/Adminhtml/Quote/View/Totals/Shipping.php,be133880134898690cc20c98c5c2c708963257fd0b258b350087fce326042922,630
Block/Adminhtml/Sales/Order/Create/Sku/Errors.php,30510ccc87d8d08de04ceed371329811f6f61b2c14170c37bf4219521c50651f,3126
Block/Checkout/LayoutProcessor.php,0ccbf9eb2995922d1851e592c4dd5716496e54f14b3f5f6c61265b0e41ea9b23,2051
Block/Checkout/Link.php,4e06a8970ebc9b0825c3ca613c4dc266aca09cac26d0a96098f13fa447956ff5,4840
Block/Customer/Account/Link/Quote.php,e78ccc9584d36001e042faa72f43c8cd1272c023243fbe3a1a353a066ea21d48,2030
Block/Link/Order.php,87abbc09ed9232ef2f9f7828f6b1396793aec5484c89c841fb4ae0208bcce8bb,802
Block/Link/Quote.php,1f3dc90609f14feb5b35901e8593ead6a8ced14ae33d457982170fa29224ec69,806
Block/Order/CreatedBy.php,433586da0bbb6b993791e793f66bf6b061759e7f4ea31906092c5c7db7e533eb,2189
Block/Order/Info/CreationInfo.php,9b8ccda28e309d3849315ed303dd542dd4a0b24680b9822a41f17c92512f873a,3202
Block/Order/Info/Quote.php,bc666d3de38923f478a5719968f145fc35d890ee57d0b7895b8343fa8dd1de1e,1509
Block/Order/OwnerFilter.php,3ff0569ce0bfb329ac897138039d9d930a175ad648951246d5592f68e2d7bca7,3413
Block/Order/Reorder.php,071600dd48ff0ba0abf29dc3b3bc1d1ec8651c71efdb3ecc54059af677fa10d0,289
Block/Quote/AbstractQuote.php,8cb53367aae20f0df09a12146522911ca672eaaee49586238336fc6d855ad668,3220
Block/Quote/Comments.php,99700fde5ec40caaab1f1252c013bd1849ae851b9882c809976647d35a078d1b,5801
Block/Quote/History.php,a96c092ce301de1e40fc26618f8afe1fb0b09315c42f6e21b84209322f569dd0,17108
Block/Quote/Info.php,1029f5ec080985810a5991d86e984e42ffc69e98231be57ddae929ecaeb159eb,11681
Block/Quote/Info/Links.php,e5d69597e329ad619a21bb890bb8e416d950c61e696ea586137dc479b5db8abc,8090
Block/Quote/Info/Order.php,4e8b5eee79b0d0583582940e794d2052285f2d20d7372afcd1e5371a64953790,2537
Block/Quote/Item/Actions/Note.php,2bd26b976b159cd6eb583fff212d76df9635edac48910543dead17879c2fb6da,1024
Block/Quote/Item/Actions/Remove.php,518c2b6ce149610d8f54739f8eec4cf26f0e9d46a3b1787e2be17ac90294fc0d,2263
Block/Quote/Items.php,572f68eac71ddc02eacdd11d1ce0a5ad94ddde1f3bc8b154eb6d380bc6bb931b,4992
Block/Quote/Link.php,e86ea6b61aeb622499bc6ac19a9b04779bc323e394ca97b38cc2e97dbe8bb2b9,213
Block/Quote/Message.php,cae80ae78833a6e87e13adc362be705b9d96cdcae562dcb3a16a4a38a931ae5e,2582
Block/Quote/PrintQuote/StoreInformation.php,6448d6fc08f118773c9ca00804d2689844f3d559709330299cd7ca0277060384,717
Block/Quote/Success.php,ae928b78a5fbd2244bac8923a575496e1465a69be682b5f93fc513aaa9da4680,648
Block/Quote/Totals.php,b71e46dda2828ff2376113892bcd4df944dc905dff97464e17a65880e4854797,10377
Block/Quote/Totals/Original.php,a214269c34e5160633970d1799305100c373a2eef0e863cc86923ec1c53ed9e6,944
Block/Quote/View.php,399ecf054b8c86faed4171ff3a4f68602724e6ef8be6fa9980616fe671078af1,1414
Block/Sku/Column/Renderer/Description.php,70b0f6326202389f11bb5a2b832b715e595a5eeabd80d7ec0026fbd684134d8a,1101
Block/System/Config/Form/Field/DefaultExpirationPeriod.php,bfc88b0a21346b7010db909bd9304ee84d3ebdf7006da5138989c38955836cb6,3390
Controller/Adminhtml/Index/Quotes.php,a3a598551a4537540846499a2cee9a2a1b1e03157cef71fee74e415d5884bca7,619
Controller/Adminhtml/Quote.php,1affc118d10076f79c82c8e8818db52f44d1873aaf1ad512fcbaa70e377697ca,4282
Controller/Adminhtml/Quote/AbstractMassAction.php,af512d7133c953c0454bf9c5ed1ded576ee7e1ac9b4792ca4041f45a8e8272d7,3208
Controller/Adminhtml/Quote/AddConfigured.php,147c49dc70a65e33d813788583431f53ce6a3381702f5318840b71ad03cd352c,2593
Controller/Adminhtml/Quote/ConfigureProductToAdd.php,490bab9ba16d388f753e342aacb644d79df5b623b8b5873ec03560c1a61170e9,4795
Controller/Adminhtml/Quote/Create/CustomerGrid.php,28284511f6bb69b9a76ea562f79978f4d79d41e7b0f6d6a5d994956b3d69aacb,1469
Controller/Adminhtml/Quote/Create/Draft.php,cad71e826e67345d38b8513d28d0c691213f29c4bc573d58095e8f923590bbfd,2360
Controller/Adminhtml/Quote/Create/Index.php,a74995e54433d057d0ccc77fdd1e7d15ee5dce14996e080bf5f0f1f09c4d6855,958
Controller/Adminhtml/Quote/Create/StoreSelect.php,5b93ea986bd329f852397c8f4c4817b6bc4580022b355e67b48cc0fd67b13aef,1906
Controller/Adminhtml/Quote/Decline.php,e9daaccc8fa005c43d508b2c8c7f61244f497c9c626335f76bc369aa88c1ccb7,1365
Controller/Adminhtml/Quote/Download.php,4778523a7cf8ecad52c04eed867059abdb0f11d83430188066ae2ad2f7599761,2014
Controller/Adminhtml/Quote/GetItemHash.php,dabeb46b98fcbe580c738386e0affbfb72094476007facc774be15939acb2e64,2566
Controller/Adminhtml/Quote/Index.php,91154d0e25222d432e90291e15c0e5b47f0984459acbc57a414de4d045c413f1,811
Controller/Adminhtml/Quote/MassDecline.php,251e10d6b1ea5901cdd51079d0b50753be5905509d3a331b15f2f021cc8265d7,2886
Controller/Adminhtml/Quote/MassDeclineCheck.php,83c37dd72c65a8abee63f47c7fd2fc622b561567f30cecafb1c36337b2a409a4,2909
Controller/Adminhtml/Quote/PrintAction.php,729cfedacf0cbf95d7e9b3c113d8013ab0320b2da20468e6db775815e94542c0,1610
Controller/Adminhtml/Quote/RemoveAllFailed.php,d4646b1db46e302b6da9f8df1d2d43530e49f48ed8e420062406c6cbd2af70d7,1987
Controller/Adminhtml/Quote/RemoveFailedSku.php,31f8c54806bc4c95618318accc0a5c872671837c5d483589c0757a6e4921b6a6,2053
Controller/Adminhtml/Quote/Save.php,91691903366485d00032dcab1f8fd2cc710b39988d10e2600b3c1efac3f47bb1,6748
Controller/Adminhtml/Quote/Send.php,a2e2828856922f3758333577f69daae00d388c3fa5b279ee9ac3590f0c2d5b95,3972
Controller/Adminhtml/Quote/ShippingMethod.php,78c58765bb2e573dbcba282b01218ac3f8bcab6b7c70bbdf701754ec78dfb143,2372
Controller/Adminhtml/Quote/Update.php,36d61bab5c766a2a27192ea005fadce0586d6d0abaa03481b18436106ca71e21,4532
Controller/Adminhtml/Quote/UpdateErrors.php,cb3cccd352ee51e8b594684e039d8e81131bcb191e31ba04c4c529557ce8ae29,2251
Controller/Adminhtml/Quote/UpdateOnOpen.php,3506d21ee3abe89cda0e4fc5cdc497ac41739b349ad6f9e22d4e8c7bdf890e9a,5745
Controller/Adminhtml/Quote/View.php,56a888fd61ce96d07b510e66d6536f3094beecd1ea30ad4e6aa37a0dff0ae5ac,3824
Controller/FileProcessor.php,c7b02ce51009cd79464dcb246426d4904f7d88c60c85cbb2171fba20f741166d,2334
Controller/Quote.php,8ed0a35084e09f42b59996a021969935205fc05b65be3f763987a81539256109,5115
Controller/Quote/CheckDiscount.php,1d641cd39c0117b815c5124f6d570cc77b8ea17edebc234d7058346a83153262,3346
Controller/Quote/Checkout.php,d458f488808964201b447ef3362f9c0ab85014297485941446ff123228b07102,4555
Controller/Quote/Close.php,062e5c137ac32d485aba4caa8152613584f1f518e4b0236cd286b48362d490fc,3609
Controller/Quote/Create.php,666546dc833a25b33f1e4ab29f1370b9b61724ce1b671334df18542a764d9242,5655
Controller/Quote/Delete.php,0f60ff8ecb1a54b92a7575e5dc86b275e274695bb6983387af3e6d90f5c49793,4585
Controller/Quote/Download.php,88f44981a89d49bad1778f01c83e723959fb01f61efd321f2edd3ca40ed6fada,2572
Controller/Quote/Index.php,076e2a5ce8f4c8faa11279a579a9bf6b6bf444affb9deadef815782afc475a95,743
Controller/Quote/ItemDelete.php,d94e78fe8b5a102ed3dbb95a4a1364cf795e06054b82df6289acc91db7d80d8f,3546
Controller/Quote/ItemNote.php,f98bcac661210655afedd8469391ad06c1f2e64f1faa175e423ecd9b170a2870,4692
Controller/Quote/ItemUpdate.php,fbb6984b7e52ecaf04108f1e4f308e18eb698bbf0111c99e6500fda64a7243f9,3862
Controller/Quote/Order.php,f045bb76bf5eb012772ca5d1625bd02a21dacd2a9063d1ddb21b7710bde8755a,1712
Controller/Quote/PrintAction.php,06967c3a4c5bfdc788fc14bd930d9e5d0117633400e856bb231ccffb41585a67,3986
Controller/Quote/Recalculate.php,406d54ef91ef410bbb8b37e96fe66ed482430bbddc8bf95fa1ebf29d214cbad5,8325
Controller/Quote/RemoveNegotiation.php,b7b03c5c573669f0314b6b98ddb5bd616963509d73c348ea60e02f53e9b8f0fc,2506
Controller/Quote/Send.php,3f47a5818f174e286fbd9c88609e4fe6d455f9f4a607dd411cb1b3d354ce59fa,4539
Controller/Quote/UpdateAddress.php,916a2e72170d08c0e3993c6e48ee901aca1dc8585fe22ca9287b2e23b3077861,4109
Controller/Quote/View.php,1103375eef501fbee1f6fac780e306458bdb43a60af7132cf5d939ceddafac4a,3851
Controller/Ui/Render.php,eabb599e1b11cb19560175b9466d3d3ecbcb33c31367d0decb4c07d39040251b,384
Cron/ExpireQuote.php,b2fed99c74b8eec60682b69bd90cb8010b069ab38ff11344504849de08f9f755,6267
Cron/SendEmails.php,1e12e96cccc703aeddd8964e20a7be0318156a94143507615f959d7e360de624,8388
CustomerData/Quote.php,3dcb0348927aa964ec4dd7101350cae1d8f6269308ffbccf0d65c54b36ae798b,770
Helper/Company.php,2bb9fd10fad2cb224ac4026f016a4c8706fd903c1a97d4da94606f02efbc79eb,2212
Helper/Config.php,2ace8335dcebc9e9c680e845e5542af25f1c74e1ac4f87e9bf7e7ac83562e136,1577
Helper/Quote.php,45c6a0944418900886c8836ee41fefdf952f2f382d8928afcd5ab5604676aaec,10821
LICENSE_EE.txt,f459a0a68660ccc9b7809f73f7c6deb22e622603754a18e866496b59db020569,30634
Model/Action/Item/Price/Update.php,65f9e262f5fb4e9f98cb5ed4b93da4174af4e04d8cbf601638fca3a47666cb4d,2736
Model/Attachment/DownloadPermission/AllowAdmin.php,27ce57758c9c8052ed3388407c252b2dd0e19911ea3e7dfd8b08c0eb681909cd,368
Model/Attachment/DownloadPermission/AllowCustomer.php,b704bea0fa9956c00f4fbb3d99050485719341eeb63c41b7d4627c35c8b0359a,2945
Model/Attachment/DownloadPermission/AllowInterface.php,daf74b4e3bd04677966323330ac49725aa0fb4ddf4b606209ce55fc0cc0b66bc,423
Model/Attachment/DownloadProvider.php,152a9eb0ffc1b89f8d1a8d1562d2ff11737a531af286082034c8f80ae5e29c80,2695
Model/Attachment/File.php,df9816eb0a1cfe7aed23a7323efe2ebbb5d3cba345805e117164f3519670ecc0,2390
Model/Attachment/UploadHandler.php,49f90cc13c0c3188981a9ad7abf8242a07c941dff5a04c348a1d2b288159033b,3845
Model/Attachment/Uploader.php,29b426ddc784a7288d2354e9abe8d6d251214665cd6cd775a4be6a4325a83214,2908
Model/AttachmentContent.php,1b453a42057a84cdc553e66c7d4e708ed04b0dc2e15ea9d36bc94476bd42ebf7,1611
Model/AttachmentContentManagement.php,9ea2937ec2fae060d5786947e7a54fe02053b10754a55ba1746f8cf8ba9fd329,4193
Model/Cart.php,97679b37258e4c81a9cf99936f6966452fb34c44e4ea3dcb229dc06f51b4b783,4902
Model/CheckoutQuoteValidator.php,bb751efe01b5ba860dc9d669087cb81ecdd9bba1d191660e4344b1a0373a4579,1228
Model/Comment.php,c5681acec3da3839690c57ab02840b6cfe53a860660f2c690a139f26a2e8e894,3726
Model/Comment/SearchProvider.php,da210006946da0d949d3df1c4b42380b329b0b953f7db923b871750029b3c477,2182
Model/CommentAttachment.php,9df1f09d246d3fc52840ad7e6767a5fdeaa6541f4683f00f26dc85be2a53ba3e,2642
Model/CommentLocator.php,6283b4ab0e80f03cf933451fd01f3facf938fe224b977363220f3fce619ed174,2619
Model/CommentManagement.php,d5a3a085b55e821d7e05d82b95b5d88cf631749341a2c1f8dcfcccd8579f9ce1,7447
Model/CommentManagementInterface.php,1b3c407705a94e2be27dbb876eddcc79a948a1b584422952cf895982d6c88b91,2108
Model/CommentRepository.php,a8a42e98caa3091f97f6c4a3c394e653f6e7c21d2e126c0b3d7b84598271963d,3637
Model/CommentRepositoryInterface.php,29de68e2a873592e6128568e33d1e89c9e0bc9f6b6abe261079be40bb8136500,1680
Model/Company/DetailsProvider.php,c99a9c6b8ee6390a39f4840c1780c28b7445320557fea7ea435ede348fd4d88f,6972
Model/CompanyQuoteConfig.php,5ffc1162bc95a39e2ec6755357ee075b427c8182410ac4ea2ab1ecfbc165b351,2481
Model/CompanyQuoteConfigManagement.php,cf538a788253cc01f6e439cd9b3b1e364793fe2c226676956030021b624e4e9c,1025
Model/CompanyQuoteConfigRepository.php,2993fa39c2dc1ea9d9e4b53549a7e96d492bb028fe7b02031381334f77085c5e,1751
Model/Config.php,3d3be48ad2b2ef081adc3bf8a5fae0f0fba87f6ab3e69b81db57ec0973885ab7,2763
Model/Config/Backend/Shipping.php,6f6a05b4f484143dfbe1bb44705001f1eee08b7a2b273a86dbd452b2c2e87fd6,2167
Model/Config/Source/Yesno.php,45009a71d6b4d114fff4341f9bfd04f55893f51a9a7666d0328d553df15563d5,413
Model/Creator.php,afcba605bfae597baeb7ddd7cf4742397ce1b474a16de0d8914126dcf4c85861,3687
Model/Customer/AddressProvider.php,2f47b0b3f88d622f8678c70c4704991d406290d88b39131868e6b3f79d63a0f9,5588
Model/Customer/RecalculationStatus.php,49eb532d7be2bf1f20043d1daff912ced2f1c3eb9ff8d3e939bf810366f8fc79,1816
Model/Customer/StoreCustomerRate.php,ded5903679c3da1298d749b308b70cf8d553c28e476a552fae74116b13b4887d,6580
Model/CustomerGroupRetriever.php,d1fe88c50a05351b2ddb691f600e37e4eac5f6f0a5ae6ff484b73f33f7620751,1922
Model/Discount/StateChanges/Applier.php,1b3ec3e9f4a8b0e125d0905c4930ffe2d52a0c5a5a72858bc8d364ff886f281b,5978
Model/Discount/StateChanges/Provider.php,e56fa4c0a3988f593f76d09cda8f78de90098103e4fea2398b7f4c34ece28447,7427
Model/Email/LinkBuilder.php,e6c0e041eeacdb1229682c40800a850de3c7784f040e77b26b9efa59eb904015,1782
Model/Email/Provider/SalesRepresentative.php,34c2b05f42c87a38381af63d8184a1e7b526c0373c74e87f185db587e34f59f8,2348
Model/Email/RecipientFactory.php,290a5fe58775fc9adb032d131a6e042368908b827d41d23d955e91be4dfdf3ae,4188
Model/Email/Sender.php,99d1a2ba8cf883a69123aa66a0bff2bf411ac21fd01087053c4a859683bafa56,10780
Model/EmailSenderInterface.php,55adca38717c314753e387f1d104e4f4427e18656e15787e49c1262cadd935ab,1046
Model/Expiration.php,dc2a13f39100cac778c9ad7889f184d5ae2e853938900f80d113bdc3607a8391,4458
Model/Expired/MerchantNotifier.php,590c7b3a7dadd4911166f683f2a8581d9810eb1249c9abaf4d9747021a0b6895,2157
Model/Expired/Provider/ExpiredQuoteList.php,984b7068dffddebe37d60897b27bfca832c06b495581147deba77e3398b4bc92,3457
Model/GetFormattedQuoteItemData.php,92a3a096105e1327f1fbd7e1a91091ffb67ca8ff5fb802ed773bebef27b32c73,2851
Model/History.php,6998525d316a6aff9e530ac74aab8198adfd880d2230996fb826eb7dfc3513de,3760
Model/History/CriteriaBuilder.php,74c6fdb1c51e6a76618eb3a8cff99bff06c5ca89ab4269a15e5fb01a051f8a5f,3548
Model/History/DiffProcessor.php,edc2b6cab79b480a81a82619a6b7133bb03200cf62990616e4f95f126192e0f8,13199
Model/History/LogCommentsInformation.php,39ab02b739375e2a96cff1f7d669244b69a48ef290cf69b053d97edbf164159a,3315
Model/History/LogInformation.php,f2cba9e57a5fe46dd8bd9b17ac0283faf7cda6e6b9ce42a7c9119174dee0c288,4398
Model/History/LogItemNotesInformation.php,61e2326bf5bb3c7c0457e6865164ee1426a03c80332023dcdeeb8c30e4ca2b27,1137
Model/History/LogProductInformation.php,fbfa0417a819c7d52340e9b2f3b72dbe38339f28ead1b38e1bccfc493191252d,3576
Model/History/SnapshotInformationManagement.php,0f6050996ab2d43b8a607bb26deae5031adfa97abbe3f2683d9243008fe68cb7,13304
Model/History/SnapshotManagement.php,0b83fb11e47a3492b69f6935949bb74b10762ece6d8902aacb0874682fd026cc,5407
Model/History/Validator.php,b714584d46f31254a7df6e284a93cc67f73f23539098509e2fde1e3e850b6eb7,918
Model/HistoryManagement.php,8271df5cf14593336092e53b71cd22b08d53f33e5e55dd4c389c8d6f066b5044,16410
Model/HistoryManagementInterface.php,06ee2c4342886ddab9e82598f1c0af22bf0d245e2b7651e71d51840fb1060720,2452
Model/HistoryRepository.php,6d5ae5a1649e94419b7c3751a81fdf03a6aea1c2341fcd488fde6d259042585b,4762
Model/HistoryRepositoryInterface.php,8bf0a9f243b44685cff2d19965f1fd839475e596819f5218c7b6bd4ba3714d4f,1557
Model/ItemNote.php,e6ba5532430e2b6ccf31e7c178d1471296710d6b6c27faa5f685a18239a5c003,3093
Model/ItemNote/AddItemNote.php,72578584c2b88c44851c12193c4897d831e68abc9ab2a019d7797911aaeffe2d,1921
Model/ItemNote/CriteriaBuilder.php,424447622d00a86e4d67f59f0959034d5bff67bd6486015b2b059d15889d1983,2318
Model/ItemNote/ItemNoteSearchProvider.php,cabcad8ca1d35a036242a3b149646d23e1c50d2410a186e2f893085600393eff,1909
Model/ItemNote/MoveItemNotesToClonedItems.php,6eddc187aa4998f4c1517471a14b0279f87c1221ab19577dc8c25d365e3cdbb2,4179
Model/ItemNote/UpdateItemInHistoryLog.php,a958ddfc8741739e0f0940d67bb0bd7ab2a105084b72bfb69d8d37dd5734d344,3255
Model/ItemNoteRepository.php,8b279fb5c8b9350e128ba81a1f1b8e725b08eb754819157efd75e5689fe79335,3037
Model/ItemNoteSearchResults.php,d23190f5d4f258f739e6e0abcb58adf4f77fa96b875367097d19d051d93c8afd,449
Model/Merger.php,be053b5932b6b8b03f175ffe245c6842f37b697f09c05d4ef8ef5f967c5c7140,1670
Model/NegotiableCartRepository.php,036cb8365820b6558c2c05040e7a2435080de913fcb2a22e75a53ef616b574e5,2009
Model/NegotiableItem/AddNegotiatedItemNote.php,6fbd0bd08c4bdd8b48bae74b537c62fdfa8efafee21ddeb46a88a1a3551f8d5f,6156
Model/NegotiableItem/AddNegotiatedPriceInfo.php,7a3211e44ad7c2462ec67ba5fbade17dee5682e8afbde945a9b192b44a3fdf07,3167
Model/NegotiableItem/GetNegotiatedPrice.php,27f2d70dd6c2ac61a61b313d16f9a88d95cd7784901bd623588c949a6dd7e4fe,3919
Model/NegotiableQuote.php,44655ab3fc33d5963916d05d7049a1e2a2f7a6ca76fcd628c9223df7e5fffba8,7798
Model/NegotiableQuote/HasItemWithNegotiablePrice.php,2dd056a092b2010a4f125ff8083730c3736169ab2f15a67796341ae529c4efd2,975
Model/NegotiableQuoteAttributeLoader.php,47645f7ae0d0877dee124ff81bea8c69d426eb06df269f9e0b934623a57d3ab6,2503
Model/NegotiableQuoteConfigProvider.php,ee46940157b0114fa622c673df8edec10fae1672209ec88ba9ca4e05471b306c,10489
Model/NegotiableQuoteConverter.php,2f962d62afeaa5978eb5bddcd0769e4df211ff46a85a46ac38b7e5f3b034c501,11181
Model/NegotiableQuoteDraftManagement.php,43bfbd00bb423150c8681d60f91b9cccfb6ca5301efeff6fc9ff62ebe6b52863,3304
Model/NegotiableQuoteItem.php,40233bc56fcb05c49e36abe03202917f5726d34d5960d596b2e146737b654778,2304
Model/NegotiableQuoteItemManagement.php,fd1638644b89de418d1aa0651646f8133c413a4b069aef62c6a98823bd158a6f,23897
Model/NegotiableQuoteItemRepository.php,e381237ba900978a2246aed41f8c1f24c895cb9a399646788e7e91cba2128309,1678
Model/NegotiableQuoteItemTotals.php,c31ee15856bc5db0392bdf0379a72900d63d66acd7045e2b885eb8163d8c0d26,2456
Model/NegotiableQuoteManagement.php,80c9c758a2b69386f1f33d6e664e3533c614155710509c6920da9beecbad8af3,24311
Model/NegotiableQuoteManagement/NotificationDecorator.php,08f71dd24b2ce7324e456a704a249b50f3da2ab2f8acaf9781b30dbe0bbc55c9,6107
Model/NegotiableQuotePriceManagement.php,69dcc4a26b68a56291209da3f55e549d4a098396804a7db601adf39db98302e9,6540
Model/NegotiableQuoteRepository.php,a256b279dcbf70909aa04a383d704f89a9e84d80debd1d9a87235d85df706a3f,7396
Model/NegotiableQuoteShippingManagement.php,384a64389a6ca31d9dc2819e5e8c304814e127a86ddd8f0ed7cc3d6ae7cf61af,6835
Model/NegotiableQuoteTaxRecalculate.php,01e78e0ac6713eaa062f0de70f5f9d3af615e373c5f6a7bffe31bf9d2dafe28c,3920
Model/NegotiableQuoteTotals.php,00e17b78c9f37e8b533f3b20ab01e2ba20b493553177316669e46c777cefcc0a,2723
Model/OperationBuilder.php,7bb0ac65701172fa962db2421f67ea692f6a967814b31d0734da30a8e42bb374,1673
Model/Plugin/Checkout/Model/DefaultConfigProviderPlugin.php,00f7191451ab48a151eeca12683a4e3743162d9c294998f989025b08ecf5a4ba,1550
Model/Plugin/Checkout/Model/SessionPlugin.php,3e25e4db9edf438eed5d66f1ff8532e920ad93ec4a3997bcdfabe5fc84f108f4,3172
Model/Plugin/Company/Model/Company.php,a4e265b081306bfebc8987af309bca758b6b8e9ee302d3a87c4d9043691c0710,1046
Model/Plugin/Company/Model/DataProvider.php,fb7f3b80c1729a896748162ec5ea92bdc08be433cfb694d9164a027e8e8c9b1b,1462
Model/Plugin/Customer/Model/CustomerRepository.php,e5b56e0abb75e79c28695d65f74fe34e795778f816505aec27c03755c9ac039d,4276
Model/Plugin/Quote/Model/LoadHandlerPlugin.php,7f1a9e79dd429c8db4e931e745e41a2ec48c383c4e97261bba74348f99c729c0,1665
Model/Plugin/Quote/Model/Quote/AddressPlugin.php,ef73c7f91e198aef269b80cfbdc1d2c9e90060237561fded189c23a495396eb4,2796
Model/Plugin/Quote/Model/QuoteRepositoryPlugin.php,d86f30f5bf5781e886b58e83fec074c03bd1fba8e2aff9aa78cb7ee653888e98,11148
Model/Plugin/Quote/Model/ShippingAssignmentPersisterPlugin.php,ecd6436cff989baed42b493dbac82343bc683d2f88f8bd026fcc2e3c3d411b81,1433
Model/Plugin/User/Model/User.php,787604197480c97656b773d583499429ffdb5c938029fd6249529a236ea88ad0,4939
Model/PriceChecker.php,69cd59b9680eca5e151b8d4f382df1cb492ba7fbff3999535b03121d6304f607,16347
Model/PriceCurrency.php,9483027932c87be00e9fc030bfa664c5c7248de1125896bbe624875dca4666e9,3060
Model/PriceFormatter.php,6eb8c974195711e9b9434c760f8af2ed7af338ac731b7d0bfc99426249cd3f53,8384
Model/ProductOptionsProvider.php,c44a46ab193a2befb413385df097c647f6e58c1afc54c44d40e3d7e8c46edb5a,1375
Model/ProductOptionsProviderInterface.php,458a79d05dc79a7a609dfde677d5e34b97f141e1b91b06e5593381eb76e6dd6d,618
Model/Purged/Extractor.php,a257114513c90e72baa2d95a59bc8954d9d4b74f75274822c80ddbdb02f1f1ea,3475
Model/Purged/Handler.php,b4066658f9e7fee73ebc46bf436ee891aba25d2d4614bbbfa99abc3349039178,3128
Model/Purged/Provider.php,236495e3daba364b06274ee182fef361dbf1eba739eaa4817b296bb42a47854a,3266
Model/PurgedContent.php,29e04bde91560edd6672761a9ffa0238c7fcb8c43c1565da52306e5114f6c3c0,1670
Model/Query/GetList.php,5b37ef9c25032706c481bf88933a377e9ca55a6b83564c661ab5f629a7fac4e0,5472
Model/Quote/Address.php,f1ea48bdfb112e056d0a03b54249d1e6cc6f3fcf54dca811685a222a77745ac3,10093
Model/Quote/Currency.php,2fe93957d901c61b5222ccf4fc1fc3fbdda34e85020fafd2a4f56f8fe5449849,6822
Model/Quote/History.php,a2b557ef6beacf6f913da6d0c8fbd867920fefe54766b85388fbca337a329e20,6422
Model/Quote/Item/GetItemOptions.php,ed8298faf7f87974a02c2a3d83f3f5dad5fe119e6bcbeee525e2b8cbeb88c457,1659
Model/Quote/ItemRemove.php,60da9d78c408b3014910695428a57b67c280075f46492b15d583e9f81fe92f54,6955
Model/Quote/Source/Status.php,f48aa8e82171dec513d35d555281877caf412f2b5376f145e61a4eb4be77bdda,956
Model/Quote/Totals.php,261c71fb7934b708385257b9a968486cf5e3426182ff856f6855b4a1b14e1b24,15329
Model/Quote/ViewAccess.php,cbddf5ba706e431b0419f4de2fe907c286fe55571887db40ca131543b93910bc,2275
Model/Quote/ViewAccessInterface.php,a9dc6f5216cbfae594e5f17d197b6a4af5a007d2320301d5599e07c1912a0998,595
Model/QuoteItemHashHandler.php,d117c7ed3bb6ba5250cc42ba92e717bcd368ce0162773ff14b9b2958d46ef53a,1088
Model/QuoteItemsUpdater.php,d7770e9bdf6b8033d877887517319f2087b557c0a9324e45a7c97d099d4f6fc4,12246
Model/QuoteUpdater.php,094a06c0d9a5cb56dfc2f5b2ca2ea5be84307e99ce8eaed13f066c8282b00566,15728
Model/QuoteUpdatesInfo.php,8bf9f1e167b49325b00e19986aed8b1b829b987a3d5e24aafac9005cbe529b84,4514
Model/QuoteUpdatesInfo/ProductOptions.php,4829893ae3873a36b3d5adff2e7e4c035ac7a39dafca5a04203648ab9e6fbade,1679
Model/QuoteUpdatesInfoProvider/ItemProvider/Catalog.php,8be4db113c569f759ab76ce466e9219ec64fdf8e477e656a02fbb3adf40662d3,2628
Model/QuoteUpdatesInfoProvider/ItemProvider/Notes.php,fff8d132e52695a398f6af122459dc2dfe6d763c82ee59f901e629e953ebb510,6615
Model/QuoteUpdatesInfoProvider/ItemProvider/ProviderInterface.php,55ce1e80bf80890bd89d6bff4778c3f0064f377b776d923cd5969f9971805e9a,658
Model/QuoteUpdatesInfoProvider/ItemProvider/Totals.php,cbaecfa3095ccc95852b318b8723e7fcb717b4e6bb35d82798f9741e46785d6b,6602
Model/QuoteUpdatesInfoProvider/Items.php,2d338cf1be25fae5819b94c1c0eb894edc05f9e253e78119bd2bdc901037759a,2313
Model/QuoteUpdatesInfoProvider/ProviderInterface.php,4280225a80c34bc88a1114c3b5ca88c3497e0542d854a48dc84930b021acdc6b,572
Model/QuoteUpdatesInfoProvider/Totals.php,fe1859a8a4f7c2230d07fa92f1c305d21c8409c954a2e0fbe7a08aa4b99c0d1f,5930
Model/ResourceModel/Comment.php,2b9f0061ff3b71a42c29808d3f82daed42d948b89a21a2e796da2fbe440ffed1,1487
Model/ResourceModel/Comment/Collection.php,100e3e0dbfa9971ce21d183c9bd51e10927a7500e992567dfd4a7a1577a3df0e,607
Model/ResourceModel/CommentAttachment.php,37bc5bac0b1e5767fecdc0ac754dbacab08d49c0800e4970206fff0bae660193,707
Model/ResourceModel/CommentAttachment/Collection.php,3d7af0abfeaa1ffdcfed6518d78bc8f9337fbaed6e976145d1a88d650b717a54,637
Model/ResourceModel/CompanyQuoteConfig.php,14b4d4d91e91fe63fea272b3a790183e39288207223ac38e0a1fe817c3a8a307,768
Model/ResourceModel/Customer/Collection.php,0b307df70023ca27dfd026f7a5474423d8f100c6cc67b03d23880b9a80b540e6,5248
Model/ResourceModel/History.php,a7fbb052ace2554c07193a49f77374ec694ce972cf2e40c0c312f0bac3d6d182,2563
Model/ResourceModel/History/Collection.php,e8f69823fb72d9e187a9920bb3cd679862395ca7f2d3a966c6efe2b74ebdbb8d,607
Model/ResourceModel/ItemNote.php,98ffad4f6e1aeea57b29e83cd225ea8483bd2f8f557183bdbd56fc6d8382a255,2202
Model/ResourceModel/ItemNote/Collection.php,b8a77a841ec3ed85f4f81d4de6ebf25611cd8fa4331915cd84b4b47991028091,608
Model/ResourceModel/NegotiableQuote.php,fa276aaf45e53bb47d2d9eede1c114fef7c1efb400beda6696d21e6b51ae2506,2634
Model/ResourceModel/NegotiableQuoteItem.php,f954a12e57cb2ffc68e2e6a873e8827758efce706b7145ce7c65ca99dced4c0a,3870
Model/ResourceModel/NegotiableQuotePrice/Consumer.php,2c322a84bc4fec174daec6dfe3f6d34167b86f15687ccb8246b1498f2181eb78,2622
Model/ResourceModel/NegotiableQuotePrice/ScheduleBulk.php,86872cd0a71afe7984482ea1474b2b60046f4782ac7d1dc800fafacf2bf42105,2980
Model/ResourceModel/PurgedContent.php,db5a9e0d1101e253cc2ecf094bfb9515117e27dff5c8adef0f751005520d5d08,691
Model/ResourceModel/Quote/Collection.php,8fcc09d506aeaef357e7ff101318693c039f962785a4184624e7ae8ee0145348,355
Model/ResourceModel/QuoteGrid.php,5cf9e0f079e84899078b00eeed1838a1cc9c0a2b08fa406b20b1980f76f97178,12126
Model/ResourceModel/QuoteGridInterface.php,d7cc4165f721966ed7ca95e69f709cdbac0c013bc6e4433ae29a2b2cb54a7669,972
Model/ResourceModel/Sku/Errors/Grid/Collection.php,7ac043dffa551dd3916e87539d259ac64bae490c69eee004254145573d229603,4576
Model/Restriction/AbstractRestriction.php,925da5d1b6e2387b690eb049246a4eb87c616647f4a1d16d7260a1fd6cc223d2,6470
Model/Restriction/Admin.php,9b196ca500773d253e38a1048f9eacd2742213f9ce3d4c9e1b6410f85a9f6962,1623
Model/Restriction/Customer.php,900055d24fec6756b69216fb80b91c58fe2d709e7186268e105c7a5e9bcc2847,3191
Model/Restriction/RestrictionInterface.php,b320794add1a7d597a31da2e64b4a5a64f1fe8aef0bc341e521185780e5e040d,2637
Model/Restriction/RestrictionInterfaceFactory.php,07481552bf20cc05ff27ddd49113887279509d99ac1c7e782ca539d97f159f75,1405
Model/Restriction/UserTypeRestriction.php,ebbd1746e33be70613d32547e7b52fb560aff4ed7b05f9a4c3db84a7b0c525cb,4081
Model/RuleChecker.php,f312f37a19362fb6c11f028e886d18fd92c3763815f95642c0746e2cbcba8af3,6436
Model/SettingsProvider.php,82cf176f8edf1e9c029a63e332a052cef0531c7b2776c7daa0df8876bf769902,3909
Model/Status/AbstractLabelProvider.php,797a8a473764c67dc3d5c1e302085a85289266258b34aeac551b43e0ecbed54d,1863
Model/Status/BackendLabelProvider.php,76279e2b7cfa054b89a0ac457a636b0df47369475382c5fc622b5f7336dbc051,4073
Model/Status/FrontendLabelProvider.php,08653f914082be1318227af2d6ed5382614a7f4e385adb21178bb6b94d1386b1,3692
Model/Status/LabelProviderInterface.php,f9478dfd13d40472a9772391552a0257146bd853d3b67e31151ad7bb416d6425,1214
Model/Validator/CheckoutStatus.php,cc483b7ec80bcac03e7bd3e4ace5ecd74817ad44bb4cb4c02cd3845eb987cf54,1705
Model/Validator/CloseStatus.php,d0d6bdace63f08347a3f93ca3bc433ec9bf3652878da0074e7ee3610c846a318,1655
Model/Validator/Company.php,c293f8078bb71f16f525162a186feecf43cc444f6feeec9546dc5bcfe702749a,2239
Model/Validator/Creator.php,96b16682036954db13b413aecd59db61c41b5ed51a7f8dacd6ab41c7e8ffc1aa,3999
Model/Validator/Customer.php,e0375cdeb1a82af981fa199b297e25170ddecbfadb7afc04965031e9950dc73e,4574
Model/Validator/DeclineStatus.php,d11b585c6aa9bbbf655f1e6900bbef8fd674909429265363fa42227516ccd42d,1663
Model/Validator/EditStatus.php,8cabe75dbd310be833ea8e4244236539acaebf090b75bd329e8eee1a62d1153f,1704
Model/Validator/ExpirationDate.php,4872b0da2c9ff8e963856cc6523ada71ed7c7d02faa900e1bea440224f2df063,4260
Model/Validator/Files.php,95f7f403354169e45b40bc6f2f06e5ea4842ecc3fd95d986033256f441326f20,3614
Model/Validator/Message/Argument/Company.php,4433a4c4d03ab1aeed4b331e427802537ba8de1c0c05861cf4c9d816c3b76a76,1982
Model/Validator/Message/Argument/Customer.php,1f1d54f0dd492003624d777a02a84ee8cde21c744a09c26a5340277f9565de59,1924
Model/Validator/Message/Argument/Website.php,797b28287d636d5e9824d50f7f504774765cae99f5c048c5c4c9fc283172e781,2113
Model/Validator/Message/MessageProcessor.php,bf979653b453436fe655dcbe932859b2c8bc1d000df16854bcb8e27386f6975b,2151
Model/Validator/Message/Resolver.php,da35fe1fbc9394339382530c54dfd223116db415c90407b8390a320274519186,892
Model/Validator/NegotiablePrice.php,fbf7210218288053550872e5e919545dd368ea9093f8b659291864d9bd5d38e6,7984
Model/Validator/NegotiableStatusChange.php,cb7907ee154e2c2ec7732d2012069daf07eecefe7e63c88cef82fc5cc98e8fb6,6064
Model/Validator/NewQuote.php,128b1879773238b09b6397343cf8da32d01b9943ca1273a05ea7c80da4f94bb0,1559
Model/Validator/QuoteTotals.php,1d7a45b5b15e340aa59fe896f9761ac3d472aff4b072a8f919e6d048f5c69010,2133
Model/Validator/QuoteTotalsDraftByAdmin.php,e4a22a66e1a4f22dff45237366cf54cbe7fd8f3fc571453511d045c645284a0d,980
Model/Validator/SendStatus.php,b2927fdd16e1d6fe73572b1ed917630bd039e80bcc5b90b95a7b5e21cd0b8adf,1729
Model/Validator/Validator.php,1aab8089cf120012c1977a9fbf36a8dfc1ec30e92bd3009ac37be372ccbdbe6f,2060
Model/Validator/ValidatorInterface.php,5f76008cbbf2147cf945b45252a29535c84181dfdb93dac50c1b33de631022fa,456
Model/Validator/ValidatorResult.php,e312863e19a187b184e18be7a8438f6e6b3f8617cd21876821f5f8ac5fa813ad,984
Model/Validator/Website.php,49e59965af57b5b2a3449f87c3666019b633b479bf486764ab8f12e0bea313ac,3013
Model/Webapi/Checkout/PaymentInformationManagement.php,4c266e80dc03df1a7abd001ff0733a963264900e76d72c77fb51226047a1806d,2155
Model/Webapi/Checkout/ShippingInformationManagement.php,8587a1acef3b4b9fc94b8c6a1f7684655185b01e6a5e046cd99b6079404d387f,4644
Model/Webapi/CustomerCartValidator.php,94eb687b9433ccc0e5d3d6cb17fc2992d07cc0c44ae1aa1626f3871435835551,2107
Model/Webapi/GiftCardAccount/GiftCardAccountManagement.php,634b38f23def790feb7117a18f5f00e7446e8b39d65ce5253b284a4a115893fd,1674
Model/Webapi/Quote/BillingAddressManagement.php,3b9a15697e524b70f12ee84ffa92603eb11dabdc41c31d4d9f418974e03901e2,4359
Model/Webapi/Quote/CartTotalRepository.php,c8540b61695dd6f219644dffd866b8257163bc2125b84f2fdfee5c1b418c4824,1214
Model/Webapi/Quote/CouponManagement.php,19937b249abd70463c228e82974dc78194f8e3232bf9c102281b2c44f70f43ae,1408
Model/Webapi/Quote/ShipmentEstimation.php,9033d591f85524e4416ccd8c11e309c8d96a6e5a36b24091b9054cc70dfd2bae,1333
Model/Webapi/Quote/ShippingMethodManagement.php,8f8a0f3c7033020b268cb83dce33e193b5c1ac577af8df5c2199be5bef013f97,1460
Observer/AfterOriginalShippingAddressChangedObserver.php,05fcbbd20df3875a27f528f56098d39590945f8211348838ddd86610f98bf475,1350
Observer/QuoteChangeGroup.php,c123649a99a6c67c6032b28d5ba76392dc54010ae08ace7288e911dc5d4764ad,2538
Observer/TaxConfigNotificationSaveAfter.php,759ef95d5739563af32146de6861c4fae6bb92b40070297d1737726c79088bc1,1081
Observer/UpdateConfig.php,22ec8cb61c4a200f14f814c7e95f6d2881a313732ab5a87b4915c776d3469ca6,3061
Plugin/AdvancedCheckout/Model/CartPlugin.php,3f5ff5b3c6db233ff43a28a11f83dfeb5dccc425c5c68c34b625fef4b62b913d,1017
Plugin/Checkout/Controller/Index/IndexPlugin.php,5708c79c1902c733793a6a16b5f204dfde0f3d4dbb523aaf2fea29dbc973f763,3626
Plugin/Company/Api/CompanyRepositoryInterfacePlugin.php,2802bf63d30a91ea2108757b0d3807531704a76e00333c45e71b35a42842122d,5126
Plugin/Company/Controller/Adminhtml/Index/SavePlugin.php,e9a58dded09eeef767d33c0bf93772f4101f910a2df62b6cea3ecb597cca1701,1779
Plugin/Company/Model/StructurePlugin.php,2adf41aa7097d1f66e4400731537f33491cba0cae9f51c5c60ec7ba79d0c4a50,2261
Plugin/Customer/Block/Address/EditPlugin.php,4a5cd30e0e1abbf834316da81cb524ea6a6a77fee594009bee5875ffa8243d26,1078
Plugin/Customer/Controller/Address/FormPostPlugin.php,9792fe982464ff9c8f16ec6543275c96bc817e9492c82b2f5d783d434f987073,1461
Plugin/Customer/SaveAddressPlugin.php,bac8b7b701e5d0bcabb29924a10fad9c266dbf6dc60e178cc10078e07592bf42,3128
Plugin/Quote/Api/CartItemRepository/Rest/SetItemDataInResponsePlugin.php,3332a2008dee222158feed3c10c4efdf78944be7f3c986bebec80abcad96a7cf,1742
Plugin/Quote/Api/CartItemRepository/ValidateNegotiablePricePlugin.php,4b4fe31b36e80cbf2af8182f2f0309624ed601ce514603b8aadf29f03a763433,6122
Plugin/Quote/Api/JoinNegotiableQuoteTotalsPlugin.php,3b9351747518f36fa96b52a40c087cd101007084b3ee341f64db9a4a038ab6e6,9823
Plugin/Quote/Api/ModifyNegotiableQuotePlugin.php,3b1be9f1c2d3c708080cf6516ef807fa33d98e7ad6cdc8a40c8d2850ed60daef,9576
Plugin/Quote/Api/NegotiableQuoteRecalculate.php,20c0468212ba198680ce68d9ba24e421e53ca29ec71819d435fb184d325aa2e4,4837
Plugin/Quote/Api/ProcessNegotiableQuotePlugin.php,f9fd7e1e5b85859c5a2e1165ef6545cfa8c9eb56dbdbcdbabde07c8edd5cb806,5917
Plugin/Quote/Model/Cart/Totals/ItemConverterPlugin.php,0adb883c1687c02bc339b39449318bb6c6168e8b419c7ab080bbb69496f2770b,999
Plugin/Quote/Model/QuoteAddressValidatorPlugin.php,28f9e9a8200033340694e7a20109e01f1933565a1e5a7a88d09e5a8a6ef89ded,1473
Plugin/Quote/Model/QuoteAdminhtmlPlugin.php,c5843151ac336f647d6d573ba231670dd3b5397b7acfe3f43a8dd13a9b656c8c,3372
Plugin/Quote/Model/QuoteItemConsumerPlugin.php,a9eeafc8c1f66b9a130a6bfb2d758b932de8105731b08875ed0b80468ffa2424,1350
Plugin/Quote/Model/QuoteItemPlugin.php,cc7fdfac9f9a8c5f7de3c0463e6178180e892192e37047102350fda6a12abc25,1203
Plugin/Quote/Model/QuotePlugin.php,27f204f9ea53a0dde8dd1b9736c2b2a4ea1746a4e1f92149feb4da54f15dde81,5535
Plugin/Quote/Model/QuoteRecalculate.php,b59a4f2f9ad50fbeb609d52bc1fab96bcde6077ce6bf228bdaab3137fe18d918,3405
Plugin/Quote/Model/QuoteUpdateValidator.php,acaae5e8a9d7eea00756818c262425d1b1f9acc72641977161804be5f97e29c1,8636
Plugin/Quote/Model/ResourceModel/Quote/Item/CollectionPlugin.php,74cc2dcb69b2ffa97755afc3883769eb299de477e8d7aacacb3012aae36cf2a7,1920
Plugin/Quote/Model/UpdateShippingMethodPlugin.php,4bb71b47c58907329aeb373e28286ba2da55765ac620bba08698b90df768955d,3630
Plugin/Sales/Block/Order/HistoryPlugin.php,42016156fce3b2c6d4fc896e85d49bac7b534817b385505ff0f67235d62ed089,2552
Plugin/Sales/Block/Order/Info/CreationInfoPlugin.php,dc9cef2b30e391fc8f82eb0c1d3c01162c64628570e3715d6f4ae3412e4cf6bd,2496
Plugin/Sales/Controller/Order/ReorderPlugin.php,b9210db0ec3ad800b4e5e8d99ce6628dfc13080d9a6724a2b6fafe6960850cc3,10574
Plugin/Sales/ExpiredQuotesCollectionPlugin.php,483197ff8c0c74d0cca445d21b6ee18b5b991de65c78127ebc4b08911758443e,1330
Plugin/Sales/Helper/Reorder/AllowSpecificProductsPlugin.php,2ae16a79b581a3b4cf9ad2b01e04c55296c43157e69232dfeac4bdbfd41127a3,1984
Plugin/Sales/Helper/Reorder/CompanyUserLimitationsPlugin.php,752d68b04b59ebac197adee8cb4b73108d9c3e09a9459e6ccf8d1a8f0fecfb74,1855
Plugin/Sales/Model/Order/ForceNegotiableQuoteRulesPlugin.php,d1959145083dab5fab560d69f8f164a4805901c1fe85d52da126afffa222ba5d,2782
README.md,49ff187ffa58d1f5d16201fdfb2af5e72bcf998ed37bc78a984da0bfae5b95a5,3409
Setup/Patch/Data/ConvertValuesFromSerializeToJson.php,5e41d5fcbcbf82e1a34cf5e792be6b4be58d8b05c71c2b1c94ab52b7f980fa90,3062
Setup/Patch/Data/WishlistDataCleanUp.php,9b55985fa976e01f6659a6778eed3f604aad15cb18485e3d404651a015b43d08,5241
Test/Fixture/ApplyQuoteConfigForCompany.php,7c82a9fbbc21741754b881378a8bc2b7150993efef0ab3ea2de16eb716f4076e,1330
Test/Fixture/DraftByAdminNegotiableQuote.php,7b7f2fd1171b4645d3caef689b93beb9a79eb44b35b02011bcdc86b13f36ffbd,5368
Test/Fixture/NegotiableQuote.php,2ed05e18fc75ebb6a56b02374b73814cd1642c748ddfdf8069a6b4c752cf8b32,9028
Test/Fixture/NegotiableQuoteItemDiscount.php,7a949c0a3e56512581c52b95abebd38cc142b8d3126926b63ef10596cb9acc6e,1633
Test/Fixture/NegotiableQuoteItemNote.php,1422da611bea14fc1068153466f2960a15776c59daa358c1aa4e571932d79072,1480
Test/Fixture/QuoteIdMask.php,0e68485fae4ebd02dcb529f2c84597582434df502036b437764dae0b4d98fc70,1821
Test/Mftf/ActionGroup/AdminAddProductToQuoteActionGroup.xml,20da163bec23bb8c4bdcf9984b26dca8ab73efb94f1924a6fb8ee5957114e161,1666
Test/Mftf/ActionGroup/AdminAddTwoProductsToQuoteActionGroup.xml,b6630bdbb571183ac048a9bf2f630d4454c1c89819398c1ea6014ef253916f3b,1706
Test/Mftf/ActionGroup/AdminAssertItemSellerNoteInGridActionGroup.xml,77a32e9fb53cf90dc0eb39dd483b28738ff1248a45801fc5c1d7c24f5e96f5fc,838
Test/Mftf/ActionGroup/AdminAssertNegotiableQuoteHistoryActionGroup.xml,b6d69c31efe9e6a288cd8d3f86f49ff082db8fcdf28b449ff62e2d3f754812ba,2256
Test/Mftf/ActionGroup/AdminAssertProductInItemNotesPopupActionGroup.xml,65b76c4be0317b0cdee298df5f6418a7a3dcb442697e9dbab51d62f5cdc93486,1522
Test/Mftf/ActionGroup/AdminAssertProductInQuoteActionGroup/AdminAssertBundleProductInQuoteActionGroup.xml,5080593e287bc3bed62f238f9322a2d3230d125e7227e4fabb4a1c478d321399,1035
Test/Mftf/ActionGroup/AdminAssertProductInQuoteActionGroup/AdminAssertProductInQuoteActionGroup.xml,549a2437300081e48f7d94cb5681fff3c8b779355c0487f977cb6ee8f37d007f,1274
Test/Mftf/ActionGroup/AdminChangeNegotiableQuoteExpirationDateActionGroup.xml,e4526b1a03e0a2fc018e2b31e27cf4c8da7aa15bd58528e93b521f909e94580c,961
Test/Mftf/ActionGroup/AdminChangeNegotiableQuoteNameActionGroup.xml,793198855ea961194781916e6a18f389483b4c7bcfe909d9da3f41a6a7c4162e,1068
Test/Mftf/ActionGroup/AdminClickCreateNegotiableQuoteOnCustomerEditPageActionGroup.xml,a5b34a64f53e461e28a7b1bf0fa360c3f68ca10eec0c2b0a77cb9c91ac28edb7,879
Test/Mftf/ActionGroup/AdminClickCreateNegotiableQuoteOnQuoteGridPageActionGroup.xml,44e39e638e1f4092fd90dd3d0f729180123942976d5a8aaac9039120ecb8e567,861
Test/Mftf/ActionGroup/AdminConfigureBundleProductInQuoteActionGroup.xml,7c43677eb2d7516f038db667a1bf0e862d657219abd068e25d1d07edf5416a1e,1719
Test/Mftf/ActionGroup/AdminConfigureGroupedProductInQuoteActionGroup.xml,c15adefb5ef99cfe14b9a74f695e8e65eea7cc5d8e06d6e884d94ca94bb7222c,1882
Test/Mftf/ActionGroup/AdminCreateQuoteCustomerGridSelectCustomerByEmailActionGroup.xml,4cc04967a01d8c64614875e251d801d328241ff36e2401ea61cafc47a6721e54,1011
Test/Mftf/ActionGroup/AdminCreateStoreViewWithSpecifiedStatusActionGroup.xml,d51cb7f9ac4102e9b20ffc68ab938af4892d4f8d992290781492231f44ea7eb1,766
Test/Mftf/ActionGroup/AdminDisableB2BQuoteConfigurationActionGroup.xml,94c34fef7c233a2020642d0f459bf4e802c6a54dbb5a145d3a2ddf6ec12a80b7,911
Test/Mftf/ActionGroup/AdminEnableB2BQuoteConfigurationActionGroup.xml,510cbae8b487aa11f0278e6b005a24e3f63ada6a02eaa56029e0708ea31ebd9a,905
Test/Mftf/ActionGroup/AdminFilterQuoteByCompanyNameActionGroup.xml,5a89a7ba2d9c68893a1a27e32cb621a33cd39215c8289165add80758f1de9104,1551
Test/Mftf/ActionGroup/AdminGoToExpandedB2BConfigPageActionGroup.xml,2225b87bfd1b4fce7d9712384731e5366872f642afcd98ba22902457a5bba522,974
Test/Mftf/ActionGroup/AdminGoToViewQuotePageActionGroup.xml,c5d7cd01d085846ba5f5ee8c6b682e2b7f5d83e0d1274288471dee3cce006632,928
Test/Mftf/ActionGroup/AdminNavigateToNewOrderPageExistingCustomerActionGroup.xml,f03bdefe6c9cc28cc95dcd7a7a08b9998951cc31541702669f17002008ada3be,1889
Test/Mftf/ActionGroup/AdminNavigateToQuoteDetailsFromCustomerEditPageActionGroup.xml,bd3b4cd9931559dd285ebe1bf0c8ff163d27856d61ceadaf5c0eddde4a74b73b,1315
Test/Mftf/ActionGroup/AdminNegotiableQuoteSelectShippingMethodActionGroup.xml,b29d8df99e56576aff9abdb02a7ad941577cd16826f4f4f9ed60f135e1036c1b,1118
Test/Mftf/ActionGroup/AdminOpenNegotiableQuoteActionGroup.xml,5cfb28b5e135aa62067606d9e43739ccf7f9ebb9728864a7f145b57f712b3744,1459
Test/Mftf/ActionGroup/AdminOpenNegotiableQuoteGridPageActionGroup.xml,e426b3ab7395bf820f4979f462839b5b4b3bdf3e5e019164d5ecc871813ab5d0,704
Test/Mftf/ActionGroup/AdminOpenQuotesTabFromCustomerEditPageActionGroup.xml,c9960c2e3a5fd87074dd30e05bef197f3b394bdd72f258dd4b09a16e6993f786,934
Test/Mftf/ActionGroup/AdminSaveAsDraftNegotiableQuoteActionGroup.xml,0f1ad688f44526da095d7f413142fb3d4632bcf5b64a4d527c64866eabb99a9e,916
Test/Mftf/ActionGroup/AdminSelectStoreDuringOrderCreationActionGroup.xml,105889e11bab31e8c84dc3ea3e428ee39a5ac00757909319f4cf125c97935bfc,1209
Test/Mftf/ActionGroup/AdminSendEmptyNegotiableQuoteActionGroup.xml,66d9c981081c867b3c0e320b99582a76c76282703220c331e979b17960f6fc84,1174
Test/Mftf/ActionGroup/AdminSendNegotiableQuoteActionGroup.xml,a7410decf3c210dc4cba582ea0374c9961fbe25c1c59dc48a86b6db9dd4ecc29,1087
Test/Mftf/ActionGroup/AdminToggleQuotesForCompanyActionGroup.xml,20ca71f840bdf3eff2300962cfd1475fa13a83866b3015a13f223a173ac6151b,1612
Test/Mftf/ActionGroup/AdminValidateDataInGridOnSelectCustomerForQuoteGridPageActionGroup.xml,210c2911c9d512a2a14d4760dd16b8143842f4a718002670f54416eb6913b013,3013
Test/Mftf/ActionGroup/AdminValidateNewDraftCreatedActionGroup.xml,59619d7a34116354e152c2b9f7e73322effce894a3cd77c0e15951c0b0823f3b,853
Test/Mftf/ActionGroup/AdminValidateQuotesRowInGridActionGroup.xml,3cb142b892056ac98b96849d824492ffaf2b24f8c96e57d8aae9351aaeb7bcc5,2223
Test/Mftf/ActionGroup/AdminValidateQuotesRowInGridOnQuoteGridPageActionGroup.xml,0152444af4d8be54b5e31fc85050050e8b953e157fca658a81e03d0cf03794e0,2817
Test/Mftf/ActionGroup/AssertAdminNegotiableQuoteItemActionGroup.xml,d7d092e32a6ec573404aedd8c15c99ee4d496f997bbba7623f25b934558042c8,1927
Test/Mftf/ActionGroup/AssertAdminNegotiableQuoteTaxTotalsActionGroup.xml,edd558a4e3e082bd2e34d652cbb3ea9acea6727356ccba6b474086b696993b55,1320
Test/Mftf/ActionGroup/AssertAdminNegotiableQuoteTotalsActionGroup.xml,668338ce9a69213c5a76dcd175c782353dedcf961e59aec40f14202434ed5de3,1862
Test/Mftf/ActionGroup/AssertStorefrontNegotiableQuoteItemActionGroup.xml,1aa87a7689da2eff02113fbb1986b52284ef9f331e3db013bbfeff8e5e457d4d,1739
Test/Mftf/ActionGroup/AssertStorefrontNegotiableQuoteItemExcludingTaxActionGroup.xml,c1a38aa5ba33e247ebe2935a7ecc489570c9f7694e2bf89842e485ce38504100,1351
Test/Mftf/ActionGroup/AssertStorefrontNegotiableQuoteTaxTotalsActionGroup.xml,0906b2465a0663876e523fad11bb6fdceac633f7eb18a6c350359997034f5881,1339
Test/Mftf/ActionGroup/AssertStorefrontNegotiableQuoteTotalsActionGroup.xml,651b375d1c3821da69148d9dbacb61a3111480eff61c4efc76bd2edf680f2580,1760
Test/Mftf/ActionGroup/StorefrontAddNoteInOpenedNegotiableQuoteActionGroup.xml,8fa25c0d23c125c155f625274f977a054c69b7d26d3f70b9bbbd868df0b81a23,1358
Test/Mftf/ActionGroup/StorefrontAssertItemSellerNoteInGridActionGroup.xml,aca8c2e8065c01ebb9e080a244dc994c5d9e6b5572cd5ae51bd61a310daabc0a,865
Test/Mftf/ActionGroup/StorefrontAssertNegotiableQuoteActionGroup.xml,530092321ccb78185ef6bb51b1d4addb485c41c27a5d10c472757ac70f4a213f,730
Test/Mftf/ActionGroup/StorefrontAssertNegotiableQuoteHistoryActionGroup.xml,a3122a465b48afe73e781be9023f9c58f09388b2662c33b2b2245dcdcfbda44f,2291
Test/Mftf/ActionGroup/StorefrontAssertNegotiableQuoteNotFoundActionGroup.xml,080ebd921c293601b933fadb780f4902bfb9a616c6a1437014c1d7cfd560c86d,571
Test/Mftf/ActionGroup/StorefrontAssertProductInItemNotesPopupActionGroup.xml,63241a4d2fd7ff1be5cb168da182f50cc672f5f4fd2f3f60821afcfa2819612d,1551
Test/Mftf/ActionGroup/StorefrontClickShowMyQuotesActionGroup.xml,c0e661bae5afcdc05b382b3a8a3646c8d6ea5fb5ccd5618625ffe097bcd2f32e,795
Test/Mftf/ActionGroup/StorefrontDeleteNegotiableQuoteActionGroup.xml,fa56fe992908d10eacc2e57d3a5cedbfe4cecae16f4132271bd669c6c97f411a,1262
Test/Mftf/ActionGroup/StorefrontGoToNegotiableQuoteActionGroup.xml,5e46afdcc2135b15bf8433c4f20dadc139b810cba9121395d59b96ebf6c6c6d2,1068
Test/Mftf/ActionGroup/StorefrontGoToNegotiableQuotesPageActionGroup.xml,2751c65cb32fcdcd892f645a14ef8302e6df4f8d52c5b93de8a6559545f49623,688
Test/Mftf/ActionGroup/StorefrontNegotiableQuoteProceedToCheckoutActionGroup.xml,3e9b764a6420011f34b3b1fe2d4296097c93964f2d47b2d7ee074ecbb3b85105,869
Test/Mftf/ActionGroup/StorefrontNegotiableQuoteSelectCustomerAddressAsShippingAddressActionGroup.xml,91bac458a9673efb6b7eddecc3949dcd98c28be342cdfc894f9b0cf6d8fe7ef3,1970
Test/Mftf/ActionGroup/StorefrontNegotiableQuoteSendForReviewActionGroup.xml,be687b1218f728dc4a389089024d60ab3f2cd0821c7f824913c37c1af07cbeb0,1503
Test/Mftf/ActionGroup/StorefrontOpenNegotiableQuoteActionGroup.xml,419cb9fb3ea6f00c166fea430fbaa8ef3b228b79bb8a9bb3f7201ed2d842ab9e,1119
Test/Mftf/ActionGroup/StorefrontRequestQuoteActionGroup.xml,f0f8882ab123e70e739f9c54ca9a96af8025b4a4b3f12a5c8068dc900eab1853,1514
Test/Mftf/ActionGroup/StorefrontSelectNegotiableQuoteCustomerAddressActionGroup.xml,cccc15931df554a60ad3bd5509121c05c538131da6cc417b82d6a7a0b1c5d175,1581
Test/Mftf/ActionGroup/StorefrontValidateQuotesRowInGridActionGroup.xml,8d7771ef3e5efdfbae62b9981cabe18c01db2416f730b08f054d06ffd994f0a3,1964
Test/Mftf/ActionGroup/UpdateStorefrontCustomerDefaultAddressActionGroup.xml,e109fd3cf657b55ee9ff0713ebafa50463af7699da7a64d59d5dcc8354333816,1418
Test/Mftf/Data/NegotiableQuoteData.xml,fbb6d934ec06417cd107dbff4d82a3e6d26476a6c8cbeb22e07a936192593e1a,3416
Test/Mftf/Data/NegotiableQuoteMessageData.xml,9bce5aeef2b289ba503b212083e4c05dfeaf40474522d968c746d7f714ab1222,555
Test/Mftf/LICENSE_EE.txt,f459a0a68660ccc9b7809f73f7c6deb22e622603754a18e866496b59db020569,30634
Test/Mftf/Page/AdminNegotiableQuoteViewPage.xml,3f19a1147d9740a9a58c6c0d7f01b6c8c0dd44165e706307d57932f2b3150332,708
Test/Mftf/Page/AdminNegotiableQuotesPage.xml,e3c0943d15c4c36c41ef534b5ea0b420356daaab9a1c1bed4530733df8859ca7,535
Test/Mftf/Page/StorefrontNegotiableQuotePage.xml,715f9eb96597c01d8695f20859f922a57bb7f84fd565d234af5ffbbc454b0aab,498
Test/Mftf/Page/StorefrontNegotiableQuoteSendPage.xml,1d4ca06f74badd2a33910d2d48ce96f6336b3aadaead36380ae0e17d95cf530c,520
Test/Mftf/Page/StorefrontNegotiableQuoteViewPage.xml,847e7b99a92b5453eb802b59aca789a6297368796333c4fd939473612c12bb82,624
Test/Mftf/README.md,6aca9bd07b7974f2708a7225b3222833cd9356fd0781037e27f58bf34e719e03,105
Test/Mftf/Section/AdminB2BConfigSection.xml,dec3456d7052f681637a99fb8c34e131be469cc9a322104adfdb2d6b3752249c,473
Test/Mftf/Section/AdminCompanyEditSection.xml,dc011fbf3585dd16d76fc66f5927cc6f61842e229968c251ae68d88a75049a78,698
Test/Mftf/Section/AdminCreateQuoteSelectCustomerGridSection.xml,18a017949b7a44d2600a2d5921a5304fec3f0d467cc77dac400a3023276f8faa,2460
Test/Mftf/Section/AdminCustomerInformationSection.xml,3cfe242760560974ad2edae433d31cc9e721a62d76013ca59620e95a236e0191,474
Test/Mftf/Section/AdminCustomerMainActionsSection.xml,122c535fe213e814e224d939963fabfc846457a3adf72b17808f6ef8ed4d2a3c,459
Test/Mftf/Section/AdminCustomerQuotesGridSection.xml,0e5eef1fbe82e1fe1b2afc452d0376f91404113b3ce58e2d7d2c328bbe0c9dae,1863
Test/Mftf/Section/AdminNegotiableQuoteHistorySection.xml,eb7669a1bb12adfc53b1cd06eb5bd09547f5b128266d699d5a7ab5f4472ca7e8,1320
Test/Mftf/Section/AdminNegotiableQuoteItemDiscountPopupSection.xml,4dc59bf773cd06ddf5dfc09b1428003c9eaf5060e2d140563e38cdea50e1ede4,1301
Test/Mftf/Section/AdminNegotiableQuoteItemNotesPopupSection.xml,a325628d34e96602d5bb28a297f8a2b6bad99a227d685da582234ba6a734d953,1432
Test/Mftf/Section/AdminNegotiableQuoteItemSection.xml,efa98950acfa7525f2de58eb2f9b48419b46afe0e7896df2aa9cd290d4b6861c,6840
Test/Mftf/Section/AdminNegotiableQuoteTotalsSection.xml,3ce8fd912a813c773a4fa306df2de57591b13460c98c8f3c82af4e9452d6484e,1281
Test/Mftf/Section/AdminNegotiableQuoteViewSection.xml,1b7295c781160cf26be440e4877712255d41d0780f87c3e390d3c7d2948db0c4,1742
Test/Mftf/Section/AdminQuoteFormMessagesSection.xml,a2afe8e088358f83537c349b3fd00f424d53454f06be6b983f3047da851c79e6,810
Test/Mftf/Section/AdminQuotesGridSection.xml,9d01c4477ab847703511319fd45041783e8de421ba2e9e2d50391eba007df7a1,2461
Test/Mftf/Section/AdminSearchAndFilterQuotesSection.xml,9cad24e252d8725c4fb321691e203e946d0e4928f1455f54d40aef7f2905627a,909
Test/Mftf/Section/CheckoutShippingSection.xml,3564e069db9c3ac6992125171b94714a953289cd2314ebb3b5dc4982acaeb685,475
Test/Mftf/Section/StorefrontCheckoutCartRequestQuoteSection.xml,12d563d0cedc8b5387c3eaf8f9cffbf55acd5f62c63f243d6f2def0a8cc9e4d3,870
Test/Mftf/Section/StorefrontCustomerAddressSection.xml,d647df838cdfd5a92dfb47dd5257de5b8aae5d37e1ce02720add7ed4ba5bb572,1133
Test/Mftf/Section/StorefrontMyQuoteGridSection.xml,762327144dc78c62983869b2ed0d535a942190e596c3456889cc363cabb62416,2601
Test/Mftf/Section/StorefrontNegotiableQuoteChangeAddressSection.xml,d5e4f72d977b3c9d7cb9932c949f02a193550c2ad9c7f847b2553c21de9d5b0b,743
Test/Mftf/Section/StorefrontNegotiableQuoteHistorySection.xml,d38c6d2256994bcf8b1d1e41077535fc74041f9faa8137df096a69df6b899ab1,1322
Test/Mftf/Section/StorefrontNegotiableQuoteItemNotesPopupSection.xml,0ff7c307151436c3155b7f721ee984b7aeead35dfc74034570a0b6775ffcbb89,1475
Test/Mftf/Section/StorefrontNegotiableQuoteSendMainSection.xml,bac04c2eed410448f8cb7e2319dcfe92e7e2e5e661b1015a3eaa2de02e15cef6,790
Test/Mftf/Section/StorefrontNegotiableQuoteViewSection.xml,781c9b43743952714d2fa64f43979271ddaf8077ad1494059054bd1dabf3a4a4,7724
Test/Mftf/Section/StorefrontOrderDetailsSection.xml,dba6dd953934ee0d30e9eadb2f39d24ffbd14a13b798d2ab8f6a8937c41e5c60,593
Test/Mftf/Test/AdminAddAndUpdateBundleProductToQuoteTest.xml,51a5ad54928b50afaa1d870b69ad62b763d3ca7668b4c25c68d38ef2250d4c63,16736
Test/Mftf/Test/AdminAddAndUpdateSimpleAndBundleProductsToQuoteTest.xml,e8f3dc0aeeec742ba3da295f6a47526444667d029c16f451a84f34b752392647,19440
Test/Mftf/Test/AdminAddBundleProductsToQuoteTest.xml,f49fdd902f3f79eab088821a12ffdd3f3fc4f9938c18b565c7882f29ef5a8c4a,10707
Test/Mftf/Test/AdminAddGroupedProductsToQuoteTest.xml,ad594276d84154d18ec1b7b3edafd018f2dc1224116a6f711697d666ea1b9c09,9920
Test/Mftf/Test/AdminAddLineItemNotesAfterAddSimpleToQuoteTest.xml,52f77068dd09bb8aa805438be1000887f6e525f3dddf3230cbb177318f70a401,9899
Test/Mftf/Test/AdminCannotCreateDraftQuoteForInactiveCustomerTest.xml,0d1bf44c973875a880588a33fe5ceeceb306be2761508eca61d53f5dedf3c366,4707
Test/Mftf/Test/AdminCannotCreateDraftQuoteForWhenQuotingIsDisabledTest.xml,a6deed9423d48df2d5aabb12dbb73067581484a85dcee8d71155b1daa00852f7,4838
Test/Mftf/Test/AdminCannotCreateQuoteForNonActiveCompanyTest.xml,2e7d3a42f4b7134163b0ca1410895946d3cce52c04c9049570d49011ffd28abb,3523
Test/Mftf/Test/AdminChangeQuoteExpirationDateWithNonUSTimeFormatLocaleTest.xml,07ef3540f6d13fbc51f9218de4c29d5367dba270519e480ef53dbf43c02c7a37,4887
Test/Mftf/Test/AdminChangeQuoteNameTest.xml,4bf10236265aa60953b3865ac1e7754c5430e8d06ee5f9616211232a65e34ee1,5142
Test/Mftf/Test/AdminCreateDraftQuoteCustomerGridFilteringAndValidationsTest.xml,d9bcec0e96a103d32f541430a57e36af196434091be3137a64f3de7f2a6797fb,9713
Test/Mftf/Test/AdminCreateDraftQuoteFromCustomerPageTest.xml,faed1f661430c4ef78a42970fcb6fea75ea804d82070003ef93a13b2e1945f4b,17197
Test/Mftf/Test/AdminCreateDraftQuoteFromCustomerPageWithMultipleStoresTest.xml,6ae8c2fbfa764c877c3319cf6c68840e7a929659a509089f87c8eff77c0a434e,2499
Test/Mftf/Test/AdminCreateDraftQuoteFromQuoteGridPageTest.xml,1869908e94c21ce99bd82c38598902b997f3a75c6426eff0f7b1cfed649b89cc,18197
Test/Mftf/Test/AdminCreateDraftQuoteFromQuoteGridPageWithMultipleStoresTest.xml,8d8d5568c5dc65551b16f09a3c927681af96e9e6f0e4a093ec8032b1ebbbbfd8,2635
Test/Mftf/Test/AdminDisplayMyQuotesCustomerAccountPageTest.xml,325e701586c7ff218575acc83ef30c503645ea90a8baa1fa2ade71fde96ec965,3432
Test/Mftf/Test/AdminRestrictedAdminUserBackendOrderCreationTest.xml,eafb607edcb4b4613d1cfa46822de7b25b29ac94d16aaf8ce92e2b68dbff87f0,5589
Test/Mftf/Test/AdminViewQuotesFromCustomerEditTest.xml,936590c778aa7be80403690d94d6be1b012613ecba951639d78220d4d6c23b5b,6601
Test/Mftf/Test/StoreFrontCheckoutWithCustomCustomerAddressAttributeTest.xml,96330e988535079c44110d0358c8a7e66cc5b4fd3915a3a5d1aa6f44eeb82bf2,5018
Test/Mftf/Test/StoreFrontCheckoutWithNegotiableQuoteAndDefaultShippingAddressTest.xml,b14fe3613cff81ce2ef323a33c6d5c29e54fb53daee6ba2624e2aea27378b843,9120
Test/Mftf/Test/StorefrontAddDecimalQtySimpleProductToQuoteTest.xml,f585bb791c4d91f661ab30121e4ee443aa1f2773a62016fa137a5afc82085a2c,4737
Test/Mftf/Test/StorefrontAddDifferentTypesOfProductsOnTheQuoteIncludingGiftCardTest.xml,9c54ede8a46c7cb59108fcc1a9a22d110ae9ce1c37b68b38918471352f7dd31f,19330
Test/Mftf/Test/StorefrontAddLineItemNotesAfterAddSimpleToQuoteTest.xml,cb099bb9daa8ff892ab445b6b65c95fa3afa5f457119ea3dcaa237e74ec3d2e8,5839
Test/Mftf/Test/StorefrontCreateNegotiableQuoteWithNegotiatedShippingPriceTest.xml,990b550cb3d00dc317cd5542bcf3c880d7e7519471dda93f45148d5c4e9ea55e,5938
Test/Mftf/Test/StorefrontNegotiableQuoteShowVatNumberTest.xml,99f4987e44e974a2e4a8e969f8411c3a6e3151cbfd34b247830f6af73aa006fc,4708
Test/Mftf/Test/StorefrontQuoteDisplayingInMultisiteEnvironmentTest.xml,90e1c4708b9aa47c4d70d16a18d5df5749d18da0e44a5c6955d47301a6eba459,14230
Test/Mftf/Test/StorefrontShowMyQuotesFilterTest.xml,478ceca49f8642620b0a063ad37d1ce8d720750af499a73e69b4a5fcc3ae99bb,4966
Test/Mftf/Test/StorefrontValidateMyQuotesPageTest.xml,8563bf4ef9976fe033da4e804ab439a76c1426a41c9f84366444576e0c0baae8,4329
Test/Mftf/Test/StorefrontVerifyQuoteAfterChangingPublicSharedCatalogToAnotherTest.xml,93015d5d47dafd7cfea9384b6d0e805c695e3d7280da6c91ebbb9955ab3f544a,9113
Test/Mftf/Test/StorefrontVerifySecureURLRedirectNegotiableQuoteTest.xml,236c6a6c43098684b45bd08d84c56b49b183aa312093ccb7a2fc02d1fc2699dc,2398
Test/Unit/Block/Adminhtml/Order/Info/QuoteTest.php,94b9b0f084a6d78dcecc3801951fbccaf7be693ffa8aa5c75bffa36b15161215,5319
Test/Unit/Block/Adminhtml/Order/TotalsTest.php,fb9d7d810af7d13235e3cc3b2a563cbf6a320871ea80ca73f066829495596ba8,18754
Test/Unit/Block/Adminhtml/Quote/PrintQuote/NegotiationTest.php,b556ccd1ce2eabac323ac5899c756598cf89f656cd906e6b7f9a86bd23e49db2,2719
Test/Unit/Block/Adminhtml/Quote/View/CustomerGroupTest.php,d8e78cb1978bd0dec5b5236833d9ef2cdc27ec4b3bc2a8e6511401e7277c5ac1,6999
Test/Unit/Block/Adminhtml/Quote/View/Errors/GridTest.php,840c7429916e8139fd98ad2a1efa40d86bab2174fe8b5fc1548b71ef6cc06fbc,3273
Test/Unit/Block/Adminhtml/Quote/View/InfoTest.php,3dc091a54bc1ec5feb7ed59382c4addedb6ae2658e45e0141e13eb8923ce1107,9052
Test/Unit/Block/Adminhtml/Quote/View/Items/GridTest.php,3c0309fece69e416c2bb583ec90e82fb27aaddbb267e186bf057937a053e2623,13066
Test/Unit/Block/Adminhtml/Quote/View/Shipping/MethodTest.php,15d765f0162c41334cbd77c8ef55e574c5aee2a3c2377f8cad7a858f75b46409,12893
Test/Unit/Block/Adminhtml/Quote/View/SkuTest.php,90c10af70990fccf3c0daa04d141f9c6e0af448b5124335a58a9bad26743e98e,3312
Test/Unit/Block/Adminhtml/Quote/View/Totals/NegotiationTest.php,133682d4079224f5702c89f3f4f23f1e2b30dc8f361623109f0cef1182bb65fb,4913
Test/Unit/Block/Adminhtml/Quote/View/Totals/ShippingTest.php,559e248dc88d682ed6ea1c9afed262ebfdea2292d9bb567af0aef59cdbe68729,2421
Test/Unit/Block/Adminhtml/Quote/View/TotalsTest.php,091fd1a67c3a71dae09b76481a7f27113b742bda582fbd7181f608983c55b718,4879
Test/Unit/Block/Adminhtml/Quote/ViewTest.php,ca83903f8f07ab35b0d7d4334329af601a5c34c0f780e48947de8d561b06ced6,4842
Test/Unit/Block/Adminhtml/Sales/Order/Create/Sku/ErrorsTest.php,cf660d9ac6eb079a14e0e0276b6ccf28f90228151a5c3c45229147313c1c9793,5596
Test/Unit/Block/Checkout/LinkTest.php,3171274dfe8511e1d5fdbd60578647f3ee440092f4fecf0d58e8675c2e811d45,7719
Test/Unit/Block/Order/CreatedByTest.php,ecb6bba236cb36e0a7a4327f52d9b5b4ae8324edee901e544819f2767f6e1a8a,2972
Test/Unit/Block/Order/Info/CreationInfoTest.php,95ccce6485266e290b73e3f1abe6b62f645ad2ad279a0164845c81397f3b79aa,4762
Test/Unit/Block/Order/Info/QuoteTest.php,31a2e247070e6bdb7d5d2ba7775a9a54bac09aa445cde49524833489cbb5f62b,4147
Test/Unit/Block/Order/OwnerFilterTest.php,0f83812b295b3b9dbab5ad005f8c3f3d7d41ec500b59770bb23491dda65d68bc,4638
Test/Unit/Block/Quote/CommentsTest.php,ffd862f576b52555c041bd9cc4a61e5a4aff56d6dfa0f8a2aada806724270776,12134
Test/Unit/Block/Quote/HistoryTest.php,f20f455d03e121c8ac8829066a4f7cbec319dba1cd212b958f4e69093867d906,29327
Test/Unit/Block/Quote/Info/LinksTest.php,5b17e2c79b802e7a598c3e15efbddd24a128b5959ede00dad1cb7057a536abda,5154
Test/Unit/Block/Quote/InfoTest.php,4be86f1a4dc61c57799280aa9b949a717491feaacfef6d67a0dae7b6b91d3dde,23025
Test/Unit/Block/Quote/Item/Actions/RemoveTest.php,7929aa257529a24f3f545be43089171be4fbbcb5df885819c14fe9fccb71bcef,4278
Test/Unit/Block/Quote/ItemsTest.php,5c83a1dddb4148037d222272a10f6f6c19150d1b61a42b75716c89fe8b5e3dad,6647
Test/Unit/Block/Quote/MessageTest.php,87555998cb75d5d40e0dfdfb6b6c97ee4faabec0050692dd8011327b6c02a6b5,2610
Test/Unit/Block/Quote/Totals/OriginalTest.php,a8125ba7d1bba64ccf22691a1289269f450c1193ee88764b0153078fe5a2cd7d,4015
Test/Unit/Block/Quote/TotalsTest.php,78787f8492146df5a9e064eaf56f71b5c41c9e22164b1174757849b487a09196,7065
Test/Unit/Controller/Adminhtml/Quote/AbstractMassActionTest.php,30ee49e31f8ac0c9bfd32c2408739e1f63fe129c5c62093fca7ce2f34cfef839,5472
Test/Unit/Controller/Adminhtml/Quote/AddConfiguredTest.php,65d21630dd67b4d02fdaf3001b52864f03a9556da02cff8afcb3e8f69d376fb9,9248
Test/Unit/Controller/Adminhtml/Quote/ConfigureProductToAddTest.php,dd6397adcd9017b7a383ae23df0fc1c2fb50bff86d0fe9fa372bfee88a0c9a53,6884
Test/Unit/Controller/Adminhtml/Quote/DeclineTest.php,2b672a47e0019be43ae3de8f12cbf34c3ab2ecbf1b70df018174929177cbd846,6936
Test/Unit/Controller/Adminhtml/Quote/DownloadTest.php,0c544b7cec0207d72b46f522d56a1ad120600c9d6f58ca18e61a43d023bcbf18,2919
Test/Unit/Controller/Adminhtml/Quote/IndexTest.php,d0d455632d954b210f6ef16a1c030abaeaded8c132c7b388e7efcf942eea78d6,2558
Test/Unit/Controller/Adminhtml/Quote/MassDeclineCheckTest.php,916dd7ea079510ef34eac5c587dd827b7b0ad85c95c44d66090e3cae3964b464,6299
Test/Unit/Controller/Adminhtml/Quote/MassDeclineTest.php,43e5d3b1df02e40a57d89578e9d4c998e56dddbdc69ae9273efaa45997126c5e,7715
Test/Unit/Controller/Adminhtml/Quote/PrintActionTest.php,06ef1edcb36ebeb1fda74bbc2d818378c008405529218bcbdb47b9be1aeead50,7273
Test/Unit/Controller/Adminhtml/Quote/RemoveAllFailedTest.php,17d5339b1ddd8d506665d709d88e382174e49e85c5951e1745cb9b6643eb3e75,2955
Test/Unit/Controller/Adminhtml/Quote/RemoveFailedSkuTest.php,6dfb98780bf021ccd9a409a1cae277dc8bcce830f37d8e4b6420699abaf73bb2,4397
Test/Unit/Controller/Adminhtml/Quote/SaveTest.php,e33ed319b18b5743949c11cca3d6d9f193b7620b90e2a4eefb5c702102a50e4c,11984
Test/Unit/Controller/Adminhtml/Quote/SendTest.php,2e321ac0441e90661a12c125aed91a914ae73b8299e537750dea8077db41f9ac,6884
Test/Unit/Controller/Adminhtml/Quote/ShippingMethodTest.php,7f070b7ad2fd72ea8c5e2c86452b356666e8217f6c6213accb041dcb9fd09601,8146
Test/Unit/Controller/Adminhtml/Quote/UpdateErrorsTest.php,f3acfa523a98e125a4a70a361b85d31e2c72c2e447a0490e7361813a0c4e5390,2971
Test/Unit/Controller/Adminhtml/Quote/UpdateOnOpenTest.php,b57874c82e4fa27c8d3a59280834074a4446df400f1b9b55c982c71daa19d4ef,11679
Test/Unit/Controller/Adminhtml/Quote/UpdateTest.php,8f4c392be1e3434f5908766fec41be2903e3d2138aa02120b8bdf6e7422a90c7,10817
Test/Unit/Controller/Adminhtml/Quote/ViewTest.php,b7342bdcbf78204599d68f488e307bdd0793b4a3db49d419f3622d673d6cda90,8408
Test/Unit/Controller/FileProcessorTest.php,c4e8b1f08526f1029792eea229a13f1d5618d14a154a4499f5dac5496e315674,3495
Test/Unit/Controller/Quote/CheckDiscountTest.php,1891145057d403bd3f6eb760a67055d1787373a1dd6c83100d8c69221a1cc0e1,9093
Test/Unit/Controller/Quote/CheckoutTest.php,9befc231abb84b84f692e29f685fc4f9faa12462376484c11353df24553de6e5,6188
Test/Unit/Controller/Quote/CloseTest.php,3a9b9602ebd56f73cd80dec87a96a63d15d0a6a4910130a9d74f7d96cc06962c,5599
Test/Unit/Controller/Quote/CreateTest.php,fa1b9784f51a44df3157c3f5d7ae4417ca6f35e0dd973d8ef1c57bd12347a8f4,11269
Test/Unit/Controller/Quote/DeleteTest.php,36b6de4b68c0a9178ae13bb4e27a6adbd76035b38984020342b376ce8c90db18,6470
Test/Unit/Controller/Quote/IndexTest.php,008e5254c65584f7ebc287400742eedb2663f6d61c03f3c2f534b80b0323a22e,4392
Test/Unit/Controller/Quote/ItemDeleteTest.php,983d95714b26acca0d2930f55c95b779a55b4793b8d58bf778b1ff11747ea7e6,6972
Test/Unit/Controller/Quote/ItemUpdateTest.php,8890013c9ae2a10b843df9d381af3d9b2373d0e952acfed39ee28f3807ab169a,5407
Test/Unit/Controller/Quote/OrderTest.php,bbea3c34b8ed17a8e05891a38da44a2049011707c9898b0eddb2fe89164bec2a,6689
Test/Unit/Controller/Quote/PrintActionTest.php,62dbc420bf2de0decb4aa3ea3d63453ca8c485d65fb26f5a1151b38e10cb3e7d,6625
Test/Unit/Controller/Quote/RecalculateTest.php,05bc340eccee69c87e955875c51ca5ec7863a2d4f4f5115ce44c06c276b0a94a,11991
Test/Unit/Controller/Quote/RemoveNegotiationTest.php,825c95c58ea7c8775793e73e742b9990f068466625924bc0f03e5080ea36d2b9,3114
Test/Unit/Controller/Quote/SendTest.php,f39f609e126a27715ca7edf1ab992bcf72863946eb5cda2331d38eec31d50b1e,9061
Test/Unit/Controller/Quote/UpdateAddressTest.php,7c32987abd40c046af39acc047167e93a7b49f5ba206397fb129d9c8249cff67,7866
Test/Unit/Controller/Quote/ViewTest.php,274bc86b5b34edbfcdc9f085d67b253e2b6798f2ba4ffb3e982dc2e4211e2cca,9249
Test/Unit/Controller/QuoteTest.php,82a31336aa088a739e037f5d537b71ef939f694b6ba9b1f03f6e23f69c633e94,7670
Test/Unit/Cron/ExpireQuoteTest.php,f8b08637085249fe8e747750ff97f117f0a3c19adebbbb4b8cf20f856fd28186,9353
Test/Unit/Cron/SendEmailsTest.php,268105376137491e3dda03854cccd1c8988a42ed2429697f43ae9f4c37bb8557,9486
Test/Unit/Helper/CompanyTest.php,f5cb2ba0bb6fa307d61b7b1f9cc1c1453b1b48b7e58c08c9e2599986cb7262cf,3117
Test/Unit/Helper/ConfigTest.php,761fd70394ba688a9aeebab0c659a478a891b839d72608a58e272ba88ba1936f,3761
Test/Unit/Helper/QuoteTest.php,128c7945f002c331bc823a663743d89257adce18c5d9353839439210fe069044,23317
Test/Unit/Model/Action/Item/Price/UpdateTest.php,15449ced94d6264900fb0eb3f4bb0eee53045988bde5e2c1800919465d1e002b,6562
Test/Unit/Model/Attachment/DownloadPermission/AllowCustomerTest.php,7c0fa35e2af3041ce1d7931f856c11ddb47e7f58d0000f7ce784e80486191df8,5413
Test/Unit/Model/Attachment/DownloadProviderTest.php,f06cc0006eae5b5cbc2293de99c9a7b740d4061a5c1fa7365ed274b89fddb15f,3822
Test/Unit/Model/Attachment/FileTest.php,5c4f80c3543687ed84606035acdb079c0ff7d94957edbc85c24d7b354ca8c449,3152
Test/Unit/Model/Attachment/UploaderTest.php,49ef163ea13622d9e6a1cb4e7c433c9032c6e97a52dd4856b645072286ef0941,4860
Test/Unit/Model/AttachmentContentManagementTest.php,42ddfdfd7f3859f85f6aade3fa12ecf7c6e87a1ed30993a53718675d9e9a62b5,7650
Test/Unit/Model/CartTest.php,84c9f2600da4d4956f29c1fc968f627cd6968f5b8c271e122791f31e417b93f2,8646
Test/Unit/Model/CheckoutQuoteValidatorTest.php,527cc9c8711c5e604cf4568e3c45fd201fdd8f5730598de056ed524c6841b932,2500
Test/Unit/Model/Comment/SearchProviderTest.php,2500cdea2debb5c45085c1d165275fee27b87d59b6e75b96a063447fcf455e11,4228
Test/Unit/Model/CommentLocatorTest.php,65d57f260eb65f8df566727ce1e34759b084e97ae8d17ed3aad9155e96d554e5,5790
Test/Unit/Model/CommentManagementTest.php,772f060475438a23f6dadfa009206ad17dc64d0bbde1b0a214dbfa9bf6f23c1f,22777
Test/Unit/Model/CommentRepositoryTest.php,eaf5dd94067cc1c75d9e17416f032dfb62c93d3d540304a44e595f039e4c6c3f,6937
Test/Unit/Model/Company/DetailsProviderTest.php,28948d411b1b841377067b53260ab31d09ca71da551a56ae885415a731320717,23007
Test/Unit/Model/CompanyQuoteConfigManagementTest.php,96ef886136a8e14580cc00bc8694fe5990b7bb250b1ee15ae085671e35d51f41,2291
Test/Unit/Model/CompanyQuoteConfigRepositoryTest.php,5e4eb406d67eeabdd66550e17c70ff8d4496fcd4c095d65ccdc47b767bc2b54a,2818
Test/Unit/Model/Config/Backend/ShippingTest.php,a90c8f6fae5300130141cd0b08829dea25735a8e19dc38aac260ce6b14615d86,2603
Test/Unit/Model/ConfigTest.php,1620019c4d39576627600f1bb889c1ebb521db943acfb820ba47584253147da7,2690
Test/Unit/Model/CreatorTest.php,9d79f41aeb22cc9a5fefb1025157f471da7b090ef1b0dbc15f178b3bb96d35a7,7550
Test/Unit/Model/Customer/AddressProviderTest.php,b94312eba8e681e77cba2210c49b03c071c8da6a4ce66035a3f6bf93c5b6dc07,9512
Test/Unit/Model/Customer/RecalculationStatusTest.php,bf66fa948f0236d99980190627f0b886d16bca7163e72a89ccc6d340659c07ef,5354
Test/Unit/Model/CustomerGroupRetrieverTest.php,9d02baa62332e9018061c184ab59a9c367ec2b1da0e29409ae0147887a93f721,4324
Test/Unit/Model/Discount/StateChanges/ApplierTest.php,09dd57d16e412a8a132e898e459e4b015808eb7a36fc08f25af2ebb92c6497d7,4675
Test/Unit/Model/Discount/StateChanges/ProviderTest.php,dc3a00b75d530a0c5fb52310bef44794271377f0c0cf69bb2678689746ed5974,14359
Test/Unit/Model/Email/LinkBuilderTest.php,89e15704e7764a0c90a54f5622e6431ed6a08c3cdef38a151374936357a0069a,2774
Test/Unit/Model/Email/Provider/SalesRepresentativeTest.php,6761327fee116955698e27ab81c4febf35351b0d3fab6a137fd723f78c68663d,5026
Test/Unit/Model/Email/RecipientFactoryTest.php,59c9836818da580d3477d7d47e4fc8667f993a2895d8b5263846e55b7bd81962,4939
Test/Unit/Model/Email/SenderTest.php,4d76749669b97e89e86f13db5ea9194e303189ad57e2f1847ab8e5a30f9c4c02,12210
Test/Unit/Model/ExpirationTest.php,ec503d442033ad4383b7691fb950db02ac6eaabd5ac406b715c763abd1f89635,4759
Test/Unit/Model/Expired/MerchantNotifierTest.php,6081557abcf5e85dffef83677739e721e287d200307bbfdc36561163c68f4ec2,2657
Test/Unit/Model/Expired/Provider/ExpiredQuoteListTest.php,01ff6dae4f50378defd0b190a4ad2900b3f5e6b900f7ab4c27722704e7111449,5660
Test/Unit/Model/History/CriteriaBuilderTest.php,c26bb0a70e86c94c99805f151c0c9aeb669457e964eb30a22b07f6f45d4283e5,5056
Test/Unit/Model/History/DiffProcessorTest.php,ae1fb74a4e46d31495ee74cc491833d96f098808ff00efc958c6a48e48e0d6e9,17732
Test/Unit/Model/History/LogCommentsInformationTest.php,0640a43cb8f1e31a442cd5e35fb0df7c09fd945737518df119ea7f5785838679,6975
Test/Unit/Model/History/LogInformationTest.php,94447b61006d9d2d40c9bb9ccdbfda4d00434cd6764a271c52408b0ebf0953f1,6466
Test/Unit/Model/History/LogProductInformationTest.php,94549e9c58597af0cdafd596f1f974d8070dbeee64b4a2e6ff2c09faff6f2cc4,7738
Test/Unit/Model/History/SnapshotInformationManagementTest.php,25573f9b64c93b9fa770d060fd54e8d53ac046787353ab2e0a53b12f0e083622,20468
Test/Unit/Model/History/SnapshotManagementTest.php,52d7bdf7564c671d6e190a6666d99537a3f028a7fcfeec414a18d1aa00e867ae,7945
Test/Unit/Model/History/ValidatorTest.php,073e0d644ea989b8a4324d3444aa5bfdf3bdcb4bcaf5d4b65d1ceab2378a8ebb,1379
Test/Unit/Model/HistoryManagementTest.php,7a8e44f776df0dbb1ee1362cb184a58563b0930cb7d31d46c66641c3d027a308,19529
Test/Unit/Model/HistoryRepositoryTest.php,2250bab69aecd09d0536ae7ac9cb961878e9218f7f5c7057baf7c317cdaae63c,8532
Test/Unit/Model/NegotiableQuoteConfigProviderTest.php,601f13be16c0e1ab6c57cf949f4d01e26fd1e3974d9e476de022183c529268d4,8368
Test/Unit/Model/NegotiableQuoteConverterTest.php,367fcae06bd56b6fc42558561c691f47bcf5b7651ddbaefe548ff2adafd9c96f,18623
Test/Unit/Model/NegotiableQuoteItemManagementTest.php,63376e186b50cc6b4b975f42060ac39a469a2715acd8db09e63e8132fc3e1a0d,30777
Test/Unit/Model/NegotiableQuoteItemRepositoryTest.php,3dde0597deffc66051f34c5f68019132d2de4f9d5878296bcde43785476dbfe2,2292
Test/Unit/Model/NegotiableQuoteManagement/NotificationDecoratorTest.php,1cac214636c69e287b1fc5e4c85aa169ac53d90fd29514f720eb289dbec7e234,9174
Test/Unit/Model/NegotiableQuoteManagementTest.php,2b653b36529966870878a53141607a7eb9113dc4cb59c4fa4aa7cd30fdec230f,44378
Test/Unit/Model/NegotiableQuotePriceManagementTest.php,9e84d01d27ef2ff109ef11988e289e26ef8007598ba7a31d488b17e937e16b9d,11614
Test/Unit/Model/NegotiableQuoteRepositoryTest.php,0077754dc95c3c7866561d622cb55b301f0e56c2d8526506acd7f9730d8c8eab,23554
Test/Unit/Model/NegotiableQuoteShippingManagementTest.php,3c6739a0344241a22f0e73af4db549de72319d392e5682db9e360a8d309a5f76,16029
Test/Unit/Model/NegotiableQuoteTaxRecalculateTest.php,3123d58d70e07645568ae9fc666bcb140e8abbb5f0c687163b5f2898c0b2fabe,4915
Test/Unit/Model/Plugin/Checkout/Model/DefaultConfigProviderPluginTest.php,1bbc428e77a6b4da7a622b9651bbf93a4211b45fc1bbb0999929b752ce61aef1,2907
Test/Unit/Model/Plugin/Checkout/Model/SessionPluginTest.php,9e0767aae95b4310fc2bfd4819f55dedb460cc03311d5ef59e16d1acb7518b01,5619
Test/Unit/Model/Plugin/Company/Model/CompanyTest.php,ad44577cc25fd9e42279333fa10c16781a23271ae31b7f268f307ea258a78b57,1566
Test/Unit/Model/Plugin/Company/Model/DataProviderTest.php,da6440e0ff988328cbefab3b59cd39fe317666c972a29472d8b1535cbad316d2,2106
Test/Unit/Model/Plugin/Customer/Model/CustomerRepositoryTest.php,3fcc19a04e85a9565a78a6ea1a2c6c1d5cf3ab5bba03c5a0d13f6b4d34493358,5453
Test/Unit/Model/Plugin/Quote/Model/LoadHandlerPluginTest.php,8dadaa9f671ad1bb5b71b25ebb56e4afcd988c8d6699f5b3224c2626a500e0fa,9113
Test/Unit/Model/Plugin/Quote/Model/Quote/AddressPluginTest.php,58d209baf151cb5062e5176746de78e8e2687248a8fe1816450cd7fcdc9d8d55,7195
Test/Unit/Model/Plugin/Quote/Model/QuoteRepositoryPluginTest.php,24b13cbfb9b8eaa6e8498c2b5b83c21d1d28021b52d0f4d8193c9557acee9cc8,16300
Test/Unit/Model/Plugin/Quote/Model/ShippingAssignmentPersistentPluginTest.php,b0ce281c59edc34341597e6cd0893397b193d3aebc6529255bee5c6ce23f3ec5,2636
Test/Unit/Model/Plugin/User/Model/UserTest.php,adfb58bc875f940574736a92567e06b27b4a76643113b4786a00223d15092a71,6740
Test/Unit/Model/PriceCheckerTest.php,5ecfc6ead8c5953e532b03eb7e0d919ed66304778044ff9305e08f32cc686697,17147
Test/Unit/Model/PriceCurrencyTest.php,4d77592ace0de2fc49152c3528d2948886ae3882e4867994197ecaa3bce098f3,2915
Test/Unit/Model/PriceFormatterTest.php,3db14c2fc1eb535a853eca73da4da88e5ee580ca17d4fa7808498d457925a6ef,11369
Test/Unit/Model/ProductOptionsProviderTest.php,96447c568101af5a285ccf4975e93d20de3043e45a02224a283e8a5cc277a950,4358
Test/Unit/Model/Purged/ExtractorTest.php,b435785f6dbc9aecbefedb68c898cbaa280434ef7d103e5ede40843f5c51c311,8611
Test/Unit/Model/Purged/HandlerTest.php,e61e36933feb0e9c32a4a02e70d100234081998e7a9b82a5034cedcab5113a84,4772
Test/Unit/Model/Purged/ProviderTest.php,241eaa2571ee3d8595171786d1310a10f8c77c393e0aa5a11be7f0dd87cb31d3,4669
Test/Unit/Model/Query/GetListTest.php,7471f229f30f793cb9dea28e8678a1367114e3350ad43ba77341e75a0a39fc92,10740
Test/Unit/Model/Quote/AddressTest.php,2dac8f714ea8717e658b2da3e6461e6084df83c7730e03b0a892dbc7b1f2b444,16266
Test/Unit/Model/Quote/CurrencyTest.php,2bfad03ca9b755a90bd77263a9f66e1a921140f0871a49aeaf5e36d8fb27eb87,6531
Test/Unit/Model/Quote/HistoryTest.php,ac950ebd157c3444019003a6e959b4430dd6b4e1ef0a2764ffb4b3bf77b70124,10736
Test/Unit/Model/Quote/ItemRemoveTest.php,d41861c28e1140fe445b1fc41fdf4de08a0f9d9f7cda28332bd6900420669ee1,12804
Test/Unit/Model/Quote/TotalsTest.php,025a755f0d8ebc5a6222a65a8397dca1e0c24e05a80f1221814cbfc74630518a,60685
Test/Unit/Model/QuoteItemsUpdaterTest.php,6ba8a44e332a30b1a6328accab340229f81b5cdd1cbc11381cca40f5c5a92750,11801
Test/Unit/Model/QuoteUpdaterTest.php,c5bf421974679fb2ffb35666db91af85438ac9ed15bf236ab44d0c46cc49f7e0,17104
Test/Unit/Model/QuoteUpdatesInfoTest.php,07f626349748526946b300caaec34c56566a43502639ac2956b7f38419919d69,35171
Test/Unit/Model/ResourceModel/CommentTest.php,2de598821c1d39b95e4cc7e81679cd989952d9b8477a4eb9679cd56b7029777a,2585
Test/Unit/Model/ResourceModel/NegotiableQuoteItemTest.php,c77b6d986e414b9c7210fdf1c74ddd47ed3e12b92ce099c6cf1f4c16e395940b,2800
Test/Unit/Model/ResourceModel/NegotiableQuoteTest.php,af3495713cc8ff60f38864ca8eab5dca06d8d943afb28e988baf3994537398c4,5380
Test/Unit/Model/ResourceModel/QuoteGridTest.php,82bf9ef683f4b47542100884cc57bdb8f3707ab64977a41e72d28a0f091e5679,16160
Test/Unit/Model/ResourceModel/Sku/Errors/Grid/CollectionTest.php,28f3c7329f815c1ef9eb8971b8c36f7b604d73a2864e2d36d165f35c4571375e,5830
Test/Unit/Model/Restriction/CustomerTest.php,746c77c3ecd425d417810fd84f089c1a0f0792c17f748bd176f8a5ac88edf2c0,3971
Test/Unit/Model/Restriction/RestrictionInterfaceFactoryTest.php,0b4353149ec9007649ab11660f665d6ad7c9a825c515ee58a17d6b064e6ff06d,2379
Test/Unit/Model/Restriction/UserTypeRestrictionTest.php,d249670ee11b0192d4a800c7b6b68ca3654d6e6a8bf0ed245ea4b06d036ccf16,8567
Test/Unit/Model/RuleCheckerTest.php,599d940c4baab027dd661bd06bbdef95aef22ec293c5b0c3bd10075cb36bba08,9504
Test/Unit/Model/SettingsProviderTest.php,ff7128446ec5adad8100a0a4cc1fc5bb9adafc962c5e70f90fb679188ac2241c,4306
Test/Unit/Model/Validator/AbstractStatusTest.php,fd718f8db801e9e876a0cd32c66e985ca7171a74da2bb9e3fe290e42a30d0e1c,3155
Test/Unit/Model/Validator/CheckoutStatusTest.php,2eed94ab756c7b60bc121a2bdbde12d69b6bf633ea503e75d0dd047453b80e98,1330
Test/Unit/Model/Validator/CloseStatusTest.php,9361e4aca496d7fc336286a034385f7cea5f7c0f180e71a1c30bd9e3f41df794,1275
Test/Unit/Model/Validator/CreatorTest.php,cdf359deeeb0b20d01e543c7797a9925e42ee9916b6cc76c928151c24d1e7fe9,6680
Test/Unit/Model/Validator/CustomerTest.php,7820928d3fa604036ec7509f8dd6479b45eed50bd6ef2e537125517ec9753c7b,8164
Test/Unit/Model/Validator/DeclineStatusTest.php,f61848736139ac9bd6c83004937c2d895ea203f06648272ac0fcc6552777af9c,1306
Test/Unit/Model/Validator/EditStatusTest.php,b2628e7363630de454058dee3925300f243a5c3b6106cae1fe41fbe0c09ee278,1292
Test/Unit/Model/Validator/ExpirationDateTest.php,ea3ce8c450c4b869e83187395cb99809e6285fab43fa5cd6da5786fa6273133f,12298
Test/Unit/Model/Validator/FilesTest.php,4c38ca569f14d1dcad6a66465385d3363875a17c54a010a6e5c608d6e1532b85,7090
Test/Unit/Model/Validator/NegotiablePriceTest.php,3bbf8d1c6d95e6cb392b67ca21a44d4ac2247824880f49575d50f120a582761a,11464
Test/Unit/Model/Validator/NegotiableStatusChangeTest.php,a3bf8c20153dd641233eacbcc1f41733d2dee1327969cbbabd47a1252cdc7b5c,7361
Test/Unit/Model/Validator/NewQuoteTest.php,634004dc77c7fd150ad5025e1387846822a26bb828019453b9f8dfa7b3ec2e19,3723
Test/Unit/Model/Validator/QuoteTotalsDraftByAdminTest.php,d119676e71c514fc62073813117c688042ae374e4bba522453c95606656af623,2489
Test/Unit/Model/Validator/QuoteTotalsTest.php,6a64c905aa3e95d8cfbe46058fc1d815e8b0a120c678a992af2e80d5671692f7,5642
Test/Unit/Model/Validator/SendStatusTest.php,e345aa4f95dd0ff4350355112b56ce7667b1035e04d4ee22d7dd18f115bd6c88,1292
Test/Unit/Model/Validator/ValidatorTest.php,f91d4ef7b75b6a3291781c6e9534d2a0c78190791df7ff8eee3ee20399e2f322,4840
Test/Unit/Model/Webapi/Checkout/PaymentInformationManagementTest.php,8b263551046eb66bbd0dca6205b3d7b5ff0eca3159962c90aa6e56eb4bcab26f,3949
Test/Unit/Model/Webapi/Checkout/ShippingInformationManagementTest.php,0587f42c4ce36d9670bf3114a607db88feee6b7c03e3d27a5ea599c39ad86854,5401
Test/Unit/Model/Webapi/CustomerCartValidatorTest.php,d702a42e9128925a40ff33468122e3e3fca40c285a7043bcbf6b71fc149da833,6489
Test/Unit/Model/Webapi/GiftCardAccount/GiftCardAccountManagementTest.php,74c570a83e4696a0a4bab6be623f2e01f349cffb43dfac10fba33272048a1176,2747
Test/Unit/Model/Webapi/Quote/BillingAddressManagementTest.php,a057b065886e9c0a79450ef6931b24a9469fefbb560edc2f6c0cd58ffe571be8,5721
Test/Unit/Model/Webapi/Quote/CartTotalRepositoryTest.php,84789f6cfaf52460b7592d8855ffedf765f5048404077b92ece579243866634a,2001
Test/Unit/Model/Webapi/Quote/CouponManagementTest.php,bf11649ecc28b67f745b15b01e71806c1265bd1f8e15e6d80081564507215f8b,2208
Test/Unit/Model/Webapi/Quote/ShipmentEstimationTest.php,396d8865d6094da76c23f2ef2f76d30d3a1575fcf7b15b47ea6607b11b27a136,2383
Test/Unit/Model/Webapi/Quote/ShippingMethodManagementTest.php,74201ff065fae561b6098bcce17b0bcd1e5989606db466fe69698a91a580f5a6,2314
Test/Unit/Observer/AfterOriginalShippingAddressChangedObserverTest.php,5d630dd9a68609095b84713e12feaa2116fd727d709e02ca499de2f1377712db,2493
Test/Unit/Observer/TaxConfigNotificationSaveAfterTest.php,9a35e26ddd634cd1af16622f6283416bd5a5c455c2f3191ed166129fbf5f2733,3111
Test/Unit/Observer/UpdateConfigTest.php,8250b4f3778ad221aa47ebed74e58493cf5b082b33e0e837aa9572293cb81332,3756
Test/Unit/Plugin/AdvancedCheckout/Model/CartPluginTest.php,17289b184d8129e9ca9f7ea5620bd168e48eb8a48ec991b8b64a91da8eef00fd,3075
Test/Unit/Plugin/Checkout/Controller/Index/IndexPluginTest.php,73f50a272205ddc99b96825e334a77fd583919e8ed80fa577fa3c12357487bca,8319
Test/Unit/Plugin/Company/Api/CompanyRepositoryInterfacePluginTest.php,ede514f412d6767c8b5f23e7f2bde94ccf401046f15d31cedbc49ea40d6a1803,7097
Test/Unit/Plugin/Company/Controller/Adminhtml/Index/SavePluginTest.php,77691df59b601c0186868894b271278818d9cbd7375c8b2ac8569042527f3303,2567
Test/Unit/Plugin/Company/Model/StructurePluginTest.php,c6ce16220f69abb138e33fce464f51974ec92c4cf019f8a01c89c988a7a11d99,3143
Test/Unit/Plugin/Customer/Block/Address/EditPluginTest.php,9a4433668a9a149be58ea20e3092aa4b22aa3f91b4fe529bde952b8685eddce3,1757
Test/Unit/Plugin/Customer/Controller/Address/FormPostPluginTest.php,234f11b990383d0a1708e16bd45c7c05093b69d1fdebf211ddcf75301a98a698,2830
Test/Unit/Plugin/Customer/SaveAddressPluginTest.php,bd1c06bffe12979454f77dc18f24bbdfc46ddf47f2ce895520db721298f14a39,9775
Test/Unit/Plugin/Quote/Api/JoinNegotiableQuoteTotalsPluginTest.php,93fe0e6fed354872e9a996f366d3832a9dc4540309675be2c871c36cf7fa5897,14419
Test/Unit/Plugin/Quote/Api/ModifyNegotiableQuotePluginTest.php,b8938775be2ef27973cbc51658669fc78b65283652be8ff4d6ed7b73e91ce861,16798
Test/Unit/Plugin/Quote/Api/NegotiableQuoteRecalculateTest.php,3e5b83530052f97b110d7adbe6db43ed26b2cfb2130f8839db7b83319e3a9663,6103
Test/Unit/Plugin/Quote/Api/ProcessNegotiableQuotePluginTest.php,130a28f1000f200bf55709dfdb5710ed3457327233f7563a8d11df5bbae9efe1,8917
Test/Unit/Plugin/Quote/Model/Cart/Totals/ItemConverterPluginTest.php,67a387bccf569f70fa5ead60794e7d38804a995ffeafc689a1aecc7e50cdaec8,2007
Test/Unit/Plugin/Quote/Model/QuoteAddressValidatorPluginTest.php,c3a6fda1769df5c51e3df91538f4dc4df9939a4c1e7b85562e8a66547af93fe9,3730
Test/Unit/Plugin/Quote/Model/QuoteAdminhtmlPluginTest.php,a82c120a88a99c9ba0d4a6fb8bb35ad94408e792afbedb75ba59d6157547c585,7405
Test/Unit/Plugin/Quote/Model/QuoteItemPluginTest.php,602a7cc4ccbb99a30f005c29800fb6066bc1fedf8b6734406602a7fccb9d6985,1682
Test/Unit/Plugin/Quote/Model/QuotePluginTest.php,704485d0da7ebcac892436edac7f9179eb3d72763f07a91bf3f234b49a9a9a37,8435
Test/Unit/Plugin/Quote/Model/QuoteRecalculateTest.php,9aaa4f0b0237bef8064b89f33d35ccaf48aac941d0ea120ada2656bf15abfc56,10041
Test/Unit/Plugin/Quote/Model/QuoteUpdateValidatorTest.php,672d0a504c12e3a3c66e81783acb3611e492a982e6504dddef3e19caffb0ef36,16834
Test/Unit/Plugin/Quote/Model/UpdateShippingMethodPluginTest.php,b022bcc8be75ec93a45863849159787a8a4a09b55edcdd9465242cef60abbe46,6218
Test/Unit/Plugin/Sales/Block/Order/HistoryPluginTest.php,978bf33fb033d589b028257db922d0f5c071a0f86e88a8d3d4131610bf947211,3211
Test/Unit/Plugin/Sales/Block/Order/Info/CreationInfoPluginTest.php,140c9d9645f61aa1a1e298754d01e8ee5fc3d785a29b8eff763215206191d6f7,3983
Test/Unit/Plugin/Sales/Controller/Order/ReorderPluginTest.php,d264157f351c37aaad3691f3de16d77bd65b878e4e98926cd17e053c6441782d,13547
Test/Unit/Plugin/Sales/Helper/Reorder/AllowSpecificProductsPluginTest.php,b6979b3566af0b5d7731bd289767f27ef2dff3918937be59195b8d2448da0d46,6999
Test/Unit/Plugin/Sales/Helper/Reorder/CompanyUserLimitationsPluginTest.php,22aeaf2aa2b9a7a587e7bd1f060555b155e5a32c8c8a439993b3f7ecf14035cf,3951
Test/Unit/Plugin/Sales/Model/Order/ForceNegotiableQuoteRulesPluginTest.php,31fea603fc442afa3f18956dd0a36980f6d63d15810fc7a4d77ba8a999752e59,4628
Test/Unit/Ui/Component/Filters/Quote/CurrentCustomerTest.php,0051e63616929b43893c2923f61c70df630d492a53c2b0ecba7604377e338e5b,7048
Test/Unit/Ui/Component/Listing/Column/ActionsTest.php,875e6908e81177abaede8e641473d4068f086a6ac5e2ccfa534ca2fa98f3cf98,913
Test/Unit/Ui/Component/Listing/Column/ColumnTest.php,85bc5c64e2565a461d1e472c38fd3b38c9aa494b436a4a65a082eed721c39d56,2274
Test/Unit/Ui/Component/Listing/Column/CreatedByTest.php,f196f599fe39b9735f3a84f77feabdd9d2594d4ef690a270ed9472e5b88dcb83,3182
Test/Unit/Ui/Component/Listing/Column/PriceAdminTest.php,cbf777a10c6b23708728dd71b01cab03de81d83e3558a431e1c32f8430f96f6b,6205
Test/Unit/Ui/Component/Listing/Column/PriceTest.php,5b138a63782e1dec06184c138783c94b415d85fc461c1b5dc428660859d47697,6246
Test/Unit/Ui/Component/Listing/Column/StatusTest.php,975638a6afb57c4fdaf52bb7ff31abf8fd6f0d4d08729dff8bdd7d586692071b,2158
Test/Unit/Ui/DataProvider/DataProviderTest.php,2747b86a057df4cf59e0f9cdf2082be906fc8198dfad2c091b2319c5d9a9e542,6399
Ui/Component/Filters/Quote/CurrentCustomer.php,e633bf1ad04f0c8eaf8937aae5231e3559702515a55a17eb8e78141e0ec4a770,3266
Ui/Component/Listing/Column/Actions.php,be7ad7dea7daddea017880eceb8a8e273f85ac1fe6dbb08fcc6c9ca0aaf4d784,1750
Ui/Component/Listing/Column/CreatedBy.php,ecfa057a2c36bb98f4fa62e6ad7f1132cc33421a503e129886778524e834dfab,3281
Ui/Component/Listing/Column/Price.php,e49dd388caeab9dfa2c0843f59be3aeea52891de042fedad099cfbcb3f72b0c1,4882
Ui/Component/Listing/Column/PriceAdmin.php,d374725653ec8169f6533ee9a8c6879ff54edb710bf442c58d11ba0da6d70f5d,5468
Ui/Component/Listing/Column/Status.php,9132d83f77cd55049ea0a38499e27f38ab5716450dfc6c0739f6fcdc1c3d697c,1986
Ui/Component/Quote/Items/Listing/Column/Actions.php,009410048d0b6229fc10dacf44b44fe4adfccc1923e6ff81d790888868c43283,1882
Ui/DataProvider/DataProvider.php,25e7bb7084d75f16754ca9a37293cc05534a1ad146db91404686c62acf7d55e6,7142
Ui/DataProvider/QuoteItemDataProvider.php,eae0cb5c10b58997c6f0e57b458e4bef061d35c2006bb5b8c969e51321a28d5b,1848
ViewModel/AddBySku.php,7d21b7b9416ddf42a0f0600cd658141eaa39a04c4397533e358e53b64675bf73,863
ViewModel/DiscountFormatter.php,994ee97306589d15903bdb53a87e71d9b39c912077acda3f26da37e764483faa,1065
ViewModel/Quote/Create/Data.php,1d46b10b42bbfd4709b698ad31dcfee9f61918cfb8156f69e8e53f621ad84abc,3337
ViewModel/Quote/History/ItemNotesData.php,aabcc2ec76ed3bd931a07dc72d4b42f294c8eac52b09d52f6cdfc447a4817c96,2715
ViewModel/Quote/Info.php,330eaec6a0e19a7050ac52ea8fcecb75eed142b92ba7572fe3fa7ec9a9e9d851,2071
ViewModel/Quote/Item/ItemHash.php,b3a6baf6c87a173d801d7be351affec9d397d347c1fbc5494439b1f6a93e8b53,2008
ViewModel/Quote/Item/ItemNotes.php,1838c405824aa8216fcaa8538226d1a7250f49894428d0e980e7fc20ac1fe723,3758
ViewModel/Quote/Item/ItemPopup.php,bb8082b62cb72229c3733e5c1cca8da12176e911eed698e80f671a8c57afccc8,5253
composer.json,14ba9b8cdc705afe3a7e171a6f0a5265d608bb76924c99bc17e310c5fa702cea,2097
etc/acl.xml,94ea1a3050fdafd9af9ae3ef6f14db87a2509ad3c7d072bd3e00bf62d6a903b7,1828
etc/adminhtml/di.xml,8f93f2d4c0e92e8c12082ea9491277b6c43149d635293322cf4bab8ee7096c18,7088
etc/adminhtml/events.xml,0ccb391e040991a0c8125e48b52a4391fcd0d0aea1551cac46141f6b624692d7,1072
etc/adminhtml/menu.xml,42000afe71b0edfe21d027d14febd25da6d7e738e5bd553df87448e433945409,548
etc/adminhtml/routes.xml,7013451b2b0e22cea48b928fa4c212f80ef478ca810467887b6c5665b5a2fa2b,456
etc/adminhtml/system.xml,e17305a68a927d627e066f639b6eafd010ded7b585ed1c201eec4bd076946670,9772
etc/communication.xml,b9adecf721be620ac991b349230fb3a6bad139138c4f44783338fa02acfe2e8b,594
etc/company_acl.xml,47e53879930bf6658865f00a0e3ee63a490529d3db413303b2aafeae2b962439,1126
etc/config.xml,e9dfb7e8f5da1d2252d9e445359577e94e8ef74ceb1533d01bae728c1992c914,2191
etc/crontab.xml,5a036c6f51b0aa6a5e1880ffdf9c0addf781c866d8b1f12cf91efc730e42b8d8,665
etc/crontab/di.xml,498b0db573e8a958873717c7aeb311f9bb62878cc30b26843a769d99408be366,428
etc/db_schema.xml,c1f8c9c59aafd60f7db04d85eba4f3fc05e66ff77da9c780354677a43a8d640e,18056
etc/db_schema_whitelist.json,9660eb99755eeffdbe5034996716094525ffb288e210b99129b44a47574af34b,5700
etc/di.xml,29b77a280ef822c9fbed47c6b411e5a38e9fc405f93192c8b0a105545b0fc860,34218
etc/email_templates.xml,b83b6dc74e0f1e4973b6151242370c05527ee8ef974843a9d172c32b435d7e49,1891
etc/extension_attributes.xml,354d0142b1cb8be0ba10a12b38c4ab93cff063a7e8f3e8423cae9645518b0612,3541
etc/frontend/di.xml,79bb9dd733287e247287e88db06be42dd48ef4d931aa9221effb90ab53288c5d,2602
etc/frontend/routes.xml,d24ea2c2585f276600e4cc484415bc1ebac73ff2aefb5f81886443eccac3bc24,454
etc/logging.xml,9a3b5224459857d4d2f763fa969f063fb976c854a340b27aa69d42c935260c2b,1964
etc/module.xml,f6c2f8e5c38fdb4d2d1f54c019c80aa034849f96e873a9824bcefbb219f4f565,654
etc/queue.xml,feb84ee3e60fcdc1ab03b403d053f6a5c796e306c9b2e6d4b232ac0c080538f1,625
etc/queue_consumer.xml,db3f73f2de025129066316c12f3af4916815b3f2d0ed00f60b2d6a2575b4529c,540
etc/queue_publisher.xml,fd78e80b29a3157e59f8ffe22b7c27a96384607d981f24d82aab7b1351871efc,341
etc/queue_topology.xml,d34294aa2f7eb629e745e0d2a7e1284fcfe70c91d77530424a9a66adc2de06cd,471
etc/webapi.xml,7d7bb789147e4c4a6e4447344d56893f798717655cb94e48bf1c79e888aa7f08,8149
etc/webapi_rest/di.xml,12ae24765d5b709da4bd31305ab6b6e87a30afc6014befd6c5a216eb23d23876,1830
etc/webapi_soap/di.xml,6d7f4fb9e9d5cd8ccb66dd486d2c930a3016bad415aa0fbe0128d924dadca948,1644
i18n/en_US.csv,447c08a2245c1cb8fbe8c10b21f405193c9b0fa20e473601a42deaf898d83620,36249
registration.php,46fb15ee2bf556584f5daeef7d3795f285a4dd18169a8eb9459e4decb10ed6db,253
view/adminhtml/layout/customer_index_edit.xml,8030f09fdd392a3337a0636ee896f62961925021b8e3161e0d2e0681e03c2291,776
view/adminhtml/layout/negotiable_quote_catalog_product_composite_configure.xml,d0d694d26cd9ce5a12822c16fef61cb4a4eb623b2c2e49c25df6a0be6d5f9217,2591
view/adminhtml/layout/negotiable_quote_create_customer_block.xml,5b3bc7fdacf944dec11541ef37c550d90dfafa068e1e7885c0e39ac9cbf1b901,2520
view/adminhtml/layout/negotiablequote_catalog_product_view_type_bundle.xml,14ed58a4428a2fc4bb6b2dfc3fe6cf044297f6c3d435d0db64b0040edc3e4a00,1447
view/adminhtml/layout/negotiablequote_catalog_product_view_type_configurable.xml,de8421dd285ac2352c16ec35bc66267e8ad27b9cdc56c968544b392bb58662b2,756
view/adminhtml/layout/negotiablequote_catalog_product_view_type_giftcard.xml,c46a5ae0a5954d1c41454ca4d83ae1ccb5deb5755252da346ea5a8a0226902c3,965
view/adminhtml/layout/quotes_index_quotes.xml,e06fa13dd8b606d0a449575cf5acdb5b710fdd3830d1599f691e7b7564addcba,479
view/adminhtml/layout/quotes_quote_create_customergrid.xml,877d8058a52b19db554bd84f1dec710b987253fc95d57bbeffa37efd87c4c394,582
view/adminhtml/layout/quotes_quote_create_index.xml,3173844ecfb174dfbd00818e37fa66dccbe2ee97a00ee149a9a2029c6af90740,1595
view/adminhtml/layout/quotes_quote_index.xml,19575936b9c0efc646dc995859230c34c7a35c0883536d8265cb68cf6dbdd8ec,445
view/adminhtml/layout/quotes_quote_print.xml,617ee0840f9d7477cdb51edbb68ed072ac59b1d4e062ba1dec95b7db5431e7ae,4592
view/adminhtml/layout/quotes_quote_shippingMethod.xml,715fe38d24cfff4e87f40279ad4721dd0e59e39f50ff9f1abf4cc419118d4dde,590
view/adminhtml/layout/quotes_quote_update_load_block_errors.xml,6a387c8a57979c27069c97065da16f27428538d9252f3b2d7e44ea4430271962,4861
view/adminhtml/layout/quotes_quote_view.xml,f2a50d50ef4400679593dc2e152e7ca1bfdc77c5c3143eb74be31b28b85d6def,5494
view/adminhtml/layout/sales_order_view.xml,c30bae42b9aacf7534311a2eada08713e7d6ba09ed3c2ff2cc88dfad6d49c605,1019
view/adminhtml/requirejs-config.js,682235d6d87b74cdcea2d6d5b7755fcbafd6e62f49c619531e40d3271ade05ac,273
view/adminhtml/templates/catalog/product/composite/fieldset/configurable.phtml,5aec2fd951a4a325f104aa7fd8a0c1a4a964b25d279dc921cfa43d4d7fe4228b,1984
view/adminhtml/templates/catalog/product/composite/fieldset/giftcard.phtml,44971fd41477582cb429408b319709d56838faf84bc34bbb94a22f9255919a6e,13229
view/adminhtml/templates/catalog/product/composite/fieldset/options/bundle.phtml,04d605528c65264a59b2733c46fc5bc52d1e7c2184c2a752af45bdf731d16164,978
view/adminhtml/templates/catalog/product/composite/fieldset/options/type/date.phtml,42d766ba31e29c2d51a7403b5463834989beab4d191bcf2a159c84d102e98f27,1726
view/adminhtml/templates/customer/edit/quote_button.phtml,47c1c9f058e9e17d4e0c7283297bb649e9fbb4bcf95122a8d36ee8f04be6bc84,477
view/adminhtml/templates/order/info/quote.phtml,0f7f6716eb8cb486c1cc17643e26269f4ffe114391bd6fc70b1a2ae970b6db95,539
view/adminhtml/templates/order/totals.phtml,4ad798992f7aeda25b9aa115978f2d6168541238a22a53ad9289062eee8422fb,756
view/adminhtml/templates/quote/create/abstract.phtml,b2e167ad585b99b68d48707e17f16edf8b21fda791f08ad577cfe7d07d5fc49a,512
view/adminhtml/templates/quote/create/form.phtml,42557afb9f9c6111dd54f30c50abb821d0a21e994a7141b1446dfb22bddf16c0,825
view/adminhtml/templates/quote/create/store/select.phtml,ee2a5ba88bbc135bb71f44e54534c99c23ddac5c92ab99d77f6fcfc4bf86e097,2822
view/adminhtml/templates/quote/history.phtml,201cece199952b6999ea7931db8420727e070d06e55cb7cb731a836e03864c70,25050
view/adminhtml/templates/quote/print/comments.phtml,f4a285ee5656df783b82cb68035bad70bec163254097b88581baa6579eb5edd3,2541
view/adminhtml/templates/quote/print/grid.phtml,735adc79b1e85e6e4270a5cd16d9c00aa59e8153c866cb0c6ac21c7ffa38a857,7715
view/adminhtml/templates/quote/print/group.phtml,802993c72d730fe1660c2d7107127cc5836f87fa502f6acd62686d1e2178dc78,383
view/adminhtml/templates/quote/print/info.phtml,8ff9cf195a76b6940b15836cc6f5ada48d7bf54b60d6a73258c5db285e0e29b2,3844
view/adminhtml/templates/quote/print/items.phtml,abf2acb6d76bc7386dc4be4efd9cefb13b95abbff52d06a31f8fc34472fdffc2,1149
view/adminhtml/templates/quote/print/store_name.phtml,3f6bc7ff196d4dc16ebf0ffeb66f4428eb6403e3435b9434dcdb6b2d3e64e8fe,339
view/adminhtml/templates/quote/print/totals.phtml,0bab966c96e8f992b6c7671bddfa0eddf14a854d702c71665263c8f3543beeac,3191
view/adminhtml/templates/quote/print/totals/negotiation.phtml,7fe2ef1827e8e16435aef01011bd37371bd118ad3b8517519fc555b785d3e4ac,1449
view/adminhtml/templates/quote/print/totals/original.phtml,0fe773f44f54c1a1c3f2ae78cb57850983d2bdf89b87ae01be3d5b4ea6ba0340,1428
view/adminhtml/templates/quote/print/totals/subtotals.phtml,9e0adba7b236694a9376f83a4c1d7391c9019604bbeecdb44210b7810cacbf7d,521
view/adminhtml/templates/quote/view/addbysku.phtml,81f2b0ff4ab5034c413d1b1fd7e9db3b7c3a5dcbb8db58487e75487cb697e51b,1035
view/adminhtml/templates/quote/view/comments.phtml,a8200f1f27e8e93fc1206f3eec78e3e1f954d35da924f31e7a80575ac7852434,10053
view/adminhtml/templates/quote/view/errors/gridcontainer.phtml,3b2cccaebf028db7f822670835572874db5e254fcc9615c7c8102db884256064,586
view/adminhtml/templates/quote/view/group.phtml,81109899f9f79139d1d6cabfbd8b70645aa896272a1cecf019ff10adc27f59a9,422
view/adminhtml/templates/quote/view/info.phtml,195e9db05945d604ddaf449e18eb4e0a28b5248db7eb518ce98734bd6feea3d6,9619
view/adminhtml/templates/quote/view/items/grid-actions.phtml,7f0599b615af6aa15d9176394366c63a81b20d744544d3749a584e5c6ffe30c7,2266
view/adminhtml/templates/quote/view/items/price/row.phtml,8961df45aae1560595d700b1e52f7f89920ea2a09b0c51e44648ab756e7240fe,326
view/adminhtml/templates/quote/view/items/price/total.phtml,96e7f4c730fc1da7d785f9a87863b4fcb728fd48ee95c13fd6bc0dcf65bff348,387
view/adminhtml/templates/quote/view/items/price/unit.phtml,4bf1a2c201cdcb004bc24e2f2f29931d77cdfc3464f23cce743b64bbfa53599c,329
view/adminhtml/templates/quote/view/message.phtml,5621dd8a8d015277fa9c6e28bbb1ba73f911da69e4f2a7f6588e514492117aac,840
view/adminhtml/templates/quote/view/negotiation.phtml,78587e043b07cdeba4c9691b4e9982b048e1da2014fac5e34cc632ea001e459d,820
view/adminhtml/templates/quote/view/shipping.phtml,995d510ecdc0ef030b2cba50347a460482d48f3016e73a2b8251341e8ed36762,2418
view/adminhtml/templates/quote/view/shipping/form.phtml,cce38ed10297e1e122072fb20f5bebbb6595f69d9625e5be337b24043235e0eb,4531
view/adminhtml/templates/quote/view/shipping/method.phtml,8c745773c58b65130d7b3ddfeb99b6c03d771860886384cf7b0626f4ba92164b,4602
view/adminhtml/templates/quote/view/sku/add.phtml,66e16a1b89fed7e0feee345e9724d17e8bb1e782dc3b22e60def0ff409bd71bd,3734
view/adminhtml/templates/quote/view/totals.phtml,ad67ea4d125bd8e8a7a1b5389fdab359678b1256d056962d1f604d232f3b190f,2247
view/adminhtml/templates/quote/view/totals/negotiation.phtml,cc4ebd79a584a339fc4e8510f299593505382b44ffb4a413fd29b8e5394a0802,3761
view/adminhtml/templates/quote/view/totals/original.phtml,179cf67bd15c883c6cff8077a71ade65371f9ea0afa5e2d79dcf1aa5fcf43669,2694
view/adminhtml/templates/sku/errors.phtml,29567f2621903e7f6a8e84cde69c2146964ab3e7be796f05892a1233a6a59c9c,1807
view/adminhtml/ui_component/company_form.xml,9a922cbc1ec598351e41b6ed6d16867e371a79271e028191367cf0c04d47e43a,1361
view/adminhtml/ui_component/customer_form.xml,c41a31311627282ab16a0ea4c257c96815fa9eb2884c4a9748378493c071ae30,775
view/adminhtml/ui_component/negotiable_quote_grid.xml,6511845f32ece609f909b78233cf6e61bf5fcec49bcff8e661509b88b4247f58,7111
view/adminhtml/ui_component/quote_items_listing.xml,1a188e283090e1bd501574a033cd25f1021abea060b773c27306e1de14eee629,7734
view/adminhtml/web/catalog/product/composite/configure.js,eabea40445f4168c7fbb063188a56bed0347b0f2c48ba6e7f0d7bc12cc4aeace,20931
view/adminhtml/web/css/source/_module.less,a8177ae2216107cdc1daeff18b53ca9adfdb9d97fe5e5d16c2f4581c16cf5716,32436
view/adminhtml/web/fonts/Magento-Icons.eot,f4141428d0cab6bf751e07fd5812111624ebda50da7bfb6f97283c63b208545c,2748
view/adminhtml/web/fonts/Magento-Icons.svg,d25295379fcf4ebc28a1b3b54ad33f52be9520759bf31560fe16be9ab21a8c82,5335
view/adminhtml/web/fonts/Magento-Icons.ttf,0713578561f720a747b3893d8eb0480c212080aa3b5d86e6e50593a201cc1c86,2560
view/adminhtml/web/fonts/Magento-Icons.woff,bf3df81a94aecf078b21dc6501108976ca5957a19ee21f9ff741cd7b431dcc60,2636
view/adminhtml/web/fonts/Magento-Icons.woff2,5954411fd26d8ad075e896560897ec23b46035882411d3876a8332c5369817ef,1660
view/adminhtml/web/fonts/selection.json,1d1d18ee3615452415971c9a602e6f2eaa061cf1755deeb7e6d9a9e98ed3af4c,10168
view/adminhtml/web/js/customer/edit/quote_button.js,fda797c751a94aa65870074d9717a024c28a9e0419b4a451e983e994745fc71a,696
view/adminhtml/web/js/grid/columns/actions.js,a560f4338d5249f00ea8c3c98713b8b1fbfa3862645601b024cbef60a10119f2,2436
view/adminhtml/web/js/grid/columns/mutable-column-input.js,daf55f327d7d4c7a082e29c89dc054d86ae97e6f3d778ce9e532d262402cd84f,1428
view/adminhtml/web/js/grid/columns/mutable-column.js,d8b6f9119c0a6c4336d913ac33c859e9486cbdedc94d1722e6a166bbaf1cd580,663
view/adminhtml/web/js/grid/listing.js,7c39bb3c404bfeb84a3cf21d264e8ccf21787d6a24f36c943badf6386aa2e532,938
view/adminhtml/web/js/grid/provider.js,114265172b137d2cd00131820bab01edb6749f91549c718b42cb3a35cbb1ea3a,664
view/adminhtml/web/js/quote/create/draft.js,5a675aff7431cdc1da6b2816d75b727fe77519cda951b8bb1388a97cea80a1ad,8640
view/adminhtml/web/js/quote/create/form.js,1f5b1c5dd8d502b4e443256bc136e5845e5b2a57fb76a3723715c581671f6fa7,592
view/adminhtml/web/js/quote/expiration/calendar.js,0ca3186419c16b4231a41d17abb173505acc51f8be1d04005d793937c2d4c432,423
view/adminhtml/web/js/quote/quote-management.js,0e8570ba8d2d9cab01fc6524896e669f0921c3af6ca73a53863e9bdb39e4d037,7729
view/adminhtml/web/js/validate.js,857fff5e9165c4fa21a526685a4457bfb0648284fac1eef4459628328cf8e684,677
view/adminhtml/web/quote/actions/delete-item.js,dbf0bf2f63d3b5449f31ebf3ac7949f55c3239312285e720aa5bbfecd3ee4afb,1739
view/adminhtml/web/quote/actions/item-table.js,4ffbdf966821fd888ed867f195e3a2558072ed8836fbeac9278d3ade07c88aa9,4185
view/adminhtml/web/quote/actions/shipping-method-load.js,c6bc9830c3c62db40a2257fa620e62a69661b62b9e8fddbd09368b42bfc0ea44,3207
view/adminhtml/web/quote/actions/shipping-method.js,ac462c109562eb3c42ca498221779e15ce18e7f1178a49c018a6b8e8e89ec32a,1031
view/adminhtml/web/quote/actions/submit-form.js,c0df0e92fd7e39bde8c2ce9039ce5c221971d62091855059fb1ccce58dfcb53f,3322
view/adminhtml/web/quote/actions/update-quote.js,376956ae98445ebef3a1dae6328088e921d149aa0183c112ab51dd48dca7b088,39299
view/adminhtml/web/quote/actions/validate-field.js,d29b34fe2afbc891ac0b33976f8183e3164455eeb3b1ff609c884f4c60cad016,2461
view/adminhtml/web/quote/actions/validate-qty-field.js,f66b7ba0fbc7e1a27ea27f6058844fd0a689e34b69ea43cd1ae463baf843cefb,2965
view/adminhtml/web/quote/create/addbysku.js,48a21dea07ef0dc815e413bb761c11bccb82199f0572d347b65fbfa3fa3573a7,13093
view/adminhtml/web/quote/create/bundle-configure.js,a5992d37affd98b67e2fc23e38f84da2b3a0da348bf445269594eb7952985a1e,3045
view/adminhtml/web/quote/create/configure-date.js,24c53bac7413f7f620ed74522366a4f492fc58a82086b8a057271ca535346aac,3325
view/adminhtml/web/quote/create/giftcard/init.js,70b2fa7d8b61aa802fdb5350d79a803b606330391d7da2f033b8d66173db84b1,317
view/adminhtml/web/quote/create/giftcard/parse-price.js,1df56c0e7580077457f9169ad883d76b9a5947a4e83f47fd9b706bdc302ffb1b,1420
view/adminhtml/web/quote/create/giftcard/switch-inputs.js,a654c965ca74438317339029f9b1ccc8c62b99f86078b0fbd2964ca49c8631a6,1370
view/adminhtml/web/quote/create/giftcard/validate.js,42c5ad8fc1a3a821a376327877c404948f877e89fba80a7cc959fc04e09e0cca,602
view/adminhtml/web/quote/create/init-date.js,7cd3651eaa23accf27ea1cfe310ae2bde96ea76d5cedbbb8324246a96588a378,3542
view/adminhtml/web/quote/create/init-errors.js,68d55f8f1112eb3167561ff58aa26494b5b5f214637ed285615e2c5de8817d6c,407
view/adminhtml/web/quote/create/initBySku.js,f3b59035346048852a5dbe53baedce902ec0195f7187ae0b8a28a25c215990e0,455
view/adminhtml/web/quote/create/negotiated-price.js,565a563b7a3b035bb2c5f78ae00f25fafedc2f465f28b779e2fa403302af1466,7517
view/adminhtml/web/quote/create/negotiation-totals.js,fb37e61b7690a1d57ff1aa59983f9cd1a43d0e4b55b38d0fed2d38fe6b5986ca,3341
view/adminhtml/web/quote/create/product-configure.js,c38060c1d2719871322f718ed2f7ac9a8362be58ebdc0210916e9a92ff15f4a6,716
view/adminhtml/web/quote/create/save-as-draft.js,2ca5afad30ac433ae4feb7df0939f3af9a04432eff06e240e0221d3d53d15e9d,3955
view/adminhtml/web/quote/create/validate-date.js,982dda7971334926b8508f02a097221558b215a66ad3bac8da34a2bb9f0bfb8c,2526
view/adminhtml/web/quote/mass-decline.js,5361c8e7d4e3a3d8581c1cc38659590b378b8e0a6faadeb3b7c505238a924277,10306
view/adminhtml/web/quote/view/decline.js,86ac9144313707873276002b0df111d19f7d9635fe952d22730b973707a2867f,4132
view/adminhtml/web/quote/view/grid.js,b463da152f3d4b0ee35f1008ffc548f2624f9a939fc8ba4e245808b6ff3baa02,998
view/adminhtml/web/template/error-no-items.html,b82637b4b13a0b143a0e39e9a6a42a23f06dc0eceb8b93a2b7f061fa7d4d983c,235
view/adminhtml/web/template/error-validation.html,3fab4edb8bdefe2c066e096dcbded2d2bbdfab9e861dc7c935f38c60af7da88b,277
view/adminhtml/web/template/error.html,975d039c726d73a08025f5d403d742599cdb57c5e46b6190d74d3dda0366408b,385
view/adminhtml/web/template/grid/cells/delete-line.html,b7aad923f174eb3565fa40d740fa2bf567854598cba2daf089acd7bd19bbb328,1209
view/adminhtml/web/template/grid/cells/mutable-text.html,3920bd6cfe1dce800f3f01e8fc36c2cc08e47d89080f7e139ab8cc3be40d9eb8,175
view/adminhtml/web/template/grid/cells/product-name.html,fff014a908aa819d51fc95b7d081293ea75948fdd8e947489baba49bbab4609f,1206
view/adminhtml/web/template/grid/cells/text-input.html,8ac7acf2a37d4a9b75a71128b193f26a60a3fc62faea79ad395b9df7a4f3ee0e,421
view/adminhtml/web/template/grid/listing.html,57636b326fe59c11cbcec38965af981a55ca52c710d5a07474e6c4b0d3b1bb3d,2584
view/adminhtml/web/template/price.html,a2141b8097369c0e7d77660e8dfbf42ec0c2d2b418a5b5155fb02ca7d43db784,319
view/adminhtml/web/template/quote/form.html,f12f2e63f29d1a68f2235a20dbfaf61ac8dd28fec494a35222a274693e97330a,1199
view/adminhtml/web/template/quote/item/discount-popup.html,b5cd992b17346a396bde0c5440bc46b2317a80eb90c0dad83ba79417d7356f8c,7638
view/adminhtml/web/template/quote/item/item-note-popup.html,7396ac5db3f89fe61393661755162d8d9c011e4fab87a5967bdb60944d962451,4356
view/adminhtml/web/template/quote/messages.html,a858239bffe6ba7793eefc561f665c9ec01ecffa9c6fbd2a5345f0099ceab5a9,331
view/base/templates/quote/history/diff.phtml,d85109d3e9fd2fcae0cffa8d62091ac6cc6cab44a53ff6bb052ab7561752e110,254
view/base/web/js/link_confirmation.js,eb2d88da06cd2282f968d751ff3f06f2ee5539020d52fff137dfc4fa39b6eb61,2027
view/base/web/js/quote/actions/notification-modal.js,860b3da82480eea2e29f3dc2804fad01a88e749c4f51742c0e020ad71a5f9d30,2163
view/base/web/js/quote/actions/toggle-show.js,000a059b8e36bec03044704381c4145272822510ebdd4c1350ca21c237844c5e,3557
view/base/web/js/quote/add-file.js,776451b02315d467e4643c0e6708d4035fed067efada5acefd9baa282e58f9aa,4112
view/base/web/js/quote/add-files.js,54d4ce6b8e7770aac8b0c0322ba08bb5f574d223a1b8d82412b64b05383be3f1,9515
view/base/web/js/quote/delete-files.js,d7a15408d266586b20ccc2488f90a63b049c08829b24310e36a67417b00f26e2,1401
view/base/web/template/quote/add-file.html,ffbfb36f2a1f422d81e97f2258c1c70af1d7de97c37ae29e1967665caa9e6766,296
view/base/web/template/quote/attentional-modal.html,ed8ab9f001b0499b4b81ec9eb099c6cb30e087e31c5d6910817e25c48dcbc3b7,181
view/base/web/template/quote/attentional-text.html,d73eea0139de1596442e390fb8f33dd5f004ad9993f678d128d67dcb6fa8286c,332
view/base/web/template/quote/error.html,9d3fbfcd7962e655464782dc31b9c89bfccd761730df83c7b8f9771544647773,285
view/base/web/template/quote/files.html,b0daff0229631f18ec7fd9f7cf63eb49dc792ee74846b7123e6254e968e4f903,334
view/base/web/template/quote/notification-modal.html,e273acfeba3640dd90c270c9908dd33992f009d4c44b0d3d28f381e8c1ce9d22,144
view/frontend/email/created_by_buyer.html,54ba76237ff7bd9dbf34c9202ee1e15d83adcc611916c9bbb120329617c8d9b3,755
view/frontend/email/created_by_seller.html,ccd449120054b0290592c014c07ec56c1b10e6ac2df51d121925b93cca2bd75e,1163
view/frontend/email/declined_by_seller.html,6256eeb6eefa406c4992045a663369a8aa4fd3e5bef1d2aef7c137b10800f6ef,813
view/frontend/email/expire_occur.html,625371af4f848adeee14ce62d413a6242ffd6c8614645e97b44fdfbd19417ac8,781
view/frontend/email/expire_one_day.html,2bbf2f24dfb6f118ed2159e130a83b3d8d1e12f31c20730774be015a5609f573,883
view/frontend/email/expire_reset.html,4b1216000443967921cfe3dda9e7ddee255c149c459406524d9c7f32a01925e6,771
view/frontend/email/expire_two_days.html,874258f91d8492e8e4acd2d3960a0ec5d9a4915871b43caa133333ad22e70adb,879
view/frontend/email/open_expires_1_hour.html,997dc9703de35a418b8eb04ef69b9cbc5d4b07b96a6293b19b06d3e3e4433cb8,704
view/frontend/email/updated_by_buyer.html,1cda200b2d922a6ef4132c09b03e5af6f18b7fb92a6cbda67e3de90e8c4c4852,753
view/frontend/email/updated_by_seller.html,3973edca974d22f7139ecc53d648e4f8fb50ffddf4e01988edf84df92e8334e8,891
view/frontend/layout/checkout_cart_index.xml,f43c523e9001a5d9f7daa653e6a6737b07b48c29c2690bfc02468a40e9326e0d,684
view/frontend/layout/checkout_index_index.xml,29a7f13c6c331bc80bbce71cd06d2beba09b1402b8359356e6c3d128ced81db2,3676
view/frontend/layout/customer_account.xml,a50b0a3497468860b34d1ff96165542aae26937e107db27c38303816b249936e,1021
view/frontend/layout/customer_account_index.xml,6c869e0d0227daf439089a06e063343ec41f54b957d13d56c12288e66ec28c02,726
view/frontend/layout/default.xml,43b061f6dd40550b7aee1d09276ab36330b011b19853205f6f12c41f83a8b78c,1228
view/frontend/layout/negotiable_quote_quote_index.xml,96e42b856cff48ea2266ce40a7a134f017ae8f3b77d16ab15b8d0a5681bfaca6,488
view/frontend/layout/negotiable_quote_quote_print.xml,bc7b54d760dfe49139b92f8ca6d53e32c1035ce3c29ca35a54840fac7ff921fe,16100
view/frontend/layout/negotiable_quote_quote_send.xml,f4bbe4257337c3acaac3bc44f0cb4636064e0c8b459e7bf45c19cfc86f3ebc23,644
view/frontend/layout/negotiable_quote_quote_view.xml,9efb9430643c7e5565eddbb48e3c328d616a385f3940b3a2b066615051bfdd98,17456
view/frontend/layout/sales_order_history.xml,487149f52a9d228c77811d46a8aa7f62a1f43ac7c4410e4ff74ab24ea01bc4c0,1866
view/frontend/layout/sales_order_print.xml,0559277b9bde41f2d60cd9a1da8765530599ab3cb96780e818a7033db48aff10,721
view/frontend/layout/sales_order_view.xml,2dd31fe193dcb229e7e89c1da4842fe08e5cbe82cfb50821e3e97bf4227a53ce,1685
view/frontend/requirejs-config.js,140c4c168111ccfeadca9b9c94df7592652d95b8e442ba83aa5fd6675fa2b8a8,2126
view/frontend/templates/checkout/link.phtml,c249a4abca0286a09bc7e593e12e39739b8a14a59d22b1935c4be01c7bbf4e65,4626
view/frontend/templates/header/link.phtml,57461569a45c4782bc1024c6060e7a625d666805bea49a5910019c9dd8518857,787
view/frontend/templates/link.phtml,dd644ba9eb281282ceeacaf78c9cf7b359c91c4536c24939196a3c8527487f8b,449
view/frontend/templates/order/createdby/data.phtml,e49f492532368e58f67309f40f670e36ff2603a5c5ce3b4ed02c2083925d2174,318
view/frontend/templates/order/createdby/header.phtml,304767541681224ddbcbe72d791d7cb262a870a538862023aa6ef975edd3956a,196
view/frontend/templates/order/info/creation_info.phtml,d36574f10e8dfd0a6d58b8acac47029a4c99e45bdcffbb9eb28da33b678b5393,340
view/frontend/templates/order/info/quote.phtml,5335e4e22dfc4e319b76fd417d0f0e25d67a01733292b5b451f1ace1a92aa822,1883
view/frontend/templates/order/owner_filter.phtml,20e74690261b7eb96cf86296006bc2fad30d4b78d16db28e6090001fee4e3e2e,742
view/frontend/templates/order/reorder.phtml,0e243704534437feb700f6162b00b41d24be488a6214636cf546862400c7584c,1338
view/frontend/templates/quote/address.phtml,84223b04bb3538306e33dbaab714dd081f897f5be7ba268e8182e042c6b9d0d6,358
view/frontend/templates/quote/comments.phtml,443cf93c227cb67acf6feb9fe1575829a48007cf04f0f1238ce59da24cc5c203,2225
view/frontend/templates/quote/comments/form.phtml,8a37a7bda2a37cd21193cfc5327a740559d6eb6e32d2764afbfe0092017865b0,3175
view/frontend/templates/quote/copyright.phtml,b822a3e0cc1a7403da88f2d4405c541cc2cfac0d3d145857a39e2837d8e8b090,257
view/frontend/templates/quote/date.phtml,4f8ecfba2c58e603c3388f9ee1f472d13607a9fe11d0d39191c01c83ffa3a7b6,1493
view/frontend/templates/quote/history.phtml,809cb7bc859b8681915037c309a64e489aa3cec3293856f4329c349b0fd5a45a,24988
view/frontend/templates/quote/info.phtml,0f0b916441a16812b59e4c16114a39b5458c9438abb8928febee8c3441c32ad6,4579
view/frontend/templates/quote/info/buttons.phtml,6e46790d171dc66b1535954a8051ebc7211918eb13dbade2f23aca84b6eff187,2059
view/frontend/templates/quote/info/links.phtml,2c2c6102df3e32db7f85d9496b2bc8e2fd43676a11af616b7708969d72493f9d,1684
view/frontend/templates/quote/info/order.phtml,8f9095797f6612118b8f45d2e9be28661bd7b2676f714535e5881612a76ea01e,809
view/frontend/templates/quote/item/actions/note.phtml,4483a5be5d02017d3bf60bd814c6839ff8ca247bfa6ab0e3239363b1a6f02aee,483
view/frontend/templates/quote/item/actions/remove.phtml,b44f0b93b9ebd053b7782861f576553c5c65730cf864ff40a9cfd45a2b4a7d67,614
view/frontend/templates/quote/item/default.phtml,666bfe1fdd0994bcb44529ac51583918ccbc06d461997a945df55119e7ab8620,7316
view/frontend/templates/quote/item/item_notes.phtml,165c780d23002a7140e3ea6f6ce9f145b889ec6d5af88b3a77d128e26c415f46,1653
view/frontend/templates/quote/item/item_popup.phtml,7fb89963d3c261317209dbfcb57d499bd259a47db9e8b2eb0004e4462105cdf1,7718
view/frontend/templates/quote/items.phtml,8607ad8b55c68fd1972a434a53825612768d7fbecd608375c6b86987ab7432e0,4163
view/frontend/templates/quote/message.phtml,4dc78ca9ab5d776a3b4b277385509d58e07a72f42d534c967b0653cec9d971d4,590
view/frontend/templates/quote/print.phtml,2e177bc74cddc2e90a081fc6ba0d46609c1fc6b9e596698eb231cfe2bbaa86cd,368
view/frontend/templates/quote/print/info.phtml,57f94ce830e485110654df5f48139e54a2fe046a89a2bf7ed092c78c1599e002,2102
view/frontend/templates/quote/print/items.phtml,bddb4bde449f531776df426ea6ec7c3e1ef0f4cb4482bedec5f68f3829ed3a6e,2233
view/frontend/templates/quote/print/store_phone.phtml,5a6871fa0ca1f66f205deea0c05b1fbaf4f94b72a7fc93a12ca1f1399af1e38d,388
view/frontend/templates/quote/print/subtotals.phtml,3b81e83c8a88d5d44d4d0f1d2f32acde79dcc2204d2f0902e98b2697d9e44a1c,684
view/frontend/templates/quote/print/totals.phtml,308d889b7f6d5c6fe8713e2684c0d78a6d641fdd8f8a31091781952e588c113e,2365
view/frontend/templates/quote/print/totals/original.phtml,fa1162ec22644550eba89153cbbe3e37a74d1469eb525fd659389229c2d2aea0,1004
view/frontend/templates/quote/status.phtml,c06a4b4c4ede5d2a7ec22df5e1b9df6bb9be92c5757bad8cc4e47175ab3bb30e,335
view/frontend/templates/quote/success.phtml,468867a8325e74c265e56195784e3f4f01b3dccaf771c4e1c805ca7b8497e657,1039
view/frontend/templates/quote/totals.phtml,534827248ba3b317cb752c2e20c2371ded6e2fbbe85daec9cd108aa4c726c4fd,1790
view/frontend/templates/quote/totals/original.phtml,dc9a0b9807f57927937736147380e04cd256736e198e22bdd3e39cf7cafa8ab3,2179
view/frontend/templates/quote/view.phtml,dcd08d77100336fb585a01a359d3440928fad88b7244a73032f80324be42a3c8,2446
view/frontend/templates/quote/view/form.phtml,20c7339ac1db29b809e01ba0117823cbec885068dcd50dd9b4364eb8b4de7efd,183
view/frontend/ui_component/negotiable_quote_listing.xml,64b756096debf549d6823781ac3fe0cc51cbe8b075e3594560e821d9ffa892df,6149
view/frontend/web/css/source/_module.less,6e4447b07278b6444088ef8362bc9cde139009fac7d62640cc7b1310ef0a3384,55741
view/frontend/web/js/action/get-payment-information-mixin.js,b29db256947d25eac9c0e29f2202c84dc77ccd06873a70174ac35fc16b47b96f,1581
view/frontend/web/js/action/place-order-mixin.js,26d65636f6eb1a3c16de4c9654c8d736bb57681f5f084fa0724a79dbe0819abe,651
view/frontend/web/js/action/place-order-negotiable-quote.js,c7e6006034a1042de73178422350be465bf75dbd00010d04416812d0fa253e98,1148
view/frontend/web/js/action/remove-gift-card-from-quote-mixin.js,1211bd91b6b7d4b6105201e8d113462c6c7c04adc5e73e3a65da0a0ad7c6b136,1709
view/frontend/web/js/action/set-billing-address-mixin.js,109ed35392ad2f09be965f924e705655d4164c6578ba53ee6b230c9a1babda79,1944
view/frontend/web/js/action/set-gift-card-information-mixin.js,c8badd44b9f38e32fc47f4b5d9ed4b886c126e1ddb190857bf02a5bae6fd426a,2513
view/frontend/web/js/action/set-payment-information-extended-mixin.js,400a0121042f692af1464cd505f1b8ed568178934aa5a79d821d2f6755c788c5,803
view/frontend/web/js/action/set-payment-information-mixin.js,4a3d64902a84fca7b6d9b5199c7bb676de912b33c79e0707a0ea94e2056df238,761
view/frontend/web/js/action/set-payment-information-negotiable-quote.js,96ae001119e523a734cd7a642064c60c8e07d7350efe268168ef7cdf6415533c,1251
view/frontend/web/js/create-negotiable-quote.js,47f5bc1592b295e282d77ee6ddd584bd845bb8ee4b26f1f76f8675ac651a66ce,7895
view/frontend/web/js/edit-address.js,f4c532b000d91df7e43658acbcfd5e9e0d798879d1877af53e8ba6e6b84cfbfe,4451
view/frontend/web/js/model/checkout-data-resolver-mixin.js,5f8bcd9d60dfd46988bb9e3e401990906e21890aabb4351543dcb0e71b2da4d6,1356
view/frontend/web/js/model/create-quote-popup.js,dfd2abf3eb75df0abc3e288bc57bb0574e89ea3d5bb7a37048b3aa3eabd5e5b8,3999
view/frontend/web/js/model/resource-url-manager-mixin.js,b982f1b139ebc540a66365085cc73c579d22dd3d562d690a952dbbc0622bc699,6125
view/frontend/web/js/model/shipping-service-mixin.js,f6c5fc49714ad14f3f5a505495486097bf1726b9c08872213423667a09ab700c,1234
view/frontend/web/js/negotiable-quote.js,0579c076457f5449d12f3959c773a85501c579baaa63939ac677ccb7ed7bc7f5,1517
view/frontend/web/js/quote/check-expired.js,e5a849d42db576c8b500eef40cda781f21f709782b484f84d5cf8decde8b5e45,3594
view/frontend/web/js/quote/grid/columns/text_with_title.js,96913beb8d85c6568132c6fd80bd3236f2f34d3621fc3c48b01f961688ed94d9,644
view/frontend/web/js/quote/grid/filters/elements/current_customer.js,0fa2abd4950e3af9d231772670b4bfa3124f9631a735f993478ea884c44fe53a,859
view/frontend/web/js/quote/recalculate-negotiable-quote.js,d969a83a3eba166828fd04cc234bbd69eeb16d7c58cca4171f0492444ad66924,2300
view/frontend/web/js/quote/submit-form.js,1a3c90eebda4c6d91a66b815e91f87680027a3b32126d8a71fdc64481697c046,2557
view/frontend/web/js/quote/tabs.js,4c2cae05ccd4128ae22c3430254c45b5dbcf78f3ff99e19dceedc4845ed9e664,1098
view/frontend/web/js/view/negotiable-quote.js,6100c0b1064f4db1fb64283990e3d2fd3b3a7a1ac949901dd53734d45a6417a3,952
view/frontend/web/js/view/payment/default-mixin.js,2a019bd8e2f8e2e2d74608a7808c81d2e457794d5fc4bc5317d3ec0c008ec5c8,965
view/frontend/web/js/view/payment/discount.js,8cdbd53573b79a018cfe0d885cf3f6bb78c985e0c0d427615496594d15364d63,1216
view/frontend/web/js/view/payment/gift-card-account.js,df82c20435ca68c9e23b58e784809f57955a58738e755667feadb6f1fca3b22a,779
view/frontend/web/js/view/quote/item/create-item-note.js,2d3079d9ca67b3d2bf44b2c2b222312ad03b75fdcd41e5b526a6fd58aee0fce4,5893
view/frontend/web/js/view/shipping-address/address-renderer/address.js,195c220aae6a7980b4bea6cf039d8a472970a81f311dffca75afa9fc09adf3b9,2482
view/frontend/web/js/view/shipping-address/address-renderer/default.js,bc57eff3e3c8cfa1e84355cfba42563e4f59f7891a5a1a9a422cf4d66227e059,2760
view/frontend/web/js/view/shipping-address/list.js,ec183ffb0993e8bc83524049deed8a7313ff834a3652a5db79d7d4c67ab0b270,2742
view/frontend/web/js/view/shipping.js,b7319863602dcebf45753eb862c5aad2b14b55a44a0197a35a0a393a1c67612b,2120
view/frontend/web/quote/actions/validate-field.js,eb50c9585f69d1cee1c92f83a8dac6b991952980f344a84327d74542a07e7788,3749
view/frontend/web/template/checkout/summary/cart-items.html,aa65070d03a50c4f411dd4763dc513f2f7915109fd29e2f2afff2f637503892a,2419
view/frontend/web/template/error.html,8e69e997447e5f72e44fa758d774c9404f14b34560253ca9ec8b7132105b8c74,493
view/frontend/web/template/payment/discount.html,b711d2fbfa7f7c58ea88e74c4fee1de7eca38cb6a5d481bafebfc9d716adf094,2507
view/frontend/web/template/payment/gift-card-account.html,61cce9c86fe47515e33d7fa6f63af24b0ae74dfebf92ec90ca5cfebc0f32b8a2,3289
view/frontend/web/template/quote/expired-form.html,37f27616513a5ae6bd52339f562ccac429768423188c9924f5442cc8ec9380d1,248
view/frontend/web/template/quote/grid/cells/text_with_title.html,212555fb21e8ad3e5e4e081cd3b4db5ed6c1dc87c883b785b4710f6cb0cf86bf,235
view/frontend/web/template/quote/grid/filters/elements/current_customer.html,0a3a42636949de6c2b221d8985148b188fee951d96c6ed34dc9de52d7311f195,480
view/frontend/web/template/quote/grid/filters/filters.html,e798192e25fde97ec261ca616bdb34f599123977dbdafebdf2466214551144ed,294
view/frontend/web/template/request-modal.html,6fba8933956fe6fec5005a2a273b0549835910140e2989511af6cffc7a452215,202
view/frontend/web/template/shipping-address/address-renderer/default.html,4e72dfbb5c1e76f01d21765e6627182b5de3b2356eaa847062055cffd7525280,1628
view/frontend/web/template/shipping-address/list.html,0f7e35e36fcfb3f18d5cd1c1e292c793eca83b92071c8a08894f2a92ff898111,438
view/frontend/web/template/shipping.html,8496d57d859dc50a5751ee43443871eca3feef0daf96b2f47afa81bceda64bd3,4806
